ISO-10303-21;
HEADER;
FILE_DESCRIPTION(('STEP AP203'),'1');
FILE_NAME('292303-7.stp','2025-03-12T11:06:48',('TraceParts'),('TraceParts S.A.'),'Spatial InterOp 3D',' ',' ');
FILE_SCHEMA(('CONFIG_CONTROL_DESIGN'));
ENDSEC;
DATA;
#1=DESIGN_CONTEXT('',#27,'design');
#2=APPLICATION_PROTOCOL_DEFINITION('INTERNATIONAL STANDARD','config_control_design',1994,#27);
#3=PRODUCT_CATEGORY_RELATIONSHIP('NONE','NONE',#28,#29);
#4=DATE_AND_TIME(#30,#31);
#5=DATE_TIME_ROLE('creation_date');
#6=DATE_TIME_ROLE('classification_date');
#7=PERSON_AND_ORGANIZATION_ROLE('creator');
#8=PERSON_AND_ORGANIZATION_ROLE('design_supplier');
#9=PERSON_AND_ORGANIZATION_ROLE('classification_officer');
#10=PERSON_AND_ORGANIZATION_ROLE('design_owner');
#11=APPROVAL_PERSON_ORGANIZATION(#32,#33,#34);
#12=APPROVAL_DATE_TIME(#4,#33);
#13=CC_DESIGN_APPROVAL(#33,(#35,#36,#37));
#14=CC_DESIGN_DATE_AND_TIME_ASSIGNMENT(#4,#5,(#37));
#15=CC_DESIGN_DATE_AND_TIME_ASSIGNMENT(#4,#6,(#35));
#16=CC_DESIGN_PERSON_AND_ORGANIZATION_ASSIGNMENT(#32,#10,(#38));
#17=CC_DESIGN_PERSON_AND_ORGANIZATION_ASSIGNMENT(#32,#7,(#37));
#18=CC_DESIGN_PERSON_AND_ORGANIZATION_ASSIGNMENT(#32,#7,(#36));
#19=CC_DESIGN_PERSON_AND_ORGANIZATION_ASSIGNMENT(#32,#8,(#36));
#20=CC_DESIGN_SECURITY_CLASSIFICATION(#35,(#36));
#21=CC_DESIGN_PERSON_AND_ORGANIZATION_ASSIGNMENT(#32,#9,(#35));
#22=SHAPE_DEFINITION_REPRESENTATION(#39,#40);
#23= (GEOMETRIC_REPRESENTATION_CONTEXT(3)GLOBAL_UNCERTAINTY_ASSIGNED_CONTEXT((#43))GLOBAL_UNIT_ASSIGNED_CONTEXT((#45,#46,#47))REPRESENTATION_CONTEXT('NONE','WORKSPACE'));
#27=APPLICATION_CONTEXT('CONFIGURATION CONTROLLED 3D DESIGNS OF MECHANICAL PARTS AND ASSEMBLIES');
#28=PRODUCT_CATEGORY('part','NONE');
#29=PRODUCT_RELATED_PRODUCT_CATEGORY('detail',' ',(#38));
#30=CALENDAR_DATE(2025,12,2);
#31=LOCAL_TIME(12,6,48.0,#49);
#32=PERSON_AND_ORGANIZATION(#50,#51);
#33=APPROVAL(#52,'SOLID MODEL');
#34=APPROVAL_ROLE('APPROVED');
#35=SECURITY_CLASSIFICATION('','',#53);
#36=PRODUCT_DEFINITION_FORMATION_WITH_SPECIFIED_SOURCE(' ','NONE',#38,.NOT_KNOWN.);
#37=PRODUCT_DEFINITION('','NONE',#36,#1);
#38=PRODUCT('1','','PART--DESC',(#54));
#39=PRODUCT_DEFINITION_SHAPE('NONE','NONE',#37);
#40=ADVANCED_BREP_SHAPE_REPRESENTATION('1',(#55,#56),#23);
#43=UNCERTAINTY_MEASURE_WITH_UNIT(LENGTH_MEASURE(1.0E-06),#45,'','');
#45= (CONVERSION_BASED_UNIT('MILLIMETRE',#59)LENGTH_UNIT()NAMED_UNIT(#62));
#46= (NAMED_UNIT(#64)PLANE_ANGLE_UNIT()SI_UNIT($,.RADIAN.));
#47= (NAMED_UNIT(#64)SOLID_ANGLE_UNIT()SI_UNIT($,.STERADIAN.));
#49=COORDINATED_UNIVERSAL_TIME_OFFSET(1,0,.AHEAD.);
#50=PERSON('','UNSPECIFIED',$,$,$,$);
#51=ORGANIZATION('UNSPECIFIED','UNSPECIFIED','UNSPECIFIED');
#52=APPROVAL_STATUS('approved');
#53=SECURITY_CLASSIFICATION_LEVEL('unclassified');
#54=MECHANICAL_CONTEXT('',#27,'mechanical');
#55=MANIFOLD_SOLID_BREP('1',#70);
#56=AXIS2_PLACEMENT_3D('',#71,#72,#73);
#59=LENGTH_MEASURE_WITH_UNIT(LENGTH_MEASURE(1.0),#74);
#62=DIMENSIONAL_EXPONENTS(1.0,0.0,0.0,0.0,0.0,0.0,0.0);
#64=DIMENSIONAL_EXPONENTS(0.0,0.0,0.0,0.0,0.0,0.0,0.0);
#70=CLOSED_SHELL('',(#75,#76,#77,#78,#79,#80,#81,#82,#83,#84,#85,#86,#87,#88,#89,#90,#91,#92,#93,#94,#95,#96,#97,#98,#99,#100,#101,#102,#103,#104,#105,#106,#107,#108,#109,#110,#111,#112,#113,#114,#115,#116,#117,#118,#119,#120,#121,#122,#123,#124,#125,#126,#127,#128,#129,#130,#131,#132,#133,#134,#135,#136,#137,#138,#139,#140,#141,#142,#143,#144,#145,#146,#147,#148,#149,#150,#151,#152,#153,#154,#155,#156,#157,#158,#159,#160,#161,#162,#163,#164,#165,#166,#167,#168,#169,#170,#171,#172,#173,#174,#175,#176,#177,#178,#179,#180,#181,#182,#183,#184,#185,#186,#187,#188,#189,#190,#191,#192,#193,#194,#195,#196,#197,#198,#199,#200,#201,#202,#203,#204,#205,#206,#207,#208,#209,#210,#211,#212,#213,#214,#215,#216,#217,#218,#219,#220,#221,#222,#223,#224,#225,#226,#227,#228,#229,#230,#231,#232,#233,#234,#235,#236,#237,#238,#239,#240,#241,#242,#243,#244,#245,#246,#247,#248,#249,#250,#251,#252,#253,#254,#255,#256,#257,#258,#259,#260,#261,#262,#263,#264,#265,#266,#267,#268,#269,#270,#271,#272,#273,#274,#275,#276,#277,#278,#279,#280,#281,#282,#283,#284,#285,#286,#287,#288,#289,#290,#291,#292,#293,#294,#295,#296,#297,#298,#299,#300,#301,#302,#303,#304,#305,#306,#307,#308,#309,#310,#311,#312,#313,#314,#315,#316,#317,#318,#319,#320,#321,#322,#323,#324,#325,#326,#327,#328,#329,#330,#331,#332,#333,#334,#335,#336,#337,#338,#339,#340,#341,#342,#343,#344,#345,#346,#347,#348,#349,#350,#351,#352,#353,#354,#355,#356,#357,#358,#359,#360,#361,#362,#363,#364,#365,#366,#367,#368,#369,#370,#371,#372,#373,#374,#375,#376,#377,#378,#379,#380,#381,#382,#383,#384,#385,#386,#387,#388,#389,#390,#391,#392,#393,#394,#395,#396,#397,#398,#399,#400,#401,#402,#403,#404,#405,#406,#407,#408,#409,#410,#411,#412,#413,#414,#415,#416,#417,#418,#419,#420,#421,#422,#423,#424,#425,#426,#427,#428,#429,#430,#431,#432,#433,#434,#435,#436,#437,#438,#439,#440,#441,#442,#443));
#71=CARTESIAN_POINT('',(0.0,0.0,0.0));
#72=DIRECTION('',(0.0,0.0,1.0));
#73=DIRECTION('',(1.0,0.0,0.0));
#74= (NAMED_UNIT(#62)LENGTH_UNIT()SI_UNIT(.MILLI.,.METRE.));
#75=ADVANCED_FACE('',(#445),#446,.F.);
#76=ADVANCED_FACE('',(#447),#448,.F.);
#77=ADVANCED_FACE('',(#449),#450,.T.);
#78=ADVANCED_FACE('',(#451),#452,.T.);
#79=ADVANCED_FACE('',(#453),#454,.T.);
#80=ADVANCED_FACE('',(#455),#456,.T.);
#81=ADVANCED_FACE('',(#457),#458,.F.);
#82=ADVANCED_FACE('',(#459),#460,.F.);
#83=ADVANCED_FACE('',(#461),#462,.F.);
#84=ADVANCED_FACE('',(#463),#464,.F.);
#85=ADVANCED_FACE('',(#465),#466,.F.);
#86=ADVANCED_FACE('',(#467),#468,.F.);
#87=ADVANCED_FACE('',(#469),#470,.F.);
#88=ADVANCED_FACE('',(#471),#472,.F.);
#89=ADVANCED_FACE('',(#473),#474,.T.);
#90=ADVANCED_FACE('',(#475),#476,.T.);
#91=ADVANCED_FACE('',(#477),#478,.T.);
#92=ADVANCED_FACE('',(#479),#480,.T.);
#93=ADVANCED_FACE('',(#481),#482,.T.);
#94=ADVANCED_FACE('',(#483),#484,.F.);
#95=ADVANCED_FACE('',(#485),#486,.T.);
#96=ADVANCED_FACE('',(#487),#488,.F.);
#97=ADVANCED_FACE('',(#489),#490,.F.);
#98=ADVANCED_FACE('',(#491,#492,#493),#494,.T.);
#99=ADVANCED_FACE('',(#495),#496,.F.);
#100=ADVANCED_FACE('',(#497),#498,.F.);
#101=ADVANCED_FACE('',(#499),#500,.F.);
#102=ADVANCED_FACE('',(#501,#502,#503),#504,.T.);
#103=ADVANCED_FACE('',(#505),#506,.T.);
#104=ADVANCED_FACE('',(#507),#508,.F.);
#105=ADVANCED_FACE('',(#509),#510,.T.);
#106=ADVANCED_FACE('',(#511),#512,.F.);
#107=ADVANCED_FACE('',(#513),#514,.T.);
#108=ADVANCED_FACE('',(#515),#516,.T.);
#109=ADVANCED_FACE('',(#517),#518,.T.);
#110=ADVANCED_FACE('',(#519),#520,.T.);
#111=ADVANCED_FACE('',(#521),#522,.T.);
#112=ADVANCED_FACE('',(#523),#524,.F.);
#113=ADVANCED_FACE('',(#525),#526,.F.);
#114=ADVANCED_FACE('',(#527),#528,.T.);
#115=ADVANCED_FACE('',(#529),#530,.F.);
#116=ADVANCED_FACE('',(#531),#532,.T.);
#117=ADVANCED_FACE('',(#533),#534,.F.);
#118=ADVANCED_FACE('',(#535),#536,.F.);
#119=ADVANCED_FACE('',(#537),#538,.F.);
#120=ADVANCED_FACE('',(#539),#540,.F.);
#121=ADVANCED_FACE('',(#541,#542,#543),#544,.T.);
#122=ADVANCED_FACE('',(#545),#546,.T.);
#123=ADVANCED_FACE('',(#547),#548,.F.);
#124=ADVANCED_FACE('',(#549,#550,#551),#552,.T.);
#125=ADVANCED_FACE('',(#553),#554,.F.);
#126=ADVANCED_FACE('',(#555),#556,.T.);
#127=ADVANCED_FACE('',(#557),#558,.T.);
#128=ADVANCED_FACE('',(#559),#560,.T.);
#129=ADVANCED_FACE('',(#561),#562,.T.);
#130=ADVANCED_FACE('',(#563),#564,.T.);
#131=ADVANCED_FACE('',(#565),#566,.T.);
#132=ADVANCED_FACE('',(#567),#568,.T.);
#133=ADVANCED_FACE('',(#569),#570,.T.);
#134=ADVANCED_FACE('',(#571),#572,.F.);
#135=ADVANCED_FACE('',(#573),#574,.T.);
#136=ADVANCED_FACE('',(#575),#576,.T.);
#137=ADVANCED_FACE('',(#577),#578,.F.);
#138=ADVANCED_FACE('',(#579),#580,.F.);
#139=ADVANCED_FACE('',(#581),#582,.T.);
#140=ADVANCED_FACE('',(#583),#584,.T.);
#141=ADVANCED_FACE('',(#585),#586,.F.);
#142=ADVANCED_FACE('',(#587),#588,.F.);
#143=ADVANCED_FACE('',(#589),#590,.F.);
#144=ADVANCED_FACE('',(#591),#592,.F.);
#145=ADVANCED_FACE('',(#593),#594,.T.);
#146=ADVANCED_FACE('',(#595),#596,.T.);
#147=ADVANCED_FACE('',(#597),#598,.T.);
#148=ADVANCED_FACE('',(#599),#600,.F.);
#149=ADVANCED_FACE('',(#601),#602,.F.);
#150=ADVANCED_FACE('',(#603),#604,.F.);
#151=ADVANCED_FACE('',(#605),#606,.F.);
#152=ADVANCED_FACE('',(#607),#608,.F.);
#153=ADVANCED_FACE('',(#609),#610,.F.);
#154=ADVANCED_FACE('',(#611),#612,.F.);
#155=ADVANCED_FACE('',(#613),#614,.F.);
#156=ADVANCED_FACE('',(#615),#616,.T.);
#157=ADVANCED_FACE('',(#617),#618,.F.);
#158=ADVANCED_FACE('',(#619),#620,.F.);
#159=ADVANCED_FACE('',(#621),#622,.F.);
#160=ADVANCED_FACE('',(#623),#624,.T.);
#161=ADVANCED_FACE('',(#625),#626,.F.);
#162=ADVANCED_FACE('',(#627),#628,.F.);
#163=ADVANCED_FACE('',(#629),#630,.T.);
#164=ADVANCED_FACE('',(#631),#632,.T.);
#165=ADVANCED_FACE('',(#633),#634,.F.);
#166=ADVANCED_FACE('',(#635),#636,.F.);
#167=ADVANCED_FACE('',(#637),#638,.F.);
#168=ADVANCED_FACE('',(#639),#640,.F.);
#169=ADVANCED_FACE('',(#641),#642,.F.);
#170=ADVANCED_FACE('',(#643),#644,.F.);
#171=ADVANCED_FACE('',(#645),#646,.T.);
#172=ADVANCED_FACE('',(#647),#648,.F.);
#173=ADVANCED_FACE('',(#649),#650,.F.);
#174=ADVANCED_FACE('',(#651),#652,.F.);
#175=ADVANCED_FACE('',(#653),#654,.F.);
#176=ADVANCED_FACE('',(#655),#656,.T.);
#177=ADVANCED_FACE('',(#657),#658,.T.);
#178=ADVANCED_FACE('',(#659),#660,.T.);
#179=ADVANCED_FACE('',(#661),#662,.T.);
#180=ADVANCED_FACE('',(#663),#664,.T.);
#181=ADVANCED_FACE('',(#665),#666,.F.);
#182=ADVANCED_FACE('',(#667),#668,.F.);
#183=ADVANCED_FACE('',(#669),#670,.T.);
#184=ADVANCED_FACE('',(#671),#672,.T.);
#185=ADVANCED_FACE('',(#673),#674,.T.);
#186=ADVANCED_FACE('',(#675),#676,.T.);
#187=ADVANCED_FACE('',(#677),#678,.F.);
#188=ADVANCED_FACE('',(#679),#680,.F.);
#189=ADVANCED_FACE('',(#681,#682,#683),#684,.F.);
#190=ADVANCED_FACE('',(#685),#686,.F.);
#191=ADVANCED_FACE('',(#687),#688,.F.);
#192=ADVANCED_FACE('',(#689),#690,.F.);
#193=ADVANCED_FACE('',(#691),#692,.F.);
#194=ADVANCED_FACE('',(#693),#694,.F.);
#195=ADVANCED_FACE('',(#695),#696,.F.);
#196=ADVANCED_FACE('',(#697),#698,.F.);
#197=ADVANCED_FACE('',(#699),#700,.F.);
#198=ADVANCED_FACE('',(#701,#702),#703,.F.);
#199=ADVANCED_FACE('',(#704),#705,.F.);
#200=ADVANCED_FACE('',(#706),#707,.F.);
#201=ADVANCED_FACE('',(#708,#709),#710,.F.);
#202=ADVANCED_FACE('',(#711),#712,.F.);
#203=ADVANCED_FACE('',(#713,#714,#715),#716,.T.);
#204=ADVANCED_FACE('',(#717),#718,.F.);
#205=ADVANCED_FACE('',(#719),#720,.F.);
#206=ADVANCED_FACE('',(#721),#722,.F.);
#207=ADVANCED_FACE('',(#723),#724,.F.);
#208=ADVANCED_FACE('',(#725),#726,.F.);
#209=ADVANCED_FACE('',(#727),#728,.F.);
#210=ADVANCED_FACE('',(#729),#730,.F.);
#211=ADVANCED_FACE('',(#731),#732,.F.);
#212=ADVANCED_FACE('',(#733),#734,.F.);
#213=ADVANCED_FACE('',(#735),#736,.T.);
#214=ADVANCED_FACE('',(#737),#738,.T.);
#215=ADVANCED_FACE('',(#739),#740,.F.);
#216=ADVANCED_FACE('',(#741),#742,.F.);
#217=ADVANCED_FACE('',(#743),#744,.F.);
#218=ADVANCED_FACE('',(#745),#746,.F.);
#219=ADVANCED_FACE('',(#747),#748,.F.);
#220=ADVANCED_FACE('',(#749),#750,.F.);
#221=ADVANCED_FACE('',(#751),#752,.F.);
#222=ADVANCED_FACE('',(#753),#754,.F.);
#223=ADVANCED_FACE('',(#755),#756,.F.);
#224=ADVANCED_FACE('',(#757),#758,.F.);
#225=ADVANCED_FACE('',(#759),#760,.F.);
#226=ADVANCED_FACE('',(#761),#762,.F.);
#227=ADVANCED_FACE('',(#763),#764,.F.);
#228=ADVANCED_FACE('',(#765),#766,.F.);
#229=ADVANCED_FACE('',(#767),#768,.F.);
#230=ADVANCED_FACE('',(#769),#770,.F.);
#231=ADVANCED_FACE('',(#771),#772,.F.);
#232=ADVANCED_FACE('',(#773),#774,.F.);
#233=ADVANCED_FACE('',(#775),#776,.F.);
#234=ADVANCED_FACE('',(#777),#778,.F.);
#235=ADVANCED_FACE('',(#779,#780),#781,.T.);
#236=ADVANCED_FACE('',(#782),#783,.F.);
#237=ADVANCED_FACE('',(#784),#785,.F.);
#238=ADVANCED_FACE('',(#786),#787,.F.);
#239=ADVANCED_FACE('',(#788),#789,.T.);
#240=ADVANCED_FACE('',(#790),#791,.F.);
#241=ADVANCED_FACE('',(#792),#793,.T.);
#242=ADVANCED_FACE('',(#794),#795,.T.);
#243=ADVANCED_FACE('',(#796),#797,.T.);
#244=ADVANCED_FACE('',(#798),#799,.T.);
#245=ADVANCED_FACE('',(#800),#801,.F.);
#246=ADVANCED_FACE('',(#802),#803,.F.);
#247=ADVANCED_FACE('',(#804),#805,.T.);
#248=ADVANCED_FACE('',(#806),#807,.F.);
#249=ADVANCED_FACE('',(#808),#809,.T.);
#250=ADVANCED_FACE('',(#810),#811,.F.);
#251=ADVANCED_FACE('',(#812),#813,.F.);
#252=ADVANCED_FACE('',(#814),#815,.T.);
#253=ADVANCED_FACE('',(#816),#817,.T.);
#254=ADVANCED_FACE('',(#818),#819,.T.);
#255=ADVANCED_FACE('',(#820),#821,.F.);
#256=ADVANCED_FACE('',(#822),#823,.F.);
#257=ADVANCED_FACE('',(#824),#825,.T.);
#258=ADVANCED_FACE('',(#826),#827,.T.);
#259=ADVANCED_FACE('',(#828),#829,.F.);
#260=ADVANCED_FACE('',(#830),#831,.T.);
#261=ADVANCED_FACE('',(#832),#833,.T.);
#262=ADVANCED_FACE('',(#834),#835,.T.);
#263=ADVANCED_FACE('',(#836),#837,.F.);
#264=ADVANCED_FACE('',(#838,#839,#840),#841,.T.);
#265=ADVANCED_FACE('',(#842),#843,.F.);
#266=ADVANCED_FACE('',(#844,#845),#846,.T.);
#267=ADVANCED_FACE('',(#847),#848,.F.);
#268=ADVANCED_FACE('',(#849),#850,.F.);
#269=ADVANCED_FACE('',(#851),#852,.F.);
#270=ADVANCED_FACE('',(#853),#854,.F.);
#271=ADVANCED_FACE('',(#855),#856,.T.);
#272=ADVANCED_FACE('',(#857),#858,.T.);
#273=ADVANCED_FACE('',(#859),#860,.T.);
#274=ADVANCED_FACE('',(#861),#862,.T.);
#275=ADVANCED_FACE('',(#863),#864,.F.);
#276=ADVANCED_FACE('',(#865),#866,.F.);
#277=ADVANCED_FACE('',(#867),#868,.T.);
#278=ADVANCED_FACE('',(#869),#870,.T.);
#279=ADVANCED_FACE('',(#871),#872,.F.);
#280=ADVANCED_FACE('',(#873),#874,.T.);
#281=ADVANCED_FACE('',(#875),#876,.T.);
#282=ADVANCED_FACE('',(#877),#878,.F.);
#283=ADVANCED_FACE('',(#879),#880,.F.);
#284=ADVANCED_FACE('',(#881),#882,.T.);
#285=ADVANCED_FACE('',(#883),#884,.T.);
#286=ADVANCED_FACE('',(#885),#886,.F.);
#287=ADVANCED_FACE('',(#887),#888,.F.);
#288=ADVANCED_FACE('',(#889),#890,.F.);
#289=ADVANCED_FACE('',(#891),#892,.T.);
#290=ADVANCED_FACE('',(#893),#894,.T.);
#291=ADVANCED_FACE('',(#895),#896,.T.);
#292=ADVANCED_FACE('',(#897),#898,.T.);
#293=ADVANCED_FACE('',(#899),#900,.T.);
#294=ADVANCED_FACE('',(#901),#902,.F.);
#295=ADVANCED_FACE('',(#903),#904,.F.);
#296=ADVANCED_FACE('',(#905),#906,.F.);
#297=ADVANCED_FACE('',(#907),#908,.F.);
#298=ADVANCED_FACE('',(#909),#910,.F.);
#299=ADVANCED_FACE('',(#911),#912,.T.);
#300=ADVANCED_FACE('',(#913),#914,.T.);
#301=ADVANCED_FACE('',(#915),#916,.T.);
#302=ADVANCED_FACE('',(#917),#918,.T.);
#303=ADVANCED_FACE('',(#919),#920,.T.);
#304=ADVANCED_FACE('',(#921),#922,.T.);
#305=ADVANCED_FACE('',(#923),#924,.T.);
#306=ADVANCED_FACE('',(#925),#926,.T.);
#307=ADVANCED_FACE('',(#927),#928,.T.);
#308=ADVANCED_FACE('',(#929),#930,.T.);
#309=ADVANCED_FACE('',(#931),#932,.T.);
#310=ADVANCED_FACE('',(#933),#934,.T.);
#311=ADVANCED_FACE('',(#935),#936,.T.);
#312=ADVANCED_FACE('',(#937),#938,.T.);
#313=ADVANCED_FACE('',(#939),#940,.T.);
#314=ADVANCED_FACE('',(#941,#942,#943,#944,#945,#946,#947,#948,#949),#950,.T.);
#315=ADVANCED_FACE('',(#951),#952,.T.);
#316=ADVANCED_FACE('',(#953),#954,.T.);
#317=ADVANCED_FACE('',(#955),#956,.T.);
#318=ADVANCED_FACE('',(#957),#958,.T.);
#319=ADVANCED_FACE('',(#959),#960,.F.);
#320=ADVANCED_FACE('',(#961),#962,.T.);
#321=ADVANCED_FACE('',(#963),#964,.T.);
#322=ADVANCED_FACE('',(#965),#966,.T.);
#323=ADVANCED_FACE('',(#967),#968,.F.);
#324=ADVANCED_FACE('',(#969),#970,.T.);
#325=ADVANCED_FACE('',(#971),#972,.F.);
#326=ADVANCED_FACE('',(#973),#974,.T.);
#327=ADVANCED_FACE('',(#975),#976,.T.);
#328=ADVANCED_FACE('',(#977),#978,.T.);
#329=ADVANCED_FACE('',(#979),#980,.F.);
#330=ADVANCED_FACE('',(#981),#982,.T.);
#331=ADVANCED_FACE('',(#983),#984,.F.);
#332=ADVANCED_FACE('',(#985),#986,.T.);
#333=ADVANCED_FACE('',(#987),#988,.T.);
#334=ADVANCED_FACE('',(#989),#990,.T.);
#335=ADVANCED_FACE('',(#991),#992,.F.);
#336=ADVANCED_FACE('',(#993),#994,.T.);
#337=ADVANCED_FACE('',(#995),#996,.F.);
#338=ADVANCED_FACE('',(#997),#998,.T.);
#339=ADVANCED_FACE('',(#999),#1000,.T.);
#340=ADVANCED_FACE('',(#1001),#1002,.T.);
#341=ADVANCED_FACE('',(#1003),#1004,.F.);
#342=ADVANCED_FACE('',(#1005),#1006,.T.);
#343=ADVANCED_FACE('',(#1007),#1008,.F.);
#344=ADVANCED_FACE('',(#1009),#1010,.F.);
#345=ADVANCED_FACE('',(#1011),#1012,.F.);
#346=ADVANCED_FACE('',(#1013),#1014,.F.);
#347=ADVANCED_FACE('',(#1015),#1016,.F.);
#348=ADVANCED_FACE('',(#1017),#1018,.F.);
#349=ADVANCED_FACE('',(#1019),#1020,.F.);
#350=ADVANCED_FACE('',(#1021),#1022,.T.);
#351=ADVANCED_FACE('',(#1023),#1024,.T.);
#352=ADVANCED_FACE('',(#1025),#1026,.T.);
#353=ADVANCED_FACE('',(#1027),#1028,.T.);
#354=ADVANCED_FACE('',(#1029),#1030,.T.);
#355=ADVANCED_FACE('',(#1031),#1032,.T.);
#356=ADVANCED_FACE('',(#1033),#1034,.T.);
#357=ADVANCED_FACE('',(#1035),#1036,.F.);
#358=ADVANCED_FACE('',(#1037),#1038,.T.);
#359=ADVANCED_FACE('',(#1039),#1040,.T.);
#360=ADVANCED_FACE('',(#1041),#1042,.T.);
#361=ADVANCED_FACE('',(#1043),#1044,.T.);
#362=ADVANCED_FACE('',(#1045),#1046,.F.);
#363=ADVANCED_FACE('',(#1047),#1048,.F.);
#364=ADVANCED_FACE('',(#1049),#1050,.T.);
#365=ADVANCED_FACE('',(#1051),#1052,.T.);
#366=ADVANCED_FACE('',(#1053),#1054,.F.);
#367=ADVANCED_FACE('',(#1055),#1056,.T.);
#368=ADVANCED_FACE('',(#1057),#1058,.T.);
#369=ADVANCED_FACE('',(#1059),#1060,.F.);
#370=ADVANCED_FACE('',(#1061),#1062,.T.);
#371=ADVANCED_FACE('',(#1063),#1064,.T.);
#372=ADVANCED_FACE('',(#1065),#1066,.T.);
#373=ADVANCED_FACE('',(#1067),#1068,.F.);
#374=ADVANCED_FACE('',(#1069),#1070,.T.);
#375=ADVANCED_FACE('',(#1071),#1072,.T.);
#376=ADVANCED_FACE('',(#1073),#1074,.F.);
#377=ADVANCED_FACE('',(#1075),#1076,.T.);
#378=ADVANCED_FACE('',(#1077),#1078,.T.);
#379=ADVANCED_FACE('',(#1079),#1080,.T.);
#380=ADVANCED_FACE('',(#1081),#1082,.T.);
#381=ADVANCED_FACE('',(#1083),#1084,.T.);
#382=ADVANCED_FACE('',(#1085),#1086,.T.);
#383=ADVANCED_FACE('',(#1087,#1088,#1089,#1090,#1091),#1092,.T.);
#384=ADVANCED_FACE('',(#1093),#1094,.T.);
#385=ADVANCED_FACE('',(#1095),#1096,.T.);
#386=ADVANCED_FACE('',(#1097),#1098,.T.);
#387=ADVANCED_FACE('',(#1099),#1100,.T.);
#388=ADVANCED_FACE('',(#1101),#1102,.T.);
#389=ADVANCED_FACE('',(#1103),#1104,.T.);
#390=ADVANCED_FACE('',(#1105),#1106,.T.);
#391=ADVANCED_FACE('',(#1107),#1108,.T.);
#392=ADVANCED_FACE('',(#1109),#1110,.T.);
#393=ADVANCED_FACE('',(#1111),#1112,.T.);
#394=ADVANCED_FACE('',(#1113),#1114,.T.);
#395=ADVANCED_FACE('',(#1115),#1116,.T.);
#396=ADVANCED_FACE('',(#1117),#1118,.T.);
#397=ADVANCED_FACE('',(#1119),#1120,.T.);
#398=ADVANCED_FACE('',(#1121),#1122,.T.);
#399=ADVANCED_FACE('',(#1123),#1124,.T.);
#400=ADVANCED_FACE('',(#1125),#1126,.T.);
#401=ADVANCED_FACE('',(#1127),#1128,.F.);
#402=ADVANCED_FACE('',(#1129),#1130,.F.);
#403=ADVANCED_FACE('',(#1131),#1132,.F.);
#404=ADVANCED_FACE('',(#1133),#1134,.T.);
#405=ADVANCED_FACE('',(#1135),#1136,.T.);
#406=ADVANCED_FACE('',(#1137),#1138,.T.);
#407=ADVANCED_FACE('',(#1139),#1140,.T.);
#408=ADVANCED_FACE('',(#1141),#1142,.F.);
#409=ADVANCED_FACE('',(#1143),#1144,.F.);
#410=ADVANCED_FACE('',(#1145),#1146,.F.);
#411=ADVANCED_FACE('',(#1147),#1148,.T.);
#412=ADVANCED_FACE('',(#1149),#1150,.T.);
#413=ADVANCED_FACE('',(#1151),#1152,.T.);
#414=ADVANCED_FACE('',(#1153),#1154,.F.);
#415=ADVANCED_FACE('',(#1155),#1156,.F.);
#416=ADVANCED_FACE('',(#1157),#1158,.T.);
#417=ADVANCED_FACE('',(#1159),#1160,.F.);
#418=ADVANCED_FACE('',(#1161),#1162,.T.);
#419=ADVANCED_FACE('',(#1163),#1164,.T.);
#420=ADVANCED_FACE('',(#1165),#1166,.T.);
#421=ADVANCED_FACE('',(#1167),#1168,.F.);
#422=ADVANCED_FACE('',(#1169),#1170,.F.);
#423=ADVANCED_FACE('',(#1171),#1172,.T.);
#424=ADVANCED_FACE('',(#1173),#1174,.F.);
#425=ADVANCED_FACE('',(#1175),#1176,.T.);
#426=ADVANCED_FACE('',(#1177),#1178,.T.);
#427=ADVANCED_FACE('',(#1179),#1180,.T.);
#428=ADVANCED_FACE('',(#1181),#1182,.T.);
#429=ADVANCED_FACE('',(#1183),#1184,.F.);
#430=ADVANCED_FACE('',(#1185),#1186,.T.);
#431=ADVANCED_FACE('',(#1187),#1188,.T.);
#432=ADVANCED_FACE('',(#1189),#1190,.T.);
#433=ADVANCED_FACE('',(#1191),#1192,.T.);
#434=ADVANCED_FACE('',(#1193),#1194,.T.);
#435=ADVANCED_FACE('',(#1195),#1196,.T.);
#436=ADVANCED_FACE('',(#1197),#1198,.T.);
#437=ADVANCED_FACE('',(#1199),#1200,.T.);
#438=ADVANCED_FACE('',(#1201),#1202,.T.);
#439=ADVANCED_FACE('',(#1203),#1204,.T.);
#440=ADVANCED_FACE('',(#1205),#1206,.F.);
#441=ADVANCED_FACE('',(#1207),#1208,.T.);
#442=ADVANCED_FACE('',(#1209),#1210,.F.);
#443=ADVANCED_FACE('',(#1211),#1212,.F.);
#445=FACE_OUTER_BOUND('',#1213,.T.);
#446=CYLINDRICAL_SURFACE('',#1214,0.112);
#447=FACE_OUTER_BOUND('',#1215,.T.);
#448=CYLINDRICAL_SURFACE('',#1216,0.112);
#449=FACE_OUTER_BOUND('',#1217,.T.);
#450=CYLINDRICAL_SURFACE('',#1218,0.43);
#451=FACE_OUTER_BOUND('',#1219,.T.);
#452=CYLINDRICAL_SURFACE('',#1220,0.43);
#453=FACE_OUTER_BOUND('',#1221,.T.);
#454=CYLINDRICAL_SURFACE('',#1222,0.08);
#455=FACE_OUTER_BOUND('',#1223,.T.);
#456=CYLINDRICAL_SURFACE('',#1224,0.08);
#457=FACE_OUTER_BOUND('',#1225,.T.);
#458=CYLINDRICAL_SURFACE('',#1226,0.25);
#459=FACE_OUTER_BOUND('',#1227,.T.);
#460=CYLINDRICAL_SURFACE('',#1228,0.25);
#461=FACE_OUTER_BOUND('',#1229,.T.);
#462=CYLINDRICAL_SURFACE('',#1230,0.25);
#463=FACE_OUTER_BOUND('',#1231,.T.);
#464=CYLINDRICAL_SURFACE('',#1232,0.25);
#465=FACE_OUTER_BOUND('',#1233,.T.);
#466=CYLINDRICAL_SURFACE('',#1234,0.25);
#467=FACE_OUTER_BOUND('',#1235,.T.);
#468=CYLINDRICAL_SURFACE('',#1236,0.25);
#469=FACE_OUTER_BOUND('',#1237,.T.);
#470=CYLINDRICAL_SURFACE('',#1238,0.25);
#471=FACE_OUTER_BOUND('',#1239,.T.);
#472=CYLINDRICAL_SURFACE('',#1240,0.25);
#473=FACE_OUTER_BOUND('',#1241,.T.);
#474=PLANE('',#1242);
#475=FACE_OUTER_BOUND('',#1243,.T.);
#476=CYLINDRICAL_SURFACE('',#1244,0.3);
#477=FACE_OUTER_BOUND('',#1245,.T.);
#478=PLANE('',#1246);
#479=FACE_OUTER_BOUND('',#1247,.T.);
#480=PLANE('',#1248);
#481=FACE_OUTER_BOUND('',#1249,.T.);
#482=CYLINDRICAL_SURFACE('',#1250,0.3);
#483=FACE_OUTER_BOUND('',#1251,.T.);
#484=PLANE('',#1252);
#485=FACE_OUTER_BOUND('',#1253,.T.);
#486=CYLINDRICAL_SURFACE('',#1254,0.62);
#487=FACE_OUTER_BOUND('',#1255,.T.);
#488=PLANE('',#1256);
#489=FACE_OUTER_BOUND('',#1257,.T.);
#490=CYLINDRICAL_SURFACE('',#1258,0.302);
#491=FACE_OUTER_BOUND('',#1259,.T.);
#492=FACE_BOUND('',#1260,.T.);
#493=FACE_BOUND('',#1261,.T.);
#494=PLANE('',#1262);
#495=FACE_OUTER_BOUND('',#1263,.T.);
#496=PLANE('',#1264);
#497=FACE_OUTER_BOUND('',#1265,.T.);
#498=PLANE('',#1266);
#499=FACE_OUTER_BOUND('',#1267,.T.);
#500=CYLINDRICAL_SURFACE('',#1268,0.25);
#501=FACE_OUTER_BOUND('',#1269,.T.);
#502=FACE_BOUND('',#1270,.T.);
#503=FACE_BOUND('',#1271,.T.);
#504=PLANE('',#1272);
#505=FACE_OUTER_BOUND('',#1273,.T.);
#506=PLANE('',#1274);
#507=FACE_OUTER_BOUND('',#1275,.T.);
#508=CYLINDRICAL_SURFACE('',#1276,0.25);
#509=FACE_OUTER_BOUND('',#1277,.T.);
#510=PLANE('',#1278);
#511=FACE_OUTER_BOUND('',#1279,.T.);
#512=PLANE('',#1280);
#513=FACE_OUTER_BOUND('',#1281,.T.);
#514=CYLINDRICAL_SURFACE('',#1282,0.4);
#515=FACE_OUTER_BOUND('',#1283,.T.);
#516=PLANE('',#1284);
#517=FACE_OUTER_BOUND('',#1285,.T.);
#518=CYLINDRICAL_SURFACE('',#1286,0.4);
#519=FACE_OUTER_BOUND('',#1287,.T.);
#520=PLANE('',#1288);
#521=FACE_OUTER_BOUND('',#1289,.T.);
#522=PLANE('',#1290);
#523=FACE_OUTER_BOUND('',#1291,.T.);
#524=CYLINDRICAL_SURFACE('',#1292,0.3120405749698);
#525=FACE_OUTER_BOUND('',#1293,.T.);
#526=PLANE('',#1294);
#527=FACE_OUTER_BOUND('',#1295,.T.);
#528=CYLINDRICAL_SURFACE('',#1296,0.6379594250302);
#529=FACE_OUTER_BOUND('',#1297,.T.);
#530=CYLINDRICAL_SURFACE('',#1298,0.32);
#531=FACE_OUTER_BOUND('',#1299,.T.);
#532=CYLINDRICAL_SURFACE('',#1300,0.63);
#533=FACE_OUTER_BOUND('',#1301,.T.);
#534=PLANE('',#1302);
#535=FACE_OUTER_BOUND('',#1303,.T.);
#536=PLANE('',#1304);
#537=FACE_OUTER_BOUND('',#1305,.T.);
#538=CYLINDRICAL_SURFACE('',#1306,0.9035677236805);
#539=FACE_OUTER_BOUND('',#1307,.T.);
#540=CYLINDRICAL_SURFACE('',#1308,0.9035677236805);
#541=FACE_OUTER_BOUND('',#1309,.T.);
#542=FACE_BOUND('',#1310,.T.);
#543=FACE_BOUND('',#1311,.T.);
#544=PLANE('',#1312);
#545=FACE_OUTER_BOUND('',#1313,.T.);
#546=PLANE('',#1314);
#547=FACE_OUTER_BOUND('',#1315,.T.);
#548=CYLINDRICAL_SURFACE('',#1316,0.25);
#549=FACE_OUTER_BOUND('',#1317,.T.);
#550=FACE_BOUND('',#1318,.T.);
#551=FACE_BOUND('',#1319,.T.);
#552=PLANE('',#1320);
#553=FACE_OUTER_BOUND('',#1321,.T.);
#554=CYLINDRICAL_SURFACE('',#1322,0.25);
#555=FACE_OUTER_BOUND('',#1323,.T.);
#556=PLANE('',#1324);
#557=FACE_OUTER_BOUND('',#1325,.T.);
#558=CYLINDRICAL_SURFACE('',#1326,0.4);
#559=FACE_OUTER_BOUND('',#1327,.T.);
#560=PLANE('',#1328);
#561=FACE_OUTER_BOUND('',#1329,.T.);
#562=CYLINDRICAL_SURFACE('',#1330,0.4);
#563=FACE_OUTER_BOUND('',#1331,.T.);
#564=PLANE('',#1332);
#565=FACE_OUTER_BOUND('',#1333,.T.);
#566=PLANE('',#1334);
#567=FACE_OUTER_BOUND('',#1335,.T.);
#568=CYLINDRICAL_SURFACE('',#1336,0.63);
#569=FACE_OUTER_BOUND('',#1337,.T.);
#570=PLANE('',#1338);
#571=FACE_OUTER_BOUND('',#1339,.T.);
#572=CYLINDRICAL_SURFACE('',#1340,0.32);
#573=FACE_OUTER_BOUND('',#1341,.T.);
#574=PLANE('',#1342);
#575=FACE_OUTER_BOUND('',#1343,.T.);
#576=CYLINDRICAL_SURFACE('',#1344,0.6379594250302);
#577=FACE_OUTER_BOUND('',#1345,.T.);
#578=CYLINDRICAL_SURFACE('',#1346,0.3120405749698);
#579=FACE_OUTER_BOUND('',#1347,.T.);
#580=PLANE('',#1348);
#581=FACE_OUTER_BOUND('',#1349,.T.);
#582=PLANE('',#1350);
#583=FACE_OUTER_BOUND('',#1351,.T.);
#584=CYLINDRICAL_SURFACE('',#1352,0.4);
#585=FACE_OUTER_BOUND('',#1353,.T.);
#586=PLANE('',#1354);
#587=FACE_OUTER_BOUND('',#1355,.T.);
#588=PLANE('',#1356);
#589=FACE_OUTER_BOUND('',#1357,.T.);
#590=PLANE('',#1358);
#591=FACE_OUTER_BOUND('',#1359,.T.);
#592=CYLINDRICAL_SURFACE('',#1360,0.3120405749698);
#593=FACE_OUTER_BOUND('',#1361,.T.);
#594=CYLINDRICAL_SURFACE('',#1362,0.6379594250302);
#595=FACE_OUTER_BOUND('',#1363,.T.);
#596=PLANE('',#1364);
#597=FACE_OUTER_BOUND('',#1365,.T.);
#598=CYLINDRICAL_SURFACE('',#1366,0.4);
#599=FACE_OUTER_BOUND('',#1367,.T.);
#600=CYLINDRICAL_SURFACE('',#1368,0.25);
#601=FACE_OUTER_BOUND('',#1369,.T.);
#602=PLANE('',#1370);
#603=FACE_OUTER_BOUND('',#1371,.T.);
#604=PLANE('',#1372);
#605=FACE_OUTER_BOUND('',#1373,.T.);
#606=CYLINDRICAL_SURFACE('',#1374,0.25);
#607=FACE_OUTER_BOUND('',#1375,.T.);
#608=PLANE('',#1376);
#609=FACE_OUTER_BOUND('',#1377,.T.);
#610=CYLINDRICAL_SURFACE('',#1378,0.25);
#611=FACE_OUTER_BOUND('',#1379,.T.);
#612=PLANE('',#1380);
#613=FACE_OUTER_BOUND('',#1381,.T.);
#614=PLANE('',#1382);
#615=FACE_OUTER_BOUND('',#1383,.T.);
#616=CYLINDRICAL_SURFACE('',#1384,0.4);
#617=FACE_OUTER_BOUND('',#1385,.T.);
#618=PLANE('',#1386);
#619=FACE_OUTER_BOUND('',#1387,.T.);
#620=PLANE('',#1388);
#621=FACE_OUTER_BOUND('',#1389,.T.);
#622=PLANE('',#1390);
#623=FACE_OUTER_BOUND('',#1391,.T.);
#624=CYLINDRICAL_SURFACE('',#1392,0.63);
#625=FACE_OUTER_BOUND('',#1393,.T.);
#626=CYLINDRICAL_SURFACE('',#1394,0.32);
#627=FACE_OUTER_BOUND('',#1395,.T.);
#628=PLANE('',#1396);
#629=FACE_OUTER_BOUND('',#1397,.T.);
#630=CYLINDRICAL_SURFACE('',#1398,0.4);
#631=FACE_OUTER_BOUND('',#1399,.T.);
#632=CYLINDRICAL_SURFACE('',#1400,0.6379594250302);
#633=FACE_OUTER_BOUND('',#1401,.T.);
#634=CYLINDRICAL_SURFACE('',#1402,0.3120405749698);
#635=FACE_OUTER_BOUND('',#1403,.T.);
#636=PLANE('',#1404);
#637=FACE_OUTER_BOUND('',#1405,.T.);
#638=PLANE('',#1406);
#639=FACE_OUTER_BOUND('',#1407,.T.);
#640=CYLINDRICAL_SURFACE('',#1408,0.25);
#641=FACE_OUTER_BOUND('',#1409,.T.);
#642=PLANE('',#1410);
#643=FACE_OUTER_BOUND('',#1411,.T.);
#644=CYLINDRICAL_SURFACE('',#1412,0.32);
#645=FACE_OUTER_BOUND('',#1413,.T.);
#646=CYLINDRICAL_SURFACE('',#1414,0.63);
#647=FACE_OUTER_BOUND('',#1415,.T.);
#648=CYLINDRICAL_SURFACE('',#1416,0.9035677236805);
#649=FACE_OUTER_BOUND('',#1417,.T.);
#650=CYLINDRICAL_SURFACE('',#1418,0.9035677236805);
#651=FACE_OUTER_BOUND('',#1419,.T.);
#652=CYLINDRICAL_SURFACE('',#1420,0.302);
#653=FACE_OUTER_BOUND('',#1421,.T.);
#654=PLANE('',#1422);
#655=FACE_OUTER_BOUND('',#1423,.T.);
#656=CYLINDRICAL_SURFACE('',#1424,0.3);
#657=FACE_OUTER_BOUND('',#1425,.T.);
#658=PLANE('',#1426);
#659=FACE_OUTER_BOUND('',#1427,.T.);
#660=CYLINDRICAL_SURFACE('',#1428,0.3);
#661=FACE_OUTER_BOUND('',#1429,.T.);
#662=PLANE('',#1430);
#663=FACE_OUTER_BOUND('',#1431,.T.);
#664=PLANE('',#1432);
#665=FACE_OUTER_BOUND('',#1433,.T.);
#666=PLANE('',#1434);
#667=FACE_OUTER_BOUND('',#1435,.T.);
#668=CYLINDRICAL_SURFACE('',#1436,0.3);
#669=FACE_OUTER_BOUND('',#1437,.T.);
#670=PLANE('',#1438);
#671=FACE_OUTER_BOUND('',#1439,.T.);
#672=PLANE('',#1440);
#673=FACE_OUTER_BOUND('',#1441,.T.);
#674=PLANE('',#1442);
#675=FACE_OUTER_BOUND('',#1443,.T.);
#676=PLANE('',#1444);
#677=FACE_OUTER_BOUND('',#1445,.T.);
#678=CYLINDRICAL_SURFACE('',#1446,0.3);
#679=FACE_OUTER_BOUND('',#1447,.T.);
#680=CYLINDRICAL_SURFACE('',#1448,0.302);
#681=FACE_OUTER_BOUND('',#1449,.T.);
#682=FACE_BOUND('',#1450,.T.);
#683=FACE_BOUND('',#1451,.T.);
#684=PLANE('',#1452);
#685=FACE_OUTER_BOUND('',#1453,.T.);
#686=CYLINDRICAL_SURFACE('',#1454,0.13);
#687=FACE_OUTER_BOUND('',#1455,.T.);
#688=PLANE('',#1456);
#689=FACE_OUTER_BOUND('',#1457,.T.);
#690=CYLINDRICAL_SURFACE('',#1458,0.13);
#691=FACE_OUTER_BOUND('',#1459,.T.);
#692=PLANE('',#1460);
#693=FACE_OUTER_BOUND('',#1461,.T.);
#694=CYLINDRICAL_SURFACE('',#1462,0.13);
#695=FACE_OUTER_BOUND('',#1463,.T.);
#696=PLANE('',#1464);
#697=FACE_OUTER_BOUND('',#1465,.T.);
#698=CYLINDRICAL_SURFACE('',#1466,0.13);
#699=FACE_OUTER_BOUND('',#1467,.T.);
#700=PLANE('',#1468);
#701=FACE_OUTER_BOUND('',#1469,.T.);
#702=FACE_BOUND('',#1470,.T.);
#703=PLANE('',#1471);
#704=FACE_OUTER_BOUND('',#1472,.T.);
#705=PLANE('',#1473);
#706=FACE_OUTER_BOUND('',#1474,.T.);
#707=PLANE('',#1475);
#708=FACE_OUTER_BOUND('',#1476,.T.);
#709=FACE_BOUND('',#1477,.T.);
#710=PLANE('',#1478);
#711=FACE_OUTER_BOUND('',#1479,.T.);
#712=CYLINDRICAL_SURFACE('',#1480,0.13);
#713=FACE_OUTER_BOUND('',#1481,.T.);
#714=FACE_BOUND('',#1482,.T.);
#715=FACE_BOUND('',#1483,.T.);
#716=PLANE('',#1484);
#717=FACE_OUTER_BOUND('',#1485,.T.);
#718=PLANE('',#1486);
#719=FACE_OUTER_BOUND('',#1487,.T.);
#720=CYLINDRICAL_SURFACE('',#1488,0.13);
#721=FACE_OUTER_BOUND('',#1489,.T.);
#722=PLANE('',#1490);
#723=FACE_OUTER_BOUND('',#1491,.T.);
#724=CYLINDRICAL_SURFACE('',#1492,0.13);
#725=FACE_OUTER_BOUND('',#1493,.T.);
#726=PLANE('',#1494);
#727=FACE_OUTER_BOUND('',#1495,.T.);
#728=CYLINDRICAL_SURFACE('',#1496,0.13);
#729=FACE_OUTER_BOUND('',#1497,.T.);
#730=PLANE('',#1498);
#731=FACE_OUTER_BOUND('',#1499,.T.);
#732=PLANE('',#1500);
#733=FACE_OUTER_BOUND('',#1501,.T.);
#734=PLANE('',#1502);
#735=FACE_OUTER_BOUND('',#1503,.T.);
#736=CYLINDRICAL_SURFACE('',#1504,0.25);
#737=FACE_OUTER_BOUND('',#1505,.T.);
#738=CYLINDRICAL_SURFACE('',#1506,0.25);
#739=FACE_OUTER_BOUND('',#1507,.T.);
#740=PLANE('',#1508);
#741=FACE_OUTER_BOUND('',#1509,.T.);
#742=PLANE('',#1510);
#743=FACE_OUTER_BOUND('',#1511,.T.);
#744=CYLINDRICAL_SURFACE('',#1512,0.13);
#745=FACE_OUTER_BOUND('',#1513,.T.);
#746=CYLINDRICAL_SURFACE('',#1514,0.13);
#747=FACE_OUTER_BOUND('',#1515,.T.);
#748=PLANE('',#1516);
#749=FACE_OUTER_BOUND('',#1517,.T.);
#750=PLANE('',#1518);
#751=FACE_OUTER_BOUND('',#1519,.T.);
#752=CYLINDRICAL_SURFACE('',#1520,0.13);
#753=FACE_OUTER_BOUND('',#1521,.T.);
#754=CYLINDRICAL_SURFACE('',#1522,0.13);
#755=FACE_OUTER_BOUND('',#1523,.T.);
#756=PLANE('',#1524);
#757=FACE_OUTER_BOUND('',#1525,.T.);
#758=PLANE('',#1526);
#759=FACE_OUTER_BOUND('',#1527,.T.);
#760=CYLINDRICAL_SURFACE('',#1528,0.25);
#761=FACE_OUTER_BOUND('',#1529,.T.);
#762=CYLINDRICAL_SURFACE('',#1530,0.25);
#763=FACE_OUTER_BOUND('',#1531,.T.);
#764=PLANE('',#1532);
#765=FACE_OUTER_BOUND('',#1533,.T.);
#766=PLANE('',#1534);
#767=FACE_OUTER_BOUND('',#1535,.T.);
#768=CYLINDRICAL_SURFACE('',#1536,0.25);
#769=FACE_OUTER_BOUND('',#1537,.T.);
#770=PLANE('',#1538);
#771=FACE_OUTER_BOUND('',#1539,.T.);
#772=PLANE('',#1540);
#773=FACE_OUTER_BOUND('',#1541,.T.);
#774=PLANE('',#1542);
#775=FACE_OUTER_BOUND('',#1543,.T.);
#776=PLANE('',#1544);
#777=FACE_OUTER_BOUND('',#1545,.T.);
#778=CYLINDRICAL_SURFACE('',#1546,0.25);
#779=FACE_OUTER_BOUND('',#1547,.T.);
#780=FACE_BOUND('',#1548,.T.);
#781=PLANE('',#1549);
#782=FACE_OUTER_BOUND('',#1550,.T.);
#783=CYLINDRICAL_SURFACE('',#1551,0.25);
#784=FACE_OUTER_BOUND('',#1552,.T.);
#785=CYLINDRICAL_SURFACE('',#1553,0.25);
#786=FACE_OUTER_BOUND('',#1554,.T.);
#787=CYLINDRICAL_SURFACE('',#1555,0.3179999999994);
#788=FACE_OUTER_BOUND('',#1556,.T.);
#789=PLANE('',#1557);
#790=FACE_OUTER_BOUND('',#1558,.T.);
#791=PLANE('',#1559);
#792=FACE_OUTER_BOUND('',#1560,.T.);
#793=B_SPLINE_SURFACE_WITH_KNOTS('',3,3,((#1561,#1562,#1563,#1564,#1565,#1566,#1567),(#1568,#1569,#1570,#1571,#1572,#1573,#1574),(#1575,#1576,#1577,#1578,#1579,#1580,#1581),(#1582,#1583,#1584,#1585,#1586,#1587,#1588)),.UNSPECIFIED.,.F.,.F.,.F.,(4,4),(4,1,1,1,4),(-0.02,1.00011714887993),(-0.01695064832908,0.4099884235627,0.8369274954544,1.263866567346,1.690805639238),.UNSPECIFIED.);
#794=FACE_OUTER_BOUND('',#1589,.T.);
#795=CYLINDRICAL_SURFACE('',#1590,0.64);
#796=FACE_OUTER_BOUND('',#1591,.T.);
#797=B_SPLINE_SURFACE_WITH_KNOTS('',3,3,((#1592,#1593,#1594,#1595,#1596,#1597,#1598),(#1599,#1600,#1601,#1602,#1603,#1604,#1605),(#1606,#1607,#1608,#1609,#1610,#1611,#1612),(#1613,#1614,#1615,#1616,#1617,#1618,#1619)),.UNSPECIFIED.,.F.,.F.,.F.,(4,4),(4,1,1,1,4),(-0.000117148879939322,1.02),(-0.01695064832909,0.4099884235627,0.8369274954544,1.263866567346,1.690805639238),.UNSPECIFIED.);
#798=FACE_OUTER_BOUND('',#1620,.T.);
#799=PLANE('',#1621);
#800=FACE_OUTER_BOUND('',#1622,.T.);
#801=CYLINDRICAL_SURFACE('',#1623,0.25);
#802=FACE_OUTER_BOUND('',#1624,.T.);
#803=PLANE('',#1625);
#804=FACE_OUTER_BOUND('',#1626,.T.);
#805=CYLINDRICAL_SURFACE('',#1627,0.6359999999994);
#806=FACE_OUTER_BOUND('',#1628,.T.);
#807=CYLINDRICAL_SURFACE('',#1629,0.322);
#808=FACE_OUTER_BOUND('',#1630,.T.);
#809=PLANE('',#1631);
#810=FACE_OUTER_BOUND('',#1632,.T.);
#811=PLANE('',#1633);
#812=FACE_OUTER_BOUND('',#1634,.T.);
#813=PLANE('',#1635);
#814=FACE_OUTER_BOUND('',#1636,.T.);
#815=PLANE('',#1637);
#816=FACE_OUTER_BOUND('',#1638,.T.);
#817=PLANE('',#1639);
#818=FACE_OUTER_BOUND('',#1640,.T.);
#819=CYLINDRICAL_SURFACE('',#1641,0.62);
#820=FACE_OUTER_BOUND('',#1642,.T.);
#821=PLANE('',#1643);
#822=FACE_OUTER_BOUND('',#1644,.T.);
#823=CYLINDRICAL_SURFACE('',#1645,0.3);
#824=FACE_OUTER_BOUND('',#1646,.T.);
#825=PLANE('',#1647);
#826=FACE_OUTER_BOUND('',#1648,.T.);
#827=CYLINDRICAL_SURFACE('',#1649,0.3);
#828=FACE_OUTER_BOUND('',#1650,.T.);
#829=PLANE('',#1651);
#830=FACE_OUTER_BOUND('',#1652,.T.);
#831=PLANE('',#1653);
#832=FACE_OUTER_BOUND('',#1654,.T.);
#833=CYLINDRICAL_SURFACE('',#1655,0.3);
#834=FACE_OUTER_BOUND('',#1656,.T.);
#835=PLANE('',#1657);
#836=FACE_OUTER_BOUND('',#1658,.T.);
#837=CYLINDRICAL_SURFACE('',#1659,0.32);
#838=FACE_OUTER_BOUND('',#1660,.T.);
#839=FACE_BOUND('',#1661,.T.);
#840=FACE_BOUND('',#1662,.T.);
#841=PLANE('',#1663);
#842=FACE_OUTER_BOUND('',#1664,.T.);
#843=CYLINDRICAL_SURFACE('',#1665,0.32);
#844=FACE_OUTER_BOUND('',#1666,.T.);
#845=FACE_BOUND('',#1667,.T.);
#846=PLANE('',#1668);
#847=FACE_OUTER_BOUND('',#1669,.T.);
#848=CYLINDRICAL_SURFACE('',#1670,0.25);
#849=FACE_OUTER_BOUND('',#1671,.T.);
#850=CYLINDRICAL_SURFACE('',#1672,0.25);
#851=FACE_OUTER_BOUND('',#1673,.T.);
#852=CYLINDRICAL_SURFACE('',#1674,0.3179999999993);
#853=FACE_OUTER_BOUND('',#1675,.T.);
#854=PLANE('',#1676);
#855=FACE_OUTER_BOUND('',#1677,.T.);
#856=PLANE('',#1678);
#857=FACE_OUTER_BOUND('',#1679,.T.);
#858=B_SPLINE_SURFACE_WITH_KNOTS('',3,3,((#1680,#1681,#1682,#1683,#1684,#1685,#1686),(#1687,#1688,#1689,#1690,#1691,#1692,#1693),(#1694,#1695,#1696,#1697,#1698,#1699,#1700),(#1701,#1702,#1703,#1704,#1705,#1706,#1707)),.UNSPECIFIED.,.F.,.F.,.F.,(4,4),(4,1,1,1,4),(-0.02,1.00011714887993),(-0.01695064832908,0.4099884235627,0.8369274954544,1.263866567346,1.690805639238),.UNSPECIFIED.);
#859=FACE_OUTER_BOUND('',#1708,.T.);
#860=CYLINDRICAL_SURFACE('',#1709,0.64);
#861=FACE_OUTER_BOUND('',#1710,.T.);
#862=B_SPLINE_SURFACE_WITH_KNOTS('',3,3,((#1711,#1712,#1713,#1714,#1715,#1716,#1717),(#1718,#1719,#1720,#1721,#1722,#1723,#1724),(#1725,#1726,#1727,#1728,#1729,#1730,#1731),(#1732,#1733,#1734,#1735,#1736,#1737,#1738)),.UNSPECIFIED.,.F.,.F.,.F.,(4,4),(4,1,1,1,4),(-0.000117148879944286,1.02),(-0.01695064832908,0.4099884235627,0.8369274954544,1.263866567346,1.690805639238),.UNSPECIFIED.);
#863=FACE_OUTER_BOUND('',#1739,.T.);
#864=PLANE('',#1740);
#865=FACE_OUTER_BOUND('',#1741,.T.);
#866=CYLINDRICAL_SURFACE('',#1742,0.25);
#867=FACE_OUTER_BOUND('',#1743,.T.);
#868=CYLINDRICAL_SURFACE('',#1744,0.6359999999993);
#869=FACE_OUTER_BOUND('',#1745,.T.);
#870=PLANE('',#1746);
#871=FACE_OUTER_BOUND('',#1747,.T.);
#872=CYLINDRICAL_SURFACE('',#1748,0.322);
#873=FACE_OUTER_BOUND('',#1749,.T.);
#874=PLANE('',#1750);
#875=FACE_OUTER_BOUND('',#1751,.T.);
#876=PLANE('',#1752);
#877=FACE_OUTER_BOUND('',#1753,.T.);
#878=PLANE('',#1754);
#879=FACE_OUTER_BOUND('',#1755,.T.);
#880=PLANE('',#1756);
#881=FACE_OUTER_BOUND('',#1757,.T.);
#882=PLANE('',#1758);
#883=FACE_OUTER_BOUND('',#1759,.T.);
#884=CYLINDRICAL_SURFACE('',#1760,0.62);
#885=FACE_OUTER_BOUND('',#1761,.T.);
#886=PLANE('',#1762);
#887=FACE_OUTER_BOUND('',#1763,.T.);
#888=CYLINDRICAL_SURFACE('',#1764,0.3);
#889=FACE_OUTER_BOUND('',#1765,.T.);
#890=CYLINDRICAL_SURFACE('',#1766,0.302);
#891=FACE_OUTER_BOUND('',#1767,.T.);
#892=PLANE('',#1768);
#893=FACE_OUTER_BOUND('',#1769,.T.);
#894=CYLINDRICAL_SURFACE('',#1770,0.3);
#895=FACE_OUTER_BOUND('',#1771,.T.);
#896=PLANE('',#1772);
#897=FACE_OUTER_BOUND('',#1773,.T.);
#898=PLANE('',#1774);
#899=FACE_OUTER_BOUND('',#1775,.T.);
#900=CYLINDRICAL_SURFACE('',#1776,0.3);
#901=FACE_OUTER_BOUND('',#1777,.T.);
#902=PLANE('',#1778);
#903=FACE_OUTER_BOUND('',#1779,.T.);
#904=CYLINDRICAL_SURFACE('',#1780,0.3);
#905=FACE_OUTER_BOUND('',#1781,.T.);
#906=CYLINDRICAL_SURFACE('',#1782,0.32);
#907=FACE_OUTER_BOUND('',#1783,.T.);
#908=CYLINDRICAL_SURFACE('',#1784,0.32);
#909=FACE_OUTER_BOUND('',#1785,.T.);
#910=PLANE('',#1786);
#911=FACE_OUTER_BOUND('',#1787,.T.);
#912=PLANE('',#1788);
#913=FACE_OUTER_BOUND('',#1789,.T.);
#914=CYLINDRICAL_SURFACE('',#1790,0.64);
#915=FACE_OUTER_BOUND('',#1791,.T.);
#916=PLANE('',#1792);
#917=FACE_OUTER_BOUND('',#1793,.T.);
#918=CYLINDRICAL_SURFACE('',#1794,0.64);
#919=FACE_OUTER_BOUND('',#1795,.T.);
#920=PLANE('',#1796);
#921=FACE_OUTER_BOUND('',#1797,.T.);
#922=CYLINDRICAL_SURFACE('',#1798,0.13);
#923=FACE_OUTER_BOUND('',#1799,.T.);
#924=PLANE('',#1800);
#925=FACE_OUTER_BOUND('',#1801,.T.);
#926=PLANE('',#1802);
#927=FACE_OUTER_BOUND('',#1803,.T.);
#928=CYLINDRICAL_SURFACE('',#1804,0.08);
#929=FACE_OUTER_BOUND('',#1805,.T.);
#930=PLANE('',#1806);
#931=FACE_OUTER_BOUND('',#1807,.T.);
#932=PLANE('',#1808);
#933=FACE_OUTER_BOUND('',#1809,.T.);
#934=PLANE('',#1810);
#935=FACE_OUTER_BOUND('',#1811,.T.);
#936=PLANE('',#1812);
#937=FACE_OUTER_BOUND('',#1813,.T.);
#938=CYLINDRICAL_SURFACE('',#1814,0.08);
#939=FACE_OUTER_BOUND('',#1815,.T.);
#940=PLANE('',#1816);
#941=FACE_OUTER_BOUND('',#1817,.T.);
#942=FACE_BOUND('',#1818,.T.);
#943=FACE_BOUND('',#1819,.T.);
#944=FACE_BOUND('',#1820,.T.);
#945=FACE_BOUND('',#1821,.T.);
#946=FACE_BOUND('',#1822,.T.);
#947=FACE_BOUND('',#1823,.T.);
#948=FACE_BOUND('',#1824,.T.);
#949=FACE_BOUND('',#1825,.T.);
#950=PLANE('',#1826);
#951=FACE_OUTER_BOUND('',#1827,.T.);
#952=CYLINDRICAL_SURFACE('',#1828,0.13);
#953=FACE_OUTER_BOUND('',#1829,.T.);
#954=PLANE('',#1830);
#955=FACE_OUTER_BOUND('',#1831,.T.);
#956=PLANE('',#1832);
#957=FACE_OUTER_BOUND('',#1833,.T.);
#958=PLANE('',#1834);
#959=FACE_OUTER_BOUND('',#1835,.T.);
#960=PLANE('',#1836);
#961=FACE_OUTER_BOUND('',#1837,.T.);
#962=PLANE('',#1838);
#963=FACE_OUTER_BOUND('',#1839,.T.);
#964=PLANE('',#1840);
#965=FACE_OUTER_BOUND('',#1841,.T.);
#966=PLANE('',#1842);
#967=FACE_OUTER_BOUND('',#1843,.T.);
#968=CYLINDRICAL_SURFACE('',#1844,1.019);
#969=FACE_OUTER_BOUND('',#1845,.T.);
#970=CYLINDRICAL_SURFACE('',#1846,1.27);
#971=FACE_OUTER_BOUND('',#1847,.T.);
#972=PLANE('',#1848);
#973=FACE_OUTER_BOUND('',#1849,.T.);
#974=PLANE('',#1850);
#975=FACE_OUTER_BOUND('',#1851,.T.);
#976=PLANE('',#1852);
#977=FACE_OUTER_BOUND('',#1853,.T.);
#978=PLANE('',#1854);
#979=FACE_OUTER_BOUND('',#1855,.T.);
#980=CYLINDRICAL_SURFACE('',#1856,1.019);
#981=FACE_OUTER_BOUND('',#1857,.T.);
#982=CYLINDRICAL_SURFACE('',#1858,1.27);
#983=FACE_OUTER_BOUND('',#1859,.T.);
#984=PLANE('',#1860);
#985=FACE_OUTER_BOUND('',#1861,.T.);
#986=PLANE('',#1862);
#987=FACE_OUTER_BOUND('',#1863,.T.);
#988=PLANE('',#1864);
#989=FACE_OUTER_BOUND('',#1865,.T.);
#990=PLANE('',#1866);
#991=FACE_OUTER_BOUND('',#1867,.T.);
#992=CYLINDRICAL_SURFACE('',#1868,1.019);
#993=FACE_OUTER_BOUND('',#1869,.T.);
#994=CYLINDRICAL_SURFACE('',#1870,1.27);
#995=FACE_OUTER_BOUND('',#1871,.T.);
#996=PLANE('',#1872);
#997=FACE_OUTER_BOUND('',#1873,.T.);
#998=PLANE('',#1874);
#999=FACE_OUTER_BOUND('',#1875,.T.);
#1000=PLANE('',#1876);
#1001=FACE_OUTER_BOUND('',#1877,.T.);
#1002=PLANE('',#1878);
#1003=FACE_OUTER_BOUND('',#1879,.T.);
#1004=CYLINDRICAL_SURFACE('',#1880,1.019);
#1005=FACE_OUTER_BOUND('',#1881,.T.);
#1006=CYLINDRICAL_SURFACE('',#1882,1.27);
#1007=FACE_OUTER_BOUND('',#1883,.T.);
#1008=PLANE('',#1884);
#1009=FACE_OUTER_BOUND('',#1885,.T.);
#1010=PLANE('',#1886);
#1011=FACE_OUTER_BOUND('',#1887,.T.);
#1012=PLANE('',#1888);
#1013=FACE_OUTER_BOUND('',#1889,.T.);
#1014=PLANE('',#1890);
#1015=FACE_OUTER_BOUND('',#1891,.T.);
#1016=PLANE('',#1892);
#1017=FACE_OUTER_BOUND('',#1893,.T.);
#1018=PLANE('',#1894);
#1019=FACE_OUTER_BOUND('',#1895,.T.);
#1020=PLANE('',#1896);
#1021=FACE_OUTER_BOUND('',#1897,.T.);
#1022=PLANE('',#1898);
#1023=FACE_OUTER_BOUND('',#1899,.T.);
#1024=PLANE('',#1900);
#1025=FACE_OUTER_BOUND('',#1901,.T.);
#1026=PLANE('',#1902);
#1027=FACE_OUTER_BOUND('',#1903,.T.);
#1028=PLANE('',#1904);
#1029=FACE_OUTER_BOUND('',#1905,.T.);
#1030=CYLINDRICAL_SURFACE('',#1906,0.638);
#1031=FACE_OUTER_BOUND('',#1907,.T.);
#1032=PLANE('',#1908);
#1033=FACE_OUTER_BOUND('',#1909,.T.);
#1034=CYLINDRICAL_SURFACE('',#1910,1.070509952116);
#1035=FACE_OUTER_BOUND('',#1911,.T.);
#1036=PLANE('',#1912);
#1037=FACE_OUTER_BOUND('',#1913,.T.);
#1038=(B_SPLINE_SURFACE(3,3,((#1915,#1916,#1917,#1918),(#1919,#1920,#1921,#1922),(#1923,#1924,#1925,#1926),(#1927,#1928,#1929,#1930)),.UNSPECIFIED.,.F.,.F.,.F.)B_SPLINE_SURFACE_WITH_KNOTS((4,4),(4,4),(0.022138189960001,0.977861810040235),(0.4565549391734,0.7138120118977),.UNSPECIFIED.)RATIONAL_B_SPLINE_SURFACE(((1.86358708207659,1.86358708207659,1.86358708207659,1.86358708207659),(0.712137639307384,0.712137639307384,0.712137639307384,0.712137639307384),(0.712137639307669,0.712137639307669,0.712137639307669,0.712137639307669),(1.86358708207745,1.86358708207745,1.86358708207745,1.86358708207745)))BOUNDED_SURFACE()REPRESENTATION_ITEM('')GEOMETRIC_REPRESENTATION_ITEM()SURFACE());
#1039=FACE_OUTER_BOUND('',#1937,.T.);
#1040=PLANE('',#1938);
#1041=FACE_OUTER_BOUND('',#1939,.T.);
#1042=CYLINDRICAL_SURFACE('',#1940,0.43);
#1043=FACE_OUTER_BOUND('',#1941,.T.);
#1044=PLANE('',#1942);
#1045=FACE_OUTER_BOUND('',#1943,.T.);
#1046=CYLINDRICAL_SURFACE('',#1944,0.7525099521162);
#1047=FACE_OUTER_BOUND('',#1945,.T.);
#1048=PLANE('',#1946);
#1049=FACE_OUTER_BOUND('',#1947,.T.);
#1050=PLANE('',#1948);
#1051=FACE_OUTER_BOUND('',#1949,.T.);
#1052=PLANE('',#1950);
#1053=FACE_OUTER_BOUND('',#1951,.T.);
#1054=PLANE('',#1952);
#1055=FACE_OUTER_BOUND('',#1953,.T.);
#1056=(B_SPLINE_SURFACE(3,3,((#1955,#1956,#1957,#1958),(#1959,#1960,#1961,#1962),(#1963,#1964,#1965,#1966),(#1967,#1968,#1969,#1970)),.UNSPECIFIED.,.F.,.F.,.F.)B_SPLINE_SURFACE_WITH_KNOTS((4,4),(4,4),(0.0221337481502649,0.97786625184997),(0.2857160222323,0.5431431909421),.UNSPECIFIED.)RATIONAL_B_SPLINE_SURFACE(((1.86360313653944,1.86360313653944,1.86360313653944,1.86360313653944),(0.71213228781977,0.71213228781977,0.71213228781977,0.71213228781977),(0.712132287820054,0.712132287820054,0.712132287820054,0.712132287820054),(1.86360313654029,1.86360313654029,1.86360313654029,1.86360313654029)))BOUNDED_SURFACE()REPRESENTATION_ITEM('')GEOMETRIC_REPRESENTATION_ITEM()SURFACE());
#1057=FACE_OUTER_BOUND('',#1977,.T.);
#1058=PLANE('',#1978);
#1059=FACE_OUTER_BOUND('',#1979,.T.);
#1060=PLANE('',#1980);
#1061=FACE_OUTER_BOUND('',#1981,.T.);
#1062=PLANE('',#1982);
#1063=FACE_OUTER_BOUND('',#1983,.T.);
#1064=CYLINDRICAL_SURFACE('',#1984,0.43);
#1065=FACE_OUTER_BOUND('',#1985,.T.);
#1066=PLANE('',#1986);
#1067=FACE_OUTER_BOUND('',#1987,.T.);
#1068=CYLINDRICAL_SURFACE('',#1988,0.7525099521162);
#1069=FACE_OUTER_BOUND('',#1989,.T.);
#1070=CYLINDRICAL_SURFACE('',#1990,1.070509952116);
#1071=FACE_OUTER_BOUND('',#1991,.T.);
#1072=PLANE('',#1992);
#1073=FACE_OUTER_BOUND('',#1993,.T.);
#1074=CYLINDRICAL_SURFACE('',#1994,0.112);
#1075=FACE_OUTER_BOUND('',#1995,.T.);
#1076=PLANE('',#1996);
#1077=FACE_OUTER_BOUND('',#1997,.T.);
#1078=CYLINDRICAL_SURFACE('',#1998,0.638);
#1079=FACE_OUTER_BOUND('',#1999,.T.);
#1080=PLANE('',#2000);
#1081=FACE_OUTER_BOUND('',#2001,.T.);
#1082=PLANE('',#2002);
#1083=FACE_OUTER_BOUND('',#2003,.T.);
#1084=PLANE('',#2004);
#1085=FACE_OUTER_BOUND('',#2005,.T.);
#1086=CYLINDRICAL_SURFACE('',#2006,0.638);
#1087=FACE_OUTER_BOUND('',#2007,.T.);
#1088=FACE_BOUND('',#2008,.T.);
#1089=FACE_BOUND('',#2009,.T.);
#1090=FACE_BOUND('',#2010,.T.);
#1091=FACE_BOUND('',#2011,.T.);
#1092=PLANE('',#2012);
#1093=FACE_OUTER_BOUND('',#2013,.T.);
#1094=PLANE('',#2014);
#1095=FACE_OUTER_BOUND('',#2015,.T.);
#1096=PLANE('',#2016);
#1097=FACE_OUTER_BOUND('',#2017,.T.);
#1098=PLANE('',#2018);
#1099=FACE_OUTER_BOUND('',#2019,.T.);
#1100=PLANE('',#2020);
#1101=FACE_OUTER_BOUND('',#2021,.T.);
#1102=PLANE('',#2022);
#1103=FACE_OUTER_BOUND('',#2023,.T.);
#1104=PLANE('',#2024);
#1105=FACE_OUTER_BOUND('',#2025,.T.);
#1106=PLANE('',#2026);
#1107=FACE_OUTER_BOUND('',#2027,.T.);
#1108=PLANE('',#2028);
#1109=FACE_OUTER_BOUND('',#2029,.T.);
#1110=PLANE('',#2030);
#1111=FACE_OUTER_BOUND('',#2031,.T.);
#1112=PLANE('',#2032);
#1113=FACE_OUTER_BOUND('',#2033,.T.);
#1114=PLANE('',#2034);
#1115=FACE_OUTER_BOUND('',#2035,.T.);
#1116=PLANE('',#2036);
#1117=FACE_OUTER_BOUND('',#2037,.T.);
#1118=PLANE('',#2038);
#1119=FACE_OUTER_BOUND('',#2039,.T.);
#1120=PLANE('',#2040);
#1121=FACE_OUTER_BOUND('',#2041,.T.);
#1122=PLANE('',#2042);
#1123=FACE_OUTER_BOUND('',#2043,.T.);
#1124=PLANE('',#2044);
#1125=FACE_OUTER_BOUND('',#2045,.T.);
#1126=CYLINDRICAL_SURFACE('',#2046,0.501);
#1127=FACE_OUTER_BOUND('',#2047,.T.);
#1128=PLANE('',#2048);
#1129=FACE_OUTER_BOUND('',#2049,.T.);
#1130=CYLINDRICAL_SURFACE('',#2050,0.25);
#1131=FACE_OUTER_BOUND('',#2051,.T.);
#1132=PLANE('',#2052);
#1133=FACE_OUTER_BOUND('',#2053,.T.);
#1134=PLANE('',#2054);
#1135=FACE_OUTER_BOUND('',#2055,.T.);
#1136=PLANE('',#2056);
#1137=FACE_OUTER_BOUND('',#2057,.T.);
#1138=PLANE('',#2058);
#1139=FACE_OUTER_BOUND('',#2059,.T.);
#1140=CYLINDRICAL_SURFACE('',#2060,0.501);
#1141=FACE_OUTER_BOUND('',#2061,.T.);
#1142=PLANE('',#2062);
#1143=FACE_OUTER_BOUND('',#2063,.T.);
#1144=CYLINDRICAL_SURFACE('',#2064,0.25);
#1145=FACE_OUTER_BOUND('',#2065,.T.);
#1146=PLANE('',#2066);
#1147=FACE_OUTER_BOUND('',#2067,.T.);
#1148=PLANE('',#2068);
#1149=FACE_OUTER_BOUND('',#2069,.T.);
#1150=PLANE('',#2070);
#1151=FACE_OUTER_BOUND('',#2071,.T.);
#1152=PLANE('',#2072);
#1153=FACE_OUTER_BOUND('',#2073,.T.);
#1154=CYLINDRICAL_SURFACE('',#2074,0.25);
#1155=FACE_OUTER_BOUND('',#2075,.T.);
#1156=PLANE('',#2076);
#1157=FACE_OUTER_BOUND('',#2077,.T.);
#1158=CYLINDRICAL_SURFACE('',#2078,0.501);
#1159=FACE_OUTER_BOUND('',#2079,.T.);
#1160=PLANE('',#2080);
#1161=FACE_OUTER_BOUND('',#2081,.T.);
#1162=PLANE('',#2082);
#1163=FACE_OUTER_BOUND('',#2083,.T.);
#1164=PLANE('',#2084);
#1165=FACE_OUTER_BOUND('',#2085,.T.);
#1166=PLANE('',#2086);
#1167=FACE_OUTER_BOUND('',#2087,.T.);
#1168=CYLINDRICAL_SURFACE('',#2088,0.25);
#1169=FACE_OUTER_BOUND('',#2089,.T.);
#1170=PLANE('',#2090);
#1171=FACE_OUTER_BOUND('',#2091,.T.);
#1172=CYLINDRICAL_SURFACE('',#2092,0.501);
#1173=FACE_OUTER_BOUND('',#2093,.T.);
#1174=PLANE('',#2094);
#1175=FACE_OUTER_BOUND('',#2095,.T.);
#1176=PLANE('',#2096);
#1177=FACE_OUTER_BOUND('',#2097,.T.);
#1178=PLANE('',#2098);
#1179=FACE_OUTER_BOUND('',#2099,.T.);
#1180=PLANE('',#2100);
#1181=FACE_OUTER_BOUND('',#2101,.T.);
#1182=PLANE('',#2102);
#1183=FACE_OUTER_BOUND('',#2103,.T.);
#1184=CYLINDRICAL_SURFACE('',#2104,0.112);
#1185=FACE_OUTER_BOUND('',#2105,.T.);
#1186=PLANE('',#2106);
#1187=FACE_OUTER_BOUND('',#2107,.T.);
#1188=CYLINDRICAL_SURFACE('',#2108,0.638);
#1189=FACE_OUTER_BOUND('',#2109,.T.);
#1190=PLANE('',#2110);
#1191=FACE_OUTER_BOUND('',#2111,.T.);
#1192=PLANE('',#2112);
#1193=FACE_OUTER_BOUND('',#2113,.T.);
#1194=PLANE('',#2114);
#1195=FACE_OUTER_BOUND('',#2115,.T.);
#1196=PLANE('',#2116);
#1197=FACE_OUTER_BOUND('',#2117,.T.);
#1198=PLANE('',#2118);
#1199=FACE_OUTER_BOUND('',#2119,.T.);
#1200=PLANE('',#2120);
#1201=FACE_OUTER_BOUND('',#2121,.T.);
#1202=PLANE('',#2122);
#1203=FACE_OUTER_BOUND('',#2123,.T.);
#1204=PLANE('',#2124);
#1205=FACE_OUTER_BOUND('',#2125,.T.);
#1206=CYLINDRICAL_SURFACE('',#2126,0.3);
#1207=FACE_OUTER_BOUND('',#2127,.T.);
#1208=CYLINDRICAL_SURFACE('',#2128,0.62);
#1209=FACE_OUTER_BOUND('',#2129,.T.);
#1210=CYLINDRICAL_SURFACE('',#2130,0.3);
#1211=FACE_OUTER_BOUND('',#2131,.T.);
#1212=CYLINDRICAL_SURFACE('',#2132,0.3);
#1213=EDGE_LOOP('',(#2133,#2134,#2135,#2136));
#1214=AXIS2_PLACEMENT_3D('',#2137,#2138,#2139);
#1215=EDGE_LOOP('',(#2140,#2141,#2142,#2143));
#1216=AXIS2_PLACEMENT_3D('',#2144,#2145,#2146);
#1217=EDGE_LOOP('',(#2147,#2148,#2149,#2150));
#1218=AXIS2_PLACEMENT_3D('',#2151,#2152,#2153);
#1219=EDGE_LOOP('',(#2154,#2155,#2156,#2157));
#1220=AXIS2_PLACEMENT_3D('',#2158,#2159,#2160);
#1221=EDGE_LOOP('',(#2161,#2162,#2163,#2164));
#1222=AXIS2_PLACEMENT_3D('',#2165,#2166,#2167);
#1223=EDGE_LOOP('',(#2168,#2169,#2170,#2171));
#1224=AXIS2_PLACEMENT_3D('',#2172,#2173,#2174);
#1225=EDGE_LOOP('',(#2175,#2176,#2177,#2178));
#1226=AXIS2_PLACEMENT_3D('',#2179,#2180,#2181);
#1227=EDGE_LOOP('',(#2182,#2183,#2184,#2185));
#1228=AXIS2_PLACEMENT_3D('',#2186,#2187,#2188);
#1229=EDGE_LOOP('',(#2189,#2190,#2191,#2192));
#1230=AXIS2_PLACEMENT_3D('',#2193,#2194,#2195);
#1231=EDGE_LOOP('',(#2196,#2197,#2198,#2199));
#1232=AXIS2_PLACEMENT_3D('',#2200,#2201,#2202);
#1233=EDGE_LOOP('',(#2203,#2204,#2205,#2206));
#1234=AXIS2_PLACEMENT_3D('',#2207,#2208,#2209);
#1235=EDGE_LOOP('',(#2210,#2211,#2212,#2213));
#1236=AXIS2_PLACEMENT_3D('',#2214,#2215,#2216);
#1237=EDGE_LOOP('',(#2217,#2218,#2219,#2220));
#1238=AXIS2_PLACEMENT_3D('',#2221,#2222,#2223);
#1239=EDGE_LOOP('',(#2224,#2225,#2226,#2227));
#1240=AXIS2_PLACEMENT_3D('',#2228,#2229,#2230);
#1241=EDGE_LOOP('',(#2231,#2232,#2233,#2234,#2235,#2236));
#1242=AXIS2_PLACEMENT_3D('',#2237,#2238,#2239);
#1243=EDGE_LOOP('',(#2240,#2241,#2242,#2243));
#1244=AXIS2_PLACEMENT_3D('',#2244,#2245,#2246);
#1245=EDGE_LOOP('',(#2247,#2248,#2249,#2250,#2251,#2252));
#1246=AXIS2_PLACEMENT_3D('',#2253,#2254,#2255);
#1247=EDGE_LOOP('',(#2256,#2257,#2258,#2259));
#1248=AXIS2_PLACEMENT_3D('',#2260,#2261,#2262);
#1249=EDGE_LOOP('',(#2263,#2264,#2265,#2266));
#1250=AXIS2_PLACEMENT_3D('',#2267,#2268,#2269);
#1251=EDGE_LOOP('',(#2270,#2271,#2272,#2273,#2274,#2275));
#1252=AXIS2_PLACEMENT_3D('',#2276,#2277,#2278);
#1253=EDGE_LOOP('',(#2279,#2280,#2281,#2282,#2283,#2284));
#1254=AXIS2_PLACEMENT_3D('',#2285,#2286,#2287);
#1255=EDGE_LOOP('',(#2288,#2289,#2290,#2291,#2292,#2293));
#1256=AXIS2_PLACEMENT_3D('',#2294,#2295,#2296);
#1257=EDGE_LOOP('',(#2297,#2298,#2299,#2300,#2301,#2302));
#1258=AXIS2_PLACEMENT_3D('',#2303,#2304,#2305);
#1259=EDGE_LOOP('',(#2306,#2307,#2308,#2309,#2310,#2311));
#1260=EDGE_LOOP('',(#2312,#2313,#2314,#2315,#2316,#2317));
#1261=EDGE_LOOP('',(#2318,#2319,#2320,#2321,#2322,#2323));
#1262=AXIS2_PLACEMENT_3D('',#2324,#2325,#2326);
#1263=EDGE_LOOP('',(#2327,#2328,#2329,#2330));
#1264=AXIS2_PLACEMENT_3D('',#2331,#2332,#2333);
#1265=EDGE_LOOP('',(#2334,#2335,#2336,#2337));
#1266=AXIS2_PLACEMENT_3D('',#2338,#2339,#2340);
#1267=EDGE_LOOP('',(#2341,#2342,#2343,#2344));
#1268=AXIS2_PLACEMENT_3D('',#2345,#2346,#2347);
#1269=EDGE_LOOP('',(#2348,#2349,#2350,#2351,#2352,#2353));
#1270=EDGE_LOOP('',(#2354,#2355,#2356,#2357,#2358,#2359));
#1271=EDGE_LOOP('',(#2360,#2361,#2362,#2363,#2364,#2365));
#1272=AXIS2_PLACEMENT_3D('',#2366,#2367,#2368);
#1273=EDGE_LOOP('',(#2369,#2370,#2371,#2372,#2373,#2374));
#1274=AXIS2_PLACEMENT_3D('',#2375,#2376,#2377);
#1275=EDGE_LOOP('',(#2378,#2379,#2380,#2381));
#1276=AXIS2_PLACEMENT_3D('',#2382,#2383,#2384);
#1277=EDGE_LOOP('',(#2385,#2386,#2387,#2388,#2389,#2390));
#1278=AXIS2_PLACEMENT_3D('',#2391,#2392,#2393);
#1279=EDGE_LOOP('',(#2394,#2395,#2396,#2397,#2398,#2399,#2400,#2401,#2402,#2403));
#1280=AXIS2_PLACEMENT_3D('',#2404,#2405,#2406);
#1281=EDGE_LOOP('',(#2407,#2408,#2409,#2410));
#1282=AXIS2_PLACEMENT_3D('',#2411,#2412,#2413);
#1283=EDGE_LOOP('',(#2414,#2415,#2416,#2417,#2418,#2419));
#1284=AXIS2_PLACEMENT_3D('',#2420,#2421,#2422);
#1285=EDGE_LOOP('',(#2423,#2424,#2425,#2426));
#1286=AXIS2_PLACEMENT_3D('',#2427,#2428,#2429);
#1287=EDGE_LOOP('',(#2430,#2431,#2432,#2433,#2434,#2435));
#1288=AXIS2_PLACEMENT_3D('',#2436,#2437,#2438);
#1289=EDGE_LOOP('',(#2439,#2440,#2441,#2442));
#1290=AXIS2_PLACEMENT_3D('',#2443,#2444,#2445);
#1291=EDGE_LOOP('',(#2446,#2447,#2448,#2449));
#1292=AXIS2_PLACEMENT_3D('',#2450,#2451,#2452);
#1293=EDGE_LOOP('',(#2453,#2454,#2455,#2456,#2457,#2458,#2459,#2460,#2461,#2462));
#1294=AXIS2_PLACEMENT_3D('',#2463,#2464,#2465);
#1295=EDGE_LOOP('',(#2466,#2467,#2468,#2469));
#1296=AXIS2_PLACEMENT_3D('',#2470,#2471,#2472);
#1297=EDGE_LOOP('',(#2473,#2474,#2475,#2476));
#1298=AXIS2_PLACEMENT_3D('',#2477,#2478,#2479);
#1299=EDGE_LOOP('',(#2480,#2481,#2482,#2483));
#1300=AXIS2_PLACEMENT_3D('',#2484,#2485,#2486);
#1301=EDGE_LOOP('',(#2487,#2488,#2489,#2490));
#1302=AXIS2_PLACEMENT_3D('',#2491,#2492,#2493);
#1303=EDGE_LOOP('',(#2494,#2495,#2496,#2497));
#1304=AXIS2_PLACEMENT_3D('',#2498,#2499,#2500);
#1305=EDGE_LOOP('',(#2501,#2502,#2503,#2504));
#1306=AXIS2_PLACEMENT_3D('',#2505,#2506,#2507);
#1307=EDGE_LOOP('',(#2508,#2509,#2510,#2511));
#1308=AXIS2_PLACEMENT_3D('',#2512,#2513,#2514);
#1309=EDGE_LOOP('',(#2515,#2516,#2517,#2518,#2519,#2520));
#1310=EDGE_LOOP('',(#2521,#2522,#2523,#2524,#2525,#2526));
#1311=EDGE_LOOP('',(#2527,#2528,#2529,#2530,#2531,#2532));
#1312=AXIS2_PLACEMENT_3D('',#2533,#2534,#2535);
#1313=EDGE_LOOP('',(#2536,#2537,#2538,#2539,#2540,#2541));
#1314=AXIS2_PLACEMENT_3D('',#2542,#2543,#2544);
#1315=EDGE_LOOP('',(#2545,#2546,#2547,#2548));
#1316=AXIS2_PLACEMENT_3D('',#2549,#2550,#2551);
#1317=EDGE_LOOP('',(#2552,#2553,#2554,#2555,#2556,#2557));
#1318=EDGE_LOOP('',(#2558,#2559,#2560,#2561,#2562,#2563));
#1319=EDGE_LOOP('',(#2564,#2565,#2566,#2567,#2568,#2569));
#1320=AXIS2_PLACEMENT_3D('',#2570,#2571,#2572);
#1321=EDGE_LOOP('',(#2573,#2574,#2575,#2576));
#1322=AXIS2_PLACEMENT_3D('',#2577,#2578,#2579);
#1323=EDGE_LOOP('',(#2580,#2581,#2582,#2583,#2584,#2585,#2586,#2587,#2588,#2589));
#1324=AXIS2_PLACEMENT_3D('',#2590,#2591,#2592);
#1325=EDGE_LOOP('',(#2593,#2594,#2595,#2596));
#1326=AXIS2_PLACEMENT_3D('',#2597,#2598,#2599);
#1327=EDGE_LOOP('',(#2600,#2601,#2602,#2603,#2604,#2605));
#1328=AXIS2_PLACEMENT_3D('',#2606,#2607,#2608);
#1329=EDGE_LOOP('',(#2609,#2610,#2611,#2612));
#1330=AXIS2_PLACEMENT_3D('',#2613,#2614,#2615);
#1331=EDGE_LOOP('',(#2616,#2617,#2618,#2619,#2620,#2621));
#1332=AXIS2_PLACEMENT_3D('',#2622,#2623,#2624);
#1333=EDGE_LOOP('',(#2625,#2626,#2627,#2628));
#1334=AXIS2_PLACEMENT_3D('',#2629,#2630,#2631);
#1335=EDGE_LOOP('',(#2632,#2633,#2634,#2635));
#1336=AXIS2_PLACEMENT_3D('',#2636,#2637,#2638);
#1337=EDGE_LOOP('',(#2639,#2640,#2641,#2642,#2643,#2644,#2645,#2646,#2647,#2648));
#1338=AXIS2_PLACEMENT_3D('',#2649,#2650,#2651);
#1339=EDGE_LOOP('',(#2652,#2653,#2654,#2655));
#1340=AXIS2_PLACEMENT_3D('',#2656,#2657,#2658);
#1341=EDGE_LOOP('',(#2659,#2660,#2661,#2662,#2663,#2664));
#1342=AXIS2_PLACEMENT_3D('',#2665,#2666,#2667);
#1343=EDGE_LOOP('',(#2668,#2669,#2670,#2671));
#1344=AXIS2_PLACEMENT_3D('',#2672,#2673,#2674);
#1345=EDGE_LOOP('',(#2675,#2676,#2677,#2678));
#1346=AXIS2_PLACEMENT_3D('',#2679,#2680,#2681);
#1347=EDGE_LOOP('',(#2682,#2683,#2684,#2685,#2686,#2687));
#1348=AXIS2_PLACEMENT_3D('',#2688,#2689,#2690);
#1349=EDGE_LOOP('',(#2691,#2692,#2693,#2694,#2695,#2696,#2697,#2698,#2699,#2700));
#1350=AXIS2_PLACEMENT_3D('',#2701,#2702,#2703);
#1351=EDGE_LOOP('',(#2704,#2705,#2706,#2707));
#1352=AXIS2_PLACEMENT_3D('',#2708,#2709,#2710);
#1353=EDGE_LOOP('',(#2711,#2712,#2713,#2714,#2715,#2716));
#1354=AXIS2_PLACEMENT_3D('',#2717,#2718,#2719);
#1355=EDGE_LOOP('',(#2720,#2721,#2722,#2723));
#1356=AXIS2_PLACEMENT_3D('',#2724,#2725,#2726);
#1357=EDGE_LOOP('',(#2727,#2728,#2729,#2730,#2731,#2732));
#1358=AXIS2_PLACEMENT_3D('',#2733,#2734,#2735);
#1359=EDGE_LOOP('',(#2736,#2737,#2738,#2739));
#1360=AXIS2_PLACEMENT_3D('',#2740,#2741,#2742);
#1361=EDGE_LOOP('',(#2743,#2744,#2745,#2746));
#1362=AXIS2_PLACEMENT_3D('',#2747,#2748,#2749);
#1363=EDGE_LOOP('',(#2750,#2751,#2752,#2753,#2754,#2755,#2756,#2757,#2758,#2759));
#1364=AXIS2_PLACEMENT_3D('',#2760,#2761,#2762);
#1365=EDGE_LOOP('',(#2763,#2764,#2765,#2766));
#1366=AXIS2_PLACEMENT_3D('',#2767,#2768,#2769);
#1367=EDGE_LOOP('',(#2770,#2771,#2772,#2773));
#1368=AXIS2_PLACEMENT_3D('',#2774,#2775,#2776);
#1369=EDGE_LOOP('',(#2777,#2778,#2779,#2780));
#1370=AXIS2_PLACEMENT_3D('',#2781,#2782,#2783);
#1371=EDGE_LOOP('',(#2784,#2785,#2786,#2787));
#1372=AXIS2_PLACEMENT_3D('',#2788,#2789,#2790);
#1373=EDGE_LOOP('',(#2791,#2792,#2793,#2794));
#1374=AXIS2_PLACEMENT_3D('',#2795,#2796,#2797);
#1375=EDGE_LOOP('',(#2798,#2799,#2800,#2801,#2802,#2803));
#1376=AXIS2_PLACEMENT_3D('',#2804,#2805,#2806);
#1377=EDGE_LOOP('',(#2807,#2808,#2809,#2810));
#1378=AXIS2_PLACEMENT_3D('',#2811,#2812,#2813);
#1379=EDGE_LOOP('',(#2814,#2815,#2816,#2817,#2818,#2819));
#1380=AXIS2_PLACEMENT_3D('',#2820,#2821,#2822);
#1381=EDGE_LOOP('',(#2823,#2824,#2825,#2826,#2827,#2828,#2829,#2830,#2831,#2832));
#1382=AXIS2_PLACEMENT_3D('',#2833,#2834,#2835);
#1383=EDGE_LOOP('',(#2836,#2837,#2838,#2839));
#1384=AXIS2_PLACEMENT_3D('',#2840,#2841,#2842);
#1385=EDGE_LOOP('',(#2843,#2844,#2845,#2846,#2847,#2848));
#1386=AXIS2_PLACEMENT_3D('',#2849,#2850,#2851);
#1387=EDGE_LOOP('',(#2852,#2853,#2854,#2855));
#1388=AXIS2_PLACEMENT_3D('',#2856,#2857,#2858);
#1389=EDGE_LOOP('',(#2859,#2860,#2861,#2862,#2863,#2864));
#1390=AXIS2_PLACEMENT_3D('',#2865,#2866,#2867);
#1391=EDGE_LOOP('',(#2868,#2869,#2870,#2871));
#1392=AXIS2_PLACEMENT_3D('',#2872,#2873,#2874);
#1393=EDGE_LOOP('',(#2875,#2876,#2877,#2878));
#1394=AXIS2_PLACEMENT_3D('',#2879,#2880,#2881);
#1395=EDGE_LOOP('',(#2882,#2883,#2884,#2885,#2886,#2887,#2888,#2889,#2890,#2891));
#1396=AXIS2_PLACEMENT_3D('',#2892,#2893,#2894);
#1397=EDGE_LOOP('',(#2895,#2896,#2897,#2898));
#1398=AXIS2_PLACEMENT_3D('',#2899,#2900,#2901);
#1399=EDGE_LOOP('',(#2902,#2903,#2904,#2905));
#1400=AXIS2_PLACEMENT_3D('',#2906,#2907,#2908);
#1401=EDGE_LOOP('',(#2909,#2910,#2911,#2912));
#1402=AXIS2_PLACEMENT_3D('',#2913,#2914,#2915);
#1403=EDGE_LOOP('',(#2916,#2917,#2918,#2919));
#1404=AXIS2_PLACEMENT_3D('',#2920,#2921,#2922);
#1405=EDGE_LOOP('',(#2923,#2924,#2925,#2926));
#1406=AXIS2_PLACEMENT_3D('',#2927,#2928,#2929);
#1407=EDGE_LOOP('',(#2930,#2931,#2932,#2933));
#1408=AXIS2_PLACEMENT_3D('',#2934,#2935,#2936);
#1409=EDGE_LOOP('',(#2937,#2938,#2939,#2940,#2941,#2942));
#1410=AXIS2_PLACEMENT_3D('',#2943,#2944,#2945);
#1411=EDGE_LOOP('',(#2946,#2947,#2948,#2949));
#1412=AXIS2_PLACEMENT_3D('',#2950,#2951,#2952);
#1413=EDGE_LOOP('',(#2953,#2954,#2955,#2956));
#1414=AXIS2_PLACEMENT_3D('',#2957,#2958,#2959);
#1415=EDGE_LOOP('',(#2960,#2961,#2962,#2963));
#1416=AXIS2_PLACEMENT_3D('',#2964,#2965,#2966);
#1417=EDGE_LOOP('',(#2967,#2968,#2969,#2970));
#1418=AXIS2_PLACEMENT_3D('',#2971,#2972,#2973);
#1419=EDGE_LOOP('',(#2974,#2975,#2976,#2977,#2978,#2979));
#1420=AXIS2_PLACEMENT_3D('',#2980,#2981,#2982);
#1421=EDGE_LOOP('',(#2983,#2984,#2985,#2986,#2987,#2988));
#1422=AXIS2_PLACEMENT_3D('',#2989,#2990,#2991);
#1423=EDGE_LOOP('',(#2992,#2993,#2994,#2995));
#1424=AXIS2_PLACEMENT_3D('',#2996,#2997,#2998);
#1425=EDGE_LOOP('',(#2999,#3000,#3001,#3002,#3003,#3004));
#1426=AXIS2_PLACEMENT_3D('',#3005,#3006,#3007);
#1427=EDGE_LOOP('',(#3008,#3009,#3010,#3011));
#1428=AXIS2_PLACEMENT_3D('',#3012,#3013,#3014);
#1429=EDGE_LOOP('',(#3015,#3016,#3017,#3018,#3019,#3020));
#1430=AXIS2_PLACEMENT_3D('',#3021,#3022,#3023);
#1431=EDGE_LOOP('',(#3024,#3025,#3026,#3027));
#1432=AXIS2_PLACEMENT_3D('',#3028,#3029,#3030);
#1433=EDGE_LOOP('',(#3031,#3032,#3033,#3034,#3035,#3036));
#1434=AXIS2_PLACEMENT_3D('',#3037,#3038,#3039);
#1435=EDGE_LOOP('',(#3040,#3041,#3042,#3043));
#1436=AXIS2_PLACEMENT_3D('',#3044,#3045,#3046);
#1437=EDGE_LOOP('',(#3047,#3048,#3049,#3050,#3051,#3052,#3053,#3054));
#1438=AXIS2_PLACEMENT_3D('',#3055,#3056,#3057);
#1439=EDGE_LOOP('',(#3058,#3059,#3060,#3061,#3062,#3063,#3064,#3065));
#1440=AXIS2_PLACEMENT_3D('',#3066,#3067,#3068);
#1441=EDGE_LOOP('',(#3069,#3070,#3071,#3072,#3073,#3074,#3075,#3076));
#1442=AXIS2_PLACEMENT_3D('',#3077,#3078,#3079);
#1443=EDGE_LOOP('',(#3080,#3081,#3082,#3083,#3084,#3085,#3086,#3087));
#1444=AXIS2_PLACEMENT_3D('',#3088,#3089,#3090);
#1445=EDGE_LOOP('',(#3091,#3092,#3093,#3094));
#1446=AXIS2_PLACEMENT_3D('',#3095,#3096,#3097);
#1447=EDGE_LOOP('',(#3098,#3099,#3100,#3101,#3102,#3103));
#1448=AXIS2_PLACEMENT_3D('',#3104,#3105,#3106);
#1449=EDGE_LOOP('',(#3107,#3108,#3109,#3110,#3111,#3112,#3113,#3114,#3115));
#1450=EDGE_LOOP('',(#3116,#3117,#3118,#3119,#3120,#3121,#3122,#3123,#3124,#3125,#3126,#3127));
#1451=EDGE_LOOP('',(#3128,#3129,#3130,#3131,#3132,#3133,#3134,#3135));
#1452=AXIS2_PLACEMENT_3D('',#3136,#3137,#3138);
#1453=EDGE_LOOP('',(#3139,#3140,#3141,#3142));
#1454=AXIS2_PLACEMENT_3D('',#3143,#3144,#3145);
#1455=EDGE_LOOP('',(#3146,#3147,#3148,#3149));
#1456=AXIS2_PLACEMENT_3D('',#3150,#3151,#3152);
#1457=EDGE_LOOP('',(#3153,#3154,#3155,#3156));
#1458=AXIS2_PLACEMENT_3D('',#3157,#3158,#3159);
#1459=EDGE_LOOP('',(#3160,#3161,#3162,#3163));
#1460=AXIS2_PLACEMENT_3D('',#3164,#3165,#3166);
#1461=EDGE_LOOP('',(#3167,#3168,#3169,#3170));
#1462=AXIS2_PLACEMENT_3D('',#3171,#3172,#3173);
#1463=EDGE_LOOP('',(#3174,#3175,#3176,#3177));
#1464=AXIS2_PLACEMENT_3D('',#3178,#3179,#3180);
#1465=EDGE_LOOP('',(#3181,#3182,#3183,#3184));
#1466=AXIS2_PLACEMENT_3D('',#3185,#3186,#3187);
#1467=EDGE_LOOP('',(#3188,#3189,#3190,#3191));
#1468=AXIS2_PLACEMENT_3D('',#3192,#3193,#3194);
#1469=EDGE_LOOP('',(#3195,#3196,#3197,#3198,#3199,#3200,#3201,#3202));
#1470=EDGE_LOOP('',(#3203,#3204,#3205,#3206));
#1471=AXIS2_PLACEMENT_3D('',#3207,#3208,#3209);
#1472=EDGE_LOOP('',(#3210,#3211,#3212,#3213));
#1473=AXIS2_PLACEMENT_3D('',#3214,#3215,#3216);
#1474=EDGE_LOOP('',(#3217,#3218,#3219,#3220));
#1475=AXIS2_PLACEMENT_3D('',#3221,#3222,#3223);
#1476=EDGE_LOOP('',(#3224,#3225,#3226,#3227,#3228,#3229,#3230,#3231));
#1477=EDGE_LOOP('',(#3232,#3233,#3234,#3235));
#1478=AXIS2_PLACEMENT_3D('',#3236,#3237,#3238);
#1479=EDGE_LOOP('',(#3239,#3240,#3241,#3242));
#1480=AXIS2_PLACEMENT_3D('',#3243,#3244,#3245);
#1481=EDGE_LOOP('',(#3246,#3247,#3248,#3249,#3250,#3251,#3252,#3253,#3254));
#1482=EDGE_LOOP('',(#3255,#3256,#3257,#3258,#3259,#3260,#3261,#3262,#3263,#3264,#3265,#3266));
#1483=EDGE_LOOP('',(#3267,#3268,#3269,#3270,#3271,#3272,#3273,#3274));
#1484=AXIS2_PLACEMENT_3D('',#3275,#3276,#3277);
#1485=EDGE_LOOP('',(#3278,#3279,#3280,#3281));
#1486=AXIS2_PLACEMENT_3D('',#3282,#3283,#3284);
#1487=EDGE_LOOP('',(#3285,#3286,#3287,#3288));
#1488=AXIS2_PLACEMENT_3D('',#3289,#3290,#3291);
#1489=EDGE_LOOP('',(#3292,#3293,#3294,#3295));
#1490=AXIS2_PLACEMENT_3D('',#3296,#3297,#3298);
#1491=EDGE_LOOP('',(#3299,#3300,#3301,#3302));
#1492=AXIS2_PLACEMENT_3D('',#3303,#3304,#3305);
#1493=EDGE_LOOP('',(#3306,#3307,#3308,#3309));
#1494=AXIS2_PLACEMENT_3D('',#3310,#3311,#3312);
#1495=EDGE_LOOP('',(#3313,#3314,#3315,#3316));
#1496=AXIS2_PLACEMENT_3D('',#3317,#3318,#3319);
#1497=EDGE_LOOP('',(#3320,#3321,#3322,#3323));
#1498=AXIS2_PLACEMENT_3D('',#3324,#3325,#3326);
#1499=EDGE_LOOP('',(#3327,#3328,#3329,#3330));
#1500=AXIS2_PLACEMENT_3D('',#3331,#3332,#3333);
#1501=EDGE_LOOP('',(#3334,#3335,#3336,#3337));
#1502=AXIS2_PLACEMENT_3D('',#3338,#3339,#3340);
#1503=EDGE_LOOP('',(#3341,#3342,#3343,#3344));
#1504=AXIS2_PLACEMENT_3D('',#3345,#3346,#3347);
#1505=EDGE_LOOP('',(#3348,#3349,#3350,#3351));
#1506=AXIS2_PLACEMENT_3D('',#3352,#3353,#3354);
#1507=EDGE_LOOP('',(#3355,#3356,#3357,#3358));
#1508=AXIS2_PLACEMENT_3D('',#3359,#3360,#3361);
#1509=EDGE_LOOP('',(#3362,#3363,#3364,#3365));
#1510=AXIS2_PLACEMENT_3D('',#3366,#3367,#3368);
#1511=EDGE_LOOP('',(#3369,#3370,#3371,#3372));
#1512=AXIS2_PLACEMENT_3D('',#3373,#3374,#3375);
#1513=EDGE_LOOP('',(#3376,#3377,#3378,#3379));
#1514=AXIS2_PLACEMENT_3D('',#3380,#3381,#3382);
#1515=EDGE_LOOP('',(#3383,#3384,#3385,#3386));
#1516=AXIS2_PLACEMENT_3D('',#3387,#3388,#3389);
#1517=EDGE_LOOP('',(#3390,#3391,#3392,#3393));
#1518=AXIS2_PLACEMENT_3D('',#3394,#3395,#3396);
#1519=EDGE_LOOP('',(#3397,#3398,#3399,#3400));
#1520=AXIS2_PLACEMENT_3D('',#3401,#3402,#3403);
#1521=EDGE_LOOP('',(#3404,#3405,#3406,#3407));
#1522=AXIS2_PLACEMENT_3D('',#3408,#3409,#3410);
#1523=EDGE_LOOP('',(#3411,#3412,#3413,#3414));
#1524=AXIS2_PLACEMENT_3D('',#3415,#3416,#3417);
#1525=EDGE_LOOP('',(#3418,#3419,#3420,#3421));
#1526=AXIS2_PLACEMENT_3D('',#3422,#3423,#3424);
#1527=EDGE_LOOP('',(#3425,#3426,#3427,#3428));
#1528=AXIS2_PLACEMENT_3D('',#3429,#3430,#3431);
#1529=EDGE_LOOP('',(#3432,#3433,#3434,#3435));
#1530=AXIS2_PLACEMENT_3D('',#3436,#3437,#3438);
#1531=EDGE_LOOP('',(#3439,#3440,#3441,#3442));
#1532=AXIS2_PLACEMENT_3D('',#3443,#3444,#3445);
#1533=EDGE_LOOP('',(#3446,#3447,#3448,#3449));
#1534=AXIS2_PLACEMENT_3D('',#3450,#3451,#3452);
#1535=EDGE_LOOP('',(#3453,#3454,#3455,#3456,#3457));
#1536=AXIS2_PLACEMENT_3D('',#3458,#3459,#3460);
#1537=EDGE_LOOP('',(#3461,#3462,#3463));
#1538=AXIS2_PLACEMENT_3D('',#3464,#3465,#3466);
#1539=EDGE_LOOP('',(#3467,#3468,#3469));
#1540=AXIS2_PLACEMENT_3D('',#3470,#3471,#3472);
#1541=EDGE_LOOP('',(#3473,#3474,#3475));
#1542=AXIS2_PLACEMENT_3D('',#3476,#3477,#3478);
#1543=EDGE_LOOP('',(#3479,#3480,#3481));
#1544=AXIS2_PLACEMENT_3D('',#3482,#3483,#3484);
#1545=EDGE_LOOP('',(#3485,#3486,#3487,#3488,#3489));
#1546=AXIS2_PLACEMENT_3D('',#3490,#3491,#3492);
#1547=EDGE_LOOP('',(#3493,#3494,#3495,#3496,#3497,#3498));
#1548=EDGE_LOOP('',(#3499,#3500,#3501,#3502,#3503,#3504,#3505,#3506,#3507,#3508,#3509,#3510,#3511,#3512));
#1549=AXIS2_PLACEMENT_3D('',#3513,#3514,#3515);
#1550=EDGE_LOOP('',(#3516,#3517,#3518,#3519,#3520));
#1551=AXIS2_PLACEMENT_3D('',#3521,#3522,#3523);
#1552=EDGE_LOOP('',(#3524,#3525,#3526,#3527,#3528,#3529,#3530));
#1553=AXIS2_PLACEMENT_3D('',#3531,#3532,#3533);
#1554=EDGE_LOOP('',(#3534,#3535,#3536,#3537));
#1555=AXIS2_PLACEMENT_3D('',#3538,#3539,#3540);
#1556=EDGE_LOOP('',(#3541,#3542,#3543,#3544,#3545,#3546));
#1557=AXIS2_PLACEMENT_3D('',#3547,#3548,#3549);
#1558=EDGE_LOOP('',(#3550,#3551,#3552,#3553));
#1559=AXIS2_PLACEMENT_3D('',#3554,#3555,#3556);
#1560=EDGE_LOOP('',(#3557,#3558,#3559,#3560));
#1561=CARTESIAN_POINT('',(-5.67527129477,-0.4619933191747,-7.102763231011));
#1562=CARTESIAN_POINT('',(-5.664439904659,-0.45292271214,-7.192756818818));
#1563=CARTESIAN_POINT('',(-5.681122706625,-0.4415845723877,-7.379436319962));
#1564=CARTESIAN_POINT('',(-5.821944304539,-0.43478204637,-7.626484332703));
#1565=CARTESIAN_POINT('',(-6.053190331433,-0.4279796646217,-7.791979781711));
#1566=CARTESIAN_POINT('',(-6.237162298462,-0.4166418134084,-7.827783425223));
#1567=CARTESIAN_POINT('',(-6.327792779975,-0.4075713987329,-7.826269885961));
#1568=CARTESIAN_POINT('',(-5.78263510740023,-0.461815017615799,-7.11563312578118));
#1569=CARTESIAN_POINT('',(-5.77355506679112,-0.454286105910426,-7.19101472765512));
#1570=CARTESIAN_POINT('',(-5.7877402141711,-0.443763404929455,-7.34669157687914));
#1571=CARTESIAN_POINT('',(-5.90485266115567,-0.434782085189479,-7.55171037339172));
#1572=CARTESIAN_POINT('',(-6.09673224786085,-0.425800861623616,-7.68929768004102));
#1573=CARTESIAN_POINT('',(-6.25012310058739,-0.415278352990876,-7.71942673668068));
#1574=CARTESIAN_POINT('',(-6.32603891911831,-0.407749569517687,-7.71815168017622));
#1575=CARTESIAN_POINT('',(-5.88999582225714,-0.461636716056801,-7.12852881070493));
#1576=CARTESIAN_POINT('',(-5.88269747958517,-0.455649499680948,-7.18907585849952));
#1577=CARTESIAN_POINT('',(-5.89423885323353,-0.44594223747121,-7.31363539921387));
#1578=CARTESIAN_POINT('',(-5.98771634419562,-0.434782124009055,-7.47697669663203));
#1579=CARTESIAN_POINT('',(-6.14057170904696,-0.423622058625533,-7.58676586275312));
#1580=CARTESIAN_POINT('',(-6.26328244999577,-0.413914892573352,-7.61106319305404));
#1581=CARTESIAN_POINT('',(-6.32425910529845,-0.407927740302571,-7.61003390160088));
#1582=CARTESIAN_POINT('',(-5.99735343004871,-0.461458414497896,-7.141450284663));
#1583=CARTESIAN_POINT('',(-5.99186729429076,-0.457012893451473,-7.18694023087708));
#1584=CARTESIAN_POINT('',(-6.00061715534625,-0.448121070012966,-7.2802683099172));
#1585=CARTESIAN_POINT('',(-6.07053588859533,-0.434782162828537,-7.40228281998839));
#1586=CARTESIAN_POINT('',(-6.18470804371346,-0.421443255627544,-7.48438573663459));
#1587=CARTESIAN_POINT('',(-6.27664034283102,-0.412551432155922,-7.5026926419978));
#1588=CARTESIAN_POINT('',(-6.32245333867114,-0.408105911087362,-7.50191655957984));
#1589=EDGE_LOOP('',(#3561,#3562,#3563,#3564));
#1590=AXIS2_PLACEMENT_3D('',#3565,#3566,#3567);
#1591=EDGE_LOOP('',(#3568,#3569,#3570,#3571));
#1592=CARTESIAN_POINT('',(-5.99735343004871,0.461458414497896,-7.141450284663));
#1593=CARTESIAN_POINT('',(-5.99186729429076,0.457012893451473,-7.18694023087708));
#1594=CARTESIAN_POINT('',(-6.00061715534625,0.448121070012966,-7.2802683099172));
#1595=CARTESIAN_POINT('',(-6.07053588859533,0.434782162828537,-7.40228281998839));
#1596=CARTESIAN_POINT('',(-6.18470804371346,0.421443255627543,-7.48438573663459));
#1597=CARTESIAN_POINT('',(-6.27664034283102,0.412551432155922,-7.5026926419978));
#1598=CARTESIAN_POINT('',(-6.32245333867114,0.408105911087362,-7.50191655957984));
#1599=CARTESIAN_POINT('',(-5.88999582225714,0.461636716056801,-7.12852881070493));
#1600=CARTESIAN_POINT('',(-5.88269747958517,0.455649499680949,-7.18907585849952));
#1601=CARTESIAN_POINT('',(-5.89423885323353,0.44594223747121,-7.31363539921387));
#1602=CARTESIAN_POINT('',(-5.98771634419563,0.434782124009054,-7.47697669663203));
#1603=CARTESIAN_POINT('',(-6.14057170904696,0.423622058625533,-7.58676586275312));
#1604=CARTESIAN_POINT('',(-6.26328244999577,0.413914892573352,-7.61106319305404));
#1605=CARTESIAN_POINT('',(-6.32425910529845,0.407927740302571,-7.61003390160087));
#1606=CARTESIAN_POINT('',(-5.78263510740023,0.461815017615799,-7.11563312578118));
#1607=CARTESIAN_POINT('',(-5.77355506679112,0.454286105910426,-7.19101472765512));
#1608=CARTESIAN_POINT('',(-5.7877402141711,0.443763404929455,-7.34669157687914));
#1609=CARTESIAN_POINT('',(-5.90485266115567,0.434782085189479,-7.55171037339172));
#1610=CARTESIAN_POINT('',(-6.09673224786085,0.425800861623616,-7.68929768004102));
#1611=CARTESIAN_POINT('',(-6.25012310058739,0.415278352990876,-7.71942673668068));
#1612=CARTESIAN_POINT('',(-6.32603891911831,0.407749569517687,-7.71815168017622));
#1613=CARTESIAN_POINT('',(-5.67527129477,0.4619933191747,-7.102763231011));
#1614=CARTESIAN_POINT('',(-5.664439904659,0.45292271214,-7.192756818818));
#1615=CARTESIAN_POINT('',(-5.681122706625,0.4415845723877,-7.379436319962));
#1616=CARTESIAN_POINT('',(-5.821944304539,0.43478204637,-7.626484332703));
#1617=CARTESIAN_POINT('',(-6.053190331433,0.4279796646217,-7.791979781711));
#1618=CARTESIAN_POINT('',(-6.237162298462,0.4166418134084,-7.827783425223));
#1619=CARTESIAN_POINT('',(-6.327792779975,0.4075713987329,-7.826269885961));
#1620=EDGE_LOOP('',(#3572,#3573,#3574,#3575));
#1621=AXIS2_PLACEMENT_3D('',#3576,#3577,#3578);
#1622=EDGE_LOOP('',(#3579,#3580,#3581,#3582,#3583,#3584,#3585));
#1623=AXIS2_PLACEMENT_3D('',#3586,#3587,#3588);
#1624=EDGE_LOOP('',(#3589,#3590,#3591,#3592,#3593,#3594));
#1625=AXIS2_PLACEMENT_3D('',#3595,#3596,#3597);
#1626=EDGE_LOOP('',(#3598,#3599,#3600,#3601));
#1627=AXIS2_PLACEMENT_3D('',#3602,#3603,#3604);
#1628=EDGE_LOOP('',(#3605,#3606,#3607,#3608));
#1629=AXIS2_PLACEMENT_3D('',#3609,#3610,#3611);
#1630=EDGE_LOOP('',(#3612,#3613,#3614,#3615));
#1631=AXIS2_PLACEMENT_3D('',#3616,#3617,#3618);
#1632=EDGE_LOOP('',(#3619,#3620,#3621,#3622));
#1633=AXIS2_PLACEMENT_3D('',#3623,#3624,#3625);
#1634=EDGE_LOOP('',(#3626,#3627,#3628,#3629));
#1635=AXIS2_PLACEMENT_3D('',#3630,#3631,#3632);
#1636=EDGE_LOOP('',(#3633,#3634,#3635,#3636));
#1637=AXIS2_PLACEMENT_3D('',#3637,#3638,#3639);
#1638=EDGE_LOOP('',(#3640,#3641,#3642,#3643));
#1639=AXIS2_PLACEMENT_3D('',#3644,#3645,#3646);
#1640=EDGE_LOOP('',(#3647,#3648,#3649,#3650,#3651,#3652));
#1641=AXIS2_PLACEMENT_3D('',#3653,#3654,#3655);
#1642=EDGE_LOOP('',(#3656,#3657,#3658,#3659,#3660,#3661));
#1643=AXIS2_PLACEMENT_3D('',#3662,#3663,#3664);
#1644=EDGE_LOOP('',(#3665,#3666,#3667,#3668));
#1645=AXIS2_PLACEMENT_3D('',#3669,#3670,#3671);
#1646=EDGE_LOOP('',(#3672,#3673,#3674,#3675,#3676,#3677));
#1647=AXIS2_PLACEMENT_3D('',#3678,#3679,#3680);
#1648=EDGE_LOOP('',(#3681,#3682,#3683,#3684));
#1649=AXIS2_PLACEMENT_3D('',#3685,#3686,#3687);
#1650=EDGE_LOOP('',(#3688,#3689,#3690,#3691,#3692,#3693));
#1651=AXIS2_PLACEMENT_3D('',#3694,#3695,#3696);
#1652=EDGE_LOOP('',(#3697,#3698,#3699,#3700,#3701,#3702));
#1653=AXIS2_PLACEMENT_3D('',#3703,#3704,#3705);
#1654=EDGE_LOOP('',(#3706,#3707,#3708,#3709));
#1655=AXIS2_PLACEMENT_3D('',#3710,#3711,#3712);
#1656=EDGE_LOOP('',(#3713,#3714,#3715,#3716));
#1657=AXIS2_PLACEMENT_3D('',#3717,#3718,#3719);
#1658=EDGE_LOOP('',(#3720,#3721,#3722,#3723));
#1659=AXIS2_PLACEMENT_3D('',#3724,#3725,#3726);
#1660=EDGE_LOOP('',(#3727,#3728,#3729,#3730,#3731,#3732,#3733,#3734));
#1661=EDGE_LOOP('',(#3735,#3736,#3737,#3738,#3739,#3740,#3741,#3742,#3743,#3744,#3745,#3746,#3747,#3748,#3749,#3750,#3751,#3752));
#1662=EDGE_LOOP('',(#3753,#3754,#3755,#3756,#3757,#3758,#3759));
#1663=AXIS2_PLACEMENT_3D('',#3760,#3761,#3762);
#1664=EDGE_LOOP('',(#3763,#3764,#3765,#3766));
#1665=AXIS2_PLACEMENT_3D('',#3767,#3768,#3769);
#1666=EDGE_LOOP('',(#3770,#3771,#3772,#3773,#3774,#3775));
#1667=EDGE_LOOP('',(#3776,#3777,#3778,#3779,#3780,#3781,#3782,#3783,#3784,#3785,#3786,#3787,#3788,#3789));
#1668=AXIS2_PLACEMENT_3D('',#3790,#3791,#3792);
#1669=EDGE_LOOP('',(#3793,#3794,#3795,#3796,#3797));
#1670=AXIS2_PLACEMENT_3D('',#3798,#3799,#3800);
#1671=EDGE_LOOP('',(#3801,#3802,#3803,#3804,#3805,#3806,#3807));
#1672=AXIS2_PLACEMENT_3D('',#3808,#3809,#3810);
#1673=EDGE_LOOP('',(#3811,#3812,#3813,#3814));
#1674=AXIS2_PLACEMENT_3D('',#3815,#3816,#3817);
#1675=EDGE_LOOP('',(#3818,#3819,#3820,#3821,#3822,#3823));
#1676=AXIS2_PLACEMENT_3D('',#3824,#3825,#3826);
#1677=EDGE_LOOP('',(#3827,#3828,#3829,#3830));
#1678=AXIS2_PLACEMENT_3D('',#3831,#3832,#3833);
#1679=EDGE_LOOP('',(#3834,#3835,#3836,#3837));
#1680=CARTESIAN_POINT('',(5.67527129477,0.4619933191747,-7.102763231011));
#1681=CARTESIAN_POINT('',(5.664439904659,0.45292271214,-7.192756818818));
#1682=CARTESIAN_POINT('',(5.681122706625,0.4415845723877,-7.379436319962));
#1683=CARTESIAN_POINT('',(5.821944304539,0.43478204637,-7.626484332703));
#1684=CARTESIAN_POINT('',(6.053190331433,0.4279796646217,-7.791979781711));
#1685=CARTESIAN_POINT('',(6.237162298462,0.4166418134084,-7.827783425223));
#1686=CARTESIAN_POINT('',(6.327792779975,0.4075713987329,-7.826269885961));
#1687=CARTESIAN_POINT('',(5.78263510740023,0.461815017615799,-7.11563312578118));
#1688=CARTESIAN_POINT('',(5.77355506679112,0.454286105910426,-7.19101472765512));
#1689=CARTESIAN_POINT('',(5.7877402141711,0.443763404929455,-7.34669157687914));
#1690=CARTESIAN_POINT('',(5.90485266115567,0.434782085189479,-7.55171037339172));
#1691=CARTESIAN_POINT('',(6.09673224786085,0.425800861623616,-7.68929768004102));
#1692=CARTESIAN_POINT('',(6.25012310058739,0.415278352990876,-7.71942673668068));
#1693=CARTESIAN_POINT('',(6.32603891911831,0.407749569517687,-7.71815168017622));
#1694=CARTESIAN_POINT('',(5.88999582225714,0.461636716056801,-7.12852881070493));
#1695=CARTESIAN_POINT('',(5.88269747958517,0.455649499680948,-7.18907585849952));
#1696=CARTESIAN_POINT('',(5.89423885323353,0.44594223747121,-7.31363539921387));
#1697=CARTESIAN_POINT('',(5.98771634419562,0.434782124009055,-7.47697669663203));
#1698=CARTESIAN_POINT('',(6.14057170904696,0.423622058625533,-7.58676586275312));
#1699=CARTESIAN_POINT('',(6.26328244999577,0.413914892573352,-7.61106319305404));
#1700=CARTESIAN_POINT('',(6.32425910529845,0.407927740302571,-7.61003390160088));
#1701=CARTESIAN_POINT('',(5.99735343004871,0.461458414497896,-7.141450284663));
#1702=CARTESIAN_POINT('',(5.99186729429076,0.457012893451473,-7.18694023087708));
#1703=CARTESIAN_POINT('',(6.00061715534625,0.448121070012966,-7.2802683099172));
#1704=CARTESIAN_POINT('',(6.07053588859533,0.434782162828537,-7.40228281998839));
#1705=CARTESIAN_POINT('',(6.18470804371346,0.421443255627544,-7.48438573663459));
#1706=CARTESIAN_POINT('',(6.27664034283102,0.412551432155922,-7.5026926419978));
#1707=CARTESIAN_POINT('',(6.32245333867114,0.408105911087362,-7.50191655957984));
#1708=EDGE_LOOP('',(#3838,#3839,#3840,#3841));
#1709=AXIS2_PLACEMENT_3D('',#3842,#3843,#3844);
#1710=EDGE_LOOP('',(#3845,#3846,#3847,#3848));
#1711=CARTESIAN_POINT('',(5.99735343004872,-0.461458414497896,-7.141450284663));
#1712=CARTESIAN_POINT('',(5.99186729429076,-0.457012893451473,-7.18694023087708));
#1713=CARTESIAN_POINT('',(6.00061715534625,-0.448121070012966,-7.2802683099172));
#1714=CARTESIAN_POINT('',(6.07053588859533,-0.434782162828537,-7.40228281998839));
#1715=CARTESIAN_POINT('',(6.18470804371346,-0.421443255627543,-7.48438573663459));
#1716=CARTESIAN_POINT('',(6.27664034283102,-0.412551432155922,-7.5026926419978));
#1717=CARTESIAN_POINT('',(6.32245333867114,-0.408105911087362,-7.50191655957984));
#1718=CARTESIAN_POINT('',(5.88999582225714,-0.461636716056801,-7.12852881070493));
#1719=CARTESIAN_POINT('',(5.88269747958517,-0.455649499680949,-7.18907585849952));
#1720=CARTESIAN_POINT('',(5.89423885323353,-0.445942237471211,-7.31363539921387));
#1721=CARTESIAN_POINT('',(5.98771634419563,-0.434782124009054,-7.47697669663203));
#1722=CARTESIAN_POINT('',(6.14057170904696,-0.423622058625533,-7.58676586275312));
#1723=CARTESIAN_POINT('',(6.26328244999577,-0.413914892573352,-7.61106319305404));
#1724=CARTESIAN_POINT('',(6.32425910529845,-0.407927740302571,-7.61003390160087));
#1725=CARTESIAN_POINT('',(5.78263510740023,-0.461815017615799,-7.11563312578118));
#1726=CARTESIAN_POINT('',(5.77355506679112,-0.454286105910426,-7.19101472765512));
#1727=CARTESIAN_POINT('',(5.7877402141711,-0.443763404929455,-7.34669157687914));
#1728=CARTESIAN_POINT('',(5.90485266115567,-0.434782085189479,-7.55171037339172));
#1729=CARTESIAN_POINT('',(6.09673224786085,-0.425800861623616,-7.68929768004102));
#1730=CARTESIAN_POINT('',(6.25012310058739,-0.415278352990876,-7.71942673668068));
#1731=CARTESIAN_POINT('',(6.32603891911831,-0.407749569517687,-7.71815168017622));
#1732=CARTESIAN_POINT('',(5.67527129477,-0.4619933191747,-7.102763231011));
#1733=CARTESIAN_POINT('',(5.664439904659,-0.45292271214,-7.192756818818));
#1734=CARTESIAN_POINT('',(5.681122706625,-0.4415845723877,-7.379436319962));
#1735=CARTESIAN_POINT('',(5.821944304539,-0.43478204637,-7.626484332703));
#1736=CARTESIAN_POINT('',(6.053190331433,-0.4279796646217,-7.791979781711));
#1737=CARTESIAN_POINT('',(6.237162298462,-0.4166418134084,-7.827783425223));
#1738=CARTESIAN_POINT('',(6.327792779975,-0.4075713987329,-7.826269885961));
#1739=EDGE_LOOP('',(#3849,#3850,#3851,#3852));
#1740=AXIS2_PLACEMENT_3D('',#3853,#3854,#3855);
#1741=EDGE_LOOP('',(#3856,#3857,#3858,#3859,#3860,#3861,#3862));
#1742=AXIS2_PLACEMENT_3D('',#3863,#3864,#3865);
#1743=EDGE_LOOP('',(#3866,#3867,#3868,#3869));
#1744=AXIS2_PLACEMENT_3D('',#3870,#3871,#3872);
#1745=EDGE_LOOP('',(#3873,#3874,#3875,#3876,#3877,#3878));
#1746=AXIS2_PLACEMENT_3D('',#3879,#3880,#3881);
#1747=EDGE_LOOP('',(#3882,#3883,#3884,#3885));
#1748=AXIS2_PLACEMENT_3D('',#3886,#3887,#3888);
#1749=EDGE_LOOP('',(#3889,#3890,#3891,#3892));
#1750=AXIS2_PLACEMENT_3D('',#3893,#3894,#3895);
#1751=EDGE_LOOP('',(#3896,#3897,#3898,#3899));
#1752=AXIS2_PLACEMENT_3D('',#3900,#3901,#3902);
#1753=EDGE_LOOP('',(#3903,#3904,#3905,#3906));
#1754=AXIS2_PLACEMENT_3D('',#3907,#3908,#3909);
#1755=EDGE_LOOP('',(#3910,#3911,#3912,#3913));
#1756=AXIS2_PLACEMENT_3D('',#3914,#3915,#3916);
#1757=EDGE_LOOP('',(#3917,#3918,#3919,#3920));
#1758=AXIS2_PLACEMENT_3D('',#3921,#3922,#3923);
#1759=EDGE_LOOP('',(#3924,#3925,#3926,#3927,#3928,#3929));
#1760=AXIS2_PLACEMENT_3D('',#3930,#3931,#3932);
#1761=EDGE_LOOP('',(#3933,#3934,#3935,#3936,#3937,#3938));
#1762=AXIS2_PLACEMENT_3D('',#3939,#3940,#3941);
#1763=EDGE_LOOP('',(#3942,#3943,#3944,#3945));
#1764=AXIS2_PLACEMENT_3D('',#3946,#3947,#3948);
#1765=EDGE_LOOP('',(#3949,#3950,#3951,#3952,#3953,#3954));
#1766=AXIS2_PLACEMENT_3D('',#3955,#3956,#3957);
#1767=EDGE_LOOP('',(#3958,#3959,#3960,#3961,#3962,#3963));
#1768=AXIS2_PLACEMENT_3D('',#3964,#3965,#3966);
#1769=EDGE_LOOP('',(#3967,#3968,#3969,#3970));
#1770=AXIS2_PLACEMENT_3D('',#3971,#3972,#3973);
#1771=EDGE_LOOP('',(#3974,#3975,#3976,#3977,#3978,#3979));
#1772=AXIS2_PLACEMENT_3D('',#3980,#3981,#3982);
#1773=EDGE_LOOP('',(#3983,#3984,#3985,#3986));
#1774=AXIS2_PLACEMENT_3D('',#3987,#3988,#3989);
#1775=EDGE_LOOP('',(#3990,#3991,#3992,#3993));
#1776=AXIS2_PLACEMENT_3D('',#3994,#3995,#3996);
#1777=EDGE_LOOP('',(#3997,#3998,#3999,#4000,#4001,#4002));
#1778=AXIS2_PLACEMENT_3D('',#4003,#4004,#4005);
#1779=EDGE_LOOP('',(#4006,#4007,#4008,#4009));
#1780=AXIS2_PLACEMENT_3D('',#4010,#4011,#4012);
#1781=EDGE_LOOP('',(#4013,#4014,#4015,#4016));
#1782=AXIS2_PLACEMENT_3D('',#4017,#4018,#4019);
#1783=EDGE_LOOP('',(#4020,#4021,#4022,#4023));
#1784=AXIS2_PLACEMENT_3D('',#4024,#4025,#4026);
#1785=EDGE_LOOP('',(#4027,#4028,#4029,#4030,#4031,#4032,#4033,#4034));
#1786=AXIS2_PLACEMENT_3D('',#4035,#4036,#4037);
#1787=EDGE_LOOP('',(#4038,#4039,#4040,#4041,#4042,#4043));
#1788=AXIS2_PLACEMENT_3D('',#4044,#4045,#4046);
#1789=EDGE_LOOP('',(#4047,#4048,#4049,#4050,#4051));
#1790=AXIS2_PLACEMENT_3D('',#4052,#4053,#4054);
#1791=EDGE_LOOP('',(#4055,#4056,#4057,#4058));
#1792=AXIS2_PLACEMENT_3D('',#4059,#4060,#4061);
#1793=EDGE_LOOP('',(#4062,#4063,#4064,#4065,#4066));
#1794=AXIS2_PLACEMENT_3D('',#4067,#4068,#4069);
#1795=EDGE_LOOP('',(#4070,#4071,#4072,#4073,#4074,#4075));
#1796=AXIS2_PLACEMENT_3D('',#4076,#4077,#4078);
#1797=EDGE_LOOP('',(#4079,#4080,#4081,#4082,#4083));
#1798=AXIS2_PLACEMENT_3D('',#4084,#4085,#4086);
#1799=EDGE_LOOP('',(#4087,#4088,#4089,#4090,#4091,#4092,#4093,#4094));
#1800=AXIS2_PLACEMENT_3D('',#4095,#4096,#4097);
#1801=EDGE_LOOP('',(#4098,#4099,#4100,#4101));
#1802=AXIS2_PLACEMENT_3D('',#4102,#4103,#4104);
#1803=EDGE_LOOP('',(#4105,#4106,#4107,#4108));
#1804=AXIS2_PLACEMENT_3D('',#4109,#4110,#4111);
#1805=EDGE_LOOP('',(#4112,#4113,#4114,#4115));
#1806=AXIS2_PLACEMENT_3D('',#4116,#4117,#4118);
#1807=EDGE_LOOP('',(#4119,#4120,#4121,#4122,#4123));
#1808=AXIS2_PLACEMENT_3D('',#4124,#4125,#4126);
#1809=EDGE_LOOP('',(#4127,#4128,#4129,#4130,#4131));
#1810=AXIS2_PLACEMENT_3D('',#4132,#4133,#4134);
#1811=EDGE_LOOP('',(#4135,#4136,#4137,#4138));
#1812=AXIS2_PLACEMENT_3D('',#4139,#4140,#4141);
#1813=EDGE_LOOP('',(#4142,#4143,#4144,#4145));
#1814=AXIS2_PLACEMENT_3D('',#4146,#4147,#4148);
#1815=EDGE_LOOP('',(#4149,#4150,#4151,#4152));
#1816=AXIS2_PLACEMENT_3D('',#4153,#4154,#4155);
#1817=EDGE_LOOP('',(#4156,#4157,#4158,#4159));
#1818=EDGE_LOOP('',(#4160,#4161,#4162,#4163));
#1819=EDGE_LOOP('',(#4164,#4165,#4166,#4167));
#1820=EDGE_LOOP('',(#4168,#4169,#4170,#4171));
#1821=EDGE_LOOP('',(#4172,#4173,#4174,#4175));
#1822=EDGE_LOOP('',(#4176,#4177,#4178,#4179));
#1823=EDGE_LOOP('',(#4180,#4181,#4182,#4183));
#1824=EDGE_LOOP('',(#4184,#4185,#4186,#4187));
#1825=EDGE_LOOP('',(#4188,#4189,#4190,#4191));
#1826=AXIS2_PLACEMENT_3D('',#4192,#4193,#4194);
#1827=EDGE_LOOP('',(#4195,#4196,#4197,#4198,#4199));
#1828=AXIS2_PLACEMENT_3D('',#4200,#4201,#4202);
#1829=EDGE_LOOP('',(#4203,#4204,#4205,#4206,#4207,#4208));
#1830=AXIS2_PLACEMENT_3D('',#4209,#4210,#4211);
#1831=EDGE_LOOP('',(#4212,#4213,#4214,#4215));
#1832=AXIS2_PLACEMENT_3D('',#4216,#4217,#4218);
#1833=EDGE_LOOP('',(#4219,#4220,#4221,#4222,#4223,#4224));
#1834=AXIS2_PLACEMENT_3D('',#4225,#4226,#4227);
#1835=EDGE_LOOP('',(#4228,#4229,#4230,#4231,#4232,#4233));
#1836=AXIS2_PLACEMENT_3D('',#4234,#4235,#4236);
#1837=EDGE_LOOP('',(#4237,#4238,#4239,#4240));
#1838=AXIS2_PLACEMENT_3D('',#4241,#4242,#4243);
#1839=EDGE_LOOP('',(#4244,#4245,#4246,#4247,#4248,#4249));
#1840=AXIS2_PLACEMENT_3D('',#4250,#4251,#4252);
#1841=EDGE_LOOP('',(#4253,#4254,#4255,#4256));
#1842=AXIS2_PLACEMENT_3D('',#4257,#4258,#4259);
#1843=EDGE_LOOP('',(#4260,#4261,#4262,#4263));
#1844=AXIS2_PLACEMENT_3D('',#4264,#4265,#4266);
#1845=EDGE_LOOP('',(#4267,#4268,#4269,#4270));
#1846=AXIS2_PLACEMENT_3D('',#4271,#4272,#4273);
#1847=EDGE_LOOP('',(#4274,#4275,#4276,#4277,#4278,#4279));
#1848=AXIS2_PLACEMENT_3D('',#4280,#4281,#4282);
#1849=EDGE_LOOP('',(#4283,#4284,#4285,#4286));
#1850=AXIS2_PLACEMENT_3D('',#4287,#4288,#4289);
#1851=EDGE_LOOP('',(#4290,#4291,#4292,#4293,#4294,#4295));
#1852=AXIS2_PLACEMENT_3D('',#4296,#4297,#4298);
#1853=EDGE_LOOP('',(#4299,#4300,#4301,#4302));
#1854=AXIS2_PLACEMENT_3D('',#4303,#4304,#4305);
#1855=EDGE_LOOP('',(#4306,#4307,#4308,#4309));
#1856=AXIS2_PLACEMENT_3D('',#4310,#4311,#4312);
#1857=EDGE_LOOP('',(#4313,#4314,#4315,#4316));
#1858=AXIS2_PLACEMENT_3D('',#4317,#4318,#4319);
#1859=EDGE_LOOP('',(#4320,#4321,#4322,#4323,#4324,#4325));
#1860=AXIS2_PLACEMENT_3D('',#4326,#4327,#4328);
#1861=EDGE_LOOP('',(#4329,#4330,#4331,#4332));
#1862=AXIS2_PLACEMENT_3D('',#4333,#4334,#4335);
#1863=EDGE_LOOP('',(#4336,#4337,#4338,#4339,#4340,#4341));
#1864=AXIS2_PLACEMENT_3D('',#4342,#4343,#4344);
#1865=EDGE_LOOP('',(#4345,#4346,#4347,#4348));
#1866=AXIS2_PLACEMENT_3D('',#4349,#4350,#4351);
#1867=EDGE_LOOP('',(#4352,#4353,#4354,#4355));
#1868=AXIS2_PLACEMENT_3D('',#4356,#4357,#4358);
#1869=EDGE_LOOP('',(#4359,#4360,#4361,#4362));
#1870=AXIS2_PLACEMENT_3D('',#4363,#4364,#4365);
#1871=EDGE_LOOP('',(#4366,#4367,#4368,#4369,#4370,#4371));
#1872=AXIS2_PLACEMENT_3D('',#4372,#4373,#4374);
#1873=EDGE_LOOP('',(#4375,#4376,#4377,#4378));
#1874=AXIS2_PLACEMENT_3D('',#4379,#4380,#4381);
#1875=EDGE_LOOP('',(#4382,#4383,#4384,#4385,#4386,#4387));
#1876=AXIS2_PLACEMENT_3D('',#4388,#4389,#4390);
#1877=EDGE_LOOP('',(#4391,#4392,#4393,#4394));
#1878=AXIS2_PLACEMENT_3D('',#4395,#4396,#4397);
#1879=EDGE_LOOP('',(#4398,#4399,#4400,#4401));
#1880=AXIS2_PLACEMENT_3D('',#4402,#4403,#4404);
#1881=EDGE_LOOP('',(#4405,#4406,#4407,#4408));
#1882=AXIS2_PLACEMENT_3D('',#4409,#4410,#4411);
#1883=EDGE_LOOP('',(#4412,#4413,#4414,#4415));
#1884=AXIS2_PLACEMENT_3D('',#4416,#4417,#4418);
#1885=EDGE_LOOP('',(#4419,#4420,#4421,#4422));
#1886=AXIS2_PLACEMENT_3D('',#4423,#4424,#4425);
#1887=EDGE_LOOP('',(#4426,#4427,#4428,#4429));
#1888=AXIS2_PLACEMENT_3D('',#4430,#4431,#4432);
#1889=EDGE_LOOP('',(#4433,#4434,#4435,#4436));
#1890=AXIS2_PLACEMENT_3D('',#4437,#4438,#4439);
#1891=EDGE_LOOP('',(#4440,#4441,#4442,#4443));
#1892=AXIS2_PLACEMENT_3D('',#4444,#4445,#4446);
#1893=EDGE_LOOP('',(#4447,#4448,#4449,#4450));
#1894=AXIS2_PLACEMENT_3D('',#4451,#4452,#4453);
#1895=EDGE_LOOP('',(#4454,#4455,#4456,#4457));
#1896=AXIS2_PLACEMENT_3D('',#4458,#4459,#4460);
#1897=EDGE_LOOP('',(#4461,#4462,#4463,#4464,#4465,#4466,#4467));
#1898=AXIS2_PLACEMENT_3D('',#4468,#4469,#4470);
#1899=EDGE_LOOP('',(#4471,#4472,#4473,#4474));
#1900=AXIS2_PLACEMENT_3D('',#4475,#4476,#4477);
#1901=EDGE_LOOP('',(#4478,#4479,#4480,#4481));
#1902=AXIS2_PLACEMENT_3D('',#4482,#4483,#4484);
#1903=EDGE_LOOP('',(#4485,#4486,#4487,#4488,#4489,#4490,#4491,#4492,#4493,#4494,#4495,#4496,#4497,#4498,#4499,#4500,#4501,#4502,#4503,#4504,#4505,#4506));
#1904=AXIS2_PLACEMENT_3D('',#4507,#4508,#4509);
#1905=EDGE_LOOP('',(#4510,#4511,#4512,#4513));
#1906=AXIS2_PLACEMENT_3D('',#4514,#4515,#4516);
#1907=EDGE_LOOP('',(#4517,#4518,#4519,#4520,#4521));
#1908=AXIS2_PLACEMENT_3D('',#4522,#4523,#4524);
#1909=EDGE_LOOP('',(#4525,#4526,#4527,#4528));
#1910=AXIS2_PLACEMENT_3D('',#4529,#4530,#4531);
#1911=EDGE_LOOP('',(#4532,#4533,#4534,#4535,#4536,#4537,#4538,#4539,#4540,#4541,#4542,#4543));
#1912=AXIS2_PLACEMENT_3D('',#4544,#4545,#4546);
#1913=EDGE_LOOP('',(#4547,#4548,#4549,#4550));
#1915=CARTESIAN_POINT('',(-6.6988445395148,-7.14432443564083,-10.8364668866671));
#1916=CARTESIAN_POINT('',(-6.78342992690421,-7.23909397171885,-10.8238981823128));
#1917=CARTESIAN_POINT('',(-6.86801531429266,-7.33386350779689,-10.8113294779681));
#1918=CARTESIAN_POINT('',(-6.95260070168207,-7.42863304387587,-10.7987607736136));
#1919=CARTESIAN_POINT('',(-5.97184662583539,-7.78377294279279,-10.7654045268539));
#1920=CARTESIAN_POINT('',(-6.07285243654042,-7.86409950045375,-10.7544408808011));
#1921=CARTESIAN_POINT('',(-6.17385824724633,-7.94442605811565,-10.7434772347399));
#1922=CARTESIAN_POINT('',(-6.27486405795137,-8.02475261577666,-10.7325135886781));
#1923=CARTESIAN_POINT('',(-5.97184662583586,-7.78377294279238,-9.79459547314181));
#1924=CARTESIAN_POINT('',(-6.07285243654088,-7.86409950045334,-9.80555911920095));
#1925=CARTESIAN_POINT('',(-6.17385824724678,-7.94442605811525,-9.81652276525885));
#1926=CARTESIAN_POINT('',(-6.27486405795181,-8.02475261577628,-9.82748641131668));
#1927=CARTESIAN_POINT('',(-6.69884453951501,-7.14432443564065,-9.72353311333281));
#1928=CARTESIAN_POINT('',(-6.78342992690441,-7.23909397171867,-9.73610181768331));
#1929=CARTESIAN_POINT('',(-6.86801531429286,-7.33386350779671,-9.74867052203476));
#1930=CARTESIAN_POINT('',(-6.95260070168226,-7.42863304387571,-9.76123922638524));
#1937=EDGE_LOOP('',(#4551,#4552,#4553,#4554));
#1938=AXIS2_PLACEMENT_3D('',#4555,#4556,#4557);
#1939=EDGE_LOOP('',(#4558,#4559,#4560,#4561));
#1940=AXIS2_PLACEMENT_3D('',#4562,#4563,#4564);
#1941=EDGE_LOOP('',(#4565,#4566,#4567,#4568));
#1942=AXIS2_PLACEMENT_3D('',#4569,#4570,#4571);
#1943=EDGE_LOOP('',(#4572,#4573,#4574,#4575));
#1944=AXIS2_PLACEMENT_3D('',#4576,#4577,#4578);
#1945=EDGE_LOOP('',(#4579,#4580,#4581,#4582,#4583,#4584,#4585,#4586,#4587,#4588,#4589,#4590));
#1946=AXIS2_PLACEMENT_3D('',#4591,#4592,#4593);
#1947=EDGE_LOOP('',(#4594,#4595,#4596,#4597));
#1948=AXIS2_PLACEMENT_3D('',#4598,#4599,#4600);
#1949=EDGE_LOOP('',(#4601,#4602,#4603,#4604));
#1950=AXIS2_PLACEMENT_3D('',#4605,#4606,#4607);
#1951=EDGE_LOOP('',(#4608,#4609,#4610,#4611,#4612,#4613,#4614,#4615,#4616,#4617,#4618,#4619));
#1952=AXIS2_PLACEMENT_3D('',#4620,#4621,#4622);
#1953=EDGE_LOOP('',(#4623,#4624,#4625,#4626));
#1955=CARTESIAN_POINT('',(6.9526043126396,-7.42862986777129,-10.798761126554));
#1956=CARTESIAN_POINT('',(6.86801901273765,-7.33386025474061,-10.8113298394596));
#1957=CARTESIAN_POINT('',(6.78343371283664,-7.23909064171088,-10.8238985523555));
#1958=CARTESIAN_POINT('',(6.69884841293469,-7.14432102868118,-10.8364672652608));
#1959=CARTESIAN_POINT('',(6.27485581505893,-8.02475986601104,-10.7325211954243));
#1960=CARTESIAN_POINT('',(6.17384980464243,-7.94443348401105,-10.7434850257849));
#1961=CARTESIAN_POINT('',(6.07284379422504,-7.86410710201018,-10.7544488561448));
#1962=CARTESIAN_POINT('',(5.97183778380854,-7.78378072001026,-10.7654126864963));
#1963=CARTESIAN_POINT('',(6.27485581505937,-8.02475986601065,-9.82747880457043));
#1964=CARTESIAN_POINT('',(6.17384980464287,-7.94443348401066,-9.81651497421388));
#1965=CARTESIAN_POINT('',(6.0728437942255,-7.86410710200978,-9.80555114385727));
#1966=CARTESIAN_POINT('',(5.971837783809,-7.78378072000984,-9.79458731349942));
#1967=CARTESIAN_POINT('',(6.95260431263979,-7.42862986777113,-9.76123887344492));
#1968=CARTESIAN_POINT('',(6.86801901273784,-7.33386025474044,-9.7486701605433));
#1969=CARTESIAN_POINT('',(6.78343371283684,-7.23909064171071,-9.73610144764069));
#1970=CARTESIAN_POINT('',(6.69884841293489,-7.144321028681,-9.72353273473904));
#1977=EDGE_LOOP('',(#4627,#4628,#4629,#4630));
#1978=AXIS2_PLACEMENT_3D('',#4631,#4632,#4633);
#1979=EDGE_LOOP('',(#4634,#4635,#4636,#4637,#4638,#4639,#4640,#4641,#4642,#4643,#4644,#4645));
#1980=AXIS2_PLACEMENT_3D('',#4646,#4647,#4648);
#1981=EDGE_LOOP('',(#4649,#4650,#4651,#4652));
#1982=AXIS2_PLACEMENT_3D('',#4653,#4654,#4655);
#1983=EDGE_LOOP('',(#4656,#4657,#4658,#4659));
#1984=AXIS2_PLACEMENT_3D('',#4660,#4661,#4662);
#1985=EDGE_LOOP('',(#4663,#4664,#4665,#4666));
#1986=AXIS2_PLACEMENT_3D('',#4667,#4668,#4669);
#1987=EDGE_LOOP('',(#4670,#4671,#4672,#4673));
#1988=AXIS2_PLACEMENT_3D('',#4674,#4675,#4676);
#1989=EDGE_LOOP('',(#4677,#4678,#4679,#4680));
#1990=AXIS2_PLACEMENT_3D('',#4681,#4682,#4683);
#1991=EDGE_LOOP('',(#4684,#4685,#4686,#4687));
#1992=AXIS2_PLACEMENT_3D('',#4688,#4689,#4690);
#1993=EDGE_LOOP('',(#4691,#4692,#4693,#4694));
#1994=AXIS2_PLACEMENT_3D('',#4695,#4696,#4697);
#1995=EDGE_LOOP('',(#4698,#4699,#4700,#4701,#4702));
#1996=AXIS2_PLACEMENT_3D('',#4703,#4704,#4705);
#1997=EDGE_LOOP('',(#4706,#4707,#4708,#4709,#4710,#4711,#4712,#4713));
#1998=AXIS2_PLACEMENT_3D('',#4714,#4715,#4716);
#1999=EDGE_LOOP('',(#4717,#4718,#4719,#4720));
#2000=AXIS2_PLACEMENT_3D('',#4721,#4722,#4723);
#2001=EDGE_LOOP('',(#4724,#4725,#4726,#4727,#4728,#4729,#4730,#4731,#4732,#4733,#4734,#4735,#4736,#4737));
#2002=AXIS2_PLACEMENT_3D('',#4738,#4739,#4740);
#2003=EDGE_LOOP('',(#4741,#4742,#4743,#4744));
#2004=AXIS2_PLACEMENT_3D('',#4745,#4746,#4747);
#2005=EDGE_LOOP('',(#4748,#4749,#4750,#4751,#4752,#4753,#4754,#4755));
#2006=AXIS2_PLACEMENT_3D('',#4756,#4757,#4758);
#2007=EDGE_LOOP('',(#4759,#4760,#4761,#4762,#4763,#4764,#4765,#4766,#4767,#4768,#4769,#4770,#4771,#4772,#4773,#4774,#4775,#4776,#4777,#4778));
#2008=EDGE_LOOP('',(#4779,#4780,#4781,#4782));
#2009=EDGE_LOOP('',(#4783,#4784,#4785,#4786));
#2010=EDGE_LOOP('',(#4787,#4788,#4789,#4790));
#2011=EDGE_LOOP('',(#4791,#4792,#4793,#4794));
#2012=AXIS2_PLACEMENT_3D('',#4795,#4796,#4797);
#2013=EDGE_LOOP('',(#4798,#4799,#4800,#4801));
#2014=AXIS2_PLACEMENT_3D('',#4802,#4803,#4804);
#2015=EDGE_LOOP('',(#4805,#4806,#4807,#4808));
#2016=AXIS2_PLACEMENT_3D('',#4809,#4810,#4811);
#2017=EDGE_LOOP('',(#4812,#4813,#4814,#4815));
#2018=AXIS2_PLACEMENT_3D('',#4816,#4817,#4818);
#2019=EDGE_LOOP('',(#4819,#4820,#4821,#4822));
#2020=AXIS2_PLACEMENT_3D('',#4823,#4824,#4825);
#2021=EDGE_LOOP('',(#4826,#4827,#4828,#4829));
#2022=AXIS2_PLACEMENT_3D('',#4830,#4831,#4832);
#2023=EDGE_LOOP('',(#4833,#4834,#4835,#4836));
#2024=AXIS2_PLACEMENT_3D('',#4837,#4838,#4839);
#2025=EDGE_LOOP('',(#4840,#4841,#4842,#4843));
#2026=AXIS2_PLACEMENT_3D('',#4844,#4845,#4846);
#2027=EDGE_LOOP('',(#4847,#4848,#4849,#4850));
#2028=AXIS2_PLACEMENT_3D('',#4851,#4852,#4853);
#2029=EDGE_LOOP('',(#4854,#4855,#4856,#4857));
#2030=AXIS2_PLACEMENT_3D('',#4858,#4859,#4860);
#2031=EDGE_LOOP('',(#4861,#4862,#4863,#4864));
#2032=AXIS2_PLACEMENT_3D('',#4865,#4866,#4867);
#2033=EDGE_LOOP('',(#4868,#4869,#4870,#4871));
#2034=AXIS2_PLACEMENT_3D('',#4872,#4873,#4874);
#2035=EDGE_LOOP('',(#4875,#4876,#4877,#4878));
#2036=AXIS2_PLACEMENT_3D('',#4879,#4880,#4881);
#2037=EDGE_LOOP('',(#4882,#4883,#4884,#4885));
#2038=AXIS2_PLACEMENT_3D('',#4886,#4887,#4888);
#2039=EDGE_LOOP('',(#4889,#4890,#4891,#4892));
#2040=AXIS2_PLACEMENT_3D('',#4893,#4894,#4895);
#2041=EDGE_LOOP('',(#4896,#4897,#4898,#4899));
#2042=AXIS2_PLACEMENT_3D('',#4900,#4901,#4902);
#2043=EDGE_LOOP('',(#4903,#4904,#4905,#4906));
#2044=AXIS2_PLACEMENT_3D('',#4907,#4908,#4909);
#2045=EDGE_LOOP('',(#4910,#4911,#4912,#4913));
#2046=AXIS2_PLACEMENT_3D('',#4914,#4915,#4916);
#2047=EDGE_LOOP('',(#4917,#4918,#4919,#4920,#4921,#4922));
#2048=AXIS2_PLACEMENT_3D('',#4923,#4924,#4925);
#2049=EDGE_LOOP('',(#4926,#4927,#4928,#4929));
#2050=AXIS2_PLACEMENT_3D('',#4930,#4931,#4932);
#2051=EDGE_LOOP('',(#4933,#4934,#4935,#4936,#4937,#4938));
#2052=AXIS2_PLACEMENT_3D('',#4939,#4940,#4941);
#2053=EDGE_LOOP('',(#4942,#4943,#4944,#4945));
#2054=AXIS2_PLACEMENT_3D('',#4946,#4947,#4948);
#2055=EDGE_LOOP('',(#4949,#4950,#4951,#4952));
#2056=AXIS2_PLACEMENT_3D('',#4953,#4954,#4955);
#2057=EDGE_LOOP('',(#4956,#4957,#4958,#4959));
#2058=AXIS2_PLACEMENT_3D('',#4960,#4961,#4962);
#2059=EDGE_LOOP('',(#4963,#4964,#4965,#4966));
#2060=AXIS2_PLACEMENT_3D('',#4967,#4968,#4969);
#2061=EDGE_LOOP('',(#4970,#4971,#4972,#4973,#4974,#4975));
#2062=AXIS2_PLACEMENT_3D('',#4976,#4977,#4978);
#2063=EDGE_LOOP('',(#4979,#4980,#4981,#4982));
#2064=AXIS2_PLACEMENT_3D('',#4983,#4984,#4985);
#2065=EDGE_LOOP('',(#4986,#4987,#4988,#4989,#4990,#4991));
#2066=AXIS2_PLACEMENT_3D('',#4992,#4993,#4994);
#2067=EDGE_LOOP('',(#4995,#4996,#4997,#4998));
#2068=AXIS2_PLACEMENT_3D('',#4999,#5000,#5001);
#2069=EDGE_LOOP('',(#5002,#5003,#5004,#5005));
#2070=AXIS2_PLACEMENT_3D('',#5006,#5007,#5008);
#2071=EDGE_LOOP('',(#5009,#5010,#5011,#5012));
#2072=AXIS2_PLACEMENT_3D('',#5013,#5014,#5015);
#2073=EDGE_LOOP('',(#5016,#5017,#5018,#5019));
#2074=AXIS2_PLACEMENT_3D('',#5020,#5021,#5022);
#2075=EDGE_LOOP('',(#5023,#5024,#5025,#5026,#5027,#5028));
#2076=AXIS2_PLACEMENT_3D('',#5029,#5030,#5031);
#2077=EDGE_LOOP('',(#5032,#5033,#5034,#5035));
#2078=AXIS2_PLACEMENT_3D('',#5036,#5037,#5038);
#2079=EDGE_LOOP('',(#5039,#5040,#5041,#5042,#5043,#5044));
#2080=AXIS2_PLACEMENT_3D('',#5045,#5046,#5047);
#2081=EDGE_LOOP('',(#5048,#5049,#5050,#5051));
#2082=AXIS2_PLACEMENT_3D('',#5052,#5053,#5054);
#2083=EDGE_LOOP('',(#5055,#5056,#5057,#5058));
#2084=AXIS2_PLACEMENT_3D('',#5059,#5060,#5061);
#2085=EDGE_LOOP('',(#5062,#5063,#5064,#5065));
#2086=AXIS2_PLACEMENT_3D('',#5066,#5067,#5068);
#2087=EDGE_LOOP('',(#5069,#5070,#5071,#5072));
#2088=AXIS2_PLACEMENT_3D('',#5073,#5074,#5075);
#2089=EDGE_LOOP('',(#5076,#5077,#5078,#5079,#5080,#5081));
#2090=AXIS2_PLACEMENT_3D('',#5082,#5083,#5084);
#2091=EDGE_LOOP('',(#5085,#5086,#5087,#5088));
#2092=AXIS2_PLACEMENT_3D('',#5089,#5090,#5091);
#2093=EDGE_LOOP('',(#5092,#5093,#5094,#5095,#5096,#5097));
#2094=AXIS2_PLACEMENT_3D('',#5098,#5099,#5100);
#2095=EDGE_LOOP('',(#5101,#5102,#5103,#5104));
#2096=AXIS2_PLACEMENT_3D('',#5105,#5106,#5107);
#2097=EDGE_LOOP('',(#5108,#5109,#5110,#5111));
#2098=AXIS2_PLACEMENT_3D('',#5112,#5113,#5114);
#2099=EDGE_LOOP('',(#5115,#5116,#5117,#5118));
#2100=AXIS2_PLACEMENT_3D('',#5119,#5120,#5121);
#2101=EDGE_LOOP('',(#5122,#5123,#5124,#5125));
#2102=AXIS2_PLACEMENT_3D('',#5126,#5127,#5128);
#2103=EDGE_LOOP('',(#5129,#5130,#5131,#5132));
#2104=AXIS2_PLACEMENT_3D('',#5133,#5134,#5135);
#2105=EDGE_LOOP('',(#5136,#5137,#5138,#5139));
#2106=AXIS2_PLACEMENT_3D('',#5140,#5141,#5142);
#2107=EDGE_LOOP('',(#5143,#5144,#5145,#5146));
#2108=AXIS2_PLACEMENT_3D('',#5147,#5148,#5149);
#2109=EDGE_LOOP('',(#5150,#5151,#5152,#5153));
#2110=AXIS2_PLACEMENT_3D('',#5154,#5155,#5156);
#2111=EDGE_LOOP('',(#5157,#5158,#5159,#5160));
#2112=AXIS2_PLACEMENT_3D('',#5161,#5162,#5163);
#2113=EDGE_LOOP('',(#5164,#5165,#5166,#5167));
#2114=AXIS2_PLACEMENT_3D('',#5168,#5169,#5170);
#2115=EDGE_LOOP('',(#5171,#5172,#5173,#5174));
#2116=AXIS2_PLACEMENT_3D('',#5175,#5176,#5177);
#2117=EDGE_LOOP('',(#5178,#5179,#5180,#5181));
#2118=AXIS2_PLACEMENT_3D('',#5182,#5183,#5184);
#2119=EDGE_LOOP('',(#5185,#5186,#5187,#5188));
#2120=AXIS2_PLACEMENT_3D('',#5189,#5190,#5191);
#2121=EDGE_LOOP('',(#5192,#5193,#5194,#5195));
#2122=AXIS2_PLACEMENT_3D('',#5196,#5197,#5198);
#2123=EDGE_LOOP('',(#5199,#5200,#5201,#5202));
#2124=AXIS2_PLACEMENT_3D('',#5203,#5204,#5205);
#2125=EDGE_LOOP('',(#5206,#5207,#5208,#5209));
#2126=AXIS2_PLACEMENT_3D('',#5210,#5211,#5212);
#2127=EDGE_LOOP('',(#5213,#5214,#5215,#5216,#5217,#5218));
#2128=AXIS2_PLACEMENT_3D('',#5219,#5220,#5221);
#2129=EDGE_LOOP('',(#5222,#5223,#5224,#5225));
#2130=AXIS2_PLACEMENT_3D('',#5226,#5227,#5228);
#2131=EDGE_LOOP('',(#5229,#5230,#5231,#5232));
#2132=AXIS2_PLACEMENT_3D('',#5233,#5234,#5235);
#2133=ORIENTED_EDGE('',*,*,#5236,.F.);
#2134=ORIENTED_EDGE('',*,*,#5237,.F.);
#2135=ORIENTED_EDGE('',*,*,#5238,.T.);
#2136=ORIENTED_EDGE('',*,*,#5239,.T.);
#2137=CARTESIAN_POINT('',(-7.687,-5.93,-9.26));
#2138=DIRECTION('',(0.0,0.0,-1.0));
#2139=DIRECTION('',(1.0,0.0,0.0));
#2140=ORIENTED_EDGE('',*,*,#5240,.F.);
#2141=ORIENTED_EDGE('',*,*,#5241,.T.);
#2142=ORIENTED_EDGE('',*,*,#5242,.F.);
#2143=ORIENTED_EDGE('',*,*,#5243,.F.);
#2144=CARTESIAN_POINT('',(7.687,-5.93,-9.26));
#2145=DIRECTION('',(0.0,0.0,-1.0));
#2146=DIRECTION('',(1.0,0.0,0.0));
#2147=ORIENTED_EDGE('',*,*,#5244,.F.);
#2148=ORIENTED_EDGE('',*,*,#5245,.T.);
#2149=ORIENTED_EDGE('',*,*,#5246,.T.);
#2150=ORIENTED_EDGE('',*,*,#5247,.F.);
#2151=CARTESIAN_POINT('',(7.687,-5.93,-9.26));
#2152=DIRECTION('',(0.0,0.0,-1.0));
#2153=DIRECTION('',(1.0,0.0,0.0));
#2154=ORIENTED_EDGE('',*,*,#5248,.F.);
#2155=ORIENTED_EDGE('',*,*,#5249,.F.);
#2156=ORIENTED_EDGE('',*,*,#5250,.F.);
#2157=ORIENTED_EDGE('',*,*,#5251,.T.);
#2158=CARTESIAN_POINT('',(-7.687,-5.93,-9.26));
#2159=DIRECTION('',(0.0,0.0,-1.0));
#2160=DIRECTION('',(1.0,0.0,0.0));
#2161=ORIENTED_EDGE('',*,*,#5252,.F.);
#2162=ORIENTED_EDGE('',*,*,#5253,.F.);
#2163=ORIENTED_EDGE('',*,*,#5254,.F.);
#2164=ORIENTED_EDGE('',*,*,#5255,.T.);
#2165=CARTESIAN_POINT('',(-5.605,0.738,-8.88));
#2166=DIRECTION('',(0.0,0.0,-1.0));
#2167=DIRECTION('',(1.0,0.0,0.0));
#2168=ORIENTED_EDGE('',*,*,#5256,.F.);
#2169=ORIENTED_EDGE('',*,*,#5257,.T.);
#2170=ORIENTED_EDGE('',*,*,#5258,.T.);
#2171=ORIENTED_EDGE('',*,*,#5259,.F.);
#2172=CARTESIAN_POINT('',(5.605,0.738,-8.88));
#2173=DIRECTION('',(0.0,0.0,-1.0));
#2174=DIRECTION('',(1.0,0.0,0.0));
#2175=ORIENTED_EDGE('',*,*,#5260,.F.);
#2176=ORIENTED_EDGE('',*,*,#5261,.F.);
#2177=ORIENTED_EDGE('',*,*,#5262,.F.);
#2178=ORIENTED_EDGE('',*,*,#5263,.F.);
#2179=CARTESIAN_POINT('',(-1.531234867229,2.881392386878,-7.73));
#2180=DIRECTION('',(0.0,1.0,0.0));
#2181=DIRECTION('',(0.0,0.0,-1.0));
#2182=ORIENTED_EDGE('',*,*,#5264,.F.);
#2183=ORIENTED_EDGE('',*,*,#5265,.F.);
#2184=ORIENTED_EDGE('',*,*,#5266,.F.);
#2185=ORIENTED_EDGE('',*,*,#5267,.F.);
#2186=CARTESIAN_POINT('',(-1.531234867229,2.881392386878,-7.73));
#2187=DIRECTION('',(0.0,1.0,0.0));
#2188=DIRECTION('',(0.0,0.0,-1.0));
#2189=ORIENTED_EDGE('',*,*,#5268,.F.);
#2190=ORIENTED_EDGE('',*,*,#5269,.F.);
#2191=ORIENTED_EDGE('',*,*,#5270,.F.);
#2192=ORIENTED_EDGE('',*,*,#5271,.F.);
#2193=CARTESIAN_POINT('',(-4.468765132771,2.881392386878,-7.73));
#2194=DIRECTION('',(0.0,1.0,0.0));
#2195=DIRECTION('',(0.0,0.0,-1.0));
#2196=ORIENTED_EDGE('',*,*,#5272,.F.);
#2197=ORIENTED_EDGE('',*,*,#5273,.F.);
#2198=ORIENTED_EDGE('',*,*,#5274,.F.);
#2199=ORIENTED_EDGE('',*,*,#5275,.F.);
#2200=CARTESIAN_POINT('',(-4.468765132771,-1.875079942307,-7.73));
#2201=DIRECTION('',(0.0,1.0,0.0));
#2202=DIRECTION('',(0.0,0.0,-1.0));
#2203=ORIENTED_EDGE('',*,*,#5276,.F.);
#2204=ORIENTED_EDGE('',*,*,#5277,.F.);
#2205=ORIENTED_EDGE('',*,*,#5278,.F.);
#2206=ORIENTED_EDGE('',*,*,#5279,.F.);
#2207=CARTESIAN_POINT('',(1.531234867229,-1.875079942307,-7.73));
#2208=DIRECTION('',(0.0,1.0,0.0));
#2209=DIRECTION('',(0.0,0.0,-1.0));
#2210=ORIENTED_EDGE('',*,*,#5280,.F.);
#2211=ORIENTED_EDGE('',*,*,#5281,.F.);
#2212=ORIENTED_EDGE('',*,*,#5282,.F.);
#2213=ORIENTED_EDGE('',*,*,#5283,.F.);
#2214=CARTESIAN_POINT('',(4.468765132771,2.881392386878,-7.73));
#2215=DIRECTION('',(0.0,1.0,0.0));
#2216=DIRECTION('',(0.0,0.0,-1.0));
#2217=ORIENTED_EDGE('',*,*,#5284,.F.);
#2218=ORIENTED_EDGE('',*,*,#5285,.F.);
#2219=ORIENTED_EDGE('',*,*,#5286,.F.);
#2220=ORIENTED_EDGE('',*,*,#5287,.F.);
#2221=CARTESIAN_POINT('',(1.531234867229,-2.880898617683,-7.73));
#2222=DIRECTION('',(0.0,-1.0,-0.0));
#2223=DIRECTION('',(0.0,0.0,-1.0));
#2224=ORIENTED_EDGE('',*,*,#5288,.F.);
#2225=ORIENTED_EDGE('',*,*,#5289,.F.);
#2226=ORIENTED_EDGE('',*,*,#5290,.F.);
#2227=ORIENTED_EDGE('',*,*,#5291,.F.);
#2228=CARTESIAN_POINT('',(4.468765132771,1.875079942307,-7.73));
#2229=DIRECTION('',(0.0,-1.0,-0.0));
#2230=DIRECTION('',(0.0,0.0,-1.0));
#2231=ORIENTED_EDGE('',*,*,#5292,.F.);
#2232=ORIENTED_EDGE('',*,*,#5293,.T.);
#2233=ORIENTED_EDGE('',*,*,#5294,.T.);
#2234=ORIENTED_EDGE('',*,*,#5295,.T.);
#2235=ORIENTED_EDGE('',*,*,#5296,.F.);
#2236=ORIENTED_EDGE('',*,*,#5297,.T.);
#2237=CARTESIAN_POINT('',(-6.565,3.625,0.0));
#2238=DIRECTION('',(0.0,0.0,1.0));
#2239=DIRECTION('',(1.0,0.0,0.0));
#2240=ORIENTED_EDGE('',*,*,#5298,.F.);
#2241=ORIENTED_EDGE('',*,*,#5297,.F.);
#2242=ORIENTED_EDGE('',*,*,#5299,.T.);
#2243=ORIENTED_EDGE('',*,*,#5300,.F.);
#2244=CARTESIAN_POINT('',(5.307,3.325,18.2504));
#2245=DIRECTION('',(-0.0,0.0,1.0));
#2246=DIRECTION('',(0.0,1.0,0.0));
#2247=ORIENTED_EDGE('',*,*,#5301,.F.);
#2248=ORIENTED_EDGE('',*,*,#5302,.F.);
#2249=ORIENTED_EDGE('',*,*,#5303,.T.);
#2250=ORIENTED_EDGE('',*,*,#5304,.T.);
#2251=ORIENTED_EDGE('',*,*,#5305,.T.);
#2252=ORIENTED_EDGE('',*,*,#5300,.T.);
#2253=CARTESIAN_POINT('',(-6.565,3.18,-0.318));
#2254=DIRECTION('',(0.0,0.0,-1.0));
#2255=DIRECTION('',(0.0,-1.0,0.0));
#2256=ORIENTED_EDGE('',*,*,#5305,.F.);
#2257=ORIENTED_EDGE('',*,*,#5306,.T.);
#2258=ORIENTED_EDGE('',*,*,#5292,.T.);
#2259=ORIENTED_EDGE('',*,*,#5298,.T.);
#2260=CARTESIAN_POINT('',(-6.565,3.625,-0.318));
#2261=DIRECTION('',(-0.0,1.0,0.0));
#2262=DIRECTION('',(1.0,0.0,0.0));
#2263=ORIENTED_EDGE('',*,*,#5306,.F.);
#2264=ORIENTED_EDGE('',*,*,#5304,.F.);
#2265=ORIENTED_EDGE('',*,*,#5307,.T.);
#2266=ORIENTED_EDGE('',*,*,#5293,.F.);
#2267=CARTESIAN_POINT('',(-5.307,3.325,-32.2504));
#2268=DIRECTION('',(0.0,0.0,-1.0));
#2269=DIRECTION('',(0.0,1.0,0.0));
#2270=ORIENTED_EDGE('',*,*,#5303,.F.);
#2271=ORIENTED_EDGE('',*,*,#5308,.T.);
#2272=ORIENTED_EDGE('',*,*,#5309,.T.);
#2273=ORIENTED_EDGE('',*,*,#5310,.F.);
#2274=ORIENTED_EDGE('',*,*,#5294,.F.);
#2275=ORIENTED_EDGE('',*,*,#5307,.F.);
#2276=CARTESIAN_POINT('',(-5.607,2.56,0.0));
#2277=DIRECTION('',(1.0,0.0,0.0));
#2278=DIRECTION('',(0.0,1.0,0.0));
#2279=ORIENTED_EDGE('',*,*,#5295,.F.);
#2280=ORIENTED_EDGE('',*,*,#5310,.T.);
#2281=ORIENTED_EDGE('',*,*,#5311,.T.);
#2282=ORIENTED_EDGE('',*,*,#5312,.F.);
#2283=ORIENTED_EDGE('',*,*,#5313,.T.);
#2284=ORIENTED_EDGE('',*,*,#5314,.F.);
#2285=CARTESIAN_POINT('',(-6.565,3.18,-0.62));
#2286=DIRECTION('',(-1.0,0.0,-0.0));
#2287=DIRECTION('',(0.0,0.0,-1.0));
#2288=ORIENTED_EDGE('',*,*,#5296,.T.);
#2289=ORIENTED_EDGE('',*,*,#5314,.T.);
#2290=ORIENTED_EDGE('',*,*,#5315,.T.);
#2291=ORIENTED_EDGE('',*,*,#5316,.F.);
#2292=ORIENTED_EDGE('',*,*,#5301,.T.);
#2293=ORIENTED_EDGE('',*,*,#5299,.F.);
#2294=CARTESIAN_POINT('',(5.607,3.625,0.0));
#2295=DIRECTION('',(-1.0,0.0,0.0));
#2296=DIRECTION('',(0.0,0.0,1.0));
#2297=ORIENTED_EDGE('',*,*,#5317,.T.);
#2298=ORIENTED_EDGE('',*,*,#5308,.F.);
#2299=ORIENTED_EDGE('',*,*,#5302,.T.);
#2300=ORIENTED_EDGE('',*,*,#5316,.T.);
#2301=ORIENTED_EDGE('',*,*,#5318,.T.);
#2302=ORIENTED_EDGE('',*,*,#5319,.F.);
#2303=CARTESIAN_POINT('',(-6.565,3.18,-0.62));
#2304=DIRECTION('',(-1.0,0.0,-0.0));
#2305=DIRECTION('',(0.0,0.0,-1.0));
#2306=ORIENTED_EDGE('',*,*,#5320,.T.);
#2307=ORIENTED_EDGE('',*,*,#5321,.F.);
#2308=ORIENTED_EDGE('',*,*,#5322,.F.);
#2309=ORIENTED_EDGE('',*,*,#5323,.F.);
#2310=ORIENTED_EDGE('',*,*,#5324,.T.);
#2311=ORIENTED_EDGE('',*,*,#5319,.T.);
#2312=ORIENTED_EDGE('',*,*,#5325,.F.);
#2313=ORIENTED_EDGE('',*,*,#5326,.T.);
#2314=ORIENTED_EDGE('',*,*,#5327,.T.);
#2315=ORIENTED_EDGE('',*,*,#5328,.T.);
#2316=ORIENTED_EDGE('',*,*,#5267,.T.);
#2317=ORIENTED_EDGE('',*,*,#5329,.T.);
#2318=ORIENTED_EDGE('',*,*,#5330,.F.);
#2319=ORIENTED_EDGE('',*,*,#5331,.T.);
#2320=ORIENTED_EDGE('',*,*,#5285,.T.);
#2321=ORIENTED_EDGE('',*,*,#5332,.T.);
#2322=ORIENTED_EDGE('',*,*,#5333,.T.);
#2323=ORIENTED_EDGE('',*,*,#5334,.T.);
#2324=CARTESIAN_POINT('',(-6.565,2.878,-14.0));
#2325=DIRECTION('',(-0.0,1.0,0.0));
#2326=DIRECTION('',(1.0,0.0,0.0));
#2327=ORIENTED_EDGE('',*,*,#5335,.T.);
#2328=ORIENTED_EDGE('',*,*,#5336,.F.);
#2329=ORIENTED_EDGE('',*,*,#5334,.F.);
#2330=ORIENTED_EDGE('',*,*,#5337,.T.);
#2331=CARTESIAN_POINT('',(3.89557977079,2.878,-1.563686509856));
#2332=DIRECTION('',(0.991159541580869,0.0,0.132675405155596));
#2333=DIRECTION('',(0.0,-1.0,0.0));
#2334=ORIENTED_EDGE('',*,*,#5338,.F.);
#2335=ORIENTED_EDGE('',*,*,#5339,.F.);
#2336=ORIENTED_EDGE('',*,*,#5340,.T.);
#2337=ORIENTED_EDGE('',*,*,#5282,.T.);
#2338=CARTESIAN_POINT('',(3.89557977079,2.878,-1.563686509856));
#2339=DIRECTION('',(0.991159541580869,0.0,0.132675405155596));
#2340=DIRECTION('',(0.0,-1.0,0.0));
#2341=ORIENTED_EDGE('',*,*,#5288,.T.);
#2342=ORIENTED_EDGE('',*,*,#5341,.F.);
#2343=ORIENTED_EDGE('',*,*,#5337,.F.);
#2344=ORIENTED_EDGE('',*,*,#5333,.F.);
#2345=CARTESIAN_POINT('',(4.468765132771,1.875079942307,-7.73));
#2346=DIRECTION('',(0.0,-1.0,-0.0));
#2347=DIRECTION('',(0.0,0.0,-1.0));
#2348=ORIENTED_EDGE('',*,*,#5342,.F.);
#2349=ORIENTED_EDGE('',*,*,#5343,.F.);
#2350=ORIENTED_EDGE('',*,*,#5344,.T.);
#2351=ORIENTED_EDGE('',*,*,#5345,.F.);
#2352=ORIENTED_EDGE('',*,*,#5346,.F.);
#2353=ORIENTED_EDGE('',*,*,#5312,.T.);
#2354=ORIENTED_EDGE('',*,*,#5347,.T.);
#2355=ORIENTED_EDGE('',*,*,#5348,.F.);
#2356=ORIENTED_EDGE('',*,*,#5349,.T.);
#2357=ORIENTED_EDGE('',*,*,#5350,.F.);
#2358=ORIENTED_EDGE('',*,*,#5265,.T.);
#2359=ORIENTED_EDGE('',*,*,#5351,.T.);
#2360=ORIENTED_EDGE('',*,*,#5287,.T.);
#2361=ORIENTED_EDGE('',*,*,#5352,.F.);
#2362=ORIENTED_EDGE('',*,*,#5353,.T.);
#2363=ORIENTED_EDGE('',*,*,#5335,.F.);
#2364=ORIENTED_EDGE('',*,*,#5341,.T.);
#2365=ORIENTED_EDGE('',*,*,#5354,.T.);
#2366=CARTESIAN_POINT('',(-6.565,2.56,-0.62));
#2367=DIRECTION('',(0.0,-1.0,0.0));
#2368=DIRECTION('',(0.0,0.0,-1.0));
#2369=ORIENTED_EDGE('',*,*,#5291,.T.);
#2370=ORIENTED_EDGE('',*,*,#5355,.F.);
#2371=ORIENTED_EDGE('',*,*,#5356,.F.);
#2372=ORIENTED_EDGE('',*,*,#5357,.T.);
#2373=ORIENTED_EDGE('',*,*,#5358,.T.);
#2374=ORIENTED_EDGE('',*,*,#5354,.F.);
#2375=CARTESIAN_POINT('',(1.75,2.495694215325,-3.954888284615));
#2376=DIRECTION('',(0.0,-0.999872405755489,-0.0159741105771498));
#2377=DIRECTION('',(0.0,0.0159741105771498,-0.999872405755489));
#2378=ORIENTED_EDGE('',*,*,#5284,.T.);
#2379=ORIENTED_EDGE('',*,*,#5358,.F.);
#2380=ORIENTED_EDGE('',*,*,#5359,.F.);
#2381=ORIENTED_EDGE('',*,*,#5360,.F.);
#2382=CARTESIAN_POINT('',(1.531234867229,-2.880898617683,-7.73));
#2383=DIRECTION('',(0.0,-1.0,-0.0));
#2384=DIRECTION('',(0.0,0.0,-1.0));
#2385=ORIENTED_EDGE('',*,*,#5361,.T.);
#2386=ORIENTED_EDGE('',*,*,#5362,.T.);
#2387=ORIENTED_EDGE('',*,*,#5289,.T.);
#2388=ORIENTED_EDGE('',*,*,#5332,.F.);
#2389=ORIENTED_EDGE('',*,*,#5360,.T.);
#2390=ORIENTED_EDGE('',*,*,#5363,.F.);
#2391=CARTESIAN_POINT('',(1.75,2.878,-7.98));
#2392=DIRECTION('',(0.0,0.999872405755489,0.0159741105771498));
#2393=DIRECTION('',(1.0,0.0,-0.0));
#2394=ORIENTED_EDGE('',*,*,#5364,.F.);
#2395=ORIENTED_EDGE('',*,*,#5365,.T.);
#2396=ORIENTED_EDGE('',*,*,#5366,.F.);
#2397=ORIENTED_EDGE('',*,*,#5363,.T.);
#2398=ORIENTED_EDGE('',*,*,#5359,.T.);
#2399=ORIENTED_EDGE('',*,*,#5357,.F.);
#2400=ORIENTED_EDGE('',*,*,#5367,.T.);
#2401=ORIENTED_EDGE('',*,*,#5368,.T.);
#2402=ORIENTED_EDGE('',*,*,#5369,.F.);
#2403=ORIENTED_EDGE('',*,*,#5370,.F.);
#2404=CARTESIAN_POINT('',(2.6,4.4007,-1.630024212433));
#2405=DIRECTION('',(0.991159541580869,0.0,-0.132675405155596));
#2406=DIRECTION('',(0.0,-1.0,0.0));
#2407=ORIENTED_EDGE('',*,*,#5371,.F.);
#2408=ORIENTED_EDGE('',*,*,#5372,.F.);
#2409=ORIENTED_EDGE('',*,*,#5370,.T.);
#2410=ORIENTED_EDGE('',*,*,#5373,.F.);
#2411=CARTESIAN_POINT('',(1.39011507721,13.7370252,-13.68341861182));
#2412=DIRECTION('',(-0.0942312778810941,0.703960391736956,-0.703960391736956));
#2413=DIRECTION('',(0.0,0.707106781186548,0.707106781186548));
#2414=ORIENTED_EDGE('',*,*,#5374,.F.);
#2415=ORIENTED_EDGE('',*,*,#5373,.T.);
#2416=ORIENTED_EDGE('',*,*,#5369,.T.);
#2417=ORIENTED_EDGE('',*,*,#5375,.T.);
#2418=ORIENTED_EDGE('',*,*,#5376,.F.);
#2419=ORIENTED_EDGE('',*,*,#5377,.T.);
#2420=CARTESIAN_POINT('',(1.75,2.653168734419,-2.033876721286));
#2421=DIRECTION('',(0.0,-0.707106781186548,0.707106781186548));
#2422=DIRECTION('',(-1.0,0.0,0.0));
#2423=ORIENTED_EDGE('',*,*,#5378,.F.);
#2424=ORIENTED_EDGE('',*,*,#5377,.F.);
#2425=ORIENTED_EDGE('',*,*,#5379,.T.);
#2426=ORIENTED_EDGE('',*,*,#5380,.F.);
#2427=CARTESIAN_POINT('',(0.8643757057994,-14.2440252,14.29763178818));
#2428=DIRECTION('',(-0.0942312778810941,-0.703960391736956,0.703960391736956));
#2429=DIRECTION('',(0.0,0.707106781186548,0.707106781186548));
#2430=ORIENTED_EDGE('',*,*,#5381,.F.);
#2431=ORIENTED_EDGE('',*,*,#5382,.F.);
#2432=ORIENTED_EDGE('',*,*,#5364,.T.);
#2433=ORIENTED_EDGE('',*,*,#5372,.T.);
#2434=ORIENTED_EDGE('',*,*,#5383,.T.);
#2435=ORIENTED_EDGE('',*,*,#5380,.T.);
#2436=CARTESIAN_POINT('',(1.75,2.287353993434,-2.849353993434));
#2437=DIRECTION('',(0.0,0.707106781186548,-0.707106781186548));
#2438=DIRECTION('',(-1.0,0.0,0.0));
#2439=ORIENTED_EDGE('',*,*,#5383,.F.);
#2440=ORIENTED_EDGE('',*,*,#5371,.T.);
#2441=ORIENTED_EDGE('',*,*,#5374,.T.);
#2442=ORIENTED_EDGE('',*,*,#5378,.T.);
#2443=CARTESIAN_POINT('',(1.75,2.878,-2.258707986867));
#2444=DIRECTION('',(0.0,0.707106781186548,0.707106781186548));
#2445=DIRECTION('',(1.0,0.0,-0.0));
#2446=ORIENTED_EDGE('',*,*,#5384,.F.);
#2447=ORIENTED_EDGE('',*,*,#5365,.F.);
#2448=ORIENTED_EDGE('',*,*,#5382,.T.);
#2449=ORIENTED_EDGE('',*,*,#5385,.T.);
#2450=CARTESIAN_POINT('',(1.75,2.508,-3.07));
#2451=DIRECTION('',(-1.0,0.0,-0.0));
#2452=DIRECTION('',(0.0,0.0,-1.0));
#2453=ORIENTED_EDGE('',*,*,#5376,.T.);
#2454=ORIENTED_EDGE('',*,*,#5386,.T.);
#2455=ORIENTED_EDGE('',*,*,#5387,.F.);
#2456=ORIENTED_EDGE('',*,*,#5355,.T.);
#2457=ORIENTED_EDGE('',*,*,#5290,.T.);
#2458=ORIENTED_EDGE('',*,*,#5362,.F.);
#2459=ORIENTED_EDGE('',*,*,#5388,.T.);
#2460=ORIENTED_EDGE('',*,*,#5385,.F.);
#2461=ORIENTED_EDGE('',*,*,#5381,.T.);
#2462=ORIENTED_EDGE('',*,*,#5379,.F.);
#2463=CARTESIAN_POINT('',(4.25,4.4007,-7.98));
#2464=DIRECTION('',(-0.991159541580869,0.0,-0.132675405155596));
#2465=DIRECTION('',(-0.132675405155596,0.0,0.991159541580869));
#2466=ORIENTED_EDGE('',*,*,#5361,.F.);
#2467=ORIENTED_EDGE('',*,*,#5366,.T.);
#2468=ORIENTED_EDGE('',*,*,#5384,.T.);
#2469=ORIENTED_EDGE('',*,*,#5388,.F.);
#2470=CARTESIAN_POINT('',(1.75,2.175735045483,-3.96));
#2471=DIRECTION('',(-1.0,0.0,-0.0));
#2472=DIRECTION('',(0.0,0.0,-1.0));
#2473=ORIENTED_EDGE('',*,*,#5389,.F.);
#2474=ORIENTED_EDGE('',*,*,#5367,.F.);
#2475=ORIENTED_EDGE('',*,*,#5356,.T.);
#2476=ORIENTED_EDGE('',*,*,#5387,.T.);
#2477=CARTESIAN_POINT('',(1.75,2.175735045483,-3.96));
#2478=DIRECTION('',(-1.0,0.0,-0.0));
#2479=DIRECTION('',(0.0,0.0,-1.0));
#2480=ORIENTED_EDGE('',*,*,#5375,.F.);
#2481=ORIENTED_EDGE('',*,*,#5368,.F.);
#2482=ORIENTED_EDGE('',*,*,#5389,.T.);
#2483=ORIENTED_EDGE('',*,*,#5386,.F.);
#2484=CARTESIAN_POINT('',(1.75,2.508,-3.07));
#2485=DIRECTION('',(-1.0,0.0,-0.0));
#2486=DIRECTION('',(0.0,0.0,-1.0));
#2487=ORIENTED_EDGE('',*,*,#5331,.F.);
#2488=ORIENTED_EDGE('',*,*,#5390,.T.);
#2489=ORIENTED_EDGE('',*,*,#5352,.T.);
#2490=ORIENTED_EDGE('',*,*,#5286,.T.);
#2491=CARTESIAN_POINT('',(1.245540345399,2.878,-7.98));
#2492=DIRECTION('',(-0.991159541580869,0.0,0.132675405155596));
#2493=DIRECTION('',(0.0,1.0,0.0));
#2494=ORIENTED_EDGE('',*,*,#5391,.T.);
#2495=ORIENTED_EDGE('',*,*,#5392,.T.);
#2496=ORIENTED_EDGE('',*,*,#5393,.F.);
#2497=ORIENTED_EDGE('',*,*,#5394,.T.);
#2498=CARTESIAN_POINT('',(1.245540345399,2.878,-7.98));
#2499=DIRECTION('',(-0.991159541580869,0.0,0.132675405155596));
#2500=DIRECTION('',(0.0,1.0,0.0));
#2501=ORIENTED_EDGE('',*,*,#5390,.F.);
#2502=ORIENTED_EDGE('',*,*,#5330,.T.);
#2503=ORIENTED_EDGE('',*,*,#5336,.T.);
#2504=ORIENTED_EDGE('',*,*,#5353,.F.);
#2505=CARTESIAN_POINT('',(3.0,2.878,-1.683567723681));
#2506=DIRECTION('',(-0.0,-1.0,0.0));
#2507=DIRECTION('',(-1.0,0.0,0.0));
#2508=ORIENTED_EDGE('',*,*,#5339,.T.);
#2509=ORIENTED_EDGE('',*,*,#5395,.F.);
#2510=ORIENTED_EDGE('',*,*,#5392,.F.);
#2511=ORIENTED_EDGE('',*,*,#5396,.T.);
#2512=CARTESIAN_POINT('',(3.0,2.878,-1.683567723681));
#2513=DIRECTION('',(-0.0,-1.0,0.0));
#2514=DIRECTION('',(-1.0,0.0,0.0));
#2515=ORIENTED_EDGE('',*,*,#5397,.T.);
#2516=ORIENTED_EDGE('',*,*,#5398,.F.);
#2517=ORIENTED_EDGE('',*,*,#5399,.F.);
#2518=ORIENTED_EDGE('',*,*,#5400,.F.);
#2519=ORIENTED_EDGE('',*,*,#5401,.T.);
#2520=ORIENTED_EDGE('',*,*,#5402,.T.);
#2521=ORIENTED_EDGE('',*,*,#5403,.F.);
#2522=ORIENTED_EDGE('',*,*,#5404,.F.);
#2523=ORIENTED_EDGE('',*,*,#5405,.T.);
#2524=ORIENTED_EDGE('',*,*,#5406,.T.);
#2525=ORIENTED_EDGE('',*,*,#5263,.T.);
#2526=ORIENTED_EDGE('',*,*,#5407,.F.);
#2527=ORIENTED_EDGE('',*,*,#5283,.T.);
#2528=ORIENTED_EDGE('',*,*,#5340,.F.);
#2529=ORIENTED_EDGE('',*,*,#5396,.F.);
#2530=ORIENTED_EDGE('',*,*,#5391,.F.);
#2531=ORIENTED_EDGE('',*,*,#5408,.T.);
#2532=ORIENTED_EDGE('',*,*,#5409,.T.);
#2533=CARTESIAN_POINT('',(-6.565,-2.56,-8.88));
#2534=DIRECTION('',(-0.0,1.0,0.0));
#2535=DIRECTION('',(1.0,0.0,0.0));
#2536=ORIENTED_EDGE('',*,*,#5279,.T.);
#2537=ORIENTED_EDGE('',*,*,#5410,.F.);
#2538=ORIENTED_EDGE('',*,*,#5411,.T.);
#2539=ORIENTED_EDGE('',*,*,#5412,.T.);
#2540=ORIENTED_EDGE('',*,*,#5413,.T.);
#2541=ORIENTED_EDGE('',*,*,#5409,.F.);
#2542=CARTESIAN_POINT('',(1.75,-2.56,-7.98));
#2543=DIRECTION('',(0.0,0.999872405755489,-0.0159741105771498));
#2544=DIRECTION('',(-1.0,0.0,0.0));
#2545=ORIENTED_EDGE('',*,*,#5280,.T.);
#2546=ORIENTED_EDGE('',*,*,#5413,.F.);
#2547=ORIENTED_EDGE('',*,*,#5414,.F.);
#2548=ORIENTED_EDGE('',*,*,#5415,.F.);
#2549=CARTESIAN_POINT('',(4.468765132771,2.881392386878,-7.73));
#2550=DIRECTION('',(0.0,1.0,0.0));
#2551=DIRECTION('',(0.0,0.0,-1.0));
#2552=ORIENTED_EDGE('',*,*,#5416,.F.);
#2553=ORIENTED_EDGE('',*,*,#5417,.F.);
#2554=ORIENTED_EDGE('',*,*,#5418,.F.);
#2555=ORIENTED_EDGE('',*,*,#5419,.F.);
#2556=ORIENTED_EDGE('',*,*,#5420,.F.);
#2557=ORIENTED_EDGE('',*,*,#5421,.T.);
#2558=ORIENTED_EDGE('',*,*,#5422,.T.);
#2559=ORIENTED_EDGE('',*,*,#5423,.T.);
#2560=ORIENTED_EDGE('',*,*,#5424,.T.);
#2561=ORIENTED_EDGE('',*,*,#5425,.T.);
#2562=ORIENTED_EDGE('',*,*,#5261,.T.);
#2563=ORIENTED_EDGE('',*,*,#5426,.T.);
#2564=ORIENTED_EDGE('',*,*,#5395,.T.);
#2565=ORIENTED_EDGE('',*,*,#5338,.T.);
#2566=ORIENTED_EDGE('',*,*,#5281,.T.);
#2567=ORIENTED_EDGE('',*,*,#5427,.T.);
#2568=ORIENTED_EDGE('',*,*,#5428,.T.);
#2569=ORIENTED_EDGE('',*,*,#5393,.T.);
#2570=CARTESIAN_POINT('',(-6.565,-2.878,-0.62));
#2571=DIRECTION('',(0.0,-1.0,0.0));
#2572=DIRECTION('',(0.0,0.0,-1.0));
#2573=ORIENTED_EDGE('',*,*,#5276,.T.);
#2574=ORIENTED_EDGE('',*,*,#5408,.F.);
#2575=ORIENTED_EDGE('',*,*,#5394,.F.);
#2576=ORIENTED_EDGE('',*,*,#5428,.F.);
#2577=CARTESIAN_POINT('',(1.531234867229,-1.875079942307,-7.73));
#2578=DIRECTION('',(0.0,1.0,0.0));
#2579=DIRECTION('',(0.0,0.0,-1.0));
#2580=ORIENTED_EDGE('',*,*,#5429,.F.);
#2581=ORIENTED_EDGE('',*,*,#5430,.T.);
#2582=ORIENTED_EDGE('',*,*,#5431,.T.);
#2583=ORIENTED_EDGE('',*,*,#5410,.T.);
#2584=ORIENTED_EDGE('',*,*,#5278,.T.);
#2585=ORIENTED_EDGE('',*,*,#5432,.F.);
#2586=ORIENTED_EDGE('',*,*,#5433,.F.);
#2587=ORIENTED_EDGE('',*,*,#5434,.T.);
#2588=ORIENTED_EDGE('',*,*,#5435,.F.);
#2589=ORIENTED_EDGE('',*,*,#5436,.F.);
#2590=CARTESIAN_POINT('',(2.6,-4.9077,-1.630024212433));
#2591=DIRECTION('',(-0.991159541580869,0.0,0.132675405155596));
#2592=DIRECTION('',(0.0,1.0,0.0));
#2593=ORIENTED_EDGE('',*,*,#5437,.F.);
#2594=ORIENTED_EDGE('',*,*,#5438,.F.);
#2595=ORIENTED_EDGE('',*,*,#5436,.T.);
#2596=ORIENTED_EDGE('',*,*,#5439,.F.);
#2597=CARTESIAN_POINT('',(5.067757893695,13.7370252,13.79063178818));
#2598=DIRECTION('',(0.0942312778810941,0.703960391736956,0.703960391736956));
#2599=DIRECTION('',(0.0,-0.707106781186548,0.707106781186548));
#2600=ORIENTED_EDGE('',*,*,#5440,.F.);
#2601=ORIENTED_EDGE('',*,*,#5439,.T.);
#2602=ORIENTED_EDGE('',*,*,#5435,.T.);
#2603=ORIENTED_EDGE('',*,*,#5441,.T.);
#2604=ORIENTED_EDGE('',*,*,#5442,.F.);
#2605=ORIENTED_EDGE('',*,*,#5443,.T.);
#2606=CARTESIAN_POINT('',(1.75,-2.878,-2.258707986867));
#2607=DIRECTION('',(0.0,-0.707106781186548,-0.707106781186548));
#2608=DIRECTION('',(0.0,-0.707106781186548,0.707106781186548));
#2609=ORIENTED_EDGE('',*,*,#5444,.F.);
#2610=ORIENTED_EDGE('',*,*,#5443,.F.);
#2611=ORIENTED_EDGE('',*,*,#5445,.T.);
#2612=ORIENTED_EDGE('',*,*,#5446,.F.);
#2613=CARTESIAN_POINT('',(4.677751323296,-14.2440252,-14.19041861182));
#2614=DIRECTION('',(0.0942312778810941,-0.703960391736956,-0.703960391736956));
#2615=DIRECTION('',(0.0,-0.707106781186548,0.707106781186548));
#2616=ORIENTED_EDGE('',*,*,#5447,.F.);
#2617=ORIENTED_EDGE('',*,*,#5448,.F.);
#2618=ORIENTED_EDGE('',*,*,#5429,.T.);
#2619=ORIENTED_EDGE('',*,*,#5438,.T.);
#2620=ORIENTED_EDGE('',*,*,#5449,.T.);
#2621=ORIENTED_EDGE('',*,*,#5446,.T.);
#2622=CARTESIAN_POINT('',(1.75,-2.062522727852,-2.624522727852));
#2623=DIRECTION('',(0.0,0.707106781186548,0.707106781186548));
#2624=DIRECTION('',(1.0,0.0,-0.0));
#2625=ORIENTED_EDGE('',*,*,#5449,.F.);
#2626=ORIENTED_EDGE('',*,*,#5437,.T.);
#2627=ORIENTED_EDGE('',*,*,#5440,.T.);
#2628=ORIENTED_EDGE('',*,*,#5444,.T.);
#2629=CARTESIAN_POINT('',(1.75,-2.653168734419,-2.033876721286));
#2630=DIRECTION('',(0.0,-0.707106781186548,0.707106781186548));
#2631=DIRECTION('',(-1.0,0.0,0.0));
#2632=ORIENTED_EDGE('',*,*,#5450,.F.);
#2633=ORIENTED_EDGE('',*,*,#5430,.F.);
#2634=ORIENTED_EDGE('',*,*,#5448,.T.);
#2635=ORIENTED_EDGE('',*,*,#5451,.F.);
#2636=CARTESIAN_POINT('',(1.75,-2.508,-3.07));
#2637=DIRECTION('',(-1.0,0.0,-0.0));
#2638=DIRECTION('',(0.0,0.0,-1.0));
#2639=ORIENTED_EDGE('',*,*,#5442,.T.);
#2640=ORIENTED_EDGE('',*,*,#5452,.F.);
#2641=ORIENTED_EDGE('',*,*,#5453,.T.);
#2642=ORIENTED_EDGE('',*,*,#5454,.T.);
#2643=ORIENTED_EDGE('',*,*,#5414,.T.);
#2644=ORIENTED_EDGE('',*,*,#5412,.F.);
#2645=ORIENTED_EDGE('',*,*,#5455,.F.);
#2646=ORIENTED_EDGE('',*,*,#5451,.T.);
#2647=ORIENTED_EDGE('',*,*,#5447,.T.);
#2648=ORIENTED_EDGE('',*,*,#5445,.F.);
#2649=CARTESIAN_POINT('',(4.25,-4.9077,-7.98));
#2650=DIRECTION('',(0.991159541580869,0.0,0.132675405155596));
#2651=DIRECTION('',(0.0,-1.0,0.0));
#2652=ORIENTED_EDGE('',*,*,#5411,.F.);
#2653=ORIENTED_EDGE('',*,*,#5431,.F.);
#2654=ORIENTED_EDGE('',*,*,#5450,.T.);
#2655=ORIENTED_EDGE('',*,*,#5455,.T.);
#2656=CARTESIAN_POINT('',(1.75,-2.175735045483,-3.96));
#2657=DIRECTION('',(-1.0,0.0,-0.0));
#2658=DIRECTION('',(0.0,0.0,-1.0));
#2659=ORIENTED_EDGE('',*,*,#5456,.F.);
#2660=ORIENTED_EDGE('',*,*,#5432,.T.);
#2661=ORIENTED_EDGE('',*,*,#5277,.T.);
#2662=ORIENTED_EDGE('',*,*,#5427,.F.);
#2663=ORIENTED_EDGE('',*,*,#5415,.T.);
#2664=ORIENTED_EDGE('',*,*,#5454,.F.);
#2665=CARTESIAN_POINT('',(1.75,-2.813613070563,-3.949809165601));
#2666=DIRECTION('',(0.0,-0.999872405755489,0.0159741105771498));
#2667=DIRECTION('',(-1.0,0.0,0.0));
#2668=ORIENTED_EDGE('',*,*,#5457,.F.);
#2669=ORIENTED_EDGE('',*,*,#5433,.T.);
#2670=ORIENTED_EDGE('',*,*,#5456,.T.);
#2671=ORIENTED_EDGE('',*,*,#5453,.F.);
#2672=CARTESIAN_POINT('',(1.75,-2.175735045483,-3.96));
#2673=DIRECTION('',(-1.0,0.0,-0.0));
#2674=DIRECTION('',(0.0,0.0,-1.0));
#2675=ORIENTED_EDGE('',*,*,#5441,.F.);
#2676=ORIENTED_EDGE('',*,*,#5434,.F.);
#2677=ORIENTED_EDGE('',*,*,#5457,.T.);
#2678=ORIENTED_EDGE('',*,*,#5452,.T.);
#2679=CARTESIAN_POINT('',(1.75,-2.508,-3.07));
#2680=DIRECTION('',(-1.0,0.0,-0.0));
#2681=DIRECTION('',(0.0,0.0,-1.0));
#2682=ORIENTED_EDGE('',*,*,#5458,.T.);
#2683=ORIENTED_EDGE('',*,*,#5459,.T.);
#2684=ORIENTED_EDGE('',*,*,#5273,.T.);
#2685=ORIENTED_EDGE('',*,*,#5426,.F.);
#2686=ORIENTED_EDGE('',*,*,#5460,.T.);
#2687=ORIENTED_EDGE('',*,*,#5461,.F.);
#2688=CARTESIAN_POINT('',(-1.75,-2.813613070563,-3.949809165601));
#2689=DIRECTION('',(0.0,0.999872405755489,-0.0159741105771498));
#2690=DIRECTION('',(-1.0,0.0,0.0));
#2691=ORIENTED_EDGE('',*,*,#5462,.T.);
#2692=ORIENTED_EDGE('',*,*,#5463,.F.);
#2693=ORIENTED_EDGE('',*,*,#5464,.T.);
#2694=ORIENTED_EDGE('',*,*,#5461,.T.);
#2695=ORIENTED_EDGE('',*,*,#5465,.T.);
#2696=ORIENTED_EDGE('',*,*,#5466,.F.);
#2697=ORIENTED_EDGE('',*,*,#5467,.F.);
#2698=ORIENTED_EDGE('',*,*,#5468,.T.);
#2699=ORIENTED_EDGE('',*,*,#5469,.T.);
#2700=ORIENTED_EDGE('',*,*,#5470,.F.);
#2701=CARTESIAN_POINT('',(-1.75,-4.9077,-7.98));
#2702=DIRECTION('',(0.991159541580869,0.0,0.132675405155596));
#2703=DIRECTION('',(0.0,-1.0,0.0));
#2704=ORIENTED_EDGE('',*,*,#5471,.F.);
#2705=ORIENTED_EDGE('',*,*,#5472,.F.);
#2706=ORIENTED_EDGE('',*,*,#5470,.T.);
#2707=ORIENTED_EDGE('',*,*,#5473,.F.);
#2708=CARTESIAN_POINT('',(-1.322248676704,-14.2440252,-14.19041861182));
#2709=DIRECTION('',(0.0942312778810941,-0.703960391736956,-0.703960391736956));
#2710=DIRECTION('',(0.0,-0.707106781186548,0.707106781186548));
#2711=ORIENTED_EDGE('',*,*,#5469,.F.);
#2712=ORIENTED_EDGE('',*,*,#5474,.T.);
#2713=ORIENTED_EDGE('',*,*,#5475,.T.);
#2714=ORIENTED_EDGE('',*,*,#5476,.T.);
#2715=ORIENTED_EDGE('',*,*,#5477,.F.);
#2716=ORIENTED_EDGE('',*,*,#5473,.T.);
#2717=CARTESIAN_POINT('',(-1.75,-2.062522727852,-2.624522727852));
#2718=DIRECTION('',(0.0,-0.707106781186548,-0.707106781186548));
#2719=DIRECTION('',(0.0,-0.707106781186548,0.707106781186548));
#2720=ORIENTED_EDGE('',*,*,#5477,.T.);
#2721=ORIENTED_EDGE('',*,*,#5478,.T.);
#2722=ORIENTED_EDGE('',*,*,#5479,.F.);
#2723=ORIENTED_EDGE('',*,*,#5471,.T.);
#2724=CARTESIAN_POINT('',(-1.75,-2.653168734419,-2.033876721286));
#2725=DIRECTION('',(0.0,0.707106781186548,-0.707106781186548));
#2726=DIRECTION('',(-1.0,0.0,0.0));
#2727=ORIENTED_EDGE('',*,*,#5479,.T.);
#2728=ORIENTED_EDGE('',*,*,#5480,.T.);
#2729=ORIENTED_EDGE('',*,*,#5481,.T.);
#2730=ORIENTED_EDGE('',*,*,#5482,.F.);
#2731=ORIENTED_EDGE('',*,*,#5462,.F.);
#2732=ORIENTED_EDGE('',*,*,#5472,.T.);
#2733=CARTESIAN_POINT('',(-1.75,-2.878,-2.258707986867));
#2734=DIRECTION('',(0.0,0.707106781186548,0.707106781186548));
#2735=DIRECTION('',(1.0,0.0,-0.0));
#2736=ORIENTED_EDGE('',*,*,#5482,.T.);
#2737=ORIENTED_EDGE('',*,*,#5483,.F.);
#2738=ORIENTED_EDGE('',*,*,#5484,.F.);
#2739=ORIENTED_EDGE('',*,*,#5463,.T.);
#2740=CARTESIAN_POINT('',(-1.75,-2.508,-3.07));
#2741=DIRECTION('',(-1.0,0.0,-0.0));
#2742=DIRECTION('',(0.0,0.0,-1.0));
#2743=ORIENTED_EDGE('',*,*,#5484,.T.);
#2744=ORIENTED_EDGE('',*,*,#5485,.T.);
#2745=ORIENTED_EDGE('',*,*,#5458,.F.);
#2746=ORIENTED_EDGE('',*,*,#5464,.F.);
#2747=CARTESIAN_POINT('',(-1.75,-2.175735045483,-3.96));
#2748=DIRECTION('',(-1.0,0.0,-0.0));
#2749=DIRECTION('',(0.0,0.0,-1.0));
#2750=ORIENTED_EDGE('',*,*,#5475,.F.);
#2751=ORIENTED_EDGE('',*,*,#5486,.T.);
#2752=ORIENTED_EDGE('',*,*,#5487,.T.);
#2753=ORIENTED_EDGE('',*,*,#5488,.T.);
#2754=ORIENTED_EDGE('',*,*,#5274,.T.);
#2755=ORIENTED_EDGE('',*,*,#5459,.F.);
#2756=ORIENTED_EDGE('',*,*,#5485,.F.);
#2757=ORIENTED_EDGE('',*,*,#5483,.T.);
#2758=ORIENTED_EDGE('',*,*,#5481,.F.);
#2759=ORIENTED_EDGE('',*,*,#5489,.F.);
#2760=CARTESIAN_POINT('',(-3.4,-4.9077,-1.630024212433));
#2761=DIRECTION('',(-0.991159541580869,0.0,0.132675405155596));
#2762=DIRECTION('',(0.0,1.0,0.0));
#2763=ORIENTED_EDGE('',*,*,#5478,.F.);
#2764=ORIENTED_EDGE('',*,*,#5476,.F.);
#2765=ORIENTED_EDGE('',*,*,#5489,.T.);
#2766=ORIENTED_EDGE('',*,*,#5480,.F.);
#2767=CARTESIAN_POINT('',(-0.9322421063051,13.7370252,13.79063178818));
#2768=DIRECTION('',(0.0942312778810941,0.703960391736956,0.703960391736956));
#2769=DIRECTION('',(0.0,-0.707106781186548,0.707106781186548));
#2770=ORIENTED_EDGE('',*,*,#5272,.T.);
#2771=ORIENTED_EDGE('',*,*,#5405,.F.);
#2772=ORIENTED_EDGE('',*,*,#5490,.F.);
#2773=ORIENTED_EDGE('',*,*,#5422,.F.);
#2774=CARTESIAN_POINT('',(-4.468765132771,-1.875079942307,-7.73));
#2775=DIRECTION('',(0.0,1.0,0.0));
#2776=DIRECTION('',(0.0,0.0,-1.0));
#2777=ORIENTED_EDGE('',*,*,#5326,.F.);
#2778=ORIENTED_EDGE('',*,*,#5491,.T.);
#2779=ORIENTED_EDGE('',*,*,#5348,.T.);
#2780=ORIENTED_EDGE('',*,*,#5492,.T.);
#2781=CARTESIAN_POINT('',(-4.754459654601,2.878,-7.98));
#2782=DIRECTION('',(-0.991159541580869,0.0,0.132675405155596));
#2783=DIRECTION('',(0.0,1.0,0.0));
#2784=ORIENTED_EDGE('',*,*,#5404,.T.);
#2785=ORIENTED_EDGE('',*,*,#5493,.T.);
#2786=ORIENTED_EDGE('',*,*,#5423,.F.);
#2787=ORIENTED_EDGE('',*,*,#5490,.T.);
#2788=CARTESIAN_POINT('',(-4.754459654601,2.878,-7.98));
#2789=DIRECTION('',(-0.991159541580869,0.0,0.132675405155596));
#2790=DIRECTION('',(0.0,1.0,0.0));
#2791=ORIENTED_EDGE('',*,*,#5268,.T.);
#2792=ORIENTED_EDGE('',*,*,#5327,.F.);
#2793=ORIENTED_EDGE('',*,*,#5492,.F.);
#2794=ORIENTED_EDGE('',*,*,#5347,.F.);
#2795=CARTESIAN_POINT('',(-4.468765132771,2.881392386878,-7.73));
#2796=DIRECTION('',(0.0,1.0,0.0));
#2797=DIRECTION('',(0.0,0.0,-1.0));
#2798=ORIENTED_EDGE('',*,*,#5271,.T.);
#2799=ORIENTED_EDGE('',*,*,#5494,.F.);
#2800=ORIENTED_EDGE('',*,*,#5495,.F.);
#2801=ORIENTED_EDGE('',*,*,#5496,.T.);
#2802=ORIENTED_EDGE('',*,*,#5497,.T.);
#2803=ORIENTED_EDGE('',*,*,#5328,.F.);
#2804=CARTESIAN_POINT('',(-1.75,2.878,-7.98));
#2805=DIRECTION('',(0.0,-0.999872405755489,-0.0159741105771498));
#2806=DIRECTION('',(0.0,0.0159741105771498,-0.999872405755489));
#2807=ORIENTED_EDGE('',*,*,#5264,.T.);
#2808=ORIENTED_EDGE('',*,*,#5497,.F.);
#2809=ORIENTED_EDGE('',*,*,#5498,.F.);
#2810=ORIENTED_EDGE('',*,*,#5499,.F.);
#2811=CARTESIAN_POINT('',(-1.531234867229,2.881392386878,-7.73));
#2812=DIRECTION('',(0.0,1.0,0.0));
#2813=DIRECTION('',(0.0,0.0,-1.0));
#2814=ORIENTED_EDGE('',*,*,#5500,.T.);
#2815=ORIENTED_EDGE('',*,*,#5501,.T.);
#2816=ORIENTED_EDGE('',*,*,#5269,.T.);
#2817=ORIENTED_EDGE('',*,*,#5351,.F.);
#2818=ORIENTED_EDGE('',*,*,#5499,.T.);
#2819=ORIENTED_EDGE('',*,*,#5502,.F.);
#2820=CARTESIAN_POINT('',(-1.75,2.495694215325,-3.954888284615));
#2821=DIRECTION('',(0.0,0.999872405755489,0.0159741105771498));
#2822=DIRECTION('',(1.0,0.0,-0.0));
#2823=ORIENTED_EDGE('',*,*,#5503,.T.);
#2824=ORIENTED_EDGE('',*,*,#5504,.T.);
#2825=ORIENTED_EDGE('',*,*,#5505,.F.);
#2826=ORIENTED_EDGE('',*,*,#5502,.T.);
#2827=ORIENTED_EDGE('',*,*,#5498,.T.);
#2828=ORIENTED_EDGE('',*,*,#5496,.F.);
#2829=ORIENTED_EDGE('',*,*,#5506,.T.);
#2830=ORIENTED_EDGE('',*,*,#5507,.F.);
#2831=ORIENTED_EDGE('',*,*,#5508,.T.);
#2832=ORIENTED_EDGE('',*,*,#5509,.F.);
#2833=CARTESIAN_POINT('',(-1.75,4.4007,-7.98));
#2834=DIRECTION('',(-0.991159541580869,0.0,-0.132675405155596));
#2835=DIRECTION('',(-0.132675405155596,0.0,0.991159541580869));
#2836=ORIENTED_EDGE('',*,*,#5510,.F.);
#2837=ORIENTED_EDGE('',*,*,#5511,.F.);
#2838=ORIENTED_EDGE('',*,*,#5509,.T.);
#2839=ORIENTED_EDGE('',*,*,#5512,.F.);
#2840=CARTESIAN_POINT('',(-5.135624294201,-14.2440252,14.29763178818));
#2841=DIRECTION('',(-0.0942312778810941,-0.703960391736956,0.703960391736956));
#2842=DIRECTION('',(0.0,0.707106781186548,0.707106781186548));
#2843=ORIENTED_EDGE('',*,*,#5508,.F.);
#2844=ORIENTED_EDGE('',*,*,#5513,.T.);
#2845=ORIENTED_EDGE('',*,*,#5514,.T.);
#2846=ORIENTED_EDGE('',*,*,#5515,.T.);
#2847=ORIENTED_EDGE('',*,*,#5516,.F.);
#2848=ORIENTED_EDGE('',*,*,#5512,.T.);
#2849=CARTESIAN_POINT('',(-1.75,2.287353993434,-2.849353993434));
#2850=DIRECTION('',(0.0,-0.707106781186548,0.707106781186548));
#2851=DIRECTION('',(-1.0,0.0,0.0));
#2852=ORIENTED_EDGE('',*,*,#5516,.T.);
#2853=ORIENTED_EDGE('',*,*,#5517,.T.);
#2854=ORIENTED_EDGE('',*,*,#5518,.F.);
#2855=ORIENTED_EDGE('',*,*,#5510,.T.);
#2856=CARTESIAN_POINT('',(-1.75,2.878,-2.258707986867));
#2857=DIRECTION('',(0.0,-0.707106781186548,-0.707106781186548));
#2858=DIRECTION('',(0.0,-0.707106781186548,0.707106781186548));
#2859=ORIENTED_EDGE('',*,*,#5518,.T.);
#2860=ORIENTED_EDGE('',*,*,#5519,.T.);
#2861=ORIENTED_EDGE('',*,*,#5520,.T.);
#2862=ORIENTED_EDGE('',*,*,#5521,.F.);
#2863=ORIENTED_EDGE('',*,*,#5503,.F.);
#2864=ORIENTED_EDGE('',*,*,#5511,.T.);
#2865=CARTESIAN_POINT('',(-1.75,2.653168734419,-2.033876721286));
#2866=DIRECTION('',(0.0,0.707106781186548,-0.707106781186548));
#2867=DIRECTION('',(-1.0,0.0,0.0));
#2868=ORIENTED_EDGE('',*,*,#5521,.T.);
#2869=ORIENTED_EDGE('',*,*,#5522,.F.);
#2870=ORIENTED_EDGE('',*,*,#5523,.F.);
#2871=ORIENTED_EDGE('',*,*,#5504,.F.);
#2872=CARTESIAN_POINT('',(-1.75,2.508,-3.07));
#2873=DIRECTION('',(-1.0,0.0,-0.0));
#2874=DIRECTION('',(0.0,0.0,-1.0));
#2875=ORIENTED_EDGE('',*,*,#5523,.T.);
#2876=ORIENTED_EDGE('',*,*,#5524,.F.);
#2877=ORIENTED_EDGE('',*,*,#5500,.F.);
#2878=ORIENTED_EDGE('',*,*,#5505,.T.);
#2879=CARTESIAN_POINT('',(-1.75,2.175735045483,-3.96));
#2880=DIRECTION('',(-1.0,0.0,-0.0));
#2881=DIRECTION('',(0.0,0.0,-1.0));
#2882=ORIENTED_EDGE('',*,*,#5514,.F.);
#2883=ORIENTED_EDGE('',*,*,#5525,.T.);
#2884=ORIENTED_EDGE('',*,*,#5526,.F.);
#2885=ORIENTED_EDGE('',*,*,#5494,.T.);
#2886=ORIENTED_EDGE('',*,*,#5270,.T.);
#2887=ORIENTED_EDGE('',*,*,#5501,.F.);
#2888=ORIENTED_EDGE('',*,*,#5524,.T.);
#2889=ORIENTED_EDGE('',*,*,#5522,.T.);
#2890=ORIENTED_EDGE('',*,*,#5520,.F.);
#2891=ORIENTED_EDGE('',*,*,#5527,.F.);
#2892=CARTESIAN_POINT('',(-3.4,4.4007,-1.630024212433));
#2893=DIRECTION('',(0.991159541580869,0.0,-0.132675405155596));
#2894=DIRECTION('',(0.0,-1.0,0.0));
#2895=ORIENTED_EDGE('',*,*,#5517,.F.);
#2896=ORIENTED_EDGE('',*,*,#5515,.F.);
#2897=ORIENTED_EDGE('',*,*,#5527,.T.);
#2898=ORIENTED_EDGE('',*,*,#5519,.F.);
#2899=CARTESIAN_POINT('',(-4.60988492279,13.7370252,-13.68341861182));
#2900=DIRECTION('',(-0.0942312778810941,0.703960391736956,-0.703960391736956));
#2901=DIRECTION('',(0.0,0.707106781186548,0.707106781186548));
#2902=ORIENTED_EDGE('',*,*,#5495,.T.);
#2903=ORIENTED_EDGE('',*,*,#5526,.T.);
#2904=ORIENTED_EDGE('',*,*,#5528,.F.);
#2905=ORIENTED_EDGE('',*,*,#5506,.F.);
#2906=CARTESIAN_POINT('',(-1.75,2.175735045483,-3.96));
#2907=DIRECTION('',(-1.0,0.0,-0.0));
#2908=DIRECTION('',(0.0,0.0,-1.0));
#2909=ORIENTED_EDGE('',*,*,#5528,.T.);
#2910=ORIENTED_EDGE('',*,*,#5525,.F.);
#2911=ORIENTED_EDGE('',*,*,#5513,.F.);
#2912=ORIENTED_EDGE('',*,*,#5507,.T.);
#2913=CARTESIAN_POINT('',(-1.75,2.508,-3.07));
#2914=DIRECTION('',(-1.0,0.0,-0.0));
#2915=DIRECTION('',(0.0,0.0,-1.0));
#2916=ORIENTED_EDGE('',*,*,#5425,.F.);
#2917=ORIENTED_EDGE('',*,*,#5529,.F.);
#2918=ORIENTED_EDGE('',*,*,#5407,.T.);
#2919=ORIENTED_EDGE('',*,*,#5262,.T.);
#2920=CARTESIAN_POINT('',(-2.10442022921,2.878,-1.563686509856));
#2921=DIRECTION('',(0.991159541580869,0.0,0.132675405155596));
#2922=DIRECTION('',(0.0,-1.0,0.0));
#2923=ORIENTED_EDGE('',*,*,#5350,.T.);
#2924=ORIENTED_EDGE('',*,*,#5530,.F.);
#2925=ORIENTED_EDGE('',*,*,#5329,.F.);
#2926=ORIENTED_EDGE('',*,*,#5266,.T.);
#2927=CARTESIAN_POINT('',(-2.10442022921,2.878,-1.563686509856));
#2928=DIRECTION('',(0.991159541580869,0.0,0.132675405155596));
#2929=DIRECTION('',(0.0,-1.0,0.0));
#2930=ORIENTED_EDGE('',*,*,#5260,.T.);
#2931=ORIENTED_EDGE('',*,*,#5531,.F.);
#2932=ORIENTED_EDGE('',*,*,#5465,.F.);
#2933=ORIENTED_EDGE('',*,*,#5460,.F.);
#2934=CARTESIAN_POINT('',(-1.531234867229,2.881392386878,-7.73));
#2935=DIRECTION('',(0.0,1.0,0.0));
#2936=DIRECTION('',(0.0,0.0,-1.0));
#2937=ORIENTED_EDGE('',*,*,#5275,.T.);
#2938=ORIENTED_EDGE('',*,*,#5488,.F.);
#2939=ORIENTED_EDGE('',*,*,#5532,.F.);
#2940=ORIENTED_EDGE('',*,*,#5466,.T.);
#2941=ORIENTED_EDGE('',*,*,#5531,.T.);
#2942=ORIENTED_EDGE('',*,*,#5406,.F.);
#2943=CARTESIAN_POINT('',(-1.75,-2.56,-7.98));
#2944=DIRECTION('',(0.0,-0.999872405755489,0.0159741105771498));
#2945=DIRECTION('',(-1.0,0.0,0.0));
#2946=ORIENTED_EDGE('',*,*,#5532,.T.);
#2947=ORIENTED_EDGE('',*,*,#5487,.F.);
#2948=ORIENTED_EDGE('',*,*,#5533,.F.);
#2949=ORIENTED_EDGE('',*,*,#5467,.T.);
#2950=CARTESIAN_POINT('',(-1.75,-2.175735045483,-3.96));
#2951=DIRECTION('',(-1.0,0.0,-0.0));
#2952=DIRECTION('',(0.0,0.0,-1.0));
#2953=ORIENTED_EDGE('',*,*,#5533,.T.);
#2954=ORIENTED_EDGE('',*,*,#5486,.F.);
#2955=ORIENTED_EDGE('',*,*,#5474,.F.);
#2956=ORIENTED_EDGE('',*,*,#5468,.F.);
#2957=CARTESIAN_POINT('',(-1.75,-2.508,-3.07));
#2958=DIRECTION('',(-1.0,0.0,-0.0));
#2959=DIRECTION('',(0.0,0.0,-1.0));
#2960=ORIENTED_EDGE('',*,*,#5491,.F.);
#2961=ORIENTED_EDGE('',*,*,#5325,.T.);
#2962=ORIENTED_EDGE('',*,*,#5530,.T.);
#2963=ORIENTED_EDGE('',*,*,#5349,.F.);
#2964=CARTESIAN_POINT('',(-3.0,2.878,-1.683567723681));
#2965=DIRECTION('',(-0.0,-1.0,0.0));
#2966=DIRECTION('',(-1.0,0.0,0.0));
#2967=ORIENTED_EDGE('',*,*,#5529,.T.);
#2968=ORIENTED_EDGE('',*,*,#5424,.F.);
#2969=ORIENTED_EDGE('',*,*,#5493,.F.);
#2970=ORIENTED_EDGE('',*,*,#5403,.T.);
#2971=CARTESIAN_POINT('',(-3.0,2.878,-1.683567723681));
#2972=DIRECTION('',(-0.0,-1.0,0.0));
#2973=DIRECTION('',(-1.0,0.0,0.0));
#2974=ORIENTED_EDGE('',*,*,#5534,.F.);
#2975=ORIENTED_EDGE('',*,*,#5535,.F.);
#2976=ORIENTED_EDGE('',*,*,#5536,.T.);
#2977=ORIENTED_EDGE('',*,*,#5421,.F.);
#2978=ORIENTED_EDGE('',*,*,#5537,.T.);
#2979=ORIENTED_EDGE('',*,*,#5538,.T.);
#2980=CARTESIAN_POINT('',(-6.565,-3.18,-0.62));
#2981=DIRECTION('',(-1.0,0.0,-0.0));
#2982=DIRECTION('',(0.0,0.0,-1.0));
#2983=ORIENTED_EDGE('',*,*,#5539,.T.);
#2984=ORIENTED_EDGE('',*,*,#5538,.F.);
#2985=ORIENTED_EDGE('',*,*,#5540,.T.);
#2986=ORIENTED_EDGE('',*,*,#5541,.T.);
#2987=ORIENTED_EDGE('',*,*,#5542,.T.);
#2988=ORIENTED_EDGE('',*,*,#5543,.F.);
#2989=CARTESIAN_POINT('',(5.607,-2.56,0.0));
#2990=DIRECTION('',(-1.0,0.0,0.0));
#2991=DIRECTION('',(0.0,0.0,1.0));
#2992=ORIENTED_EDGE('',*,*,#5544,.F.);
#2993=ORIENTED_EDGE('',*,*,#5545,.F.);
#2994=ORIENTED_EDGE('',*,*,#5543,.T.);
#2995=ORIENTED_EDGE('',*,*,#5546,.F.);
#2996=CARTESIAN_POINT('',(5.307,-3.325,-32.2504));
#2997=DIRECTION('',(0.0,-0.0,-1.0));
#2998=DIRECTION('',(0.0,-1.0,0.0));
#2999=ORIENTED_EDGE('',*,*,#5547,.T.);
#3000=ORIENTED_EDGE('',*,*,#5546,.T.);
#3001=ORIENTED_EDGE('',*,*,#5542,.F.);
#3002=ORIENTED_EDGE('',*,*,#5548,.F.);
#3003=ORIENTED_EDGE('',*,*,#5549,.T.);
#3004=ORIENTED_EDGE('',*,*,#5550,.T.);
#3005=CARTESIAN_POINT('',(-6.565,-3.18,0.0));
#3006=DIRECTION('',(0.0,0.0,1.0));
#3007=DIRECTION('',(1.0,0.0,0.0));
#3008=ORIENTED_EDGE('',*,*,#5551,.F.);
#3009=ORIENTED_EDGE('',*,*,#5550,.F.);
#3010=ORIENTED_EDGE('',*,*,#5552,.T.);
#3011=ORIENTED_EDGE('',*,*,#5553,.F.);
#3012=CARTESIAN_POINT('',(-5.307,-3.325,18.2504));
#3013=DIRECTION('',(-0.0,0.0,1.0));
#3014=DIRECTION('',(0.0,-1.0,0.0));
#3015=ORIENTED_EDGE('',*,*,#5554,.T.);
#3016=ORIENTED_EDGE('',*,*,#5534,.T.);
#3017=ORIENTED_EDGE('',*,*,#5539,.F.);
#3018=ORIENTED_EDGE('',*,*,#5545,.T.);
#3019=ORIENTED_EDGE('',*,*,#5555,.F.);
#3020=ORIENTED_EDGE('',*,*,#5553,.T.);
#3021=CARTESIAN_POINT('',(-6.565,-3.625,-0.318));
#3022=DIRECTION('',(0.0,0.0,-1.0));
#3023=DIRECTION('',(0.0,-1.0,0.0));
#3024=ORIENTED_EDGE('',*,*,#5555,.T.);
#3025=ORIENTED_EDGE('',*,*,#5544,.T.);
#3026=ORIENTED_EDGE('',*,*,#5547,.F.);
#3027=ORIENTED_EDGE('',*,*,#5551,.T.);
#3028=CARTESIAN_POINT('',(-6.565,-3.625,0.0));
#3029=DIRECTION('',(0.0,-1.0,0.0));
#3030=DIRECTION('',(0.0,0.0,-1.0));
#3031=ORIENTED_EDGE('',*,*,#5549,.F.);
#3032=ORIENTED_EDGE('',*,*,#5556,.F.);
#3033=ORIENTED_EDGE('',*,*,#5557,.T.);
#3034=ORIENTED_EDGE('',*,*,#5535,.T.);
#3035=ORIENTED_EDGE('',*,*,#5554,.F.);
#3036=ORIENTED_EDGE('',*,*,#5552,.F.);
#3037=CARTESIAN_POINT('',(-5.607,-3.625,0.0));
#3038=DIRECTION('',(1.0,0.0,0.0));
#3039=DIRECTION('',(0.0,1.0,0.0));
#3040=ORIENTED_EDGE('',*,*,#5536,.F.);
#3041=ORIENTED_EDGE('',*,*,#5557,.F.);
#3042=ORIENTED_EDGE('',*,*,#5558,.F.);
#3043=ORIENTED_EDGE('',*,*,#5559,.T.);
#3044=CARTESIAN_POINT('',(-5.907,13.7370252,-0.32));
#3045=DIRECTION('',(0.0,1.0,0.0));
#3046=DIRECTION('',(0.0,0.0,-1.0));
#3047=ORIENTED_EDGE('',*,*,#5560,.F.);
#3048=ORIENTED_EDGE('',*,*,#5561,.T.);
#3049=ORIENTED_EDGE('',*,*,#5416,.T.);
#3050=ORIENTED_EDGE('',*,*,#5559,.F.);
#3051=ORIENTED_EDGE('',*,*,#5401,.F.);
#3052=ORIENTED_EDGE('',*,*,#5562,.T.);
#3053=ORIENTED_EDGE('',*,*,#5563,.T.);
#3054=ORIENTED_EDGE('',*,*,#5564,.F.);
#3055=CARTESIAN_POINT('',(0.0,0.0,-0.62));
#3056=DIRECTION('',(0.0,0.0,1.0));
#3057=DIRECTION('',(1.0,0.0,0.0));
#3058=ORIENTED_EDGE('',*,*,#5420,.T.);
#3059=ORIENTED_EDGE('',*,*,#5565,.T.);
#3060=ORIENTED_EDGE('',*,*,#5566,.T.);
#3061=ORIENTED_EDGE('',*,*,#5567,.F.);
#3062=ORIENTED_EDGE('',*,*,#5568,.F.);
#3063=ORIENTED_EDGE('',*,*,#5569,.T.);
#3064=ORIENTED_EDGE('',*,*,#5397,.F.);
#3065=ORIENTED_EDGE('',*,*,#5570,.F.);
#3066=CARTESIAN_POINT('',(0.0,0.0,-0.62));
#3067=DIRECTION('',(0.0,0.0,1.0));
#3068=DIRECTION('',(1.0,0.0,0.0));
#3069=ORIENTED_EDGE('',*,*,#5571,.T.);
#3070=ORIENTED_EDGE('',*,*,#5572,.T.);
#3071=ORIENTED_EDGE('',*,*,#5320,.F.);
#3072=ORIENTED_EDGE('',*,*,#5573,.F.);
#3073=ORIENTED_EDGE('',*,*,#5346,.T.);
#3074=ORIENTED_EDGE('',*,*,#5574,.T.);
#3075=ORIENTED_EDGE('',*,*,#5575,.F.);
#3076=ORIENTED_EDGE('',*,*,#5576,.F.);
#3077=CARTESIAN_POINT('',(0.0,0.0,-0.62));
#3078=DIRECTION('',(0.0,0.0,1.0));
#3079=DIRECTION('',(1.0,0.0,0.0));
#3080=ORIENTED_EDGE('',*,*,#5324,.F.);
#3081=ORIENTED_EDGE('',*,*,#5577,.T.);
#3082=ORIENTED_EDGE('',*,*,#5578,.F.);
#3083=ORIENTED_EDGE('',*,*,#5579,.F.);
#3084=ORIENTED_EDGE('',*,*,#5580,.T.);
#3085=ORIENTED_EDGE('',*,*,#5581,.T.);
#3086=ORIENTED_EDGE('',*,*,#5342,.T.);
#3087=ORIENTED_EDGE('',*,*,#5582,.F.);
#3088=CARTESIAN_POINT('',(0.0,0.0,-0.62));
#3089=DIRECTION('',(0.0,0.0,1.0));
#3090=DIRECTION('',(1.0,0.0,0.0));
#3091=ORIENTED_EDGE('',*,*,#5583,.F.);
#3092=ORIENTED_EDGE('',*,*,#5584,.F.);
#3093=ORIENTED_EDGE('',*,*,#5585,.F.);
#3094=ORIENTED_EDGE('',*,*,#5564,.T.);
#3095=CARTESIAN_POINT('',(-26.3758464,-2.22,-0.32));
#3096=DIRECTION('',(-1.0,0.0,-0.0));
#3097=DIRECTION('',(0.0,0.0,-1.0));
#3098=ORIENTED_EDGE('',*,*,#5585,.T.);
#3099=ORIENTED_EDGE('',*,*,#5586,.F.);
#3100=ORIENTED_EDGE('',*,*,#5587,.T.);
#3101=ORIENTED_EDGE('',*,*,#5588,.T.);
#3102=ORIENTED_EDGE('',*,*,#5589,.T.);
#3103=ORIENTED_EDGE('',*,*,#5590,.F.);
#3104=CARTESIAN_POINT('',(-6.867,-2.878,-0.62));
#3105=DIRECTION('',(-0.0,-1.0,0.0));
#3106=DIRECTION('',(-1.0,0.0,0.0));
#3107=ORIENTED_EDGE('',*,*,#5591,.T.);
#3108=ORIENTED_EDGE('',*,*,#5592,.T.);
#3109=ORIENTED_EDGE('',*,*,#5593,.T.);
#3110=ORIENTED_EDGE('',*,*,#5560,.T.);
#3111=ORIENTED_EDGE('',*,*,#5590,.T.);
#3112=ORIENTED_EDGE('',*,*,#5578,.T.);
#3113=ORIENTED_EDGE('',*,*,#5594,.T.);
#3114=ORIENTED_EDGE('',*,*,#5595,.F.);
#3115=ORIENTED_EDGE('',*,*,#5596,.F.);
#3116=ORIENTED_EDGE('',*,*,#5597,.T.);
#3117=ORIENTED_EDGE('',*,*,#5598,.T.);
#3118=ORIENTED_EDGE('',*,*,#5599,.T.);
#3119=ORIENTED_EDGE('',*,*,#5600,.T.);
#3120=ORIENTED_EDGE('',*,*,#5601,.T.);
#3121=ORIENTED_EDGE('',*,*,#5602,.T.);
#3122=ORIENTED_EDGE('',*,*,#5603,.F.);
#3123=ORIENTED_EDGE('',*,*,#5604,.T.);
#3124=ORIENTED_EDGE('',*,*,#5605,.T.);
#3125=ORIENTED_EDGE('',*,*,#5606,.T.);
#3126=ORIENTED_EDGE('',*,*,#5607,.T.);
#3127=ORIENTED_EDGE('',*,*,#5608,.T.);
#3128=ORIENTED_EDGE('',*,*,#5609,.F.);
#3129=ORIENTED_EDGE('',*,*,#5610,.F.);
#3130=ORIENTED_EDGE('',*,*,#5611,.F.);
#3131=ORIENTED_EDGE('',*,*,#5612,.F.);
#3132=ORIENTED_EDGE('',*,*,#5613,.F.);
#3133=ORIENTED_EDGE('',*,*,#5614,.F.);
#3134=ORIENTED_EDGE('',*,*,#5615,.F.);
#3135=ORIENTED_EDGE('',*,*,#5616,.F.);
#3136=CARTESIAN_POINT('',(-6.565,0.0,0.0));
#3137=DIRECTION('',(1.0,0.0,0.0));
#3138=DIRECTION('',(0.0,1.0,0.0));
#3139=ORIENTED_EDGE('',*,*,#5617,.T.);
#3140=ORIENTED_EDGE('',*,*,#5618,.F.);
#3141=ORIENTED_EDGE('',*,*,#5619,.F.);
#3142=ORIENTED_EDGE('',*,*,#5616,.T.);
#3143=CARTESIAN_POINT('',(-6.565,-2.172,-10.58));
#3144=DIRECTION('',(1.0,-0.0,0.0));
#3145=DIRECTION('',(0.0,0.0,-1.0));
#3146=ORIENTED_EDGE('',*,*,#5619,.T.);
#3147=ORIENTED_EDGE('',*,*,#5620,.F.);
#3148=ORIENTED_EDGE('',*,*,#5621,.F.);
#3149=ORIENTED_EDGE('',*,*,#5609,.T.);
#3150=CARTESIAN_POINT('',(-6.565,-2.302,-12.43));
#3151=DIRECTION('',(0.0,-1.0,0.0));
#3152=DIRECTION('',(0.0,0.0,-1.0));
#3153=ORIENTED_EDGE('',*,*,#5621,.T.);
#3154=ORIENTED_EDGE('',*,*,#5622,.F.);
#3155=ORIENTED_EDGE('',*,*,#5623,.F.);
#3156=ORIENTED_EDGE('',*,*,#5610,.T.);
#3157=CARTESIAN_POINT('',(-6.565,-2.172,-12.43));
#3158=DIRECTION('',(1.0,-0.0,0.0));
#3159=DIRECTION('',(0.0,0.0,-1.0));
#3160=ORIENTED_EDGE('',*,*,#5623,.T.);
#3161=ORIENTED_EDGE('',*,*,#5624,.F.);
#3162=ORIENTED_EDGE('',*,*,#5625,.F.);
#3163=ORIENTED_EDGE('',*,*,#5611,.T.);
#3164=CARTESIAN_POINT('',(-6.565,-0.832,-12.56));
#3165=DIRECTION('',(0.0,0.0,-1.0));
#3166=DIRECTION('',(0.0,-1.0,0.0));
#3167=ORIENTED_EDGE('',*,*,#5625,.T.);
#3168=ORIENTED_EDGE('',*,*,#5626,.F.);
#3169=ORIENTED_EDGE('',*,*,#5627,.F.);
#3170=ORIENTED_EDGE('',*,*,#5612,.T.);
#3171=CARTESIAN_POINT('',(-6.565,-0.832,-12.43));
#3172=DIRECTION('',(1.0,-0.0,0.0));
#3173=DIRECTION('',(0.0,0.0,-1.0));
#3174=ORIENTED_EDGE('',*,*,#5627,.T.);
#3175=ORIENTED_EDGE('',*,*,#5628,.F.);
#3176=ORIENTED_EDGE('',*,*,#5629,.F.);
#3177=ORIENTED_EDGE('',*,*,#5613,.T.);
#3178=CARTESIAN_POINT('',(-6.565,-0.702,-10.58));
#3179=DIRECTION('',(-0.0,1.0,0.0));
#3180=DIRECTION('',(1.0,0.0,0.0));
#3181=ORIENTED_EDGE('',*,*,#5629,.T.);
#3182=ORIENTED_EDGE('',*,*,#5630,.F.);
#3183=ORIENTED_EDGE('',*,*,#5631,.F.);
#3184=ORIENTED_EDGE('',*,*,#5614,.T.);
#3185=CARTESIAN_POINT('',(-6.565,-0.832,-10.58));
#3186=DIRECTION('',(1.0,-0.0,0.0));
#3187=DIRECTION('',(0.0,0.0,-1.0));
#3188=ORIENTED_EDGE('',*,*,#5631,.T.);
#3189=ORIENTED_EDGE('',*,*,#5632,.F.);
#3190=ORIENTED_EDGE('',*,*,#5617,.F.);
#3191=ORIENTED_EDGE('',*,*,#5615,.T.);
#3192=CARTESIAN_POINT('',(-6.565,-2.172,-10.45));
#3193=DIRECTION('',(0.0,0.0,1.0));
#3194=DIRECTION('',(1.0,0.0,0.0));
#3195=ORIENTED_EDGE('',*,*,#5632,.T.);
#3196=ORIENTED_EDGE('',*,*,#5630,.T.);
#3197=ORIENTED_EDGE('',*,*,#5628,.T.);
#3198=ORIENTED_EDGE('',*,*,#5626,.T.);
#3199=ORIENTED_EDGE('',*,*,#5624,.T.);
#3200=ORIENTED_EDGE('',*,*,#5622,.T.);
#3201=ORIENTED_EDGE('',*,*,#5620,.T.);
#3202=ORIENTED_EDGE('',*,*,#5618,.T.);
#3203=ORIENTED_EDGE('',*,*,#5633,.T.);
#3204=ORIENTED_EDGE('',*,*,#5634,.F.);
#3205=ORIENTED_EDGE('',*,*,#5635,.F.);
#3206=ORIENTED_EDGE('',*,*,#5636,.T.);
#3207=CARTESIAN_POINT('',(-6.247,-2.878,-0.62));
#3208=DIRECTION('',(1.0,0.0,0.0));
#3209=DIRECTION('',(0.0,1.0,0.0));
#3210=ORIENTED_EDGE('',*,*,#5637,.F.);
#3211=ORIENTED_EDGE('',*,*,#5638,.F.);
#3212=ORIENTED_EDGE('',*,*,#5639,.F.);
#3213=ORIENTED_EDGE('',*,*,#5640,.T.);
#3214=CARTESIAN_POINT('',(0.0,-0.972,-10.45));
#3215=DIRECTION('',(0.0,-1.0,0.0));
#3216=DIRECTION('',(0.0,0.0,-1.0));
#3217=ORIENTED_EDGE('',*,*,#5641,.F.);
#3218=ORIENTED_EDGE('',*,*,#5642,.F.);
#3219=ORIENTED_EDGE('',*,*,#5643,.F.);
#3220=ORIENTED_EDGE('',*,*,#5636,.F.);
#3221=CARTESIAN_POINT('',(0.0,-0.972,-10.45));
#3222=DIRECTION('',(0.0,-1.0,0.0));
#3223=DIRECTION('',(0.0,0.0,-1.0));
#3224=ORIENTED_EDGE('',*,*,#5644,.T.);
#3225=ORIENTED_EDGE('',*,*,#5645,.T.);
#3226=ORIENTED_EDGE('',*,*,#5646,.T.);
#3227=ORIENTED_EDGE('',*,*,#5647,.T.);
#3228=ORIENTED_EDGE('',*,*,#5648,.T.);
#3229=ORIENTED_EDGE('',*,*,#5649,.T.);
#3230=ORIENTED_EDGE('',*,*,#5650,.T.);
#3231=ORIENTED_EDGE('',*,*,#5651,.T.);
#3232=ORIENTED_EDGE('',*,*,#5652,.T.);
#3233=ORIENTED_EDGE('',*,*,#5653,.T.);
#3234=ORIENTED_EDGE('',*,*,#5654,.F.);
#3235=ORIENTED_EDGE('',*,*,#5640,.F.);
#3236=CARTESIAN_POINT('',(6.247,-2.878,-8.88));
#3237=DIRECTION('',(-1.0,0.0,0.0));
#3238=DIRECTION('',(0.0,0.0,1.0));
#3239=ORIENTED_EDGE('',*,*,#5655,.T.);
#3240=ORIENTED_EDGE('',*,*,#5651,.F.);
#3241=ORIENTED_EDGE('',*,*,#5656,.F.);
#3242=ORIENTED_EDGE('',*,*,#5657,.T.);
#3243=CARTESIAN_POINT('',(6.565,-2.172,-12.43));
#3244=DIRECTION('',(-1.0,0.0,0.0));
#3245=DIRECTION('',(0.0,0.0,1.0));
#3246=ORIENTED_EDGE('',*,*,#5658,.T.);
#3247=ORIENTED_EDGE('',*,*,#5659,.T.);
#3248=ORIENTED_EDGE('',*,*,#5571,.F.);
#3249=ORIENTED_EDGE('',*,*,#5660,.T.);
#3250=ORIENTED_EDGE('',*,*,#5566,.F.);
#3251=ORIENTED_EDGE('',*,*,#5661,.T.);
#3252=ORIENTED_EDGE('',*,*,#5662,.T.);
#3253=ORIENTED_EDGE('',*,*,#5663,.F.);
#3254=ORIENTED_EDGE('',*,*,#5664,.F.);
#3255=ORIENTED_EDGE('',*,*,#5665,.T.);
#3256=ORIENTED_EDGE('',*,*,#5666,.F.);
#3257=ORIENTED_EDGE('',*,*,#5667,.F.);
#3258=ORIENTED_EDGE('',*,*,#5668,.F.);
#3259=ORIENTED_EDGE('',*,*,#5669,.F.);
#3260=ORIENTED_EDGE('',*,*,#5670,.F.);
#3261=ORIENTED_EDGE('',*,*,#5671,.F.);
#3262=ORIENTED_EDGE('',*,*,#5672,.F.);
#3263=ORIENTED_EDGE('',*,*,#5673,.T.);
#3264=ORIENTED_EDGE('',*,*,#5674,.T.);
#3265=ORIENTED_EDGE('',*,*,#5675,.T.);
#3266=ORIENTED_EDGE('',*,*,#5676,.F.);
#3267=ORIENTED_EDGE('',*,*,#5677,.F.);
#3268=ORIENTED_EDGE('',*,*,#5678,.F.);
#3269=ORIENTED_EDGE('',*,*,#5679,.F.);
#3270=ORIENTED_EDGE('',*,*,#5680,.F.);
#3271=ORIENTED_EDGE('',*,*,#5681,.F.);
#3272=ORIENTED_EDGE('',*,*,#5682,.F.);
#3273=ORIENTED_EDGE('',*,*,#5683,.F.);
#3274=ORIENTED_EDGE('',*,*,#5657,.F.);
#3275=CARTESIAN_POINT('',(6.565,0.0,0.0));
#3276=DIRECTION('',(1.0,0.0,0.0));
#3277=DIRECTION('',(0.0,1.0,0.0));
#3278=ORIENTED_EDGE('',*,*,#5684,.T.);
#3279=ORIENTED_EDGE('',*,*,#5644,.F.);
#3280=ORIENTED_EDGE('',*,*,#5655,.F.);
#3281=ORIENTED_EDGE('',*,*,#5683,.T.);
#3282=CARTESIAN_POINT('',(6.565,-2.172,-12.56));
#3283=DIRECTION('',(0.0,0.0,-1.0));
#3284=DIRECTION('',(0.0,-1.0,0.0));
#3285=ORIENTED_EDGE('',*,*,#5685,.T.);
#3286=ORIENTED_EDGE('',*,*,#5645,.F.);
#3287=ORIENTED_EDGE('',*,*,#5684,.F.);
#3288=ORIENTED_EDGE('',*,*,#5682,.T.);
#3289=CARTESIAN_POINT('',(6.565,-0.832,-12.43));
#3290=DIRECTION('',(-1.0,0.0,0.0));
#3291=DIRECTION('',(0.0,0.0,1.0));
#3292=ORIENTED_EDGE('',*,*,#5686,.T.);
#3293=ORIENTED_EDGE('',*,*,#5646,.F.);
#3294=ORIENTED_EDGE('',*,*,#5685,.F.);
#3295=ORIENTED_EDGE('',*,*,#5681,.T.);
#3296=CARTESIAN_POINT('',(6.565,-0.702,-12.43));
#3297=DIRECTION('',(-0.0,1.0,0.0));
#3298=DIRECTION('',(1.0,0.0,0.0));
#3299=ORIENTED_EDGE('',*,*,#5687,.T.);
#3300=ORIENTED_EDGE('',*,*,#5647,.F.);
#3301=ORIENTED_EDGE('',*,*,#5686,.F.);
#3302=ORIENTED_EDGE('',*,*,#5680,.T.);
#3303=CARTESIAN_POINT('',(6.565,-0.832,-10.58));
#3304=DIRECTION('',(-1.0,0.0,0.0));
#3305=DIRECTION('',(0.0,0.0,1.0));
#3306=ORIENTED_EDGE('',*,*,#5688,.T.);
#3307=ORIENTED_EDGE('',*,*,#5648,.F.);
#3308=ORIENTED_EDGE('',*,*,#5687,.F.);
#3309=ORIENTED_EDGE('',*,*,#5679,.T.);
#3310=CARTESIAN_POINT('',(6.565,-0.832,-10.45));
#3311=DIRECTION('',(0.0,0.0,1.0));
#3312=DIRECTION('',(1.0,0.0,0.0));
#3313=ORIENTED_EDGE('',*,*,#5689,.T.);
#3314=ORIENTED_EDGE('',*,*,#5649,.F.);
#3315=ORIENTED_EDGE('',*,*,#5688,.F.);
#3316=ORIENTED_EDGE('',*,*,#5678,.T.);
#3317=CARTESIAN_POINT('',(6.565,-2.172,-10.58));
#3318=DIRECTION('',(-1.0,0.0,0.0));
#3319=DIRECTION('',(0.0,0.0,1.0));
#3320=ORIENTED_EDGE('',*,*,#5656,.T.);
#3321=ORIENTED_EDGE('',*,*,#5650,.F.);
#3322=ORIENTED_EDGE('',*,*,#5689,.F.);
#3323=ORIENTED_EDGE('',*,*,#5677,.T.);
#3324=CARTESIAN_POINT('',(6.565,-2.302,-10.58));
#3325=DIRECTION('',(0.0,-1.0,0.0));
#3326=DIRECTION('',(0.0,0.0,-1.0));
#3327=ORIENTED_EDGE('',*,*,#5690,.T.);
#3328=ORIENTED_EDGE('',*,*,#5691,.F.);
#3329=ORIENTED_EDGE('',*,*,#5692,.F.);
#3330=ORIENTED_EDGE('',*,*,#5676,.T.);
#3331=CARTESIAN_POINT('',(6.565,1.201763053179,-4.725918951285));
#3332=DIRECTION('',(0.0,0.9953500135553,-0.09632419486019));
#3333=DIRECTION('',(-1.0,0.0,0.0));
#3334=ORIENTED_EDGE('',*,*,#5693,.F.);
#3335=ORIENTED_EDGE('',*,*,#5694,.T.);
#3336=ORIENTED_EDGE('',*,*,#5695,.T.);
#3337=ORIENTED_EDGE('',*,*,#5604,.F.);
#3338=CARTESIAN_POINT('',(6.565,1.201763053179,-4.725918951285));
#3339=DIRECTION('',(0.0,0.9953500135553,-0.09632419486019));
#3340=DIRECTION('',(-1.0,0.0,0.0));
#3341=ORIENTED_EDGE('',*,*,#5692,.T.);
#3342=ORIENTED_EDGE('',*,*,#5696,.T.);
#3343=ORIENTED_EDGE('',*,*,#5697,.F.);
#3344=ORIENTED_EDGE('',*,*,#5665,.F.);
#3345=CARTESIAN_POINT('',(6.565,1.450600556568,-4.75));
#3346=DIRECTION('',(-1.0,0.0,0.0));
#3347=DIRECTION('',(0.0,0.0,1.0));
#3348=ORIENTED_EDGE('',*,*,#5698,.F.);
#3349=ORIENTED_EDGE('',*,*,#5699,.F.);
#3350=ORIENTED_EDGE('',*,*,#5693,.T.);
#3351=ORIENTED_EDGE('',*,*,#5603,.T.);
#3352=CARTESIAN_POINT('',(6.565,1.450600556568,-4.75));
#3353=DIRECTION('',(-1.0,0.0,0.0));
#3354=DIRECTION('',(0.0,0.0,1.0));
#3355=ORIENTED_EDGE('',*,*,#5697,.T.);
#3356=ORIENTED_EDGE('',*,*,#5700,.F.);
#3357=ORIENTED_EDGE('',*,*,#5701,.F.);
#3358=ORIENTED_EDGE('',*,*,#5666,.T.);
#3359=CARTESIAN_POINT('',(6.565,1.748,-5.0));
#3360=DIRECTION('',(0.0,0.0,1.0));
#3361=DIRECTION('',(1.0,0.0,0.0));
#3362=ORIENTED_EDGE('',*,*,#5702,.F.);
#3363=ORIENTED_EDGE('',*,*,#5703,.T.);
#3364=ORIENTED_EDGE('',*,*,#5698,.T.);
#3365=ORIENTED_EDGE('',*,*,#5602,.F.);
#3366=CARTESIAN_POINT('',(6.565,1.748,-5.0));
#3367=DIRECTION('',(0.0,0.0,1.0));
#3368=DIRECTION('',(1.0,0.0,0.0));
#3369=ORIENTED_EDGE('',*,*,#5701,.T.);
#3370=ORIENTED_EDGE('',*,*,#5704,.F.);
#3371=ORIENTED_EDGE('',*,*,#5705,.F.);
#3372=ORIENTED_EDGE('',*,*,#5667,.T.);
#3373=CARTESIAN_POINT('',(6.565,1.748,-5.13));
#3374=DIRECTION('',(-1.0,0.0,0.0));
#3375=DIRECTION('',(0.0,0.0,1.0));
#3376=ORIENTED_EDGE('',*,*,#5706,.F.);
#3377=ORIENTED_EDGE('',*,*,#5707,.T.);
#3378=ORIENTED_EDGE('',*,*,#5702,.T.);
#3379=ORIENTED_EDGE('',*,*,#5601,.F.);
#3380=CARTESIAN_POINT('',(6.565,1.748,-5.13));
#3381=DIRECTION('',(-1.0,0.0,0.0));
#3382=DIRECTION('',(0.0,0.0,1.0));
#3383=ORIENTED_EDGE('',*,*,#5705,.T.);
#3384=ORIENTED_EDGE('',*,*,#5708,.F.);
#3385=ORIENTED_EDGE('',*,*,#5709,.F.);
#3386=ORIENTED_EDGE('',*,*,#5668,.T.);
#3387=CARTESIAN_POINT('',(6.565,1.878,-8.41));
#3388=DIRECTION('',(-0.0,1.0,0.0));
#3389=DIRECTION('',(1.0,0.0,0.0));
#3390=ORIENTED_EDGE('',*,*,#5710,.F.);
#3391=ORIENTED_EDGE('',*,*,#5711,.T.);
#3392=ORIENTED_EDGE('',*,*,#5706,.T.);
#3393=ORIENTED_EDGE('',*,*,#5600,.F.);
#3394=CARTESIAN_POINT('',(6.565,1.878,-8.41));
#3395=DIRECTION('',(-0.0,1.0,0.0));
#3396=DIRECTION('',(1.0,0.0,0.0));
#3397=ORIENTED_EDGE('',*,*,#5709,.T.);
#3398=ORIENTED_EDGE('',*,*,#5712,.F.);
#3399=ORIENTED_EDGE('',*,*,#5713,.F.);
#3400=ORIENTED_EDGE('',*,*,#5669,.T.);
#3401=CARTESIAN_POINT('',(6.565,1.748,-8.41));
#3402=DIRECTION('',(-1.0,0.0,0.0));
#3403=DIRECTION('',(0.0,0.0,1.0));
#3404=ORIENTED_EDGE('',*,*,#5714,.F.);
#3405=ORIENTED_EDGE('',*,*,#5715,.T.);
#3406=ORIENTED_EDGE('',*,*,#5710,.T.);
#3407=ORIENTED_EDGE('',*,*,#5599,.F.);
#3408=CARTESIAN_POINT('',(6.565,1.748,-8.41));
#3409=DIRECTION('',(-1.0,0.0,0.0));
#3410=DIRECTION('',(0.0,0.0,1.0));
#3411=ORIENTED_EDGE('',*,*,#5713,.T.);
#3412=ORIENTED_EDGE('',*,*,#5716,.F.);
#3413=ORIENTED_EDGE('',*,*,#5717,.F.);
#3414=ORIENTED_EDGE('',*,*,#5670,.T.);
#3415=CARTESIAN_POINT('',(6.565,-0.6056840564903,-8.54));
#3416=DIRECTION('',(0.0,0.0,-1.0));
#3417=DIRECTION('',(0.0,-1.0,0.0));
#3418=ORIENTED_EDGE('',*,*,#5718,.F.);
#3419=ORIENTED_EDGE('',*,*,#5719,.T.);
#3420=ORIENTED_EDGE('',*,*,#5714,.T.);
#3421=ORIENTED_EDGE('',*,*,#5598,.F.);
#3422=CARTESIAN_POINT('',(6.565,-0.6056840564903,-8.54));
#3423=DIRECTION('',(0.0,0.0,-1.0));
#3424=DIRECTION('',(0.0,-1.0,0.0));
#3425=ORIENTED_EDGE('',*,*,#5717,.T.);
#3426=ORIENTED_EDGE('',*,*,#5720,.F.);
#3427=ORIENTED_EDGE('',*,*,#5721,.F.);
#3428=ORIENTED_EDGE('',*,*,#5671,.T.);
#3429=CARTESIAN_POINT('',(6.565,-0.6056840564903,-8.29));
#3430=DIRECTION('',(-1.0,0.0,0.0));
#3431=DIRECTION('',(0.0,0.0,1.0));
#3432=ORIENTED_EDGE('',*,*,#5722,.F.);
#3433=ORIENTED_EDGE('',*,*,#5723,.T.);
#3434=ORIENTED_EDGE('',*,*,#5718,.T.);
#3435=ORIENTED_EDGE('',*,*,#5597,.F.);
#3436=CARTESIAN_POINT('',(6.565,-0.6056840564903,-8.29));
#3437=DIRECTION('',(-1.0,0.0,0.0));
#3438=DIRECTION('',(0.0,0.0,1.0));
#3439=ORIENTED_EDGE('',*,*,#5721,.T.);
#3440=ORIENTED_EDGE('',*,*,#5724,.F.);
#3441=ORIENTED_EDGE('',*,*,#5725,.F.);
#3442=ORIENTED_EDGE('',*,*,#5672,.T.);
#3443=CARTESIAN_POINT('',(6.565,-1.502335854916,-1.62));
#3444=DIRECTION('',(0.0,-0.9953500135553,-0.09632419486019));
#3445=DIRECTION('',(0.0,0.09632419486019,-0.9953500135553));
#3446=ORIENTED_EDGE('',*,*,#5726,.F.);
#3447=ORIENTED_EDGE('',*,*,#5727,.T.);
#3448=ORIENTED_EDGE('',*,*,#5722,.T.);
#3449=ORIENTED_EDGE('',*,*,#5608,.F.);
#3450=CARTESIAN_POINT('',(6.565,-1.502335854916,-1.62));
#3451=DIRECTION('',(0.0,-0.9953500135553,-0.09632419486019));
#3452=DIRECTION('',(0.0,0.09632419486019,-0.9953500135553));
#3453=ORIENTED_EDGE('',*,*,#5728,.F.);
#3454=ORIENTED_EDGE('',*,*,#5673,.F.);
#3455=ORIENTED_EDGE('',*,*,#5725,.T.);
#3456=ORIENTED_EDGE('',*,*,#5729,.F.);
#3457=ORIENTED_EDGE('',*,*,#5730,.F.);
#3458=CARTESIAN_POINT('',(6.568392386878,-1.226974379071,-1.87));
#3459=DIRECTION('',(1.0,0.0,0.0));
#3460=DIRECTION('',(0.0,-0.9953500135553,-0.09632419486019));
#3461=ORIENTED_EDGE('',*,*,#5731,.T.);
#3462=ORIENTED_EDGE('',*,*,#5732,.F.);
#3463=ORIENTED_EDGE('',*,*,#5733,.F.);
#3464=CARTESIAN_POINT('',(6.565,1.502335854916,-1.62));
#3465=DIRECTION('',(0.0,0.0,1.0));
#3466=DIRECTION('',(1.0,0.0,0.0));
#3467=ORIENTED_EDGE('',*,*,#5734,.F.);
#3468=ORIENTED_EDGE('',*,*,#5735,.T.);
#3469=ORIENTED_EDGE('',*,*,#5736,.T.);
#3470=CARTESIAN_POINT('',(6.565,1.502335854916,-1.62));
#3471=DIRECTION('',(0.0,0.0,1.0));
#3472=DIRECTION('',(1.0,0.0,0.0));
#3473=ORIENTED_EDGE('',*,*,#5737,.F.);
#3474=ORIENTED_EDGE('',*,*,#5738,.F.);
#3475=ORIENTED_EDGE('',*,*,#5739,.F.);
#3476=CARTESIAN_POINT('',(6.565,1.502335854916,-1.62));
#3477=DIRECTION('',(0.0,0.0,1.0));
#3478=DIRECTION('',(1.0,0.0,0.0));
#3479=ORIENTED_EDGE('',*,*,#5740,.F.);
#3480=ORIENTED_EDGE('',*,*,#5741,.F.);
#3481=ORIENTED_EDGE('',*,*,#5730,.T.);
#3482=CARTESIAN_POINT('',(6.565,1.502335854916,-1.62));
#3483=DIRECTION('',(0.0,0.0,1.0));
#3484=DIRECTION('',(1.0,0.0,0.0));
#3485=ORIENTED_EDGE('',*,*,#5733,.T.);
#3486=ORIENTED_EDGE('',*,*,#5742,.F.);
#3487=ORIENTED_EDGE('',*,*,#5605,.F.);
#3488=ORIENTED_EDGE('',*,*,#5695,.F.);
#3489=ORIENTED_EDGE('',*,*,#5743,.F.);
#3490=CARTESIAN_POINT('',(6.568392386878,1.226974379071,-1.87));
#3491=DIRECTION('',(1.0,-0.0,0.0));
#3492=DIRECTION('',(0.0,0.0,1.0));
#3493=ORIENTED_EDGE('',*,*,#5563,.F.);
#3494=ORIENTED_EDGE('',*,*,#5744,.T.);
#3495=ORIENTED_EDGE('',*,*,#5745,.T.);
#3496=ORIENTED_EDGE('',*,*,#5746,.T.);
#3497=ORIENTED_EDGE('',*,*,#5580,.F.);
#3498=ORIENTED_EDGE('',*,*,#5747,.T.);
#3499=ORIENTED_EDGE('',*,*,#5748,.T.);
#3500=ORIENTED_EDGE('',*,*,#5731,.F.);
#3501=ORIENTED_EDGE('',*,*,#5743,.T.);
#3502=ORIENTED_EDGE('',*,*,#5694,.F.);
#3503=ORIENTED_EDGE('',*,*,#5699,.T.);
#3504=ORIENTED_EDGE('',*,*,#5703,.F.);
#3505=ORIENTED_EDGE('',*,*,#5707,.F.);
#3506=ORIENTED_EDGE('',*,*,#5711,.F.);
#3507=ORIENTED_EDGE('',*,*,#5715,.F.);
#3508=ORIENTED_EDGE('',*,*,#5719,.F.);
#3509=ORIENTED_EDGE('',*,*,#5723,.F.);
#3510=ORIENTED_EDGE('',*,*,#5727,.F.);
#3511=ORIENTED_EDGE('',*,*,#5749,.T.);
#3512=ORIENTED_EDGE('',*,*,#5735,.F.);
#3513=CARTESIAN_POINT('',(-6.247,-2.878,-0.62));
#3514=DIRECTION('',(1.0,0.0,0.0));
#3515=DIRECTION('',(0.0,1.0,0.0));
#3516=ORIENTED_EDGE('',*,*,#5607,.F.);
#3517=ORIENTED_EDGE('',*,*,#5750,.F.);
#3518=ORIENTED_EDGE('',*,*,#5736,.F.);
#3519=ORIENTED_EDGE('',*,*,#5749,.F.);
#3520=ORIENTED_EDGE('',*,*,#5726,.T.);
#3521=CARTESIAN_POINT('',(6.568392386878,-1.226974379071,-1.87));
#3522=DIRECTION('',(1.0,0.0,0.0));
#3523=DIRECTION('',(0.0,-0.9953500135553,-0.09632419486019));
#3524=ORIENTED_EDGE('',*,*,#5734,.T.);
#3525=ORIENTED_EDGE('',*,*,#5750,.T.);
#3526=ORIENTED_EDGE('',*,*,#5751,.F.);
#3527=ORIENTED_EDGE('',*,*,#5752,.F.);
#3528=ORIENTED_EDGE('',*,*,#5753,.F.);
#3529=ORIENTED_EDGE('',*,*,#5754,.F.);
#3530=ORIENTED_EDGE('',*,*,#5755,.F.);
#3531=CARTESIAN_POINT('',(6.588005422828,-1.095735544329,-1.87));
#3532=DIRECTION('',(0.999950178372345,0.00998202249622545,-0.0));
#3533=DIRECTION('',(0.0,0.0,1.0));
#3534=ORIENTED_EDGE('',*,*,#5756,.T.);
#3535=ORIENTED_EDGE('',*,*,#5748,.F.);
#3536=ORIENTED_EDGE('',*,*,#5755,.T.);
#3537=ORIENTED_EDGE('',*,*,#5757,.F.);
#3538=CARTESIAN_POINT('',(-5.929000000001,0.0,-1.62));
#3539=DIRECTION('',(0.0,1.0,0.0));
#3540=DIRECTION('',(-1.0,0.0,-1.256856254294E-14));
#3541=ORIENTED_EDGE('',*,*,#5758,.F.);
#3542=ORIENTED_EDGE('',*,*,#5759,.F.);
#3543=ORIENTED_EDGE('',*,*,#5760,.T.);
#3544=ORIENTED_EDGE('',*,*,#5757,.T.);
#3545=ORIENTED_EDGE('',*,*,#5754,.T.);
#3546=ORIENTED_EDGE('',*,*,#5761,.T.);
#3547=CARTESIAN_POINT('',(-5.962854441082,0.0,-4.383434977853));
#3548=DIRECTION('',(0.994692912536038,0.0,0.102888336319404));
#3549=DIRECTION('',(0.0,-1.0,0.0));
#3550=ORIENTED_EDGE('',*,*,#5762,.T.);
#3551=ORIENTED_EDGE('',*,*,#5763,.F.);
#3552=ORIENTED_EDGE('',*,*,#5761,.F.);
#3553=ORIENTED_EDGE('',*,*,#5753,.T.);
#3554=CARTESIAN_POINT('',(-6.121010614175,-0.7272843883859,-4.399794223327));
#3555=DIRECTION('',(-0.00993586408257413,0.995326254314713,0.0960568897933712));
#3556=DIRECTION('',(0.994692912536036,1.72661581961579E-18,0.10288833631942));
#3557=ORIENTED_EDGE('',*,*,#5764,.T.);
#3558=ORIENTED_EDGE('',*,*,#5765,.F.);
#3559=ORIENTED_EDGE('',*,*,#5766,.F.);
#3560=ORIENTED_EDGE('',*,*,#5763,.T.);
#3561=ORIENTED_EDGE('',*,*,#5766,.T.);
#3562=ORIENTED_EDGE('',*,*,#5767,.F.);
#3563=ORIENTED_EDGE('',*,*,#5768,.F.);
#3564=ORIENTED_EDGE('',*,*,#5758,.T.);
#3565=CARTESIAN_POINT('',(-6.317,0.0,-7.18));
#3566=DIRECTION('',(0.0,-1.0,0.0));
#3567=DIRECTION('',(0.994692912536038,0.0,0.102888336319404));
#3568=ORIENTED_EDGE('',*,*,#5768,.T.);
#3569=ORIENTED_EDGE('',*,*,#5769,.F.);
#3570=ORIENTED_EDGE('',*,*,#5770,.F.);
#3571=ORIENTED_EDGE('',*,*,#5771,.T.);
#3572=ORIENTED_EDGE('',*,*,#5759,.T.);
#3573=ORIENTED_EDGE('',*,*,#5771,.F.);
#3574=ORIENTED_EDGE('',*,*,#5772,.F.);
#3575=ORIENTED_EDGE('',*,*,#5773,.T.);
#3576=CARTESIAN_POINT('',(-6.121010614175,0.7272843883859,-4.399794223327));
#3577=DIRECTION('',(0.00993586408257413,0.995326254314713,-0.0960568897933712));
#3578=DIRECTION('',(-0.994692912536036,1.72661581961579E-18,-0.10288833631942));
#3579=ORIENTED_EDGE('',*,*,#5774,.F.);
#3580=ORIENTED_EDGE('',*,*,#5742,.T.);
#3581=ORIENTED_EDGE('',*,*,#5732,.T.);
#3582=ORIENTED_EDGE('',*,*,#5756,.F.);
#3583=ORIENTED_EDGE('',*,*,#5760,.F.);
#3584=ORIENTED_EDGE('',*,*,#5773,.F.);
#3585=ORIENTED_EDGE('',*,*,#5775,.F.);
#3586=CARTESIAN_POINT('',(-6.582759072687,1.227212962235,-1.87));
#3587=DIRECTION('',(-0.999950178372345,0.00998202249622645,0.0));
#3588=DIRECTION('',(0.0,0.0,1.0));
#3589=ORIENTED_EDGE('',*,*,#5775,.T.);
#3590=ORIENTED_EDGE('',*,*,#5772,.T.);
#3591=ORIENTED_EDGE('',*,*,#5776,.F.);
#3592=ORIENTED_EDGE('',*,*,#5762,.F.);
#3593=ORIENTED_EDGE('',*,*,#5752,.T.);
#3594=ORIENTED_EDGE('',*,*,#5777,.T.);
#3595=CARTESIAN_POINT('',(-6.279166787268,0.0,-4.416153468802));
#3596=DIRECTION('',(0.994692912536038,0.0,0.102888336319404));
#3597=DIRECTION('',(0.0,-1.0,0.0));
#3598=ORIENTED_EDGE('',*,*,#5774,.T.);
#3599=ORIENTED_EDGE('',*,*,#5777,.F.);
#3600=ORIENTED_EDGE('',*,*,#5751,.T.);
#3601=ORIENTED_EDGE('',*,*,#5606,.F.);
#3602=CARTESIAN_POINT('',(-5.929000000001,0.0,-1.62));
#3603=DIRECTION('',(0.0,1.0,0.0));
#3604=DIRECTION('',(-1.0,0.0,-1.256856254294E-14));
#3605=ORIENTED_EDGE('',*,*,#5770,.T.);
#3606=ORIENTED_EDGE('',*,*,#5778,.F.);
#3607=ORIENTED_EDGE('',*,*,#5764,.F.);
#3608=ORIENTED_EDGE('',*,*,#5776,.T.);
#3609=CARTESIAN_POINT('',(-6.317,0.0,-7.18));
#3610=DIRECTION('',(0.0,-1.0,0.0));
#3611=DIRECTION('',(0.994692912536038,0.0,0.102888336319404));
#3612=ORIENTED_EDGE('',*,*,#5779,.T.);
#3613=ORIENTED_EDGE('',*,*,#5780,.F.);
#3614=ORIENTED_EDGE('',*,*,#5781,.F.);
#3615=ORIENTED_EDGE('',*,*,#5778,.T.);
#3616=CARTESIAN_POINT('',(-6.3615,0.0,-7.502));
#3617=DIRECTION('',(0.0,0.0,1.0));
#3618=DIRECTION('',(1.0,0.0,0.0));
#3619=ORIENTED_EDGE('',*,*,#5781,.T.);
#3620=ORIENTED_EDGE('',*,*,#5782,.F.);
#3621=ORIENTED_EDGE('',*,*,#5783,.F.);
#3622=ORIENTED_EDGE('',*,*,#5765,.T.);
#3623=CARTESIAN_POINT('',(-6.3615,-0.4043175169202,-7.661));
#3624=DIRECTION('',(0.0965693920030713,0.995326254314713,0.0));
#3625=DIRECTION('',(0.0,0.0,-1.0));
#3626=ORIENTED_EDGE('',*,*,#5783,.T.);
#3627=ORIENTED_EDGE('',*,*,#5784,.F.);
#3628=ORIENTED_EDGE('',*,*,#5785,.F.);
#3629=ORIENTED_EDGE('',*,*,#5767,.T.);
#3630=CARTESIAN_POINT('',(-6.3615,0.0,-7.82));
#3631=DIRECTION('',(0.0,0.0,1.0));
#3632=DIRECTION('',(1.0,0.0,0.0));
#3633=ORIENTED_EDGE('',*,*,#5785,.T.);
#3634=ORIENTED_EDGE('',*,*,#5786,.F.);
#3635=ORIENTED_EDGE('',*,*,#5779,.F.);
#3636=ORIENTED_EDGE('',*,*,#5769,.T.);
#3637=CARTESIAN_POINT('',(-6.3615,0.4043175169202,-7.661));
#3638=DIRECTION('',(-0.0965693920030713,0.995326254314713,0.0));
#3639=DIRECTION('',(0.0,0.0,1.0));
#3640=ORIENTED_EDGE('',*,*,#5784,.T.);
#3641=ORIENTED_EDGE('',*,*,#5782,.T.);
#3642=ORIENTED_EDGE('',*,*,#5780,.T.);
#3643=ORIENTED_EDGE('',*,*,#5786,.T.);
#3644=CARTESIAN_POINT('',(-6.406,0.0,-7.502));
#3645=DIRECTION('',(-1.0,0.0,0.0));
#3646=DIRECTION('',(0.0,0.0,1.0));
#3647=ORIENTED_EDGE('',*,*,#5787,.F.);
#3648=ORIENTED_EDGE('',*,*,#5788,.T.);
#3649=ORIENTED_EDGE('',*,*,#5583,.T.);
#3650=ORIENTED_EDGE('',*,*,#5747,.F.);
#3651=ORIENTED_EDGE('',*,*,#5789,.T.);
#3652=ORIENTED_EDGE('',*,*,#5790,.F.);
#3653=CARTESIAN_POINT('',(-6.867,-2.878,-0.62));
#3654=DIRECTION('',(-0.0,-1.0,0.0));
#3655=DIRECTION('',(-1.0,0.0,0.0));
#3656=ORIENTED_EDGE('',*,*,#5588,.F.);
#3657=ORIENTED_EDGE('',*,*,#5791,.T.);
#3658=ORIENTED_EDGE('',*,*,#5792,.F.);
#3659=ORIENTED_EDGE('',*,*,#5793,.T.);
#3660=ORIENTED_EDGE('',*,*,#5790,.T.);
#3661=ORIENTED_EDGE('',*,*,#5794,.T.);
#3662=CARTESIAN_POINT('',(-7.312,1.92,0.0));
#3663=DIRECTION('',(0.0,-1.0,0.0));
#3664=DIRECTION('',(0.0,0.0,-1.0));
#3665=ORIENTED_EDGE('',*,*,#5589,.F.);
#3666=ORIENTED_EDGE('',*,*,#5794,.F.);
#3667=ORIENTED_EDGE('',*,*,#5789,.F.);
#3668=ORIENTED_EDGE('',*,*,#5579,.T.);
#3669=CARTESIAN_POINT('',(24.41165086761,2.22,-0.32));
#3670=DIRECTION('',(1.0,-0.0,0.0));
#3671=DIRECTION('',(0.0,0.0,-1.0));
#3672=ORIENTED_EDGE('',*,*,#5795,.T.);
#3673=ORIENTED_EDGE('',*,*,#5787,.T.);
#3674=ORIENTED_EDGE('',*,*,#5793,.F.);
#3675=ORIENTED_EDGE('',*,*,#5796,.T.);
#3676=ORIENTED_EDGE('',*,*,#5797,.F.);
#3677=ORIENTED_EDGE('',*,*,#5798,.T.);
#3678=CARTESIAN_POINT('',(-7.312,-2.878,0.0));
#3679=DIRECTION('',(0.0,0.0,1.0));
#3680=DIRECTION('',(1.0,0.0,0.0));
#3681=ORIENTED_EDGE('',*,*,#5799,.F.);
#3682=ORIENTED_EDGE('',*,*,#5800,.F.);
#3683=ORIENTED_EDGE('',*,*,#5801,.T.);
#3684=ORIENTED_EDGE('',*,*,#5798,.F.);
#3685=CARTESIAN_POINT('',(-7.012,-1.62,-0.3214943666059));
#3686=DIRECTION('',(-0.0,0.0,-1.0));
#3687=DIRECTION('',(-1.0,0.0,0.0));
#3688=ORIENTED_EDGE('',*,*,#5788,.F.);
#3689=ORIENTED_EDGE('',*,*,#5795,.F.);
#3690=ORIENTED_EDGE('',*,*,#5801,.F.);
#3691=ORIENTED_EDGE('',*,*,#5802,.F.);
#3692=ORIENTED_EDGE('',*,*,#5586,.T.);
#3693=ORIENTED_EDGE('',*,*,#5584,.T.);
#3694=CARTESIAN_POINT('',(-6.247,-1.92,0.0));
#3695=DIRECTION('',(-0.0,1.0,0.0));
#3696=DIRECTION('',(1.0,0.0,0.0));
#3697=ORIENTED_EDGE('',*,*,#5803,.T.);
#3698=ORIENTED_EDGE('',*,*,#5804,.T.);
#3699=ORIENTED_EDGE('',*,*,#5791,.F.);
#3700=ORIENTED_EDGE('',*,*,#5587,.F.);
#3701=ORIENTED_EDGE('',*,*,#5802,.T.);
#3702=ORIENTED_EDGE('',*,*,#5800,.T.);
#3703=CARTESIAN_POINT('',(-6.867,-2.878,-0.318));
#3704=DIRECTION('',(0.0,0.0,-1.0));
#3705=DIRECTION('',(0.0,-1.0,0.0));
#3706=ORIENTED_EDGE('',*,*,#5805,.F.);
#3707=ORIENTED_EDGE('',*,*,#5796,.F.);
#3708=ORIENTED_EDGE('',*,*,#5792,.T.);
#3709=ORIENTED_EDGE('',*,*,#5804,.F.);
#3710=CARTESIAN_POINT('',(-7.012,1.62,0.003205337325151));
#3711=DIRECTION('',(0.0,0.0,1.0));
#3712=DIRECTION('',(-1.0,0.0,0.0));
#3713=ORIENTED_EDGE('',*,*,#5797,.T.);
#3714=ORIENTED_EDGE('',*,*,#5805,.T.);
#3715=ORIENTED_EDGE('',*,*,#5803,.F.);
#3716=ORIENTED_EDGE('',*,*,#5799,.T.);
#3717=CARTESIAN_POINT('',(-7.312,-2.878,-0.318));
#3718=DIRECTION('',(-1.0,0.0,0.0));
#3719=DIRECTION('',(0.0,0.0,1.0));
#3720=ORIENTED_EDGE('',*,*,#5581,.F.);
#3721=ORIENTED_EDGE('',*,*,#5746,.F.);
#3722=ORIENTED_EDGE('',*,*,#5806,.F.);
#3723=ORIENTED_EDGE('',*,*,#5343,.T.);
#3724=CARTESIAN_POINT('',(-5.927,2.24,-8.883205337325));
#3725=DIRECTION('',(0.0,0.0,-1.0));
#3726=DIRECTION('',(0.0,1.0,0.0));
#3727=ORIENTED_EDGE('',*,*,#5745,.F.);
#3728=ORIENTED_EDGE('',*,*,#5807,.T.);
#3729=ORIENTED_EDGE('',*,*,#5399,.T.);
#3730=ORIENTED_EDGE('',*,*,#5808,.T.);
#3731=ORIENTED_EDGE('',*,*,#5809,.F.);
#3732=ORIENTED_EDGE('',*,*,#5810,.T.);
#3733=ORIENTED_EDGE('',*,*,#5344,.F.);
#3734=ORIENTED_EDGE('',*,*,#5806,.T.);
#3735=ORIENTED_EDGE('',*,*,#5811,.F.);
#3736=ORIENTED_EDGE('',*,*,#5812,.F.);
#3737=ORIENTED_EDGE('',*,*,#5255,.F.);
#3738=ORIENTED_EDGE('',*,*,#5813,.F.);
#3739=ORIENTED_EDGE('',*,*,#5814,.F.);
#3740=ORIENTED_EDGE('',*,*,#5815,.T.);
#3741=ORIENTED_EDGE('',*,*,#5816,.T.);
#3742=ORIENTED_EDGE('',*,*,#5817,.T.);
#3743=ORIENTED_EDGE('',*,*,#5818,.T.);
#3744=ORIENTED_EDGE('',*,*,#5819,.F.);
#3745=ORIENTED_EDGE('',*,*,#5257,.F.);
#3746=ORIENTED_EDGE('',*,*,#5820,.F.);
#3747=ORIENTED_EDGE('',*,*,#5821,.F.);
#3748=ORIENTED_EDGE('',*,*,#5822,.T.);
#3749=ORIENTED_EDGE('',*,*,#5823,.T.);
#3750=ORIENTED_EDGE('',*,*,#5824,.F.);
#3751=ORIENTED_EDGE('',*,*,#5825,.T.);
#3752=ORIENTED_EDGE('',*,*,#5826,.F.);
#3753=ORIENTED_EDGE('',*,*,#5827,.F.);
#3754=ORIENTED_EDGE('',*,*,#5828,.F.);
#3755=ORIENTED_EDGE('',*,*,#5829,.F.);
#3756=ORIENTED_EDGE('',*,*,#5830,.F.);
#3757=ORIENTED_EDGE('',*,*,#5831,.F.);
#3758=ORIENTED_EDGE('',*,*,#5832,.F.);
#3759=ORIENTED_EDGE('',*,*,#5833,.F.);
#3760=CARTESIAN_POINT('',(-6.565,2.56,-8.88));
#3761=DIRECTION('',(0.0,0.0,1.0));
#3762=DIRECTION('',(1.0,0.0,0.0));
#3763=ORIENTED_EDGE('',*,*,#5834,.F.);
#3764=ORIENTED_EDGE('',*,*,#5574,.F.);
#3765=ORIENTED_EDGE('',*,*,#5345,.T.);
#3766=ORIENTED_EDGE('',*,*,#5810,.F.);
#3767=CARTESIAN_POINT('',(5.927,2.24,-0.6165056333941));
#3768=DIRECTION('',(-0.0,0.0,1.0));
#3769=DIRECTION('',(0.0,1.0,0.0));
#3770=ORIENTED_EDGE('',*,*,#5575,.T.);
#3771=ORIENTED_EDGE('',*,*,#5834,.T.);
#3772=ORIENTED_EDGE('',*,*,#5809,.T.);
#3773=ORIENTED_EDGE('',*,*,#5835,.T.);
#3774=ORIENTED_EDGE('',*,*,#5568,.T.);
#3775=ORIENTED_EDGE('',*,*,#5836,.T.);
#3776=ORIENTED_EDGE('',*,*,#5837,.T.);
#3777=ORIENTED_EDGE('',*,*,#5740,.T.);
#3778=ORIENTED_EDGE('',*,*,#5729,.T.);
#3779=ORIENTED_EDGE('',*,*,#5724,.T.);
#3780=ORIENTED_EDGE('',*,*,#5720,.T.);
#3781=ORIENTED_EDGE('',*,*,#5716,.T.);
#3782=ORIENTED_EDGE('',*,*,#5712,.T.);
#3783=ORIENTED_EDGE('',*,*,#5708,.T.);
#3784=ORIENTED_EDGE('',*,*,#5704,.T.);
#3785=ORIENTED_EDGE('',*,*,#5700,.T.);
#3786=ORIENTED_EDGE('',*,*,#5696,.F.);
#3787=ORIENTED_EDGE('',*,*,#5691,.T.);
#3788=ORIENTED_EDGE('',*,*,#5838,.T.);
#3789=ORIENTED_EDGE('',*,*,#5738,.T.);
#3790=CARTESIAN_POINT('',(6.247,-2.878,-8.88));
#3791=DIRECTION('',(-1.0,0.0,0.0));
#3792=DIRECTION('',(0.0,0.0,1.0));
#3793=ORIENTED_EDGE('',*,*,#5675,.F.);
#3794=ORIENTED_EDGE('',*,*,#5839,.F.);
#3795=ORIENTED_EDGE('',*,*,#5739,.T.);
#3796=ORIENTED_EDGE('',*,*,#5838,.F.);
#3797=ORIENTED_EDGE('',*,*,#5690,.F.);
#3798=CARTESIAN_POINT('',(6.568392386878,1.226974379071,-1.87));
#3799=DIRECTION('',(1.0,-0.0,0.0));
#3800=DIRECTION('',(0.0,0.0,1.0));
#3801=ORIENTED_EDGE('',*,*,#5839,.T.);
#3802=ORIENTED_EDGE('',*,*,#5840,.F.);
#3803=ORIENTED_EDGE('',*,*,#5841,.F.);
#3804=ORIENTED_EDGE('',*,*,#5842,.F.);
#3805=ORIENTED_EDGE('',*,*,#5843,.F.);
#3806=ORIENTED_EDGE('',*,*,#5844,.F.);
#3807=ORIENTED_EDGE('',*,*,#5737,.T.);
#3808=CARTESIAN_POINT('',(-6.582759072687,1.095787916124,-1.87));
#3809=DIRECTION('',(-0.999950178372345,-0.00998202249622445,0.0));
#3810=DIRECTION('',(0.0,0.0,1.0));
#3811=ORIENTED_EDGE('',*,*,#5845,.T.);
#3812=ORIENTED_EDGE('',*,*,#5837,.F.);
#3813=ORIENTED_EDGE('',*,*,#5844,.T.);
#3814=ORIENTED_EDGE('',*,*,#5846,.F.);
#3815=CARTESIAN_POINT('',(5.929000000001,0.0,-1.62));
#3816=DIRECTION('',(0.0,-1.0,0.0));
#3817=DIRECTION('',(1.0,0.0,0.0));
#3818=ORIENTED_EDGE('',*,*,#5847,.F.);
#3819=ORIENTED_EDGE('',*,*,#5848,.F.);
#3820=ORIENTED_EDGE('',*,*,#5849,.T.);
#3821=ORIENTED_EDGE('',*,*,#5846,.T.);
#3822=ORIENTED_EDGE('',*,*,#5843,.T.);
#3823=ORIENTED_EDGE('',*,*,#5850,.T.);
#3824=CARTESIAN_POINT('',(5.962854441082,0.0,-4.383434977853));
#3825=DIRECTION('',(0.994692912536038,0.0,-0.102888336319404));
#3826=DIRECTION('',(0.0,-1.0,0.0));
#3827=ORIENTED_EDGE('',*,*,#5851,.T.);
#3828=ORIENTED_EDGE('',*,*,#5852,.F.);
#3829=ORIENTED_EDGE('',*,*,#5850,.F.);
#3830=ORIENTED_EDGE('',*,*,#5842,.T.);
#3831=CARTESIAN_POINT('',(6.121010614175,0.7272843883859,-4.399794223327));
#3832=DIRECTION('',(-0.00993586408257313,0.995326254314713,-0.0960568897933713));
#3833=DIRECTION('',(-0.994692912536037,0.0,0.10288833631941));
#3834=ORIENTED_EDGE('',*,*,#5853,.T.);
#3835=ORIENTED_EDGE('',*,*,#5854,.F.);
#3836=ORIENTED_EDGE('',*,*,#5855,.F.);
#3837=ORIENTED_EDGE('',*,*,#5852,.T.);
#3838=ORIENTED_EDGE('',*,*,#5855,.T.);
#3839=ORIENTED_EDGE('',*,*,#5856,.F.);
#3840=ORIENTED_EDGE('',*,*,#5857,.F.);
#3841=ORIENTED_EDGE('',*,*,#5847,.T.);
#3842=CARTESIAN_POINT('',(6.317,0.0,-7.18));
#3843=DIRECTION('',(0.0,1.0,-0.0));
#3844=DIRECTION('',(-0.994692912536038,0.0,0.102888336319404));
#3845=ORIENTED_EDGE('',*,*,#5857,.T.);
#3846=ORIENTED_EDGE('',*,*,#5858,.F.);
#3847=ORIENTED_EDGE('',*,*,#5859,.F.);
#3848=ORIENTED_EDGE('',*,*,#5860,.T.);
#3849=ORIENTED_EDGE('',*,*,#5848,.T.);
#3850=ORIENTED_EDGE('',*,*,#5860,.F.);
#3851=ORIENTED_EDGE('',*,*,#5861,.F.);
#3852=ORIENTED_EDGE('',*,*,#5862,.T.);
#3853=CARTESIAN_POINT('',(6.121010614175,-0.7272843883859,-4.399794223327));
#3854=DIRECTION('',(0.00993586408257413,0.995326254314713,0.0960568897933712));
#3855=DIRECTION('',(0.994692912536036,-1.72661581961579E-18,-0.10288833631942));
#3856=ORIENTED_EDGE('',*,*,#5863,.F.);
#3857=ORIENTED_EDGE('',*,*,#5864,.F.);
#3858=ORIENTED_EDGE('',*,*,#5728,.T.);
#3859=ORIENTED_EDGE('',*,*,#5741,.T.);
#3860=ORIENTED_EDGE('',*,*,#5845,.F.);
#3861=ORIENTED_EDGE('',*,*,#5849,.F.);
#3862=ORIENTED_EDGE('',*,*,#5862,.F.);
#3863=CARTESIAN_POINT('',(6.588005422828,-1.227265334029,-1.87));
#3864=DIRECTION('',(0.999950178372345,-0.00998202249622545,0.0));
#3865=DIRECTION('',(0.0,0.0,1.0));
#3866=ORIENTED_EDGE('',*,*,#5864,.T.);
#3867=ORIENTED_EDGE('',*,*,#5865,.F.);
#3868=ORIENTED_EDGE('',*,*,#5840,.T.);
#3869=ORIENTED_EDGE('',*,*,#5674,.F.);
#3870=CARTESIAN_POINT('',(5.929000000001,0.0,-1.62));
#3871=DIRECTION('',(0.0,-1.0,0.0));
#3872=DIRECTION('',(1.0,0.0,0.0));
#3873=ORIENTED_EDGE('',*,*,#5863,.T.);
#3874=ORIENTED_EDGE('',*,*,#5861,.T.);
#3875=ORIENTED_EDGE('',*,*,#5866,.F.);
#3876=ORIENTED_EDGE('',*,*,#5851,.F.);
#3877=ORIENTED_EDGE('',*,*,#5841,.T.);
#3878=ORIENTED_EDGE('',*,*,#5865,.T.);
#3879=CARTESIAN_POINT('',(6.279166787268,0.0,-4.416153468802));
#3880=DIRECTION('',(0.994692912536038,0.0,-0.102888336319404));
#3881=DIRECTION('',(0.0,-1.0,0.0));
#3882=ORIENTED_EDGE('',*,*,#5859,.T.);
#3883=ORIENTED_EDGE('',*,*,#5867,.F.);
#3884=ORIENTED_EDGE('',*,*,#5853,.F.);
#3885=ORIENTED_EDGE('',*,*,#5866,.T.);
#3886=CARTESIAN_POINT('',(6.317,0.0,-7.18));
#3887=DIRECTION('',(0.0,1.0,-0.0));
#3888=DIRECTION('',(-0.994692912536038,0.0,0.102888336319404));
#3889=ORIENTED_EDGE('',*,*,#5868,.T.);
#3890=ORIENTED_EDGE('',*,*,#5869,.F.);
#3891=ORIENTED_EDGE('',*,*,#5870,.F.);
#3892=ORIENTED_EDGE('',*,*,#5867,.T.);
#3893=CARTESIAN_POINT('',(6.3615,0.0,-7.502));
#3894=DIRECTION('',(1.995906561124E-14,0.0,1.0));
#3895=DIRECTION('',(1.0,0.0,-1.995906561124E-14));
#3896=ORIENTED_EDGE('',*,*,#5870,.T.);
#3897=ORIENTED_EDGE('',*,*,#5871,.F.);
#3898=ORIENTED_EDGE('',*,*,#5872,.F.);
#3899=ORIENTED_EDGE('',*,*,#5854,.T.);
#3900=CARTESIAN_POINT('',(6.3615,0.4043175169202,-7.661));
#3901=DIRECTION('',(0.0965693920030713,0.995326254314713,0.0));
#3902=DIRECTION('',(0.0,0.0,-1.0));
#3903=ORIENTED_EDGE('',*,*,#5872,.T.);
#3904=ORIENTED_EDGE('',*,*,#5873,.F.);
#3905=ORIENTED_EDGE('',*,*,#5874,.F.);
#3906=ORIENTED_EDGE('',*,*,#5856,.T.);
#3907=CARTESIAN_POINT('',(6.3615,0.0,-7.82));
#3908=DIRECTION('',(1.995906561124E-14,0.0,1.0));
#3909=DIRECTION('',(1.0,0.0,-1.995906561124E-14));
#3910=ORIENTED_EDGE('',*,*,#5874,.T.);
#3911=ORIENTED_EDGE('',*,*,#5875,.F.);
#3912=ORIENTED_EDGE('',*,*,#5868,.F.);
#3913=ORIENTED_EDGE('',*,*,#5858,.T.);
#3914=CARTESIAN_POINT('',(6.3615,-0.4043175169202,-7.661));
#3915=DIRECTION('',(-0.0965693920030713,0.995326254314713,0.0));
#3916=DIRECTION('',(0.0,0.0,1.0));
#3917=ORIENTED_EDGE('',*,*,#5875,.T.);
#3918=ORIENTED_EDGE('',*,*,#5873,.T.);
#3919=ORIENTED_EDGE('',*,*,#5871,.T.);
#3920=ORIENTED_EDGE('',*,*,#5869,.T.);
#3921=CARTESIAN_POINT('',(6.406,0.0,-7.502));
#3922=DIRECTION('',(1.0,0.0,0.0));
#3923=DIRECTION('',(0.0,1.0,0.0));
#3924=ORIENTED_EDGE('',*,*,#5876,.T.);
#3925=ORIENTED_EDGE('',*,*,#5877,.F.);
#3926=ORIENTED_EDGE('',*,*,#5878,.T.);
#3927=ORIENTED_EDGE('',*,*,#5836,.F.);
#3928=ORIENTED_EDGE('',*,*,#5879,.T.);
#3929=ORIENTED_EDGE('',*,*,#5880,.T.);
#3930=CARTESIAN_POINT('',(6.867,-2.878,-0.62));
#3931=DIRECTION('',(-0.0,-1.0,0.0));
#3932=DIRECTION('',(-1.0,0.0,0.0));
#3933=ORIENTED_EDGE('',*,*,#5881,.T.);
#3934=ORIENTED_EDGE('',*,*,#5882,.F.);
#3935=ORIENTED_EDGE('',*,*,#5883,.F.);
#3936=ORIENTED_EDGE('',*,*,#5884,.F.);
#3937=ORIENTED_EDGE('',*,*,#5880,.F.);
#3938=ORIENTED_EDGE('',*,*,#5885,.T.);
#3939=CARTESIAN_POINT('',(7.312,-1.92,0.0));
#3940=DIRECTION('',(-0.0,1.0,0.0));
#3941=DIRECTION('',(1.0,0.0,0.0));
#3942=ORIENTED_EDGE('',*,*,#5886,.F.);
#3943=ORIENTED_EDGE('',*,*,#5885,.F.);
#3944=ORIENTED_EDGE('',*,*,#5879,.F.);
#3945=ORIENTED_EDGE('',*,*,#5567,.T.);
#3946=CARTESIAN_POINT('',(-26.3758464,-2.22,-0.32));
#3947=DIRECTION('',(-1.0,0.0,-0.0));
#3948=DIRECTION('',(0.0,0.0,-1.0));
#3949=ORIENTED_EDGE('',*,*,#5887,.T.);
#3950=ORIENTED_EDGE('',*,*,#5888,.T.);
#3951=ORIENTED_EDGE('',*,*,#5889,.F.);
#3952=ORIENTED_EDGE('',*,*,#5881,.F.);
#3953=ORIENTED_EDGE('',*,*,#5886,.T.);
#3954=ORIENTED_EDGE('',*,*,#5660,.F.);
#3955=CARTESIAN_POINT('',(6.867,-2.878,-0.62));
#3956=DIRECTION('',(-0.0,-1.0,0.0));
#3957=DIRECTION('',(-1.0,0.0,0.0));
#3958=ORIENTED_EDGE('',*,*,#5890,.F.);
#3959=ORIENTED_EDGE('',*,*,#5891,.T.);
#3960=ORIENTED_EDGE('',*,*,#5882,.T.);
#3961=ORIENTED_EDGE('',*,*,#5889,.T.);
#3962=ORIENTED_EDGE('',*,*,#5892,.F.);
#3963=ORIENTED_EDGE('',*,*,#5893,.T.);
#3964=CARTESIAN_POINT('',(7.312,-2.878,-0.318));
#3965=DIRECTION('',(0.0,0.0,-1.0));
#3966=DIRECTION('',(0.0,-1.0,0.0));
#3967=ORIENTED_EDGE('',*,*,#5894,.F.);
#3968=ORIENTED_EDGE('',*,*,#5893,.F.);
#3969=ORIENTED_EDGE('',*,*,#5895,.T.);
#3970=ORIENTED_EDGE('',*,*,#5896,.F.);
#3971=CARTESIAN_POINT('',(7.012,1.62,-0.3212053373252));
#3972=DIRECTION('',(0.0,0.0,-1.0));
#3973=DIRECTION('',(1.0,0.0,0.0));
#3974=ORIENTED_EDGE('',*,*,#5897,.F.);
#3975=ORIENTED_EDGE('',*,*,#5876,.F.);
#3976=ORIENTED_EDGE('',*,*,#5884,.T.);
#3977=ORIENTED_EDGE('',*,*,#5898,.T.);
#3978=ORIENTED_EDGE('',*,*,#5899,.T.);
#3979=ORIENTED_EDGE('',*,*,#5896,.T.);
#3980=CARTESIAN_POINT('',(6.867,-2.878,0.0));
#3981=DIRECTION('',(0.0,0.0,1.0));
#3982=DIRECTION('',(1.0,0.0,0.0));
#3983=ORIENTED_EDGE('',*,*,#5899,.F.);
#3984=ORIENTED_EDGE('',*,*,#5900,.T.);
#3985=ORIENTED_EDGE('',*,*,#5890,.T.);
#3986=ORIENTED_EDGE('',*,*,#5894,.T.);
#3987=CARTESIAN_POINT('',(7.312,-2.878,0.0));
#3988=DIRECTION('',(1.0,0.0,0.0));
#3989=DIRECTION('',(0.0,1.0,0.0));
#3990=ORIENTED_EDGE('',*,*,#5900,.F.);
#3991=ORIENTED_EDGE('',*,*,#5898,.F.);
#3992=ORIENTED_EDGE('',*,*,#5883,.T.);
#3993=ORIENTED_EDGE('',*,*,#5891,.F.);
#3994=CARTESIAN_POINT('',(7.012,-1.62,0.003494366605911));
#3995=DIRECTION('',(-0.0,0.0,1.0));
#3996=DIRECTION('',(1.0,0.0,0.0));
#3997=ORIENTED_EDGE('',*,*,#5877,.T.);
#3998=ORIENTED_EDGE('',*,*,#5897,.T.);
#3999=ORIENTED_EDGE('',*,*,#5895,.F.);
#4000=ORIENTED_EDGE('',*,*,#5892,.T.);
#4001=ORIENTED_EDGE('',*,*,#5888,.F.);
#4002=ORIENTED_EDGE('',*,*,#5901,.T.);
#4003=CARTESIAN_POINT('',(6.247,1.92,0.0));
#4004=DIRECTION('',(0.0,-1.0,0.0));
#4005=DIRECTION('',(0.0,0.0,-1.0));
#4006=ORIENTED_EDGE('',*,*,#5878,.F.);
#4007=ORIENTED_EDGE('',*,*,#5901,.F.);
#4008=ORIENTED_EDGE('',*,*,#5887,.F.);
#4009=ORIENTED_EDGE('',*,*,#5576,.T.);
#4010=CARTESIAN_POINT('',(26.3758464,2.22,-0.32));
#4011=DIRECTION('',(1.0,-0.0,0.0));
#4012=DIRECTION('',(0.0,0.0,-1.0));
#4013=ORIENTED_EDGE('',*,*,#5569,.F.);
#4014=ORIENTED_EDGE('',*,*,#5835,.F.);
#4015=ORIENTED_EDGE('',*,*,#5808,.F.);
#4016=ORIENTED_EDGE('',*,*,#5398,.T.);
#4017=CARTESIAN_POINT('',(5.927,-2.24,-8.883333592443));
#4018=DIRECTION('',(0.0,-0.0,-1.0));
#4019=DIRECTION('',(0.0,-1.0,0.0));
#4020=ORIENTED_EDGE('',*,*,#5744,.F.);
#4021=ORIENTED_EDGE('',*,*,#5562,.F.);
#4022=ORIENTED_EDGE('',*,*,#5400,.T.);
#4023=ORIENTED_EDGE('',*,*,#5807,.F.);
#4024=CARTESIAN_POINT('',(-5.927,-2.24,-0.6167946626748));
#4025=DIRECTION('',(-0.0,0.0,1.0));
#4026=DIRECTION('',(0.0,-1.0,0.0));
#4027=ORIENTED_EDGE('',*,*,#5902,.T.);
#4028=ORIENTED_EDGE('',*,*,#5814,.T.);
#4029=ORIENTED_EDGE('',*,*,#5903,.T.);
#4030=ORIENTED_EDGE('',*,*,#5904,.F.);
#4031=ORIENTED_EDGE('',*,*,#5905,.F.);
#4032=ORIENTED_EDGE('',*,*,#5826,.T.);
#4033=ORIENTED_EDGE('',*,*,#5906,.T.);
#4034=ORIENTED_EDGE('',*,*,#5907,.T.);
#4035=CARTESIAN_POINT('',(-5.55,0.0,0.0));
#4036=DIRECTION('',(1.0,0.0,0.0));
#4037=DIRECTION('',(0.0,1.0,0.0));
#4038=ORIENTED_EDGE('',*,*,#5907,.F.);
#4039=ORIENTED_EDGE('',*,*,#5908,.F.);
#4040=ORIENTED_EDGE('',*,*,#5909,.F.);
#4041=ORIENTED_EDGE('',*,*,#5910,.T.);
#4042=ORIENTED_EDGE('',*,*,#5911,.F.);
#4043=ORIENTED_EDGE('',*,*,#5912,.F.);
#4044=CARTESIAN_POINT('',(-5.3,0.828,-0.9330127018922));
#4045=DIRECTION('',(-0.866025403784429,0.0,0.500000000000017));
#4046=DIRECTION('',(0.0,1.0,0.0));
#4047=ORIENTED_EDGE('',*,*,#5913,.F.);
#4048=ORIENTED_EDGE('',*,*,#5914,.T.);
#4049=ORIENTED_EDGE('',*,*,#5815,.F.);
#4050=ORIENTED_EDGE('',*,*,#5902,.F.);
#4051=ORIENTED_EDGE('',*,*,#5912,.T.);
#4052=CARTESIAN_POINT('',(-4.91,1.238,-0.487640891807));
#4053=DIRECTION('',(0.0,0.0,1.0));
#4054=DIRECTION('',(-1.0,0.0,0.0));
#4055=ORIENTED_EDGE('',*,*,#5816,.F.);
#4056=ORIENTED_EDGE('',*,*,#5914,.F.);
#4057=ORIENTED_EDGE('',*,*,#5915,.T.);
#4058=ORIENTED_EDGE('',*,*,#5916,.F.);
#4059=CARTESIAN_POINT('',(-5.55,1.878,-8.88));
#4060=DIRECTION('',(-0.0,1.0,0.0));
#4061=DIRECTION('',(1.0,0.0,0.0));
#4062=ORIENTED_EDGE('',*,*,#5917,.F.);
#4063=ORIENTED_EDGE('',*,*,#5817,.F.);
#4064=ORIENTED_EDGE('',*,*,#5916,.T.);
#4065=ORIENTED_EDGE('',*,*,#5918,.F.);
#4066=ORIENTED_EDGE('',*,*,#5919,.T.);
#4067=CARTESIAN_POINT('',(4.91,1.238,-8.890979807951));
#4068=DIRECTION('',(0.0,0.0,-1.0));
#4069=DIRECTION('',(1.0,0.0,0.0));
#4070=ORIENTED_EDGE('',*,*,#5920,.F.);
#4071=ORIENTED_EDGE('',*,*,#5919,.F.);
#4072=ORIENTED_EDGE('',*,*,#5921,.F.);
#4073=ORIENTED_EDGE('',*,*,#5922,.T.);
#4074=ORIENTED_EDGE('',*,*,#5923,.F.);
#4075=ORIENTED_EDGE('',*,*,#5924,.F.);
#4076=CARTESIAN_POINT('',(5.3,0.828,-0.9330127018922));
#4077=DIRECTION('',(0.866025403784429,0.0,0.500000000000017));
#4078=DIRECTION('',(0.0,-1.0,0.0));
#4079=ORIENTED_EDGE('',*,*,#5925,.F.);
#4080=ORIENTED_EDGE('',*,*,#5926,.T.);
#4081=ORIENTED_EDGE('',*,*,#5823,.F.);
#4082=ORIENTED_EDGE('',*,*,#5927,.F.);
#4083=ORIENTED_EDGE('',*,*,#5924,.T.);
#4084=CARTESIAN_POINT('',(5.42,0.168,-0.487640891807));
#4085=DIRECTION('',(-0.0,0.0,1.0));
#4086=DIRECTION('',(1.0,0.0,0.0));
#4087=ORIENTED_EDGE('',*,*,#5927,.T.);
#4088=ORIENTED_EDGE('',*,*,#5822,.F.);
#4089=ORIENTED_EDGE('',*,*,#5928,.T.);
#4090=ORIENTED_EDGE('',*,*,#5929,.T.);
#4091=ORIENTED_EDGE('',*,*,#5930,.F.);
#4092=ORIENTED_EDGE('',*,*,#5818,.F.);
#4093=ORIENTED_EDGE('',*,*,#5917,.T.);
#4094=ORIENTED_EDGE('',*,*,#5920,.T.);
#4095=CARTESIAN_POINT('',(5.55,0.0,0.0));
#4096=DIRECTION('',(1.0,0.0,0.0));
#4097=DIRECTION('',(0.0,1.0,0.0));
#4098=ORIENTED_EDGE('',*,*,#5930,.T.);
#4099=ORIENTED_EDGE('',*,*,#5931,.F.);
#4100=ORIENTED_EDGE('',*,*,#5258,.F.);
#4101=ORIENTED_EDGE('',*,*,#5819,.T.);
#4102=CARTESIAN_POINT('',(5.661568542495,0.7945685424949,-8.88));
#4103=DIRECTION('',(0.707106781186548,0.707106781186548,0.0));
#4104=DIRECTION('',(0.0,0.0,-1.0));
#4105=ORIENTED_EDGE('',*,*,#5256,.T.);
#4106=ORIENTED_EDGE('',*,*,#5932,.F.);
#4107=ORIENTED_EDGE('',*,*,#5933,.F.);
#4108=ORIENTED_EDGE('',*,*,#5820,.T.);
#4109=CARTESIAN_POINT('',(5.605,0.738,-8.88));
#4110=DIRECTION('',(0.0,0.0,-1.0));
#4111=DIRECTION('',(1.0,0.0,0.0));
#4112=ORIENTED_EDGE('',*,*,#5933,.T.);
#4113=ORIENTED_EDGE('',*,*,#5934,.F.);
#4114=ORIENTED_EDGE('',*,*,#5928,.F.);
#4115=ORIENTED_EDGE('',*,*,#5821,.T.);
#4116=CARTESIAN_POINT('',(5.55,0.5698629150102,-8.88));
#4117=DIRECTION('',(0.707106781186548,-0.707106781186548,0.0));
#4118=DIRECTION('',(0.0,0.0,-1.0));
#4119=ORIENTED_EDGE('',*,*,#5935,.T.);
#4120=ORIENTED_EDGE('',*,*,#5253,.T.);
#4121=ORIENTED_EDGE('',*,*,#5936,.T.);
#4122=ORIENTED_EDGE('',*,*,#5937,.T.);
#4123=ORIENTED_EDGE('',*,*,#5904,.T.);
#4124=CARTESIAN_POINT('',(-6.565,0.0,-3.5));
#4125=DIRECTION('',(0.0,0.0,1.0));
#4126=DIRECTION('',(1.0,0.0,0.0));
#4127=ORIENTED_EDGE('',*,*,#5934,.T.);
#4128=ORIENTED_EDGE('',*,*,#5932,.T.);
#4129=ORIENTED_EDGE('',*,*,#5259,.T.);
#4130=ORIENTED_EDGE('',*,*,#5931,.T.);
#4131=ORIENTED_EDGE('',*,*,#5929,.F.);
#4132=CARTESIAN_POINT('',(-6.565,0.0,-3.5));
#4133=DIRECTION('',(0.0,0.0,1.0));
#4134=DIRECTION('',(1.0,0.0,0.0));
#4135=ORIENTED_EDGE('',*,*,#5905,.T.);
#4136=ORIENTED_EDGE('',*,*,#5937,.F.);
#4137=ORIENTED_EDGE('',*,*,#5938,.F.);
#4138=ORIENTED_EDGE('',*,*,#5811,.T.);
#4139=CARTESIAN_POINT('',(-5.661568542495,0.6814314575051,-8.88));
#4140=DIRECTION('',(-0.707106781186548,-0.707106781186548,0.0));
#4141=DIRECTION('',(-0.707106781186548,0.707106781186548,0.0));
#4142=ORIENTED_EDGE('',*,*,#5252,.T.);
#4143=ORIENTED_EDGE('',*,*,#5812,.T.);
#4144=ORIENTED_EDGE('',*,*,#5938,.T.);
#4145=ORIENTED_EDGE('',*,*,#5936,.F.);
#4146=CARTESIAN_POINT('',(-5.605,0.738,-8.88));
#4147=DIRECTION('',(0.0,0.0,-1.0));
#4148=DIRECTION('',(1.0,0.0,0.0));
#4149=ORIENTED_EDGE('',*,*,#5254,.T.);
#4150=ORIENTED_EDGE('',*,*,#5935,.F.);
#4151=ORIENTED_EDGE('',*,*,#5903,.F.);
#4152=ORIENTED_EDGE('',*,*,#5813,.T.);
#4153=CARTESIAN_POINT('',(-5.55,0.9061370849898,-8.88));
#4154=DIRECTION('',(-0.707106781186548,0.707106781186548,0.0));
#4155=DIRECTION('',(0.0,0.0,1.0));
#4156=ORIENTED_EDGE('',*,*,#5939,.F.);
#4157=ORIENTED_EDGE('',*,*,#5940,.F.);
#4158=ORIENTED_EDGE('',*,*,#5824,.T.);
#4159=ORIENTED_EDGE('',*,*,#5926,.F.);
#4160=ORIENTED_EDGE('',*,*,#5941,.T.);
#4161=ORIENTED_EDGE('',*,*,#5942,.T.);
#4162=ORIENTED_EDGE('',*,*,#5943,.F.);
#4163=ORIENTED_EDGE('',*,*,#5944,.F.);
#4164=ORIENTED_EDGE('',*,*,#5945,.T.);
#4165=ORIENTED_EDGE('',*,*,#5946,.T.);
#4166=ORIENTED_EDGE('',*,*,#5947,.F.);
#4167=ORIENTED_EDGE('',*,*,#5948,.F.);
#4168=ORIENTED_EDGE('',*,*,#5949,.T.);
#4169=ORIENTED_EDGE('',*,*,#5950,.T.);
#4170=ORIENTED_EDGE('',*,*,#5951,.F.);
#4171=ORIENTED_EDGE('',*,*,#5952,.F.);
#4172=ORIENTED_EDGE('',*,*,#5953,.T.);
#4173=ORIENTED_EDGE('',*,*,#5954,.T.);
#4174=ORIENTED_EDGE('',*,*,#5955,.F.);
#4175=ORIENTED_EDGE('',*,*,#5956,.F.);
#4176=ORIENTED_EDGE('',*,*,#5957,.T.);
#4177=ORIENTED_EDGE('',*,*,#5958,.T.);
#4178=ORIENTED_EDGE('',*,*,#5959,.F.);
#4179=ORIENTED_EDGE('',*,*,#5960,.F.);
#4180=ORIENTED_EDGE('',*,*,#5961,.T.);
#4181=ORIENTED_EDGE('',*,*,#5962,.T.);
#4182=ORIENTED_EDGE('',*,*,#5963,.F.);
#4183=ORIENTED_EDGE('',*,*,#5964,.F.);
#4184=ORIENTED_EDGE('',*,*,#5965,.T.);
#4185=ORIENTED_EDGE('',*,*,#5966,.T.);
#4186=ORIENTED_EDGE('',*,*,#5967,.F.);
#4187=ORIENTED_EDGE('',*,*,#5968,.F.);
#4188=ORIENTED_EDGE('',*,*,#5969,.T.);
#4189=ORIENTED_EDGE('',*,*,#5970,.T.);
#4190=ORIENTED_EDGE('',*,*,#5971,.F.);
#4191=ORIENTED_EDGE('',*,*,#5972,.F.);
#4192=CARTESIAN_POINT('',(-5.55,0.038,-1.158179306876));
#4193=DIRECTION('',(0.0,-1.0,0.0));
#4194=DIRECTION('',(0.0,0.0,-1.0));
#4195=ORIENTED_EDGE('',*,*,#5906,.F.);
#4196=ORIENTED_EDGE('',*,*,#5825,.F.);
#4197=ORIENTED_EDGE('',*,*,#5940,.T.);
#4198=ORIENTED_EDGE('',*,*,#5973,.F.);
#4199=ORIENTED_EDGE('',*,*,#5908,.T.);
#4200=CARTESIAN_POINT('',(-5.42,0.168,-8.890979807951));
#4201=DIRECTION('',(-0.0,0.0,-1.0));
#4202=DIRECTION('',(-1.0,0.0,0.0));
#4203=ORIENTED_EDGE('',*,*,#5973,.T.);
#4204=ORIENTED_EDGE('',*,*,#5939,.T.);
#4205=ORIENTED_EDGE('',*,*,#5925,.T.);
#4206=ORIENTED_EDGE('',*,*,#5923,.T.);
#4207=ORIENTED_EDGE('',*,*,#5974,.F.);
#4208=ORIENTED_EDGE('',*,*,#5909,.T.);
#4209=CARTESIAN_POINT('',(-5.55,0.418,-0.5));
#4210=DIRECTION('',(0.0,-0.866025403784429,0.500000000000017));
#4211=DIRECTION('',(-1.0,0.0,0.0));
#4212=ORIENTED_EDGE('',*,*,#5974,.T.);
#4213=ORIENTED_EDGE('',*,*,#5922,.F.);
#4214=ORIENTED_EDGE('',*,*,#5975,.F.);
#4215=ORIENTED_EDGE('',*,*,#5910,.F.);
#4216=CARTESIAN_POINT('',(-5.55,1.378,-0.5));
#4217=DIRECTION('',(0.0,0.0,1.0));
#4218=DIRECTION('',(1.0,0.0,0.0));
#4219=ORIENTED_EDGE('',*,*,#5975,.T.);
#4220=ORIENTED_EDGE('',*,*,#5921,.T.);
#4221=ORIENTED_EDGE('',*,*,#5918,.T.);
#4222=ORIENTED_EDGE('',*,*,#5915,.F.);
#4223=ORIENTED_EDGE('',*,*,#5913,.T.);
#4224=ORIENTED_EDGE('',*,*,#5911,.T.);
#4225=CARTESIAN_POINT('',(-5.55,1.878,-1.366025403784));
#4226=DIRECTION('',(0.0,0.866025403784429,0.500000000000017));
#4227=DIRECTION('',(1.0,0.0,-0.0));
#4228=ORIENTED_EDGE('',*,*,#5976,.F.);
#4229=ORIENTED_EDGE('',*,*,#5977,.F.);
#4230=ORIENTED_EDGE('',*,*,#5948,.T.);
#4231=ORIENTED_EDGE('',*,*,#5978,.F.);
#4232=ORIENTED_EDGE('',*,*,#5979,.F.);
#4233=ORIENTED_EDGE('',*,*,#5944,.T.);
#4234=CARTESIAN_POINT('',(-3.0,3.625,0.0));
#4235=DIRECTION('',(-1.0,0.0,0.0));
#4236=DIRECTION('',(0.0,0.0,1.0));
#4237=ORIENTED_EDGE('',*,*,#5979,.T.);
#4238=ORIENTED_EDGE('',*,*,#5980,.T.);
#4239=ORIENTED_EDGE('',*,*,#5981,.F.);
#4240=ORIENTED_EDGE('',*,*,#5941,.F.);
#4241=CARTESIAN_POINT('',(-3.0,0.038,-6.253659052624));
#4242=DIRECTION('',(0.0,-0.956304755963043,-0.292371704722713));
#4243=DIRECTION('',(0.0,0.292371704722713,-0.956304755963043));
#4244=ORIENTED_EDGE('',*,*,#5981,.T.);
#4245=ORIENTED_EDGE('',*,*,#5982,.T.);
#4246=ORIENTED_EDGE('',*,*,#5946,.F.);
#4247=ORIENTED_EDGE('',*,*,#5983,.T.);
#4248=ORIENTED_EDGE('',*,*,#5984,.T.);
#4249=ORIENTED_EDGE('',*,*,#5942,.F.);
#4250=CARTESIAN_POINT('',(-4.0,3.625,0.0));
#4251=DIRECTION('',(-1.0,0.0,0.0));
#4252=DIRECTION('',(0.0,0.0,1.0));
#4253=ORIENTED_EDGE('',*,*,#5984,.F.);
#4254=ORIENTED_EDGE('',*,*,#5985,.F.);
#4255=ORIENTED_EDGE('',*,*,#5976,.T.);
#4256=ORIENTED_EDGE('',*,*,#5943,.T.);
#4257=CARTESIAN_POINT('',(-3.0,-0.318859881224,-4.227926767112));
#4258=DIRECTION('',(0.0,0.956304755963043,0.292371704722713));
#4259=DIRECTION('',(1.0,0.0,-0.0));
#4260=ORIENTED_EDGE('',*,*,#5977,.T.);
#4261=ORIENTED_EDGE('',*,*,#5985,.T.);
#4262=ORIENTED_EDGE('',*,*,#5983,.F.);
#4263=ORIENTED_EDGE('',*,*,#5945,.F.);
#4264=CARTESIAN_POINT('',(-3.0,0.6556146651024,-3.93));
#4265=DIRECTION('',(1.0,-0.0,0.0));
#4266=DIRECTION('',(0.0,0.0,1.0));
#4267=ORIENTED_EDGE('',*,*,#5982,.F.);
#4268=ORIENTED_EDGE('',*,*,#5980,.F.);
#4269=ORIENTED_EDGE('',*,*,#5978,.T.);
#4270=ORIENTED_EDGE('',*,*,#5947,.T.);
#4271=CARTESIAN_POINT('',(-3.0,0.6556146651024,-3.93));
#4272=DIRECTION('',(1.0,-0.0,0.0));
#4273=DIRECTION('',(0.0,0.0,1.0));
#4274=ORIENTED_EDGE('',*,*,#5986,.F.);
#4275=ORIENTED_EDGE('',*,*,#5987,.F.);
#4276=ORIENTED_EDGE('',*,*,#5956,.T.);
#4277=ORIENTED_EDGE('',*,*,#5988,.F.);
#4278=ORIENTED_EDGE('',*,*,#5989,.F.);
#4279=ORIENTED_EDGE('',*,*,#5952,.T.);
#4280=CARTESIAN_POINT('',(-0.5,3.625,0.0));
#4281=DIRECTION('',(-1.0,0.0,0.0));
#4282=DIRECTION('',(0.0,0.0,1.0));
#4283=ORIENTED_EDGE('',*,*,#5989,.T.);
#4284=ORIENTED_EDGE('',*,*,#5990,.T.);
#4285=ORIENTED_EDGE('',*,*,#5991,.F.);
#4286=ORIENTED_EDGE('',*,*,#5949,.F.);
#4287=CARTESIAN_POINT('',(-0.5,0.038,-6.253659052624));
#4288=DIRECTION('',(0.0,-0.956304755963043,-0.292371704722713));
#4289=DIRECTION('',(0.0,0.292371704722713,-0.956304755963043));
#4290=ORIENTED_EDGE('',*,*,#5991,.T.);
#4291=ORIENTED_EDGE('',*,*,#5992,.T.);
#4292=ORIENTED_EDGE('',*,*,#5954,.F.);
#4293=ORIENTED_EDGE('',*,*,#5993,.T.);
#4294=ORIENTED_EDGE('',*,*,#5994,.T.);
#4295=ORIENTED_EDGE('',*,*,#5950,.F.);
#4296=CARTESIAN_POINT('',(-1.5,3.625,0.0));
#4297=DIRECTION('',(-1.0,0.0,0.0));
#4298=DIRECTION('',(0.0,0.0,1.0));
#4299=ORIENTED_EDGE('',*,*,#5994,.F.);
#4300=ORIENTED_EDGE('',*,*,#5995,.F.);
#4301=ORIENTED_EDGE('',*,*,#5986,.T.);
#4302=ORIENTED_EDGE('',*,*,#5951,.T.);
#4303=CARTESIAN_POINT('',(-0.5,-0.318859881224,-4.227926767112));
#4304=DIRECTION('',(0.0,0.956304755963043,0.292371704722713));
#4305=DIRECTION('',(1.0,0.0,-0.0));
#4306=ORIENTED_EDGE('',*,*,#5987,.T.);
#4307=ORIENTED_EDGE('',*,*,#5995,.T.);
#4308=ORIENTED_EDGE('',*,*,#5993,.F.);
#4309=ORIENTED_EDGE('',*,*,#5953,.F.);
#4310=CARTESIAN_POINT('',(-0.5,0.6556146651024,-3.93));
#4311=DIRECTION('',(1.0,-0.0,0.0));
#4312=DIRECTION('',(0.0,0.0,1.0));
#4313=ORIENTED_EDGE('',*,*,#5992,.F.);
#4314=ORIENTED_EDGE('',*,*,#5990,.F.);
#4315=ORIENTED_EDGE('',*,*,#5988,.T.);
#4316=ORIENTED_EDGE('',*,*,#5955,.T.);
#4317=CARTESIAN_POINT('',(-0.5,0.6556146651024,-3.93));
#4318=DIRECTION('',(1.0,-0.0,0.0));
#4319=DIRECTION('',(0.0,0.0,1.0));
#4320=ORIENTED_EDGE('',*,*,#5996,.F.);
#4321=ORIENTED_EDGE('',*,*,#5997,.F.);
#4322=ORIENTED_EDGE('',*,*,#5964,.T.);
#4323=ORIENTED_EDGE('',*,*,#5998,.F.);
#4324=ORIENTED_EDGE('',*,*,#5999,.F.);
#4325=ORIENTED_EDGE('',*,*,#5960,.T.);
#4326=CARTESIAN_POINT('',(1.5,3.625,0.0));
#4327=DIRECTION('',(-1.0,0.0,0.0));
#4328=DIRECTION('',(0.0,0.0,1.0));
#4329=ORIENTED_EDGE('',*,*,#5999,.T.);
#4330=ORIENTED_EDGE('',*,*,#6000,.T.);
#4331=ORIENTED_EDGE('',*,*,#6001,.F.);
#4332=ORIENTED_EDGE('',*,*,#5957,.F.);
#4333=CARTESIAN_POINT('',(1.5,0.038,-6.253659052624));
#4334=DIRECTION('',(0.0,-0.956304755963043,-0.292371704722713));
#4335=DIRECTION('',(0.0,0.292371704722713,-0.956304755963043));
#4336=ORIENTED_EDGE('',*,*,#6001,.T.);
#4337=ORIENTED_EDGE('',*,*,#6002,.T.);
#4338=ORIENTED_EDGE('',*,*,#5962,.F.);
#4339=ORIENTED_EDGE('',*,*,#6003,.T.);
#4340=ORIENTED_EDGE('',*,*,#6004,.T.);
#4341=ORIENTED_EDGE('',*,*,#5958,.F.);
#4342=CARTESIAN_POINT('',(0.5,3.625,0.0));
#4343=DIRECTION('',(-1.0,0.0,0.0));
#4344=DIRECTION('',(0.0,0.0,1.0));
#4345=ORIENTED_EDGE('',*,*,#6004,.F.);
#4346=ORIENTED_EDGE('',*,*,#6005,.F.);
#4347=ORIENTED_EDGE('',*,*,#5996,.T.);
#4348=ORIENTED_EDGE('',*,*,#5959,.T.);
#4349=CARTESIAN_POINT('',(1.5,-0.318859881224,-4.227926767112));
#4350=DIRECTION('',(0.0,0.956304755963043,0.292371704722713));
#4351=DIRECTION('',(1.0,0.0,-0.0));
#4352=ORIENTED_EDGE('',*,*,#5997,.T.);
#4353=ORIENTED_EDGE('',*,*,#6005,.T.);
#4354=ORIENTED_EDGE('',*,*,#6003,.F.);
#4355=ORIENTED_EDGE('',*,*,#5961,.F.);
#4356=CARTESIAN_POINT('',(1.5,0.6556146651024,-3.93));
#4357=DIRECTION('',(1.0,-0.0,0.0));
#4358=DIRECTION('',(0.0,0.0,1.0));
#4359=ORIENTED_EDGE('',*,*,#6002,.F.);
#4360=ORIENTED_EDGE('',*,*,#6000,.F.);
#4361=ORIENTED_EDGE('',*,*,#5998,.T.);
#4362=ORIENTED_EDGE('',*,*,#5963,.T.);
#4363=CARTESIAN_POINT('',(1.5,0.6556146651024,-3.93));
#4364=DIRECTION('',(1.0,-0.0,0.0));
#4365=DIRECTION('',(0.0,0.0,1.0));
#4366=ORIENTED_EDGE('',*,*,#6006,.F.);
#4367=ORIENTED_EDGE('',*,*,#6007,.F.);
#4368=ORIENTED_EDGE('',*,*,#5972,.T.);
#4369=ORIENTED_EDGE('',*,*,#6008,.F.);
#4370=ORIENTED_EDGE('',*,*,#6009,.F.);
#4371=ORIENTED_EDGE('',*,*,#5968,.T.);
#4372=CARTESIAN_POINT('',(4.0,3.625,0.0));
#4373=DIRECTION('',(-1.0,0.0,0.0));
#4374=DIRECTION('',(0.0,0.0,1.0));
#4375=ORIENTED_EDGE('',*,*,#6009,.T.);
#4376=ORIENTED_EDGE('',*,*,#6010,.T.);
#4377=ORIENTED_EDGE('',*,*,#6011,.F.);
#4378=ORIENTED_EDGE('',*,*,#5965,.F.);
#4379=CARTESIAN_POINT('',(4.0,0.038,-6.253659052624));
#4380=DIRECTION('',(0.0,-0.956304755963043,-0.292371704722713));
#4381=DIRECTION('',(0.0,0.292371704722713,-0.956304755963043));
#4382=ORIENTED_EDGE('',*,*,#6011,.T.);
#4383=ORIENTED_EDGE('',*,*,#6012,.T.);
#4384=ORIENTED_EDGE('',*,*,#5970,.F.);
#4385=ORIENTED_EDGE('',*,*,#6013,.T.);
#4386=ORIENTED_EDGE('',*,*,#6014,.T.);
#4387=ORIENTED_EDGE('',*,*,#5966,.F.);
#4388=CARTESIAN_POINT('',(3.0,3.625,0.0));
#4389=DIRECTION('',(-1.0,0.0,0.0));
#4390=DIRECTION('',(0.0,0.0,1.0));
#4391=ORIENTED_EDGE('',*,*,#6014,.F.);
#4392=ORIENTED_EDGE('',*,*,#6015,.F.);
#4393=ORIENTED_EDGE('',*,*,#6006,.T.);
#4394=ORIENTED_EDGE('',*,*,#5967,.T.);
#4395=CARTESIAN_POINT('',(4.0,-0.318859881224,-4.227926767112));
#4396=DIRECTION('',(0.0,0.956304755963043,0.292371704722713));
#4397=DIRECTION('',(1.0,0.0,-0.0));
#4398=ORIENTED_EDGE('',*,*,#6007,.T.);
#4399=ORIENTED_EDGE('',*,*,#6015,.T.);
#4400=ORIENTED_EDGE('',*,*,#6013,.F.);
#4401=ORIENTED_EDGE('',*,*,#5969,.F.);
#4402=CARTESIAN_POINT('',(4.0,0.6556146651024,-3.93));
#4403=DIRECTION('',(1.0,-0.0,0.0));
#4404=DIRECTION('',(0.0,0.0,1.0));
#4405=ORIENTED_EDGE('',*,*,#6012,.F.);
#4406=ORIENTED_EDGE('',*,*,#6010,.F.);
#4407=ORIENTED_EDGE('',*,*,#6008,.T.);
#4408=ORIENTED_EDGE('',*,*,#5971,.T.);
#4409=CARTESIAN_POINT('',(4.0,0.6556146651024,-3.93));
#4410=DIRECTION('',(1.0,-0.0,0.0));
#4411=DIRECTION('',(0.0,0.0,1.0));
#4412=ORIENTED_EDGE('',*,*,#6016,.T.);
#4413=ORIENTED_EDGE('',*,*,#6017,.F.);
#4414=ORIENTED_EDGE('',*,*,#6018,.F.);
#4415=ORIENTED_EDGE('',*,*,#5833,.T.);
#4416=CARTESIAN_POINT('',(-3.4325,-1.7,-8.88));
#4417=DIRECTION('',(1.0,0.0,0.0));
#4418=DIRECTION('',(0.0,1.0,0.0));
#4419=ORIENTED_EDGE('',*,*,#6018,.T.);
#4420=ORIENTED_EDGE('',*,*,#6019,.F.);
#4421=ORIENTED_EDGE('',*,*,#6020,.F.);
#4422=ORIENTED_EDGE('',*,*,#5827,.T.);
#4423=CARTESIAN_POINT('',(-3.51625,-1.7,-8.88));
#4424=DIRECTION('',(0.0,-1.0,0.0));
#4425=DIRECTION('',(0.0,0.0,-1.0));
#4426=ORIENTED_EDGE('',*,*,#6020,.T.);
#4427=ORIENTED_EDGE('',*,*,#6021,.F.);
#4428=ORIENTED_EDGE('',*,*,#6022,.F.);
#4429=ORIENTED_EDGE('',*,*,#5828,.T.);
#4430=CARTESIAN_POINT('',(-3.51625,-1.144042539597,-8.88));
#4431=DIRECTION('',(-1.0,0.0,0.0));
#4432=DIRECTION('',(0.0,0.0,1.0));
#4433=ORIENTED_EDGE('',*,*,#6022,.T.);
#4434=ORIENTED_EDGE('',*,*,#6023,.F.);
#4435=ORIENTED_EDGE('',*,*,#6024,.F.);
#4436=ORIENTED_EDGE('',*,*,#5829,.T.);
#4437=CARTESIAN_POINT('',(-3.6,-1.243829801679,-8.88));
#4438=DIRECTION('',(0.765974342782488,-0.64287114276419,0.0));
#4439=DIRECTION('',(0.0,0.0,-1.0));
#4440=ORIENTED_EDGE('',*,*,#6024,.T.);
#4441=ORIENTED_EDGE('',*,*,#6025,.F.);
#4442=ORIENTED_EDGE('',*,*,#6026,.F.);
#4443=ORIENTED_EDGE('',*,*,#5830,.T.);
#4444=CARTESIAN_POINT('',(-3.6,-1.129787222147,-8.88));
#4445=DIRECTION('',(-1.0,0.0,0.0));
#4446=DIRECTION('',(0.0,0.0,1.0));
#4447=ORIENTED_EDGE('',*,*,#6026,.T.);
#4448=ORIENTED_EDGE('',*,*,#6027,.F.);
#4449=ORIENTED_EDGE('',*,*,#6028,.F.);
#4450=ORIENTED_EDGE('',*,*,#5831,.T.);
#4451=CARTESIAN_POINT('',(-3.51625,-1.03,-8.88));
#4452=DIRECTION('',(-0.765974216092578,0.642871293713882,0.0));
#4453=DIRECTION('',(0.0,0.0,1.0));
#4454=ORIENTED_EDGE('',*,*,#6028,.T.);
#4455=ORIENTED_EDGE('',*,*,#6029,.F.);
#4456=ORIENTED_EDGE('',*,*,#6016,.F.);
#4457=ORIENTED_EDGE('',*,*,#5832,.T.);
#4458=CARTESIAN_POINT('',(-3.4325,-1.03,-8.88));
#4459=DIRECTION('',(-0.0,1.0,0.0));
#4460=DIRECTION('',(1.0,0.0,0.0));
#4461=ORIENTED_EDGE('',*,*,#6029,.T.);
#4462=ORIENTED_EDGE('',*,*,#6027,.T.);
#4463=ORIENTED_EDGE('',*,*,#6025,.T.);
#4464=ORIENTED_EDGE('',*,*,#6023,.T.);
#4465=ORIENTED_EDGE('',*,*,#6021,.T.);
#4466=ORIENTED_EDGE('',*,*,#6019,.T.);
#4467=ORIENTED_EDGE('',*,*,#6017,.T.);
#4468=CARTESIAN_POINT('',(-6.565,0.0,-9.045));
#4469=DIRECTION('',(0.0,0.0,1.0));
#4470=DIRECTION('',(1.0,0.0,0.0));
#4471=ORIENTED_EDGE('',*,*,#6030,.F.);
#4472=ORIENTED_EDGE('',*,*,#6031,.T.);
#4473=ORIENTED_EDGE('',*,*,#6032,.T.);
#4474=ORIENTED_EDGE('',*,*,#5664,.T.);
#4475=CARTESIAN_POINT('',(0.0,-3.65,0.0));
#4476=DIRECTION('',(0.0,-1.0,0.0));
#4477=DIRECTION('',(0.0,0.0,-1.0));
#4478=ORIENTED_EDGE('',*,*,#6033,.F.);
#4479=ORIENTED_EDGE('',*,*,#5596,.T.);
#4480=ORIENTED_EDGE('',*,*,#6034,.T.);
#4481=ORIENTED_EDGE('',*,*,#6035,.T.);
#4482=CARTESIAN_POINT('',(0.0,-3.65,0.0));
#4483=DIRECTION('',(0.0,-1.0,0.0));
#4484=DIRECTION('',(0.0,0.0,-1.0));
#4485=ORIENTED_EDGE('',*,*,#5322,.T.);
#4486=ORIENTED_EDGE('',*,*,#6036,.T.);
#4487=ORIENTED_EDGE('',*,*,#5658,.F.);
#4488=ORIENTED_EDGE('',*,*,#6032,.F.);
#4489=ORIENTED_EDGE('',*,*,#6037,.T.);
#4490=ORIENTED_EDGE('',*,*,#6038,.T.);
#4491=ORIENTED_EDGE('',*,*,#6039,.T.);
#4492=ORIENTED_EDGE('',*,*,#6040,.F.);
#4493=ORIENTED_EDGE('',*,*,#6041,.T.);
#4494=ORIENTED_EDGE('',*,*,#6042,.F.);
#4495=ORIENTED_EDGE('',*,*,#6043,.F.);
#4496=ORIENTED_EDGE('',*,*,#6044,.F.);
#4497=ORIENTED_EDGE('',*,*,#6045,.T.);
#4498=ORIENTED_EDGE('',*,*,#6046,.F.);
#4499=ORIENTED_EDGE('',*,*,#6047,.F.);
#4500=ORIENTED_EDGE('',*,*,#6048,.F.);
#4501=ORIENTED_EDGE('',*,*,#6049,.T.);
#4502=ORIENTED_EDGE('',*,*,#6050,.T.);
#4503=ORIENTED_EDGE('',*,*,#6051,.T.);
#4504=ORIENTED_EDGE('',*,*,#6034,.F.);
#4505=ORIENTED_EDGE('',*,*,#5595,.T.);
#4506=ORIENTED_EDGE('',*,*,#6052,.T.);
#4507=CARTESIAN_POINT('',(-6.565,-2.878,-14.0));
#4508=DIRECTION('',(0.0,0.0,-1.0));
#4509=DIRECTION('',(0.0,-1.0,0.0));
#4510=ORIENTED_EDGE('',*,*,#5594,.F.);
#4511=ORIENTED_EDGE('',*,*,#5577,.F.);
#4512=ORIENTED_EDGE('',*,*,#5323,.T.);
#4513=ORIENTED_EDGE('',*,*,#6052,.F.);
#4514=CARTESIAN_POINT('',(-5.927,2.24,-0.6165056333941));
#4515=DIRECTION('',(0.0,0.0,1.0));
#4516=DIRECTION('',(-1.0,0.0,0.0));
#4517=ORIENTED_EDGE('',*,*,#6051,.F.);
#4518=ORIENTED_EDGE('',*,*,#6053,.T.);
#4519=ORIENTED_EDGE('',*,*,#6054,.T.);
#4520=ORIENTED_EDGE('',*,*,#6055,.F.);
#4521=ORIENTED_EDGE('',*,*,#6035,.F.);
#4522=CARTESIAN_POINT('',(-6.247,-2.878,-14.0));
#4523=DIRECTION('',(1.0,0.0,0.0));
#4524=DIRECTION('',(0.0,1.0,0.0));
#4525=ORIENTED_EDGE('',*,*,#6055,.T.);
#4526=ORIENTED_EDGE('',*,*,#6056,.F.);
#4527=ORIENTED_EDGE('',*,*,#6057,.F.);
#4528=ORIENTED_EDGE('',*,*,#6058,.T.);
#4529=CARTESIAN_POINT('',(-7.317509952116,-3.65,-9.26));
#4530=DIRECTION('',(0.0,0.0,-1.0));
#4531=DIRECTION('',(1.0,0.0,0.0));
#4532=ORIENTED_EDGE('',*,*,#6059,.F.);
#4533=ORIENTED_EDGE('',*,*,#6060,.F.);
#4534=ORIENTED_EDGE('',*,*,#5251,.F.);
#4535=ORIENTED_EDGE('',*,*,#6061,.F.);
#4536=ORIENTED_EDGE('',*,*,#6062,.T.);
#4537=ORIENTED_EDGE('',*,*,#6033,.T.);
#4538=ORIENTED_EDGE('',*,*,#6058,.F.);
#4539=ORIENTED_EDGE('',*,*,#6063,.F.);
#4540=ORIENTED_EDGE('',*,*,#5237,.T.);
#4541=ORIENTED_EDGE('',*,*,#6064,.T.);
#4542=ORIENTED_EDGE('',*,*,#6065,.F.);
#4543=ORIENTED_EDGE('',*,*,#6066,.T.);
#4544=CARTESIAN_POINT('',(-6.15,-7.742,-10.75724865743));
#4545=DIRECTION('',(0.0,0.1314856345777,0.991318076048097));
#4546=DIRECTION('',(1.0,-0.0,0.0));
#4547=ORIENTED_EDGE('',*,*,#6066,.F.);
#4548=ORIENTED_EDGE('',*,*,#6067,.F.);
#4549=ORIENTED_EDGE('',*,*,#6068,.T.);
#4550=ORIENTED_EDGE('',*,*,#6069,.F.);
#4551=ORIENTED_EDGE('',*,*,#6070,.F.);
#4552=ORIENTED_EDGE('',*,*,#6071,.F.);
#4553=ORIENTED_EDGE('',*,*,#6059,.T.);
#4554=ORIENTED_EDGE('',*,*,#6069,.T.);
#4555=CARTESIAN_POINT('',(-8.001482091696,-6.223259294827,-9.26));
#4556=DIRECTION('',(-0.731353701619183,-0.681998360062485,0.0));
#4557=DIRECTION('',(-0.681998360062485,0.731353701619183,0.0));
#4558=ORIENTED_EDGE('',*,*,#5248,.T.);
#4559=ORIENTED_EDGE('',*,*,#6060,.T.);
#4560=ORIENTED_EDGE('',*,*,#6071,.T.);
#4561=ORIENTED_EDGE('',*,*,#6072,.F.);
#4562=CARTESIAN_POINT('',(-7.687,-5.93,-9.26));
#4563=DIRECTION('',(0.0,0.0,-1.0));
#4564=DIRECTION('',(1.0,0.0,0.0));
#4565=ORIENTED_EDGE('',*,*,#5250,.T.);
#4566=ORIENTED_EDGE('',*,*,#6073,.F.);
#4567=ORIENTED_EDGE('',*,*,#6074,.F.);
#4568=ORIENTED_EDGE('',*,*,#6061,.T.);
#4569=CARTESIAN_POINT('',(-6.741053884906,-4.133704073386,-9.26));
#4570=DIRECTION('',(-0.766044443118957,0.642787609686564,0.0));
#4571=DIRECTION('',(0.0,0.0,1.0));
#4572=ORIENTED_EDGE('',*,*,#6074,.T.);
#4573=ORIENTED_EDGE('',*,*,#6075,.T.);
#4574=ORIENTED_EDGE('',*,*,#5591,.F.);
#4575=ORIENTED_EDGE('',*,*,#6062,.F.);
#4576=CARTESIAN_POINT('',(-7.317509952116,-3.65,-9.26));
#4577=DIRECTION('',(0.0,0.0,-1.0));
#4578=DIRECTION('',(1.0,0.0,0.0));
#4579=ORIENTED_EDGE('',*,*,#6076,.T.);
#4580=ORIENTED_EDGE('',*,*,#6077,.F.);
#4581=ORIENTED_EDGE('',*,*,#5239,.F.);
#4582=ORIENTED_EDGE('',*,*,#6078,.T.);
#4583=ORIENTED_EDGE('',*,*,#6056,.T.);
#4584=ORIENTED_EDGE('',*,*,#6079,.F.);
#4585=ORIENTED_EDGE('',*,*,#6075,.F.);
#4586=ORIENTED_EDGE('',*,*,#6073,.T.);
#4587=ORIENTED_EDGE('',*,*,#5249,.T.);
#4588=ORIENTED_EDGE('',*,*,#6072,.T.);
#4589=ORIENTED_EDGE('',*,*,#6070,.T.);
#4590=ORIENTED_EDGE('',*,*,#6068,.F.);
#4591=CARTESIAN_POINT('',(-6.15,-3.65,-9.26));
#4592=DIRECTION('',(0.0,0.1314856345777,-0.991318076048097));
#4593=DIRECTION('',(-1.0,0.0,0.0));
#4594=ORIENTED_EDGE('',*,*,#5662,.F.);
#4595=ORIENTED_EDGE('',*,*,#6080,.T.);
#4596=ORIENTED_EDGE('',*,*,#6081,.T.);
#4597=ORIENTED_EDGE('',*,*,#6082,.F.);
#4598=CARTESIAN_POINT('',(6.565,-2.878,-9.26));
#4599=DIRECTION('',(0.0,0.0,1.0));
#4600=DIRECTION('',(1.0,0.0,0.0));
#4601=ORIENTED_EDGE('',*,*,#6054,.F.);
#4602=ORIENTED_EDGE('',*,*,#6083,.T.);
#4603=ORIENTED_EDGE('',*,*,#5592,.F.);
#4604=ORIENTED_EDGE('',*,*,#6079,.T.);
#4605=CARTESIAN_POINT('',(6.565,-2.878,-9.26));
#4606=DIRECTION('',(0.0,0.0,1.0));
#4607=DIRECTION('',(1.0,0.0,0.0));
#4608=ORIENTED_EDGE('',*,*,#6084,.T.);
#4609=ORIENTED_EDGE('',*,*,#6085,.T.);
#4610=ORIENTED_EDGE('',*,*,#5247,.T.);
#4611=ORIENTED_EDGE('',*,*,#6086,.T.);
#4612=ORIENTED_EDGE('',*,*,#6087,.F.);
#4613=ORIENTED_EDGE('',*,*,#6082,.T.);
#4614=ORIENTED_EDGE('',*,*,#6088,.T.);
#4615=ORIENTED_EDGE('',*,*,#6089,.T.);
#4616=ORIENTED_EDGE('',*,*,#5241,.F.);
#4617=ORIENTED_EDGE('',*,*,#6090,.F.);
#4618=ORIENTED_EDGE('',*,*,#6091,.T.);
#4619=ORIENTED_EDGE('',*,*,#6092,.F.);
#4620=CARTESIAN_POINT('',(6.15,-7.742,-9.802751342573));
#4621=DIRECTION('',(0.0,0.1314856345777,-0.991318076048097));
#4622=DIRECTION('',(-1.0,0.0,0.0));
#4623=ORIENTED_EDGE('',*,*,#6093,.F.);
#4624=ORIENTED_EDGE('',*,*,#6094,.F.);
#4625=ORIENTED_EDGE('',*,*,#6092,.T.);
#4626=ORIENTED_EDGE('',*,*,#6095,.F.);
#4627=ORIENTED_EDGE('',*,*,#6091,.F.);
#4628=ORIENTED_EDGE('',*,*,#6096,.F.);
#4629=ORIENTED_EDGE('',*,*,#6097,.T.);
#4630=ORIENTED_EDGE('',*,*,#6095,.T.);
#4631=CARTESIAN_POINT('',(7.768911614581,-6.006383816327,-9.26));
#4632=DIRECTION('',(-0.731353701619183,0.681998360062485,0.0));
#4633=DIRECTION('',(0.0,0.0,1.0));
#4634=ORIENTED_EDGE('',*,*,#6097,.F.);
#4635=ORIENTED_EDGE('',*,*,#6098,.T.);
#4636=ORIENTED_EDGE('',*,*,#5243,.T.);
#4637=ORIENTED_EDGE('',*,*,#6099,.F.);
#4638=ORIENTED_EDGE('',*,*,#6100,.F.);
#4639=ORIENTED_EDGE('',*,*,#6030,.T.);
#4640=ORIENTED_EDGE('',*,*,#6101,.T.);
#4641=ORIENTED_EDGE('',*,*,#6102,.F.);
#4642=ORIENTED_EDGE('',*,*,#5245,.F.);
#4643=ORIENTED_EDGE('',*,*,#6103,.F.);
#4644=ORIENTED_EDGE('',*,*,#6104,.F.);
#4645=ORIENTED_EDGE('',*,*,#6093,.T.);
#4646=CARTESIAN_POINT('',(6.15,-3.65,-11.3));
#4647=DIRECTION('',(0.0,0.1314856345777,0.991318076048097));
#4648=DIRECTION('',(1.0,-0.0,0.0));
#4649=ORIENTED_EDGE('',*,*,#6104,.T.);
#4650=ORIENTED_EDGE('',*,*,#6105,.T.);
#4651=ORIENTED_EDGE('',*,*,#6084,.F.);
#4652=ORIENTED_EDGE('',*,*,#6094,.T.);
#4653=CARTESIAN_POINT('',(6.585233472191,-7.742,-9.26));
#4654=DIRECTION('',(0.731353701619183,-0.681998360062485,0.0));
#4655=DIRECTION('',(0.0,0.0,-1.0));
#4656=ORIENTED_EDGE('',*,*,#5244,.T.);
#4657=ORIENTED_EDGE('',*,*,#6085,.F.);
#4658=ORIENTED_EDGE('',*,*,#6105,.F.);
#4659=ORIENTED_EDGE('',*,*,#6103,.T.);
#4660=CARTESIAN_POINT('',(7.687,-5.93,-9.26));
#4661=DIRECTION('',(0.0,0.0,-1.0));
#4662=DIRECTION('',(1.0,0.0,0.0));
#4663=ORIENTED_EDGE('',*,*,#5246,.F.);
#4664=ORIENTED_EDGE('',*,*,#6102,.T.);
#4665=ORIENTED_EDGE('',*,*,#6106,.T.);
#4666=ORIENTED_EDGE('',*,*,#6086,.F.);
#4667=CARTESIAN_POINT('',(8.016399110541,-5.653601327835,-9.26));
#4668=DIRECTION('',(0.766044443118957,0.642787609686564,0.0));
#4669=DIRECTION('',(0.0,0.0,-1.0));
#4670=ORIENTED_EDGE('',*,*,#6106,.F.);
#4671=ORIENTED_EDGE('',*,*,#6101,.F.);
#4672=ORIENTED_EDGE('',*,*,#5663,.T.);
#4673=ORIENTED_EDGE('',*,*,#6087,.T.);
#4674=CARTESIAN_POINT('',(7.317509952116,-3.65,-9.26));
#4675=DIRECTION('',(0.0,0.0,-1.0));
#4676=DIRECTION('',(1.0,0.0,0.0));
#4677=ORIENTED_EDGE('',*,*,#6107,.F.);
#4678=ORIENTED_EDGE('',*,*,#6100,.T.);
#4679=ORIENTED_EDGE('',*,*,#6108,.T.);
#4680=ORIENTED_EDGE('',*,*,#6088,.F.);
#4681=CARTESIAN_POINT('',(7.317509952116,-3.65,-9.26));
#4682=DIRECTION('',(0.0,0.0,-1.0));
#4683=DIRECTION('',(1.0,0.0,0.0));
#4684=ORIENTED_EDGE('',*,*,#6108,.F.);
#4685=ORIENTED_EDGE('',*,*,#6099,.T.);
#4686=ORIENTED_EDGE('',*,*,#5242,.T.);
#4687=ORIENTED_EDGE('',*,*,#6089,.F.);
#4688=CARTESIAN_POINT('',(6.497451751994,-4.338110533266,-9.26));
#4689=DIRECTION('',(-0.766044443118957,-0.642787609686564,0.0));
#4690=DIRECTION('',(-0.642787609686564,0.766044443118957,0.0));
#4691=ORIENTED_EDGE('',*,*,#5240,.T.);
#4692=ORIENTED_EDGE('',*,*,#6098,.F.);
#4693=ORIENTED_EDGE('',*,*,#6096,.T.);
#4694=ORIENTED_EDGE('',*,*,#6090,.T.);
#4695=CARTESIAN_POINT('',(7.687,-5.93,-9.26));
#4696=DIRECTION('',(0.0,0.0,-1.0));
#4697=DIRECTION('',(1.0,0.0,0.0));
#4698=ORIENTED_EDGE('',*,*,#6107,.T.);
#4699=ORIENTED_EDGE('',*,*,#6081,.F.);
#4700=ORIENTED_EDGE('',*,*,#6109,.T.);
#4701=ORIENTED_EDGE('',*,*,#6037,.F.);
#4702=ORIENTED_EDGE('',*,*,#6031,.F.);
#4703=CARTESIAN_POINT('',(6.247,-2.878,-9.26));
#4704=DIRECTION('',(-1.0,0.0,0.0));
#4705=DIRECTION('',(0.0,0.0,1.0));
#4706=ORIENTED_EDGE('',*,*,#6109,.F.);
#4707=ORIENTED_EDGE('',*,*,#6080,.F.);
#4708=ORIENTED_EDGE('',*,*,#5661,.F.);
#4709=ORIENTED_EDGE('',*,*,#5565,.F.);
#4710=ORIENTED_EDGE('',*,*,#5419,.T.);
#4711=ORIENTED_EDGE('',*,*,#6110,.F.);
#4712=ORIENTED_EDGE('',*,*,#6111,.F.);
#4713=ORIENTED_EDGE('',*,*,#6038,.F.);
#4714=CARTESIAN_POINT('',(5.927,-2.24,-0.6166664075575));
#4715=DIRECTION('',(-0.0,0.0,1.0));
#4716=DIRECTION('',(1.0,0.0,0.0));
#4717=ORIENTED_EDGE('',*,*,#6112,.F.);
#4718=ORIENTED_EDGE('',*,*,#6039,.F.);
#4719=ORIENTED_EDGE('',*,*,#6111,.T.);
#4720=ORIENTED_EDGE('',*,*,#6113,.F.);
#4721=CARTESIAN_POINT('',(6.15,-2.878,-14.0));
#4722=DIRECTION('',(1.0,0.0,0.0));
#4723=DIRECTION('',(0.0,1.0,0.0));
#4724=ORIENTED_EDGE('',*,*,#6114,.F.);
#4725=ORIENTED_EDGE('',*,*,#6115,.T.);
#4726=ORIENTED_EDGE('',*,*,#6116,.F.);
#4727=ORIENTED_EDGE('',*,*,#6117,.F.);
#4728=ORIENTED_EDGE('',*,*,#6118,.F.);
#4729=ORIENTED_EDGE('',*,*,#6119,.T.);
#4730=ORIENTED_EDGE('',*,*,#6120,.F.);
#4731=ORIENTED_EDGE('',*,*,#6121,.F.);
#4732=ORIENTED_EDGE('',*,*,#6122,.F.);
#4733=ORIENTED_EDGE('',*,*,#6113,.T.);
#4734=ORIENTED_EDGE('',*,*,#6110,.T.);
#4735=ORIENTED_EDGE('',*,*,#5418,.T.);
#4736=ORIENTED_EDGE('',*,*,#6123,.T.);
#4737=ORIENTED_EDGE('',*,*,#6124,.T.);
#4738=CARTESIAN_POINT('',(6.15,-2.878,-8.88));
#4739=DIRECTION('',(0.0,0.0,1.0));
#4740=DIRECTION('',(1.0,0.0,0.0));
#4741=ORIENTED_EDGE('',*,*,#6125,.F.);
#4742=ORIENTED_EDGE('',*,*,#6124,.F.);
#4743=ORIENTED_EDGE('',*,*,#6126,.T.);
#4744=ORIENTED_EDGE('',*,*,#6049,.F.);
#4745=CARTESIAN_POINT('',(-6.15,-2.878,-8.88));
#4746=DIRECTION('',(-1.0,0.0,0.0));
#4747=DIRECTION('',(0.0,0.0,1.0));
#4748=ORIENTED_EDGE('',*,*,#5593,.F.);
#4749=ORIENTED_EDGE('',*,*,#6083,.F.);
#4750=ORIENTED_EDGE('',*,*,#6053,.F.);
#4751=ORIENTED_EDGE('',*,*,#6050,.F.);
#4752=ORIENTED_EDGE('',*,*,#6126,.F.);
#4753=ORIENTED_EDGE('',*,*,#6123,.F.);
#4754=ORIENTED_EDGE('',*,*,#5417,.T.);
#4755=ORIENTED_EDGE('',*,*,#5561,.F.);
#4756=CARTESIAN_POINT('',(-5.927,-2.24,-14.00320533733));
#4757=DIRECTION('',(-0.0,0.0,-1.0));
#4758=DIRECTION('',(-1.0,0.0,0.0));
#4759=ORIENTED_EDGE('',*,*,#6127,.T.);
#4760=ORIENTED_EDGE('',*,*,#6128,.F.);
#4761=ORIENTED_EDGE('',*,*,#6129,.F.);
#4762=ORIENTED_EDGE('',*,*,#6044,.T.);
#4763=ORIENTED_EDGE('',*,*,#6130,.T.);
#4764=ORIENTED_EDGE('',*,*,#6131,.F.);
#4765=ORIENTED_EDGE('',*,*,#6132,.F.);
#4766=ORIENTED_EDGE('',*,*,#6040,.T.);
#4767=ORIENTED_EDGE('',*,*,#6112,.T.);
#4768=ORIENTED_EDGE('',*,*,#6122,.T.);
#4769=ORIENTED_EDGE('',*,*,#6133,.T.);
#4770=ORIENTED_EDGE('',*,*,#6134,.F.);
#4771=ORIENTED_EDGE('',*,*,#6135,.F.);
#4772=ORIENTED_EDGE('',*,*,#6118,.T.);
#4773=ORIENTED_EDGE('',*,*,#6136,.T.);
#4774=ORIENTED_EDGE('',*,*,#6137,.F.);
#4775=ORIENTED_EDGE('',*,*,#6138,.F.);
#4776=ORIENTED_EDGE('',*,*,#6114,.T.);
#4777=ORIENTED_EDGE('',*,*,#6125,.T.);
#4778=ORIENTED_EDGE('',*,*,#6048,.T.);
#4779=ORIENTED_EDGE('',*,*,#6139,.T.);
#4780=ORIENTED_EDGE('',*,*,#6140,.T.);
#4781=ORIENTED_EDGE('',*,*,#6141,.T.);
#4782=ORIENTED_EDGE('',*,*,#6142,.F.);
#4783=ORIENTED_EDGE('',*,*,#6143,.T.);
#4784=ORIENTED_EDGE('',*,*,#6144,.T.);
#4785=ORIENTED_EDGE('',*,*,#6145,.T.);
#4786=ORIENTED_EDGE('',*,*,#6146,.F.);
#4787=ORIENTED_EDGE('',*,*,#6147,.T.);
#4788=ORIENTED_EDGE('',*,*,#6148,.F.);
#4789=ORIENTED_EDGE('',*,*,#6149,.T.);
#4790=ORIENTED_EDGE('',*,*,#6150,.T.);
#4791=ORIENTED_EDGE('',*,*,#6151,.T.);
#4792=ORIENTED_EDGE('',*,*,#6152,.F.);
#4793=ORIENTED_EDGE('',*,*,#6153,.T.);
#4794=ORIENTED_EDGE('',*,*,#6154,.T.);
#4795=CARTESIAN_POINT('',(-5.55,-3.752,-1.158179306876));
#4796=DIRECTION('',(0.0,-1.0,0.0));
#4797=DIRECTION('',(0.0,0.0,-1.0));
#4798=ORIENTED_EDGE('',*,*,#6138,.T.);
#4799=ORIENTED_EDGE('',*,*,#6155,.T.);
#4800=ORIENTED_EDGE('',*,*,#6156,.F.);
#4801=ORIENTED_EDGE('',*,*,#6115,.F.);
#4802=CARTESIAN_POINT('',(-5.05,-3.752,-8.88));
#4803=DIRECTION('',(-1.0,0.0,0.0));
#4804=DIRECTION('',(0.0,0.0,1.0));
#4805=ORIENTED_EDGE('',*,*,#6157,.T.);
#4806=ORIENTED_EDGE('',*,*,#6158,.T.);
#4807=ORIENTED_EDGE('',*,*,#6159,.T.);
#4808=ORIENTED_EDGE('',*,*,#6042,.T.);
#4809=CARTESIAN_POINT('',(0.0,-4.132,0.0));
#4810=DIRECTION('',(0.0,-1.0,0.0));
#4811=DIRECTION('',(0.0,0.0,-1.0));
#4812=ORIENTED_EDGE('',*,*,#6160,.T.);
#4813=ORIENTED_EDGE('',*,*,#6161,.T.);
#4814=ORIENTED_EDGE('',*,*,#6162,.T.);
#4815=ORIENTED_EDGE('',*,*,#6120,.T.);
#4816=CARTESIAN_POINT('',(0.0,-4.132,0.0));
#4817=DIRECTION('',(0.0,-1.0,0.0));
#4818=DIRECTION('',(0.0,0.0,-1.0));
#4819=ORIENTED_EDGE('',*,*,#6163,.T.);
#4820=ORIENTED_EDGE('',*,*,#6164,.T.);
#4821=ORIENTED_EDGE('',*,*,#6046,.T.);
#4822=ORIENTED_EDGE('',*,*,#6165,.T.);
#4823=CARTESIAN_POINT('',(0.0,-4.132,0.0));
#4824=DIRECTION('',(0.0,-1.0,0.0));
#4825=DIRECTION('',(0.0,0.0,-1.0));
#4826=ORIENTED_EDGE('',*,*,#6156,.T.);
#4827=ORIENTED_EDGE('',*,*,#6166,.T.);
#4828=ORIENTED_EDGE('',*,*,#6167,.T.);
#4829=ORIENTED_EDGE('',*,*,#6116,.T.);
#4830=CARTESIAN_POINT('',(0.0,-4.132,0.0));
#4831=DIRECTION('',(0.0,-1.0,0.0));
#4832=DIRECTION('',(0.0,0.0,-1.0));
#4833=ORIENTED_EDGE('',*,*,#6159,.F.);
#4834=ORIENTED_EDGE('',*,*,#6168,.F.);
#4835=ORIENTED_EDGE('',*,*,#6130,.F.);
#4836=ORIENTED_EDGE('',*,*,#6043,.T.);
#4837=CARTESIAN_POINT('',(1.75,-3.752,-11.88));
#4838=DIRECTION('',(-1.0,0.0,0.0));
#4839=DIRECTION('',(0.0,0.0,1.0));
#4840=ORIENTED_EDGE('',*,*,#6131,.T.);
#4841=ORIENTED_EDGE('',*,*,#6168,.T.);
#4842=ORIENTED_EDGE('',*,*,#6158,.F.);
#4843=ORIENTED_EDGE('',*,*,#6169,.F.);
#4844=CARTESIAN_POINT('',(2.4,-3.752,-11.88));
#4845=DIRECTION('',(0.0,0.0,1.0));
#4846=DIRECTION('',(1.0,0.0,0.0));
#4847=ORIENTED_EDGE('',*,*,#6132,.T.);
#4848=ORIENTED_EDGE('',*,*,#6169,.T.);
#4849=ORIENTED_EDGE('',*,*,#6157,.F.);
#4850=ORIENTED_EDGE('',*,*,#6041,.F.);
#4851=CARTESIAN_POINT('',(2.4,-3.752,-14.0));
#4852=DIRECTION('',(1.0,0.0,0.0));
#4853=DIRECTION('',(0.0,1.0,0.0));
#4854=ORIENTED_EDGE('',*,*,#6133,.F.);
#4855=ORIENTED_EDGE('',*,*,#6121,.T.);
#4856=ORIENTED_EDGE('',*,*,#6162,.F.);
#4857=ORIENTED_EDGE('',*,*,#6170,.F.);
#4858=CARTESIAN_POINT('',(5.05,-3.752,-11.88));
#4859=DIRECTION('',(1.0,0.0,0.0));
#4860=DIRECTION('',(0.0,1.0,0.0));
#4861=ORIENTED_EDGE('',*,*,#6134,.T.);
#4862=ORIENTED_EDGE('',*,*,#6170,.T.);
#4863=ORIENTED_EDGE('',*,*,#6161,.F.);
#4864=ORIENTED_EDGE('',*,*,#6171,.F.);
#4865=CARTESIAN_POINT('',(4.4,-3.752,-11.88));
#4866=DIRECTION('',(0.0,0.0,-1.0));
#4867=DIRECTION('',(0.0,-1.0,0.0));
#4868=ORIENTED_EDGE('',*,*,#6160,.F.);
#4869=ORIENTED_EDGE('',*,*,#6119,.F.);
#4870=ORIENTED_EDGE('',*,*,#6135,.T.);
#4871=ORIENTED_EDGE('',*,*,#6171,.T.);
#4872=CARTESIAN_POINT('',(4.4,-3.752,-8.88));
#4873=DIRECTION('',(-1.0,0.0,0.0));
#4874=DIRECTION('',(0.0,0.0,1.0));
#4875=ORIENTED_EDGE('',*,*,#6129,.T.);
#4876=ORIENTED_EDGE('',*,*,#6172,.T.);
#4877=ORIENTED_EDGE('',*,*,#6165,.F.);
#4878=ORIENTED_EDGE('',*,*,#6045,.F.);
#4879=CARTESIAN_POINT('',(-1.75,-3.752,-14.0));
#4880=DIRECTION('',(1.0,0.0,0.0));
#4881=DIRECTION('',(0.0,1.0,0.0));
#4882=ORIENTED_EDGE('',*,*,#6128,.T.);
#4883=ORIENTED_EDGE('',*,*,#6173,.T.);
#4884=ORIENTED_EDGE('',*,*,#6163,.F.);
#4885=ORIENTED_EDGE('',*,*,#6172,.F.);
#4886=CARTESIAN_POINT('',(-1.75,-3.752,-11.88));
#4887=DIRECTION('',(0.0,0.0,1.0));
#4888=DIRECTION('',(1.0,0.0,0.0));
#4889=ORIENTED_EDGE('',*,*,#6127,.F.);
#4890=ORIENTED_EDGE('',*,*,#6047,.T.);
#4891=ORIENTED_EDGE('',*,*,#6164,.F.);
#4892=ORIENTED_EDGE('',*,*,#6173,.F.);
#4893=CARTESIAN_POINT('',(-2.4,-3.752,-11.88));
#4894=DIRECTION('',(-1.0,0.0,0.0));
#4895=DIRECTION('',(0.0,0.0,1.0));
#4896=ORIENTED_EDGE('',*,*,#6167,.F.);
#4897=ORIENTED_EDGE('',*,*,#6174,.F.);
#4898=ORIENTED_EDGE('',*,*,#6136,.F.);
#4899=ORIENTED_EDGE('',*,*,#6117,.T.);
#4900=CARTESIAN_POINT('',(-4.4,-3.752,-11.88));
#4901=DIRECTION('',(1.0,0.0,0.0));
#4902=DIRECTION('',(0.0,1.0,0.0));
#4903=ORIENTED_EDGE('',*,*,#6137,.T.);
#4904=ORIENTED_EDGE('',*,*,#6174,.T.);
#4905=ORIENTED_EDGE('',*,*,#6166,.F.);
#4906=ORIENTED_EDGE('',*,*,#6155,.F.);
#4907=CARTESIAN_POINT('',(-5.05,-3.752,-11.88));
#4908=DIRECTION('',(0.0,0.0,-1.0));
#4909=DIRECTION('',(0.0,-1.0,0.0));
#4910=ORIENTED_EDGE('',*,*,#6142,.T.);
#4911=ORIENTED_EDGE('',*,*,#6175,.F.);
#4912=ORIENTED_EDGE('',*,*,#6176,.F.);
#4913=ORIENTED_EDGE('',*,*,#6177,.T.);
#4914=CARTESIAN_POINT('',(-3.0,-3.631,-13.161));
#4915=DIRECTION('',(1.0,-0.0,0.0));
#4916=DIRECTION('',(0.0,0.0,1.0));
#4917=ORIENTED_EDGE('',*,*,#6139,.F.);
#4918=ORIENTED_EDGE('',*,*,#6177,.F.);
#4919=ORIENTED_EDGE('',*,*,#6178,.F.);
#4920=ORIENTED_EDGE('',*,*,#6179,.F.);
#4921=ORIENTED_EDGE('',*,*,#6180,.F.);
#4922=ORIENTED_EDGE('',*,*,#6181,.T.);
#4923=CARTESIAN_POINT('',(-3.2,-3.752,-12.674831305));
#4924=DIRECTION('',(-1.0,0.0,0.0));
#4925=DIRECTION('',(0.0,0.0,1.0));
#4926=ORIENTED_EDGE('',*,*,#6182,.T.);
#4927=ORIENTED_EDGE('',*,*,#6183,.T.);
#4928=ORIENTED_EDGE('',*,*,#6140,.F.);
#4929=ORIENTED_EDGE('',*,*,#6181,.F.);
#4930=CARTESIAN_POINT('',(-3.0,-3.631,-13.161));
#4931=DIRECTION('',(1.0,-0.0,0.0));
#4932=DIRECTION('',(0.0,0.0,1.0));
#4933=ORIENTED_EDGE('',*,*,#6184,.T.);
#4934=ORIENTED_EDGE('',*,*,#6185,.T.);
#4935=ORIENTED_EDGE('',*,*,#6186,.T.);
#4936=ORIENTED_EDGE('',*,*,#6175,.T.);
#4937=ORIENTED_EDGE('',*,*,#6141,.F.);
#4938=ORIENTED_EDGE('',*,*,#6183,.F.);
#4939=CARTESIAN_POINT('',(-3.8,-3.752,-15.16));
#4940=DIRECTION('',(1.0,0.0,0.0));
#4941=DIRECTION('',(0.0,1.0,0.0));
#4942=ORIENTED_EDGE('',*,*,#6176,.T.);
#4943=ORIENTED_EDGE('',*,*,#6186,.F.);
#4944=ORIENTED_EDGE('',*,*,#6187,.F.);
#4945=ORIENTED_EDGE('',*,*,#6178,.T.);
#4946=CARTESIAN_POINT('',(-3.0,-4.132,-15.16));
#4947=DIRECTION('',(0.0,-1.0,0.0));
#4948=DIRECTION('',(0.0,0.0,-1.0));
#4949=ORIENTED_EDGE('',*,*,#6187,.T.);
#4950=ORIENTED_EDGE('',*,*,#6185,.F.);
#4951=ORIENTED_EDGE('',*,*,#6188,.F.);
#4952=ORIENTED_EDGE('',*,*,#6179,.T.);
#4953=CARTESIAN_POINT('',(-3.0,-3.881,-15.16));
#4954=DIRECTION('',(0.0,0.0,-1.0));
#4955=DIRECTION('',(0.0,-1.0,0.0));
#4956=ORIENTED_EDGE('',*,*,#6188,.T.);
#4957=ORIENTED_EDGE('',*,*,#6184,.F.);
#4958=ORIENTED_EDGE('',*,*,#6182,.F.);
#4959=ORIENTED_EDGE('',*,*,#6180,.T.);
#4960=CARTESIAN_POINT('',(-3.0,-3.881,-13.161));
#4961=DIRECTION('',(-0.0,1.0,0.0));
#4962=DIRECTION('',(1.0,0.0,0.0));
#4963=ORIENTED_EDGE('',*,*,#6146,.T.);
#4964=ORIENTED_EDGE('',*,*,#6189,.F.);
#4965=ORIENTED_EDGE('',*,*,#6190,.F.);
#4966=ORIENTED_EDGE('',*,*,#6191,.T.);
#4967=CARTESIAN_POINT('',(-0.5,-3.631,-13.161));
#4968=DIRECTION('',(1.0,-0.0,0.0));
#4969=DIRECTION('',(0.0,0.0,1.0));
#4970=ORIENTED_EDGE('',*,*,#6143,.F.);
#4971=ORIENTED_EDGE('',*,*,#6191,.F.);
#4972=ORIENTED_EDGE('',*,*,#6192,.F.);
#4973=ORIENTED_EDGE('',*,*,#6193,.F.);
#4974=ORIENTED_EDGE('',*,*,#6194,.F.);
#4975=ORIENTED_EDGE('',*,*,#6195,.T.);
#4976=CARTESIAN_POINT('',(-0.7,-3.752,-12.674831305));
#4977=DIRECTION('',(-1.0,0.0,0.0));
#4978=DIRECTION('',(0.0,0.0,1.0));
#4979=ORIENTED_EDGE('',*,*,#6196,.T.);
#4980=ORIENTED_EDGE('',*,*,#6197,.T.);
#4981=ORIENTED_EDGE('',*,*,#6144,.F.);
#4982=ORIENTED_EDGE('',*,*,#6195,.F.);
#4983=CARTESIAN_POINT('',(-0.5,-3.631,-13.161));
#4984=DIRECTION('',(1.0,-0.0,0.0));
#4985=DIRECTION('',(0.0,0.0,1.0));
#4986=ORIENTED_EDGE('',*,*,#6198,.T.);
#4987=ORIENTED_EDGE('',*,*,#6199,.T.);
#4988=ORIENTED_EDGE('',*,*,#6200,.T.);
#4989=ORIENTED_EDGE('',*,*,#6189,.T.);
#4990=ORIENTED_EDGE('',*,*,#6145,.F.);
#4991=ORIENTED_EDGE('',*,*,#6197,.F.);
#4992=CARTESIAN_POINT('',(-1.3,-3.752,-15.16));
#4993=DIRECTION('',(1.0,0.0,0.0));
#4994=DIRECTION('',(0.0,1.0,0.0));
#4995=ORIENTED_EDGE('',*,*,#6190,.T.);
#4996=ORIENTED_EDGE('',*,*,#6200,.F.);
#4997=ORIENTED_EDGE('',*,*,#6201,.F.);
#4998=ORIENTED_EDGE('',*,*,#6192,.T.);
#4999=CARTESIAN_POINT('',(-0.5,-4.132,-15.16));
#5000=DIRECTION('',(0.0,-1.0,0.0));
#5001=DIRECTION('',(0.0,0.0,-1.0));
#5002=ORIENTED_EDGE('',*,*,#6201,.T.);
#5003=ORIENTED_EDGE('',*,*,#6199,.F.);
#5004=ORIENTED_EDGE('',*,*,#6202,.F.);
#5005=ORIENTED_EDGE('',*,*,#6193,.T.);
#5006=CARTESIAN_POINT('',(-0.5,-3.881,-15.16));
#5007=DIRECTION('',(0.0,0.0,-1.0));
#5008=DIRECTION('',(0.0,-1.0,0.0));
#5009=ORIENTED_EDGE('',*,*,#6202,.T.);
#5010=ORIENTED_EDGE('',*,*,#6198,.F.);
#5011=ORIENTED_EDGE('',*,*,#6196,.F.);
#5012=ORIENTED_EDGE('',*,*,#6194,.T.);
#5013=CARTESIAN_POINT('',(-0.5,-3.881,-13.161));
#5014=DIRECTION('',(-0.0,1.0,0.0));
#5015=DIRECTION('',(1.0,0.0,0.0));
#5016=ORIENTED_EDGE('',*,*,#6150,.F.);
#5017=ORIENTED_EDGE('',*,*,#6203,.F.);
#5018=ORIENTED_EDGE('',*,*,#6204,.T.);
#5019=ORIENTED_EDGE('',*,*,#6205,.T.);
#5020=CARTESIAN_POINT('',(1.5,-3.631,-13.161));
#5021=DIRECTION('',(1.0,-0.0,0.0));
#5022=DIRECTION('',(0.0,0.0,1.0));
#5023=ORIENTED_EDGE('',*,*,#6206,.T.);
#5024=ORIENTED_EDGE('',*,*,#6207,.T.);
#5025=ORIENTED_EDGE('',*,*,#6208,.T.);
#5026=ORIENTED_EDGE('',*,*,#6209,.T.);
#5027=ORIENTED_EDGE('',*,*,#6147,.F.);
#5028=ORIENTED_EDGE('',*,*,#6205,.F.);
#5029=CARTESIAN_POINT('',(0.7,-3.752,-15.16));
#5030=DIRECTION('',(1.0,0.0,0.0));
#5031=DIRECTION('',(0.0,1.0,0.0));
#5032=ORIENTED_EDGE('',*,*,#6210,.F.);
#5033=ORIENTED_EDGE('',*,*,#6211,.T.);
#5034=ORIENTED_EDGE('',*,*,#6148,.T.);
#5035=ORIENTED_EDGE('',*,*,#6209,.F.);
#5036=CARTESIAN_POINT('',(1.5,-3.631,-13.161));
#5037=DIRECTION('',(1.0,-0.0,0.0));
#5038=DIRECTION('',(0.0,0.0,1.0));
#5039=ORIENTED_EDGE('',*,*,#6149,.F.);
#5040=ORIENTED_EDGE('',*,*,#6211,.F.);
#5041=ORIENTED_EDGE('',*,*,#6212,.F.);
#5042=ORIENTED_EDGE('',*,*,#6213,.F.);
#5043=ORIENTED_EDGE('',*,*,#6214,.F.);
#5044=ORIENTED_EDGE('',*,*,#6203,.T.);
#5045=CARTESIAN_POINT('',(1.3,-3.752,-12.674831305));
#5046=DIRECTION('',(-1.0,0.0,0.0));
#5047=DIRECTION('',(0.0,0.0,1.0));
#5048=ORIENTED_EDGE('',*,*,#6204,.F.);
#5049=ORIENTED_EDGE('',*,*,#6214,.T.);
#5050=ORIENTED_EDGE('',*,*,#6215,.T.);
#5051=ORIENTED_EDGE('',*,*,#6206,.F.);
#5052=CARTESIAN_POINT('',(1.5,-3.881,-13.161));
#5053=DIRECTION('',(-0.0,1.0,0.0));
#5054=DIRECTION('',(1.0,0.0,0.0));
#5055=ORIENTED_EDGE('',*,*,#6215,.F.);
#5056=ORIENTED_EDGE('',*,*,#6213,.T.);
#5057=ORIENTED_EDGE('',*,*,#6216,.T.);
#5058=ORIENTED_EDGE('',*,*,#6207,.F.);
#5059=CARTESIAN_POINT('',(1.5,-3.881,-15.16));
#5060=DIRECTION('',(0.0,0.0,-1.0));
#5061=DIRECTION('',(0.0,-1.0,0.0));
#5062=ORIENTED_EDGE('',*,*,#6216,.F.);
#5063=ORIENTED_EDGE('',*,*,#6212,.T.);
#5064=ORIENTED_EDGE('',*,*,#6210,.T.);
#5065=ORIENTED_EDGE('',*,*,#6208,.F.);
#5066=CARTESIAN_POINT('',(1.5,-4.132,-15.16));
#5067=DIRECTION('',(0.0,-1.0,0.0));
#5068=DIRECTION('',(0.0,0.0,-1.0));
#5069=ORIENTED_EDGE('',*,*,#6154,.F.);
#5070=ORIENTED_EDGE('',*,*,#6217,.F.);
#5071=ORIENTED_EDGE('',*,*,#6218,.T.);
#5072=ORIENTED_EDGE('',*,*,#6219,.T.);
#5073=CARTESIAN_POINT('',(4.0,-3.631,-13.161));
#5074=DIRECTION('',(1.0,-0.0,0.0));
#5075=DIRECTION('',(0.0,0.0,1.0));
#5076=ORIENTED_EDGE('',*,*,#6220,.T.);
#5077=ORIENTED_EDGE('',*,*,#6221,.T.);
#5078=ORIENTED_EDGE('',*,*,#6222,.T.);
#5079=ORIENTED_EDGE('',*,*,#6223,.T.);
#5080=ORIENTED_EDGE('',*,*,#6151,.F.);
#5081=ORIENTED_EDGE('',*,*,#6219,.F.);
#5082=CARTESIAN_POINT('',(3.2,-3.752,-15.16));
#5083=DIRECTION('',(1.0,0.0,0.0));
#5084=DIRECTION('',(0.0,1.0,0.0));
#5085=ORIENTED_EDGE('',*,*,#6224,.F.);
#5086=ORIENTED_EDGE('',*,*,#6225,.T.);
#5087=ORIENTED_EDGE('',*,*,#6152,.T.);
#5088=ORIENTED_EDGE('',*,*,#6223,.F.);
#5089=CARTESIAN_POINT('',(4.0,-3.631,-13.161));
#5090=DIRECTION('',(1.0,-0.0,0.0));
#5091=DIRECTION('',(0.0,0.0,1.0));
#5092=ORIENTED_EDGE('',*,*,#6153,.F.);
#5093=ORIENTED_EDGE('',*,*,#6225,.F.);
#5094=ORIENTED_EDGE('',*,*,#6226,.F.);
#5095=ORIENTED_EDGE('',*,*,#6227,.F.);
#5096=ORIENTED_EDGE('',*,*,#6228,.F.);
#5097=ORIENTED_EDGE('',*,*,#6217,.T.);
#5098=CARTESIAN_POINT('',(3.8,-3.752,-12.674831305));
#5099=DIRECTION('',(-1.0,0.0,0.0));
#5100=DIRECTION('',(0.0,0.0,1.0));
#5101=ORIENTED_EDGE('',*,*,#6218,.F.);
#5102=ORIENTED_EDGE('',*,*,#6228,.T.);
#5103=ORIENTED_EDGE('',*,*,#6229,.T.);
#5104=ORIENTED_EDGE('',*,*,#6220,.F.);
#5105=CARTESIAN_POINT('',(4.0,-3.881,-13.161));
#5106=DIRECTION('',(-0.0,1.0,0.0));
#5107=DIRECTION('',(1.0,0.0,0.0));
#5108=ORIENTED_EDGE('',*,*,#6229,.F.);
#5109=ORIENTED_EDGE('',*,*,#6227,.T.);
#5110=ORIENTED_EDGE('',*,*,#6230,.T.);
#5111=ORIENTED_EDGE('',*,*,#6221,.F.);
#5112=CARTESIAN_POINT('',(4.0,-3.881,-15.16));
#5113=DIRECTION('',(0.0,0.0,-1.0));
#5114=DIRECTION('',(0.0,-1.0,0.0));
#5115=ORIENTED_EDGE('',*,*,#6230,.F.);
#5116=ORIENTED_EDGE('',*,*,#6226,.T.);
#5117=ORIENTED_EDGE('',*,*,#6224,.T.);
#5118=ORIENTED_EDGE('',*,*,#6222,.F.);
#5119=CARTESIAN_POINT('',(4.0,-4.132,-15.16));
#5120=DIRECTION('',(0.0,-1.0,0.0));
#5121=DIRECTION('',(0.0,0.0,-1.0));
#5122=ORIENTED_EDGE('',*,*,#6057,.T.);
#5123=ORIENTED_EDGE('',*,*,#6078,.F.);
#5124=ORIENTED_EDGE('',*,*,#5238,.F.);
#5125=ORIENTED_EDGE('',*,*,#6063,.T.);
#5126=CARTESIAN_POINT('',(-7.772796977629,-5.858007787715,-9.26));
#5127=DIRECTION('',(0.766044443118957,-0.642787609686564,0.0));
#5128=DIRECTION('',(0.0,0.0,-1.0));
#5129=ORIENTED_EDGE('',*,*,#5236,.T.);
#5130=ORIENTED_EDGE('',*,*,#6077,.T.);
#5131=ORIENTED_EDGE('',*,*,#6231,.F.);
#5132=ORIENTED_EDGE('',*,*,#6064,.F.);
#5133=CARTESIAN_POINT('',(-7.687,-5.93,-9.26));
#5134=DIRECTION('',(0.0,0.0,-1.0));
#5135=DIRECTION('',(1.0,0.0,0.0));
#5136=ORIENTED_EDGE('',*,*,#6065,.T.);
#5137=ORIENTED_EDGE('',*,*,#6231,.T.);
#5138=ORIENTED_EDGE('',*,*,#6076,.F.);
#5139=ORIENTED_EDGE('',*,*,#6067,.T.);
#5140=CARTESIAN_POINT('',(-6.352662995076,-7.5251245215,-9.26));
#5141=DIRECTION('',(0.731353701619183,0.681998360062485,0.0));
#5142=DIRECTION('',(0.0,0.0,-1.0));
#5143=ORIENTED_EDGE('',*,*,#5659,.F.);
#5144=ORIENTED_EDGE('',*,*,#6036,.F.);
#5145=ORIENTED_EDGE('',*,*,#5321,.T.);
#5146=ORIENTED_EDGE('',*,*,#5572,.F.);
#5147=CARTESIAN_POINT('',(5.927,2.24,-14.00320533733));
#5148=DIRECTION('',(0.0,0.0,-1.0));
#5149=DIRECTION('',(1.0,0.0,0.0));
#5150=ORIENTED_EDGE('',*,*,#6232,.F.);
#5151=ORIENTED_EDGE('',*,*,#6233,.F.);
#5152=ORIENTED_EDGE('',*,*,#5637,.T.);
#5153=ORIENTED_EDGE('',*,*,#5654,.T.);
#5154=CARTESIAN_POINT('',(6.68,-0.972,-11.88));
#5155=DIRECTION('',(0.910898972340299,0.0,0.412629449008899));
#5156=DIRECTION('',(0.0,-1.0,0.0));
#5157=ORIENTED_EDGE('',*,*,#6233,.T.);
#5158=ORIENTED_EDGE('',*,*,#6234,.F.);
#5159=ORIENTED_EDGE('',*,*,#6235,.F.);
#5160=ORIENTED_EDGE('',*,*,#5638,.T.);
#5161=CARTESIAN_POINT('',(6.68,-0.972,-12.38));
#5162=DIRECTION('',(1.0,0.0,0.0));
#5163=DIRECTION('',(0.0,1.0,0.0));
#5164=ORIENTED_EDGE('',*,*,#5639,.T.);
#5165=ORIENTED_EDGE('',*,*,#6235,.T.);
#5166=ORIENTED_EDGE('',*,*,#6236,.F.);
#5167=ORIENTED_EDGE('',*,*,#5652,.F.);
#5168=CARTESIAN_POINT('',(6.15,-0.972,-12.38));
#5169=DIRECTION('',(0.0,0.0,-1.0));
#5170=DIRECTION('',(0.0,-1.0,0.0));
#5171=ORIENTED_EDGE('',*,*,#6236,.T.);
#5172=ORIENTED_EDGE('',*,*,#6234,.T.);
#5173=ORIENTED_EDGE('',*,*,#6232,.T.);
#5174=ORIENTED_EDGE('',*,*,#5653,.F.);
#5175=CARTESIAN_POINT('',(0.0,-2.032,-10.45));
#5176=DIRECTION('',(0.0,-1.0,0.0));
#5177=DIRECTION('',(0.0,0.0,-1.0));
#5178=ORIENTED_EDGE('',*,*,#6237,.T.);
#5179=ORIENTED_EDGE('',*,*,#6238,.T.);
#5180=ORIENTED_EDGE('',*,*,#6239,.T.);
#5181=ORIENTED_EDGE('',*,*,#5634,.T.);
#5182=CARTESIAN_POINT('',(0.0,-2.032,-10.45));
#5183=DIRECTION('',(0.0,-1.0,0.0));
#5184=DIRECTION('',(0.0,0.0,-1.0));
#5185=ORIENTED_EDGE('',*,*,#6239,.F.);
#5186=ORIENTED_EDGE('',*,*,#6240,.F.);
#5187=ORIENTED_EDGE('',*,*,#5641,.T.);
#5188=ORIENTED_EDGE('',*,*,#5635,.T.);
#5189=CARTESIAN_POINT('',(-6.68,-0.972,-12.38));
#5190=DIRECTION('',(0.0,0.0,-1.0));
#5191=DIRECTION('',(0.0,-1.0,0.0));
#5192=ORIENTED_EDGE('',*,*,#6240,.T.);
#5193=ORIENTED_EDGE('',*,*,#6238,.F.);
#5194=ORIENTED_EDGE('',*,*,#6241,.F.);
#5195=ORIENTED_EDGE('',*,*,#5642,.T.);
#5196=CARTESIAN_POINT('',(-6.68,-0.972,-11.88));
#5197=DIRECTION('',(-1.0,0.0,0.0));
#5198=DIRECTION('',(0.0,0.0,1.0));
#5199=ORIENTED_EDGE('',*,*,#5643,.T.);
#5200=ORIENTED_EDGE('',*,*,#6241,.T.);
#5201=ORIENTED_EDGE('',*,*,#6237,.F.);
#5202=ORIENTED_EDGE('',*,*,#5633,.F.);
#5203=CARTESIAN_POINT('',(-6.15,-0.972,-10.71));
#5204=DIRECTION('',(-0.910898972340299,0.0,0.412629449008899));
#5205=DIRECTION('',(0.0,1.0,0.0));
#5206=ORIENTED_EDGE('',*,*,#6242,.F.);
#5207=ORIENTED_EDGE('',*,*,#5540,.F.);
#5208=ORIENTED_EDGE('',*,*,#5537,.F.);
#5209=ORIENTED_EDGE('',*,*,#5570,.T.);
#5210=CARTESIAN_POINT('',(5.907,-14.2440252,-0.32));
#5211=DIRECTION('',(0.0,-1.0,-0.0));
#5212=DIRECTION('',(0.0,0.0,-1.0));
#5213=ORIENTED_EDGE('',*,*,#5558,.T.);
#5214=ORIENTED_EDGE('',*,*,#5556,.T.);
#5215=ORIENTED_EDGE('',*,*,#5548,.T.);
#5216=ORIENTED_EDGE('',*,*,#5541,.F.);
#5217=ORIENTED_EDGE('',*,*,#6242,.T.);
#5218=ORIENTED_EDGE('',*,*,#5402,.F.);
#5219=CARTESIAN_POINT('',(-6.565,-3.18,-0.62));
#5220=DIRECTION('',(-1.0,0.0,-0.0));
#5221=DIRECTION('',(0.0,0.0,-1.0));
#5222=ORIENTED_EDGE('',*,*,#5318,.F.);
#5223=ORIENTED_EDGE('',*,*,#5315,.F.);
#5224=ORIENTED_EDGE('',*,*,#5313,.F.);
#5225=ORIENTED_EDGE('',*,*,#5573,.T.);
#5226=CARTESIAN_POINT('',(5.907,-14.2440252,-0.32));
#5227=DIRECTION('',(0.0,-1.0,-0.0));
#5228=DIRECTION('',(0.0,0.0,-1.0));
#5229=ORIENTED_EDGE('',*,*,#5311,.F.);
#5230=ORIENTED_EDGE('',*,*,#5309,.F.);
#5231=ORIENTED_EDGE('',*,*,#5317,.F.);
#5232=ORIENTED_EDGE('',*,*,#5582,.T.);
#5233=CARTESIAN_POINT('',(-5.907,13.7370252,-0.32));
#5234=DIRECTION('',(0.0,1.0,0.0));
#5235=DIRECTION('',(0.0,0.0,-1.0));
#5236=EDGE_CURVE('',#6243,#6244,#6245,.T.);
#5237=EDGE_CURVE('',#6246,#6243,#6247,.T.);
#5238=EDGE_CURVE('',#6246,#6248,#6249,.T.);
#5239=EDGE_CURVE('',#6248,#6244,#6250,.T.);
#5240=EDGE_CURVE('',#6251,#6252,#6253,.T.);
#5241=EDGE_CURVE('',#6251,#6254,#6255,.T.);
#5242=EDGE_CURVE('',#6256,#6254,#6257,.T.);
#5243=EDGE_CURVE('',#6252,#6256,#6258,.T.);
#5244=EDGE_CURVE('',#6259,#6260,#6261,.T.);
#5245=EDGE_CURVE('',#6259,#6262,#6263,.T.);
#5246=EDGE_CURVE('',#6262,#6264,#6265,.T.);
#5247=EDGE_CURVE('',#6260,#6264,#6266,.T.);
#5248=EDGE_CURVE('',#6267,#6268,#6269,.T.);
#5249=EDGE_CURVE('',#6270,#6267,#6271,.T.);
#5250=EDGE_CURVE('',#6272,#6270,#6273,.T.);
#5251=EDGE_CURVE('',#6272,#6268,#6274,.T.);
#5252=EDGE_CURVE('',#6275,#6276,#6277,.T.);
#5253=EDGE_CURVE('',#6278,#6275,#6279,.T.);
#5254=EDGE_CURVE('',#6280,#6278,#6281,.T.);
#5255=EDGE_CURVE('',#6280,#6276,#6282,.T.);
#5256=EDGE_CURVE('',#6283,#6284,#6285,.T.);
#5257=EDGE_CURVE('',#6283,#6286,#6287,.T.);
#5258=EDGE_CURVE('',#6286,#6288,#6289,.T.);
#5259=EDGE_CURVE('',#6284,#6288,#6290,.T.);
#5260=EDGE_CURVE('',#6291,#6292,#6293,.T.);
#5261=EDGE_CURVE('',#6294,#6291,#6295,.T.);
#5262=EDGE_CURVE('',#6296,#6294,#6297,.T.);
#5263=EDGE_CURVE('',#6292,#6296,#6298,.T.);
#5264=EDGE_CURVE('',#6299,#6300,#6301,.T.);
#5265=EDGE_CURVE('',#6302,#6299,#6303,.T.);
#5266=EDGE_CURVE('',#6304,#6302,#6305,.T.);
#5267=EDGE_CURVE('',#6300,#6304,#6306,.T.);
#5268=EDGE_CURVE('',#6307,#6308,#6309,.T.);
#5269=EDGE_CURVE('',#6310,#6307,#6311,.T.);
#5270=EDGE_CURVE('',#6312,#6310,#6313,.T.);
#5271=EDGE_CURVE('',#6308,#6312,#6314,.T.);
#5272=EDGE_CURVE('',#6315,#6316,#6317,.T.);
#5273=EDGE_CURVE('',#6318,#6315,#6319,.T.);
#5274=EDGE_CURVE('',#6320,#6318,#6321,.T.);
#5275=EDGE_CURVE('',#6316,#6320,#6322,.T.);
#5276=EDGE_CURVE('',#6323,#6324,#6325,.T.);
#5277=EDGE_CURVE('',#6326,#6323,#6327,.T.);
#5278=EDGE_CURVE('',#6328,#6326,#6329,.T.);
#5279=EDGE_CURVE('',#6324,#6328,#6330,.T.);
#5280=EDGE_CURVE('',#6331,#6332,#6333,.T.);
#5281=EDGE_CURVE('',#6334,#6331,#6335,.T.);
#5282=EDGE_CURVE('',#6336,#6334,#6337,.T.);
#5283=EDGE_CURVE('',#6332,#6336,#6338,.T.);
#5284=EDGE_CURVE('',#6339,#6340,#6341,.T.);
#5285=EDGE_CURVE('',#6342,#6339,#6343,.T.);
#5286=EDGE_CURVE('',#6344,#6342,#6345,.T.);
#5287=EDGE_CURVE('',#6340,#6344,#6346,.T.);
#5288=EDGE_CURVE('',#6347,#6348,#6349,.T.);
#5289=EDGE_CURVE('',#6350,#6347,#6351,.T.);
#5290=EDGE_CURVE('',#6352,#6350,#6353,.T.);
#5291=EDGE_CURVE('',#6348,#6352,#6354,.T.);
#5292=EDGE_CURVE('',#6355,#6356,#6357,.T.);
#5293=EDGE_CURVE('',#6355,#6358,#6359,.T.);
#5294=EDGE_CURVE('',#6358,#6360,#6361,.T.);
#5295=EDGE_CURVE('',#6360,#6362,#6363,.T.);
#5296=EDGE_CURVE('',#6364,#6362,#6365,.T.);
#5297=EDGE_CURVE('',#6364,#6356,#6366,.T.);
#5298=EDGE_CURVE('',#6356,#6367,#6368,.T.);
#5299=EDGE_CURVE('',#6364,#6369,#6370,.T.);
#5300=EDGE_CURVE('',#6367,#6369,#6371,.T.);
#5301=EDGE_CURVE('',#6372,#6369,#6373,.T.);
#5302=EDGE_CURVE('',#6374,#6372,#6375,.T.);
#5303=EDGE_CURVE('',#6374,#6376,#6377,.T.);
#5304=EDGE_CURVE('',#6376,#6378,#6379,.T.);
#5305=EDGE_CURVE('',#6378,#6367,#6380,.T.);
#5306=EDGE_CURVE('',#6378,#6355,#6381,.T.);
#5307=EDGE_CURVE('',#6376,#6358,#6382,.T.);
#5308=EDGE_CURVE('',#6374,#6383,#6384,.T.);
#5309=EDGE_CURVE('',#6383,#6385,#6386,.T.);
#5310=EDGE_CURVE('',#6360,#6385,#6387,.T.);
#5311=EDGE_CURVE('',#6385,#6388,#6389,.T.);
#5312=EDGE_CURVE('',#6390,#6388,#6391,.T.);
#5313=EDGE_CURVE('',#6390,#6392,#6393,.T.);
#5314=EDGE_CURVE('',#6362,#6392,#6394,.T.);
#5315=EDGE_CURVE('',#6392,#6395,#6396,.T.);
#5316=EDGE_CURVE('',#6372,#6395,#6397,.T.);
#5317=EDGE_CURVE('',#6398,#6383,#6399,.T.);
#5318=EDGE_CURVE('',#6395,#6400,#6401,.T.);
#5319=EDGE_CURVE('',#6398,#6400,#6402,.T.);
#5320=EDGE_CURVE('',#6400,#6403,#6404,.T.);
#5321=EDGE_CURVE('',#6405,#6403,#6406,.T.);
#5322=EDGE_CURVE('',#6407,#6405,#6408,.T.);
#5323=EDGE_CURVE('',#6409,#6407,#6410,.T.);
#5324=EDGE_CURVE('',#6409,#6398,#6411,.T.);
#5325=EDGE_CURVE('',#6412,#6413,#6414,.T.);
#5326=EDGE_CURVE('',#6412,#6415,#6416,.T.);
#5327=EDGE_CURVE('',#6415,#6308,#6417,.T.);
#5328=EDGE_CURVE('',#6308,#6300,#6418,.T.);
#5329=EDGE_CURVE('',#6304,#6413,#6419,.T.);
#5330=EDGE_CURVE('',#6420,#6421,#6422,.T.);
#5331=EDGE_CURVE('',#6420,#6342,#6423,.T.);
#5332=EDGE_CURVE('',#6339,#6347,#6424,.T.);
#5333=EDGE_CURVE('',#6347,#6425,#6426,.T.);
#5334=EDGE_CURVE('',#6425,#6421,#6427,.T.);
#5335=EDGE_CURVE('',#6428,#6429,#6430,.T.);
#5336=EDGE_CURVE('',#6421,#6429,#6431,.T.);
#5337=EDGE_CURVE('',#6425,#6428,#6432,.T.);
#5338=EDGE_CURVE('',#6433,#6334,#6434,.T.);
#5339=EDGE_CURVE('',#6435,#6433,#6436,.T.);
#5340=EDGE_CURVE('',#6435,#6336,#6437,.T.);
#5341=EDGE_CURVE('',#6428,#6348,#6438,.T.);
#5342=EDGE_CURVE('',#6439,#6388,#6440,.T.);
#5343=EDGE_CURVE('',#6441,#6439,#6442,.T.);
#5344=EDGE_CURVE('',#6441,#6443,#6444,.T.);
#5345=EDGE_CURVE('',#6445,#6443,#6446,.T.);
#5346=EDGE_CURVE('',#6390,#6445,#6447,.T.);
#5347=EDGE_CURVE('',#6307,#6448,#6449,.T.);
#5348=EDGE_CURVE('',#6450,#6448,#6451,.T.);
#5349=EDGE_CURVE('',#6450,#6452,#6453,.T.);
#5350=EDGE_CURVE('',#6302,#6452,#6454,.T.);
#5351=EDGE_CURVE('',#6299,#6307,#6455,.T.);
#5352=EDGE_CURVE('',#6456,#6344,#6457,.T.);
#5353=EDGE_CURVE('',#6456,#6429,#6458,.T.);
#5354=EDGE_CURVE('',#6348,#6340,#6459,.T.);
#5355=EDGE_CURVE('',#6460,#6352,#6461,.T.);
#5356=EDGE_CURVE('',#6462,#6460,#6463,.T.);
#5357=EDGE_CURVE('',#6462,#6464,#6465,.T.);
#5358=EDGE_CURVE('',#6464,#6340,#6466,.T.);
#5359=EDGE_CURVE('',#6467,#6464,#6468,.T.);
#5360=EDGE_CURVE('',#6339,#6467,#6469,.T.);
#5361=EDGE_CURVE('',#6470,#6471,#6472,.T.);
#5362=EDGE_CURVE('',#6471,#6350,#6473,.T.);
#5363=EDGE_CURVE('',#6470,#6467,#6474,.T.);
#5364=EDGE_CURVE('',#6475,#6476,#6477,.T.);
#5365=EDGE_CURVE('',#6475,#6478,#6479,.T.);
#5366=EDGE_CURVE('',#6470,#6478,#6480,.T.);
#5367=EDGE_CURVE('',#6462,#6481,#6482,.T.);
#5368=EDGE_CURVE('',#6481,#6483,#6484,.T.);
#5369=EDGE_CURVE('',#6485,#6483,#6486,.T.);
#5370=EDGE_CURVE('',#6476,#6485,#6487,.T.);
#5371=EDGE_CURVE('',#6488,#6489,#6490,.T.);
#5372=EDGE_CURVE('',#6476,#6488,#6491,.T.);
#5373=EDGE_CURVE('',#6489,#6485,#6492,.T.);
#5374=EDGE_CURVE('',#6489,#6493,#6494,.T.);
#5375=EDGE_CURVE('',#6483,#6495,#6496,.T.);
#5376=EDGE_CURVE('',#6497,#6495,#6498,.T.);
#5377=EDGE_CURVE('',#6497,#6493,#6499,.T.);
#5378=EDGE_CURVE('',#6493,#6500,#6501,.T.);
#5379=EDGE_CURVE('',#6497,#6502,#6503,.T.);
#5380=EDGE_CURVE('',#6500,#6502,#6504,.T.);
#5381=EDGE_CURVE('',#6505,#6502,#6506,.T.);
#5382=EDGE_CURVE('',#6475,#6505,#6507,.T.);
#5383=EDGE_CURVE('',#6488,#6500,#6508,.T.);
#5384=EDGE_CURVE('',#6478,#6509,#6510,.T.);
#5385=EDGE_CURVE('',#6505,#6509,#6511,.T.);
#5386=EDGE_CURVE('',#6495,#6512,#6513,.T.);
#5387=EDGE_CURVE('',#6460,#6512,#6514,.T.);
#5388=EDGE_CURVE('',#6471,#6509,#6515,.T.);
#5389=EDGE_CURVE('',#6481,#6512,#6516,.T.);
#5390=EDGE_CURVE('',#6420,#6456,#6517,.T.);
#5391=EDGE_CURVE('',#6518,#6519,#6520,.T.);
#5392=EDGE_CURVE('',#6519,#6521,#6522,.T.);
#5393=EDGE_CURVE('',#6523,#6521,#6524,.T.);
#5394=EDGE_CURVE('',#6523,#6518,#6525,.T.);
#5395=EDGE_CURVE('',#6521,#6433,#6526,.T.);
#5396=EDGE_CURVE('',#6519,#6435,#6527,.T.);
#5397=EDGE_CURVE('',#6528,#6529,#6530,.T.);
#5398=EDGE_CURVE('',#6531,#6529,#6532,.T.);
#5399=EDGE_CURVE('',#6533,#6531,#6534,.T.);
#5400=EDGE_CURVE('',#6535,#6533,#6536,.T.);
#5401=EDGE_CURVE('',#6535,#6537,#6538,.T.);
#5402=EDGE_CURVE('',#6537,#6528,#6539,.T.);
#5403=EDGE_CURVE('',#6540,#6541,#6542,.T.);
#5404=EDGE_CURVE('',#6543,#6540,#6544,.T.);
#5405=EDGE_CURVE('',#6543,#6316,#6545,.T.);
#5406=EDGE_CURVE('',#6316,#6292,#6546,.T.);
#5407=EDGE_CURVE('',#6541,#6296,#6547,.T.);
#5408=EDGE_CURVE('',#6518,#6324,#6548,.T.);
#5409=EDGE_CURVE('',#6324,#6332,#6549,.T.);
#5410=EDGE_CURVE('',#6550,#6328,#6551,.T.);
#5411=EDGE_CURVE('',#6550,#6552,#6553,.T.);
#5412=EDGE_CURVE('',#6552,#6554,#6555,.T.);
#5413=EDGE_CURVE('',#6554,#6332,#6556,.T.);
#5414=EDGE_CURVE('',#6557,#6554,#6558,.T.);
#5415=EDGE_CURVE('',#6331,#6557,#6559,.T.);
#5416=EDGE_CURVE('',#6560,#6561,#6562,.T.);
#5417=EDGE_CURVE('',#6563,#6560,#6564,.T.);
#5418=EDGE_CURVE('',#6565,#6563,#6566,.T.);
#5419=EDGE_CURVE('',#6567,#6565,#6568,.T.);
#5420=EDGE_CURVE('',#6569,#6567,#6570,.T.);
#5421=EDGE_CURVE('',#6569,#6561,#6571,.T.);
#5422=EDGE_CURVE('',#6315,#6572,#6573,.T.);
#5423=EDGE_CURVE('',#6572,#6574,#6575,.T.);
#5424=EDGE_CURVE('',#6574,#6576,#6577,.T.);
#5425=EDGE_CURVE('',#6576,#6294,#6578,.T.);
#5426=EDGE_CURVE('',#6291,#6315,#6579,.T.);
#5427=EDGE_CURVE('',#6331,#6323,#6580,.T.);
#5428=EDGE_CURVE('',#6323,#6523,#6581,.T.);
#5429=EDGE_CURVE('',#6582,#6583,#6584,.T.);
#5430=EDGE_CURVE('',#6582,#6585,#6586,.T.);
#5431=EDGE_CURVE('',#6585,#6550,#6587,.T.);
#5432=EDGE_CURVE('',#6588,#6326,#6589,.T.);
#5433=EDGE_CURVE('',#6590,#6588,#6591,.T.);
#5434=EDGE_CURVE('',#6590,#6592,#6593,.T.);
#5435=EDGE_CURVE('',#6594,#6592,#6595,.T.);
#5436=EDGE_CURVE('',#6583,#6594,#6596,.T.);
#5437=EDGE_CURVE('',#6597,#6598,#6599,.T.);
#5438=EDGE_CURVE('',#6583,#6597,#6600,.T.);
#5439=EDGE_CURVE('',#6598,#6594,#6601,.T.);
#5440=EDGE_CURVE('',#6598,#6602,#6603,.T.);
#5441=EDGE_CURVE('',#6592,#6604,#6605,.T.);
#5442=EDGE_CURVE('',#6606,#6604,#6607,.T.);
#5443=EDGE_CURVE('',#6606,#6602,#6608,.T.);
#5444=EDGE_CURVE('',#6602,#6609,#6610,.T.);
#5445=EDGE_CURVE('',#6606,#6611,#6612,.T.);
#5446=EDGE_CURVE('',#6609,#6611,#6613,.T.);
#5447=EDGE_CURVE('',#6614,#6611,#6615,.T.);
#5448=EDGE_CURVE('',#6582,#6614,#6616,.T.);
#5449=EDGE_CURVE('',#6597,#6609,#6617,.T.);
#5450=EDGE_CURVE('',#6585,#6618,#6619,.T.);
#5451=EDGE_CURVE('',#6618,#6614,#6620,.T.);
#5452=EDGE_CURVE('',#6621,#6604,#6622,.T.);
#5453=EDGE_CURVE('',#6621,#6623,#6624,.T.);
#5454=EDGE_CURVE('',#6623,#6557,#6625,.T.);
#5455=EDGE_CURVE('',#6618,#6552,#6626,.T.);
#5456=EDGE_CURVE('',#6588,#6623,#6627,.T.);
#5457=EDGE_CURVE('',#6590,#6621,#6628,.T.);
#5458=EDGE_CURVE('',#6629,#6630,#6631,.T.);
#5459=EDGE_CURVE('',#6630,#6318,#6632,.T.);
#5460=EDGE_CURVE('',#6291,#6633,#6634,.T.);
#5461=EDGE_CURVE('',#6629,#6633,#6635,.T.);
#5462=EDGE_CURVE('',#6636,#6637,#6638,.T.);
#5463=EDGE_CURVE('',#6639,#6637,#6640,.T.);
#5464=EDGE_CURVE('',#6639,#6629,#6641,.T.);
#5465=EDGE_CURVE('',#6633,#6642,#6643,.T.);
#5466=EDGE_CURVE('',#6644,#6642,#6645,.T.);
#5467=EDGE_CURVE('',#6646,#6644,#6647,.T.);
#5468=EDGE_CURVE('',#6646,#6648,#6649,.T.);
#5469=EDGE_CURVE('',#6648,#6650,#6651,.T.);
#5470=EDGE_CURVE('',#6636,#6650,#6652,.T.);
#5471=EDGE_CURVE('',#6653,#6654,#6655,.T.);
#5472=EDGE_CURVE('',#6636,#6653,#6656,.T.);
#5473=EDGE_CURVE('',#6654,#6650,#6657,.T.);
#5474=EDGE_CURVE('',#6648,#6658,#6659,.T.);
#5475=EDGE_CURVE('',#6658,#6660,#6661,.T.);
#5476=EDGE_CURVE('',#6660,#6662,#6663,.T.);
#5477=EDGE_CURVE('',#6654,#6662,#6664,.T.);
#5478=EDGE_CURVE('',#6662,#6665,#6666,.T.);
#5479=EDGE_CURVE('',#6653,#6665,#6667,.T.);
#5480=EDGE_CURVE('',#6665,#6668,#6669,.T.);
#5481=EDGE_CURVE('',#6668,#6670,#6671,.T.);
#5482=EDGE_CURVE('',#6637,#6670,#6672,.T.);
#5483=EDGE_CURVE('',#6673,#6670,#6674,.T.);
#5484=EDGE_CURVE('',#6639,#6673,#6675,.T.);
#5485=EDGE_CURVE('',#6673,#6630,#6676,.T.);
#5486=EDGE_CURVE('',#6658,#6677,#6678,.T.);
#5487=EDGE_CURVE('',#6677,#6679,#6680,.T.);
#5488=EDGE_CURVE('',#6679,#6320,#6681,.T.);
#5489=EDGE_CURVE('',#6660,#6668,#6682,.T.);
#5490=EDGE_CURVE('',#6572,#6543,#6683,.T.);
#5491=EDGE_CURVE('',#6412,#6450,#6684,.T.);
#5492=EDGE_CURVE('',#6448,#6415,#6685,.T.);
#5493=EDGE_CURVE('',#6540,#6574,#6686,.T.);
#5494=EDGE_CURVE('',#6687,#6312,#6688,.T.);
#5495=EDGE_CURVE('',#6689,#6687,#6690,.T.);
#5496=EDGE_CURVE('',#6689,#6691,#6692,.T.);
#5497=EDGE_CURVE('',#6691,#6300,#6693,.T.);
#5498=EDGE_CURVE('',#6694,#6691,#6695,.T.);
#5499=EDGE_CURVE('',#6299,#6694,#6696,.T.);
#5500=EDGE_CURVE('',#6697,#6698,#6699,.T.);
#5501=EDGE_CURVE('',#6698,#6310,#6700,.T.);
#5502=EDGE_CURVE('',#6697,#6694,#6701,.T.);
#5503=EDGE_CURVE('',#6702,#6703,#6704,.T.);
#5504=EDGE_CURVE('',#6703,#6705,#6706,.T.);
#5505=EDGE_CURVE('',#6697,#6705,#6707,.T.);
#5506=EDGE_CURVE('',#6689,#6708,#6709,.T.);
#5507=EDGE_CURVE('',#6710,#6708,#6711,.T.);
#5508=EDGE_CURVE('',#6710,#6712,#6713,.T.);
#5509=EDGE_CURVE('',#6702,#6712,#6714,.T.);
#5510=EDGE_CURVE('',#6715,#6716,#6717,.T.);
#5511=EDGE_CURVE('',#6702,#6715,#6718,.T.);
#5512=EDGE_CURVE('',#6716,#6712,#6719,.T.);
#5513=EDGE_CURVE('',#6710,#6720,#6721,.T.);
#5514=EDGE_CURVE('',#6720,#6722,#6723,.T.);
#5515=EDGE_CURVE('',#6722,#6724,#6725,.T.);
#5516=EDGE_CURVE('',#6716,#6724,#6726,.T.);
#5517=EDGE_CURVE('',#6724,#6727,#6728,.T.);
#5518=EDGE_CURVE('',#6715,#6727,#6729,.T.);
#5519=EDGE_CURVE('',#6727,#6730,#6731,.T.);
#5520=EDGE_CURVE('',#6730,#6732,#6733,.T.);
#5521=EDGE_CURVE('',#6703,#6732,#6734,.T.);
#5522=EDGE_CURVE('',#6735,#6732,#6736,.T.);
#5523=EDGE_CURVE('',#6705,#6735,#6737,.T.);
#5524=EDGE_CURVE('',#6698,#6735,#6738,.T.);
#5525=EDGE_CURVE('',#6720,#6739,#6740,.T.);
#5526=EDGE_CURVE('',#6687,#6739,#6741,.T.);
#5527=EDGE_CURVE('',#6722,#6730,#6742,.T.);
#5528=EDGE_CURVE('',#6708,#6739,#6743,.T.);
#5529=EDGE_CURVE('',#6541,#6576,#6744,.T.);
#5530=EDGE_CURVE('',#6413,#6452,#6745,.T.);
#5531=EDGE_CURVE('',#6642,#6292,#6746,.T.);
#5532=EDGE_CURVE('',#6644,#6679,#6747,.T.);
#5533=EDGE_CURVE('',#6646,#6677,#6748,.T.);
#5534=EDGE_CURVE('',#6749,#6750,#6751,.T.);
#5535=EDGE_CURVE('',#6752,#6749,#6753,.T.);
#5536=EDGE_CURVE('',#6752,#6561,#6754,.T.);
#5537=EDGE_CURVE('',#6569,#6755,#6756,.T.);
#5538=EDGE_CURVE('',#6755,#6750,#6757,.T.);
#5539=EDGE_CURVE('',#6758,#6750,#6759,.T.);
#5540=EDGE_CURVE('',#6755,#6760,#6761,.T.);
#5541=EDGE_CURVE('',#6760,#6762,#6763,.T.);
#5542=EDGE_CURVE('',#6762,#6764,#6765,.T.);
#5543=EDGE_CURVE('',#6758,#6764,#6766,.T.);
#5544=EDGE_CURVE('',#6767,#6768,#6769,.T.);
#5545=EDGE_CURVE('',#6758,#6767,#6770,.T.);
#5546=EDGE_CURVE('',#6768,#6764,#6771,.T.);
#5547=EDGE_CURVE('',#6772,#6768,#6773,.T.);
#5548=EDGE_CURVE('',#6774,#6762,#6775,.T.);
#5549=EDGE_CURVE('',#6774,#6776,#6777,.T.);
#5550=EDGE_CURVE('',#6776,#6772,#6778,.T.);
#5551=EDGE_CURVE('',#6772,#6779,#6780,.T.);
#5552=EDGE_CURVE('',#6776,#6781,#6782,.T.);
#5553=EDGE_CURVE('',#6779,#6781,#6783,.T.);
#5554=EDGE_CURVE('',#6781,#6749,#6784,.T.);
#5555=EDGE_CURVE('',#6779,#6767,#6785,.T.);
#5556=EDGE_CURVE('',#6786,#6774,#6787,.T.);
#5557=EDGE_CURVE('',#6786,#6752,#6788,.T.);
#5558=EDGE_CURVE('',#6537,#6786,#6789,.T.);
#5559=EDGE_CURVE('',#6537,#6561,#6790,.T.);
#5560=EDGE_CURVE('',#6791,#6792,#6793,.T.);
#5561=EDGE_CURVE('',#6791,#6560,#6794,.T.);
#5562=EDGE_CURVE('',#6535,#6795,#6796,.T.);
#5563=EDGE_CURVE('',#6795,#6797,#6798,.T.);
#5564=EDGE_CURVE('',#6792,#6797,#6799,.T.);
#5565=EDGE_CURVE('',#6567,#6800,#6801,.T.);
#5566=EDGE_CURVE('',#6800,#6802,#6803,.T.);
#5567=EDGE_CURVE('',#6804,#6802,#6805,.T.);
#5568=EDGE_CURVE('',#6806,#6804,#6807,.T.);
#5569=EDGE_CURVE('',#6806,#6529,#6808,.T.);
#5570=EDGE_CURVE('',#6569,#6528,#6809,.T.);
#5571=EDGE_CURVE('',#6810,#6811,#6812,.T.);
#5572=EDGE_CURVE('',#6811,#6403,#6813,.T.);
#5573=EDGE_CURVE('',#6390,#6400,#6814,.T.);
#5574=EDGE_CURVE('',#6445,#6815,#6816,.T.);
#5575=EDGE_CURVE('',#6817,#6815,#6818,.T.);
#5576=EDGE_CURVE('',#6810,#6817,#6819,.T.);
#5577=EDGE_CURVE('',#6409,#6820,#6821,.T.);
#5578=EDGE_CURVE('',#6822,#6820,#6823,.T.);
#5579=EDGE_CURVE('',#6824,#6822,#6825,.T.);
#5580=EDGE_CURVE('',#6824,#6826,#6827,.T.);
#5581=EDGE_CURVE('',#6826,#6439,#6828,.T.);
#5582=EDGE_CURVE('',#6398,#6388,#6829,.T.);
#5583=EDGE_CURVE('',#6830,#6797,#6831,.T.);
#5584=EDGE_CURVE('',#6832,#6830,#6833,.T.);
#5585=EDGE_CURVE('',#6792,#6832,#6834,.T.);
#5586=EDGE_CURVE('',#6835,#6832,#6836,.T.);
#5587=EDGE_CURVE('',#6835,#6837,#6838,.T.);
#5588=EDGE_CURVE('',#6837,#6839,#6840,.T.);
#5589=EDGE_CURVE('',#6839,#6822,#6841,.T.);
#5590=EDGE_CURVE('',#6792,#6822,#6842,.T.);
#5591=EDGE_CURVE('',#6843,#6844,#6845,.T.);
#5592=EDGE_CURVE('',#6844,#6846,#6847,.T.);
#5593=EDGE_CURVE('',#6846,#6791,#6848,.T.);
#5594=EDGE_CURVE('',#6820,#6849,#6850,.T.);
#5595=EDGE_CURVE('',#6851,#6849,#6852,.T.);
#5596=EDGE_CURVE('',#6843,#6851,#6853,.T.);
#5597=EDGE_CURVE('',#6854,#6855,#6856,.T.);
#5598=EDGE_CURVE('',#6855,#6857,#6858,.T.);
#5599=EDGE_CURVE('',#6857,#6859,#6860,.T.);
#5600=EDGE_CURVE('',#6859,#6861,#6862,.T.);
#5601=EDGE_CURVE('',#6861,#6863,#6864,.T.);
#5602=EDGE_CURVE('',#6863,#6865,#6866,.T.);
#5603=EDGE_CURVE('',#6867,#6865,#6868,.T.);
#5604=EDGE_CURVE('',#6867,#6869,#6870,.T.);
#5605=EDGE_CURVE('',#6869,#6871,#6872,.T.);
#5606=EDGE_CURVE('',#6871,#6873,#6874,.T.);
#5607=EDGE_CURVE('',#6873,#6875,#6876,.T.);
#5608=EDGE_CURVE('',#6875,#6854,#6877,.T.);
#5609=EDGE_CURVE('',#6878,#6879,#6880,.T.);
#5610=EDGE_CURVE('',#6881,#6878,#6882,.T.);
#5611=EDGE_CURVE('',#6883,#6881,#6884,.T.);
#5612=EDGE_CURVE('',#6885,#6883,#6886,.T.);
#5613=EDGE_CURVE('',#6887,#6885,#6888,.T.);
#5614=EDGE_CURVE('',#6889,#6887,#6890,.T.);
#5615=EDGE_CURVE('',#6891,#6889,#6892,.T.);
#5616=EDGE_CURVE('',#6879,#6891,#6893,.T.);
#5617=EDGE_CURVE('',#6891,#6894,#6895,.T.);
#5618=EDGE_CURVE('',#6896,#6894,#6897,.T.);
#5619=EDGE_CURVE('',#6879,#6896,#6898,.T.);
#5620=EDGE_CURVE('',#6899,#6896,#6900,.T.);
#5621=EDGE_CURVE('',#6878,#6899,#6901,.T.);
#5622=EDGE_CURVE('',#6902,#6899,#6903,.T.);
#5623=EDGE_CURVE('',#6881,#6902,#6904,.T.);
#5624=EDGE_CURVE('',#6905,#6902,#6906,.T.);
#5625=EDGE_CURVE('',#6883,#6905,#6907,.T.);
#5626=EDGE_CURVE('',#6908,#6905,#6909,.T.);
#5627=EDGE_CURVE('',#6885,#6908,#6910,.T.);
#5628=EDGE_CURVE('',#6911,#6908,#6912,.T.);
#5629=EDGE_CURVE('',#6887,#6911,#6913,.T.);
#5630=EDGE_CURVE('',#6914,#6911,#6915,.T.);
#5631=EDGE_CURVE('',#6889,#6914,#6916,.T.);
#5632=EDGE_CURVE('',#6894,#6914,#6917,.T.);
#5633=EDGE_CURVE('',#6918,#6919,#6920,.T.);
#5634=EDGE_CURVE('',#6921,#6919,#6922,.T.);
#5635=EDGE_CURVE('',#6923,#6921,#6924,.T.);
#5636=EDGE_CURVE('',#6923,#6918,#6925,.T.);
#5637=EDGE_CURVE('',#6926,#6927,#6928,.T.);
#5638=EDGE_CURVE('',#6929,#6926,#6930,.T.);
#5639=EDGE_CURVE('',#6931,#6929,#6932,.T.);
#5640=EDGE_CURVE('',#6931,#6927,#6933,.T.);
#5641=EDGE_CURVE('',#6934,#6923,#6935,.T.);
#5642=EDGE_CURVE('',#6936,#6934,#6937,.T.);
#5643=EDGE_CURVE('',#6918,#6936,#6938,.T.);
#5644=EDGE_CURVE('',#6939,#6940,#6941,.T.);
#5645=EDGE_CURVE('',#6940,#6942,#6943,.T.);
#5646=EDGE_CURVE('',#6942,#6944,#6945,.T.);
#5647=EDGE_CURVE('',#6944,#6946,#6947,.T.);
#5648=EDGE_CURVE('',#6946,#6948,#6949,.T.);
#5649=EDGE_CURVE('',#6948,#6950,#6951,.T.);
#5650=EDGE_CURVE('',#6950,#6952,#6953,.T.);
#5651=EDGE_CURVE('',#6952,#6939,#6954,.T.);
#5652=EDGE_CURVE('',#6931,#6955,#6956,.T.);
#5653=EDGE_CURVE('',#6955,#6957,#6958,.T.);
#5654=EDGE_CURVE('',#6927,#6957,#6959,.T.);
#5655=EDGE_CURVE('',#6960,#6939,#6961,.T.);
#5656=EDGE_CURVE('',#6962,#6952,#6963,.T.);
#5657=EDGE_CURVE('',#6962,#6960,#6964,.T.);
#5658=EDGE_CURVE('',#6965,#6966,#6967,.T.);
#5659=EDGE_CURVE('',#6966,#6811,#6968,.T.);
#5660=EDGE_CURVE('',#6810,#6802,#6969,.T.);
#5661=EDGE_CURVE('',#6800,#6970,#6971,.T.);
#5662=EDGE_CURVE('',#6970,#6972,#6973,.T.);
#5663=EDGE_CURVE('',#6974,#6972,#6975,.T.);
#5664=EDGE_CURVE('',#6965,#6974,#6976,.T.);
#5665=EDGE_CURVE('',#6977,#6978,#6979,.T.);
#5666=EDGE_CURVE('',#6980,#6978,#6981,.T.);
#5667=EDGE_CURVE('',#6982,#6980,#6983,.T.);
#5668=EDGE_CURVE('',#6984,#6982,#6985,.T.);
#5669=EDGE_CURVE('',#6986,#6984,#6987,.T.);
#5670=EDGE_CURVE('',#6988,#6986,#6989,.T.);
#5671=EDGE_CURVE('',#6990,#6988,#6991,.T.);
#5672=EDGE_CURVE('',#6992,#6990,#6993,.T.);
#5673=EDGE_CURVE('',#6992,#6994,#6995,.T.);
#5674=EDGE_CURVE('',#6994,#6996,#6997,.T.);
#5675=EDGE_CURVE('',#6996,#6998,#6999,.T.);
#5676=EDGE_CURVE('',#6977,#6998,#7000,.T.);
#5677=EDGE_CURVE('',#7001,#6962,#7002,.T.);
#5678=EDGE_CURVE('',#7003,#7001,#7004,.T.);
#5679=EDGE_CURVE('',#7005,#7003,#7006,.T.);
#5680=EDGE_CURVE('',#7007,#7005,#7008,.T.);
#5681=EDGE_CURVE('',#7009,#7007,#7010,.T.);
#5682=EDGE_CURVE('',#7011,#7009,#7012,.T.);
#5683=EDGE_CURVE('',#6960,#7011,#7013,.T.);
#5684=EDGE_CURVE('',#7011,#6940,#7014,.T.);
#5685=EDGE_CURVE('',#7009,#6942,#7015,.T.);
#5686=EDGE_CURVE('',#7007,#6944,#7016,.T.);
#5687=EDGE_CURVE('',#7005,#6946,#7017,.T.);
#5688=EDGE_CURVE('',#7003,#6948,#7018,.T.);
#5689=EDGE_CURVE('',#7001,#6950,#7019,.T.);
#5690=EDGE_CURVE('',#6998,#7020,#7021,.T.);
#5691=EDGE_CURVE('',#7022,#7020,#7023,.T.);
#5692=EDGE_CURVE('',#6977,#7022,#7024,.T.);
#5693=EDGE_CURVE('',#7025,#6867,#7026,.T.);
#5694=EDGE_CURVE('',#7025,#7027,#7028,.T.);
#5695=EDGE_CURVE('',#7027,#6869,#7029,.T.);
#5696=EDGE_CURVE('',#7022,#7030,#7031,.T.);
#5697=EDGE_CURVE('',#6978,#7030,#7032,.T.);
#5698=EDGE_CURVE('',#7033,#6865,#7034,.T.);
#5699=EDGE_CURVE('',#7025,#7033,#7035,.T.);
#5700=EDGE_CURVE('',#7036,#7030,#7037,.T.);
#5701=EDGE_CURVE('',#6980,#7036,#7038,.T.);
#5702=EDGE_CURVE('',#7039,#6863,#7040,.T.);
#5703=EDGE_CURVE('',#7039,#7033,#7041,.T.);
#5704=EDGE_CURVE('',#7042,#7036,#7043,.T.);
#5705=EDGE_CURVE('',#6982,#7042,#7044,.T.);
#5706=EDGE_CURVE('',#7045,#6861,#7046,.T.);
#5707=EDGE_CURVE('',#7045,#7039,#7047,.T.);
#5708=EDGE_CURVE('',#7048,#7042,#7049,.T.);
#5709=EDGE_CURVE('',#6984,#7048,#7050,.T.);
#5710=EDGE_CURVE('',#7051,#6859,#7052,.T.);
#5711=EDGE_CURVE('',#7051,#7045,#7053,.T.);
#5712=EDGE_CURVE('',#7054,#7048,#7055,.T.);
#5713=EDGE_CURVE('',#6986,#7054,#7056,.T.);
#5714=EDGE_CURVE('',#7057,#6857,#7058,.T.);
#5715=EDGE_CURVE('',#7057,#7051,#7059,.T.);
#5716=EDGE_CURVE('',#7060,#7054,#7061,.T.);
#5717=EDGE_CURVE('',#6988,#7060,#7062,.T.);
#5718=EDGE_CURVE('',#7063,#6855,#7064,.T.);
#5719=EDGE_CURVE('',#7063,#7057,#7065,.T.);
#5720=EDGE_CURVE('',#7066,#7060,#7067,.T.);
#5721=EDGE_CURVE('',#6990,#7066,#7068,.T.);
#5722=EDGE_CURVE('',#7069,#6854,#7070,.T.);
#5723=EDGE_CURVE('',#7069,#7063,#7071,.T.);
#5724=EDGE_CURVE('',#7072,#7066,#7073,.T.);
#5725=EDGE_CURVE('',#6992,#7072,#7074,.T.);
#5726=EDGE_CURVE('',#7075,#6875,#7076,.T.);
#5727=EDGE_CURVE('',#7075,#7069,#7077,.T.);
#5728=EDGE_CURVE('',#6994,#7078,#7079,.T.);
#5729=EDGE_CURVE('',#7080,#7072,#7081,.T.);
#5730=EDGE_CURVE('',#7078,#7080,#7082,.T.);
#5731=EDGE_CURVE('',#7083,#7084,#7085,.T.);
#5732=EDGE_CURVE('',#7086,#7084,#7087,.T.);
#5733=EDGE_CURVE('',#7083,#7086,#7088,.T.);
#5734=EDGE_CURVE('',#7089,#7090,#7091,.T.);
#5735=EDGE_CURVE('',#7089,#7092,#7093,.T.);
#5736=EDGE_CURVE('',#7092,#7090,#7094,.T.);
#5737=EDGE_CURVE('',#7095,#7096,#7097,.T.);
#5738=EDGE_CURVE('',#7098,#7095,#7099,.T.);
#5739=EDGE_CURVE('',#7096,#7098,#7100,.T.);
#5740=EDGE_CURVE('',#7101,#7080,#7102,.T.);
#5741=EDGE_CURVE('',#7078,#7101,#7103,.T.);
#5742=EDGE_CURVE('',#6871,#7086,#7104,.T.);
#5743=EDGE_CURVE('',#7083,#7027,#7105,.T.);
#5744=EDGE_CURVE('',#6795,#7106,#7107,.T.);
#5745=EDGE_CURVE('',#7106,#7108,#7109,.T.);
#5746=EDGE_CURVE('',#7108,#6826,#7110,.T.);
#5747=EDGE_CURVE('',#6824,#6797,#7111,.T.);
#5748=EDGE_CURVE('',#7089,#7084,#7112,.T.);
#5749=EDGE_CURVE('',#7075,#7092,#7113,.T.);
#5750=EDGE_CURVE('',#7090,#6873,#7114,.T.);
#5751=EDGE_CURVE('',#7115,#6873,#7116,.T.);
#5752=EDGE_CURVE('',#7117,#7115,#7118,.T.);
#5753=EDGE_CURVE('',#7119,#7117,#7120,.T.);
#5754=EDGE_CURVE('',#7121,#7119,#7122,.T.);
#5755=EDGE_CURVE('',#7089,#7121,#7123,.T.);
#5756=EDGE_CURVE('',#7124,#7084,#7125,.T.);
#5757=EDGE_CURVE('',#7124,#7121,#7126,.T.);
#5758=EDGE_CURVE('',#7127,#7128,#7129,.T.);
#5759=EDGE_CURVE('',#7130,#7127,#7131,.T.);
#5760=EDGE_CURVE('',#7130,#7124,#7132,.T.);
#5761=EDGE_CURVE('',#7119,#7128,#7133,.T.);
#5762=EDGE_CURVE('',#7117,#7134,#7135,.T.);
#5763=EDGE_CURVE('',#7128,#7134,#7136,.T.);
#5764=EDGE_CURVE('',#7134,#7137,#7138,.T.);
#5765=EDGE_CURVE('',#7139,#7137,#7140,.T.);
#5766=EDGE_CURVE('',#7128,#7139,#7141,.T.);
#5767=EDGE_CURVE('',#7142,#7139,#7143,.T.);
#5768=EDGE_CURVE('',#7127,#7142,#7144,.T.);
#5769=EDGE_CURVE('',#7145,#7142,#7146,.T.);
#5770=EDGE_CURVE('',#7147,#7145,#7148,.T.);
#5771=EDGE_CURVE('',#7147,#7127,#7149,.T.);
#5772=EDGE_CURVE('',#7150,#7147,#7151,.T.);
#5773=EDGE_CURVE('',#7150,#7130,#7152,.T.);
#5774=EDGE_CURVE('',#6871,#7153,#7154,.T.);
#5775=EDGE_CURVE('',#7153,#7150,#7155,.T.);
#5776=EDGE_CURVE('',#7134,#7147,#7156,.T.);
#5777=EDGE_CURVE('',#7115,#7153,#7157,.T.);
#5778=EDGE_CURVE('',#7137,#7145,#7158,.T.);
#5779=EDGE_CURVE('',#7145,#7159,#7160,.T.);
#5780=EDGE_CURVE('',#7161,#7159,#7162,.T.);
#5781=EDGE_CURVE('',#7137,#7161,#7163,.T.);
#5782=EDGE_CURVE('',#7164,#7161,#7165,.T.);
#5783=EDGE_CURVE('',#7139,#7164,#7166,.T.);
#5784=EDGE_CURVE('',#7167,#7164,#7168,.T.);
#5785=EDGE_CURVE('',#7142,#7167,#7169,.T.);
#5786=EDGE_CURVE('',#7159,#7167,#7170,.T.);
#5787=EDGE_CURVE('',#7171,#7172,#7173,.T.);
#5788=EDGE_CURVE('',#7171,#6830,#7174,.T.);
#5789=EDGE_CURVE('',#6824,#7175,#7176,.T.);
#5790=EDGE_CURVE('',#7172,#7175,#7177,.T.);
#5791=EDGE_CURVE('',#6837,#7178,#7179,.T.);
#5792=EDGE_CURVE('',#7180,#7178,#7181,.T.);
#5793=EDGE_CURVE('',#7180,#7172,#7182,.T.);
#5794=EDGE_CURVE('',#7175,#6839,#7183,.T.);
#5795=EDGE_CURVE('',#7184,#7171,#7185,.T.);
#5796=EDGE_CURVE('',#7180,#7186,#7187,.T.);
#5797=EDGE_CURVE('',#7188,#7186,#7189,.T.);
#5798=EDGE_CURVE('',#7188,#7184,#7190,.T.);
#5799=EDGE_CURVE('',#7191,#7188,#7192,.T.);
#5800=EDGE_CURVE('',#7193,#7191,#7194,.T.);
#5801=EDGE_CURVE('',#7193,#7184,#7195,.T.);
#5802=EDGE_CURVE('',#6835,#7193,#7196,.T.);
#5803=EDGE_CURVE('',#7191,#7197,#7198,.T.);
#5804=EDGE_CURVE('',#7197,#7178,#7199,.T.);
#5805=EDGE_CURVE('',#7186,#7197,#7200,.T.);
#5806=EDGE_CURVE('',#6441,#7108,#7201,.T.);
#5807=EDGE_CURVE('',#7106,#6533,#7202,.T.);
#5808=EDGE_CURVE('',#6531,#7203,#7204,.T.);
#5809=EDGE_CURVE('',#7205,#7203,#7206,.T.);
#5810=EDGE_CURVE('',#7205,#6443,#7207,.T.);
#5811=EDGE_CURVE('',#7208,#7209,#7210,.T.);
#5812=EDGE_CURVE('',#6276,#7208,#7211,.T.);
#5813=EDGE_CURVE('',#7212,#6280,#7213,.T.);
#5814=EDGE_CURVE('',#7214,#7212,#7215,.T.);
#5815=EDGE_CURVE('',#7214,#7216,#7217,.T.);
#5816=EDGE_CURVE('',#7216,#7218,#7219,.T.);
#5817=EDGE_CURVE('',#7218,#7220,#7221,.T.);
#5818=EDGE_CURVE('',#7220,#7222,#7223,.T.);
#5819=EDGE_CURVE('',#6286,#7222,#7224,.T.);
#5820=EDGE_CURVE('',#7225,#6283,#7226,.T.);
#5821=EDGE_CURVE('',#7227,#7225,#7228,.T.);
#5822=EDGE_CURVE('',#7227,#7229,#7230,.T.);
#5823=EDGE_CURVE('',#7229,#7231,#7232,.T.);
#5824=EDGE_CURVE('',#7233,#7231,#7234,.T.);
#5825=EDGE_CURVE('',#7233,#7235,#7236,.T.);
#5826=EDGE_CURVE('',#7209,#7235,#7237,.T.);
#5827=EDGE_CURVE('',#7238,#7239,#7240,.T.);
#5828=EDGE_CURVE('',#7241,#7238,#7242,.T.);
#5829=EDGE_CURVE('',#7243,#7241,#7244,.T.);
#5830=EDGE_CURVE('',#7245,#7243,#7246,.T.);
#5831=EDGE_CURVE('',#7247,#7245,#7248,.T.);
#5832=EDGE_CURVE('',#7249,#7247,#7250,.T.);
#5833=EDGE_CURVE('',#7239,#7249,#7251,.T.);
#5834=EDGE_CURVE('',#6815,#7205,#7252,.T.);
#5835=EDGE_CURVE('',#7203,#6806,#7253,.T.);
#5836=EDGE_CURVE('',#6804,#6817,#7254,.T.);
#5837=EDGE_CURVE('',#7095,#7101,#7255,.T.);
#5838=EDGE_CURVE('',#7020,#7098,#7256,.T.);
#5839=EDGE_CURVE('',#7096,#6996,#7257,.T.);
#5840=EDGE_CURVE('',#7258,#6996,#7259,.T.);
#5841=EDGE_CURVE('',#7260,#7258,#7261,.T.);
#5842=EDGE_CURVE('',#7262,#7260,#7263,.T.);
#5843=EDGE_CURVE('',#7264,#7262,#7265,.T.);
#5844=EDGE_CURVE('',#7095,#7264,#7266,.T.);
#5845=EDGE_CURVE('',#7267,#7101,#7268,.T.);
#5846=EDGE_CURVE('',#7267,#7264,#7269,.T.);
#5847=EDGE_CURVE('',#7270,#7271,#7272,.T.);
#5848=EDGE_CURVE('',#7273,#7270,#7274,.T.);
#5849=EDGE_CURVE('',#7273,#7267,#7275,.T.);
#5850=EDGE_CURVE('',#7262,#7271,#7276,.T.);
#5851=EDGE_CURVE('',#7260,#7277,#7278,.T.);
#5852=EDGE_CURVE('',#7271,#7277,#7279,.T.);
#5853=EDGE_CURVE('',#7277,#7280,#7281,.T.);
#5854=EDGE_CURVE('',#7282,#7280,#7283,.T.);
#5855=EDGE_CURVE('',#7271,#7282,#7284,.T.);
#5856=EDGE_CURVE('',#7285,#7282,#7286,.T.);
#5857=EDGE_CURVE('',#7270,#7285,#7287,.T.);
#5858=EDGE_CURVE('',#7288,#7285,#7289,.T.);
#5859=EDGE_CURVE('',#7290,#7288,#7291,.T.);
#5860=EDGE_CURVE('',#7290,#7270,#7292,.T.);
#5861=EDGE_CURVE('',#7293,#7290,#7294,.T.);
#5862=EDGE_CURVE('',#7293,#7273,#7295,.T.);
#5863=EDGE_CURVE('',#7296,#7293,#7297,.T.);
#5864=EDGE_CURVE('',#6994,#7296,#7298,.T.);
#5865=EDGE_CURVE('',#7258,#7296,#7299,.T.);
#5866=EDGE_CURVE('',#7277,#7290,#7300,.T.);
#5867=EDGE_CURVE('',#7280,#7288,#7301,.T.);
#5868=EDGE_CURVE('',#7288,#7302,#7303,.T.);
#5869=EDGE_CURVE('',#7304,#7302,#7305,.T.);
#5870=EDGE_CURVE('',#7280,#7304,#7306,.T.);
#5871=EDGE_CURVE('',#7307,#7304,#7308,.T.);
#5872=EDGE_CURVE('',#7282,#7307,#7309,.T.);
#5873=EDGE_CURVE('',#7310,#7307,#7311,.T.);
#5874=EDGE_CURVE('',#7285,#7310,#7312,.T.);
#5875=EDGE_CURVE('',#7302,#7310,#7313,.T.);
#5876=EDGE_CURVE('',#7314,#7315,#7316,.T.);
#5877=EDGE_CURVE('',#7317,#7315,#7318,.T.);
#5878=EDGE_CURVE('',#7317,#6817,#7319,.T.);
#5879=EDGE_CURVE('',#6804,#7320,#7321,.T.);
#5880=EDGE_CURVE('',#7320,#7314,#7322,.T.);
#5881=EDGE_CURVE('',#7323,#7324,#7325,.T.);
#5882=EDGE_CURVE('',#7326,#7324,#7327,.T.);
#5883=EDGE_CURVE('',#7328,#7326,#7329,.T.);
#5884=EDGE_CURVE('',#7314,#7328,#7330,.T.);
#5885=EDGE_CURVE('',#7320,#7323,#7331,.T.);
#5886=EDGE_CURVE('',#7323,#6802,#7332,.T.);
#5887=EDGE_CURVE('',#6810,#7333,#7334,.T.);
#5888=EDGE_CURVE('',#7333,#7335,#7336,.T.);
#5889=EDGE_CURVE('',#7324,#7335,#7337,.T.);
#5890=EDGE_CURVE('',#7338,#7339,#7340,.T.);
#5891=EDGE_CURVE('',#7338,#7326,#7341,.T.);
#5892=EDGE_CURVE('',#7342,#7335,#7343,.T.);
#5893=EDGE_CURVE('',#7342,#7339,#7344,.T.);
#5894=EDGE_CURVE('',#7339,#7345,#7346,.T.);
#5895=EDGE_CURVE('',#7342,#7347,#7348,.T.);
#5896=EDGE_CURVE('',#7345,#7347,#7349,.T.);
#5897=EDGE_CURVE('',#7315,#7347,#7350,.T.);
#5898=EDGE_CURVE('',#7328,#7351,#7352,.T.);
#5899=EDGE_CURVE('',#7351,#7345,#7353,.T.);
#5900=EDGE_CURVE('',#7351,#7338,#7354,.T.);
#5901=EDGE_CURVE('',#7333,#7317,#7355,.T.);
#5902=EDGE_CURVE('',#7356,#7214,#7357,.T.);
#5903=EDGE_CURVE('',#7212,#7358,#7359,.T.);
#5904=EDGE_CURVE('',#7360,#7358,#7361,.T.);
#5905=EDGE_CURVE('',#7209,#7360,#7362,.T.);
#5906=EDGE_CURVE('',#7235,#7363,#7364,.T.);
#5907=EDGE_CURVE('',#7363,#7356,#7365,.T.);
#5908=EDGE_CURVE('',#7366,#7363,#7367,.T.);
#5909=EDGE_CURVE('',#7368,#7366,#7369,.T.);
#5910=EDGE_CURVE('',#7368,#7370,#7371,.T.);
#5911=EDGE_CURVE('',#7372,#7370,#7373,.T.);
#5912=EDGE_CURVE('',#7356,#7372,#7374,.T.);
#5913=EDGE_CURVE('',#7375,#7372,#7376,.T.);
#5914=EDGE_CURVE('',#7375,#7216,#7377,.T.);
#5915=EDGE_CURVE('',#7375,#7378,#7379,.T.);
#5916=EDGE_CURVE('',#7218,#7378,#7380,.T.);
#5917=EDGE_CURVE('',#7220,#7381,#7382,.T.);
#5918=EDGE_CURVE('',#7383,#7378,#7384,.T.);
#5919=EDGE_CURVE('',#7383,#7381,#7385,.T.);
#5920=EDGE_CURVE('',#7381,#7386,#7387,.T.);
#5921=EDGE_CURVE('',#7388,#7383,#7389,.T.);
#5922=EDGE_CURVE('',#7388,#7390,#7391,.T.);
#5923=EDGE_CURVE('',#7392,#7390,#7393,.T.);
#5924=EDGE_CURVE('',#7386,#7392,#7394,.T.);
#5925=EDGE_CURVE('',#7395,#7392,#7396,.T.);
#5926=EDGE_CURVE('',#7395,#7231,#7397,.T.);
#5927=EDGE_CURVE('',#7386,#7229,#7398,.T.);
#5928=EDGE_CURVE('',#7227,#7399,#7400,.T.);
#5929=EDGE_CURVE('',#7399,#7401,#7402,.T.);
#5930=EDGE_CURVE('',#7222,#7401,#7403,.T.);
#5931=EDGE_CURVE('',#6288,#7401,#7404,.T.);
#5932=EDGE_CURVE('',#7405,#6284,#7406,.T.);
#5933=EDGE_CURVE('',#7225,#7405,#7407,.T.);
#5934=EDGE_CURVE('',#7399,#7405,#7408,.T.);
#5935=EDGE_CURVE('',#7358,#6278,#7409,.T.);
#5936=EDGE_CURVE('',#6275,#7410,#7411,.T.);
#5937=EDGE_CURVE('',#7410,#7360,#7412,.T.);
#5938=EDGE_CURVE('',#7208,#7410,#7413,.T.);
#5939=EDGE_CURVE('',#7414,#7395,#7415,.T.);
#5940=EDGE_CURVE('',#7233,#7414,#7416,.T.);
#5941=EDGE_CURVE('',#7417,#7418,#7419,.T.);
#5942=EDGE_CURVE('',#7418,#7420,#7421,.T.);
#5943=EDGE_CURVE('',#7422,#7420,#7423,.T.);
#5944=EDGE_CURVE('',#7417,#7422,#7424,.T.);
#5945=EDGE_CURVE('',#7425,#7426,#7427,.T.);
#5946=EDGE_CURVE('',#7426,#7428,#7429,.T.);
#5947=EDGE_CURVE('',#7430,#7428,#7431,.T.);
#5948=EDGE_CURVE('',#7425,#7430,#7432,.T.);
#5949=EDGE_CURVE('',#7433,#7434,#7435,.T.);
#5950=EDGE_CURVE('',#7434,#7436,#7437,.T.);
#5951=EDGE_CURVE('',#7438,#7436,#7439,.T.);
#5952=EDGE_CURVE('',#7433,#7438,#7440,.T.);
#5953=EDGE_CURVE('',#7441,#7442,#7443,.T.);
#5954=EDGE_CURVE('',#7442,#7444,#7445,.T.);
#5955=EDGE_CURVE('',#7446,#7444,#7447,.T.);
#5956=EDGE_CURVE('',#7441,#7446,#7448,.T.);
#5957=EDGE_CURVE('',#7449,#7450,#7451,.T.);
#5958=EDGE_CURVE('',#7450,#7452,#7453,.T.);
#5959=EDGE_CURVE('',#7454,#7452,#7455,.T.);
#5960=EDGE_CURVE('',#7449,#7454,#7456,.T.);
#5961=EDGE_CURVE('',#7457,#7458,#7459,.T.);
#5962=EDGE_CURVE('',#7458,#7460,#7461,.T.);
#5963=EDGE_CURVE('',#7462,#7460,#7463,.T.);
#5964=EDGE_CURVE('',#7457,#7462,#7464,.T.);
#5965=EDGE_CURVE('',#7465,#7466,#7467,.T.);
#5966=EDGE_CURVE('',#7466,#7468,#7469,.T.);
#5967=EDGE_CURVE('',#7470,#7468,#7471,.T.);
#5968=EDGE_CURVE('',#7465,#7470,#7472,.T.);
#5969=EDGE_CURVE('',#7473,#7474,#7475,.T.);
#5970=EDGE_CURVE('',#7474,#7476,#7477,.T.);
#5971=EDGE_CURVE('',#7478,#7476,#7479,.T.);
#5972=EDGE_CURVE('',#7473,#7478,#7480,.T.);
#5973=EDGE_CURVE('',#7366,#7414,#7481,.T.);
#5974=EDGE_CURVE('',#7368,#7390,#7482,.T.);
#5975=EDGE_CURVE('',#7370,#7388,#7483,.T.);
#5976=EDGE_CURVE('',#7484,#7422,#7485,.T.);
#5977=EDGE_CURVE('',#7425,#7484,#7486,.T.);
#5978=EDGE_CURVE('',#7487,#7430,#7488,.T.);
#5979=EDGE_CURVE('',#7417,#7487,#7489,.T.);
#5980=EDGE_CURVE('',#7487,#7490,#7491,.T.);
#5981=EDGE_CURVE('',#7418,#7490,#7492,.T.);
#5982=EDGE_CURVE('',#7490,#7428,#7493,.T.);
#5983=EDGE_CURVE('',#7426,#7494,#7495,.T.);
#5984=EDGE_CURVE('',#7494,#7420,#7496,.T.);
#5985=EDGE_CURVE('',#7484,#7494,#7497,.T.);
#5986=EDGE_CURVE('',#7498,#7438,#7499,.T.);
#5987=EDGE_CURVE('',#7441,#7498,#7500,.T.);
#5988=EDGE_CURVE('',#7501,#7446,#7502,.T.);
#5989=EDGE_CURVE('',#7433,#7501,#7503,.T.);
#5990=EDGE_CURVE('',#7501,#7504,#7505,.T.);
#5991=EDGE_CURVE('',#7434,#7504,#7506,.T.);
#5992=EDGE_CURVE('',#7504,#7444,#7507,.T.);
#5993=EDGE_CURVE('',#7442,#7508,#7509,.T.);
#5994=EDGE_CURVE('',#7508,#7436,#7510,.T.);
#5995=EDGE_CURVE('',#7498,#7508,#7511,.T.);
#5996=EDGE_CURVE('',#7512,#7454,#7513,.T.);
#5997=EDGE_CURVE('',#7457,#7512,#7514,.T.);
#5998=EDGE_CURVE('',#7515,#7462,#7516,.T.);
#5999=EDGE_CURVE('',#7449,#7515,#7517,.T.);
#6000=EDGE_CURVE('',#7515,#7518,#7519,.T.);
#6001=EDGE_CURVE('',#7450,#7518,#7520,.T.);
#6002=EDGE_CURVE('',#7518,#7460,#7521,.T.);
#6003=EDGE_CURVE('',#7458,#7522,#7523,.T.);
#6004=EDGE_CURVE('',#7522,#7452,#7524,.T.);
#6005=EDGE_CURVE('',#7512,#7522,#7525,.T.);
#6006=EDGE_CURVE('',#7526,#7470,#7527,.T.);
#6007=EDGE_CURVE('',#7473,#7526,#7528,.T.);
#6008=EDGE_CURVE('',#7529,#7478,#7530,.T.);
#6009=EDGE_CURVE('',#7465,#7529,#7531,.T.);
#6010=EDGE_CURVE('',#7529,#7532,#7533,.T.);
#6011=EDGE_CURVE('',#7466,#7532,#7534,.T.);
#6012=EDGE_CURVE('',#7532,#7476,#7535,.T.);
#6013=EDGE_CURVE('',#7474,#7536,#7537,.T.);
#6014=EDGE_CURVE('',#7536,#7468,#7538,.T.);
#6015=EDGE_CURVE('',#7526,#7536,#7539,.T.);
#6016=EDGE_CURVE('',#7249,#7540,#7541,.T.);
#6017=EDGE_CURVE('',#7542,#7540,#7543,.T.);
#6018=EDGE_CURVE('',#7239,#7542,#7544,.T.);
#6019=EDGE_CURVE('',#7545,#7542,#7546,.T.);
#6020=EDGE_CURVE('',#7238,#7545,#7547,.T.);
#6021=EDGE_CURVE('',#7548,#7545,#7549,.T.);
#6022=EDGE_CURVE('',#7241,#7548,#7550,.T.);
#6023=EDGE_CURVE('',#7551,#7548,#7552,.T.);
#6024=EDGE_CURVE('',#7243,#7551,#7553,.T.);
#6025=EDGE_CURVE('',#7554,#7551,#7555,.T.);
#6026=EDGE_CURVE('',#7245,#7554,#7556,.T.);
#6027=EDGE_CURVE('',#7557,#7554,#7558,.T.);
#6028=EDGE_CURVE('',#7247,#7557,#7559,.T.);
#6029=EDGE_CURVE('',#7540,#7557,#7560,.T.);
#6030=EDGE_CURVE('',#7561,#6974,#7562,.T.);
#6031=EDGE_CURVE('',#7561,#7563,#7564,.T.);
#6032=EDGE_CURVE('',#7563,#6965,#7565,.T.);
#6033=EDGE_CURVE('',#6843,#7566,#7567,.T.);
#6034=EDGE_CURVE('',#6851,#7568,#7569,.T.);
#6035=EDGE_CURVE('',#7568,#7566,#7570,.T.);
#6036=EDGE_CURVE('',#6405,#6966,#7571,.T.);
#6037=EDGE_CURVE('',#7563,#7572,#7573,.T.);
#6038=EDGE_CURVE('',#7572,#7574,#7575,.T.);
#6039=EDGE_CURVE('',#7574,#7576,#7577,.T.);
#6040=EDGE_CURVE('',#7578,#7576,#7579,.T.);
#6041=EDGE_CURVE('',#7578,#7580,#7581,.T.);
#6042=EDGE_CURVE('',#7582,#7580,#7583,.T.);
#6043=EDGE_CURVE('',#7584,#7582,#7585,.T.);
#6044=EDGE_CURVE('',#7586,#7584,#7587,.T.);
#6045=EDGE_CURVE('',#7586,#7588,#7589,.T.);
#6046=EDGE_CURVE('',#7590,#7588,#7591,.T.);
#6047=EDGE_CURVE('',#7592,#7590,#7593,.T.);
#6048=EDGE_CURVE('',#7594,#7592,#7595,.T.);
#6049=EDGE_CURVE('',#7594,#7596,#7597,.T.);
#6050=EDGE_CURVE('',#7596,#7598,#7599,.T.);
#6051=EDGE_CURVE('',#7598,#7568,#7600,.T.);
#6052=EDGE_CURVE('',#6849,#6407,#7601,.T.);
#6053=EDGE_CURVE('',#7598,#7602,#7603,.T.);
#6054=EDGE_CURVE('',#7602,#7604,#7605,.T.);
#6055=EDGE_CURVE('',#7566,#7604,#7606,.T.);
#6056=EDGE_CURVE('',#7607,#7604,#7608,.T.);
#6057=EDGE_CURVE('',#7609,#7607,#7610,.T.);
#6058=EDGE_CURVE('',#7609,#7566,#7611,.T.);
#6059=EDGE_CURVE('',#7612,#7613,#7614,.T.);
#6060=EDGE_CURVE('',#6268,#7612,#7615,.T.);
#6061=EDGE_CURVE('',#7616,#6272,#7617,.T.);
#6062=EDGE_CURVE('',#7616,#6843,#7618,.T.);
#6063=EDGE_CURVE('',#6246,#7609,#7619,.T.);
#6064=EDGE_CURVE('',#6243,#7620,#7621,.T.);
#6065=EDGE_CURVE('',#7622,#7620,#7623,.T.);
#6066=EDGE_CURVE('',#7622,#7613,#7624,.T.);
#6067=EDGE_CURVE('',#7625,#7622,#7626,.T.);
#6068=EDGE_CURVE('',#7625,#7627,#7628,.T.);
#6069=EDGE_CURVE('',#7613,#7627,#7629,.T.);
#6070=EDGE_CURVE('',#7630,#7627,#7631,.T.);
#6071=EDGE_CURVE('',#7612,#7630,#7632,.T.);
#6072=EDGE_CURVE('',#6267,#7630,#7633,.T.);
#6073=EDGE_CURVE('',#7634,#6270,#7635,.T.);
#6074=EDGE_CURVE('',#7616,#7634,#7636,.T.);
#6075=EDGE_CURVE('',#7634,#6844,#7637,.T.);
#6076=EDGE_CURVE('',#7625,#7638,#7639,.T.);
#6077=EDGE_CURVE('',#6244,#7638,#7640,.T.);
#6078=EDGE_CURVE('',#6248,#7607,#7641,.T.);
#6079=EDGE_CURVE('',#6844,#7604,#7642,.T.);
#6080=EDGE_CURVE('',#6970,#7643,#7644,.T.);
#6081=EDGE_CURVE('',#7643,#7645,#7646,.T.);
#6082=EDGE_CURVE('',#6972,#7645,#7647,.T.);
#6083=EDGE_CURVE('',#7602,#6846,#7648,.T.);
#6084=EDGE_CURVE('',#7649,#7650,#7651,.T.);
#6085=EDGE_CURVE('',#7650,#6260,#7652,.T.);
#6086=EDGE_CURVE('',#6264,#7653,#7654,.T.);
#6087=EDGE_CURVE('',#6972,#7653,#7655,.T.);
#6088=EDGE_CURVE('',#7645,#7656,#7657,.T.);
#6089=EDGE_CURVE('',#7656,#6254,#7658,.T.);
#6090=EDGE_CURVE('',#7659,#6251,#7660,.T.);
#6091=EDGE_CURVE('',#7659,#7661,#7662,.T.);
#6092=EDGE_CURVE('',#7649,#7661,#7663,.T.);
#6093=EDGE_CURVE('',#7664,#7665,#7666,.T.);
#6094=EDGE_CURVE('',#7649,#7664,#7667,.T.);
#6095=EDGE_CURVE('',#7665,#7661,#7668,.T.);
#6096=EDGE_CURVE('',#7669,#7659,#7670,.T.);
#6097=EDGE_CURVE('',#7669,#7665,#7671,.T.);
#6098=EDGE_CURVE('',#7669,#6252,#7672,.T.);
#6099=EDGE_CURVE('',#7673,#6256,#7674,.T.);
#6100=EDGE_CURVE('',#7561,#7673,#7675,.T.);
#6101=EDGE_CURVE('',#6974,#7676,#7677,.T.);
#6102=EDGE_CURVE('',#6262,#7676,#7678,.T.);
#6103=EDGE_CURVE('',#7679,#6259,#7680,.T.);
#6104=EDGE_CURVE('',#7664,#7679,#7681,.T.);
#6105=EDGE_CURVE('',#7679,#7650,#7682,.T.);
#6106=EDGE_CURVE('',#7676,#7653,#7683,.T.);
#6107=EDGE_CURVE('',#7561,#7645,#7684,.T.);
#6108=EDGE_CURVE('',#7673,#7656,#7685,.T.);
#6109=EDGE_CURVE('',#7643,#7572,#7686,.T.);
#6110=EDGE_CURVE('',#7687,#6565,#7688,.T.);
#6111=EDGE_CURVE('',#7574,#7687,#7689,.T.);
#6112=EDGE_CURVE('',#7576,#7690,#7691,.T.);
#6113=EDGE_CURVE('',#7690,#7687,#7692,.T.);
#6114=EDGE_CURVE('',#7693,#7694,#7695,.T.);
#6115=EDGE_CURVE('',#7693,#7696,#7697,.T.);
#6116=EDGE_CURVE('',#7698,#7696,#7699,.T.);
#6117=EDGE_CURVE('',#7700,#7698,#7701,.T.);
#6118=EDGE_CURVE('',#7702,#7700,#7703,.T.);
#6119=EDGE_CURVE('',#7702,#7704,#7705,.T.);
#6120=EDGE_CURVE('',#7706,#7704,#7707,.T.);
#6121=EDGE_CURVE('',#7708,#7706,#7709,.T.);
#6122=EDGE_CURVE('',#7690,#7708,#7710,.T.);
#6123=EDGE_CURVE('',#6563,#7711,#7712,.T.);
#6124=EDGE_CURVE('',#7711,#7694,#7713,.T.);
#6125=EDGE_CURVE('',#7694,#7594,#7714,.T.);
#6126=EDGE_CURVE('',#7711,#7596,#7715,.T.);
#6127=EDGE_CURVE('',#7592,#7716,#7717,.T.);
#6128=EDGE_CURVE('',#7718,#7716,#7719,.T.);
#6129=EDGE_CURVE('',#7586,#7718,#7720,.T.);
#6130=EDGE_CURVE('',#7584,#7721,#7722,.T.);
#6131=EDGE_CURVE('',#7723,#7721,#7724,.T.);
#6132=EDGE_CURVE('',#7578,#7723,#7725,.T.);
#6133=EDGE_CURVE('',#7708,#7726,#7727,.T.);
#6134=EDGE_CURVE('',#7728,#7726,#7729,.T.);
#6135=EDGE_CURVE('',#7702,#7728,#7730,.T.);
#6136=EDGE_CURVE('',#7700,#7731,#7732,.T.);
#6137=EDGE_CURVE('',#7733,#7731,#7734,.T.);
#6138=EDGE_CURVE('',#7693,#7733,#7735,.T.);
#6139=EDGE_CURVE('',#7736,#7737,#7738,.T.);
#6140=EDGE_CURVE('',#7737,#7739,#7740,.T.);
#6141=EDGE_CURVE('',#7739,#7741,#7742,.T.);
#6142=EDGE_CURVE('',#7736,#7741,#7743,.T.);
#6143=EDGE_CURVE('',#7744,#7745,#7746,.T.);
#6144=EDGE_CURVE('',#7745,#7747,#7748,.T.);
#6145=EDGE_CURVE('',#7747,#7749,#7750,.T.);
#6146=EDGE_CURVE('',#7744,#7749,#7751,.T.);
#6147=EDGE_CURVE('',#7752,#7753,#7754,.T.);
#6148=EDGE_CURVE('',#7755,#7753,#7756,.T.);
#6149=EDGE_CURVE('',#7755,#7757,#7758,.T.);
#6150=EDGE_CURVE('',#7757,#7752,#7759,.T.);
#6151=EDGE_CURVE('',#7760,#7761,#7762,.T.);
#6152=EDGE_CURVE('',#7763,#7761,#7764,.T.);
#6153=EDGE_CURVE('',#7763,#7765,#7766,.T.);
#6154=EDGE_CURVE('',#7765,#7760,#7767,.T.);
#6155=EDGE_CURVE('',#7733,#7768,#7769,.T.);
#6156=EDGE_CURVE('',#7696,#7768,#7770,.T.);
#6157=EDGE_CURVE('',#7580,#7771,#7772,.T.);
#6158=EDGE_CURVE('',#7771,#7773,#7774,.T.);
#6159=EDGE_CURVE('',#7773,#7582,#7775,.T.);
#6160=EDGE_CURVE('',#7704,#7776,#7777,.T.);
#6161=EDGE_CURVE('',#7776,#7778,#7779,.T.);
#6162=EDGE_CURVE('',#7778,#7706,#7780,.T.);
#6163=EDGE_CURVE('',#7781,#7782,#7783,.T.);
#6164=EDGE_CURVE('',#7782,#7590,#7784,.T.);
#6165=EDGE_CURVE('',#7588,#7781,#7785,.T.);
#6166=EDGE_CURVE('',#7768,#7786,#7787,.T.);
#6167=EDGE_CURVE('',#7786,#7698,#7788,.T.);
#6168=EDGE_CURVE('',#7721,#7773,#7789,.T.);
#6169=EDGE_CURVE('',#7723,#7771,#7790,.T.);
#6170=EDGE_CURVE('',#7726,#7778,#7791,.T.);
#6171=EDGE_CURVE('',#7728,#7776,#7792,.T.);
#6172=EDGE_CURVE('',#7718,#7781,#7793,.T.);
#6173=EDGE_CURVE('',#7716,#7782,#7794,.T.);
#6174=EDGE_CURVE('',#7731,#7786,#7795,.T.);
#6175=EDGE_CURVE('',#7796,#7741,#7797,.T.);
#6176=EDGE_CURVE('',#7798,#7796,#7799,.T.);
#6177=EDGE_CURVE('',#7798,#7736,#7800,.T.);
#6178=EDGE_CURVE('',#7801,#7798,#7802,.T.);
#6179=EDGE_CURVE('',#7803,#7801,#7804,.T.);
#6180=EDGE_CURVE('',#7805,#7803,#7806,.T.);
#6181=EDGE_CURVE('',#7805,#7737,#7807,.T.);
#6182=EDGE_CURVE('',#7805,#7808,#7809,.T.);
#6183=EDGE_CURVE('',#7808,#7739,#7810,.T.);
#6184=EDGE_CURVE('',#7808,#7811,#7812,.T.);
#6185=EDGE_CURVE('',#7811,#7813,#7814,.T.);
#6186=EDGE_CURVE('',#7813,#7796,#7815,.T.);
#6187=EDGE_CURVE('',#7801,#7813,#7816,.T.);
#6188=EDGE_CURVE('',#7803,#7811,#7817,.T.);
#6189=EDGE_CURVE('',#7818,#7749,#7819,.T.);
#6190=EDGE_CURVE('',#7820,#7818,#7821,.T.);
#6191=EDGE_CURVE('',#7820,#7744,#7822,.T.);
#6192=EDGE_CURVE('',#7823,#7820,#7824,.T.);
#6193=EDGE_CURVE('',#7825,#7823,#7826,.T.);
#6194=EDGE_CURVE('',#7827,#7825,#7828,.T.);
#6195=EDGE_CURVE('',#7827,#7745,#7829,.T.);
#6196=EDGE_CURVE('',#7827,#7830,#7831,.T.);
#6197=EDGE_CURVE('',#7830,#7747,#7832,.T.);
#6198=EDGE_CURVE('',#7830,#7833,#7834,.T.);
#6199=EDGE_CURVE('',#7833,#7835,#7836,.T.);
#6200=EDGE_CURVE('',#7835,#7818,#7837,.T.);
#6201=EDGE_CURVE('',#7823,#7835,#7838,.T.);
#6202=EDGE_CURVE('',#7825,#7833,#7839,.T.);
#6203=EDGE_CURVE('',#7840,#7757,#7841,.T.);
#6204=EDGE_CURVE('',#7840,#7842,#7843,.T.);
#6205=EDGE_CURVE('',#7842,#7752,#7844,.T.);
#6206=EDGE_CURVE('',#7842,#7845,#7846,.T.);
#6207=EDGE_CURVE('',#7845,#7847,#7848,.T.);
#6208=EDGE_CURVE('',#7847,#7849,#7850,.T.);
#6209=EDGE_CURVE('',#7849,#7753,#7851,.T.);
#6210=EDGE_CURVE('',#7852,#7849,#7853,.T.);
#6211=EDGE_CURVE('',#7852,#7755,#7854,.T.);
#6212=EDGE_CURVE('',#7855,#7852,#7856,.T.);
#6213=EDGE_CURVE('',#7857,#7855,#7858,.T.);
#6214=EDGE_CURVE('',#7840,#7857,#7859,.T.);
#6215=EDGE_CURVE('',#7857,#7845,#7860,.T.);
#6216=EDGE_CURVE('',#7855,#7847,#7861,.T.);
#6217=EDGE_CURVE('',#7862,#7765,#7863,.T.);
#6218=EDGE_CURVE('',#7862,#7864,#7865,.T.);
#6219=EDGE_CURVE('',#7864,#7760,#7866,.T.);
#6220=EDGE_CURVE('',#7864,#7867,#7868,.T.);
#6221=EDGE_CURVE('',#7867,#7869,#7870,.T.);
#6222=EDGE_CURVE('',#7869,#7871,#7872,.T.);
#6223=EDGE_CURVE('',#7871,#7761,#7873,.T.);
#6224=EDGE_CURVE('',#7874,#7871,#7875,.T.);
#6225=EDGE_CURVE('',#7874,#7763,#7876,.T.);
#6226=EDGE_CURVE('',#7877,#7874,#7878,.T.);
#6227=EDGE_CURVE('',#7879,#7877,#7880,.T.);
#6228=EDGE_CURVE('',#7862,#7879,#7881,.T.);
#6229=EDGE_CURVE('',#7879,#7867,#7882,.T.);
#6230=EDGE_CURVE('',#7877,#7869,#7883,.T.);
#6231=EDGE_CURVE('',#7620,#7638,#7884,.T.);
#6232=EDGE_CURVE('',#7885,#6957,#7886,.T.);
#6233=EDGE_CURVE('',#6926,#7885,#7887,.T.);
#6234=EDGE_CURVE('',#7888,#7885,#7889,.T.);
#6235=EDGE_CURVE('',#6929,#7888,#7890,.T.);
#6236=EDGE_CURVE('',#6955,#7888,#7891,.T.);
#6237=EDGE_CURVE('',#6919,#7892,#7893,.T.);
#6238=EDGE_CURVE('',#7892,#7894,#7895,.T.);
#6239=EDGE_CURVE('',#7894,#6921,#7896,.T.);
#6240=EDGE_CURVE('',#6934,#7894,#7897,.T.);
#6241=EDGE_CURVE('',#6936,#7892,#7898,.T.);
#6242=EDGE_CURVE('',#6760,#6528,#7899,.T.);
#6243=VERTEX_POINT('',#7900);
#6244=VERTEX_POINT('',#7901);
#6245=LINE('',#7902,#7903);
#6246=VERTEX_POINT('',#7904);
#6247=B_SPLINE_CURVE_WITH_KNOTS('',3,(#7905,#7906,#7907,#7908,#7909,#7910,#7911),.UNSPECIFIED.,.F.,.F.,(4,1,1,1,4),(0.0,0.25,0.5,0.75,1.0),.UNSPECIFIED.);
#6248=VERTEX_POINT('',#7912);
#6249=LINE('',#7913,#7914);
#6250=B_SPLINE_CURVE_WITH_KNOTS('',3,(#7915,#7916,#7917,#7918,#7919,#7920,#7921),.UNSPECIFIED.,.F.,.F.,(4,1,1,1,4),(0.0,0.25,0.5,0.75,1.0),.UNSPECIFIED.);
#6251=VERTEX_POINT('',#7922);
#6252=VERTEX_POINT('',#7923);
#6253=LINE('',#7924,#7925);
#6254=VERTEX_POINT('',#7926);
#6255=B_SPLINE_CURVE_WITH_KNOTS('',3,(#7927,#7928,#7929,#7930,#7931,#7932,#7933),.UNSPECIFIED.,.F.,.F.,(4,1,1,1,4),(0.0,0.25,0.5,0.75,1.0),.UNSPECIFIED.);
#6256=VERTEX_POINT('',#7934);
#6257=LINE('',#7935,#7936);
#6258=B_SPLINE_CURVE_WITH_KNOTS('',3,(#7937,#7938,#7939,#7940,#7941,#7942,#7943),.UNSPECIFIED.,.F.,.F.,(4,1,1,1,4),(0.0,0.25,0.5,0.75,1.0),.UNSPECIFIED.);
#6259=VERTEX_POINT('',#7944);
#6260=VERTEX_POINT('',#7945);
#6261=LINE('',#7946,#7947);
#6262=VERTEX_POINT('',#7948);
#6263=B_SPLINE_CURVE_WITH_KNOTS('',3,(#7949,#7950,#7951,#7952,#7953,#7954,#7955,#7956,#7957),.UNSPECIFIED.,.F.,.F.,(4,1,1,1,1,1,4),(0.0,0.125,0.25,0.5,0.75,0.875,1.0),.UNSPECIFIED.);
#6264=VERTEX_POINT('',#7958);
#6265=LINE('',#7959,#7960);
#6266=B_SPLINE_CURVE_WITH_KNOTS('',3,(#7961,#7962,#7963,#7964,#7965,#7966,#7967,#7968,#7969),.UNSPECIFIED.,.F.,.F.,(4,1,1,1,1,1,4),(0.0,0.125,0.25,0.5,0.75,0.875,1.0),.UNSPECIFIED.);
#6267=VERTEX_POINT('',#7970);
#6268=VERTEX_POINT('',#7971);
#6269=LINE('',#7972,#7973);
#6270=VERTEX_POINT('',#7974);
#6271=B_SPLINE_CURVE_WITH_KNOTS('',3,(#7975,#7976,#7977,#7978,#7979,#7980,#7981,#7982,#7983),.UNSPECIFIED.,.F.,.F.,(4,1,1,1,1,1,4),(0.0,0.125,0.25,0.5,0.75,0.875,1.0),.UNSPECIFIED.);
#6272=VERTEX_POINT('',#7984);
#6273=LINE('',#7985,#7986);
#6274=B_SPLINE_CURVE_WITH_KNOTS('',3,(#7987,#7988,#7989,#7990,#7991,#7992,#7993,#7994,#7995),.UNSPECIFIED.,.F.,.F.,(4,1,1,1,1,1,4),(0.0,0.125,0.25,0.5,0.75,0.875,1.0),.UNSPECIFIED.);
#6275=VERTEX_POINT('',#7996);
#6276=VERTEX_POINT('',#7997);
#6277=LINE('',#7998,#7999);
#6278=VERTEX_POINT('',#8000);
#6279=CIRCLE('',#8001,0.08);
#6280=VERTEX_POINT('',#8002);
#6281=LINE('',#8003,#8004);
#6282=CIRCLE('',#8005,0.08);
#6283=VERTEX_POINT('',#8006);
#6284=VERTEX_POINT('',#8007);
#6285=LINE('',#8008,#8009);
#6286=VERTEX_POINT('',#8010);
#6287=CIRCLE('',#8011,0.08);
#6288=VERTEX_POINT('',#8012);
#6289=LINE('',#8013,#8014);
#6290=CIRCLE('',#8015,0.08);
#6291=VERTEX_POINT('',#8016);
#6292=VERTEX_POINT('',#8017);
#6293=LINE('',#8018,#8019);
#6294=VERTEX_POINT('',#8020);
#6295=CIRCLE('',#8021,0.25);
#6296=VERTEX_POINT('',#8022);
#6297=LINE('',#8023,#8024);
#6298=CIRCLE('',#8025,0.25);
#6299=VERTEX_POINT('',#8026);
#6300=VERTEX_POINT('',#8027);
#6301=LINE('',#8028,#8029);
#6302=VERTEX_POINT('',#8030);
#6303=CIRCLE('',#8031,0.25);
#6304=VERTEX_POINT('',#8032);
#6305=LINE('',#8033,#8034);
#6306=CIRCLE('',#8035,0.25);
#6307=VERTEX_POINT('',#8036);
#6308=VERTEX_POINT('',#8037);
#6309=LINE('',#8038,#8039);
#6310=VERTEX_POINT('',#8040);
#6311=B_SPLINE_CURVE_WITH_KNOTS('',3,(#8041,#8042,#8043,#8044,#8045,#8046,#8047,#8048,#8049),.UNSPECIFIED.,.F.,.F.,(4,1,1,1,1,1,4),(0.0,0.125,0.25,0.5,0.75,0.875,1.0),.UNSPECIFIED.);
#6312=VERTEX_POINT('',#8050);
#6313=LINE('',#8051,#8052);
#6314=B_SPLINE_CURVE_WITH_KNOTS('',3,(#8053,#8054,#8055,#8056,#8057,#8058,#8059,#8060,#8061),.UNSPECIFIED.,.F.,.F.,(4,1,1,1,1,1,4),(0.0,0.125,0.25,0.5,0.75,0.875,1.0),.UNSPECIFIED.);
#6315=VERTEX_POINT('',#8062);
#6316=VERTEX_POINT('',#8063);
#6317=LINE('',#8064,#8065);
#6318=VERTEX_POINT('',#8066);
#6319=B_SPLINE_CURVE_WITH_KNOTS('',3,(#8067,#8068,#8069,#8070,#8071,#8072,#8073,#8074,#8075),.UNSPECIFIED.,.F.,.F.,(4,1,1,1,1,1,4),(0.0,0.125,0.25,0.5,0.75,0.875,1.0),.UNSPECIFIED.);
#6320=VERTEX_POINT('',#8076);
#6321=LINE('',#8077,#8078);
#6322=B_SPLINE_CURVE_WITH_KNOTS('',3,(#8079,#8080,#8081,#8082,#8083,#8084,#8085,#8086,#8087),.UNSPECIFIED.,.F.,.F.,(4,1,1,1,1,1,4),(0.0,0.125,0.25,0.5,0.75,0.875,1.0),.UNSPECIFIED.);
#6323=VERTEX_POINT('',#8088);
#6324=VERTEX_POINT('',#8089);
#6325=LINE('',#8090,#8091);
#6326=VERTEX_POINT('',#8092);
#6327=B_SPLINE_CURVE_WITH_KNOTS('',3,(#8093,#8094,#8095,#8096,#8097,#8098,#8099,#8100,#8101),.UNSPECIFIED.,.F.,.F.,(4,1,1,1,1,1,4),(0.0,0.125,0.25,0.5,0.75,0.875,1.0),.UNSPECIFIED.);
#6328=VERTEX_POINT('',#8102);
#6329=LINE('',#8103,#8104);
#6330=B_SPLINE_CURVE_WITH_KNOTS('',3,(#8105,#8106,#8107,#8108,#8109,#8110,#8111,#8112,#8113),.UNSPECIFIED.,.F.,.F.,(4,1,1,1,1,1,4),(0.0,0.125,0.25,0.5,0.75,0.875,1.0),.UNSPECIFIED.);
#6331=VERTEX_POINT('',#8114);
#6332=VERTEX_POINT('',#8115);
#6333=LINE('',#8116,#8117);
#6334=VERTEX_POINT('',#8118);
#6335=CIRCLE('',#8119,0.25);
#6336=VERTEX_POINT('',#8120);
#6337=LINE('',#8121,#8122);
#6338=CIRCLE('',#8123,0.25);
#6339=VERTEX_POINT('',#8124);
#6340=VERTEX_POINT('',#8125);
#6341=LINE('',#8126,#8127);
#6342=VERTEX_POINT('',#8128);
#6343=CIRCLE('',#8129,0.25);
#6344=VERTEX_POINT('',#8130);
#6345=LINE('',#8131,#8132);
#6346=CIRCLE('',#8133,0.25);
#6347=VERTEX_POINT('',#8134);
#6348=VERTEX_POINT('',#8135);
#6349=LINE('',#8136,#8137);
#6350=VERTEX_POINT('',#8138);
#6351=B_SPLINE_CURVE_WITH_KNOTS('',3,(#8139,#8140,#8141,#8142,#8143,#8144,#8145,#8146,#8147),.UNSPECIFIED.,.F.,.F.,(4,1,1,1,1,1,4),(0.0,0.125,0.25,0.5,0.75,0.875,1.0),.UNSPECIFIED.);
#6352=VERTEX_POINT('',#8148);
#6353=LINE('',#8149,#8150);
#6354=B_SPLINE_CURVE_WITH_KNOTS('',3,(#8151,#8152,#8153,#8154,#8155,#8156,#8157,#8158,#8159),.UNSPECIFIED.,.F.,.F.,(4,1,1,1,1,1,4),(0.0,0.125,0.25,0.5,0.75,0.875,1.0),.UNSPECIFIED.);
#6355=VERTEX_POINT('',#8160);
#6356=VERTEX_POINT('',#8161);
#6357=LINE('',#8162,#8163);
#6358=VERTEX_POINT('',#8164);
#6359=CIRCLE('',#8165,0.3);
#6360=VERTEX_POINT('',#8166);
#6361=LINE('',#8167,#8168);
#6362=VERTEX_POINT('',#8169);
#6363=LINE('',#8170,#8171);
#6364=VERTEX_POINT('',#8172);
#6365=LINE('',#8173,#8174);
#6366=CIRCLE('',#8175,0.3);
#6367=VERTEX_POINT('',#8176);
#6368=LINE('',#8177,#8178);
#6369=VERTEX_POINT('',#8179);
#6370=LINE('',#8180,#8181);
#6371=CIRCLE('',#8182,0.3);
#6372=VERTEX_POINT('',#8183);
#6373=LINE('',#8184,#8185);
#6374=VERTEX_POINT('',#8186);
#6375=LINE('',#8187,#8188);
#6376=VERTEX_POINT('',#8189);
#6377=LINE('',#8190,#8191);
#6378=VERTEX_POINT('',#8192);
#6379=CIRCLE('',#8193,0.3);
#6380=LINE('',#8194,#8195);
#6381=LINE('',#8196,#8197);
#6382=LINE('',#8198,#8199);
#6383=VERTEX_POINT('',#8200);
#6384=CIRCLE('',#8201,0.302);
#6385=VERTEX_POINT('',#8202);
#6386=LINE('',#8203,#8204);
#6387=CIRCLE('',#8205,0.62);
#6388=VERTEX_POINT('',#8206);
#6389=B_SPLINE_CURVE_WITH_KNOTS('',3,(#8207,#8208,#8209,#8210,#8211,#8212,#8213,#8214,#8215,#8216,#8217,#8218,#8219,#8220,#8221,#8222,#8223,#8224,#8225,#8226),.UNSPECIFIED.,.F.,.F.,(4,1,1,1,1,1,1,1,1,1,1,1,1,1,1,1,1,4),(0.0,0.05882352941176,0.1176470588235,0.1764705882353,0.2352941176471,0.2941176470588,0.3529411764706,0.4117647058824,0.4705882352941,0.5294117647059,0.5882352941176,0.6470588235294,0.7058823529412,0.7647058823529,0.8235294117647,0.8823529411765,0.9411764705882,1.0),.UNSPECIFIED.);
#6390=VERTEX_POINT('',#8227);
#6391=LINE('',#8228,#8229);
#6392=VERTEX_POINT('',#8230);
#6393=B_SPLINE_CURVE_WITH_KNOTS('',3,(#8231,#8232,#8233,#8234,#8235,#8236,#8237,#8238,#8239,#8240,#8241,#8242,#8243,#8244,#8245,#8246,#8247,#8248,#8249,#8250),.UNSPECIFIED.,.F.,.F.,(4,1,1,1,1,1,1,1,1,1,1,1,1,1,1,1,1,4),(0.0,0.05882352941176,0.1176470588235,0.1764705882353,0.2352941176471,0.2941176470588,0.3529411764706,0.4117647058824,0.4705882352941,0.5294117647059,0.5882352941176,0.6470588235294,0.7058823529412,0.7647058823529,0.8235294117647,0.8823529411765,0.9411764705882,1.0),.UNSPECIFIED.);
#6394=CIRCLE('',#8251,0.62);
#6395=VERTEX_POINT('',#8252);
#6396=LINE('',#8253,#8254);
#6397=CIRCLE('',#8255,0.302);
#6398=VERTEX_POINT('',#8256);
#6399=B_SPLINE_CURVE_WITH_KNOTS('',3,(#8257,#8258,#8259,#8260,#8261,#8262,#8263,#8264,#8265,#8266,#8267,#8268,#8269,#8270,#8271,#8272,#8273,#8274,#8275,#8276,#8277,#8278,#8279,#8280,#8281,#8282),.UNSPECIFIED.,.F.,.F.,(4,1,1,1,1,1,1,1,1,1,1,1,1,1,1,1,1,1,1,1,1,1,1,4),(0.0,0.04347826086957,0.08695652173913,0.1304347826087,0.1739130434783,0.2173913043478,0.2608695652174,0.304347826087,0.3478260869565,0.3913043478261,0.4347826086957,0.4782608695652,0.5217391304348,0.5652173913043,0.6086956521739,0.6521739130435,0.695652173913,0.7391304347826,0.7826086956522,0.8260869565217,0.8695652173913,0.9130434782609,0.9565217391304,1.0),.UNSPECIFIED.);
#6400=VERTEX_POINT('',#8283);
#6401=B_SPLINE_CURVE_WITH_KNOTS('',3,(#8284,#8285,#8286,#8287,#8288,#8289,#8290,#8291,#8292,#8293,#8294,#8295,#8296,#8297,#8298,#8299,#8300,#8301,#8302,#8303,#8304,#8305,#8306,#8307,#8308,#8309),.UNSPECIFIED.,.F.,.F.,(4,1,1,1,1,1,1,1,1,1,1,1,1,1,1,1,1,1,1,1,1,1,1,4),(0.0,0.04347826086957,0.08695652173913,0.1304347826087,0.1739130434783,0.2173913043478,0.2608695652174,0.304347826087,0.3478260869565,0.3913043478261,0.4347826086957,0.4782608695652,0.5217391304348,0.5652173913043,0.6086956521739,0.6521739130435,0.695652173913,0.7391304347826,0.7826086956522,0.8260869565217,0.8695652173913,0.9130434782609,0.9565217391304,1.0),.UNSPECIFIED.);
#6402=LINE('',#8310,#8311);
#6403=VERTEX_POINT('',#8312);
#6404=LINE('',#8313,#8314);
#6405=VERTEX_POINT('',#8315);
#6406=LINE('',#8316,#8317);
#6407=VERTEX_POINT('',#8318);
#6408=LINE('',#8319,#8320);
#6409=VERTEX_POINT('',#8321);
#6410=LINE('',#8322,#8323);
#6411=LINE('',#8324,#8325);
#6412=VERTEX_POINT('',#8326);
#6413=VERTEX_POINT('',#8327);
#6414=CIRCLE('',#8328,0.9035677236805);
#6415=VERTEX_POINT('',#8329);
#6416=LINE('',#8330,#8331);
#6417=CIRCLE('',#8332,0.25);
#6418=LINE('',#8333,#8334);
#6419=LINE('',#8335,#8336);
#6420=VERTEX_POINT('',#8337);
#6421=VERTEX_POINT('',#8338);
#6422=CIRCLE('',#8339,0.9035677236805);
#6423=LINE('',#8340,#8341);
#6424=LINE('',#8342,#8343);
#6425=VERTEX_POINT('',#8344);
#6426=CIRCLE('',#8345,0.25);
#6427=LINE('',#8346,#8347);
#6428=VERTEX_POINT('',#8348);
#6429=VERTEX_POINT('',#8349);
#6430=LINE('',#8350,#8351);
#6431=LINE('',#8352,#8353);
#6432=LINE('',#8354,#8355);
#6433=VERTEX_POINT('',#8356);
#6434=LINE('',#8357,#8358);
#6435=VERTEX_POINT('',#8359);
#6436=LINE('',#8360,#8361);
#6437=LINE('',#8362,#8363);
#6438=CIRCLE('',#8364,0.25);
#6439=VERTEX_POINT('',#8365);
#6440=LINE('',#8366,#8367);
#6441=VERTEX_POINT('',#8368);
#6442=LINE('',#8369,#8370);
#6443=VERTEX_POINT('',#8371);
#6444=LINE('',#8372,#8373);
#6445=VERTEX_POINT('',#8374);
#6446=LINE('',#8375,#8376);
#6447=LINE('',#8377,#8378);
#6448=VERTEX_POINT('',#8379);
#6449=CIRCLE('',#8380,0.25);
#6450=VERTEX_POINT('',#8381);
#6451=LINE('',#8382,#8383);
#6452=VERTEX_POINT('',#8384);
#6453=CIRCLE('',#8385,0.9035677236805);
#6454=LINE('',#8386,#8387);
#6455=LINE('',#8388,#8389);
#6456=VERTEX_POINT('',#8390);
#6457=LINE('',#8391,#8392);
#6458=CIRCLE('',#8393,0.9035677236805);
#6459=LINE('',#8394,#8395);
#6460=VERTEX_POINT('',#8396);
#6461=LINE('',#8397,#8398);
#6462=VERTEX_POINT('',#8399);
#6463=LINE('',#8400,#8401);
#6464=VERTEX_POINT('',#8402);
#6465=LINE('',#8403,#8404);
#6466=B_SPLINE_CURVE_WITH_KNOTS('',3,(#8405,#8406,#8407,#8408,#8409,#8410,#8411,#8412,#8413),.UNSPECIFIED.,.F.,.F.,(4,1,1,1,1,1,4),(0.0,0.125,0.25,0.499999999990858,0.75,0.875,0.999999999963433),.UNSPECIFIED.);
#6467=VERTEX_POINT('',#8414);
#6468=LINE('',#8415,#8416);
#6469=B_SPLINE_CURVE_WITH_KNOTS('',3,(#8417,#8418,#8419,#8420,#8421,#8422,#8423,#8424,#8425),.UNSPECIFIED.,.F.,.F.,(4,1,1,1,1,1,4),(0.0,0.125,0.25,0.5,0.75,0.875,1.0),.UNSPECIFIED.);
#6470=VERTEX_POINT('',#8426);
#6471=VERTEX_POINT('',#8427);
#6472=LINE('',#8428,#8429);
#6473=LINE('',#8430,#8431);
#6474=LINE('',#8432,#8433);
#6475=VERTEX_POINT('',#8434);
#6476=VERTEX_POINT('',#8435);
#6477=LINE('',#8436,#8437);
#6478=VERTEX_POINT('',#8438);
#6479=B_SPLINE_CURVE_WITH_KNOTS('',3,(#8439,#8440,#8441,#8442,#8443,#8444,#8445,#8446,#8447,#8448,#8449,#8450,#8451),.UNSPECIFIED.,.F.,.F.,(4,1,1,1,1,1,1,1,1,1,4),(0.0,0.0625,0.125,0.25,0.375,0.5,0.625,0.75,0.875,0.9375,1.0),.UNSPECIFIED.);
#6480=B_SPLINE_CURVE_WITH_KNOTS('',3,(#8452,#8453,#8454,#8455,#8456,#8457,#8458,#8459,#8460),.UNSPECIFIED.,.F.,.F.,(4,1,1,1,1,1,4),(0.0,0.125,0.25,0.5,0.75,0.875,1.0),.UNSPECIFIED.);
#6481=VERTEX_POINT('',#8461);
#6482=B_SPLINE_CURVE_WITH_KNOTS('',3,(#8462,#8463,#8464,#8465,#8466,#8467,#8468),.UNSPECIFIED.,.F.,.F.,(4,1,1,1,4),(0.0,0.25,0.5,0.75,1.0),.UNSPECIFIED.);
#6483=VERTEX_POINT('',#8469);
#6484=B_SPLINE_CURVE_WITH_KNOTS('',3,(#8470,#8471,#8472,#8473,#8474,#8475,#8476,#8477,#8478,#8479,#8480,#8481,#8482,#8483,#8484),.UNSPECIFIED.,.F.,.F.,(4,1,1,1,1,1,1,1,1,1,1,1,4),(0.0,0.0625,0.125,0.1875,0.25,0.375,0.5,0.625,0.75,0.8125,0.875,0.9375,1.0),.UNSPECIFIED.);
#6485=VERTEX_POINT('',#8485);
#6486=LINE('',#8486,#8487);
#6487=LINE('',#8488,#8489);
#6488=VERTEX_POINT('',#8490);
#6489=VERTEX_POINT('',#8491);
#6490=LINE('',#8492,#8493);
#6491=B_SPLINE_CURVE_WITH_KNOTS('',3,(#8494,#8495,#8496,#8497,#8498,#8499,#8500,#8501,#8502),.UNSPECIFIED.,.F.,.F.,(4,1,1,1,1,1,4),(0.0,0.125,0.25,0.5,0.75,0.875,1.0),.UNSPECIFIED.);
#6492=B_SPLINE_CURVE_WITH_KNOTS('',3,(#8503,#8504,#8505,#8506,#8507,#8508,#8509,#8510,#8511),.UNSPECIFIED.,.F.,.F.,(4,1,1,1,1,1,4),(0.0,0.125,0.25,0.5,0.75,0.875,1.0),.UNSPECIFIED.);
#6493=VERTEX_POINT('',#8512);
#6494=LINE('',#8513,#8514);
#6495=VERTEX_POINT('',#8515);
#6496=LINE('',#8516,#8517);
#6497=VERTEX_POINT('',#8518);
#6498=LINE('',#8519,#8520);
#6499=B_SPLINE_CURVE_WITH_KNOTS('',3,(#8521,#8522,#8523,#8524,#8525,#8526,#8527,#8528,#8529),.UNSPECIFIED.,.F.,.F.,(4,1,1,1,1,1,4),(1.92935715489006E-12,0.125,0.25,0.500000000000482,0.75,0.875,1.0),.UNSPECIFIED.);
#6500=VERTEX_POINT('',#8530);
#6501=LINE('',#8531,#8532);
#6502=VERTEX_POINT('',#8533);
#6503=LINE('',#8534,#8535);
#6504=B_SPLINE_CURVE_WITH_KNOTS('',3,(#8536,#8537,#8538,#8539,#8540,#8541,#8542,#8543,#8544),.UNSPECIFIED.,.F.,.F.,(4,1,1,1,1,1,4),(0.0,0.125,0.25,0.5,0.75,0.875,1.0),.UNSPECIFIED.);
#6505=VERTEX_POINT('',#8545);
#6506=LINE('',#8546,#8547);
#6507=LINE('',#8548,#8549);
#6508=LINE('',#8550,#8551);
#6509=VERTEX_POINT('',#8552);
#6510=LINE('',#8553,#8554);
#6511=B_SPLINE_CURVE_WITH_KNOTS('',3,(#8555,#8556,#8557,#8558,#8559,#8560,#8561,#8562,#8563,#8564,#8565,#8566,#8567),.UNSPECIFIED.,.F.,.F.,(4,1,1,1,1,1,1,1,1,1,4),(0.0,0.0625,0.125,0.25,0.375,0.5,0.625,0.75,0.875,0.9375,1.0),.UNSPECIFIED.);
#6512=VERTEX_POINT('',#8568);
#6513=B_SPLINE_CURVE_WITH_KNOTS('',3,(#8569,#8570,#8571,#8572,#8573,#8574,#8575,#8576,#8577,#8578,#8579,#8580,#8581,#8582,#8583),.UNSPECIFIED.,.F.,.F.,(4,1,1,1,1,1,1,1,1,1,1,1,4),(0.0,0.0625,0.125,0.1875,0.25,0.375,0.5,0.625,0.75,0.8125,0.875,0.9375,1.0),.UNSPECIFIED.);
#6514=B_SPLINE_CURVE_WITH_KNOTS('',3,(#8584,#8585,#8586,#8587,#8588,#8589,#8590),.UNSPECIFIED.,.F.,.F.,(4,1,1,1,4),(0.0,0.25,0.5,0.75,1.0),.UNSPECIFIED.);
#6515=B_SPLINE_CURVE_WITH_KNOTS('',3,(#8591,#8592,#8593,#8594,#8595,#8596,#8597,#8598,#8599),.UNSPECIFIED.,.F.,.F.,(4,1,1,1,1,1,4),(0.0,0.125,0.25,0.5,0.75,0.875,1.0),.UNSPECIFIED.);
#6516=LINE('',#8600,#8601);
#6517=LINE('',#8602,#8603);
#6518=VERTEX_POINT('',#8604);
#6519=VERTEX_POINT('',#8605);
#6520=LINE('',#8606,#8607);
#6521=VERTEX_POINT('',#8608);
#6522=LINE('',#8609,#8610);
#6523=VERTEX_POINT('',#8611);
#6524=LINE('',#8612,#8613);
#6525=LINE('',#8614,#8615);
#6526=CIRCLE('',#8616,0.9035677236805);
#6527=CIRCLE('',#8617,0.9035677236805);
#6528=VERTEX_POINT('',#8618);
#6529=VERTEX_POINT('',#8619);
#6530=LINE('',#8620,#8621);
#6531=VERTEX_POINT('',#8622);
#6532=LINE('',#8623,#8624);
#6533=VERTEX_POINT('',#8625);
#6534=LINE('',#8626,#8627);
#6535=VERTEX_POINT('',#8628);
#6536=LINE('',#8629,#8630);
#6537=VERTEX_POINT('',#8631);
#6538=LINE('',#8632,#8633);
#6539=LINE('',#8634,#8635);
#6540=VERTEX_POINT('',#8636);
#6541=VERTEX_POINT('',#8637);
#6542=CIRCLE('',#8638,0.9035677236805);
#6543=VERTEX_POINT('',#8639);
#6544=LINE('',#8640,#8641);
#6545=CIRCLE('',#8642,0.25);
#6546=LINE('',#8643,#8644);
#6547=LINE('',#8645,#8646);
#6548=CIRCLE('',#8647,0.25);
#6549=LINE('',#8648,#8649);
#6550=VERTEX_POINT('',#8650);
#6551=LINE('',#8651,#8652);
#6552=VERTEX_POINT('',#8653);
#6553=LINE('',#8654,#8655);
#6554=VERTEX_POINT('',#8656);
#6555=LINE('',#8657,#8658);
#6556=B_SPLINE_CURVE_WITH_KNOTS('',3,(#8659,#8660,#8661,#8662,#8663,#8664,#8665,#8666,#8667),.UNSPECIFIED.,.F.,.F.,(4,1,1,1,1,1,4),(0.0,0.125,0.25,0.499999999989716,0.75,0.875,0.999999999958863),.UNSPECIFIED.);
#6557=VERTEX_POINT('',#8668);
#6558=LINE('',#8669,#8670);
#6559=B_SPLINE_CURVE_WITH_KNOTS('',3,(#8671,#8672,#8673,#8674,#8675,#8676,#8677,#8678,#8679),.UNSPECIFIED.,.F.,.F.,(4,1,1,1,1,1,4),(4.11370299864118E-11,0.125,0.25,0.500000000010284,0.75,0.875,1.0),.UNSPECIFIED.);
#6560=VERTEX_POINT('',#8680);
#6561=VERTEX_POINT('',#8681);
#6562=LINE('',#8682,#8683);
#6563=VERTEX_POINT('',#8684);
#6564=LINE('',#8685,#8686);
#6565=VERTEX_POINT('',#8687);
#6566=LINE('',#8688,#8689);
#6567=VERTEX_POINT('',#8690);
#6568=LINE('',#8691,#8692);
#6569=VERTEX_POINT('',#8693);
#6570=LINE('',#8694,#8695);
#6571=LINE('',#8696,#8697);
#6572=VERTEX_POINT('',#8698);
#6573=CIRCLE('',#8699,0.25);
#6574=VERTEX_POINT('',#8700);
#6575=LINE('',#8701,#8702);
#6576=VERTEX_POINT('',#8703);
#6577=CIRCLE('',#8704,0.9035677236805);
#6578=LINE('',#8705,#8706);
#6579=LINE('',#8707,#8708);
#6580=LINE('',#8709,#8710);
#6581=CIRCLE('',#8711,0.25);
#6582=VERTEX_POINT('',#8712);
#6583=VERTEX_POINT('',#8713);
#6584=LINE('',#8714,#8715);
#6585=VERTEX_POINT('',#8716);
#6586=B_SPLINE_CURVE_WITH_KNOTS('',3,(#8717,#8718,#8719,#8720,#8721,#8722,#8723,#8724,#8725,#8726,#8727,#8728,#8729,#8730,#8731),.UNSPECIFIED.,.F.,.F.,(4,1,1,1,1,1,1,1,1,1,1,1,4),(0.0,0.0625,0.125,0.1875,0.25,0.375,0.5,0.625,0.75,0.8125,0.875,0.9375,1.0),.UNSPECIFIED.);
#6587=B_SPLINE_CURVE_WITH_KNOTS('',3,(#8732,#8733,#8734,#8735,#8736,#8737,#8738),.UNSPECIFIED.,.F.,.F.,(4,1,1,1,4),(0.0,0.25,0.5,0.75,1.0),.UNSPECIFIED.);
#6588=VERTEX_POINT('',#8739);
#6589=LINE('',#8740,#8741);
#6590=VERTEX_POINT('',#8742);
#6591=B_SPLINE_CURVE_WITH_KNOTS('',3,(#8743,#8744,#8745,#8746,#8747,#8748,#8749,#8750,#8751),.UNSPECIFIED.,.F.,.F.,(4,1,1,1,1,1,4),(0.0,0.125,0.25,0.5,0.75,0.875,1.0),.UNSPECIFIED.);
#6592=VERTEX_POINT('',#8752);
#6593=B_SPLINE_CURVE_WITH_KNOTS('',3,(#8753,#8754,#8755,#8756,#8757,#8758,#8759,#8760,#8761,#8762,#8763,#8764,#8765),.UNSPECIFIED.,.F.,.F.,(4,1,1,1,1,1,1,1,1,1,4),(0.0,0.0625,0.125,0.25,0.375,0.5,0.625,0.75,0.875,0.9375,1.0),.UNSPECIFIED.);
#6594=VERTEX_POINT('',#8766);
#6595=LINE('',#8767,#8768);
#6596=LINE('',#8769,#8770);
#6597=VERTEX_POINT('',#8771);
#6598=VERTEX_POINT('',#8772);
#6599=LINE('',#8773,#8774);
#6600=B_SPLINE_CURVE_WITH_KNOTS('',3,(#8775,#8776,#8777,#8778,#8779,#8780,#8781,#8782,#8783),.UNSPECIFIED.,.F.,.F.,(4,1,1,1,1,1,4),(0.0,0.125,0.25,0.5,0.75,0.875,1.0),.UNSPECIFIED.);
#6601=B_SPLINE_CURVE_WITH_KNOTS('',3,(#8784,#8785,#8786,#8787,#8788,#8789,#8790,#8791,#8792),.UNSPECIFIED.,.F.,.F.,(4,1,1,1,1,1,4),(0.0,0.125,0.25,0.5,0.75,0.875,1.0),.UNSPECIFIED.);
#6602=VERTEX_POINT('',#8793);
#6603=LINE('',#8794,#8795);
#6604=VERTEX_POINT('',#8796);
#6605=LINE('',#8797,#8798);
#6606=VERTEX_POINT('',#8799);
#6607=LINE('',#8800,#8801);
#6608=B_SPLINE_CURVE_WITH_KNOTS('',3,(#8802,#8803,#8804,#8805,#8806,#8807,#8808,#8809,#8810),.UNSPECIFIED.,.F.,.F.,(4,1,1,1,1,1,4),(0.0,0.125,0.25,0.5,0.75,0.875,1.0),.UNSPECIFIED.);
#6609=VERTEX_POINT('',#8811);
#6610=LINE('',#8812,#8813);
#6611=VERTEX_POINT('',#8814);
#6612=LINE('',#8815,#8816);
#6613=B_SPLINE_CURVE_WITH_KNOTS('',3,(#8817,#8818,#8819,#8820,#8821,#8822,#8823,#8824,#8825),.UNSPECIFIED.,.F.,.F.,(4,1,1,1,1,1,4),(0.0,0.125,0.25,0.5,0.75,0.875,1.0),.UNSPECIFIED.);
#6614=VERTEX_POINT('',#8826);
#6615=LINE('',#8827,#8828);
#6616=LINE('',#8829,#8830);
#6617=LINE('',#8831,#8832);
#6618=VERTEX_POINT('',#8833);
#6619=LINE('',#8834,#8835);
#6620=B_SPLINE_CURVE_WITH_KNOTS('',3,(#8836,#8837,#8838,#8839,#8840,#8841,#8842,#8843,#8844,#8845,#8846,#8847,#8848,#8849,#8850),.UNSPECIFIED.,.F.,.F.,(4,1,1,1,1,1,1,1,1,1,1,1,4),(0.0,0.0625,0.125,0.1875,0.25,0.375,0.5,0.625,0.75,0.8125,0.875,0.9375,1.0),.UNSPECIFIED.);
#6621=VERTEX_POINT('',#8851);
#6622=B_SPLINE_CURVE_WITH_KNOTS('',3,(#8852,#8853,#8854,#8855,#8856,#8857,#8858,#8859,#8860,#8861,#8862,#8863,#8864),.UNSPECIFIED.,.F.,.F.,(4,1,1,1,1,1,1,1,1,1,4),(0.0,0.0625,0.125,0.25,0.375,0.5,0.625,0.75,0.875,0.9375,1.0),.UNSPECIFIED.);
#6623=VERTEX_POINT('',#8865);
#6624=B_SPLINE_CURVE_WITH_KNOTS('',3,(#8866,#8867,#8868,#8869,#8870,#8871,#8872,#8873,#8874),.UNSPECIFIED.,.F.,.F.,(4,1,1,1,1,1,4),(0.0,0.125,0.25,0.5,0.75,0.875,1.0),.UNSPECIFIED.);
#6625=LINE('',#8875,#8876);
#6626=B_SPLINE_CURVE_WITH_KNOTS('',3,(#8877,#8878,#8879,#8880,#8881,#8882,#8883),.UNSPECIFIED.,.F.,.F.,(4,1,1,1,4),(0.0,0.25,0.5,0.75,1.0),.UNSPECIFIED.);
#6627=LINE('',#8884,#8885);
#6628=LINE('',#8886,#8887);
#6629=VERTEX_POINT('',#8888);
#6630=VERTEX_POINT('',#8889);
#6631=LINE('',#8890,#8891);
#6632=LINE('',#8892,#8893);
#6633=VERTEX_POINT('',#8894);
#6634=B_SPLINE_CURVE_WITH_KNOTS('',3,(#8895,#8896,#8897,#8898,#8899,#8900,#8901,#8902,#8903),.UNSPECIFIED.,.F.,.F.,(4,1,1,1,1,1,4),(4.11380449136309E-11,0.125,0.25,0.500000000010285,0.75,0.875,1.0),.UNSPECIFIED.);
#6635=LINE('',#8904,#8905);
#6636=VERTEX_POINT('',#8906);
#6637=VERTEX_POINT('',#8907);
#6638=LINE('',#8908,#8909);
#6639=VERTEX_POINT('',#8910);
#6640=B_SPLINE_CURVE_WITH_KNOTS('',3,(#8911,#8912,#8913,#8914,#8915,#8916,#8917,#8918,#8919,#8920,#8921,#8922,#8923),.UNSPECIFIED.,.F.,.F.,(4,1,1,1,1,1,1,1,1,1,4),(0.0,0.0625,0.125,0.25,0.375,0.5,0.625,0.75,0.875,0.9375,1.0),.UNSPECIFIED.);
#6641=B_SPLINE_CURVE_WITH_KNOTS('',3,(#8924,#8925,#8926,#8927,#8928,#8929,#8930,#8931,#8932),.UNSPECIFIED.,.F.,.F.,(4,1,1,1,1,1,4),(0.0,0.125,0.25,0.5,0.75,0.875,1.0),.UNSPECIFIED.);
#6642=VERTEX_POINT('',#8933);
#6643=LINE('',#8934,#8935);
#6644=VERTEX_POINT('',#8936);
#6645=LINE('',#8937,#8938);
#6646=VERTEX_POINT('',#8939);
#6647=B_SPLINE_CURVE_WITH_KNOTS('',3,(#8940,#8941,#8942,#8943,#8944,#8945,#8946),.UNSPECIFIED.,.F.,.F.,(4,1,1,1,4),(0.0,0.25,0.5,0.75,1.0),.UNSPECIFIED.);
#6648=VERTEX_POINT('',#8947);
#6649=B_SPLINE_CURVE_WITH_KNOTS('',3,(#8948,#8949,#8950,#8951,#8952,#8953,#8954,#8955,#8956,#8957,#8958,#8959,#8960,#8961,#8962),.UNSPECIFIED.,.F.,.F.,(4,1,1,1,1,1,1,1,1,1,1,1,4),(0.0,0.0625,0.125,0.1875,0.25,0.375,0.5,0.625,0.75,0.8125,0.875,0.9375,1.0),.UNSPECIFIED.);
#6650=VERTEX_POINT('',#8963);
#6651=LINE('',#8964,#8965);
#6652=LINE('',#8966,#8967);
#6653=VERTEX_POINT('',#8968);
#6654=VERTEX_POINT('',#8969);
#6655=LINE('',#8970,#8971);
#6656=B_SPLINE_CURVE_WITH_KNOTS('',3,(#8972,#8973,#8974,#8975,#8976,#8977,#8978,#8979,#8980),.UNSPECIFIED.,.F.,.F.,(4,1,1,1,1,1,4),(1.92935715489083E-12,0.125,0.25,0.500000000000482,0.75,0.875,1.0),.UNSPECIFIED.);
#6657=B_SPLINE_CURVE_WITH_KNOTS('',3,(#8981,#8982,#8983,#8984,#8985,#8986,#8987,#8988,#8989),.UNSPECIFIED.,.F.,.F.,(4,1,1,1,1,1,4),(0.0,0.125,0.25,0.5,0.75,0.875,1.0),.UNSPECIFIED.);
#6658=VERTEX_POINT('',#8990);
#6659=LINE('',#8991,#8992);
#6660=VERTEX_POINT('',#8993);
#6661=LINE('',#8994,#8995);
#6662=VERTEX_POINT('',#8996);
#6663=B_SPLINE_CURVE_WITH_KNOTS('',3,(#8997,#8998,#8999,#9000,#9001,#9002,#9003,#9004,#9005),.UNSPECIFIED.,.F.,.F.,(4,1,1,1,1,1,4),(0.0,0.125,0.25,0.5,0.75,0.875,1.0),.UNSPECIFIED.);
#6664=LINE('',#9006,#9007);
#6665=VERTEX_POINT('',#9008);
#6666=LINE('',#9009,#9010);
#6667=LINE('',#9011,#9012);
#6668=VERTEX_POINT('',#9013);
#6669=B_SPLINE_CURVE_WITH_KNOTS('',3,(#9014,#9015,#9016,#9017,#9018,#9019,#9020,#9021,#9022),.UNSPECIFIED.,.F.,.F.,(4,1,1,1,1,1,4),(0.0,0.125,0.25,0.5,0.75,0.875,1.0),.UNSPECIFIED.);
#6670=VERTEX_POINT('',#9023);
#6671=LINE('',#9024,#9025);
#6672=LINE('',#9026,#9027);
#6673=VERTEX_POINT('',#9028);
#6674=B_SPLINE_CURVE_WITH_KNOTS('',3,(#9029,#9030,#9031,#9032,#9033,#9034,#9035,#9036,#9037,#9038,#9039,#9040,#9041),.UNSPECIFIED.,.F.,.F.,(4,1,1,1,1,1,1,1,1,1,4),(0.0,0.0625,0.125,0.25,0.375,0.5,0.625,0.75,0.875,0.9375,1.0),.UNSPECIFIED.);
#6675=LINE('',#9042,#9043);
#6676=B_SPLINE_CURVE_WITH_KNOTS('',3,(#9044,#9045,#9046,#9047,#9048,#9049,#9050,#9051,#9052),.UNSPECIFIED.,.F.,.F.,(4,1,1,1,1,1,4),(0.0,0.125,0.25,0.5,0.75,0.875,1.0),.UNSPECIFIED.);
#6677=VERTEX_POINT('',#9053);
#6678=B_SPLINE_CURVE_WITH_KNOTS('',3,(#9054,#9055,#9056,#9057,#9058,#9059,#9060,#9061,#9062,#9063,#9064,#9065,#9066,#9067,#9068),.UNSPECIFIED.,.F.,.F.,(4,1,1,1,1,1,1,1,1,1,1,1,4),(0.0,0.0625,0.125,0.1875,0.25,0.375,0.5,0.625,0.75,0.8125,0.875,0.9375,1.0),.UNSPECIFIED.);
#6679=VERTEX_POINT('',#9069);
#6680=B_SPLINE_CURVE_WITH_KNOTS('',3,(#9070,#9071,#9072,#9073,#9074,#9075,#9076),.UNSPECIFIED.,.F.,.F.,(4,1,1,1,4),(0.0,0.25,0.5,0.75,1.0),.UNSPECIFIED.);
#6681=LINE('',#9077,#9078);
#6682=LINE('',#9079,#9080);
#6683=LINE('',#9081,#9082);
#6684=LINE('',#9083,#9084);
#6685=LINE('',#9085,#9086);
#6686=LINE('',#9087,#9088);
#6687=VERTEX_POINT('',#9089);
#6688=LINE('',#9090,#9091);
#6689=VERTEX_POINT('',#9092);
#6690=LINE('',#9093,#9094);
#6691=VERTEX_POINT('',#9095);
#6692=LINE('',#9096,#9097);
#6693=B_SPLINE_CURVE_WITH_KNOTS('',3,(#9098,#9099,#9100,#9101,#9102,#9103,#9104,#9105,#9106),.UNSPECIFIED.,.F.,.F.,(4,1,1,1,1,1,4),(0.0,0.125,0.25,0.499999999989716,0.75,0.875,0.999999999958862),.UNSPECIFIED.);
#6694=VERTEX_POINT('',#9107);
#6695=LINE('',#9108,#9109);
#6696=B_SPLINE_CURVE_WITH_KNOTS('',3,(#9110,#9111,#9112,#9113,#9114,#9115,#9116,#9117,#9118),.UNSPECIFIED.,.F.,.F.,(4,1,1,1,1,1,4),(3.65668127276062E-11,0.125,0.25,0.500000000009142,0.75,0.875,1.0),.UNSPECIFIED.);
#6697=VERTEX_POINT('',#9119);
#6698=VERTEX_POINT('',#9120);
#6699=LINE('',#9121,#9122);
#6700=LINE('',#9123,#9124);
#6701=LINE('',#9125,#9126);
#6702=VERTEX_POINT('',#9127);
#6703=VERTEX_POINT('',#9128);
#6704=LINE('',#9129,#9130);
#6705=VERTEX_POINT('',#9131);
#6706=B_SPLINE_CURVE_WITH_KNOTS('',3,(#9132,#9133,#9134,#9135,#9136,#9137,#9138,#9139,#9140,#9141,#9142,#9143,#9144,#9145,#9146),.UNSPECIFIED.,.F.,.F.,(4,1,1,1,1,1,1,1,1,1,1,1,4),(0.0,0.0625,0.125,0.1875,0.25,0.375,0.5,0.625,0.75,0.8125,0.875,0.9375,1.0),.UNSPECIFIED.);
#6707=B_SPLINE_CURVE_WITH_KNOTS('',3,(#9147,#9148,#9149,#9150,#9151,#9152,#9153),.UNSPECIFIED.,.F.,.F.,(4,1,1,1,4),(0.0,0.25,0.5,0.75,1.0),.UNSPECIFIED.);
#6708=VERTEX_POINT('',#9154);
#6709=B_SPLINE_CURVE_WITH_KNOTS('',3,(#9155,#9156,#9157,#9158,#9159,#9160,#9161,#9162,#9163),.UNSPECIFIED.,.F.,.F.,(4,1,1,1,1,1,4),(0.0,0.125,0.25,0.5,0.75,0.875,1.0),.UNSPECIFIED.);
#6710=VERTEX_POINT('',#9164);
#6711=B_SPLINE_CURVE_WITH_KNOTS('',3,(#9165,#9166,#9167,#9168,#9169,#9170,#9171,#9172,#9173,#9174,#9175,#9176,#9177),.UNSPECIFIED.,.F.,.F.,(4,1,1,1,1,1,1,1,1,1,4),(0.0,0.0625,0.125,0.25,0.375,0.5,0.625,0.75,0.875,0.9375,1.0),.UNSPECIFIED.);
#6712=VERTEX_POINT('',#9178);
#6713=LINE('',#9179,#9180);
#6714=LINE('',#9181,#9182);
#6715=VERTEX_POINT('',#9183);
#6716=VERTEX_POINT('',#9184);
#6717=LINE('',#9185,#9186);
#6718=B_SPLINE_CURVE_WITH_KNOTS('',3,(#9187,#9188,#9189,#9190,#9191,#9192,#9193,#9194,#9195),.UNSPECIFIED.,.F.,.F.,(4,1,1,1,1,1,4),(0.0,0.125,0.25,0.5,0.75,0.875,1.0),.UNSPECIFIED.);
#6719=B_SPLINE_CURVE_WITH_KNOTS('',3,(#9196,#9197,#9198,#9199,#9200,#9201,#9202,#9203,#9204),.UNSPECIFIED.,.F.,.F.,(4,1,1,1,1,1,4),(0.0,0.125,0.25,0.5,0.75,0.875,1.0),.UNSPECIFIED.);
#6720=VERTEX_POINT('',#9205);
#6721=LINE('',#9206,#9207);
#6722=VERTEX_POINT('',#9208);
#6723=LINE('',#9209,#9210);
#6724=VERTEX_POINT('',#9211);
#6725=B_SPLINE_CURVE_WITH_KNOTS('',3,(#9212,#9213,#9214,#9215,#9216,#9217,#9218,#9219,#9220),.UNSPECIFIED.,.F.,.F.,(4,1,1,1,1,1,4),(0.0,0.125,0.25,0.5,0.75,0.875,1.0),.UNSPECIFIED.);
#6726=LINE('',#9221,#9222);
#6727=VERTEX_POINT('',#9223);
#6728=LINE('',#9224,#9225);
#6729=LINE('',#9226,#9227);
#6730=VERTEX_POINT('',#9228);
#6731=B_SPLINE_CURVE_WITH_KNOTS('',3,(#9229,#9230,#9231,#9232,#9233,#9234,#9235,#9236,#9237),.UNSPECIFIED.,.F.,.F.,(4,1,1,1,1,1,4),(0.0,0.125,0.25,0.5,0.75,0.875,1.0),.UNSPECIFIED.);
#6732=VERTEX_POINT('',#9238);
#6733=LINE('',#9239,#9240);
#6734=LINE('',#9241,#9242);
#6735=VERTEX_POINT('',#9243);
#6736=B_SPLINE_CURVE_WITH_KNOTS('',3,(#9244,#9245,#9246,#9247,#9248,#9249,#9250,#9251,#9252,#9253,#9254,#9255,#9256,#9257,#9258),.UNSPECIFIED.,.F.,.F.,(4,1,1,1,1,1,1,1,1,1,1,1,4),(0.0,0.0625,0.125,0.1875,0.25,0.375,0.5,0.625,0.75,0.8125,0.875,0.9375,1.0),.UNSPECIFIED.);
#6737=LINE('',#9259,#9260);
#6738=B_SPLINE_CURVE_WITH_KNOTS('',3,(#9261,#9262,#9263,#9264,#9265,#9266,#9267),.UNSPECIFIED.,.F.,.F.,(4,1,1,1,4),(0.0,0.25,0.5,0.75,1.0),.UNSPECIFIED.);
#6739=VERTEX_POINT('',#9268);
#6740=B_SPLINE_CURVE_WITH_KNOTS('',3,(#9269,#9270,#9271,#9272,#9273,#9274,#9275,#9276,#9277,#9278,#9279,#9280,#9281),.UNSPECIFIED.,.F.,.F.,(4,1,1,1,1,1,1,1,1,1,4),(0.0,0.0625,0.125,0.25,0.375,0.5,0.625,0.75,0.875,0.9375,1.0),.UNSPECIFIED.);
#6741=B_SPLINE_CURVE_WITH_KNOTS('',3,(#9282,#9283,#9284,#9285,#9286,#9287,#9288,#9289,#9290),.UNSPECIFIED.,.F.,.F.,(4,1,1,1,1,1,4),(0.0,0.125,0.25,0.5,0.75,0.875,1.0),.UNSPECIFIED.);
#6742=LINE('',#9291,#9292);
#6743=LINE('',#9293,#9294);
#6744=LINE('',#9295,#9296);
#6745=LINE('',#9297,#9298);
#6746=B_SPLINE_CURVE_WITH_KNOTS('',3,(#9299,#9300,#9301,#9302,#9303,#9304,#9305,#9306,#9307),.UNSPECIFIED.,.F.,.F.,(4,1,1,1,1,1,4),(0.0,0.125,0.25,0.499999999989716,0.75,0.875,0.999999999958862),.UNSPECIFIED.);
#6747=LINE('',#9308,#9309);
#6748=LINE('',#9310,#9311);
#6749=VERTEX_POINT('',#9312);
#6750=VERTEX_POINT('',#9313);
#6751=LINE('',#9314,#9315);
#6752=VERTEX_POINT('',#9316);
#6753=CIRCLE('',#9317,0.302);
#6754=B_SPLINE_CURVE_WITH_KNOTS('',3,(#9318,#9319,#9320,#9321,#9322,#9323,#9324,#9325,#9326,#9327,#9328,#9329,#9330,#9331,#9332,#9333,#9334,#9335,#9336,#9337,#9338,#9339,#9340,#9341,#9342,#9343),.UNSPECIFIED.,.F.,.F.,(4,1,1,1,1,1,1,1,1,1,1,1,1,1,1,1,1,1,1,1,1,1,1,4),(0.0,0.04347826086957,0.08695652173913,0.1304347826087,0.1739130434783,0.2173913043478,0.2608695652174,0.304347826087,0.3478260869565,0.3913043478261,0.4347826086957,0.4782608695652,0.5217391304348,0.5652173913043,0.6086956521739,0.6521739130435,0.695652173913,0.7391304347826,0.7826086956522,0.8260869565217,0.8695652173913,0.9130434782609,0.9565217391304,1.0),.UNSPECIFIED.);
#6755=VERTEX_POINT('',#9344);
#6756=B_SPLINE_CURVE_WITH_KNOTS('',3,(#9345,#9346,#9347,#9348,#9349,#9350,#9351,#9352,#9353,#9354,#9355,#9356,#9357,#9358,#9359,#9360,#9361,#9362,#9363,#9364,#9365,#9366,#9367,#9368,#9369,#9370),.UNSPECIFIED.,.F.,.F.,(4,1,1,1,1,1,1,1,1,1,1,1,1,1,1,1,1,1,1,1,1,1,1,4),(0.0,0.04347826086957,0.08695652173913,0.1304347826087,0.1739130434783,0.2173913043478,0.2608695652174,0.304347826087,0.3478260869565,0.3913043478261,0.4347826086957,0.4782608695652,0.5217391304348,0.5652173913043,0.6086956521739,0.6521739130435,0.695652173913,0.7391304347826,0.7826086956522,0.8260869565217,0.8695652173913,0.9130434782609,0.9565217391304,1.0),.UNSPECIFIED.);
#6757=CIRCLE('',#9371,0.302);
#6758=VERTEX_POINT('',#9372);
#6759=LINE('',#9373,#9374);
#6760=VERTEX_POINT('',#9375);
#6761=LINE('',#9376,#9377);
#6762=VERTEX_POINT('',#9378);
#6763=CIRCLE('',#9379,0.62);
#6764=VERTEX_POINT('',#9380);
#6765=LINE('',#9381,#9382);
#6766=LINE('',#9383,#9384);
#6767=VERTEX_POINT('',#9385);
#6768=VERTEX_POINT('',#9386);
#6769=LINE('',#9387,#9388);
#6770=CIRCLE('',#9389,0.3);
#6771=CIRCLE('',#9390,0.3);
#6772=VERTEX_POINT('',#9391);
#6773=LINE('',#9392,#9393);
#6774=VERTEX_POINT('',#9394);
#6775=LINE('',#9395,#9396);
#6776=VERTEX_POINT('',#9397);
#6777=LINE('',#9398,#9399);
#6778=CIRCLE('',#9400,0.3);
#6779=VERTEX_POINT('',#9401);
#6780=LINE('',#9402,#9403);
#6781=VERTEX_POINT('',#9404);
#6782=LINE('',#9405,#9406);
#6783=CIRCLE('',#9407,0.3);
#6784=LINE('',#9408,#9409);
#6785=LINE('',#9410,#9411);
#6786=VERTEX_POINT('',#9412);
#6787=CIRCLE('',#9413,0.62);
#6788=LINE('',#9414,#9415);
#6789=B_SPLINE_CURVE_WITH_KNOTS('',3,(#9416,#9417,#9418,#9419,#9420,#9421,#9422,#9423,#9424,#9425,#9426,#9427,#9428,#9429,#9430,#9431,#9432,#9433,#9434,#9435),.UNSPECIFIED.,.F.,.F.,(4,1,1,1,1,1,1,1,1,1,1,1,1,1,1,1,1,4),(0.0,0.05882352941176,0.1176470588235,0.1764705882353,0.2352941176471,0.2941176470588,0.3529411764706,0.4117647058824,0.4705882352941,0.5294117647059,0.5882352941176,0.6470588235294,0.7058823529412,0.7647058823529,0.8235294117647,0.8823529411765,0.9411764705882,1.0),.UNSPECIFIED.);
#6790=LINE('',#9436,#9437);
#6791=VERTEX_POINT('',#9438);
#6792=VERTEX_POINT('',#9439);
#6793=LINE('',#9440,#9441);
#6794=CIRCLE('',#9442,0.638);
#6795=VERTEX_POINT('',#9443);
#6796=CIRCLE('',#9444,0.32);
#6797=VERTEX_POINT('',#9445);
#6798=LINE('',#9446,#9447);
#6799=LINE('',#9448,#9449);
#6800=VERTEX_POINT('',#9450);
#6801=CIRCLE('',#9451,0.638);
#6802=VERTEX_POINT('',#9452);
#6803=LINE('',#9453,#9454);
#6804=VERTEX_POINT('',#9455);
#6805=LINE('',#9456,#9457);
#6806=VERTEX_POINT('',#9458);
#6807=LINE('',#9459,#9460);
#6808=CIRCLE('',#9461,0.32);
#6809=LINE('',#9462,#9463);
#6810=VERTEX_POINT('',#9464);
#6811=VERTEX_POINT('',#9465);
#6812=LINE('',#9466,#9467);
#6813=CIRCLE('',#9468,0.638);
#6814=LINE('',#9469,#9470);
#6815=VERTEX_POINT('',#9471);
#6816=CIRCLE('',#9472,0.32);
#6817=VERTEX_POINT('',#9473);
#6818=LINE('',#9474,#9475);
#6819=LINE('',#9476,#9477);
#6820=VERTEX_POINT('',#9478);
#6821=CIRCLE('',#9479,0.638);
#6822=VERTEX_POINT('',#9480);
#6823=LINE('',#9481,#9482);
#6824=VERTEX_POINT('',#9483);
#6825=LINE('',#9484,#9485);
#6826=VERTEX_POINT('',#9486);
#6827=LINE('',#9487,#9488);
#6828=CIRCLE('',#9489,0.32);
#6829=LINE('',#9490,#9491);
#6830=VERTEX_POINT('',#9492);
#6831=B_SPLINE_CURVE_WITH_KNOTS('',3,(#9493,#9494,#9495,#9496,#9497,#9498,#9499,#9500,#9501,#9502,#9503,#9504,#9505,#9506,#9507,#9508,#9509,#9510,#9511,#9512),.UNSPECIFIED.,.F.,.F.,(4,1,1,1,1,1,1,1,1,1,1,1,1,1,1,1,1,4),(0.0,0.05882352941176,0.1176470588235,0.1764705882353,0.2352941176471,0.2941176470588,0.3529411764706,0.4117647058824,0.4705882352941,0.5294117647059,0.5882352941176,0.6470588235294,0.7058823529412,0.7647058823529,0.8235294117647,0.8823529411765,0.9411764705882,1.0),.UNSPECIFIED.);
#6832=VERTEX_POINT('',#9513);
#6833=LINE('',#9514,#9515);
#6834=B_SPLINE_CURVE_WITH_KNOTS('',3,(#9516,#9517,#9518,#9519,#9520,#9521,#9522,#9523,#9524,#9525,#9526,#9527,#9528,#9529,#9530,#9531,#9532,#9533,#9534,#9535,#9536,#9537,#9538,#9539,#9540,#9541),.UNSPECIFIED.,.F.,.F.,(4,1,1,1,1,1,1,1,1,1,1,1,1,1,1,1,1,1,1,1,1,1,1,4),(0.0,0.04347826086957,0.08695652173913,0.1304347826087,0.1739130434783,0.2173913043478,0.2608695652174,0.304347826087,0.3478260869565,0.3913043478261,0.4347826086957,0.4782608695652,0.5217391304348,0.5652173913043,0.6086956521739,0.6521739130435,0.695652173913,0.7391304347826,0.7826086956522,0.8260869565217,0.8695652173913,0.9130434782609,0.9565217391304,1.0),.UNSPECIFIED.);
#6835=VERTEX_POINT('',#9542);
#6836=CIRCLE('',#9543,0.302);
#6837=VERTEX_POINT('',#9544);
#6838=LINE('',#9545,#9546);
#6839=VERTEX_POINT('',#9547);
#6840=CIRCLE('',#9548,0.302);
#6841=B_SPLINE_CURVE_WITH_KNOTS('',3,(#9549,#9550,#9551,#9552,#9553,#9554,#9555,#9556,#9557,#9558,#9559,#9560,#9561,#9562,#9563,#9564,#9565,#9566,#9567,#9568,#9569,#9570,#9571,#9572,#9573,#9574),.UNSPECIFIED.,.F.,.F.,(4,1,1,1,1,1,1,1,1,1,1,1,1,1,1,1,1,1,1,1,1,1,1,4),(0.0,0.04347826086957,0.08695652173913,0.1304347826087,0.1739130434783,0.2173913043478,0.2608695652174,0.304347826087,0.3478260869565,0.3913043478261,0.4347826086957,0.4782608695652,0.5217391304348,0.5652173913043,0.6086956521739,0.6521739130435,0.695652173913,0.7391304347826,0.7826086956522,0.8260869565217,0.8695652173913,0.9130434782609,0.9565217391304,1.0),.UNSPECIFIED.);
#6842=LINE('',#9575,#9576);
#6843=VERTEX_POINT('',#9577);
#6844=VERTEX_POINT('',#9578);
#6845=LINE('',#9579,#9580);
#6846=VERTEX_POINT('',#9581);
#6847=LINE('',#9582,#9583);
#6848=LINE('',#9584,#9585);
#6849=VERTEX_POINT('',#9586);
#6850=LINE('',#9587,#9588);
#6851=VERTEX_POINT('',#9589);
#6852=LINE('',#9590,#9591);
#6853=LINE('',#9592,#9593);
#6854=VERTEX_POINT('',#9594);
#6855=VERTEX_POINT('',#9595);
#6856=CIRCLE('',#9596,0.25);
#6857=VERTEX_POINT('',#9597);
#6858=LINE('',#9598,#9599);
#6859=VERTEX_POINT('',#9600);
#6860=CIRCLE('',#9601,0.13);
#6861=VERTEX_POINT('',#9602);
#6862=LINE('',#9603,#9604);
#6863=VERTEX_POINT('',#9605);
#6864=CIRCLE('',#9606,0.13);
#6865=VERTEX_POINT('',#9607);
#6866=LINE('',#9608,#9609);
#6867=VERTEX_POINT('',#9610);
#6868=CIRCLE('',#9611,0.25);
#6869=VERTEX_POINT('',#9612);
#6870=LINE('',#9613,#9614);
#6871=VERTEX_POINT('',#9615);
#6872=CIRCLE('',#9616,0.25);
#6873=VERTEX_POINT('',#9617);
#6874=LINE('',#9618,#9619);
#6875=VERTEX_POINT('',#9620);
#6876=CIRCLE('',#9621,0.25);
#6877=LINE('',#9622,#9623);
#6878=VERTEX_POINT('',#9624);
#6879=VERTEX_POINT('',#9625);
#6880=LINE('',#9626,#9627);
#6881=VERTEX_POINT('',#9628);
#6882=CIRCLE('',#9629,0.13);
#6883=VERTEX_POINT('',#9630);
#6884=LINE('',#9631,#9632);
#6885=VERTEX_POINT('',#9633);
#6886=CIRCLE('',#9634,0.13);
#6887=VERTEX_POINT('',#9635);
#6888=LINE('',#9636,#9637);
#6889=VERTEX_POINT('',#9638);
#6890=CIRCLE('',#9639,0.13);
#6891=VERTEX_POINT('',#9640);
#6892=LINE('',#9641,#9642);
#6893=CIRCLE('',#9643,0.13);
#6894=VERTEX_POINT('',#9644);
#6895=LINE('',#9645,#9646);
#6896=VERTEX_POINT('',#9647);
#6897=CIRCLE('',#9648,0.13);
#6898=LINE('',#9649,#9650);
#6899=VERTEX_POINT('',#9651);
#6900=LINE('',#9652,#9653);
#6901=LINE('',#9654,#9655);
#6902=VERTEX_POINT('',#9656);
#6903=CIRCLE('',#9657,0.13);
#6904=LINE('',#9658,#9659);
#6905=VERTEX_POINT('',#9660);
#6906=LINE('',#9661,#9662);
#6907=LINE('',#9663,#9664);
#6908=VERTEX_POINT('',#9665);
#6909=CIRCLE('',#9666,0.13);
#6910=LINE('',#9667,#9668);
#6911=VERTEX_POINT('',#9669);
#6912=LINE('',#9670,#9671);
#6913=LINE('',#9672,#9673);
#6914=VERTEX_POINT('',#9674);
#6915=CIRCLE('',#9675,0.13);
#6916=LINE('',#9676,#9677);
#6917=LINE('',#9678,#9679);
#6918=VERTEX_POINT('',#9680);
#6919=VERTEX_POINT('',#9681);
#6920=LINE('',#9682,#9683);
#6921=VERTEX_POINT('',#9684);
#6922=LINE('',#9685,#9686);
#6923=VERTEX_POINT('',#9687);
#6924=LINE('',#9688,#9689);
#6925=LINE('',#9690,#9691);
#6926=VERTEX_POINT('',#9692);
#6927=VERTEX_POINT('',#9693);
#6928=LINE('',#9694,#9695);
#6929=VERTEX_POINT('',#9696);
#6930=LINE('',#9697,#9698);
#6931=VERTEX_POINT('',#9699);
#6932=LINE('',#9700,#9701);
#6933=LINE('',#9702,#9703);
#6934=VERTEX_POINT('',#9704);
#6935=LINE('',#9705,#9706);
#6936=VERTEX_POINT('',#9707);
#6937=LINE('',#9708,#9709);
#6938=LINE('',#9710,#9711);
#6939=VERTEX_POINT('',#9712);
#6940=VERTEX_POINT('',#9713);
#6941=LINE('',#9714,#9715);
#6942=VERTEX_POINT('',#9716);
#6943=CIRCLE('',#9717,0.13);
#6944=VERTEX_POINT('',#9718);
#6945=LINE('',#9719,#9720);
#6946=VERTEX_POINT('',#9721);
#6947=CIRCLE('',#9722,0.13);
#6948=VERTEX_POINT('',#9723);
#6949=LINE('',#9724,#9725);
#6950=VERTEX_POINT('',#9726);
#6951=CIRCLE('',#9727,0.13);
#6952=VERTEX_POINT('',#9728);
#6953=LINE('',#9729,#9730);
#6954=CIRCLE('',#9731,0.13);
#6955=VERTEX_POINT('',#9732);
#6956=LINE('',#9733,#9734);
#6957=VERTEX_POINT('',#9735);
#6958=LINE('',#9736,#9737);
#6959=LINE('',#9738,#9739);
#6960=VERTEX_POINT('',#9740);
#6961=LINE('',#9741,#9742);
#6962=VERTEX_POINT('',#9743);
#6963=LINE('',#9744,#9745);
#6964=CIRCLE('',#9746,0.13);
#6965=VERTEX_POINT('',#9747);
#6966=VERTEX_POINT('',#9748);
#6967=LINE('',#9749,#9750);
#6968=LINE('',#9751,#9752);
#6969=LINE('',#9753,#9754);
#6970=VERTEX_POINT('',#9755);
#6971=LINE('',#9756,#9757);
#6972=VERTEX_POINT('',#9758);
#6973=LINE('',#9759,#9760);
#6974=VERTEX_POINT('',#9761);
#6975=LINE('',#9762,#9763);
#6976=LINE('',#9764,#9765);
#6977=VERTEX_POINT('',#9766);
#6978=VERTEX_POINT('',#9767);
#6979=CIRCLE('',#9768,0.25);
#6980=VERTEX_POINT('',#9769);
#6981=LINE('',#9770,#9771);
#6982=VERTEX_POINT('',#9772);
#6983=CIRCLE('',#9773,0.13);
#6984=VERTEX_POINT('',#9774);
#6985=LINE('',#9775,#9776);
#6986=VERTEX_POINT('',#9777);
#6987=CIRCLE('',#9778,0.13);
#6988=VERTEX_POINT('',#9779);
#6989=LINE('',#9780,#9781);
#6990=VERTEX_POINT('',#9782);
#6991=CIRCLE('',#9783,0.25);
#6992=VERTEX_POINT('',#9784);
#6993=LINE('',#9785,#9786);
#6994=VERTEX_POINT('',#9787);
#6995=CIRCLE('',#9788,0.25);
#6996=VERTEX_POINT('',#9789);
#6997=LINE('',#9790,#9791);
#6998=VERTEX_POINT('',#9792);
#6999=CIRCLE('',#9793,0.25);
#7000=LINE('',#9794,#9795);
#7001=VERTEX_POINT('',#9796);
#7002=LINE('',#9797,#9798);
#7003=VERTEX_POINT('',#9799);
#7004=CIRCLE('',#9800,0.13);
#7005=VERTEX_POINT('',#9801);
#7006=LINE('',#9802,#9803);
#7007=VERTEX_POINT('',#9804);
#7008=CIRCLE('',#9805,0.13);
#7009=VERTEX_POINT('',#9806);
#7010=LINE('',#9807,#9808);
#7011=VERTEX_POINT('',#9809);
#7012=CIRCLE('',#9810,0.13);
#7013=LINE('',#9811,#9812);
#7014=LINE('',#9813,#9814);
#7015=LINE('',#9815,#9816);
#7016=LINE('',#9817,#9818);
#7017=LINE('',#9819,#9820);
#7018=LINE('',#9821,#9822);
#7019=LINE('',#9823,#9824);
#7020=VERTEX_POINT('',#9825);
#7021=LINE('',#9826,#9827);
#7022=VERTEX_POINT('',#9828);
#7023=LINE('',#9829,#9830);
#7024=LINE('',#9831,#9832);
#7025=VERTEX_POINT('',#9833);
#7026=LINE('',#9834,#9835);
#7027=VERTEX_POINT('',#9836);
#7028=LINE('',#9837,#9838);
#7029=LINE('',#9839,#9840);
#7030=VERTEX_POINT('',#9841);
#7031=CIRCLE('',#9842,0.25);
#7032=LINE('',#9843,#9844);
#7033=VERTEX_POINT('',#9845);
#7034=LINE('',#9846,#9847);
#7035=CIRCLE('',#9848,0.25);
#7036=VERTEX_POINT('',#9849);
#7037=LINE('',#9850,#9851);
#7038=LINE('',#9852,#9853);
#7039=VERTEX_POINT('',#9854);
#7040=LINE('',#9855,#9856);
#7041=LINE('',#9857,#9858);
#7042=VERTEX_POINT('',#9859);
#7043=CIRCLE('',#9860,0.13);
#7044=LINE('',#9861,#9862);
#7045=VERTEX_POINT('',#9863);
#7046=LINE('',#9864,#9865);
#7047=CIRCLE('',#9866,0.13);
#7048=VERTEX_POINT('',#9867);
#7049=LINE('',#9868,#9869);
#7050=LINE('',#9870,#9871);
#7051=VERTEX_POINT('',#9872);
#7052=LINE('',#9873,#9874);
#7053=LINE('',#9875,#9876);
#7054=VERTEX_POINT('',#9877);
#7055=CIRCLE('',#9878,0.13);
#7056=LINE('',#9879,#9880);
#7057=VERTEX_POINT('',#9881);
#7058=LINE('',#9882,#9883);
#7059=CIRCLE('',#9884,0.13);
#7060=VERTEX_POINT('',#9885);
#7061=LINE('',#9886,#9887);
#7062=LINE('',#9888,#9889);
#7063=VERTEX_POINT('',#9890);
#7064=LINE('',#9891,#9892);
#7065=LINE('',#9893,#9894);
#7066=VERTEX_POINT('',#9895);
#7067=CIRCLE('',#9896,0.25);
#7068=LINE('',#9897,#9898);
#7069=VERTEX_POINT('',#9899);
#7070=LINE('',#9900,#9901);
#7071=CIRCLE('',#9902,0.25);
#7072=VERTEX_POINT('',#9903);
#7073=LINE('',#9904,#9905);
#7074=LINE('',#9906,#9907);
#7075=VERTEX_POINT('',#9908);
#7076=LINE('',#9909,#9910);
#7077=LINE('',#9911,#9912);
#7078=VERTEX_POINT('',#9913);
#7079=B_SPLINE_CURVE_WITH_KNOTS('',3,(#9914,#9915,#9916,#9917),.UNSPECIFIED.,.F.,.F.,(4,4),(0.0,1.0),.UNSPECIFIED.);
#7080=VERTEX_POINT('',#9918);
#7081=CIRCLE('',#9919,0.25);
#7082=LINE('',#9920,#9921);
#7083=VERTEX_POINT('',#9922);
#7084=VERTEX_POINT('',#9923);
#7085=LINE('',#9924,#9925);
#7086=VERTEX_POINT('',#9926);
#7087=LINE('',#9927,#9928);
#7088=LINE('',#9929,#9930);
#7089=VERTEX_POINT('',#9931);
#7090=VERTEX_POINT('',#9932);
#7091=LINE('',#9933,#9934);
#7092=VERTEX_POINT('',#9935);
#7093=LINE('',#9936,#9937);
#7094=LINE('',#9938,#9939);
#7095=VERTEX_POINT('',#9940);
#7096=VERTEX_POINT('',#9941);
#7097=LINE('',#9942,#9943);
#7098=VERTEX_POINT('',#9944);
#7099=LINE('',#9945,#9946);
#7100=LINE('',#9947,#9948);
#7101=VERTEX_POINT('',#9949);
#7102=LINE('',#9950,#9951);
#7103=LINE('',#9952,#9953);
#7104=B_SPLINE_CURVE_WITH_KNOTS('',3,(#9954,#9955,#9956,#9957),.UNSPECIFIED.,.F.,.F.,(4,4),(0.0,1.0),.UNSPECIFIED.);
#7105=CIRCLE('',#9958,0.25);
#7106=VERTEX_POINT('',#9959);
#7107=LINE('',#9960,#9961);
#7108=VERTEX_POINT('',#9962);
#7109=LINE('',#9963,#9964);
#7110=LINE('',#9965,#9966);
#7111=LINE('',#9967,#9968);
#7112=LINE('',#9969,#9970);
#7113=CIRCLE('',#9971,0.25);
#7114=B_SPLINE_CURVE_WITH_KNOTS('',3,(#9972,#9973,#9974,#9975),.UNSPECIFIED.,.F.,.F.,(4,4),(0.0,1.0),.UNSPECIFIED.);
#7115=VERTEX_POINT('',#9976);
#7116=B_SPLINE_CURVE_WITH_KNOTS('',3,(#9977,#9978,#9979,#9980,#9981,#9982,#9983,#9984,#9985,#9986,#9987,#9988),.UNSPECIFIED.,.F.,.F.,(4,1,1,1,1,1,1,1,1,4),(0.0,0.1111111111111,0.2222222222222,0.3333333333333,0.4444444444444,0.5555555555556,0.6666666666667,0.7777777777778,0.8888888888889,1.0),.UNSPECIFIED.);
#7117=VERTEX_POINT('',#9989);
#7118=B_SPLINE_CURVE_WITH_KNOTS('',3,(#9990,#9991,#9992,#9993,#9994),.UNSPECIFIED.,.F.,.F.,(4,1,4),(0.0,0.5,1.0),.UNSPECIFIED.);
#7119=VERTEX_POINT('',#9995);
#7120=LINE('',#9996,#9997);
#7121=VERTEX_POINT('',#9998);
#7122=B_SPLINE_CURVE_WITH_KNOTS('',3,(#9999,#10000,#10001,#10002,#10003,#10004,#10005),.UNSPECIFIED.,.F.,.F.,(4,1,1,1,4),(0.0,0.25,0.5,0.75,1.0),.UNSPECIFIED.);
#7123=B_SPLINE_CURVE_WITH_KNOTS('',3,(#10006,#10007,#10008,#10009,#10010,#10011,#10012,#10013,#10014),.UNSPECIFIED.,.F.,.F.,(4,1,1,1,1,1,4),(0.0,0.1666666666667,0.3333333333333,0.5,0.6666666666667,0.8333333333333,1.0),.UNSPECIFIED.);
#7124=VERTEX_POINT('',#10015);
#7125=B_SPLINE_CURVE_WITH_KNOTS('',3,(#10016,#10017,#10018,#10019,#10020,#10021,#10022,#10023,#10024),.UNSPECIFIED.,.F.,.F.,(4,1,1,1,1,1,4),(0.0,0.1666666666667,0.3333333333333,0.5,0.6666666666667,0.8333333333333,1.0),.UNSPECIFIED.);
#7126=LINE('',#10025,#10026);
#7127=VERTEX_POINT('',#10027);
#7128=VERTEX_POINT('',#10028);
#7129=LINE('',#10029,#10030);
#7130=VERTEX_POINT('',#10031);
#7131=LINE('',#10032,#10033);
#7132=B_SPLINE_CURVE_WITH_KNOTS('',3,(#10034,#10035,#10036,#10037,#10038,#10039,#10040),.UNSPECIFIED.,.F.,.F.,(4,1,1,1,4),(0.0,0.25,0.5,0.75,1.0),.UNSPECIFIED.);
#7133=LINE('',#10041,#10042);
#7134=VERTEX_POINT('',#10043);
#7135=LINE('',#10044,#10045);
#7136=LINE('',#10046,#10047);
#7137=VERTEX_POINT('',#10048);
#7138=B_SPLINE_CURVE_WITH_KNOTS('',3,(#10049,#10050,#10051,#10052,#10053,#10054,#10055,#10056,#10057,#10058,#10059,#10060,#10061,#10062,#10063,#10064,#10065,#10066,#10067,#10068,#10069),.UNSPECIFIED.,.F.,.F.,(4,1,1,1,1,1,1,1,1,1,1,1,1,1,1,1,1,1,4),(0.0,0.05555555555556,0.1111111111111,0.1666666666667,0.2222222222222,0.2777777777778,0.3333333333333,0.3888888888889,0.4444444444444,0.5,0.5555555555556,0.6111111111111,0.6666666666667,0.7222222222222,0.7777777777778,0.8333333333333,0.8888888888889,0.9444444444444,1.0),.UNSPECIFIED.);
#7139=VERTEX_POINT('',#10070);
#7140=LINE('',#10071,#10072);
#7141=B_SPLINE_CURVE_WITH_KNOTS('',3,(#10073,#10074,#10075,#10076,#10077,#10078,#10079,#10080,#10081,#10082,#10083,#10084,#10085,#10086,#10087,#10088,#10089,#10090,#10091,#10092,#10093,#10094,#10095,#10096),.UNSPECIFIED.,.F.,.F.,(4,1,1,1,1,1,1,1,1,1,1,1,1,1,1,1,1,1,1,1,1,4),(0.0,0.04761904761905,0.0952380952381,0.1428571428571,0.1904761904762,0.2380952380952,0.2857142857143,0.3333333333333,0.3809523809524,0.4285714285714,0.4761904761905,0.5238095238095,0.5714285714286,0.6190476190476,0.6666666666667,0.7142857142857,0.7619047619048,0.8095238095238,0.8571428571429,0.9047619047619,0.952380952381,1.0),.UNSPECIFIED.);
#7142=VERTEX_POINT('',#10097);
#7143=LINE('',#10098,#10099);
#7144=B_SPLINE_CURVE_WITH_KNOTS('',3,(#10100,#10101,#10102,#10103,#10104,#10105,#10106,#10107,#10108,#10109,#10110,#10111,#10112,#10113,#10114,#10115,#10116,#10117,#10118,#10119,#10120,#10121,#10122,#10123),.UNSPECIFIED.,.F.,.F.,(4,1,1,1,1,1,1,1,1,1,1,1,1,1,1,1,1,1,1,1,1,4),(0.0,0.04761904761905,0.0952380952381,0.1428571428571,0.1904761904762,0.2380952380952,0.2857142857143,0.3333333333333,0.3809523809524,0.4285714285714,0.4761904761905,0.5238095238095,0.5714285714286,0.6190476190476,0.6666666666667,0.7142857142857,0.7619047619048,0.8095238095238,0.8571428571429,0.9047619047619,0.952380952381,1.0),.UNSPECIFIED.);
#7145=VERTEX_POINT('',#10124);
#7146=LINE('',#10125,#10126);
#7147=VERTEX_POINT('',#10127);
#7148=B_SPLINE_CURVE_WITH_KNOTS('',3,(#10128,#10129,#10130,#10131,#10132,#10133,#10134,#10135,#10136,#10137,#10138,#10139,#10140,#10141,#10142,#10143,#10144,#10145,#10146,#10147,#10148),.UNSPECIFIED.,.F.,.F.,(4,1,1,1,1,1,1,1,1,1,1,1,1,1,1,1,1,1,4),(0.0,0.05555555555556,0.1111111111111,0.1666666666667,0.2222222222222,0.2777777777778,0.3333333333333,0.3888888888889,0.4444444444444,0.5,0.5555555555556,0.6111111111111,0.6666666666667,0.7222222222222,0.7777777777778,0.8333333333333,0.8888888888889,0.9444444444444,1.0),.UNSPECIFIED.);
#7149=LINE('',#10149,#10150);
#7150=VERTEX_POINT('',#10151);
#7151=LINE('',#10152,#10153);
#7152=LINE('',#10154,#10155);
#7153=VERTEX_POINT('',#10156);
#7154=B_SPLINE_CURVE_WITH_KNOTS('',3,(#10157,#10158,#10159,#10160,#10161,#10162,#10163,#10164,#10165,#10166,#10167,#10168),.UNSPECIFIED.,.F.,.F.,(4,1,1,1,1,1,1,1,1,4),(0.0,0.1111111111111,0.2222222222222,0.3333333333333,0.4444444444444,0.5555555555556,0.6666666666667,0.7777777777778,0.8888888888889,1.0),.UNSPECIFIED.);
#7155=B_SPLINE_CURVE_WITH_KNOTS('',3,(#10169,#10170,#10171,#10172,#10173),.UNSPECIFIED.,.F.,.F.,(4,1,4),(0.0,0.5,1.0),.UNSPECIFIED.);
#7156=LINE('',#10174,#10175);
#7157=LINE('',#10176,#10177);
#7158=LINE('',#10178,#10179);
#7159=VERTEX_POINT('',#10180);
#7160=LINE('',#10181,#10182);
#7161=VERTEX_POINT('',#10183);
#7162=LINE('',#10184,#10185);
#7163=LINE('',#10186,#10187);
#7164=VERTEX_POINT('',#10188);
#7165=LINE('',#10189,#10190);
#7166=LINE('',#10191,#10192);
#7167=VERTEX_POINT('',#10193);
#7168=LINE('',#10194,#10195);
#7169=LINE('',#10196,#10197);
#7170=LINE('',#10198,#10199);
#7171=VERTEX_POINT('',#10200);
#7172=VERTEX_POINT('',#10201);
#7173=LINE('',#10202,#10203);
#7174=CIRCLE('',#10204,0.62);
#7175=VERTEX_POINT('',#10205);
#7176=B_SPLINE_CURVE_WITH_KNOTS('',3,(#10206,#10207,#10208,#10209,#10210,#10211,#10212,#10213,#10214,#10215,#10216,#10217,#10218,#10219,#10220,#10221,#10222,#10223,#10224,#10225),.UNSPECIFIED.,.F.,.F.,(4,1,1,1,1,1,1,1,1,1,1,1,1,1,1,1,1,4),(0.0,0.05882352941176,0.1176470588235,0.1764705882353,0.2352941176471,0.2941176470588,0.3529411764706,0.4117647058824,0.4705882352941,0.5294117647059,0.5882352941176,0.6470588235294,0.7058823529412,0.7647058823529,0.8235294117647,0.8823529411765,0.9411764705882,1.0),.UNSPECIFIED.);
#7177=CIRCLE('',#10226,0.62);
#7178=VERTEX_POINT('',#10227);
#7179=LINE('',#10228,#10229);
#7180=VERTEX_POINT('',#10230);
#7181=LINE('',#10231,#10232);
#7182=LINE('',#10233,#10234);
#7183=LINE('',#10235,#10236);
#7184=VERTEX_POINT('',#10237);
#7185=LINE('',#10238,#10239);
#7186=VERTEX_POINT('',#10240);
#7187=CIRCLE('',#10241,0.3);
#7188=VERTEX_POINT('',#10242);
#7189=LINE('',#10243,#10244);
#7190=CIRCLE('',#10245,0.3);
#7191=VERTEX_POINT('',#10246);
#7192=LINE('',#10247,#10248);
#7193=VERTEX_POINT('',#10249);
#7194=CIRCLE('',#10250,0.3);
#7195=LINE('',#10251,#10252);
#7196=LINE('',#10253,#10254);
#7197=VERTEX_POINT('',#10255);
#7198=LINE('',#10256,#10257);
#7199=CIRCLE('',#10258,0.3);
#7200=LINE('',#10259,#10260);
#7201=CIRCLE('',#10261,0.32);
#7202=CIRCLE('',#10262,0.32);
#7203=VERTEX_POINT('',#10263);
#7204=CIRCLE('',#10264,0.32);
#7205=VERTEX_POINT('',#10265);
#7206=LINE('',#10266,#10267);
#7207=CIRCLE('',#10268,0.32);
#7208=VERTEX_POINT('',#10269);
#7209=VERTEX_POINT('',#10270);
#7210=LINE('',#10271,#10272);
#7211=CIRCLE('',#10273,0.08);
#7212=VERTEX_POINT('',#10274);
#7213=LINE('',#10275,#10276);
#7214=VERTEX_POINT('',#10277);
#7215=LINE('',#10278,#10279);
#7216=VERTEX_POINT('',#10280);
#7217=CIRCLE('',#10281,0.64);
#7218=VERTEX_POINT('',#10282);
#7219=LINE('',#10283,#10284);
#7220=VERTEX_POINT('',#10285);
#7221=CIRCLE('',#10286,0.64);
#7222=VERTEX_POINT('',#10287);
#7223=LINE('',#10288,#10289);
#7224=LINE('',#10290,#10291);
#7225=VERTEX_POINT('',#10292);
#7226=CIRCLE('',#10293,0.08);
#7227=VERTEX_POINT('',#10294);
#7228=LINE('',#10295,#10296);
#7229=VERTEX_POINT('',#10297);
#7230=LINE('',#10298,#10299);
#7231=VERTEX_POINT('',#10300);
#7232=CIRCLE('',#10301,0.13);
#7233=VERTEX_POINT('',#10302);
#7234=LINE('',#10303,#10304);
#7235=VERTEX_POINT('',#10305);
#7236=CIRCLE('',#10306,0.13);
#7237=LINE('',#10307,#10308);
#7238=VERTEX_POINT('',#10309);
#7239=VERTEX_POINT('',#10310);
#7240=LINE('',#10311,#10312);
#7241=VERTEX_POINT('',#10313);
#7242=LINE('',#10314,#10315);
#7243=VERTEX_POINT('',#10316);
#7244=LINE('',#10317,#10318);
#7245=VERTEX_POINT('',#10319);
#7246=LINE('',#10320,#10321);
#7247=VERTEX_POINT('',#10322);
#7248=LINE('',#10323,#10324);
#7249=VERTEX_POINT('',#10325);
#7250=LINE('',#10326,#10327);
#7251=LINE('',#10328,#10329);
#7252=LINE('',#10330,#10331);
#7253=LINE('',#10332,#10333);
#7254=LINE('',#10334,#10335);
#7255=LINE('',#10336,#10337);
#7256=CIRCLE('',#10338,0.25);
#7257=B_SPLINE_CURVE_WITH_KNOTS('',3,(#10339,#10340,#10341,#10342),.UNSPECIFIED.,.F.,.F.,(4,4),(0.0,1.0),.UNSPECIFIED.);
#7258=VERTEX_POINT('',#10343);
#7259=B_SPLINE_CURVE_WITH_KNOTS('',3,(#10344,#10345,#10346,#10347,#10348,#10349,#10350,#10351,#10352,#10353,#10354,#10355),.UNSPECIFIED.,.F.,.F.,(4,1,1,1,1,1,1,1,1,4),(0.0,0.1111111111111,0.2222222222222,0.3333333333333,0.4444444444444,0.5555555555556,0.6666666666667,0.7777777777778,0.8888888888889,1.0),.UNSPECIFIED.);
#7260=VERTEX_POINT('',#10356);
#7261=B_SPLINE_CURVE_WITH_KNOTS('',3,(#10357,#10358,#10359,#10360,#10361),.UNSPECIFIED.,.F.,.F.,(4,1,4),(0.0,0.5,1.0),.UNSPECIFIED.);
#7262=VERTEX_POINT('',#10362);
#7263=LINE('',#10363,#10364);
#7264=VERTEX_POINT('',#10365);
#7265=B_SPLINE_CURVE_WITH_KNOTS('',3,(#10366,#10367,#10368,#10369,#10370,#10371,#10372),.UNSPECIFIED.,.F.,.F.,(4,1,1,1,4),(0.0,0.25,0.5,0.75,1.0),.UNSPECIFIED.);
#7266=B_SPLINE_CURVE_WITH_KNOTS('',3,(#10373,#10374,#10375,#10376,#10377,#10378,#10379,#10380,#10381),.UNSPECIFIED.,.F.,.F.,(4,1,1,1,1,1,4),(0.0,0.1666666666667,0.3333333333333,0.5,0.6666666666667,0.8333333333333,1.0),.UNSPECIFIED.);
#7267=VERTEX_POINT('',#10382);
#7268=B_SPLINE_CURVE_WITH_KNOTS('',3,(#10383,#10384,#10385,#10386,#10387,#10388,#10389,#10390,#10391),.UNSPECIFIED.,.F.,.F.,(4,1,1,1,1,1,4),(0.0,0.1666666666667,0.3333333333333,0.5,0.6666666666667,0.8333333333333,1.0),.UNSPECIFIED.);
#7269=LINE('',#10392,#10393);
#7270=VERTEX_POINT('',#10394);
#7271=VERTEX_POINT('',#10395);
#7272=LINE('',#10396,#10397);
#7273=VERTEX_POINT('',#10398);
#7274=LINE('',#10399,#10400);
#7275=B_SPLINE_CURVE_WITH_KNOTS('',3,(#10401,#10402,#10403,#10404,#10405,#10406,#10407),.UNSPECIFIED.,.F.,.F.,(4,1,1,1,4),(0.0,0.25,0.5,0.75,1.0),.UNSPECIFIED.);
#7276=LINE('',#10408,#10409);
#7277=VERTEX_POINT('',#10410);
#7278=LINE('',#10411,#10412);
#7279=LINE('',#10413,#10414);
#7280=VERTEX_POINT('',#10415);
#7281=B_SPLINE_CURVE_WITH_KNOTS('',3,(#10416,#10417,#10418,#10419,#10420,#10421,#10422,#10423,#10424,#10425,#10426,#10427,#10428,#10429,#10430,#10431,#10432,#10433,#10434,#10435,#10436),.UNSPECIFIED.,.F.,.F.,(4,1,1,1,1,1,1,1,1,1,1,1,1,1,1,1,1,1,4),(0.0,0.05555555555556,0.1111111111111,0.1666666666667,0.2222222222222,0.2777777777778,0.3333333333333,0.3888888888889,0.4444444444444,0.5,0.5555555555556,0.6111111111111,0.6666666666667,0.7222222222222,0.7777777777778,0.8333333333333,0.8888888888889,0.9444444444444,1.0),.UNSPECIFIED.);
#7282=VERTEX_POINT('',#10437);
#7283=LINE('',#10438,#10439);
#7284=B_SPLINE_CURVE_WITH_KNOTS('',3,(#10440,#10441,#10442,#10443,#10444,#10445,#10446,#10447,#10448,#10449,#10450,#10451,#10452,#10453,#10454,#10455,#10456,#10457,#10458,#10459,#10460,#10461,#10462,#10463),.UNSPECIFIED.,.F.,.F.,(4,1,1,1,1,1,1,1,1,1,1,1,1,1,1,1,1,1,1,1,1,4),(0.0,0.04761904761905,0.0952380952381,0.1428571428571,0.1904761904762,0.2380952380952,0.2857142857143,0.3333333333333,0.3809523809524,0.4285714285714,0.4761904761905,0.5238095238095,0.5714285714286,0.6190476190476,0.6666666666667,0.7142857142857,0.7619047619048,0.8095238095238,0.8571428571429,0.9047619047619,0.952380952381,1.0),.UNSPECIFIED.);
#7285=VERTEX_POINT('',#10464);
#7286=LINE('',#10465,#10466);
#7287=B_SPLINE_CURVE_WITH_KNOTS('',3,(#10467,#10468,#10469,#10470,#10471,#10472,#10473,#10474,#10475,#10476,#10477,#10478,#10479,#10480,#10481,#10482,#10483,#10484,#10485,#10486,#10487,#10488,#10489,#10490),.UNSPECIFIED.,.F.,.F.,(4,1,1,1,1,1,1,1,1,1,1,1,1,1,1,1,1,1,1,1,1,4),(0.0,0.04761904761905,0.0952380952381,0.1428571428571,0.1904761904762,0.2380952380952,0.2857142857143,0.3333333333333,0.3809523809524,0.4285714285714,0.4761904761905,0.5238095238095,0.5714285714286,0.6190476190476,0.6666666666667,0.7142857142857,0.7619047619048,0.8095238095238,0.8571428571429,0.9047619047619,0.952380952381,1.0),.UNSPECIFIED.);
#7288=VERTEX_POINT('',#10491);
#7289=LINE('',#10492,#10493);
#7290=VERTEX_POINT('',#10494);
#7291=B_SPLINE_CURVE_WITH_KNOTS('',3,(#10495,#10496,#10497,#10498,#10499,#10500,#10501,#10502,#10503,#10504,#10505,#10506,#10507,#10508,#10509,#10510,#10511,#10512,#10513,#10514,#10515),.UNSPECIFIED.,.F.,.F.,(4,1,1,1,1,1,1,1,1,1,1,1,1,1,1,1,1,1,4),(0.0,0.05555555555556,0.1111111111111,0.1666666666667,0.2222222222222,0.2777777777778,0.3333333333333,0.3888888888889,0.4444444444444,0.5,0.5555555555556,0.6111111111111,0.6666666666667,0.7222222222222,0.7777777777778,0.8333333333333,0.8888888888889,0.9444444444444,1.0),.UNSPECIFIED.);
#7292=LINE('',#10516,#10517);
#7293=VERTEX_POINT('',#10518);
#7294=LINE('',#10519,#10520);
#7295=LINE('',#10521,#10522);
#7296=VERTEX_POINT('',#10523);
#7297=B_SPLINE_CURVE_WITH_KNOTS('',3,(#10524,#10525,#10526,#10527,#10528),.UNSPECIFIED.,.F.,.F.,(4,1,4),(0.0,0.5,1.0),.UNSPECIFIED.);
#7298=B_SPLINE_CURVE_WITH_KNOTS('',3,(#10529,#10530,#10531,#10532,#10533,#10534,#10535,#10536,#10537,#10538,#10539,#10540),.UNSPECIFIED.,.F.,.F.,(4,1,1,1,1,1,1,1,1,4),(0.0,0.1111111111111,0.2222222222222,0.3333333333333,0.4444444444444,0.5555555555556,0.6666666666667,0.7777777777778,0.8888888888889,1.0),.UNSPECIFIED.);
#7299=LINE('',#10541,#10542);
#7300=LINE('',#10543,#10544);
#7301=LINE('',#10545,#10546);
#7302=VERTEX_POINT('',#10547);
#7303=LINE('',#10548,#10549);
#7304=VERTEX_POINT('',#10550);
#7305=LINE('',#10551,#10552);
#7306=LINE('',#10553,#10554);
#7307=VERTEX_POINT('',#10555);
#7308=LINE('',#10556,#10557);
#7309=LINE('',#10558,#10559);
#7310=VERTEX_POINT('',#10560);
#7311=LINE('',#10561,#10562);
#7312=LINE('',#10563,#10564);
#7313=LINE('',#10565,#10566);
#7314=VERTEX_POINT('',#10567);
#7315=VERTEX_POINT('',#10568);
#7316=LINE('',#10569,#10570);
#7317=VERTEX_POINT('',#10571);
#7318=CIRCLE('',#10572,0.62);
#7319=B_SPLINE_CURVE_WITH_KNOTS('',3,(#10573,#10574,#10575,#10576,#10577,#10578,#10579,#10580,#10581,#10582,#10583,#10584,#10585,#10586,#10587,#10588,#10589,#10590,#10591,#10592),.UNSPECIFIED.,.F.,.F.,(4,1,1,1,1,1,1,1,1,1,1,1,1,1,1,1,1,4),(0.0,0.05882352941176,0.1176470588235,0.1764705882353,0.2352941176471,0.2941176470588,0.3529411764706,0.4117647058824,0.4705882352941,0.5294117647059,0.5882352941176,0.6470588235294,0.7058823529412,0.7647058823529,0.8235294117647,0.8823529411765,0.9411764705882,1.0),.UNSPECIFIED.);
#7320=VERTEX_POINT('',#10593);
#7321=B_SPLINE_CURVE_WITH_KNOTS('',3,(#10594,#10595,#10596,#10597,#10598,#10599,#10600,#10601,#10602,#10603,#10604,#10605,#10606,#10607,#10608,#10609,#10610,#10611,#10612,#10613),.UNSPECIFIED.,.F.,.F.,(4,1,1,1,1,1,1,1,1,1,1,1,1,1,1,1,1,4),(0.0,0.05882352941176,0.1176470588235,0.1764705882353,0.2352941176471,0.2941176470588,0.3529411764706,0.4117647058824,0.4705882352941,0.5294117647059,0.5882352941176,0.6470588235294,0.7058823529412,0.7647058823529,0.8235294117647,0.8823529411765,0.9411764705882,1.0),.UNSPECIFIED.);
#7322=CIRCLE('',#10614,0.62);
#7323=VERTEX_POINT('',#10615);
#7324=VERTEX_POINT('',#10616);
#7325=CIRCLE('',#10617,0.302);
#7326=VERTEX_POINT('',#10618);
#7327=LINE('',#10619,#10620);
#7328=VERTEX_POINT('',#10621);
#7329=LINE('',#10622,#10623);
#7330=LINE('',#10624,#10625);
#7331=LINE('',#10626,#10627);
#7332=B_SPLINE_CURVE_WITH_KNOTS('',3,(#10628,#10629,#10630,#10631,#10632,#10633,#10634,#10635,#10636,#10637,#10638,#10639,#10640,#10641,#10642,#10643,#10644,#10645,#10646,#10647,#10648,#10649,#10650,#10651,#10652,#10653),.UNSPECIFIED.,.F.,.F.,(4,1,1,1,1,1,1,1,1,1,1,1,1,1,1,1,1,1,1,1,1,1,1,4),(0.0,0.04347826086957,0.08695652173913,0.1304347826087,0.1739130434783,0.2173913043478,0.2608695652174,0.304347826087,0.3478260869565,0.3913043478261,0.4347826086957,0.4782608695652,0.5217391304348,0.5652173913043,0.6086956521739,0.6521739130435,0.695652173913,0.7391304347826,0.7826086956522,0.8260869565217,0.8695652173913,0.9130434782609,0.9565217391304,1.0),.UNSPECIFIED.);
#7333=VERTEX_POINT('',#10654);
#7334=B_SPLINE_CURVE_WITH_KNOTS('',3,(#10655,#10656,#10657,#10658,#10659,#10660,#10661,#10662,#10663,#10664,#10665,#10666,#10667,#10668,#10669,#10670,#10671,#10672,#10673,#10674,#10675,#10676,#10677,#10678,#10679,#10680),.UNSPECIFIED.,.F.,.F.,(4,1,1,1,1,1,1,1,1,1,1,1,1,1,1,1,1,1,1,1,1,1,1,4),(0.0,0.04347826086957,0.08695652173913,0.1304347826087,0.1739130434783,0.2173913043478,0.2608695652174,0.304347826087,0.3478260869565,0.3913043478261,0.4347826086957,0.4782608695652,0.5217391304348,0.5652173913043,0.6086956521739,0.6521739130435,0.695652173913,0.7391304347826,0.7826086956522,0.8260869565217,0.8695652173913,0.9130434782609,0.9565217391304,1.0),.UNSPECIFIED.);
#7335=VERTEX_POINT('',#10681);
#7336=CIRCLE('',#10682,0.302);
#7337=LINE('',#10683,#10684);
#7338=VERTEX_POINT('',#10685);
#7339=VERTEX_POINT('',#10686);
#7340=LINE('',#10687,#10688);
#7341=CIRCLE('',#10689,0.3);
#7342=VERTEX_POINT('',#10690);
#7343=LINE('',#10691,#10692);
#7344=CIRCLE('',#10693,0.3);
#7345=VERTEX_POINT('',#10694);
#7346=LINE('',#10695,#10696);
#7347=VERTEX_POINT('',#10697);
#7348=LINE('',#10698,#10699);
#7349=CIRCLE('',#10700,0.3);
#7350=LINE('',#10701,#10702);
#7351=VERTEX_POINT('',#10703);
#7352=CIRCLE('',#10704,0.3);
#7353=LINE('',#10705,#10706);
#7354=LINE('',#10707,#10708);
#7355=LINE('',#10709,#10710);
#7356=VERTEX_POINT('',#10711);
#7357=LINE('',#10712,#10713);
#7358=VERTEX_POINT('',#10714);
#7359=LINE('',#10715,#10716);
#7360=VERTEX_POINT('',#10717);
#7361=LINE('',#10718,#10719);
#7362=LINE('',#10720,#10721);
#7363=VERTEX_POINT('',#10722);
#7364=LINE('',#10723,#10724);
#7365=LINE('',#10725,#10726);
#7366=VERTEX_POINT('',#10727);
#7367=B_SPLINE_CURVE_WITH_KNOTS('',3,(#10728,#10729,#10730,#10731,#10732,#10733,#10734,#10735,#10736,#10737),.UNSPECIFIED.,.F.,.F.,(4,1,1,1,1,1,1,4),(4.78637544461823E-12,0.25,0.500000000001197,0.625,0.75,0.875,0.9375,1.0),.UNSPECIFIED.);
#7368=VERTEX_POINT('',#10738);
#7369=LINE('',#10739,#10740);
#7370=VERTEX_POINT('',#10741);
#7371=LINE('',#10742,#10743);
#7372=VERTEX_POINT('',#10744);
#7373=LINE('',#10745,#10746);
#7374=B_SPLINE_CURVE_WITH_KNOTS('',3,(#10747,#10748,#10749,#10750,#10751,#10752,#10753,#10754),.UNSPECIFIED.,.F.,.F.,(4,1,1,1,1,4),(0.0,0.125,0.25,0.5,0.75,1.0),.UNSPECIFIED.);
#7375=VERTEX_POINT('',#10755);
#7376=B_SPLINE_CURVE_WITH_KNOTS('',3,(#10756,#10757,#10758,#10759,#10760,#10761,#10762,#10763),.UNSPECIFIED.,.F.,.F.,(4,1,1,1,1,4),(0.0,0.125,0.25,0.5,0.75,1.0),.UNSPECIFIED.);
#7377=LINE('',#10764,#10765);
#7378=VERTEX_POINT('',#10766);
#7379=LINE('',#10767,#10768);
#7380=LINE('',#10769,#10770);
#7381=VERTEX_POINT('',#10771);
#7382=LINE('',#10772,#10773);
#7383=VERTEX_POINT('',#10774);
#7384=B_SPLINE_CURVE_WITH_KNOTS('',3,(#10775,#10776,#10777,#10778,#10779,#10780,#10781,#10782),.UNSPECIFIED.,.F.,.F.,(4,1,1,1,1,4),(0.0,0.25,0.5,0.75,0.875,1.0),.UNSPECIFIED.);
#7385=B_SPLINE_CURVE_WITH_KNOTS('',3,(#10783,#10784,#10785,#10786,#10787,#10788,#10789,#10790),.UNSPECIFIED.,.F.,.F.,(4,1,1,1,1,4),(0.0,0.25,0.5,0.75,0.875,1.0),.UNSPECIFIED.);
#7386=VERTEX_POINT('',#10791);
#7387=LINE('',#10792,#10793);
#7388=VERTEX_POINT('',#10794);
#7389=LINE('',#10795,#10796);
#7390=VERTEX_POINT('',#10797);
#7391=LINE('',#10798,#10799);
#7392=VERTEX_POINT('',#10800);
#7393=LINE('',#10801,#10802);
#7394=B_SPLINE_CURVE_WITH_KNOTS('',3,(#10803,#10804,#10805,#10806,#10807,#10808,#10809,#10810,#10811,#10812),.UNSPECIFIED.,.F.,.F.,(4,1,1,1,1,1,1,4),(0.0,0.0625,0.125,0.25,0.375,0.5,0.75,1.0),.UNSPECIFIED.);
#7395=VERTEX_POINT('',#10813);
#7396=B_SPLINE_CURVE_WITH_KNOTS('',3,(#10814,#10815,#10816,#10817),.UNSPECIFIED.,.F.,.F.,(4,4),(0.0,1.0),.UNSPECIFIED.);
#7397=LINE('',#10818,#10819);
#7398=LINE('',#10820,#10821);
#7399=VERTEX_POINT('',#10822);
#7400=LINE('',#10823,#10824);
#7401=VERTEX_POINT('',#10825);
#7402=LINE('',#10826,#10827);
#7403=LINE('',#10828,#10829);
#7404=LINE('',#10830,#10831);
#7405=VERTEX_POINT('',#10832);
#7406=CIRCLE('',#10833,0.08);
#7407=LINE('',#10834,#10835);
#7408=LINE('',#10836,#10837);
#7409=LINE('',#10838,#10839);
#7410=VERTEX_POINT('',#10840);
#7411=CIRCLE('',#10841,0.08);
#7412=LINE('',#10842,#10843);
#7413=LINE('',#10844,#10845);
#7414=VERTEX_POINT('',#10846);
#7415=LINE('',#10847,#10848);
#7416=LINE('',#10849,#10850);
#7417=VERTEX_POINT('',#10851);
#7418=VERTEX_POINT('',#10852);
#7419=LINE('',#10853,#10854);
#7420=VERTEX_POINT('',#10855);
#7421=LINE('',#10856,#10857);
#7422=VERTEX_POINT('',#10858);
#7423=LINE('',#10859,#10860);
#7424=LINE('',#10861,#10862);
#7425=VERTEX_POINT('',#10863);
#7426=VERTEX_POINT('',#10864);
#7427=LINE('',#10865,#10866);
#7428=VERTEX_POINT('',#10867);
#7429=LINE('',#10868,#10869);
#7430=VERTEX_POINT('',#10870);
#7431=LINE('',#10871,#10872);
#7432=LINE('',#10873,#10874);
#7433=VERTEX_POINT('',#10875);
#7434=VERTEX_POINT('',#10876);
#7435=LINE('',#10877,#10878);
#7436=VERTEX_POINT('',#10879);
#7437=LINE('',#10880,#10881);
#7438=VERTEX_POINT('',#10882);
#7439=LINE('',#10883,#10884);
#7440=LINE('',#10885,#10886);
#7441=VERTEX_POINT('',#10887);
#7442=VERTEX_POINT('',#10888);
#7443=LINE('',#10889,#10890);
#7444=VERTEX_POINT('',#10891);
#7445=LINE('',#10892,#10893);
#7446=VERTEX_POINT('',#10894);
#7447=LINE('',#10895,#10896);
#7448=LINE('',#10897,#10898);
#7449=VERTEX_POINT('',#10899);
#7450=VERTEX_POINT('',#10900);
#7451=LINE('',#10901,#10902);
#7452=VERTEX_POINT('',#10903);
#7453=LINE('',#10904,#10905);
#7454=VERTEX_POINT('',#10906);
#7455=LINE('',#10907,#10908);
#7456=LINE('',#10909,#10910);
#7457=VERTEX_POINT('',#10911);
#7458=VERTEX_POINT('',#10912);
#7459=LINE('',#10913,#10914);
#7460=VERTEX_POINT('',#10915);
#7461=LINE('',#10916,#10917);
#7462=VERTEX_POINT('',#10918);
#7463=LINE('',#10919,#10920);
#7464=LINE('',#10921,#10922);
#7465=VERTEX_POINT('',#10923);
#7466=VERTEX_POINT('',#10924);
#7467=LINE('',#10925,#10926);
#7468=VERTEX_POINT('',#10927);
#7469=LINE('',#10928,#10929);
#7470=VERTEX_POINT('',#10930);
#7471=LINE('',#10931,#10932);
#7472=LINE('',#10933,#10934);
#7473=VERTEX_POINT('',#10935);
#7474=VERTEX_POINT('',#10936);
#7475=LINE('',#10937,#10938);
#7476=VERTEX_POINT('',#10939);
#7477=LINE('',#10940,#10941);
#7478=VERTEX_POINT('',#10942);
#7479=LINE('',#10943,#10944);
#7480=LINE('',#10945,#10946);
#7481=B_SPLINE_CURVE_WITH_KNOTS('',3,(#10947,#10948,#10949,#10950),.UNSPECIFIED.,.F.,.F.,(4,4),(2.62818420541899E-11,1.0),.UNSPECIFIED.);
#7482=LINE('',#10951,#10952);
#7483=LINE('',#10953,#10954);
#7484=VERTEX_POINT('',#10955);
#7485=LINE('',#10956,#10957);
#7486=CIRCLE('',#10958,1.019);
#7487=VERTEX_POINT('',#10959);
#7488=CIRCLE('',#10960,1.27);
#7489=LINE('',#10961,#10962);
#7490=VERTEX_POINT('',#10963);
#7491=LINE('',#10964,#10965);
#7492=LINE('',#10966,#10967);
#7493=CIRCLE('',#10968,1.27);
#7494=VERTEX_POINT('',#10969);
#7495=CIRCLE('',#10970,1.019);
#7496=LINE('',#10971,#10972);
#7497=LINE('',#10973,#10974);
#7498=VERTEX_POINT('',#10975);
#7499=LINE('',#10976,#10977);
#7500=CIRCLE('',#10978,1.019);
#7501=VERTEX_POINT('',#10979);
#7502=CIRCLE('',#10980,1.27);
#7503=LINE('',#10981,#10982);
#7504=VERTEX_POINT('',#10983);
#7505=LINE('',#10984,#10985);
#7506=LINE('',#10986,#10987);
#7507=CIRCLE('',#10988,1.27);
#7508=VERTEX_POINT('',#10989);
#7509=CIRCLE('',#10990,1.019);
#7510=LINE('',#10991,#10992);
#7511=LINE('',#10993,#10994);
#7512=VERTEX_POINT('',#10995);
#7513=LINE('',#10996,#10997);
#7514=CIRCLE('',#10998,1.019);
#7515=VERTEX_POINT('',#10999);
#7516=CIRCLE('',#11000,1.27);
#7517=LINE('',#11001,#11002);
#7518=VERTEX_POINT('',#11003);
#7519=LINE('',#11004,#11005);
#7520=LINE('',#11006,#11007);
#7521=CIRCLE('',#11008,1.27);
#7522=VERTEX_POINT('',#11009);
#7523=CIRCLE('',#11010,1.019);
#7524=LINE('',#11011,#11012);
#7525=LINE('',#11013,#11014);
#7526=VERTEX_POINT('',#11015);
#7527=LINE('',#11016,#11017);
#7528=CIRCLE('',#11018,1.019);
#7529=VERTEX_POINT('',#11019);
#7530=CIRCLE('',#11020,1.27);
#7531=LINE('',#11021,#11022);
#7532=VERTEX_POINT('',#11023);
#7533=LINE('',#11024,#11025);
#7534=LINE('',#11026,#11027);
#7535=CIRCLE('',#11028,1.27);
#7536=VERTEX_POINT('',#11029);
#7537=CIRCLE('',#11030,1.019);
#7538=LINE('',#11031,#11032);
#7539=LINE('',#11033,#11034);
#7540=VERTEX_POINT('',#11035);
#7541=LINE('',#11036,#11037);
#7542=VERTEX_POINT('',#11038);
#7543=LINE('',#11039,#11040);
#7544=LINE('',#11041,#11042);
#7545=VERTEX_POINT('',#11043);
#7546=LINE('',#11044,#11045);
#7547=LINE('',#11046,#11047);
#7548=VERTEX_POINT('',#11048);
#7549=LINE('',#11049,#11050);
#7550=LINE('',#11051,#11052);
#7551=VERTEX_POINT('',#11053);
#7552=LINE('',#11054,#11055);
#7553=LINE('',#11056,#11057);
#7554=VERTEX_POINT('',#11058);
#7555=LINE('',#11059,#11060);
#7556=LINE('',#11061,#11062);
#7557=VERTEX_POINT('',#11063);
#7558=LINE('',#11064,#11065);
#7559=LINE('',#11066,#11067);
#7560=LINE('',#11068,#11069);
#7561=VERTEX_POINT('',#11070);
#7562=LINE('',#11071,#11072);
#7563=VERTEX_POINT('',#11073);
#7564=LINE('',#11074,#11075);
#7565=LINE('',#11076,#11077);
#7566=VERTEX_POINT('',#11078);
#7567=LINE('',#11079,#11080);
#7568=VERTEX_POINT('',#11081);
#7569=LINE('',#11082,#11083);
#7570=LINE('',#11084,#11085);
#7571=CIRCLE('',#11086,0.638);
#7572=VERTEX_POINT('',#11087);
#7573=LINE('',#11088,#11089);
#7574=VERTEX_POINT('',#11090);
#7575=CIRCLE('',#11091,0.638);
#7576=VERTEX_POINT('',#11092);
#7577=LINE('',#11093,#11094);
#7578=VERTEX_POINT('',#11095);
#7579=LINE('',#11096,#11097);
#7580=VERTEX_POINT('',#11098);
#7581=LINE('',#11099,#11100);
#7582=VERTEX_POINT('',#11101);
#7583=LINE('',#11102,#11103);
#7584=VERTEX_POINT('',#11104);
#7585=LINE('',#11105,#11106);
#7586=VERTEX_POINT('',#11107);
#7587=LINE('',#11108,#11109);
#7588=VERTEX_POINT('',#11110);
#7589=LINE('',#11111,#11112);
#7590=VERTEX_POINT('',#11113);
#7591=LINE('',#11114,#11115);
#7592=VERTEX_POINT('',#11116);
#7593=LINE('',#11117,#11118);
#7594=VERTEX_POINT('',#11119);
#7595=LINE('',#11120,#11121);
#7596=VERTEX_POINT('',#11122);
#7597=LINE('',#11123,#11124);
#7598=VERTEX_POINT('',#11125);
#7599=CIRCLE('',#11126,0.638);
#7600=LINE('',#11127,#11128);
#7601=CIRCLE('',#11129,0.638);
#7602=VERTEX_POINT('',#11130);
#7603=LINE('',#11131,#11132);
#7604=VERTEX_POINT('',#11133);
#7605=LINE('',#11134,#11135);
#7606=LINE('',#11136,#11137);
#7607=VERTEX_POINT('',#11138);
#7608=B_SPLINE_CURVE_WITH_KNOTS('',3,(#11139,#11140,#11141,#11142,#11143,#11144,#11145),.UNSPECIFIED.,.F.,.F.,(4,1,1,1,4),(0.0,0.25,0.5,0.75,1.0),.UNSPECIFIED.);
#7609=VERTEX_POINT('',#11146);
#7610=LINE('',#11147,#11148);
#7611=B_SPLINE_CURVE_WITH_KNOTS('',3,(#11149,#11150,#11151,#11152,#11153,#11154,#11155),.UNSPECIFIED.,.F.,.F.,(4,1,1,1,4),(0.0,0.25,0.5,0.75,1.0),.UNSPECIFIED.);
#7612=VERTEX_POINT('',#11156);
#7613=VERTEX_POINT('',#11157);
#7614=LINE('',#11158,#11159);
#7615=B_SPLINE_CURVE_WITH_KNOTS('',3,(#11160,#11161,#11162,#11163,#11164,#11165,#11166,#11167,#11168),.UNSPECIFIED.,.F.,.F.,(4,1,1,1,1,1,4),(0.0,0.125,0.25,0.5,0.75,0.875,1.0),.UNSPECIFIED.);
#7616=VERTEX_POINT('',#11169);
#7617=LINE('',#11170,#11171);
#7618=B_SPLINE_CURVE_WITH_KNOTS('',3,(#11172,#11173,#11174,#11175,#11176),.UNSPECIFIED.,.F.,.F.,(4,1,4),(0.0,0.5,1.0),.UNSPECIFIED.);
#7619=LINE('',#11177,#11178);
#7620=VERTEX_POINT('',#11179);
#7621=B_SPLINE_CURVE_WITH_KNOTS('',3,(#11180,#11181,#11182,#11183,#11184,#11185,#11186),.UNSPECIFIED.,.F.,.F.,(4,1,1,1,4),(0.0,0.25,0.5,0.75,1.0),.UNSPECIFIED.);
#7622=VERTEX_POINT('',#11187);
#7623=LINE('',#11188,#11189);
#7624=B_SPLINE_CURVE_WITH_KNOTS('',3,(#11190,#11191,#11192,#11193),.UNSPECIFIED.,.F.,.F.,(4,4),(0.0,1.0),.UNSPECIFIED.);
#7625=VERTEX_POINT('',#11194);
#7626=B_SPLINE_CURVE_WITH_KNOTS('',3,(#11195,#11196,#11197,#11198,#11199,#11200,#11201,#11202,#11203,#11204,#11205,#11206,#11207,#11208,#11209,#11210,#11211,#11212,#11213,#11214,#11215,#11216,#11217,#11218,#11219,#11220,#11221,#11222,#11223,#11224,#11225,#11226,#11227,#11228,#11229,#11230,#11231,#11232),.UNSPECIFIED.,.F.,.F.,(4,1,1,1,1,1,1,1,1,1,1,1,1,1,1,1,1,1,1,1,1,1,1,1,1,1,1,1,1,1,1,1,1,1,1,4),(0.0,0.02857142857143,0.05714285714286,0.08571428571429,0.1142857142857,0.1428571428571,0.1714285714286,0.2,0.2285714285714,0.2571428571429,0.2857142857143,0.3142857142857,0.3428571428571,0.3714285714286,0.4,0.4285714285714,0.4571428571429,0.4857142857143,0.5142857142857,0.5428571428571,0.5714285714286,0.6,0.6285714285714,0.6571428571429,0.6857142857143,0.7142857142857,0.7428571428571,0.7714285714286,0.8,0.8285714285714,0.8571428571429,0.8857142857143,0.9142857142857,0.9428571428571,0.9714285714286,1.0),.UNSPECIFIED.);
#7627=VERTEX_POINT('',#11233);
#7628=B_SPLINE_CURVE_WITH_KNOTS('',3,(#11234,#11235,#11236,#11237),.UNSPECIFIED.,.F.,.F.,(4,4),(0.0,1.0),.UNSPECIFIED.);
#7629=B_SPLINE_CURVE_WITH_KNOTS('',3,(#11238,#11239,#11240,#11241,#11242,#11243,#11244,#11245,#11246,#11247,#11248,#11249,#11250,#11251,#11252,#11253,#11254,#11255,#11256,#11257,#11258,#11259,#11260,#11261,#11262,#11263,#11264,#11265,#11266,#11267,#11268,#11269,#11270,#11271,#11272,#11273,#11274),.UNSPECIFIED.,.F.,.F.,(4,1,1,1,1,1,1,1,1,1,1,1,1,1,1,1,1,1,1,1,1,1,1,1,1,1,1,1,1,1,1,1,1,1,4),(0.0,0.02941176470588,0.05882352941176,0.08823529411765,0.1176470588235,0.1470588235294,0.1764705882353,0.2058823529412,0.2352941176471,0.2647058823529,0.2941176470588,0.3235294117647,0.3529411764706,0.3823529411765,0.4117647058824,0.4411764705882,0.4705882352941,0.5,0.5294117647059,0.5588235294118,0.5882352941176,0.6176470588235,0.6470588235294,0.6764705882353,0.7058823529412,0.7352941176471,0.7647058823529,0.7941176470588,0.8235294117647,0.8529411764706,0.8823529411765,0.9117647058824,0.9411764705882,0.9705882352941,1.0),.UNSPECIFIED.);
#7630=VERTEX_POINT('',#11275);
#7631=LINE('',#11276,#11277);
#7632=LINE('',#11278,#11279);
#7633=B_SPLINE_CURVE_WITH_KNOTS('',3,(#11280,#11281,#11282,#11283,#11284,#11285,#11286,#11287,#11288),.UNSPECIFIED.,.F.,.F.,(4,1,1,1,1,1,4),(0.0,0.125,0.25,0.5,0.75,0.875,1.0),.UNSPECIFIED.);
#7634=VERTEX_POINT('',#11289);
#7635=LINE('',#11290,#11291);
#7636=LINE('',#11292,#11293);
#7637=B_SPLINE_CURVE_WITH_KNOTS('',3,(#11294,#11295,#11296,#11297,#11298),.UNSPECIFIED.,.F.,.F.,(4,1,4),(0.0,0.5,1.0),.UNSPECIFIED.);
#7638=VERTEX_POINT('',#11299);
#7639=LINE('',#11300,#11301);
#7640=B_SPLINE_CURVE_WITH_KNOTS('',3,(#11302,#11303,#11304,#11305,#11306,#11307,#11308),.UNSPECIFIED.,.F.,.F.,(4,1,1,1,4),(0.0,0.25,0.5,0.75,1.0),.UNSPECIFIED.);
#7641=LINE('',#11309,#11310);
#7642=LINE('',#11311,#11312);
#7643=VERTEX_POINT('',#11313);
#7644=CIRCLE('',#11314,0.638);
#7645=VERTEX_POINT('',#11315);
#7646=LINE('',#11316,#11317);
#7647=LINE('',#11318,#11319);
#7648=CIRCLE('',#11320,0.638);
#7649=VERTEX_POINT('',#11321);
#7650=VERTEX_POINT('',#11322);
#7651=LINE('',#11323,#11324);
#7652=B_SPLINE_CURVE_WITH_KNOTS('',3,(#11325,#11326,#11327,#11328,#11329,#11330,#11331,#11332,#11333),.UNSPECIFIED.,.F.,.F.,(4,1,1,1,1,1,4),(0.0,0.125,0.25,0.5,0.75,0.875,1.0),.UNSPECIFIED.);
#7653=VERTEX_POINT('',#11334);
#7654=LINE('',#11335,#11336);
#7655=B_SPLINE_CURVE_WITH_KNOTS('',3,(#11337,#11338,#11339,#11340,#11341),.UNSPECIFIED.,.F.,.F.,(4,1,4),(0.0,0.5,1.0),.UNSPECIFIED.);
#7656=VERTEX_POINT('',#11342);
#7657=B_SPLINE_CURVE_WITH_KNOTS('',3,(#11343,#11344,#11345,#11346,#11347,#11348,#11349),.UNSPECIFIED.,.F.,.F.,(4,1,1,1,4),(0.0,0.25,0.5,0.75,1.0),.UNSPECIFIED.);
#7658=LINE('',#11350,#11351);
#7659=VERTEX_POINT('',#11352);
#7660=B_SPLINE_CURVE_WITH_KNOTS('',3,(#11353,#11354,#11355,#11356,#11357,#11358,#11359),.UNSPECIFIED.,.F.,.F.,(4,1,1,1,4),(0.0,0.25,0.5,0.75,1.0),.UNSPECIFIED.);
#7661=VERTEX_POINT('',#11360);
#7662=LINE('',#11361,#11362);
#7663=B_SPLINE_CURVE_WITH_KNOTS('',3,(#11363,#11364,#11365,#11366),.UNSPECIFIED.,.F.,.F.,(4,4),(0.0,1.0),.UNSPECIFIED.);
#7664=VERTEX_POINT('',#11367);
#7665=VERTEX_POINT('',#11368);
#7666=B_SPLINE_CURVE_WITH_KNOTS('',3,(#11369,#11370,#11371,#11372),.UNSPECIFIED.,.F.,.F.,(4,4),(0.0,1.0),.UNSPECIFIED.);
#7667=B_SPLINE_CURVE_WITH_KNOTS('',3,(#11373,#11374,#11375,#11376,#11377,#11378,#11379,#11380,#11381,#11382,#11383,#11384,#11385,#11386,#11387,#11388,#11389,#11390,#11391,#11392,#11393,#11394,#11395,#11396,#11397,#11398,#11399,#11400,#11401,#11402,#11403,#11404,#11405,#11406,#11407,#11408,#11409),.UNSPECIFIED.,.F.,.F.,(4,1,1,1,1,1,1,1,1,1,1,1,1,1,1,1,1,1,1,1,1,1,1,1,1,1,1,1,1,1,1,1,1,1,4),(0.0,0.02941176470588,0.05882352941176,0.08823529411765,0.1176470588235,0.1470588235294,0.1764705882353,0.2058823529412,0.2352941176471,0.2647058823529,0.2941176470588,0.3235294117647,0.3529411764706,0.3823529411765,0.4117647058824,0.4411764705882,0.4705882352941,0.5,0.5294117647059,0.5588235294118,0.5882352941176,0.6176470588235,0.6470588235294,0.6764705882353,0.7058823529412,0.7352941176471,0.7647058823529,0.7941176470588,0.8235294117647,0.8529411764706,0.8823529411765,0.9117647058824,0.9411764705882,0.9705882352941,1.0),.UNSPECIFIED.);
#7668=B_SPLINE_CURVE_WITH_KNOTS('',3,(#11410,#11411,#11412,#11413,#11414,#11415,#11416,#11417,#11418,#11419,#11420,#11421,#11422,#11423,#11424,#11425,#11426,#11427,#11428,#11429,#11430,#11431,#11432,#11433,#11434,#11435,#11436,#11437,#11438,#11439,#11440,#11441,#11442,#11443,#11444,#11445,#11446,#11447),.UNSPECIFIED.,.F.,.F.,(4,1,1,1,1,1,1,1,1,1,1,1,1,1,1,1,1,1,1,1,1,1,1,1,1,1,1,1,1,1,1,1,1,1,1,4),(0.0,0.02857142857143,0.05714285714286,0.08571428571429,0.1142857142857,0.1428571428571,0.1714285714286,0.2,0.2285714285714,0.2571428571429,0.2857142857143,0.3142857142857,0.3428571428571,0.3714285714286,0.4,0.4285714285714,0.4571428571429,0.4857142857143,0.5142857142857,0.5428571428571,0.5714285714286,0.6,0.6285714285714,0.6571428571429,0.6857142857143,0.7142857142857,0.7428571428571,0.7714285714286,0.8,0.8285714285714,0.8571428571429,0.8857142857143,0.9142857142857,0.9428571428571,0.9714285714286,1.0),.UNSPECIFIED.);
#7669=VERTEX_POINT('',#11448);
#7670=LINE('',#11449,#11450);
#7671=LINE('',#11451,#11452);
#7672=B_SPLINE_CURVE_WITH_KNOTS('',3,(#11453,#11454,#11455,#11456,#11457,#11458,#11459),.UNSPECIFIED.,.F.,.F.,(4,1,1,1,4),(0.0,0.25,0.5,0.75,1.0),.UNSPECIFIED.);
#7673=VERTEX_POINT('',#11460);
#7674=LINE('',#11461,#11462);
#7675=B_SPLINE_CURVE_WITH_KNOTS('',3,(#11463,#11464,#11465,#11466,#11467,#11468,#11469),.UNSPECIFIED.,.F.,.F.,(4,1,1,1,4),(0.0,0.25,0.5,0.75,1.0),.UNSPECIFIED.);
#7676=VERTEX_POINT('',#11470);
#7677=B_SPLINE_CURVE_WITH_KNOTS('',3,(#11471,#11472,#11473,#11474,#11475),.UNSPECIFIED.,.F.,.F.,(4,1,4),(0.0,0.5,1.0),.UNSPECIFIED.);
#7678=LINE('',#11476,#11477);
#7679=VERTEX_POINT('',#11478);
#7680=B_SPLINE_CURVE_WITH_KNOTS('',3,(#11479,#11480,#11481,#11482,#11483,#11484,#11485,#11486,#11487),.UNSPECIFIED.,.F.,.F.,(4,1,1,1,1,1,4),(0.0,0.125,0.25,0.5,0.75,0.875,1.0),.UNSPECIFIED.);
#7681=LINE('',#11488,#11489);
#7682=LINE('',#11490,#11491);
#7683=LINE('',#11492,#11493);
#7684=LINE('',#11494,#11495);
#7685=LINE('',#11496,#11497);
#7686=LINE('',#11498,#11499);
#7687=VERTEX_POINT('',#11500);
#7688=CIRCLE('',#11501,0.638);
#7689=LINE('',#11502,#11503);
#7690=VERTEX_POINT('',#11504);
#7691=LINE('',#11505,#11506);
#7692=LINE('',#11507,#11508);
#7693=VERTEX_POINT('',#11509);
#7694=VERTEX_POINT('',#11510);
#7695=LINE('',#11511,#11512);
#7696=VERTEX_POINT('',#11513);
#7697=LINE('',#11514,#11515);
#7698=VERTEX_POINT('',#11516);
#7699=LINE('',#11517,#11518);
#7700=VERTEX_POINT('',#11519);
#7701=LINE('',#11520,#11521);
#7702=VERTEX_POINT('',#11522);
#7703=LINE('',#11523,#11524);
#7704=VERTEX_POINT('',#11525);
#7705=LINE('',#11526,#11527);
#7706=VERTEX_POINT('',#11528);
#7707=LINE('',#11529,#11530);
#7708=VERTEX_POINT('',#11531);
#7709=LINE('',#11532,#11533);
#7710=LINE('',#11534,#11535);
#7711=VERTEX_POINT('',#11536);
#7712=CIRCLE('',#11537,0.638);
#7713=LINE('',#11538,#11539);
#7714=LINE('',#11540,#11541);
#7715=LINE('',#11542,#11543);
#7716=VERTEX_POINT('',#11544);
#7717=LINE('',#11545,#11546);
#7718=VERTEX_POINT('',#11547);
#7719=LINE('',#11548,#11549);
#7720=LINE('',#11550,#11551);
#7721=VERTEX_POINT('',#11552);
#7722=LINE('',#11553,#11554);
#7723=VERTEX_POINT('',#11555);
#7724=LINE('',#11556,#11557);
#7725=LINE('',#11558,#11559);
#7726=VERTEX_POINT('',#11560);
#7727=LINE('',#11561,#11562);
#7728=VERTEX_POINT('',#11563);
#7729=LINE('',#11564,#11565);
#7730=LINE('',#11566,#11567);
#7731=VERTEX_POINT('',#11568);
#7732=LINE('',#11569,#11570);
#7733=VERTEX_POINT('',#11571);
#7734=LINE('',#11572,#11573);
#7735=LINE('',#11574,#11575);
#7736=VERTEX_POINT('',#11576);
#7737=VERTEX_POINT('',#11577);
#7738=LINE('',#11578,#11579);
#7739=VERTEX_POINT('',#11580);
#7740=LINE('',#11581,#11582);
#7741=VERTEX_POINT('',#11583);
#7742=LINE('',#11584,#11585);
#7743=LINE('',#11586,#11587);
#7744=VERTEX_POINT('',#11588);
#7745=VERTEX_POINT('',#11589);
#7746=LINE('',#11590,#11591);
#7747=VERTEX_POINT('',#11592);
#7748=LINE('',#11593,#11594);
#7749=VERTEX_POINT('',#11595);
#7750=LINE('',#11596,#11597);
#7751=LINE('',#11598,#11599);
#7752=VERTEX_POINT('',#11600);
#7753=VERTEX_POINT('',#11601);
#7754=LINE('',#11602,#11603);
#7755=VERTEX_POINT('',#11604);
#7756=LINE('',#11605,#11606);
#7757=VERTEX_POINT('',#11607);
#7758=LINE('',#11608,#11609);
#7759=LINE('',#11610,#11611);
#7760=VERTEX_POINT('',#11612);
#7761=VERTEX_POINT('',#11613);
#7762=LINE('',#11614,#11615);
#7763=VERTEX_POINT('',#11616);
#7764=LINE('',#11617,#11618);
#7765=VERTEX_POINT('',#11619);
#7766=LINE('',#11620,#11621);
#7767=LINE('',#11622,#11623);
#7768=VERTEX_POINT('',#11624);
#7769=LINE('',#11625,#11626);
#7770=LINE('',#11627,#11628);
#7771=VERTEX_POINT('',#11629);
#7772=LINE('',#11630,#11631);
#7773=VERTEX_POINT('',#11632);
#7774=LINE('',#11633,#11634);
#7775=LINE('',#11635,#11636);
#7776=VERTEX_POINT('',#11637);
#7777=LINE('',#11638,#11639);
#7778=VERTEX_POINT('',#11640);
#7779=LINE('',#11641,#11642);
#7780=LINE('',#11643,#11644);
#7781=VERTEX_POINT('',#11645);
#7782=VERTEX_POINT('',#11646);
#7783=LINE('',#11647,#11648);
#7784=LINE('',#11649,#11650);
#7785=LINE('',#11651,#11652);
#7786=VERTEX_POINT('',#11653);
#7787=LINE('',#11654,#11655);
#7788=LINE('',#11656,#11657);
#7789=LINE('',#11658,#11659);
#7790=LINE('',#11660,#11661);
#7791=LINE('',#11662,#11663);
#7792=LINE('',#11664,#11665);
#7793=LINE('',#11666,#11667);
#7794=LINE('',#11668,#11669);
#7795=LINE('',#11670,#11671);
#7796=VERTEX_POINT('',#11672);
#7797=CIRCLE('',#11673,0.501);
#7798=VERTEX_POINT('',#11674);
#7799=LINE('',#11675,#11676);
#7800=CIRCLE('',#11677,0.501);
#7801=VERTEX_POINT('',#11678);
#7802=LINE('',#11679,#11680);
#7803=VERTEX_POINT('',#11681);
#7804=LINE('',#11682,#11683);
#7805=VERTEX_POINT('',#11684);
#7806=LINE('',#11685,#11686);
#7807=CIRCLE('',#11687,0.25);
#7808=VERTEX_POINT('',#11688);
#7809=LINE('',#11689,#11690);
#7810=CIRCLE('',#11691,0.25);
#7811=VERTEX_POINT('',#11692);
#7812=LINE('',#11693,#11694);
#7813=VERTEX_POINT('',#11695);
#7814=LINE('',#11696,#11697);
#7815=LINE('',#11698,#11699);
#7816=LINE('',#11700,#11701);
#7817=LINE('',#11702,#11703);
#7818=VERTEX_POINT('',#11704);
#7819=CIRCLE('',#11705,0.501);
#7820=VERTEX_POINT('',#11706);
#7821=LINE('',#11707,#11708);
#7822=CIRCLE('',#11709,0.501);
#7823=VERTEX_POINT('',#11710);
#7824=LINE('',#11711,#11712);
#7825=VERTEX_POINT('',#11713);
#7826=LINE('',#11714,#11715);
#7827=VERTEX_POINT('',#11716);
#7828=LINE('',#11717,#11718);
#7829=CIRCLE('',#11719,0.25);
#7830=VERTEX_POINT('',#11720);
#7831=LINE('',#11721,#11722);
#7832=CIRCLE('',#11723,0.25);
#7833=VERTEX_POINT('',#11724);
#7834=LINE('',#11725,#11726);
#7835=VERTEX_POINT('',#11727);
#7836=LINE('',#11728,#11729);
#7837=LINE('',#11730,#11731);
#7838=LINE('',#11732,#11733);
#7839=LINE('',#11734,#11735);
#7840=VERTEX_POINT('',#11736);
#7841=CIRCLE('',#11737,0.25);
#7842=VERTEX_POINT('',#11738);
#7843=LINE('',#11739,#11740);
#7844=CIRCLE('',#11741,0.25);
#7845=VERTEX_POINT('',#11742);
#7846=LINE('',#11743,#11744);
#7847=VERTEX_POINT('',#11745);
#7848=LINE('',#11746,#11747);
#7849=VERTEX_POINT('',#11748);
#7850=LINE('',#11749,#11750);
#7851=CIRCLE('',#11751,0.501);
#7852=VERTEX_POINT('',#11752);
#7853=LINE('',#11753,#11754);
#7854=CIRCLE('',#11755,0.501);
#7855=VERTEX_POINT('',#11756);
#7856=LINE('',#11757,#11758);
#7857=VERTEX_POINT('',#11759);
#7858=LINE('',#11760,#11761);
#7859=LINE('',#11762,#11763);
#7860=LINE('',#11764,#11765);
#7861=LINE('',#11766,#11767);
#7862=VERTEX_POINT('',#11768);
#7863=CIRCLE('',#11769,0.25);
#7864=VERTEX_POINT('',#11770);
#7865=LINE('',#11771,#11772);
#7866=CIRCLE('',#11773,0.25);
#7867=VERTEX_POINT('',#11774);
#7868=LINE('',#11775,#11776);
#7869=VERTEX_POINT('',#11777);
#7870=LINE('',#11778,#11779);
#7871=VERTEX_POINT('',#11780);
#7872=LINE('',#11781,#11782);
#7873=CIRCLE('',#11783,0.501);
#7874=VERTEX_POINT('',#11784);
#7875=LINE('',#11785,#11786);
#7876=CIRCLE('',#11787,0.501);
#7877=VERTEX_POINT('',#11788);
#7878=LINE('',#11789,#11790);
#7879=VERTEX_POINT('',#11791);
#7880=LINE('',#11792,#11793);
#7881=LINE('',#11794,#11795);
#7882=LINE('',#11796,#11797);
#7883=LINE('',#11798,#11799);
#7884=LINE('',#11800,#11801);
#7885=VERTEX_POINT('',#11802);
#7886=LINE('',#11803,#11804);
#7887=LINE('',#11805,#11806);
#7888=VERTEX_POINT('',#11807);
#7889=LINE('',#11808,#11809);
#7890=LINE('',#11810,#11811);
#7891=LINE('',#11812,#11813);
#7892=VERTEX_POINT('',#11814);
#7893=LINE('',#11815,#11816);
#7894=VERTEX_POINT('',#11817);
#7895=LINE('',#11818,#11819);
#7896=LINE('',#11820,#11821);
#7897=LINE('',#11822,#11823);
#7898=LINE('',#11824,#11825);
#7899=B_SPLINE_CURVE_WITH_KNOTS('',3,(#11826,#11827,#11828,#11829,#11830,#11831,#11832,#11833,#11834,#11835,#11836,#11837,#11838,#11839,#11840,#11841,#11842,#11843,#11844,#11845),.UNSPECIFIED.,.F.,.F.,(4,1,1,1,1,1,1,1,1,1,1,1,1,1,1,1,1,4),(0.0,0.05882352941176,0.1176470588235,0.1764705882353,0.2352941176471,0.2941176470588,0.3529411764706,0.4117647058824,0.4705882352941,0.5294117647059,0.5882352941176,0.6470588235294,0.7058823529412,0.7647058823529,0.8235294117647,0.8823529411765,0.9411764705882,1.0),.UNSPECIFIED.);
#7900=CARTESIAN_POINT('',(-7.799,-5.92999999998852,-10.9975872284844));
#7901=CARTESIAN_POINT('',(-7.799,-5.9299999999882,-9.56241277151846));
#7902=CARTESIAN_POINT('',(-7.799,-5.93,-10.2799999999985));
#7903=VECTOR('',#11846,1.0);
#7904=CARTESIAN_POINT('',(-7.772796977629,-5.858007787715,-11.00713607253));
#7905=CARTESIAN_POINT('',(-7.772796977629,-5.858007787715,-11.00713607253));
#7906=CARTESIAN_POINT('',(-7.783410131419,-5.870656051873,-11.00545844244));
#7907=CARTESIAN_POINT('',(-7.795868075861,-5.895725216206,-11.00213333916));
#7908=CARTESIAN_POINT('',(-7.800993198759,-5.932977304889,-10.99719232715));
#7909=CARTESIAN_POINT('',(-7.793929979345,-5.969913349402,-10.99229323435));
#7910=CARTESIAN_POINT('',(-7.780177278606,-5.99430287073,-10.98905827701));
#7911=CARTESIAN_POINT('',(-7.768911614581,-6.006383816327,-10.98745589445));
#7912=CARTESIAN_POINT('',(-7.772796977629,-5.858007787715,-9.552863927467));
#7913=CARTESIAN_POINT('',(-7.772796977629,-5.858007787715,-11.00713607253));
#7914=VECTOR('',#11847,1.454272145066);
#7915=CARTESIAN_POINT('',(-7.772796977629,-5.858007787715,-9.552863927467));
#7916=CARTESIAN_POINT('',(-7.783410131419,-5.870656051873,-9.554541557563));
#7917=CARTESIAN_POINT('',(-7.795868075861,-5.895725216206,-9.557866660837));
#7918=CARTESIAN_POINT('',(-7.800993198759,-5.932977304889,-9.562807672848));
#7919=CARTESIAN_POINT('',(-7.793929979345,-5.969913349402,-9.56770676565));
#7920=CARTESIAN_POINT('',(-7.780177278606,-5.99430287073,-9.570941722993));
#7921=CARTESIAN_POINT('',(-7.768911614581,-6.006383816327,-9.572544105555));
#7922=CARTESIAN_POINT('',(7.799,-5.92999999998819,-9.5624127715185));
#7923=CARTESIAN_POINT('',(7.799,-5.92999999998832,-10.9975872284815));
#7924=CARTESIAN_POINT('',(7.799,-5.93,-10.2799999999985));
#7925=VECTOR('',#11848,1.0);
#7926=CARTESIAN_POINT('',(7.772796977629,-5.858007787715,-9.552863927467));
#7927=CARTESIAN_POINT('',(7.768911614581,-6.006383816327,-9.572544105555));
#7928=CARTESIAN_POINT('',(7.780177278606,-5.99430287073,-9.570941722993));
#7929=CARTESIAN_POINT('',(7.793929979345,-5.969913349402,-9.56770676565));
#7930=CARTESIAN_POINT('',(7.800993198759,-5.932977304889,-9.562807672848));
#7931=CARTESIAN_POINT('',(7.795868075861,-5.895725216206,-9.557866660837));
#7932=CARTESIAN_POINT('',(7.783410131419,-5.870656051873,-9.554541557563));
#7933=CARTESIAN_POINT('',(7.772796977629,-5.858007787715,-9.552863927467));
#7934=CARTESIAN_POINT('',(7.772796977629,-5.858007787715,-11.00713607253));
#7935=CARTESIAN_POINT('',(7.772796977629,-5.858007787715,-11.00713607253));
#7936=VECTOR('',#11849,1.454272145066);
#7937=CARTESIAN_POINT('',(7.768911614581,-6.006383816327,-10.98745589445));
#7938=CARTESIAN_POINT('',(7.780177278606,-5.99430287073,-10.98905827701));
#7939=CARTESIAN_POINT('',(7.793929979345,-5.969913349402,-10.99229323435));
#7940=CARTESIAN_POINT('',(7.800993198759,-5.932977304889,-10.99719232715));
#7941=CARTESIAN_POINT('',(7.795868075861,-5.895725216206,-11.00213333916));
#7942=CARTESIAN_POINT('',(7.783410131419,-5.870656051873,-11.00545844244));
#7943=CARTESIAN_POINT('',(7.772796977629,-5.858007787715,-11.00713607253));
#7944=CARTESIAN_POINT('',(8.117,-5.93000000000012,-10.9975872284784));
#7945=CARTESIAN_POINT('',(8.117,-5.93000000000002,-9.56241277152164));
#7946=CARTESIAN_POINT('',(8.117,-5.93,-10.280000000002));
#7947=VECTOR('',#11850,1.0);
#7948=CARTESIAN_POINT('',(8.016399110541,-5.653601327835,-11.03424796905));
#7949=CARTESIAN_POINT('',(8.001482091696,-6.223259294827,-10.95869014246));
#7950=CARTESIAN_POINT('',(8.023108143172,-6.200068193903,-10.9617661447));
#7951=CARTESIAN_POINT('',(8.057360936895,-6.153452639632,-10.96794910038));
#7952=CARTESIAN_POINT('',(8.102398362116,-6.059613000771,-10.9803957255));
#7953=CARTESIAN_POINT('',(8.124423428827,-5.941424785352,-10.99607187716));
#7954=CARTESIAN_POINT('',(8.108598208578,-5.822255110584,-11.01187820682));
#7955=CARTESIAN_POINT('',(8.068531683447,-5.726208723122,-11.02461752885));
#7956=CARTESIAN_POINT('',(8.036772575406,-5.677881477781,-11.03102751842));
#7957=CARTESIAN_POINT('',(8.016399110541,-5.653601327835,-11.03424796905));
#7958=CARTESIAN_POINT('',(8.016399110541,-5.653601327835,-9.525752030954));
#7959=CARTESIAN_POINT('',(8.016399110541,-5.653601327835,-11.03424796905));
#7960=VECTOR('',#11851,1.508495938092);
#7961=CARTESIAN_POINT('',(8.001482091696,-6.223259294827,-9.601309857541));
#7962=CARTESIAN_POINT('',(8.023108143172,-6.200068193903,-9.598233855302));
#7963=CARTESIAN_POINT('',(8.057360936895,-6.153452639632,-9.592050899616));
#7964=CARTESIAN_POINT('',(8.102398362116,-6.059613000771,-9.579604274499));
#7965=CARTESIAN_POINT('',(8.124423428827,-5.941424785352,-9.563928122839));
#7966=CARTESIAN_POINT('',(8.108598208578,-5.822255110584,-9.548121793177));
#7967=CARTESIAN_POINT('',(8.068531683447,-5.726208723122,-9.535382471148));
#7968=CARTESIAN_POINT('',(8.036772575406,-5.677881477781,-9.528972481585));
#7969=CARTESIAN_POINT('',(8.016399110541,-5.653601327835,-9.525752030954));
#7970=CARTESIAN_POINT('',(-8.117,-5.93000000000002,-9.5624127715216));
#7971=CARTESIAN_POINT('',(-8.117,-5.93000000000031,-10.9975872284813));
#7972=CARTESIAN_POINT('',(-8.117,-5.93,-10.280000000002));
#7973=VECTOR('',#11852,1.0);
#7974=CARTESIAN_POINT('',(-8.016399110541,-5.653601327835,-9.525752030954));
#7975=CARTESIAN_POINT('',(-8.016399110541,-5.653601327835,-9.525752030954));
#7976=CARTESIAN_POINT('',(-8.036772575406,-5.677881477781,-9.528972481585));
#7977=CARTESIAN_POINT('',(-8.068531683447,-5.726208723122,-9.535382471148));
#7978=CARTESIAN_POINT('',(-8.108598208578,-5.822255110584,-9.548121793177));
#7979=CARTESIAN_POINT('',(-8.124423428827,-5.941424785352,-9.563928122839));
#7980=CARTESIAN_POINT('',(-8.102398362116,-6.059613000771,-9.579604274499));
#7981=CARTESIAN_POINT('',(-8.057360936895,-6.153452639632,-9.592050899616));
#7982=CARTESIAN_POINT('',(-8.023108143172,-6.200068193903,-9.598233855302));
#7983=CARTESIAN_POINT('',(-8.001482091696,-6.223259294827,-9.601309857541));
#7984=CARTESIAN_POINT('',(-8.016399110541,-5.653601327835,-11.03424796905));
#7985=CARTESIAN_POINT('',(-8.016399110541,-5.653601327835,-11.03424796905));
#7986=VECTOR('',#11853,1.508495938092);
#7987=CARTESIAN_POINT('',(-8.016399110541,-5.653601327835,-11.03424796905));
#7988=CARTESIAN_POINT('',(-8.036772575406,-5.677881477781,-11.03102751842));
#7989=CARTESIAN_POINT('',(-8.068531683447,-5.726208723122,-11.02461752885));
#7990=CARTESIAN_POINT('',(-8.108598208578,-5.822255110584,-11.01187820682));
#7991=CARTESIAN_POINT('',(-8.124423428827,-5.941424785352,-10.99607187716));
#7992=CARTESIAN_POINT('',(-8.102398362116,-6.059613000771,-10.9803957255));
#7993=CARTESIAN_POINT('',(-8.057360936895,-6.153452639632,-10.96794910038));
#7994=CARTESIAN_POINT('',(-8.023108143172,-6.200068193903,-10.9617661447));
#7995=CARTESIAN_POINT('',(-8.001482091696,-6.223259294827,-10.95869014246));
#7996=CARTESIAN_POINT('',(-5.685,0.738,-3.5));
#7997=CARTESIAN_POINT('',(-5.685,0.738,-8.88));
#7998=CARTESIAN_POINT('',(-5.685,0.738,-6.19));
#7999=VECTOR('',#11854,1.0);
#8000=CARTESIAN_POINT('',(-5.661568542495,0.7945685424949,-3.5));
#8001=AXIS2_PLACEMENT_3D('',#11855,#11856,#11857);
#8002=CARTESIAN_POINT('',(-5.661568542495,0.7945685424949,-8.88));
#8003=CARTESIAN_POINT('',(-5.661568542495,0.7945685424949,-8.88));
#8004=VECTOR('',#11858,5.38);
#8005=AXIS2_PLACEMENT_3D('',#11859,#11860,#11861);
#8006=CARTESIAN_POINT('',(5.685,0.738,-8.88));
#8007=CARTESIAN_POINT('',(5.685,0.738,-3.5));
#8008=CARTESIAN_POINT('',(5.685,0.738,-6.19));
#8009=VECTOR('',#11862,1.0);
#8010=CARTESIAN_POINT('',(5.661568542495,0.7945685424949,-8.88));
#8011=AXIS2_PLACEMENT_3D('',#11863,#11864,#11865);
#8012=CARTESIAN_POINT('',(5.661568542495,0.7945685424949,-3.5));
#8013=CARTESIAN_POINT('',(5.661568542495,0.7945685424949,-8.88));
#8014=VECTOR('',#11866,5.38);
#8015=AXIS2_PLACEMENT_3D('',#11867,#11868,#11869);
#8016=CARTESIAN_POINT('',(-1.531234867233,-2.878,-7.98));
#8017=CARTESIAN_POINT('',(-1.531234867233,-2.56,-7.98));
#8018=CARTESIAN_POINT('',(-1.531234867229,-2.7172679366255,-7.98));
#8019=VECTOR('',#11870,1.0);
#8020=CARTESIAN_POINT('',(-1.283444981834,-2.878,-7.696831148711));
#8021=AXIS2_PLACEMENT_3D('',#11871,#11872,#11873);
#8022=CARTESIAN_POINT('',(-1.283444981834,-2.56,-7.696831148711));
#8023=CARTESIAN_POINT('',(-1.283444981834,-2.56,-7.696831148711));
#8024=VECTOR('',#11874,0.318);
#8025=AXIS2_PLACEMENT_3D('',#11875,#11876,#11877);
#8026=CARTESIAN_POINT('',(-1.531234867233,2.56,-7.98));
#8027=CARTESIAN_POINT('',(-1.531234867233,2.878,-7.98));
#8028=CARTESIAN_POINT('',(-1.531234867229,2.7172679366255,-7.98));
#8029=VECTOR('',#11878,1.0);
#8030=CARTESIAN_POINT('',(-1.283444981834,2.56,-7.696831148711));
#8031=AXIS2_PLACEMENT_3D('',#11879,#11880,#11881);
#8032=CARTESIAN_POINT('',(-1.283444981834,2.878,-7.696831148711));
#8033=CARTESIAN_POINT('',(-1.283444981834,2.878,-7.696831148711));
#8034=VECTOR('',#11882,0.318);
#8035=AXIS2_PLACEMENT_3D('',#11883,#11884,#11885);
#8036=CARTESIAN_POINT('',(-4.468764281746,2.56,-7.979999999999));
#8037=CARTESIAN_POINT('',(-4.468764281866,2.878,-7.979999999999));
#8038=CARTESIAN_POINT('',(-4.468765132771,2.7172679366255,-7.98));
#8039=VECTOR('',#11886,1.0);
#8040=CARTESIAN_POINT('',(-4.220975247376,2.556535873251,-7.763168851289));
#8041=CARTESIAN_POINT('',(-4.220975247376,2.556535873251,-7.763168851289));
#8042=CARTESIAN_POINT('',(-4.223393816862,2.556824531396,-7.781236919148));
#8043=CARTESIAN_POINT('',(-4.231588217392,2.557340562583,-7.813537017572));
#8044=CARTESIAN_POINT('',(-4.256805285849,2.558211469421,-7.868049956569));
#8045=CARTESIAN_POINT('',(-4.301263338364,2.559063949775,-7.921409521006));
#8046=CARTESIAN_POINT('',(-4.360049080043,2.559654885445,-7.958398138747));
#8047=CARTESIAN_POINT('',(-4.41742820974,2.5599386902,-7.976162416867));
#8048=CARTESIAN_POINT('',(-4.450532773908,2.559999999008,-7.979999937937));
#8049=CARTESIAN_POINT('',(-4.468764281746,2.56,-7.979999999999));
#8050=CARTESIAN_POINT('',(-4.220975247376,2.874535873251,-7.763168851289));
#8051=CARTESIAN_POINT('',(-4.220975247376,2.874535873251,-7.763168851289));
#8052=VECTOR('',#11887,0.318);
#8053=CARTESIAN_POINT('',(-4.468764281866,2.878,-7.979999999999));
#8054=CARTESIAN_POINT('',(-4.450532774019,2.877999999009,-7.979999937945));
#8055=CARTESIAN_POINT('',(-4.417428209837,2.8779386902,-7.976162416888));
#8056=CARTESIAN_POINT('',(-4.360049080114,2.877654885446,-7.958398138783));
#8057=CARTESIAN_POINT('',(-4.301263338409,2.877063949776,-7.921409521048));
#8058=CARTESIAN_POINT('',(-4.256805285871,2.876211469421,-7.868049956605));
#8059=CARTESIAN_POINT('',(-4.231588217399,2.875340562583,-7.813537017593));
#8060=CARTESIAN_POINT('',(-4.223393816864,2.874824531396,-7.781236919157));
#8061=CARTESIAN_POINT('',(-4.220975247376,2.874535873251,-7.763168851289));
#8062=CARTESIAN_POINT('',(-4.468765132767,-2.878,-7.98));
#8063=CARTESIAN_POINT('',(-4.468764281915,-2.56,-7.979999999999));
#8064=CARTESIAN_POINT('',(-4.468765132771,-2.7172679366255,-7.98));
#8065=VECTOR('',#11888,1.0);
#8066=CARTESIAN_POINT('',(-4.220975247376,-2.874535873251,-7.763168851289));
#8067=CARTESIAN_POINT('',(-4.220975247376,-2.874535873251,-7.763168851289));
#8068=CARTESIAN_POINT('',(-4.223393816864,-2.874824531397,-7.781236919164));
#8069=CARTESIAN_POINT('',(-4.231588217404,-2.875340562583,-7.81353701761));
#8070=CARTESIAN_POINT('',(-4.256805285888,-2.876211469422,-7.868049956633));
#8071=CARTESIAN_POINT('',(-4.301263338444,-2.877063949776,-7.921409521082));
#8072=CARTESIAN_POINT('',(-4.360049080171,-2.877654885446,-7.958398138811));
#8073=CARTESIAN_POINT('',(-4.417428209913,-2.877938690201,-7.976162416905));
#8074=CARTESIAN_POINT('',(-4.450532774108,-2.877999999009,-7.979999937952));
#8075=CARTESIAN_POINT('',(-4.468764281962,-2.878,-7.979999999999));
#8076=CARTESIAN_POINT('',(-4.220975247376,-2.556535873251,-7.763168851289));
#8077=CARTESIAN_POINT('',(-4.220975247376,-2.556535873251,-7.763168851289));
#8078=VECTOR('',#11889,0.318);
#8079=CARTESIAN_POINT('',(-4.468764281915,-2.56,-7.979999999999));
#8080=CARTESIAN_POINT('',(-4.450532774064,-2.559999999009,-7.979999937949));
#8081=CARTESIAN_POINT('',(-4.417428209876,-2.5599386902,-7.976162416897));
#8082=CARTESIAN_POINT('',(-4.360049080143,-2.559654885446,-7.958398138797));
#8083=CARTESIAN_POINT('',(-4.301263338427,-2.559063949776,-7.921409521065));
#8084=CARTESIAN_POINT('',(-4.256805285879,-2.558211469422,-7.868049956619));
#8085=CARTESIAN_POINT('',(-4.231588217401,-2.557340562583,-7.813537017602));
#8086=CARTESIAN_POINT('',(-4.223393816864,-2.556824531397,-7.781236919161));
#8087=CARTESIAN_POINT('',(-4.220975247376,-2.556535873251,-7.763168851289));
#8088=CARTESIAN_POINT('',(1.531235718038,-2.878,-7.979999999999));
#8089=CARTESIAN_POINT('',(1.531235718085,-2.56,-7.979999999999));
#8090=CARTESIAN_POINT('',(1.531234867229,-2.7172679366255,-7.98));
#8091=VECTOR('',#11890,1.0);
#8092=CARTESIAN_POINT('',(1.779024752624,-2.874535873251,-7.763168851289));
#8093=CARTESIAN_POINT('',(1.779024752624,-2.874535873251,-7.763168851289));
#8094=CARTESIAN_POINT('',(1.776606183136,-2.874824531397,-7.781236919164));
#8095=CARTESIAN_POINT('',(1.768411782596,-2.875340562583,-7.81353701761));
#8096=CARTESIAN_POINT('',(1.743194714112,-2.876211469422,-7.868049956633));
#8097=CARTESIAN_POINT('',(1.698736661556,-2.877063949776,-7.921409521082));
#8098=CARTESIAN_POINT('',(1.639950919829,-2.877654885446,-7.958398138811));
#8099=CARTESIAN_POINT('',(1.582571790086,-2.877938690201,-7.976162416905));
#8100=CARTESIAN_POINT('',(1.549467225892,-2.877999999009,-7.979999937952));
#8101=CARTESIAN_POINT('',(1.531235718038,-2.878,-7.979999999999));
#8102=CARTESIAN_POINT('',(1.779024752624,-2.556535873251,-7.763168851289));
#8103=CARTESIAN_POINT('',(1.779024752624,-2.556535873251,-7.763168851289));
#8104=VECTOR('',#11891,0.318);
#8105=CARTESIAN_POINT('',(1.531235718085,-2.56,-7.979999999999));
#8106=CARTESIAN_POINT('',(1.549467225936,-2.559999999009,-7.979999937949));
#8107=CARTESIAN_POINT('',(1.582571790124,-2.5599386902,-7.976162416897));
#8108=CARTESIAN_POINT('',(1.639950919857,-2.559654885446,-7.958398138797));
#8109=CARTESIAN_POINT('',(1.698736661573,-2.559063949776,-7.921409521065));
#8110=CARTESIAN_POINT('',(1.743194714121,-2.558211469422,-7.868049956619));
#8111=CARTESIAN_POINT('',(1.768411782599,-2.557340562583,-7.813537017602));
#8112=CARTESIAN_POINT('',(1.776606183136,-2.556824531397,-7.781236919161));
#8113=CARTESIAN_POINT('',(1.779024752624,-2.556535873251,-7.763168851289));
#8114=CARTESIAN_POINT('',(4.468765132767,-2.878,-7.98));
#8115=CARTESIAN_POINT('',(4.468765132767,-2.56,-7.98));
#8116=CARTESIAN_POINT('',(4.468765132771,-2.7172679366255,-7.98));
#8117=VECTOR('',#11892,1.0);
#8118=CARTESIAN_POINT('',(4.716555018166,-2.878,-7.696831148711));
#8119=AXIS2_PLACEMENT_3D('',#11893,#11894,#11895);
#8120=CARTESIAN_POINT('',(4.716555018166,-2.56,-7.696831148711));
#8121=CARTESIAN_POINT('',(4.716555018166,-2.56,-7.696831148711));
#8122=VECTOR('',#11896,0.318);
#8123=AXIS2_PLACEMENT_3D('',#11897,#11898,#11899);
#8124=CARTESIAN_POINT('',(1.531234867224,2.878,-7.98));
#8125=CARTESIAN_POINT('',(1.531234867233,2.56,-7.98));
#8126=CARTESIAN_POINT('',(1.531234867229,2.7172679366255,-7.98));
#8127=VECTOR('',#11900,1.0);
#8128=CARTESIAN_POINT('',(1.283444981834,2.878,-7.696831148711));
#8129=AXIS2_PLACEMENT_3D('',#11901,#11902,#11903);
#8130=CARTESIAN_POINT('',(1.283444981834,2.56,-7.696831148711));
#8131=CARTESIAN_POINT('',(1.283444981834,2.56,-7.696831148711));
#8132=VECTOR('',#11904,0.318);
#8133=AXIS2_PLACEMENT_3D('',#11905,#11906,#11907);
#8134=CARTESIAN_POINT('',(4.468764281866,2.878,-7.979999999999));
#8135=CARTESIAN_POINT('',(4.468765132767,2.56,-7.98));
#8136=CARTESIAN_POINT('',(4.468765132771,2.7172679366255,-7.98));
#8137=VECTOR('',#11908,1.0);
#8138=CARTESIAN_POINT('',(4.220975247376,2.874535873251,-7.763168851289));
#8139=CARTESIAN_POINT('',(4.220975247376,2.874535873251,-7.763168851289));
#8140=CARTESIAN_POINT('',(4.223393816864,2.874824531396,-7.781236919157));
#8141=CARTESIAN_POINT('',(4.231588217399,2.875340562583,-7.813537017593));
#8142=CARTESIAN_POINT('',(4.256805285871,2.876211469421,-7.868049956605));
#8143=CARTESIAN_POINT('',(4.301263338409,2.877063949776,-7.921409521048));
#8144=CARTESIAN_POINT('',(4.360049080114,2.877654885446,-7.958398138783));
#8145=CARTESIAN_POINT('',(4.417428209837,2.8779386902,-7.976162416888));
#8146=CARTESIAN_POINT('',(4.450532774019,2.877999999009,-7.979999937945));
#8147=CARTESIAN_POINT('',(4.468764281866,2.878,-7.979999999999));
#8148=CARTESIAN_POINT('',(4.220975247376,2.556535873251,-7.763168851289));
#8149=CARTESIAN_POINT('',(4.220975247376,2.556535873251,-7.763168851289));
#8150=VECTOR('',#11909,0.318);
#8151=CARTESIAN_POINT('',(4.468764281746,2.56,-7.979999999999));
#8152=CARTESIAN_POINT('',(4.450532773908,2.559999999008,-7.979999937937));
#8153=CARTESIAN_POINT('',(4.41742820974,2.5599386902,-7.976162416867));
#8154=CARTESIAN_POINT('',(4.360049080043,2.559654885445,-7.958398138747));
#8155=CARTESIAN_POINT('',(4.301263338364,2.559063949775,-7.921409521006));
#8156=CARTESIAN_POINT('',(4.256805285849,2.558211469421,-7.868049956569));
#8157=CARTESIAN_POINT('',(4.231588217392,2.557340562583,-7.813537017572));
#8158=CARTESIAN_POINT('',(4.223393816862,2.556824531396,-7.781236919148));
#8159=CARTESIAN_POINT('',(4.220975247376,2.556535873251,-7.763168851289));
#8160=CARTESIAN_POINT('',(-5.307,3.625,0.0));
#8161=CARTESIAN_POINT('',(5.307,3.625,0.0));
#8162=CARTESIAN_POINT('',(-5.307,3.625,0.0));
#8163=VECTOR('',#11910,10.614);
#8164=CARTESIAN_POINT('',(-5.607,3.325,0.0));
#8165=AXIS2_PLACEMENT_3D('',#11911,#11912,#11913);
#8166=CARTESIAN_POINT('',(-5.607,3.18,0.0));
#8167=CARTESIAN_POINT('',(-5.607,3.325,0.0));
#8168=VECTOR('',#11914,0.145);
#8169=CARTESIAN_POINT('',(5.607,3.18,0.0));
#8170=CARTESIAN_POINT('',(-5.607,3.18,0.0));
#8171=VECTOR('',#11915,11.214);
#8172=CARTESIAN_POINT('',(5.607,3.325,0.0));
#8173=CARTESIAN_POINT('',(5.607,3.325,0.0));
#8174=VECTOR('',#11916,0.145);
#8175=AXIS2_PLACEMENT_3D('',#11917,#11918,#11919);
#8176=CARTESIAN_POINT('',(5.307,3.625,-0.318));
#8177=CARTESIAN_POINT('',(5.307,3.625,0.0));
#8178=VECTOR('',#11920,0.318);
#8179=CARTESIAN_POINT('',(5.607,3.325,-0.318));
#8180=CARTESIAN_POINT('',(5.607,3.325,0.0));
#8181=VECTOR('',#11921,0.318);
#8182=AXIS2_PLACEMENT_3D('',#11922,#11923,#11924);
#8183=CARTESIAN_POINT('',(5.607,3.18,-0.318));
#8184=CARTESIAN_POINT('',(5.607,3.18,-0.318));
#8185=VECTOR('',#11925,0.145);
#8186=CARTESIAN_POINT('',(-5.607,3.18,-0.318));
#8187=CARTESIAN_POINT('',(-5.607,3.18,-0.318));
#8188=VECTOR('',#11926,11.214);
#8189=CARTESIAN_POINT('',(-5.607,3.325,-0.318));
#8190=CARTESIAN_POINT('',(-5.607,3.18,-0.318));
#8191=VECTOR('',#11927,0.145);
#8192=CARTESIAN_POINT('',(-5.307,3.625,-0.318));
#8193=AXIS2_PLACEMENT_3D('',#11928,#11929,#11930);
#8194=CARTESIAN_POINT('',(-5.307,3.625,-0.318));
#8195=VECTOR('',#11931,10.614);
#8196=CARTESIAN_POINT('',(-5.307,3.625,-0.318));
#8197=VECTOR('',#11932,0.318);
#8198=CARTESIAN_POINT('',(-5.607,3.325,-0.318));
#8199=VECTOR('',#11933,0.318);
#8200=CARTESIAN_POINT('',(-5.607,3.145301296854,-0.32));
#8201=AXIS2_PLACEMENT_3D('',#11934,#11935,#11936);
#8202=CARTESIAN_POINT('',(-5.607,2.63741360135,-0.32));
#8203=CARTESIAN_POINT('',(-5.607,3.145301296854,-0.32));
#8204=VECTOR('',#11937,0.5078876955042);
#8205=AXIS2_PLACEMENT_3D('',#11938,#11939,#11940);
#8206=CARTESIAN_POINT('',(-5.907,2.56,-0.62));
#8207=CARTESIAN_POINT('',(-5.607,2.63741360135,-0.32));
#8208=CARTESIAN_POINT('',(-5.607,2.632409843807,-0.3290499026173));
#8209=CARTESIAN_POINT('',(-5.60782078861,2.62303576562,-0.3470757817752));
#8210=CARTESIAN_POINT('',(-5.611425606555,2.610831625628,-0.3735884556152));
#8211=CARTESIAN_POINT('',(-5.617314343584,2.600326361453,-0.3994809837996));
#8212=CARTESIAN_POINT('',(-5.62547298564,2.591345520141,-0.4247706043312));
#8213=CARTESIAN_POINT('',(-5.635806225903,2.583819093099,-0.4491891102108));
#8214=CARTESIAN_POINT('',(-5.648370227021,2.57756861388,-0.4728090402877));
#8215=CARTESIAN_POINT('',(-5.663112031783,2.572509665771,-0.4954007244208));
#8216=CARTESIAN_POINT('',(-5.680126135984,2.56850621032,-0.5169285383244));
#8217=CARTESIAN_POINT('',(-5.699167733861,2.565486523198,-0.5369413526852));
#8218=CARTESIAN_POINT('',(-5.720288293521,2.563293211919,-0.5553781841023));
#8219=CARTESIAN_POINT('',(-5.743225771649,2.561804714505,-0.5718870646949));
#8220=CARTESIAN_POINT('',(-5.767890116237,2.560868595,-0.5863114075588));
#8221=CARTESIAN_POINT('',(-5.793908387092,2.560346472293,-0.5983616327967));
#8222=CARTESIAN_POINT('',(-5.821108121729,2.560099396988,-0.6079267745957));
#8223=CARTESIAN_POINT('',(-5.849320929936,2.560013051849,-0.6148823464096));
#8224=CARTESIAN_POINT('',(-5.87811683818,2.559998949559,-0.6190759644567));
#8225=CARTESIAN_POINT('',(-5.897383153784,2.56,-0.62));
#8226=CARTESIAN_POINT('',(-5.907,2.56,-0.62));
#8227=CARTESIAN_POINT('',(5.907,2.56,-0.62));
#8228=CARTESIAN_POINT('',(5.907,2.56,-0.62));
#8229=VECTOR('',#11941,11.814);
#8230=CARTESIAN_POINT('',(5.607,2.63741360135,-0.32));
#8231=CARTESIAN_POINT('',(5.907,2.56,-0.62));
#8232=CARTESIAN_POINT('',(5.897383153784,2.56,-0.62));
#8233=CARTESIAN_POINT('',(5.87811683818,2.559998949559,-0.6190759644567));
#8234=CARTESIAN_POINT('',(5.849320929936,2.560013051849,-0.6148823464096));
#8235=CARTESIAN_POINT('',(5.821108121729,2.560099396988,-0.6079267745957));
#8236=CARTESIAN_POINT('',(5.793908387092,2.560346472293,-0.5983616327967));
#8237=CARTESIAN_POINT('',(5.767890116237,2.560868595,-0.5863114075588));
#8238=CARTESIAN_POINT('',(5.743225771649,2.561804714505,-0.5718870646949));
#8239=CARTESIAN_POINT('',(5.720288293521,2.563293211919,-0.5553781841023));
#8240=CARTESIAN_POINT('',(5.699167733861,2.565486523198,-0.5369413526852));
#8241=CARTESIAN_POINT('',(5.680126135984,2.56850621032,-0.5169285383244));
#8242=CARTESIAN_POINT('',(5.663112031783,2.572509665771,-0.4954007244208));
#8243=CARTESIAN_POINT('',(5.648370227021,2.57756861388,-0.4728090402877));
#8244=CARTESIAN_POINT('',(5.635806225903,2.583819093099,-0.4491891102108));
#8245=CARTESIAN_POINT('',(5.62547298564,2.591345520141,-0.4247706043312));
#8246=CARTESIAN_POINT('',(5.617314343584,2.600326361453,-0.3994809837996));
#8247=CARTESIAN_POINT('',(5.611425606555,2.610831625628,-0.3735884556152));
#8248=CARTESIAN_POINT('',(5.60782078861,2.62303576562,-0.3470757817752));
#8249=CARTESIAN_POINT('',(5.607,2.632409843807,-0.3290499026173));
#8250=CARTESIAN_POINT('',(5.607,2.63741360135,-0.32));
#8251=AXIS2_PLACEMENT_3D('',#11942,#11943,#11944);
#8252=CARTESIAN_POINT('',(5.607,3.145301296854,-0.32));
#8253=CARTESIAN_POINT('',(5.607,2.63741360135,-0.32));
#8254=VECTOR('',#11945,0.5078876955042);
#8255=AXIS2_PLACEMENT_3D('',#11946,#11947,#11948);
#8256=CARTESIAN_POINT('',(-5.907,2.878,-0.62));
#8257=CARTESIAN_POINT('',(-5.907,2.878,-0.62));
#8258=CARTESIAN_POINT('',(-5.897469937207,2.878,-0.62));
#8259=CARTESIAN_POINT('',(-5.878401363236,2.877997918739,-0.6190932101832));
#8260=CARTESIAN_POINT('',(-5.84994065455,2.87802576571,-0.6149898852918));
#8261=CARTESIAN_POINT('',(-5.822164072839,2.878194555093,-0.6082220664143));
#8262=CARTESIAN_POINT('',(-5.795500142049,2.878672862509,-0.5989787139751));
#8263=CARTESIAN_POINT('',(-5.770176567923,2.879669306499,-0.5874586444253));
#8264=CARTESIAN_POINT('',(-5.746415630965,2.881424406005,-0.5738781216584));
#8265=CARTESIAN_POINT('',(-5.724749136329,2.884126320712,-0.5587671529039));
#8266=CARTESIAN_POINT('',(-5.705124882753,2.887971321712,-0.5423843425098));
#8267=CARTESIAN_POINT('',(-5.687761172504,2.893056093113,-0.5252406741367));
#8268=CARTESIAN_POINT('',(-5.672460923756,2.899500814811,-0.5075309188837));
#8269=CARTESIAN_POINT('',(-5.659043694212,2.907472160743,-0.489352207947));
#8270=CARTESIAN_POINT('',(-5.647533710125,2.916986439756,-0.4710855738081));
#8271=CARTESIAN_POINT('',(-5.637697546485,2.928240977468,-0.4527212938841));
#8272=CARTESIAN_POINT('',(-5.629500634103,2.941287366963,-0.4345451341058));
#8273=CARTESIAN_POINT('',(-5.622814661002,2.956243336603,-0.4167149253985));
#8274=CARTESIAN_POINT('',(-5.617513338012,2.973268275617,-0.3993817011838));
#8275=CARTESIAN_POINT('',(-5.613478896138,2.992556863394,-0.3827366219527));
#8276=CARTESIAN_POINT('',(-5.610623080046,3.013950447548,-0.3672735145049));
#8277=CARTESIAN_POINT('',(-5.608762818719,3.037330505273,-0.3533459140852));
#8278=CARTESIAN_POINT('',(-5.607688876166,3.062597384893,-0.3412797224859));
#8279=CARTESIAN_POINT('',(-5.607180878406,3.089158110362,-0.3315161327946));
#8280=CARTESIAN_POINT('',(-5.607009967377,3.116911834047,-0.3241991786339));
#8281=CARTESIAN_POINT('',(-5.607,3.135755329043,-0.3211041090111));
#8282=CARTESIAN_POINT('',(-5.607,3.145301296854,-0.32));
#8283=CARTESIAN_POINT('',(5.907,2.878,-0.62));
#8284=CARTESIAN_POINT('',(5.607,3.145301296854,-0.32));
#8285=CARTESIAN_POINT('',(5.607,3.135755329043,-0.3211041090111));
#8286=CARTESIAN_POINT('',(5.607009967377,3.116911834047,-0.3241991786339));
#8287=CARTESIAN_POINT('',(5.607180878406,3.089158110362,-0.3315161327946));
#8288=CARTESIAN_POINT('',(5.607688876166,3.062597384893,-0.3412797224859));
#8289=CARTESIAN_POINT('',(5.608762818719,3.037330505273,-0.3533459140852));
#8290=CARTESIAN_POINT('',(5.610623080046,3.013950447548,-0.3672735145049));
#8291=CARTESIAN_POINT('',(5.613478896138,2.992556863394,-0.3827366219527));
#8292=CARTESIAN_POINT('',(5.617513338012,2.973268275617,-0.3993817011839));
#8293=CARTESIAN_POINT('',(5.622814661002,2.956243336603,-0.4167149253985));
#8294=CARTESIAN_POINT('',(5.629500634103,2.941287366963,-0.4345451341059));
#8295=CARTESIAN_POINT('',(5.637697546485,2.928240977468,-0.4527212938841));
#8296=CARTESIAN_POINT('',(5.647533710125,2.916986439756,-0.471085573808));
#8297=CARTESIAN_POINT('',(5.659043694212,2.907472160743,-0.489352207947));
#8298=CARTESIAN_POINT('',(5.672460923756,2.899500814811,-0.5075309188838));
#8299=CARTESIAN_POINT('',(5.687761172504,2.893056093113,-0.5252406741367));
#8300=CARTESIAN_POINT('',(5.705124882753,2.887971321712,-0.5423843425098));
#8301=CARTESIAN_POINT('',(5.724749136329,2.884126320712,-0.5587671529039));
#8302=CARTESIAN_POINT('',(5.746415630965,2.881424406005,-0.5738781216583));
#8303=CARTESIAN_POINT('',(5.770176567923,2.879669306499,-0.5874586444253));
#8304=CARTESIAN_POINT('',(5.795500142049,2.878672862509,-0.598978713975));
#8305=CARTESIAN_POINT('',(5.822164072839,2.878194555093,-0.6082220664143));
#8306=CARTESIAN_POINT('',(5.84994065455,2.87802576571,-0.6149898852918));
#8307=CARTESIAN_POINT('',(5.878401363236,2.877997918739,-0.6190932101832));
#8308=CARTESIAN_POINT('',(5.897469937207,2.878,-0.62));
#8309=CARTESIAN_POINT('',(5.907,2.878,-0.62));
#8310=CARTESIAN_POINT('',(-5.907,2.878,-0.62));
#8311=VECTOR('',#11949,11.814);
#8312=CARTESIAN_POINT('',(5.927,2.878,-0.62));
#8313=CARTESIAN_POINT('',(5.907,2.878,-0.62));
#8314=VECTOR('',#11950,0.02);
#8315=CARTESIAN_POINT('',(5.927,2.878,-14.0));
#8316=CARTESIAN_POINT('',(5.927,2.878,-14.0));
#8317=VECTOR('',#11951,13.38);
#8318=CARTESIAN_POINT('',(-5.927,2.878,-14.0));
#8319=CARTESIAN_POINT('',(-5.927,2.878,-14.0));
#8320=VECTOR('',#11952,11.854);
#8321=CARTESIAN_POINT('',(-5.927,2.878,-0.62));
#8322=CARTESIAN_POINT('',(-5.927,2.878,-0.62));
#8323=VECTOR('',#11953,13.38);
#8324=CARTESIAN_POINT('',(-5.927,2.878,-0.62));
#8325=VECTOR('',#11954,0.02);
#8326=CARTESIAN_POINT('',(-3.89557977079,2.878,-1.563686509856));
#8327=CARTESIAN_POINT('',(-2.10442022921,2.878,-1.563686509856));
#8328=AXIS2_PLACEMENT_3D('',#11955,#11956,#11957);
#8329=CARTESIAN_POINT('',(-4.716555018166,2.878,-7.696831148711));
#8330=CARTESIAN_POINT('',(-3.89557977079,2.878,-1.563686509856));
#8331=VECTOR('',#11958,6.187848052265);
#8332=AXIS2_PLACEMENT_3D('',#11959,#11960,#11961);
#8333=CARTESIAN_POINT('',(-4.468764565498,2.878,-7.98));
#8334=VECTOR('',#11962,2.937529698269);
#8335=CARTESIAN_POINT('',(-1.283444981834,2.878,-7.696831148711));
#8336=VECTOR('',#11963,6.187848052265);
#8337=CARTESIAN_POINT('',(2.10442022921,2.878,-1.563686509856));
#8338=CARTESIAN_POINT('',(3.89557977079,2.878,-1.563686509856));
#8339=AXIS2_PLACEMENT_3D('',#11964,#11965,#11966);
#8340=CARTESIAN_POINT('',(2.10442022921,2.878,-1.563686509856));
#8341=VECTOR('',#11967,6.187848052265);
#8342=CARTESIAN_POINT('',(1.531234867229,2.878,-7.98));
#8343=VECTOR('',#11968,2.937529698269);
#8344=CARTESIAN_POINT('',(4.716555018166,2.878,-7.696831148711));
#8345=AXIS2_PLACEMENT_3D('',#11969,#11970,#11971);
#8346=CARTESIAN_POINT('',(4.716555018166,2.878,-7.696831148711));
#8347=VECTOR('',#11972,6.187848052265);
#8348=CARTESIAN_POINT('',(4.716555018166,2.56,-7.696831148711));
#8349=CARTESIAN_POINT('',(3.89557977079,2.56,-1.563686509856));
#8350=CARTESIAN_POINT('',(4.716555018166,2.56,-7.696831148711));
#8351=VECTOR('',#11973,6.187848052265);
#8352=CARTESIAN_POINT('',(3.89557977079,2.878,-1.563686509856));
#8353=VECTOR('',#11974,0.318);
#8354=CARTESIAN_POINT('',(4.716555018166,2.878,-7.696831148711));
#8355=VECTOR('',#11975,0.318);
#8356=CARTESIAN_POINT('',(3.89557977079,-2.878,-1.563686509856));
#8357=CARTESIAN_POINT('',(3.89557977079,-2.878,-1.563686509856));
#8358=VECTOR('',#11976,6.187848052265);
#8359=CARTESIAN_POINT('',(3.89557977079,-2.56,-1.563686509856));
#8360=CARTESIAN_POINT('',(3.89557977079,-2.56,-1.563686509856));
#8361=VECTOR('',#11977,0.318);
#8362=CARTESIAN_POINT('',(3.89557977079,-2.56,-1.563686509856));
#8363=VECTOR('',#11978,6.187848052265);
#8364=AXIS2_PLACEMENT_3D('',#11979,#11980,#11981);
#8365=CARTESIAN_POINT('',(-5.927,2.56,-0.62));
#8366=CARTESIAN_POINT('',(-5.927,2.56,-0.62));
#8367=VECTOR('',#11982,0.02);
#8368=CARTESIAN_POINT('',(-5.927,2.56,-8.88));
#8369=CARTESIAN_POINT('',(-5.927,2.56,-8.88));
#8370=VECTOR('',#11983,8.26);
#8371=CARTESIAN_POINT('',(5.927,2.56,-8.88));
#8372=CARTESIAN_POINT('',(-5.927,2.56,-8.88));
#8373=VECTOR('',#11984,11.854);
#8374=CARTESIAN_POINT('',(5.927,2.56,-0.62));
#8375=CARTESIAN_POINT('',(5.927,2.56,-0.62));
#8376=VECTOR('',#11985,8.26);
#8377=CARTESIAN_POINT('',(5.907,2.56,-0.62));
#8378=VECTOR('',#11986,0.02);
#8379=CARTESIAN_POINT('',(-4.716555018166,2.56,-7.696831148711));
#8380=AXIS2_PLACEMENT_3D('',#11987,#11988,#11989);
#8381=CARTESIAN_POINT('',(-3.89557977079,2.56,-1.563686509856));
#8382=CARTESIAN_POINT('',(-3.89557977079,2.56,-1.563686509856));
#8383=VECTOR('',#11990,6.187848052265);
#8384=CARTESIAN_POINT('',(-2.10442022921,2.56,-1.563686509856));
#8385=AXIS2_PLACEMENT_3D('',#11991,#11992,#11993);
#8386=CARTESIAN_POINT('',(-1.283444981834,2.56,-7.696831148711));
#8387=VECTOR('',#11994,6.187848052265);
#8388=CARTESIAN_POINT('',(-1.531234867229,2.56,-7.98));
#8389=VECTOR('',#11995,2.937529698189);
#8390=CARTESIAN_POINT('',(2.10442022921,2.56,-1.563686509856));
#8391=CARTESIAN_POINT('',(2.10442022921,2.56,-1.563686509856));
#8392=VECTOR('',#11996,6.187848052265);
#8393=AXIS2_PLACEMENT_3D('',#11997,#11998,#11999);
#8394=CARTESIAN_POINT('',(4.468764565418,2.56,-7.98));
#8395=VECTOR('',#12000,2.937529698189);
#8396=CARTESIAN_POINT('',(3.711203463992,2.495694215325,-3.954888284615));
#8397=CARTESIAN_POINT('',(3.711203463992,2.495694215325,-3.954888284615));
#8398=VECTOR('',#12001,3.842729479547);
#8399=CARTESIAN_POINT('',(2.288796536008,2.495694215325,-3.954888284615));
#8400=CARTESIAN_POINT('',(2.288796536008,2.495694215325,-3.954888284615));
#8401=VECTOR('',#12002,1.422406927984);
#8402=CARTESIAN_POINT('',(1.779024752624,2.556535873251,-7.763168851289));
#8403=CARTESIAN_POINT('',(2.288796536008,2.495694215325,-3.954888284615));
#8404=VECTOR('',#12003,3.842729479547);
#8405=CARTESIAN_POINT('',(1.779024752624,2.556535873251,-7.763168851289));
#8406=CARTESIAN_POINT('',(1.776606174831,2.556824532388,-7.781236981203));
#8407=CARTESIAN_POINT('',(1.76841173741,2.557340564976,-7.813537167389));
#8408=CARTESIAN_POINT('',(1.743194563662,2.55821147349,-7.86805021126));
#8409=CARTESIAN_POINT('',(1.69873634647,2.559063954524,-7.921409818238));
#8410=CARTESIAN_POINT('',(1.639950414874,2.559654889514,-7.958398393447));
#8411=CARTESIAN_POINT('',(1.582571106794,2.559938692594,-7.976162566696));
#8412=CARTESIAN_POINT('',(1.549466437679,2.56,-7.98));
#8413=CARTESIAN_POINT('',(1.531234867225,2.56,-7.98));
#8414=CARTESIAN_POINT('',(1.779024752624,2.874535873251,-7.763168851289));
#8415=CARTESIAN_POINT('',(1.779024752624,2.874535873251,-7.763168851289));
#8416=VECTOR('',#12004,0.318);
#8417=CARTESIAN_POINT('',(1.531234867224,2.878,-7.98));
#8418=CARTESIAN_POINT('',(1.549466437679,2.878,-7.98));
#8419=CARTESIAN_POINT('',(1.582571106794,2.877938692594,-7.976162566697));
#8420=CARTESIAN_POINT('',(1.639950414874,2.877654889514,-7.958398393447));
#8421=CARTESIAN_POINT('',(1.698736346469,2.877063954524,-7.921409818238));
#8422=CARTESIAN_POINT('',(1.743194563662,2.87621147349,-7.86805021126));
#8423=CARTESIAN_POINT('',(1.76841173741,2.875340564976,-7.813537167389));
#8424=CARTESIAN_POINT('',(1.776606174831,2.874824532388,-7.781236981203));
#8425=CARTESIAN_POINT('',(1.779024752624,2.874535873251,-7.763168851289));
#8426=CARTESIAN_POINT('',(2.289476420673,2.813613070563,-3.949809165601));
#8427=CARTESIAN_POINT('',(3.710523579327,2.813613070563,-3.949809165601));
#8428=CARTESIAN_POINT('',(2.289476420673,2.813613070563,-3.949809165601));
#8429=VECTOR('',#12005,1.421047158653);
#8430=CARTESIAN_POINT('',(3.710523579327,2.813613070563,-3.949809165601));
#8431=VECTOR('',#12006,3.847854543214);
#8432=CARTESIAN_POINT('',(2.289476420673,2.813613070563,-3.949809165601));
#8433=VECTOR('',#12007,3.847854543214);
#8434=CARTESIAN_POINT('',(2.436782005393,2.287353993434,-2.849353993434));
#8435=CARTESIAN_POINT('',(2.481536131765,2.621692368557,-2.515015618311));
#8436=CARTESIAN_POINT('',(2.436782005393,2.287353993434,-2.849353993434));
#8437=VECTOR('',#12008,0.474939185567);
#8438=CARTESIAN_POINT('',(2.368115295948,2.398863002685,-3.362332749182));
#8439=CARTESIAN_POINT('',(2.436782005393,2.287353993434,-2.849353993434));
#8440=CARTESIAN_POINT('',(2.434870952349,2.273077357486,-2.863630629381));
#8441=CARTESIAN_POINT('',(2.43123973819,2.251118838712,-2.890757831721));
#8442=CARTESIAN_POINT('',(2.424375138921,2.220945621488,-2.942040230725));
#8443=CARTESIAN_POINT('',(2.416297877827,2.200623125215,-3.002381892341));
#8444=CARTESIAN_POINT('',(2.40710710379,2.193576651279,-3.071042118937));
#8445=CARTESIAN_POINT('',(2.398330238029,2.200829487589,-3.136610219019));
#8446=CARTESIAN_POINT('',(2.389938577776,2.221390038108,-3.199300618342));
#8447=CARTESIAN_POINT('',(2.381961150115,2.256261102989,-3.258896468338));
#8448=CARTESIAN_POINT('',(2.375732218801,2.299792949389,-3.305430071898));
#8449=CARTESIAN_POINT('',(2.371153291099,2.348582943765,-3.33963722489));
#8450=CARTESIAN_POINT('',(2.369063736272,2.379884208167,-3.355247369073));
#8451=CARTESIAN_POINT('',(2.368115295948,2.398863002685,-3.362332749182));
#8452=CARTESIAN_POINT('',(2.289476420673,2.813613070563,-3.949809165601));
#8453=CARTESIAN_POINT('',(2.294312582198,2.813035870932,-3.913680331967));
#8454=CARTESIAN_POINT('',(2.303428454805,2.80592140168,-3.845579660988));
#8455=CARTESIAN_POINT('',(2.319954723309,2.773425318888,-3.72211918468));
#8456=CARTESIAN_POINT('',(2.337924703322,2.704015935452,-3.587873375284));
#8457=CARTESIAN_POINT('',(2.352744063143,2.600860659517,-3.477164462283));
#8458=CARTESIAN_POINT('',(2.362431472964,2.495114430447,-3.404794088391));
#8459=CARTESIAN_POINT('',(2.366410402797,2.432978819953,-3.375069255332));
#8460=CARTESIAN_POINT('',(2.368115295948,2.398863002685,-3.362332749182));
#8461=CARTESIAN_POINT('',(2.328241740673,2.287655872268,-3.660210526316));
#8462=CARTESIAN_POINT('',(2.288796536008,2.495694215325,-3.954888284615));
#8463=CARTESIAN_POINT('',(2.293648166464,2.495115169465,-3.91864388941));
#8464=CARTESIAN_POINT('',(2.30227386648,2.482415459928,-3.854205082056));
#8465=CARTESIAN_POINT('',(2.313102167357,2.440763285184,-3.773311613361));
#8466=CARTESIAN_POINT('',(2.322010008999,2.378541315619,-3.706765050132));
#8467=CARTESIAN_POINT('',(2.326531394256,2.32188081228,-3.672987771413));
#8468=CARTESIAN_POINT('',(2.328241740673,2.287655872268,-3.660210526316));
#8469=CARTESIAN_POINT('',(2.466877643886,2.062522727852,-2.624522727852));
#8470=CARTESIAN_POINT('',(2.328241740673,2.287655872268,-3.660210526316));
#8471=CARTESIAN_POINT('',(2.330156611532,2.24933828954,-3.645905369145));
#8472=CARTESIAN_POINT('',(2.3343757911,2.186157053188,-3.614385736088));
#8473=CARTESIAN_POINT('',(2.341307366557,2.112210371761,-3.562602987476));
#8474=CARTESIAN_POINT('',(2.348656123948,2.052676095798,-3.507703656294));
#8475=CARTESIAN_POINT('',(2.35887716976,1.987900190159,-3.431346722847));
#8476=CARTESIAN_POINT('',(2.372303442021,1.929384681782,-3.331044953706));
#8477=CARTESIAN_POINT('',(2.389244156113,1.887812050205,-3.204488336871));
#8478=CARTESIAN_POINT('',(2.406966139775,1.873229978105,-3.072095199033));
#8479=CARTESIAN_POINT('',(2.422424955422,1.884932849232,-2.956609193076));
#8480=CARTESIAN_POINT('',(2.435311076784,1.912227443845,-2.860342653493));
#8481=CARTESIAN_POINT('',(2.44529192046,1.943623986278,-2.785780164459));
#8482=CARTESIAN_POINT('',(2.455688413011,1.989379971524,-2.708112545662));
#8483=CARTESIAN_POINT('',(2.46301928855,2.03369865378,-2.653346801925));
#8484=CARTESIAN_POINT('',(2.466877643886,2.062522727852,-2.624522727852));
#8485=CARTESIAN_POINT('',(2.511631770258,2.396861102975,-2.29018435273));
#8486=CARTESIAN_POINT('',(2.511631770258,2.396861102975,-2.29018435273));
#8487=VECTOR('',#12009,0.474939185567);
#8488=CARTESIAN_POINT('',(2.481536131765,2.621692368557,-2.515015618311));
#8489=VECTOR('',#12010,0.3193805620602);
#8490=CARTESIAN_POINT('',(2.881551901921,2.878,-2.258707986867));
#8491=CARTESIAN_POINT('',(2.911647540414,2.653168734419,-2.033876721286));
#8492=CARTESIAN_POINT('',(2.881551901921,2.878,-2.258707986867));
#8493=VECTOR('',#12011,0.3193805620602);
#8494=CARTESIAN_POINT('',(2.481536131765,2.621692368557,-2.515015618311));
#8495=CARTESIAN_POINT('',(2.484401550105,2.643098647476,-2.493609339391));
#8496=CARTESIAN_POINT('',(2.496199201186,2.681196097652,-2.455511889215));
#8497=CARTESIAN_POINT('',(2.53524377338,2.745383877513,-2.391324109354));
#8498=CARTESIAN_POINT('',(2.606393729495,2.808252733796,-2.328455253071));
#8499=CARTESIAN_POINT('',(2.702014912795,2.85210263496,-2.284605351907));
#8500=CARTESIAN_POINT('',(2.796318696159,2.873343142529,-2.263364844338));
#8501=CARTESIAN_POINT('',(2.851143544902,2.878,-2.258707986867));
#8502=CARTESIAN_POINT('',(2.881551901921,2.878,-2.258707986867));
#8503=CARTESIAN_POINT('',(2.911647540414,2.653168734419,-2.033876721286));
#8504=CARTESIAN_POINT('',(2.881239183395,2.653168734419,-2.033876721286));
#8505=CARTESIAN_POINT('',(2.826414334653,2.648511876948,-2.038533578757));
#8506=CARTESIAN_POINT('',(2.732110551288,2.627271369379,-2.059774086326));
#8507=CARTESIAN_POINT('',(2.636489367988,2.583421468215,-2.10362398749));
#8508=CARTESIAN_POINT('',(2.565339411873,2.520552611932,-2.166492843773));
#8509=CARTESIAN_POINT('',(2.526294839679,2.456364832071,-2.230680623634));
#8510=CARTESIAN_POINT('',(2.514497188598,2.418267381895,-2.26877807381));
#8511=CARTESIAN_POINT('',(2.511631770258,2.396861102975,-2.29018435273));
#8512=CARTESIAN_POINT('',(3.088352459586,2.653168734419,-2.033876721286));
#8513=CARTESIAN_POINT('',(2.911647540414,2.653168734419,-2.033876721286));
#8514=VECTOR('',#12012,0.1767049191711);
#8515=CARTESIAN_POINT('',(3.533122356114,2.062522727852,-2.624522727852));
#8516=CARTESIAN_POINT('',(2.466877643886,2.062522727852,-2.624522727852));
#8517=VECTOR('',#12013,1.066244712228);
#8518=CARTESIAN_POINT('',(3.488368229742,2.396861102975,-2.29018435273));
#8519=CARTESIAN_POINT('',(3.488368229742,2.396861102975,-2.29018435273));
#8520=VECTOR('',#12014,0.474939185567);
#8521=CARTESIAN_POINT('',(3.488368229742,2.396861102975,-2.290184352729));
#8522=CARTESIAN_POINT('',(3.485502811402,2.418267381895,-2.26877807381));
#8523=CARTESIAN_POINT('',(3.473705160321,2.456364832071,-2.230680623634));
#8524=CARTESIAN_POINT('',(3.434660588127,2.520552611932,-2.166492843773));
#8525=CARTESIAN_POINT('',(3.363510632012,2.583421468215,-2.10362398749));
#8526=CARTESIAN_POINT('',(3.267889448712,2.627271369379,-2.059774086326));
#8527=CARTESIAN_POINT('',(3.173585665347,2.648511876948,-2.038533578757));
#8528=CARTESIAN_POINT('',(3.118760816605,2.653168734419,-2.033876721286));
#8529=CARTESIAN_POINT('',(3.088352459586,2.653168734419,-2.033876721286));
#8530=CARTESIAN_POINT('',(3.118448098079,2.878,-2.258707986867));
#8531=CARTESIAN_POINT('',(3.088352459586,2.653168734419,-2.033876721286));
#8532=VECTOR('',#12015,0.3193805620602);
#8533=CARTESIAN_POINT('',(3.518463868235,2.621692368557,-2.515015618311));
#8534=CARTESIAN_POINT('',(3.488368229742,2.396861102975,-2.29018435273));
#8535=VECTOR('',#12016,0.3193805620602);
#8536=CARTESIAN_POINT('',(3.118448098079,2.878,-2.258707986867));
#8537=CARTESIAN_POINT('',(3.148856455098,2.878,-2.258707986867));
#8538=CARTESIAN_POINT('',(3.203681303841,2.873343142529,-2.263364844338));
#8539=CARTESIAN_POINT('',(3.297985087205,2.85210263496,-2.284605351907));
#8540=CARTESIAN_POINT('',(3.393606270505,2.808252733796,-2.328455253071));
#8541=CARTESIAN_POINT('',(3.46475622662,2.745383877513,-2.391324109354));
#8542=CARTESIAN_POINT('',(3.503800798814,2.681196097652,-2.455511889215));
#8543=CARTESIAN_POINT('',(3.515598449895,2.643098647476,-2.493609339391));
#8544=CARTESIAN_POINT('',(3.518463868235,2.621692368557,-2.515015618311));
#8545=CARTESIAN_POINT('',(3.563217994607,2.287353993434,-2.849353993434));
#8546=CARTESIAN_POINT('',(3.563217994607,2.287353993434,-2.849353993434));
#8547=VECTOR('',#12017,0.474939185567);
#8548=CARTESIAN_POINT('',(2.436782005393,2.287353993434,-2.849353993434));
#8549=VECTOR('',#12018,1.126435989214);
#8550=CARTESIAN_POINT('',(2.881551901921,2.878,-2.258707986867));
#8551=VECTOR('',#12019,0.2368961961578);
#8552=CARTESIAN_POINT('',(3.631884704052,2.398863002685,-3.362332749182));
#8553=CARTESIAN_POINT('',(2.368115295948,2.398863002685,-3.362332749182));
#8554=VECTOR('',#12020,1.263769408104);
#8555=CARTESIAN_POINT('',(3.563217994607,2.287353993434,-2.849353993434));
#8556=CARTESIAN_POINT('',(3.565129047651,2.273077357486,-2.863630629381));
#8557=CARTESIAN_POINT('',(3.56876026181,2.251118838712,-2.890757831721));
#8558=CARTESIAN_POINT('',(3.575624861079,2.220945621488,-2.942040230725));
#8559=CARTESIAN_POINT('',(3.583702122173,2.200623125215,-3.002381892341));
#8560=CARTESIAN_POINT('',(3.59289289621,2.193576651279,-3.071042118937));
#8561=CARTESIAN_POINT('',(3.601669761971,2.200829487589,-3.136610219019));
#8562=CARTESIAN_POINT('',(3.610061422224,2.221390038108,-3.199300618342));
#8563=CARTESIAN_POINT('',(3.618038849885,2.256261102989,-3.258896468338));
#8564=CARTESIAN_POINT('',(3.624267781199,2.299792949389,-3.305430071898));
#8565=CARTESIAN_POINT('',(3.628846708901,2.348582943765,-3.33963722489));
#8566=CARTESIAN_POINT('',(3.630936263728,2.379884208167,-3.355247369073));
#8567=CARTESIAN_POINT('',(3.631884704052,2.398863002685,-3.362332749182));
#8568=CARTESIAN_POINT('',(3.671758259327,2.287655872268,-3.660210526316));
#8569=CARTESIAN_POINT('',(3.533122356114,2.062522727852,-2.624522727852));
#8570=CARTESIAN_POINT('',(3.53698071145,2.03369865378,-2.653346801925));
#8571=CARTESIAN_POINT('',(3.544311586989,1.989379971524,-2.708112545662));
#8572=CARTESIAN_POINT('',(3.55470807954,1.943623986278,-2.785780164459));
#8573=CARTESIAN_POINT('',(3.564688923216,1.912227443845,-2.860342653493));
#8574=CARTESIAN_POINT('',(3.577575044578,1.884932849232,-2.956609193076));
#8575=CARTESIAN_POINT('',(3.593033860225,1.873229978105,-3.072095199033));
#8576=CARTESIAN_POINT('',(3.610755843887,1.887812050205,-3.204488336871));
#8577=CARTESIAN_POINT('',(3.627696557979,1.929384681782,-3.331044953706));
#8578=CARTESIAN_POINT('',(3.64112283024,1.987900190159,-3.431346722847));
#8579=CARTESIAN_POINT('',(3.651343876052,2.052676095798,-3.507703656294));
#8580=CARTESIAN_POINT('',(3.658692633443,2.112210371761,-3.562602987476));
#8581=CARTESIAN_POINT('',(3.6656242089,2.186157053188,-3.614385736088));
#8582=CARTESIAN_POINT('',(3.669843388468,2.24933828954,-3.645905369145));
#8583=CARTESIAN_POINT('',(3.671758259327,2.287655872268,-3.660210526316));
#8584=CARTESIAN_POINT('',(3.711203463992,2.495694215325,-3.954888284615));
#8585=CARTESIAN_POINT('',(3.706351833536,2.495115169465,-3.91864388941));
#8586=CARTESIAN_POINT('',(3.69772613352,2.482415459928,-3.854205082056));
#8587=CARTESIAN_POINT('',(3.686897832643,2.440763285184,-3.773311613361));
#8588=CARTESIAN_POINT('',(3.677989991001,2.378541315619,-3.706765050132));
#8589=CARTESIAN_POINT('',(3.673468605744,2.32188081228,-3.672987771413));
#8590=CARTESIAN_POINT('',(3.671758259327,2.287655872268,-3.660210526316));
#8591=CARTESIAN_POINT('',(3.710523579327,2.813613070563,-3.949809165601));
#8592=CARTESIAN_POINT('',(3.705687417802,2.813035870932,-3.913680331967));
#8593=CARTESIAN_POINT('',(3.696571545195,2.80592140168,-3.845579660988));
#8594=CARTESIAN_POINT('',(3.680045276691,2.773425318887,-3.72211918468));
#8595=CARTESIAN_POINT('',(3.662075296678,2.704015935452,-3.587873375284));
#8596=CARTESIAN_POINT('',(3.647255936857,2.600860659517,-3.477164462283));
#8597=CARTESIAN_POINT('',(3.637568527036,2.495114430447,-3.404794088391));
#8598=CARTESIAN_POINT('',(3.633589597203,2.432978819953,-3.375069255332));
#8599=CARTESIAN_POINT('',(3.631884704052,2.398863002685,-3.362332749182));
#8600=CARTESIAN_POINT('',(2.328241740673,2.287655872268,-3.660210526316));
#8601=VECTOR('',#12021,1.343516518655);
#8602=CARTESIAN_POINT('',(2.10442022921,2.878,-1.563686509856));
#8603=VECTOR('',#12022,0.318);
#8604=CARTESIAN_POINT('',(1.283444981834,-2.56,-7.696831148711));
#8605=CARTESIAN_POINT('',(2.10442022921,-2.56,-1.563686509856));
#8606=CARTESIAN_POINT('',(1.283444981834,-2.56,-7.696831148711));
#8607=VECTOR('',#12023,6.187848052265);
#8608=CARTESIAN_POINT('',(2.10442022921,-2.878,-1.563686509856));
#8609=CARTESIAN_POINT('',(2.10442022921,-2.56,-1.563686509856));
#8610=VECTOR('',#12024,0.318);
#8611=CARTESIAN_POINT('',(1.283444981834,-2.878,-7.696831148711));
#8612=CARTESIAN_POINT('',(1.283444981834,-2.878,-7.696831148711));
#8613=VECTOR('',#12025,6.187848052265);
#8614=CARTESIAN_POINT('',(1.283444981834,-2.878,-7.696831148711));
#8615=VECTOR('',#12026,0.318);
#8616=AXIS2_PLACEMENT_3D('',#12027,#12028,#12029);
#8617=AXIS2_PLACEMENT_3D('',#12030,#12031,#12032);
#8618=CARTESIAN_POINT('',(5.907,-2.56,-0.62));
#8619=CARTESIAN_POINT('',(5.927,-2.56,-0.62));
#8620=CARTESIAN_POINT('',(5.907,-2.56,-0.62));
#8621=VECTOR('',#12033,0.02);
#8622=CARTESIAN_POINT('',(5.927,-2.56,-8.88));
#8623=CARTESIAN_POINT('',(5.927,-2.56,-8.88));
#8624=VECTOR('',#12034,8.26);
#8625=CARTESIAN_POINT('',(-5.927,-2.56,-8.88));
#8626=CARTESIAN_POINT('',(-5.927,-2.56,-8.88));
#8627=VECTOR('',#12035,11.854);
#8628=CARTESIAN_POINT('',(-5.927,-2.56,-0.62));
#8629=CARTESIAN_POINT('',(-5.927,-2.56,-0.62));
#8630=VECTOR('',#12036,8.26);
#8631=CARTESIAN_POINT('',(-5.907,-2.56,-0.62));
#8632=CARTESIAN_POINT('',(-5.927,-2.56,-0.62));
#8633=VECTOR('',#12037,0.02);
#8634=CARTESIAN_POINT('',(-5.907,-2.56,-0.62));
#8635=VECTOR('',#12038,11.814);
#8636=CARTESIAN_POINT('',(-3.89557977079,-2.56,-1.563686509856));
#8637=CARTESIAN_POINT('',(-2.10442022921,-2.56,-1.563686509856));
#8638=AXIS2_PLACEMENT_3D('',#12039,#12040,#12041);
#8639=CARTESIAN_POINT('',(-4.716555018166,-2.56,-7.696831148711));
#8640=CARTESIAN_POINT('',(-4.716555018166,-2.56,-7.696831148711));
#8641=VECTOR('',#12042,6.187848052265);
#8642=AXIS2_PLACEMENT_3D('',#12043,#12044,#12045);
#8643=CARTESIAN_POINT('',(-4.46876456553,-2.56,-7.98));
#8644=VECTOR('',#12046,2.937529698301);
#8645=CARTESIAN_POINT('',(-2.10442022921,-2.56,-1.563686509856));
#8646=VECTOR('',#12047,6.187848052265);
#8647=AXIS2_PLACEMENT_3D('',#12048,#12049,#12050);
#8648=CARTESIAN_POINT('',(1.53123543447,-2.56,-7.98));
#8649=VECTOR('',#12051,2.937529698301);
#8650=CARTESIAN_POINT('',(2.288796536008,-2.495694215325,-3.954888284615));
#8651=CARTESIAN_POINT('',(2.288796536008,-2.495694215325,-3.954888284615));
#8652=VECTOR('',#12052,3.842729479547);
#8653=CARTESIAN_POINT('',(3.711203463992,-2.495694215325,-3.954888284615));
#8654=CARTESIAN_POINT('',(2.288796536008,-2.495694215325,-3.954888284615));
#8655=VECTOR('',#12053,1.422406927984);
#8656=CARTESIAN_POINT('',(4.220975247376,-2.556535873251,-7.763168851289));
#8657=CARTESIAN_POINT('',(3.711203463992,-2.495694215325,-3.954888284615));
#8658=VECTOR('',#12054,3.842729479547);
#8659=CARTESIAN_POINT('',(4.220975247376,-2.556535873251,-7.763168851289));
#8660=CARTESIAN_POINT('',(4.223393825169,-2.556824532388,-7.781236981203));
#8661=CARTESIAN_POINT('',(4.23158826259,-2.557340564976,-7.813537167389));
#8662=CARTESIAN_POINT('',(4.256805436338,-2.55821147349,-7.86805021126));
#8663=CARTESIAN_POINT('',(4.301263653531,-2.559063954524,-7.921409818238));
#8664=CARTESIAN_POINT('',(4.360049585126,-2.559654889514,-7.958398393447));
#8665=CARTESIAN_POINT('',(4.417428893207,-2.559938692594,-7.976162566697));
#8666=CARTESIAN_POINT('',(4.450533562322,-2.56,-7.98));
#8667=CARTESIAN_POINT('',(4.468765132776,-2.56,-7.98));
#8668=CARTESIAN_POINT('',(4.220975247376,-2.874535873251,-7.763168851289));
#8669=CARTESIAN_POINT('',(4.220975247376,-2.874535873251,-7.763168851289));
#8670=VECTOR('',#12055,0.318);
#8671=CARTESIAN_POINT('',(4.468765132776,-2.878,-7.98));
#8672=CARTESIAN_POINT('',(4.450533562321,-2.878,-7.98));
#8673=CARTESIAN_POINT('',(4.417428893206,-2.877938692594,-7.976162566697));
#8674=CARTESIAN_POINT('',(4.360049585126,-2.877654889514,-7.958398393447));
#8675=CARTESIAN_POINT('',(4.301263653531,-2.877063954524,-7.921409818238));
#8676=CARTESIAN_POINT('',(4.256805436338,-2.87621147349,-7.86805021126));
#8677=CARTESIAN_POINT('',(4.23158826259,-2.875340564976,-7.813537167389));
#8678=CARTESIAN_POINT('',(4.223393825169,-2.874824532388,-7.781236981203));
#8679=CARTESIAN_POINT('',(4.220975247376,-2.874535873251,-7.763168851289));
#8680=CARTESIAN_POINT('',(-5.927,-2.878,-0.62));
#8681=CARTESIAN_POINT('',(-5.907,-2.878,-0.62));
#8682=CARTESIAN_POINT('',(-5.927,-2.878,-0.62));
#8683=VECTOR('',#12056,0.02);
#8684=CARTESIAN_POINT('',(-5.927,-2.878,-8.88));
#8685=CARTESIAN_POINT('',(-5.927,-2.878,-8.88));
#8686=VECTOR('',#12057,8.26);
#8687=CARTESIAN_POINT('',(5.927,-2.878,-8.88));
#8688=CARTESIAN_POINT('',(5.927,-2.878,-8.88));
#8689=VECTOR('',#12058,11.854);
#8690=CARTESIAN_POINT('',(5.927,-2.878,-0.62));
#8691=CARTESIAN_POINT('',(5.927,-2.878,-0.62));
#8692=VECTOR('',#12059,8.26);
#8693=CARTESIAN_POINT('',(5.907,-2.878,-0.62));
#8694=CARTESIAN_POINT('',(5.907,-2.878,-0.62));
#8695=VECTOR('',#12060,0.02);
#8696=CARTESIAN_POINT('',(5.907,-2.878,-0.62));
#8697=VECTOR('',#12061,11.814);
#8698=CARTESIAN_POINT('',(-4.716555018166,-2.878,-7.696831148711));
#8699=AXIS2_PLACEMENT_3D('',#12062,#12063,#12064);
#8700=CARTESIAN_POINT('',(-3.89557977079,-2.878,-1.563686509856));
#8701=CARTESIAN_POINT('',(-4.716555018166,-2.878,-7.696831148711));
#8702=VECTOR('',#12065,6.187848052265);
#8703=CARTESIAN_POINT('',(-2.10442022921,-2.878,-1.563686509856));
#8704=AXIS2_PLACEMENT_3D('',#12066,#12067,#12068);
#8705=CARTESIAN_POINT('',(-2.10442022921,-2.878,-1.563686509856));
#8706=VECTOR('',#12069,6.187848052265);
#8707=CARTESIAN_POINT('',(-1.531234867229,-2.878,-7.98));
#8708=VECTOR('',#12070,2.937529698333);
#8709=CARTESIAN_POINT('',(4.468765132771,-2.878,-7.98));
#8710=VECTOR('',#12071,2.937529698333);
#8711=AXIS2_PLACEMENT_3D('',#12072,#12073,#12074);
#8712=CARTESIAN_POINT('',(2.466877643886,-2.062522727852,-2.624522727852));
#8713=CARTESIAN_POINT('',(2.511631770258,-2.396861102975,-2.29018435273));
#8714=CARTESIAN_POINT('',(2.466877643886,-2.062522727852,-2.624522727852));
#8715=VECTOR('',#12075,0.474939185567);
#8716=CARTESIAN_POINT('',(2.328241740673,-2.287655872268,-3.660210526316));
#8717=CARTESIAN_POINT('',(2.466877643886,-2.062522727852,-2.624522727852));
#8718=CARTESIAN_POINT('',(2.46301928855,-2.03369865378,-2.653346801925));
#8719=CARTESIAN_POINT('',(2.455688413011,-1.989379971524,-2.708112545662));
#8720=CARTESIAN_POINT('',(2.44529192046,-1.943623986278,-2.785780164459));
#8721=CARTESIAN_POINT('',(2.435311076784,-1.912227443845,-2.860342653493));
#8722=CARTESIAN_POINT('',(2.422424955422,-1.884932849232,-2.956609193076));
#8723=CARTESIAN_POINT('',(2.406966139775,-1.873229978105,-3.072095199033));
#8724=CARTESIAN_POINT('',(2.389244156113,-1.887812050205,-3.204488336871));
#8725=CARTESIAN_POINT('',(2.372303442021,-1.929384681782,-3.331044953706));
#8726=CARTESIAN_POINT('',(2.35887716976,-1.987900190159,-3.431346722847));
#8727=CARTESIAN_POINT('',(2.348656123948,-2.052676095798,-3.507703656294));
#8728=CARTESIAN_POINT('',(2.341307366557,-2.112210371761,-3.562602987476));
#8729=CARTESIAN_POINT('',(2.3343757911,-2.186157053188,-3.614385736088));
#8730=CARTESIAN_POINT('',(2.330156611532,-2.24933828954,-3.645905369145));
#8731=CARTESIAN_POINT('',(2.328241740673,-2.287655872268,-3.660210526316));
#8732=CARTESIAN_POINT('',(2.328241740673,-2.287655872268,-3.660210526316));
#8733=CARTESIAN_POINT('',(2.326531394256,-2.32188081228,-3.672987771413));
#8734=CARTESIAN_POINT('',(2.322010008999,-2.378541315619,-3.706765050132));
#8735=CARTESIAN_POINT('',(2.313102167357,-2.440763285184,-3.773311613361));
#8736=CARTESIAN_POINT('',(2.30227386648,-2.482415459928,-3.854205082056));
#8737=CARTESIAN_POINT('',(2.293648166464,-2.495115169465,-3.91864388941));
#8738=CARTESIAN_POINT('',(2.288796536008,-2.495694215325,-3.954888284615));
#8739=CARTESIAN_POINT('',(2.289476420673,-2.813613070563,-3.949809165601));
#8740=CARTESIAN_POINT('',(2.289476420673,-2.813613070563,-3.949809165601));
#8741=VECTOR('',#12076,3.847854543214);
#8742=CARTESIAN_POINT('',(2.368115295948,-2.398863002685,-3.362332749182));
#8743=CARTESIAN_POINT('',(2.368115295948,-2.398863002685,-3.362332749182));
#8744=CARTESIAN_POINT('',(2.366410402797,-2.432978819953,-3.375069255332));
#8745=CARTESIAN_POINT('',(2.362431472964,-2.495114430447,-3.404794088391));
#8746=CARTESIAN_POINT('',(2.352744063143,-2.600860659517,-3.477164462283));
#8747=CARTESIAN_POINT('',(2.337924703322,-2.704015935452,-3.587873375284));
#8748=CARTESIAN_POINT('',(2.319954723309,-2.773425318887,-3.72211918468));
#8749=CARTESIAN_POINT('',(2.303428454805,-2.80592140168,-3.845579660988));
#8750=CARTESIAN_POINT('',(2.294312582198,-2.813035870932,-3.913680331967));
#8751=CARTESIAN_POINT('',(2.289476420673,-2.813613070563,-3.949809165601));
#8752=CARTESIAN_POINT('',(2.436782005393,-2.287353993434,-2.849353993434));
#8753=CARTESIAN_POINT('',(2.368115295948,-2.398863002685,-3.362332749182));
#8754=CARTESIAN_POINT('',(2.369063736272,-2.379884208167,-3.355247369073));
#8755=CARTESIAN_POINT('',(2.371153291099,-2.348582943765,-3.33963722489));
#8756=CARTESIAN_POINT('',(2.375732218801,-2.299792949389,-3.305430071898));
#8757=CARTESIAN_POINT('',(2.381961150115,-2.256261102989,-3.258896468338));
#8758=CARTESIAN_POINT('',(2.389938577776,-2.221390038108,-3.199300618342));
#8759=CARTESIAN_POINT('',(2.398330238029,-2.200829487589,-3.136610219019));
#8760=CARTESIAN_POINT('',(2.40710710379,-2.193576651279,-3.071042118937));
#8761=CARTESIAN_POINT('',(2.416297877827,-2.200623125215,-3.002381892341));
#8762=CARTESIAN_POINT('',(2.424375138921,-2.220945621488,-2.942040230725));
#8763=CARTESIAN_POINT('',(2.43123973819,-2.251118838712,-2.890757831721));
#8764=CARTESIAN_POINT('',(2.434870952349,-2.273077357486,-2.863630629381));
#8765=CARTESIAN_POINT('',(2.436782005393,-2.287353993434,-2.849353993434));
#8766=CARTESIAN_POINT('',(2.481536131765,-2.621692368557,-2.515015618311));
#8767=CARTESIAN_POINT('',(2.481536131765,-2.621692368557,-2.515015618311));
#8768=VECTOR('',#12077,0.474939185567);
#8769=CARTESIAN_POINT('',(2.511631770258,-2.396861102975,-2.29018435273));
#8770=VECTOR('',#12078,0.3193805620602);
#8771=CARTESIAN_POINT('',(2.911647540414,-2.653168734419,-2.033876721286));
#8772=CARTESIAN_POINT('',(2.881551901921,-2.878,-2.258707986867));
#8773=CARTESIAN_POINT('',(2.911647540414,-2.653168734419,-2.033876721286));
#8774=VECTOR('',#12079,0.3193805620602);
#8775=CARTESIAN_POINT('',(2.511631770258,-2.396861102975,-2.29018435273));
#8776=CARTESIAN_POINT('',(2.514497188598,-2.418267381895,-2.26877807381));
#8777=CARTESIAN_POINT('',(2.526294839679,-2.456364832071,-2.230680623634));
#8778=CARTESIAN_POINT('',(2.565339411873,-2.520552611932,-2.166492843773));
#8779=CARTESIAN_POINT('',(2.636489367988,-2.583421468215,-2.10362398749));
#8780=CARTESIAN_POINT('',(2.732110551288,-2.627271369379,-2.059774086326));
#8781=CARTESIAN_POINT('',(2.826414334653,-2.648511876948,-2.038533578757));
#8782=CARTESIAN_POINT('',(2.881239183395,-2.653168734419,-2.033876721286));
#8783=CARTESIAN_POINT('',(2.911647540414,-2.653168734419,-2.033876721286));
#8784=CARTESIAN_POINT('',(2.881551901921,-2.878,-2.258707986867));
#8785=CARTESIAN_POINT('',(2.851143544902,-2.878,-2.258707986867));
#8786=CARTESIAN_POINT('',(2.796318696159,-2.873343142529,-2.263364844338));
#8787=CARTESIAN_POINT('',(2.702014912795,-2.85210263496,-2.284605351907));
#8788=CARTESIAN_POINT('',(2.606393729495,-2.808252733796,-2.328455253071));
#8789=CARTESIAN_POINT('',(2.53524377338,-2.745383877513,-2.391324109354));
#8790=CARTESIAN_POINT('',(2.496199201186,-2.681196097652,-2.455511889215));
#8791=CARTESIAN_POINT('',(2.484401550105,-2.643098647476,-2.493609339391));
#8792=CARTESIAN_POINT('',(2.481536131765,-2.621692368557,-2.515015618311));
#8793=CARTESIAN_POINT('',(3.118448098079,-2.878,-2.258707986867));
#8794=CARTESIAN_POINT('',(2.881551901921,-2.878,-2.258707986867));
#8795=VECTOR('',#12080,0.2368961961578);
#8796=CARTESIAN_POINT('',(3.563217994607,-2.287353993434,-2.849353993434));
#8797=CARTESIAN_POINT('',(2.436782005393,-2.287353993434,-2.849353993434));
#8798=VECTOR('',#12081,1.126435989214);
#8799=CARTESIAN_POINT('',(3.518463868235,-2.621692368557,-2.515015618311));
#8800=CARTESIAN_POINT('',(3.518463868235,-2.621692368557,-2.515015618311));
#8801=VECTOR('',#12082,0.474939185567);
#8802=CARTESIAN_POINT('',(3.518463868235,-2.621692368557,-2.515015618311));
#8803=CARTESIAN_POINT('',(3.515598449895,-2.643098647476,-2.493609339391));
#8804=CARTESIAN_POINT('',(3.503800798814,-2.681196097652,-2.455511889215));
#8805=CARTESIAN_POINT('',(3.46475622662,-2.745383877513,-2.391324109354));
#8806=CARTESIAN_POINT('',(3.393606270505,-2.808252733796,-2.328455253071));
#8807=CARTESIAN_POINT('',(3.297985087205,-2.85210263496,-2.284605351907));
#8808=CARTESIAN_POINT('',(3.203681303841,-2.873343142529,-2.263364844338));
#8809=CARTESIAN_POINT('',(3.148856455098,-2.878,-2.258707986867));
#8810=CARTESIAN_POINT('',(3.118448098079,-2.878,-2.258707986867));
#8811=CARTESIAN_POINT('',(3.088352459586,-2.653168734419,-2.033876721286));
#8812=CARTESIAN_POINT('',(3.118448098079,-2.878,-2.258707986867));
#8813=VECTOR('',#12083,0.3193805620602);
#8814=CARTESIAN_POINT('',(3.488368229742,-2.396861102975,-2.29018435273));
#8815=CARTESIAN_POINT('',(3.518463868235,-2.621692368557,-2.515015618311));
#8816=VECTOR('',#12084,0.3193805620602);
#8817=CARTESIAN_POINT('',(3.088352459586,-2.653168734419,-2.033876721286));
#8818=CARTESIAN_POINT('',(3.118760816605,-2.653168734419,-2.033876721286));
#8819=CARTESIAN_POINT('',(3.173585665347,-2.648511876948,-2.038533578757));
#8820=CARTESIAN_POINT('',(3.267889448712,-2.627271369379,-2.059774086326));
#8821=CARTESIAN_POINT('',(3.363510632012,-2.583421468215,-2.10362398749));
#8822=CARTESIAN_POINT('',(3.434660588127,-2.520552611932,-2.166492843773));
#8823=CARTESIAN_POINT('',(3.473705160321,-2.456364832071,-2.230680623634));
#8824=CARTESIAN_POINT('',(3.485502811402,-2.418267381895,-2.26877807381));
#8825=CARTESIAN_POINT('',(3.488368229742,-2.396861102975,-2.29018435273));
#8826=CARTESIAN_POINT('',(3.533122356114,-2.062522727852,-2.624522727852));
#8827=CARTESIAN_POINT('',(3.533122356114,-2.062522727852,-2.624522727852));
#8828=VECTOR('',#12085,0.474939185567);
#8829=CARTESIAN_POINT('',(2.466877643886,-2.062522727852,-2.624522727852));
#8830=VECTOR('',#12086,1.066244712228);
#8831=CARTESIAN_POINT('',(2.911647540414,-2.653168734419,-2.033876721286));
#8832=VECTOR('',#12087,0.1767049191711);
#8833=CARTESIAN_POINT('',(3.671758259327,-2.287655872268,-3.660210526316));
#8834=CARTESIAN_POINT('',(2.328241740673,-2.287655872268,-3.660210526316));
#8835=VECTOR('',#12088,1.343516518655);
#8836=CARTESIAN_POINT('',(3.671758259327,-2.287655872268,-3.660210526316));
#8837=CARTESIAN_POINT('',(3.669843388468,-2.24933828954,-3.645905369145));
#8838=CARTESIAN_POINT('',(3.6656242089,-2.186157053188,-3.614385736088));
#8839=CARTESIAN_POINT('',(3.658692633443,-2.112210371761,-3.562602987476));
#8840=CARTESIAN_POINT('',(3.651343876052,-2.052676095798,-3.507703656294));
#8841=CARTESIAN_POINT('',(3.64112283024,-1.987900190159,-3.431346722847));
#8842=CARTESIAN_POINT('',(3.627696557979,-1.929384681782,-3.331044953706));
#8843=CARTESIAN_POINT('',(3.610755843887,-1.887812050205,-3.204488336871));
#8844=CARTESIAN_POINT('',(3.593033860225,-1.873229978105,-3.072095199033));
#8845=CARTESIAN_POINT('',(3.577575044578,-1.884932849232,-2.956609193076));
#8846=CARTESIAN_POINT('',(3.564688923216,-1.912227443845,-2.860342653493));
#8847=CARTESIAN_POINT('',(3.55470807954,-1.943623986278,-2.785780164459));
#8848=CARTESIAN_POINT('',(3.544311586989,-1.989379971524,-2.708112545662));
#8849=CARTESIAN_POINT('',(3.53698071145,-2.03369865378,-2.653346801925));
#8850=CARTESIAN_POINT('',(3.533122356114,-2.062522727852,-2.624522727852));
#8851=CARTESIAN_POINT('',(3.631884704052,-2.398863002685,-3.362332749182));
#8852=CARTESIAN_POINT('',(3.631884704052,-2.398863002685,-3.362332749182));
#8853=CARTESIAN_POINT('',(3.630936263728,-2.379884208167,-3.355247369073));
#8854=CARTESIAN_POINT('',(3.628846708901,-2.348582943765,-3.33963722489));
#8855=CARTESIAN_POINT('',(3.624267781199,-2.299792949389,-3.305430071898));
#8856=CARTESIAN_POINT('',(3.618038849885,-2.256261102989,-3.258896468338));
#8857=CARTESIAN_POINT('',(3.610061422224,-2.221390038108,-3.199300618342));
#8858=CARTESIAN_POINT('',(3.601669761971,-2.200829487589,-3.136610219019));
#8859=CARTESIAN_POINT('',(3.59289289621,-2.193576651279,-3.071042118937));
#8860=CARTESIAN_POINT('',(3.583702122173,-2.200623125215,-3.002381892341));
#8861=CARTESIAN_POINT('',(3.575624861079,-2.220945621488,-2.942040230725));
#8862=CARTESIAN_POINT('',(3.56876026181,-2.251118838712,-2.890757831721));
#8863=CARTESIAN_POINT('',(3.565129047651,-2.273077357486,-2.863630629381));
#8864=CARTESIAN_POINT('',(3.563217994607,-2.287353993434,-2.849353993434));
#8865=CARTESIAN_POINT('',(3.710523579327,-2.813613070563,-3.949809165601));
#8866=CARTESIAN_POINT('',(3.631884704052,-2.398863002685,-3.362332749182));
#8867=CARTESIAN_POINT('',(3.633589597203,-2.432978819953,-3.375069255332));
#8868=CARTESIAN_POINT('',(3.637568527036,-2.495114430447,-3.404794088391));
#8869=CARTESIAN_POINT('',(3.647255936857,-2.600860659517,-3.477164462283));
#8870=CARTESIAN_POINT('',(3.662075296678,-2.704015935452,-3.587873375284));
#8871=CARTESIAN_POINT('',(3.680045276691,-2.773425318887,-3.72211918468));
#8872=CARTESIAN_POINT('',(3.696571545195,-2.80592140168,-3.845579660988));
#8873=CARTESIAN_POINT('',(3.705687417802,-2.813035870932,-3.913680331967));
#8874=CARTESIAN_POINT('',(3.710523579327,-2.813613070563,-3.949809165601));
#8875=CARTESIAN_POINT('',(3.710523579327,-2.813613070563,-3.949809165601));
#8876=VECTOR('',#12089,3.847854543214);
#8877=CARTESIAN_POINT('',(3.671758259327,-2.287655872268,-3.660210526316));
#8878=CARTESIAN_POINT('',(3.673468605744,-2.32188081228,-3.672987771413));
#8879=CARTESIAN_POINT('',(3.677989991001,-2.378541315619,-3.706765050132));
#8880=CARTESIAN_POINT('',(3.686897832643,-2.440763285184,-3.773311613361));
#8881=CARTESIAN_POINT('',(3.69772613352,-2.482415459928,-3.854205082056));
#8882=CARTESIAN_POINT('',(3.706351833536,-2.495115169465,-3.91864388941));
#8883=CARTESIAN_POINT('',(3.711203463992,-2.495694215325,-3.954888284615));
#8884=CARTESIAN_POINT('',(2.289476420673,-2.813613070563,-3.949809165601));
#8885=VECTOR('',#12090,1.421047158653);
#8886=CARTESIAN_POINT('',(2.368115295948,-2.398863002685,-3.362332749182));
#8887=VECTOR('',#12091,1.263769408104);
#8888=CARTESIAN_POINT('',(-2.289476420673,-2.813613070563,-3.949809165601));
#8889=CARTESIAN_POINT('',(-3.710523579327,-2.813613070563,-3.949809165601));
#8890=CARTESIAN_POINT('',(-2.289476420673,-2.813613070563,-3.949809165601));
#8891=VECTOR('',#12092,1.421047158653);
#8892=CARTESIAN_POINT('',(-3.710523579327,-2.813613070563,-3.949809165601));
#8893=VECTOR('',#12093,3.847854543214);
#8894=CARTESIAN_POINT('',(-1.779024752624,-2.874535873251,-7.763168851289));
#8895=CARTESIAN_POINT('',(-1.531234867224,-2.878,-7.98));
#8896=CARTESIAN_POINT('',(-1.549466437679,-2.878,-7.98));
#8897=CARTESIAN_POINT('',(-1.582571106794,-2.877938692594,-7.976162566697));
#8898=CARTESIAN_POINT('',(-1.639950414874,-2.877654889514,-7.958398393447));
#8899=CARTESIAN_POINT('',(-1.698736346469,-2.877063954524,-7.921409818238));
#8900=CARTESIAN_POINT('',(-1.743194563662,-2.87621147349,-7.86805021126));
#8901=CARTESIAN_POINT('',(-1.76841173741,-2.875340564976,-7.813537167389));
#8902=CARTESIAN_POINT('',(-1.776606174831,-2.874824532388,-7.781236981203));
#8903=CARTESIAN_POINT('',(-1.779024752624,-2.874535873251,-7.763168851289));
#8904=CARTESIAN_POINT('',(-2.289476420673,-2.813613070563,-3.949809165601));
#8905=VECTOR('',#12094,3.847854543214);
#8906=CARTESIAN_POINT('',(-2.481536131765,-2.621692368557,-2.515015618311));
#8907=CARTESIAN_POINT('',(-2.436782005393,-2.287353993434,-2.849353993434));
#8908=CARTESIAN_POINT('',(-2.481536131765,-2.621692368557,-2.515015618311));
#8909=VECTOR('',#12095,0.474939185567);
#8910=CARTESIAN_POINT('',(-2.368115295948,-2.398863002685,-3.362332749182));
#8911=CARTESIAN_POINT('',(-2.368115295948,-2.398863002685,-3.362332749182));
#8912=CARTESIAN_POINT('',(-2.369063736272,-2.379884208167,-3.355247369073));
#8913=CARTESIAN_POINT('',(-2.371153291099,-2.348582943765,-3.33963722489));
#8914=CARTESIAN_POINT('',(-2.375732218801,-2.299792949389,-3.305430071898));
#8915=CARTESIAN_POINT('',(-2.381961150115,-2.256261102989,-3.258896468338));
#8916=CARTESIAN_POINT('',(-2.389938577776,-2.221390038108,-3.199300618342));
#8917=CARTESIAN_POINT('',(-2.398330238029,-2.200829487589,-3.136610219019));
#8918=CARTESIAN_POINT('',(-2.40710710379,-2.193576651279,-3.071042118937));
#8919=CARTESIAN_POINT('',(-2.416297877827,-2.200623125215,-3.002381892341));
#8920=CARTESIAN_POINT('',(-2.424375138921,-2.220945621488,-2.942040230725));
#8921=CARTESIAN_POINT('',(-2.43123973819,-2.251118838712,-2.890757831721));
#8922=CARTESIAN_POINT('',(-2.434870952349,-2.273077357486,-2.863630629381));
#8923=CARTESIAN_POINT('',(-2.436782005393,-2.287353993434,-2.849353993434));
#8924=CARTESIAN_POINT('',(-2.368115295948,-2.398863002685,-3.362332749182));
#8925=CARTESIAN_POINT('',(-2.366410402797,-2.432978819953,-3.375069255332));
#8926=CARTESIAN_POINT('',(-2.362431472964,-2.495114430447,-3.404794088391));
#8927=CARTESIAN_POINT('',(-2.352744063143,-2.600860659517,-3.477164462283));
#8928=CARTESIAN_POINT('',(-2.337924703322,-2.704015935452,-3.587873375284));
#8929=CARTESIAN_POINT('',(-2.319954723309,-2.773425318887,-3.72211918468));
#8930=CARTESIAN_POINT('',(-2.303428454805,-2.80592140168,-3.845579660988));
#8931=CARTESIAN_POINT('',(-2.294312582198,-2.813035870932,-3.913680331967));
#8932=CARTESIAN_POINT('',(-2.289476420673,-2.813613070563,-3.949809165601));
#8933=CARTESIAN_POINT('',(-1.779024752624,-2.556535873251,-7.763168851289));
#8934=CARTESIAN_POINT('',(-1.779024752624,-2.874535873251,-7.763168851289));
#8935=VECTOR('',#12096,0.318);
#8936=CARTESIAN_POINT('',(-2.288796536008,-2.495694215325,-3.954888284615));
#8937=CARTESIAN_POINT('',(-2.288796536008,-2.495694215325,-3.954888284615));
#8938=VECTOR('',#12097,3.842729479547);
#8939=CARTESIAN_POINT('',(-2.328241740673,-2.287655872268,-3.660210526316));
#8940=CARTESIAN_POINT('',(-2.328241740673,-2.287655872268,-3.660210526316));
#8941=CARTESIAN_POINT('',(-2.326531394256,-2.32188081228,-3.672987771413));
#8942=CARTESIAN_POINT('',(-2.322010008999,-2.378541315619,-3.706765050132));
#8943=CARTESIAN_POINT('',(-2.313102167357,-2.440763285184,-3.773311613361));
#8944=CARTESIAN_POINT('',(-2.30227386648,-2.482415459928,-3.854205082056));
#8945=CARTESIAN_POINT('',(-2.293648166464,-2.495115169465,-3.91864388941));
#8946=CARTESIAN_POINT('',(-2.288796536008,-2.495694215325,-3.954888284615));
#8947=CARTESIAN_POINT('',(-2.466877643886,-2.062522727852,-2.624522727852));
#8948=CARTESIAN_POINT('',(-2.328241740673,-2.287655872268,-3.660210526316));
#8949=CARTESIAN_POINT('',(-2.330156611532,-2.24933828954,-3.645905369145));
#8950=CARTESIAN_POINT('',(-2.3343757911,-2.186157053188,-3.614385736088));
#8951=CARTESIAN_POINT('',(-2.341307366557,-2.112210371761,-3.562602987476));
#8952=CARTESIAN_POINT('',(-2.348656123948,-2.052676095798,-3.507703656294));
#8953=CARTESIAN_POINT('',(-2.35887716976,-1.987900190159,-3.431346722847));
#8954=CARTESIAN_POINT('',(-2.372303442021,-1.929384681782,-3.331044953706));
#8955=CARTESIAN_POINT('',(-2.389244156113,-1.887812050205,-3.204488336871));
#8956=CARTESIAN_POINT('',(-2.406966139775,-1.873229978105,-3.072095199033));
#8957=CARTESIAN_POINT('',(-2.422424955422,-1.884932849232,-2.956609193076));
#8958=CARTESIAN_POINT('',(-2.435311076784,-1.912227443845,-2.860342653493));
#8959=CARTESIAN_POINT('',(-2.44529192046,-1.943623986278,-2.785780164459));
#8960=CARTESIAN_POINT('',(-2.455688413011,-1.989379971524,-2.708112545662));
#8961=CARTESIAN_POINT('',(-2.46301928855,-2.03369865378,-2.653346801925));
#8962=CARTESIAN_POINT('',(-2.466877643886,-2.062522727852,-2.624522727852));
#8963=CARTESIAN_POINT('',(-2.511631770258,-2.396861102975,-2.29018435273));
#8964=CARTESIAN_POINT('',(-2.466877643886,-2.062522727852,-2.624522727852));
#8965=VECTOR('',#12098,0.474939185567);
#8966=CARTESIAN_POINT('',(-2.481536131765,-2.621692368557,-2.515015618311));
#8967=VECTOR('',#12099,0.3193805620602);
#8968=CARTESIAN_POINT('',(-2.881551901921,-2.878,-2.258707986867));
#8969=CARTESIAN_POINT('',(-2.911647540414,-2.653168734419,-2.033876721286));
#8970=CARTESIAN_POINT('',(-2.881551901921,-2.878,-2.258707986867));
#8971=VECTOR('',#12100,0.3193805620602);
#8972=CARTESIAN_POINT('',(-2.481536131765,-2.621692368556,-2.515015618311));
#8973=CARTESIAN_POINT('',(-2.484401550105,-2.643098647476,-2.493609339391));
#8974=CARTESIAN_POINT('',(-2.496199201186,-2.681196097652,-2.455511889215));
#8975=CARTESIAN_POINT('',(-2.53524377338,-2.745383877513,-2.391324109354));
#8976=CARTESIAN_POINT('',(-2.606393729495,-2.808252733796,-2.328455253071));
#8977=CARTESIAN_POINT('',(-2.702014912795,-2.85210263496,-2.284605351907));
#8978=CARTESIAN_POINT('',(-2.796318696159,-2.873343142529,-2.263364844338));
#8979=CARTESIAN_POINT('',(-2.851143544902,-2.878,-2.258707986867));
#8980=CARTESIAN_POINT('',(-2.881551901921,-2.878,-2.258707986867));
#8981=CARTESIAN_POINT('',(-2.911647540414,-2.653168734419,-2.033876721286));
#8982=CARTESIAN_POINT('',(-2.881239183395,-2.653168734419,-2.033876721286));
#8983=CARTESIAN_POINT('',(-2.826414334653,-2.648511876948,-2.038533578757));
#8984=CARTESIAN_POINT('',(-2.732110551288,-2.627271369379,-2.059774086326));
#8985=CARTESIAN_POINT('',(-2.636489367988,-2.583421468215,-2.10362398749));
#8986=CARTESIAN_POINT('',(-2.565339411873,-2.520552611932,-2.166492843773));
#8987=CARTESIAN_POINT('',(-2.526294839679,-2.456364832071,-2.230680623634));
#8988=CARTESIAN_POINT('',(-2.514497188598,-2.418267381895,-2.26877807381));
#8989=CARTESIAN_POINT('',(-2.511631770258,-2.396861102975,-2.29018435273));
#8990=CARTESIAN_POINT('',(-3.533122356114,-2.062522727852,-2.624522727852));
#8991=CARTESIAN_POINT('',(-2.466877643886,-2.062522727852,-2.624522727852));
#8992=VECTOR('',#12101,1.066244712228);
#8993=CARTESIAN_POINT('',(-3.488368229742,-2.396861102975,-2.29018435273));
#8994=CARTESIAN_POINT('',(-3.533122356114,-2.062522727852,-2.624522727852));
#8995=VECTOR('',#12102,0.474939185567);
#8996=CARTESIAN_POINT('',(-3.088352459586,-2.653168734419,-2.033876721286));
#8997=CARTESIAN_POINT('',(-3.488368229742,-2.396861102975,-2.29018435273));
#8998=CARTESIAN_POINT('',(-3.485502811402,-2.418267381895,-2.26877807381));
#8999=CARTESIAN_POINT('',(-3.473705160321,-2.456364832071,-2.230680623634));
#9000=CARTESIAN_POINT('',(-3.434660588127,-2.520552611932,-2.166492843773));
#9001=CARTESIAN_POINT('',(-3.363510632012,-2.583421468215,-2.10362398749));
#9002=CARTESIAN_POINT('',(-3.267889448712,-2.627271369379,-2.059774086326));
#9003=CARTESIAN_POINT('',(-3.173585665347,-2.648511876948,-2.038533578757));
#9004=CARTESIAN_POINT('',(-3.118760816605,-2.653168734419,-2.033876721286));
#9005=CARTESIAN_POINT('',(-3.088352459586,-2.653168734419,-2.033876721286));
#9006=CARTESIAN_POINT('',(-2.911647540414,-2.653168734419,-2.033876721286));
#9007=VECTOR('',#12103,0.1767049191711);
#9008=CARTESIAN_POINT('',(-3.118448098079,-2.878,-2.258707986867));
#9009=CARTESIAN_POINT('',(-3.088352459586,-2.653168734419,-2.033876721286));
#9010=VECTOR('',#12104,0.3193805620602);
#9011=CARTESIAN_POINT('',(-2.881551901921,-2.878,-2.258707986867));
#9012=VECTOR('',#12105,0.2368961961577);
#9013=CARTESIAN_POINT('',(-3.518463868235,-2.621692368557,-2.515015618311));
#9014=CARTESIAN_POINT('',(-3.118448098079,-2.878,-2.258707986867));
#9015=CARTESIAN_POINT('',(-3.148856455098,-2.878,-2.258707986867));
#9016=CARTESIAN_POINT('',(-3.203681303841,-2.873343142529,-2.263364844338));
#9017=CARTESIAN_POINT('',(-3.297985087205,-2.85210263496,-2.284605351907));
#9018=CARTESIAN_POINT('',(-3.393606270505,-2.808252733796,-2.328455253071));
#9019=CARTESIAN_POINT('',(-3.46475622662,-2.745383877513,-2.391324109354));
#9020=CARTESIAN_POINT('',(-3.503800798814,-2.681196097652,-2.455511889215));
#9021=CARTESIAN_POINT('',(-3.515598449895,-2.643098647476,-2.493609339391));
#9022=CARTESIAN_POINT('',(-3.518463868235,-2.621692368557,-2.515015618311));
#9023=CARTESIAN_POINT('',(-3.563217994607,-2.287353993434,-2.849353993434));
#9024=CARTESIAN_POINT('',(-3.518463868235,-2.621692368557,-2.515015618311));
#9025=VECTOR('',#12106,0.474939185567);
#9026=CARTESIAN_POINT('',(-2.436782005393,-2.287353993434,-2.849353993434));
#9027=VECTOR('',#12107,1.126435989214);
#9028=CARTESIAN_POINT('',(-3.631884704052,-2.398863002685,-3.362332749182));
#9029=CARTESIAN_POINT('',(-3.631884704052,-2.398863002685,-3.362332749182));
#9030=CARTESIAN_POINT('',(-3.630936263728,-2.379884208167,-3.355247369073));
#9031=CARTESIAN_POINT('',(-3.628846708901,-2.348582943765,-3.33963722489));
#9032=CARTESIAN_POINT('',(-3.624267781199,-2.299792949389,-3.305430071898));
#9033=CARTESIAN_POINT('',(-3.618038849885,-2.256261102989,-3.258896468338));
#9034=CARTESIAN_POINT('',(-3.610061422224,-2.221390038108,-3.199300618342));
#9035=CARTESIAN_POINT('',(-3.601669761971,-2.200829487589,-3.136610219019));
#9036=CARTESIAN_POINT('',(-3.59289289621,-2.193576651279,-3.071042118937));
#9037=CARTESIAN_POINT('',(-3.583702122173,-2.200623125215,-3.002381892341));
#9038=CARTESIAN_POINT('',(-3.575624861079,-2.220945621488,-2.942040230725));
#9039=CARTESIAN_POINT('',(-3.56876026181,-2.251118838712,-2.890757831721));
#9040=CARTESIAN_POINT('',(-3.565129047651,-2.273077357486,-2.863630629381));
#9041=CARTESIAN_POINT('',(-3.563217994607,-2.287353993434,-2.849353993434));
#9042=CARTESIAN_POINT('',(-2.368115295948,-2.398863002685,-3.362332749182));
#9043=VECTOR('',#12108,1.263769408104);
#9044=CARTESIAN_POINT('',(-3.631884704052,-2.398863002685,-3.362332749182));
#9045=CARTESIAN_POINT('',(-3.633589597203,-2.432978819953,-3.375069255332));
#9046=CARTESIAN_POINT('',(-3.637568527036,-2.495114430447,-3.404794088391));
#9047=CARTESIAN_POINT('',(-3.647255936857,-2.600860659517,-3.477164462283));
#9048=CARTESIAN_POINT('',(-3.662075296678,-2.704015935452,-3.587873375284));
#9049=CARTESIAN_POINT('',(-3.680045276691,-2.773425318887,-3.72211918468));
#9050=CARTESIAN_POINT('',(-3.696571545195,-2.80592140168,-3.845579660988));
#9051=CARTESIAN_POINT('',(-3.705687417802,-2.813035870932,-3.913680331967));
#9052=CARTESIAN_POINT('',(-3.710523579327,-2.813613070563,-3.949809165601));
#9053=CARTESIAN_POINT('',(-3.671758259327,-2.287655872268,-3.660210526316));
#9054=CARTESIAN_POINT('',(-3.533122356114,-2.062522727852,-2.624522727852));
#9055=CARTESIAN_POINT('',(-3.53698071145,-2.03369865378,-2.653346801925));
#9056=CARTESIAN_POINT('',(-3.544311586989,-1.989379971524,-2.708112545662));
#9057=CARTESIAN_POINT('',(-3.55470807954,-1.943623986278,-2.785780164459));
#9058=CARTESIAN_POINT('',(-3.564688923216,-1.912227443845,-2.860342653493));
#9059=CARTESIAN_POINT('',(-3.577575044578,-1.884932849232,-2.956609193076));
#9060=CARTESIAN_POINT('',(-3.593033860225,-1.873229978105,-3.072095199033));
#9061=CARTESIAN_POINT('',(-3.610755843887,-1.887812050205,-3.204488336871));
#9062=CARTESIAN_POINT('',(-3.627696557979,-1.929384681782,-3.331044953706));
#9063=CARTESIAN_POINT('',(-3.64112283024,-1.987900190159,-3.431346722847));
#9064=CARTESIAN_POINT('',(-3.651343876052,-2.052676095798,-3.507703656294));
#9065=CARTESIAN_POINT('',(-3.658692633443,-2.112210371761,-3.562602987476));
#9066=CARTESIAN_POINT('',(-3.6656242089,-2.186157053188,-3.614385736088));
#9067=CARTESIAN_POINT('',(-3.669843388468,-2.24933828954,-3.645905369145));
#9068=CARTESIAN_POINT('',(-3.671758259327,-2.287655872268,-3.660210526316));
#9069=CARTESIAN_POINT('',(-3.711203463992,-2.495694215325,-3.954888284615));
#9070=CARTESIAN_POINT('',(-3.671758259327,-2.287655872268,-3.660210526316));
#9071=CARTESIAN_POINT('',(-3.673468605744,-2.32188081228,-3.672987771413));
#9072=CARTESIAN_POINT('',(-3.677989991001,-2.378541315619,-3.706765050132));
#9073=CARTESIAN_POINT('',(-3.686897832643,-2.440763285184,-3.773311613361));
#9074=CARTESIAN_POINT('',(-3.69772613352,-2.482415459928,-3.854205082056));
#9075=CARTESIAN_POINT('',(-3.706351833536,-2.495115169465,-3.91864388941));
#9076=CARTESIAN_POINT('',(-3.711203463992,-2.495694215325,-3.954888284615));
#9077=CARTESIAN_POINT('',(-3.711203463992,-2.495694215325,-3.954888284615));
#9078=VECTOR('',#12109,3.842729479547);
#9079=CARTESIAN_POINT('',(-3.488368229742,-2.396861102975,-2.29018435273));
#9080=VECTOR('',#12110,0.3193805620602);
#9081=CARTESIAN_POINT('',(-4.716555018166,-2.878,-7.696831148711));
#9082=VECTOR('',#12111,0.318);
#9083=CARTESIAN_POINT('',(-3.89557977079,2.878,-1.563686509856));
#9084=VECTOR('',#12112,0.318);
#9085=CARTESIAN_POINT('',(-4.716555018166,2.56,-7.696831148711));
#9086=VECTOR('',#12113,0.318);
#9087=CARTESIAN_POINT('',(-3.89557977079,-2.56,-1.563686509856));
#9088=VECTOR('',#12114,0.318);
#9089=CARTESIAN_POINT('',(-3.710523579327,2.813613070563,-3.949809165601));
#9090=CARTESIAN_POINT('',(-3.710523579327,2.813613070563,-3.949809165601));
#9091=VECTOR('',#12115,3.847854543214);
#9092=CARTESIAN_POINT('',(-2.289476420673,2.813613070563,-3.949809165601));
#9093=CARTESIAN_POINT('',(-2.289476420673,2.813613070563,-3.949809165601));
#9094=VECTOR('',#12116,1.421047158653);
#9095=CARTESIAN_POINT('',(-1.779024752624,2.874535873251,-7.763168851289));
#9096=CARTESIAN_POINT('',(-2.289476420673,2.813613070563,-3.949809165601));
#9097=VECTOR('',#12117,3.847854543214);
#9098=CARTESIAN_POINT('',(-1.779024752624,2.874535873251,-7.763168851289));
#9099=CARTESIAN_POINT('',(-1.776606174831,2.874824532388,-7.781236981203));
#9100=CARTESIAN_POINT('',(-1.76841173741,2.875340564976,-7.813537167389));
#9101=CARTESIAN_POINT('',(-1.743194563662,2.87621147349,-7.86805021126));
#9102=CARTESIAN_POINT('',(-1.698736346469,2.877063954524,-7.921409818238));
#9103=CARTESIAN_POINT('',(-1.639950414874,2.877654889514,-7.958398393447));
#9104=CARTESIAN_POINT('',(-1.582571106794,2.877938692594,-7.976162566697));
#9105=CARTESIAN_POINT('',(-1.549466437679,2.878,-7.98));
#9106=CARTESIAN_POINT('',(-1.531234867224,2.878,-7.98));
#9107=CARTESIAN_POINT('',(-1.779024752624,2.556535873251,-7.763168851289));
#9108=CARTESIAN_POINT('',(-1.779024752624,2.556535873251,-7.763168851289));
#9109=VECTOR('',#12118,0.318);
#9110=CARTESIAN_POINT('',(-1.531234867225,2.56,-7.98));
#9111=CARTESIAN_POINT('',(-1.549466437679,2.56,-7.98));
#9112=CARTESIAN_POINT('',(-1.582571106794,2.559938692594,-7.976162566696));
#9113=CARTESIAN_POINT('',(-1.639950414874,2.559654889514,-7.958398393447));
#9114=CARTESIAN_POINT('',(-1.69873634647,2.559063954524,-7.921409818238));
#9115=CARTESIAN_POINT('',(-1.743194563662,2.55821147349,-7.86805021126));
#9116=CARTESIAN_POINT('',(-1.76841173741,2.557340564976,-7.813537167389));
#9117=CARTESIAN_POINT('',(-1.776606174831,2.556824532388,-7.781236981203));
#9118=CARTESIAN_POINT('',(-1.779024752624,2.556535873251,-7.763168851289));
#9119=CARTESIAN_POINT('',(-2.288796536008,2.495694215325,-3.954888284615));
#9120=CARTESIAN_POINT('',(-3.711203463992,2.495694215325,-3.954888284615));
#9121=CARTESIAN_POINT('',(-2.288796536008,2.495694215325,-3.954888284615));
#9122=VECTOR('',#12119,1.422406927984);
#9123=CARTESIAN_POINT('',(-3.711203463992,2.495694215325,-3.954888284615));
#9124=VECTOR('',#12120,3.842729479547);
#9125=CARTESIAN_POINT('',(-2.288796536008,2.495694215325,-3.954888284615));
#9126=VECTOR('',#12121,3.842729479547);
#9127=CARTESIAN_POINT('',(-2.511631770258,2.396861102975,-2.29018435273));
#9128=CARTESIAN_POINT('',(-2.466877643886,2.062522727852,-2.624522727852));
#9129=CARTESIAN_POINT('',(-2.511631770258,2.396861102975,-2.29018435273));
#9130=VECTOR('',#12122,0.474939185567);
#9131=CARTESIAN_POINT('',(-2.328241740673,2.287655872268,-3.660210526316));
#9132=CARTESIAN_POINT('',(-2.466877643886,2.062522727852,-2.624522727852));
#9133=CARTESIAN_POINT('',(-2.46301928855,2.03369865378,-2.653346801925));
#9134=CARTESIAN_POINT('',(-2.455688413011,1.989379971524,-2.708112545662));
#9135=CARTESIAN_POINT('',(-2.44529192046,1.943623986278,-2.785780164459));
#9136=CARTESIAN_POINT('',(-2.435311076784,1.912227443845,-2.860342653493));
#9137=CARTESIAN_POINT('',(-2.422424955422,1.884932849232,-2.956609193076));
#9138=CARTESIAN_POINT('',(-2.406966139775,1.873229978105,-3.072095199033));
#9139=CARTESIAN_POINT('',(-2.389244156113,1.887812050205,-3.204488336871));
#9140=CARTESIAN_POINT('',(-2.372303442021,1.929384681782,-3.331044953706));
#9141=CARTESIAN_POINT('',(-2.35887716976,1.987900190159,-3.431346722847));
#9142=CARTESIAN_POINT('',(-2.348656123948,2.052676095798,-3.507703656294));
#9143=CARTESIAN_POINT('',(-2.341307366557,2.112210371761,-3.562602987476));
#9144=CARTESIAN_POINT('',(-2.3343757911,2.186157053188,-3.614385736088));
#9145=CARTESIAN_POINT('',(-2.330156611532,2.24933828954,-3.645905369145));
#9146=CARTESIAN_POINT('',(-2.328241740673,2.287655872268,-3.660210526316));
#9147=CARTESIAN_POINT('',(-2.288796536008,2.495694215325,-3.954888284615));
#9148=CARTESIAN_POINT('',(-2.293648166464,2.495115169465,-3.91864388941));
#9149=CARTESIAN_POINT('',(-2.30227386648,2.482415459928,-3.854205082056));
#9150=CARTESIAN_POINT('',(-2.313102167357,2.440763285184,-3.773311613361));
#9151=CARTESIAN_POINT('',(-2.322010008999,2.378541315619,-3.706765050132));
#9152=CARTESIAN_POINT('',(-2.326531394256,2.32188081228,-3.672987771413));
#9153=CARTESIAN_POINT('',(-2.328241740673,2.287655872268,-3.660210526316));
#9154=CARTESIAN_POINT('',(-2.368115295948,2.398863002685,-3.362332749182));
#9155=CARTESIAN_POINT('',(-2.289476420673,2.813613070563,-3.949809165601));
#9156=CARTESIAN_POINT('',(-2.294312582198,2.813035870932,-3.913680331967));
#9157=CARTESIAN_POINT('',(-2.303428454805,2.80592140168,-3.845579660988));
#9158=CARTESIAN_POINT('',(-2.319954723309,2.773425318888,-3.72211918468));
#9159=CARTESIAN_POINT('',(-2.337924703322,2.704015935452,-3.587873375284));
#9160=CARTESIAN_POINT('',(-2.352744063143,2.600860659517,-3.477164462283));
#9161=CARTESIAN_POINT('',(-2.362431472964,2.495114430447,-3.404794088391));
#9162=CARTESIAN_POINT('',(-2.366410402797,2.432978819953,-3.375069255332));
#9163=CARTESIAN_POINT('',(-2.368115295948,2.398863002685,-3.362332749182));
#9164=CARTESIAN_POINT('',(-2.436782005393,2.287353993434,-2.849353993434));
#9165=CARTESIAN_POINT('',(-2.436782005393,2.287353993434,-2.849353993434));
#9166=CARTESIAN_POINT('',(-2.434870952349,2.273077357486,-2.863630629381));
#9167=CARTESIAN_POINT('',(-2.43123973819,2.251118838712,-2.890757831721));
#9168=CARTESIAN_POINT('',(-2.424375138921,2.220945621488,-2.942040230725));
#9169=CARTESIAN_POINT('',(-2.416297877827,2.200623125215,-3.002381892341));
#9170=CARTESIAN_POINT('',(-2.40710710379,2.193576651279,-3.071042118937));
#9171=CARTESIAN_POINT('',(-2.398330238029,2.200829487589,-3.136610219019));
#9172=CARTESIAN_POINT('',(-2.389938577776,2.221390038108,-3.199300618342));
#9173=CARTESIAN_POINT('',(-2.381961150115,2.256261102989,-3.258896468338));
#9174=CARTESIAN_POINT('',(-2.375732218801,2.299792949389,-3.305430071898));
#9175=CARTESIAN_POINT('',(-2.371153291099,2.348582943765,-3.33963722489));
#9176=CARTESIAN_POINT('',(-2.369063736272,2.379884208167,-3.355247369073));
#9177=CARTESIAN_POINT('',(-2.368115295948,2.398863002685,-3.362332749182));
#9178=CARTESIAN_POINT('',(-2.481536131765,2.621692368557,-2.515015618311));
#9179=CARTESIAN_POINT('',(-2.436782005393,2.287353993434,-2.849353993434));
#9180=VECTOR('',#12123,0.474939185567);
#9181=CARTESIAN_POINT('',(-2.511631770258,2.396861102975,-2.29018435273));
#9182=VECTOR('',#12124,0.3193805620602);
#9183=CARTESIAN_POINT('',(-2.911647540414,2.653168734419,-2.033876721286));
#9184=CARTESIAN_POINT('',(-2.881551901921,2.878,-2.258707986867));
#9185=CARTESIAN_POINT('',(-2.911647540414,2.653168734419,-2.033876721286));
#9186=VECTOR('',#12125,0.3193805620602);
#9187=CARTESIAN_POINT('',(-2.511631770258,2.396861102975,-2.29018435273));
#9188=CARTESIAN_POINT('',(-2.514497188598,2.418267381895,-2.26877807381));
#9189=CARTESIAN_POINT('',(-2.526294839679,2.456364832071,-2.230680623634));
#9190=CARTESIAN_POINT('',(-2.565339411873,2.520552611932,-2.166492843773));
#9191=CARTESIAN_POINT('',(-2.636489367988,2.583421468215,-2.10362398749));
#9192=CARTESIAN_POINT('',(-2.732110551288,2.627271369379,-2.059774086326));
#9193=CARTESIAN_POINT('',(-2.826414334653,2.648511876948,-2.038533578757));
#9194=CARTESIAN_POINT('',(-2.881239183395,2.653168734419,-2.033876721286));
#9195=CARTESIAN_POINT('',(-2.911647540414,2.653168734419,-2.033876721286));
#9196=CARTESIAN_POINT('',(-2.881551901921,2.878,-2.258707986867));
#9197=CARTESIAN_POINT('',(-2.851143544902,2.878,-2.258707986867));
#9198=CARTESIAN_POINT('',(-2.796318696159,2.873343142529,-2.263364844338));
#9199=CARTESIAN_POINT('',(-2.702014912795,2.85210263496,-2.284605351907));
#9200=CARTESIAN_POINT('',(-2.606393729495,2.808252733796,-2.328455253071));
#9201=CARTESIAN_POINT('',(-2.53524377338,2.745383877513,-2.391324109354));
#9202=CARTESIAN_POINT('',(-2.496199201186,2.681196097652,-2.455511889215));
#9203=CARTESIAN_POINT('',(-2.484401550105,2.643098647476,-2.493609339391));
#9204=CARTESIAN_POINT('',(-2.481536131765,2.621692368557,-2.515015618311));
#9205=CARTESIAN_POINT('',(-3.563217994607,2.287353993434,-2.849353993434));
#9206=CARTESIAN_POINT('',(-2.436782005393,2.287353993434,-2.849353993434));
#9207=VECTOR('',#12126,1.126435989214);
#9208=CARTESIAN_POINT('',(-3.518463868235,2.621692368557,-2.515015618311));
#9209=CARTESIAN_POINT('',(-3.563217994607,2.287353993434,-2.849353993434));
#9210=VECTOR('',#12127,0.474939185567);
#9211=CARTESIAN_POINT('',(-3.118448098079,2.878,-2.258707986867));
#9212=CARTESIAN_POINT('',(-3.518463868235,2.621692368557,-2.515015618311));
#9213=CARTESIAN_POINT('',(-3.515598449895,2.643098647476,-2.493609339391));
#9214=CARTESIAN_POINT('',(-3.503800798814,2.681196097652,-2.455511889215));
#9215=CARTESIAN_POINT('',(-3.46475622662,2.745383877513,-2.391324109354));
#9216=CARTESIAN_POINT('',(-3.393606270505,2.808252733796,-2.328455253071));
#9217=CARTESIAN_POINT('',(-3.297985087205,2.85210263496,-2.284605351907));
#9218=CARTESIAN_POINT('',(-3.203681303841,2.873343142529,-2.263364844338));
#9219=CARTESIAN_POINT('',(-3.148856455098,2.878,-2.258707986867));
#9220=CARTESIAN_POINT('',(-3.118448098079,2.878,-2.258707986867));
#9221=CARTESIAN_POINT('',(-2.881551901921,2.878,-2.258707986867));
#9222=VECTOR('',#12128,0.2368961961578);
#9223=CARTESIAN_POINT('',(-3.088352459586,2.653168734419,-2.033876721286));
#9224=CARTESIAN_POINT('',(-3.118448098079,2.878,-2.258707986867));
#9225=VECTOR('',#12129,0.3193805620602);
#9226=CARTESIAN_POINT('',(-2.911647540414,2.653168734419,-2.033876721286));
#9227=VECTOR('',#12130,0.1767049191711);
#9228=CARTESIAN_POINT('',(-3.488368229742,2.396861102975,-2.29018435273));
#9229=CARTESIAN_POINT('',(-3.088352459586,2.653168734419,-2.033876721286));
#9230=CARTESIAN_POINT('',(-3.118760816605,2.653168734419,-2.033876721286));
#9231=CARTESIAN_POINT('',(-3.173585665347,2.648511876948,-2.038533578757));
#9232=CARTESIAN_POINT('',(-3.267889448712,2.627271369379,-2.059774086326));
#9233=CARTESIAN_POINT('',(-3.363510632012,2.583421468215,-2.10362398749));
#9234=CARTESIAN_POINT('',(-3.434660588127,2.520552611932,-2.166492843773));
#9235=CARTESIAN_POINT('',(-3.473705160321,2.456364832071,-2.230680623634));
#9236=CARTESIAN_POINT('',(-3.485502811402,2.418267381895,-2.26877807381));
#9237=CARTESIAN_POINT('',(-3.488368229742,2.396861102975,-2.29018435273));
#9238=CARTESIAN_POINT('',(-3.533122356114,2.062522727852,-2.624522727852));
#9239=CARTESIAN_POINT('',(-3.488368229742,2.396861102975,-2.29018435273));
#9240=VECTOR('',#12131,0.474939185567);
#9241=CARTESIAN_POINT('',(-2.466877643886,2.062522727852,-2.624522727852));
#9242=VECTOR('',#12132,1.066244712228);
#9243=CARTESIAN_POINT('',(-3.671758259327,2.287655872268,-3.660210526316));
#9244=CARTESIAN_POINT('',(-3.671758259327,2.287655872268,-3.660210526316));
#9245=CARTESIAN_POINT('',(-3.669843388468,2.24933828954,-3.645905369145));
#9246=CARTESIAN_POINT('',(-3.6656242089,2.186157053188,-3.614385736088));
#9247=CARTESIAN_POINT('',(-3.658692633443,2.112210371761,-3.562602987476));
#9248=CARTESIAN_POINT('',(-3.651343876052,2.052676095798,-3.507703656294));
#9249=CARTESIAN_POINT('',(-3.64112283024,1.987900190159,-3.431346722847));
#9250=CARTESIAN_POINT('',(-3.627696557979,1.929384681782,-3.331044953706));
#9251=CARTESIAN_POINT('',(-3.610755843887,1.887812050205,-3.204488336871));
#9252=CARTESIAN_POINT('',(-3.593033860225,1.873229978105,-3.072095199033));
#9253=CARTESIAN_POINT('',(-3.577575044578,1.884932849232,-2.956609193076));
#9254=CARTESIAN_POINT('',(-3.564688923216,1.912227443845,-2.860342653493));
#9255=CARTESIAN_POINT('',(-3.55470807954,1.943623986278,-2.785780164459));
#9256=CARTESIAN_POINT('',(-3.544311586989,1.989379971524,-2.708112545662));
#9257=CARTESIAN_POINT('',(-3.53698071145,2.03369865378,-2.653346801925));
#9258=CARTESIAN_POINT('',(-3.533122356114,2.062522727852,-2.624522727852));
#9259=CARTESIAN_POINT('',(-2.328241740673,2.287655872268,-3.660210526316));
#9260=VECTOR('',#12133,1.343516518655);
#9261=CARTESIAN_POINT('',(-3.711203463992,2.495694215325,-3.954888284615));
#9262=CARTESIAN_POINT('',(-3.706351833536,2.495115169465,-3.91864388941));
#9263=CARTESIAN_POINT('',(-3.69772613352,2.482415459928,-3.854205082056));
#9264=CARTESIAN_POINT('',(-3.686897832643,2.440763285184,-3.773311613361));
#9265=CARTESIAN_POINT('',(-3.677989991001,2.378541315619,-3.706765050132));
#9266=CARTESIAN_POINT('',(-3.673468605744,2.32188081228,-3.672987771413));
#9267=CARTESIAN_POINT('',(-3.671758259327,2.287655872268,-3.660210526316));
#9268=CARTESIAN_POINT('',(-3.631884704052,2.398863002685,-3.362332749182));
#9269=CARTESIAN_POINT('',(-3.563217994607,2.287353993434,-2.849353993434));
#9270=CARTESIAN_POINT('',(-3.565129047651,2.273077357486,-2.863630629381));
#9271=CARTESIAN_POINT('',(-3.56876026181,2.251118838712,-2.890757831721));
#9272=CARTESIAN_POINT('',(-3.575624861079,2.220945621488,-2.942040230725));
#9273=CARTESIAN_POINT('',(-3.583702122173,2.200623125215,-3.002381892341));
#9274=CARTESIAN_POINT('',(-3.59289289621,2.193576651279,-3.071042118937));
#9275=CARTESIAN_POINT('',(-3.601669761971,2.200829487589,-3.136610219019));
#9276=CARTESIAN_POINT('',(-3.610061422224,2.221390038108,-3.199300618342));
#9277=CARTESIAN_POINT('',(-3.618038849885,2.256261102989,-3.258896468338));
#9278=CARTESIAN_POINT('',(-3.624267781199,2.299792949389,-3.305430071898));
#9279=CARTESIAN_POINT('',(-3.628846708901,2.348582943765,-3.33963722489));
#9280=CARTESIAN_POINT('',(-3.630936263728,2.379884208167,-3.355247369073));
#9281=CARTESIAN_POINT('',(-3.631884704052,2.398863002685,-3.362332749182));
#9282=CARTESIAN_POINT('',(-3.710523579327,2.813613070563,-3.949809165601));
#9283=CARTESIAN_POINT('',(-3.705687417802,2.813035870932,-3.913680331967));
#9284=CARTESIAN_POINT('',(-3.696571545195,2.80592140168,-3.845579660988));
#9285=CARTESIAN_POINT('',(-3.680045276691,2.773425318887,-3.72211918468));
#9286=CARTESIAN_POINT('',(-3.662075296678,2.704015935452,-3.587873375284));
#9287=CARTESIAN_POINT('',(-3.647255936857,2.600860659517,-3.477164462283));
#9288=CARTESIAN_POINT('',(-3.637568527036,2.495114430447,-3.404794088391));
#9289=CARTESIAN_POINT('',(-3.633589597203,2.432978819953,-3.375069255332));
#9290=CARTESIAN_POINT('',(-3.631884704052,2.398863002685,-3.362332749182));
#9291=CARTESIAN_POINT('',(-3.518463868235,2.621692368557,-2.515015618311));
#9292=VECTOR('',#12134,0.3193805620602);
#9293=CARTESIAN_POINT('',(-2.368115295948,2.398863002685,-3.362332749182));
#9294=VECTOR('',#12135,1.263769408104);
#9295=CARTESIAN_POINT('',(-2.10442022921,-2.56,-1.563686509856));
#9296=VECTOR('',#12136,0.318);
#9297=CARTESIAN_POINT('',(-2.10442022921,2.878,-1.563686509856));
#9298=VECTOR('',#12137,0.318);
#9299=CARTESIAN_POINT('',(-1.779024752624,-2.556535873251,-7.763168851289));
#9300=CARTESIAN_POINT('',(-1.776606174831,-2.556824532388,-7.781236981203));
#9301=CARTESIAN_POINT('',(-1.76841173741,-2.557340564976,-7.813537167389));
#9302=CARTESIAN_POINT('',(-1.743194563662,-2.55821147349,-7.86805021126));
#9303=CARTESIAN_POINT('',(-1.698736346469,-2.559063954524,-7.921409818238));
#9304=CARTESIAN_POINT('',(-1.639950414874,-2.559654889514,-7.958398393447));
#9305=CARTESIAN_POINT('',(-1.582571106793,-2.559938692594,-7.976162566697));
#9306=CARTESIAN_POINT('',(-1.549466437678,-2.56,-7.98));
#9307=CARTESIAN_POINT('',(-1.531234867224,-2.56,-7.98));
#9308=CARTESIAN_POINT('',(-2.288796536008,-2.495694215325,-3.954888284615));
#9309=VECTOR('',#12138,1.422406927984);
#9310=CARTESIAN_POINT('',(-2.328241740673,-2.287655872268,-3.660210526316));
#9311=VECTOR('',#12139,1.343516518655);
#9312=CARTESIAN_POINT('',(-5.607,-3.18,-0.318));
#9313=CARTESIAN_POINT('',(5.607,-3.18,-0.318));
#9314=CARTESIAN_POINT('',(-5.607,-3.18,-0.318));
#9315=VECTOR('',#12140,11.214);
#9316=CARTESIAN_POINT('',(-5.607,-3.145301296854,-0.32));
#9317=AXIS2_PLACEMENT_3D('',#12141,#12142,#12143);
#9318=CARTESIAN_POINT('',(-5.607,-3.145301296854,-0.32));
#9319=CARTESIAN_POINT('',(-5.607,-3.13575525194,-0.3211041179289));
#9320=CARTESIAN_POINT('',(-5.60700996851,-3.11691159965,-0.3241992357858));
#9321=CARTESIAN_POINT('',(-5.607180877261,-3.089158192305,-0.3315161015757));
#9322=CARTESIAN_POINT('',(-5.607688887921,-3.062596627713,-0.3412799990752));
#9323=CARTESIAN_POINT('',(-5.608762899131,-3.037329309129,-0.3533465832313));
#9324=CARTESIAN_POINT('',(-5.610623087044,-3.013950348221,-0.3672735763796));
#9325=CARTESIAN_POINT('',(-5.613479079403,-2.992555687582,-0.382737523021));
#9326=CARTESIAN_POINT('',(-5.617513514587,-2.973267664782,-0.3993823073036));
#9327=CARTESIAN_POINT('',(-5.622814850576,-2.956242759716,-0.4167155266513));
#9328=CARTESIAN_POINT('',(-5.629501236311,-2.941286184255,-0.434546631955));
#9329=CARTESIAN_POINT('',(-5.637698211577,-2.928240145338,-0.4527225962508));
#9330=CARTESIAN_POINT('',(-5.647533907728,-2.916986287184,-0.4710858786623));
#9331=CARTESIAN_POINT('',(-5.659043767675,-2.907472116131,-0.4893523093859));
#9332=CARTESIAN_POINT('',(-5.672460600161,-2.899501028024,-0.5075304537537));
#9333=CARTESIAN_POINT('',(-5.687759798851,-2.89305658686,-0.5252391912517));
#9334=CARTESIAN_POINT('',(-5.705123832482,-2.887971558098,-0.5423834103463));
#9335=CARTESIAN_POINT('',(-5.724748022547,-2.884126496859,-0.5587663006102));
#9336=CARTESIAN_POINT('',(-5.746414590601,-2.881424502306,-0.573877471493));
#9337=CARTESIAN_POINT('',(-5.770175619298,-2.87966935625,-0.5874581652163));
#9338=CARTESIAN_POINT('',(-5.795499354081,-2.878672882103,-0.5989784062836));
#9339=CARTESIAN_POINT('',(-5.822163448547,-2.878194561034,-0.6082218892339));
#9340=CARTESIAN_POINT('',(-5.849940226945,-2.878025766466,-0.6149898097097));
#9341=CARTESIAN_POINT('',(-5.878401146147,-2.877997918683,-0.6190931963436));
#9342=CARTESIAN_POINT('',(-5.89746986473,-2.878,-0.62));
#9343=CARTESIAN_POINT('',(-5.907,-2.878,-0.62));
#9344=CARTESIAN_POINT('',(5.607,-3.145301296854,-0.32));
#9345=CARTESIAN_POINT('',(5.907,-2.878,-0.62));
#9346=CARTESIAN_POINT('',(5.89746986473,-2.878,-0.62));
#9347=CARTESIAN_POINT('',(5.878401146147,-2.877997918683,-0.6190931963436));
#9348=CARTESIAN_POINT('',(5.849940226945,-2.878025766466,-0.6149898097097));
#9349=CARTESIAN_POINT('',(5.822163448547,-2.878194561034,-0.6082218892339));
#9350=CARTESIAN_POINT('',(5.795499354081,-2.878672882103,-0.5989784062836));
#9351=CARTESIAN_POINT('',(5.770175619298,-2.87966935625,-0.5874581652163));
#9352=CARTESIAN_POINT('',(5.746414590601,-2.881424502306,-0.573877471493));
#9353=CARTESIAN_POINT('',(5.724748022547,-2.884126496859,-0.5587663006102));
#9354=CARTESIAN_POINT('',(5.705123832482,-2.887971558098,-0.5423834103463));
#9355=CARTESIAN_POINT('',(5.687759798851,-2.89305658686,-0.5252391912517));
#9356=CARTESIAN_POINT('',(5.672460600161,-2.899501028024,-0.5075304537537));
#9357=CARTESIAN_POINT('',(5.659043767675,-2.907472116131,-0.4893523093859));
#9358=CARTESIAN_POINT('',(5.647533907728,-2.916986287184,-0.4710858786623));
#9359=CARTESIAN_POINT('',(5.637698211577,-2.928240145338,-0.4527225962509));
#9360=CARTESIAN_POINT('',(5.629501236311,-2.941286184255,-0.4345466319551));
#9361=CARTESIAN_POINT('',(5.622814850576,-2.956242759716,-0.4167155266514));
#9362=CARTESIAN_POINT('',(5.617513514587,-2.973267664782,-0.3993823073035));
#9363=CARTESIAN_POINT('',(5.613479079403,-2.992555687582,-0.382737523021));
#9364=CARTESIAN_POINT('',(5.610623087044,-3.013950348221,-0.3672735763796));
#9365=CARTESIAN_POINT('',(5.608762899131,-3.037329309129,-0.3533465832313));
#9366=CARTESIAN_POINT('',(5.607688887921,-3.062596627713,-0.3412799990752));
#9367=CARTESIAN_POINT('',(5.607180877261,-3.089158192305,-0.3315161015757));
#9368=CARTESIAN_POINT('',(5.60700996851,-3.11691159965,-0.3241992357858));
#9369=CARTESIAN_POINT('',(5.607,-3.13575525194,-0.3211041179289));
#9370=CARTESIAN_POINT('',(5.607,-3.145301296854,-0.32));
#9371=AXIS2_PLACEMENT_3D('',#12144,#12145,#12146);
#9372=CARTESIAN_POINT('',(5.607,-3.325,-0.318));
#9373=CARTESIAN_POINT('',(5.607,-3.325,-0.318));
#9374=VECTOR('',#12147,0.145);
#9375=CARTESIAN_POINT('',(5.607,-2.63741360135,-0.32));
#9376=CARTESIAN_POINT('',(5.607,-3.145301296854,-0.32));
#9377=VECTOR('',#12148,0.5078876955042);
#9378=CARTESIAN_POINT('',(5.607,-3.18,0.0));
#9379=AXIS2_PLACEMENT_3D('',#12149,#12150,#12151);
#9380=CARTESIAN_POINT('',(5.607,-3.325,0.0));
#9381=CARTESIAN_POINT('',(5.607,-3.18,0.0));
#9382=VECTOR('',#12152,0.145);
#9383=CARTESIAN_POINT('',(5.607,-3.325,-0.318));
#9384=VECTOR('',#12153,0.318);
#9385=CARTESIAN_POINT('',(5.307,-3.625,-0.318));
#9386=CARTESIAN_POINT('',(5.307,-3.625,0.0));
#9387=CARTESIAN_POINT('',(5.307,-3.625,-0.318));
#9388=VECTOR('',#12154,0.318);
#9389=AXIS2_PLACEMENT_3D('',#12155,#12156,#12157);
#9390=AXIS2_PLACEMENT_3D('',#12158,#12159,#12160);
#9391=CARTESIAN_POINT('',(-5.307,-3.625,0.0));
#9392=CARTESIAN_POINT('',(-5.307,-3.625,0.0));
#9393=VECTOR('',#12161,10.614);
#9394=CARTESIAN_POINT('',(-5.607,-3.18,0.0));
#9395=CARTESIAN_POINT('',(-5.607,-3.18,0.0));
#9396=VECTOR('',#12162,11.214);
#9397=CARTESIAN_POINT('',(-5.607,-3.325,0.0));
#9398=CARTESIAN_POINT('',(-5.607,-3.18,0.0));
#9399=VECTOR('',#12163,0.145);
#9400=AXIS2_PLACEMENT_3D('',#12164,#12165,#12166);
#9401=CARTESIAN_POINT('',(-5.307,-3.625,-0.318));
#9402=CARTESIAN_POINT('',(-5.307,-3.625,0.0));
#9403=VECTOR('',#12167,0.318);
#9404=CARTESIAN_POINT('',(-5.607,-3.325,-0.318));
#9405=CARTESIAN_POINT('',(-5.607,-3.325,0.0));
#9406=VECTOR('',#12168,0.318);
#9407=AXIS2_PLACEMENT_3D('',#12169,#12170,#12171);
#9408=CARTESIAN_POINT('',(-5.607,-3.325,-0.318));
#9409=VECTOR('',#12172,0.145);
#9410=CARTESIAN_POINT('',(-5.307,-3.625,-0.318));
#9411=VECTOR('',#12173,10.614);
#9412=CARTESIAN_POINT('',(-5.607,-2.63741360135,-0.32));
#9413=AXIS2_PLACEMENT_3D('',#12174,#12175,#12176);
#9414=CARTESIAN_POINT('',(-5.607,-2.63741360135,-0.32));
#9415=VECTOR('',#12177,0.5078876955042);
#9416=CARTESIAN_POINT('',(-5.907,-2.56,-0.62));
#9417=CARTESIAN_POINT('',(-5.897383193738,-2.56,-0.62));
#9418=CARTESIAN_POINT('',(-5.878116958851,-2.559998949578,-0.6190759719936));
#9419=CARTESIAN_POINT('',(-5.849321177262,-2.560013051626,-0.6148823905598));
#9420=CARTESIAN_POINT('',(-5.821108477663,-2.560099395282,-0.6079268771543));
#9421=CARTESIAN_POINT('',(-5.793908817573,-2.560346466696,-0.5983618050397));
#9422=CARTESIAN_POINT('',(-5.767890588283,-2.560868582235,-0.5863116517282));
#9423=CARTESIAN_POINT('',(-5.743226315314,-2.561804688856,-0.5718874107284));
#9424=CARTESIAN_POINT('',(-5.720289018295,-2.563293155481,-0.555378747065));
#9425=CARTESIAN_POINT('',(-5.699168512866,-2.565486421966,-0.5369421028112));
#9426=CARTESIAN_POINT('',(-5.680126442032,-2.568506133155,-0.5169289457505));
#9427=CARTESIAN_POINT('',(-5.663110948497,-2.572509896579,-0.4953994041643));
#9428=CARTESIAN_POINT('',(-5.648367969758,-2.577569562169,-0.4728051804157));
#9429=CARTESIAN_POINT('',(-5.635805895292,-2.5838193929,-0.4491881999911));
#9430=CARTESIAN_POINT('',(-5.625472955718,-2.591345545365,-0.4247705302845));
#9431=CARTESIAN_POINT('',(-5.617314326358,-2.600326377926,-0.3994809338057));
#9432=CARTESIAN_POINT('',(-5.611425552936,-2.610831746052,-0.3735881740548));
#9433=CARTESIAN_POINT('',(-5.607820781695,-2.623035838126,-0.3470756410509));
#9434=CARTESIAN_POINT('',(-5.607,-2.632409876047,-0.3290498443066));
#9435=CARTESIAN_POINT('',(-5.607,-2.63741360135,-0.32));
#9436=CARTESIAN_POINT('',(-5.907,-2.56,-0.62));
#9437=VECTOR('',#12178,0.318);
#9438=CARTESIAN_POINT('',(-6.565,-2.24,-0.62));
#9439=CARTESIAN_POINT('',(-6.565,-2.22,-0.62));
#9440=CARTESIAN_POINT('',(-6.565,-2.24,-0.62));
#9441=VECTOR('',#12179,0.02);
#9442=AXIS2_PLACEMENT_3D('',#12180,#12181,#12182);
#9443=CARTESIAN_POINT('',(-6.247,-2.24,-0.62));
#9444=AXIS2_PLACEMENT_3D('',#12183,#12184,#12185);
#9445=CARTESIAN_POINT('',(-6.247,-2.22,-0.62));
#9446=CARTESIAN_POINT('',(-6.247,-2.24,-0.62));
#9447=VECTOR('',#12186,0.02);
#9448=CARTESIAN_POINT('',(-6.565,-2.22,-0.62));
#9449=VECTOR('',#12187,0.318);
#9450=CARTESIAN_POINT('',(6.565,-2.24,-0.62));
#9451=AXIS2_PLACEMENT_3D('',#12188,#12189,#12190);
#9452=CARTESIAN_POINT('',(6.565,-2.22,-0.62));
#9453=CARTESIAN_POINT('',(6.565,-2.24,-0.62));
#9454=VECTOR('',#12191,0.02);
#9455=CARTESIAN_POINT('',(6.247,-2.22,-0.62));
#9456=CARTESIAN_POINT('',(6.247,-2.22,-0.62));
#9457=VECTOR('',#12192,0.318);
#9458=CARTESIAN_POINT('',(6.247,-2.24,-0.62));
#9459=CARTESIAN_POINT('',(6.247,-2.24,-0.62));
#9460=VECTOR('',#12193,0.02);
#9461=AXIS2_PLACEMENT_3D('',#12194,#12195,#12196);
#9462=CARTESIAN_POINT('',(5.907,-2.878,-0.62));
#9463=VECTOR('',#12197,0.318);
#9464=CARTESIAN_POINT('',(6.565,2.22,-0.62));
#9465=CARTESIAN_POINT('',(6.565,2.24,-0.62));
#9466=CARTESIAN_POINT('',(6.565,2.22,-0.62));
#9467=VECTOR('',#12198,0.02);
#9468=AXIS2_PLACEMENT_3D('',#12199,#12200,#12201);
#9469=CARTESIAN_POINT('',(5.907,2.56,-0.62));
#9470=VECTOR('',#12202,0.318);
#9471=CARTESIAN_POINT('',(6.247,2.24,-0.62));
#9472=AXIS2_PLACEMENT_3D('',#12203,#12204,#12205);
#9473=CARTESIAN_POINT('',(6.247,2.22,-0.62));
#9474=CARTESIAN_POINT('',(6.247,2.22,-0.62));
#9475=VECTOR('',#12206,0.02);
#9476=CARTESIAN_POINT('',(6.565,2.22,-0.62));
#9477=VECTOR('',#12207,0.318);
#9478=CARTESIAN_POINT('',(-6.565,2.24,-0.62));
#9479=AXIS2_PLACEMENT_3D('',#12208,#12209,#12210);
#9480=CARTESIAN_POINT('',(-6.565,2.22,-0.62));
#9481=CARTESIAN_POINT('',(-6.565,2.22,-0.62));
#9482=VECTOR('',#12211,0.02);
#9483=CARTESIAN_POINT('',(-6.247,2.22,-0.62));
#9484=CARTESIAN_POINT('',(-6.247,2.22,-0.62));
#9485=VECTOR('',#12212,0.318);
#9486=CARTESIAN_POINT('',(-6.247,2.24,-0.62));
#9487=CARTESIAN_POINT('',(-6.247,2.22,-0.62));
#9488=VECTOR('',#12213,0.02);
#9489=AXIS2_PLACEMENT_3D('',#12214,#12215,#12216);
#9490=CARTESIAN_POINT('',(-5.907,2.878,-0.62));
#9491=VECTOR('',#12217,0.318);
#9492=CARTESIAN_POINT('',(-6.32441360135,-1.92,-0.32));
#9493=CARTESIAN_POINT('',(-6.32441360135,-1.92,-0.32));
#9494=CARTESIAN_POINT('',(-6.319409843807,-1.92,-0.3290499026173));
#9495=CARTESIAN_POINT('',(-6.31003576562,-1.92082078861,-0.3470757817752));
#9496=CARTESIAN_POINT('',(-6.297831625628,-1.924425606555,-0.3735884556152));
#9497=CARTESIAN_POINT('',(-6.287326361453,-1.930314343584,-0.3994809837996));
#9498=CARTESIAN_POINT('',(-6.278345520141,-1.93847298564,-0.4247706043312));
#9499=CARTESIAN_POINT('',(-6.270819093099,-1.948806225903,-0.4491891102108));
#9500=CARTESIAN_POINT('',(-6.26456861388,-1.961370227021,-0.4728090402877));
#9501=CARTESIAN_POINT('',(-6.259509665771,-1.976112031783,-0.4954007244208));
#9502=CARTESIAN_POINT('',(-6.25550621032,-1.993126135984,-0.5169285383244));
#9503=CARTESIAN_POINT('',(-6.252486523198,-2.012167733861,-0.5369413526852));
#9504=CARTESIAN_POINT('',(-6.250293211919,-2.033288293521,-0.5553781841023));
#9505=CARTESIAN_POINT('',(-6.248804714505,-2.056225771649,-0.5718870646949));
#9506=CARTESIAN_POINT('',(-6.247868595,-2.080890116237,-0.5863114075588));
#9507=CARTESIAN_POINT('',(-6.247346472293,-2.106908387092,-0.5983616327967));
#9508=CARTESIAN_POINT('',(-6.247099396988,-2.134108121729,-0.6079267745957));
#9509=CARTESIAN_POINT('',(-6.247013051849,-2.162320929936,-0.6148823464096));
#9510=CARTESIAN_POINT('',(-6.246998949559,-2.19111683818,-0.6190759644567));
#9511=CARTESIAN_POINT('',(-6.247,-2.210383153784,-0.62));
#9512=CARTESIAN_POINT('',(-6.247,-2.22,-0.62));
#9513=CARTESIAN_POINT('',(-6.832301296854,-1.92,-0.32));
#9514=CARTESIAN_POINT('',(-6.832301296854,-1.92,-0.32));
#9515=VECTOR('',#12218,0.5078876955042);
#9516=CARTESIAN_POINT('',(-6.565,-2.22,-0.62));
#9517=CARTESIAN_POINT('',(-6.565,-2.210469937207,-0.62));
#9518=CARTESIAN_POINT('',(-6.564997918739,-2.191401363236,-0.6190932101832));
#9519=CARTESIAN_POINT('',(-6.56502576571,-2.16294065455,-0.6149898852918));
#9520=CARTESIAN_POINT('',(-6.565194555093,-2.135164072839,-0.6082220664143));
#9521=CARTESIAN_POINT('',(-6.565672862509,-2.108500142049,-0.598978713975));
#9522=CARTESIAN_POINT('',(-6.566669306499,-2.083176567923,-0.5874586444253));
#9523=CARTESIAN_POINT('',(-6.568424406005,-2.059415630965,-0.5738781216583));
#9524=CARTESIAN_POINT('',(-6.571126320712,-2.037749136329,-0.5587671529039));
#9525=CARTESIAN_POINT('',(-6.574971321712,-2.018124882753,-0.5423843425098));
#9526=CARTESIAN_POINT('',(-6.580056093113,-2.000761172504,-0.5252406741367));
#9527=CARTESIAN_POINT('',(-6.586500814811,-1.985460923756,-0.5075309188837));
#9528=CARTESIAN_POINT('',(-6.594472160743,-1.972043694212,-0.489352207947));
#9529=CARTESIAN_POINT('',(-6.603986439756,-1.960533710125,-0.471085573808));
#9530=CARTESIAN_POINT('',(-6.615240977468,-1.950697546485,-0.4527212938841));
#9531=CARTESIAN_POINT('',(-6.628287366963,-1.942500634103,-0.4345451341058));
#9532=CARTESIAN_POINT('',(-6.643243336603,-1.935814661002,-0.4167149253985));
#9533=CARTESIAN_POINT('',(-6.660268275617,-1.930513338012,-0.3993817011839));
#9534=CARTESIAN_POINT('',(-6.679556863394,-1.926478896138,-0.3827366219527));
#9535=CARTESIAN_POINT('',(-6.700950447548,-1.923623080046,-0.3672735145049));
#9536=CARTESIAN_POINT('',(-6.724330505273,-1.921762818719,-0.3533459140852));
#9537=CARTESIAN_POINT('',(-6.749597384893,-1.920688876166,-0.3412797224859));
#9538=CARTESIAN_POINT('',(-6.776158110362,-1.920180878406,-0.3315161327946));
#9539=CARTESIAN_POINT('',(-6.803911834047,-1.920009967377,-0.3241991786339));
#9540=CARTESIAN_POINT('',(-6.822755329043,-1.92,-0.3211041090111));
#9541=CARTESIAN_POINT('',(-6.832301296854,-1.92,-0.32));
#9542=CARTESIAN_POINT('',(-6.867,-1.92,-0.318));
#9543=AXIS2_PLACEMENT_3D('',#12219,#12220,#12221);
#9544=CARTESIAN_POINT('',(-6.867,1.92,-0.318));
#9545=CARTESIAN_POINT('',(-6.867,-1.92,-0.318));
#9546=VECTOR('',#12222,3.84);
#9547=CARTESIAN_POINT('',(-6.832301296854,1.92,-0.32));
#9548=AXIS2_PLACEMENT_3D('',#12223,#12224,#12225);
#9549=CARTESIAN_POINT('',(-6.832301296854,1.92,-0.32));
#9550=CARTESIAN_POINT('',(-6.822755329043,1.92,-0.3211041090111));
#9551=CARTESIAN_POINT('',(-6.803911834047,1.920009967377,-0.3241991786339));
#9552=CARTESIAN_POINT('',(-6.776158110362,1.920180878406,-0.3315161327946));
#9553=CARTESIAN_POINT('',(-6.749597384893,1.920688876166,-0.3412797224859));
#9554=CARTESIAN_POINT('',(-6.724330505273,1.921762818719,-0.3533459140852));
#9555=CARTESIAN_POINT('',(-6.700950447548,1.923623080046,-0.3672735145049));
#9556=CARTESIAN_POINT('',(-6.679556863394,1.926478896138,-0.3827366219526));
#9557=CARTESIAN_POINT('',(-6.660268275617,1.930513338012,-0.3993817011838));
#9558=CARTESIAN_POINT('',(-6.643243336603,1.935814661002,-0.4167149253985));
#9559=CARTESIAN_POINT('',(-6.628287366963,1.942500634103,-0.4345451341058));
#9560=CARTESIAN_POINT('',(-6.615240977468,1.950697546485,-0.4527212938841));
#9561=CARTESIAN_POINT('',(-6.603986439756,1.960533710125,-0.4710855738081));
#9562=CARTESIAN_POINT('',(-6.594472160743,1.972043694212,-0.489352207947));
#9563=CARTESIAN_POINT('',(-6.586500814811,1.985460923756,-0.5075309188837));
#9564=CARTESIAN_POINT('',(-6.580056093113,2.000761172504,-0.5252406741367));
#9565=CARTESIAN_POINT('',(-6.574971321712,2.018124882753,-0.5423843425098));
#9566=CARTESIAN_POINT('',(-6.571126320712,2.037749136329,-0.5587671529039));
#9567=CARTESIAN_POINT('',(-6.568424406005,2.059415630965,-0.5738781216584));
#9568=CARTESIAN_POINT('',(-6.566669306499,2.083176567923,-0.5874586444253));
#9569=CARTESIAN_POINT('',(-6.565672862509,2.108500142049,-0.598978713975));
#9570=CARTESIAN_POINT('',(-6.565194555093,2.135164072839,-0.6082220664143));
#9571=CARTESIAN_POINT('',(-6.56502576571,2.16294065455,-0.6149898852918));
#9572=CARTESIAN_POINT('',(-6.564997918739,2.191401363236,-0.6190932101832));
#9573=CARTESIAN_POINT('',(-6.565,2.210469937207,-0.62));
#9574=CARTESIAN_POINT('',(-6.565,2.22,-0.62));
#9575=CARTESIAN_POINT('',(-6.565,-2.22,-0.62));
#9576=VECTOR('',#12226,4.44);
#9577=CARTESIAN_POINT('',(-6.565,-3.65,-11.3));
#9578=CARTESIAN_POINT('',(-6.565,-3.65,-9.26));
#9579=CARTESIAN_POINT('',(-6.565,-3.65,-11.3));
#9580=VECTOR('',#12227,2.04);
#9581=CARTESIAN_POINT('',(-6.565,-2.24,-9.26));
#9582=CARTESIAN_POINT('',(-6.565,-3.65,-9.26));
#9583=VECTOR('',#12228,1.41);
#9584=CARTESIAN_POINT('',(-6.565,-2.24,-9.26));
#9585=VECTOR('',#12229,8.64);
#9586=CARTESIAN_POINT('',(-6.565,2.24,-14.0));
#9587=CARTESIAN_POINT('',(-6.565,2.24,-0.62));
#9588=VECTOR('',#12230,13.38);
#9589=CARTESIAN_POINT('',(-6.565,-3.65,-14.0));
#9590=CARTESIAN_POINT('',(-6.565,-3.65,-14.0));
#9591=VECTOR('',#12231,5.89);
#9592=CARTESIAN_POINT('',(-6.565,-3.65,-11.3));
#9593=VECTOR('',#12232,2.7);
#9594=CARTESIAN_POINT('',(-6.565,-0.8545215598791,-8.314081048715));
#9595=CARTESIAN_POINT('',(-6.565,-0.6056840564903,-8.54));
#9596=AXIS2_PLACEMENT_3D('',#12233,#12234,#12235);
#9597=CARTESIAN_POINT('',(-6.565,1.748,-8.54));
#9598=CARTESIAN_POINT('',(-6.565,-0.6056840564903,-8.54));
#9599=VECTOR('',#12236,2.35368405649);
#9600=CARTESIAN_POINT('',(-6.565,1.878,-8.41));
#9601=AXIS2_PLACEMENT_3D('',#12237,#12238,#12239);
#9602=CARTESIAN_POINT('',(-6.565,1.878,-5.13));
#9603=CARTESIAN_POINT('',(-6.565,1.878,-8.41));
#9604=VECTOR('',#12240,3.28);
#9605=CARTESIAN_POINT('',(-6.565,1.748,-5.0));
#9606=AXIS2_PLACEMENT_3D('',#12241,#12242,#12243);
#9607=CARTESIAN_POINT('',(-6.565,1.450600556568,-5.0));
#9608=CARTESIAN_POINT('',(-6.565,1.748,-5.0));
#9609=VECTOR('',#12244,0.2973994434324);
#9610=CARTESIAN_POINT('',(-6.565,1.201763053179,-4.725918951285));
#9611=AXIS2_PLACEMENT_3D('',#12245,#12246,#12247);
#9612=CARTESIAN_POINT('',(-6.565,1.47581188246,-1.894081048715));
#9613=CARTESIAN_POINT('',(-6.565,1.201763053179,-4.725918951285));
#9614=VECTOR('',#12248,2.845067427542);
#9615=CARTESIAN_POINT('',(-6.565,1.22700501648,-1.620000008821));
#9616=AXIS2_PLACEMENT_3D('',#12249,#12250,#12251);
#9617=CARTESIAN_POINT('',(-6.565,-1.22700501648,-1.620000008821));
#9618=CARTESIAN_POINT('',(-6.565,1.22700501648,-1.620000008821));
#9619=VECTOR('',#12252,2.45401003296);
#9620=CARTESIAN_POINT('',(-6.565,-1.47581188246,-1.894081048715));
#9621=AXIS2_PLACEMENT_3D('',#12253,#12254,#12255);
#9622=CARTESIAN_POINT('',(-6.565,-1.47581188246,-1.894081048715));
#9623=VECTOR('',#12256,6.449992377122);
#9624=CARTESIAN_POINT('',(-6.565,-2.302,-12.43));
#9625=CARTESIAN_POINT('',(-6.565,-2.302,-10.58));
#9626=CARTESIAN_POINT('',(-6.565,-2.302,-12.43));
#9627=VECTOR('',#12257,1.85);
#9628=CARTESIAN_POINT('',(-6.565,-2.172,-12.56));
#9629=AXIS2_PLACEMENT_3D('',#12258,#12259,#12260);
#9630=CARTESIAN_POINT('',(-6.565,-0.832,-12.56));
#9631=CARTESIAN_POINT('',(-6.565,-0.832,-12.56));
#9632=VECTOR('',#12261,1.34);
#9633=CARTESIAN_POINT('',(-6.565,-0.702,-12.43));
#9634=AXIS2_PLACEMENT_3D('',#12262,#12263,#12264);
#9635=CARTESIAN_POINT('',(-6.565,-0.702,-10.58));
#9636=CARTESIAN_POINT('',(-6.565,-0.702,-10.58));
#9637=VECTOR('',#12265,1.85);
#9638=CARTESIAN_POINT('',(-6.565,-0.832,-10.45));
#9639=AXIS2_PLACEMENT_3D('',#12266,#12267,#12268);
#9640=CARTESIAN_POINT('',(-6.565,-2.172,-10.45));
#9641=CARTESIAN_POINT('',(-6.565,-2.172,-10.45));
#9642=VECTOR('',#12269,1.34);
#9643=AXIS2_PLACEMENT_3D('',#12270,#12271,#12272);
#9644=CARTESIAN_POINT('',(-6.247,-2.172,-10.45));
#9645=CARTESIAN_POINT('',(-6.565,-2.172,-10.45));
#9646=VECTOR('',#12273,0.318);
#9647=CARTESIAN_POINT('',(-6.247,-2.302,-10.58));
#9648=AXIS2_PLACEMENT_3D('',#12274,#12275,#12276);
#9649=CARTESIAN_POINT('',(-6.565,-2.302,-10.58));
#9650=VECTOR('',#12277,0.318);
#9651=CARTESIAN_POINT('',(-6.247,-2.302,-12.43));
#9652=CARTESIAN_POINT('',(-6.247,-2.302,-12.43));
#9653=VECTOR('',#12278,1.85);
#9654=CARTESIAN_POINT('',(-6.565,-2.302,-12.43));
#9655=VECTOR('',#12279,0.318);
#9656=CARTESIAN_POINT('',(-6.247,-2.172,-12.56));
#9657=AXIS2_PLACEMENT_3D('',#12280,#12281,#12282);
#9658=CARTESIAN_POINT('',(-6.565,-2.172,-12.56));
#9659=VECTOR('',#12283,0.318);
#9660=CARTESIAN_POINT('',(-6.247,-0.832,-12.56));
#9661=CARTESIAN_POINT('',(-6.247,-0.832,-12.56));
#9662=VECTOR('',#12284,1.34);
#9663=CARTESIAN_POINT('',(-6.565,-0.832,-12.56));
#9664=VECTOR('',#12285,0.318);
#9665=CARTESIAN_POINT('',(-6.247,-0.702,-12.43));
#9666=AXIS2_PLACEMENT_3D('',#12286,#12287,#12288);
#9667=CARTESIAN_POINT('',(-6.565,-0.702,-12.43));
#9668=VECTOR('',#12289,0.318);
#9669=CARTESIAN_POINT('',(-6.247,-0.702,-10.58));
#9670=CARTESIAN_POINT('',(-6.247,-0.702,-10.58));
#9671=VECTOR('',#12290,1.85);
#9672=CARTESIAN_POINT('',(-6.565,-0.702,-10.58));
#9673=VECTOR('',#12291,0.318);
#9674=CARTESIAN_POINT('',(-6.247,-0.832,-10.45));
#9675=AXIS2_PLACEMENT_3D('',#12292,#12293,#12294);
#9676=CARTESIAN_POINT('',(-6.565,-0.832,-10.45));
#9677=VECTOR('',#12295,0.318);
#9678=CARTESIAN_POINT('',(-6.247,-2.172,-10.45));
#9679=VECTOR('',#12296,1.34);
#9680=CARTESIAN_POINT('',(-6.247,-0.972,-10.92413207547));
#9681=CARTESIAN_POINT('',(-6.247,-2.032,-10.92413207547));
#9682=CARTESIAN_POINT('',(-6.247,-0.972,-10.92413207547));
#9683=VECTOR('',#12297,1.06);
#9684=CARTESIAN_POINT('',(-6.247,-2.032,-12.38));
#9685=CARTESIAN_POINT('',(-6.247,-2.032,-12.38));
#9686=VECTOR('',#12298,1.455867924528);
#9687=CARTESIAN_POINT('',(-6.247,-0.972,-12.38));
#9688=CARTESIAN_POINT('',(-6.247,-0.972,-12.38));
#9689=VECTOR('',#12299,1.06);
#9690=CARTESIAN_POINT('',(-6.247,-0.972,-12.38));
#9691=VECTOR('',#12300,1.455867924528);
#9692=CARTESIAN_POINT('',(6.68,-0.972,-11.88));
#9693=CARTESIAN_POINT('',(6.247,-0.972,-10.92413207547));
#9694=CARTESIAN_POINT('',(6.68,-0.972,-11.88));
#9695=VECTOR('',#12301,1.049367661567);
#9696=CARTESIAN_POINT('',(6.68,-0.972,-12.38));
#9697=CARTESIAN_POINT('',(6.68,-0.972,-12.38));
#9698=VECTOR('',#12302,0.5);
#9699=CARTESIAN_POINT('',(6.247,-0.972,-12.38));
#9700=CARTESIAN_POINT('',(6.247,-0.972,-12.38));
#9701=VECTOR('',#12303,0.433);
#9702=CARTESIAN_POINT('',(6.247,-0.972,-12.38));
#9703=VECTOR('',#12304,1.455867924528);
#9704=CARTESIAN_POINT('',(-6.68,-0.972,-12.38));
#9705=CARTESIAN_POINT('',(-6.68,-0.972,-12.38));
#9706=VECTOR('',#12305,0.433);
#9707=CARTESIAN_POINT('',(-6.68,-0.972,-11.88));
#9708=CARTESIAN_POINT('',(-6.68,-0.972,-11.88));
#9709=VECTOR('',#12306,0.5);
#9710=CARTESIAN_POINT('',(-6.247,-0.972,-10.92413207547));
#9711=VECTOR('',#12307,1.049367661567);
#9712=CARTESIAN_POINT('',(6.247,-2.172,-12.56));
#9713=CARTESIAN_POINT('',(6.247,-0.832,-12.56));
#9714=CARTESIAN_POINT('',(6.247,-2.172,-12.56));
#9715=VECTOR('',#12308,1.34);
#9716=CARTESIAN_POINT('',(6.247,-0.702,-12.43));
#9717=AXIS2_PLACEMENT_3D('',#12309,#12310,#12311);
#9718=CARTESIAN_POINT('',(6.247,-0.702,-10.58));
#9719=CARTESIAN_POINT('',(6.247,-0.702,-12.43));
#9720=VECTOR('',#12312,1.85);
#9721=CARTESIAN_POINT('',(6.247,-0.832,-10.45));
#9722=AXIS2_PLACEMENT_3D('',#12313,#12314,#12315);
#9723=CARTESIAN_POINT('',(6.247,-2.172,-10.45));
#9724=CARTESIAN_POINT('',(6.247,-0.832,-10.45));
#9725=VECTOR('',#12316,1.34);
#9726=CARTESIAN_POINT('',(6.247,-2.302,-10.58));
#9727=AXIS2_PLACEMENT_3D('',#12317,#12318,#12319);
#9728=CARTESIAN_POINT('',(6.247,-2.302,-12.43));
#9729=CARTESIAN_POINT('',(6.247,-2.302,-10.58));
#9730=VECTOR('',#12320,1.85);
#9731=AXIS2_PLACEMENT_3D('',#12321,#12322,#12323);
#9732=CARTESIAN_POINT('',(6.247,-2.032,-12.38));
#9733=CARTESIAN_POINT('',(6.247,-0.972,-12.38));
#9734=VECTOR('',#12324,1.06);
#9735=CARTESIAN_POINT('',(6.247,-2.032,-10.92413207547));
#9736=CARTESIAN_POINT('',(6.247,-2.032,-12.38));
#9737=VECTOR('',#12325,1.455867924528);
#9738=CARTESIAN_POINT('',(6.247,-0.972,-10.92413207547));
#9739=VECTOR('',#12326,1.06);
#9740=CARTESIAN_POINT('',(6.565,-2.172,-12.56));
#9741=CARTESIAN_POINT('',(6.565,-2.172,-12.56));
#9742=VECTOR('',#12327,0.318);
#9743=CARTESIAN_POINT('',(6.565,-2.302,-12.43));
#9744=CARTESIAN_POINT('',(6.565,-2.302,-12.43));
#9745=VECTOR('',#12328,0.318);
#9746=AXIS2_PLACEMENT_3D('',#12329,#12330,#12331);
#9747=CARTESIAN_POINT('',(6.565,-3.65,-14.0));
#9748=CARTESIAN_POINT('',(6.565,2.24,-14.0));
#9749=CARTESIAN_POINT('',(6.565,-3.65,-14.0));
#9750=VECTOR('',#12332,5.89);
#9751=CARTESIAN_POINT('',(6.565,2.24,-14.0));
#9752=VECTOR('',#12333,13.38);
#9753=CARTESIAN_POINT('',(6.565,2.22,-0.62));
#9754=VECTOR('',#12334,4.44);
#9755=CARTESIAN_POINT('',(6.565,-2.24,-9.26));
#9756=CARTESIAN_POINT('',(6.565,-2.24,-0.62));
#9757=VECTOR('',#12335,8.64);
#9758=CARTESIAN_POINT('',(6.565,-3.65,-9.26));
#9759=CARTESIAN_POINT('',(6.565,-2.24,-9.26));
#9760=VECTOR('',#12336,1.41);
#9761=CARTESIAN_POINT('',(6.565,-3.65,-11.3));
#9762=CARTESIAN_POINT('',(6.565,-3.65,-11.3));
#9763=VECTOR('',#12337,2.04);
#9764=CARTESIAN_POINT('',(6.565,-3.65,-14.0));
#9765=VECTOR('',#12338,2.7);
#9766=CARTESIAN_POINT('',(6.565,1.201763053179,-4.725918951285));
#9767=CARTESIAN_POINT('',(6.565,1.450600556568,-5.0));
#9768=AXIS2_PLACEMENT_3D('',#12339,#12340,#12341);
#9769=CARTESIAN_POINT('',(6.565,1.748,-5.0));
#9770=CARTESIAN_POINT('',(6.565,1.748,-5.0));
#9771=VECTOR('',#12342,0.2973994434324);
#9772=CARTESIAN_POINT('',(6.565,1.878,-5.13));
#9773=AXIS2_PLACEMENT_3D('',#12343,#12344,#12345);
#9774=CARTESIAN_POINT('',(6.565,1.878,-8.41));
#9775=CARTESIAN_POINT('',(6.565,1.878,-8.41));
#9776=VECTOR('',#12346,3.28);
#9777=CARTESIAN_POINT('',(6.565,1.748,-8.54));
#9778=AXIS2_PLACEMENT_3D('',#12347,#12348,#12349);
#9779=CARTESIAN_POINT('',(6.565,-0.6056840564903,-8.54));
#9780=CARTESIAN_POINT('',(6.565,-0.6056840564903,-8.54));
#9781=VECTOR('',#12350,2.35368405649);
#9782=CARTESIAN_POINT('',(6.565,-0.8545215598791,-8.314081048715));
#9783=AXIS2_PLACEMENT_3D('',#12351,#12352,#12353);
#9784=CARTESIAN_POINT('',(6.565,-1.47581188246,-1.894081048715));
#9785=CARTESIAN_POINT('',(6.565,-1.47581188246,-1.894081048715));
#9786=VECTOR('',#12354,6.449992377122);
#9787=CARTESIAN_POINT('',(6.565,-1.22700501648,-1.620000008821));
#9788=AXIS2_PLACEMENT_3D('',#12355,#12356,#12357);
#9789=CARTESIAN_POINT('',(6.565,1.22700501648,-1.620000008821));
#9790=CARTESIAN_POINT('',(6.565,-1.22700501648,-1.620000008821));
#9791=VECTOR('',#12358,2.45401003296);
#9792=CARTESIAN_POINT('',(6.565,1.47581188246,-1.894081048715));
#9793=AXIS2_PLACEMENT_3D('',#12359,#12360,#12361);
#9794=CARTESIAN_POINT('',(6.565,1.201763053179,-4.725918951285));
#9795=VECTOR('',#12362,2.845067427542);
#9796=CARTESIAN_POINT('',(6.565,-2.302,-10.58));
#9797=CARTESIAN_POINT('',(6.565,-2.302,-10.58));
#9798=VECTOR('',#12363,1.85);
#9799=CARTESIAN_POINT('',(6.565,-2.172,-10.45));
#9800=AXIS2_PLACEMENT_3D('',#12364,#12365,#12366);
#9801=CARTESIAN_POINT('',(6.565,-0.832,-10.45));
#9802=CARTESIAN_POINT('',(6.565,-0.832,-10.45));
#9803=VECTOR('',#12367,1.34);
#9804=CARTESIAN_POINT('',(6.565,-0.702,-10.58));
#9805=AXIS2_PLACEMENT_3D('',#12368,#12369,#12370);
#9806=CARTESIAN_POINT('',(6.565,-0.702,-12.43));
#9807=CARTESIAN_POINT('',(6.565,-0.702,-12.43));
#9808=VECTOR('',#12371,1.85);
#9809=CARTESIAN_POINT('',(6.565,-0.832,-12.56));
#9810=AXIS2_PLACEMENT_3D('',#12372,#12373,#12374);
#9811=CARTESIAN_POINT('',(6.565,-2.172,-12.56));
#9812=VECTOR('',#12375,1.34);
#9813=CARTESIAN_POINT('',(6.565,-0.832,-12.56));
#9814=VECTOR('',#12376,0.318);
#9815=CARTESIAN_POINT('',(6.565,-0.702,-12.43));
#9816=VECTOR('',#12377,0.318);
#9817=CARTESIAN_POINT('',(6.565,-0.702,-10.58));
#9818=VECTOR('',#12378,0.318);
#9819=CARTESIAN_POINT('',(6.565,-0.832,-10.45));
#9820=VECTOR('',#12379,0.318);
#9821=CARTESIAN_POINT('',(6.565,-2.172,-10.45));
#9822=VECTOR('',#12380,0.318);
#9823=CARTESIAN_POINT('',(6.565,-2.302,-10.58));
#9824=VECTOR('',#12381,0.318);
#9825=CARTESIAN_POINT('',(6.247,1.47581188246,-1.894081048715));
#9826=CARTESIAN_POINT('',(6.565,1.47581188246,-1.894081048715));
#9827=VECTOR('',#12382,0.318);
#9828=CARTESIAN_POINT('',(6.247,1.201763053179,-4.725918951285));
#9829=CARTESIAN_POINT('',(6.247,1.201763053179,-4.725918951285));
#9830=VECTOR('',#12383,2.845067427542);
#9831=CARTESIAN_POINT('',(6.565,1.201763053179,-4.725918951285));
#9832=VECTOR('',#12384,0.318);
#9833=CARTESIAN_POINT('',(-6.247,1.201763053179,-4.725918951285));
#9834=CARTESIAN_POINT('',(-6.247,1.201763053179,-4.725918951285));
#9835=VECTOR('',#12385,0.318);
#9836=CARTESIAN_POINT('',(-6.247,1.47581188246,-1.894081048715));
#9837=CARTESIAN_POINT('',(-6.247,1.201763053179,-4.725918951285));
#9838=VECTOR('',#12386,2.845067427542);
#9839=CARTESIAN_POINT('',(-6.247,1.47581188246,-1.894081048715));
#9840=VECTOR('',#12387,0.318);
#9841=CARTESIAN_POINT('',(6.247,1.450600556568,-5.0));
#9842=AXIS2_PLACEMENT_3D('',#12388,#12389,#12390);
#9843=CARTESIAN_POINT('',(6.565,1.450600556568,-5.0));
#9844=VECTOR('',#12391,0.318);
#9845=CARTESIAN_POINT('',(-6.247,1.450600556568,-5.0));
#9846=CARTESIAN_POINT('',(-6.247,1.450600556568,-5.0));
#9847=VECTOR('',#12392,0.318);
#9848=AXIS2_PLACEMENT_3D('',#12393,#12394,#12395);
#9849=CARTESIAN_POINT('',(6.247,1.748,-5.0));
#9850=CARTESIAN_POINT('',(6.247,1.748,-5.0));
#9851=VECTOR('',#12396,0.2973994434324);
#9852=CARTESIAN_POINT('',(6.565,1.748,-5.0));
#9853=VECTOR('',#12397,0.318);
#9854=CARTESIAN_POINT('',(-6.247,1.748,-5.0));
#9855=CARTESIAN_POINT('',(-6.247,1.748,-5.0));
#9856=VECTOR('',#12398,0.318);
#9857=CARTESIAN_POINT('',(-6.247,1.748,-5.0));
#9858=VECTOR('',#12399,0.2973994434324);
#9859=CARTESIAN_POINT('',(6.247,1.878,-5.13));
#9860=AXIS2_PLACEMENT_3D('',#12400,#12401,#12402);
#9861=CARTESIAN_POINT('',(6.565,1.878,-5.13));
#9862=VECTOR('',#12403,0.318);
#9863=CARTESIAN_POINT('',(-6.247,1.878,-5.13));
#9864=CARTESIAN_POINT('',(-6.247,1.878,-5.13));
#9865=VECTOR('',#12404,0.318);
#9866=AXIS2_PLACEMENT_3D('',#12405,#12406,#12407);
#9867=CARTESIAN_POINT('',(6.247,1.878,-8.41));
#9868=CARTESIAN_POINT('',(6.247,1.878,-8.41));
#9869=VECTOR('',#12408,3.28);
#9870=CARTESIAN_POINT('',(6.565,1.878,-8.41));
#9871=VECTOR('',#12409,0.318);
#9872=CARTESIAN_POINT('',(-6.247,1.878,-8.41));
#9873=CARTESIAN_POINT('',(-6.247,1.878,-8.41));
#9874=VECTOR('',#12410,0.318);
#9875=CARTESIAN_POINT('',(-6.247,1.878,-8.41));
#9876=VECTOR('',#12411,3.28);
#9877=CARTESIAN_POINT('',(6.247,1.748,-8.54));
#9878=AXIS2_PLACEMENT_3D('',#12412,#12413,#12414);
#9879=CARTESIAN_POINT('',(6.565,1.748,-8.54));
#9880=VECTOR('',#12415,0.318);
#9881=CARTESIAN_POINT('',(-6.247,1.748,-8.54));
#9882=CARTESIAN_POINT('',(-6.247,1.748,-8.54));
#9883=VECTOR('',#12416,0.318);
#9884=AXIS2_PLACEMENT_3D('',#12417,#12418,#12419);
#9885=CARTESIAN_POINT('',(6.247,-0.6056840564903,-8.54));
#9886=CARTESIAN_POINT('',(6.247,-0.6056840564903,-8.54));
#9887=VECTOR('',#12420,2.35368405649);
#9888=CARTESIAN_POINT('',(6.565,-0.6056840564903,-8.54));
#9889=VECTOR('',#12421,0.318);
#9890=CARTESIAN_POINT('',(-6.247,-0.6056840564903,-8.54));
#9891=CARTESIAN_POINT('',(-6.247,-0.6056840564903,-8.54));
#9892=VECTOR('',#12422,0.318);
#9893=CARTESIAN_POINT('',(-6.247,-0.6056840564903,-8.54));
#9894=VECTOR('',#12423,2.35368405649);
#9895=CARTESIAN_POINT('',(6.247,-0.8545215598791,-8.314081048715));
#9896=AXIS2_PLACEMENT_3D('',#12424,#12425,#12426);
#9897=CARTESIAN_POINT('',(6.565,-0.8545215598791,-8.314081048715));
#9898=VECTOR('',#12427,0.318);
#9899=CARTESIAN_POINT('',(-6.247,-0.8545215598791,-8.314081048715));
#9900=CARTESIAN_POINT('',(-6.247,-0.8545215598791,-8.314081048715));
#9901=VECTOR('',#12428,0.318);
#9902=AXIS2_PLACEMENT_3D('',#12429,#12430,#12431);
#9903=CARTESIAN_POINT('',(6.247,-1.47581188246,-1.894081048715));
#9904=CARTESIAN_POINT('',(6.247,-1.47581188246,-1.894081048715));
#9905=VECTOR('',#12432,6.449992377122);
#9906=CARTESIAN_POINT('',(6.565,-1.47581188246,-1.894081048715));
#9907=VECTOR('',#12433,0.318);
#9908=CARTESIAN_POINT('',(-6.247,-1.47581188246,-1.894081048715));
#9909=CARTESIAN_POINT('',(-6.247,-1.47581188246,-1.894081048715));
#9910=VECTOR('',#12434,0.318);
#9911=CARTESIAN_POINT('',(-6.247,-1.47581188246,-1.894081048715));
#9912=VECTOR('',#12435,6.449992377122);
#9913=CARTESIAN_POINT('',(6.558858978528,-1.226974379071,-1.62));
#9914=CARTESIAN_POINT('',(6.565,-1.22700501648,-1.620000008821));
#9915=CARTESIAN_POINT('',(6.562952992843,-1.22699479959,-1.620000007568));
#9916=CARTESIAN_POINT('',(6.560905985685,-1.226984595961,-1.62));
#9917=CARTESIAN_POINT('',(6.558858978528,-1.226974379071,-1.62));
#9918=CARTESIAN_POINT('',(6.247,-1.226974379071,-1.62));
#9919=AXIS2_PLACEMENT_3D('',#12436,#12437,#12438);
#9920=CARTESIAN_POINT('',(6.558858978528,-1.226974379071,-1.62));
#9921=VECTOR('',#12439,0.3118589785282);
#9922=CARTESIAN_POINT('',(-6.247,1.226974379071,-1.62));
#9923=CARTESIAN_POINT('',(-6.247000000576,1.223844594449,-1.620000001478));
#9924=CARTESIAN_POINT('',(-6.247,1.226974379071,-1.62));
#9925=VECTOR('',#12440,0.003129784622054);
#9926=CARTESIAN_POINT('',(-6.558858978528,1.226974379071,-1.62));
#9927=CARTESIAN_POINT('',(-6.558858978528,1.226974379071,-1.62));
#9928=VECTOR('',#12441,0.3118746826548);
#9929=CARTESIAN_POINT('',(-6.247,1.226974379071,-1.62));
#9930=VECTOR('',#12442,0.3118589785282);
#9931=CARTESIAN_POINT('',(-6.247000000576,-1.223844594449,-1.620000001478));
#9932=CARTESIAN_POINT('',(-6.558858978528,-1.226974379071,-1.62));
#9933=CARTESIAN_POINT('',(-6.247000000576,-1.223844594449,-1.620000001478));
#9934=VECTOR('',#12443,0.3118746826548);
#9935=CARTESIAN_POINT('',(-6.247,-1.226974379071,-1.62));
#9936=CARTESIAN_POINT('',(-6.247000000576,-1.223844594449,-1.620000001478));
#9937=VECTOR('',#12444,0.003129784622065);
#9938=CARTESIAN_POINT('',(-6.247,-1.226974379071,-1.62));
#9939=VECTOR('',#12445,0.3118589785282);
#9940=CARTESIAN_POINT('',(6.247000000576,1.223844594437,-1.620000001478));
#9941=CARTESIAN_POINT('',(6.558858978528,1.226974379071,-1.62));
#9942=CARTESIAN_POINT('',(6.247000000576,1.223844594437,-1.620000001478));
#9943=VECTOR('',#12446,0.311874682655);
#9944=CARTESIAN_POINT('',(6.247,1.226974379071,-1.62));
#9945=CARTESIAN_POINT('',(6.247,1.226974379071,-1.62));
#9946=VECTOR('',#12447,0.003129784633445);
#9947=CARTESIAN_POINT('',(6.558858978528,1.226974379071,-1.62));
#9948=VECTOR('',#12448,0.3118589785283);
#9949=CARTESIAN_POINT('',(6.247000000576,-1.223844594437,-1.620000001478));
#9950=CARTESIAN_POINT('',(6.247000000576,-1.223844594437,-1.620000001478));
#9951=VECTOR('',#12449,0.003129784633448);
#9952=CARTESIAN_POINT('',(6.558858978528,-1.226974379071,-1.62));
#9953=VECTOR('',#12450,0.311874682655);
#9954=CARTESIAN_POINT('',(-6.565,1.22700501648,-1.620000008821));
#9955=CARTESIAN_POINT('',(-6.562952992843,1.226994799589,-1.620000007568));
#9956=CARTESIAN_POINT('',(-6.560905985685,1.226984595961,-1.62));
#9957=CARTESIAN_POINT('',(-6.558858978528,1.226974379071,-1.62));
#9958=AXIS2_PLACEMENT_3D('',#12451,#12452,#12453);
#9959=CARTESIAN_POINT('',(-6.247,-2.24,-8.88));
#9960=CARTESIAN_POINT('',(-6.247,-2.24,-0.62));
#9961=VECTOR('',#12454,8.26);
#9962=CARTESIAN_POINT('',(-6.247,2.24,-8.88));
#9963=CARTESIAN_POINT('',(-6.247,-2.24,-8.88));
#9964=VECTOR('',#12455,4.48);
#9965=CARTESIAN_POINT('',(-6.247,2.24,-8.88));
#9966=VECTOR('',#12456,8.26);
#9967=CARTESIAN_POINT('',(-6.247,2.22,-0.62));
#9968=VECTOR('',#12457,4.44);
#9969=CARTESIAN_POINT('',(-6.247000000576,-1.223844594449,-1.620000001478));
#9970=VECTOR('',#12458,2.447689188898);
#9971=AXIS2_PLACEMENT_3D('',#12459,#12460,#12461);
#9972=CARTESIAN_POINT('',(-6.558858978528,-1.226974379071,-1.62));
#9973=CARTESIAN_POINT('',(-6.560905985685,-1.226984595961,-1.62));
#9974=CARTESIAN_POINT('',(-6.562952992843,-1.22699479959,-1.620000007568));
#9975=CARTESIAN_POINT('',(-6.565,-1.22700501648,-1.620000008821));
#9976=CARTESIAN_POINT('',(-6.561624692373,-1.05836235413,-1.685436981899));
#9977=CARTESIAN_POINT('',(-6.561624692373,-1.05836235413,-1.685436981899));
#9978=CARTESIAN_POINT('',(-6.562093986717,-1.063332922151,-1.680899987963));
#9979=CARTESIAN_POINT('',(-6.562896380672,-1.073680471999,-1.672188655746));
#9980=CARTESIAN_POINT('',(-6.563753940575,-1.090364942476,-1.660317072392));
#9981=CARTESIAN_POINT('',(-6.564326657473,-1.108057981715,-1.649798555712));
#9982=CARTESIAN_POINT('',(-6.564678717126,-1.126566664768,-1.640765168612));
#9983=CARTESIAN_POINT('',(-6.56487264533,-1.145720976513,-1.633294223641));
#9984=CARTESIAN_POINT('',(-6.564963596651,-1.165475308668,-1.627402836774));
#9985=CARTESIAN_POINT('',(-6.564995234352,-1.185792592658,-1.623133397281));
#9986=CARTESIAN_POINT('',(-6.565000379768,-1.206388335232,-1.620567589262));
#9987=CARTESIAN_POINT('',(-6.565,-1.220141031315,-1.620000850322));
#9988=CARTESIAN_POINT('',(-6.565,-1.22700501648,-1.620000008821));
#9989=CARTESIAN_POINT('',(-6.545017960512,-0.9779798510152,-1.845985777552));
#9990=CARTESIAN_POINT('',(-6.545017960512,-0.9779798510152,-1.845985777552));
#9991=CARTESIAN_POINT('',(-6.548313583983,-0.9810875967539,-1.814124699547));
#9992=CARTESIAN_POINT('',(-6.554323616862,-0.9986329734508,-1.756021543027));
#9993=CARTESIAN_POINT('',(-6.559386009133,-1.034651164214,-1.707079885572));
#9994=CARTESIAN_POINT('',(-6.561624692373,-1.05836235413,-1.685436981899));
#9995=CARTESIAN_POINT('',(-6.225321302385,-0.9747884727821,-1.845985777552));
#9996=CARTESIAN_POINT('',(-6.225321302385,-0.9747884727821,-1.845985777552));
#9997=VECTOR('',#12462,0.3197125867281);
#9998=CARTESIAN_POINT('',(-6.245312346186,-1.100190564865,-1.65271849095));
#9999=CARTESIAN_POINT('',(-6.245312346186,-1.100190564865,-1.65271849095));
#10000=CARTESIAN_POINT('',(-6.244204364511,-1.081355416921,-1.663430118323));
#10001=CARTESIAN_POINT('',(-6.241642762144,-1.048879552488,-1.688194905185));
#10002=CARTESIAN_POINT('',(-6.237010393857,-1.012037730584,-1.732979222514));
#10003=CARTESIAN_POINT('',(-6.231644745695,-0.98621599573,-1.784852665012));
#10004=CARTESIAN_POINT('',(-6.227543165291,-0.9768836711678,-1.824505487716));
#10005=CARTESIAN_POINT('',(-6.225321302385,-0.9747884727821,-1.845985777552));
#10006=CARTESIAN_POINT('',(-6.247000000576,-1.223844594449,-1.620000001478));
#10007=CARTESIAN_POINT('',(-6.247000000576,-1.216606365588,-1.620000001478));
#10008=CARTESIAN_POINT('',(-6.24700092941,-1.202150978172,-1.620628816651));
#10009=CARTESIAN_POINT('',(-6.246988356832,-1.180560710044,-1.623457209567));
#10010=CARTESIAN_POINT('',(-6.246911734546,-1.159330236013,-1.628147161609));
#10011=CARTESIAN_POINT('',(-6.246691997101,-1.138713195427,-1.634615773953));
#10012=CARTESIAN_POINT('',(-6.246225101347,-1.118856695703,-1.642781021321));
#10013=CARTESIAN_POINT('',(-6.245671296042,-1.106292537299,-1.649248273718));
#10014=CARTESIAN_POINT('',(-6.245312346186,-1.100190564865,-1.65271849095));
#10015=CARTESIAN_POINT('',(-6.245312346186,1.100190564865,-1.65271849095));
#10016=CARTESIAN_POINT('',(-6.245312346186,1.100190564865,-1.65271849095));
#10017=CARTESIAN_POINT('',(-6.245671296042,1.106292537299,-1.649248273718));
#10018=CARTESIAN_POINT('',(-6.246225101347,1.118856695703,-1.642781021321));
#10019=CARTESIAN_POINT('',(-6.246691997101,1.138713195427,-1.634615773953));
#10020=CARTESIAN_POINT('',(-6.246911734546,1.159330236013,-1.628147161609));
#10021=CARTESIAN_POINT('',(-6.246988356832,1.180560710044,-1.623457209567));
#10022=CARTESIAN_POINT('',(-6.24700092941,1.202150978172,-1.620628816651));
#10023=CARTESIAN_POINT('',(-6.247000000576,1.216606365588,-1.620000001478));
#10024=CARTESIAN_POINT('',(-6.247000000576,1.223844594449,-1.620000001478));
#10025=CARTESIAN_POINT('',(-6.245312346186,1.100190564865,-1.65271849095));
#10026=VECTOR('',#12463,2.200381129729);
#10027=CARTESIAN_POINT('',(-5.680396535977,0.4609289146462,-7.114151464756));
#10028=CARTESIAN_POINT('',(-5.680396535977,-0.4609289146462,-7.114151464756));
#10029=CARTESIAN_POINT('',(-5.680396535977,0.4609289146462,-7.114151464756));
#10030=VECTOR('',#12464,0.9218578292924);
#10031=CARTESIAN_POINT('',(-6.225321302385,0.9747884727821,-1.845985777552));
#10032=CARTESIAN_POINT('',(-6.225321302385,0.9747884727821,-1.845985777552));
#10033=VECTOR('',#12465,5.32114314357);
#10034=CARTESIAN_POINT('',(-6.225321302385,0.9747884727821,-1.845985777552));
#10035=CARTESIAN_POINT('',(-6.227543165291,0.9768836711678,-1.824505487716));
#10036=CARTESIAN_POINT('',(-6.231644745695,0.98621599573,-1.784852665012));
#10037=CARTESIAN_POINT('',(-6.237010393857,1.012037730584,-1.732979222514));
#10038=CARTESIAN_POINT('',(-6.241642762144,1.048879552488,-1.688194905185));
#10039=CARTESIAN_POINT('',(-6.244204364511,1.081355416921,-1.663430118323));
#10040=CARTESIAN_POINT('',(-6.245312346186,1.100190564865,-1.65271849095));
#10041=CARTESIAN_POINT('',(-6.225321302385,-0.9747884727821,-1.845985777552));
#10042=VECTOR('',#12466,5.32114314357);
#10043=CARTESIAN_POINT('',(-5.996708882163,-0.4609289146462,-7.146869955705));
#10044=CARTESIAN_POINT('',(-6.545017960512,-0.9779798510152,-1.845985777552));
#10045=VECTOR('',#12467,5.354190656523);
#10046=CARTESIAN_POINT('',(-5.680396535977,-0.4609289146462,-7.114151464756));
#10047=VECTOR('',#12468,0.318);
#10048=CARTESIAN_POINT('',(-6.317,-0.4086350338404,-7.502));
#10049=CARTESIAN_POINT('',(-5.996708882163,-0.4609289146462,-7.146869955705));
#10050=CARTESIAN_POINT('',(-5.99568193235,-0.4599605094461,-7.156798191866));
#10051=CARTESIAN_POINT('',(-5.994551952361,-0.4580236990459,-7.176750217471));
#10052=CARTESIAN_POINT('',(-5.995643382582,-0.4551184834456,-7.20670635002));
#10053=CARTESIAN_POINT('',(-5.999511783032,-0.4522132678453,-7.236431699336));
#10054=CARTESIAN_POINT('',(-6.006123724925,-0.4493080522449,-7.265669400794));
#10055=CARTESIAN_POINT('',(-6.01542207196,-0.4464028366446,-7.294166798781));
#10056=CARTESIAN_POINT('',(-6.027326473403,-0.4434976210443,-7.321677636265));
#10057=CARTESIAN_POINT('',(-6.041734058612,-0.440592405444,-7.347964181121));
#10058=CARTESIAN_POINT('',(-6.058520325931,-0.4376871898436,-7.372799280914));
#10059=CARTESIAN_POINT('',(-6.077540218569,-0.4347819742433,-7.395968325698));
#10060=CARTESIAN_POINT('',(-6.098629378095,-0.431876758643,-7.417271102574));
#10061=CARTESIAN_POINT('',(-6.121605564724,-0.4289715430427,-7.436523525804));
#10062=CARTESIAN_POINT('',(-6.146270232115,-0.4260663274424,-7.453559227566));
#10063=CARTESIAN_POINT('',(-6.172410243119,-0.423161111842,-7.46823099561));
#10064=CARTESIAN_POINT('',(-6.199799711466,-0.4202558962417,-7.480412045371));
#10065=CARTESIAN_POINT('',(-6.228201954183,-0.4173506806414,-7.489997115571));
#10066=CARTESIAN_POINT('',(-6.257371535184,-0.4144454650411,-7.496903377819));
#10067=CARTESIAN_POINT('',(-6.287056392477,-0.4115402494407,-7.501071152365));
#10068=CARTESIAN_POINT('',(-6.307018792699,-0.4096034390405,-7.502));
#10069=CARTESIAN_POINT('',(-6.317,-0.4086350338404,-7.502));
#10070=CARTESIAN_POINT('',(-6.317,-0.4086350338404,-7.82));
#10071=CARTESIAN_POINT('',(-6.317,-0.4086350338404,-7.82));
#10072=VECTOR('',#12469,0.318);
#10073=CARTESIAN_POINT('',(-5.680396535977,-0.4609289146462,-7.114151464756));
#10074=CARTESIAN_POINT('',(-5.678659130983,-0.459290556074,-7.130948163925));
#10075=CARTESIAN_POINT('',(-5.67651149443,-0.4562474833569,-7.164717992579));
#10076=CARTESIAN_POINT('',(-5.677311807107,-0.4523150017232,-7.215546213195));
#10077=CARTESIAN_POINT('',(-5.682165564925,-0.4489391968196,-7.266318713116));
#10078=CARTESIAN_POINT('',(-5.691020364015,-0.4460693008058,-7.316414488543));
#10079=CARTESIAN_POINT('',(-5.703788552205,-0.4436294006712,-7.365558004736));
#10080=CARTESIAN_POINT('',(-5.720457700631,-0.4415406282887,-7.413680816079));
#10081=CARTESIAN_POINT('',(-5.740992965578,-0.4397386647589,-7.460505274248));
#10082=CARTESIAN_POINT('',(-5.765090922154,-0.4381713018921,-7.505364771858));
#10083=CARTESIAN_POINT('',(-5.792780177735,-0.4367605789525,-7.548328247471));
#10084=CARTESIAN_POINT('',(-5.823839443215,-0.4354471599569,-7.588980943973));
#10085=CARTESIAN_POINT('',(-5.858076438331,-0.4341660999394,-7.62706016022));
#10086=CARTESIAN_POINT('',(-5.895248564241,-0.4328538290111,-7.662286824682));
#10087=CARTESIAN_POINT('',(-5.935128250439,-0.4314448294468,-7.694436384565));
#10088=CARTESIAN_POINT('',(-5.977341657756,-0.4298785746697,-7.723237256742));
#10089=CARTESIAN_POINT('',(-6.021954093107,-0.4280759926055,-7.748706114032));
#10090=CARTESIAN_POINT('',(-6.06833273549,-0.4259831752891,-7.770453372635));
#10091=CARTESIAN_POINT('',(-6.116165273207,-0.423535713634,-7.788387234624));
#10092=CARTESIAN_POINT('',(-6.165345988003,-0.4206554430617,-7.802475737921));
#10093=CARTESIAN_POINT('',(-6.215592121876,-0.4172666532039,-7.812604605699));
#10094=CARTESIAN_POINT('',(-6.266245918876,-0.4133216881548,-7.81866064411));
#10095=CARTESIAN_POINT('',(-6.300105606772,-0.4102741760565,-7.82));
#10096=CARTESIAN_POINT('',(-6.317,-0.4086350338404,-7.82));
#10097=CARTESIAN_POINT('',(-6.317,0.4086350338404,-7.82));
#10098=CARTESIAN_POINT('',(-6.317,0.4086350338404,-7.82));
#10099=VECTOR('',#12470,0.8172700676809);
#10100=CARTESIAN_POINT('',(-5.680396535977,0.4609289146462,-7.114151464756));
#10101=CARTESIAN_POINT('',(-5.678659130983,0.459290556074,-7.130948163925));
#10102=CARTESIAN_POINT('',(-5.67651149443,0.4562474833569,-7.164717992579));
#10103=CARTESIAN_POINT('',(-5.677311807107,0.4523150017232,-7.215546213195));
#10104=CARTESIAN_POINT('',(-5.682165564925,0.4489391968196,-7.266318713116));
#10105=CARTESIAN_POINT('',(-5.691020364015,0.4460693008058,-7.316414488543));
#10106=CARTESIAN_POINT('',(-5.703788552205,0.4436294006712,-7.365558004736));
#10107=CARTESIAN_POINT('',(-5.720457700631,0.4415406282887,-7.413680816079));
#10108=CARTESIAN_POINT('',(-5.740992965578,0.4397386647589,-7.460505274248));
#10109=CARTESIAN_POINT('',(-5.765090922154,0.4381713018921,-7.505364771858));
#10110=CARTESIAN_POINT('',(-5.792780177735,0.4367605789525,-7.548328247471));
#10111=CARTESIAN_POINT('',(-5.823839443215,0.4354471599569,-7.588980943973));
#10112=CARTESIAN_POINT('',(-5.858076438331,0.4341660999394,-7.62706016022));
#10113=CARTESIAN_POINT('',(-5.895248564241,0.4328538290111,-7.662286824682));
#10114=CARTESIAN_POINT('',(-5.935128250439,0.4314448294468,-7.694436384565));
#10115=CARTESIAN_POINT('',(-5.977341657756,0.4298785746697,-7.723237256742));
#10116=CARTESIAN_POINT('',(-6.021954093107,0.4280759926055,-7.748706114032));
#10117=CARTESIAN_POINT('',(-6.06833273549,0.4259831752891,-7.770453372635));
#10118=CARTESIAN_POINT('',(-6.116165273207,0.423535713634,-7.788387234624));
#10119=CARTESIAN_POINT('',(-6.165345988003,0.4206554430617,-7.802475737921));
#10120=CARTESIAN_POINT('',(-6.215592121876,0.4172666532039,-7.812604605699));
#10121=CARTESIAN_POINT('',(-6.266245918876,0.4133216881548,-7.81866064411));
#10122=CARTESIAN_POINT('',(-6.300105606772,0.4102741760565,-7.82));
#10123=CARTESIAN_POINT('',(-6.317,0.4086350338404,-7.82));
#10124=CARTESIAN_POINT('',(-6.317,0.4086350338404,-7.502));
#10125=CARTESIAN_POINT('',(-6.317,0.4086350338404,-7.502));
#10126=VECTOR('',#12471,0.318);
#10127=CARTESIAN_POINT('',(-5.996708882163,0.4609289146462,-7.146869955705));
#10128=CARTESIAN_POINT('',(-5.996708882163,0.4609289146462,-7.146869955705));
#10129=CARTESIAN_POINT('',(-5.99568193235,0.4599605094461,-7.156798191866));
#10130=CARTESIAN_POINT('',(-5.994551952361,0.4580236990459,-7.176750217471));
#10131=CARTESIAN_POINT('',(-5.995643382582,0.4551184834456,-7.20670635002));
#10132=CARTESIAN_POINT('',(-5.999511783032,0.4522132678453,-7.236431699336));
#10133=CARTESIAN_POINT('',(-6.006123724925,0.4493080522449,-7.265669400794));
#10134=CARTESIAN_POINT('',(-6.01542207196,0.4464028366446,-7.294166798781));
#10135=CARTESIAN_POINT('',(-6.027326473403,0.4434976210443,-7.321677636265));
#10136=CARTESIAN_POINT('',(-6.041734058612,0.440592405444,-7.347964181121));
#10137=CARTESIAN_POINT('',(-6.058520325931,0.4376871898436,-7.372799280914));
#10138=CARTESIAN_POINT('',(-6.077540218569,0.4347819742433,-7.395968325698));
#10139=CARTESIAN_POINT('',(-6.098629378095,0.431876758643,-7.417271102574));
#10140=CARTESIAN_POINT('',(-6.121605564724,0.4289715430427,-7.436523525804));
#10141=CARTESIAN_POINT('',(-6.146270232115,0.4260663274424,-7.453559227566));
#10142=CARTESIAN_POINT('',(-6.172410243119,0.423161111842,-7.46823099561));
#10143=CARTESIAN_POINT('',(-6.199799711466,0.4202558962417,-7.480412045371));
#10144=CARTESIAN_POINT('',(-6.228201954183,0.4173506806414,-7.489997115571));
#10145=CARTESIAN_POINT('',(-6.257371535184,0.4144454650411,-7.496903377819));
#10146=CARTESIAN_POINT('',(-6.287056392477,0.4115402494407,-7.501071152365));
#10147=CARTESIAN_POINT('',(-6.307018792699,0.4096034390405,-7.502));
#10148=CARTESIAN_POINT('',(-6.317,0.4086350338404,-7.502));
#10149=CARTESIAN_POINT('',(-5.996708882163,0.4609289146462,-7.146869955705));
#10150=VECTOR('',#12472,0.318);
#10151=CARTESIAN_POINT('',(-6.545017960512,0.9779798510152,-1.845985777552));
#10152=CARTESIAN_POINT('',(-6.545017960512,0.9779798510152,-1.845985777552));
#10153=VECTOR('',#12473,5.354190656523);
#10154=CARTESIAN_POINT('',(-6.545017960512,0.9779798510152,-1.845985777552));
#10155=VECTOR('',#12474,0.3197125867281);
#10156=CARTESIAN_POINT('',(-6.561624692373,1.05836235413,-1.685436981899));
#10157=CARTESIAN_POINT('',(-6.565,1.22700501648,-1.620000008821));
#10158=CARTESIAN_POINT('',(-6.565,1.220141031314,-1.620000850322));
#10159=CARTESIAN_POINT('',(-6.565000379768,1.206388335233,-1.620567589262));
#10160=CARTESIAN_POINT('',(-6.564995234352,1.185792592658,-1.623133397281));
#10161=CARTESIAN_POINT('',(-6.564963596651,1.165475308668,-1.627402836774));
#10162=CARTESIAN_POINT('',(-6.56487264533,1.145720976514,-1.633294223641));
#10163=CARTESIAN_POINT('',(-6.564678717126,1.126566664769,-1.640765168611));
#10164=CARTESIAN_POINT('',(-6.564326657473,1.108057981715,-1.649798555711));
#10165=CARTESIAN_POINT('',(-6.563753940575,1.090364942476,-1.660317072392));
#10166=CARTESIAN_POINT('',(-6.562896380672,1.073680471999,-1.672188655746));
#10167=CARTESIAN_POINT('',(-6.562093986717,1.063332922151,-1.680899987963));
#10168=CARTESIAN_POINT('',(-6.561624692373,1.05836235413,-1.685436981899));
#10169=CARTESIAN_POINT('',(-6.561624692373,1.05836235413,-1.685436981899));
#10170=CARTESIAN_POINT('',(-6.559386009133,1.034651164214,-1.707079885572));
#10171=CARTESIAN_POINT('',(-6.554323616862,0.9986329734508,-1.756021543027));
#10172=CARTESIAN_POINT('',(-6.548313583983,0.9810875967539,-1.814124699547));
#10173=CARTESIAN_POINT('',(-6.545017960512,0.9779798510152,-1.845985777552));
#10174=CARTESIAN_POINT('',(-5.996708882163,-0.4609289146462,-7.146869955705));
#10175=VECTOR('',#12475,0.9218578292924);
#10176=CARTESIAN_POINT('',(-6.561624692373,-1.05836235413,-1.685436981899));
#10177=VECTOR('',#12476,2.116724708261);
#10178=CARTESIAN_POINT('',(-6.317,-0.4086350338404,-7.502));
#10179=VECTOR('',#12477,0.8172700676809);
#10180=CARTESIAN_POINT('',(-6.406,0.4,-7.502));
#10181=CARTESIAN_POINT('',(-6.317,0.4086350338404,-7.502));
#10182=VECTOR('',#12478,0.08941791660191);
#10183=CARTESIAN_POINT('',(-6.406,-0.4,-7.502));
#10184=CARTESIAN_POINT('',(-6.406,-0.4,-7.502));
#10185=VECTOR('',#12479,0.8);
#10186=CARTESIAN_POINT('',(-6.317,-0.4086350338404,-7.502));
#10187=VECTOR('',#12480,0.08941791660191);
#10188=CARTESIAN_POINT('',(-6.406,-0.4,-7.82));
#10189=CARTESIAN_POINT('',(-6.406,-0.4,-7.82));
#10190=VECTOR('',#12481,0.318);
#10191=CARTESIAN_POINT('',(-6.317,-0.4086350338404,-7.82));
#10192=VECTOR('',#12482,0.0894179166019);
#10193=CARTESIAN_POINT('',(-6.406,0.4,-7.82));
#10194=CARTESIAN_POINT('',(-6.406,0.4,-7.82));
#10195=VECTOR('',#12483,0.8);
#10196=CARTESIAN_POINT('',(-6.317,0.4086350338404,-7.82));
#10197=VECTOR('',#12484,0.0894179166019);
#10198=CARTESIAN_POINT('',(-6.406,0.4,-7.502));
#10199=VECTOR('',#12485,0.318);
#10200=CARTESIAN_POINT('',(-6.867,-1.92,0.0));
#10201=CARTESIAN_POINT('',(-6.867,1.92,0.0));
#10202=CARTESIAN_POINT('',(-6.867,-1.92,0.0));
#10203=VECTOR('',#12486,3.84);
#10204=AXIS2_PLACEMENT_3D('',#12487,#12488,#12489);
#10205=CARTESIAN_POINT('',(-6.32441360135,1.92,-0.32));
#10206=CARTESIAN_POINT('',(-6.247,2.22,-0.62));
#10207=CARTESIAN_POINT('',(-6.247,2.210383153784,-0.62));
#10208=CARTESIAN_POINT('',(-6.246998949559,2.19111683818,-0.6190759644567));
#10209=CARTESIAN_POINT('',(-6.247013051849,2.162320929936,-0.6148823464096));
#10210=CARTESIAN_POINT('',(-6.247099396988,2.134108121729,-0.6079267745957));
#10211=CARTESIAN_POINT('',(-6.247346472293,2.106908387092,-0.5983616327967));
#10212=CARTESIAN_POINT('',(-6.247868595,2.080890116237,-0.5863114075588));
#10213=CARTESIAN_POINT('',(-6.248804714505,2.056225771649,-0.5718870646949));
#10214=CARTESIAN_POINT('',(-6.250293211919,2.033288293521,-0.5553781841023));
#10215=CARTESIAN_POINT('',(-6.252486523198,2.012167733861,-0.5369413526852));
#10216=CARTESIAN_POINT('',(-6.25550621032,1.993126135984,-0.5169285383244));
#10217=CARTESIAN_POINT('',(-6.259509665771,1.976112031783,-0.4954007244208));
#10218=CARTESIAN_POINT('',(-6.26456861388,1.961370227021,-0.4728090402877));
#10219=CARTESIAN_POINT('',(-6.270819093099,1.948806225903,-0.4491891102108));
#10220=CARTESIAN_POINT('',(-6.278345520141,1.93847298564,-0.4247706043312));
#10221=CARTESIAN_POINT('',(-6.287326361453,1.930314343584,-0.3994809837996));
#10222=CARTESIAN_POINT('',(-6.297831625628,1.924425606555,-0.3735884556152));
#10223=CARTESIAN_POINT('',(-6.31003576562,1.92082078861,-0.3470757817752));
#10224=CARTESIAN_POINT('',(-6.319409843807,1.92,-0.3290499026173));
#10225=CARTESIAN_POINT('',(-6.32441360135,1.92,-0.32));
#10226=AXIS2_PLACEMENT_3D('',#12490,#12491,#12492);
#10227=CARTESIAN_POINT('',(-7.012,1.92,-0.318));
#10228=CARTESIAN_POINT('',(-6.867,1.92,-0.318));
#10229=VECTOR('',#12493,0.145);
#10230=CARTESIAN_POINT('',(-7.012,1.92,0.0));
#10231=CARTESIAN_POINT('',(-7.012,1.92,0.0));
#10232=VECTOR('',#12494,0.318);
#10233=CARTESIAN_POINT('',(-7.012,1.92,0.0));
#10234=VECTOR('',#12495,0.145);
#10235=CARTESIAN_POINT('',(-6.32441360135,1.92,-0.32));
#10236=VECTOR('',#12496,0.5078876955042);
#10237=CARTESIAN_POINT('',(-7.012,-1.92,0.0));
#10238=CARTESIAN_POINT('',(-7.012,-1.92,0.0));
#10239=VECTOR('',#12497,0.145);
#10240=CARTESIAN_POINT('',(-7.312,1.62,0.0));
#10241=AXIS2_PLACEMENT_3D('',#12498,#12499,#12500);
#10242=CARTESIAN_POINT('',(-7.312,-1.62,0.0));
#10243=CARTESIAN_POINT('',(-7.312,-1.62,0.0));
#10244=VECTOR('',#12501,3.24);
#10245=AXIS2_PLACEMENT_3D('',#12502,#12503,#12504);
#10246=CARTESIAN_POINT('',(-7.312,-1.62,-0.318));
#10247=CARTESIAN_POINT('',(-7.312,-1.62,-0.318));
#10248=VECTOR('',#12505,0.318);
#10249=CARTESIAN_POINT('',(-7.012,-1.92,-0.318));
#10250=AXIS2_PLACEMENT_3D('',#12506,#12507,#12508);
#10251=CARTESIAN_POINT('',(-7.012,-1.92,-0.318));
#10252=VECTOR('',#12509,0.318);
#10253=CARTESIAN_POINT('',(-6.867,-1.92,-0.318));
#10254=VECTOR('',#12510,0.145);
#10255=CARTESIAN_POINT('',(-7.312,1.62,-0.318));
#10256=CARTESIAN_POINT('',(-7.312,-1.62,-0.318));
#10257=VECTOR('',#12511,3.24);
#10258=AXIS2_PLACEMENT_3D('',#12512,#12513,#12514);
#10259=CARTESIAN_POINT('',(-7.312,1.62,0.0));
#10260=VECTOR('',#12515,0.318);
#10261=AXIS2_PLACEMENT_3D('',#12516,#12517,#12518);
#10262=AXIS2_PLACEMENT_3D('',#12519,#12520,#12521);
#10263=CARTESIAN_POINT('',(6.247,-2.24,-8.88));
#10264=AXIS2_PLACEMENT_3D('',#12522,#12523,#12524);
#10265=CARTESIAN_POINT('',(6.247,2.24,-8.88));
#10266=CARTESIAN_POINT('',(6.247,2.24,-8.88));
#10267=VECTOR('',#12525,4.48);
#10268=AXIS2_PLACEMENT_3D('',#12526,#12527,#12528);
#10269=CARTESIAN_POINT('',(-5.661568542495,0.6814314575051,-8.88));
#10270=CARTESIAN_POINT('',(-5.55,0.5698629150102,-8.88));
#10271=CARTESIAN_POINT('',(-5.661568542495,0.6814314575051,-8.88));
#10272=VECTOR('',#12529,0.1577817459305);
#10273=AXIS2_PLACEMENT_3D('',#12530,#12531,#12532);
#10274=CARTESIAN_POINT('',(-5.55,0.9061370849898,-8.88));
#10275=CARTESIAN_POINT('',(-5.55,0.9061370849898,-8.88));
#10276=VECTOR('',#12533,0.1577817459305);
#10277=CARTESIAN_POINT('',(-5.55,1.238,-8.88));
#10278=CARTESIAN_POINT('',(-5.55,1.238,-8.88));
#10279=VECTOR('',#12534,0.3318629150102);
#10280=CARTESIAN_POINT('',(-4.91,1.878,-8.88));
#10281=AXIS2_PLACEMENT_3D('',#12535,#12536,#12537);
#10282=CARTESIAN_POINT('',(4.91,1.878,-8.88));
#10283=CARTESIAN_POINT('',(-4.91,1.878,-8.88));
#10284=VECTOR('',#12538,9.82);
#10285=CARTESIAN_POINT('',(5.55,1.238,-8.88));
#10286=AXIS2_PLACEMENT_3D('',#12539,#12540,#12541);
#10287=CARTESIAN_POINT('',(5.55,0.9061370849898,-8.88));
#10288=CARTESIAN_POINT('',(5.55,1.238,-8.88));
#10289=VECTOR('',#12542,0.3318629150102);
#10290=CARTESIAN_POINT('',(5.661568542495,0.7945685424949,-8.88));
#10291=VECTOR('',#12543,0.1577817459305);
#10292=CARTESIAN_POINT('',(5.661568542495,0.6814314575051,-8.88));
#10293=AXIS2_PLACEMENT_3D('',#12544,#12545,#12546);
#10294=CARTESIAN_POINT('',(5.55,0.5698629150102,-8.88));
#10295=CARTESIAN_POINT('',(5.55,0.5698629150102,-8.88));
#10296=VECTOR('',#12547,0.1577817459305);
#10297=CARTESIAN_POINT('',(5.55,0.168,-8.88));
#10298=CARTESIAN_POINT('',(5.55,0.5698629150102,-8.88));
#10299=VECTOR('',#12548,0.4018629150102);
#10300=CARTESIAN_POINT('',(5.42,0.038,-8.88));
#10301=AXIS2_PLACEMENT_3D('',#12549,#12550,#12551);
#10302=CARTESIAN_POINT('',(-5.42,0.038,-8.88));
#10303=CARTESIAN_POINT('',(-5.42,0.038,-8.88));
#10304=VECTOR('',#12552,10.84);
#10305=CARTESIAN_POINT('',(-5.55,0.168,-8.88));
#10306=AXIS2_PLACEMENT_3D('',#12553,#12554,#12555);
#10307=CARTESIAN_POINT('',(-5.55,0.5698629150102,-8.88));
#10308=VECTOR('',#12556,0.4018629150102);
#10309=CARTESIAN_POINT('',(-3.51625,-1.7,-8.88));
#10310=CARTESIAN_POINT('',(-3.4325,-1.7,-8.88));
#10311=CARTESIAN_POINT('',(-3.51625,-1.7,-8.88));
#10312=VECTOR('',#12557,0.08375);
#10313=CARTESIAN_POINT('',(-3.51625,-1.144042539597,-8.88));
#10314=CARTESIAN_POINT('',(-3.51625,-1.144042539597,-8.88));
#10315=VECTOR('',#12558,0.5559574604034);
#10316=CARTESIAN_POINT('',(-3.6,-1.243829801679,-8.88));
#10317=CARTESIAN_POINT('',(-3.6,-1.243829801679,-8.88));
#10318=VECTOR('',#12559,0.1302749406979);
#10319=CARTESIAN_POINT('',(-3.6,-1.129787222147,-8.88));
#10320=CARTESIAN_POINT('',(-3.6,-1.129787222147,-8.88));
#10321=VECTOR('',#12560,0.1140425795317);
#10322=CARTESIAN_POINT('',(-3.51625,-1.03,-8.88));
#10323=CARTESIAN_POINT('',(-3.51625,-1.03,-8.88));
#10324=VECTOR('',#12561,0.1302749101086);
#10325=CARTESIAN_POINT('',(-3.4325,-1.03,-8.88));
#10326=CARTESIAN_POINT('',(-3.4325,-1.03,-8.88));
#10327=VECTOR('',#12562,0.08375);
#10328=CARTESIAN_POINT('',(-3.4325,-1.7,-8.88));
#10329=VECTOR('',#12563,0.67);
#10330=CARTESIAN_POINT('',(6.247,2.24,-0.62));
#10331=VECTOR('',#12564,8.26);
#10332=CARTESIAN_POINT('',(6.247,-2.24,-8.88));
#10333=VECTOR('',#12565,8.26);
#10334=CARTESIAN_POINT('',(6.247,-2.22,-0.62));
#10335=VECTOR('',#12566,4.44);
#10336=CARTESIAN_POINT('',(6.247000000576,1.223844594437,-1.620000001478));
#10337=VECTOR('',#12567,2.447689188875);
#10338=AXIS2_PLACEMENT_3D('',#12568,#12569,#12570);
#10339=CARTESIAN_POINT('',(6.558858978528,1.226974379071,-1.62));
#10340=CARTESIAN_POINT('',(6.560905985686,1.226984595961,-1.62));
#10341=CARTESIAN_POINT('',(6.562952992843,1.22699479959,-1.620000007568));
#10342=CARTESIAN_POINT('',(6.565,1.22700501648,-1.620000008821));
#10343=CARTESIAN_POINT('',(6.561624692373,1.05836235413,-1.685436981899));
#10344=CARTESIAN_POINT('',(6.561624692373,1.05836235413,-1.685436981899));
#10345=CARTESIAN_POINT('',(6.562093986717,1.063332922151,-1.680899987963));
#10346=CARTESIAN_POINT('',(6.562896380672,1.073680471999,-1.672188655746));
#10347=CARTESIAN_POINT('',(6.563753940575,1.090364942476,-1.660317072392));
#10348=CARTESIAN_POINT('',(6.564326657473,1.108057981715,-1.649798555711));
#10349=CARTESIAN_POINT('',(6.564678717126,1.126566664769,-1.640765168611));
#10350=CARTESIAN_POINT('',(6.56487264533,1.145720976514,-1.633294223641));
#10351=CARTESIAN_POINT('',(6.564963596651,1.165475308668,-1.627402836774));
#10352=CARTESIAN_POINT('',(6.564995234352,1.185792592658,-1.623133397281));
#10353=CARTESIAN_POINT('',(6.565000379768,1.206388335232,-1.620567589262));
#10354=CARTESIAN_POINT('',(6.565,1.220141031314,-1.620000850322));
#10355=CARTESIAN_POINT('',(6.565,1.22700501648,-1.620000008821));
#10356=CARTESIAN_POINT('',(6.545017960512,0.9779798510152,-1.845985777552));
#10357=CARTESIAN_POINT('',(6.545017960512,0.9779798510152,-1.845985777552));
#10358=CARTESIAN_POINT('',(6.548313583983,0.9810875967539,-1.814124699547));
#10359=CARTESIAN_POINT('',(6.554323616862,0.9986329734508,-1.756021543027));
#10360=CARTESIAN_POINT('',(6.559386009133,1.034651164214,-1.707079885572));
#10361=CARTESIAN_POINT('',(6.561624692373,1.05836235413,-1.685436981899));
#10362=CARTESIAN_POINT('',(6.225321302385,0.9747884727821,-1.845985777552));
#10363=CARTESIAN_POINT('',(6.225321302385,0.9747884727821,-1.845985777552));
#10364=VECTOR('',#12571,0.3197125867281);
#10365=CARTESIAN_POINT('',(6.245312346186,1.100190564865,-1.65271849095));
#10366=CARTESIAN_POINT('',(6.245312346186,1.100190564865,-1.65271849095));
#10367=CARTESIAN_POINT('',(6.244204364511,1.081355416921,-1.663430118323));
#10368=CARTESIAN_POINT('',(6.241642762144,1.048879552488,-1.688194905185));
#10369=CARTESIAN_POINT('',(6.237010393857,1.012037730584,-1.732979222514));
#10370=CARTESIAN_POINT('',(6.231644745695,0.98621599573,-1.784852665012));
#10371=CARTESIAN_POINT('',(6.227543165291,0.9768836711678,-1.824505487716));
#10372=CARTESIAN_POINT('',(6.225321302385,0.9747884727821,-1.845985777552));
#10373=CARTESIAN_POINT('',(6.247000000576,1.223844594437,-1.620000001478));
#10374=CARTESIAN_POINT('',(6.247000000576,1.216606365563,-1.620000001478));
#10375=CARTESIAN_POINT('',(6.24700092941,1.202150978145,-1.620628816654));
#10376=CARTESIAN_POINT('',(6.246988356832,1.180560710024,-1.623457209571));
#10377=CARTESIAN_POINT('',(6.246911734546,1.159330235999,-1.628147161613));
#10378=CARTESIAN_POINT('',(6.246691997101,1.138713195418,-1.634615773957));
#10379=CARTESIAN_POINT('',(6.246225101347,1.118856695699,-1.642781021323));
#10380=CARTESIAN_POINT('',(6.245671296042,1.106292537297,-1.649248273719));
#10381=CARTESIAN_POINT('',(6.245312346186,1.100190564865,-1.65271849095));
#10382=CARTESIAN_POINT('',(6.245312346186,-1.100190564865,-1.65271849095));
#10383=CARTESIAN_POINT('',(6.245312346186,-1.100190564865,-1.65271849095));
#10384=CARTESIAN_POINT('',(6.245671296042,-1.106292537297,-1.649248273719));
#10385=CARTESIAN_POINT('',(6.246225101347,-1.118856695699,-1.642781021323));
#10386=CARTESIAN_POINT('',(6.246691997101,-1.138713195418,-1.634615773957));
#10387=CARTESIAN_POINT('',(6.246911734546,-1.159330235999,-1.628147161613));
#10388=CARTESIAN_POINT('',(6.246988356832,-1.180560710024,-1.623457209571));
#10389=CARTESIAN_POINT('',(6.24700092941,-1.202150978145,-1.620628816654));
#10390=CARTESIAN_POINT('',(6.247000000576,-1.216606365563,-1.620000001478));
#10391=CARTESIAN_POINT('',(6.247000000576,-1.223844594437,-1.620000001478));
#10392=CARTESIAN_POINT('',(6.245312346186,-1.100190564865,-1.65271849095));
#10393=VECTOR('',#12572,2.200381129729);
#10394=CARTESIAN_POINT('',(5.680396535977,-0.4609289146462,-7.114151464756));
#10395=CARTESIAN_POINT('',(5.680396535977,0.4609289146462,-7.114151464756));
#10396=CARTESIAN_POINT('',(5.680396535977,-0.4609289146462,-7.114151464756));
#10397=VECTOR('',#12573,0.9218578292924);
#10398=CARTESIAN_POINT('',(6.225321302385,-0.9747884727821,-1.845985777552));
#10399=CARTESIAN_POINT('',(6.225321302385,-0.9747884727821,-1.845985777552));
#10400=VECTOR('',#12574,5.32114314357);
#10401=CARTESIAN_POINT('',(6.225321302385,-0.9747884727821,-1.845985777552));
#10402=CARTESIAN_POINT('',(6.227543165291,-0.9768836711678,-1.824505487716));
#10403=CARTESIAN_POINT('',(6.231644745695,-0.98621599573,-1.784852665012));
#10404=CARTESIAN_POINT('',(6.237010393857,-1.012037730584,-1.732979222514));
#10405=CARTESIAN_POINT('',(6.241642762144,-1.048879552488,-1.688194905185));
#10406=CARTESIAN_POINT('',(6.244204364511,-1.081355416921,-1.663430118323));
#10407=CARTESIAN_POINT('',(6.245312346186,-1.100190564865,-1.65271849095));
#10408=CARTESIAN_POINT('',(6.225321302385,0.9747884727821,-1.845985777552));
#10409=VECTOR('',#12575,5.32114314357);
#10410=CARTESIAN_POINT('',(5.996708882163,0.4609289146462,-7.146869955705));
#10411=CARTESIAN_POINT('',(6.545017960512,0.9779798510152,-1.845985777552));
#10412=VECTOR('',#12576,5.354190656523);
#10413=CARTESIAN_POINT('',(5.680396535977,0.4609289146462,-7.114151464756));
#10414=VECTOR('',#12577,0.318);
#10415=CARTESIAN_POINT('',(6.317,0.4086350338404,-7.502));
#10416=CARTESIAN_POINT('',(5.996708882163,0.4609289146462,-7.146869955705));
#10417=CARTESIAN_POINT('',(5.99568193235,0.4599605094461,-7.156798191866));
#10418=CARTESIAN_POINT('',(5.994551952361,0.4580236990459,-7.176750217471));
#10419=CARTESIAN_POINT('',(5.995643382582,0.4551184834456,-7.20670635002));
#10420=CARTESIAN_POINT('',(5.999511783032,0.4522132678453,-7.236431699336));
#10421=CARTESIAN_POINT('',(6.006123724925,0.4493080522449,-7.265669400794));
#10422=CARTESIAN_POINT('',(6.01542207196,0.4464028366446,-7.294166798781));
#10423=CARTESIAN_POINT('',(6.027326473403,0.4434976210443,-7.321677636265));
#10424=CARTESIAN_POINT('',(6.041734058612,0.440592405444,-7.347964181121));
#10425=CARTESIAN_POINT('',(6.058520325931,0.4376871898436,-7.372799280914));
#10426=CARTESIAN_POINT('',(6.077540218569,0.4347819742433,-7.395968325698));
#10427=CARTESIAN_POINT('',(6.098629378095,0.431876758643,-7.417271102574));
#10428=CARTESIAN_POINT('',(6.121605564724,0.4289715430427,-7.436523525804));
#10429=CARTESIAN_POINT('',(6.146270232115,0.4260663274424,-7.453559227566));
#10430=CARTESIAN_POINT('',(6.172410243119,0.423161111842,-7.46823099561));
#10431=CARTESIAN_POINT('',(6.199799711466,0.4202558962417,-7.480412045371));
#10432=CARTESIAN_POINT('',(6.228201954183,0.4173506806414,-7.489997115571));
#10433=CARTESIAN_POINT('',(6.257371535184,0.4144454650411,-7.496903377819));
#10434=CARTESIAN_POINT('',(6.287056392477,0.4115402494407,-7.501071152365));
#10435=CARTESIAN_POINT('',(6.307018792699,0.4096034390405,-7.502));
#10436=CARTESIAN_POINT('',(6.317,0.4086350338404,-7.502));
#10437=CARTESIAN_POINT('',(6.317,0.4086350338404,-7.82));
#10438=CARTESIAN_POINT('',(6.317,0.4086350338404,-7.82));
#10439=VECTOR('',#12578,0.318);
#10440=CARTESIAN_POINT('',(5.680396535977,0.4609289146462,-7.114151464756));
#10441=CARTESIAN_POINT('',(5.678659130983,0.459290556074,-7.130948163925));
#10442=CARTESIAN_POINT('',(5.67651149443,0.4562474833569,-7.164717992579));
#10443=CARTESIAN_POINT('',(5.677311807107,0.4523150017232,-7.215546213195));
#10444=CARTESIAN_POINT('',(5.682165564925,0.4489391968196,-7.266318713116));
#10445=CARTESIAN_POINT('',(5.691020364015,0.4460693008058,-7.316414488543));
#10446=CARTESIAN_POINT('',(5.703788552205,0.4436294006712,-7.365558004736));
#10447=CARTESIAN_POINT('',(5.720457700631,0.4415406282887,-7.413680816079));
#10448=CARTESIAN_POINT('',(5.740992965578,0.4397386647589,-7.460505274248));
#10449=CARTESIAN_POINT('',(5.765090922154,0.4381713018921,-7.505364771858));
#10450=CARTESIAN_POINT('',(5.792780177735,0.4367605789525,-7.548328247471));
#10451=CARTESIAN_POINT('',(5.823839443215,0.4354471599569,-7.588980943973));
#10452=CARTESIAN_POINT('',(5.858076438331,0.4341660999394,-7.62706016022));
#10453=CARTESIAN_POINT('',(5.895248564241,0.4328538290111,-7.662286824682));
#10454=CARTESIAN_POINT('',(5.935128250439,0.4314448294468,-7.694436384565));
#10455=CARTESIAN_POINT('',(5.977341657756,0.4298785746697,-7.723237256742));
#10456=CARTESIAN_POINT('',(6.021954093107,0.4280759926055,-7.748706114032));
#10457=CARTESIAN_POINT('',(6.06833273549,0.4259831752891,-7.770453372635));
#10458=CARTESIAN_POINT('',(6.116165273207,0.423535713634,-7.788387234624));
#10459=CARTESIAN_POINT('',(6.165345988003,0.4206554430617,-7.802475737921));
#10460=CARTESIAN_POINT('',(6.215592121876,0.4172666532039,-7.812604605699));
#10461=CARTESIAN_POINT('',(6.266245918876,0.4133216881548,-7.81866064411));
#10462=CARTESIAN_POINT('',(6.300105606772,0.4102741760565,-7.82));
#10463=CARTESIAN_POINT('',(6.317,0.4086350338404,-7.82));
#10464=CARTESIAN_POINT('',(6.317,-0.4086350338404,-7.82));
#10465=CARTESIAN_POINT('',(6.317,-0.4086350338404,-7.82));
#10466=VECTOR('',#12579,0.8172700676809);
#10467=CARTESIAN_POINT('',(5.680396535977,-0.4609289146462,-7.114151464756));
#10468=CARTESIAN_POINT('',(5.678659130983,-0.459290556074,-7.130948163925));
#10469=CARTESIAN_POINT('',(5.67651149443,-0.4562474833569,-7.164717992579));
#10470=CARTESIAN_POINT('',(5.677311807107,-0.4523150017232,-7.215546213195));
#10471=CARTESIAN_POINT('',(5.682165564925,-0.4489391968196,-7.266318713116));
#10472=CARTESIAN_POINT('',(5.691020364015,-0.4460693008058,-7.316414488543));
#10473=CARTESIAN_POINT('',(5.703788552205,-0.4436294006712,-7.365558004736));
#10474=CARTESIAN_POINT('',(5.720457700631,-0.4415406282887,-7.413680816079));
#10475=CARTESIAN_POINT('',(5.740992965578,-0.4397386647589,-7.460505274248));
#10476=CARTESIAN_POINT('',(5.765090922154,-0.4381713018921,-7.505364771858));
#10477=CARTESIAN_POINT('',(5.792780177735,-0.4367605789525,-7.548328247471));
#10478=CARTESIAN_POINT('',(5.823839443215,-0.4354471599569,-7.588980943973));
#10479=CARTESIAN_POINT('',(5.858076438331,-0.4341660999394,-7.62706016022));
#10480=CARTESIAN_POINT('',(5.895248564241,-0.4328538290111,-7.662286824682));
#10481=CARTESIAN_POINT('',(5.935128250439,-0.4314448294468,-7.694436384565));
#10482=CARTESIAN_POINT('',(5.977341657756,-0.4298785746697,-7.723237256742));
#10483=CARTESIAN_POINT('',(6.021954093107,-0.4280759926055,-7.748706114032));
#10484=CARTESIAN_POINT('',(6.06833273549,-0.4259831752891,-7.770453372635));
#10485=CARTESIAN_POINT('',(6.116165273207,-0.423535713634,-7.788387234624));
#10486=CARTESIAN_POINT('',(6.165345988003,-0.4206554430617,-7.802475737921));
#10487=CARTESIAN_POINT('',(6.215592121876,-0.4172666532039,-7.812604605699));
#10488=CARTESIAN_POINT('',(6.266245918876,-0.4133216881548,-7.81866064411));
#10489=CARTESIAN_POINT('',(6.300105606772,-0.4102741760565,-7.82));
#10490=CARTESIAN_POINT('',(6.317,-0.4086350338404,-7.82));
#10491=CARTESIAN_POINT('',(6.317,-0.4086350338404,-7.502));
#10492=CARTESIAN_POINT('',(6.317,-0.4086350338404,-7.502));
#10493=VECTOR('',#12580,0.318);
#10494=CARTESIAN_POINT('',(5.996708882163,-0.4609289146462,-7.146869955705));
#10495=CARTESIAN_POINT('',(5.996708882163,-0.4609289146462,-7.146869955705));
#10496=CARTESIAN_POINT('',(5.99568193235,-0.4599605094461,-7.156798191866));
#10497=CARTESIAN_POINT('',(5.994551952361,-0.4580236990459,-7.176750217471));
#10498=CARTESIAN_POINT('',(5.995643382582,-0.4551184834456,-7.20670635002));
#10499=CARTESIAN_POINT('',(5.999511783032,-0.4522132678453,-7.236431699336));
#10500=CARTESIAN_POINT('',(6.006123724925,-0.4493080522449,-7.265669400794));
#10501=CARTESIAN_POINT('',(6.01542207196,-0.4464028366446,-7.294166798781));
#10502=CARTESIAN_POINT('',(6.027326473403,-0.4434976210443,-7.321677636265));
#10503=CARTESIAN_POINT('',(6.041734058612,-0.440592405444,-7.347964181121));
#10504=CARTESIAN_POINT('',(6.058520325931,-0.4376871898436,-7.372799280914));
#10505=CARTESIAN_POINT('',(6.077540218569,-0.4347819742433,-7.395968325698));
#10506=CARTESIAN_POINT('',(6.098629378095,-0.431876758643,-7.417271102574));
#10507=CARTESIAN_POINT('',(6.121605564724,-0.4289715430427,-7.436523525804));
#10508=CARTESIAN_POINT('',(6.146270232115,-0.4260663274424,-7.453559227566));
#10509=CARTESIAN_POINT('',(6.172410243119,-0.423161111842,-7.46823099561));
#10510=CARTESIAN_POINT('',(6.199799711466,-0.4202558962417,-7.480412045371));
#10511=CARTESIAN_POINT('',(6.228201954183,-0.4173506806414,-7.489997115571));
#10512=CARTESIAN_POINT('',(6.257371535184,-0.4144454650411,-7.496903377819));
#10513=CARTESIAN_POINT('',(6.287056392477,-0.4115402494407,-7.501071152365));
#10514=CARTESIAN_POINT('',(6.307018792699,-0.4096034390405,-7.502));
#10515=CARTESIAN_POINT('',(6.317,-0.4086350338404,-7.502));
#10516=CARTESIAN_POINT('',(5.996708882163,-0.4609289146462,-7.146869955705));
#10517=VECTOR('',#12581,0.318);
#10518=CARTESIAN_POINT('',(6.545017960512,-0.9779798510152,-1.845985777552));
#10519=CARTESIAN_POINT('',(6.545017960512,-0.9779798510152,-1.845985777552));
#10520=VECTOR('',#12582,5.354190656523);
#10521=CARTESIAN_POINT('',(6.545017960512,-0.9779798510152,-1.845985777552));
#10522=VECTOR('',#12583,0.3197125867281);
#10523=CARTESIAN_POINT('',(6.561624692373,-1.05836235413,-1.685436981899));
#10524=CARTESIAN_POINT('',(6.561624692373,-1.05836235413,-1.685436981899));
#10525=CARTESIAN_POINT('',(6.559386009133,-1.034651164214,-1.707079885572));
#10526=CARTESIAN_POINT('',(6.554323616862,-0.9986329734508,-1.756021543027));
#10527=CARTESIAN_POINT('',(6.548313583983,-0.9810875967539,-1.814124699547));
#10528=CARTESIAN_POINT('',(6.545017960512,-0.9779798510152,-1.845985777552));
#10529=CARTESIAN_POINT('',(6.565,-1.22700501648,-1.620000008821));
#10530=CARTESIAN_POINT('',(6.565,-1.220141031314,-1.620000850322));
#10531=CARTESIAN_POINT('',(6.565000379768,-1.206388335232,-1.620567589262));
#10532=CARTESIAN_POINT('',(6.564995234352,-1.185792592658,-1.623133397281));
#10533=CARTESIAN_POINT('',(6.564963596651,-1.165475308668,-1.627402836774));
#10534=CARTESIAN_POINT('',(6.56487264533,-1.145720976513,-1.633294223641));
#10535=CARTESIAN_POINT('',(6.564678717126,-1.126566664768,-1.640765168612));
#10536=CARTESIAN_POINT('',(6.564326657473,-1.108057981715,-1.649798555712));
#10537=CARTESIAN_POINT('',(6.563753940575,-1.090364942476,-1.660317072392));
#10538=CARTESIAN_POINT('',(6.562896380672,-1.073680471999,-1.672188655746));
#10539=CARTESIAN_POINT('',(6.562093986717,-1.063332922151,-1.680899987963));
#10540=CARTESIAN_POINT('',(6.561624692373,-1.05836235413,-1.685436981899));
#10541=CARTESIAN_POINT('',(6.561624692373,1.05836235413,-1.685436981899));
#10542=VECTOR('',#12584,2.116724708261);
#10543=CARTESIAN_POINT('',(5.996708882163,0.4609289146462,-7.146869955705));
#10544=VECTOR('',#12585,0.9218578292924);
#10545=CARTESIAN_POINT('',(6.317,0.4086350338404,-7.502));
#10546=VECTOR('',#12586,0.8172700676809);
#10547=CARTESIAN_POINT('',(6.406,-0.4,-7.502));
#10548=CARTESIAN_POINT('',(6.317,-0.4086350338404,-7.502));
#10549=VECTOR('',#12587,0.0894179166019);
#10550=CARTESIAN_POINT('',(6.406,0.4,-7.502));
#10551=CARTESIAN_POINT('',(6.406,0.4,-7.502));
#10552=VECTOR('',#12588,0.8);
#10553=CARTESIAN_POINT('',(6.317,0.4086350338404,-7.502));
#10554=VECTOR('',#12589,0.0894179166019);
#10555=CARTESIAN_POINT('',(6.406,0.4,-7.82));
#10556=CARTESIAN_POINT('',(6.406,0.4,-7.82));
#10557=VECTOR('',#12590,0.318);
#10558=CARTESIAN_POINT('',(6.317,0.4086350338404,-7.82));
#10559=VECTOR('',#12591,0.0894179166019);
#10560=CARTESIAN_POINT('',(6.406,-0.4,-7.82));
#10561=CARTESIAN_POINT('',(6.406,-0.4,-7.82));
#10562=VECTOR('',#12592,0.8);
#10563=CARTESIAN_POINT('',(6.317,-0.4086350338404,-7.82));
#10564=VECTOR('',#12593,0.0894179166019);
#10565=CARTESIAN_POINT('',(6.406,-0.4,-7.502));
#10566=VECTOR('',#12594,0.318);
#10567=CARTESIAN_POINT('',(6.867,-1.92,0.0));
#10568=CARTESIAN_POINT('',(6.867,1.92,0.0));
#10569=CARTESIAN_POINT('',(6.867,-1.92,0.0));
#10570=VECTOR('',#12595,3.84);
#10571=CARTESIAN_POINT('',(6.32441360135,1.92,-0.32));
#10572=AXIS2_PLACEMENT_3D('',#12596,#12597,#12598);
#10573=CARTESIAN_POINT('',(6.32441360135,1.92,-0.32));
#10574=CARTESIAN_POINT('',(6.319409876047,1.92,-0.3290498443066));
#10575=CARTESIAN_POINT('',(6.310035838126,1.920820781695,-0.3470756410509));
#10576=CARTESIAN_POINT('',(6.297831746052,1.924425552936,-0.3735881740548));
#10577=CARTESIAN_POINT('',(6.287326377926,1.930314326358,-0.3994809338057));
#10578=CARTESIAN_POINT('',(6.278345545365,1.938472955718,-0.4247705302845));
#10579=CARTESIAN_POINT('',(6.2708193929,1.948805895292,-0.4491881999911));
#10580=CARTESIAN_POINT('',(6.264569562169,1.961367969758,-0.4728051804158));
#10581=CARTESIAN_POINT('',(6.259509896579,1.976110948497,-0.4953994041644));
#10582=CARTESIAN_POINT('',(6.255506133155,1.993126442032,-0.5169289457505));
#10583=CARTESIAN_POINT('',(6.252486421966,2.012168512866,-0.5369421028112));
#10584=CARTESIAN_POINT('',(6.250293155481,2.033289018295,-0.555378747065));
#10585=CARTESIAN_POINT('',(6.248804688856,2.056226315314,-0.5718874107284));
#10586=CARTESIAN_POINT('',(6.247868582235,2.080890588283,-0.5863116517282));
#10587=CARTESIAN_POINT('',(6.247346466696,2.106908817573,-0.5983618050397));
#10588=CARTESIAN_POINT('',(6.247099395282,2.134108477663,-0.6079268771543));
#10589=CARTESIAN_POINT('',(6.247013051626,2.162321177262,-0.6148823905598));
#10590=CARTESIAN_POINT('',(6.246998949578,2.191116958851,-0.6190759719936));
#10591=CARTESIAN_POINT('',(6.247,2.210383193738,-0.62));
#10592=CARTESIAN_POINT('',(6.247,2.22,-0.62));
#10593=CARTESIAN_POINT('',(6.32441360135,-1.92,-0.32));
#10594=CARTESIAN_POINT('',(6.247,-2.22,-0.62));
#10595=CARTESIAN_POINT('',(6.247,-2.210383193738,-0.62));
#10596=CARTESIAN_POINT('',(6.246998949578,-2.191116958851,-0.6190759719936));
#10597=CARTESIAN_POINT('',(6.247013051626,-2.162321177262,-0.6148823905598));
#10598=CARTESIAN_POINT('',(6.247099395282,-2.134108477663,-0.6079268771543));
#10599=CARTESIAN_POINT('',(6.247346466696,-2.106908817573,-0.5983618050397));
#10600=CARTESIAN_POINT('',(6.247868582235,-2.080890588283,-0.5863116517282));
#10601=CARTESIAN_POINT('',(6.248804688856,-2.056226315314,-0.5718874107284));
#10602=CARTESIAN_POINT('',(6.250293155481,-2.033289018295,-0.555378747065));
#10603=CARTESIAN_POINT('',(6.252486421966,-2.012168512866,-0.5369421028112));
#10604=CARTESIAN_POINT('',(6.255506133155,-1.993126442032,-0.5169289457504));
#10605=CARTESIAN_POINT('',(6.259509896579,-1.976110948497,-0.4953994041643));
#10606=CARTESIAN_POINT('',(6.264569562169,-1.961367969758,-0.4728051804157));
#10607=CARTESIAN_POINT('',(6.2708193929,-1.948805895292,-0.4491881999911));
#10608=CARTESIAN_POINT('',(6.278345545365,-1.938472955718,-0.4247705302845));
#10609=CARTESIAN_POINT('',(6.287326377926,-1.930314326358,-0.3994809338057));
#10610=CARTESIAN_POINT('',(6.297831746052,-1.924425552936,-0.3735881740548));
#10611=CARTESIAN_POINT('',(6.310035838126,-1.920820781695,-0.3470756410509));
#10612=CARTESIAN_POINT('',(6.319409876047,-1.92,-0.3290498443066));
#10613=CARTESIAN_POINT('',(6.32441360135,-1.92,-0.32));
#10614=AXIS2_PLACEMENT_3D('',#12599,#12600,#12601);
#10615=CARTESIAN_POINT('',(6.832301296854,-1.92,-0.32));
#10616=CARTESIAN_POINT('',(6.867,-1.92,-0.318));
#10617=AXIS2_PLACEMENT_3D('',#12602,#12603,#12604);
#10618=CARTESIAN_POINT('',(7.012,-1.92,-0.318));
#10619=CARTESIAN_POINT('',(7.012,-1.92,-0.318));
#10620=VECTOR('',#12605,0.145);
#10621=CARTESIAN_POINT('',(7.012,-1.92,0.0));
#10622=CARTESIAN_POINT('',(7.012,-1.92,0.0));
#10623=VECTOR('',#12606,0.318);
#10624=CARTESIAN_POINT('',(6.867,-1.92,0.0));
#10625=VECTOR('',#12607,0.145);
#10626=CARTESIAN_POINT('',(6.32441360135,-1.92,-0.32));
#10627=VECTOR('',#12608,0.5078876955042);
#10628=CARTESIAN_POINT('',(6.832301296854,-1.92,-0.32));
#10629=CARTESIAN_POINT('',(6.822755251941,-1.92,-0.3211041179289));
#10630=CARTESIAN_POINT('',(6.80391159965,-1.92000996851,-0.3241992357858));
#10631=CARTESIAN_POINT('',(6.776158192305,-1.920180877261,-0.3315161015757));
#10632=CARTESIAN_POINT('',(6.749596627713,-1.920688887921,-0.3412799990752));
#10633=CARTESIAN_POINT('',(6.724329309129,-1.921762899131,-0.3533465832313));
#10634=CARTESIAN_POINT('',(6.700950348221,-1.923623087044,-0.3672735763796));
#10635=CARTESIAN_POINT('',(6.679555687582,-1.926479079403,-0.382737523021));
#10636=CARTESIAN_POINT('',(6.660267664782,-1.930513514587,-0.3993823073036));
#10637=CARTESIAN_POINT('',(6.643242759716,-1.935814850576,-0.4167155266514));
#10638=CARTESIAN_POINT('',(6.628286184255,-1.942501236311,-0.4345466319551));
#10639=CARTESIAN_POINT('',(6.615240145338,-1.950698211577,-0.4527225962509));
#10640=CARTESIAN_POINT('',(6.603986287184,-1.960533907728,-0.4710858786623));
#10641=CARTESIAN_POINT('',(6.594472116131,-1.972043767675,-0.4893523093859));
#10642=CARTESIAN_POINT('',(6.586501028024,-1.985460600161,-0.5075304537537));
#10643=CARTESIAN_POINT('',(6.58005658686,-2.000759798851,-0.5252391912517));
#10644=CARTESIAN_POINT('',(6.574971558098,-2.018123832482,-0.5423834103463));
#10645=CARTESIAN_POINT('',(6.571126496859,-2.037748022547,-0.5587663006102));
#10646=CARTESIAN_POINT('',(6.568424502306,-2.059414590601,-0.573877471493));
#10647=CARTESIAN_POINT('',(6.56666935625,-2.083175619298,-0.5874581652163));
#10648=CARTESIAN_POINT('',(6.565672882103,-2.108499354081,-0.5989784062836));
#10649=CARTESIAN_POINT('',(6.565194561034,-2.135163448547,-0.6082218892339));
#10650=CARTESIAN_POINT('',(6.565025766466,-2.162940226945,-0.6149898097097));
#10651=CARTESIAN_POINT('',(6.564997918683,-2.191401146147,-0.6190931963436));
#10652=CARTESIAN_POINT('',(6.565,-2.21046986473,-0.62));
#10653=CARTESIAN_POINT('',(6.565,-2.22,-0.62));
#10654=CARTESIAN_POINT('',(6.832301296854,1.92,-0.32));
#10655=CARTESIAN_POINT('',(6.565,2.22,-0.62));
#10656=CARTESIAN_POINT('',(6.565,2.21046986473,-0.62));
#10657=CARTESIAN_POINT('',(6.564997918683,2.191401146147,-0.6190931963436));
#10658=CARTESIAN_POINT('',(6.565025766466,2.162940226945,-0.6149898097097));
#10659=CARTESIAN_POINT('',(6.565194561034,2.135163448547,-0.6082218892339));
#10660=CARTESIAN_POINT('',(6.565672882103,2.108499354081,-0.5989784062836));
#10661=CARTESIAN_POINT('',(6.56666935625,2.083175619298,-0.5874581652163));
#10662=CARTESIAN_POINT('',(6.568424502306,2.059414590601,-0.573877471493));
#10663=CARTESIAN_POINT('',(6.571126496859,2.037748022547,-0.5587663006102));
#10664=CARTESIAN_POINT('',(6.574971558098,2.018123832482,-0.5423834103463));
#10665=CARTESIAN_POINT('',(6.58005658686,2.000759798851,-0.5252391912517));
#10666=CARTESIAN_POINT('',(6.586501028024,1.985460600161,-0.5075304537537));
#10667=CARTESIAN_POINT('',(6.594472116131,1.972043767675,-0.4893523093859));
#10668=CARTESIAN_POINT('',(6.603986287184,1.960533907728,-0.4710858786623));
#10669=CARTESIAN_POINT('',(6.615240145338,1.950698211577,-0.4527225962509));
#10670=CARTESIAN_POINT('',(6.628286184255,1.942501236311,-0.4345466319551));
#10671=CARTESIAN_POINT('',(6.643242759716,1.935814850576,-0.4167155266514));
#10672=CARTESIAN_POINT('',(6.660267664782,1.930513514587,-0.3993823073035));
#10673=CARTESIAN_POINT('',(6.679555687582,1.926479079403,-0.382737523021));
#10674=CARTESIAN_POINT('',(6.700950348221,1.923623087044,-0.3672735763796));
#10675=CARTESIAN_POINT('',(6.724329309129,1.921762899131,-0.3533465832313));
#10676=CARTESIAN_POINT('',(6.749596627713,1.920688887921,-0.3412799990752));
#10677=CARTESIAN_POINT('',(6.776158192305,1.920180877261,-0.3315161015757));
#10678=CARTESIAN_POINT('',(6.80391159965,1.92000996851,-0.3241992357858));
#10679=CARTESIAN_POINT('',(6.822755251941,1.92,-0.3211041179289));
#10680=CARTESIAN_POINT('',(6.832301296854,1.92,-0.32));
#10681=CARTESIAN_POINT('',(6.867,1.92,-0.318));
#10682=AXIS2_PLACEMENT_3D('',#12609,#12610,#12611);
#10683=CARTESIAN_POINT('',(6.867,-1.92,-0.318));
#10684=VECTOR('',#12612,3.84);
#10685=CARTESIAN_POINT('',(7.312,-1.62,-0.318));
#10686=CARTESIAN_POINT('',(7.312,1.62,-0.318));
#10687=CARTESIAN_POINT('',(7.312,-1.62,-0.318));
#10688=VECTOR('',#12613,3.24);
#10689=AXIS2_PLACEMENT_3D('',#12614,#12615,#12616);
#10690=CARTESIAN_POINT('',(7.012,1.92,-0.318));
#10691=CARTESIAN_POINT('',(7.012,1.92,-0.318));
#10692=VECTOR('',#12617,0.145);
#10693=AXIS2_PLACEMENT_3D('',#12618,#12619,#12620);
#10694=CARTESIAN_POINT('',(7.312,1.62,0.0));
#10695=CARTESIAN_POINT('',(7.312,1.62,-0.318));
#10696=VECTOR('',#12621,0.318);
#10697=CARTESIAN_POINT('',(7.012,1.92,0.0));
#10698=CARTESIAN_POINT('',(7.012,1.92,-0.318));
#10699=VECTOR('',#12622,0.318);
#10700=AXIS2_PLACEMENT_3D('',#12623,#12624,#12625);
#10701=CARTESIAN_POINT('',(6.867,1.92,0.0));
#10702=VECTOR('',#12626,0.145);
#10703=CARTESIAN_POINT('',(7.312,-1.62,0.0));
#10704=AXIS2_PLACEMENT_3D('',#12627,#12628,#12629);
#10705=CARTESIAN_POINT('',(7.312,-1.62,0.0));
#10706=VECTOR('',#12630,3.24);
#10707=CARTESIAN_POINT('',(7.312,-1.62,0.0));
#10708=VECTOR('',#12631,0.318);
#10709=CARTESIAN_POINT('',(6.832301296854,1.92,-0.32));
#10710=VECTOR('',#12632,0.5078876955042);
#10711=CARTESIAN_POINT('',(-5.55,1.238,-1.366025403784));
#10712=CARTESIAN_POINT('',(-5.55,1.238,-1.366025403784));
#10713=VECTOR('',#12633,7.513974596216);
#10714=CARTESIAN_POINT('',(-5.55,0.9061370849898,-3.5));
#10715=CARTESIAN_POINT('',(-5.55,0.9061370849898,-8.88));
#10716=VECTOR('',#12634,5.38);
#10717=CARTESIAN_POINT('',(-5.55,0.5698629150102,-3.5));
#10718=CARTESIAN_POINT('',(-5.55,0.5698629150102,-3.5));
#10719=VECTOR('',#12635,0.3362741699797);
#10720=CARTESIAN_POINT('',(-5.55,0.5698629150102,-8.88));
#10721=VECTOR('',#12636,5.38);
#10722=CARTESIAN_POINT('',(-5.55,0.168,-1.366025403784));
#10723=CARTESIAN_POINT('',(-5.55,0.168,-8.88));
#10724=VECTOR('',#12637,7.513974596216);
#10725=CARTESIAN_POINT('',(-5.55,0.168,-1.366025403784));
#10726=VECTOR('',#12638,1.07);
#10727=CARTESIAN_POINT('',(-5.429641941386,0.03835805861408,-1.157559131165));
#10728=CARTESIAN_POINT('',(-5.429641941386,0.03835805861408,-1.157559131164));
#10729=CARTESIAN_POINT('',(-5.444697076,0.03947776357961,-1.183635389232));
#10730=CARTESIAN_POINT('',(-5.472267040896,0.04661236220086,-1.231387969193));
#10731=CARTESIAN_POINT('',(-5.501737034401,0.06515112964129,-1.282431495242));
#10732=CARTESIAN_POINT('',(-5.522008788706,0.08634944396113,-1.317543203657));
#10733=CARTESIAN_POINT('',(-5.535209928896,0.1061073529966,-1.340408249184));
#10734=CARTESIAN_POINT('',(-5.544025941961,0.1267826700988,-1.355678031734));
#10735=CARTESIAN_POINT('',(-5.548791700983,0.1477300919086,-1.363932568496));
#10736=CARTESIAN_POINT('',(-5.55,0.1604672297084,-1.366025403784));
#10737=CARTESIAN_POINT('',(-5.55,0.168,-1.366025403784));
#10738=CARTESIAN_POINT('',(-5.05,0.418,-0.5));
#10739=CARTESIAN_POINT('',(-5.05,0.418,-0.5));
#10740=VECTOR('',#12639,0.8489051880489);
#10741=CARTESIAN_POINT('',(-5.05,1.378,-0.5));
#10742=CARTESIAN_POINT('',(-5.05,0.418,-0.5));
#10743=VECTOR('',#12640,0.96);
#10744=CARTESIAN_POINT('',(-5.362548339959,1.690548339959,-1.041349604631));
#10745=CARTESIAN_POINT('',(-5.362548339959,1.690548339959,-1.041349604631));
#10746=VECTOR('',#12641,0.6988793344039);
#10747=CARTESIAN_POINT('',(-5.55,1.238,-1.366025403784));
#10748=CARTESIAN_POINT('',(-5.55,1.266510472261,-1.366025403784));
#10749=CARTESIAN_POINT('',(-5.546296693297,1.318953877957,-1.359611088419));
#10750=CARTESIAN_POINT('',(-5.528944312267,1.411547044476,-1.329555882842));
#10751=CARTESIAN_POINT('',(-5.493323861177,1.510070106845,-1.267859451766));
#10752=CARTESIAN_POINT('',(-5.435229251056,1.609324053175,-1.16723663539));
#10753=CARTESIAN_POINT('',(-5.388048881578,1.665047798341,-1.085517838335));
#10754=CARTESIAN_POINT('',(-5.362548339959,1.690548339959,-1.041349604631));
#10755=CARTESIAN_POINT('',(-4.91,1.878,-1.366025403784));
#10756=CARTESIAN_POINT('',(-4.91,1.878,-1.366025403784));
#10757=CARTESIAN_POINT('',(-4.938510472261,1.878,-1.366025403784));
#10758=CARTESIAN_POINT('',(-4.990953877957,1.874296693297,-1.359611088419));
#10759=CARTESIAN_POINT('',(-5.083547044476,1.856944312267,-1.329555882842));
#10760=CARTESIAN_POINT('',(-5.182070106845,1.821323861177,-1.267859451766));
#10761=CARTESIAN_POINT('',(-5.281324053175,1.763229251056,-1.16723663539));
#10762=CARTESIAN_POINT('',(-5.337047798341,1.716048881578,-1.085517838335));
#10763=CARTESIAN_POINT('',(-5.362548339959,1.690548339959,-1.041349604631));
#10764=CARTESIAN_POINT('',(-4.91,1.878,-1.366025403784));
#10765=VECTOR('',#12642,7.513974596216);
#10766=CARTESIAN_POINT('',(4.91,1.878,-1.366025403784));
#10767=CARTESIAN_POINT('',(-4.91,1.878,-1.366025403784));
#10768=VECTOR('',#12643,9.82);
#10769=CARTESIAN_POINT('',(4.91,1.878,-8.88));
#10770=VECTOR('',#12644,7.513974596216);
#10771=CARTESIAN_POINT('',(5.55,1.238,-1.366025403784));
#10772=CARTESIAN_POINT('',(5.55,1.238,-8.88));
#10773=VECTOR('',#12645,7.513974596216);
#10774=CARTESIAN_POINT('',(5.362548339959,1.690548339959,-1.041349604631));
#10775=CARTESIAN_POINT('',(5.362548339959,1.690548339959,-1.041349604631));
#10776=CARTESIAN_POINT('',(5.337047798341,1.716048881578,-1.085517838335));
#10777=CARTESIAN_POINT('',(5.281324053175,1.763229251056,-1.16723663539));
#10778=CARTESIAN_POINT('',(5.182070106845,1.821323861177,-1.267859451766));
#10779=CARTESIAN_POINT('',(5.083547044476,1.856944312267,-1.329555882842));
#10780=CARTESIAN_POINT('',(4.990953877957,1.874296693297,-1.359611088419));
#10781=CARTESIAN_POINT('',(4.938510472261,1.878,-1.366025403784));
#10782=CARTESIAN_POINT('',(4.91,1.878,-1.366025403784));
#10783=CARTESIAN_POINT('',(5.362548339959,1.690548339959,-1.041349604631));
#10784=CARTESIAN_POINT('',(5.388048881578,1.665047798341,-1.085517838335));
#10785=CARTESIAN_POINT('',(5.435229251056,1.609324053175,-1.16723663539));
#10786=CARTESIAN_POINT('',(5.493323861177,1.510070106845,-1.267859451766));
#10787=CARTESIAN_POINT('',(5.528944312267,1.411547044476,-1.329555882842));
#10788=CARTESIAN_POINT('',(5.546296693297,1.318953877957,-1.359611088419));
#10789=CARTESIAN_POINT('',(5.55,1.266510472261,-1.366025403784));
#10790=CARTESIAN_POINT('',(5.55,1.238,-1.366025403784));
#10791=CARTESIAN_POINT('',(5.55,0.168,-1.366025403784));
#10792=CARTESIAN_POINT('',(5.55,1.238,-1.366025403784));
#10793=VECTOR('',#12646,1.07);
#10794=CARTESIAN_POINT('',(5.05,1.378,-0.5));
#10795=CARTESIAN_POINT('',(5.05,1.378,-0.5));
#10796=VECTOR('',#12647,0.6988793344039);
#10797=CARTESIAN_POINT('',(5.05,0.418,-0.5));
#10798=CARTESIAN_POINT('',(5.05,1.378,-0.5));
#10799=VECTOR('',#12648,0.96);
#10800=CARTESIAN_POINT('',(5.429641941386,0.03835805861408,-1.157559131164));
#10801=CARTESIAN_POINT('',(5.429641941386,0.03835805861408,-1.157559131165));
#10802=VECTOR('',#12649,0.8489051880489);
#10803=CARTESIAN_POINT('',(5.55,0.168,-1.366025403784));
#10804=CARTESIAN_POINT('',(5.55,0.1604672297084,-1.366025403784));
#10805=CARTESIAN_POINT('',(5.548791700983,0.1477300919086,-1.363932568496));
#10806=CARTESIAN_POINT('',(5.544025941961,0.1267826700988,-1.355678031734));
#10807=CARTESIAN_POINT('',(5.535209928896,0.1061073529966,-1.340408249184));
#10808=CARTESIAN_POINT('',(5.522008788706,0.08634944396112,-1.317543203657));
#10809=CARTESIAN_POINT('',(5.501737034401,0.06515112964128,-1.282431495242));
#10810=CARTESIAN_POINT('',(5.472267040896,0.04661236220086,-1.231387969193));
#10811=CARTESIAN_POINT('',(5.444697076,0.03947776357961,-1.183635389232));
#10812=CARTESIAN_POINT('',(5.429641941386,0.03835805861408,-1.157559131164));
#10813=CARTESIAN_POINT('',(5.42,0.038,-1.158179306876));
#10814=CARTESIAN_POINT('',(5.42,0.038,-1.158179306876));
#10815=CARTESIAN_POINT('',(5.423231636744,0.038,-1.158179306876));
#10816=CARTESIAN_POINT('',(5.426445473293,0.0381203256886,-1.15797089667));
#10817=CARTESIAN_POINT('',(5.429641941386,0.03835805861408,-1.157559131164));
#10818=CARTESIAN_POINT('',(5.42,0.038,-1.158179306876));
#10819=VECTOR('',#12650,7.721820693124);
#10820=CARTESIAN_POINT('',(5.55,0.168,-1.366025403784));
#10821=VECTOR('',#12651,7.513974596216);
#10822=CARTESIAN_POINT('',(5.55,0.5698629150102,-3.5));
#10823=CARTESIAN_POINT('',(5.55,0.5698629150102,-8.88));
#10824=VECTOR('',#12652,5.38);
#10825=CARTESIAN_POINT('',(5.55,0.9061370849898,-3.5));
#10826=CARTESIAN_POINT('',(5.55,0.5698629150102,-3.5));
#10827=VECTOR('',#12653,0.3362741699797);
#10828=CARTESIAN_POINT('',(5.55,0.9061370849898,-8.88));
#10829=VECTOR('',#12654,5.38);
#10830=CARTESIAN_POINT('',(5.661568542495,0.7945685424949,-3.5));
#10831=VECTOR('',#12655,0.1577817459305);
#10832=CARTESIAN_POINT('',(5.661568542495,0.6814314575051,-3.5));
#10833=AXIS2_PLACEMENT_3D('',#12656,#12657,#12658);
#10834=CARTESIAN_POINT('',(5.661568542495,0.6814314575051,-8.88));
#10835=VECTOR('',#12659,5.38);
#10836=CARTESIAN_POINT('',(5.55,0.5698629150102,-3.5));
#10837=VECTOR('',#12660,0.1577817459305);
#10838=CARTESIAN_POINT('',(-5.55,0.9061370849898,-3.5));
#10839=VECTOR('',#12661,0.1577817459305);
#10840=CARTESIAN_POINT('',(-5.661568542495,0.6814314575051,-3.5));
#10841=AXIS2_PLACEMENT_3D('',#12662,#12663,#12664);
#10842=CARTESIAN_POINT('',(-5.661568542495,0.6814314575051,-3.5));
#10843=VECTOR('',#12665,0.1577817459305);
#10844=CARTESIAN_POINT('',(-5.661568542495,0.6814314575051,-8.88));
#10845=VECTOR('',#12666,5.38);
#10846=CARTESIAN_POINT('',(-5.42,0.038,-1.158179306876));
#10847=CARTESIAN_POINT('',(-5.42,0.038,-1.158179306876));
#10848=VECTOR('',#12667,10.84);
#10849=CARTESIAN_POINT('',(-5.42,0.038,-8.88));
#10850=VECTOR('',#12668,7.721820693124);
#10851=CARTESIAN_POINT('',(-3.0,0.038,-6.253659052624));
#10852=CARTESIAN_POINT('',(-4.0,0.038,-6.253659052624));
#10853=CARTESIAN_POINT('',(-3.0,0.038,-6.253659052624));
#10854=VECTOR('',#12669,1.0);
#10855=CARTESIAN_POINT('',(-4.0,0.038,-5.395162844046));
#10856=CARTESIAN_POINT('',(-4.0,0.038,-6.253659052624));
#10857=VECTOR('',#12670,0.8584962085782);
#10858=CARTESIAN_POINT('',(-3.0,0.038,-5.395162844046));
#10859=CARTESIAN_POINT('',(-3.0,0.038,-5.395162844046));
#10860=VECTOR('',#12671,1.0);
#10861=CARTESIAN_POINT('',(-3.0,0.038,-6.253659052624));
#10862=VECTOR('',#12672,0.8584962085782);
#10863=CARTESIAN_POINT('',(-3.0,0.038,-3.119498226127));
#10864=CARTESIAN_POINT('',(-4.0,0.038,-3.119498226127));
#10865=CARTESIAN_POINT('',(-3.0,0.038,-3.119498226127));
#10866=VECTOR('',#12673,1.0);
#10867=CARTESIAN_POINT('',(-4.0,0.038,-2.820291873757));
#10868=CARTESIAN_POINT('',(-4.0,0.038,-3.119498226127));
#10869=VECTOR('',#12674,0.2992063523708);
#10870=CARTESIAN_POINT('',(-3.0,0.038,-2.820291873757));
#10871=CARTESIAN_POINT('',(-3.0,0.038,-2.820291873757));
#10872=VECTOR('',#12675,1.0);
#10873=CARTESIAN_POINT('',(-3.0,0.038,-3.119498226127));
#10874=VECTOR('',#12676,0.2992063523708);
#10875=CARTESIAN_POINT('',(-0.5,0.038,-6.253659052624));
#10876=CARTESIAN_POINT('',(-1.5,0.038,-6.253659052624));
#10877=CARTESIAN_POINT('',(-0.5,0.038,-6.253659052624));
#10878=VECTOR('',#12677,1.0);
#10879=CARTESIAN_POINT('',(-1.5,0.038,-5.395162844046));
#10880=CARTESIAN_POINT('',(-1.5,0.038,-6.253659052624));
#10881=VECTOR('',#12678,0.8584962085782);
#10882=CARTESIAN_POINT('',(-0.5,0.038,-5.395162844046));
#10883=CARTESIAN_POINT('',(-0.5,0.038,-5.395162844046));
#10884=VECTOR('',#12679,1.0);
#10885=CARTESIAN_POINT('',(-0.5,0.038,-6.253659052624));
#10886=VECTOR('',#12680,0.8584962085782);
#10887=CARTESIAN_POINT('',(-0.5,0.038,-3.119498226127));
#10888=CARTESIAN_POINT('',(-1.5,0.038,-3.119498226127));
#10889=CARTESIAN_POINT('',(-0.5,0.038,-3.119498226127));
#10890=VECTOR('',#12681,1.0);
#10891=CARTESIAN_POINT('',(-1.5,0.038,-2.820291873757));
#10892=CARTESIAN_POINT('',(-1.5,0.038,-3.119498226127));
#10893=VECTOR('',#12682,0.2992063523708);
#10894=CARTESIAN_POINT('',(-0.5,0.038,-2.820291873757));
#10895=CARTESIAN_POINT('',(-0.5,0.038,-2.820291873757));
#10896=VECTOR('',#12683,1.0);
#10897=CARTESIAN_POINT('',(-0.5,0.038,-3.119498226127));
#10898=VECTOR('',#12684,0.2992063523708);
#10899=CARTESIAN_POINT('',(1.5,0.038,-6.253659052624));
#10900=CARTESIAN_POINT('',(0.5,0.038,-6.253659052624));
#10901=CARTESIAN_POINT('',(1.5,0.038,-6.253659052624));
#10902=VECTOR('',#12685,1.0);
#10903=CARTESIAN_POINT('',(0.5,0.038,-5.395162844046));
#10904=CARTESIAN_POINT('',(0.5,0.038,-6.253659052624));
#10905=VECTOR('',#12686,0.8584962085782);
#10906=CARTESIAN_POINT('',(1.5,0.038,-5.395162844046));
#10907=CARTESIAN_POINT('',(1.5,0.038,-5.395162844046));
#10908=VECTOR('',#12687,1.0);
#10909=CARTESIAN_POINT('',(1.5,0.038,-6.253659052624));
#10910=VECTOR('',#12688,0.8584962085782);
#10911=CARTESIAN_POINT('',(1.5,0.038,-3.119498226127));
#10912=CARTESIAN_POINT('',(0.5,0.038,-3.119498226127));
#10913=CARTESIAN_POINT('',(1.5,0.038,-3.119498226127));
#10914=VECTOR('',#12689,1.0);
#10915=CARTESIAN_POINT('',(0.5,0.038,-2.820291873757));
#10916=CARTESIAN_POINT('',(0.5,0.038,-3.119498226127));
#10917=VECTOR('',#12690,0.2992063523708);
#10918=CARTESIAN_POINT('',(1.5,0.038,-2.820291873757));
#10919=CARTESIAN_POINT('',(1.5,0.038,-2.820291873757));
#10920=VECTOR('',#12691,1.0);
#10921=CARTESIAN_POINT('',(1.5,0.038,-3.119498226127));
#10922=VECTOR('',#12692,0.2992063523708);
#10923=CARTESIAN_POINT('',(4.0,0.038,-6.253659052624));
#10924=CARTESIAN_POINT('',(3.0,0.038,-6.253659052624));
#10925=CARTESIAN_POINT('',(4.0,0.038,-6.253659052624));
#10926=VECTOR('',#12693,1.0);
#10927=CARTESIAN_POINT('',(3.0,0.038,-5.395162844046));
#10928=CARTESIAN_POINT('',(3.0,0.038,-6.253659052624));
#10929=VECTOR('',#12694,0.8584962085782);
#10930=CARTESIAN_POINT('',(4.0,0.038,-5.395162844046));
#10931=CARTESIAN_POINT('',(4.0,0.038,-5.395162844046));
#10932=VECTOR('',#12695,1.0);
#10933=CARTESIAN_POINT('',(4.0,0.038,-6.253659052624));
#10934=VECTOR('',#12696,0.8584962085782);
#10935=CARTESIAN_POINT('',(4.0,0.038,-3.119498226127));
#10936=CARTESIAN_POINT('',(3.0,0.038,-3.119498226127));
#10937=CARTESIAN_POINT('',(4.0,0.038,-3.119498226127));
#10938=VECTOR('',#12697,1.0);
#10939=CARTESIAN_POINT('',(3.0,0.038,-2.820291873757));
#10940=CARTESIAN_POINT('',(3.0,0.038,-3.119498226127));
#10941=VECTOR('',#12698,0.2992063523708);
#10942=CARTESIAN_POINT('',(4.0,0.038,-2.820291873757));
#10943=CARTESIAN_POINT('',(4.0,0.038,-2.820291873757));
#10944=VECTOR('',#12699,1.0);
#10945=CARTESIAN_POINT('',(4.0,0.038,-3.119498226127));
#10946=VECTOR('',#12700,0.2992063523708);
#10947=CARTESIAN_POINT('',(-5.429641941386,0.03835805861408,-1.157559131164));
#10948=CARTESIAN_POINT('',(-5.426445473293,0.0381203256886,-1.15797089667));
#10949=CARTESIAN_POINT('',(-5.423231636744,0.038,-1.158179306876));
#10950=CARTESIAN_POINT('',(-5.42,0.038,-1.158179306876));
#10951=CARTESIAN_POINT('',(-5.05,0.418,-0.5));
#10952=VECTOR('',#12701,10.1);
#10953=CARTESIAN_POINT('',(-5.05,1.378,-0.5));
#10954=VECTOR('',#12702,10.1);
#10955=CARTESIAN_POINT('',(-3.0,-0.318859881224,-4.227926767112));
#10956=CARTESIAN_POINT('',(-3.0,-0.318859881224,-4.227926767112));
#10957=VECTOR('',#12703,1.220569143524);
#10958=AXIS2_PLACEMENT_3D('',#12704,#12705,#12706);
#10959=CARTESIAN_POINT('',(-3.0,-0.5588923749707,-4.301312064998));
#10960=AXIS2_PLACEMENT_3D('',#12707,#12708,#12709);
#10961=CARTESIAN_POINT('',(-3.0,0.038,-6.253659052624));
#10962=VECTOR('',#12710,2.041553150763);
#10963=CARTESIAN_POINT('',(-4.0,-0.5588923749707,-4.301312064998));
#10964=CARTESIAN_POINT('',(-3.0,-0.5588923749707,-4.301312064998));
#10965=VECTOR('',#12711,1.0);
#10966=CARTESIAN_POINT('',(-4.0,0.038,-6.253659052624));
#10967=VECTOR('',#12712,2.041553150763);
#10968=AXIS2_PLACEMENT_3D('',#12713,#12714,#12715);
#10969=CARTESIAN_POINT('',(-4.0,-0.318859881224,-4.227926767112));
#10970=AXIS2_PLACEMENT_3D('',#12716,#12717,#12718);
#10971=CARTESIAN_POINT('',(-4.0,-0.318859881224,-4.227926767112));
#10972=VECTOR('',#12719,1.220569143524);
#10973=CARTESIAN_POINT('',(-3.0,-0.318859881224,-4.227926767112));
#10974=VECTOR('',#12720,1.0);
#10975=CARTESIAN_POINT('',(-0.5,-0.318859881224,-4.227926767112));
#10976=CARTESIAN_POINT('',(-0.5,-0.318859881224,-4.227926767112));
#10977=VECTOR('',#12721,1.220569143524);
#10978=AXIS2_PLACEMENT_3D('',#12722,#12723,#12724);
#10979=CARTESIAN_POINT('',(-0.5,-0.5588923749707,-4.301312064998));
#10980=AXIS2_PLACEMENT_3D('',#12725,#12726,#12727);
#10981=CARTESIAN_POINT('',(-0.5,0.038,-6.253659052624));
#10982=VECTOR('',#12728,2.041553150763);
#10983=CARTESIAN_POINT('',(-1.5,-0.5588923749707,-4.301312064998));
#10984=CARTESIAN_POINT('',(-0.5,-0.5588923749707,-4.301312064998));
#10985=VECTOR('',#12729,1.0);
#10986=CARTESIAN_POINT('',(-1.5,0.038,-6.253659052624));
#10987=VECTOR('',#12730,2.041553150763);
#10988=AXIS2_PLACEMENT_3D('',#12731,#12732,#12733);
#10989=CARTESIAN_POINT('',(-1.5,-0.318859881224,-4.227926767112));
#10990=AXIS2_PLACEMENT_3D('',#12734,#12735,#12736);
#10991=CARTESIAN_POINT('',(-1.5,-0.318859881224,-4.227926767112));
#10992=VECTOR('',#12737,1.220569143524);
#10993=CARTESIAN_POINT('',(-0.5,-0.318859881224,-4.227926767112));
#10994=VECTOR('',#12738,1.0);
#10995=CARTESIAN_POINT('',(1.5,-0.318859881224,-4.227926767112));
#10996=CARTESIAN_POINT('',(1.5,-0.318859881224,-4.227926767112));
#10997=VECTOR('',#12739,1.220569143524);
#10998=AXIS2_PLACEMENT_3D('',#12740,#12741,#12742);
#10999=CARTESIAN_POINT('',(1.5,-0.5588923749707,-4.301312064998));
#11000=AXIS2_PLACEMENT_3D('',#12743,#12744,#12745);
#11001=CARTESIAN_POINT('',(1.5,0.038,-6.253659052624));
#11002=VECTOR('',#12746,2.041553150763);
#11003=CARTESIAN_POINT('',(0.5,-0.5588923749707,-4.301312064998));
#11004=CARTESIAN_POINT('',(1.5,-0.5588923749707,-4.301312064998));
#11005=VECTOR('',#12747,1.0);
#11006=CARTESIAN_POINT('',(0.5,0.038,-6.253659052624));
#11007=VECTOR('',#12748,2.041553150763);
#11008=AXIS2_PLACEMENT_3D('',#12749,#12750,#12751);
#11009=CARTESIAN_POINT('',(0.5,-0.318859881224,-4.227926767112));
#11010=AXIS2_PLACEMENT_3D('',#12752,#12753,#12754);
#11011=CARTESIAN_POINT('',(0.5,-0.318859881224,-4.227926767112));
#11012=VECTOR('',#12755,1.220569143524);
#11013=CARTESIAN_POINT('',(1.5,-0.318859881224,-4.227926767112));
#11014=VECTOR('',#12756,1.0);
#11015=CARTESIAN_POINT('',(4.0,-0.318859881224,-4.227926767112));
#11016=CARTESIAN_POINT('',(4.0,-0.318859881224,-4.227926767112));
#11017=VECTOR('',#12757,1.220569143524);
#11018=AXIS2_PLACEMENT_3D('',#12758,#12759,#12760);
#11019=CARTESIAN_POINT('',(4.0,-0.5588923749707,-4.301312064998));
#11020=AXIS2_PLACEMENT_3D('',#12761,#12762,#12763);
#11021=CARTESIAN_POINT('',(4.0,0.038,-6.253659052624));
#11022=VECTOR('',#12764,2.041553150763);
#11023=CARTESIAN_POINT('',(3.0,-0.5588923749707,-4.301312064998));
#11024=CARTESIAN_POINT('',(4.0,-0.5588923749707,-4.301312064998));
#11025=VECTOR('',#12765,1.0);
#11026=CARTESIAN_POINT('',(3.0,0.038,-6.253659052624));
#11027=VECTOR('',#12766,2.041553150763);
#11028=AXIS2_PLACEMENT_3D('',#12767,#12768,#12769);
#11029=CARTESIAN_POINT('',(3.0,-0.318859881224,-4.227926767112));
#11030=AXIS2_PLACEMENT_3D('',#12770,#12771,#12772);
#11031=CARTESIAN_POINT('',(3.0,-0.318859881224,-4.227926767112));
#11032=VECTOR('',#12773,1.220569143524);
#11033=CARTESIAN_POINT('',(4.0,-0.318859881224,-4.227926767112));
#11034=VECTOR('',#12774,1.0);
#11035=CARTESIAN_POINT('',(-3.4325,-1.03,-9.045));
#11036=CARTESIAN_POINT('',(-3.4325,-1.03,-8.88));
#11037=VECTOR('',#12775,0.165);
#11038=CARTESIAN_POINT('',(-3.4325,-1.7,-9.045));
#11039=CARTESIAN_POINT('',(-3.4325,-1.7,-9.045));
#11040=VECTOR('',#12776,0.67);
#11041=CARTESIAN_POINT('',(-3.4325,-1.7,-8.88));
#11042=VECTOR('',#12777,0.165);
#11043=CARTESIAN_POINT('',(-3.51625,-1.7,-9.045));
#11044=CARTESIAN_POINT('',(-3.51625,-1.7,-9.045));
#11045=VECTOR('',#12778,0.08375);
#11046=CARTESIAN_POINT('',(-3.51625,-1.7,-8.88));
#11047=VECTOR('',#12779,0.165);
#11048=CARTESIAN_POINT('',(-3.51625,-1.144042539597,-9.045));
#11049=CARTESIAN_POINT('',(-3.51625,-1.144042539597,-9.045));
#11050=VECTOR('',#12780,0.5559574604034);
#11051=CARTESIAN_POINT('',(-3.51625,-1.144042539597,-8.88));
#11052=VECTOR('',#12781,0.165);
#11053=CARTESIAN_POINT('',(-3.6,-1.243829801679,-9.045));
#11054=CARTESIAN_POINT('',(-3.6,-1.243829801679,-9.045));
#11055=VECTOR('',#12782,0.1302749406979);
#11056=CARTESIAN_POINT('',(-3.6,-1.243829801679,-8.88));
#11057=VECTOR('',#12783,0.165);
#11058=CARTESIAN_POINT('',(-3.6,-1.129787222147,-9.045));
#11059=CARTESIAN_POINT('',(-3.6,-1.129787222147,-9.045));
#11060=VECTOR('',#12784,0.1140425795317);
#11061=CARTESIAN_POINT('',(-3.6,-1.129787222147,-8.88));
#11062=VECTOR('',#12785,0.165);
#11063=CARTESIAN_POINT('',(-3.51625,-1.03,-9.045));
#11064=CARTESIAN_POINT('',(-3.51625,-1.03,-9.045));
#11065=VECTOR('',#12786,0.1302749101086);
#11066=CARTESIAN_POINT('',(-3.51625,-1.03,-8.88));
#11067=VECTOR('',#12787,0.165);
#11068=CARTESIAN_POINT('',(-3.4325,-1.03,-9.045));
#11069=VECTOR('',#12788,0.08375);
#11070=CARTESIAN_POINT('',(6.247,-3.65,-11.3));
#11071=CARTESIAN_POINT('',(6.247,-3.65,-11.3));
#11072=VECTOR('',#12789,0.318);
#11073=CARTESIAN_POINT('',(6.247,-3.65,-14.0));
#11074=CARTESIAN_POINT('',(6.247,-3.65,-11.3));
#11075=VECTOR('',#12790,2.7);
#11076=CARTESIAN_POINT('',(6.247,-3.65,-14.0));
#11077=VECTOR('',#12791,0.318);
#11078=CARTESIAN_POINT('',(-6.247,-3.65,-11.3));
#11079=CARTESIAN_POINT('',(-6.565,-3.65,-11.3));
#11080=VECTOR('',#12792,0.318);
#11081=CARTESIAN_POINT('',(-6.247,-3.65,-14.0));
#11082=CARTESIAN_POINT('',(-6.565,-3.65,-14.0));
#11083=VECTOR('',#12793,0.318);
#11084=CARTESIAN_POINT('',(-6.247,-3.65,-14.0));
#11085=VECTOR('',#12794,2.7);
#11086=AXIS2_PLACEMENT_3D('',#12795,#12796,#12797);
#11087=CARTESIAN_POINT('',(6.247,-2.791945649498,-14.0));
#11088=CARTESIAN_POINT('',(6.247,-3.65,-14.0));
#11089=VECTOR('',#12798,0.8580543505018);
#11090=CARTESIAN_POINT('',(6.15,-2.837758312364,-14.0));
#11091=AXIS2_PLACEMENT_3D('',#12799,#12800,#12801);
#11092=CARTESIAN_POINT('',(6.15,-3.752,-14.0));
#11093=CARTESIAN_POINT('',(6.15,-2.837758312364,-14.0));
#11094=VECTOR('',#12802,0.9142416876362);
#11095=CARTESIAN_POINT('',(2.4,-3.752,-14.0));
#11096=CARTESIAN_POINT('',(2.4,-3.752,-14.0));
#11097=VECTOR('',#12803,3.75);
#11098=CARTESIAN_POINT('',(2.4,-4.132,-14.0));
#11099=CARTESIAN_POINT('',(2.4,-3.752,-14.0));
#11100=VECTOR('',#12804,0.38);
#11101=CARTESIAN_POINT('',(1.75,-4.132,-14.0));
#11102=CARTESIAN_POINT('',(1.75,-4.132,-14.0));
#11103=VECTOR('',#12805,0.65);
#11104=CARTESIAN_POINT('',(1.75,-3.752,-14.0));
#11105=CARTESIAN_POINT('',(1.75,-3.752,-14.0));
#11106=VECTOR('',#12806,0.38);
#11107=CARTESIAN_POINT('',(-1.75,-3.752,-14.0));
#11108=CARTESIAN_POINT('',(-1.75,-3.752,-14.0));
#11109=VECTOR('',#12807,3.5);
#11110=CARTESIAN_POINT('',(-1.75,-4.132,-14.0));
#11111=CARTESIAN_POINT('',(-1.75,-3.752,-14.0));
#11112=VECTOR('',#12808,0.38);
#11113=CARTESIAN_POINT('',(-2.4,-4.132,-14.0));
#11114=CARTESIAN_POINT('',(-2.4,-4.132,-14.0));
#11115=VECTOR('',#12809,0.65);
#11116=CARTESIAN_POINT('',(-2.4,-3.752,-14.0));
#11117=CARTESIAN_POINT('',(-2.4,-3.752,-14.0));
#11118=VECTOR('',#12810,0.38);
#11119=CARTESIAN_POINT('',(-6.15,-3.752,-14.0));
#11120=CARTESIAN_POINT('',(-6.15,-3.752,-14.0));
#11121=VECTOR('',#12811,3.75);
#11122=CARTESIAN_POINT('',(-6.15,-2.837758312364,-14.0));
#11123=CARTESIAN_POINT('',(-6.15,-3.752,-14.0));
#11124=VECTOR('',#12812,0.9142416876362);
#11125=CARTESIAN_POINT('',(-6.247,-2.791945649498,-14.0));
#11126=AXIS2_PLACEMENT_3D('',#12813,#12814,#12815);
#11127=CARTESIAN_POINT('',(-6.247,-2.791945649498,-14.0));
#11128=VECTOR('',#12816,0.8580543505018);
#11129=AXIS2_PLACEMENT_3D('',#12817,#12818,#12819);
#11130=CARTESIAN_POINT('',(-6.247,-2.791945649498,-9.26));
#11131=CARTESIAN_POINT('',(-6.247,-2.791945649498,-14.0));
#11132=VECTOR('',#12820,4.74);
#11133=CARTESIAN_POINT('',(-6.247,-3.65,-9.26));
#11134=CARTESIAN_POINT('',(-6.247,-2.791945649498,-9.26));
#11135=VECTOR('',#12821,0.8580543505018);
#11136=CARTESIAN_POINT('',(-6.247,-3.65,-11.3));
#11137=VECTOR('',#12822,2.04);
#11138=CARTESIAN_POINT('',(-6.497451751994,-4.338110533266,-9.351269040999));
#11139=CARTESIAN_POINT('',(-6.497451751994,-4.338110533266,-9.351269040999));
#11140=CARTESIAN_POINT('',(-6.455634849,-4.288275088892,-9.344659008169));
#11141=CARTESIAN_POINT('',(-6.383769199883,-4.184386447197,-9.330879511649));
#11142=CARTESIAN_POINT('',(-6.306572704435,-4.017585617283,-9.308755519866));
#11143=CARTESIAN_POINT('',(-6.258645790065,-3.840294456289,-9.285240120145));
#11144=CARTESIAN_POINT('',(-6.247,-3.714822784166,-9.268597911323));
#11145=CARTESIAN_POINT('',(-6.247,-3.65,-9.26));
#11146=CARTESIAN_POINT('',(-6.497451751994,-4.338110533266,-11.208730959));
#11147=CARTESIAN_POINT('',(-6.497451751994,-4.338110533266,-11.208730959));
#11148=VECTOR('',#12823,1.857461918001);
#11149=CARTESIAN_POINT('',(-6.497451751994,-4.338110533266,-11.208730959));
#11150=CARTESIAN_POINT('',(-6.455634849,-4.288275088892,-11.21534099183));
#11151=CARTESIAN_POINT('',(-6.383769199883,-4.184386447197,-11.22912048835));
#11152=CARTESIAN_POINT('',(-6.306572704435,-4.017585617283,-11.25124448013));
#11153=CARTESIAN_POINT('',(-6.258645790065,-3.840294456289,-11.27475987985));
#11154=CARTESIAN_POINT('',(-6.247,-3.714822784166,-11.29140208868));
#11155=CARTESIAN_POINT('',(-6.247,-3.65,-11.3));
#11156=CARTESIAN_POINT('',(-8.001482091696,-6.223259294827,-10.95869014246));
#11157=CARTESIAN_POINT('',(-6.910786834066,-7.392886761281,-10.80355405308));
#11158=CARTESIAN_POINT('',(-8.001482091696,-6.223259294827,-10.95869014246));
#11159=VECTOR('',#12824,1.606770600157);
#11160=CARTESIAN_POINT('',(-8.016399110541,-5.653601327835,-11.03424796905));
#11161=CARTESIAN_POINT('',(-8.036772575406,-5.677881477781,-11.03102751842));
#11162=CARTESIAN_POINT('',(-8.068531683447,-5.726208723122,-11.02461752885));
#11163=CARTESIAN_POINT('',(-8.108598208578,-5.822255110584,-11.01187820682));
#11164=CARTESIAN_POINT('',(-8.124423428827,-5.941424785352,-10.99607187716));
#11165=CARTESIAN_POINT('',(-8.102398362116,-6.059613000771,-10.9803957255));
#11166=CARTESIAN_POINT('',(-8.057360936895,-6.153452639632,-10.96794910038));
#11167=CARTESIAN_POINT('',(-8.023108143172,-6.200068193903,-10.9617661447));
#11168=CARTESIAN_POINT('',(-8.001482091696,-6.223259294827,-10.95869014246));
#11169=CARTESIAN_POINT('',(-6.741053884906,-4.133704073386,-11.23584285551));
#11170=CARTESIAN_POINT('',(-6.741053884906,-4.133704073386,-11.23584285551));
#11171=VECTOR('',#12825,1.994300280018);
#11172=CARTESIAN_POINT('',(-6.741053884906,-4.133704073386,-11.23584285551));
#11173=CARTESIAN_POINT('',(-6.682263893075,-4.063640889413,-11.24513583869));
#11174=CARTESIAN_POINT('',(-6.596979064987,-3.911939812783,-11.26525704177));
#11175=CARTESIAN_POINT('',(-6.565,-3.741133744459,-11.28791227709));
#11176=CARTESIAN_POINT('',(-6.565,-3.65,-11.3));
#11177=CARTESIAN_POINT('',(-7.772796977629,-5.858007787715,-11.00713607253));
#11178=VECTOR('',#12826,1.994300280018);
#11179=CARTESIAN_POINT('',(-7.768911614581,-6.006383816327,-10.98745589445));
#11180=CARTESIAN_POINT('',(-7.772796977629,-5.858007787715,-11.00713607253));
#11181=CARTESIAN_POINT('',(-7.783410131419,-5.870656051873,-11.00545844244));
#11182=CARTESIAN_POINT('',(-7.795868075861,-5.895725216206,-11.00213333916));
#11183=CARTESIAN_POINT('',(-7.800993198759,-5.932977304889,-10.99719232715));
#11184=CARTESIAN_POINT('',(-7.793929979345,-5.969913349402,-10.99229323435));
#11185=CARTESIAN_POINT('',(-7.780177278606,-5.99430287073,-10.98905827701));
#11186=CARTESIAN_POINT('',(-7.768911614581,-6.006383816327,-10.98745589445));
#11187=CARTESIAN_POINT('',(-6.697838805585,-7.154968782853,-10.83511082293));
#11188=CARTESIAN_POINT('',(-6.697838805585,-7.154968782853,-10.83511082293));
#11189=VECTOR('',#12827,1.577863558206);
#11190=CARTESIAN_POINT('',(-6.697838805585,-7.154968782853,-10.83511082293));
#11191=CARTESIAN_POINT('',(-6.768821481746,-7.234274775662,-10.82459189965));
#11192=CARTESIAN_POINT('',(-6.839804157906,-7.313580768472,-10.81407297637));
#11193=CARTESIAN_POINT('',(-6.910786834066,-7.392886761281,-10.80355405308));
#11194=CARTESIAN_POINT('',(-6.697838805585,-7.154968782853,-9.72488917707));
#11195=CARTESIAN_POINT('',(-6.697838805585,-7.154968782853,-9.72488917707));
#11196=CARTESIAN_POINT('',(-6.68712939549,-7.166453219141,-9.726412440319));
#11197=CARTESIAN_POINT('',(-6.665865101918,-7.189256382209,-9.730762069159));
#11198=CARTESIAN_POINT('',(-6.634273770977,-7.223133937018,-9.741247458065));
#11199=CARTESIAN_POINT('',(-6.603465378188,-7.256171893451,-9.755575429835));
#11200=CARTESIAN_POINT('',(-6.573752274788,-7.288035295815,-9.773530958179));
#11201=CARTESIAN_POINT('',(-6.545031015209,-7.3188350759,-9.795177349596));
#11202=CARTESIAN_POINT('',(-6.517654179045,-7.348193138381,-9.82030677682));
#11203=CARTESIAN_POINT('',(-6.491947305507,-7.375760385196,-9.848578125485));
#11204=CARTESIAN_POINT('',(-6.467966875701,-7.401476247774,-9.8798793493));
#11205=CARTESIAN_POINT('',(-6.445792312441,-7.425255555572,-9.914145766084));
#11206=CARTESIAN_POINT('',(-6.425714493691,-7.446786380165,-9.950962534188));
#11207=CARTESIAN_POINT('',(-6.407926086449,-7.465862111493,-9.989874570263));
#11208=CARTESIAN_POINT('',(-6.39235502285,-7.482560032878,-10.03103132797));
#11209=CARTESIAN_POINT('',(-6.379211419693,-7.496654821641,-10.07398529749));
#11210=CARTESIAN_POINT('',(-6.368635743608,-7.507995845762,-10.11819231394));
#11211=CARTESIAN_POINT('',(-6.360631632992,-7.516579203538,-10.16352188503));
#11212=CARTESIAN_POINT('',(-6.355241215176,-7.522359718937,-10.20986275957));
#11213=CARTESIAN_POINT('',(-6.35255034312,-7.525245325933,-10.25664531187));
#11214=CARTESIAN_POINT('',(-6.352549757711,-7.525245953707,-10.30333387886));
#11215=CARTESIAN_POINT('',(-6.355239368097,-7.522361699687,-10.35011587131));
#11216=CARTESIAN_POINT('',(-6.360628581312,-7.516582476063,-10.39645733837));
#11217=CARTESIAN_POINT('',(-6.368631643735,-7.508000242337,-10.44178792859));
#11218=CARTESIAN_POINT('',(-6.379206063998,-7.49666056492,-10.48599495574));
#11219=CARTESIAN_POINT('',(-6.392348419228,-7.482567114396,-10.52894934493));
#11220=CARTESIAN_POINT('',(-6.407918626125,-7.465870111711,-10.57010756358));
#11221=CARTESIAN_POINT('',(-6.425706089823,-7.44679539221,-10.60902062572));
#11222=CARTESIAN_POINT('',(-6.445782616427,-7.425265953274,-10.64583790211));
#11223=CARTESIAN_POINT('',(-6.467956384896,-7.401487497785,-10.68010577963));
#11224=CARTESIAN_POINT('',(-6.491936338157,-7.37577214624,-10.71140872604));
#11225=CARTESIAN_POINT('',(-6.517642153009,-7.348206034726,-10.73968109122));
#11226=CARTESIAN_POINT('',(-6.545018046163,-7.318848983499,-10.76481184802));
#11227=CARTESIAN_POINT('',(-6.57373919182,-7.28804932558,-10.78646018737));
#11228=CARTESIAN_POINT('',(-6.603451826004,-7.25618642639,-10.80441735761));
#11229=CARTESIAN_POINT('',(-6.634261710893,-7.223146869875,-10.81874790799));
#11230=CARTESIAN_POINT('',(-6.665858082147,-7.189263909992,-10.82923631218));
#11231=CARTESIAN_POINT('',(-6.687126799265,-7.166456003252,-10.8335871904));
#11232=CARTESIAN_POINT('',(-6.697838805585,-7.154968782853,-10.83511082293));
#11233=CARTESIAN_POINT('',(-6.910786834066,-7.392886761281,-9.756445946917));
#11234=CARTESIAN_POINT('',(-6.697838805585,-7.154968782853,-9.72488917707));
#11235=CARTESIAN_POINT('',(-6.768821481746,-7.234274775662,-9.735408100352));
#11236=CARTESIAN_POINT('',(-6.839804157906,-7.313580768472,-9.745927023635));
#11237=CARTESIAN_POINT('',(-6.910786834066,-7.392886761281,-9.756445946917));
#11238=CARTESIAN_POINT('',(-6.910786834066,-7.392886761281,-10.80355405308));
#11239=CARTESIAN_POINT('',(-6.900387168176,-7.404039037577,-10.8020748466));
#11240=CARTESIAN_POINT('',(-6.879746417075,-7.42617353321,-10.79781471761));
#11241=CARTESIAN_POINT('',(-6.849094738119,-7.459043434631,-10.7874654602));
#11242=CARTESIAN_POINT('',(-6.819253401146,-7.491044350667,-10.77328847624));
#11243=CARTESIAN_POINT('',(-6.790505189792,-7.521873032992,-10.75548922685));
#11244=CARTESIAN_POINT('',(-6.762768881692,-7.55161658193,-10.73400925633));
#11245=CARTESIAN_POINT('',(-6.73642374591,-7.579868281204,-10.70908385407));
#11246=CARTESIAN_POINT('',(-6.711805203043,-7.606268436261,-10.681094424));
#11247=CARTESIAN_POINT('',(-6.688874779289,-7.630858305202,-10.65002954167));
#11248=CARTESIAN_POINT('',(-6.667832713241,-7.653423158426,-10.61610063791));
#11249=CARTESIAN_POINT('',(-6.648951496388,-7.673670784587,-10.57975710847));
#11250=CARTESIAN_POINT('',(-6.632344353108,-7.691479765403,-10.54130902424));
#11251=CARTESIAN_POINT('',(-6.617999847683,-7.706862364181,-10.50069998545));
#11252=CARTESIAN_POINT('',(-6.606140490955,-7.719579967258,-10.45846743178));
#11253=CARTESIAN_POINT('',(-6.596875977516,-7.729514941584,-10.41516725155));
#11254=CARTESIAN_POINT('',(-6.590168201918,-7.736708150248,-10.37065289418));
#11255=CARTESIAN_POINT('',(-6.586126890393,-7.741041926275,-10.32539487496));
#11256=CARTESIAN_POINT('',(-6.584786793847,-7.742479003879,-10.28000113659));
#11257=CARTESIAN_POINT('',(-6.586126767368,-7.741042058204,-10.23460702187));
#11258=CARTESIAN_POINT('',(-6.59016801297,-7.736708352871,-10.18934872317));
#11259=CARTESIAN_POINT('',(-6.596875599378,-7.729515347087,-10.1448348799));
#11260=CARTESIAN_POINT('',(-6.60613997627,-7.71958051919,-10.10153460616));
#11261=CARTESIAN_POINT('',(-6.617999393769,-7.706862850945,-10.05930143927));
#11262=CARTESIAN_POINT('',(-6.632343685445,-7.691480481384,-10.01869271703));
#11263=CARTESIAN_POINT('',(-6.648950601748,-7.673671743971,-9.980244766129));
#11264=CARTESIAN_POINT('',(-6.667831940548,-7.653423987038,-9.943900700838));
#11265=CARTESIAN_POINT('',(-6.688873962975,-7.630859180591,-9.909971680875));
#11266=CARTESIAN_POINT('',(-6.711804046311,-7.606269676704,-9.878907024944));
#11267=CARTESIAN_POINT('',(-6.736422576187,-7.579869535578,-9.850917339981));
#11268=CARTESIAN_POINT('',(-6.762767979972,-7.551617548906,-9.825991514792));
#11269=CARTESIAN_POINT('',(-6.790503934226,-7.521874379421,-9.804511670624));
#11270=CARTESIAN_POINT('',(-6.819251885851,-7.491045975621,-9.786712335038));
#11271=CARTESIAN_POINT('',(-6.849093827557,-7.45904441109,-9.772534888195));
#11272=CARTESIAN_POINT('',(-6.879745671947,-7.426174332261,-9.762185471001));
#11273=CARTESIAN_POINT('',(-6.900386894753,-7.404039330787,-9.757925192292));
#11274=CARTESIAN_POINT('',(-6.910786834066,-7.392886761281,-9.756445946917));
#11275=CARTESIAN_POINT('',(-8.001482091696,-6.223259294827,-9.601309857541));
#11276=CARTESIAN_POINT('',(-8.001482091696,-6.223259294827,-9.601309857541));
#11277=VECTOR('',#12828,1.606770600157);
#11278=CARTESIAN_POINT('',(-8.001482091696,-6.223259294827,-10.95869014246));
#11279=VECTOR('',#12829,1.357380284919);
#11280=CARTESIAN_POINT('',(-8.016399110541,-5.653601327835,-9.525752030954));
#11281=CARTESIAN_POINT('',(-8.036772575406,-5.677881477781,-9.528972481585));
#11282=CARTESIAN_POINT('',(-8.068531683447,-5.726208723122,-9.535382471148));
#11283=CARTESIAN_POINT('',(-8.108598208578,-5.822255110584,-9.548121793177));
#11284=CARTESIAN_POINT('',(-8.124423428827,-5.941424785352,-9.563928122839));
#11285=CARTESIAN_POINT('',(-8.102398362116,-6.059613000771,-9.579604274499));
#11286=CARTESIAN_POINT('',(-8.057360936895,-6.153452639632,-9.592050899616));
#11287=CARTESIAN_POINT('',(-8.023108143172,-6.200068193903,-9.598233855302));
#11288=CARTESIAN_POINT('',(-8.001482091696,-6.223259294827,-9.601309857541));
#11289=CARTESIAN_POINT('',(-6.741053884906,-4.133704073386,-9.324157144486));
#11290=CARTESIAN_POINT('',(-6.741053884906,-4.133704073386,-9.324157144486));
#11291=VECTOR('',#12830,1.994300280018);
#11292=CARTESIAN_POINT('',(-6.741053884906,-4.133704073386,-11.23584285551));
#11293=VECTOR('',#12831,1.911685711027);
#11294=CARTESIAN_POINT('',(-6.741053884906,-4.133704073386,-9.324157144486));
#11295=CARTESIAN_POINT('',(-6.682263893075,-4.063640889413,-9.314864161308));
#11296=CARTESIAN_POINT('',(-6.596979064987,-3.911939812783,-9.294742958226));
#11297=CARTESIAN_POINT('',(-6.565,-3.741133744459,-9.272087722913));
#11298=CARTESIAN_POINT('',(-6.565,-3.65,-9.26));
#11299=CARTESIAN_POINT('',(-7.768911614581,-6.006383816327,-9.572544105555));
#11300=CARTESIAN_POINT('',(-6.697838805585,-7.154968782853,-9.72488917707));
#11301=VECTOR('',#12832,1.577863558206);
#11302=CARTESIAN_POINT('',(-7.772796977629,-5.858007787715,-9.552863927467));
#11303=CARTESIAN_POINT('',(-7.783410131419,-5.870656051873,-9.554541557563));
#11304=CARTESIAN_POINT('',(-7.795868075861,-5.895725216206,-9.557866660837));
#11305=CARTESIAN_POINT('',(-7.800993198759,-5.932977304889,-9.562807672848));
#11306=CARTESIAN_POINT('',(-7.793929979345,-5.969913349402,-9.56770676565));
#11307=CARTESIAN_POINT('',(-7.780177278606,-5.99430287073,-9.570941722993));
#11308=CARTESIAN_POINT('',(-7.768911614581,-6.006383816327,-9.572544105555));
#11309=CARTESIAN_POINT('',(-7.772796977629,-5.858007787715,-9.552863927467));
#11310=VECTOR('',#12833,1.994300280018);
#11311=CARTESIAN_POINT('',(-6.565,-3.65,-9.26));
#11312=VECTOR('',#12834,0.318);
#11313=CARTESIAN_POINT('',(6.247,-2.791945649498,-9.26));
#11314=AXIS2_PLACEMENT_3D('',#12835,#12836,#12837);
#11315=CARTESIAN_POINT('',(6.247,-3.65,-9.26));
#11316=CARTESIAN_POINT('',(6.247,-2.791945649498,-9.26));
#11317=VECTOR('',#12838,0.8580543505018);
#11318=CARTESIAN_POINT('',(6.565,-3.65,-9.26));
#11319=VECTOR('',#12839,0.318);
#11320=AXIS2_PLACEMENT_3D('',#12840,#12841,#12842);
#11321=CARTESIAN_POINT('',(6.910786834066,-7.392886761281,-9.756445946917));
#11322=CARTESIAN_POINT('',(8.001482091696,-6.223259294827,-9.601309857541));
#11323=CARTESIAN_POINT('',(6.910786834066,-7.392886761281,-9.756445946917));
#11324=VECTOR('',#12843,1.606770600157);
#11325=CARTESIAN_POINT('',(8.001482091696,-6.223259294827,-9.601309857541));
#11326=CARTESIAN_POINT('',(8.023108143172,-6.200068193903,-9.598233855302));
#11327=CARTESIAN_POINT('',(8.057360936895,-6.153452639632,-9.592050899616));
#11328=CARTESIAN_POINT('',(8.102398362116,-6.059613000771,-9.579604274499));
#11329=CARTESIAN_POINT('',(8.124423428827,-5.941424785352,-9.563928122839));
#11330=CARTESIAN_POINT('',(8.108598208578,-5.822255110584,-9.548121793177));
#11331=CARTESIAN_POINT('',(8.068531683447,-5.726208723122,-9.535382471148));
#11332=CARTESIAN_POINT('',(8.036772575406,-5.677881477781,-9.528972481585));
#11333=CARTESIAN_POINT('',(8.016399110541,-5.653601327835,-9.525752030954));
#11334=CARTESIAN_POINT('',(6.741053884906,-4.133704073386,-9.324157144486));
#11335=CARTESIAN_POINT('',(8.016399110541,-5.653601327835,-9.525752030954));
#11336=VECTOR('',#12844,1.994300280018);
#11337=CARTESIAN_POINT('',(6.565,-3.65,-9.26));
#11338=CARTESIAN_POINT('',(6.565,-3.741133744459,-9.272087722913));
#11339=CARTESIAN_POINT('',(6.596979064987,-3.911939812783,-9.294742958226));
#11340=CARTESIAN_POINT('',(6.682263893075,-4.063640889413,-9.314864161308));
#11341=CARTESIAN_POINT('',(6.741053884906,-4.133704073386,-9.324157144486));
#11342=CARTESIAN_POINT('',(6.497451751994,-4.338110533266,-9.351269040999));
#11343=CARTESIAN_POINT('',(6.247,-3.65,-9.26));
#11344=CARTESIAN_POINT('',(6.247,-3.714822784166,-9.268597911323));
#11345=CARTESIAN_POINT('',(6.258645790065,-3.840294456289,-9.285240120145));
#11346=CARTESIAN_POINT('',(6.306572704435,-4.017585617283,-9.308755519866));
#11347=CARTESIAN_POINT('',(6.383769199883,-4.184386447197,-9.330879511649));
#11348=CARTESIAN_POINT('',(6.455634849,-4.288275088892,-9.344659008169));
#11349=CARTESIAN_POINT('',(6.497451751994,-4.338110533266,-9.351269040999));
#11350=CARTESIAN_POINT('',(6.497451751994,-4.338110533266,-9.351269040999));
#11351=VECTOR('',#12845,1.994300280018);
#11352=CARTESIAN_POINT('',(7.768911614581,-6.006383816327,-9.572544105555));
#11353=CARTESIAN_POINT('',(7.768911614581,-6.006383816327,-9.572544105555));
#11354=CARTESIAN_POINT('',(7.780177278606,-5.99430287073,-9.570941722993));
#11355=CARTESIAN_POINT('',(7.793929979345,-5.969913349402,-9.56770676565));
#11356=CARTESIAN_POINT('',(7.800993198759,-5.932977304889,-9.562807672848));
#11357=CARTESIAN_POINT('',(7.795868075861,-5.895725216206,-9.557866660837));
#11358=CARTESIAN_POINT('',(7.783410131419,-5.870656051873,-9.554541557563));
#11359=CARTESIAN_POINT('',(7.772796977629,-5.858007787715,-9.552863927467));
#11360=CARTESIAN_POINT('',(6.697838805585,-7.154968782853,-9.72488917707));
#11361=CARTESIAN_POINT('',(7.768911614581,-6.006383816327,-9.572544105555));
#11362=VECTOR('',#12846,1.577863558206);
#11363=CARTESIAN_POINT('',(6.910786834066,-7.392886761281,-9.756445946917));
#11364=CARTESIAN_POINT('',(6.839804157906,-7.313580768472,-9.745927023635));
#11365=CARTESIAN_POINT('',(6.768821481746,-7.234274775662,-9.735408100352));
#11366=CARTESIAN_POINT('',(6.697838805585,-7.154968782853,-9.72488917707));
#11367=CARTESIAN_POINT('',(6.910786834066,-7.392886761281,-10.80355405308));
#11368=CARTESIAN_POINT('',(6.697838805585,-7.154968782853,-10.83511082293));
#11369=CARTESIAN_POINT('',(6.910786834066,-7.392886761281,-10.80355405308));
#11370=CARTESIAN_POINT('',(6.839804157906,-7.313580768472,-10.81407297637));
#11371=CARTESIAN_POINT('',(6.768821481746,-7.234274775662,-10.82459189965));
#11372=CARTESIAN_POINT('',(6.697838805585,-7.154968782853,-10.83511082293));
#11373=CARTESIAN_POINT('',(6.910786834066,-7.392886761281,-9.756445946917));
#11374=CARTESIAN_POINT('',(6.900387281233,-7.404038916338,-9.75792513732));
#11375=CARTESIAN_POINT('',(6.879746697016,-7.426173233009,-9.762185208724));
#11376=CARTESIAN_POINT('',(6.8490949568,-7.459043200125,-9.772534450254));
#11377=CARTESIAN_POINT('',(6.819253670465,-7.491044061858,-9.78671137821));
#11378=CARTESIAN_POINT('',(6.790505385638,-7.521872822973,-9.804510630561));
#11379=CARTESIAN_POINT('',(6.762768918165,-7.551616542818,-9.825990702287));
#11380=CARTESIAN_POINT('',(6.73642362724,-7.579868408462,-9.850916262642));
#11381=CARTESIAN_POINT('',(6.711805053744,-7.606268596364,-9.878905760619));
#11382=CARTESIAN_POINT('',(6.688874612065,-7.630858484528,-9.90997069982));
#11383=CARTESIAN_POINT('',(6.667832438499,-7.653423453051,-9.943899826885));
#11384=CARTESIAN_POINT('',(6.648951101782,-7.67367120775,-9.980243714223));
#11385=CARTESIAN_POINT('',(6.632344041386,-7.691480099684,-10.01869178313));
#11386=CARTESIAN_POINT('',(6.617999569563,-7.706862662429,-10.05930086477));
#11387=CARTESIAN_POINT('',(6.606140112504,-7.719580373097,-10.10153405901));
#11388=CARTESIAN_POINT('',(6.596875692732,-7.729515246976,-10.1448343459));
#11389=CARTESIAN_POINT('',(6.590168035152,-7.736708329083,-10.1893484831));
#11390=CARTESIAN_POINT('',(6.586126763339,-7.741042062524,-10.23460702907));
#11391=CARTESIAN_POINT('',(6.584786792173,-7.742479005675,-10.28000127383));
#11392=CARTESIAN_POINT('',(6.586126901121,-7.741041914771,-10.32539509297));
#11393=CARTESIAN_POINT('',(6.590168245874,-7.736708103112,-10.37065332064));
#11394=CARTESIAN_POINT('',(6.596876115581,-7.729514793526,-10.41516803875));
#11395=CARTESIAN_POINT('',(6.60614068979,-7.719579754033,-10.45846822642));
#11396=CARTESIAN_POINT('',(6.618000075118,-7.706862120287,-10.50070072115));
#11397=CARTESIAN_POINT('',(6.632344785556,-7.69147930166,-10.54131015862));
#11398=CARTESIAN_POINT('',(6.648952105269,-7.673670131642,-10.57975838859));
#11399=CARTESIAN_POINT('',(6.667833301047,-7.653422528082,-10.61610166679));
#11400=CARTESIAN_POINT('',(6.688875519143,-7.630857511806,-10.6500306588));
#11401=CARTESIAN_POINT('',(6.711806345756,-7.606267210851,-10.68109585842));
#11402=CARTESIAN_POINT('',(6.736424939907,-7.579867000799,-10.70908507708));
#11403=CARTESIAN_POINT('',(6.762769917416,-7.551615471252,-10.73401015149));
#11404=CARTESIAN_POINT('',(6.790506780515,-7.521871327151,-10.75549036754));
#11405=CARTESIAN_POINT('',(6.819255374516,-7.491042234486,-10.77328953436));
#11406=CARTESIAN_POINT('',(6.849095968932,-7.459042114746,-10.78746593592));
#11407=CARTESIAN_POINT('',(6.879747514212,-7.426172356673,-10.79781499792));
#11408=CARTESIAN_POINT('',(6.900387579653,-7.404038596322,-10.80207490513));
#11409=CARTESIAN_POINT('',(6.910786834066,-7.392886761281,-10.80355405308));
#11410=CARTESIAN_POINT('',(6.697838805585,-7.154968782853,-10.83511082293));
#11411=CARTESIAN_POINT('',(6.68713008056,-7.166452484494,-10.83358765712));
#11412=CARTESIAN_POINT('',(6.665866957228,-7.189254392632,-10.82923839866));
#11413=CARTESIAN_POINT('',(6.634275900385,-7.223131653508,-10.81875334292));
#11414=CARTESIAN_POINT('',(6.603469028018,-7.256167979488,-10.80442647495));
#11415=CARTESIAN_POINT('',(6.573755400069,-7.288031944361,-10.78647121418));
#11416=CARTESIAN_POINT('',(6.545033155184,-7.318832781058,-10.7648244498));
#11417=CARTESIAN_POINT('',(6.517656566174,-7.3481905785,-10.73969558716));
#11418=CARTESIAN_POINT('',(6.491949884089,-7.375757620006,-10.71142497235));
#11419=CARTESIAN_POINT('',(6.467968781749,-7.401474203787,-10.68012340894));
#11420=CARTESIAN_POINT('',(6.445793748617,-7.425254015462,-10.64585663617));
#11421=CARTESIAN_POINT('',(6.425716195609,-7.446784555082,-10.60904083274));
#11422=CARTESIAN_POINT('',(6.407927497208,-7.465860598639,-10.57012887087));
#11423=CARTESIAN_POINT('',(6.392355891369,-7.482559101505,-10.52897125096));
#11424=CARTESIAN_POINT('',(6.379212230091,-7.496653952595,-10.48601762829));
#11425=CARTESIAN_POINT('',(6.368636454756,-7.507995083148,-10.44181112218));
#11426=CARTESIAN_POINT('',(6.360632039859,-7.516578767226,-10.39648101876));
#11427=CARTESIAN_POINT('',(6.355241419199,-7.52235950015,-10.35013958765));
#11428=CARTESIAN_POINT('',(6.352550434892,-7.52524522752,-10.30335754448));
#11429=CARTESIAN_POINT('',(6.352549664323,-7.525246053853,-10.25666896753));
#11430=CARTESIAN_POINT('',(6.355239182973,-7.522361898209,-10.2098861459));
#11431=CARTESIAN_POINT('',(6.360628293715,-7.516582784474,-10.1635446731));
#11432=CARTESIAN_POINT('',(6.368631189937,-7.508000728976,-10.11821425458));
#11433=CARTESIAN_POINT('',(6.37920556809,-7.496661096717,-10.07400682511));
#11434=CARTESIAN_POINT('',(6.392347967708,-7.482567598592,-10.0310519667));
#11435=CARTESIAN_POINT('',(6.407918068168,-7.465870710046,-9.989893787352));
#11436=CARTESIAN_POINT('',(6.425705433042,-7.446796096522,-9.9509806752));
#11437=CARTESIAN_POINT('',(6.445782092249,-7.425266515386,-9.914162963197));
#11438=CARTESIAN_POINT('',(6.467955891916,-7.401488026441,-9.879894920307));
#11439=CARTESIAN_POINT('',(6.491935808228,-7.375772714519,-9.848591907715));
#11440=CARTESIAN_POINT('',(6.517641656772,-7.348206566876,-9.820319401562));
#11441=CARTESIAN_POINT('',(6.545017663465,-7.318849393893,-9.79518846241));
#11442=CARTESIAN_POINT('',(6.573738939724,-7.288049595921,-9.773539978706));
#11443=CARTESIAN_POINT('',(6.603451588722,-7.256186680843,-9.755582771133));
#11444=CARTESIAN_POINT('',(6.634261463671,-7.223147134988,-9.741252183848));
#11445=CARTESIAN_POINT('',(6.665858076313,-7.189263916248,-9.730763681749));
#11446=CARTESIAN_POINT('',(6.687126805049,-7.166455997049,-9.726412808773));
#11447=CARTESIAN_POINT('',(6.697838805585,-7.154968782853,-9.72488917707));
#11448=CARTESIAN_POINT('',(7.768911614581,-6.006383816327,-10.98745589445));
#11449=CARTESIAN_POINT('',(7.768911614581,-6.006383816327,-10.98745589445));
#11450=VECTOR('',#12847,1.414911788891);
#11451=CARTESIAN_POINT('',(7.768911614581,-6.006383816327,-10.98745589445));
#11452=VECTOR('',#12848,1.577863558206);
#11453=CARTESIAN_POINT('',(7.768911614581,-6.006383816327,-10.98745589445));
#11454=CARTESIAN_POINT('',(7.780177278606,-5.99430287073,-10.98905827701));
#11455=CARTESIAN_POINT('',(7.793929979345,-5.969913349402,-10.99229323435));
#11456=CARTESIAN_POINT('',(7.800993198759,-5.932977304889,-10.99719232715));
#11457=CARTESIAN_POINT('',(7.795868075861,-5.895725216206,-11.00213333916));
#11458=CARTESIAN_POINT('',(7.783410131419,-5.870656051873,-11.00545844244));
#11459=CARTESIAN_POINT('',(7.772796977629,-5.858007787715,-11.00713607253));
#11460=CARTESIAN_POINT('',(6.497451751994,-4.338110533266,-11.208730959));
#11461=CARTESIAN_POINT('',(6.497451751994,-4.338110533266,-11.208730959));
#11462=VECTOR('',#12849,1.994300280018);
#11463=CARTESIAN_POINT('',(6.247,-3.65,-11.3));
#11464=CARTESIAN_POINT('',(6.247,-3.714822784166,-11.29140208868));
#11465=CARTESIAN_POINT('',(6.258645790065,-3.840294456289,-11.27475987985));
#11466=CARTESIAN_POINT('',(6.306572704435,-4.017585617283,-11.25124448013));
#11467=CARTESIAN_POINT('',(6.383769199883,-4.184386447197,-11.22912048835));
#11468=CARTESIAN_POINT('',(6.455634849,-4.288275088892,-11.21534099183));
#11469=CARTESIAN_POINT('',(6.497451751994,-4.338110533266,-11.208730959));
#11470=CARTESIAN_POINT('',(6.741053884906,-4.133704073386,-11.23584285551));
#11471=CARTESIAN_POINT('',(6.565,-3.65,-11.3));
#11472=CARTESIAN_POINT('',(6.565,-3.741133744459,-11.28791227709));
#11473=CARTESIAN_POINT('',(6.596979064987,-3.911939812783,-11.26525704177));
#11474=CARTESIAN_POINT('',(6.682263893075,-4.063640889413,-11.24513583869));
#11475=CARTESIAN_POINT('',(6.741053884906,-4.133704073386,-11.23584285551));
#11476=CARTESIAN_POINT('',(8.016399110541,-5.653601327835,-11.03424796905));
#11477=VECTOR('',#12850,1.994300280018);
#11478=CARTESIAN_POINT('',(8.001482091696,-6.223259294827,-10.95869014246));
#11479=CARTESIAN_POINT('',(8.001482091696,-6.223259294827,-10.95869014246));
#11480=CARTESIAN_POINT('',(8.023108143172,-6.200068193903,-10.9617661447));
#11481=CARTESIAN_POINT('',(8.057360936895,-6.153452639632,-10.96794910038));
#11482=CARTESIAN_POINT('',(8.102398362116,-6.059613000771,-10.9803957255));
#11483=CARTESIAN_POINT('',(8.124423428827,-5.941424785352,-10.99607187716));
#11484=CARTESIAN_POINT('',(8.108598208578,-5.822255110584,-11.01187820682));
#11485=CARTESIAN_POINT('',(8.068531683447,-5.726208723122,-11.02461752885));
#11486=CARTESIAN_POINT('',(8.036772575406,-5.677881477781,-11.03102751842));
#11487=CARTESIAN_POINT('',(8.016399110541,-5.653601327835,-11.03424796905));
#11488=CARTESIAN_POINT('',(6.910786834066,-7.392886761281,-10.80355405308));
#11489=VECTOR('',#12851,1.606770600157);
#11490=CARTESIAN_POINT('',(8.001482091696,-6.223259294827,-10.95869014246));
#11491=VECTOR('',#12852,1.357380284919);
#11492=CARTESIAN_POINT('',(6.741053884906,-4.133704073386,-11.23584285551));
#11493=VECTOR('',#12853,1.911685711027);
#11494=CARTESIAN_POINT('',(6.247,-3.65,-11.3));
#11495=VECTOR('',#12854,2.04);
#11496=CARTESIAN_POINT('',(6.497451751994,-4.338110533266,-11.208730959));
#11497=VECTOR('',#12855,1.857461918001);
#11498=CARTESIAN_POINT('',(6.247,-2.791945649498,-9.26));
#11499=VECTOR('',#12856,4.74);
#11500=CARTESIAN_POINT('',(6.15,-2.837758312364,-8.88));
#11501=AXIS2_PLACEMENT_3D('',#12857,#12858,#12859);
#11502=CARTESIAN_POINT('',(6.15,-2.837758312364,-14.0));
#11503=VECTOR('',#12860,5.12);
#11504=CARTESIAN_POINT('',(6.15,-3.752,-8.88));
#11505=CARTESIAN_POINT('',(6.15,-3.752,-14.0));
#11506=VECTOR('',#12861,5.12);
#11507=CARTESIAN_POINT('',(6.15,-3.752,-8.88));
#11508=VECTOR('',#12862,0.9142416876362);
#11509=CARTESIAN_POINT('',(-5.05,-3.752,-8.88));
#11510=CARTESIAN_POINT('',(-6.15,-3.752,-8.88));
#11511=CARTESIAN_POINT('',(-5.05,-3.752,-8.88));
#11512=VECTOR('',#12863,1.1);
#11513=CARTESIAN_POINT('',(-5.05,-4.132,-8.88));
#11514=CARTESIAN_POINT('',(-5.05,-3.752,-8.88));
#11515=VECTOR('',#12864,0.38);
#11516=CARTESIAN_POINT('',(-4.4,-4.132,-8.88));
#11517=CARTESIAN_POINT('',(-4.4,-4.132,-8.88));
#11518=VECTOR('',#12865,0.65);
#11519=CARTESIAN_POINT('',(-4.4,-3.752,-8.88));
#11520=CARTESIAN_POINT('',(-4.4,-3.752,-8.88));
#11521=VECTOR('',#12866,0.38);
#11522=CARTESIAN_POINT('',(4.4,-3.752,-8.88));
#11523=CARTESIAN_POINT('',(4.4,-3.752,-8.88));
#11524=VECTOR('',#12867,8.8);
#11525=CARTESIAN_POINT('',(4.4,-4.132,-8.88));
#11526=CARTESIAN_POINT('',(4.4,-3.752,-8.88));
#11527=VECTOR('',#12868,0.38);
#11528=CARTESIAN_POINT('',(5.05,-4.132,-8.88));
#11529=CARTESIAN_POINT('',(5.05,-4.132,-8.88));
#11530=VECTOR('',#12869,0.65);
#11531=CARTESIAN_POINT('',(5.05,-3.752,-8.88));
#11532=CARTESIAN_POINT('',(5.05,-3.752,-8.88));
#11533=VECTOR('',#12870,0.38);
#11534=CARTESIAN_POINT('',(6.15,-3.752,-8.88));
#11535=VECTOR('',#12871,1.1);
#11536=CARTESIAN_POINT('',(-6.15,-2.837758312364,-8.88));
#11537=AXIS2_PLACEMENT_3D('',#12872,#12873,#12874);
#11538=CARTESIAN_POINT('',(-6.15,-2.837758312364,-8.88));
#11539=VECTOR('',#12875,0.9142416876362);
#11540=CARTESIAN_POINT('',(-6.15,-3.752,-8.88));
#11541=VECTOR('',#12876,5.12);
#11542=CARTESIAN_POINT('',(-6.15,-2.837758312364,-8.88));
#11543=VECTOR('',#12877,5.12);
#11544=CARTESIAN_POINT('',(-2.4,-3.752,-11.88));
#11545=CARTESIAN_POINT('',(-2.4,-3.752,-14.0));
#11546=VECTOR('',#12878,2.12);
#11547=CARTESIAN_POINT('',(-1.75,-3.752,-11.88));
#11548=CARTESIAN_POINT('',(-1.75,-3.752,-11.88));
#11549=VECTOR('',#12879,0.65);
#11550=CARTESIAN_POINT('',(-1.75,-3.752,-14.0));
#11551=VECTOR('',#12880,2.12);
#11552=CARTESIAN_POINT('',(1.75,-3.752,-11.88));
#11553=CARTESIAN_POINT('',(1.75,-3.752,-14.0));
#11554=VECTOR('',#12881,2.12);
#11555=CARTESIAN_POINT('',(2.4,-3.752,-11.88));
#11556=CARTESIAN_POINT('',(2.4,-3.752,-11.88));
#11557=VECTOR('',#12882,0.65);
#11558=CARTESIAN_POINT('',(2.4,-3.752,-14.0));
#11559=VECTOR('',#12883,2.12);
#11560=CARTESIAN_POINT('',(5.05,-3.752,-11.88));
#11561=CARTESIAN_POINT('',(5.05,-3.752,-8.88));
#11562=VECTOR('',#12884,3.0);
#11563=CARTESIAN_POINT('',(4.4,-3.752,-11.88));
#11564=CARTESIAN_POINT('',(4.4,-3.752,-11.88));
#11565=VECTOR('',#12885,0.65);
#11566=CARTESIAN_POINT('',(4.4,-3.752,-8.88));
#11567=VECTOR('',#12886,3.0);
#11568=CARTESIAN_POINT('',(-4.4,-3.752,-11.88));
#11569=CARTESIAN_POINT('',(-4.4,-3.752,-8.88));
#11570=VECTOR('',#12887,3.0);
#11571=CARTESIAN_POINT('',(-5.05,-3.752,-11.88));
#11572=CARTESIAN_POINT('',(-5.05,-3.752,-11.88));
#11573=VECTOR('',#12888,0.65);
#11574=CARTESIAN_POINT('',(-5.05,-3.752,-8.88));
#11575=VECTOR('',#12889,3.0);
#11576=CARTESIAN_POINT('',(-3.2,-3.752,-12.674831305));
#11577=CARTESIAN_POINT('',(-3.2,-3.752,-12.94223300066));
#11578=CARTESIAN_POINT('',(-3.2,-3.752,-12.674831305));
#11579=VECTOR('',#12890,0.2674016956626);
#11580=CARTESIAN_POINT('',(-3.8,-3.752,-12.94223300066));
#11581=CARTESIAN_POINT('',(-3.2,-3.752,-12.94223300066));
#11582=VECTOR('',#12891,0.6);
#11583=CARTESIAN_POINT('',(-3.8,-3.752,-12.674831305));
#11584=CARTESIAN_POINT('',(-3.8,-3.752,-12.94223300066));
#11585=VECTOR('',#12892,0.2674016956626);
#11586=CARTESIAN_POINT('',(-3.2,-3.752,-12.674831305));
#11587=VECTOR('',#12893,0.6);
#11588=CARTESIAN_POINT('',(-0.7,-3.752,-12.674831305));
#11589=CARTESIAN_POINT('',(-0.7,-3.752,-12.94223300066));
#11590=CARTESIAN_POINT('',(-0.7,-3.752,-12.674831305));
#11591=VECTOR('',#12894,0.2674016956626);
#11592=CARTESIAN_POINT('',(-1.3,-3.752,-12.94223300066));
#11593=CARTESIAN_POINT('',(-0.7,-3.752,-12.94223300066));
#11594=VECTOR('',#12895,0.6);
#11595=CARTESIAN_POINT('',(-1.3,-3.752,-12.674831305));
#11596=CARTESIAN_POINT('',(-1.3,-3.752,-12.94223300066));
#11597=VECTOR('',#12896,0.2674016956626);
#11598=CARTESIAN_POINT('',(-0.7,-3.752,-12.674831305));
#11599=VECTOR('',#12897,0.6);
#11600=CARTESIAN_POINT('',(0.7,-3.752,-12.94223300066));
#11601=CARTESIAN_POINT('',(0.7,-3.752,-12.674831305));
#11602=CARTESIAN_POINT('',(0.7,-3.752,-12.94223300066));
#11603=VECTOR('',#12898,0.2674016956626);
#11604=CARTESIAN_POINT('',(1.3,-3.752,-12.674831305));
#11605=CARTESIAN_POINT('',(1.3,-3.752,-12.674831305));
#11606=VECTOR('',#12899,0.6);
#11607=CARTESIAN_POINT('',(1.3,-3.752,-12.94223300066));
#11608=CARTESIAN_POINT('',(1.3,-3.752,-12.674831305));
#11609=VECTOR('',#12900,0.2674016956626);
#11610=CARTESIAN_POINT('',(1.3,-3.752,-12.94223300066));
#11611=VECTOR('',#12901,0.6);
#11612=CARTESIAN_POINT('',(3.2,-3.752,-12.94223300066));
#11613=CARTESIAN_POINT('',(3.2,-3.752,-12.674831305));
#11614=CARTESIAN_POINT('',(3.2,-3.752,-12.94223300066));
#11615=VECTOR('',#12902,0.2674016956626);
#11616=CARTESIAN_POINT('',(3.8,-3.752,-12.674831305));
#11617=CARTESIAN_POINT('',(3.8,-3.752,-12.674831305));
#11618=VECTOR('',#12903,0.6);
#11619=CARTESIAN_POINT('',(3.8,-3.752,-12.94223300066));
#11620=CARTESIAN_POINT('',(3.8,-3.752,-12.674831305));
#11621=VECTOR('',#12904,0.2674016956626);
#11622=CARTESIAN_POINT('',(3.8,-3.752,-12.94223300066));
#11623=VECTOR('',#12905,0.6);
#11624=CARTESIAN_POINT('',(-5.05,-4.132,-11.88));
#11625=CARTESIAN_POINT('',(-5.05,-3.752,-11.88));
#11626=VECTOR('',#12906,0.38);
#11627=CARTESIAN_POINT('',(-5.05,-4.132,-8.88));
#11628=VECTOR('',#12907,3.0);
#11629=CARTESIAN_POINT('',(2.4,-4.132,-11.88));
#11630=CARTESIAN_POINT('',(2.4,-4.132,-14.0));
#11631=VECTOR('',#12908,2.12);
#11632=CARTESIAN_POINT('',(1.75,-4.132,-11.88));
#11633=CARTESIAN_POINT('',(2.4,-4.132,-11.88));
#11634=VECTOR('',#12909,0.65);
#11635=CARTESIAN_POINT('',(1.75,-4.132,-11.88));
#11636=VECTOR('',#12910,2.12);
#11637=CARTESIAN_POINT('',(4.4,-4.132,-11.88));
#11638=CARTESIAN_POINT('',(4.4,-4.132,-8.88));
#11639=VECTOR('',#12911,3.0);
#11640=CARTESIAN_POINT('',(5.05,-4.132,-11.88));
#11641=CARTESIAN_POINT('',(4.4,-4.132,-11.88));
#11642=VECTOR('',#12912,0.65);
#11643=CARTESIAN_POINT('',(5.05,-4.132,-11.88));
#11644=VECTOR('',#12913,3.0);
#11645=CARTESIAN_POINT('',(-1.75,-4.132,-11.88));
#11646=CARTESIAN_POINT('',(-2.4,-4.132,-11.88));
#11647=CARTESIAN_POINT('',(-1.75,-4.132,-11.88));
#11648=VECTOR('',#12914,0.65);
#11649=CARTESIAN_POINT('',(-2.4,-4.132,-11.88));
#11650=VECTOR('',#12915,2.12);
#11651=CARTESIAN_POINT('',(-1.75,-4.132,-14.0));
#11652=VECTOR('',#12916,2.12);
#11653=CARTESIAN_POINT('',(-4.4,-4.132,-11.88));
#11654=CARTESIAN_POINT('',(-5.05,-4.132,-11.88));
#11655=VECTOR('',#12917,0.65);
#11656=CARTESIAN_POINT('',(-4.4,-4.132,-11.88));
#11657=VECTOR('',#12918,3.0);
#11658=CARTESIAN_POINT('',(1.75,-3.752,-11.88));
#11659=VECTOR('',#12919,0.38);
#11660=CARTESIAN_POINT('',(2.4,-3.752,-11.88));
#11661=VECTOR('',#12920,0.38);
#11662=CARTESIAN_POINT('',(5.05,-3.752,-11.88));
#11663=VECTOR('',#12921,0.38);
#11664=CARTESIAN_POINT('',(4.4,-3.752,-11.88));
#11665=VECTOR('',#12922,0.38);
#11666=CARTESIAN_POINT('',(-1.75,-3.752,-11.88));
#11667=VECTOR('',#12923,0.38);
#11668=CARTESIAN_POINT('',(-2.4,-3.752,-11.88));
#11669=VECTOR('',#12924,0.38);
#11670=CARTESIAN_POINT('',(-4.4,-3.752,-11.88));
#11671=VECTOR('',#12925,0.38);
#11672=CARTESIAN_POINT('',(-3.8,-4.132,-13.161));
#11673=AXIS2_PLACEMENT_3D('',#12926,#12927,#12928);
#11674=CARTESIAN_POINT('',(-3.2,-4.132,-13.161));
#11675=CARTESIAN_POINT('',(-3.2,-4.132,-13.161));
#11676=VECTOR('',#12929,0.6);
#11677=AXIS2_PLACEMENT_3D('',#12930,#12931,#12932);
#11678=CARTESIAN_POINT('',(-3.2,-4.132,-15.16));
#11679=CARTESIAN_POINT('',(-3.2,-4.132,-15.16));
#11680=VECTOR('',#12933,1.999);
#11681=CARTESIAN_POINT('',(-3.2,-3.881,-15.16));
#11682=CARTESIAN_POINT('',(-3.2,-3.881,-15.16));
#11683=VECTOR('',#12934,0.251);
#11684=CARTESIAN_POINT('',(-3.2,-3.881,-13.161));
#11685=CARTESIAN_POINT('',(-3.2,-3.881,-13.161));
#11686=VECTOR('',#12935,1.999);
#11687=AXIS2_PLACEMENT_3D('',#12936,#12937,#12938);
#11688=CARTESIAN_POINT('',(-3.8,-3.881,-13.161));
#11689=CARTESIAN_POINT('',(-3.2,-3.881,-13.161));
#11690=VECTOR('',#12939,0.6);
#11691=AXIS2_PLACEMENT_3D('',#12940,#12941,#12942);
#11692=CARTESIAN_POINT('',(-3.8,-3.881,-15.16));
#11693=CARTESIAN_POINT('',(-3.8,-3.881,-13.161));
#11694=VECTOR('',#12943,1.999);
#11695=CARTESIAN_POINT('',(-3.8,-4.132,-15.16));
#11696=CARTESIAN_POINT('',(-3.8,-3.881,-15.16));
#11697=VECTOR('',#12944,0.251);
#11698=CARTESIAN_POINT('',(-3.8,-4.132,-15.16));
#11699=VECTOR('',#12945,1.999);
#11700=CARTESIAN_POINT('',(-3.2,-4.132,-15.16));
#11701=VECTOR('',#12946,0.6);
#11702=CARTESIAN_POINT('',(-3.2,-3.881,-15.16));
#11703=VECTOR('',#12947,0.6);
#11704=CARTESIAN_POINT('',(-1.3,-4.132,-13.161));
#11705=AXIS2_PLACEMENT_3D('',#12948,#12949,#12950);
#11706=CARTESIAN_POINT('',(-0.7,-4.132,-13.161));
#11707=CARTESIAN_POINT('',(-0.7,-4.132,-13.161));
#11708=VECTOR('',#12951,0.6);
#11709=AXIS2_PLACEMENT_3D('',#12952,#12953,#12954);
#11710=CARTESIAN_POINT('',(-0.7,-4.132,-15.16));
#11711=CARTESIAN_POINT('',(-0.7,-4.132,-15.16));
#11712=VECTOR('',#12955,1.999);
#11713=CARTESIAN_POINT('',(-0.7,-3.881,-15.16));
#11714=CARTESIAN_POINT('',(-0.7,-3.881,-15.16));
#11715=VECTOR('',#12956,0.251);
#11716=CARTESIAN_POINT('',(-0.7,-3.881,-13.161));
#11717=CARTESIAN_POINT('',(-0.7,-3.881,-13.161));
#11718=VECTOR('',#12957,1.999);
#11719=AXIS2_PLACEMENT_3D('',#12958,#12959,#12960);
#11720=CARTESIAN_POINT('',(-1.3,-3.881,-13.161));
#11721=CARTESIAN_POINT('',(-0.7,-3.881,-13.161));
#11722=VECTOR('',#12961,0.6);
#11723=AXIS2_PLACEMENT_3D('',#12962,#12963,#12964);
#11724=CARTESIAN_POINT('',(-1.3,-3.881,-15.16));
#11725=CARTESIAN_POINT('',(-1.3,-3.881,-13.161));
#11726=VECTOR('',#12965,1.999);
#11727=CARTESIAN_POINT('',(-1.3,-4.132,-15.16));
#11728=CARTESIAN_POINT('',(-1.3,-3.881,-15.16));
#11729=VECTOR('',#12966,0.251);
#11730=CARTESIAN_POINT('',(-1.3,-4.132,-15.16));
#11731=VECTOR('',#12967,1.999);
#11732=CARTESIAN_POINT('',(-0.7,-4.132,-15.16));
#11733=VECTOR('',#12968,0.6);
#11734=CARTESIAN_POINT('',(-0.7,-3.881,-15.16));
#11735=VECTOR('',#12969,0.6);
#11736=CARTESIAN_POINT('',(1.3,-3.881,-13.161));
#11737=AXIS2_PLACEMENT_3D('',#12970,#12971,#12972);
#11738=CARTESIAN_POINT('',(0.7,-3.881,-13.161));
#11739=CARTESIAN_POINT('',(1.3,-3.881,-13.161));
#11740=VECTOR('',#12973,0.6);
#11741=AXIS2_PLACEMENT_3D('',#12974,#12975,#12976);
#11742=CARTESIAN_POINT('',(0.7,-3.881,-15.16));
#11743=CARTESIAN_POINT('',(0.7,-3.881,-13.161));
#11744=VECTOR('',#12977,1.999);
#11745=CARTESIAN_POINT('',(0.7,-4.132,-15.16));
#11746=CARTESIAN_POINT('',(0.7,-3.881,-15.16));
#11747=VECTOR('',#12978,0.251);
#11748=CARTESIAN_POINT('',(0.7,-4.132,-13.161));
#11749=CARTESIAN_POINT('',(0.7,-4.132,-15.16));
#11750=VECTOR('',#12979,1.999);
#11751=AXIS2_PLACEMENT_3D('',#12980,#12981,#12982);
#11752=CARTESIAN_POINT('',(1.3,-4.132,-13.161));
#11753=CARTESIAN_POINT('',(1.3,-4.132,-13.161));
#11754=VECTOR('',#12983,0.6);
#11755=AXIS2_PLACEMENT_3D('',#12984,#12985,#12986);
#11756=CARTESIAN_POINT('',(1.3,-4.132,-15.16));
#11757=CARTESIAN_POINT('',(1.3,-4.132,-15.16));
#11758=VECTOR('',#12987,1.999);
#11759=CARTESIAN_POINT('',(1.3,-3.881,-15.16));
#11760=CARTESIAN_POINT('',(1.3,-3.881,-15.16));
#11761=VECTOR('',#12988,0.251);
#11762=CARTESIAN_POINT('',(1.3,-3.881,-13.161));
#11763=VECTOR('',#12989,1.999);
#11764=CARTESIAN_POINT('',(1.3,-3.881,-15.16));
#11765=VECTOR('',#12990,0.6);
#11766=CARTESIAN_POINT('',(1.3,-4.132,-15.16));
#11767=VECTOR('',#12991,0.6);
#11768=CARTESIAN_POINT('',(3.8,-3.881,-13.161));
#11769=AXIS2_PLACEMENT_3D('',#12992,#12993,#12994);
#11770=CARTESIAN_POINT('',(3.2,-3.881,-13.161));
#11771=CARTESIAN_POINT('',(3.8,-3.881,-13.161));
#11772=VECTOR('',#12995,0.6);
#11773=AXIS2_PLACEMENT_3D('',#12996,#12997,#12998);
#11774=CARTESIAN_POINT('',(3.2,-3.881,-15.16));
#11775=CARTESIAN_POINT('',(3.2,-3.881,-13.161));
#11776=VECTOR('',#12999,1.999);
#11777=CARTESIAN_POINT('',(3.2,-4.132,-15.16));
#11778=CARTESIAN_POINT('',(3.2,-3.881,-15.16));
#11779=VECTOR('',#13000,0.251);
#11780=CARTESIAN_POINT('',(3.2,-4.132,-13.161));
#11781=CARTESIAN_POINT('',(3.2,-4.132,-15.16));
#11782=VECTOR('',#13001,1.999);
#11783=AXIS2_PLACEMENT_3D('',#13002,#13003,#13004);
#11784=CARTESIAN_POINT('',(3.8,-4.132,-13.161));
#11785=CARTESIAN_POINT('',(3.8,-4.132,-13.161));
#11786=VECTOR('',#13005,0.6);
#11787=AXIS2_PLACEMENT_3D('',#13006,#13007,#13008);
#11788=CARTESIAN_POINT('',(3.8,-4.132,-15.16));
#11789=CARTESIAN_POINT('',(3.8,-4.132,-15.16));
#11790=VECTOR('',#13009,1.999);
#11791=CARTESIAN_POINT('',(3.8,-3.881,-15.16));
#11792=CARTESIAN_POINT('',(3.8,-3.881,-15.16));
#11793=VECTOR('',#13010,0.251);
#11794=CARTESIAN_POINT('',(3.8,-3.881,-13.161));
#11795=VECTOR('',#13011,1.999);
#11796=CARTESIAN_POINT('',(3.8,-3.881,-15.16));
#11797=VECTOR('',#13012,0.6);
#11798=CARTESIAN_POINT('',(3.8,-4.132,-15.16));
#11799=VECTOR('',#13013,0.6);
#11800=CARTESIAN_POINT('',(-7.768911614581,-6.006383816327,-10.98745589445));
#11801=VECTOR('',#13014,1.414911788891);
#11802=CARTESIAN_POINT('',(6.68,-2.032,-11.88));
#11803=CARTESIAN_POINT('',(6.68,-2.032,-11.88));
#11804=VECTOR('',#13015,1.049367661567);
#11805=CARTESIAN_POINT('',(6.68,-0.972,-11.88));
#11806=VECTOR('',#13016,1.06);
#11807=CARTESIAN_POINT('',(6.68,-2.032,-12.38));
#11808=CARTESIAN_POINT('',(6.68,-2.032,-12.38));
#11809=VECTOR('',#13017,0.5);
#11810=CARTESIAN_POINT('',(6.68,-0.972,-12.38));
#11811=VECTOR('',#13018,1.06);
#11812=CARTESIAN_POINT('',(6.247,-2.032,-12.38));
#11813=VECTOR('',#13019,0.433);
#11814=CARTESIAN_POINT('',(-6.68,-2.032,-11.88));
#11815=CARTESIAN_POINT('',(-6.247,-2.032,-10.92413207547));
#11816=VECTOR('',#13020,1.049367661567);
#11817=CARTESIAN_POINT('',(-6.68,-2.032,-12.38));
#11818=CARTESIAN_POINT('',(-6.68,-2.032,-11.88));
#11819=VECTOR('',#13021,0.5);
#11820=CARTESIAN_POINT('',(-6.68,-2.032,-12.38));
#11821=VECTOR('',#13022,0.433);
#11822=CARTESIAN_POINT('',(-6.68,-0.972,-12.38));
#11823=VECTOR('',#13023,1.06);
#11824=CARTESIAN_POINT('',(-6.68,-0.972,-11.88));
#11825=VECTOR('',#13024,1.06);
#11826=CARTESIAN_POINT('',(5.607,-2.63741360135,-0.32));
#11827=CARTESIAN_POINT('',(5.607,-2.632409876047,-0.3290498443066));
#11828=CARTESIAN_POINT('',(5.607820781695,-2.623035838126,-0.3470756410509));
#11829=CARTESIAN_POINT('',(5.611425552936,-2.610831746052,-0.3735881740548));
#11830=CARTESIAN_POINT('',(5.617314326358,-2.600326377926,-0.3994809338057));
#11831=CARTESIAN_POINT('',(5.625472955718,-2.591345545365,-0.4247705302845));
#11832=CARTESIAN_POINT('',(5.635805895292,-2.5838193929,-0.4491881999911));
#11833=CARTESIAN_POINT('',(5.648367969758,-2.577569562169,-0.4728051804158));
#11834=CARTESIAN_POINT('',(5.663110948497,-2.572509896579,-0.4953994041644));
#11835=CARTESIAN_POINT('',(5.680126442032,-2.568506133155,-0.5169289457504));
#11836=CARTESIAN_POINT('',(5.699168512866,-2.565486421966,-0.5369421028112));
#11837=CARTESIAN_POINT('',(5.720289018295,-2.563293155481,-0.555378747065));
#11838=CARTESIAN_POINT('',(5.743226315314,-2.561804688856,-0.5718874107284));
#11839=CARTESIAN_POINT('',(5.767890588283,-2.560868582235,-0.5863116517282));
#11840=CARTESIAN_POINT('',(5.793908817573,-2.560346466696,-0.5983618050397));
#11841=CARTESIAN_POINT('',(5.821108477663,-2.560099395282,-0.6079268771543));
#11842=CARTESIAN_POINT('',(5.849321177262,-2.560013051626,-0.6148823905598));
#11843=CARTESIAN_POINT('',(5.878116958851,-2.559998949578,-0.6190759719936));
#11844=CARTESIAN_POINT('',(5.897383193738,-2.56,-0.62));
#11845=CARTESIAN_POINT('',(5.907,-2.56,-0.62));
#11846=DIRECTION('',(-0.0,0.0,1.0));
#11847=DIRECTION('',(0.0,0.0,1.0));
#11848=DIRECTION('',(-0.0,-0.0,-1.0));
#11849=DIRECTION('',(0.0,0.0,1.0));
#11850=DIRECTION('',(-0.0,-0.0,1.0));
#11851=DIRECTION('',(0.0,0.0,1.0));
#11852=DIRECTION('',(0.0,0.0,-1.0));
#11853=DIRECTION('',(0.0,0.0,1.0));
#11854=DIRECTION('',(0.0,0.0,-1.0));
#11855=CARTESIAN_POINT('',(-5.605,0.738,-3.5));
#11856=DIRECTION('',(0.0,0.0,1.0));
#11857=DIRECTION('',(-0.707106781186498,0.707106781186598,0.0));
#11858=DIRECTION('',(0.0,0.0,1.0));
#11859=CARTESIAN_POINT('',(-5.605,0.738,-8.88));
#11860=DIRECTION('',(0.0,0.0,1.0));
#11861=DIRECTION('',(-0.707106781186498,0.707106781186598,0.0));
#11862=DIRECTION('',(-0.0,-0.0,1.0));
#11863=CARTESIAN_POINT('',(5.605,0.738,-8.88));
#11864=DIRECTION('',(0.0,0.0,1.0));
#11865=DIRECTION('',(0.707106781186498,-0.707106781186598,0.0));
#11866=DIRECTION('',(0.0,0.0,1.0));
#11867=CARTESIAN_POINT('',(5.605,0.738,-3.5));
#11868=DIRECTION('',(0.0,0.0,1.0));
#11869=DIRECTION('',(0.707106781186498,-0.707106781186598,0.0));
#11870=DIRECTION('',(-0.0,1.0,0.0));
#11871=CARTESIAN_POINT('',(-1.531234867229,-2.878,-7.73));
#11872=DIRECTION('',(-0.0,1.0,0.0));
#11873=DIRECTION('',(0.991159541580869,0.0,0.132675405155596));
#11874=DIRECTION('',(0.0,-1.0,0.0));
#11875=CARTESIAN_POINT('',(-1.531234867229,-2.56,-7.73));
#11876=DIRECTION('',(0.0,-1.0,-0.0));
#11877=DIRECTION('',(-1.761257806265E-11,0.0,-1.0));
#11878=DIRECTION('',(-0.0,1.0,0.0));
#11879=CARTESIAN_POINT('',(-1.531234867229,2.56,-7.73));
#11880=DIRECTION('',(-0.0,1.0,0.0));
#11881=DIRECTION('',(0.991159541580869,0.0,0.132675405155596));
#11882=DIRECTION('',(0.0,-1.0,0.0));
#11883=CARTESIAN_POINT('',(-1.531234867229,2.878,-7.73));
#11884=DIRECTION('',(0.0,-1.0,-0.0));
#11885=DIRECTION('',(-1.686739636853E-11,0.0,-1.0));
#11886=DIRECTION('',(-0.0,1.0,0.0));
#11887=DIRECTION('',(0.0,-1.0,0.0));
#11888=DIRECTION('',(-0.0,1.0,0.0));
#11889=DIRECTION('',(0.0,-1.0,0.0));
#11890=DIRECTION('',(-0.0,1.0,0.0));
#11891=DIRECTION('',(0.0,-1.0,0.0));
#11892=DIRECTION('',(-0.0,1.0,0.0));
#11893=CARTESIAN_POINT('',(4.468765132771,-2.878,-7.73));
#11894=DIRECTION('',(-0.0,1.0,0.0));
#11895=DIRECTION('',(0.991159541580869,0.0,0.132675405155596));
#11896=DIRECTION('',(0.0,-1.0,0.0));
#11897=CARTESIAN_POINT('',(4.468765132771,-2.56,-7.73));
#11898=DIRECTION('',(0.0,-1.0,-0.0));
#11899=DIRECTION('',(-1.756816914167E-11,0.0,-1.0));
#11900=DIRECTION('',(-0.0,-1.0,-0.0));
#11901=CARTESIAN_POINT('',(1.531234867229,2.878,-7.73));
#11902=DIRECTION('',(0.0,-1.0,0.0));
#11903=DIRECTION('',(-0.991159541580869,0.0,0.132675405155596));
#11904=DIRECTION('',(0.0,1.0,0.0));
#11905=CARTESIAN_POINT('',(1.531234867229,2.56,-7.73));
#11906=DIRECTION('',(0.0,1.0,0.0));
#11907=DIRECTION('',(1.628741586046E-11,0.0,-1.0));
#11908=DIRECTION('',(-0.0,-1.0,-0.0));
#11909=DIRECTION('',(0.0,1.0,0.0));
#11910=DIRECTION('',(1.0,0.0,0.0));
#11911=CARTESIAN_POINT('',(-5.307,3.325,0.0));
#11912=DIRECTION('',(0.0,-0.0,1.0));
#11913=DIRECTION('',(0.0,1.0,0.0));
#11914=DIRECTION('',(0.0,-1.0,0.0));
#11915=DIRECTION('',(1.0,0.0,0.0));
#11916=DIRECTION('',(0.0,-1.0,0.0));
#11917=CARTESIAN_POINT('',(5.307,3.325,0.0));
#11918=DIRECTION('',(0.0,0.0,1.0));
#11919=DIRECTION('',(1.0,0.0,0.0));
#11920=DIRECTION('',(0.0,0.0,-1.0));
#11921=DIRECTION('',(0.0,0.0,-1.0));
#11922=CARTESIAN_POINT('',(5.307,3.325,-0.318));
#11923=DIRECTION('',(0.0,0.0,-1.0));
#11924=DIRECTION('',(0.0,1.0,0.0));
#11925=DIRECTION('',(0.0,1.0,0.0));
#11926=DIRECTION('',(1.0,0.0,0.0));
#11927=DIRECTION('',(0.0,1.0,0.0));
#11928=CARTESIAN_POINT('',(-5.307,3.325,-0.318));
#11929=DIRECTION('',(0.0,0.0,-1.0));
#11930=DIRECTION('',(-1.0,0.0,0.0));
#11931=DIRECTION('',(1.0,0.0,0.0));
#11932=DIRECTION('',(0.0,0.0,1.0));
#11933=DIRECTION('',(0.0,0.0,1.0));
#11934=CARTESIAN_POINT('',(-5.607,3.18,-0.62));
#11935=DIRECTION('',(1.0,0.0,-0.0));
#11936=DIRECTION('',(0.0,0.0,1.0));
#11937=DIRECTION('',(0.0,-1.0,0.0));
#11938=CARTESIAN_POINT('',(-5.607,3.18,-0.62));
#11939=DIRECTION('',(1.0,0.0,-0.0));
#11940=DIRECTION('',(0.0,0.0,1.0));
#11941=DIRECTION('',(-1.0,0.0,0.0));
#11942=CARTESIAN_POINT('',(5.607,3.18,-0.62));
#11943=DIRECTION('',(1.0,0.0,-0.0));
#11944=DIRECTION('',(0.0,0.0,1.0));
#11945=DIRECTION('',(0.0,1.0,0.0));
#11946=CARTESIAN_POINT('',(5.607,3.18,-0.62));
#11947=DIRECTION('',(1.0,0.0,-0.0));
#11948=DIRECTION('',(0.0,0.0,1.0));
#11949=DIRECTION('',(1.0,0.0,0.0));
#11950=DIRECTION('',(1.0,0.0,2.22044604925E-14));
#11951=DIRECTION('',(0.0,0.0,1.0));
#11952=DIRECTION('',(1.0,0.0,0.0));
#11953=DIRECTION('',(0.0,0.0,-1.0));
#11954=DIRECTION('',(1.0,0.0,-2.22044604925E-14));
#11955=CARTESIAN_POINT('',(-3.0,2.878,-1.683567723681));
#11956=DIRECTION('',(0.0,1.0,0.0));
#11957=DIRECTION('',(-0.991159541580869,0.0,0.132675405155596));
#11958=DIRECTION('',(-0.132675405155596,0.0,-0.991159541580869));
#11959=CARTESIAN_POINT('',(-4.468765132771,2.878,-7.73));
#11960=DIRECTION('',(0.0,-1.0,0.0));
#11961=DIRECTION('',(-0.991159541580869,0.0,0.132675405155596));
#11962=DIRECTION('',(1.0,0.0,-1.641790658938E-13));
#11963=DIRECTION('',(-0.132675405155596,0.0,0.991159541580869));
#11964=CARTESIAN_POINT('',(3.0,2.878,-1.683567723681));
#11965=DIRECTION('',(0.0,1.0,0.0));
#11966=DIRECTION('',(-0.991159541580869,0.0,0.132675405155596));
#11967=DIRECTION('',(-0.132675405155596,0.0,-0.991159541580869));
#11968=DIRECTION('',(1.0,0.0,1.641790658938E-13));
#11969=CARTESIAN_POINT('',(4.468765132771,2.878,-7.73));
#11970=DIRECTION('',(0.0,-1.0,-0.0));
#11971=DIRECTION('',(-1.68753899743E-11,0.0,-1.0));
#11972=DIRECTION('',(-0.132675405155596,0.0,0.991159541580869));
#11973=DIRECTION('',(-0.132675405155596,0.0,0.991159541580869));
#11974=DIRECTION('',(0.0,-1.0,0.0));
#11975=DIRECTION('',(0.0,-1.0,0.0));
#11976=DIRECTION('',(0.132675405155596,0.0,-0.991159541580869));
#11977=DIRECTION('',(0.0,-1.0,0.0));
#11978=DIRECTION('',(0.132675405155596,0.0,-0.991159541580869));
#11979=CARTESIAN_POINT('',(4.468765132771,2.56,-7.73));
#11980=DIRECTION('',(-0.0,1.0,0.0));
#11981=DIRECTION('',(0.991159541580869,0.0,0.132675405155596));
#11982=DIRECTION('',(1.0,0.0,-1.665334536938E-14));
#11983=DIRECTION('',(0.0,0.0,1.0));
#11984=DIRECTION('',(1.0,0.0,0.0));
#11985=DIRECTION('',(0.0,0.0,-1.0));
#11986=DIRECTION('',(1.0,0.0,0.0));
#11987=CARTESIAN_POINT('',(-4.468765132771,2.56,-7.73));
#11988=DIRECTION('',(0.0,1.0,0.0));
#11989=DIRECTION('',(1.62891922173E-11,0.0,-1.0));
#11990=DIRECTION('',(-0.132675405155596,0.0,-0.991159541580869));
#11991=CARTESIAN_POINT('',(-3.0,2.56,-1.683567723681));
#11992=DIRECTION('',(0.0,1.0,0.0));
#11993=DIRECTION('',(-0.991159541580869,0.0,0.132675405155596));
#11994=DIRECTION('',(-0.132675405155596,0.0,0.991159541580869));
#11995=DIRECTION('',(-1.0,0.0,1.641790658983E-13));
#11996=DIRECTION('',(-0.132675405155596,0.0,-0.991159541580869));
#11997=CARTESIAN_POINT('',(3.0,2.56,-1.683567723681));
#11998=DIRECTION('',(0.0,1.0,0.0));
#11999=DIRECTION('',(-0.991159541580869,0.0,0.132675405155596));
#12000=DIRECTION('',(-1.0,0.0,-1.6357435479E-13));
#12001=DIRECTION('',(0.132658774472001,0.0158329276755201,-0.991035301064906));
#12002=DIRECTION('',(1.0,0.0,0.0));
#12003=DIRECTION('',(-0.132658774472001,0.0158329276755201,-0.991035301064906));
#12004=DIRECTION('',(0.0,-1.0,0.0));
#12005=DIRECTION('',(1.0,0.0,0.0));
#12006=DIRECTION('',(0.132658774472001,0.0158329276755201,-0.991035301064906));
#12007=DIRECTION('',(-0.132658774472001,0.0158329276755201,-0.991035301064906));
#12008=DIRECTION('',(0.0942312778810941,0.703960391736956,0.703960391736956));
#12009=DIRECTION('',(-0.0942312778810941,-0.703960391736956,-0.703960391736956));
#12010=DIRECTION('',(0.0942312778810941,-0.703960391736956,0.703960391736956));
#12011=DIRECTION('',(0.0942312778810941,-0.703960391736956,0.703960391736956));
#12012=DIRECTION('',(1.0,-1.256584174151E-14,0.0));
#12013=DIRECTION('',(1.0,0.0,0.0));
#12014=DIRECTION('',(0.0942312778810941,-0.703960391736956,-0.703960391736956));
#12015=DIRECTION('',(0.0942312778810742,0.703960391736957,-0.703960391736957));
#12016=DIRECTION('',(0.0942312778810941,0.703960391736956,-0.703960391736956));
#12017=DIRECTION('',(-0.0942312778810941,0.703960391736956,0.703960391736956));
#12018=DIRECTION('',(1.0,0.0,0.0));
#12019=DIRECTION('',(1.0,0.0,0.0));
#12020=DIRECTION('',(1.0,0.0,0.0));
#12021=DIRECTION('',(1.0,0.0,0.0));
#12022=DIRECTION('',(0.0,-1.0,0.0));
#12023=DIRECTION('',(0.132675405155596,0.0,0.991159541580869));
#12024=DIRECTION('',(0.0,-1.0,0.0));
#12025=DIRECTION('',(0.132675405155596,0.0,0.991159541580869));
#12026=DIRECTION('',(0.0,1.0,0.0));
#12027=CARTESIAN_POINT('',(3.0,-2.878,-1.683567723681));
#12028=DIRECTION('',(0.0,1.0,0.0));
#12029=DIRECTION('',(-0.991159541580869,0.0,0.132675405155596));
#12030=CARTESIAN_POINT('',(3.0,-2.56,-1.683567723681));
#12031=DIRECTION('',(0.0,1.0,0.0));
#12032=DIRECTION('',(-0.991159541580869,0.0,0.132675405155596));
#12033=DIRECTION('',(1.0,0.0,4.440892098501E-14));
#12034=DIRECTION('',(0.0,0.0,1.0));
#12035=DIRECTION('',(1.0,0.0,0.0));
#12036=DIRECTION('',(0.0,0.0,-1.0));
#12037=DIRECTION('',(1.0,-4.4408920985E-14,-4.4408920985E-14));
#12038=DIRECTION('',(1.0,0.0,0.0));
#12039=CARTESIAN_POINT('',(-3.0,-2.56,-1.683567723681));
#12040=DIRECTION('',(0.0,1.0,0.0));
#12041=DIRECTION('',(-0.991159541580869,0.0,0.132675405155596));
#12042=DIRECTION('',(0.132675405155596,0.0,0.991159541580869));
#12043=CARTESIAN_POINT('',(-4.468765132771,-2.56,-7.73));
#12044=DIRECTION('',(0.0,-1.0,0.0));
#12045=DIRECTION('',(-0.991159541580869,0.0,0.132675405155596));
#12046=DIRECTION('',(1.0,0.0,-1.653884881085E-13));
#12047=DIRECTION('',(0.132675405155596,0.0,-0.991159541580869));
#12048=CARTESIAN_POINT('',(1.531234867229,-2.56,-7.73));
#12049=DIRECTION('',(0.0,-1.0,0.0));
#12050=DIRECTION('',(-0.991159541580856,0.0,0.132675405155694));
#12051=DIRECTION('',(1.0,0.0,-1.653884881086E-13));
#12052=DIRECTION('',(-0.132658774472001,-0.0158329276755201,-0.991035301064906));
#12053=DIRECTION('',(1.0,0.0,0.0));
#12054=DIRECTION('',(0.132658774472001,-0.0158329276755201,-0.991035301064906));
#12055=DIRECTION('',(0.0,1.0,0.0));
#12056=DIRECTION('',(1.0,0.0,-2.22044604925E-14));
#12057=DIRECTION('',(0.0,0.0,1.0));
#12058=DIRECTION('',(-1.0,0.0,0.0));
#12059=DIRECTION('',(0.0,0.0,-1.0));
#12060=DIRECTION('',(1.0,0.0,0.0));
#12061=DIRECTION('',(-1.0,0.0,0.0));
#12062=CARTESIAN_POINT('',(-4.468765132771,-2.878,-7.73));
#12063=DIRECTION('',(0.0,1.0,0.0));
#12064=DIRECTION('',(1.762856527421E-11,0.0,-1.0));
#12065=DIRECTION('',(0.132675405155596,0.0,0.991159541580869));
#12066=CARTESIAN_POINT('',(-3.0,-2.878,-1.683567723681));
#12067=DIRECTION('',(0.0,1.0,0.0));
#12068=DIRECTION('',(-0.991159541580869,0.0,0.132675405155596));
#12069=DIRECTION('',(0.132675405155596,0.0,-0.991159541580869));
#12070=DIRECTION('',(-1.0,0.0,1.61155510349E-13));
#12071=DIRECTION('',(-1.0,0.0,1.61155510349E-13));
#12072=CARTESIAN_POINT('',(1.531234867229,-2.878,-7.73));
#12073=DIRECTION('',(0.0,1.0,0.0));
#12074=DIRECTION('',(1.764099977208E-11,0.0,-1.0));
#12075=DIRECTION('',(0.0942312778810941,-0.703960391736956,0.703960391736956));
#12076=DIRECTION('',(-0.132658774472001,-0.0158329276755201,-0.991035301064906));
#12077=DIRECTION('',(-0.0942312778810941,0.703960391736956,-0.703960391736956));
#12078=DIRECTION('',(-0.0942312778810941,-0.703960391736956,-0.703960391736956));
#12079=DIRECTION('',(-0.094231277881104,-0.703960391736955,-0.703960391736955));
#12080=DIRECTION('',(1.0,0.0,0.0));
#12081=DIRECTION('',(1.0,0.0,0.0));
#12082=DIRECTION('',(0.0942312778810941,0.703960391736956,-0.703960391736956));
#12083=DIRECTION('',(-0.0942312778810842,0.703960391736956,0.703960391736956));
#12084=DIRECTION('',(-0.0942312778810941,0.703960391736956,0.703960391736956));
#12085=DIRECTION('',(-0.0942312778810941,-0.703960391736956,0.703960391736956));
#12086=DIRECTION('',(1.0,0.0,0.0));
#12087=DIRECTION('',(1.0,0.0,0.0));
#12088=DIRECTION('',(1.0,0.0,0.0));
#12089=DIRECTION('',(0.132658774472001,-0.0158329276755201,-0.991035301064906));
#12090=DIRECTION('',(1.0,0.0,0.0));
#12091=DIRECTION('',(1.0,0.0,0.0));
#12092=DIRECTION('',(-1.0,0.0,0.0));
#12093=DIRECTION('',(-0.132658774472001,-0.0158329276755201,-0.991035301064906));
#12094=DIRECTION('',(0.132658774472001,-0.0158329276755201,-0.991035301064906));
#12095=DIRECTION('',(0.0942312778810941,0.703960391736956,-0.703960391736956));
#12096=DIRECTION('',(0.0,1.0,0.0));
#12097=DIRECTION('',(0.132658774472001,-0.0158329276755201,-0.991035301064906));
#12098=DIRECTION('',(-0.0942312778810941,-0.703960391736956,0.703960391736956));
#12099=DIRECTION('',(-0.0942312778810941,0.703960391736956,0.703960391736956));
#12100=DIRECTION('',(-0.0942312778810842,0.703960391736956,0.703960391736956));
#12101=DIRECTION('',(-1.0,0.0,0.0));
#12102=DIRECTION('',(0.0942312778810941,-0.703960391736956,0.703960391736956));
#12103=DIRECTION('',(-1.0,0.0,0.0));
#12104=DIRECTION('',(-0.094231277881104,-0.703960391736955,-0.703960391736955));
#12105=DIRECTION('',(-1.0,0.0,0.0));
#12106=DIRECTION('',(-0.0942312778810941,0.703960391736956,-0.703960391736956));
#12107=DIRECTION('',(-1.0,0.0,0.0));
#12108=DIRECTION('',(-1.0,0.0,0.0));
#12109=DIRECTION('',(-0.132658774472001,-0.0158329276755201,-0.991035301064906));
#12110=DIRECTION('',(-0.0942312778810941,-0.703960391736956,-0.703960391736956));
#12111=DIRECTION('',(0.0,1.0,0.0));
#12112=DIRECTION('',(0.0,-1.0,0.0));
#12113=DIRECTION('',(0.0,1.0,0.0));
#12114=DIRECTION('',(0.0,-1.0,0.0));
#12115=DIRECTION('',(-0.132658774472001,0.0158329276755201,-0.991035301064906));
#12116=DIRECTION('',(-1.0,0.0,0.0));
#12117=DIRECTION('',(0.132658774472001,0.0158329276755201,-0.991035301064906));
#12118=DIRECTION('',(0.0,1.0,0.0));
#12119=DIRECTION('',(-1.0,0.0,0.0));
#12120=DIRECTION('',(-0.132658774472001,0.0158329276755201,-0.991035301064906));
#12121=DIRECTION('',(0.132658774472001,0.0158329276755201,-0.991035301064906));
#12122=DIRECTION('',(0.0942312778810941,-0.703960391736956,-0.703960391736956));
#12123=DIRECTION('',(-0.0942312778810941,0.703960391736956,0.703960391736956));
#12124=DIRECTION('',(0.0942312778810941,0.703960391736956,-0.703960391736956));
#12125=DIRECTION('',(0.0942312778810941,0.703960391736956,-0.703960391736956));
#12126=DIRECTION('',(-1.0,0.0,0.0));
#12127=DIRECTION('',(0.0942312778810941,0.703960391736956,0.703960391736956));
#12128=DIRECTION('',(-1.0,0.0,0.0));
#12129=DIRECTION('',(0.0942312778810941,-0.703960391736956,0.703960391736956));
#12130=DIRECTION('',(-1.0,0.0,0.0));
#12131=DIRECTION('',(-0.0942312778810941,-0.703960391736956,-0.703960391736956));
#12132=DIRECTION('',(-1.0,0.0,0.0));
#12133=DIRECTION('',(-1.0,0.0,0.0));
#12134=DIRECTION('',(0.0942312778810941,-0.703960391736956,0.703960391736956));
#12135=DIRECTION('',(-1.0,-1.335321923928E-14,0.0));
#12136=DIRECTION('',(0.0,-1.0,2.513712508585E-14));
#12137=DIRECTION('',(0.0,-1.0,-2.583537856046E-14));
#12138=DIRECTION('',(-1.0,0.0,0.0));
#12139=DIRECTION('',(-1.0,0.0,0.0));
#12140=DIRECTION('',(1.0,0.0,0.0));
#12141=CARTESIAN_POINT('',(-5.607,-3.18,-0.62));
#12142=DIRECTION('',(1.0,0.0,-0.0));
#12143=DIRECTION('',(0.0,0.114896368032401,0.993377483443712));
#12144=CARTESIAN_POINT('',(5.607,-3.18,-0.62));
#12145=DIRECTION('',(1.0,0.0,-0.0));
#12146=DIRECTION('',(0.0,0.114896368032401,0.993377483443712));
#12147=DIRECTION('',(0.0,1.0,0.0));
#12148=DIRECTION('',(0.0,1.0,0.0));
#12149=CARTESIAN_POINT('',(5.607,-3.18,-0.62));
#12150=DIRECTION('',(1.0,0.0,-0.0));
#12151=DIRECTION('',(0.0,0.875139352661334,0.483870967741919));
#12152=DIRECTION('',(0.0,-1.0,0.0));
#12153=DIRECTION('',(0.0,0.0,1.0));
#12154=DIRECTION('',(0.0,0.0,1.0));
#12155=CARTESIAN_POINT('',(5.307,-3.325,-0.318));
#12156=DIRECTION('',(0.0,0.0,-1.0));
#12157=DIRECTION('',(1.0,0.0,0.0));
#12158=CARTESIAN_POINT('',(5.307,-3.325,0.0));
#12159=DIRECTION('',(0.0,0.0,1.0));
#12160=DIRECTION('',(0.0,-1.0,0.0));
#12161=DIRECTION('',(1.0,0.0,0.0));
#12162=DIRECTION('',(1.0,0.0,0.0));
#12163=DIRECTION('',(0.0,-1.0,0.0));
#12164=CARTESIAN_POINT('',(-5.307,-3.325,0.0));
#12165=DIRECTION('',(0.0,0.0,1.0));
#12166=DIRECTION('',(-1.0,0.0,0.0));
#12167=DIRECTION('',(0.0,0.0,-1.0));
#12168=DIRECTION('',(0.0,0.0,-1.0));
#12169=CARTESIAN_POINT('',(-5.307,-3.325,-0.318));
#12170=DIRECTION('',(0.0,0.0,-1.0));
#12171=DIRECTION('',(0.0,-1.0,0.0));
#12172=DIRECTION('',(0.0,1.0,0.0));
#12173=DIRECTION('',(1.0,0.0,0.0));
#12174=CARTESIAN_POINT('',(-5.607,-3.18,-0.62));
#12175=DIRECTION('',(1.0,0.0,-0.0));
#12176=DIRECTION('',(0.0,0.875139352661334,0.483870967741919));
#12177=DIRECTION('',(0.0,-1.0,0.0));
#12178=DIRECTION('',(0.0,-1.0,0.0));
#12179=DIRECTION('',(0.0,1.0,-1.665334536938E-14));
#12180=CARTESIAN_POINT('',(-5.927,-2.24,-0.62));
#12181=DIRECTION('',(0.0,0.0,1.0));
#12182=DIRECTION('',(-1.0,0.0,0.0));
#12183=CARTESIAN_POINT('',(-5.927,-2.24,-0.62));
#12184=DIRECTION('',(0.0,0.0,-1.0));
#12185=DIRECTION('',(0.0,-1.0,0.0));
#12186=DIRECTION('',(0.0,1.0,0.0));
#12187=DIRECTION('',(1.0,0.0,0.0));
#12188=CARTESIAN_POINT('',(5.927,-2.24,-0.62));
#12189=DIRECTION('',(0.0,0.0,1.0));
#12190=DIRECTION('',(0.0,-1.0,0.0));
#12191=DIRECTION('',(0.0,1.0,0.0));
#12192=DIRECTION('',(1.0,0.0,0.0));
#12193=DIRECTION('',(4.440892098501E-14,1.0,-4.440892098501E-14));
#12194=CARTESIAN_POINT('',(5.927,-2.24,-0.62));
#12195=DIRECTION('',(0.0,0.0,-1.0));
#12196=DIRECTION('',(1.0,0.0,0.0));
#12197=DIRECTION('',(0.0,1.0,0.0));
#12198=DIRECTION('',(0.0,1.0,2.22044604925E-14));
#12199=CARTESIAN_POINT('',(5.927,2.24,-0.62));
#12200=DIRECTION('',(0.0,0.0,1.0));
#12201=DIRECTION('',(1.0,0.0,0.0));
#12202=DIRECTION('',(0.0,1.0,0.0));
#12203=CARTESIAN_POINT('',(5.927,2.24,-0.62));
#12204=DIRECTION('',(0.0,0.0,-1.0));
#12205=DIRECTION('',(0.0,1.0,0.0));
#12206=DIRECTION('',(-4.440892098501E-14,1.0,4.440892098501E-14));
#12207=DIRECTION('',(-1.0,0.0,0.0));
#12208=CARTESIAN_POINT('',(-5.927,2.24,-0.62));
#12209=DIRECTION('',(0.0,-0.0,1.0));
#12210=DIRECTION('',(0.0,1.0,0.0));
#12211=DIRECTION('',(0.0,1.0,0.0));
#12212=DIRECTION('',(-1.0,0.0,0.0));
#12213=DIRECTION('',(0.0,1.0,1.665334536938E-14));
#12214=CARTESIAN_POINT('',(-5.927,2.24,-0.62));
#12215=DIRECTION('',(0.0,0.0,-1.0));
#12216=DIRECTION('',(-1.0,0.0,0.0));
#12217=DIRECTION('',(0.0,-1.0,0.0));
#12218=DIRECTION('',(1.0,0.0,0.0));
#12219=CARTESIAN_POINT('',(-6.867,-1.92,-0.62));
#12220=DIRECTION('',(0.0,1.0,0.0));
#12221=DIRECTION('',(0.0,0.0,1.0));
#12222=DIRECTION('',(0.0,1.0,0.0));
#12223=CARTESIAN_POINT('',(-6.867,1.92,-0.62));
#12224=DIRECTION('',(0.0,1.0,0.0));
#12225=DIRECTION('',(0.0,0.0,1.0));
#12226=DIRECTION('',(0.0,1.0,0.0));
#12227=DIRECTION('',(0.0,0.0,1.0));
#12228=DIRECTION('',(0.0,1.0,0.0));
#12229=DIRECTION('',(0.0,0.0,1.0));
#12230=DIRECTION('',(0.0,0.0,-1.0));
#12231=DIRECTION('',(0.0,1.0,0.0));
#12232=DIRECTION('',(0.0,0.0,-1.0));
#12233=CARTESIAN_POINT('',(-6.565,-0.6056840564903,-8.29));
#12234=DIRECTION('',(1.0,0.0,0.0));
#12235=DIRECTION('',(0.0,-0.9953500135553,-0.09632419486019));
#12236=DIRECTION('',(0.0,1.0,0.0));
#12237=CARTESIAN_POINT('',(-6.565,1.748,-8.41));
#12238=DIRECTION('',(1.0,0.0,0.0));
#12239=DIRECTION('',(0.0,0.0,-1.0));
#12240=DIRECTION('',(0.0,0.0,1.0));
#12241=CARTESIAN_POINT('',(-6.565,1.748,-5.13));
#12242=DIRECTION('',(1.0,0.0,0.0));
#12243=DIRECTION('',(0.0,1.0,0.0));
#12244=DIRECTION('',(0.0,-1.0,0.0));
#12245=CARTESIAN_POINT('',(-6.565,1.450600556568,-4.75));
#12246=DIRECTION('',(1.0,0.0,0.0));
#12247=DIRECTION('',(0.0,-0.995350013555302,0.0963241948601702));
#12248=DIRECTION('',(0.0,0.09632419486019,0.9953500135553));
#12249=CARTESIAN_POINT('',(-6.565,1.226974379071,-1.87));
#12250=DIRECTION('',(1.0,0.0,0.0));
#12251=DIRECTION('',(0.0,0.9953500135553,-0.09632419486019));
#12252=DIRECTION('',(0.0,-1.0,0.0));
#12253=CARTESIAN_POINT('',(-6.565,-1.226974379071,-1.87));
#12254=DIRECTION('',(1.0,0.0,0.0));
#12255=DIRECTION('',(0.0,-0.000123731504397795,0.999999992345257));
#12256=DIRECTION('',(0.0,0.09632419486019,-0.9953500135553));
#12257=DIRECTION('',(0.0,0.0,1.0));
#12258=CARTESIAN_POINT('',(-6.565,-2.172,-12.43));
#12259=DIRECTION('',(-1.0,0.0,0.0));
#12260=DIRECTION('',(0.0,0.0,-1.0));
#12261=DIRECTION('',(0.0,-1.0,0.0));
#12262=CARTESIAN_POINT('',(-6.565,-0.832,-12.43));
#12263=DIRECTION('',(-1.0,0.0,0.0));
#12264=DIRECTION('',(0.0,1.0,-1.366428338E-14));
#12265=DIRECTION('',(0.0,0.0,-1.0));
#12266=CARTESIAN_POINT('',(-6.565,-0.832,-10.58));
#12267=DIRECTION('',(-1.0,0.0,0.0));
#12268=DIRECTION('',(0.0,0.0,1.0));
#12269=DIRECTION('',(0.0,1.0,0.0));
#12270=CARTESIAN_POINT('',(-6.565,-2.172,-10.58));
#12271=DIRECTION('',(-1.0,0.0,0.0));
#12272=DIRECTION('',(0.0,-1.0,0.0));
#12273=DIRECTION('',(1.0,0.0,0.0));
#12274=CARTESIAN_POINT('',(-6.247,-2.172,-10.58));
#12275=DIRECTION('',(-1.0,0.0,0.0));
#12276=DIRECTION('',(0.0,-1.0,0.0));
#12277=DIRECTION('',(1.0,0.0,0.0));
#12278=DIRECTION('',(0.0,0.0,1.0));
#12279=DIRECTION('',(1.0,0.0,0.0));
#12280=CARTESIAN_POINT('',(-6.247,-2.172,-12.43));
#12281=DIRECTION('',(-1.0,0.0,0.0));
#12282=DIRECTION('',(0.0,0.0,-1.0));
#12283=DIRECTION('',(1.0,0.0,0.0));
#12284=DIRECTION('',(0.0,-1.0,0.0));
#12285=DIRECTION('',(1.0,0.0,0.0));
#12286=CARTESIAN_POINT('',(-6.247,-0.832,-12.43));
#12287=DIRECTION('',(-1.0,0.0,0.0));
#12288=DIRECTION('',(0.0,1.0,0.0));
#12289=DIRECTION('',(1.0,0.0,0.0));
#12290=DIRECTION('',(0.0,0.0,-1.0));
#12291=DIRECTION('',(1.0,0.0,0.0));
#12292=CARTESIAN_POINT('',(-6.247,-0.832,-10.58));
#12293=DIRECTION('',(-1.0,0.0,0.0));
#12294=DIRECTION('',(0.0,0.0,1.0));
#12295=DIRECTION('',(1.0,0.0,0.0));
#12296=DIRECTION('',(0.0,1.0,0.0));
#12297=DIRECTION('',(0.0,-1.0,0.0));
#12298=DIRECTION('',(0.0,0.0,1.0));
#12299=DIRECTION('',(0.0,-1.0,0.0));
#12300=DIRECTION('',(0.0,0.0,1.0));
#12301=DIRECTION('',(-0.412629449008899,0.0,0.910898972340299));
#12302=DIRECTION('',(0.0,0.0,1.0));
#12303=DIRECTION('',(1.0,0.0,0.0));
#12304=DIRECTION('',(0.0,0.0,1.0));
#12305=DIRECTION('',(1.0,0.0,0.0));
#12306=DIRECTION('',(0.0,0.0,-1.0));
#12307=DIRECTION('',(-0.412629449008899,0.0,-0.910898972340299));
#12308=DIRECTION('',(0.0,1.0,0.0));
#12309=CARTESIAN_POINT('',(6.247,-0.832,-12.43));
#12310=DIRECTION('',(1.0,0.0,0.0));
#12311=DIRECTION('',(0.0,0.0,-1.0));
#12312=DIRECTION('',(0.0,0.0,1.0));
#12313=CARTESIAN_POINT('',(6.247,-0.832,-10.58));
#12314=DIRECTION('',(1.0,0.0,-0.0));
#12315=DIRECTION('',(0.0,1.0,1.366428338E-14));
#12316=DIRECTION('',(0.0,-1.0,0.0));
#12317=CARTESIAN_POINT('',(6.247,-2.172,-10.58));
#12318=DIRECTION('',(1.0,0.0,-0.0));
#12319=DIRECTION('',(0.0,0.0,1.0));
#12320=DIRECTION('',(0.0,0.0,-1.0));
#12321=CARTESIAN_POINT('',(6.247,-2.172,-12.43));
#12322=DIRECTION('',(1.0,0.0,0.0));
#12323=DIRECTION('',(0.0,-1.0,-1.366428338E-14));
#12324=DIRECTION('',(0.0,-1.0,0.0));
#12325=DIRECTION('',(0.0,0.0,1.0));
#12326=DIRECTION('',(0.0,-1.0,0.0));
#12327=DIRECTION('',(-1.0,0.0,0.0));
#12328=DIRECTION('',(-1.0,0.0,0.0));
#12329=CARTESIAN_POINT('',(6.565,-2.172,-12.43));
#12330=DIRECTION('',(1.0,0.0,0.0));
#12331=DIRECTION('',(0.0,-1.0,0.0));
#12332=DIRECTION('',(0.0,1.0,0.0));
#12333=DIRECTION('',(0.0,0.0,1.0));
#12334=DIRECTION('',(0.0,-1.0,0.0));
#12335=DIRECTION('',(0.0,0.0,-1.0));
#12336=DIRECTION('',(0.0,-1.0,0.0));
#12337=DIRECTION('',(0.0,0.0,1.0));
#12338=DIRECTION('',(0.0,0.0,1.0));
#12339=CARTESIAN_POINT('',(6.565,1.450600556568,-4.75));
#12340=DIRECTION('',(1.0,0.0,0.0));
#12341=DIRECTION('',(0.0,-0.995350013555302,0.0963241948601702));
#12342=DIRECTION('',(0.0,-1.0,0.0));
#12343=CARTESIAN_POINT('',(6.565,1.748,-5.13));
#12344=DIRECTION('',(1.0,0.0,0.0));
#12345=DIRECTION('',(0.0,1.0,0.0));
#12346=DIRECTION('',(0.0,0.0,1.0));
#12347=CARTESIAN_POINT('',(6.565,1.748,-8.41));
#12348=DIRECTION('',(1.0,0.0,0.0));
#12349=DIRECTION('',(0.0,0.0,-1.0));
#12350=DIRECTION('',(0.0,1.0,0.0));
#12351=CARTESIAN_POINT('',(6.565,-0.6056840564903,-8.29));
#12352=DIRECTION('',(1.0,0.0,0.0));
#12353=DIRECTION('',(0.0,-0.9953500135553,-0.09632419486019));
#12354=DIRECTION('',(0.0,0.09632419486019,-0.9953500135553));
#12355=CARTESIAN_POINT('',(6.565,-1.226974379071,-1.87));
#12356=DIRECTION('',(-1.0,-0.0,0.0));
#12357=DIRECTION('',(0.0,-0.9953500135553,-0.09632419486019));
#12358=DIRECTION('',(0.0,1.0,0.0));
#12359=CARTESIAN_POINT('',(6.565,1.226974379071,-1.87));
#12360=DIRECTION('',(-1.0,0.0,0.0));
#12361=DIRECTION('',(0.0,0.000123731502162295,0.999999992345258));
#12362=DIRECTION('',(0.0,0.09632419486019,0.9953500135553));
#12363=DIRECTION('',(0.0,0.0,-1.0));
#12364=CARTESIAN_POINT('',(6.565,-2.172,-10.58));
#12365=DIRECTION('',(1.0,0.0,-0.0));
#12366=DIRECTION('',(0.0,0.0,1.0));
#12367=DIRECTION('',(0.0,-1.0,0.0));
#12368=CARTESIAN_POINT('',(6.565,-0.832,-10.58));
#12369=DIRECTION('',(1.0,0.0,0.0));
#12370=DIRECTION('',(0.0,1.0,0.0));
#12371=DIRECTION('',(0.0,0.0,1.0));
#12372=CARTESIAN_POINT('',(6.565,-0.832,-12.43));
#12373=DIRECTION('',(1.0,0.0,0.0));
#12374=DIRECTION('',(0.0,0.0,-1.0));
#12375=DIRECTION('',(0.0,1.0,0.0));
#12376=DIRECTION('',(-1.0,0.0,0.0));
#12377=DIRECTION('',(-1.0,0.0,0.0));
#12378=DIRECTION('',(-1.0,0.0,0.0));
#12379=DIRECTION('',(-1.0,0.0,0.0));
#12380=DIRECTION('',(-1.0,0.0,0.0));
#12381=DIRECTION('',(-1.0,0.0,0.0));
#12382=DIRECTION('',(-1.0,0.0,0.0));
#12383=DIRECTION('',(0.0,0.09632419486019,0.9953500135553));
#12384=DIRECTION('',(-1.0,0.0,-1.396506949214E-14));
#12385=DIRECTION('',(-1.0,0.0,1.396506949214E-14));
#12386=DIRECTION('',(0.0,0.09632419486019,0.9953500135553));
#12387=DIRECTION('',(-1.0,0.0,0.0));
#12388=CARTESIAN_POINT('',(6.247,1.450600556568,-4.75));
#12389=DIRECTION('',(1.0,0.0,0.0));
#12390=DIRECTION('',(0.0,-0.995350013555307,0.0963241948601207));
#12391=DIRECTION('',(-1.0,0.0,0.0));
#12392=DIRECTION('',(-1.0,0.0,0.0));
#12393=CARTESIAN_POINT('',(-6.247,1.450600556568,-4.75));
#12394=DIRECTION('',(1.0,0.0,0.0));
#12395=DIRECTION('',(0.0,-0.995350013555307,0.0963241948601207));
#12396=DIRECTION('',(0.0,-1.0,0.0));
#12397=DIRECTION('',(-1.0,0.0,0.0));
#12398=DIRECTION('',(-1.0,0.0,0.0));
#12399=DIRECTION('',(0.0,-1.0,0.0));
#12400=CARTESIAN_POINT('',(6.247,1.748,-5.13));
#12401=DIRECTION('',(1.0,0.0,0.0));
#12402=DIRECTION('',(0.0,1.0,0.0));
#12403=DIRECTION('',(-1.0,0.0,0.0));
#12404=DIRECTION('',(-1.0,0.0,0.0));
#12405=CARTESIAN_POINT('',(-6.247,1.748,-5.13));
#12406=DIRECTION('',(1.0,0.0,0.0));
#12407=DIRECTION('',(0.0,1.0,0.0));
#12408=DIRECTION('',(0.0,0.0,1.0));
#12409=DIRECTION('',(-1.0,0.0,0.0));
#12410=DIRECTION('',(-1.0,0.0,0.0));
#12411=DIRECTION('',(0.0,0.0,1.0));
#12412=CARTESIAN_POINT('',(6.247,1.748,-8.41));
#12413=DIRECTION('',(1.0,0.0,0.0));
#12414=DIRECTION('',(0.0,0.0,-1.0));
#12415=DIRECTION('',(-1.0,0.0,0.0));
#12416=DIRECTION('',(-1.0,0.0,0.0));
#12417=CARTESIAN_POINT('',(-6.247,1.748,-8.41));
#12418=DIRECTION('',(1.0,0.0,0.0));
#12419=DIRECTION('',(0.0,0.0,-1.0));
#12420=DIRECTION('',(0.0,1.0,0.0));
#12421=DIRECTION('',(-1.0,0.0,0.0));
#12422=DIRECTION('',(-1.0,0.0,0.0));
#12423=DIRECTION('',(0.0,1.0,0.0));
#12424=CARTESIAN_POINT('',(6.247,-0.6056840564903,-8.29));
#12425=DIRECTION('',(1.0,0.0,0.0));
#12426=DIRECTION('',(0.0,-0.995350013555301,-0.0963241948601801));
#12427=DIRECTION('',(-1.0,0.0,0.0));
#12428=DIRECTION('',(-1.0,0.0,0.0));
#12429=CARTESIAN_POINT('',(-6.247,-0.6056840564903,-8.29));
#12430=DIRECTION('',(1.0,0.0,0.0));
#12431=DIRECTION('',(0.0,-0.9953500135553,-0.09632419486019));
#12432=DIRECTION('',(0.0,0.09632419486019,-0.9953500135553));
#12433=DIRECTION('',(-1.0,0.0,0.0));
#12434=DIRECTION('',(-1.0,0.0,0.0));
#12435=DIRECTION('',(0.0,0.09632419486019,-0.9953500135553));
#12436=CARTESIAN_POINT('',(6.247,-1.226974379071,-1.87));
#12437=DIRECTION('',(1.0,0.0,-0.0));
#12438=DIRECTION('',(0.0,0.0,1.0));
#12439=DIRECTION('',(-1.0,0.0,0.0));
#12440=DIRECTION('',(-1.84101691947995E-07,-0.999999999999872,-4.72139683698587E-07));
#12441=DIRECTION('',(0.999949644188207,-0.0100353917650901,-4.73810669376103E-09));
#12442=DIRECTION('',(-1.0,0.0,0.0));
#12443=DIRECTION('',(-0.999949644188206,-0.0100353917651201,4.73810669376003E-09));
#12444=DIRECTION('',(1.84101691947395E-07,-0.999999999999872,4.72139683696987E-07));
#12445=DIRECTION('',(-1.0,0.0,0.0));
#12446=DIRECTION('',(0.99994964418784,0.0100353918016104,4.73811238949719E-09));
#12447=DIRECTION('',(1.84101975060595E-07,-0.999999999999872,-4.72140249545387E-07));
#12448=DIRECTION('',(-1.0,0.0,0.0));
#12449=DIRECTION('',(-1.84101975060395E-07,-0.999999999999872,4.72140249544887E-07));
#12450=DIRECTION('',(-0.99994964418784,0.0100353918016204,-4.73811167753019E-09));
#12451=CARTESIAN_POINT('',(-6.247,1.226974379071,-1.87));
#12452=DIRECTION('',(-1.0,0.0,0.0));
#12453=DIRECTION('',(0.0,0.0,1.0));
#12454=DIRECTION('',(0.0,0.0,-1.0));
#12455=DIRECTION('',(0.0,1.0,0.0));
#12456=DIRECTION('',(0.0,0.0,1.0));
#12457=DIRECTION('',(0.0,-1.0,0.0));
#12458=DIRECTION('',(0.0,1.0,0.0));
#12459=CARTESIAN_POINT('',(-6.247,-1.226974379071,-1.87));
#12460=DIRECTION('',(-1.0,-0.0,0.0));
#12461=DIRECTION('',(0.0,-0.9953500135553,-0.09632419486019));
#12462=DIRECTION('',(-0.999950178372345,-0.00998202249622645,0.0));
#12463=DIRECTION('',(0.0,-1.0,0.0));
#12464=DIRECTION('',(0.0,-1.0,0.0));
#12465=DIRECTION('',(0.102407462401498,-0.0965693920030684,-0.990043970827884));
#12466=DIRECTION('',(0.102407462401498,0.0965693920030684,-0.990043970827884));
#12467=DIRECTION('',(0.102407462401498,0.0965693920030685,-0.990043970827884));
#12468=DIRECTION('',(-0.994692912536038,0.0,-0.102888336319404));
#12469=DIRECTION('',(0.0,0.0,1.0));
#12470=DIRECTION('',(0.0,-1.0,0.0));
#12471=DIRECTION('',(0.0,0.0,-1.0));
#12472=DIRECTION('',(0.994692912536038,0.0,0.102888336319404));
#12473=DIRECTION('',(0.102407462401498,-0.0965693920030685,-0.990043970827884));
#12474=DIRECTION('',(0.999950178372345,-0.00998202249622745,0.0));
#12475=DIRECTION('',(0.0,1.0,0.0));
#12476=DIRECTION('',(0.0,1.0,0.0));
#12477=DIRECTION('',(0.0,1.0,0.0));
#12478=DIRECTION('',(-0.995326254314713,-0.0965693920030713,0.0));
#12479=DIRECTION('',(0.0,1.0,0.0));
#12480=DIRECTION('',(-0.995326254314713,0.0965693920030713,0.0));
#12481=DIRECTION('',(-1.675808339057E-14,0.0,1.0));
#12482=DIRECTION('',(-0.995326254314712,0.0965693920030812,0.0));
#12483=DIRECTION('',(0.0,-1.0,0.0));
#12484=DIRECTION('',(-0.995326254314712,-0.0965693920030812,0.0));
#12485=DIRECTION('',(1.675808339057E-14,0.0,-1.0));
#12486=DIRECTION('',(0.0,1.0,0.0));
#12487=CARTESIAN_POINT('',(-6.867,-1.92,-0.62));
#12488=DIRECTION('',(0.0,1.0,0.0));
#12489=DIRECTION('',(0.0,0.0,1.0));
#12490=CARTESIAN_POINT('',(-6.867,1.92,-0.62));
#12491=DIRECTION('',(0.0,1.0,0.0));
#12492=DIRECTION('',(0.0,0.0,1.0));
#12493=DIRECTION('',(-1.0,0.0,0.0));
#12494=DIRECTION('',(0.0,0.0,-1.0));
#12495=DIRECTION('',(1.0,0.0,0.0));
#12496=DIRECTION('',(-1.0,0.0,0.0));
#12497=DIRECTION('',(1.0,0.0,0.0));
#12498=CARTESIAN_POINT('',(-7.012,1.62,0.0));
#12499=DIRECTION('',(0.0,-0.0,1.0));
#12500=DIRECTION('',(0.0,1.0,0.0));
#12501=DIRECTION('',(0.0,1.0,0.0));
#12502=CARTESIAN_POINT('',(-7.012,-1.62,0.0));
#12503=DIRECTION('',(0.0,0.0,1.0));
#12504=DIRECTION('',(-1.0,0.0,0.0));
#12505=DIRECTION('',(0.0,0.0,1.0));
#12506=CARTESIAN_POINT('',(-7.012,-1.62,-0.318));
#12507=DIRECTION('',(0.0,0.0,-1.0));
#12508=DIRECTION('',(0.0,-1.0,0.0));
#12509=DIRECTION('',(0.0,0.0,1.0));
#12510=DIRECTION('',(-1.0,0.0,0.0));
#12511=DIRECTION('',(0.0,1.0,0.0));
#12512=CARTESIAN_POINT('',(-7.012,1.62,-0.318));
#12513=DIRECTION('',(0.0,0.0,-1.0));
#12514=DIRECTION('',(-1.0,0.0,0.0));
#12515=DIRECTION('',(0.0,0.0,-1.0));
#12516=CARTESIAN_POINT('',(-5.927,2.24,-8.88));
#12517=DIRECTION('',(0.0,-0.0,1.0));
#12518=DIRECTION('',(0.0,1.0,0.0));
#12519=CARTESIAN_POINT('',(-5.927,-2.24,-8.88));
#12520=DIRECTION('',(0.0,0.0,1.0));
#12521=DIRECTION('',(-1.0,0.0,0.0));
#12522=CARTESIAN_POINT('',(5.927,-2.24,-8.88));
#12523=DIRECTION('',(0.0,0.0,1.0));
#12524=DIRECTION('',(0.0,-1.0,0.0));
#12525=DIRECTION('',(0.0,-1.0,0.0));
#12526=CARTESIAN_POINT('',(5.927,2.24,-8.88));
#12527=DIRECTION('',(0.0,0.0,1.0));
#12528=DIRECTION('',(1.0,0.0,0.0));
#12529=DIRECTION('',(0.707106781186548,-0.707106781186548,0.0));
#12530=CARTESIAN_POINT('',(-5.605,0.738,-8.88));
#12531=DIRECTION('',(0.0,0.0,1.0));
#12532=DIRECTION('',(-0.707106781186498,0.707106781186598,0.0));
#12533=DIRECTION('',(-0.707106781186498,-0.707106781186598,0.0));
#12534=DIRECTION('',(0.0,-1.0,0.0));
#12535=CARTESIAN_POINT('',(-4.91,1.238,-8.88));
#12536=DIRECTION('',(0.0,0.0,-1.0));
#12537=DIRECTION('',(-1.0,0.0,0.0));
#12538=DIRECTION('',(1.0,0.0,0.0));
#12539=CARTESIAN_POINT('',(4.91,1.238,-8.88));
#12540=DIRECTION('',(0.0,0.0,-1.0));
#12541=DIRECTION('',(0.0,1.0,0.0));
#12542=DIRECTION('',(0.0,-1.0,0.0));
#12543=DIRECTION('',(-0.707106781186548,0.707106781186548,0.0));
#12544=CARTESIAN_POINT('',(5.605,0.738,-8.88));
#12545=DIRECTION('',(0.0,0.0,1.0));
#12546=DIRECTION('',(0.707106781186498,-0.707106781186598,0.0));
#12547=DIRECTION('',(0.707106781186548,0.707106781186548,0.0));
#12548=DIRECTION('',(0.0,-1.0,0.0));
#12549=CARTESIAN_POINT('',(5.42,0.168,-8.88));
#12550=DIRECTION('',(0.0,0.0,-1.0));
#12551=DIRECTION('',(1.0,0.0,0.0));
#12552=DIRECTION('',(1.0,0.0,0.0));
#12553=CARTESIAN_POINT('',(-5.42,0.168,-8.88));
#12554=DIRECTION('',(0.0,0.0,-1.0));
#12555=DIRECTION('',(0.0,-1.0,0.0));
#12556=DIRECTION('',(0.0,-1.0,0.0));
#12557=DIRECTION('',(1.0,0.0,0.0));
#12558=DIRECTION('',(0.0,-1.0,0.0));
#12559=DIRECTION('',(0.64287114276419,0.765974342782488,0.0));
#12560=DIRECTION('',(0.0,-1.0,0.0));
#12561=DIRECTION('',(-0.642871293713882,-0.765974216092578,0.0));
#12562=DIRECTION('',(-1.0,0.0,0.0));
#12563=DIRECTION('',(0.0,1.0,0.0));
#12564=DIRECTION('',(0.0,0.0,-1.0));
#12565=DIRECTION('',(0.0,0.0,1.0));
#12566=DIRECTION('',(0.0,1.0,0.0));
#12567=DIRECTION('',(0.0,-1.0,0.0));
#12568=CARTESIAN_POINT('',(6.247,1.226974379071,-1.87));
#12569=DIRECTION('',(1.0,0.0,0.0));
#12570=DIRECTION('',(0.0,0.9953500135553,-0.09632419486019));
#12571=DIRECTION('',(0.999950178372345,0.00998202249622545,0.0));
#12572=DIRECTION('',(0.0,1.0,0.0));
#12573=DIRECTION('',(0.0,1.0,0.0));
#12574=DIRECTION('',(-0.102407462401498,0.0965693920030684,-0.990043970827884));
#12575=DIRECTION('',(-0.102407462401498,-0.0965693920030684,-0.990043970827884));
#12576=DIRECTION('',(-0.102407462401498,-0.0965693920030685,-0.990043970827884));
#12577=DIRECTION('',(0.994692912536038,0.0,-0.102888336319404));
#12578=DIRECTION('',(0.0,0.0,1.0));
#12579=DIRECTION('',(0.0,1.0,0.0));
#12580=DIRECTION('',(0.0,0.0,-1.0));
#12581=DIRECTION('',(-0.994692912536038,0.0,0.102888336319404));
#12582=DIRECTION('',(-0.102407462401498,0.0965693920030685,-0.990043970827884));
#12583=DIRECTION('',(-0.999950178372345,0.00998202249622545,0.0));
#12584=DIRECTION('',(0.0,-1.0,0.0));
#12585=DIRECTION('',(0.0,-1.0,0.0));
#12586=DIRECTION('',(0.0,-1.0,0.0));
#12587=DIRECTION('',(0.995326254314713,0.0965693920030713,-1.98657820144603E-14));
#12588=DIRECTION('',(0.0,-1.0,0.0));
#12589=DIRECTION('',(0.995326254314713,-0.0965693920030713,0.0));
#12590=DIRECTION('',(0.0,0.0,1.0));
#12591=DIRECTION('',(0.995326254314713,-0.0965693920030713,0.0));
#12592=DIRECTION('',(0.0,1.0,0.0));
#12593=DIRECTION('',(0.995326254314713,0.0965693920030713,0.0));
#12594=DIRECTION('',(0.0,0.0,-1.0));
#12595=DIRECTION('',(0.0,1.0,0.0));
#12596=CARTESIAN_POINT('',(6.867,1.92,-0.62));
#12597=DIRECTION('',(0.0,1.0,0.0));
#12598=DIRECTION('',(-0.875139352661334,0.0,0.483870967741919));
#12599=CARTESIAN_POINT('',(6.867,-1.92,-0.62));
#12600=DIRECTION('',(0.0,1.0,0.0));
#12601=DIRECTION('',(-0.875139352661334,0.0,0.483870967741919));
#12602=CARTESIAN_POINT('',(6.867,-1.92,-0.62));
#12603=DIRECTION('',(0.0,1.0,0.0));
#12604=DIRECTION('',(-0.114896368032401,0.0,0.993377483443712));
#12605=DIRECTION('',(-1.0,0.0,0.0));
#12606=DIRECTION('',(0.0,0.0,-1.0));
#12607=DIRECTION('',(1.0,0.0,0.0));
#12608=DIRECTION('',(1.0,0.0,0.0));
#12609=CARTESIAN_POINT('',(6.867,1.92,-0.62));
#12610=DIRECTION('',(0.0,1.0,0.0));
#12611=DIRECTION('',(-0.114896368032401,0.0,0.993377483443712));
#12612=DIRECTION('',(0.0,1.0,0.0));
#12613=DIRECTION('',(0.0,1.0,0.0));
#12614=CARTESIAN_POINT('',(7.012,-1.62,-0.318));
#12615=DIRECTION('',(0.0,0.0,-1.0));
#12616=DIRECTION('',(1.0,0.0,0.0));
#12617=DIRECTION('',(-1.0,0.0,0.0));
#12618=CARTESIAN_POINT('',(7.012,1.62,-0.318));
#12619=DIRECTION('',(0.0,0.0,-1.0));
#12620=DIRECTION('',(0.0,1.0,0.0));
#12621=DIRECTION('',(0.0,0.0,1.0));
#12622=DIRECTION('',(0.0,0.0,1.0));
#12623=CARTESIAN_POINT('',(7.012,1.62,0.0));
#12624=DIRECTION('',(0.0,0.0,1.0));
#12625=DIRECTION('',(1.0,0.0,0.0));
#12626=DIRECTION('',(1.0,0.0,0.0));
#12627=CARTESIAN_POINT('',(7.012,-1.62,0.0));
#12628=DIRECTION('',(0.0,0.0,1.0));
#12629=DIRECTION('',(0.0,-1.0,0.0));
#12630=DIRECTION('',(0.0,1.0,0.0));
#12631=DIRECTION('',(0.0,0.0,-1.0));
#12632=DIRECTION('',(-1.0,0.0,0.0));
#12633=DIRECTION('',(0.0,0.0,-1.0));
#12634=DIRECTION('',(0.0,0.0,1.0));
#12635=DIRECTION('',(0.0,1.0,0.0));
#12636=DIRECTION('',(0.0,0.0,1.0));
#12637=DIRECTION('',(0.0,0.0,1.0));
#12638=DIRECTION('',(0.0,1.0,0.0));
#12639=DIRECTION('',(-0.447213595499977,-0.447213595499977,-0.774596669241461));
#12640=DIRECTION('',(0.0,1.0,0.0));
#12641=DIRECTION('',(0.447213595499977,-0.447213595499977,0.774596669241461));
#12642=DIRECTION('',(0.0,0.0,-1.0));
#12643=DIRECTION('',(1.0,0.0,0.0));
#12644=DIRECTION('',(0.0,0.0,1.0));
#12645=DIRECTION('',(0.0,0.0,1.0));
#12646=DIRECTION('',(0.0,-1.0,0.0));
#12647=DIRECTION('',(0.447213595499977,0.447213595499977,-0.774596669241461));
#12648=DIRECTION('',(0.0,-1.0,0.0));
#12649=DIRECTION('',(-0.447213595499977,0.447213595499977,0.774596669241461));
#12650=DIRECTION('',(0.0,0.0,-1.0));
#12651=DIRECTION('',(0.0,0.0,-1.0));
#12652=DIRECTION('',(0.0,0.0,1.0));
#12653=DIRECTION('',(0.0,1.0,0.0));
#12654=DIRECTION('',(0.0,0.0,1.0));
#12655=DIRECTION('',(-0.707106781186598,0.707106781186498,0.0));
#12656=CARTESIAN_POINT('',(5.605,0.738,-3.5));
#12657=DIRECTION('',(0.0,0.0,1.0));
#12658=DIRECTION('',(0.707106781186498,-0.707106781186598,0.0));
#12659=DIRECTION('',(0.0,0.0,1.0));
#12660=DIRECTION('',(0.707106781186598,0.707106781186498,0.0));
#12661=DIRECTION('',(-0.707106781186548,-0.707106781186548,0.0));
#12662=CARTESIAN_POINT('',(-5.605,0.738,-3.5));
#12663=DIRECTION('',(0.0,0.0,1.0));
#12664=DIRECTION('',(-0.707106781186498,0.707106781186598,0.0));
#12665=DIRECTION('',(0.707106781186548,-0.707106781186548,0.0));
#12666=DIRECTION('',(0.0,0.0,1.0));
#12667=DIRECTION('',(1.0,0.0,0.0));
#12668=DIRECTION('',(0.0,0.0,1.0));
#12669=DIRECTION('',(-1.0,0.0,0.0));
#12670=DIRECTION('',(0.0,0.0,1.0));
#12671=DIRECTION('',(-1.0,0.0,0.0));
#12672=DIRECTION('',(0.0,0.0,1.0));
#12673=DIRECTION('',(-1.0,0.0,0.0));
#12674=DIRECTION('',(0.0,0.0,1.0));
#12675=DIRECTION('',(-1.0,0.0,0.0));
#12676=DIRECTION('',(0.0,0.0,1.0));
#12677=DIRECTION('',(-1.0,0.0,0.0));
#12678=DIRECTION('',(0.0,0.0,1.0));
#12679=DIRECTION('',(-1.0,0.0,0.0));
#12680=DIRECTION('',(0.0,0.0,1.0));
#12681=DIRECTION('',(-1.0,0.0,0.0));
#12682=DIRECTION('',(0.0,0.0,1.0));
#12683=DIRECTION('',(-1.0,0.0,0.0));
#12684=DIRECTION('',(0.0,0.0,1.0));
#12685=DIRECTION('',(-1.0,0.0,0.0));
#12686=DIRECTION('',(0.0,0.0,1.0));
#12687=DIRECTION('',(-1.0,0.0,0.0));
#12688=DIRECTION('',(0.0,0.0,1.0));
#12689=DIRECTION('',(-1.0,0.0,0.0));
#12690=DIRECTION('',(0.0,0.0,1.0));
#12691=DIRECTION('',(-1.0,0.0,0.0));
#12692=DIRECTION('',(0.0,0.0,1.0));
#12693=DIRECTION('',(-1.0,0.0,0.0));
#12694=DIRECTION('',(0.0,0.0,1.0));
#12695=DIRECTION('',(-1.0,0.0,0.0));
#12696=DIRECTION('',(0.0,0.0,1.0));
#12697=DIRECTION('',(-1.0,0.0,0.0));
#12698=DIRECTION('',(0.0,0.0,1.0));
#12699=DIRECTION('',(-1.0,0.0,0.0));
#12700=DIRECTION('',(0.0,0.0,1.0));
#12701=DIRECTION('',(1.0,0.0,0.0));
#12702=DIRECTION('',(1.0,0.0,0.0));
#12703=DIRECTION('',(0.0,0.292371704722713,-0.956304755963043));
#12704=CARTESIAN_POINT('',(-3.0,0.6556146651024,-3.93));
#12705=DIRECTION('',(1.0,0.0,0.0));
#12706=DIRECTION('',(0.0,-0.606098788127902,0.795389375733602));
#12707=CARTESIAN_POINT('',(-3.0,0.6556146651024,-3.93));
#12708=DIRECTION('',(-1.0,-0.0,0.0));
#12709=DIRECTION('',(0.0,-0.956304755963043,-0.292371704722713));
#12710=DIRECTION('',(0.0,-0.292371704722713,0.956304755963043));
#12711=DIRECTION('',(-1.0,0.0,0.0));
#12712=DIRECTION('',(0.0,-0.292371704722713,0.956304755963043));
#12713=CARTESIAN_POINT('',(-4.0,0.6556146651024,-3.93));
#12714=DIRECTION('',(-1.0,-0.0,0.0));
#12715=DIRECTION('',(0.0,-0.956304755963043,-0.292371704722713));
#12716=CARTESIAN_POINT('',(-4.0,0.6556146651024,-3.93));
#12717=DIRECTION('',(1.0,0.0,0.0));
#12718=DIRECTION('',(0.0,-0.606098788127902,0.795389375733602));
#12719=DIRECTION('',(0.0,0.292371704722713,-0.956304755963043));
#12720=DIRECTION('',(-1.0,0.0,0.0));
#12721=DIRECTION('',(0.0,0.292371704722713,-0.956304755963043));
#12722=CARTESIAN_POINT('',(-0.5,0.6556146651024,-3.93));
#12723=DIRECTION('',(1.0,0.0,0.0));
#12724=DIRECTION('',(0.0,-0.606098788127902,0.795389375733602));
#12725=CARTESIAN_POINT('',(-0.5,0.6556146651024,-3.93));
#12726=DIRECTION('',(-1.0,-0.0,0.0));
#12727=DIRECTION('',(0.0,-0.956304755963043,-0.292371704722713));
#12728=DIRECTION('',(0.0,-0.292371704722713,0.956304755963043));
#12729=DIRECTION('',(-1.0,0.0,0.0));
#12730=DIRECTION('',(0.0,-0.292371704722713,0.956304755963043));
#12731=CARTESIAN_POINT('',(-1.5,0.6556146651024,-3.93));
#12732=DIRECTION('',(-1.0,-0.0,0.0));
#12733=DIRECTION('',(0.0,-0.956304755963043,-0.292371704722713));
#12734=CARTESIAN_POINT('',(-1.5,0.6556146651024,-3.93));
#12735=DIRECTION('',(1.0,0.0,0.0));
#12736=DIRECTION('',(0.0,-0.606098788127902,0.795389375733602));
#12737=DIRECTION('',(0.0,0.292371704722713,-0.956304755963043));
#12738=DIRECTION('',(-1.0,0.0,0.0));
#12739=DIRECTION('',(0.0,0.292371704722713,-0.956304755963043));
#12740=CARTESIAN_POINT('',(1.5,0.6556146651024,-3.93));
#12741=DIRECTION('',(1.0,0.0,0.0));
#12742=DIRECTION('',(0.0,-0.606098788127902,0.795389375733602));
#12743=CARTESIAN_POINT('',(1.5,0.6556146651024,-3.93));
#12744=DIRECTION('',(-1.0,-0.0,0.0));
#12745=DIRECTION('',(0.0,-0.956304755963043,-0.292371704722713));
#12746=DIRECTION('',(0.0,-0.292371704722713,0.956304755963043));
#12747=DIRECTION('',(-1.0,0.0,0.0));
#12748=DIRECTION('',(0.0,-0.292371704722713,0.956304755963043));
#12749=CARTESIAN_POINT('',(0.5,0.6556146651024,-3.93));
#12750=DIRECTION('',(-1.0,-0.0,0.0));
#12751=DIRECTION('',(0.0,-0.956304755963043,-0.292371704722713));
#12752=CARTESIAN_POINT('',(0.5,0.6556146651024,-3.93));
#12753=DIRECTION('',(1.0,0.0,0.0));
#12754=DIRECTION('',(0.0,-0.606098788127902,0.795389375733602));
#12755=DIRECTION('',(0.0,0.292371704722713,-0.956304755963043));
#12756=DIRECTION('',(-1.0,0.0,0.0));
#12757=DIRECTION('',(0.0,0.292371704722713,-0.956304755963043));
#12758=CARTESIAN_POINT('',(4.0,0.6556146651024,-3.93));
#12759=DIRECTION('',(1.0,0.0,0.0));
#12760=DIRECTION('',(0.0,-0.606098788127902,0.795389375733602));
#12761=CARTESIAN_POINT('',(4.0,0.6556146651024,-3.93));
#12762=DIRECTION('',(-1.0,-0.0,0.0));
#12763=DIRECTION('',(0.0,-0.956304755963043,-0.292371704722713));
#12764=DIRECTION('',(0.0,-0.292371704722713,0.956304755963043));
#12765=DIRECTION('',(-1.0,0.0,0.0));
#12766=DIRECTION('',(0.0,-0.292371704722713,0.956304755963043));
#12767=CARTESIAN_POINT('',(3.0,0.6556146651024,-3.93));
#12768=DIRECTION('',(-1.0,-0.0,0.0));
#12769=DIRECTION('',(0.0,-0.956304755963043,-0.292371704722713));
#12770=CARTESIAN_POINT('',(3.0,0.6556146651024,-3.93));
#12771=DIRECTION('',(1.0,0.0,0.0));
#12772=DIRECTION('',(0.0,-0.606098788127902,0.795389375733602));
#12773=DIRECTION('',(0.0,0.292371704722713,-0.956304755963043));
#12774=DIRECTION('',(-1.0,0.0,0.0));
#12775=DIRECTION('',(0.0,0.0,-1.0));
#12776=DIRECTION('',(0.0,1.0,0.0));
#12777=DIRECTION('',(0.0,0.0,-1.0));
#12778=DIRECTION('',(1.0,0.0,0.0));
#12779=DIRECTION('',(0.0,0.0,-1.0));
#12780=DIRECTION('',(0.0,-1.0,0.0));
#12781=DIRECTION('',(0.0,0.0,-1.0));
#12782=DIRECTION('',(0.64287114276419,0.765974342782488,0.0));
#12783=DIRECTION('',(0.0,0.0,-1.0));
#12784=DIRECTION('',(0.0,-1.0,0.0));
#12785=DIRECTION('',(0.0,0.0,-1.0));
#12786=DIRECTION('',(-0.642871293713882,-0.765974216092578,0.0));
#12787=DIRECTION('',(0.0,0.0,-1.0));
#12788=DIRECTION('',(-1.0,0.0,0.0));
#12789=DIRECTION('',(1.0,0.0,0.0));
#12790=DIRECTION('',(0.0,0.0,-1.0));
#12791=DIRECTION('',(1.0,0.0,0.0));
#12792=DIRECTION('',(1.0,0.0,0.0));
#12793=DIRECTION('',(1.0,0.0,0.0));
#12794=DIRECTION('',(0.0,0.0,1.0));
#12795=CARTESIAN_POINT('',(5.927,2.24,-14.0));
#12796=DIRECTION('',(0.0,0.0,-1.0));
#12797=DIRECTION('',(0.0,1.0,0.0));
#12798=DIRECTION('',(0.0,1.0,0.0));
#12799=CARTESIAN_POINT('',(5.927,-2.24,-14.0));
#12800=DIRECTION('',(0.0,0.0,-1.0));
#12801=DIRECTION('',(0.501567398119108,-0.865118572881214,0.0));
#12802=DIRECTION('',(0.0,-1.0,0.0));
#12803=DIRECTION('',(1.0,0.0,0.0));
#12804=DIRECTION('',(0.0,-1.0,0.0));
#12805=DIRECTION('',(1.0,0.0,0.0));
#12806=DIRECTION('',(0.0,-1.0,0.0));
#12807=DIRECTION('',(1.0,0.0,0.0));
#12808=DIRECTION('',(0.0,-1.0,0.0));
#12809=DIRECTION('',(1.0,0.0,0.0));
#12810=DIRECTION('',(0.0,-1.0,0.0));
#12811=DIRECTION('',(1.0,0.0,0.0));
#12812=DIRECTION('',(0.0,1.0,0.0));
#12813=CARTESIAN_POINT('',(-5.927,-2.24,-14.0));
#12814=DIRECTION('',(-0.0,0.0,-1.0));
#12815=DIRECTION('',(-0.349529780564292,-0.93692525448868,0.0));
#12816=DIRECTION('',(0.0,-1.0,0.0));
#12817=CARTESIAN_POINT('',(-5.927,2.24,-14.0));
#12818=DIRECTION('',(0.0,0.0,-1.0));
#12819=DIRECTION('',(-1.0,0.0,0.0));
#12820=DIRECTION('',(0.0,0.0,1.0));
#12821=DIRECTION('',(0.0,-1.0,0.0));
#12822=DIRECTION('',(0.0,0.0,1.0));
#12823=DIRECTION('',(0.0,0.0,1.0));
#12824=DIRECTION('',(0.678812057877726,-0.727936810855528,0.0965514861682038));
#12825=DIRECTION('',(-0.639495084272638,-0.762120564128246,0.101085522820906));
#12826=DIRECTION('',(0.639495084272638,0.762120564128246,-0.101085522820906));
#12827=DIRECTION('',(-0.678812057877727,0.727936810855529,-0.0965514861681939));
#12828=DIRECTION('',(0.678812057877726,-0.727936810855528,-0.0965514861682038));
#12829=DIRECTION('',(0.0,0.0,1.0));
#12830=DIRECTION('',(-0.639495084272638,-0.762120564128246,-0.101085522820906));
#12831=DIRECTION('',(0.0,0.0,1.0));
#12832=DIRECTION('',(-0.678812057877727,0.727936810855529,0.0965514861681939));
#12833=DIRECTION('',(0.639495084272638,0.762120564128246,0.101085522820906));
#12834=DIRECTION('',(1.0,0.0,0.0));
#12835=CARTESIAN_POINT('',(5.927,-2.24,-9.26));
#12836=DIRECTION('',(0.0,0.0,-1.0));
#12837=DIRECTION('',(1.0,0.0,0.0));
#12838=DIRECTION('',(0.0,-1.0,0.0));
#12839=DIRECTION('',(-1.0,0.0,0.0));
#12840=CARTESIAN_POINT('',(-5.927,-2.24,-9.26));
#12841=DIRECTION('',(-0.0,0.0,-1.0));
#12842=DIRECTION('',(-0.501567398119108,-0.865118572881214,0.0));
#12843=DIRECTION('',(0.678812057877726,0.727936810855528,0.0965514861682038));
#12844=DIRECTION('',(-0.639495084272638,0.762120564128246,0.101085522820906));
#12845=DIRECTION('',(0.639495084272638,-0.762120564128246,-0.101085522820906));
#12846=DIRECTION('',(-0.678812057877726,-0.727936810855529,-0.0965514861682037));
#12847=DIRECTION('',(0.0,0.0,1.0));
#12848=DIRECTION('',(-0.678812057877726,-0.727936810855529,0.0965514861682037));
#12849=DIRECTION('',(0.639495084272638,-0.762120564128246,0.101085522820906));
#12850=DIRECTION('',(-0.639495084272638,0.762120564128246,-0.101085522820906));
#12851=DIRECTION('',(0.678812057877727,0.727936810855529,-0.0965514861681939));
#12852=DIRECTION('',(0.0,0.0,1.0));
#12853=DIRECTION('',(0.0,0.0,1.0));
#12854=DIRECTION('',(0.0,0.0,1.0));
#12855=DIRECTION('',(0.0,0.0,1.0));
#12856=DIRECTION('',(0.0,0.0,-1.0));
#12857=CARTESIAN_POINT('',(5.927,-2.24,-8.88));
#12858=DIRECTION('',(0.0,0.0,-1.0));
#12859=DIRECTION('',(0.349529780564292,-0.93692525448868,0.0));
#12860=DIRECTION('',(0.0,0.0,1.0));
#12861=DIRECTION('',(0.0,0.0,1.0));
#12862=DIRECTION('',(0.0,1.0,0.0));
#12863=DIRECTION('',(-1.0,0.0,0.0));
#12864=DIRECTION('',(0.0,-1.0,0.0));
#12865=DIRECTION('',(-1.0,0.0,0.0));
#12866=DIRECTION('',(0.0,-1.0,0.0));
#12867=DIRECTION('',(-1.0,0.0,0.0));
#12868=DIRECTION('',(0.0,-1.0,0.0));
#12869=DIRECTION('',(-1.0,0.0,0.0));
#12870=DIRECTION('',(0.0,-1.0,0.0));
#12871=DIRECTION('',(-1.0,0.0,0.0));
#12872=CARTESIAN_POINT('',(-5.927,-2.24,-8.88));
#12873=DIRECTION('',(0.0,0.0,-1.0));
#12874=DIRECTION('',(0.0,-1.0,0.0));
#12875=DIRECTION('',(0.0,-1.0,0.0));
#12876=DIRECTION('',(0.0,0.0,-1.0));
#12877=DIRECTION('',(0.0,0.0,-1.0));
#12878=DIRECTION('',(0.0,0.0,1.0));
#12879=DIRECTION('',(-1.0,0.0,0.0));
#12880=DIRECTION('',(0.0,0.0,1.0));
#12881=DIRECTION('',(0.0,0.0,1.0));
#12882=DIRECTION('',(-1.0,0.0,0.0));
#12883=DIRECTION('',(0.0,0.0,1.0));
#12884=DIRECTION('',(0.0,0.0,-1.0));
#12885=DIRECTION('',(1.0,0.0,0.0));
#12886=DIRECTION('',(0.0,0.0,-1.0));
#12887=DIRECTION('',(0.0,0.0,-1.0));
#12888=DIRECTION('',(1.0,0.0,0.0));
#12889=DIRECTION('',(0.0,0.0,-1.0));
#12890=DIRECTION('',(0.0,0.0,-1.0));
#12891=DIRECTION('',(-1.0,0.0,0.0));
#12892=DIRECTION('',(0.0,0.0,1.0));
#12893=DIRECTION('',(-1.0,0.0,0.0));
#12894=DIRECTION('',(0.0,0.0,-1.0));
#12895=DIRECTION('',(-1.0,0.0,0.0));
#12896=DIRECTION('',(0.0,0.0,1.0));
#12897=DIRECTION('',(-1.0,0.0,0.0));
#12898=DIRECTION('',(0.0,0.0,1.0));
#12899=DIRECTION('',(-1.0,0.0,0.0));
#12900=DIRECTION('',(0.0,0.0,-1.0));
#12901=DIRECTION('',(-1.0,0.0,0.0));
#12902=DIRECTION('',(0.0,0.0,1.0));
#12903=DIRECTION('',(-1.0,0.0,0.0));
#12904=DIRECTION('',(0.0,0.0,-1.0));
#12905=DIRECTION('',(-1.0,0.0,0.0));
#12906=DIRECTION('',(0.0,-1.0,0.0));
#12907=DIRECTION('',(0.0,0.0,-1.0));
#12908=DIRECTION('',(0.0,0.0,1.0));
#12909=DIRECTION('',(-1.0,0.0,0.0));
#12910=DIRECTION('',(0.0,0.0,-1.0));
#12911=DIRECTION('',(0.0,0.0,-1.0));
#12912=DIRECTION('',(1.0,0.0,0.0));
#12913=DIRECTION('',(0.0,0.0,1.0));
#12914=DIRECTION('',(-1.0,0.0,0.0));
#12915=DIRECTION('',(0.0,0.0,-1.0));
#12916=DIRECTION('',(0.0,0.0,1.0));
#12917=DIRECTION('',(1.0,0.0,0.0));
#12918=DIRECTION('',(0.0,0.0,1.0));
#12919=DIRECTION('',(0.0,-1.0,0.0));
#12920=DIRECTION('',(0.0,-1.0,0.0));
#12921=DIRECTION('',(0.0,-1.0,0.0));
#12922=DIRECTION('',(0.0,-1.0,0.0));
#12923=DIRECTION('',(0.0,-1.0,0.0));
#12924=DIRECTION('',(0.0,-1.0,0.0));
#12925=DIRECTION('',(0.0,-1.0,0.0));
#12926=CARTESIAN_POINT('',(-3.8,-3.631,-13.161));
#12927=DIRECTION('',(-1.0,0.0,0.0));
#12928=DIRECTION('',(0.0,-1.0,0.0));
#12929=DIRECTION('',(-1.0,0.0,0.0));
#12930=CARTESIAN_POINT('',(-3.2,-3.631,-13.161));
#12931=DIRECTION('',(-1.0,0.0,0.0));
#12932=DIRECTION('',(0.0,-1.0,0.0));
#12933=DIRECTION('',(0.0,0.0,1.0));
#12934=DIRECTION('',(0.0,-1.0,0.0));
#12935=DIRECTION('',(0.0,0.0,-1.0));
#12936=CARTESIAN_POINT('',(-3.2,-3.631,-13.161));
#12937=DIRECTION('',(-1.0,-0.0,0.0));
#12938=DIRECTION('',(0.0,-1.0,-3.5527136788E-14));
#12939=DIRECTION('',(-1.0,0.0,0.0));
#12940=CARTESIAN_POINT('',(-3.8,-3.631,-13.161));
#12941=DIRECTION('',(-1.0,-0.0,0.0));
#12942=DIRECTION('',(0.0,-1.0,-3.5527136788E-14));
#12943=DIRECTION('',(0.0,0.0,-1.0));
#12944=DIRECTION('',(0.0,-1.0,0.0));
#12945=DIRECTION('',(0.0,0.0,1.0));
#12946=DIRECTION('',(-1.0,0.0,0.0));
#12947=DIRECTION('',(-1.0,0.0,0.0));
#12948=CARTESIAN_POINT('',(-1.3,-3.631,-13.161));
#12949=DIRECTION('',(-1.0,0.0,0.0));
#12950=DIRECTION('',(0.0,-1.0,0.0));
#12951=DIRECTION('',(-1.0,0.0,0.0));
#12952=CARTESIAN_POINT('',(-0.7,-3.631,-13.161));
#12953=DIRECTION('',(-1.0,0.0,0.0));
#12954=DIRECTION('',(0.0,-1.0,0.0));
#12955=DIRECTION('',(0.0,0.0,1.0));
#12956=DIRECTION('',(0.0,-1.0,0.0));
#12957=DIRECTION('',(0.0,0.0,-1.0));
#12958=CARTESIAN_POINT('',(-0.7,-3.631,-13.161));
#12959=DIRECTION('',(-1.0,-0.0,0.0));
#12960=DIRECTION('',(0.0,-1.0,-3.5527136788E-14));
#12961=DIRECTION('',(-1.0,0.0,0.0));
#12962=CARTESIAN_POINT('',(-1.3,-3.631,-13.161));
#12963=DIRECTION('',(-1.0,-0.0,0.0));
#12964=DIRECTION('',(0.0,-1.0,-3.5527136788E-14));
#12965=DIRECTION('',(0.0,0.0,-1.0));
#12966=DIRECTION('',(0.0,-1.0,0.0));
#12967=DIRECTION('',(0.0,0.0,1.0));
#12968=DIRECTION('',(-1.0,0.0,0.0));
#12969=DIRECTION('',(-1.0,0.0,0.0));
#12970=CARTESIAN_POINT('',(1.3,-3.631,-13.161));
#12971=DIRECTION('',(-1.0,-0.0,0.0));
#12972=DIRECTION('',(0.0,-1.0,-3.5527136788E-14));
#12973=DIRECTION('',(-1.0,0.0,0.0));
#12974=CARTESIAN_POINT('',(0.7,-3.631,-13.161));
#12975=DIRECTION('',(-1.0,-0.0,0.0));
#12976=DIRECTION('',(0.0,-1.0,-3.5527136788E-14));
#12977=DIRECTION('',(0.0,0.0,-1.0));
#12978=DIRECTION('',(0.0,-1.0,0.0));
#12979=DIRECTION('',(0.0,0.0,1.0));
#12980=CARTESIAN_POINT('',(0.7,-3.631,-13.161));
#12981=DIRECTION('',(-1.0,0.0,0.0));
#12982=DIRECTION('',(0.0,-1.0,0.0));
#12983=DIRECTION('',(-1.0,0.0,0.0));
#12984=CARTESIAN_POINT('',(1.3,-3.631,-13.161));
#12985=DIRECTION('',(-1.0,0.0,0.0));
#12986=DIRECTION('',(0.0,-1.0,0.0));
#12987=DIRECTION('',(0.0,0.0,1.0));
#12988=DIRECTION('',(0.0,-1.0,0.0));
#12989=DIRECTION('',(0.0,0.0,-1.0));
#12990=DIRECTION('',(-1.0,0.0,0.0));
#12991=DIRECTION('',(-1.0,0.0,0.0));
#12992=CARTESIAN_POINT('',(3.8,-3.631,-13.161));
#12993=DIRECTION('',(-1.0,-0.0,0.0));
#12994=DIRECTION('',(0.0,-1.0,-3.5527136788E-14));
#12995=DIRECTION('',(-1.0,0.0,0.0));
#12996=CARTESIAN_POINT('',(3.2,-3.631,-13.161));
#12997=DIRECTION('',(-1.0,-0.0,0.0));
#12998=DIRECTION('',(0.0,-1.0,-3.5527136788E-14));
#12999=DIRECTION('',(0.0,0.0,-1.0));
#13000=DIRECTION('',(0.0,-1.0,0.0));
#13001=DIRECTION('',(0.0,0.0,1.0));
#13002=CARTESIAN_POINT('',(3.2,-3.631,-13.161));
#13003=DIRECTION('',(-1.0,0.0,0.0));
#13004=DIRECTION('',(0.0,-1.0,0.0));
#13005=DIRECTION('',(-1.0,0.0,0.0));
#13006=CARTESIAN_POINT('',(3.8,-3.631,-13.161));
#13007=DIRECTION('',(-1.0,0.0,0.0));
#13008=DIRECTION('',(0.0,-1.0,0.0));
#13009=DIRECTION('',(0.0,0.0,1.0));
#13010=DIRECTION('',(0.0,-1.0,0.0));
#13011=DIRECTION('',(0.0,0.0,-1.0));
#13012=DIRECTION('',(-1.0,0.0,0.0));
#13013=DIRECTION('',(-1.0,0.0,0.0));
#13014=DIRECTION('',(0.0,0.0,1.0));
#13015=DIRECTION('',(-0.412629449008899,0.0,0.910898972340299));
#13016=DIRECTION('',(0.0,-1.0,0.0));
#13017=DIRECTION('',(0.0,0.0,1.0));
#13018=DIRECTION('',(0.0,-1.0,0.0));
#13019=DIRECTION('',(1.0,0.0,0.0));
#13020=DIRECTION('',(-0.412629449008899,0.0,-0.910898972340299));
#13021=DIRECTION('',(0.0,0.0,-1.0));
#13022=DIRECTION('',(1.0,0.0,0.0));
#13023=DIRECTION('',(0.0,-1.0,0.0));
#13024=DIRECTION('',(0.0,-1.0,0.0));
ENDSEC;
END-ISO-10303-21;
