ISO-10303-21;
HEADER;
FILE_DESCRIPTION(('STEP AP214'),'1');
FILE_NAME('usb-am-s-f-b-th.stp','2024-03-11T04:31:42',('TraceParts'),('TraceParts S.A.'),'Spatial InterOp 3D',' ',' ');
FILE_SCHEMA(('AUTOMOTIVE_DESIGN { 1 0 10303 214 1 1 1 1 }'));
ENDSEC;
DATA;
#1=MECHANICAL_DESIGN_GEOMETRIC_PRESENTATION_REPRESENTATION(' ',(#10,#11,#12,#13,#14,#15,#16,#17,#18,#19,#20,#21,#22,#23,#24,#25,#26,#27,#28,#29,#30,#31,#32,#33,#34,#35,#36,#37,#38,#39,#40,#41,#42,#43,#44,#45,#46,#47,#48,#49,#50,#51,#52,#53,#54,#55,#56,#57,#58,#59,#60,#61,#62,#63,#64,#65,#66,#67,#68,#69,#70,#71,#72,#73,#74,#75,#76,#77,#78,#79,#80,#81,#82,#83,#84,#85,#86,#87,#88,#89,#90,#91,#92,#93,#94,#95,#96,#97,#98,#99,#100,#101,#102,#103,#104,#105,#106,#107,#108,#109,#110,#111,#112,#113,#114,#115,#116,#117,#118,#119,#120,#121,#122,#123,#124,#125,#126,#127,#128,#129,#130,#131,#132,#133,#134,#135,#136,#137,#138,#139,#140,#141,#142,#143,#144,#145,#146,#147,#148,#149,#150,#151,#152,#153,#154,#155,#156,#157,#158,#159,#160,#161,#162,#163,#164,#165,#166,#167,#168,#169,#170,#171,#172,#173,#174,#175,#176,#177,#178,#179,#180,#181,#182,#183,#184,#185,#186,#187,#188,#189,#190,#191,#192,#193,#194,#195,#196,#197,#198,#199,#200,#201,#202,#203,#204,#205,#206,#207,#208,#209,#210,#211,#212,#213,#214,#215,#216,#217,#218,#219,#220,#221,#222,#223,#224,#225,#226,#227,#228,#229,#230,#231,#232,#233,#234,#235,#236,#237,#238,#239,#240,#241,#242,#243,#244,#245),#6);
#2=PRODUCT_DEFINITION_CONTEXT('',#246,'design');
#3=APPLICATION_PROTOCOL_DEFINITION('INTERNATIONAL STANDARD','automotive_design',1994,#246);
#4=PRODUCT_CATEGORY_RELATIONSHIP('NONE','NONE',#247,#248);
#5=SHAPE_DEFINITION_REPRESENTATION(#249,#250);
#6= (GEOMETRIC_REPRESENTATION_CONTEXT(3)GLOBAL_UNCERTAINTY_ASSIGNED_CONTEXT((#253))GLOBAL_UNIT_ASSIGNED_CONTEXT((#255,#256,#257))REPRESENTATION_CONTEXT('NONE','WORKSPACE'));
#10=STYLED_ITEM('',(#259),#260);
#11=STYLED_ITEM('',(#261),#262);
#12=STYLED_ITEM('',(#263),#264);
#13=STYLED_ITEM('',(#265),#266);
#14=STYLED_ITEM('',(#267),#268);
#15=STYLED_ITEM('',(#269),#270);
#16=STYLED_ITEM('',(#271),#272);
#17=STYLED_ITEM('',(#273),#274);
#18=STYLED_ITEM('',(#275),#276);
#19=STYLED_ITEM('',(#277),#278);
#20=STYLED_ITEM('',(#279),#280);
#21=STYLED_ITEM('',(#281),#282);
#22=STYLED_ITEM('',(#283),#284);
#23=STYLED_ITEM('',(#285),#286);
#24=STYLED_ITEM('',(#287),#288);
#25=STYLED_ITEM('',(#289),#290);
#26=STYLED_ITEM('',(#291),#292);
#27=STYLED_ITEM('',(#293),#294);
#28=STYLED_ITEM('',(#295),#296);
#29=STYLED_ITEM('',(#297),#298);
#30=STYLED_ITEM('',(#299),#300);
#31=STYLED_ITEM('',(#301),#302);
#32=STYLED_ITEM('',(#303),#304);
#33=STYLED_ITEM('',(#305),#306);
#34=STYLED_ITEM('',(#307),#308);
#35=STYLED_ITEM('',(#309),#310);
#36=STYLED_ITEM('',(#311),#312);
#37=STYLED_ITEM('',(#313),#314);
#38=STYLED_ITEM('',(#315),#316);
#39=STYLED_ITEM('',(#317),#318);
#40=STYLED_ITEM('',(#319),#320);
#41=STYLED_ITEM('',(#321),#322);
#42=STYLED_ITEM('',(#323),#324);
#43=STYLED_ITEM('',(#325),#326);
#44=STYLED_ITEM('',(#327),#328);
#45=STYLED_ITEM('',(#329),#330);
#46=STYLED_ITEM('',(#331),#332);
#47=STYLED_ITEM('',(#333),#334);
#48=STYLED_ITEM('',(#335),#336);
#49=STYLED_ITEM('',(#337),#338);
#50=STYLED_ITEM('',(#339),#340);
#51=STYLED_ITEM('',(#341),#342);
#52=STYLED_ITEM('',(#343),#344);
#53=STYLED_ITEM('',(#345),#346);
#54=STYLED_ITEM('',(#347),#348);
#55=STYLED_ITEM('',(#349),#350);
#56=STYLED_ITEM('',(#351),#352);
#57=STYLED_ITEM('',(#353),#354);
#58=STYLED_ITEM('',(#355),#356);
#59=STYLED_ITEM('',(#357),#358);
#60=STYLED_ITEM('',(#359),#360);
#61=STYLED_ITEM('',(#361),#362);
#62=STYLED_ITEM('',(#363),#364);
#63=STYLED_ITEM('',(#365),#366);
#64=STYLED_ITEM('',(#367),#368);
#65=STYLED_ITEM('',(#369),#370);
#66=STYLED_ITEM('',(#371),#372);
#67=STYLED_ITEM('',(#373),#374);
#68=STYLED_ITEM('',(#375),#376);
#69=STYLED_ITEM('',(#377),#378);
#70=STYLED_ITEM('',(#379),#380);
#71=STYLED_ITEM('',(#381),#382);
#72=STYLED_ITEM('',(#383),#384);
#73=STYLED_ITEM('',(#385),#386);
#74=STYLED_ITEM('',(#387),#388);
#75=STYLED_ITEM('',(#389),#390);
#76=STYLED_ITEM('',(#391),#392);
#77=STYLED_ITEM('',(#393),#394);
#78=STYLED_ITEM('',(#395),#396);
#79=STYLED_ITEM('',(#397),#398);
#80=STYLED_ITEM('',(#399),#400);
#81=STYLED_ITEM('',(#401),#402);
#82=STYLED_ITEM('',(#403),#404);
#83=STYLED_ITEM('',(#405),#406);
#84=STYLED_ITEM('',(#407),#408);
#85=STYLED_ITEM('',(#409),#410);
#86=STYLED_ITEM('',(#411),#412);
#87=STYLED_ITEM('',(#413),#414);
#88=STYLED_ITEM('',(#415),#416);
#89=STYLED_ITEM('',(#417),#418);
#90=STYLED_ITEM('',(#419),#420);
#91=STYLED_ITEM('',(#421),#422);
#92=STYLED_ITEM('',(#423),#424);
#93=STYLED_ITEM('',(#425),#426);
#94=STYLED_ITEM('',(#427),#428);
#95=STYLED_ITEM('',(#429),#430);
#96=STYLED_ITEM('',(#431),#432);
#97=STYLED_ITEM('',(#433),#434);
#98=STYLED_ITEM('',(#435),#436);
#99=STYLED_ITEM('',(#437),#438);
#100=STYLED_ITEM('',(#439),#440);
#101=STYLED_ITEM('',(#441),#442);
#102=STYLED_ITEM('',(#443),#444);
#103=STYLED_ITEM('',(#445),#446);
#104=STYLED_ITEM('',(#447),#448);
#105=STYLED_ITEM('',(#449),#450);
#106=STYLED_ITEM('',(#451),#452);
#107=STYLED_ITEM('',(#453),#454);
#108=STYLED_ITEM('',(#455),#456);
#109=STYLED_ITEM('',(#457),#458);
#110=STYLED_ITEM('',(#459),#460);
#111=STYLED_ITEM('',(#461),#462);
#112=STYLED_ITEM('',(#463),#464);
#113=STYLED_ITEM('',(#465),#466);
#114=STYLED_ITEM('',(#467),#468);
#115=STYLED_ITEM('',(#469),#470);
#116=STYLED_ITEM('',(#471),#472);
#117=STYLED_ITEM('',(#473),#474);
#118=STYLED_ITEM('',(#475),#476);
#119=STYLED_ITEM('',(#477),#478);
#120=STYLED_ITEM('',(#479),#480);
#121=STYLED_ITEM('',(#481),#482);
#122=STYLED_ITEM('',(#483),#484);
#123=STYLED_ITEM('',(#485),#486);
#124=STYLED_ITEM('',(#487),#488);
#125=STYLED_ITEM('',(#489),#490);
#126=STYLED_ITEM('',(#491),#492);
#127=STYLED_ITEM('',(#493),#494);
#128=STYLED_ITEM('',(#495),#496);
#129=STYLED_ITEM('',(#497),#498);
#130=STYLED_ITEM('',(#499),#500);
#131=STYLED_ITEM('',(#501),#502);
#132=STYLED_ITEM('',(#503),#504);
#133=STYLED_ITEM('',(#505),#506);
#134=STYLED_ITEM('',(#507),#508);
#135=STYLED_ITEM('',(#509),#510);
#136=STYLED_ITEM('',(#511),#512);
#137=STYLED_ITEM('',(#513),#514);
#138=STYLED_ITEM('',(#515),#516);
#139=STYLED_ITEM('',(#517),#518);
#140=STYLED_ITEM('',(#519),#520);
#141=STYLED_ITEM('',(#521),#522);
#142=STYLED_ITEM('',(#523),#524);
#143=STYLED_ITEM('',(#525),#526);
#144=STYLED_ITEM('',(#527),#528);
#145=STYLED_ITEM('',(#529),#530);
#146=STYLED_ITEM('',(#531),#532);
#147=STYLED_ITEM('',(#533),#534);
#148=STYLED_ITEM('',(#535),#536);
#149=STYLED_ITEM('',(#537),#538);
#150=STYLED_ITEM('',(#539),#540);
#151=STYLED_ITEM('',(#541),#542);
#152=STYLED_ITEM('',(#543),#544);
#153=STYLED_ITEM('',(#545),#546);
#154=STYLED_ITEM('',(#547),#548);
#155=STYLED_ITEM('',(#549),#550);
#156=STYLED_ITEM('',(#551),#552);
#157=STYLED_ITEM('',(#553),#554);
#158=STYLED_ITEM('',(#555),#556);
#159=STYLED_ITEM('',(#557),#558);
#160=STYLED_ITEM('',(#559),#560);
#161=STYLED_ITEM('',(#561),#562);
#162=STYLED_ITEM('',(#563),#564);
#163=STYLED_ITEM('',(#565),#566);
#164=STYLED_ITEM('',(#567),#568);
#165=STYLED_ITEM('',(#569),#570);
#166=STYLED_ITEM('',(#571),#572);
#167=STYLED_ITEM('',(#573),#574);
#168=STYLED_ITEM('',(#575),#576);
#169=STYLED_ITEM('',(#577),#578);
#170=STYLED_ITEM('',(#579),#580);
#171=STYLED_ITEM('',(#581),#582);
#172=STYLED_ITEM('',(#583),#584);
#173=STYLED_ITEM('',(#585),#586);
#174=STYLED_ITEM('',(#587),#588);
#175=STYLED_ITEM('',(#589),#590);
#176=STYLED_ITEM('',(#591),#592);
#177=STYLED_ITEM('',(#593),#594);
#178=STYLED_ITEM('',(#595),#596);
#179=STYLED_ITEM('',(#597),#598);
#180=STYLED_ITEM('',(#599),#600);
#181=STYLED_ITEM('',(#601),#602);
#182=STYLED_ITEM('',(#603),#604);
#183=STYLED_ITEM('',(#605),#606);
#184=STYLED_ITEM('',(#607),#608);
#185=STYLED_ITEM('',(#609),#610);
#186=STYLED_ITEM('',(#611),#612);
#187=STYLED_ITEM('',(#613),#614);
#188=STYLED_ITEM('',(#615),#616);
#189=STYLED_ITEM('',(#617),#618);
#190=STYLED_ITEM('',(#619),#620);
#191=STYLED_ITEM('',(#621),#622);
#192=STYLED_ITEM('',(#623),#624);
#193=STYLED_ITEM('',(#625),#626);
#194=STYLED_ITEM('',(#627),#628);
#195=STYLED_ITEM('',(#629),#630);
#196=STYLED_ITEM('',(#631),#632);
#197=STYLED_ITEM('',(#633),#634);
#198=STYLED_ITEM('',(#635),#636);
#199=STYLED_ITEM('',(#637),#638);
#200=STYLED_ITEM('',(#639),#640);
#201=STYLED_ITEM('',(#641),#642);
#202=STYLED_ITEM('',(#643),#644);
#203=STYLED_ITEM('',(#645),#646);
#204=STYLED_ITEM('',(#647),#648);
#205=STYLED_ITEM('',(#649),#650);
#206=STYLED_ITEM('',(#651),#652);
#207=STYLED_ITEM('',(#653),#654);
#208=STYLED_ITEM('',(#655),#656);
#209=STYLED_ITEM('',(#657),#658);
#210=STYLED_ITEM('',(#659),#660);
#211=STYLED_ITEM('',(#661),#662);
#212=STYLED_ITEM('',(#663),#664);
#213=STYLED_ITEM('',(#665),#666);
#214=STYLED_ITEM('',(#667),#668);
#215=STYLED_ITEM('',(#669),#670);
#216=STYLED_ITEM('',(#671),#672);
#217=STYLED_ITEM('',(#673),#674);
#218=STYLED_ITEM('',(#675),#676);
#219=STYLED_ITEM('',(#677),#678);
#220=STYLED_ITEM('',(#679),#680);
#221=STYLED_ITEM('',(#681),#682);
#222=STYLED_ITEM('',(#683),#684);
#223=STYLED_ITEM('',(#685),#686);
#224=STYLED_ITEM('',(#687),#688);
#225=STYLED_ITEM('',(#689),#690);
#226=STYLED_ITEM('',(#691),#692);
#227=STYLED_ITEM('',(#693),#694);
#228=STYLED_ITEM('',(#695),#696);
#229=STYLED_ITEM('',(#697),#698);
#230=STYLED_ITEM('',(#699),#700);
#231=STYLED_ITEM('',(#701),#702);
#232=STYLED_ITEM('',(#703),#704);
#233=STYLED_ITEM('',(#705),#706);
#234=STYLED_ITEM('',(#707),#708);
#235=STYLED_ITEM('',(#709),#710);
#236=STYLED_ITEM('',(#711),#712);
#237=STYLED_ITEM('',(#713),#714);
#238=STYLED_ITEM('',(#715),#716);
#239=STYLED_ITEM('',(#717),#718);
#240=STYLED_ITEM('',(#719),#720);
#241=STYLED_ITEM('',(#721),#722);
#242=STYLED_ITEM('',(#723),#724);
#243=STYLED_ITEM('',(#725),#726);
#244=STYLED_ITEM('',(#727),#728);
#245=STYLED_ITEM('',(#729),#730);
#246=APPLICATION_CONTEXT(' ');
#247=PRODUCT_CATEGORY('part','NONE');
#248=PRODUCT_RELATED_PRODUCT_CATEGORY('detail',' ',(#731));
#249=PRODUCT_DEFINITION_SHAPE('NONE','NONE',#732);
#250=ADVANCED_BREP_SHAPE_REPRESENTATION('usb-am-s-f-b-th',(#733,#734),#6);
#253=UNCERTAINTY_MEASURE_WITH_UNIT(LENGTH_MEASURE(1.0E-06),#255,'','');
#255= (CONVERSION_BASED_UNIT('MILLIMETRE',#737)LENGTH_UNIT()NAMED_UNIT(#740));
#256= (NAMED_UNIT(#742)PLANE_ANGLE_UNIT()SI_UNIT($,.RADIAN.));
#257= (NAMED_UNIT(#742)SOLID_ANGLE_UNIT()SI_UNIT($,.STERADIAN.));
#259=PRESENTATION_STYLE_ASSIGNMENT((#748));
#260=ADVANCED_FACE('',(#749),#750,.F.);
#261=PRESENTATION_STYLE_ASSIGNMENT((#751));
#262=ADVANCED_FACE('',(#752),#753,.T.);
#263=PRESENTATION_STYLE_ASSIGNMENT((#754));
#264=ADVANCED_FACE('',(#755),#756,.F.);
#265=PRESENTATION_STYLE_ASSIGNMENT((#757));
#266=ADVANCED_FACE('',(#758),#759,.T.);
#267=PRESENTATION_STYLE_ASSIGNMENT((#760));
#268=ADVANCED_FACE('',(#761),#762,.F.);
#269=PRESENTATION_STYLE_ASSIGNMENT((#763));
#270=ADVANCED_FACE('',(#764),#765,.F.);
#271=PRESENTATION_STYLE_ASSIGNMENT((#766));
#272=ADVANCED_FACE('',(#767),#768,.F.);
#273=PRESENTATION_STYLE_ASSIGNMENT((#769));
#274=ADVANCED_FACE('',(#770),#771,.F.);
#275=PRESENTATION_STYLE_ASSIGNMENT((#772));
#276=ADVANCED_FACE('',(#773),#774,.T.);
#277=PRESENTATION_STYLE_ASSIGNMENT((#775));
#278=ADVANCED_FACE('',(#776),#777,.T.);
#279=PRESENTATION_STYLE_ASSIGNMENT((#778));
#280=ADVANCED_FACE('',(#779),#780,.F.);
#281=PRESENTATION_STYLE_ASSIGNMENT((#781));
#282=ADVANCED_FACE('',(#782),#783,.F.);
#283=PRESENTATION_STYLE_ASSIGNMENT((#784));
#284=ADVANCED_FACE('',(#785),#786,.F.);
#285=PRESENTATION_STYLE_ASSIGNMENT((#787));
#286=ADVANCED_FACE('',(#788),#789,.T.);
#287=PRESENTATION_STYLE_ASSIGNMENT((#790));
#288=ADVANCED_FACE('',(#791),#792,.T.);
#289=PRESENTATION_STYLE_ASSIGNMENT((#793));
#290=ADVANCED_FACE('',(#794),#795,.F.);
#291=PRESENTATION_STYLE_ASSIGNMENT((#796));
#292=ADVANCED_FACE('',(#797),#798,.F.);
#293=PRESENTATION_STYLE_ASSIGNMENT((#799));
#294=ADVANCED_FACE('',(#800),#801,.T.);
#295=PRESENTATION_STYLE_ASSIGNMENT((#802));
#296=ADVANCED_FACE('',(#803),#804,.T.);
#297=PRESENTATION_STYLE_ASSIGNMENT((#805));
#298=ADVANCED_FACE('',(#806),#807,.T.);
#299=PRESENTATION_STYLE_ASSIGNMENT((#808));
#300=ADVANCED_FACE('',(#809),#810,.T.);
#301=PRESENTATION_STYLE_ASSIGNMENT((#811));
#302=ADVANCED_FACE('',(#812),#813,.T.);
#303=PRESENTATION_STYLE_ASSIGNMENT((#814));
#304=ADVANCED_FACE('',(#815),#816,.F.);
#305=PRESENTATION_STYLE_ASSIGNMENT((#817));
#306=ADVANCED_FACE('',(#818),#819,.F.);
#307=PRESENTATION_STYLE_ASSIGNMENT((#820));
#308=ADVANCED_FACE('',(#821),#822,.F.);
#309=PRESENTATION_STYLE_ASSIGNMENT((#823));
#310=ADVANCED_FACE('',(#824),#825,.F.);
#311=PRESENTATION_STYLE_ASSIGNMENT((#826));
#312=ADVANCED_FACE('',(#827),#828,.F.);
#313=PRESENTATION_STYLE_ASSIGNMENT((#829));
#314=ADVANCED_FACE('',(#830),#831,.F.);
#315=PRESENTATION_STYLE_ASSIGNMENT((#832));
#316=ADVANCED_FACE('',(#833),#834,.T.);
#317=PRESENTATION_STYLE_ASSIGNMENT((#835));
#318=ADVANCED_FACE('',(#836),#837,.T.);
#319=PRESENTATION_STYLE_ASSIGNMENT((#838));
#320=ADVANCED_FACE('',(#839),#840,.F.);
#321=PRESENTATION_STYLE_ASSIGNMENT((#841));
#322=ADVANCED_FACE('',(#842),#843,.F.);
#323=PRESENTATION_STYLE_ASSIGNMENT((#844));
#324=ADVANCED_FACE('',(#845),#846,.T.);
#325=PRESENTATION_STYLE_ASSIGNMENT((#847));
#326=ADVANCED_FACE('',(#848),#849,.T.);
#327=PRESENTATION_STYLE_ASSIGNMENT((#850));
#328=ADVANCED_FACE('',(#851),#852,.T.);
#329=PRESENTATION_STYLE_ASSIGNMENT((#853));
#330=ADVANCED_FACE('',(#854),#855,.T.);
#331=PRESENTATION_STYLE_ASSIGNMENT((#856));
#332=ADVANCED_FACE('',(#857),#858,.T.);
#333=PRESENTATION_STYLE_ASSIGNMENT((#859));
#334=ADVANCED_FACE('',(#860),#861,.F.);
#335=PRESENTATION_STYLE_ASSIGNMENT((#862));
#336=ADVANCED_FACE('',(#863),#864,.F.);
#337=PRESENTATION_STYLE_ASSIGNMENT((#865));
#338=ADVANCED_FACE('',(#866),#867,.F.);
#339=PRESENTATION_STYLE_ASSIGNMENT((#868));
#340=ADVANCED_FACE('',(#869),#870,.F.);
#341=PRESENTATION_STYLE_ASSIGNMENT((#871));
#342=ADVANCED_FACE('',(#872),#873,.F.);
#343=PRESENTATION_STYLE_ASSIGNMENT((#874));
#344=ADVANCED_FACE('',(#875),#876,.F.);
#345=PRESENTATION_STYLE_ASSIGNMENT((#877));
#346=ADVANCED_FACE('',(#878),#879,.T.);
#347=PRESENTATION_STYLE_ASSIGNMENT((#880));
#348=ADVANCED_FACE('',(#881),#882,.T.);
#349=PRESENTATION_STYLE_ASSIGNMENT((#883));
#350=ADVANCED_FACE('',(#884),#885,.F.);
#351=PRESENTATION_STYLE_ASSIGNMENT((#886));
#352=ADVANCED_FACE('',(#887),#888,.F.);
#353=PRESENTATION_STYLE_ASSIGNMENT((#889));
#354=ADVANCED_FACE('',(#890),#891,.T.);
#355=PRESENTATION_STYLE_ASSIGNMENT((#892));
#356=ADVANCED_FACE('',(#893),#894,.T.);
#357=PRESENTATION_STYLE_ASSIGNMENT((#895));
#358=ADVANCED_FACE('',(#896),#897,.T.);
#359=PRESENTATION_STYLE_ASSIGNMENT((#898));
#360=ADVANCED_FACE('',(#899),#900,.T.);
#361=PRESENTATION_STYLE_ASSIGNMENT((#901));
#362=ADVANCED_FACE('',(#902),#903,.T.);
#363=PRESENTATION_STYLE_ASSIGNMENT((#904));
#364=ADVANCED_FACE('',(#905),#906,.F.);
#365=PRESENTATION_STYLE_ASSIGNMENT((#907));
#366=ADVANCED_FACE('',(#908),#909,.F.);
#367=PRESENTATION_STYLE_ASSIGNMENT((#910));
#368=ADVANCED_FACE('',(#911),#912,.F.);
#369=PRESENTATION_STYLE_ASSIGNMENT((#913));
#370=ADVANCED_FACE('',(#914),#915,.F.);
#371=PRESENTATION_STYLE_ASSIGNMENT((#916));
#372=ADVANCED_FACE('',(#917),#918,.F.);
#373=PRESENTATION_STYLE_ASSIGNMENT((#919));
#374=ADVANCED_FACE('',(#920),#921,.F.);
#375=PRESENTATION_STYLE_ASSIGNMENT((#922));
#376=ADVANCED_FACE('',(#923),#924,.T.);
#377=PRESENTATION_STYLE_ASSIGNMENT((#925));
#378=ADVANCED_FACE('',(#926),#927,.T.);
#379=PRESENTATION_STYLE_ASSIGNMENT((#928));
#380=ADVANCED_FACE('',(#929),#930,.F.);
#381=PRESENTATION_STYLE_ASSIGNMENT((#931));
#382=ADVANCED_FACE('',(#932),#933,.F.);
#383=PRESENTATION_STYLE_ASSIGNMENT((#934));
#384=ADVANCED_FACE('',(#935),#936,.T.);
#385=PRESENTATION_STYLE_ASSIGNMENT((#937));
#386=ADVANCED_FACE('',(#938),#939,.T.);
#387=PRESENTATION_STYLE_ASSIGNMENT((#940));
#388=ADVANCED_FACE('',(#941),#942,.T.);
#389=PRESENTATION_STYLE_ASSIGNMENT((#943));
#390=ADVANCED_FACE('',(#944),#945,.T.);
#391=PRESENTATION_STYLE_ASSIGNMENT((#946));
#392=ADVANCED_FACE('',(#947),#948,.T.);
#393=PRESENTATION_STYLE_ASSIGNMENT((#949));
#394=ADVANCED_FACE('',(#950),#951,.F.);
#395=PRESENTATION_STYLE_ASSIGNMENT((#952));
#396=ADVANCED_FACE('',(#953),#954,.F.);
#397=PRESENTATION_STYLE_ASSIGNMENT((#955));
#398=ADVANCED_FACE('',(#956),#957,.F.);
#399=PRESENTATION_STYLE_ASSIGNMENT((#958));
#400=ADVANCED_FACE('',(#959),#960,.T.);
#401=PRESENTATION_STYLE_ASSIGNMENT((#961));
#402=ADVANCED_FACE('',(#962),#963,.F.);
#403=PRESENTATION_STYLE_ASSIGNMENT((#964));
#404=ADVANCED_FACE('',(#965),#966,.T.);
#405=PRESENTATION_STYLE_ASSIGNMENT((#967));
#406=ADVANCED_FACE('',(#968),#969,.T.);
#407=PRESENTATION_STYLE_ASSIGNMENT((#970));
#408=ADVANCED_FACE('',(#971),#972,.T.);
#409=PRESENTATION_STYLE_ASSIGNMENT((#973));
#410=ADVANCED_FACE('',(#974),#975,.T.);
#411=PRESENTATION_STYLE_ASSIGNMENT((#976));
#412=ADVANCED_FACE('',(#977),#978,.T.);
#413=PRESENTATION_STYLE_ASSIGNMENT((#979));
#414=ADVANCED_FACE('',(#980),#981,.T.);
#415=PRESENTATION_STYLE_ASSIGNMENT((#982));
#416=ADVANCED_FACE('',(#983),#984,.T.);
#417=PRESENTATION_STYLE_ASSIGNMENT((#985));
#418=ADVANCED_FACE('',(#986),#987,.F.);
#419=PRESENTATION_STYLE_ASSIGNMENT((#988));
#420=ADVANCED_FACE('',(#989),#990,.T.);
#421=PRESENTATION_STYLE_ASSIGNMENT((#991));
#422=ADVANCED_FACE('',(#992),#993,.T.);
#423=PRESENTATION_STYLE_ASSIGNMENT((#994));
#424=ADVANCED_FACE('',(#995),#996,.F.);
#425=PRESENTATION_STYLE_ASSIGNMENT((#997));
#426=ADVANCED_FACE('',(#998),#999,.T.);
#427=PRESENTATION_STYLE_ASSIGNMENT((#1000));
#428=ADVANCED_FACE('',(#1001),#1002,.T.);
#429=PRESENTATION_STYLE_ASSIGNMENT((#1003));
#430=ADVANCED_FACE('',(#1004),#1005,.T.);
#431=PRESENTATION_STYLE_ASSIGNMENT((#1006));
#432=ADVANCED_FACE('',(#1007),#1008,.T.);
#433=PRESENTATION_STYLE_ASSIGNMENT((#1009));
#434=ADVANCED_FACE('',(#1010),#1011,.T.);
#435=PRESENTATION_STYLE_ASSIGNMENT((#1012));
#436=ADVANCED_FACE('',(#1013),#1014,.F.);
#437=PRESENTATION_STYLE_ASSIGNMENT((#1015));
#438=ADVANCED_FACE('',(#1016),#1017,.F.);
#439=PRESENTATION_STYLE_ASSIGNMENT((#1018));
#440=ADVANCED_FACE('',(#1019),#1020,.T.);
#441=PRESENTATION_STYLE_ASSIGNMENT((#1021));
#442=ADVANCED_FACE('',(#1022),#1023,.T.);
#443=PRESENTATION_STYLE_ASSIGNMENT((#1024));
#444=ADVANCED_FACE('',(#1025),#1026,.T.);
#445=PRESENTATION_STYLE_ASSIGNMENT((#1027));
#446=ADVANCED_FACE('',(#1028),#1029,.T.);
#447=PRESENTATION_STYLE_ASSIGNMENT((#1030));
#448=ADVANCED_FACE('',(#1031),#1032,.T.);
#449=PRESENTATION_STYLE_ASSIGNMENT((#1033));
#450=ADVANCED_FACE('',(#1034),#1035,.T.);
#451=PRESENTATION_STYLE_ASSIGNMENT((#1036));
#452=ADVANCED_FACE('',(#1037),#1038,.F.);
#453=PRESENTATION_STYLE_ASSIGNMENT((#1039));
#454=ADVANCED_FACE('',(#1040),#1041,.T.);
#455=PRESENTATION_STYLE_ASSIGNMENT((#1042));
#456=ADVANCED_FACE('',(#1043,#1044,#1045,#1046,#1047),#1048,.F.);
#457=PRESENTATION_STYLE_ASSIGNMENT((#1049));
#458=ADVANCED_FACE('',(#1050),#1051,.F.);
#459=PRESENTATION_STYLE_ASSIGNMENT((#1052));
#460=ADVANCED_FACE('',(#1053),#1054,.F.);
#461=PRESENTATION_STYLE_ASSIGNMENT((#1055));
#462=ADVANCED_FACE('',(#1056),#1057,.F.);
#463=PRESENTATION_STYLE_ASSIGNMENT((#1058));
#464=ADVANCED_FACE('',(#1059),#1060,.F.);
#465=PRESENTATION_STYLE_ASSIGNMENT((#1061));
#466=ADVANCED_FACE('',(#1062),#1063,.F.);
#467=PRESENTATION_STYLE_ASSIGNMENT((#1064));
#468=ADVANCED_FACE('',(#1065),#1066,.F.);
#469=PRESENTATION_STYLE_ASSIGNMENT((#1067));
#470=ADVANCED_FACE('',(#1068),#1069,.T.);
#471=PRESENTATION_STYLE_ASSIGNMENT((#1070));
#472=ADVANCED_FACE('',(#1071),#1072,.T.);
#473=PRESENTATION_STYLE_ASSIGNMENT((#1073));
#474=ADVANCED_FACE('',(#1074),#1075,.T.);
#475=PRESENTATION_STYLE_ASSIGNMENT((#1076));
#476=ADVANCED_FACE('',(#1077),#1078,.T.);
#477=PRESENTATION_STYLE_ASSIGNMENT((#1079));
#478=ADVANCED_FACE('',(#1080),#1081,.F.);
#479=PRESENTATION_STYLE_ASSIGNMENT((#1082));
#480=ADVANCED_FACE('',(#1083),#1084,.F.);
#481=PRESENTATION_STYLE_ASSIGNMENT((#1085));
#482=ADVANCED_FACE('',(#1086),#1087,.F.);
#483=PRESENTATION_STYLE_ASSIGNMENT((#1088));
#484=ADVANCED_FACE('',(#1089),#1090,.F.);
#485=PRESENTATION_STYLE_ASSIGNMENT((#1091));
#486=ADVANCED_FACE('',(#1092),#1093,.F.);
#487=PRESENTATION_STYLE_ASSIGNMENT((#1094));
#488=ADVANCED_FACE('',(#1095),#1096,.F.);
#489=PRESENTATION_STYLE_ASSIGNMENT((#1097));
#490=ADVANCED_FACE('',(#1098),#1099,.F.);
#491=PRESENTATION_STYLE_ASSIGNMENT((#1100));
#492=ADVANCED_FACE('',(#1101),#1102,.F.);
#493=PRESENTATION_STYLE_ASSIGNMENT((#1103));
#494=ADVANCED_FACE('',(#1104),#1105,.F.);
#495=PRESENTATION_STYLE_ASSIGNMENT((#1106));
#496=ADVANCED_FACE('',(#1107),#1108,.F.);
#497=PRESENTATION_STYLE_ASSIGNMENT((#1109));
#498=ADVANCED_FACE('',(#1110),#1111,.F.);
#499=PRESENTATION_STYLE_ASSIGNMENT((#1112));
#500=ADVANCED_FACE('',(#1113),#1114,.F.);
#501=PRESENTATION_STYLE_ASSIGNMENT((#1115));
#502=ADVANCED_FACE('',(#1116),#1117,.F.);
#503=PRESENTATION_STYLE_ASSIGNMENT((#1118));
#504=ADVANCED_FACE('',(#1119),#1120,.F.);
#505=PRESENTATION_STYLE_ASSIGNMENT((#1121));
#506=ADVANCED_FACE('',(#1122),#1123,.F.);
#507=PRESENTATION_STYLE_ASSIGNMENT((#1124));
#508=ADVANCED_FACE('',(#1125),#1126,.F.);
#509=PRESENTATION_STYLE_ASSIGNMENT((#1127));
#510=ADVANCED_FACE('',(#1128),#1129,.F.);
#511=PRESENTATION_STYLE_ASSIGNMENT((#1130));
#512=ADVANCED_FACE('',(#1131),#1132,.F.);
#513=PRESENTATION_STYLE_ASSIGNMENT((#1133));
#514=ADVANCED_FACE('',(#1134),#1135,.F.);
#515=PRESENTATION_STYLE_ASSIGNMENT((#1136));
#516=ADVANCED_FACE('',(#1137),#1138,.F.);
#517=PRESENTATION_STYLE_ASSIGNMENT((#1139));
#518=ADVANCED_FACE('',(#1140),#1141,.F.);
#519=PRESENTATION_STYLE_ASSIGNMENT((#1142));
#520=ADVANCED_FACE('',(#1143),#1144,.F.);
#521=PRESENTATION_STYLE_ASSIGNMENT((#1145));
#522=ADVANCED_FACE('',(#1146),#1147,.F.);
#523=PRESENTATION_STYLE_ASSIGNMENT((#1148));
#524=ADVANCED_FACE('',(#1149),#1150,.F.);
#525=PRESENTATION_STYLE_ASSIGNMENT((#1151));
#526=ADVANCED_FACE('',(#1152),#1153,.F.);
#527=PRESENTATION_STYLE_ASSIGNMENT((#1154));
#528=ADVANCED_FACE('',(#1155),#1156,.F.);
#529=PRESENTATION_STYLE_ASSIGNMENT((#1157));
#530=ADVANCED_FACE('',(#1158),#1159,.F.);
#531=PRESENTATION_STYLE_ASSIGNMENT((#1160));
#532=ADVANCED_FACE('',(#1161),#1162,.F.);
#533=PRESENTATION_STYLE_ASSIGNMENT((#1163));
#534=ADVANCED_FACE('',(#1164),#1165,.F.);
#535=PRESENTATION_STYLE_ASSIGNMENT((#1166));
#536=ADVANCED_FACE('',(#1167),#1168,.F.);
#537=PRESENTATION_STYLE_ASSIGNMENT((#1169));
#538=ADVANCED_FACE('',(#1170),#1171,.F.);
#539=PRESENTATION_STYLE_ASSIGNMENT((#1172));
#540=ADVANCED_FACE('',(#1173),#1174,.F.);
#541=PRESENTATION_STYLE_ASSIGNMENT((#1175));
#542=ADVANCED_FACE('',(#1176,#1177,#1178),#1179,.F.);
#543=PRESENTATION_STYLE_ASSIGNMENT((#1180));
#544=ADVANCED_FACE('',(#1181),#1182,.F.);
#545=PRESENTATION_STYLE_ASSIGNMENT((#1183));
#546=ADVANCED_FACE('',(#1184),#1185,.T.);
#547=PRESENTATION_STYLE_ASSIGNMENT((#1186));
#548=ADVANCED_FACE('',(#1187),#1188,.T.);
#549=PRESENTATION_STYLE_ASSIGNMENT((#1189));
#550=ADVANCED_FACE('',(#1190),#1191,.T.);
#551=PRESENTATION_STYLE_ASSIGNMENT((#1192));
#552=ADVANCED_FACE('',(#1193),#1194,.T.);
#553=PRESENTATION_STYLE_ASSIGNMENT((#1195));
#554=ADVANCED_FACE('',(#1196),#1197,.T.);
#555=PRESENTATION_STYLE_ASSIGNMENT((#1198));
#556=ADVANCED_FACE('',(#1199),#1200,.T.);
#557=PRESENTATION_STYLE_ASSIGNMENT((#1201));
#558=ADVANCED_FACE('',(#1202),#1203,.T.);
#559=PRESENTATION_STYLE_ASSIGNMENT((#1204));
#560=ADVANCED_FACE('',(#1205),#1206,.F.);
#561=PRESENTATION_STYLE_ASSIGNMENT((#1207));
#562=ADVANCED_FACE('',(#1208),#1209,.T.);
#563=PRESENTATION_STYLE_ASSIGNMENT((#1210));
#564=ADVANCED_FACE('',(#1211),#1212,.T.);
#565=PRESENTATION_STYLE_ASSIGNMENT((#1213));
#566=ADVANCED_FACE('',(#1214),#1215,.T.);
#567=PRESENTATION_STYLE_ASSIGNMENT((#1216));
#568=ADVANCED_FACE('',(#1217),#1218,.T.);
#569=PRESENTATION_STYLE_ASSIGNMENT((#1219));
#570=ADVANCED_FACE('',(#1220),#1221,.T.);
#571=PRESENTATION_STYLE_ASSIGNMENT((#1222));
#572=ADVANCED_FACE('',(#1223),#1224,.F.);
#573=PRESENTATION_STYLE_ASSIGNMENT((#1225));
#574=ADVANCED_FACE('',(#1226),#1227,.F.);
#575=PRESENTATION_STYLE_ASSIGNMENT((#1228));
#576=ADVANCED_FACE('',(#1229),#1230,.T.);
#577=PRESENTATION_STYLE_ASSIGNMENT((#1231));
#578=ADVANCED_FACE('',(#1232),#1233,.T.);
#579=PRESENTATION_STYLE_ASSIGNMENT((#1234));
#580=ADVANCED_FACE('',(#1235),#1236,.T.);
#581=PRESENTATION_STYLE_ASSIGNMENT((#1237));
#582=ADVANCED_FACE('',(#1238),#1239,.T.);
#583=PRESENTATION_STYLE_ASSIGNMENT((#1240));
#584=ADVANCED_FACE('',(#1241),#1242,.F.);
#585=PRESENTATION_STYLE_ASSIGNMENT((#1243));
#586=ADVANCED_FACE('',(#1244),#1245,.F.);
#587=PRESENTATION_STYLE_ASSIGNMENT((#1246));
#588=ADVANCED_FACE('',(#1247),#1248,.F.);
#589=PRESENTATION_STYLE_ASSIGNMENT((#1249));
#590=ADVANCED_FACE('',(#1250),#1251,.F.);
#591=PRESENTATION_STYLE_ASSIGNMENT((#1252));
#592=ADVANCED_FACE('',(#1253,#1254,#1255),#1256,.F.);
#593=PRESENTATION_STYLE_ASSIGNMENT((#1257));
#594=ADVANCED_FACE('',(#1258),#1259,.F.);
#595=PRESENTATION_STYLE_ASSIGNMENT((#1260));
#596=ADVANCED_FACE('',(#1261),#1262,.F.);
#597=PRESENTATION_STYLE_ASSIGNMENT((#1263));
#598=ADVANCED_FACE('',(#1264),#1265,.F.);
#599=PRESENTATION_STYLE_ASSIGNMENT((#1266));
#600=ADVANCED_FACE('',(#1267),#1268,.F.);
#601=PRESENTATION_STYLE_ASSIGNMENT((#1269));
#602=ADVANCED_FACE('',(#1270),#1271,.F.);
#603=PRESENTATION_STYLE_ASSIGNMENT((#1272));
#604=ADVANCED_FACE('',(#1273),#1274,.T.);
#605=PRESENTATION_STYLE_ASSIGNMENT((#1275));
#606=ADVANCED_FACE('',(#1276),#1277,.T.);
#607=PRESENTATION_STYLE_ASSIGNMENT((#1278));
#608=ADVANCED_FACE('',(#1279),#1280,.T.);
#609=PRESENTATION_STYLE_ASSIGNMENT((#1281));
#610=ADVANCED_FACE('',(#1282),#1283,.T.);
#611=PRESENTATION_STYLE_ASSIGNMENT((#1284));
#612=ADVANCED_FACE('',(#1285),#1286,.T.);
#613=PRESENTATION_STYLE_ASSIGNMENT((#1287));
#614=ADVANCED_FACE('',(#1288),#1289,.T.);
#615=PRESENTATION_STYLE_ASSIGNMENT((#1290));
#616=ADVANCED_FACE('',(#1291),#1292,.F.);
#617=PRESENTATION_STYLE_ASSIGNMENT((#1293));
#618=ADVANCED_FACE('',(#1294),#1295,.F.);
#619=PRESENTATION_STYLE_ASSIGNMENT((#1296));
#620=ADVANCED_FACE('',(#1297),#1298,.T.);
#621=PRESENTATION_STYLE_ASSIGNMENT((#1299));
#622=ADVANCED_FACE('',(#1300),#1301,.T.);
#623=PRESENTATION_STYLE_ASSIGNMENT((#1302));
#624=ADVANCED_FACE('',(#1303),#1304,.T.);
#625=PRESENTATION_STYLE_ASSIGNMENT((#1305));
#626=ADVANCED_FACE('',(#1306),#1307,.T.);
#627=PRESENTATION_STYLE_ASSIGNMENT((#1308));
#628=ADVANCED_FACE('',(#1309),#1310,.T.);
#629=PRESENTATION_STYLE_ASSIGNMENT((#1311));
#630=ADVANCED_FACE('',(#1312),#1313,.T.);
#631=PRESENTATION_STYLE_ASSIGNMENT((#1314));
#632=ADVANCED_FACE('',(#1315),#1316,.F.);
#633=PRESENTATION_STYLE_ASSIGNMENT((#1317));
#634=ADVANCED_FACE('',(#1318),#1319,.F.);
#635=PRESENTATION_STYLE_ASSIGNMENT((#1320));
#636=ADVANCED_FACE('',(#1321),#1322,.F.);
#637=PRESENTATION_STYLE_ASSIGNMENT((#1323));
#638=ADVANCED_FACE('',(#1324),#1325,.F.);
#639=PRESENTATION_STYLE_ASSIGNMENT((#1326));
#640=ADVANCED_FACE('',(#1327),#1328,.F.);
#641=PRESENTATION_STYLE_ASSIGNMENT((#1329));
#642=ADVANCED_FACE('',(#1330),#1331,.T.);
#643=PRESENTATION_STYLE_ASSIGNMENT((#1332));
#644=ADVANCED_FACE('',(#1333),#1334,.T.);
#645=PRESENTATION_STYLE_ASSIGNMENT((#1335));
#646=ADVANCED_FACE('',(#1336),#1337,.T.);
#647=PRESENTATION_STYLE_ASSIGNMENT((#1338));
#648=ADVANCED_FACE('',(#1339),#1340,.T.);
#649=PRESENTATION_STYLE_ASSIGNMENT((#1341));
#650=ADVANCED_FACE('',(#1342),#1343,.T.);
#651=PRESENTATION_STYLE_ASSIGNMENT((#1344));
#652=ADVANCED_FACE('',(#1345),#1346,.T.);
#653=PRESENTATION_STYLE_ASSIGNMENT((#1347));
#654=ADVANCED_FACE('',(#1348),#1349,.T.);
#655=PRESENTATION_STYLE_ASSIGNMENT((#1350));
#656=ADVANCED_FACE('',(#1351),#1352,.F.);
#657=PRESENTATION_STYLE_ASSIGNMENT((#1353));
#658=ADVANCED_FACE('',(#1354),#1355,.T.);
#659=PRESENTATION_STYLE_ASSIGNMENT((#1356));
#660=ADVANCED_FACE('',(#1357),#1358,.T.);
#661=PRESENTATION_STYLE_ASSIGNMENT((#1359));
#662=ADVANCED_FACE('',(#1360),#1361,.T.);
#663=PRESENTATION_STYLE_ASSIGNMENT((#1362));
#664=ADVANCED_FACE('',(#1363),#1364,.T.);
#665=PRESENTATION_STYLE_ASSIGNMENT((#1365));
#666=ADVANCED_FACE('',(#1366),#1367,.F.);
#667=PRESENTATION_STYLE_ASSIGNMENT((#1368));
#668=ADVANCED_FACE('',(#1369),#1370,.T.);
#669=PRESENTATION_STYLE_ASSIGNMENT((#1371));
#670=ADVANCED_FACE('',(#1372),#1373,.T.);
#671=PRESENTATION_STYLE_ASSIGNMENT((#1374));
#672=ADVANCED_FACE('',(#1375),#1376,.T.);
#673=PRESENTATION_STYLE_ASSIGNMENT((#1377));
#674=ADVANCED_FACE('',(#1378),#1379,.T.);
#675=PRESENTATION_STYLE_ASSIGNMENT((#1380));
#676=ADVANCED_FACE('',(#1381),#1382,.T.);
#677=PRESENTATION_STYLE_ASSIGNMENT((#1383));
#678=ADVANCED_FACE('',(#1384),#1385,.T.);
#679=PRESENTATION_STYLE_ASSIGNMENT((#1386));
#680=ADVANCED_FACE('',(#1387),#1388,.T.);
#681=PRESENTATION_STYLE_ASSIGNMENT((#1389));
#682=ADVANCED_FACE('',(#1390),#1391,.F.);
#683=PRESENTATION_STYLE_ASSIGNMENT((#1392));
#684=ADVANCED_FACE('',(#1393),#1394,.T.);
#685=PRESENTATION_STYLE_ASSIGNMENT((#1395));
#686=ADVANCED_FACE('',(#1396),#1397,.T.);
#687=PRESENTATION_STYLE_ASSIGNMENT((#1398));
#688=ADVANCED_FACE('',(#1399),#1400,.T.);
#689=PRESENTATION_STYLE_ASSIGNMENT((#1401));
#690=ADVANCED_FACE('',(#1402),#1403,.T.);
#691=PRESENTATION_STYLE_ASSIGNMENT((#1404));
#692=ADVANCED_FACE('',(#1405,#1406,#1407),#1408,.F.);
#693=PRESENTATION_STYLE_ASSIGNMENT((#1409));
#694=ADVANCED_FACE('',(#1410),#1411,.F.);
#695=PRESENTATION_STYLE_ASSIGNMENT((#1412));
#696=ADVANCED_FACE('',(#1413),#1414,.F.);
#697=PRESENTATION_STYLE_ASSIGNMENT((#1415));
#698=ADVANCED_FACE('',(#1416),#1417,.F.);
#699=PRESENTATION_STYLE_ASSIGNMENT((#1418));
#700=ADVANCED_FACE('',(#1419),#1420,.F.);
#701=PRESENTATION_STYLE_ASSIGNMENT((#1421));
#702=ADVANCED_FACE('',(#1422),#1423,.F.);
#703=PRESENTATION_STYLE_ASSIGNMENT((#1424));
#704=ADVANCED_FACE('',(#1425),#1426,.F.);
#705=PRESENTATION_STYLE_ASSIGNMENT((#1427));
#706=ADVANCED_FACE('',(#1428),#1429,.F.);
#707=PRESENTATION_STYLE_ASSIGNMENT((#1430));
#708=ADVANCED_FACE('',(#1431,#1432),#1433,.T.);
#709=PRESENTATION_STYLE_ASSIGNMENT((#1434));
#710=ADVANCED_FACE('',(#1435,#1436),#1437,.T.);
#711=PRESENTATION_STYLE_ASSIGNMENT((#1438));
#712=ADVANCED_FACE('',(#1439),#1440,.T.);
#713=PRESENTATION_STYLE_ASSIGNMENT((#1441));
#714=ADVANCED_FACE('',(#1442),#1443,.T.);
#715=PRESENTATION_STYLE_ASSIGNMENT((#1444));
#716=ADVANCED_FACE('',(#1445,#1446,#1447),#1448,.T.);
#717=PRESENTATION_STYLE_ASSIGNMENT((#1449));
#718=ADVANCED_FACE('',(#1450,#1451,#1452),#1453,.T.);
#719=PRESENTATION_STYLE_ASSIGNMENT((#1454));
#720=ADVANCED_FACE('',(#1455),#1456,.T.);
#721=PRESENTATION_STYLE_ASSIGNMENT((#1457));
#722=ADVANCED_FACE('',(#1458,#1459,#1460),#1461,.T.);
#723=PRESENTATION_STYLE_ASSIGNMENT((#1462));
#724=ADVANCED_FACE('',(#1463),#1464,.T.);
#725=PRESENTATION_STYLE_ASSIGNMENT((#1465));
#726=ADVANCED_FACE('',(#1466,#1467,#1468),#1469,.T.);
#727=PRESENTATION_STYLE_ASSIGNMENT((#1470));
#728=ADVANCED_FACE('',(#1471),#1472,.T.);
#729=PRESENTATION_STYLE_ASSIGNMENT((#1473));
#730=ADVANCED_FACE('',(#1474,#1475),#1476,.T.);
#731=PRODUCT('usb-am-s-f-b-th','usb-am-s-f-b-th','PART-usb-am-s-f-b-th-DESC',(#1477));
#732=PRODUCT_DEFINITION('','NONE',#1478,#2);
#733=MANIFOLD_SOLID_BREP('usb-am-s-f-b-th',#1479);
#734=AXIS2_PLACEMENT_3D('',#1480,#1481,#1482);
#737=LENGTH_MEASURE_WITH_UNIT(LENGTH_MEASURE(1.0),#1483);
#740=DIMENSIONAL_EXPONENTS(1.0,0.0,0.0,0.0,0.0,0.0,0.0);
#742=DIMENSIONAL_EXPONENTS(0.0,0.0,0.0,0.0,0.0,0.0,0.0);
#748=SURFACE_STYLE_USAGE(.BOTH.,#1484);
#749=FACE_OUTER_BOUND('',#1485,.T.);
#750=CYLINDRICAL_SURFACE('',#1486,0.1);
#751=SURFACE_STYLE_USAGE(.BOTH.,#1487);
#752=FACE_OUTER_BOUND('',#1488,.T.);
#753=CYLINDRICAL_SURFACE('',#1489,0.4);
#754=SURFACE_STYLE_USAGE(.BOTH.,#1490);
#755=FACE_OUTER_BOUND('',#1491,.T.);
#756=CYLINDRICAL_SURFACE('',#1492,0.1);
#757=SURFACE_STYLE_USAGE(.BOTH.,#1493);
#758=FACE_OUTER_BOUND('',#1494,.T.);
#759=CYLINDRICAL_SURFACE('',#1495,0.4);
#760=SURFACE_STYLE_USAGE(.BOTH.,#1496);
#761=FACE_OUTER_BOUND('',#1497,.T.);
#762=CYLINDRICAL_SURFACE('',#1498,0.275);
#763=SURFACE_STYLE_USAGE(.BOTH.,#1499);
#764=FACE_OUTER_BOUND('',#1500,.T.);
#765=CYLINDRICAL_SURFACE('',#1501,0.275);
#766=SURFACE_STYLE_USAGE(.BOTH.,#1502);
#767=FACE_OUTER_BOUND('',#1503,.T.);
#768=CYLINDRICAL_SURFACE('',#1504,0.445);
#769=SURFACE_STYLE_USAGE(.BOTH.,#1505);
#770=FACE_OUTER_BOUND('',#1506,.T.);
#771=CYLINDRICAL_SURFACE('',#1507,0.445);
#772=SURFACE_STYLE_USAGE(.BOTH.,#1508);
#773=FACE_OUTER_BOUND('',#1509,.T.);
#774=CYLINDRICAL_SURFACE('',#1510,0.48);
#775=SURFACE_STYLE_USAGE(.BOTH.,#1511);
#776=FACE_OUTER_BOUND('',#1512,.T.);
#777=CYLINDRICAL_SURFACE('',#1513,0.48);
#778=SURFACE_STYLE_USAGE(.BOTH.,#1514);
#779=FACE_OUTER_BOUND('',#1515,.T.);
#780=PLANE('',#1516);
#781=SURFACE_STYLE_USAGE(.BOTH.,#1517);
#782=FACE_OUTER_BOUND('',#1518,.T.);
#783=PLANE('',#1519);
#784=SURFACE_STYLE_USAGE(.BOTH.,#1520);
#785=FACE_OUTER_BOUND('',#1521,.T.);
#786=PLANE('',#1522);
#787=SURFACE_STYLE_USAGE(.BOTH.,#1523);
#788=FACE_OUTER_BOUND('',#1524,.T.);
#789=PLANE('',#1525);
#790=SURFACE_STYLE_USAGE(.BOTH.,#1526);
#791=FACE_OUTER_BOUND('',#1527,.T.);
#792=PLANE('',#1528);
#793=SURFACE_STYLE_USAGE(.BOTH.,#1529);
#794=FACE_OUTER_BOUND('',#1530,.T.);
#795=PLANE('',#1531);
#796=SURFACE_STYLE_USAGE(.BOTH.,#1532);
#797=FACE_OUTER_BOUND('',#1533,.T.);
#798=PLANE('',#1534);
#799=SURFACE_STYLE_USAGE(.BOTH.,#1535);
#800=FACE_OUTER_BOUND('',#1536,.T.);
#801=PLANE('',#1537);
#802=SURFACE_STYLE_USAGE(.BOTH.,#1538);
#803=FACE_OUTER_BOUND('',#1539,.T.);
#804=CYLINDRICAL_SURFACE('',#1540,0.350000000000001);
#805=SURFACE_STYLE_USAGE(.BOTH.,#1541);
#806=FACE_OUTER_BOUND('',#1542,.T.);
#807=PLANE('',#1543);
#808=SURFACE_STYLE_USAGE(.BOTH.,#1544);
#809=FACE_OUTER_BOUND('',#1545,.T.);
#810=PLANE('',#1546);
#811=SURFACE_STYLE_USAGE(.BOTH.,#1547);
#812=FACE_OUTER_BOUND('',#1548,.T.);
#813=PLANE('',#1549);
#814=SURFACE_STYLE_USAGE(.BOTH.,#1550);
#815=FACE_OUTER_BOUND('',#1551,.T.);
#816=CYLINDRICAL_SURFACE('',#1552,0.100000000000001);
#817=SURFACE_STYLE_USAGE(.BOTH.,#1553);
#818=FACE_OUTER_BOUND('',#1554,.T.);
#819=PLANE('',#1555);
#820=SURFACE_STYLE_USAGE(.BOTH.,#1556);
#821=FACE_OUTER_BOUND('',#1557,.T.);
#822=PLANE('',#1558);
#823=SURFACE_STYLE_USAGE(.BOTH.,#1559);
#824=FACE_OUTER_BOUND('',#1560,.T.);
#825=PLANE('',#1561);
#826=SURFACE_STYLE_USAGE(.BOTH.,#1562);
#827=FACE_OUTER_BOUND('',#1563,.T.);
#828=PLANE('',#1564);
#829=SURFACE_STYLE_USAGE(.BOTH.,#1565);
#830=FACE_OUTER_BOUND('',#1566,.T.);
#831=PLANE('',#1567);
#832=SURFACE_STYLE_USAGE(.BOTH.,#1568);
#833=FACE_OUTER_BOUND('',#1569,.T.);
#834=PLANE('',#1570);
#835=SURFACE_STYLE_USAGE(.BOTH.,#1571);
#836=FACE_OUTER_BOUND('',#1572,.T.);
#837=PLANE('',#1573);
#838=SURFACE_STYLE_USAGE(.BOTH.,#1574);
#839=FACE_OUTER_BOUND('',#1575,.T.);
#840=PLANE('',#1576);
#841=SURFACE_STYLE_USAGE(.BOTH.,#1577);
#842=FACE_OUTER_BOUND('',#1578,.T.);
#843=PLANE('',#1579);
#844=SURFACE_STYLE_USAGE(.BOTH.,#1580);
#845=FACE_OUTER_BOUND('',#1581,.T.);
#846=PLANE('',#1582);
#847=SURFACE_STYLE_USAGE(.BOTH.,#1583);
#848=FACE_OUTER_BOUND('',#1584,.T.);
#849=CYLINDRICAL_SURFACE('',#1585,0.350000000000001);
#850=SURFACE_STYLE_USAGE(.BOTH.,#1586);
#851=FACE_OUTER_BOUND('',#1587,.T.);
#852=PLANE('',#1588);
#853=SURFACE_STYLE_USAGE(.BOTH.,#1589);
#854=FACE_OUTER_BOUND('',#1590,.T.);
#855=PLANE('',#1591);
#856=SURFACE_STYLE_USAGE(.BOTH.,#1592);
#857=FACE_OUTER_BOUND('',#1593,.T.);
#858=PLANE('',#1594);
#859=SURFACE_STYLE_USAGE(.BOTH.,#1595);
#860=FACE_OUTER_BOUND('',#1596,.T.);
#861=CYLINDRICAL_SURFACE('',#1597,0.100000000000001);
#862=SURFACE_STYLE_USAGE(.BOTH.,#1598);
#863=FACE_OUTER_BOUND('',#1599,.T.);
#864=PLANE('',#1600);
#865=SURFACE_STYLE_USAGE(.BOTH.,#1601);
#866=FACE_OUTER_BOUND('',#1602,.T.);
#867=PLANE('',#1603);
#868=SURFACE_STYLE_USAGE(.BOTH.,#1604);
#869=FACE_OUTER_BOUND('',#1605,.T.);
#870=PLANE('',#1606);
#871=SURFACE_STYLE_USAGE(.BOTH.,#1607);
#872=FACE_OUTER_BOUND('',#1608,.T.);
#873=PLANE('',#1609);
#874=SURFACE_STYLE_USAGE(.BOTH.,#1610);
#875=FACE_OUTER_BOUND('',#1611,.T.);
#876=PLANE('',#1612);
#877=SURFACE_STYLE_USAGE(.BOTH.,#1613);
#878=FACE_OUTER_BOUND('',#1614,.T.);
#879=PLANE('',#1615);
#880=SURFACE_STYLE_USAGE(.BOTH.,#1616);
#881=FACE_OUTER_BOUND('',#1617,.T.);
#882=PLANE('',#1618);
#883=SURFACE_STYLE_USAGE(.BOTH.,#1619);
#884=FACE_OUTER_BOUND('',#1620,.T.);
#885=PLANE('',#1621);
#886=SURFACE_STYLE_USAGE(.BOTH.,#1622);
#887=FACE_OUTER_BOUND('',#1623,.T.);
#888=PLANE('',#1624);
#889=SURFACE_STYLE_USAGE(.BOTH.,#1625);
#890=FACE_OUTER_BOUND('',#1626,.T.);
#891=PLANE('',#1627);
#892=SURFACE_STYLE_USAGE(.BOTH.,#1628);
#893=FACE_OUTER_BOUND('',#1629,.T.);
#894=CYLINDRICAL_SURFACE('',#1630,0.350000000000001);
#895=SURFACE_STYLE_USAGE(.BOTH.,#1631);
#896=FACE_OUTER_BOUND('',#1632,.T.);
#897=PLANE('',#1633);
#898=SURFACE_STYLE_USAGE(.BOTH.,#1634);
#899=FACE_OUTER_BOUND('',#1635,.T.);
#900=PLANE('',#1636);
#901=SURFACE_STYLE_USAGE(.BOTH.,#1637);
#902=FACE_OUTER_BOUND('',#1638,.T.);
#903=PLANE('',#1639);
#904=SURFACE_STYLE_USAGE(.BOTH.,#1640);
#905=FACE_OUTER_BOUND('',#1641,.T.);
#906=CYLINDRICAL_SURFACE('',#1642,0.100000000000001);
#907=SURFACE_STYLE_USAGE(.BOTH.,#1643);
#908=FACE_OUTER_BOUND('',#1644,.T.);
#909=PLANE('',#1645);
#910=SURFACE_STYLE_USAGE(.BOTH.,#1646);
#911=FACE_OUTER_BOUND('',#1647,.T.);
#912=PLANE('',#1648);
#913=SURFACE_STYLE_USAGE(.BOTH.,#1649);
#914=FACE_OUTER_BOUND('',#1650,.T.);
#915=PLANE('',#1651);
#916=SURFACE_STYLE_USAGE(.BOTH.,#1652);
#917=FACE_OUTER_BOUND('',#1653,.T.);
#918=PLANE('',#1654);
#919=SURFACE_STYLE_USAGE(.BOTH.,#1655);
#920=FACE_OUTER_BOUND('',#1656,.T.);
#921=PLANE('',#1657);
#922=SURFACE_STYLE_USAGE(.BOTH.,#1658);
#923=FACE_OUTER_BOUND('',#1659,.T.);
#924=PLANE('',#1660);
#925=SURFACE_STYLE_USAGE(.BOTH.,#1661);
#926=FACE_OUTER_BOUND('',#1662,.T.);
#927=PLANE('',#1663);
#928=SURFACE_STYLE_USAGE(.BOTH.,#1664);
#929=FACE_OUTER_BOUND('',#1665,.T.);
#930=PLANE('',#1666);
#931=SURFACE_STYLE_USAGE(.BOTH.,#1667);
#932=FACE_OUTER_BOUND('',#1668,.T.);
#933=PLANE('',#1669);
#934=SURFACE_STYLE_USAGE(.BOTH.,#1670);
#935=FACE_OUTER_BOUND('',#1671,.T.);
#936=PLANE('',#1672);
#937=SURFACE_STYLE_USAGE(.BOTH.,#1673);
#938=FACE_OUTER_BOUND('',#1674,.T.);
#939=CYLINDRICAL_SURFACE('',#1675,0.350000000000001);
#940=SURFACE_STYLE_USAGE(.BOTH.,#1676);
#941=FACE_OUTER_BOUND('',#1677,.T.);
#942=PLANE('',#1678);
#943=SURFACE_STYLE_USAGE(.BOTH.,#1679);
#944=FACE_OUTER_BOUND('',#1680,.T.);
#945=PLANE('',#1681);
#946=SURFACE_STYLE_USAGE(.BOTH.,#1682);
#947=FACE_OUTER_BOUND('',#1683,.T.);
#948=PLANE('',#1684);
#949=SURFACE_STYLE_USAGE(.BOTH.,#1685);
#950=FACE_OUTER_BOUND('',#1686,.T.);
#951=CYLINDRICAL_SURFACE('',#1687,0.100000000000001);
#952=SURFACE_STYLE_USAGE(.BOTH.,#1688);
#953=FACE_OUTER_BOUND('',#1689,.T.);
#954=PLANE('',#1690);
#955=SURFACE_STYLE_USAGE(.BOTH.,#1691);
#956=FACE_OUTER_BOUND('',#1692,.T.);
#957=PLANE('',#1693);
#958=SURFACE_STYLE_USAGE(.BOTH.,#1694);
#959=FACE_OUTER_BOUND('',#1695,.T.);
#960=PLANE('',#1696);
#961=SURFACE_STYLE_USAGE(.BOTH.,#1697);
#962=FACE_OUTER_BOUND('',#1698,.T.);
#963=PLANE('',#1699);
#964=SURFACE_STYLE_USAGE(.BOTH.,#1700);
#965=FACE_OUTER_BOUND('',#1701,.T.);
#966=PLANE('',#1702);
#967=SURFACE_STYLE_USAGE(.BOTH.,#1703);
#968=FACE_OUTER_BOUND('',#1704,.T.);
#969=PLANE('',#1705);
#970=SURFACE_STYLE_USAGE(.BOTH.,#1706);
#971=FACE_OUTER_BOUND('',#1707,.T.);
#972=PLANE('',#1708);
#973=SURFACE_STYLE_USAGE(.BOTH.,#1709);
#974=FACE_OUTER_BOUND('',#1710,.T.);
#975=PLANE('',#1711);
#976=SURFACE_STYLE_USAGE(.BOTH.,#1712);
#977=FACE_OUTER_BOUND('',#1713,.T.);
#978=PLANE('',#1714);
#979=SURFACE_STYLE_USAGE(.BOTH.,#1715);
#980=FACE_OUTER_BOUND('',#1716,.T.);
#981=PLANE('',#1717);
#982=SURFACE_STYLE_USAGE(.BOTH.,#1718);
#983=FACE_OUTER_BOUND('',#1719,.T.);
#984=PLANE('',#1720);
#985=SURFACE_STYLE_USAGE(.BOTH.,#1721);
#986=FACE_OUTER_BOUND('',#1722,.T.);
#987=PLANE('',#1723);
#988=SURFACE_STYLE_USAGE(.BOTH.,#1724);
#989=FACE_OUTER_BOUND('',#1725,.T.);
#990=PLANE('',#1726);
#991=SURFACE_STYLE_USAGE(.BOTH.,#1727);
#992=FACE_OUTER_BOUND('',#1728,.T.);
#993=PLANE('',#1729);
#994=SURFACE_STYLE_USAGE(.BOTH.,#1730);
#995=FACE_OUTER_BOUND('',#1731,.T.);
#996=PLANE('',#1732);
#997=SURFACE_STYLE_USAGE(.BOTH.,#1733);
#998=FACE_OUTER_BOUND('',#1734,.T.);
#999=PLANE('',#1735);
#1000=SURFACE_STYLE_USAGE(.BOTH.,#1736);
#1001=FACE_OUTER_BOUND('',#1737,.T.);
#1002=PLANE('',#1738);
#1003=SURFACE_STYLE_USAGE(.BOTH.,#1739);
#1004=FACE_OUTER_BOUND('',#1740,.T.);
#1005=PLANE('',#1741);
#1006=SURFACE_STYLE_USAGE(.BOTH.,#1742);
#1007=FACE_OUTER_BOUND('',#1743,.T.);
#1008=PLANE('',#1744);
#1009=SURFACE_STYLE_USAGE(.BOTH.,#1745);
#1010=FACE_OUTER_BOUND('',#1746,.T.);
#1011=PLANE('',#1747);
#1012=SURFACE_STYLE_USAGE(.BOTH.,#1748);
#1013=FACE_OUTER_BOUND('',#1749,.T.);
#1014=PLANE('',#1750);
#1015=SURFACE_STYLE_USAGE(.BOTH.,#1751);
#1016=FACE_OUTER_BOUND('',#1752,.T.);
#1017=PLANE('',#1753);
#1018=SURFACE_STYLE_USAGE(.BOTH.,#1754);
#1019=FACE_OUTER_BOUND('',#1755,.T.);
#1020=PLANE('',#1756);
#1021=SURFACE_STYLE_USAGE(.BOTH.,#1757);
#1022=FACE_OUTER_BOUND('',#1758,.T.);
#1023=PLANE('',#1759);
#1024=SURFACE_STYLE_USAGE(.BOTH.,#1760);
#1025=FACE_OUTER_BOUND('',#1761,.T.);
#1026=PLANE('',#1762);
#1027=SURFACE_STYLE_USAGE(.BOTH.,#1763);
#1028=FACE_OUTER_BOUND('',#1764,.T.);
#1029=PLANE('',#1765);
#1030=SURFACE_STYLE_USAGE(.BOTH.,#1766);
#1031=FACE_OUTER_BOUND('',#1767,.T.);
#1032=PLANE('',#1768);
#1033=SURFACE_STYLE_USAGE(.BOTH.,#1769);
#1034=FACE_OUTER_BOUND('',#1770,.T.);
#1035=PLANE('',#1771);
#1036=SURFACE_STYLE_USAGE(.BOTH.,#1772);
#1037=FACE_OUTER_BOUND('',#1773,.T.);
#1038=PLANE('',#1774);
#1039=SURFACE_STYLE_USAGE(.BOTH.,#1775);
#1040=FACE_OUTER_BOUND('',#1776,.T.);
#1041=PLANE('',#1777);
#1042=SURFACE_STYLE_USAGE(.BOTH.,#1778);
#1043=FACE_BOUND('',#1779,.T.);
#1044=FACE_BOUND('',#1780,.T.);
#1045=FACE_BOUND('',#1781,.T.);
#1046=FACE_BOUND('',#1782,.T.);
#1047=FACE_OUTER_BOUND('',#1783,.T.);
#1048=PLANE('',#1784);
#1049=SURFACE_STYLE_USAGE(.BOTH.,#1785);
#1050=FACE_OUTER_BOUND('',#1786,.T.);
#1051=PLANE('',#1787);
#1052=SURFACE_STYLE_USAGE(.BOTH.,#1788);
#1053=FACE_OUTER_BOUND('',#1789,.T.);
#1054=PLANE('',#1790);
#1055=SURFACE_STYLE_USAGE(.BOTH.,#1791);
#1056=FACE_OUTER_BOUND('',#1792,.T.);
#1057=PLANE('',#1793);
#1058=SURFACE_STYLE_USAGE(.BOTH.,#1794);
#1059=FACE_OUTER_BOUND('',#1795,.T.);
#1060=PLANE('',#1796);
#1061=SURFACE_STYLE_USAGE(.BOTH.,#1797);
#1062=FACE_OUTER_BOUND('',#1798,.T.);
#1063=PLANE('',#1799);
#1064=SURFACE_STYLE_USAGE(.BOTH.,#1800);
#1065=FACE_OUTER_BOUND('',#1801,.T.);
#1066=PLANE('',#1802);
#1067=SURFACE_STYLE_USAGE(.BOTH.,#1803);
#1068=FACE_OUTER_BOUND('',#1804,.T.);
#1069=CYLINDRICAL_SURFACE('',#1805,0.48);
#1070=SURFACE_STYLE_USAGE(.BOTH.,#1806);
#1071=FACE_OUTER_BOUND('',#1807,.T.);
#1072=PLANE('',#1808);
#1073=SURFACE_STYLE_USAGE(.BOTH.,#1809);
#1074=FACE_OUTER_BOUND('',#1810,.T.);
#1075=CYLINDRICAL_SURFACE('',#1811,0.48);
#1076=SURFACE_STYLE_USAGE(.BOTH.,#1812);
#1077=FACE_OUTER_BOUND('',#1813,.T.);
#1078=PLANE('',#1814);
#1079=SURFACE_STYLE_USAGE(.BOTH.,#1815);
#1080=FACE_OUTER_BOUND('',#1816,.T.);
#1081=PLANE('',#1817);
#1082=SURFACE_STYLE_USAGE(.BOTH.,#1818);
#1083=FACE_OUTER_BOUND('',#1819,.T.);
#1084=PLANE('',#1820);
#1085=SURFACE_STYLE_USAGE(.BOTH.,#1821);
#1086=FACE_OUTER_BOUND('',#1822,.T.);
#1087=PLANE('',#1823);
#1088=SURFACE_STYLE_USAGE(.BOTH.,#1824);
#1089=FACE_OUTER_BOUND('',#1825,.T.);
#1090=PLANE('',#1826);
#1091=SURFACE_STYLE_USAGE(.BOTH.,#1827);
#1092=FACE_OUTER_BOUND('',#1828,.T.);
#1093=PLANE('',#1829);
#1094=SURFACE_STYLE_USAGE(.BOTH.,#1830);
#1095=FACE_OUTER_BOUND('',#1831,.T.);
#1096=PLANE('',#1832);
#1097=SURFACE_STYLE_USAGE(.BOTH.,#1833);
#1098=FACE_OUTER_BOUND('',#1834,.T.);
#1099=PLANE('',#1835);
#1100=SURFACE_STYLE_USAGE(.BOTH.,#1836);
#1101=FACE_OUTER_BOUND('',#1837,.T.);
#1102=PLANE('',#1838);
#1103=SURFACE_STYLE_USAGE(.BOTH.,#1839);
#1104=FACE_OUTER_BOUND('',#1840,.T.);
#1105=PLANE('',#1841);
#1106=SURFACE_STYLE_USAGE(.BOTH.,#1842);
#1107=FACE_OUTER_BOUND('',#1843,.T.);
#1108=PLANE('',#1844);
#1109=SURFACE_STYLE_USAGE(.BOTH.,#1845);
#1110=FACE_OUTER_BOUND('',#1846,.T.);
#1111=PLANE('',#1847);
#1112=SURFACE_STYLE_USAGE(.BOTH.,#1848);
#1113=FACE_OUTER_BOUND('',#1849,.T.);
#1114=PLANE('',#1850);
#1115=SURFACE_STYLE_USAGE(.BOTH.,#1851);
#1116=FACE_OUTER_BOUND('',#1852,.T.);
#1117=PLANE('',#1853);
#1118=SURFACE_STYLE_USAGE(.BOTH.,#1854);
#1119=FACE_OUTER_BOUND('',#1855,.T.);
#1120=PLANE('',#1856);
#1121=SURFACE_STYLE_USAGE(.BOTH.,#1857);
#1122=FACE_OUTER_BOUND('',#1858,.T.);
#1123=PLANE('',#1859);
#1124=SURFACE_STYLE_USAGE(.BOTH.,#1860);
#1125=FACE_OUTER_BOUND('',#1861,.T.);
#1126=PLANE('',#1862);
#1127=SURFACE_STYLE_USAGE(.BOTH.,#1863);
#1128=FACE_OUTER_BOUND('',#1864,.T.);
#1129=PLANE('',#1865);
#1130=SURFACE_STYLE_USAGE(.BOTH.,#1866);
#1131=FACE_OUTER_BOUND('',#1867,.T.);
#1132=PLANE('',#1868);
#1133=SURFACE_STYLE_USAGE(.BOTH.,#1869);
#1134=FACE_OUTER_BOUND('',#1870,.T.);
#1135=PLANE('',#1871);
#1136=SURFACE_STYLE_USAGE(.BOTH.,#1872);
#1137=FACE_OUTER_BOUND('',#1873,.T.);
#1138=PLANE('',#1874);
#1139=SURFACE_STYLE_USAGE(.BOTH.,#1875);
#1140=FACE_OUTER_BOUND('',#1876,.T.);
#1141=PLANE('',#1877);
#1142=SURFACE_STYLE_USAGE(.BOTH.,#1878);
#1143=FACE_OUTER_BOUND('',#1879,.T.);
#1144=PLANE('',#1880);
#1145=SURFACE_STYLE_USAGE(.BOTH.,#1881);
#1146=FACE_OUTER_BOUND('',#1882,.T.);
#1147=PLANE('',#1883);
#1148=SURFACE_STYLE_USAGE(.BOTH.,#1884);
#1149=FACE_OUTER_BOUND('',#1885,.T.);
#1150=PLANE('',#1886);
#1151=SURFACE_STYLE_USAGE(.BOTH.,#1887);
#1152=FACE_OUTER_BOUND('',#1888,.T.);
#1153=PLANE('',#1889);
#1154=SURFACE_STYLE_USAGE(.BOTH.,#1890);
#1155=FACE_OUTER_BOUND('',#1891,.T.);
#1156=PLANE('',#1892);
#1157=SURFACE_STYLE_USAGE(.BOTH.,#1893);
#1158=FACE_OUTER_BOUND('',#1894,.T.);
#1159=PLANE('',#1895);
#1160=SURFACE_STYLE_USAGE(.BOTH.,#1896);
#1161=FACE_OUTER_BOUND('',#1897,.T.);
#1162=PLANE('',#1898);
#1163=SURFACE_STYLE_USAGE(.BOTH.,#1899);
#1164=FACE_OUTER_BOUND('',#1900,.T.);
#1165=PLANE('',#1901);
#1166=SURFACE_STYLE_USAGE(.BOTH.,#1902);
#1167=FACE_OUTER_BOUND('',#1903,.T.);
#1168=PLANE('',#1904);
#1169=SURFACE_STYLE_USAGE(.BOTH.,#1905);
#1170=FACE_OUTER_BOUND('',#1906,.T.);
#1171=PLANE('',#1907);
#1172=SURFACE_STYLE_USAGE(.BOTH.,#1908);
#1173=FACE_OUTER_BOUND('',#1909,.T.);
#1174=PLANE('',#1910);
#1175=SURFACE_STYLE_USAGE(.BOTH.,#1911);
#1176=FACE_BOUND('',#1912,.T.);
#1177=FACE_BOUND('',#1913,.T.);
#1178=FACE_OUTER_BOUND('',#1914,.T.);
#1179=PLANE('',#1915);
#1180=SURFACE_STYLE_USAGE(.BOTH.,#1916);
#1181=FACE_OUTER_BOUND('',#1917,.T.);
#1182=PLANE('',#1918);
#1183=SURFACE_STYLE_USAGE(.BOTH.,#1919);
#1184=FACE_OUTER_BOUND('',#1920,.T.);
#1185=PLANE('',#1921);
#1186=SURFACE_STYLE_USAGE(.BOTH.,#1922);
#1187=FACE_OUTER_BOUND('',#1923,.T.);
#1188=PLANE('',#1924);
#1189=SURFACE_STYLE_USAGE(.BOTH.,#1925);
#1190=FACE_OUTER_BOUND('',#1926,.T.);
#1191=PLANE('',#1927);
#1192=SURFACE_STYLE_USAGE(.BOTH.,#1928);
#1193=FACE_OUTER_BOUND('',#1929,.T.);
#1194=PLANE('',#1930);
#1195=SURFACE_STYLE_USAGE(.BOTH.,#1931);
#1196=FACE_OUTER_BOUND('',#1932,.T.);
#1197=PLANE('',#1933);
#1198=SURFACE_STYLE_USAGE(.BOTH.,#1934);
#1199=FACE_OUTER_BOUND('',#1935,.T.);
#1200=PLANE('',#1936);
#1201=SURFACE_STYLE_USAGE(.BOTH.,#1937);
#1202=FACE_OUTER_BOUND('',#1938,.T.);
#1203=PLANE('',#1939);
#1204=SURFACE_STYLE_USAGE(.BOTH.,#1940);
#1205=FACE_OUTER_BOUND('',#1941,.T.);
#1206=PLANE('',#1942);
#1207=SURFACE_STYLE_USAGE(.BOTH.,#1943);
#1208=FACE_OUTER_BOUND('',#1944,.T.);
#1209=PLANE('',#1945);
#1210=SURFACE_STYLE_USAGE(.BOTH.,#1946);
#1211=FACE_OUTER_BOUND('',#1947,.T.);
#1212=PLANE('',#1948);
#1213=SURFACE_STYLE_USAGE(.BOTH.,#1949);
#1214=FACE_OUTER_BOUND('',#1950,.T.);
#1215=PLANE('',#1951);
#1216=SURFACE_STYLE_USAGE(.BOTH.,#1952);
#1217=FACE_OUTER_BOUND('',#1953,.T.);
#1218=PLANE('',#1954);
#1219=SURFACE_STYLE_USAGE(.BOTH.,#1955);
#1220=FACE_OUTER_BOUND('',#1956,.T.);
#1221=PLANE('',#1957);
#1222=SURFACE_STYLE_USAGE(.BOTH.,#1958);
#1223=FACE_OUTER_BOUND('',#1959,.T.);
#1224=PLANE('',#1960);
#1225=SURFACE_STYLE_USAGE(.BOTH.,#1961);
#1226=FACE_OUTER_BOUND('',#1962,.T.);
#1227=PLANE('',#1963);
#1228=SURFACE_STYLE_USAGE(.BOTH.,#1964);
#1229=FACE_OUTER_BOUND('',#1965,.T.);
#1230=PLANE('',#1966);
#1231=SURFACE_STYLE_USAGE(.BOTH.,#1967);
#1232=FACE_OUTER_BOUND('',#1968,.T.);
#1233=PLANE('',#1969);
#1234=SURFACE_STYLE_USAGE(.BOTH.,#1970);
#1235=FACE_OUTER_BOUND('',#1971,.T.);
#1236=PLANE('',#1972);
#1237=SURFACE_STYLE_USAGE(.BOTH.,#1973);
#1238=FACE_OUTER_BOUND('',#1974,.T.);
#1239=PLANE('',#1975);
#1240=SURFACE_STYLE_USAGE(.BOTH.,#1976);
#1241=FACE_OUTER_BOUND('',#1977,.T.);
#1242=CYLINDRICAL_SURFACE('',#1978,0.0999999999999996);
#1243=SURFACE_STYLE_USAGE(.BOTH.,#1979);
#1244=FACE_OUTER_BOUND('',#1980,.T.);
#1245=PLANE('',#1981);
#1246=SURFACE_STYLE_USAGE(.BOTH.,#1982);
#1247=FACE_OUTER_BOUND('',#1983,.T.);
#1248=PLANE('',#1984);
#1249=SURFACE_STYLE_USAGE(.BOTH.,#1985);
#1250=FACE_OUTER_BOUND('',#1986,.T.);
#1251=CYLINDRICAL_SURFACE('',#1987,0.0999999999999996);
#1252=SURFACE_STYLE_USAGE(.BOTH.,#1988);
#1253=FACE_BOUND('',#1989,.T.);
#1254=FACE_BOUND('',#1990,.T.);
#1255=FACE_OUTER_BOUND('',#1991,.T.);
#1256=PLANE('',#1992);
#1257=SURFACE_STYLE_USAGE(.BOTH.,#1993);
#1258=FACE_OUTER_BOUND('',#1994,.T.);
#1259=CYLINDRICAL_SURFACE('',#1995,0.0999999999999996);
#1260=SURFACE_STYLE_USAGE(.BOTH.,#1996);
#1261=FACE_OUTER_BOUND('',#1997,.T.);
#1262=PLANE('',#1998);
#1263=SURFACE_STYLE_USAGE(.BOTH.,#1999);
#1264=FACE_OUTER_BOUND('',#2000,.T.);
#1265=PLANE('',#2001);
#1266=SURFACE_STYLE_USAGE(.BOTH.,#2002);
#1267=FACE_OUTER_BOUND('',#2003,.T.);
#1268=PLANE('',#2004);
#1269=SURFACE_STYLE_USAGE(.BOTH.,#2005);
#1270=FACE_OUTER_BOUND('',#2006,.T.);
#1271=PLANE('',#2007);
#1272=SURFACE_STYLE_USAGE(.BOTH.,#2008);
#1273=FACE_OUTER_BOUND('',#2009,.T.);
#1274=PLANE('',#2010);
#1275=SURFACE_STYLE_USAGE(.BOTH.,#2011);
#1276=FACE_OUTER_BOUND('',#2012,.T.);
#1277=PLANE('',#2013);
#1278=SURFACE_STYLE_USAGE(.BOTH.,#2014);
#1279=FACE_OUTER_BOUND('',#2015,.T.);
#1280=PLANE('',#2016);
#1281=SURFACE_STYLE_USAGE(.BOTH.,#2017);
#1282=FACE_OUTER_BOUND('',#2018,.T.);
#1283=PLANE('',#2019);
#1284=SURFACE_STYLE_USAGE(.BOTH.,#2020);
#1285=FACE_OUTER_BOUND('',#2021,.T.);
#1286=PLANE('',#2022);
#1287=SURFACE_STYLE_USAGE(.BOTH.,#2023);
#1288=FACE_OUTER_BOUND('',#2024,.T.);
#1289=PLANE('',#2025);
#1290=SURFACE_STYLE_USAGE(.BOTH.,#2026);
#1291=FACE_OUTER_BOUND('',#2027,.T.);
#1292=PLANE('',#2028);
#1293=SURFACE_STYLE_USAGE(.BOTH.,#2029);
#1294=FACE_OUTER_BOUND('',#2030,.T.);
#1295=PLANE('',#2031);
#1296=SURFACE_STYLE_USAGE(.BOTH.,#2032);
#1297=FACE_OUTER_BOUND('',#2033,.T.);
#1298=PLANE('',#2034);
#1299=SURFACE_STYLE_USAGE(.BOTH.,#2035);
#1300=FACE_OUTER_BOUND('',#2036,.T.);
#1301=PLANE('',#2037);
#1302=SURFACE_STYLE_USAGE(.BOTH.,#2038);
#1303=FACE_OUTER_BOUND('',#2039,.T.);
#1304=PLANE('',#2040);
#1305=SURFACE_STYLE_USAGE(.BOTH.,#2041);
#1306=FACE_OUTER_BOUND('',#2042,.T.);
#1307=PLANE('',#2043);
#1308=SURFACE_STYLE_USAGE(.BOTH.,#2044);
#1309=FACE_OUTER_BOUND('',#2045,.T.);
#1310=PLANE('',#2046);
#1311=SURFACE_STYLE_USAGE(.BOTH.,#2047);
#1312=FACE_OUTER_BOUND('',#2048,.T.);
#1313=PLANE('',#2049);
#1314=SURFACE_STYLE_USAGE(.BOTH.,#2050);
#1315=FACE_OUTER_BOUND('',#2051,.T.);
#1316=CYLINDRICAL_SURFACE('',#2052,0.445);
#1317=SURFACE_STYLE_USAGE(.BOTH.,#2053);
#1318=FACE_OUTER_BOUND('',#2054,.T.);
#1319=CYLINDRICAL_SURFACE('',#2055,0.445);
#1320=SURFACE_STYLE_USAGE(.BOTH.,#2056);
#1321=FACE_OUTER_BOUND('',#2057,.T.);
#1322=CYLINDRICAL_SURFACE('',#2058,0.275);
#1323=SURFACE_STYLE_USAGE(.BOTH.,#2059);
#1324=FACE_OUTER_BOUND('',#2060,.T.);
#1325=CYLINDRICAL_SURFACE('',#2061,0.275);
#1326=SURFACE_STYLE_USAGE(.BOTH.,#2062);
#1327=FACE_OUTER_BOUND('',#2063,.T.);
#1328=PLANE('',#2064);
#1329=SURFACE_STYLE_USAGE(.BOTH.,#2065);
#1330=FACE_OUTER_BOUND('',#2066,.T.);
#1331=PLANE('',#2067);
#1332=SURFACE_STYLE_USAGE(.BOTH.,#2068);
#1333=FACE_OUTER_BOUND('',#2069,.T.);
#1334=PLANE('',#2070);
#1335=SURFACE_STYLE_USAGE(.BOTH.,#2071);
#1336=FACE_OUTER_BOUND('',#2072,.T.);
#1337=PLANE('',#2073);
#1338=SURFACE_STYLE_USAGE(.BOTH.,#2074);
#1339=FACE_OUTER_BOUND('',#2075,.T.);
#1340=CYLINDRICAL_SURFACE('',#2076,0.4);
#1341=SURFACE_STYLE_USAGE(.BOTH.,#2077);
#1342=FACE_OUTER_BOUND('',#2078,.T.);
#1343=PLANE('',#2079);
#1344=SURFACE_STYLE_USAGE(.BOTH.,#2080);
#1345=FACE_OUTER_BOUND('',#2081,.T.);
#1346=PLANE('',#2082);
#1347=SURFACE_STYLE_USAGE(.BOTH.,#2083);
#1348=FACE_OUTER_BOUND('',#2084,.T.);
#1349=PLANE('',#2085);
#1350=SURFACE_STYLE_USAGE(.BOTH.,#2086);
#1351=FACE_OUTER_BOUND('',#2087,.T.);
#1352=CYLINDRICAL_SURFACE('',#2088,0.1);
#1353=SURFACE_STYLE_USAGE(.BOTH.,#2089);
#1354=FACE_OUTER_BOUND('',#2090,.T.);
#1355=PLANE('',#2091);
#1356=SURFACE_STYLE_USAGE(.BOTH.,#2092);
#1357=FACE_OUTER_BOUND('',#2093,.T.);
#1358=PLANE('',#2094);
#1359=SURFACE_STYLE_USAGE(.BOTH.,#2095);
#1360=FACE_OUTER_BOUND('',#2096,.T.);
#1361=PLANE('',#2097);
#1362=SURFACE_STYLE_USAGE(.BOTH.,#2098);
#1363=FACE_OUTER_BOUND('',#2099,.T.);
#1364=PLANE('',#2100);
#1365=SURFACE_STYLE_USAGE(.BOTH.,#2101);
#1366=FACE_OUTER_BOUND('',#2102,.T.);
#1367=PLANE('',#2103);
#1368=SURFACE_STYLE_USAGE(.BOTH.,#2104);
#1369=FACE_OUTER_BOUND('',#2105,.T.);
#1370=PLANE('',#2106);
#1371=SURFACE_STYLE_USAGE(.BOTH.,#2107);
#1372=FACE_OUTER_BOUND('',#2108,.T.);
#1373=PLANE('',#2109);
#1374=SURFACE_STYLE_USAGE(.BOTH.,#2110);
#1375=FACE_OUTER_BOUND('',#2111,.T.);
#1376=PLANE('',#2112);
#1377=SURFACE_STYLE_USAGE(.BOTH.,#2113);
#1378=FACE_OUTER_BOUND('',#2114,.T.);
#1379=CYLINDRICAL_SURFACE('',#2115,0.4);
#1380=SURFACE_STYLE_USAGE(.BOTH.,#2116);
#1381=FACE_OUTER_BOUND('',#2117,.T.);
#1382=PLANE('',#2118);
#1383=SURFACE_STYLE_USAGE(.BOTH.,#2119);
#1384=FACE_OUTER_BOUND('',#2120,.T.);
#1385=PLANE('',#2121);
#1386=SURFACE_STYLE_USAGE(.BOTH.,#2122);
#1387=FACE_OUTER_BOUND('',#2123,.T.);
#1388=PLANE('',#2124);
#1389=SURFACE_STYLE_USAGE(.BOTH.,#2125);
#1390=FACE_OUTER_BOUND('',#2126,.T.);
#1391=CYLINDRICAL_SURFACE('',#2127,0.1);
#1392=SURFACE_STYLE_USAGE(.BOTH.,#2128);
#1393=FACE_OUTER_BOUND('',#2129,.T.);
#1394=PLANE('',#2130);
#1395=SURFACE_STYLE_USAGE(.BOTH.,#2131);
#1396=FACE_OUTER_BOUND('',#2132,.T.);
#1397=PLANE('',#2133);
#1398=SURFACE_STYLE_USAGE(.BOTH.,#2134);
#1399=FACE_OUTER_BOUND('',#2135,.T.);
#1400=PLANE('',#2136);
#1401=SURFACE_STYLE_USAGE(.BOTH.,#2137);
#1402=FACE_OUTER_BOUND('',#2138,.T.);
#1403=PLANE('',#2139);
#1404=SURFACE_STYLE_USAGE(.BOTH.,#2140);
#1405=FACE_BOUND('',#2141,.T.);
#1406=FACE_BOUND('',#2142,.T.);
#1407=FACE_OUTER_BOUND('',#2143,.T.);
#1408=PLANE('',#2144);
#1409=SURFACE_STYLE_USAGE(.BOTH.,#2145);
#1410=FACE_OUTER_BOUND('',#2146,.T.);
#1411=CYLINDRICAL_SURFACE('',#2147,0.0999999999999996);
#1412=SURFACE_STYLE_USAGE(.BOTH.,#2148);
#1413=FACE_OUTER_BOUND('',#2149,.T.);
#1414=PLANE('',#2150);
#1415=SURFACE_STYLE_USAGE(.BOTH.,#2151);
#1416=FACE_OUTER_BOUND('',#2152,.T.);
#1417=PLANE('',#2153);
#1418=SURFACE_STYLE_USAGE(.BOTH.,#2154);
#1419=FACE_OUTER_BOUND('',#2155,.T.);
#1420=CYLINDRICAL_SURFACE('',#2156,0.0999999999999996);
#1421=SURFACE_STYLE_USAGE(.BOTH.,#2157);
#1422=FACE_OUTER_BOUND('',#2158,.T.);
#1423=PLANE('',#2159);
#1424=SURFACE_STYLE_USAGE(.BOTH.,#2160);
#1425=FACE_OUTER_BOUND('',#2161,.T.);
#1426=CYLINDRICAL_SURFACE('',#2162,0.0999999999999996);
#1427=SURFACE_STYLE_USAGE(.BOTH.,#2163);
#1428=FACE_OUTER_BOUND('',#2164,.T.);
#1429=PLANE('',#2165);
#1430=SURFACE_STYLE_USAGE(.BOTH.,#2166);
#1431=FACE_BOUND('',#2167,.T.);
#1432=FACE_OUTER_BOUND('',#2168,.T.);
#1433=PLANE('',#2169);
#1434=SURFACE_STYLE_USAGE(.BOTH.,#2170);
#1435=FACE_BOUND('',#2171,.T.);
#1436=FACE_OUTER_BOUND('',#2172,.T.);
#1437=PLANE('',#2173);
#1438=SURFACE_STYLE_USAGE(.BOTH.,#2174);
#1439=FACE_OUTER_BOUND('',#2175,.T.);
#1440=PLANE('',#2176);
#1441=SURFACE_STYLE_USAGE(.BOTH.,#2177);
#1442=FACE_OUTER_BOUND('',#2178,.T.);
#1443=CYLINDRICAL_SURFACE('',#2179,0.4);
#1444=SURFACE_STYLE_USAGE(.BOTH.,#2180);
#1445=FACE_BOUND('',#2181,.T.);
#1446=FACE_BOUND('',#2182,.T.);
#1447=FACE_OUTER_BOUND('',#2183,.T.);
#1448=PLANE('',#2184);
#1449=SURFACE_STYLE_USAGE(.BOTH.,#2185);
#1450=FACE_BOUND('',#2186,.T.);
#1451=FACE_BOUND('',#2187,.T.);
#1452=FACE_OUTER_BOUND('',#2188,.T.);
#1453=PLANE('',#2189);
#1454=SURFACE_STYLE_USAGE(.BOTH.,#2190);
#1455=FACE_OUTER_BOUND('',#2191,.T.);
#1456=CYLINDRICAL_SURFACE('',#2192,0.4);
#1457=SURFACE_STYLE_USAGE(.BOTH.,#2193);
#1458=FACE_BOUND('',#2194,.T.);
#1459=FACE_BOUND('',#2195,.T.);
#1460=FACE_OUTER_BOUND('',#2196,.T.);
#1461=PLANE('',#2197);
#1462=SURFACE_STYLE_USAGE(.BOTH.,#2198);
#1463=FACE_OUTER_BOUND('',#2199,.T.);
#1464=CYLINDRICAL_SURFACE('',#2200,0.4);
#1465=SURFACE_STYLE_USAGE(.BOTH.,#2201);
#1466=FACE_BOUND('',#2202,.T.);
#1467=FACE_BOUND('',#2203,.T.);
#1468=FACE_OUTER_BOUND('',#2204,.T.);
#1469=PLANE('',#2205);
#1470=SURFACE_STYLE_USAGE(.BOTH.,#2206);
#1471=FACE_OUTER_BOUND('',#2207,.T.);
#1472=CYLINDRICAL_SURFACE('',#2208,0.4);
#1473=SURFACE_STYLE_USAGE(.BOTH.,#2209);
#1474=FACE_BOUND('',#2210,.T.);
#1475=FACE_OUTER_BOUND('',#2211,.T.);
#1476=PLANE('',#2212);
#1477=PRODUCT_CONTEXT('',#246,'mechanical');
#1478=PRODUCT_DEFINITION_FORMATION_WITH_SPECIFIED_SOURCE(' ','NONE',#731,.NOT_KNOWN.);
#1479=CLOSED_SHELL('',(#260,#262,#264,#266,#268,#270,#272,#274,#276,#278,#280,#282,#284,#286,#288,#290,#292,#294,#296,#298,#300,#302,#304,#306,#308,#310,#312,#314,#316,#318,#320,#322,#324,#326,#328,#330,#332,#334,#336,#338,#340,#342,#344,#346,#348,#350,#352,#354,#356,#358,#360,#362,#364,#366,#368,#370,#372,#374,#376,#378,#380,#382,#384,#386,#388,#390,#392,#394,#396,#398,#400,#402,#404,#406,#408,#410,#412,#414,#416,#418,#420,#422,#424,#426,#428,#430,#432,#434,#436,#438,#440,#442,#444,#446,#448,#450,#452,#454,#456,#458,#460,#462,#464,#466,#468,#470,#472,#474,#476,#478,#480,#482,#484,#486,#488,#490,#492,#494,#496,#498,#500,#502,#504,#506,#508,#510,#512,#514,#516,#518,#520,#522,#524,#526,#528,#530,#532,#534,#536,#538,#540,#542,#544,#546,#548,#550,#552,#554,#556,#558,#560,#562,#564,#566,#568,#570,#572,#574,#576,#578,#580,#582,#584,#586,#588,#590,#592,#594,#596,#598,#600,#602,#604,#606,#608,#610,#612,#614,#616,#618,#620,#622,#624,#626,#628,#630,#632,#634,#636,#638,#640,#642,#644,#646,#648,#650,#652,#654,#656,#658,#660,#662,#664,#666,#668,#670,#672,#674,#676,#678,#680,#682,#684,#686,#688,#690,#692,#694,#696,#698,#700,#702,#704,#706,#708,#710,#712,#714,#716,#718,#720,#722,#724,#726,#728,#730));
#1480=CARTESIAN_POINT('',(0.0,0.0,0.0));
#1481=DIRECTION('',(0.0,0.0,1.0));
#1482=DIRECTION('',(1.0,0.0,0.0));
#1483= (NAMED_UNIT(#740)LENGTH_UNIT()SI_UNIT(.MILLI.,.METRE.));
#1484=SURFACE_SIDE_STYLE('',(#2214));
#1485=EDGE_LOOP('',(#2215,#2216,#2217,#2218));
#1486=AXIS2_PLACEMENT_3D('',#2219,#2220,#2221);
#1487=SURFACE_SIDE_STYLE('',(#2222));
#1488=EDGE_LOOP('',(#2223,#2224,#2225,#2226));
#1489=AXIS2_PLACEMENT_3D('',#2227,#2228,#2229);
#1490=SURFACE_SIDE_STYLE('',(#2230));
#1491=EDGE_LOOP('',(#2231,#2232,#2233,#2234));
#1492=AXIS2_PLACEMENT_3D('',#2235,#2236,#2237);
#1493=SURFACE_SIDE_STYLE('',(#2238));
#1494=EDGE_LOOP('',(#2239,#2240,#2241,#2242));
#1495=AXIS2_PLACEMENT_3D('',#2243,#2244,#2245);
#1496=SURFACE_SIDE_STYLE('',(#2246));
#1497=EDGE_LOOP('',(#2247,#2248,#2249,#2250));
#1498=AXIS2_PLACEMENT_3D('',#2251,#2252,#2253);
#1499=SURFACE_SIDE_STYLE('',(#2254));
#1500=EDGE_LOOP('',(#2255,#2256,#2257,#2258));
#1501=AXIS2_PLACEMENT_3D('',#2259,#2260,#2261);
#1502=SURFACE_SIDE_STYLE('',(#2262));
#1503=EDGE_LOOP('',(#2263,#2264,#2265,#2266));
#1504=AXIS2_PLACEMENT_3D('',#2267,#2268,#2269);
#1505=SURFACE_SIDE_STYLE('',(#2270));
#1506=EDGE_LOOP('',(#2271,#2272,#2273,#2274));
#1507=AXIS2_PLACEMENT_3D('',#2275,#2276,#2277);
#1508=SURFACE_SIDE_STYLE('',(#2278));
#1509=EDGE_LOOP('',(#2279,#2280,#2281,#2282));
#1510=AXIS2_PLACEMENT_3D('',#2283,#2284,#2285);
#1511=SURFACE_SIDE_STYLE('',(#2286));
#1512=EDGE_LOOP('',(#2287,#2288,#2289,#2290));
#1513=AXIS2_PLACEMENT_3D('',#2291,#2292,#2293);
#1514=SURFACE_SIDE_STYLE('',(#2294));
#1515=EDGE_LOOP('',(#2295,#2296,#2297,#2298));
#1516=AXIS2_PLACEMENT_3D('',#2299,#2300,#2301);
#1517=SURFACE_SIDE_STYLE('',(#2302));
#1518=EDGE_LOOP('',(#2303,#2304,#2305,#2306));
#1519=AXIS2_PLACEMENT_3D('',#2307,#2308,#2309);
#1520=SURFACE_SIDE_STYLE('',(#2310));
#1521=EDGE_LOOP('',(#2311,#2312,#2313,#2314));
#1522=AXIS2_PLACEMENT_3D('',#2315,#2316,#2317);
#1523=SURFACE_SIDE_STYLE('',(#2318));
#1524=EDGE_LOOP('',(#2319,#2320,#2321,#2322,#2323,#2324,#2325,#2326,#2327,#2328));
#1525=AXIS2_PLACEMENT_3D('',#2329,#2330,#2331);
#1526=SURFACE_SIDE_STYLE('',(#2332));
#1527=EDGE_LOOP('',(#2333,#2334,#2335,#2336));
#1528=AXIS2_PLACEMENT_3D('',#2337,#2338,#2339);
#1529=SURFACE_SIDE_STYLE('',(#2340));
#1530=EDGE_LOOP('',(#2341,#2342,#2343,#2344));
#1531=AXIS2_PLACEMENT_3D('',#2345,#2346,#2347);
#1532=SURFACE_SIDE_STYLE('',(#2348));
#1533=EDGE_LOOP('',(#2349,#2350,#2351,#2352,#2353,#2354,#2355,#2356,#2357,#2358));
#1534=AXIS2_PLACEMENT_3D('',#2359,#2360,#2361);
#1535=SURFACE_SIDE_STYLE('',(#2362));
#1536=EDGE_LOOP('',(#2363,#2364,#2365,#2366,#2367,#2368,#2369,#2370));
#1537=AXIS2_PLACEMENT_3D('',#2371,#2372,#2373);
#1538=SURFACE_SIDE_STYLE('',(#2374));
#1539=EDGE_LOOP('',(#2375,#2376,#2377,#2378));
#1540=AXIS2_PLACEMENT_3D('',#2379,#2380,#2381);
#1541=SURFACE_SIDE_STYLE('',(#2382));
#1542=EDGE_LOOP('',(#2383,#2384,#2385,#2386));
#1543=AXIS2_PLACEMENT_3D('',#2387,#2388,#2389);
#1544=SURFACE_SIDE_STYLE('',(#2390));
#1545=EDGE_LOOP('',(#2391,#2392,#2393,#2394));
#1546=AXIS2_PLACEMENT_3D('',#2395,#2396,#2397);
#1547=SURFACE_SIDE_STYLE('',(#2398));
#1548=EDGE_LOOP('',(#2399,#2400,#2401,#2402));
#1549=AXIS2_PLACEMENT_3D('',#2403,#2404,#2405);
#1550=SURFACE_SIDE_STYLE('',(#2406));
#1551=EDGE_LOOP('',(#2407,#2408,#2409,#2410));
#1552=AXIS2_PLACEMENT_3D('',#2411,#2412,#2413);
#1553=SURFACE_SIDE_STYLE('',(#2414));
#1554=EDGE_LOOP('',(#2415,#2416,#2417,#2418,#2419,#2420,#2421,#2422,#2423,#2424,#2425,#2426));
#1555=AXIS2_PLACEMENT_3D('',#2427,#2428,#2429);
#1556=SURFACE_SIDE_STYLE('',(#2430));
#1557=EDGE_LOOP('',(#2431,#2432,#2433,#2434,#2435,#2436));
#1558=AXIS2_PLACEMENT_3D('',#2437,#2438,#2439);
#1559=SURFACE_SIDE_STYLE('',(#2440));
#1560=EDGE_LOOP('',(#2441,#2442,#2443,#2444));
#1561=AXIS2_PLACEMENT_3D('',#2445,#2446,#2447);
#1562=SURFACE_SIDE_STYLE('',(#2448));
#1563=EDGE_LOOP('',(#2449,#2450,#2451,#2452));
#1564=AXIS2_PLACEMENT_3D('',#2453,#2454,#2455);
#1565=SURFACE_SIDE_STYLE('',(#2456));
#1566=EDGE_LOOP('',(#2457,#2458,#2459,#2460));
#1567=AXIS2_PLACEMENT_3D('',#2461,#2462,#2463);
#1568=SURFACE_SIDE_STYLE('',(#2464));
#1569=EDGE_LOOP('',(#2465,#2466,#2467,#2468,#2469,#2470,#2471,#2472,#2473,#2474));
#1570=AXIS2_PLACEMENT_3D('',#2475,#2476,#2477);
#1571=SURFACE_SIDE_STYLE('',(#2478));
#1572=EDGE_LOOP('',(#2479,#2480,#2481,#2482));
#1573=AXIS2_PLACEMENT_3D('',#2483,#2484,#2485);
#1574=SURFACE_SIDE_STYLE('',(#2486));
#1575=EDGE_LOOP('',(#2487,#2488,#2489,#2490));
#1576=AXIS2_PLACEMENT_3D('',#2491,#2492,#2493);
#1577=SURFACE_SIDE_STYLE('',(#2494));
#1578=EDGE_LOOP('',(#2495,#2496,#2497,#2498,#2499,#2500,#2501,#2502,#2503,#2504));
#1579=AXIS2_PLACEMENT_3D('',#2505,#2506,#2507);
#1580=SURFACE_SIDE_STYLE('',(#2508));
#1581=EDGE_LOOP('',(#2509,#2510,#2511,#2512,#2513,#2514,#2515,#2516));
#1582=AXIS2_PLACEMENT_3D('',#2517,#2518,#2519);
#1583=SURFACE_SIDE_STYLE('',(#2520));
#1584=EDGE_LOOP('',(#2521,#2522,#2523,#2524));
#1585=AXIS2_PLACEMENT_3D('',#2525,#2526,#2527);
#1586=SURFACE_SIDE_STYLE('',(#2528));
#1587=EDGE_LOOP('',(#2529,#2530,#2531,#2532));
#1588=AXIS2_PLACEMENT_3D('',#2533,#2534,#2535);
#1589=SURFACE_SIDE_STYLE('',(#2536));
#1590=EDGE_LOOP('',(#2537,#2538,#2539,#2540));
#1591=AXIS2_PLACEMENT_3D('',#2541,#2542,#2543);
#1592=SURFACE_SIDE_STYLE('',(#2544));
#1593=EDGE_LOOP('',(#2545,#2546,#2547,#2548));
#1594=AXIS2_PLACEMENT_3D('',#2549,#2550,#2551);
#1595=SURFACE_SIDE_STYLE('',(#2552));
#1596=EDGE_LOOP('',(#2553,#2554,#2555,#2556));
#1597=AXIS2_PLACEMENT_3D('',#2557,#2558,#2559);
#1598=SURFACE_SIDE_STYLE('',(#2560));
#1599=EDGE_LOOP('',(#2561,#2562,#2563,#2564,#2565,#2566,#2567,#2568,#2569,#2570,#2571,#2572));
#1600=AXIS2_PLACEMENT_3D('',#2573,#2574,#2575);
#1601=SURFACE_SIDE_STYLE('',(#2576));
#1602=EDGE_LOOP('',(#2577,#2578,#2579,#2580,#2581,#2582));
#1603=AXIS2_PLACEMENT_3D('',#2583,#2584,#2585);
#1604=SURFACE_SIDE_STYLE('',(#2586));
#1605=EDGE_LOOP('',(#2587,#2588,#2589,#2590));
#1606=AXIS2_PLACEMENT_3D('',#2591,#2592,#2593);
#1607=SURFACE_SIDE_STYLE('',(#2594));
#1608=EDGE_LOOP('',(#2595,#2596,#2597,#2598));
#1609=AXIS2_PLACEMENT_3D('',#2599,#2600,#2601);
#1610=SURFACE_SIDE_STYLE('',(#2602));
#1611=EDGE_LOOP('',(#2603,#2604,#2605,#2606));
#1612=AXIS2_PLACEMENT_3D('',#2607,#2608,#2609);
#1613=SURFACE_SIDE_STYLE('',(#2610));
#1614=EDGE_LOOP('',(#2611,#2612,#2613,#2614,#2615,#2616,#2617,#2618,#2619,#2620));
#1615=AXIS2_PLACEMENT_3D('',#2621,#2622,#2623);
#1616=SURFACE_SIDE_STYLE('',(#2624));
#1617=EDGE_LOOP('',(#2625,#2626,#2627,#2628));
#1618=AXIS2_PLACEMENT_3D('',#2629,#2630,#2631);
#1619=SURFACE_SIDE_STYLE('',(#2632));
#1620=EDGE_LOOP('',(#2633,#2634,#2635,#2636));
#1621=AXIS2_PLACEMENT_3D('',#2637,#2638,#2639);
#1622=SURFACE_SIDE_STYLE('',(#2640));
#1623=EDGE_LOOP('',(#2641,#2642,#2643,#2644,#2645,#2646,#2647,#2648,#2649,#2650));
#1624=AXIS2_PLACEMENT_3D('',#2651,#2652,#2653);
#1625=SURFACE_SIDE_STYLE('',(#2654));
#1626=EDGE_LOOP('',(#2655,#2656,#2657,#2658,#2659,#2660,#2661,#2662));
#1627=AXIS2_PLACEMENT_3D('',#2663,#2664,#2665);
#1628=SURFACE_SIDE_STYLE('',(#2666));
#1629=EDGE_LOOP('',(#2667,#2668,#2669,#2670));
#1630=AXIS2_PLACEMENT_3D('',#2671,#2672,#2673);
#1631=SURFACE_SIDE_STYLE('',(#2674));
#1632=EDGE_LOOP('',(#2675,#2676,#2677,#2678));
#1633=AXIS2_PLACEMENT_3D('',#2679,#2680,#2681);
#1634=SURFACE_SIDE_STYLE('',(#2682));
#1635=EDGE_LOOP('',(#2683,#2684,#2685,#2686));
#1636=AXIS2_PLACEMENT_3D('',#2687,#2688,#2689);
#1637=SURFACE_SIDE_STYLE('',(#2690));
#1638=EDGE_LOOP('',(#2691,#2692,#2693,#2694));
#1639=AXIS2_PLACEMENT_3D('',#2695,#2696,#2697);
#1640=SURFACE_SIDE_STYLE('',(#2698));
#1641=EDGE_LOOP('',(#2699,#2700,#2701,#2702));
#1642=AXIS2_PLACEMENT_3D('',#2703,#2704,#2705);
#1643=SURFACE_SIDE_STYLE('',(#2706));
#1644=EDGE_LOOP('',(#2707,#2708,#2709,#2710,#2711,#2712,#2713,#2714,#2715,#2716,#2717,#2718));
#1645=AXIS2_PLACEMENT_3D('',#2719,#2720,#2721);
#1646=SURFACE_SIDE_STYLE('',(#2722));
#1647=EDGE_LOOP('',(#2723,#2724,#2725,#2726,#2727,#2728));
#1648=AXIS2_PLACEMENT_3D('',#2729,#2730,#2731);
#1649=SURFACE_SIDE_STYLE('',(#2732));
#1650=EDGE_LOOP('',(#2733,#2734,#2735,#2736));
#1651=AXIS2_PLACEMENT_3D('',#2737,#2738,#2739);
#1652=SURFACE_SIDE_STYLE('',(#2740));
#1653=EDGE_LOOP('',(#2741,#2742,#2743,#2744));
#1654=AXIS2_PLACEMENT_3D('',#2745,#2746,#2747);
#1655=SURFACE_SIDE_STYLE('',(#2748));
#1656=EDGE_LOOP('',(#2749,#2750,#2751,#2752));
#1657=AXIS2_PLACEMENT_3D('',#2753,#2754,#2755);
#1658=SURFACE_SIDE_STYLE('',(#2756));
#1659=EDGE_LOOP('',(#2757,#2758,#2759,#2760,#2761,#2762,#2763,#2764,#2765,#2766));
#1660=AXIS2_PLACEMENT_3D('',#2767,#2768,#2769);
#1661=SURFACE_SIDE_STYLE('',(#2770));
#1662=EDGE_LOOP('',(#2771,#2772,#2773,#2774));
#1663=AXIS2_PLACEMENT_3D('',#2775,#2776,#2777);
#1664=SURFACE_SIDE_STYLE('',(#2778));
#1665=EDGE_LOOP('',(#2779,#2780,#2781,#2782));
#1666=AXIS2_PLACEMENT_3D('',#2783,#2784,#2785);
#1667=SURFACE_SIDE_STYLE('',(#2786));
#1668=EDGE_LOOP('',(#2787,#2788,#2789,#2790,#2791,#2792,#2793,#2794,#2795,#2796));
#1669=AXIS2_PLACEMENT_3D('',#2797,#2798,#2799);
#1670=SURFACE_SIDE_STYLE('',(#2800));
#1671=EDGE_LOOP('',(#2801,#2802,#2803,#2804,#2805,#2806,#2807,#2808));
#1672=AXIS2_PLACEMENT_3D('',#2809,#2810,#2811);
#1673=SURFACE_SIDE_STYLE('',(#2812));
#1674=EDGE_LOOP('',(#2813,#2814,#2815,#2816));
#1675=AXIS2_PLACEMENT_3D('',#2817,#2818,#2819);
#1676=SURFACE_SIDE_STYLE('',(#2820));
#1677=EDGE_LOOP('',(#2821,#2822,#2823,#2824));
#1678=AXIS2_PLACEMENT_3D('',#2825,#2826,#2827);
#1679=SURFACE_SIDE_STYLE('',(#2828));
#1680=EDGE_LOOP('',(#2829,#2830,#2831,#2832));
#1681=AXIS2_PLACEMENT_3D('',#2833,#2834,#2835);
#1682=SURFACE_SIDE_STYLE('',(#2836));
#1683=EDGE_LOOP('',(#2837,#2838,#2839,#2840));
#1684=AXIS2_PLACEMENT_3D('',#2841,#2842,#2843);
#1685=SURFACE_SIDE_STYLE('',(#2844));
#1686=EDGE_LOOP('',(#2845,#2846,#2847,#2848));
#1687=AXIS2_PLACEMENT_3D('',#2849,#2850,#2851);
#1688=SURFACE_SIDE_STYLE('',(#2852));
#1689=EDGE_LOOP('',(#2853,#2854,#2855,#2856,#2857,#2858,#2859,#2860,#2861,#2862,#2863,#2864));
#1690=AXIS2_PLACEMENT_3D('',#2865,#2866,#2867);
#1691=SURFACE_SIDE_STYLE('',(#2868));
#1692=EDGE_LOOP('',(#2869,#2870,#2871,#2872,#2873,#2874));
#1693=AXIS2_PLACEMENT_3D('',#2875,#2876,#2877);
#1694=SURFACE_SIDE_STYLE('',(#2878));
#1695=EDGE_LOOP('',(#2879,#2880,#2881,#2882));
#1696=AXIS2_PLACEMENT_3D('',#2883,#2884,#2885);
#1697=SURFACE_SIDE_STYLE('',(#2886));
#1698=EDGE_LOOP('',(#2887,#2888,#2889,#2890));
#1699=AXIS2_PLACEMENT_3D('',#2891,#2892,#2893);
#1700=SURFACE_SIDE_STYLE('',(#2894));
#1701=EDGE_LOOP('',(#2895,#2896,#2897,#2898));
#1702=AXIS2_PLACEMENT_3D('',#2899,#2900,#2901);
#1703=SURFACE_SIDE_STYLE('',(#2902));
#1704=EDGE_LOOP('',(#2903,#2904,#2905,#2906));
#1705=AXIS2_PLACEMENT_3D('',#2907,#2908,#2909);
#1706=SURFACE_SIDE_STYLE('',(#2910));
#1707=EDGE_LOOP('',(#2911,#2912,#2913,#2914,#2915));
#1708=AXIS2_PLACEMENT_3D('',#2916,#2917,#2918);
#1709=SURFACE_SIDE_STYLE('',(#2919));
#1710=EDGE_LOOP('',(#2920,#2921,#2922,#2923,#2924,#2925));
#1711=AXIS2_PLACEMENT_3D('',#2926,#2927,#2928);
#1712=SURFACE_SIDE_STYLE('',(#2929));
#1713=EDGE_LOOP('',(#2930,#2931,#2932,#2933,#2934,#2935));
#1714=AXIS2_PLACEMENT_3D('',#2936,#2937,#2938);
#1715=SURFACE_SIDE_STYLE('',(#2939));
#1716=EDGE_LOOP('',(#2940,#2941,#2942,#2943,#2944,#2945));
#1717=AXIS2_PLACEMENT_3D('',#2946,#2947,#2948);
#1718=SURFACE_SIDE_STYLE('',(#2949));
#1719=EDGE_LOOP('',(#2950,#2951,#2952,#2953));
#1720=AXIS2_PLACEMENT_3D('',#2954,#2955,#2956);
#1721=SURFACE_SIDE_STYLE('',(#2957));
#1722=EDGE_LOOP('',(#2958,#2959,#2960,#2961));
#1723=AXIS2_PLACEMENT_3D('',#2962,#2963,#2964);
#1724=SURFACE_SIDE_STYLE('',(#2965));
#1725=EDGE_LOOP('',(#2966,#2967,#2968,#2969));
#1726=AXIS2_PLACEMENT_3D('',#2970,#2971,#2972);
#1727=SURFACE_SIDE_STYLE('',(#2973));
#1728=EDGE_LOOP('',(#2974,#2975,#2976,#2977,#2978));
#1729=AXIS2_PLACEMENT_3D('',#2979,#2980,#2981);
#1730=SURFACE_SIDE_STYLE('',(#2982));
#1731=EDGE_LOOP('',(#2983,#2984,#2985,#2986,#2987,#2988));
#1732=AXIS2_PLACEMENT_3D('',#2989,#2990,#2991);
#1733=SURFACE_SIDE_STYLE('',(#2992));
#1734=EDGE_LOOP('',(#2993,#2994,#2995,#2996));
#1735=AXIS2_PLACEMENT_3D('',#2997,#2998,#2999);
#1736=SURFACE_SIDE_STYLE('',(#3000));
#1737=EDGE_LOOP('',(#3001,#3002,#3003,#3004));
#1738=AXIS2_PLACEMENT_3D('',#3005,#3006,#3007);
#1739=SURFACE_SIDE_STYLE('',(#3008));
#1740=EDGE_LOOP('',(#3009,#3010,#3011,#3012));
#1741=AXIS2_PLACEMENT_3D('',#3013,#3014,#3015);
#1742=SURFACE_SIDE_STYLE('',(#3016));
#1743=EDGE_LOOP('',(#3017,#3018,#3019,#3020));
#1744=AXIS2_PLACEMENT_3D('',#3021,#3022,#3023);
#1745=SURFACE_SIDE_STYLE('',(#3024));
#1746=EDGE_LOOP('',(#3025,#3026,#3027,#3028,#3029));
#1747=AXIS2_PLACEMENT_3D('',#3030,#3031,#3032);
#1748=SURFACE_SIDE_STYLE('',(#3033));
#1749=EDGE_LOOP('',(#3034,#3035,#3036,#3037,#3038,#3039));
#1750=AXIS2_PLACEMENT_3D('',#3040,#3041,#3042);
#1751=SURFACE_SIDE_STYLE('',(#3043));
#1752=EDGE_LOOP('',(#3044,#3045,#3046,#3047,#3048,#3049));
#1753=AXIS2_PLACEMENT_3D('',#3050,#3051,#3052);
#1754=SURFACE_SIDE_STYLE('',(#3053));
#1755=EDGE_LOOP('',(#3054,#3055,#3056,#3057));
#1756=AXIS2_PLACEMENT_3D('',#3058,#3059,#3060);
#1757=SURFACE_SIDE_STYLE('',(#3061));
#1758=EDGE_LOOP('',(#3062,#3063,#3064,#3065));
#1759=AXIS2_PLACEMENT_3D('',#3066,#3067,#3068);
#1760=SURFACE_SIDE_STYLE('',(#3069));
#1761=EDGE_LOOP('',(#3070,#3071,#3072,#3073));
#1762=AXIS2_PLACEMENT_3D('',#3074,#3075,#3076);
#1763=SURFACE_SIDE_STYLE('',(#3077));
#1764=EDGE_LOOP('',(#3078,#3079,#3080,#3081));
#1765=AXIS2_PLACEMENT_3D('',#3082,#3083,#3084);
#1766=SURFACE_SIDE_STYLE('',(#3085));
#1767=EDGE_LOOP('',(#3086,#3087,#3088,#3089));
#1768=AXIS2_PLACEMENT_3D('',#3090,#3091,#3092);
#1769=SURFACE_SIDE_STYLE('',(#3093));
#1770=EDGE_LOOP('',(#3094,#3095,#3096,#3097,#3098));
#1771=AXIS2_PLACEMENT_3D('',#3099,#3100,#3101);
#1772=SURFACE_SIDE_STYLE('',(#3102));
#1773=EDGE_LOOP('',(#3103,#3104,#3105,#3106,#3107,#3108));
#1774=AXIS2_PLACEMENT_3D('',#3109,#3110,#3111);
#1775=SURFACE_SIDE_STYLE('',(#3112));
#1776=EDGE_LOOP('',(#3113,#3114,#3115,#3116,#3117,#3118));
#1777=AXIS2_PLACEMENT_3D('',#3119,#3120,#3121);
#1778=SURFACE_SIDE_STYLE('',(#3122));
#1779=EDGE_LOOP('',(#3123,#3124,#3125,#3126,#3127,#3128,#3129,#3130,#3131,#3132,#3133,#3134));
#1780=EDGE_LOOP('',(#3135,#3136,#3137,#3138,#3139,#3140,#3141,#3142,#3143,#3144,#3145,#3146));
#1781=EDGE_LOOP('',(#3147,#3148,#3149,#3150,#3151,#3152,#3153,#3154,#3155,#3156,#3157,#3158));
#1782=EDGE_LOOP('',(#3159,#3160,#3161,#3162,#3163,#3164,#3165,#3166,#3167,#3168,#3169,#3170));
#1783=EDGE_LOOP('',(#3171,#3172,#3173,#3174,#3175,#3176,#3177,#3178));
#1784=AXIS2_PLACEMENT_3D('',#3179,#3180,#3181);
#1785=SURFACE_SIDE_STYLE('',(#3182));
#1786=EDGE_LOOP('',(#3183,#3184,#3185,#3186,#3187,#3188));
#1787=AXIS2_PLACEMENT_3D('',#3189,#3190,#3191);
#1788=SURFACE_SIDE_STYLE('',(#3192));
#1789=EDGE_LOOP('',(#3193,#3194));
#1790=AXIS2_PLACEMENT_3D('',#3195,#3196,#3197);
#1791=SURFACE_SIDE_STYLE('',(#3198));
#1792=EDGE_LOOP('',(#3199,#3200));
#1793=AXIS2_PLACEMENT_3D('',#3201,#3202,#3203);
#1794=SURFACE_SIDE_STYLE('',(#3204));
#1795=EDGE_LOOP('',(#3205,#3206));
#1796=AXIS2_PLACEMENT_3D('',#3207,#3208,#3209);
#1797=SURFACE_SIDE_STYLE('',(#3210));
#1798=EDGE_LOOP('',(#3211,#3212,#3213,#3214));
#1799=AXIS2_PLACEMENT_3D('',#3215,#3216,#3217);
#1800=SURFACE_SIDE_STYLE('',(#3218));
#1801=EDGE_LOOP('',(#3219,#3220));
#1802=AXIS2_PLACEMENT_3D('',#3221,#3222,#3223);
#1803=SURFACE_SIDE_STYLE('',(#3224));
#1804=EDGE_LOOP('',(#3225,#3226,#3227,#3228));
#1805=AXIS2_PLACEMENT_3D('',#3229,#3230,#3231);
#1806=SURFACE_SIDE_STYLE('',(#3232));
#1807=EDGE_LOOP('',(#3233,#3234));
#1808=AXIS2_PLACEMENT_3D('',#3235,#3236,#3237);
#1809=SURFACE_SIDE_STYLE('',(#3238));
#1810=EDGE_LOOP('',(#3239,#3240,#3241,#3242));
#1811=AXIS2_PLACEMENT_3D('',#3243,#3244,#3245);
#1812=SURFACE_SIDE_STYLE('',(#3246));
#1813=EDGE_LOOP('',(#3247,#3248));
#1814=AXIS2_PLACEMENT_3D('',#3249,#3250,#3251);
#1815=SURFACE_SIDE_STYLE('',(#3252));
#1816=EDGE_LOOP('',(#3253,#3254,#3255,#3256));
#1817=AXIS2_PLACEMENT_3D('',#3257,#3258,#3259);
#1818=SURFACE_SIDE_STYLE('',(#3260));
#1819=EDGE_LOOP('',(#3261,#3262,#3263,#3264));
#1820=AXIS2_PLACEMENT_3D('',#3265,#3266,#3267);
#1821=SURFACE_SIDE_STYLE('',(#3268));
#1822=EDGE_LOOP('',(#3269,#3270,#3271,#3272));
#1823=AXIS2_PLACEMENT_3D('',#3273,#3274,#3275);
#1824=SURFACE_SIDE_STYLE('',(#3276));
#1825=EDGE_LOOP('',(#3277,#3278,#3279,#3280));
#1826=AXIS2_PLACEMENT_3D('',#3281,#3282,#3283);
#1827=SURFACE_SIDE_STYLE('',(#3284));
#1828=EDGE_LOOP('',(#3285,#3286,#3287,#3288));
#1829=AXIS2_PLACEMENT_3D('',#3289,#3290,#3291);
#1830=SURFACE_SIDE_STYLE('',(#3292));
#1831=EDGE_LOOP('',(#3293,#3294,#3295,#3296));
#1832=AXIS2_PLACEMENT_3D('',#3297,#3298,#3299);
#1833=SURFACE_SIDE_STYLE('',(#3300));
#1834=EDGE_LOOP('',(#3301,#3302,#3303,#3304));
#1835=AXIS2_PLACEMENT_3D('',#3305,#3306,#3307);
#1836=SURFACE_SIDE_STYLE('',(#3308));
#1837=EDGE_LOOP('',(#3309,#3310,#3311,#3312,#3313,#3314));
#1838=AXIS2_PLACEMENT_3D('',#3315,#3316,#3317);
#1839=SURFACE_SIDE_STYLE('',(#3318));
#1840=EDGE_LOOP('',(#3319,#3320,#3321,#3322));
#1841=AXIS2_PLACEMENT_3D('',#3323,#3324,#3325);
#1842=SURFACE_SIDE_STYLE('',(#3326));
#1843=EDGE_LOOP('',(#3327,#3328,#3329,#3330));
#1844=AXIS2_PLACEMENT_3D('',#3331,#3332,#3333);
#1845=SURFACE_SIDE_STYLE('',(#3334));
#1846=EDGE_LOOP('',(#3335,#3336,#3337,#3338));
#1847=AXIS2_PLACEMENT_3D('',#3339,#3340,#3341);
#1848=SURFACE_SIDE_STYLE('',(#3342));
#1849=EDGE_LOOP('',(#3343,#3344,#3345,#3346));
#1850=AXIS2_PLACEMENT_3D('',#3347,#3348,#3349);
#1851=SURFACE_SIDE_STYLE('',(#3350));
#1852=EDGE_LOOP('',(#3351,#3352,#3353,#3354));
#1853=AXIS2_PLACEMENT_3D('',#3355,#3356,#3357);
#1854=SURFACE_SIDE_STYLE('',(#3358));
#1855=EDGE_LOOP('',(#3359,#3360,#3361,#3362));
#1856=AXIS2_PLACEMENT_3D('',#3363,#3364,#3365);
#1857=SURFACE_SIDE_STYLE('',(#3366));
#1858=EDGE_LOOP('',(#3367,#3368,#3369,#3370));
#1859=AXIS2_PLACEMENT_3D('',#3371,#3372,#3373);
#1860=SURFACE_SIDE_STYLE('',(#3374));
#1861=EDGE_LOOP('',(#3375,#3376,#3377,#3378,#3379,#3380));
#1862=AXIS2_PLACEMENT_3D('',#3381,#3382,#3383);
#1863=SURFACE_SIDE_STYLE('',(#3384));
#1864=EDGE_LOOP('',(#3385,#3386,#3387,#3388));
#1865=AXIS2_PLACEMENT_3D('',#3389,#3390,#3391);
#1866=SURFACE_SIDE_STYLE('',(#3392));
#1867=EDGE_LOOP('',(#3393,#3394,#3395,#3396));
#1868=AXIS2_PLACEMENT_3D('',#3397,#3398,#3399);
#1869=SURFACE_SIDE_STYLE('',(#3400));
#1870=EDGE_LOOP('',(#3401,#3402,#3403,#3404));
#1871=AXIS2_PLACEMENT_3D('',#3405,#3406,#3407);
#1872=SURFACE_SIDE_STYLE('',(#3408));
#1873=EDGE_LOOP('',(#3409,#3410,#3411,#3412));
#1874=AXIS2_PLACEMENT_3D('',#3413,#3414,#3415);
#1875=SURFACE_SIDE_STYLE('',(#3416));
#1876=EDGE_LOOP('',(#3417,#3418,#3419,#3420));
#1877=AXIS2_PLACEMENT_3D('',#3421,#3422,#3423);
#1878=SURFACE_SIDE_STYLE('',(#3424));
#1879=EDGE_LOOP('',(#3425,#3426,#3427,#3428));
#1880=AXIS2_PLACEMENT_3D('',#3429,#3430,#3431);
#1881=SURFACE_SIDE_STYLE('',(#3432));
#1882=EDGE_LOOP('',(#3433,#3434,#3435,#3436));
#1883=AXIS2_PLACEMENT_3D('',#3437,#3438,#3439);
#1884=SURFACE_SIDE_STYLE('',(#3440));
#1885=EDGE_LOOP('',(#3441,#3442,#3443,#3444,#3445,#3446));
#1886=AXIS2_PLACEMENT_3D('',#3447,#3448,#3449);
#1887=SURFACE_SIDE_STYLE('',(#3450));
#1888=EDGE_LOOP('',(#3451,#3452,#3453,#3454));
#1889=AXIS2_PLACEMENT_3D('',#3455,#3456,#3457);
#1890=SURFACE_SIDE_STYLE('',(#3458));
#1891=EDGE_LOOP('',(#3459,#3460,#3461,#3462));
#1892=AXIS2_PLACEMENT_3D('',#3463,#3464,#3465);
#1893=SURFACE_SIDE_STYLE('',(#3466));
#1894=EDGE_LOOP('',(#3467,#3468,#3469,#3470));
#1895=AXIS2_PLACEMENT_3D('',#3471,#3472,#3473);
#1896=SURFACE_SIDE_STYLE('',(#3474));
#1897=EDGE_LOOP('',(#3475,#3476,#3477,#3478));
#1898=AXIS2_PLACEMENT_3D('',#3479,#3480,#3481);
#1899=SURFACE_SIDE_STYLE('',(#3482));
#1900=EDGE_LOOP('',(#3483,#3484,#3485,#3486));
#1901=AXIS2_PLACEMENT_3D('',#3487,#3488,#3489);
#1902=SURFACE_SIDE_STYLE('',(#3490));
#1903=EDGE_LOOP('',(#3491,#3492,#3493,#3494));
#1904=AXIS2_PLACEMENT_3D('',#3495,#3496,#3497);
#1905=SURFACE_SIDE_STYLE('',(#3498));
#1906=EDGE_LOOP('',(#3499,#3500,#3501,#3502));
#1907=AXIS2_PLACEMENT_3D('',#3503,#3504,#3505);
#1908=SURFACE_SIDE_STYLE('',(#3506));
#1909=EDGE_LOOP('',(#3507,#3508,#3509,#3510,#3511,#3512));
#1910=AXIS2_PLACEMENT_3D('',#3513,#3514,#3515);
#1911=SURFACE_SIDE_STYLE('',(#3516));
#1912=EDGE_LOOP('',(#3517,#3518));
#1913=EDGE_LOOP('',(#3519,#3520));
#1914=EDGE_LOOP('',(#3521,#3522,#3523,#3524,#3525,#3526));
#1915=AXIS2_PLACEMENT_3D('',#3527,#3528,#3529);
#1916=SURFACE_SIDE_STYLE('',(#3530));
#1917=EDGE_LOOP('',(#3531,#3532,#3533,#3534));
#1918=AXIS2_PLACEMENT_3D('',#3535,#3536,#3537);
#1919=SURFACE_SIDE_STYLE('',(#3538));
#1920=EDGE_LOOP('',(#3539,#3540,#3541,#3542,#3543,#3544,#3545,#3546,#3547,#3548,#3549,#3550,#3551,#3552,#3553,#3554,#3555,#3556,#3557,#3558,#3559,#3560,#3561,#3562,#3563,#3564,#3565,#3566,#3567,#3568,#3569,#3570,#3571,#3572));
#1921=AXIS2_PLACEMENT_3D('',#3573,#3574,#3575);
#1922=SURFACE_SIDE_STYLE('',(#3576));
#1923=EDGE_LOOP('',(#3577,#3578,#3579,#3580));
#1924=AXIS2_PLACEMENT_3D('',#3581,#3582,#3583);
#1925=SURFACE_SIDE_STYLE('',(#3584));
#1926=EDGE_LOOP('',(#3585,#3586,#3587,#3588));
#1927=AXIS2_PLACEMENT_3D('',#3589,#3590,#3591);
#1928=SURFACE_SIDE_STYLE('',(#3592));
#1929=EDGE_LOOP('',(#3593,#3594,#3595,#3596,#3597,#3598));
#1930=AXIS2_PLACEMENT_3D('',#3599,#3600,#3601);
#1931=SURFACE_SIDE_STYLE('',(#3602));
#1932=EDGE_LOOP('',(#3603,#3604,#3605,#3606));
#1933=AXIS2_PLACEMENT_3D('',#3607,#3608,#3609);
#1934=SURFACE_SIDE_STYLE('',(#3610));
#1935=EDGE_LOOP('',(#3611,#3612,#3613,#3614));
#1936=AXIS2_PLACEMENT_3D('',#3615,#3616,#3617);
#1937=SURFACE_SIDE_STYLE('',(#3618));
#1938=EDGE_LOOP('',(#3619,#3620,#3621,#3622));
#1939=AXIS2_PLACEMENT_3D('',#3623,#3624,#3625);
#1940=SURFACE_SIDE_STYLE('',(#3626));
#1941=EDGE_LOOP('',(#3627,#3628,#3629,#3630));
#1942=AXIS2_PLACEMENT_3D('',#3631,#3632,#3633);
#1943=SURFACE_SIDE_STYLE('',(#3634));
#1944=EDGE_LOOP('',(#3635,#3636,#3637,#3638,#3639,#3640));
#1945=AXIS2_PLACEMENT_3D('',#3641,#3642,#3643);
#1946=SURFACE_SIDE_STYLE('',(#3644));
#1947=EDGE_LOOP('',(#3645,#3646,#3647,#3648));
#1948=AXIS2_PLACEMENT_3D('',#3649,#3650,#3651);
#1949=SURFACE_SIDE_STYLE('',(#3652));
#1950=EDGE_LOOP('',(#3653,#3654,#3655,#3656,#3657,#3658,#3659,#3660,#3661,#3662,#3663,#3664,#3665,#3666,#3667,#3668,#3669,#3670,#3671,#3672,#3673,#3674,#3675,#3676));
#1951=AXIS2_PLACEMENT_3D('',#3677,#3678,#3679);
#1952=SURFACE_SIDE_STYLE('',(#3680));
#1953=EDGE_LOOP('',(#3681,#3682,#3683,#3684));
#1954=AXIS2_PLACEMENT_3D('',#3685,#3686,#3687);
#1955=SURFACE_SIDE_STYLE('',(#3688));
#1956=EDGE_LOOP('',(#3689,#3690,#3691,#3692));
#1957=AXIS2_PLACEMENT_3D('',#3693,#3694,#3695);
#1958=SURFACE_SIDE_STYLE('',(#3696));
#1959=EDGE_LOOP('',(#3697,#3698,#3699,#3700));
#1960=AXIS2_PLACEMENT_3D('',#3701,#3702,#3703);
#1961=SURFACE_SIDE_STYLE('',(#3704));
#1962=EDGE_LOOP('',(#3705,#3706,#3707,#3708,#3709,#3710,#3711,#3712));
#1963=AXIS2_PLACEMENT_3D('',#3713,#3714,#3715);
#1964=SURFACE_SIDE_STYLE('',(#3716));
#1965=EDGE_LOOP('',(#3717,#3718,#3719,#3720));
#1966=AXIS2_PLACEMENT_3D('',#3721,#3722,#3723);
#1967=SURFACE_SIDE_STYLE('',(#3724));
#1968=EDGE_LOOP('',(#3725,#3726,#3727,#3728));
#1969=AXIS2_PLACEMENT_3D('',#3729,#3730,#3731);
#1970=SURFACE_SIDE_STYLE('',(#3732));
#1971=EDGE_LOOP('',(#3733,#3734,#3735,#3736));
#1972=AXIS2_PLACEMENT_3D('',#3737,#3738,#3739);
#1973=SURFACE_SIDE_STYLE('',(#3740));
#1974=EDGE_LOOP('',(#3741,#3742,#3743,#3744,#3745,#3746));
#1975=AXIS2_PLACEMENT_3D('',#3747,#3748,#3749);
#1976=SURFACE_SIDE_STYLE('',(#3750));
#1977=EDGE_LOOP('',(#3751,#3752,#3753,#3754,#3755,#3756,#3757,#3758));
#1978=AXIS2_PLACEMENT_3D('',#3759,#3760,#3761);
#1979=SURFACE_SIDE_STYLE('',(#3762));
#1980=EDGE_LOOP('',(#3763,#3764,#3765,#3766,#3767,#3768,#3769));
#1981=AXIS2_PLACEMENT_3D('',#3770,#3771,#3772);
#1982=SURFACE_SIDE_STYLE('',(#3773));
#1983=EDGE_LOOP('',(#3774,#3775,#3776,#3777));
#1984=AXIS2_PLACEMENT_3D('',#3778,#3779,#3780);
#1985=SURFACE_SIDE_STYLE('',(#3781));
#1986=EDGE_LOOP('',(#3782,#3783,#3784,#3785));
#1987=AXIS2_PLACEMENT_3D('',#3786,#3787,#3788);
#1988=SURFACE_SIDE_STYLE('',(#3789));
#1989=EDGE_LOOP('',(#3790,#3791,#3792,#3793));
#1990=EDGE_LOOP('',(#3794,#3795,#3796,#3797));
#1991=EDGE_LOOP('',(#3798,#3799,#3800,#3801));
#1992=AXIS2_PLACEMENT_3D('',#3802,#3803,#3804);
#1993=SURFACE_SIDE_STYLE('',(#3805));
#1994=EDGE_LOOP('',(#3806,#3807,#3808,#3809));
#1995=AXIS2_PLACEMENT_3D('',#3810,#3811,#3812);
#1996=SURFACE_SIDE_STYLE('',(#3813));
#1997=EDGE_LOOP('',(#3814,#3815,#3816,#3817));
#1998=AXIS2_PLACEMENT_3D('',#3818,#3819,#3820);
#1999=SURFACE_SIDE_STYLE('',(#3821));
#2000=EDGE_LOOP('',(#3822,#3823,#3824,#3825,#3826,#3827,#3828));
#2001=AXIS2_PLACEMENT_3D('',#3829,#3830,#3831);
#2002=SURFACE_SIDE_STYLE('',(#3832));
#2003=EDGE_LOOP('',(#3833,#3834,#3835,#3836));
#2004=AXIS2_PLACEMENT_3D('',#3837,#3838,#3839);
#2005=SURFACE_SIDE_STYLE('',(#3840));
#2006=EDGE_LOOP('',(#3841,#3842,#3843,#3844));
#2007=AXIS2_PLACEMENT_3D('',#3845,#3846,#3847);
#2008=SURFACE_SIDE_STYLE('',(#3848));
#2009=EDGE_LOOP('',(#3849,#3850,#3851,#3852));
#2010=AXIS2_PLACEMENT_3D('',#3853,#3854,#3855);
#2011=SURFACE_SIDE_STYLE('',(#3856));
#2012=EDGE_LOOP('',(#3857,#3858,#3859,#3860));
#2013=AXIS2_PLACEMENT_3D('',#3861,#3862,#3863);
#2014=SURFACE_SIDE_STYLE('',(#3864));
#2015=EDGE_LOOP('',(#3865,#3866,#3867,#3868));
#2016=AXIS2_PLACEMENT_3D('',#3869,#3870,#3871);
#2017=SURFACE_SIDE_STYLE('',(#3872));
#2018=EDGE_LOOP('',(#3873,#3874,#3875,#3876));
#2019=AXIS2_PLACEMENT_3D('',#3877,#3878,#3879);
#2020=SURFACE_SIDE_STYLE('',(#3880));
#2021=EDGE_LOOP('',(#3881,#3882,#3883,#3884));
#2022=AXIS2_PLACEMENT_3D('',#3885,#3886,#3887);
#2023=SURFACE_SIDE_STYLE('',(#3888));
#2024=EDGE_LOOP('',(#3889,#3890,#3891,#3892));
#2025=AXIS2_PLACEMENT_3D('',#3893,#3894,#3895);
#2026=SURFACE_SIDE_STYLE('',(#3896));
#2027=EDGE_LOOP('',(#3897,#3898,#3899,#3900));
#2028=AXIS2_PLACEMENT_3D('',#3901,#3902,#3903);
#2029=SURFACE_SIDE_STYLE('',(#3904));
#2030=EDGE_LOOP('',(#3905,#3906,#3907,#3908));
#2031=AXIS2_PLACEMENT_3D('',#3909,#3910,#3911);
#2032=SURFACE_SIDE_STYLE('',(#3912));
#2033=EDGE_LOOP('',(#3913,#3914,#3915,#3916));
#2034=AXIS2_PLACEMENT_3D('',#3917,#3918,#3919);
#2035=SURFACE_SIDE_STYLE('',(#3920));
#2036=EDGE_LOOP('',(#3921,#3922,#3923,#3924));
#2037=AXIS2_PLACEMENT_3D('',#3925,#3926,#3927);
#2038=SURFACE_SIDE_STYLE('',(#3928));
#2039=EDGE_LOOP('',(#3929,#3930,#3931,#3932));
#2040=AXIS2_PLACEMENT_3D('',#3933,#3934,#3935);
#2041=SURFACE_SIDE_STYLE('',(#3936));
#2042=EDGE_LOOP('',(#3937,#3938,#3939,#3940));
#2043=AXIS2_PLACEMENT_3D('',#3941,#3942,#3943);
#2044=SURFACE_SIDE_STYLE('',(#3944));
#2045=EDGE_LOOP('',(#3945,#3946,#3947,#3948));
#2046=AXIS2_PLACEMENT_3D('',#3949,#3950,#3951);
#2047=SURFACE_SIDE_STYLE('',(#3952));
#2048=EDGE_LOOP('',(#3953,#3954,#3955,#3956));
#2049=AXIS2_PLACEMENT_3D('',#3957,#3958,#3959);
#2050=SURFACE_SIDE_STYLE('',(#3960));
#2051=EDGE_LOOP('',(#3961,#3962,#3963,#3964));
#2052=AXIS2_PLACEMENT_3D('',#3965,#3966,#3967);
#2053=SURFACE_SIDE_STYLE('',(#3968));
#2054=EDGE_LOOP('',(#3969,#3970,#3971,#3972));
#2055=AXIS2_PLACEMENT_3D('',#3973,#3974,#3975);
#2056=SURFACE_SIDE_STYLE('',(#3976));
#2057=EDGE_LOOP('',(#3977,#3978,#3979,#3980));
#2058=AXIS2_PLACEMENT_3D('',#3981,#3982,#3983);
#2059=SURFACE_SIDE_STYLE('',(#3984));
#2060=EDGE_LOOP('',(#3985,#3986,#3987,#3988));
#2061=AXIS2_PLACEMENT_3D('',#3989,#3990,#3991);
#2062=SURFACE_SIDE_STYLE('',(#3992));
#2063=EDGE_LOOP('',(#3993,#3994,#3995,#3996,#3997,#3998,#3999,#4000,#4001,#4002,#4003,#4004,#4005,#4006));
#2064=AXIS2_PLACEMENT_3D('',#4007,#4008,#4009);
#2065=SURFACE_SIDE_STYLE('',(#4010));
#2066=EDGE_LOOP('',(#4011,#4012,#4013,#4014));
#2067=AXIS2_PLACEMENT_3D('',#4015,#4016,#4017);
#2068=SURFACE_SIDE_STYLE('',(#4018));
#2069=EDGE_LOOP('',(#4019,#4020,#4021,#4022));
#2070=AXIS2_PLACEMENT_3D('',#4023,#4024,#4025);
#2071=SURFACE_SIDE_STYLE('',(#4026));
#2072=EDGE_LOOP('',(#4027,#4028,#4029,#4030));
#2073=AXIS2_PLACEMENT_3D('',#4031,#4032,#4033);
#2074=SURFACE_SIDE_STYLE('',(#4034));
#2075=EDGE_LOOP('',(#4035,#4036,#4037,#4038));
#2076=AXIS2_PLACEMENT_3D('',#4039,#4040,#4041);
#2077=SURFACE_SIDE_STYLE('',(#4042));
#2078=EDGE_LOOP('',(#4043,#4044,#4045,#4046));
#2079=AXIS2_PLACEMENT_3D('',#4047,#4048,#4049);
#2080=SURFACE_SIDE_STYLE('',(#4050));
#2081=EDGE_LOOP('',(#4051,#4052,#4053,#4054));
#2082=AXIS2_PLACEMENT_3D('',#4055,#4056,#4057);
#2083=SURFACE_SIDE_STYLE('',(#4058));
#2084=EDGE_LOOP('',(#4059,#4060,#4061,#4062));
#2085=AXIS2_PLACEMENT_3D('',#4063,#4064,#4065);
#2086=SURFACE_SIDE_STYLE('',(#4066));
#2087=EDGE_LOOP('',(#4067,#4068,#4069,#4070));
#2088=AXIS2_PLACEMENT_3D('',#4071,#4072,#4073);
#2089=SURFACE_SIDE_STYLE('',(#4074));
#2090=EDGE_LOOP('',(#4075,#4076,#4077,#4078));
#2091=AXIS2_PLACEMENT_3D('',#4079,#4080,#4081);
#2092=SURFACE_SIDE_STYLE('',(#4082));
#2093=EDGE_LOOP('',(#4083,#4084,#4085,#4086));
#2094=AXIS2_PLACEMENT_3D('',#4087,#4088,#4089);
#2095=SURFACE_SIDE_STYLE('',(#4090));
#2096=EDGE_LOOP('',(#4091,#4092,#4093,#4094));
#2097=AXIS2_PLACEMENT_3D('',#4095,#4096,#4097);
#2098=SURFACE_SIDE_STYLE('',(#4098));
#2099=EDGE_LOOP('',(#4099,#4100,#4101,#4102,#4103,#4104,#4105,#4106,#4107,#4108,#4109,#4110,#4111,#4112));
#2100=AXIS2_PLACEMENT_3D('',#4113,#4114,#4115);
#2101=SURFACE_SIDE_STYLE('',(#4116));
#2102=EDGE_LOOP('',(#4117,#4118,#4119,#4120,#4121,#4122,#4123,#4124,#4125,#4126,#4127,#4128,#4129,#4130));
#2103=AXIS2_PLACEMENT_3D('',#4131,#4132,#4133);
#2104=SURFACE_SIDE_STYLE('',(#4134));
#2105=EDGE_LOOP('',(#4135,#4136,#4137,#4138));
#2106=AXIS2_PLACEMENT_3D('',#4139,#4140,#4141);
#2107=SURFACE_SIDE_STYLE('',(#4142));
#2108=EDGE_LOOP('',(#4143,#4144,#4145,#4146));
#2109=AXIS2_PLACEMENT_3D('',#4147,#4148,#4149);
#2110=SURFACE_SIDE_STYLE('',(#4150));
#2111=EDGE_LOOP('',(#4151,#4152,#4153,#4154));
#2112=AXIS2_PLACEMENT_3D('',#4155,#4156,#4157);
#2113=SURFACE_SIDE_STYLE('',(#4158));
#2114=EDGE_LOOP('',(#4159,#4160,#4161,#4162));
#2115=AXIS2_PLACEMENT_3D('',#4163,#4164,#4165);
#2116=SURFACE_SIDE_STYLE('',(#4166));
#2117=EDGE_LOOP('',(#4167,#4168,#4169,#4170));
#2118=AXIS2_PLACEMENT_3D('',#4171,#4172,#4173);
#2119=SURFACE_SIDE_STYLE('',(#4174));
#2120=EDGE_LOOP('',(#4175,#4176,#4177,#4178));
#2121=AXIS2_PLACEMENT_3D('',#4179,#4180,#4181);
#2122=SURFACE_SIDE_STYLE('',(#4182));
#2123=EDGE_LOOP('',(#4183,#4184,#4185,#4186));
#2124=AXIS2_PLACEMENT_3D('',#4187,#4188,#4189);
#2125=SURFACE_SIDE_STYLE('',(#4190));
#2126=EDGE_LOOP('',(#4191,#4192,#4193,#4194));
#2127=AXIS2_PLACEMENT_3D('',#4195,#4196,#4197);
#2128=SURFACE_SIDE_STYLE('',(#4198));
#2129=EDGE_LOOP('',(#4199,#4200,#4201,#4202));
#2130=AXIS2_PLACEMENT_3D('',#4203,#4204,#4205);
#2131=SURFACE_SIDE_STYLE('',(#4206));
#2132=EDGE_LOOP('',(#4207,#4208,#4209,#4210));
#2133=AXIS2_PLACEMENT_3D('',#4211,#4212,#4213);
#2134=SURFACE_SIDE_STYLE('',(#4214));
#2135=EDGE_LOOP('',(#4215,#4216,#4217,#4218));
#2136=AXIS2_PLACEMENT_3D('',#4219,#4220,#4221);
#2137=SURFACE_SIDE_STYLE('',(#4222));
#2138=EDGE_LOOP('',(#4223,#4224,#4225,#4226,#4227,#4228,#4229,#4230,#4231,#4232,#4233,#4234,#4235,#4236));
#2139=AXIS2_PLACEMENT_3D('',#4237,#4238,#4239);
#2140=SURFACE_SIDE_STYLE('',(#4240));
#2141=EDGE_LOOP('',(#4241,#4242,#4243,#4244));
#2142=EDGE_LOOP('',(#4245,#4246,#4247,#4248));
#2143=EDGE_LOOP('',(#4249,#4250,#4251,#4252));
#2144=AXIS2_PLACEMENT_3D('',#4253,#4254,#4255);
#2145=SURFACE_SIDE_STYLE('',(#4256));
#2146=EDGE_LOOP('',(#4257,#4258,#4259,#4260));
#2147=AXIS2_PLACEMENT_3D('',#4261,#4262,#4263);
#2148=SURFACE_SIDE_STYLE('',(#4264));
#2149=EDGE_LOOP('',(#4265,#4266,#4267,#4268));
#2150=AXIS2_PLACEMENT_3D('',#4269,#4270,#4271);
#2151=SURFACE_SIDE_STYLE('',(#4272));
#2152=EDGE_LOOP('',(#4273,#4274,#4275,#4276));
#2153=AXIS2_PLACEMENT_3D('',#4277,#4278,#4279);
#2154=SURFACE_SIDE_STYLE('',(#4280));
#2155=EDGE_LOOP('',(#4281,#4282,#4283,#4284));
#2156=AXIS2_PLACEMENT_3D('',#4285,#4286,#4287);
#2157=SURFACE_SIDE_STYLE('',(#4288));
#2158=EDGE_LOOP('',(#4289,#4290,#4291,#4292));
#2159=AXIS2_PLACEMENT_3D('',#4293,#4294,#4295);
#2160=SURFACE_SIDE_STYLE('',(#4296));
#2161=EDGE_LOOP('',(#4297,#4298,#4299,#4300,#4301,#4302,#4303,#4304));
#2162=AXIS2_PLACEMENT_3D('',#4305,#4306,#4307);
#2163=SURFACE_SIDE_STYLE('',(#4308));
#2164=EDGE_LOOP('',(#4309,#4310,#4311,#4312,#4313,#4314,#4315,#4316,#4317,#4318,#4319,#4320));
#2165=AXIS2_PLACEMENT_3D('',#4321,#4322,#4323);
#2166=SURFACE_SIDE_STYLE('',(#4324));
#2167=EDGE_LOOP('',(#4325,#4326,#4327,#4328));
#2168=EDGE_LOOP('',(#4329,#4330,#4331,#4332,#4333));
#2169=AXIS2_PLACEMENT_3D('',#4334,#4335,#4336);
#2170=SURFACE_SIDE_STYLE('',(#4337));
#2171=EDGE_LOOP('',(#4338,#4339,#4340,#4341));
#2172=EDGE_LOOP('',(#4342,#4343,#4344,#4345,#4346));
#2173=AXIS2_PLACEMENT_3D('',#4347,#4348,#4349);
#2174=SURFACE_SIDE_STYLE('',(#4350));
#2175=EDGE_LOOP('',(#4351,#4352,#4353,#4354,#4355,#4356,#4357,#4358,#4359,#4360,#4361,#4362,#4363,#4364));
#2176=AXIS2_PLACEMENT_3D('',#4365,#4366,#4367);
#2177=SURFACE_SIDE_STYLE('',(#4368));
#2178=EDGE_LOOP('',(#4369,#4370,#4371,#4372));
#2179=AXIS2_PLACEMENT_3D('',#4373,#4374,#4375);
#2180=SURFACE_SIDE_STYLE('',(#4376));
#2181=EDGE_LOOP('',(#4377,#4378));
#2182=EDGE_LOOP('',(#4379,#4380));
#2183=EDGE_LOOP('',(#4381,#4382,#4383,#4384,#4385,#4386));
#2184=AXIS2_PLACEMENT_3D('',#4387,#4388,#4389);
#2185=SURFACE_SIDE_STYLE('',(#4390));
#2186=EDGE_LOOP('',(#4391,#4392));
#2187=EDGE_LOOP('',(#4393,#4394));
#2188=EDGE_LOOP('',(#4395,#4396,#4397,#4398,#4399,#4400));
#2189=AXIS2_PLACEMENT_3D('',#4401,#4402,#4403);
#2190=SURFACE_SIDE_STYLE('',(#4404));
#2191=EDGE_LOOP('',(#4405,#4406,#4407,#4408));
#2192=AXIS2_PLACEMENT_3D('',#4409,#4410,#4411);
#2193=SURFACE_SIDE_STYLE('',(#4412));
#2194=EDGE_LOOP('',(#4413,#4414,#4415,#4416));
#2195=EDGE_LOOP('',(#4417,#4418,#4419,#4420));
#2196=EDGE_LOOP('',(#4421,#4422,#4423,#4424));
#2197=AXIS2_PLACEMENT_3D('',#4425,#4426,#4427);
#2198=SURFACE_SIDE_STYLE('',(#4428));
#2199=EDGE_LOOP('',(#4429,#4430,#4431,#4432));
#2200=AXIS2_PLACEMENT_3D('',#4433,#4434,#4435);
#2201=SURFACE_SIDE_STYLE('',(#4436));
#2202=EDGE_LOOP('',(#4437,#4438,#4439,#4440));
#2203=EDGE_LOOP('',(#4441,#4442,#4443,#4444));
#2204=EDGE_LOOP('',(#4445,#4446,#4447,#4448));
#2205=AXIS2_PLACEMENT_3D('',#4449,#4450,#4451);
#2206=SURFACE_SIDE_STYLE('',(#4452));
#2207=EDGE_LOOP('',(#4453,#4454,#4455,#4456));
#2208=AXIS2_PLACEMENT_3D('',#4457,#4458,#4459);
#2209=SURFACE_SIDE_STYLE('',(#4460));
#2210=EDGE_LOOP('',(#4461,#4462,#4463,#4464,#4465,#4466,#4467,#4468));
#2211=EDGE_LOOP('',(#4469,#4470,#4471,#4472,#4473,#4474,#4475,#4476));
#2212=AXIS2_PLACEMENT_3D('',#4477,#4478,#4479);
#2214=SURFACE_STYLE_FILL_AREA(#4480);
#2215=ORIENTED_EDGE('',*,*,#4481,.F.);
#2216=ORIENTED_EDGE('',*,*,#4482,.T.);
#2217=ORIENTED_EDGE('',*,*,#4483,.F.);
#2218=ORIENTED_EDGE('',*,*,#4484,.F.);
#2219=CARTESIAN_POINT('',(-5.9,0.1,-18.79));
#2220=DIRECTION('',(0.0,0.0,1.0));
#2221=DIRECTION('',(1.0,0.0,0.0));
#2222=SURFACE_STYLE_FILL_AREA(#4485);
#2223=ORIENTED_EDGE('',*,*,#4486,.F.);
#2224=ORIENTED_EDGE('',*,*,#4487,.T.);
#2225=ORIENTED_EDGE('',*,*,#4488,.F.);
#2226=ORIENTED_EDGE('',*,*,#4489,.T.);
#2227=CARTESIAN_POINT('',(-5.9,0.1,-18.79));
#2228=DIRECTION('',(0.0,0.0,1.0));
#2229=DIRECTION('',(1.0,0.0,0.0));
#2230=SURFACE_STYLE_FILL_AREA(#4490);
#2231=ORIENTED_EDGE('',*,*,#4491,.F.);
#2232=ORIENTED_EDGE('',*,*,#4492,.T.);
#2233=ORIENTED_EDGE('',*,*,#4493,.F.);
#2234=ORIENTED_EDGE('',*,*,#4494,.F.);
#2235=CARTESIAN_POINT('',(5.9,0.1,-16.79));
#2236=DIRECTION('',(1.22460635382238E-16,0.0,-1.0));
#2237=DIRECTION('',(-1.0,0.0,-1.22460635382238E-16));
#2238=SURFACE_STYLE_FILL_AREA(#4495);
#2239=ORIENTED_EDGE('',*,*,#4496,.F.);
#2240=ORIENTED_EDGE('',*,*,#4497,.T.);
#2241=ORIENTED_EDGE('',*,*,#4498,.F.);
#2242=ORIENTED_EDGE('',*,*,#4499,.T.);
#2243=CARTESIAN_POINT('',(5.9,0.1,-16.79));
#2244=DIRECTION('',(1.22460635382238E-16,0.0,-1.0));
#2245=DIRECTION('',(-1.0,0.0,-1.22460635382238E-16));
#2246=SURFACE_STYLE_FILL_AREA(#4500);
#2247=ORIENTED_EDGE('',*,*,#4501,.F.);
#2248=ORIENTED_EDGE('',*,*,#4502,.F.);
#2249=ORIENTED_EDGE('',*,*,#4503,.F.);
#2250=ORIENTED_EDGE('',*,*,#4504,.F.);
#2251=CARTESIAN_POINT('',(0.0,2.62,-10.2));
#2252=DIRECTION('',(1.0,0.0,0.0));
#2253=DIRECTION('',(0.0,0.0,-1.0));
#2254=SURFACE_STYLE_FILL_AREA(#4505);
#2255=ORIENTED_EDGE('',*,*,#4506,.F.);
#2256=ORIENTED_EDGE('',*,*,#4507,.F.);
#2257=ORIENTED_EDGE('',*,*,#4508,.F.);
#2258=ORIENTED_EDGE('',*,*,#4509,.F.);
#2259=CARTESIAN_POINT('',(0.0,2.62,-10.2));
#2260=DIRECTION('',(1.0,0.0,0.0));
#2261=DIRECTION('',(0.0,0.0,-1.0));
#2262=SURFACE_STYLE_FILL_AREA(#4510);
#2263=ORIENTED_EDGE('',*,*,#4511,.F.);
#2264=ORIENTED_EDGE('',*,*,#4512,.F.);
#2265=ORIENTED_EDGE('',*,*,#4513,.F.);
#2266=ORIENTED_EDGE('',*,*,#4514,.F.);
#2267=CARTESIAN_POINT('',(0.0,2.62,-14.2));
#2268=DIRECTION('',(1.0,0.0,0.0));
#2269=DIRECTION('',(0.0,0.0,-1.0));
#2270=SURFACE_STYLE_FILL_AREA(#4515);
#2271=ORIENTED_EDGE('',*,*,#4516,.F.);
#2272=ORIENTED_EDGE('',*,*,#4517,.F.);
#2273=ORIENTED_EDGE('',*,*,#4518,.F.);
#2274=ORIENTED_EDGE('',*,*,#4519,.F.);
#2275=CARTESIAN_POINT('',(0.0,2.62,-14.2));
#2276=DIRECTION('',(1.0,0.0,0.0));
#2277=DIRECTION('',(0.0,0.0,-1.0));
#2278=SURFACE_STYLE_FILL_AREA(#4520);
#2279=ORIENTED_EDGE('',*,*,#4521,.F.);
#2280=ORIENTED_EDGE('',*,*,#4522,.F.);
#2281=ORIENTED_EDGE('',*,*,#4523,.F.);
#2282=ORIENTED_EDGE('',*,*,#4524,.F.);
#2283=CARTESIAN_POINT('',(-2.275,1.6,-17.45));
#2284=DIRECTION('',(-0.0,1.0,0.0));
#2285=DIRECTION('',(1.0,0.0,0.0));
#2286=SURFACE_STYLE_FILL_AREA(#4525);
#2287=ORIENTED_EDGE('',*,*,#4526,.F.);
#2288=ORIENTED_EDGE('',*,*,#4527,.F.);
#2289=ORIENTED_EDGE('',*,*,#4528,.F.);
#2290=ORIENTED_EDGE('',*,*,#4529,.F.);
#2291=CARTESIAN_POINT('',(2.275,1.6,-17.45));
#2292=DIRECTION('',(-0.0,1.0,0.0));
#2293=DIRECTION('',(1.0,0.0,0.0));
#2294=SURFACE_STYLE_FILL_AREA(#4530);
#2295=ORIENTED_EDGE('',*,*,#4531,.F.);
#2296=ORIENTED_EDGE('',*,*,#4532,.F.);
#2297=ORIENTED_EDGE('',*,*,#4533,.F.);
#2298=ORIENTED_EDGE('',*,*,#4534,.F.);
#2299=CARTESIAN_POINT('',(4.19,1.81,-16.0));
#2300=DIRECTION('',(-1.0,0.0,0.0));
#2301=DIRECTION('',(0.0,0.0,1.0));
#2302=SURFACE_STYLE_FILL_AREA(#4535);
#2303=ORIENTED_EDGE('',*,*,#4536,.F.);
#2304=ORIENTED_EDGE('',*,*,#4537,.T.);
#2305=ORIENTED_EDGE('',*,*,#4538,.T.);
#2306=ORIENTED_EDGE('',*,*,#4539,.F.);
#2307=CARTESIAN_POINT('',(3.5,1.81,-18.2));
#2308=DIRECTION('',(0.0,0.0,1.0));
#2309=DIRECTION('',(1.0,0.0,0.0));
#2310=SURFACE_STYLE_FILL_AREA(#4540);
#2311=ORIENTED_EDGE('',*,*,#4541,.F.);
#2312=ORIENTED_EDGE('',*,*,#4542,.F.);
#2313=ORIENTED_EDGE('',*,*,#4543,.T.);
#2314=ORIENTED_EDGE('',*,*,#4533,.T.);
#2315=CARTESIAN_POINT('',(3.5,1.81,-18.2));
#2316=DIRECTION('',(0.0,0.0,1.0));
#2317=DIRECTION('',(1.0,0.0,0.0));
#2318=SURFACE_STYLE_FILL_AREA(#4544);
#2319=ORIENTED_EDGE('',*,*,#4545,.F.);
#2320=ORIENTED_EDGE('',*,*,#4546,.F.);
#2321=ORIENTED_EDGE('',*,*,#4547,.F.);
#2322=ORIENTED_EDGE('',*,*,#4548,.F.);
#2323=ORIENTED_EDGE('',*,*,#4549,.F.);
#2324=ORIENTED_EDGE('',*,*,#4550,.F.);
#2325=ORIENTED_EDGE('',*,*,#4551,.F.);
#2326=ORIENTED_EDGE('',*,*,#4552,.F.);
#2327=ORIENTED_EDGE('',*,*,#4553,.F.);
#2328=ORIENTED_EDGE('',*,*,#4542,.T.);
#2329=CARTESIAN_POINT('',(3.81,1.06713081426353,-19.2647384686959));
#2330=DIRECTION('',(1.0,0.0,6.12303176911189E-17));
#2331=DIRECTION('',(6.12303176911189E-17,0.0,-1.0));
#2332=SURFACE_STYLE_FILL_AREA(#4554);
#2333=ORIENTED_EDGE('',*,*,#4555,.F.);
#2334=ORIENTED_EDGE('',*,*,#4556,.T.);
#2335=ORIENTED_EDGE('',*,*,#4557,.T.);
#2336=ORIENTED_EDGE('',*,*,#4547,.T.);
#2337=CARTESIAN_POINT('',(3.19,1.72,-18.443));
#2338=DIRECTION('',(0.0,-1.0,0.0));
#2339=DIRECTION('',(6.12303176911189E-17,0.0,-1.0));
#2340=SURFACE_STYLE_FILL_AREA(#4558);
#2341=ORIENTED_EDGE('',*,*,#4559,.F.);
#2342=ORIENTED_EDGE('',*,*,#4560,.T.);
#2343=ORIENTED_EDGE('',*,*,#4537,.F.);
#2344=ORIENTED_EDGE('',*,*,#4561,.F.);
#2345=CARTESIAN_POINT('',(2.81,1.81,-16.0));
#2346=DIRECTION('',(1.0,0.0,0.0));
#2347=DIRECTION('',(0.0,0.0,-1.0));
#2348=SURFACE_STYLE_FILL_AREA(#4562);
#2349=ORIENTED_EDGE('',*,*,#4563,.F.);
#2350=ORIENTED_EDGE('',*,*,#4539,.T.);
#2351=ORIENTED_EDGE('',*,*,#4564,.F.);
#2352=ORIENTED_EDGE('',*,*,#4565,.F.);
#2353=ORIENTED_EDGE('',*,*,#4566,.F.);
#2354=ORIENTED_EDGE('',*,*,#4567,.F.);
#2355=ORIENTED_EDGE('',*,*,#4568,.F.);
#2356=ORIENTED_EDGE('',*,*,#4569,.T.);
#2357=ORIENTED_EDGE('',*,*,#4556,.F.);
#2358=ORIENTED_EDGE('',*,*,#4570,.F.);
#2359=CARTESIAN_POINT('',(3.19,1.06713081426353,-19.2647384686959));
#2360=DIRECTION('',(1.0,0.0,6.12303176911189E-17));
#2361=DIRECTION('',(6.12303176911189E-17,0.0,-1.0));
#2362=SURFACE_STYLE_FILL_AREA(#4571);
#2363=ORIENTED_EDGE('',*,*,#4572,.F.);
#2364=ORIENTED_EDGE('',*,*,#4534,.T.);
#2365=ORIENTED_EDGE('',*,*,#4543,.F.);
#2366=ORIENTED_EDGE('',*,*,#4553,.T.);
#2367=ORIENTED_EDGE('',*,*,#4573,.F.);
#2368=ORIENTED_EDGE('',*,*,#4564,.T.);
#2369=ORIENTED_EDGE('',*,*,#4538,.F.);
#2370=ORIENTED_EDGE('',*,*,#4560,.F.);
#2371=CARTESIAN_POINT('',(3.19,1.97,-18.443));
#2372=DIRECTION('',(0.0,1.0,0.0));
#2373=DIRECTION('',(-6.12303176911189E-17,0.0,1.0));
#2374=SURFACE_STYLE_FILL_AREA(#4574);
#2375=ORIENTED_EDGE('',*,*,#4552,.T.);
#2376=ORIENTED_EDGE('',*,*,#4575,.F.);
#2377=ORIENTED_EDGE('',*,*,#4565,.T.);
#2378=ORIENTED_EDGE('',*,*,#4573,.T.);
#2379=CARTESIAN_POINT('',(3.19,1.62,-19.843));
#2380=DIRECTION('',(1.0,0.0,6.12303176911189E-17));
#2381=DIRECTION('',(6.12303176911189E-17,0.0,-1.0));
#2382=SURFACE_STYLE_FILL_AREA(#4576);
#2383=ORIENTED_EDGE('',*,*,#4551,.T.);
#2384=ORIENTED_EDGE('',*,*,#4577,.F.);
#2385=ORIENTED_EDGE('',*,*,#4566,.T.);
#2386=ORIENTED_EDGE('',*,*,#4575,.T.);
#2387=CARTESIAN_POINT('',(3.19,0.244999999999999,-20.193));
#2388=DIRECTION('',(6.12303176911189E-17,0.0,-1.0));
#2389=DIRECTION('',(0.0,1.0,0.0));
#2390=SURFACE_STYLE_FILL_AREA(#4578);
#2391=ORIENTED_EDGE('',*,*,#4550,.T.);
#2392=ORIENTED_EDGE('',*,*,#4579,.F.);
#2393=ORIENTED_EDGE('',*,*,#4567,.T.);
#2394=ORIENTED_EDGE('',*,*,#4577,.T.);
#2395=CARTESIAN_POINT('',(3.19,-1.13,-20.068));
#2396=DIRECTION('',(0.0,-1.0,0.0));
#2397=DIRECTION('',(6.12303176911189E-17,0.0,-1.0));
#2398=SURFACE_STYLE_FILL_AREA(#4580);
#2399=ORIENTED_EDGE('',*,*,#4549,.T.);
#2400=ORIENTED_EDGE('',*,*,#4581,.F.);
#2401=ORIENTED_EDGE('',*,*,#4568,.T.);
#2402=ORIENTED_EDGE('',*,*,#4579,.T.);
#2403=CARTESIAN_POINT('',(3.19,0.244999999999999,-19.943));
#2404=DIRECTION('',(-6.12303176911189E-17,0.0,1.0));
#2405=DIRECTION('',(0.0,-1.0,0.0));
#2406=SURFACE_STYLE_FILL_AREA(#4582);
#2407=ORIENTED_EDGE('',*,*,#4548,.T.);
#2408=ORIENTED_EDGE('',*,*,#4557,.F.);
#2409=ORIENTED_EDGE('',*,*,#4569,.F.);
#2410=ORIENTED_EDGE('',*,*,#4581,.T.);
#2411=CARTESIAN_POINT('',(3.19,1.62,-19.843));
#2412=DIRECTION('',(1.0,0.0,6.12303176911189E-17));
#2413=DIRECTION('',(6.12303176911189E-17,0.0,-1.0));
#2414=SURFACE_STYLE_FILL_AREA(#4583);
#2415=ORIENTED_EDGE('',*,*,#4531,.T.);
#2416=ORIENTED_EDGE('',*,*,#4572,.T.);
#2417=ORIENTED_EDGE('',*,*,#4559,.T.);
#2418=ORIENTED_EDGE('',*,*,#4584,.T.);
#2419=ORIENTED_EDGE('',*,*,#4585,.T.);
#2420=ORIENTED_EDGE('',*,*,#4586,.T.);
#2421=ORIENTED_EDGE('',*,*,#4587,.T.);
#2422=ORIENTED_EDGE('',*,*,#4588,.T.);
#2423=ORIENTED_EDGE('',*,*,#4589,.T.);
#2424=ORIENTED_EDGE('',*,*,#4590,.T.);
#2425=ORIENTED_EDGE('',*,*,#4591,.T.);
#2426=ORIENTED_EDGE('',*,*,#4592,.T.);
#2427=CARTESIAN_POINT('',(3.5,2.31389705882353,-14.8));
#2428=DIRECTION('',(0.0,0.0,1.0));
#2429=DIRECTION('',(1.0,0.0,0.0));
#2430=SURFACE_STYLE_FILL_AREA(#4593);
#2431=ORIENTED_EDGE('',*,*,#4561,.T.);
#2432=ORIENTED_EDGE('',*,*,#4536,.T.);
#2433=ORIENTED_EDGE('',*,*,#4563,.T.);
#2434=ORIENTED_EDGE('',*,*,#4594,.F.);
#2435=ORIENTED_EDGE('',*,*,#4595,.T.);
#2436=ORIENTED_EDGE('',*,*,#4584,.F.);
#2437=CARTESIAN_POINT('',(3.5,1.73,-19.8));
#2438=DIRECTION('',(0.0,-1.0,0.0));
#2439=DIRECTION('',(1.0,0.0,0.0));
#2440=SURFACE_STYLE_FILL_AREA(#4596);
#2441=ORIENTED_EDGE('',*,*,#4597,.F.);
#2442=ORIENTED_EDGE('',*,*,#4598,.F.);
#2443=ORIENTED_EDGE('',*,*,#4599,.F.);
#2444=ORIENTED_EDGE('',*,*,#4600,.F.);
#2445=CARTESIAN_POINT('',(1.69,1.81,-16.0));
#2446=DIRECTION('',(-1.0,0.0,0.0));
#2447=DIRECTION('',(0.0,0.0,1.0));
#2448=SURFACE_STYLE_FILL_AREA(#4601);
#2449=ORIENTED_EDGE('',*,*,#4602,.F.);
#2450=ORIENTED_EDGE('',*,*,#4603,.T.);
#2451=ORIENTED_EDGE('',*,*,#4604,.T.);
#2452=ORIENTED_EDGE('',*,*,#4605,.F.);
#2453=CARTESIAN_POINT('',(1.0,1.81,-18.2));
#2454=DIRECTION('',(0.0,0.0,1.0));
#2455=DIRECTION('',(1.0,0.0,0.0));
#2456=SURFACE_STYLE_FILL_AREA(#4606);
#2457=ORIENTED_EDGE('',*,*,#4607,.F.);
#2458=ORIENTED_EDGE('',*,*,#4608,.F.);
#2459=ORIENTED_EDGE('',*,*,#4609,.T.);
#2460=ORIENTED_EDGE('',*,*,#4599,.T.);
#2461=CARTESIAN_POINT('',(1.0,1.81,-18.2));
#2462=DIRECTION('',(0.0,0.0,1.0));
#2463=DIRECTION('',(1.0,0.0,0.0));
#2464=SURFACE_STYLE_FILL_AREA(#4610);
#2465=ORIENTED_EDGE('',*,*,#4611,.F.);
#2466=ORIENTED_EDGE('',*,*,#4612,.F.);
#2467=ORIENTED_EDGE('',*,*,#4613,.F.);
#2468=ORIENTED_EDGE('',*,*,#4614,.F.);
#2469=ORIENTED_EDGE('',*,*,#4615,.F.);
#2470=ORIENTED_EDGE('',*,*,#4616,.F.);
#2471=ORIENTED_EDGE('',*,*,#4617,.F.);
#2472=ORIENTED_EDGE('',*,*,#4618,.F.);
#2473=ORIENTED_EDGE('',*,*,#4619,.F.);
#2474=ORIENTED_EDGE('',*,*,#4608,.T.);
#2475=CARTESIAN_POINT('',(1.31,1.06713081426353,-19.2647384686959));
#2476=DIRECTION('',(1.0,0.0,6.12303176911189E-17));
#2477=DIRECTION('',(6.12303176911189E-17,0.0,-1.0));
#2478=SURFACE_STYLE_FILL_AREA(#4620);
#2479=ORIENTED_EDGE('',*,*,#4621,.F.);
#2480=ORIENTED_EDGE('',*,*,#4622,.T.);
#2481=ORIENTED_EDGE('',*,*,#4623,.T.);
#2482=ORIENTED_EDGE('',*,*,#4613,.T.);
#2483=CARTESIAN_POINT('',(0.690000000000001,1.72,-18.443));
#2484=DIRECTION('',(0.0,-1.0,0.0));
#2485=DIRECTION('',(6.12303176911189E-17,0.0,-1.0));
#2486=SURFACE_STYLE_FILL_AREA(#4624);
#2487=ORIENTED_EDGE('',*,*,#4625,.F.);
#2488=ORIENTED_EDGE('',*,*,#4626,.T.);
#2489=ORIENTED_EDGE('',*,*,#4603,.F.);
#2490=ORIENTED_EDGE('',*,*,#4627,.F.);
#2491=CARTESIAN_POINT('',(0.31,1.81,-16.0));
#2492=DIRECTION('',(1.0,0.0,0.0));
#2493=DIRECTION('',(0.0,0.0,-1.0));
#2494=SURFACE_STYLE_FILL_AREA(#4628);
#2495=ORIENTED_EDGE('',*,*,#4629,.F.);
#2496=ORIENTED_EDGE('',*,*,#4605,.T.);
#2497=ORIENTED_EDGE('',*,*,#4630,.F.);
#2498=ORIENTED_EDGE('',*,*,#4631,.F.);
#2499=ORIENTED_EDGE('',*,*,#4632,.F.);
#2500=ORIENTED_EDGE('',*,*,#4633,.F.);
#2501=ORIENTED_EDGE('',*,*,#4634,.F.);
#2502=ORIENTED_EDGE('',*,*,#4635,.T.);
#2503=ORIENTED_EDGE('',*,*,#4622,.F.);
#2504=ORIENTED_EDGE('',*,*,#4636,.F.);
#2505=CARTESIAN_POINT('',(0.690000000000001,1.06713081426353,-19.2647384686959));
#2506=DIRECTION('',(1.0,0.0,6.12303176911189E-17));
#2507=DIRECTION('',(6.12303176911189E-17,0.0,-1.0));
#2508=SURFACE_STYLE_FILL_AREA(#4637);
#2509=ORIENTED_EDGE('',*,*,#4638,.F.);
#2510=ORIENTED_EDGE('',*,*,#4600,.T.);
#2511=ORIENTED_EDGE('',*,*,#4609,.F.);
#2512=ORIENTED_EDGE('',*,*,#4619,.T.);
#2513=ORIENTED_EDGE('',*,*,#4639,.F.);
#2514=ORIENTED_EDGE('',*,*,#4630,.T.);
#2515=ORIENTED_EDGE('',*,*,#4604,.F.);
#2516=ORIENTED_EDGE('',*,*,#4626,.F.);
#2517=CARTESIAN_POINT('',(0.690000000000001,1.97,-18.443));
#2518=DIRECTION('',(0.0,1.0,0.0));
#2519=DIRECTION('',(-6.12303176911189E-17,0.0,1.0));
#2520=SURFACE_STYLE_FILL_AREA(#4640);
#2521=ORIENTED_EDGE('',*,*,#4618,.T.);
#2522=ORIENTED_EDGE('',*,*,#4641,.F.);
#2523=ORIENTED_EDGE('',*,*,#4631,.T.);
#2524=ORIENTED_EDGE('',*,*,#4639,.T.);
#2525=CARTESIAN_POINT('',(0.690000000000001,1.62,-19.843));
#2526=DIRECTION('',(1.0,0.0,6.12303176911189E-17));
#2527=DIRECTION('',(6.12303176911189E-17,0.0,-1.0));
#2528=SURFACE_STYLE_FILL_AREA(#4642);
#2529=ORIENTED_EDGE('',*,*,#4617,.T.);
#2530=ORIENTED_EDGE('',*,*,#4643,.F.);
#2531=ORIENTED_EDGE('',*,*,#4632,.T.);
#2532=ORIENTED_EDGE('',*,*,#4641,.T.);
#2533=CARTESIAN_POINT('',(0.690000000000001,0.244999999999999,-20.193));
#2534=DIRECTION('',(6.12303176911189E-17,0.0,-1.0));
#2535=DIRECTION('',(0.0,1.0,0.0));
#2536=SURFACE_STYLE_FILL_AREA(#4644);
#2537=ORIENTED_EDGE('',*,*,#4616,.T.);
#2538=ORIENTED_EDGE('',*,*,#4645,.F.);
#2539=ORIENTED_EDGE('',*,*,#4633,.T.);
#2540=ORIENTED_EDGE('',*,*,#4643,.T.);
#2541=CARTESIAN_POINT('',(0.690000000000001,-1.13,-20.068));
#2542=DIRECTION('',(0.0,-1.0,0.0));
#2543=DIRECTION('',(6.12303176911189E-17,0.0,-1.0));
#2544=SURFACE_STYLE_FILL_AREA(#4646);
#2545=ORIENTED_EDGE('',*,*,#4615,.T.);
#2546=ORIENTED_EDGE('',*,*,#4647,.F.);
#2547=ORIENTED_EDGE('',*,*,#4634,.T.);
#2548=ORIENTED_EDGE('',*,*,#4645,.T.);
#2549=CARTESIAN_POINT('',(0.690000000000001,0.244999999999999,-19.943));
#2550=DIRECTION('',(-6.12303176911189E-17,0.0,1.0));
#2551=DIRECTION('',(0.0,-1.0,0.0));
#2552=SURFACE_STYLE_FILL_AREA(#4648);
#2553=ORIENTED_EDGE('',*,*,#4614,.T.);
#2554=ORIENTED_EDGE('',*,*,#4623,.F.);
#2555=ORIENTED_EDGE('',*,*,#4635,.F.);
#2556=ORIENTED_EDGE('',*,*,#4647,.T.);
#2557=CARTESIAN_POINT('',(0.690000000000001,1.62,-19.843));
#2558=DIRECTION('',(1.0,0.0,6.12303176911189E-17));
#2559=DIRECTION('',(6.12303176911189E-17,0.0,-1.0));
#2560=SURFACE_STYLE_FILL_AREA(#4649);
#2561=ORIENTED_EDGE('',*,*,#4597,.T.);
#2562=ORIENTED_EDGE('',*,*,#4638,.T.);
#2563=ORIENTED_EDGE('',*,*,#4625,.T.);
#2564=ORIENTED_EDGE('',*,*,#4650,.T.);
#2565=ORIENTED_EDGE('',*,*,#4651,.T.);
#2566=ORIENTED_EDGE('',*,*,#4652,.T.);
#2567=ORIENTED_EDGE('',*,*,#4653,.T.);
#2568=ORIENTED_EDGE('',*,*,#4654,.T.);
#2569=ORIENTED_EDGE('',*,*,#4655,.T.);
#2570=ORIENTED_EDGE('',*,*,#4656,.T.);
#2571=ORIENTED_EDGE('',*,*,#4657,.T.);
#2572=ORIENTED_EDGE('',*,*,#4658,.T.);
#2573=CARTESIAN_POINT('',(0.999999999999999,2.31389705882353,-14.8));
#2574=DIRECTION('',(0.0,0.0,1.0));
#2575=DIRECTION('',(1.0,0.0,0.0));
#2576=SURFACE_STYLE_FILL_AREA(#4659);
#2577=ORIENTED_EDGE('',*,*,#4627,.T.);
#2578=ORIENTED_EDGE('',*,*,#4602,.T.);
#2579=ORIENTED_EDGE('',*,*,#4629,.T.);
#2580=ORIENTED_EDGE('',*,*,#4660,.F.);
#2581=ORIENTED_EDGE('',*,*,#4661,.T.);
#2582=ORIENTED_EDGE('',*,*,#4650,.F.);
#2583=CARTESIAN_POINT('',(1.0,1.73,-19.8));
#2584=DIRECTION('',(0.0,-1.0,0.0));
#2585=DIRECTION('',(1.0,0.0,0.0));
#2586=SURFACE_STYLE_FILL_AREA(#4662);
#2587=ORIENTED_EDGE('',*,*,#4663,.F.);
#2588=ORIENTED_EDGE('',*,*,#4664,.F.);
#2589=ORIENTED_EDGE('',*,*,#4665,.F.);
#2590=ORIENTED_EDGE('',*,*,#4666,.F.);
#2591=CARTESIAN_POINT('',(-0.31,1.81,-16.0));
#2592=DIRECTION('',(-1.0,0.0,0.0));
#2593=DIRECTION('',(0.0,0.0,1.0));
#2594=SURFACE_STYLE_FILL_AREA(#4667);
#2595=ORIENTED_EDGE('',*,*,#4668,.F.);
#2596=ORIENTED_EDGE('',*,*,#4669,.T.);
#2597=ORIENTED_EDGE('',*,*,#4670,.T.);
#2598=ORIENTED_EDGE('',*,*,#4671,.F.);
#2599=CARTESIAN_POINT('',(-1.0,1.81,-18.2));
#2600=DIRECTION('',(0.0,0.0,1.0));
#2601=DIRECTION('',(1.0,0.0,0.0));
#2602=SURFACE_STYLE_FILL_AREA(#4672);
#2603=ORIENTED_EDGE('',*,*,#4673,.F.);
#2604=ORIENTED_EDGE('',*,*,#4674,.F.);
#2605=ORIENTED_EDGE('',*,*,#4675,.T.);
#2606=ORIENTED_EDGE('',*,*,#4665,.T.);
#2607=CARTESIAN_POINT('',(-1.0,1.81,-18.2));
#2608=DIRECTION('',(0.0,0.0,1.0));
#2609=DIRECTION('',(1.0,0.0,0.0));
#2610=SURFACE_STYLE_FILL_AREA(#4676);
#2611=ORIENTED_EDGE('',*,*,#4677,.F.);
#2612=ORIENTED_EDGE('',*,*,#4678,.F.);
#2613=ORIENTED_EDGE('',*,*,#4679,.F.);
#2614=ORIENTED_EDGE('',*,*,#4680,.F.);
#2615=ORIENTED_EDGE('',*,*,#4681,.F.);
#2616=ORIENTED_EDGE('',*,*,#4682,.F.);
#2617=ORIENTED_EDGE('',*,*,#4683,.F.);
#2618=ORIENTED_EDGE('',*,*,#4684,.F.);
#2619=ORIENTED_EDGE('',*,*,#4685,.F.);
#2620=ORIENTED_EDGE('',*,*,#4674,.T.);
#2621=CARTESIAN_POINT('',(-0.689999999999999,1.06713081426353,-19.2647384686959));
#2622=DIRECTION('',(1.0,0.0,6.12303176911189E-17));
#2623=DIRECTION('',(6.12303176911189E-17,0.0,-1.0));
#2624=SURFACE_STYLE_FILL_AREA(#4686);
#2625=ORIENTED_EDGE('',*,*,#4687,.F.);
#2626=ORIENTED_EDGE('',*,*,#4688,.T.);
#2627=ORIENTED_EDGE('',*,*,#4689,.T.);
#2628=ORIENTED_EDGE('',*,*,#4679,.T.);
#2629=CARTESIAN_POINT('',(-1.31,1.72,-18.443));
#2630=DIRECTION('',(0.0,-1.0,0.0));
#2631=DIRECTION('',(6.12303176911189E-17,0.0,-1.0));
#2632=SURFACE_STYLE_FILL_AREA(#4690);
#2633=ORIENTED_EDGE('',*,*,#4691,.F.);
#2634=ORIENTED_EDGE('',*,*,#4692,.T.);
#2635=ORIENTED_EDGE('',*,*,#4669,.F.);
#2636=ORIENTED_EDGE('',*,*,#4693,.F.);
#2637=CARTESIAN_POINT('',(-1.69,1.81,-16.0));
#2638=DIRECTION('',(1.0,0.0,0.0));
#2639=DIRECTION('',(0.0,0.0,-1.0));
#2640=SURFACE_STYLE_FILL_AREA(#4694);
#2641=ORIENTED_EDGE('',*,*,#4695,.F.);
#2642=ORIENTED_EDGE('',*,*,#4671,.T.);
#2643=ORIENTED_EDGE('',*,*,#4696,.F.);
#2644=ORIENTED_EDGE('',*,*,#4697,.F.);
#2645=ORIENTED_EDGE('',*,*,#4698,.F.);
#2646=ORIENTED_EDGE('',*,*,#4699,.F.);
#2647=ORIENTED_EDGE('',*,*,#4700,.F.);
#2648=ORIENTED_EDGE('',*,*,#4701,.T.);
#2649=ORIENTED_EDGE('',*,*,#4688,.F.);
#2650=ORIENTED_EDGE('',*,*,#4702,.F.);
#2651=CARTESIAN_POINT('',(-1.31,1.06713081426353,-19.2647384686959));
#2652=DIRECTION('',(1.0,0.0,6.12303176911189E-17));
#2653=DIRECTION('',(6.12303176911189E-17,0.0,-1.0));
#2654=SURFACE_STYLE_FILL_AREA(#4703);
#2655=ORIENTED_EDGE('',*,*,#4704,.F.);
#2656=ORIENTED_EDGE('',*,*,#4666,.T.);
#2657=ORIENTED_EDGE('',*,*,#4675,.F.);
#2658=ORIENTED_EDGE('',*,*,#4685,.T.);
#2659=ORIENTED_EDGE('',*,*,#4705,.F.);
#2660=ORIENTED_EDGE('',*,*,#4696,.T.);
#2661=ORIENTED_EDGE('',*,*,#4670,.F.);
#2662=ORIENTED_EDGE('',*,*,#4692,.F.);
#2663=CARTESIAN_POINT('',(-1.31,1.97,-18.443));
#2664=DIRECTION('',(0.0,1.0,0.0));
#2665=DIRECTION('',(-6.12303176911189E-17,0.0,1.0));
#2666=SURFACE_STYLE_FILL_AREA(#4706);
#2667=ORIENTED_EDGE('',*,*,#4684,.T.);
#2668=ORIENTED_EDGE('',*,*,#4707,.F.);
#2669=ORIENTED_EDGE('',*,*,#4697,.T.);
#2670=ORIENTED_EDGE('',*,*,#4705,.T.);
#2671=CARTESIAN_POINT('',(-1.31,1.62,-19.843));
#2672=DIRECTION('',(1.0,0.0,6.12303176911189E-17));
#2673=DIRECTION('',(6.12303176911189E-17,0.0,-1.0));
#2674=SURFACE_STYLE_FILL_AREA(#4708);
#2675=ORIENTED_EDGE('',*,*,#4683,.T.);
#2676=ORIENTED_EDGE('',*,*,#4709,.F.);
#2677=ORIENTED_EDGE('',*,*,#4698,.T.);
#2678=ORIENTED_EDGE('',*,*,#4707,.T.);
#2679=CARTESIAN_POINT('',(-1.31,0.244999999999999,-20.193));
#2680=DIRECTION('',(6.12303176911189E-17,0.0,-1.0));
#2681=DIRECTION('',(0.0,1.0,0.0));
#2682=SURFACE_STYLE_FILL_AREA(#4710);
#2683=ORIENTED_EDGE('',*,*,#4682,.T.);
#2684=ORIENTED_EDGE('',*,*,#4711,.F.);
#2685=ORIENTED_EDGE('',*,*,#4699,.T.);
#2686=ORIENTED_EDGE('',*,*,#4709,.T.);
#2687=CARTESIAN_POINT('',(-1.31,-1.13,-20.068));
#2688=DIRECTION('',(0.0,-1.0,0.0));
#2689=DIRECTION('',(6.12303176911189E-17,0.0,-1.0));
#2690=SURFACE_STYLE_FILL_AREA(#4712);
#2691=ORIENTED_EDGE('',*,*,#4681,.T.);
#2692=ORIENTED_EDGE('',*,*,#4713,.F.);
#2693=ORIENTED_EDGE('',*,*,#4700,.T.);
#2694=ORIENTED_EDGE('',*,*,#4711,.T.);
#2695=CARTESIAN_POINT('',(-1.31,0.244999999999999,-19.943));
#2696=DIRECTION('',(-6.12303176911189E-17,0.0,1.0));
#2697=DIRECTION('',(0.0,-1.0,0.0));
#2698=SURFACE_STYLE_FILL_AREA(#4714);
#2699=ORIENTED_EDGE('',*,*,#4680,.T.);
#2700=ORIENTED_EDGE('',*,*,#4689,.F.);
#2701=ORIENTED_EDGE('',*,*,#4701,.F.);
#2702=ORIENTED_EDGE('',*,*,#4713,.T.);
#2703=CARTESIAN_POINT('',(-1.31,1.62,-19.843));
#2704=DIRECTION('',(1.0,0.0,6.12303176911189E-17));
#2705=DIRECTION('',(6.12303176911189E-17,0.0,-1.0));
#2706=SURFACE_STYLE_FILL_AREA(#4715);
#2707=ORIENTED_EDGE('',*,*,#4663,.T.);
#2708=ORIENTED_EDGE('',*,*,#4704,.T.);
#2709=ORIENTED_EDGE('',*,*,#4691,.T.);
#2710=ORIENTED_EDGE('',*,*,#4716,.T.);
#2711=ORIENTED_EDGE('',*,*,#4717,.T.);
#2712=ORIENTED_EDGE('',*,*,#4718,.T.);
#2713=ORIENTED_EDGE('',*,*,#4719,.T.);
#2714=ORIENTED_EDGE('',*,*,#4720,.T.);
#2715=ORIENTED_EDGE('',*,*,#4721,.T.);
#2716=ORIENTED_EDGE('',*,*,#4722,.T.);
#2717=ORIENTED_EDGE('',*,*,#4723,.T.);
#2718=ORIENTED_EDGE('',*,*,#4724,.T.);
#2719=CARTESIAN_POINT('',(-1.0,2.31389705882353,-14.8));
#2720=DIRECTION('',(0.0,0.0,1.0));
#2721=DIRECTION('',(1.0,0.0,0.0));
#2722=SURFACE_STYLE_FILL_AREA(#4725);
#2723=ORIENTED_EDGE('',*,*,#4693,.T.);
#2724=ORIENTED_EDGE('',*,*,#4668,.T.);
#2725=ORIENTED_EDGE('',*,*,#4695,.T.);
#2726=ORIENTED_EDGE('',*,*,#4726,.F.);
#2727=ORIENTED_EDGE('',*,*,#4727,.T.);
#2728=ORIENTED_EDGE('',*,*,#4716,.F.);
#2729=CARTESIAN_POINT('',(-1.0,1.73,-19.8));
#2730=DIRECTION('',(0.0,-1.0,0.0));
#2731=DIRECTION('',(1.0,0.0,0.0));
#2732=SURFACE_STYLE_FILL_AREA(#4728);
#2733=ORIENTED_EDGE('',*,*,#4729,.F.);
#2734=ORIENTED_EDGE('',*,*,#4730,.F.);
#2735=ORIENTED_EDGE('',*,*,#4731,.F.);
#2736=ORIENTED_EDGE('',*,*,#4732,.F.);
#2737=CARTESIAN_POINT('',(-2.81,1.81,-16.0));
#2738=DIRECTION('',(-1.0,0.0,0.0));
#2739=DIRECTION('',(0.0,0.0,1.0));
#2740=SURFACE_STYLE_FILL_AREA(#4733);
#2741=ORIENTED_EDGE('',*,*,#4734,.F.);
#2742=ORIENTED_EDGE('',*,*,#4735,.T.);
#2743=ORIENTED_EDGE('',*,*,#4736,.T.);
#2744=ORIENTED_EDGE('',*,*,#4737,.F.);
#2745=CARTESIAN_POINT('',(-3.5,1.81,-18.2));
#2746=DIRECTION('',(0.0,0.0,1.0));
#2747=DIRECTION('',(1.0,0.0,0.0));
#2748=SURFACE_STYLE_FILL_AREA(#4738);
#2749=ORIENTED_EDGE('',*,*,#4739,.F.);
#2750=ORIENTED_EDGE('',*,*,#4740,.F.);
#2751=ORIENTED_EDGE('',*,*,#4741,.T.);
#2752=ORIENTED_EDGE('',*,*,#4731,.T.);
#2753=CARTESIAN_POINT('',(-3.5,1.81,-18.2));
#2754=DIRECTION('',(0.0,0.0,1.0));
#2755=DIRECTION('',(1.0,0.0,0.0));
#2756=SURFACE_STYLE_FILL_AREA(#4742);
#2757=ORIENTED_EDGE('',*,*,#4743,.F.);
#2758=ORIENTED_EDGE('',*,*,#4744,.F.);
#2759=ORIENTED_EDGE('',*,*,#4745,.F.);
#2760=ORIENTED_EDGE('',*,*,#4746,.F.);
#2761=ORIENTED_EDGE('',*,*,#4747,.F.);
#2762=ORIENTED_EDGE('',*,*,#4748,.F.);
#2763=ORIENTED_EDGE('',*,*,#4749,.F.);
#2764=ORIENTED_EDGE('',*,*,#4750,.F.);
#2765=ORIENTED_EDGE('',*,*,#4751,.F.);
#2766=ORIENTED_EDGE('',*,*,#4740,.T.);
#2767=CARTESIAN_POINT('',(-3.19,1.06713081426353,-19.2647384686959));
#2768=DIRECTION('',(1.0,0.0,6.12303176911189E-17));
#2769=DIRECTION('',(6.12303176911189E-17,0.0,-1.0));
#2770=SURFACE_STYLE_FILL_AREA(#4752);
#2771=ORIENTED_EDGE('',*,*,#4753,.F.);
#2772=ORIENTED_EDGE('',*,*,#4754,.T.);
#2773=ORIENTED_EDGE('',*,*,#4755,.T.);
#2774=ORIENTED_EDGE('',*,*,#4745,.T.);
#2775=CARTESIAN_POINT('',(-3.81,1.72,-18.443));
#2776=DIRECTION('',(0.0,-1.0,0.0));
#2777=DIRECTION('',(6.12303176911189E-17,0.0,-1.0));
#2778=SURFACE_STYLE_FILL_AREA(#4756);
#2779=ORIENTED_EDGE('',*,*,#4757,.F.);
#2780=ORIENTED_EDGE('',*,*,#4758,.T.);
#2781=ORIENTED_EDGE('',*,*,#4735,.F.);
#2782=ORIENTED_EDGE('',*,*,#4759,.F.);
#2783=CARTESIAN_POINT('',(-4.19,1.81,-16.0));
#2784=DIRECTION('',(1.0,0.0,0.0));
#2785=DIRECTION('',(0.0,0.0,-1.0));
#2786=SURFACE_STYLE_FILL_AREA(#4760);
#2787=ORIENTED_EDGE('',*,*,#4761,.F.);
#2788=ORIENTED_EDGE('',*,*,#4737,.T.);
#2789=ORIENTED_EDGE('',*,*,#4762,.F.);
#2790=ORIENTED_EDGE('',*,*,#4763,.F.);
#2791=ORIENTED_EDGE('',*,*,#4764,.F.);
#2792=ORIENTED_EDGE('',*,*,#4765,.F.);
#2793=ORIENTED_EDGE('',*,*,#4766,.F.);
#2794=ORIENTED_EDGE('',*,*,#4767,.T.);
#2795=ORIENTED_EDGE('',*,*,#4754,.F.);
#2796=ORIENTED_EDGE('',*,*,#4768,.F.);
#2797=CARTESIAN_POINT('',(-3.81,1.06713081426353,-19.2647384686959));
#2798=DIRECTION('',(1.0,0.0,6.12303176911189E-17));
#2799=DIRECTION('',(6.12303176911189E-17,0.0,-1.0));
#2800=SURFACE_STYLE_FILL_AREA(#4769);
#2801=ORIENTED_EDGE('',*,*,#4770,.F.);
#2802=ORIENTED_EDGE('',*,*,#4732,.T.);
#2803=ORIENTED_EDGE('',*,*,#4741,.F.);
#2804=ORIENTED_EDGE('',*,*,#4751,.T.);
#2805=ORIENTED_EDGE('',*,*,#4771,.F.);
#2806=ORIENTED_EDGE('',*,*,#4762,.T.);
#2807=ORIENTED_EDGE('',*,*,#4736,.F.);
#2808=ORIENTED_EDGE('',*,*,#4758,.F.);
#2809=CARTESIAN_POINT('',(-3.81,1.97,-18.443));
#2810=DIRECTION('',(0.0,1.0,0.0));
#2811=DIRECTION('',(-6.12303176911189E-17,0.0,1.0));
#2812=SURFACE_STYLE_FILL_AREA(#4772);
#2813=ORIENTED_EDGE('',*,*,#4750,.T.);
#2814=ORIENTED_EDGE('',*,*,#4773,.F.);
#2815=ORIENTED_EDGE('',*,*,#4763,.T.);
#2816=ORIENTED_EDGE('',*,*,#4771,.T.);
#2817=CARTESIAN_POINT('',(-3.81,1.62,-19.843));
#2818=DIRECTION('',(1.0,0.0,6.12303176911189E-17));
#2819=DIRECTION('',(6.12303176911189E-17,0.0,-1.0));
#2820=SURFACE_STYLE_FILL_AREA(#4774);
#2821=ORIENTED_EDGE('',*,*,#4749,.T.);
#2822=ORIENTED_EDGE('',*,*,#4775,.F.);
#2823=ORIENTED_EDGE('',*,*,#4764,.T.);
#2824=ORIENTED_EDGE('',*,*,#4773,.T.);
#2825=CARTESIAN_POINT('',(-3.81,0.244999999999999,-20.193));
#2826=DIRECTION('',(6.12303176911189E-17,0.0,-1.0));
#2827=DIRECTION('',(0.0,1.0,0.0));
#2828=SURFACE_STYLE_FILL_AREA(#4776);
#2829=ORIENTED_EDGE('',*,*,#4748,.T.);
#2830=ORIENTED_EDGE('',*,*,#4777,.F.);
#2831=ORIENTED_EDGE('',*,*,#4765,.T.);
#2832=ORIENTED_EDGE('',*,*,#4775,.T.);
#2833=CARTESIAN_POINT('',(-3.81,-1.13,-20.068));
#2834=DIRECTION('',(0.0,-1.0,0.0));
#2835=DIRECTION('',(6.12303176911189E-17,0.0,-1.0));
#2836=SURFACE_STYLE_FILL_AREA(#4778);
#2837=ORIENTED_EDGE('',*,*,#4747,.T.);
#2838=ORIENTED_EDGE('',*,*,#4779,.F.);
#2839=ORIENTED_EDGE('',*,*,#4766,.T.);
#2840=ORIENTED_EDGE('',*,*,#4777,.T.);
#2841=CARTESIAN_POINT('',(-3.81,0.244999999999999,-19.943));
#2842=DIRECTION('',(-6.12303176911189E-17,0.0,1.0));
#2843=DIRECTION('',(0.0,-1.0,0.0));
#2844=SURFACE_STYLE_FILL_AREA(#4780);
#2845=ORIENTED_EDGE('',*,*,#4746,.T.);
#2846=ORIENTED_EDGE('',*,*,#4755,.F.);
#2847=ORIENTED_EDGE('',*,*,#4767,.F.);
#2848=ORIENTED_EDGE('',*,*,#4779,.T.);
#2849=CARTESIAN_POINT('',(-3.81,1.62,-19.843));
#2850=DIRECTION('',(1.0,0.0,6.12303176911189E-17));
#2851=DIRECTION('',(6.12303176911189E-17,0.0,-1.0));
#2852=SURFACE_STYLE_FILL_AREA(#4781);
#2853=ORIENTED_EDGE('',*,*,#4729,.T.);
#2854=ORIENTED_EDGE('',*,*,#4770,.T.);
#2855=ORIENTED_EDGE('',*,*,#4757,.T.);
#2856=ORIENTED_EDGE('',*,*,#4782,.T.);
#2857=ORIENTED_EDGE('',*,*,#4783,.T.);
#2858=ORIENTED_EDGE('',*,*,#4784,.T.);
#2859=ORIENTED_EDGE('',*,*,#4785,.T.);
#2860=ORIENTED_EDGE('',*,*,#4786,.T.);
#2861=ORIENTED_EDGE('',*,*,#4787,.T.);
#2862=ORIENTED_EDGE('',*,*,#4788,.T.);
#2863=ORIENTED_EDGE('',*,*,#4789,.T.);
#2864=ORIENTED_EDGE('',*,*,#4790,.T.);
#2865=CARTESIAN_POINT('',(-3.5,2.31389705882353,-14.8));
#2866=DIRECTION('',(0.0,0.0,1.0));
#2867=DIRECTION('',(1.0,0.0,0.0));
#2868=SURFACE_STYLE_FILL_AREA(#4791);
#2869=ORIENTED_EDGE('',*,*,#4759,.T.);
#2870=ORIENTED_EDGE('',*,*,#4734,.T.);
#2871=ORIENTED_EDGE('',*,*,#4761,.T.);
#2872=ORIENTED_EDGE('',*,*,#4792,.F.);
#2873=ORIENTED_EDGE('',*,*,#4793,.T.);
#2874=ORIENTED_EDGE('',*,*,#4782,.F.);
#2875=CARTESIAN_POINT('',(-3.5,1.73,-19.8));
#2876=DIRECTION('',(0.0,-1.0,0.0));
#2877=DIRECTION('',(1.0,0.0,0.0));
#2878=SURFACE_STYLE_FILL_AREA(#4794);
#2879=ORIENTED_EDGE('',*,*,#4795,.F.);
#2880=ORIENTED_EDGE('',*,*,#4796,.T.);
#2881=ORIENTED_EDGE('',*,*,#4797,.T.);
#2882=ORIENTED_EDGE('',*,*,#4798,.T.);
#2883=CARTESIAN_POINT('',(2.82,2.22,-7.7));
#2884=DIRECTION('',(0.0,1.0,0.0));
#2885=DIRECTION('',(-6.12303176911189E-17,0.0,1.0));
#2886=SURFACE_STYLE_FILL_AREA(#4799);
#2887=ORIENTED_EDGE('',*,*,#4800,.F.);
#2888=ORIENTED_EDGE('',*,*,#4801,.F.);
#2889=ORIENTED_EDGE('',*,*,#4802,.T.);
#2890=ORIENTED_EDGE('',*,*,#4796,.F.);
#2891=CARTESIAN_POINT('',(2.82,1.90922413793103,-7.21077586206897));
#2892=DIRECTION('',(1.0,0.0,6.12303176911189E-17));
#2893=DIRECTION('',(6.12303176911189E-17,0.0,-1.0));
#2894=SURFACE_STYLE_FILL_AREA(#4803);
#2895=ORIENTED_EDGE('',*,*,#4804,.F.);
#2896=ORIENTED_EDGE('',*,*,#4805,.T.);
#2897=ORIENTED_EDGE('',*,*,#4806,.F.);
#2898=ORIENTED_EDGE('',*,*,#4807,.F.);
#2899=CARTESIAN_POINT('',(2.82,1.795,-1.7));
#2900=DIRECTION('',(-6.12303176911189E-17,-6.34413156928661E-16,1.0));
#2901=DIRECTION('',(3.88453191461676E-32,-1.0,-6.34413156928661E-16));
#2902=SURFACE_STYLE_FILL_AREA(#4808);
#2903=ORIENTED_EDGE('',*,*,#4809,.T.);
#2904=ORIENTED_EDGE('',*,*,#4810,.F.);
#2905=ORIENTED_EDGE('',*,*,#4811,.F.);
#2906=ORIENTED_EDGE('',*,*,#4806,.T.);
#2907=CARTESIAN_POINT('',(2.82,1.97,-2.2));
#2908=DIRECTION('',(0.0,1.0,0.0));
#2909=DIRECTION('',(-6.12303176911189E-17,0.0,1.0));
#2910=SURFACE_STYLE_FILL_AREA(#4812);
#2911=ORIENTED_EDGE('',*,*,#4813,.T.);
#2912=ORIENTED_EDGE('',*,*,#4797,.F.);
#2913=ORIENTED_EDGE('',*,*,#4802,.F.);
#2914=ORIENTED_EDGE('',*,*,#4814,.F.);
#2915=ORIENTED_EDGE('',*,*,#4810,.T.);
#2916=CARTESIAN_POINT('',(2.82,2.095,-2.7));
#2917=DIRECTION('',(-6.12303176911189E-17,0.0,1.0));
#2918=DIRECTION('',(0.0,-1.0,0.0));
#2919=SURFACE_STYLE_FILL_AREA(#4815);
#2920=ORIENTED_EDGE('',*,*,#4816,.F.);
#2921=ORIENTED_EDGE('',*,*,#4798,.F.);
#2922=ORIENTED_EDGE('',*,*,#4813,.F.);
#2923=ORIENTED_EDGE('',*,*,#4809,.F.);
#2924=ORIENTED_EDGE('',*,*,#4805,.F.);
#2925=ORIENTED_EDGE('',*,*,#4817,.F.);
#2926=CARTESIAN_POINT('',(4.18,1.90922413793103,-7.21077586206897));
#2927=DIRECTION('',(1.0,0.0,6.12303176911189E-17));
#2928=DIRECTION('',(6.12303176911189E-17,0.0,-1.0));
#2929=SURFACE_STYLE_FILL_AREA(#4818);
#2930=ORIENTED_EDGE('',*,*,#4817,.T.);
#2931=ORIENTED_EDGE('',*,*,#4804,.T.);
#2932=ORIENTED_EDGE('',*,*,#4819,.F.);
#2933=ORIENTED_EDGE('',*,*,#4820,.T.);
#2934=ORIENTED_EDGE('',*,*,#4821,.T.);
#2935=ORIENTED_EDGE('',*,*,#4822,.T.);
#2936=CARTESIAN_POINT('',(3.505,1.73,-6.1));
#2937=DIRECTION('',(0.0,1.0,0.0));
#2938=DIRECTION('',(0.0,0.0,1.0));
#2939=SURFACE_STYLE_FILL_AREA(#4823);
#2940=ORIENTED_EDGE('',*,*,#4824,.F.);
#2941=ORIENTED_EDGE('',*,*,#4825,.F.);
#2942=ORIENTED_EDGE('',*,*,#4826,.F.);
#2943=ORIENTED_EDGE('',*,*,#4827,.F.);
#2944=ORIENTED_EDGE('',*,*,#4828,.F.);
#2945=ORIENTED_EDGE('',*,*,#4829,.F.);
#2946=CARTESIAN_POINT('',(1.68,1.90922413793103,-7.21077586206897));
#2947=DIRECTION('',(1.0,0.0,6.12303176911189E-17));
#2948=DIRECTION('',(6.12303176911189E-17,0.0,-1.0));
#2949=SURFACE_STYLE_FILL_AREA(#4830);
#2950=ORIENTED_EDGE('',*,*,#4831,.F.);
#2951=ORIENTED_EDGE('',*,*,#4832,.T.);
#2952=ORIENTED_EDGE('',*,*,#4833,.T.);
#2953=ORIENTED_EDGE('',*,*,#4827,.T.);
#2954=CARTESIAN_POINT('',(0.320000000000001,2.22,-7.7));
#2955=DIRECTION('',(0.0,1.0,0.0));
#2956=DIRECTION('',(-6.12303176911189E-17,0.0,1.0));
#2957=SURFACE_STYLE_FILL_AREA(#4834);
#2958=ORIENTED_EDGE('',*,*,#4835,.F.);
#2959=ORIENTED_EDGE('',*,*,#4836,.F.);
#2960=ORIENTED_EDGE('',*,*,#4837,.T.);
#2961=ORIENTED_EDGE('',*,*,#4832,.F.);
#2962=CARTESIAN_POINT('',(0.32,1.90922413793103,-7.21077586206897));
#2963=DIRECTION('',(1.0,0.0,6.12303176911189E-17));
#2964=DIRECTION('',(6.12303176911189E-17,0.0,-1.0));
#2965=SURFACE_STYLE_FILL_AREA(#4838);
#2966=ORIENTED_EDGE('',*,*,#4839,.F.);
#2967=ORIENTED_EDGE('',*,*,#4829,.T.);
#2968=ORIENTED_EDGE('',*,*,#4840,.F.);
#2969=ORIENTED_EDGE('',*,*,#4841,.F.);
#2970=CARTESIAN_POINT('',(0.32,1.97,-2.2));
#2971=DIRECTION('',(0.0,1.0,0.0));
#2972=DIRECTION('',(-6.12303176911189E-17,0.0,1.0));
#2973=SURFACE_STYLE_FILL_AREA(#4842);
#2974=ORIENTED_EDGE('',*,*,#4828,.T.);
#2975=ORIENTED_EDGE('',*,*,#4833,.F.);
#2976=ORIENTED_EDGE('',*,*,#4837,.F.);
#2977=ORIENTED_EDGE('',*,*,#4843,.F.);
#2978=ORIENTED_EDGE('',*,*,#4840,.T.);
#2979=CARTESIAN_POINT('',(0.32,2.095,-2.7));
#2980=DIRECTION('',(-6.12303176911189E-17,0.0,1.0));
#2981=DIRECTION('',(0.0,-1.0,0.0));
#2982=SURFACE_STYLE_FILL_AREA(#4844);
#2983=ORIENTED_EDGE('',*,*,#4824,.T.);
#2984=ORIENTED_EDGE('',*,*,#4839,.T.);
#2985=ORIENTED_EDGE('',*,*,#4845,.F.);
#2986=ORIENTED_EDGE('',*,*,#4846,.F.);
#2987=ORIENTED_EDGE('',*,*,#4847,.F.);
#2988=ORIENTED_EDGE('',*,*,#4848,.F.);
#2989=CARTESIAN_POINT('',(1.005,2.23,-2.1));
#2990=DIRECTION('',(0.0,0.0,1.0));
#2991=DIRECTION('',(1.0,0.0,0.0));
#2992=SURFACE_STYLE_FILL_AREA(#4849);
#2993=ORIENTED_EDGE('',*,*,#4841,.T.);
#2994=ORIENTED_EDGE('',*,*,#4843,.T.);
#2995=ORIENTED_EDGE('',*,*,#4850,.F.);
#2996=ORIENTED_EDGE('',*,*,#4845,.T.);
#2997=CARTESIAN_POINT('',(0.32,2.23,-7.1));
#2998=DIRECTION('',(1.0,0.0,0.0));
#2999=DIRECTION('',(0.0,0.0,-1.0));
#3000=SURFACE_STYLE_FILL_AREA(#4851);
#3001=ORIENTED_EDGE('',*,*,#4852,.F.);
#3002=ORIENTED_EDGE('',*,*,#4853,.F.);
#3003=ORIENTED_EDGE('',*,*,#4854,.F.);
#3004=ORIENTED_EDGE('',*,*,#4855,.F.);
#3005=CARTESIAN_POINT('',(-0.319999999999999,1.90922413793103,-7.21077586206897));
#3006=DIRECTION('',(1.0,0.0,6.12303176911189E-17));
#3007=DIRECTION('',(6.12303176911189E-17,0.0,-1.0));
#3008=SURFACE_STYLE_FILL_AREA(#4856);
#3009=ORIENTED_EDGE('',*,*,#4857,.F.);
#3010=ORIENTED_EDGE('',*,*,#4858,.T.);
#3011=ORIENTED_EDGE('',*,*,#4859,.T.);
#3012=ORIENTED_EDGE('',*,*,#4854,.T.);
#3013=CARTESIAN_POINT('',(-1.68,2.22,-7.7));
#3014=DIRECTION('',(0.0,1.0,0.0));
#3015=DIRECTION('',(-6.12303176911189E-17,0.0,1.0));
#3016=SURFACE_STYLE_FILL_AREA(#4860);
#3017=ORIENTED_EDGE('',*,*,#4861,.F.);
#3018=ORIENTED_EDGE('',*,*,#4862,.F.);
#3019=ORIENTED_EDGE('',*,*,#4863,.F.);
#3020=ORIENTED_EDGE('',*,*,#4864,.F.);
#3021=CARTESIAN_POINT('',(-1.68,1.97,-2.2));
#3022=DIRECTION('',(0.0,1.0,0.0));
#3023=DIRECTION('',(-6.12303176911189E-17,0.0,1.0));
#3024=SURFACE_STYLE_FILL_AREA(#4865);
#3025=ORIENTED_EDGE('',*,*,#4866,.F.);
#3026=ORIENTED_EDGE('',*,*,#4855,.T.);
#3027=ORIENTED_EDGE('',*,*,#4859,.F.);
#3028=ORIENTED_EDGE('',*,*,#4867,.F.);
#3029=ORIENTED_EDGE('',*,*,#4863,.T.);
#3030=CARTESIAN_POINT('',(-1.68,2.095,-2.7));
#3031=DIRECTION('',(-6.12303176911189E-17,0.0,1.0));
#3032=DIRECTION('',(0.0,-1.0,0.0));
#3033=SURFACE_STYLE_FILL_AREA(#4868);
#3034=ORIENTED_EDGE('',*,*,#4869,.F.);
#3035=ORIENTED_EDGE('',*,*,#4864,.T.);
#3036=ORIENTED_EDGE('',*,*,#4867,.T.);
#3037=ORIENTED_EDGE('',*,*,#4858,.F.);
#3038=ORIENTED_EDGE('',*,*,#4870,.F.);
#3039=ORIENTED_EDGE('',*,*,#4871,.F.);
#3040=CARTESIAN_POINT('',(-1.68,1.90922413793103,-7.21077586206897));
#3041=DIRECTION('',(1.0,0.0,6.12303176911189E-17));
#3042=DIRECTION('',(6.12303176911189E-17,0.0,-1.0));
#3043=SURFACE_STYLE_FILL_AREA(#4872);
#3044=ORIENTED_EDGE('',*,*,#4861,.T.);
#3045=ORIENTED_EDGE('',*,*,#4869,.T.);
#3046=ORIENTED_EDGE('',*,*,#4873,.F.);
#3047=ORIENTED_EDGE('',*,*,#4874,.F.);
#3048=ORIENTED_EDGE('',*,*,#4875,.F.);
#3049=ORIENTED_EDGE('',*,*,#4876,.F.);
#3050=CARTESIAN_POINT('',(-1.005,2.23,-2.1));
#3051=DIRECTION('',(0.0,0.0,1.0));
#3052=DIRECTION('',(1.0,0.0,0.0));
#3053=SURFACE_STYLE_FILL_AREA(#4877);
#3054=ORIENTED_EDGE('',*,*,#4871,.T.);
#3055=ORIENTED_EDGE('',*,*,#4878,.T.);
#3056=ORIENTED_EDGE('',*,*,#4879,.F.);
#3057=ORIENTED_EDGE('',*,*,#4873,.T.);
#3058=CARTESIAN_POINT('',(-1.005,1.73,-7.1));
#3059=DIRECTION('',(0.0,1.0,0.0));
#3060=DIRECTION('',(0.0,0.0,1.0));
#3061=SURFACE_STYLE_FILL_AREA(#4880);
#3062=ORIENTED_EDGE('',*,*,#4881,.F.);
#3063=ORIENTED_EDGE('',*,*,#4882,.F.);
#3064=ORIENTED_EDGE('',*,*,#4883,.F.);
#3065=ORIENTED_EDGE('',*,*,#4884,.F.);
#3066=CARTESIAN_POINT('',(-2.82,1.90922413793103,-7.21077586206897));
#3067=DIRECTION('',(1.0,0.0,6.12303176911189E-17));
#3068=DIRECTION('',(6.12303176911189E-17,0.0,-1.0));
#3069=SURFACE_STYLE_FILL_AREA(#4885);
#3070=ORIENTED_EDGE('',*,*,#4886,.F.);
#3071=ORIENTED_EDGE('',*,*,#4887,.T.);
#3072=ORIENTED_EDGE('',*,*,#4888,.T.);
#3073=ORIENTED_EDGE('',*,*,#4883,.T.);
#3074=CARTESIAN_POINT('',(-4.18,2.22,-7.7));
#3075=DIRECTION('',(0.0,1.0,0.0));
#3076=DIRECTION('',(-6.12303176911189E-17,0.0,1.0));
#3077=SURFACE_STYLE_FILL_AREA(#4889);
#3078=ORIENTED_EDGE('',*,*,#4890,.F.);
#3079=ORIENTED_EDGE('',*,*,#4891,.F.);
#3080=ORIENTED_EDGE('',*,*,#4892,.F.);
#3081=ORIENTED_EDGE('',*,*,#4893,.F.);
#3082=CARTESIAN_POINT('',(-4.18,1.795,-1.7));
#3083=DIRECTION('',(-6.12303176911189E-17,-6.34413156928661E-16,1.0));
#3084=DIRECTION('',(3.88453191461676E-32,-1.0,-6.34413156928661E-16));
#3085=SURFACE_STYLE_FILL_AREA(#4894);
#3086=ORIENTED_EDGE('',*,*,#4895,.F.);
#3087=ORIENTED_EDGE('',*,*,#4896,.F.);
#3088=ORIENTED_EDGE('',*,*,#4897,.F.);
#3089=ORIENTED_EDGE('',*,*,#4892,.T.);
#3090=CARTESIAN_POINT('',(-4.18,1.97,-2.2));
#3091=DIRECTION('',(0.0,1.0,0.0));
#3092=DIRECTION('',(-6.12303176911189E-17,0.0,1.0));
#3093=SURFACE_STYLE_FILL_AREA(#4898);
#3094=ORIENTED_EDGE('',*,*,#4899,.F.);
#3095=ORIENTED_EDGE('',*,*,#4884,.T.);
#3096=ORIENTED_EDGE('',*,*,#4888,.F.);
#3097=ORIENTED_EDGE('',*,*,#4900,.F.);
#3098=ORIENTED_EDGE('',*,*,#4896,.T.);
#3099=CARTESIAN_POINT('',(-4.18,2.095,-2.7));
#3100=DIRECTION('',(-6.12303176911189E-17,0.0,1.0));
#3101=DIRECTION('',(0.0,-1.0,0.0));
#3102=SURFACE_STYLE_FILL_AREA(#4901);
#3103=ORIENTED_EDGE('',*,*,#4902,.F.);
#3104=ORIENTED_EDGE('',*,*,#4893,.T.);
#3105=ORIENTED_EDGE('',*,*,#4897,.T.);
#3106=ORIENTED_EDGE('',*,*,#4900,.T.);
#3107=ORIENTED_EDGE('',*,*,#4887,.F.);
#3108=ORIENTED_EDGE('',*,*,#4903,.F.);
#3109=CARTESIAN_POINT('',(-4.18,1.90922413793103,-7.21077586206897));
#3110=DIRECTION('',(1.0,0.0,6.12303176911189E-17));
#3111=DIRECTION('',(6.12303176911189E-17,0.0,-1.0));
#3112=SURFACE_STYLE_FILL_AREA(#4904);
#3113=ORIENTED_EDGE('',*,*,#4890,.T.);
#3114=ORIENTED_EDGE('',*,*,#4902,.T.);
#3115=ORIENTED_EDGE('',*,*,#4905,.T.);
#3116=ORIENTED_EDGE('',*,*,#4906,.F.);
#3117=ORIENTED_EDGE('',*,*,#4907,.T.);
#3118=ORIENTED_EDGE('',*,*,#4908,.T.);
#3119=CARTESIAN_POINT('',(-3.505,1.73,-6.1));
#3120=DIRECTION('',(0.0,1.0,0.0));
#3121=DIRECTION('',(0.0,0.0,1.0));
#3122=SURFACE_STYLE_FILL_AREA(#4909);
#3123=ORIENTED_EDGE('',*,*,#4546,.T.);
#3124=ORIENTED_EDGE('',*,*,#4910,.T.);
#3125=ORIENTED_EDGE('',*,*,#4911,.T.);
#3126=ORIENTED_EDGE('',*,*,#4912,.T.);
#3127=ORIENTED_EDGE('',*,*,#4913,.T.);
#3128=ORIENTED_EDGE('',*,*,#4914,.T.);
#3129=ORIENTED_EDGE('',*,*,#4915,.T.);
#3130=ORIENTED_EDGE('',*,*,#4916,.T.);
#3131=ORIENTED_EDGE('',*,*,#4917,.T.);
#3132=ORIENTED_EDGE('',*,*,#4594,.T.);
#3133=ORIENTED_EDGE('',*,*,#4570,.T.);
#3134=ORIENTED_EDGE('',*,*,#4555,.T.);
#3135=ORIENTED_EDGE('',*,*,#4612,.T.);
#3136=ORIENTED_EDGE('',*,*,#4918,.T.);
#3137=ORIENTED_EDGE('',*,*,#4919,.T.);
#3138=ORIENTED_EDGE('',*,*,#4920,.T.);
#3139=ORIENTED_EDGE('',*,*,#4921,.T.);
#3140=ORIENTED_EDGE('',*,*,#4922,.T.);
#3141=ORIENTED_EDGE('',*,*,#4923,.T.);
#3142=ORIENTED_EDGE('',*,*,#4924,.T.);
#3143=ORIENTED_EDGE('',*,*,#4925,.T.);
#3144=ORIENTED_EDGE('',*,*,#4660,.T.);
#3145=ORIENTED_EDGE('',*,*,#4636,.T.);
#3146=ORIENTED_EDGE('',*,*,#4621,.T.);
#3147=ORIENTED_EDGE('',*,*,#4678,.T.);
#3148=ORIENTED_EDGE('',*,*,#4926,.T.);
#3149=ORIENTED_EDGE('',*,*,#4927,.T.);
#3150=ORIENTED_EDGE('',*,*,#4928,.T.);
#3151=ORIENTED_EDGE('',*,*,#4929,.T.);
#3152=ORIENTED_EDGE('',*,*,#4930,.T.);
#3153=ORIENTED_EDGE('',*,*,#4931,.T.);
#3154=ORIENTED_EDGE('',*,*,#4932,.T.);
#3155=ORIENTED_EDGE('',*,*,#4933,.T.);
#3156=ORIENTED_EDGE('',*,*,#4726,.T.);
#3157=ORIENTED_EDGE('',*,*,#4702,.T.);
#3158=ORIENTED_EDGE('',*,*,#4687,.T.);
#3159=ORIENTED_EDGE('',*,*,#4744,.T.);
#3160=ORIENTED_EDGE('',*,*,#4934,.T.);
#3161=ORIENTED_EDGE('',*,*,#4935,.T.);
#3162=ORIENTED_EDGE('',*,*,#4936,.T.);
#3163=ORIENTED_EDGE('',*,*,#4937,.T.);
#3164=ORIENTED_EDGE('',*,*,#4938,.T.);
#3165=ORIENTED_EDGE('',*,*,#4939,.T.);
#3166=ORIENTED_EDGE('',*,*,#4940,.T.);
#3167=ORIENTED_EDGE('',*,*,#4941,.T.);
#3168=ORIENTED_EDGE('',*,*,#4792,.T.);
#3169=ORIENTED_EDGE('',*,*,#4768,.T.);
#3170=ORIENTED_EDGE('',*,*,#4753,.T.);
#3171=ORIENTED_EDGE('',*,*,#4942,.F.);
#3172=ORIENTED_EDGE('',*,*,#4943,.F.);
#3173=ORIENTED_EDGE('',*,*,#4944,.F.);
#3174=ORIENTED_EDGE('',*,*,#4945,.F.);
#3175=ORIENTED_EDGE('',*,*,#4946,.T.);
#3176=ORIENTED_EDGE('',*,*,#4947,.T.);
#3177=ORIENTED_EDGE('',*,*,#4948,.T.);
#3178=ORIENTED_EDGE('',*,*,#4949,.F.);
#3179=CARTESIAN_POINT('',(0.0,2.84,-18.6));
#3180=DIRECTION('',(0.0,0.0,1.0));
#3181=DIRECTION('',(1.0,0.0,0.0));
#3182=SURFACE_STYLE_FILL_AREA(#4950);
#3183=ORIENTED_EDGE('',*,*,#4951,.F.);
#3184=ORIENTED_EDGE('',*,*,#4952,.F.);
#3185=ORIENTED_EDGE('',*,*,#4953,.T.);
#3186=ORIENTED_EDGE('',*,*,#4954,.F.);
#3187=ORIENTED_EDGE('',*,*,#4955,.F.);
#3188=ORIENTED_EDGE('',*,*,#4956,.T.);
#3189=CARTESIAN_POINT('',(0.0,2.35,-14.65));
#3190=DIRECTION('',(0.0,0.0,1.0));
#3191=DIRECTION('',(1.0,0.0,0.0));
#3192=SURFACE_STYLE_FILL_AREA(#4957);
#3193=ORIENTED_EDGE('',*,*,#4958,.T.);
#3194=ORIENTED_EDGE('',*,*,#4504,.T.);
#3195=CARTESIAN_POINT('',(5.7,2.35,-11.925));
#3196=DIRECTION('',(-1.0,0.0,0.0));
#3197=DIRECTION('',(0.0,0.0,1.0));
#3198=SURFACE_STYLE_FILL_AREA(#4959);
#3199=ORIENTED_EDGE('',*,*,#4960,.T.);
#3200=ORIENTED_EDGE('',*,*,#4514,.T.);
#3201=CARTESIAN_POINT('',(5.7,2.35,-11.925));
#3202=DIRECTION('',(-1.0,0.0,0.0));
#3203=DIRECTION('',(0.0,0.0,1.0));
#3204=SURFACE_STYLE_FILL_AREA(#4961);
#3205=ORIENTED_EDGE('',*,*,#4507,.T.);
#3206=ORIENTED_EDGE('',*,*,#4962,.T.);
#3207=CARTESIAN_POINT('',(-5.7,2.35,-11.925));
#3208=DIRECTION('',(1.0,0.0,0.0));
#3209=DIRECTION('',(0.0,0.0,-1.0));
#3210=SURFACE_STYLE_FILL_AREA(#4963);
#3211=ORIENTED_EDGE('',*,*,#4964,.F.);
#3212=ORIENTED_EDGE('',*,*,#4965,.F.);
#3213=ORIENTED_EDGE('',*,*,#4948,.F.);
#3214=ORIENTED_EDGE('',*,*,#4966,.F.);
#3215=CARTESIAN_POINT('',(-5.7,2.35,-11.925));
#3216=DIRECTION('',(1.0,0.0,0.0));
#3217=DIRECTION('',(0.0,0.0,-1.0));
#3218=SURFACE_STYLE_FILL_AREA(#4967);
#3219=ORIENTED_EDGE('',*,*,#4517,.T.);
#3220=ORIENTED_EDGE('',*,*,#4968,.T.);
#3221=CARTESIAN_POINT('',(-5.7,2.35,-11.925));
#3222=DIRECTION('',(1.0,0.0,0.0));
#3223=DIRECTION('',(0.0,0.0,-1.0));
#3224=SURFACE_STYLE_FILL_AREA(#4969);
#3225=ORIENTED_EDGE('',*,*,#4526,.T.);
#3226=ORIENTED_EDGE('',*,*,#4970,.F.);
#3227=ORIENTED_EDGE('',*,*,#4528,.T.);
#3228=ORIENTED_EDGE('',*,*,#4971,.F.);
#3229=CARTESIAN_POINT('',(2.275,1.6,-17.45));
#3230=DIRECTION('',(-0.0,1.0,0.0));
#3231=DIRECTION('',(1.0,0.0,0.0));
#3232=SURFACE_STYLE_FILL_AREA(#4972);
#3233=ORIENTED_EDGE('',*,*,#4971,.T.);
#3234=ORIENTED_EDGE('',*,*,#4527,.T.);
#3235=CARTESIAN_POINT('',(2.275,0.2,-17.45));
#3236=DIRECTION('',(0.0,-1.0,0.0));
#3237=DIRECTION('',(-1.0,0.0,0.0));
#3238=SURFACE_STYLE_FILL_AREA(#4973);
#3239=ORIENTED_EDGE('',*,*,#4521,.T.);
#3240=ORIENTED_EDGE('',*,*,#4974,.F.);
#3241=ORIENTED_EDGE('',*,*,#4523,.T.);
#3242=ORIENTED_EDGE('',*,*,#4975,.F.);
#3243=CARTESIAN_POINT('',(-2.275,1.6,-17.45));
#3244=DIRECTION('',(-0.0,1.0,0.0));
#3245=DIRECTION('',(1.0,0.0,0.0));
#3246=SURFACE_STYLE_FILL_AREA(#4976);
#3247=ORIENTED_EDGE('',*,*,#4975,.T.);
#3248=ORIENTED_EDGE('',*,*,#4522,.T.);
#3249=CARTESIAN_POINT('',(-2.275,0.2,-17.45));
#3250=DIRECTION('',(0.0,-1.0,0.0));
#3251=DIRECTION('',(-1.0,0.0,0.0));
#3252=SURFACE_STYLE_FILL_AREA(#4977);
#3253=ORIENTED_EDGE('',*,*,#4913,.F.);
#3254=ORIENTED_EDGE('',*,*,#4978,.T.);
#3255=ORIENTED_EDGE('',*,*,#4589,.F.);
#3256=ORIENTED_EDGE('',*,*,#4979,.F.);
#3257=CARTESIAN_POINT('',(3.975,2.59,-19.8));
#3258=DIRECTION('',(1.0,0.0,0.0));
#3259=DIRECTION('',(0.0,1.0,0.0));
#3260=SURFACE_STYLE_FILL_AREA(#4980);
#3261=ORIENTED_EDGE('',*,*,#4914,.F.);
#3262=ORIENTED_EDGE('',*,*,#4979,.T.);
#3263=ORIENTED_EDGE('',*,*,#4588,.F.);
#3264=ORIENTED_EDGE('',*,*,#4981,.F.);
#3265=CARTESIAN_POINT('',(3.5,3.05,-19.8));
#3266=DIRECTION('',(0.0,1.0,0.0));
#3267=DIRECTION('',(-1.0,0.0,0.0));
#3268=SURFACE_STYLE_FILL_AREA(#4982);
#3269=ORIENTED_EDGE('',*,*,#4915,.F.);
#3270=ORIENTED_EDGE('',*,*,#4981,.T.);
#3271=ORIENTED_EDGE('',*,*,#4587,.F.);
#3272=ORIENTED_EDGE('',*,*,#4983,.F.);
#3273=CARTESIAN_POINT('',(3.025,2.59,-19.8));
#3274=DIRECTION('',(-1.0,0.0,0.0));
#3275=DIRECTION('',(0.0,-1.0,0.0));
#3276=SURFACE_STYLE_FILL_AREA(#4984);
#3277=ORIENTED_EDGE('',*,*,#4916,.F.);
#3278=ORIENTED_EDGE('',*,*,#4983,.T.);
#3279=ORIENTED_EDGE('',*,*,#4586,.F.);
#3280=ORIENTED_EDGE('',*,*,#4985,.F.);
#3281=CARTESIAN_POINT('',(2.9125,2.13,-19.8));
#3282=DIRECTION('',(0.0,1.0,0.0));
#3283=DIRECTION('',(-1.0,0.0,0.0));
#3284=SURFACE_STYLE_FILL_AREA(#4986);
#3285=ORIENTED_EDGE('',*,*,#4917,.F.);
#3286=ORIENTED_EDGE('',*,*,#4985,.T.);
#3287=ORIENTED_EDGE('',*,*,#4585,.F.);
#3288=ORIENTED_EDGE('',*,*,#4595,.F.);
#3289=CARTESIAN_POINT('',(2.8,1.93,-19.8));
#3290=DIRECTION('',(-1.0,-0.0,0.0));
#3291=DIRECTION('',(0.0,-1.0,-0.0));
#3292=SURFACE_STYLE_FILL_AREA(#4987);
#3293=ORIENTED_EDGE('',*,*,#4912,.F.);
#3294=ORIENTED_EDGE('',*,*,#4988,.T.);
#3295=ORIENTED_EDGE('',*,*,#4590,.F.);
#3296=ORIENTED_EDGE('',*,*,#4978,.F.);
#3297=CARTESIAN_POINT('',(4.0875,2.13,-19.8));
#3298=DIRECTION('',(0.0,1.0,0.0));
#3299=DIRECTION('',(-1.0,0.0,0.0));
#3300=SURFACE_STYLE_FILL_AREA(#4989);
#3301=ORIENTED_EDGE('',*,*,#4911,.F.);
#3302=ORIENTED_EDGE('',*,*,#4990,.T.);
#3303=ORIENTED_EDGE('',*,*,#4591,.F.);
#3304=ORIENTED_EDGE('',*,*,#4988,.F.);
#3305=CARTESIAN_POINT('',(4.2,1.93,-19.8));
#3306=DIRECTION('',(1.0,0.0,0.0));
#3307=DIRECTION('',(0.0,1.0,0.0));
#3308=SURFACE_STYLE_FILL_AREA(#4991);
#3309=ORIENTED_EDGE('',*,*,#4532,.T.);
#3310=ORIENTED_EDGE('',*,*,#4592,.F.);
#3311=ORIENTED_EDGE('',*,*,#4990,.F.);
#3312=ORIENTED_EDGE('',*,*,#4910,.F.);
#3313=ORIENTED_EDGE('',*,*,#4545,.T.);
#3314=ORIENTED_EDGE('',*,*,#4541,.T.);
#3315=CARTESIAN_POINT('',(3.5,1.73,-19.8));
#3316=DIRECTION('',(0.0,-1.0,0.0));
#3317=DIRECTION('',(1.0,0.0,0.0));
#3318=SURFACE_STYLE_FILL_AREA(#4992);
#3319=ORIENTED_EDGE('',*,*,#4921,.F.);
#3320=ORIENTED_EDGE('',*,*,#4993,.T.);
#3321=ORIENTED_EDGE('',*,*,#4655,.F.);
#3322=ORIENTED_EDGE('',*,*,#4994,.F.);
#3323=CARTESIAN_POINT('',(1.475,2.59,-19.8));
#3324=DIRECTION('',(1.0,0.0,0.0));
#3325=DIRECTION('',(0.0,1.0,0.0));
#3326=SURFACE_STYLE_FILL_AREA(#4995);
#3327=ORIENTED_EDGE('',*,*,#4922,.F.);
#3328=ORIENTED_EDGE('',*,*,#4994,.T.);
#3329=ORIENTED_EDGE('',*,*,#4654,.F.);
#3330=ORIENTED_EDGE('',*,*,#4996,.F.);
#3331=CARTESIAN_POINT('',(1.0,3.05,-19.8));
#3332=DIRECTION('',(0.0,1.0,0.0));
#3333=DIRECTION('',(-1.0,0.0,0.0));
#3334=SURFACE_STYLE_FILL_AREA(#4997);
#3335=ORIENTED_EDGE('',*,*,#4923,.F.);
#3336=ORIENTED_EDGE('',*,*,#4996,.T.);
#3337=ORIENTED_EDGE('',*,*,#4653,.F.);
#3338=ORIENTED_EDGE('',*,*,#4998,.F.);
#3339=CARTESIAN_POINT('',(0.525,2.59,-19.8));
#3340=DIRECTION('',(-1.0,0.0,0.0));
#3341=DIRECTION('',(0.0,-1.0,0.0));
#3342=SURFACE_STYLE_FILL_AREA(#4999);
#3343=ORIENTED_EDGE('',*,*,#4924,.F.);
#3344=ORIENTED_EDGE('',*,*,#4998,.T.);
#3345=ORIENTED_EDGE('',*,*,#4652,.F.);
#3346=ORIENTED_EDGE('',*,*,#5000,.F.);
#3347=CARTESIAN_POINT('',(0.4125,2.13,-19.8));
#3348=DIRECTION('',(0.0,1.0,0.0));
#3349=DIRECTION('',(-1.0,0.0,0.0));
#3350=SURFACE_STYLE_FILL_AREA(#5001);
#3351=ORIENTED_EDGE('',*,*,#4925,.F.);
#3352=ORIENTED_EDGE('',*,*,#5000,.T.);
#3353=ORIENTED_EDGE('',*,*,#4651,.F.);
#3354=ORIENTED_EDGE('',*,*,#4661,.F.);
#3355=CARTESIAN_POINT('',(0.3,1.93,-19.8));
#3356=DIRECTION('',(-1.0,-0.0,0.0));
#3357=DIRECTION('',(0.0,-1.0,-0.0));
#3358=SURFACE_STYLE_FILL_AREA(#5002);
#3359=ORIENTED_EDGE('',*,*,#4920,.F.);
#3360=ORIENTED_EDGE('',*,*,#5003,.T.);
#3361=ORIENTED_EDGE('',*,*,#4656,.F.);
#3362=ORIENTED_EDGE('',*,*,#4993,.F.);
#3363=CARTESIAN_POINT('',(1.5875,2.13,-19.8));
#3364=DIRECTION('',(0.0,1.0,0.0));
#3365=DIRECTION('',(-1.0,0.0,0.0));
#3366=SURFACE_STYLE_FILL_AREA(#5004);
#3367=ORIENTED_EDGE('',*,*,#4919,.F.);
#3368=ORIENTED_EDGE('',*,*,#5005,.T.);
#3369=ORIENTED_EDGE('',*,*,#4657,.F.);
#3370=ORIENTED_EDGE('',*,*,#5003,.F.);
#3371=CARTESIAN_POINT('',(1.7,1.93,-19.8));
#3372=DIRECTION('',(1.0,0.0,0.0));
#3373=DIRECTION('',(0.0,1.0,0.0));
#3374=SURFACE_STYLE_FILL_AREA(#5006);
#3375=ORIENTED_EDGE('',*,*,#4598,.T.);
#3376=ORIENTED_EDGE('',*,*,#4658,.F.);
#3377=ORIENTED_EDGE('',*,*,#5005,.F.);
#3378=ORIENTED_EDGE('',*,*,#4918,.F.);
#3379=ORIENTED_EDGE('',*,*,#4611,.T.);
#3380=ORIENTED_EDGE('',*,*,#4607,.T.);
#3381=CARTESIAN_POINT('',(1.0,1.73,-19.8));
#3382=DIRECTION('',(0.0,-1.0,0.0));
#3383=DIRECTION('',(1.0,0.0,0.0));
#3384=SURFACE_STYLE_FILL_AREA(#5007);
#3385=ORIENTED_EDGE('',*,*,#4929,.F.);
#3386=ORIENTED_EDGE('',*,*,#5008,.T.);
#3387=ORIENTED_EDGE('',*,*,#4721,.F.);
#3388=ORIENTED_EDGE('',*,*,#5009,.F.);
#3389=CARTESIAN_POINT('',(-0.525,2.59,-19.8));
#3390=DIRECTION('',(1.0,0.0,0.0));
#3391=DIRECTION('',(0.0,1.0,0.0));
#3392=SURFACE_STYLE_FILL_AREA(#5010);
#3393=ORIENTED_EDGE('',*,*,#4930,.F.);
#3394=ORIENTED_EDGE('',*,*,#5009,.T.);
#3395=ORIENTED_EDGE('',*,*,#4720,.F.);
#3396=ORIENTED_EDGE('',*,*,#5011,.F.);
#3397=CARTESIAN_POINT('',(-1.0,3.05,-19.8));
#3398=DIRECTION('',(0.0,1.0,0.0));
#3399=DIRECTION('',(-1.0,0.0,0.0));
#3400=SURFACE_STYLE_FILL_AREA(#5012);
#3401=ORIENTED_EDGE('',*,*,#4931,.F.);
#3402=ORIENTED_EDGE('',*,*,#5011,.T.);
#3403=ORIENTED_EDGE('',*,*,#4719,.F.);
#3404=ORIENTED_EDGE('',*,*,#5013,.F.);
#3405=CARTESIAN_POINT('',(-1.475,2.59,-19.8));
#3406=DIRECTION('',(-1.0,0.0,0.0));
#3407=DIRECTION('',(0.0,-1.0,0.0));
#3408=SURFACE_STYLE_FILL_AREA(#5014);
#3409=ORIENTED_EDGE('',*,*,#4932,.F.);
#3410=ORIENTED_EDGE('',*,*,#5013,.T.);
#3411=ORIENTED_EDGE('',*,*,#4718,.F.);
#3412=ORIENTED_EDGE('',*,*,#5015,.F.);
#3413=CARTESIAN_POINT('',(-1.5875,2.13,-19.8));
#3414=DIRECTION('',(0.0,1.0,0.0));
#3415=DIRECTION('',(-1.0,0.0,0.0));
#3416=SURFACE_STYLE_FILL_AREA(#5016);
#3417=ORIENTED_EDGE('',*,*,#4933,.F.);
#3418=ORIENTED_EDGE('',*,*,#5015,.T.);
#3419=ORIENTED_EDGE('',*,*,#4717,.F.);
#3420=ORIENTED_EDGE('',*,*,#4727,.F.);
#3421=CARTESIAN_POINT('',(-1.7,1.93,-19.8));
#3422=DIRECTION('',(-1.0,-0.0,0.0));
#3423=DIRECTION('',(0.0,-1.0,-0.0));
#3424=SURFACE_STYLE_FILL_AREA(#5017);
#3425=ORIENTED_EDGE('',*,*,#4928,.F.);
#3426=ORIENTED_EDGE('',*,*,#5018,.T.);
#3427=ORIENTED_EDGE('',*,*,#4722,.F.);
#3428=ORIENTED_EDGE('',*,*,#5008,.F.);
#3429=CARTESIAN_POINT('',(-0.4125,2.13,-19.8));
#3430=DIRECTION('',(0.0,1.0,0.0));
#3431=DIRECTION('',(-1.0,0.0,0.0));
#3432=SURFACE_STYLE_FILL_AREA(#5019);
#3433=ORIENTED_EDGE('',*,*,#4927,.F.);
#3434=ORIENTED_EDGE('',*,*,#5020,.T.);
#3435=ORIENTED_EDGE('',*,*,#4723,.F.);
#3436=ORIENTED_EDGE('',*,*,#5018,.F.);
#3437=CARTESIAN_POINT('',(-0.3,1.93,-19.8));
#3438=DIRECTION('',(1.0,0.0,0.0));
#3439=DIRECTION('',(0.0,1.0,0.0));
#3440=SURFACE_STYLE_FILL_AREA(#5021);
#3441=ORIENTED_EDGE('',*,*,#4664,.T.);
#3442=ORIENTED_EDGE('',*,*,#4724,.F.);
#3443=ORIENTED_EDGE('',*,*,#5020,.F.);
#3444=ORIENTED_EDGE('',*,*,#4926,.F.);
#3445=ORIENTED_EDGE('',*,*,#4677,.T.);
#3446=ORIENTED_EDGE('',*,*,#4673,.T.);
#3447=CARTESIAN_POINT('',(-1.0,1.73,-19.8));
#3448=DIRECTION('',(0.0,-1.0,0.0));
#3449=DIRECTION('',(1.0,0.0,0.0));
#3450=SURFACE_STYLE_FILL_AREA(#5022);
#3451=ORIENTED_EDGE('',*,*,#4937,.F.);
#3452=ORIENTED_EDGE('',*,*,#5023,.T.);
#3453=ORIENTED_EDGE('',*,*,#4787,.F.);
#3454=ORIENTED_EDGE('',*,*,#5024,.F.);
#3455=CARTESIAN_POINT('',(-3.025,2.59,-19.8));
#3456=DIRECTION('',(1.0,0.0,0.0));
#3457=DIRECTION('',(0.0,1.0,0.0));
#3458=SURFACE_STYLE_FILL_AREA(#5025);
#3459=ORIENTED_EDGE('',*,*,#4938,.F.);
#3460=ORIENTED_EDGE('',*,*,#5024,.T.);
#3461=ORIENTED_EDGE('',*,*,#4786,.F.);
#3462=ORIENTED_EDGE('',*,*,#5026,.F.);
#3463=CARTESIAN_POINT('',(-3.5,3.05,-19.8));
#3464=DIRECTION('',(0.0,1.0,0.0));
#3465=DIRECTION('',(-1.0,0.0,0.0));
#3466=SURFACE_STYLE_FILL_AREA(#5027);
#3467=ORIENTED_EDGE('',*,*,#4939,.F.);
#3468=ORIENTED_EDGE('',*,*,#5026,.T.);
#3469=ORIENTED_EDGE('',*,*,#4785,.F.);
#3470=ORIENTED_EDGE('',*,*,#5028,.F.);
#3471=CARTESIAN_POINT('',(-3.975,2.59,-19.8));
#3472=DIRECTION('',(-1.0,0.0,0.0));
#3473=DIRECTION('',(0.0,-1.0,0.0));
#3474=SURFACE_STYLE_FILL_AREA(#5029);
#3475=ORIENTED_EDGE('',*,*,#4940,.F.);
#3476=ORIENTED_EDGE('',*,*,#5028,.T.);
#3477=ORIENTED_EDGE('',*,*,#4784,.F.);
#3478=ORIENTED_EDGE('',*,*,#5030,.F.);
#3479=CARTESIAN_POINT('',(-4.0875,2.13,-19.8));
#3480=DIRECTION('',(0.0,1.0,0.0));
#3481=DIRECTION('',(-1.0,0.0,0.0));
#3482=SURFACE_STYLE_FILL_AREA(#5031);
#3483=ORIENTED_EDGE('',*,*,#4941,.F.);
#3484=ORIENTED_EDGE('',*,*,#5030,.T.);
#3485=ORIENTED_EDGE('',*,*,#4783,.F.);
#3486=ORIENTED_EDGE('',*,*,#4793,.F.);
#3487=CARTESIAN_POINT('',(-4.2,1.93,-19.8));
#3488=DIRECTION('',(-1.0,-0.0,0.0));
#3489=DIRECTION('',(0.0,-1.0,-0.0));
#3490=SURFACE_STYLE_FILL_AREA(#5032);
#3491=ORIENTED_EDGE('',*,*,#4936,.F.);
#3492=ORIENTED_EDGE('',*,*,#5033,.T.);
#3493=ORIENTED_EDGE('',*,*,#4788,.F.);
#3494=ORIENTED_EDGE('',*,*,#5023,.F.);
#3495=CARTESIAN_POINT('',(-2.9125,2.13,-19.8));
#3496=DIRECTION('',(0.0,1.0,0.0));
#3497=DIRECTION('',(-1.0,0.0,0.0));
#3498=SURFACE_STYLE_FILL_AREA(#5034);
#3499=ORIENTED_EDGE('',*,*,#4935,.F.);
#3500=ORIENTED_EDGE('',*,*,#5035,.T.);
#3501=ORIENTED_EDGE('',*,*,#4789,.F.);
#3502=ORIENTED_EDGE('',*,*,#5033,.F.);
#3503=CARTESIAN_POINT('',(-2.8,1.93,-19.8));
#3504=DIRECTION('',(1.0,0.0,0.0));
#3505=DIRECTION('',(0.0,1.0,0.0));
#3506=SURFACE_STYLE_FILL_AREA(#5036);
#3507=ORIENTED_EDGE('',*,*,#4730,.T.);
#3508=ORIENTED_EDGE('',*,*,#4790,.F.);
#3509=ORIENTED_EDGE('',*,*,#5035,.F.);
#3510=ORIENTED_EDGE('',*,*,#4934,.F.);
#3511=ORIENTED_EDGE('',*,*,#4743,.T.);
#3512=ORIENTED_EDGE('',*,*,#4739,.T.);
#3513=CARTESIAN_POINT('',(-3.5,1.73,-19.8));
#3514=DIRECTION('',(0.0,-1.0,0.0));
#3515=DIRECTION('',(1.0,0.0,0.0));
#3516=SURFACE_STYLE_FILL_AREA(#5037);
#3517=ORIENTED_EDGE('',*,*,#4970,.T.);
#3518=ORIENTED_EDGE('',*,*,#4529,.T.);
#3519=ORIENTED_EDGE('',*,*,#4974,.T.);
#3520=ORIENTED_EDGE('',*,*,#4524,.T.);
#3521=ORIENTED_EDGE('',*,*,#4953,.F.);
#3522=ORIENTED_EDGE('',*,*,#5038,.F.);
#3523=ORIENTED_EDGE('',*,*,#4966,.T.);
#3524=ORIENTED_EDGE('',*,*,#4947,.F.);
#3525=ORIENTED_EDGE('',*,*,#5039,.F.);
#3526=ORIENTED_EDGE('',*,*,#5040,.F.);
#3527=CARTESIAN_POINT('',(0.0,1.38,-15.975));
#3528=DIRECTION('',(0.0,1.0,0.0));
#3529=DIRECTION('',(0.0,0.0,1.0));
#3530=SURFACE_STYLE_FILL_AREA(#5041);
#3531=ORIENTED_EDGE('',*,*,#5042,.F.);
#3532=ORIENTED_EDGE('',*,*,#5039,.T.);
#3533=ORIENTED_EDGE('',*,*,#4946,.F.);
#3534=ORIENTED_EDGE('',*,*,#5043,.F.);
#3535=CARTESIAN_POINT('',(5.7,2.35,-11.925));
#3536=DIRECTION('',(-1.0,0.0,0.0));
#3537=DIRECTION('',(0.0,0.0,1.0));
#3538=SURFACE_STYLE_FILL_AREA(#5044);
#3539=ORIENTED_EDGE('',*,*,#4816,.T.);
#3540=ORIENTED_EDGE('',*,*,#4822,.F.);
#3541=ORIENTED_EDGE('',*,*,#5045,.F.);
#3542=ORIENTED_EDGE('',*,*,#5046,.F.);
#3543=ORIENTED_EDGE('',*,*,#5047,.F.);
#3544=ORIENTED_EDGE('',*,*,#5048,.F.);
#3545=ORIENTED_EDGE('',*,*,#5049,.F.);
#3546=ORIENTED_EDGE('',*,*,#5050,.F.);
#3547=ORIENTED_EDGE('',*,*,#5051,.F.);
#3548=ORIENTED_EDGE('',*,*,#5052,.F.);
#3549=ORIENTED_EDGE('',*,*,#5053,.F.);
#3550=ORIENTED_EDGE('',*,*,#5054,.F.);
#3551=ORIENTED_EDGE('',*,*,#5055,.F.);
#3552=ORIENTED_EDGE('',*,*,#5056,.F.);
#3553=ORIENTED_EDGE('',*,*,#5057,.F.);
#3554=ORIENTED_EDGE('',*,*,#4905,.F.);
#3555=ORIENTED_EDGE('',*,*,#4903,.T.);
#3556=ORIENTED_EDGE('',*,*,#4886,.T.);
#3557=ORIENTED_EDGE('',*,*,#4882,.T.);
#3558=ORIENTED_EDGE('',*,*,#5058,.F.);
#3559=ORIENTED_EDGE('',*,*,#5059,.F.);
#3560=ORIENTED_EDGE('',*,*,#4878,.F.);
#3561=ORIENTED_EDGE('',*,*,#4870,.T.);
#3562=ORIENTED_EDGE('',*,*,#4857,.T.);
#3563=ORIENTED_EDGE('',*,*,#4853,.T.);
#3564=ORIENTED_EDGE('',*,*,#5060,.F.);
#3565=ORIENTED_EDGE('',*,*,#4835,.T.);
#3566=ORIENTED_EDGE('',*,*,#4831,.T.);
#3567=ORIENTED_EDGE('',*,*,#4826,.T.);
#3568=ORIENTED_EDGE('',*,*,#5061,.F.);
#3569=ORIENTED_EDGE('',*,*,#5062,.F.);
#3570=ORIENTED_EDGE('',*,*,#5063,.F.);
#3571=ORIENTED_EDGE('',*,*,#4800,.T.);
#3572=ORIENTED_EDGE('',*,*,#4795,.T.);
#3573=CARTESIAN_POINT('',(0.0,2.35,-9.2));
#3574=DIRECTION('',(0.0,0.0,1.0));
#3575=DIRECTION('',(1.0,0.0,0.0));
#3576=SURFACE_STYLE_FILL_AREA(#5064);
#3577=ORIENTED_EDGE('',*,*,#4862,.T.);
#3578=ORIENTED_EDGE('',*,*,#4876,.T.);
#3579=ORIENTED_EDGE('',*,*,#5065,.F.);
#3580=ORIENTED_EDGE('',*,*,#4866,.T.);
#3581=CARTESIAN_POINT('',(-0.32,2.23,-7.1));
#3582=DIRECTION('',(-1.0,0.0,0.0));
#3583=DIRECTION('',(0.0,0.0,1.0));
#3584=SURFACE_STYLE_FILL_AREA(#5066);
#3585=ORIENTED_EDGE('',*,*,#5059,.T.);
#3586=ORIENTED_EDGE('',*,*,#5067,.F.);
#3587=ORIENTED_EDGE('',*,*,#4874,.T.);
#3588=ORIENTED_EDGE('',*,*,#4879,.T.);
#3589=CARTESIAN_POINT('',(-1.69,2.23,-7.1));
#3590=DIRECTION('',(1.0,0.0,0.0));
#3591=DIRECTION('',(0.0,0.0,-1.0));
#3592=SURFACE_STYLE_FILL_AREA(#5068);
#3593=ORIENTED_EDGE('',*,*,#4891,.T.);
#3594=ORIENTED_EDGE('',*,*,#4908,.F.);
#3595=ORIENTED_EDGE('',*,*,#5069,.T.);
#3596=ORIENTED_EDGE('',*,*,#5070,.F.);
#3597=ORIENTED_EDGE('',*,*,#4899,.T.);
#3598=ORIENTED_EDGE('',*,*,#4895,.T.);
#3599=CARTESIAN_POINT('',(-2.82,2.23,-6.1));
#3600=DIRECTION('',(-1.0,0.0,0.0));
#3601=DIRECTION('',(0.0,0.0,1.0));
#3602=SURFACE_STYLE_FILL_AREA(#5071);
#3603=ORIENTED_EDGE('',*,*,#5057,.T.);
#3604=ORIENTED_EDGE('',*,*,#5072,.F.);
#3605=ORIENTED_EDGE('',*,*,#5073,.T.);
#3606=ORIENTED_EDGE('',*,*,#4906,.T.);
#3607=CARTESIAN_POINT('',(-4.19,2.23,-6.1));
#3608=DIRECTION('',(1.0,0.0,0.0));
#3609=DIRECTION('',(0.0,0.0,-1.0));
#3610=SURFACE_STYLE_FILL_AREA(#5074);
#3611=ORIENTED_EDGE('',*,*,#5055,.T.);
#3612=ORIENTED_EDGE('',*,*,#5075,.T.);
#3613=ORIENTED_EDGE('',*,*,#5076,.T.);
#3614=ORIENTED_EDGE('',*,*,#5077,.F.);
#3615=CARTESIAN_POINT('',(-4.72,2.15,-10.1));
#3616=DIRECTION('',(1.0,0.0,0.0));
#3617=DIRECTION('',(0.0,1.0,0.0));
#3618=SURFACE_STYLE_FILL_AREA(#5078);
#3619=ORIENTED_EDGE('',*,*,#5079,.F.);
#3620=ORIENTED_EDGE('',*,*,#5080,.T.);
#3621=ORIENTED_EDGE('',*,*,#5075,.F.);
#3622=ORIENTED_EDGE('',*,*,#5054,.T.);
#3623=CARTESIAN_POINT('',(-5.26,2.25,-10.1));
#3624=DIRECTION('',(-4.11193712824132E-16,1.0,0.0));
#3625=DIRECTION('',(-1.0,-4.11193712824132E-16,-0.0));
#3626=SURFACE_STYLE_FILL_AREA(#5081);
#3627=ORIENTED_EDGE('',*,*,#5082,.F.);
#3628=ORIENTED_EDGE('',*,*,#5083,.F.);
#3629=ORIENTED_EDGE('',*,*,#4820,.F.);
#3630=ORIENTED_EDGE('',*,*,#5084,.F.);
#3631=CARTESIAN_POINT('',(3.505,2.23,-1.1));
#3632=DIRECTION('',(0.0,0.0,1.0));
#3633=DIRECTION('',(1.0,0.0,0.0));
#3634=SURFACE_STYLE_FILL_AREA(#5085);
#3635=ORIENTED_EDGE('',*,*,#4814,.T.);
#3636=ORIENTED_EDGE('',*,*,#5086,.F.);
#3637=ORIENTED_EDGE('',*,*,#5084,.T.);
#3638=ORIENTED_EDGE('',*,*,#4819,.T.);
#3639=ORIENTED_EDGE('',*,*,#4807,.T.);
#3640=ORIENTED_EDGE('',*,*,#4811,.T.);
#3641=CARTESIAN_POINT('',(2.82,2.23,-6.1));
#3642=DIRECTION('',(1.0,0.0,0.0));
#3643=DIRECTION('',(0.0,0.0,-1.0));
#3644=SURFACE_STYLE_FILL_AREA(#5087);
#3645=ORIENTED_EDGE('',*,*,#5045,.T.);
#3646=ORIENTED_EDGE('',*,*,#4821,.F.);
#3647=ORIENTED_EDGE('',*,*,#5083,.T.);
#3648=ORIENTED_EDGE('',*,*,#5088,.F.);
#3649=CARTESIAN_POINT('',(4.19,2.23,-6.1));
#3650=DIRECTION('',(-1.0,0.0,0.0));
#3651=DIRECTION('',(0.0,0.0,1.0));
#3652=SURFACE_STYLE_FILL_AREA(#5089);
#3653=ORIENTED_EDGE('',*,*,#5060,.T.);
#3654=ORIENTED_EDGE('',*,*,#4852,.T.);
#3655=ORIENTED_EDGE('',*,*,#5065,.T.);
#3656=ORIENTED_EDGE('',*,*,#4875,.T.);
#3657=ORIENTED_EDGE('',*,*,#5067,.T.);
#3658=ORIENTED_EDGE('',*,*,#5058,.T.);
#3659=ORIENTED_EDGE('',*,*,#4881,.T.);
#3660=ORIENTED_EDGE('',*,*,#5070,.T.);
#3661=ORIENTED_EDGE('',*,*,#5090,.T.);
#3662=ORIENTED_EDGE('',*,*,#5072,.T.);
#3663=ORIENTED_EDGE('',*,*,#5056,.T.);
#3664=ORIENTED_EDGE('',*,*,#5077,.T.);
#3665=ORIENTED_EDGE('',*,*,#5091,.T.);
#3666=ORIENTED_EDGE('',*,*,#5092,.F.);
#3667=ORIENTED_EDGE('',*,*,#5046,.T.);
#3668=ORIENTED_EDGE('',*,*,#5088,.T.);
#3669=ORIENTED_EDGE('',*,*,#5082,.T.);
#3670=ORIENTED_EDGE('',*,*,#5086,.T.);
#3671=ORIENTED_EDGE('',*,*,#4801,.T.);
#3672=ORIENTED_EDGE('',*,*,#5063,.T.);
#3673=ORIENTED_EDGE('',*,*,#5093,.T.);
#3674=ORIENTED_EDGE('',*,*,#4846,.T.);
#3675=ORIENTED_EDGE('',*,*,#4850,.T.);
#3676=ORIENTED_EDGE('',*,*,#4836,.T.);
#3677=CARTESIAN_POINT('',(0.0,2.05,-10.1));
#3678=DIRECTION('',(0.0,1.0,0.0));
#3679=DIRECTION('',(-1.0,0.0,0.0));
#3680=SURFACE_STYLE_FILL_AREA(#5094);
#3681=ORIENTED_EDGE('',*,*,#4825,.T.);
#3682=ORIENTED_EDGE('',*,*,#4848,.T.);
#3683=ORIENTED_EDGE('',*,*,#5095,.T.);
#3684=ORIENTED_EDGE('',*,*,#5061,.T.);
#3685=CARTESIAN_POINT('',(1.005,1.73,-7.1));
#3686=DIRECTION('',(0.0,1.0,0.0));
#3687=DIRECTION('',(0.0,0.0,1.0));
#3688=SURFACE_STYLE_FILL_AREA(#5096);
#3689=ORIENTED_EDGE('',*,*,#5062,.T.);
#3690=ORIENTED_EDGE('',*,*,#5095,.F.);
#3691=ORIENTED_EDGE('',*,*,#4847,.T.);
#3692=ORIENTED_EDGE('',*,*,#5093,.F.);
#3693=CARTESIAN_POINT('',(1.69,2.23,-7.1));
#3694=DIRECTION('',(-1.0,0.0,0.0));
#3695=DIRECTION('',(0.0,0.0,1.0));
#3696=SURFACE_STYLE_FILL_AREA(#5097);
#3697=ORIENTED_EDGE('',*,*,#5090,.F.);
#3698=ORIENTED_EDGE('',*,*,#5069,.F.);
#3699=ORIENTED_EDGE('',*,*,#4907,.F.);
#3700=ORIENTED_EDGE('',*,*,#5073,.F.);
#3701=CARTESIAN_POINT('',(-3.505,2.23,-1.1));
#3702=DIRECTION('',(0.0,0.0,1.0));
#3703=DIRECTION('',(1.0,0.0,0.0));
#3704=SURFACE_STYLE_FILL_AREA(#5098);
#3705=ORIENTED_EDGE('',*,*,#5099,.F.);
#3706=ORIENTED_EDGE('',*,*,#5100,.F.);
#3707=ORIENTED_EDGE('',*,*,#5101,.F.);
#3708=ORIENTED_EDGE('',*,*,#5102,.F.);
#3709=ORIENTED_EDGE('',*,*,#5103,.F.);
#3710=ORIENTED_EDGE('',*,*,#5091,.F.);
#3711=ORIENTED_EDGE('',*,*,#5076,.F.);
#3712=ORIENTED_EDGE('',*,*,#5080,.F.);
#3713=CARTESIAN_POINT('',(7.0,2.0,-0.35));
#3714=DIRECTION('',(-4.32963728535968E-17,-0.707106781186548,-0.707106781186547));
#3715=DIRECTION('',(4.32963728535968E-17,-0.707106781186547,0.707106781186548));
#3716=SURFACE_STYLE_FILL_AREA(#5104);
#3717=ORIENTED_EDGE('',*,*,#5047,.T.);
#3718=ORIENTED_EDGE('',*,*,#5092,.T.);
#3719=ORIENTED_EDGE('',*,*,#5103,.T.);
#3720=ORIENTED_EDGE('',*,*,#5105,.F.);
#3721=CARTESIAN_POINT('',(4.72,2.15,-10.1));
#3722=DIRECTION('',(-1.0,0.0,0.0));
#3723=DIRECTION('',(0.0,-1.0,0.0));
#3724=SURFACE_STYLE_FILL_AREA(#5106);
#3725=ORIENTED_EDGE('',*,*,#5107,.F.);
#3726=ORIENTED_EDGE('',*,*,#5048,.T.);
#3727=ORIENTED_EDGE('',*,*,#5105,.T.);
#3728=ORIENTED_EDGE('',*,*,#5102,.T.);
#3729=CARTESIAN_POINT('',(5.26,2.25,-10.1));
#3730=DIRECTION('',(4.11193712824132E-16,1.0,0.0));
#3731=DIRECTION('',(-1.0,4.11193712824132E-16,0.0));
#3732=SURFACE_STYLE_FILL_AREA(#5108);
#3733=ORIENTED_EDGE('',*,*,#5109,.F.);
#3734=ORIENTED_EDGE('',*,*,#4956,.F.);
#3735=ORIENTED_EDGE('',*,*,#5110,.F.);
#3736=ORIENTED_EDGE('',*,*,#5111,.T.);
#3737=CARTESIAN_POINT('',(0.0,0.35,-10.1));
#3738=DIRECTION('',(0.0,-1.0,0.0));
#3739=DIRECTION('',(1.0,0.0,0.0));
#3740=SURFACE_STYLE_FILL_AREA(#5112);
#3741=ORIENTED_EDGE('',*,*,#5113,.F.);
#3742=ORIENTED_EDGE('',*,*,#5111,.F.);
#3743=ORIENTED_EDGE('',*,*,#5114,.F.);
#3744=ORIENTED_EDGE('',*,*,#5115,.F.);
#3745=ORIENTED_EDGE('',*,*,#5100,.T.);
#3746=ORIENTED_EDGE('',*,*,#5116,.F.);
#3747=CARTESIAN_POINT('',(3.88578058618805E-16,1.24350364963504,-0.0999999999999996));
#3748=DIRECTION('',(0.0,0.0,1.0));
#3749=DIRECTION('',(1.0,0.0,0.0));
#3750=SURFACE_STYLE_FILL_AREA(#5117);
#3751=ORIENTED_EDGE('',*,*,#4951,.T.);
#3752=ORIENTED_EDGE('',*,*,#5109,.T.);
#3753=ORIENTED_EDGE('',*,*,#5113,.T.);
#3754=ORIENTED_EDGE('',*,*,#5118,.T.);
#3755=ORIENTED_EDGE('',*,*,#5119,.F.);
#3756=ORIENTED_EDGE('',*,*,#5120,.F.);
#3757=ORIENTED_EDGE('',*,*,#5121,.F.);
#3758=ORIENTED_EDGE('',*,*,#5122,.T.);
#3759=CARTESIAN_POINT('',(-5.6,0.4,-24.0));
#3760=DIRECTION('',(0.0,0.0,1.0));
#3761=DIRECTION('',(1.0,0.0,0.0));
#3762=SURFACE_STYLE_FILL_AREA(#5123);
#3763=ORIENTED_EDGE('',*,*,#5116,.T.);
#3764=ORIENTED_EDGE('',*,*,#5099,.T.);
#3765=ORIENTED_EDGE('',*,*,#5079,.T.);
#3766=ORIENTED_EDGE('',*,*,#5053,.T.);
#3767=ORIENTED_EDGE('',*,*,#5124,.T.);
#3768=ORIENTED_EDGE('',*,*,#5125,.F.);
#3769=ORIENTED_EDGE('',*,*,#5118,.F.);
#3770=CARTESIAN_POINT('',(-5.7,2.25,-24.0));
#3771=DIRECTION('',(-1.0,0.0,0.0));
#3772=DIRECTION('',(0.0,-1.0,0.0));
#3773=SURFACE_STYLE_FILL_AREA(#5126);
#3774=ORIENTED_EDGE('',*,*,#4949,.T.);
#3775=ORIENTED_EDGE('',*,*,#5127,.F.);
#3776=ORIENTED_EDGE('',*,*,#5128,.F.);
#3777=ORIENTED_EDGE('',*,*,#5129,.T.);
#3778=CARTESIAN_POINT('',(-5.7,2.25,-24.0));
#3779=DIRECTION('',(-1.0,0.0,0.0));
#3780=DIRECTION('',(0.0,-1.0,0.0));
#3781=SURFACE_STYLE_FILL_AREA(#5130);
#3782=ORIENTED_EDGE('',*,*,#5052,.T.);
#3783=ORIENTED_EDGE('',*,*,#5131,.T.);
#3784=ORIENTED_EDGE('',*,*,#5132,.F.);
#3785=ORIENTED_EDGE('',*,*,#5124,.F.);
#3786=CARTESIAN_POINT('',(-5.6,4.1,-24.0));
#3787=DIRECTION('',(0.0,0.0,1.0));
#3788=DIRECTION('',(1.0,0.0,0.0));
#3789=SURFACE_STYLE_FILL_AREA(#5133);
#3790=ORIENTED_EDGE('',*,*,#5134,.T.);
#3791=ORIENTED_EDGE('',*,*,#5135,.T.);
#3792=ORIENTED_EDGE('',*,*,#5136,.T.);
#3793=ORIENTED_EDGE('',*,*,#5137,.T.);
#3794=ORIENTED_EDGE('',*,*,#5138,.T.);
#3795=ORIENTED_EDGE('',*,*,#5139,.T.);
#3796=ORIENTED_EDGE('',*,*,#5140,.T.);
#3797=ORIENTED_EDGE('',*,*,#5141,.T.);
#3798=ORIENTED_EDGE('',*,*,#5051,.T.);
#3799=ORIENTED_EDGE('',*,*,#5142,.T.);
#3800=ORIENTED_EDGE('',*,*,#5143,.F.);
#3801=ORIENTED_EDGE('',*,*,#5131,.F.);
#3802=CARTESIAN_POINT('',(0.0,4.2,-24.0));
#3803=DIRECTION('',(0.0,1.0,0.0));
#3804=DIRECTION('',(-1.0,0.0,0.0));
#3805=SURFACE_STYLE_FILL_AREA(#5144);
#3806=ORIENTED_EDGE('',*,*,#5050,.T.);
#3807=ORIENTED_EDGE('',*,*,#5145,.T.);
#3808=ORIENTED_EDGE('',*,*,#5146,.F.);
#3809=ORIENTED_EDGE('',*,*,#5142,.F.);
#3810=CARTESIAN_POINT('',(5.6,4.1,-24.0));
#3811=DIRECTION('',(0.0,0.0,1.0));
#3812=DIRECTION('',(1.0,0.0,0.0));
#3813=SURFACE_STYLE_FILL_AREA(#5147);
#3814=ORIENTED_EDGE('',*,*,#4945,.T.);
#3815=ORIENTED_EDGE('',*,*,#5148,.F.);
#3816=ORIENTED_EDGE('',*,*,#5149,.F.);
#3817=ORIENTED_EDGE('',*,*,#5150,.F.);
#3818=CARTESIAN_POINT('',(5.7,2.25,-24.0));
#3819=DIRECTION('',(1.0,0.0,0.0));
#3820=DIRECTION('',(0.0,1.0,0.0));
#3821=SURFACE_STYLE_FILL_AREA(#5151);
#3822=ORIENTED_EDGE('',*,*,#5049,.T.);
#3823=ORIENTED_EDGE('',*,*,#5107,.T.);
#3824=ORIENTED_EDGE('',*,*,#5101,.T.);
#3825=ORIENTED_EDGE('',*,*,#5115,.T.);
#3826=ORIENTED_EDGE('',*,*,#5152,.T.);
#3827=ORIENTED_EDGE('',*,*,#5153,.F.);
#3828=ORIENTED_EDGE('',*,*,#5145,.F.);
#3829=CARTESIAN_POINT('',(5.7,2.25,-24.0));
#3830=DIRECTION('',(1.0,0.0,0.0));
#3831=DIRECTION('',(0.0,1.0,0.0));
#3832=SURFACE_STYLE_FILL_AREA(#5154);
#3833=ORIENTED_EDGE('',*,*,#5136,.F.);
#3834=ORIENTED_EDGE('',*,*,#5155,.F.);
#3835=ORIENTED_EDGE('',*,*,#5156,.F.);
#3836=ORIENTED_EDGE('',*,*,#5157,.F.);
#3837=CARTESIAN_POINT('',(2.95,5.0,-3.3));
#3838=DIRECTION('',(0.0,0.0,1.0));
#3839=DIRECTION('',(1.0,0.0,0.0));
#3840=SURFACE_STYLE_FILL_AREA(#5158);
#3841=ORIENTED_EDGE('',*,*,#5159,.F.);
#3842=ORIENTED_EDGE('',*,*,#5160,.F.);
#3843=ORIENTED_EDGE('',*,*,#5161,.F.);
#3844=ORIENTED_EDGE('',*,*,#5162,.F.);
#3845=CARTESIAN_POINT('',(2.95,5.0,-3.3));
#3846=DIRECTION('',(0.0,0.0,1.0));
#3847=DIRECTION('',(1.0,0.0,0.0));
#3848=SURFACE_STYLE_FILL_AREA(#5163);
#3849=ORIENTED_EDGE('',*,*,#5135,.F.);
#3850=ORIENTED_EDGE('',*,*,#5164,.T.);
#3851=ORIENTED_EDGE('',*,*,#5165,.F.);
#3852=ORIENTED_EDGE('',*,*,#5155,.T.);
#3853=CARTESIAN_POINT('',(1.7,5.0,-4.3));
#3854=DIRECTION('',(1.0,0.0,0.0));
#3855=DIRECTION('',(0.0,0.0,-1.0));
#3856=SURFACE_STYLE_FILL_AREA(#5166);
#3857=ORIENTED_EDGE('',*,*,#5167,.F.);
#3858=ORIENTED_EDGE('',*,*,#5162,.T.);
#3859=ORIENTED_EDGE('',*,*,#5168,.F.);
#3860=ORIENTED_EDGE('',*,*,#5169,.T.);
#3861=CARTESIAN_POINT('',(1.7,5.0,-4.3));
#3862=DIRECTION('',(1.0,0.0,0.0));
#3863=DIRECTION('',(0.0,0.0,-1.0));
#3864=SURFACE_STYLE_FILL_AREA(#5170);
#3865=ORIENTED_EDGE('',*,*,#5137,.F.);
#3866=ORIENTED_EDGE('',*,*,#5157,.T.);
#3867=ORIENTED_EDGE('',*,*,#5171,.F.);
#3868=ORIENTED_EDGE('',*,*,#5172,.T.);
#3869=CARTESIAN_POINT('',(4.2,5.0,-4.3));
#3870=DIRECTION('',(-1.0,0.0,0.0));
#3871=DIRECTION('',(0.0,0.0,1.0));
#3872=SURFACE_STYLE_FILL_AREA(#5173);
#3873=ORIENTED_EDGE('',*,*,#5134,.F.);
#3874=ORIENTED_EDGE('',*,*,#5172,.F.);
#3875=ORIENTED_EDGE('',*,*,#5174,.F.);
#3876=ORIENTED_EDGE('',*,*,#5164,.F.);
#3877=CARTESIAN_POINT('',(2.95,5.0,-5.3));
#3878=DIRECTION('',(0.0,0.0,1.0));
#3879=DIRECTION('',(1.0,0.0,0.0));
#3880=SURFACE_STYLE_FILL_AREA(#5175);
#3881=ORIENTED_EDGE('',*,*,#5176,.F.);
#3882=ORIENTED_EDGE('',*,*,#5169,.F.);
#3883=ORIENTED_EDGE('',*,*,#5177,.F.);
#3884=ORIENTED_EDGE('',*,*,#5178,.F.);
#3885=CARTESIAN_POINT('',(2.95,5.0,-5.3));
#3886=DIRECTION('',(0.0,0.0,1.0));
#3887=DIRECTION('',(1.0,0.0,0.0));
#3888=SURFACE_STYLE_FILL_AREA(#5179);
#3889=ORIENTED_EDGE('',*,*,#5180,.F.);
#3890=ORIENTED_EDGE('',*,*,#5178,.T.);
#3891=ORIENTED_EDGE('',*,*,#5181,.F.);
#3892=ORIENTED_EDGE('',*,*,#5160,.T.);
#3893=CARTESIAN_POINT('',(4.2,5.0,-4.3));
#3894=DIRECTION('',(-1.0,0.0,0.0));
#3895=DIRECTION('',(0.0,0.0,1.0));
#3896=SURFACE_STYLE_FILL_AREA(#5182);
#3897=ORIENTED_EDGE('',*,*,#5140,.F.);
#3898=ORIENTED_EDGE('',*,*,#5183,.F.);
#3899=ORIENTED_EDGE('',*,*,#5184,.F.);
#3900=ORIENTED_EDGE('',*,*,#5185,.F.);
#3901=CARTESIAN_POINT('',(-2.95,5.0,-3.3));
#3902=DIRECTION('',(0.0,0.0,1.0));
#3903=DIRECTION('',(1.0,0.0,0.0));
#3904=SURFACE_STYLE_FILL_AREA(#5186);
#3905=ORIENTED_EDGE('',*,*,#5187,.F.);
#3906=ORIENTED_EDGE('',*,*,#5188,.F.);
#3907=ORIENTED_EDGE('',*,*,#5189,.F.);
#3908=ORIENTED_EDGE('',*,*,#5190,.F.);
#3909=CARTESIAN_POINT('',(-2.95,5.0,-3.3));
#3910=DIRECTION('',(0.0,0.0,1.0));
#3911=DIRECTION('',(1.0,0.0,0.0));
#3912=SURFACE_STYLE_FILL_AREA(#5191);
#3913=ORIENTED_EDGE('',*,*,#5139,.F.);
#3914=ORIENTED_EDGE('',*,*,#5192,.T.);
#3915=ORIENTED_EDGE('',*,*,#5193,.F.);
#3916=ORIENTED_EDGE('',*,*,#5183,.T.);
#3917=CARTESIAN_POINT('',(-4.2,5.0,-4.3));
#3918=DIRECTION('',(1.0,0.0,0.0));
#3919=DIRECTION('',(0.0,0.0,-1.0));
#3920=SURFACE_STYLE_FILL_AREA(#5194);
#3921=ORIENTED_EDGE('',*,*,#5195,.F.);
#3922=ORIENTED_EDGE('',*,*,#5190,.T.);
#3923=ORIENTED_EDGE('',*,*,#5196,.F.);
#3924=ORIENTED_EDGE('',*,*,#5197,.T.);
#3925=CARTESIAN_POINT('',(-4.2,5.0,-4.3));
#3926=DIRECTION('',(1.0,0.0,0.0));
#3927=DIRECTION('',(0.0,0.0,-1.0));
#3928=SURFACE_STYLE_FILL_AREA(#5198);
#3929=ORIENTED_EDGE('',*,*,#5141,.F.);
#3930=ORIENTED_EDGE('',*,*,#5185,.T.);
#3931=ORIENTED_EDGE('',*,*,#5199,.F.);
#3932=ORIENTED_EDGE('',*,*,#5200,.T.);
#3933=CARTESIAN_POINT('',(-1.7,5.0,-4.3));
#3934=DIRECTION('',(-1.0,0.0,0.0));
#3935=DIRECTION('',(0.0,0.0,1.0));
#3936=SURFACE_STYLE_FILL_AREA(#5201);
#3937=ORIENTED_EDGE('',*,*,#5138,.F.);
#3938=ORIENTED_EDGE('',*,*,#5200,.F.);
#3939=ORIENTED_EDGE('',*,*,#5202,.F.);
#3940=ORIENTED_EDGE('',*,*,#5192,.F.);
#3941=CARTESIAN_POINT('',(-2.95,5.0,-5.3));
#3942=DIRECTION('',(0.0,0.0,1.0));
#3943=DIRECTION('',(1.0,0.0,0.0));
#3944=SURFACE_STYLE_FILL_AREA(#5203);
#3945=ORIENTED_EDGE('',*,*,#5204,.F.);
#3946=ORIENTED_EDGE('',*,*,#5197,.F.);
#3947=ORIENTED_EDGE('',*,*,#5205,.F.);
#3948=ORIENTED_EDGE('',*,*,#5206,.F.);
#3949=CARTESIAN_POINT('',(-2.95,5.0,-5.3));
#3950=DIRECTION('',(0.0,0.0,1.0));
#3951=DIRECTION('',(1.0,0.0,0.0));
#3952=SURFACE_STYLE_FILL_AREA(#5207);
#3953=ORIENTED_EDGE('',*,*,#5208,.F.);
#3954=ORIENTED_EDGE('',*,*,#5206,.T.);
#3955=ORIENTED_EDGE('',*,*,#5209,.F.);
#3956=ORIENTED_EDGE('',*,*,#5188,.T.);
#3957=CARTESIAN_POINT('',(-1.7,5.0,-4.3));
#3958=DIRECTION('',(-1.0,0.0,0.0));
#3959=DIRECTION('',(0.0,0.0,1.0));
#3960=SURFACE_STYLE_FILL_AREA(#5210);
#3961=ORIENTED_EDGE('',*,*,#4516,.T.);
#3962=ORIENTED_EDGE('',*,*,#5211,.F.);
#3963=ORIENTED_EDGE('',*,*,#4518,.T.);
#3964=ORIENTED_EDGE('',*,*,#4968,.F.);
#3965=CARTESIAN_POINT('',(0.0,2.62,-14.2));
#3966=DIRECTION('',(1.0,0.0,0.0));
#3967=DIRECTION('',(0.0,0.0,-1.0));
#3968=SURFACE_STYLE_FILL_AREA(#5212);
#3969=ORIENTED_EDGE('',*,*,#4511,.T.);
#3970=ORIENTED_EDGE('',*,*,#4960,.F.);
#3971=ORIENTED_EDGE('',*,*,#4513,.T.);
#3972=ORIENTED_EDGE('',*,*,#5213,.F.);
#3973=CARTESIAN_POINT('',(0.0,2.62,-14.2));
#3974=DIRECTION('',(1.0,0.0,0.0));
#3975=DIRECTION('',(0.0,0.0,-1.0));
#3976=SURFACE_STYLE_FILL_AREA(#5214);
#3977=ORIENTED_EDGE('',*,*,#4506,.T.);
#3978=ORIENTED_EDGE('',*,*,#5215,.F.);
#3979=ORIENTED_EDGE('',*,*,#4508,.T.);
#3980=ORIENTED_EDGE('',*,*,#4962,.F.);
#3981=CARTESIAN_POINT('',(0.0,2.62,-10.2));
#3982=DIRECTION('',(1.0,0.0,0.0));
#3983=DIRECTION('',(0.0,0.0,-1.0));
#3984=SURFACE_STYLE_FILL_AREA(#5216);
#3985=ORIENTED_EDGE('',*,*,#4501,.T.);
#3986=ORIENTED_EDGE('',*,*,#4958,.F.);
#3987=ORIENTED_EDGE('',*,*,#4503,.T.);
#3988=ORIENTED_EDGE('',*,*,#5217,.F.);
#3989=CARTESIAN_POINT('',(0.0,2.62,-10.2));
#3990=DIRECTION('',(1.0,0.0,0.0));
#3991=DIRECTION('',(0.0,0.0,-1.0));
#3992=SURFACE_STYLE_FILL_AREA(#5218);
#3993=ORIENTED_EDGE('',*,*,#5219,.F.);
#3994=ORIENTED_EDGE('',*,*,#5220,.T.);
#3995=ORIENTED_EDGE('',*,*,#5221,.T.);
#3996=ORIENTED_EDGE('',*,*,#5222,.T.);
#3997=ORIENTED_EDGE('',*,*,#4494,.T.);
#3998=ORIENTED_EDGE('',*,*,#5223,.F.);
#3999=ORIENTED_EDGE('',*,*,#5224,.F.);
#4000=ORIENTED_EDGE('',*,*,#5225,.F.);
#4001=ORIENTED_EDGE('',*,*,#5226,.T.);
#4002=ORIENTED_EDGE('',*,*,#5227,.F.);
#4003=ORIENTED_EDGE('',*,*,#5228,.F.);
#4004=ORIENTED_EDGE('',*,*,#4499,.F.);
#4005=ORIENTED_EDGE('',*,*,#5229,.F.);
#4006=ORIENTED_EDGE('',*,*,#5230,.F.);
#4007=CARTESIAN_POINT('',(5.90315724523658,0.283985280445536,-16.79));
#4008=DIRECTION('',(1.22460635382238E-16,0.0,-1.0));
#4009=DIRECTION('',(-1.0,0.0,-1.22460635382238E-16));
#4010=SURFACE_STYLE_FILL_AREA(#5231);
#4011=ORIENTED_EDGE('',*,*,#5232,.F.);
#4012=ORIENTED_EDGE('',*,*,#5233,.T.);
#4013=ORIENTED_EDGE('',*,*,#5234,.F.);
#4014=ORIENTED_EDGE('',*,*,#5220,.F.);
#4015=CARTESIAN_POINT('',(5.71,1.5,-16.79));
#4016=DIRECTION('',(-1.0,0.0,-1.22460635382238E-16));
#4017=DIRECTION('',(0.0,1.0,0.0));
#4018=SURFACE_STYLE_FILL_AREA(#5235);
#4019=ORIENTED_EDGE('',*,*,#5236,.T.);
#4020=ORIENTED_EDGE('',*,*,#5237,.F.);
#4021=ORIENTED_EDGE('',*,*,#5226,.F.);
#4022=ORIENTED_EDGE('',*,*,#5238,.T.);
#4023=CARTESIAN_POINT('',(5.9,-1.15196730899837,-16.79));
#4024=DIRECTION('',(1.0,0.0,1.22460635382238E-16));
#4025=DIRECTION('',(0.0,-1.0,0.0));
#4026=SURFACE_STYLE_FILL_AREA(#5239);
#4027=ORIENTED_EDGE('',*,*,#5240,.T.);
#4028=ORIENTED_EDGE('',*,*,#5241,.F.);
#4029=ORIENTED_EDGE('',*,*,#5227,.T.);
#4030=ORIENTED_EDGE('',*,*,#5237,.T.);
#4031=CARTESIAN_POINT('',(6.08343954705212,-0.48165377320222,-16.79));
#4032=DIRECTION('',(0.91719773526063,-0.398432321019232,1.12320617431166E-16));
#4033=DIRECTION('',(-0.398432321019232,-0.91719773526063,-4.87922751888348E-17));
#4034=SURFACE_STYLE_FILL_AREA(#5242);
#4035=ORIENTED_EDGE('',*,*,#4496,.T.);
#4036=ORIENTED_EDGE('',*,*,#5228,.T.);
#4037=ORIENTED_EDGE('',*,*,#5241,.T.);
#4038=ORIENTED_EDGE('',*,*,#5243,.T.);
#4039=CARTESIAN_POINT('',(5.9,0.1,-16.79));
#4040=DIRECTION('',(1.22460635382238E-16,0.0,-1.0));
#4041=DIRECTION('',(-1.0,0.0,-1.22460635382238E-16));
#4042=SURFACE_STYLE_FILL_AREA(#5244);
#4043=ORIENTED_EDGE('',*,*,#5245,.T.);
#4044=ORIENTED_EDGE('',*,*,#5246,.F.);
#4045=ORIENTED_EDGE('',*,*,#5229,.T.);
#4046=ORIENTED_EDGE('',*,*,#4498,.T.);
#4047=CARTESIAN_POINT('',(6.13308864790664,0.617990150232595,-16.79));
#4048=DIRECTION('',(0.936462127763889,0.350768703370083,1.14679747177368E-16));
#4049=DIRECTION('',(0.350768703370083,-0.936462127763889,4.29553582869041E-17));
#4050=SURFACE_STYLE_FILL_AREA(#5247);
#4051=ORIENTED_EDGE('',*,*,#5248,.F.);
#4052=ORIENTED_EDGE('',*,*,#5230,.T.);
#4053=ORIENTED_EDGE('',*,*,#5246,.T.);
#4054=ORIENTED_EDGE('',*,*,#5249,.T.);
#4055=CARTESIAN_POINT('',(5.99,1.5,-16.79));
#4056=DIRECTION('',(1.0,0.0,1.22460635382238E-16));
#4057=DIRECTION('',(0.0,-1.0,0.0));
#4058=SURFACE_STYLE_FILL_AREA(#5250);
#4059=ORIENTED_EDGE('',*,*,#5251,.T.);
#4060=ORIENTED_EDGE('',*,*,#5252,.F.);
#4061=ORIENTED_EDGE('',*,*,#5221,.F.);
#4062=ORIENTED_EDGE('',*,*,#5234,.T.);
#4063=CARTESIAN_POINT('',(5.85234491912306,0.566076648694014,-16.79));
#4064=DIRECTION('',(-0.950180930594624,-0.311698891775917,-1.16359760488704E-16));
#4065=DIRECTION('',(-0.311698891775917,0.950180930594624,-3.81708443348181E-17));
#4066=SURFACE_STYLE_FILL_AREA(#5253);
#4067=ORIENTED_EDGE('',*,*,#4491,.T.);
#4068=ORIENTED_EDGE('',*,*,#5222,.F.);
#4069=ORIENTED_EDGE('',*,*,#5252,.T.);
#4070=ORIENTED_EDGE('',*,*,#5254,.T.);
#4071=CARTESIAN_POINT('',(5.9,0.1,-16.79));
#4072=DIRECTION('',(1.22460635382238E-16,0.0,-1.0));
#4073=DIRECTION('',(-1.0,0.0,-1.22460635382238E-16));
#4074=SURFACE_STYLE_FILL_AREA(#5255);
#4075=ORIENTED_EDGE('',*,*,#5256,.T.);
#4076=ORIENTED_EDGE('',*,*,#5257,.F.);
#4077=ORIENTED_EDGE('',*,*,#5223,.T.);
#4078=ORIENTED_EDGE('',*,*,#4493,.T.);
#4079=CARTESIAN_POINT('',(5.79632184874234,-0.420789804292348,-16.79));
#4080=DIRECTION('',(-0.926436974846815,0.376449905879497,-1.13452060581339E-16));
#4081=DIRECTION('',(0.376449905879497,0.926436974846815,4.61002946635868E-17));
#4082=SURFACE_STYLE_FILL_AREA(#5258);
#4083=ORIENTED_EDGE('',*,*,#5259,.T.);
#4084=ORIENTED_EDGE('',*,*,#5260,.F.);
#4085=ORIENTED_EDGE('',*,*,#5224,.T.);
#4086=ORIENTED_EDGE('',*,*,#5257,.T.);
#4087=CARTESIAN_POINT('',(5.6,-1.15196730899837,-16.79));
#4088=DIRECTION('',(-1.0,0.0,-1.22460635382238E-16));
#4089=DIRECTION('',(0.0,1.0,0.0));
#4090=SURFACE_STYLE_FILL_AREA(#5261);
#4091=ORIENTED_EDGE('',*,*,#5262,.T.);
#4092=ORIENTED_EDGE('',*,*,#5238,.F.);
#4093=ORIENTED_EDGE('',*,*,#5225,.T.);
#4094=ORIENTED_EDGE('',*,*,#5260,.T.);
#4095=CARTESIAN_POINT('',(5.75,-1.4,-16.79));
#4096=DIRECTION('',(0.0,-1.0,-0.0));
#4097=DIRECTION('',(-1.0,0.0,-1.22460635382238E-16));
#4098=SURFACE_STYLE_FILL_AREA(#5263);
#4099=ORIENTED_EDGE('',*,*,#5264,.F.);
#4100=ORIENTED_EDGE('',*,*,#5249,.F.);
#4101=ORIENTED_EDGE('',*,*,#5245,.F.);
#4102=ORIENTED_EDGE('',*,*,#4497,.F.);
#4103=ORIENTED_EDGE('',*,*,#5243,.F.);
#4104=ORIENTED_EDGE('',*,*,#5240,.F.);
#4105=ORIENTED_EDGE('',*,*,#5236,.F.);
#4106=ORIENTED_EDGE('',*,*,#5262,.F.);
#4107=ORIENTED_EDGE('',*,*,#5259,.F.);
#4108=ORIENTED_EDGE('',*,*,#5256,.F.);
#4109=ORIENTED_EDGE('',*,*,#4492,.F.);
#4110=ORIENTED_EDGE('',*,*,#5254,.F.);
#4111=ORIENTED_EDGE('',*,*,#5251,.F.);
#4112=ORIENTED_EDGE('',*,*,#5233,.F.);
#4113=CARTESIAN_POINT('',(5.90315724523658,0.283985280445536,-18.79));
#4114=DIRECTION('',(1.22460635382238E-16,0.0,-1.0));
#4115=DIRECTION('',(-1.0,0.0,-1.22460635382238E-16));
#4116=SURFACE_STYLE_FILL_AREA(#5265);
#4117=ORIENTED_EDGE('',*,*,#5266,.F.);
#4118=ORIENTED_EDGE('',*,*,#5267,.T.);
#4119=ORIENTED_EDGE('',*,*,#5268,.T.);
#4120=ORIENTED_EDGE('',*,*,#5269,.T.);
#4121=ORIENTED_EDGE('',*,*,#4484,.T.);
#4122=ORIENTED_EDGE('',*,*,#5270,.F.);
#4123=ORIENTED_EDGE('',*,*,#5271,.F.);
#4124=ORIENTED_EDGE('',*,*,#5272,.F.);
#4125=ORIENTED_EDGE('',*,*,#5273,.T.);
#4126=ORIENTED_EDGE('',*,*,#5274,.F.);
#4127=ORIENTED_EDGE('',*,*,#5275,.F.);
#4128=ORIENTED_EDGE('',*,*,#4489,.F.);
#4129=ORIENTED_EDGE('',*,*,#5276,.F.);
#4130=ORIENTED_EDGE('',*,*,#5277,.F.);
#4131=CARTESIAN_POINT('',(-5.90315724523658,0.283985280445536,-18.79));
#4132=DIRECTION('',(0.0,0.0,1.0));
#4133=DIRECTION('',(1.0,0.0,0.0));
#4134=SURFACE_STYLE_FILL_AREA(#5278);
#4135=ORIENTED_EDGE('',*,*,#5279,.F.);
#4136=ORIENTED_EDGE('',*,*,#5280,.T.);
#4137=ORIENTED_EDGE('',*,*,#5281,.F.);
#4138=ORIENTED_EDGE('',*,*,#5267,.F.);
#4139=CARTESIAN_POINT('',(-5.71,1.5,-18.79));
#4140=DIRECTION('',(1.0,0.0,0.0));
#4141=DIRECTION('',(0.0,1.0,0.0));
#4142=SURFACE_STYLE_FILL_AREA(#5282);
#4143=ORIENTED_EDGE('',*,*,#5283,.T.);
#4144=ORIENTED_EDGE('',*,*,#5284,.F.);
#4145=ORIENTED_EDGE('',*,*,#5273,.F.);
#4146=ORIENTED_EDGE('',*,*,#5285,.T.);
#4147=CARTESIAN_POINT('',(-5.9,-1.15196730899837,-18.79));
#4148=DIRECTION('',(-1.0,-0.0,0.0));
#4149=DIRECTION('',(0.0,-1.0,-0.0));
#4150=SURFACE_STYLE_FILL_AREA(#5286);
#4151=ORIENTED_EDGE('',*,*,#5287,.T.);
#4152=ORIENTED_EDGE('',*,*,#5288,.F.);
#4153=ORIENTED_EDGE('',*,*,#5274,.T.);
#4154=ORIENTED_EDGE('',*,*,#5284,.T.);
#4155=CARTESIAN_POINT('',(-6.08343954705213,-0.48165377320222,-18.79));
#4156=DIRECTION('',(-0.91719773526063,-0.398432321019232,0.0));
#4157=DIRECTION('',(0.398432321019232,-0.91719773526063,0.0));
#4158=SURFACE_STYLE_FILL_AREA(#5289);
#4159=ORIENTED_EDGE('',*,*,#4486,.T.);
#4160=ORIENTED_EDGE('',*,*,#5275,.T.);
#4161=ORIENTED_EDGE('',*,*,#5288,.T.);
#4162=ORIENTED_EDGE('',*,*,#5290,.T.);
#4163=CARTESIAN_POINT('',(-5.9,0.1,-18.79));
#4164=DIRECTION('',(0.0,0.0,1.0));
#4165=DIRECTION('',(1.0,0.0,0.0));
#4166=SURFACE_STYLE_FILL_AREA(#5291);
#4167=ORIENTED_EDGE('',*,*,#5292,.T.);
#4168=ORIENTED_EDGE('',*,*,#5293,.F.);
#4169=ORIENTED_EDGE('',*,*,#5276,.T.);
#4170=ORIENTED_EDGE('',*,*,#4488,.T.);
#4171=CARTESIAN_POINT('',(-6.13308864790664,0.617990150232595,-18.79));
#4172=DIRECTION('',(-0.936462127763889,0.350768703370083,0.0));
#4173=DIRECTION('',(-0.350768703370083,-0.936462127763889,0.0));
#4174=SURFACE_STYLE_FILL_AREA(#5294);
#4175=ORIENTED_EDGE('',*,*,#5295,.F.);
#4176=ORIENTED_EDGE('',*,*,#5277,.T.);
#4177=ORIENTED_EDGE('',*,*,#5293,.T.);
#4178=ORIENTED_EDGE('',*,*,#5296,.T.);
#4179=CARTESIAN_POINT('',(-5.99,1.5,-18.79));
#4180=DIRECTION('',(-1.0,0.0,0.0));
#4181=DIRECTION('',(0.0,-1.0,0.0));
#4182=SURFACE_STYLE_FILL_AREA(#5297);
#4183=ORIENTED_EDGE('',*,*,#5298,.T.);
#4184=ORIENTED_EDGE('',*,*,#5299,.F.);
#4185=ORIENTED_EDGE('',*,*,#5268,.F.);
#4186=ORIENTED_EDGE('',*,*,#5281,.T.);
#4187=CARTESIAN_POINT('',(-5.85234491912306,0.566076648694014,-18.79));
#4188=DIRECTION('',(0.950180930594624,-0.311698891775917,0.0));
#4189=DIRECTION('',(0.311698891775917,0.950180930594624,0.0));
#4190=SURFACE_STYLE_FILL_AREA(#5300);
#4191=ORIENTED_EDGE('',*,*,#4481,.T.);
#4192=ORIENTED_EDGE('',*,*,#5269,.F.);
#4193=ORIENTED_EDGE('',*,*,#5299,.T.);
#4194=ORIENTED_EDGE('',*,*,#5301,.T.);
#4195=CARTESIAN_POINT('',(-5.9,0.1,-18.79));
#4196=DIRECTION('',(0.0,0.0,1.0));
#4197=DIRECTION('',(1.0,0.0,0.0));
#4198=SURFACE_STYLE_FILL_AREA(#5302);
#4199=ORIENTED_EDGE('',*,*,#5303,.T.);
#4200=ORIENTED_EDGE('',*,*,#5304,.F.);
#4201=ORIENTED_EDGE('',*,*,#5270,.T.);
#4202=ORIENTED_EDGE('',*,*,#4483,.T.);
#4203=CARTESIAN_POINT('',(-5.79632184874234,-0.420789804292348,-18.79));
#4204=DIRECTION('',(0.926436974846815,0.376449905879497,0.0));
#4205=DIRECTION('',(-0.376449905879497,0.926436974846815,0.0));
#4206=SURFACE_STYLE_FILL_AREA(#5305);
#4207=ORIENTED_EDGE('',*,*,#5306,.T.);
#4208=ORIENTED_EDGE('',*,*,#5307,.F.);
#4209=ORIENTED_EDGE('',*,*,#5271,.T.);
#4210=ORIENTED_EDGE('',*,*,#5304,.T.);
#4211=CARTESIAN_POINT('',(-5.6,-1.15196730899837,-18.79));
#4212=DIRECTION('',(1.0,0.0,0.0));
#4213=DIRECTION('',(0.0,1.0,0.0));
#4214=SURFACE_STYLE_FILL_AREA(#5308);
#4215=ORIENTED_EDGE('',*,*,#5309,.T.);
#4216=ORIENTED_EDGE('',*,*,#5285,.F.);
#4217=ORIENTED_EDGE('',*,*,#5272,.T.);
#4218=ORIENTED_EDGE('',*,*,#5307,.T.);
#4219=CARTESIAN_POINT('',(-5.75,-1.4,-18.79));
#4220=DIRECTION('',(0.0,-1.0,0.0));
#4221=DIRECTION('',(1.0,0.0,0.0));
#4222=SURFACE_STYLE_FILL_AREA(#5310);
#4223=ORIENTED_EDGE('',*,*,#5311,.F.);
#4224=ORIENTED_EDGE('',*,*,#5296,.F.);
#4225=ORIENTED_EDGE('',*,*,#5292,.F.);
#4226=ORIENTED_EDGE('',*,*,#4487,.F.);
#4227=ORIENTED_EDGE('',*,*,#5290,.F.);
#4228=ORIENTED_EDGE('',*,*,#5287,.F.);
#4229=ORIENTED_EDGE('',*,*,#5283,.F.);
#4230=ORIENTED_EDGE('',*,*,#5309,.F.);
#4231=ORIENTED_EDGE('',*,*,#5306,.F.);
#4232=ORIENTED_EDGE('',*,*,#5303,.F.);
#4233=ORIENTED_EDGE('',*,*,#4482,.F.);
#4234=ORIENTED_EDGE('',*,*,#5301,.F.);
#4235=ORIENTED_EDGE('',*,*,#5298,.F.);
#4236=ORIENTED_EDGE('',*,*,#5280,.F.);
#4237=CARTESIAN_POINT('',(-5.90315724523658,0.283985280445536,-16.79));
#4238=DIRECTION('',(0.0,0.0,1.0));
#4239=DIRECTION('',(1.0,0.0,0.0));
#4240=SURFACE_STYLE_FILL_AREA(#5312);
#4241=ORIENTED_EDGE('',*,*,#5176,.T.);
#4242=ORIENTED_EDGE('',*,*,#5180,.T.);
#4243=ORIENTED_EDGE('',*,*,#5159,.T.);
#4244=ORIENTED_EDGE('',*,*,#5167,.T.);
#4245=ORIENTED_EDGE('',*,*,#5204,.T.);
#4246=ORIENTED_EDGE('',*,*,#5208,.T.);
#4247=ORIENTED_EDGE('',*,*,#5187,.T.);
#4248=ORIENTED_EDGE('',*,*,#5195,.T.);
#4249=ORIENTED_EDGE('',*,*,#5313,.F.);
#4250=ORIENTED_EDGE('',*,*,#5314,.F.);
#4251=ORIENTED_EDGE('',*,*,#5315,.F.);
#4252=ORIENTED_EDGE('',*,*,#5120,.T.);
#4253=CARTESIAN_POINT('',(0.0,0.300000000000001,-24.0));
#4254=DIRECTION('',(0.0,-1.0,0.0));
#4255=DIRECTION('',(1.0,0.0,0.0));
#4256=SURFACE_STYLE_FILL_AREA(#5316);
#4257=ORIENTED_EDGE('',*,*,#4942,.T.);
#4258=ORIENTED_EDGE('',*,*,#5129,.F.);
#4259=ORIENTED_EDGE('',*,*,#5317,.F.);
#4260=ORIENTED_EDGE('',*,*,#5318,.T.);
#4261=CARTESIAN_POINT('',(-5.6,4.1,-24.0));
#4262=DIRECTION('',(0.0,0.0,1.0));
#4263=DIRECTION('',(1.0,0.0,0.0));
#4264=SURFACE_STYLE_FILL_AREA(#5319);
#4265=ORIENTED_EDGE('',*,*,#4952,.T.);
#4266=ORIENTED_EDGE('',*,*,#5122,.F.);
#4267=ORIENTED_EDGE('',*,*,#5320,.F.);
#4268=ORIENTED_EDGE('',*,*,#5038,.T.);
#4269=CARTESIAN_POINT('',(-5.7,2.25,-24.0));
#4270=DIRECTION('',(-1.0,0.0,0.0));
#4271=DIRECTION('',(0.0,-1.0,0.0));
#4272=SURFACE_STYLE_FILL_AREA(#5321);
#4273=ORIENTED_EDGE('',*,*,#4943,.T.);
#4274=ORIENTED_EDGE('',*,*,#5318,.F.);
#4275=ORIENTED_EDGE('',*,*,#5322,.F.);
#4276=ORIENTED_EDGE('',*,*,#5323,.T.);
#4277=CARTESIAN_POINT('',(0.0,4.2,-24.0));
#4278=DIRECTION('',(0.0,1.0,0.0));
#4279=DIRECTION('',(-1.0,0.0,0.0));
#4280=SURFACE_STYLE_FILL_AREA(#5324);
#4281=ORIENTED_EDGE('',*,*,#4944,.T.);
#4282=ORIENTED_EDGE('',*,*,#5323,.F.);
#4283=ORIENTED_EDGE('',*,*,#5325,.F.);
#4284=ORIENTED_EDGE('',*,*,#5148,.T.);
#4285=CARTESIAN_POINT('',(5.6,4.1,-24.0));
#4286=DIRECTION('',(0.0,0.0,1.0));
#4287=DIRECTION('',(1.0,0.0,0.0));
#4288=SURFACE_STYLE_FILL_AREA(#5326);
#4289=ORIENTED_EDGE('',*,*,#5040,.T.);
#4290=ORIENTED_EDGE('',*,*,#5327,.F.);
#4291=ORIENTED_EDGE('',*,*,#5328,.T.);
#4292=ORIENTED_EDGE('',*,*,#4954,.T.);
#4293=CARTESIAN_POINT('',(5.7,2.25,-24.0));
#4294=DIRECTION('',(1.0,0.0,0.0));
#4295=DIRECTION('',(0.0,1.0,0.0));
#4296=SURFACE_STYLE_FILL_AREA(#5329);
#4297=ORIENTED_EDGE('',*,*,#4955,.T.);
#4298=ORIENTED_EDGE('',*,*,#5328,.F.);
#4299=ORIENTED_EDGE('',*,*,#5330,.F.);
#4300=ORIENTED_EDGE('',*,*,#5314,.T.);
#4301=ORIENTED_EDGE('',*,*,#5331,.F.);
#4302=ORIENTED_EDGE('',*,*,#5152,.F.);
#4303=ORIENTED_EDGE('',*,*,#5114,.T.);
#4304=ORIENTED_EDGE('',*,*,#5110,.T.);
#4305=CARTESIAN_POINT('',(5.6,0.4,-24.0));
#4306=DIRECTION('',(0.0,0.0,1.0));
#4307=DIRECTION('',(1.0,0.0,0.0));
#4308=SURFACE_STYLE_FILL_AREA(#5332);
#4309=ORIENTED_EDGE('',*,*,#5149,.T.);
#4310=ORIENTED_EDGE('',*,*,#5325,.T.);
#4311=ORIENTED_EDGE('',*,*,#5322,.T.);
#4312=ORIENTED_EDGE('',*,*,#5317,.T.);
#4313=ORIENTED_EDGE('',*,*,#5128,.T.);
#4314=ORIENTED_EDGE('',*,*,#5333,.F.);
#4315=ORIENTED_EDGE('',*,*,#5334,.F.);
#4316=ORIENTED_EDGE('',*,*,#5335,.F.);
#4317=ORIENTED_EDGE('',*,*,#5336,.T.);
#4318=ORIENTED_EDGE('',*,*,#5337,.F.);
#4319=ORIENTED_EDGE('',*,*,#5338,.F.);
#4320=ORIENTED_EDGE('',*,*,#5339,.F.);
#4321=CARTESIAN_POINT('',(4.16333634234434E-17,2.25,-18.8));
#4322=DIRECTION('',(0.0,0.0,1.0));
#4323=DIRECTION('',(1.0,0.0,0.0));
#4324=SURFACE_STYLE_FILL_AREA(#5340);
#4325=ORIENTED_EDGE('',*,*,#5279,.T.);
#4326=ORIENTED_EDGE('',*,*,#5266,.T.);
#4327=ORIENTED_EDGE('',*,*,#5295,.T.);
#4328=ORIENTED_EDGE('',*,*,#5311,.T.);
#4329=ORIENTED_EDGE('',*,*,#5127,.T.);
#4330=ORIENTED_EDGE('',*,*,#4965,.T.);
#4331=ORIENTED_EDGE('',*,*,#5341,.F.);
#4332=ORIENTED_EDGE('',*,*,#5342,.T.);
#4333=ORIENTED_EDGE('',*,*,#5333,.T.);
#4334=CARTESIAN_POINT('',(-8.0,1.65,-16.75));
#4335=DIRECTION('',(0.0,-1.0,0.0));
#4336=DIRECTION('',(6.12303176911189E-17,0.0,-1.0));
#4337=SURFACE_STYLE_FILL_AREA(#5343);
#4338=ORIENTED_EDGE('',*,*,#5232,.T.);
#4339=ORIENTED_EDGE('',*,*,#5219,.T.);
#4340=ORIENTED_EDGE('',*,*,#5248,.T.);
#4341=ORIENTED_EDGE('',*,*,#5264,.T.);
#4342=ORIENTED_EDGE('',*,*,#5043,.T.);
#4343=ORIENTED_EDGE('',*,*,#5150,.T.);
#4344=ORIENTED_EDGE('',*,*,#5339,.T.);
#4345=ORIENTED_EDGE('',*,*,#5344,.T.);
#4346=ORIENTED_EDGE('',*,*,#5345,.F.);
#4347=CARTESIAN_POINT('',(-8.0,1.65,-16.75));
#4348=DIRECTION('',(0.0,-1.0,0.0));
#4349=DIRECTION('',(6.12303176911189E-17,0.0,-1.0));
#4350=SURFACE_STYLE_FILL_AREA(#5346);
#4351=ORIENTED_EDGE('',*,*,#5327,.T.);
#4352=ORIENTED_EDGE('',*,*,#5042,.T.);
#4353=ORIENTED_EDGE('',*,*,#5345,.T.);
#4354=ORIENTED_EDGE('',*,*,#5347,.T.);
#4355=ORIENTED_EDGE('',*,*,#5348,.T.);
#4356=ORIENTED_EDGE('',*,*,#5349,.T.);
#4357=ORIENTED_EDGE('',*,*,#5350,.T.);
#4358=ORIENTED_EDGE('',*,*,#5351,.T.);
#4359=ORIENTED_EDGE('',*,*,#5341,.T.);
#4360=ORIENTED_EDGE('',*,*,#4964,.T.);
#4361=ORIENTED_EDGE('',*,*,#5320,.T.);
#4362=ORIENTED_EDGE('',*,*,#5121,.T.);
#4363=ORIENTED_EDGE('',*,*,#5315,.T.);
#4364=ORIENTED_EDGE('',*,*,#5330,.T.);
#4365=CARTESIAN_POINT('',(-8.0,0.824999999999999,-14.7));
#4366=DIRECTION('',(6.12303176911189E-17,0.0,-1.0));
#4367=DIRECTION('',(0.0,1.0,0.0));
#4368=SURFACE_STYLE_FILL_AREA(#5352);
#4369=ORIENTED_EDGE('',*,*,#5348,.F.);
#4370=ORIENTED_EDGE('',*,*,#5353,.T.);
#4371=ORIENTED_EDGE('',*,*,#5354,.T.);
#4372=ORIENTED_EDGE('',*,*,#5355,.F.);
#4373=CARTESIAN_POINT('',(5.6,0.4,-18.8));
#4374=DIRECTION('',(0.0,0.0,1.0));
#4375=DIRECTION('',(1.0,0.0,0.0));
#4376=SURFACE_STYLE_FILL_AREA(#5356);
#4377=ORIENTED_EDGE('',*,*,#4512,.T.);
#4378=ORIENTED_EDGE('',*,*,#5213,.T.);
#4379=ORIENTED_EDGE('',*,*,#4502,.T.);
#4380=ORIENTED_EDGE('',*,*,#5217,.T.);
#4381=ORIENTED_EDGE('',*,*,#5347,.F.);
#4382=ORIENTED_EDGE('',*,*,#5344,.F.);
#4383=ORIENTED_EDGE('',*,*,#5338,.T.);
#4384=ORIENTED_EDGE('',*,*,#5357,.T.);
#4385=ORIENTED_EDGE('',*,*,#5358,.T.);
#4386=ORIENTED_EDGE('',*,*,#5353,.F.);
#4387=CARTESIAN_POINT('',(6.0,2.25,-18.8));
#4388=DIRECTION('',(1.0,0.0,0.0));
#4389=DIRECTION('',(0.0,1.0,0.0));
#4390=SURFACE_STYLE_FILL_AREA(#5359);
#4391=ORIENTED_EDGE('',*,*,#5211,.T.);
#4392=ORIENTED_EDGE('',*,*,#4519,.T.);
#4393=ORIENTED_EDGE('',*,*,#5215,.T.);
#4394=ORIENTED_EDGE('',*,*,#4509,.T.);
#4395=ORIENTED_EDGE('',*,*,#5351,.F.);
#4396=ORIENTED_EDGE('',*,*,#5360,.T.);
#4397=ORIENTED_EDGE('',*,*,#5361,.T.);
#4398=ORIENTED_EDGE('',*,*,#5362,.F.);
#4399=ORIENTED_EDGE('',*,*,#5334,.T.);
#4400=ORIENTED_EDGE('',*,*,#5342,.F.);
#4401=CARTESIAN_POINT('',(-6.0,2.25,-18.8));
#4402=DIRECTION('',(-1.0,0.0,0.0));
#4403=DIRECTION('',(0.0,-1.0,0.0));
#4404=SURFACE_STYLE_FILL_AREA(#5363);
#4405=ORIENTED_EDGE('',*,*,#5364,.T.);
#4406=ORIENTED_EDGE('',*,*,#5365,.F.);
#4407=ORIENTED_EDGE('',*,*,#5335,.T.);
#4408=ORIENTED_EDGE('',*,*,#5362,.T.);
#4409=CARTESIAN_POINT('',(-5.6,4.1,-18.8));
#4410=DIRECTION('',(0.0,0.0,1.0));
#4411=DIRECTION('',(1.0,0.0,0.0));
#4412=SURFACE_STYLE_FILL_AREA(#5366);
#4413=ORIENTED_EDGE('',*,*,#5174,.T.);
#4414=ORIENTED_EDGE('',*,*,#5171,.T.);
#4415=ORIENTED_EDGE('',*,*,#5156,.T.);
#4416=ORIENTED_EDGE('',*,*,#5165,.T.);
#4417=ORIENTED_EDGE('',*,*,#5202,.T.);
#4418=ORIENTED_EDGE('',*,*,#5199,.T.);
#4419=ORIENTED_EDGE('',*,*,#5184,.T.);
#4420=ORIENTED_EDGE('',*,*,#5193,.T.);
#4421=ORIENTED_EDGE('',*,*,#5367,.T.);
#4422=ORIENTED_EDGE('',*,*,#5368,.F.);
#4423=ORIENTED_EDGE('',*,*,#5336,.F.);
#4424=ORIENTED_EDGE('',*,*,#5365,.T.);
#4425=CARTESIAN_POINT('',(0.0,4.5,-18.8));
#4426=DIRECTION('',(0.0,1.0,0.0));
#4427=DIRECTION('',(-1.0,0.0,0.0));
#4428=SURFACE_STYLE_FILL_AREA(#5369);
#4429=ORIENTED_EDGE('',*,*,#5370,.T.);
#4430=ORIENTED_EDGE('',*,*,#5357,.F.);
#4431=ORIENTED_EDGE('',*,*,#5337,.T.);
#4432=ORIENTED_EDGE('',*,*,#5368,.T.);
#4433=CARTESIAN_POINT('',(5.6,4.1,-18.8));
#4434=DIRECTION('',(0.0,0.0,1.0));
#4435=DIRECTION('',(1.0,0.0,0.0));
#4436=SURFACE_STYLE_FILL_AREA(#5371);
#4437=ORIENTED_EDGE('',*,*,#5177,.T.);
#4438=ORIENTED_EDGE('',*,*,#5168,.T.);
#4439=ORIENTED_EDGE('',*,*,#5161,.T.);
#4440=ORIENTED_EDGE('',*,*,#5181,.T.);
#4441=ORIENTED_EDGE('',*,*,#5205,.T.);
#4442=ORIENTED_EDGE('',*,*,#5196,.T.);
#4443=ORIENTED_EDGE('',*,*,#5189,.T.);
#4444=ORIENTED_EDGE('',*,*,#5209,.T.);
#4445=ORIENTED_EDGE('',*,*,#5349,.F.);
#4446=ORIENTED_EDGE('',*,*,#5355,.T.);
#4447=ORIENTED_EDGE('',*,*,#5372,.T.);
#4448=ORIENTED_EDGE('',*,*,#5373,.F.);
#4449=CARTESIAN_POINT('',(0.0,0.0,-18.8));
#4450=DIRECTION('',(0.0,-1.0,0.0));
#4451=DIRECTION('',(1.0,0.0,0.0));
#4452=SURFACE_STYLE_FILL_AREA(#5374);
#4453=ORIENTED_EDGE('',*,*,#5350,.F.);
#4454=ORIENTED_EDGE('',*,*,#5373,.T.);
#4455=ORIENTED_EDGE('',*,*,#5375,.T.);
#4456=ORIENTED_EDGE('',*,*,#5360,.F.);
#4457=CARTESIAN_POINT('',(-5.6,0.4,-18.8));
#4458=DIRECTION('',(0.0,0.0,1.0));
#4459=DIRECTION('',(1.0,0.0,0.0));
#4460=SURFACE_STYLE_FILL_AREA(#5376);
#4461=ORIENTED_EDGE('',*,*,#5143,.T.);
#4462=ORIENTED_EDGE('',*,*,#5146,.T.);
#4463=ORIENTED_EDGE('',*,*,#5153,.T.);
#4464=ORIENTED_EDGE('',*,*,#5331,.T.);
#4465=ORIENTED_EDGE('',*,*,#5313,.T.);
#4466=ORIENTED_EDGE('',*,*,#5119,.T.);
#4467=ORIENTED_EDGE('',*,*,#5125,.T.);
#4468=ORIENTED_EDGE('',*,*,#5132,.T.);
#4469=ORIENTED_EDGE('',*,*,#5361,.F.);
#4470=ORIENTED_EDGE('',*,*,#5375,.F.);
#4471=ORIENTED_EDGE('',*,*,#5372,.F.);
#4472=ORIENTED_EDGE('',*,*,#5354,.F.);
#4473=ORIENTED_EDGE('',*,*,#5358,.F.);
#4474=ORIENTED_EDGE('',*,*,#5370,.F.);
#4475=ORIENTED_EDGE('',*,*,#5367,.F.);
#4476=ORIENTED_EDGE('',*,*,#5364,.F.);
#4477=CARTESIAN_POINT('',(4.16333634234434E-17,2.25,0.0));
#4478=DIRECTION('',(0.0,0.0,1.0));
#4479=DIRECTION('',(1.0,0.0,0.0));
#4480=FILL_AREA_STYLE('',(#5377));
#4481=EDGE_CURVE('',#5378,#5379,#5380,.T.);
#4482=EDGE_CURVE('',#5378,#5381,#5382,.T.);
#4483=EDGE_CURVE('',#5383,#5381,#5384,.T.);
#4484=EDGE_CURVE('',#5379,#5383,#5385,.T.);
#4485=FILL_AREA_STYLE('',(#5386));
#4486=EDGE_CURVE('',#5387,#5388,#5389,.T.);
#4487=EDGE_CURVE('',#5387,#5390,#5391,.T.);
#4488=EDGE_CURVE('',#5392,#5390,#5393,.T.);
#4489=EDGE_CURVE('',#5392,#5388,#5394,.T.);
#4490=FILL_AREA_STYLE('',(#5395));
#4491=EDGE_CURVE('',#5396,#5397,#5398,.T.);
#4492=EDGE_CURVE('',#5396,#5399,#5400,.T.);
#4493=EDGE_CURVE('',#5401,#5399,#5402,.T.);
#4494=EDGE_CURVE('',#5397,#5401,#5403,.T.);
#4495=FILL_AREA_STYLE('',(#5404));
#4496=EDGE_CURVE('',#5405,#5406,#5407,.T.);
#4497=EDGE_CURVE('',#5405,#5408,#5409,.T.);
#4498=EDGE_CURVE('',#5410,#5408,#5411,.T.);
#4499=EDGE_CURVE('',#5410,#5406,#5412,.T.);
#4500=FILL_AREA_STYLE('',(#5413));
#4501=EDGE_CURVE('',#5414,#5415,#5416,.T.);
#4502=EDGE_CURVE('',#5417,#5414,#5418,.T.);
#4503=EDGE_CURVE('',#5419,#5417,#5420,.T.);
#4504=EDGE_CURVE('',#5415,#5419,#5421,.T.);
#4505=FILL_AREA_STYLE('',(#5422));
#4506=EDGE_CURVE('',#5423,#5424,#5425,.T.);
#4507=EDGE_CURVE('',#5426,#5423,#5427,.T.);
#4508=EDGE_CURVE('',#5428,#5426,#5429,.T.);
#4509=EDGE_CURVE('',#5424,#5428,#5430,.T.);
#4510=FILL_AREA_STYLE('',(#5431));
#4511=EDGE_CURVE('',#5432,#5433,#5434,.T.);
#4512=EDGE_CURVE('',#5435,#5432,#5436,.T.);
#4513=EDGE_CURVE('',#5437,#5435,#5438,.T.);
#4514=EDGE_CURVE('',#5433,#5437,#5439,.T.);
#4515=FILL_AREA_STYLE('',(#5440));
#4516=EDGE_CURVE('',#5441,#5442,#5443,.T.);
#4517=EDGE_CURVE('',#5444,#5441,#5445,.T.);
#4518=EDGE_CURVE('',#5446,#5444,#5447,.T.);
#4519=EDGE_CURVE('',#5442,#5446,#5448,.T.);
#4520=FILL_AREA_STYLE('',(#5449));
#4521=EDGE_CURVE('',#5450,#5451,#5452,.T.);
#4522=EDGE_CURVE('',#5453,#5450,#5454,.T.);
#4523=EDGE_CURVE('',#5455,#5453,#5456,.T.);
#4524=EDGE_CURVE('',#5451,#5455,#5457,.T.);
#4525=FILL_AREA_STYLE('',(#5458));
#4526=EDGE_CURVE('',#5459,#5460,#5461,.T.);
#4527=EDGE_CURVE('',#5462,#5459,#5463,.T.);
#4528=EDGE_CURVE('',#5464,#5462,#5465,.T.);
#4529=EDGE_CURVE('',#5460,#5464,#5466,.T.);
#4530=FILL_AREA_STYLE('',(#5467));
#4531=EDGE_CURVE('',#5468,#5469,#5470,.T.);
#4532=EDGE_CURVE('',#5471,#5468,#5472,.T.);
#4533=EDGE_CURVE('',#5473,#5471,#5474,.T.);
#4534=EDGE_CURVE('',#5469,#5473,#5475,.T.);
#4535=FILL_AREA_STYLE('',(#5476));
#4536=EDGE_CURVE('',#5477,#5478,#5479,.T.);
#4537=EDGE_CURVE('',#5477,#5480,#5481,.T.);
#4538=EDGE_CURVE('',#5480,#5482,#5483,.T.);
#4539=EDGE_CURVE('',#5478,#5482,#5484,.T.);
#4540=FILL_AREA_STYLE('',(#5485));
#4541=EDGE_CURVE('',#5486,#5471,#5487,.T.);
#4542=EDGE_CURVE('',#5488,#5486,#5489,.T.);
#4543=EDGE_CURVE('',#5488,#5473,#5490,.T.);
#4544=FILL_AREA_STYLE('',(#5491));
#4545=EDGE_CURVE('',#5492,#5486,#5493,.T.);
#4546=EDGE_CURVE('',#5494,#5492,#5495,.T.);
#4547=EDGE_CURVE('',#5496,#5494,#5497,.T.);
#4548=EDGE_CURVE('',#5498,#5496,#5499,.T.);
#4549=EDGE_CURVE('',#5500,#5498,#5501,.T.);
#4550=EDGE_CURVE('',#5502,#5500,#5503,.T.);
#4551=EDGE_CURVE('',#5504,#5502,#5505,.T.);
#4552=EDGE_CURVE('',#5506,#5504,#5507,.T.);
#4553=EDGE_CURVE('',#5488,#5506,#5508,.T.);
#4554=FILL_AREA_STYLE('',(#5509));
#4555=EDGE_CURVE('',#5510,#5494,#5511,.T.);
#4556=EDGE_CURVE('',#5510,#5512,#5513,.T.);
#4557=EDGE_CURVE('',#5512,#5496,#5514,.T.);
#4558=FILL_AREA_STYLE('',(#5515));
#4559=EDGE_CURVE('',#5516,#5517,#5518,.T.);
#4560=EDGE_CURVE('',#5516,#5480,#5519,.T.);
#4561=EDGE_CURVE('',#5517,#5477,#5520,.T.);
#4562=FILL_AREA_STYLE('',(#5521));
#4563=EDGE_CURVE('',#5478,#5522,#5523,.T.);
#4564=EDGE_CURVE('',#5524,#5482,#5525,.T.);
#4565=EDGE_CURVE('',#5526,#5524,#5527,.T.);
#4566=EDGE_CURVE('',#5528,#5526,#5529,.T.);
#4567=EDGE_CURVE('',#5530,#5528,#5531,.T.);
#4568=EDGE_CURVE('',#5532,#5530,#5533,.T.);
#4569=EDGE_CURVE('',#5532,#5512,#5534,.T.);
#4570=EDGE_CURVE('',#5522,#5510,#5535,.T.);
#4571=FILL_AREA_STYLE('',(#5536));
#4572=EDGE_CURVE('',#5469,#5516,#5537,.T.);
#4573=EDGE_CURVE('',#5524,#5506,#5538,.T.);
#4574=FILL_AREA_STYLE('',(#5539));
#4575=EDGE_CURVE('',#5526,#5504,#5540,.T.);
#4576=FILL_AREA_STYLE('',(#5541));
#4577=EDGE_CURVE('',#5528,#5502,#5542,.T.);
#4578=FILL_AREA_STYLE('',(#5543));
#4579=EDGE_CURVE('',#5530,#5500,#5544,.T.);
#4580=FILL_AREA_STYLE('',(#5545));
#4581=EDGE_CURVE('',#5532,#5498,#5546,.T.);
#4582=FILL_AREA_STYLE('',(#5547));
#4583=FILL_AREA_STYLE('',(#5548));
#4584=EDGE_CURVE('',#5517,#5549,#5550,.T.);
#4585=EDGE_CURVE('',#5549,#5551,#5552,.T.);
#4586=EDGE_CURVE('',#5551,#5553,#5554,.T.);
#4587=EDGE_CURVE('',#5553,#5555,#5556,.T.);
#4588=EDGE_CURVE('',#5555,#5557,#5558,.T.);
#4589=EDGE_CURVE('',#5557,#5559,#5560,.T.);
#4590=EDGE_CURVE('',#5559,#5561,#5562,.T.);
#4591=EDGE_CURVE('',#5561,#5563,#5564,.T.);
#4592=EDGE_CURVE('',#5563,#5468,#5565,.T.);
#4593=FILL_AREA_STYLE('',(#5566));
#4594=EDGE_CURVE('',#5567,#5522,#5568,.T.);
#4595=EDGE_CURVE('',#5567,#5549,#5569,.T.);
#4596=FILL_AREA_STYLE('',(#5570));
#4597=EDGE_CURVE('',#5571,#5572,#5573,.T.);
#4598=EDGE_CURVE('',#5574,#5571,#5575,.T.);
#4599=EDGE_CURVE('',#5576,#5574,#5577,.T.);
#4600=EDGE_CURVE('',#5572,#5576,#5578,.T.);
#4601=FILL_AREA_STYLE('',(#5579));
#4602=EDGE_CURVE('',#5580,#5581,#5582,.T.);
#4603=EDGE_CURVE('',#5580,#5583,#5584,.T.);
#4604=EDGE_CURVE('',#5583,#5585,#5586,.T.);
#4605=EDGE_CURVE('',#5581,#5585,#5587,.T.);
#4606=FILL_AREA_STYLE('',(#5588));
#4607=EDGE_CURVE('',#5589,#5574,#5590,.T.);
#4608=EDGE_CURVE('',#5591,#5589,#5592,.T.);
#4609=EDGE_CURVE('',#5591,#5576,#5593,.T.);
#4610=FILL_AREA_STYLE('',(#5594));
#4611=EDGE_CURVE('',#5595,#5589,#5596,.T.);
#4612=EDGE_CURVE('',#5597,#5595,#5598,.T.);
#4613=EDGE_CURVE('',#5599,#5597,#5600,.T.);
#4614=EDGE_CURVE('',#5601,#5599,#5602,.T.);
#4615=EDGE_CURVE('',#5603,#5601,#5604,.T.);
#4616=EDGE_CURVE('',#5605,#5603,#5606,.T.);
#4617=EDGE_CURVE('',#5607,#5605,#5608,.T.);
#4618=EDGE_CURVE('',#5609,#5607,#5610,.T.);
#4619=EDGE_CURVE('',#5591,#5609,#5611,.T.);
#4620=FILL_AREA_STYLE('',(#5612));
#4621=EDGE_CURVE('',#5613,#5597,#5614,.T.);
#4622=EDGE_CURVE('',#5613,#5615,#5616,.T.);
#4623=EDGE_CURVE('',#5615,#5599,#5617,.T.);
#4624=FILL_AREA_STYLE('',(#5618));
#4625=EDGE_CURVE('',#5619,#5620,#5621,.T.);
#4626=EDGE_CURVE('',#5619,#5583,#5622,.T.);
#4627=EDGE_CURVE('',#5620,#5580,#5623,.T.);
#4628=FILL_AREA_STYLE('',(#5624));
#4629=EDGE_CURVE('',#5581,#5625,#5626,.T.);
#4630=EDGE_CURVE('',#5627,#5585,#5628,.T.);
#4631=EDGE_CURVE('',#5629,#5627,#5630,.T.);
#4632=EDGE_CURVE('',#5631,#5629,#5632,.T.);
#4633=EDGE_CURVE('',#5633,#5631,#5634,.T.);
#4634=EDGE_CURVE('',#5635,#5633,#5636,.T.);
#4635=EDGE_CURVE('',#5635,#5615,#5637,.T.);
#4636=EDGE_CURVE('',#5625,#5613,#5638,.T.);
#4637=FILL_AREA_STYLE('',(#5639));
#4638=EDGE_CURVE('',#5572,#5619,#5640,.T.);
#4639=EDGE_CURVE('',#5627,#5609,#5641,.T.);
#4640=FILL_AREA_STYLE('',(#5642));
#4641=EDGE_CURVE('',#5629,#5607,#5643,.T.);
#4642=FILL_AREA_STYLE('',(#5644));
#4643=EDGE_CURVE('',#5631,#5605,#5645,.T.);
#4644=FILL_AREA_STYLE('',(#5646));
#4645=EDGE_CURVE('',#5633,#5603,#5647,.T.);
#4646=FILL_AREA_STYLE('',(#5648));
#4647=EDGE_CURVE('',#5635,#5601,#5649,.T.);
#4648=FILL_AREA_STYLE('',(#5650));
#4649=FILL_AREA_STYLE('',(#5651));
#4650=EDGE_CURVE('',#5620,#5652,#5653,.T.);
#4651=EDGE_CURVE('',#5652,#5654,#5655,.T.);
#4652=EDGE_CURVE('',#5654,#5656,#5657,.T.);
#4653=EDGE_CURVE('',#5656,#5658,#5659,.T.);
#4654=EDGE_CURVE('',#5658,#5660,#5661,.T.);
#4655=EDGE_CURVE('',#5660,#5662,#5663,.T.);
#4656=EDGE_CURVE('',#5662,#5664,#5665,.T.);
#4657=EDGE_CURVE('',#5664,#5666,#5667,.T.);
#4658=EDGE_CURVE('',#5666,#5571,#5668,.T.);
#4659=FILL_AREA_STYLE('',(#5669));
#4660=EDGE_CURVE('',#5670,#5625,#5671,.T.);
#4661=EDGE_CURVE('',#5670,#5652,#5672,.T.);
#4662=FILL_AREA_STYLE('',(#5673));
#4663=EDGE_CURVE('',#5674,#5675,#5676,.T.);
#4664=EDGE_CURVE('',#5677,#5674,#5678,.T.);
#4665=EDGE_CURVE('',#5679,#5677,#5680,.T.);
#4666=EDGE_CURVE('',#5675,#5679,#5681,.T.);
#4667=FILL_AREA_STYLE('',(#5682));
#4668=EDGE_CURVE('',#5683,#5684,#5685,.T.);
#4669=EDGE_CURVE('',#5683,#5686,#5687,.T.);
#4670=EDGE_CURVE('',#5686,#5688,#5689,.T.);
#4671=EDGE_CURVE('',#5684,#5688,#5690,.T.);
#4672=FILL_AREA_STYLE('',(#5691));
#4673=EDGE_CURVE('',#5692,#5677,#5693,.T.);
#4674=EDGE_CURVE('',#5694,#5692,#5695,.T.);
#4675=EDGE_CURVE('',#5694,#5679,#5696,.T.);
#4676=FILL_AREA_STYLE('',(#5697));
#4677=EDGE_CURVE('',#5698,#5692,#5699,.T.);
#4678=EDGE_CURVE('',#5700,#5698,#5701,.T.);
#4679=EDGE_CURVE('',#5702,#5700,#5703,.T.);
#4680=EDGE_CURVE('',#5704,#5702,#5705,.T.);
#4681=EDGE_CURVE('',#5706,#5704,#5707,.T.);
#4682=EDGE_CURVE('',#5708,#5706,#5709,.T.);
#4683=EDGE_CURVE('',#5710,#5708,#5711,.T.);
#4684=EDGE_CURVE('',#5712,#5710,#5713,.T.);
#4685=EDGE_CURVE('',#5694,#5712,#5714,.T.);
#4686=FILL_AREA_STYLE('',(#5715));
#4687=EDGE_CURVE('',#5716,#5700,#5717,.T.);
#4688=EDGE_CURVE('',#5716,#5718,#5719,.T.);
#4689=EDGE_CURVE('',#5718,#5702,#5720,.T.);
#4690=FILL_AREA_STYLE('',(#5721));
#4691=EDGE_CURVE('',#5722,#5723,#5724,.T.);
#4692=EDGE_CURVE('',#5722,#5686,#5725,.T.);
#4693=EDGE_CURVE('',#5723,#5683,#5726,.T.);
#4694=FILL_AREA_STYLE('',(#5727));
#4695=EDGE_CURVE('',#5684,#5728,#5729,.T.);
#4696=EDGE_CURVE('',#5730,#5688,#5731,.T.);
#4697=EDGE_CURVE('',#5732,#5730,#5733,.T.);
#4698=EDGE_CURVE('',#5734,#5732,#5735,.T.);
#4699=EDGE_CURVE('',#5736,#5734,#5737,.T.);
#4700=EDGE_CURVE('',#5738,#5736,#5739,.T.);
#4701=EDGE_CURVE('',#5738,#5718,#5740,.T.);
#4702=EDGE_CURVE('',#5728,#5716,#5741,.T.);
#4703=FILL_AREA_STYLE('',(#5742));
#4704=EDGE_CURVE('',#5675,#5722,#5743,.T.);
#4705=EDGE_CURVE('',#5730,#5712,#5744,.T.);
#4706=FILL_AREA_STYLE('',(#5745));
#4707=EDGE_CURVE('',#5732,#5710,#5746,.T.);
#4708=FILL_AREA_STYLE('',(#5747));
#4709=EDGE_CURVE('',#5734,#5708,#5748,.T.);
#4710=FILL_AREA_STYLE('',(#5749));
#4711=EDGE_CURVE('',#5736,#5706,#5750,.T.);
#4712=FILL_AREA_STYLE('',(#5751));
#4713=EDGE_CURVE('',#5738,#5704,#5752,.T.);
#4714=FILL_AREA_STYLE('',(#5753));
#4715=FILL_AREA_STYLE('',(#5754));
#4716=EDGE_CURVE('',#5723,#5755,#5756,.T.);
#4717=EDGE_CURVE('',#5755,#5757,#5758,.T.);
#4718=EDGE_CURVE('',#5757,#5759,#5760,.T.);
#4719=EDGE_CURVE('',#5759,#5761,#5762,.T.);
#4720=EDGE_CURVE('',#5761,#5763,#5764,.T.);
#4721=EDGE_CURVE('',#5763,#5765,#5766,.T.);
#4722=EDGE_CURVE('',#5765,#5767,#5768,.T.);
#4723=EDGE_CURVE('',#5767,#5769,#5770,.T.);
#4724=EDGE_CURVE('',#5769,#5674,#5771,.T.);
#4725=FILL_AREA_STYLE('',(#5772));
#4726=EDGE_CURVE('',#5773,#5728,#5774,.T.);
#4727=EDGE_CURVE('',#5773,#5755,#5775,.T.);
#4728=FILL_AREA_STYLE('',(#5776));
#4729=EDGE_CURVE('',#5777,#5778,#5779,.T.);
#4730=EDGE_CURVE('',#5780,#5777,#5781,.T.);
#4731=EDGE_CURVE('',#5782,#5780,#5783,.T.);
#4732=EDGE_CURVE('',#5778,#5782,#5784,.T.);
#4733=FILL_AREA_STYLE('',(#5785));
#4734=EDGE_CURVE('',#5786,#5787,#5788,.T.);
#4735=EDGE_CURVE('',#5786,#5789,#5790,.T.);
#4736=EDGE_CURVE('',#5789,#5791,#5792,.T.);
#4737=EDGE_CURVE('',#5787,#5791,#5793,.T.);
#4738=FILL_AREA_STYLE('',(#5794));
#4739=EDGE_CURVE('',#5795,#5780,#5796,.T.);
#4740=EDGE_CURVE('',#5797,#5795,#5798,.T.);
#4741=EDGE_CURVE('',#5797,#5782,#5799,.T.);
#4742=FILL_AREA_STYLE('',(#5800));
#4743=EDGE_CURVE('',#5801,#5795,#5802,.T.);
#4744=EDGE_CURVE('',#5803,#5801,#5804,.T.);
#4745=EDGE_CURVE('',#5805,#5803,#5806,.T.);
#4746=EDGE_CURVE('',#5807,#5805,#5808,.T.);
#4747=EDGE_CURVE('',#5809,#5807,#5810,.T.);
#4748=EDGE_CURVE('',#5811,#5809,#5812,.T.);
#4749=EDGE_CURVE('',#5813,#5811,#5814,.T.);
#4750=EDGE_CURVE('',#5815,#5813,#5816,.T.);
#4751=EDGE_CURVE('',#5797,#5815,#5817,.T.);
#4752=FILL_AREA_STYLE('',(#5818));
#4753=EDGE_CURVE('',#5819,#5803,#5820,.T.);
#4754=EDGE_CURVE('',#5819,#5821,#5822,.T.);
#4755=EDGE_CURVE('',#5821,#5805,#5823,.T.);
#4756=FILL_AREA_STYLE('',(#5824));
#4757=EDGE_CURVE('',#5825,#5826,#5827,.T.);
#4758=EDGE_CURVE('',#5825,#5789,#5828,.T.);
#4759=EDGE_CURVE('',#5826,#5786,#5829,.T.);
#4760=FILL_AREA_STYLE('',(#5830));
#4761=EDGE_CURVE('',#5787,#5831,#5832,.T.);
#4762=EDGE_CURVE('',#5833,#5791,#5834,.T.);
#4763=EDGE_CURVE('',#5835,#5833,#5836,.T.);
#4764=EDGE_CURVE('',#5837,#5835,#5838,.T.);
#4765=EDGE_CURVE('',#5839,#5837,#5840,.T.);
#4766=EDGE_CURVE('',#5841,#5839,#5842,.T.);
#4767=EDGE_CURVE('',#5841,#5821,#5843,.T.);
#4768=EDGE_CURVE('',#5831,#5819,#5844,.T.);
#4769=FILL_AREA_STYLE('',(#5845));
#4770=EDGE_CURVE('',#5778,#5825,#5846,.T.);
#4771=EDGE_CURVE('',#5833,#5815,#5847,.T.);
#4772=FILL_AREA_STYLE('',(#5848));
#4773=EDGE_CURVE('',#5835,#5813,#5849,.T.);
#4774=FILL_AREA_STYLE('',(#5850));
#4775=EDGE_CURVE('',#5837,#5811,#5851,.T.);
#4776=FILL_AREA_STYLE('',(#5852));
#4777=EDGE_CURVE('',#5839,#5809,#5853,.T.);
#4778=FILL_AREA_STYLE('',(#5854));
#4779=EDGE_CURVE('',#5841,#5807,#5855,.T.);
#4780=FILL_AREA_STYLE('',(#5856));
#4781=FILL_AREA_STYLE('',(#5857));
#4782=EDGE_CURVE('',#5826,#5858,#5859,.T.);
#4783=EDGE_CURVE('',#5858,#5860,#5861,.T.);
#4784=EDGE_CURVE('',#5860,#5862,#5863,.T.);
#4785=EDGE_CURVE('',#5862,#5864,#5865,.T.);
#4786=EDGE_CURVE('',#5864,#5866,#5867,.T.);
#4787=EDGE_CURVE('',#5866,#5868,#5869,.T.);
#4788=EDGE_CURVE('',#5868,#5870,#5871,.T.);
#4789=EDGE_CURVE('',#5870,#5872,#5873,.T.);
#4790=EDGE_CURVE('',#5872,#5777,#5874,.T.);
#4791=FILL_AREA_STYLE('',(#5875));
#4792=EDGE_CURVE('',#5876,#5831,#5877,.T.);
#4793=EDGE_CURVE('',#5876,#5858,#5878,.T.);
#4794=FILL_AREA_STYLE('',(#5879));
#4795=EDGE_CURVE('',#5880,#5881,#5882,.T.);
#4796=EDGE_CURVE('',#5880,#5883,#5884,.T.);
#4797=EDGE_CURVE('',#5883,#5885,#5886,.T.);
#4798=EDGE_CURVE('',#5885,#5881,#5887,.T.);
#4799=FILL_AREA_STYLE('',(#5888));
#4800=EDGE_CURVE('',#5889,#5880,#5890,.T.);
#4801=EDGE_CURVE('',#5891,#5889,#5892,.T.);
#4802=EDGE_CURVE('',#5891,#5883,#5893,.T.);
#4803=FILL_AREA_STYLE('',(#5894));
#4804=EDGE_CURVE('',#5895,#5896,#5897,.T.);
#4805=EDGE_CURVE('',#5895,#5898,#5899,.T.);
#4806=EDGE_CURVE('',#5900,#5898,#5901,.T.);
#4807=EDGE_CURVE('',#5896,#5900,#5902,.T.);
#4808=FILL_AREA_STYLE('',(#5903));
#4809=EDGE_CURVE('',#5898,#5904,#5905,.T.);
#4810=EDGE_CURVE('',#5906,#5904,#5907,.T.);
#4811=EDGE_CURVE('',#5900,#5906,#5908,.T.);
#4812=FILL_AREA_STYLE('',(#5909));
#4813=EDGE_CURVE('',#5904,#5885,#5910,.T.);
#4814=EDGE_CURVE('',#5906,#5891,#5911,.T.);
#4815=FILL_AREA_STYLE('',(#5912));
#4816=EDGE_CURVE('',#5881,#5913,#5914,.T.);
#4817=EDGE_CURVE('',#5913,#5895,#5915,.T.);
#4818=FILL_AREA_STYLE('',(#5916));
#4819=EDGE_CURVE('',#5917,#5896,#5918,.T.);
#4820=EDGE_CURVE('',#5917,#5919,#5920,.T.);
#4821=EDGE_CURVE('',#5919,#5921,#5922,.T.);
#4822=EDGE_CURVE('',#5921,#5913,#5923,.T.);
#4823=FILL_AREA_STYLE('',(#5924));
#4824=EDGE_CURVE('',#5925,#5926,#5927,.T.);
#4825=EDGE_CURVE('',#5928,#5925,#5929,.T.);
#4826=EDGE_CURVE('',#5930,#5928,#5931,.T.);
#4827=EDGE_CURVE('',#5932,#5930,#5933,.T.);
#4828=EDGE_CURVE('',#5934,#5932,#5935,.T.);
#4829=EDGE_CURVE('',#5926,#5934,#5936,.T.);
#4830=FILL_AREA_STYLE('',(#5937));
#4831=EDGE_CURVE('',#5938,#5930,#5939,.T.);
#4832=EDGE_CURVE('',#5938,#5940,#5941,.T.);
#4833=EDGE_CURVE('',#5940,#5932,#5942,.T.);
#4834=FILL_AREA_STYLE('',(#5943));
#4835=EDGE_CURVE('',#5944,#5938,#5945,.T.);
#4836=EDGE_CURVE('',#5946,#5944,#5947,.T.);
#4837=EDGE_CURVE('',#5946,#5940,#5948,.T.);
#4838=FILL_AREA_STYLE('',(#5949));
#4839=EDGE_CURVE('',#5926,#5950,#5951,.T.);
#4840=EDGE_CURVE('',#5952,#5934,#5953,.T.);
#4841=EDGE_CURVE('',#5950,#5952,#5954,.T.);
#4842=FILL_AREA_STYLE('',(#5955));
#4843=EDGE_CURVE('',#5952,#5946,#5956,.T.);
#4844=FILL_AREA_STYLE('',(#5957));
#4845=EDGE_CURVE('',#5958,#5950,#5959,.T.);
#4846=EDGE_CURVE('',#5960,#5958,#5961,.T.);
#4847=EDGE_CURVE('',#5962,#5960,#5963,.T.);
#4848=EDGE_CURVE('',#5925,#5962,#5964,.T.);
#4849=FILL_AREA_STYLE('',(#5965));
#4850=EDGE_CURVE('',#5958,#5946,#5966,.T.);
#4851=FILL_AREA_STYLE('',(#5967));
#4852=EDGE_CURVE('',#5968,#5969,#5970,.T.);
#4853=EDGE_CURVE('',#5971,#5968,#5972,.T.);
#4854=EDGE_CURVE('',#5973,#5971,#5974,.T.);
#4855=EDGE_CURVE('',#5969,#5973,#5975,.T.);
#4856=FILL_AREA_STYLE('',(#5976));
#4857=EDGE_CURVE('',#5977,#5971,#5978,.T.);
#4858=EDGE_CURVE('',#5977,#5979,#5980,.T.);
#4859=EDGE_CURVE('',#5979,#5973,#5981,.T.);
#4860=FILL_AREA_STYLE('',(#5982));
#4861=EDGE_CURVE('',#5983,#5984,#5985,.T.);
#4862=EDGE_CURVE('',#5986,#5983,#5987,.T.);
#4863=EDGE_CURVE('',#5988,#5986,#5989,.T.);
#4864=EDGE_CURVE('',#5984,#5988,#5990,.T.);
#4865=FILL_AREA_STYLE('',(#5991));
#4866=EDGE_CURVE('',#5969,#5986,#5992,.T.);
#4867=EDGE_CURVE('',#5988,#5979,#5993,.T.);
#4868=FILL_AREA_STYLE('',(#5994));
#4869=EDGE_CURVE('',#5984,#5995,#5996,.T.);
#4870=EDGE_CURVE('',#5997,#5977,#5998,.T.);
#4871=EDGE_CURVE('',#5995,#5997,#5999,.T.);
#4872=FILL_AREA_STYLE('',(#6000));
#4873=EDGE_CURVE('',#6001,#5995,#6002,.T.);
#4874=EDGE_CURVE('',#6003,#6001,#6004,.T.);
#4875=EDGE_CURVE('',#6005,#6003,#6006,.T.);
#4876=EDGE_CURVE('',#5983,#6005,#6007,.T.);
#4877=FILL_AREA_STYLE('',(#6008));
#4878=EDGE_CURVE('',#5997,#6009,#6010,.T.);
#4879=EDGE_CURVE('',#6001,#6009,#6011,.T.);
#4880=FILL_AREA_STYLE('',(#6012));
#4881=EDGE_CURVE('',#6013,#6014,#6015,.T.);
#4882=EDGE_CURVE('',#6016,#6013,#6017,.T.);
#4883=EDGE_CURVE('',#6018,#6016,#6019,.T.);
#4884=EDGE_CURVE('',#6014,#6018,#6020,.T.);
#4885=FILL_AREA_STYLE('',(#6021));
#4886=EDGE_CURVE('',#6022,#6016,#6023,.T.);
#4887=EDGE_CURVE('',#6022,#6024,#6025,.T.);
#4888=EDGE_CURVE('',#6024,#6018,#6026,.T.);
#4889=FILL_AREA_STYLE('',(#6027));
#4890=EDGE_CURVE('',#6028,#6029,#6030,.T.);
#4891=EDGE_CURVE('',#6031,#6028,#6032,.T.);
#4892=EDGE_CURVE('',#6033,#6031,#6034,.T.);
#4893=EDGE_CURVE('',#6029,#6033,#6035,.T.);
#4894=FILL_AREA_STYLE('',(#6036));
#4895=EDGE_CURVE('',#6037,#6031,#6038,.T.);
#4896=EDGE_CURVE('',#6039,#6037,#6040,.T.);
#4897=EDGE_CURVE('',#6033,#6039,#6041,.T.);
#4898=FILL_AREA_STYLE('',(#6042));
#4899=EDGE_CURVE('',#6014,#6037,#6043,.T.);
#4900=EDGE_CURVE('',#6039,#6024,#6044,.T.);
#4901=FILL_AREA_STYLE('',(#6045));
#4902=EDGE_CURVE('',#6029,#6046,#6047,.T.);
#4903=EDGE_CURVE('',#6046,#6022,#6048,.T.);
#4904=FILL_AREA_STYLE('',(#6049));
#4905=EDGE_CURVE('',#6046,#6050,#6051,.T.);
#4906=EDGE_CURVE('',#6052,#6050,#6053,.T.);
#4907=EDGE_CURVE('',#6052,#6054,#6055,.T.);
#4908=EDGE_CURVE('',#6054,#6028,#6056,.T.);
#4909=FILL_AREA_STYLE('',(#6057));
#4910=EDGE_CURVE('',#5492,#6058,#6059,.T.);
#4911=EDGE_CURVE('',#6058,#6060,#6061,.T.);
#4912=EDGE_CURVE('',#6060,#6062,#6063,.T.);
#4913=EDGE_CURVE('',#6062,#6064,#6065,.T.);
#4914=EDGE_CURVE('',#6064,#6066,#6067,.T.);
#4915=EDGE_CURVE('',#6066,#6068,#6069,.T.);
#4916=EDGE_CURVE('',#6068,#6070,#6071,.T.);
#4917=EDGE_CURVE('',#6070,#5567,#6072,.T.);
#4918=EDGE_CURVE('',#5595,#6073,#6074,.T.);
#4919=EDGE_CURVE('',#6073,#6075,#6076,.T.);
#4920=EDGE_CURVE('',#6075,#6077,#6078,.T.);
#4921=EDGE_CURVE('',#6077,#6079,#6080,.T.);
#4922=EDGE_CURVE('',#6079,#6081,#6082,.T.);
#4923=EDGE_CURVE('',#6081,#6083,#6084,.T.);
#4924=EDGE_CURVE('',#6083,#6085,#6086,.T.);
#4925=EDGE_CURVE('',#6085,#5670,#6087,.T.);
#4926=EDGE_CURVE('',#5698,#6088,#6089,.T.);
#4927=EDGE_CURVE('',#6088,#6090,#6091,.T.);
#4928=EDGE_CURVE('',#6090,#6092,#6093,.T.);
#4929=EDGE_CURVE('',#6092,#6094,#6095,.T.);
#4930=EDGE_CURVE('',#6094,#6096,#6097,.T.);
#4931=EDGE_CURVE('',#6096,#6098,#6099,.T.);
#4932=EDGE_CURVE('',#6098,#6100,#6101,.T.);
#4933=EDGE_CURVE('',#6100,#5773,#6102,.T.);
#4934=EDGE_CURVE('',#5801,#6103,#6104,.T.);
#4935=EDGE_CURVE('',#6103,#6105,#6106,.T.);
#4936=EDGE_CURVE('',#6105,#6107,#6108,.T.);
#4937=EDGE_CURVE('',#6107,#6109,#6110,.T.);
#4938=EDGE_CURVE('',#6109,#6111,#6112,.T.);
#4939=EDGE_CURVE('',#6111,#6113,#6114,.T.);
#4940=EDGE_CURVE('',#6113,#6115,#6116,.T.);
#4941=EDGE_CURVE('',#6115,#5876,#6117,.T.);
#4942=EDGE_CURVE('',#6118,#6119,#6120,.T.);
#4943=EDGE_CURVE('',#6121,#6118,#6122,.T.);
#4944=EDGE_CURVE('',#6123,#6121,#6124,.T.);
#4945=EDGE_CURVE('',#6125,#6123,#6126,.T.);
#4946=EDGE_CURVE('',#6125,#6127,#6128,.T.);
#4947=EDGE_CURVE('',#6127,#6129,#6130,.T.);
#4948=EDGE_CURVE('',#6129,#6131,#6132,.T.);
#4949=EDGE_CURVE('',#6119,#6131,#6133,.T.);
#4950=FILL_AREA_STYLE('',(#6134));
#4951=EDGE_CURVE('',#6135,#6136,#6137,.T.);
#4952=EDGE_CURVE('',#6138,#6135,#6139,.T.);
#4953=EDGE_CURVE('',#6138,#6140,#6141,.T.);
#4954=EDGE_CURVE('',#6142,#6140,#6143,.T.);
#4955=EDGE_CURVE('',#6144,#6142,#6145,.T.);
#4956=EDGE_CURVE('',#6144,#6136,#6146,.T.);
#4957=FILL_AREA_STYLE('',(#6147));
#4958=EDGE_CURVE('',#5419,#5415,#6148,.T.);
#4959=FILL_AREA_STYLE('',(#6149));
#4960=EDGE_CURVE('',#5437,#5433,#6150,.T.);
#4961=FILL_AREA_STYLE('',(#6151));
#4962=EDGE_CURVE('',#5423,#5426,#6152,.T.);
#4963=FILL_AREA_STYLE('',(#6153));
#4964=EDGE_CURVE('',#6154,#6155,#6156,.T.);
#4965=EDGE_CURVE('',#6131,#6154,#6157,.T.);
#4966=EDGE_CURVE('',#6155,#6129,#6158,.T.);
#4967=FILL_AREA_STYLE('',(#6159));
#4968=EDGE_CURVE('',#5441,#5444,#6160,.T.);
#4969=FILL_AREA_STYLE('',(#6161));
#4970=EDGE_CURVE('',#5464,#5460,#6162,.T.);
#4971=EDGE_CURVE('',#5459,#5462,#6163,.T.);
#4972=FILL_AREA_STYLE('',(#6164));
#4973=FILL_AREA_STYLE('',(#6165));
#4974=EDGE_CURVE('',#5455,#5451,#6166,.T.);
#4975=EDGE_CURVE('',#5450,#5453,#6167,.T.);
#4976=FILL_AREA_STYLE('',(#6168));
#4977=FILL_AREA_STYLE('',(#6169));
#4978=EDGE_CURVE('',#6062,#5559,#6170,.T.);
#4979=EDGE_CURVE('',#6064,#5557,#6171,.T.);
#4980=FILL_AREA_STYLE('',(#6172));
#4981=EDGE_CURVE('',#6066,#5555,#6173,.T.);
#4982=FILL_AREA_STYLE('',(#6174));
#4983=EDGE_CURVE('',#6068,#5553,#6175,.T.);
#4984=FILL_AREA_STYLE('',(#6176));
#4985=EDGE_CURVE('',#6070,#5551,#6177,.T.);
#4986=FILL_AREA_STYLE('',(#6178));
#4987=FILL_AREA_STYLE('',(#6179));
#4988=EDGE_CURVE('',#6060,#5561,#6180,.T.);
#4989=FILL_AREA_STYLE('',(#6181));
#4990=EDGE_CURVE('',#6058,#5563,#6182,.T.);
#4991=FILL_AREA_STYLE('',(#6183));
#4992=FILL_AREA_STYLE('',(#6184));
#4993=EDGE_CURVE('',#6077,#5662,#6185,.T.);
#4994=EDGE_CURVE('',#6079,#5660,#6186,.T.);
#4995=FILL_AREA_STYLE('',(#6187));
#4996=EDGE_CURVE('',#6081,#5658,#6188,.T.);
#4997=FILL_AREA_STYLE('',(#6189));
#4998=EDGE_CURVE('',#6083,#5656,#6190,.T.);
#4999=FILL_AREA_STYLE('',(#6191));
#5000=EDGE_CURVE('',#6085,#5654,#6192,.T.);
#5001=FILL_AREA_STYLE('',(#6193));
#5002=FILL_AREA_STYLE('',(#6194));
#5003=EDGE_CURVE('',#6075,#5664,#6195,.T.);
#5004=FILL_AREA_STYLE('',(#6196));
#5005=EDGE_CURVE('',#6073,#5666,#6197,.T.);
#5006=FILL_AREA_STYLE('',(#6198));
#5007=FILL_AREA_STYLE('',(#6199));
#5008=EDGE_CURVE('',#6092,#5765,#6200,.T.);
#5009=EDGE_CURVE('',#6094,#5763,#6201,.T.);
#5010=FILL_AREA_STYLE('',(#6202));
#5011=EDGE_CURVE('',#6096,#5761,#6203,.T.);
#5012=FILL_AREA_STYLE('',(#6204));
#5013=EDGE_CURVE('',#6098,#5759,#6205,.T.);
#5014=FILL_AREA_STYLE('',(#6206));
#5015=EDGE_CURVE('',#6100,#5757,#6207,.T.);
#5016=FILL_AREA_STYLE('',(#6208));
#5017=FILL_AREA_STYLE('',(#6209));
#5018=EDGE_CURVE('',#6090,#5767,#6210,.T.);
#5019=FILL_AREA_STYLE('',(#6211));
#5020=EDGE_CURVE('',#6088,#5769,#6212,.T.);
#5021=FILL_AREA_STYLE('',(#6213));
#5022=FILL_AREA_STYLE('',(#6214));
#5023=EDGE_CURVE('',#6107,#5868,#6215,.T.);
#5024=EDGE_CURVE('',#6109,#5866,#6216,.T.);
#5025=FILL_AREA_STYLE('',(#6217));
#5026=EDGE_CURVE('',#6111,#5864,#6218,.T.);
#5027=FILL_AREA_STYLE('',(#6219));
#5028=EDGE_CURVE('',#6113,#5862,#6220,.T.);
#5029=FILL_AREA_STYLE('',(#6221));
#5030=EDGE_CURVE('',#6115,#5860,#6222,.T.);
#5031=FILL_AREA_STYLE('',(#6223));
#5032=FILL_AREA_STYLE('',(#6224));
#5033=EDGE_CURVE('',#6105,#5870,#6225,.T.);
#5034=FILL_AREA_STYLE('',(#6226));
#5035=EDGE_CURVE('',#6103,#5872,#6227,.T.);
#5036=FILL_AREA_STYLE('',(#6228));
#5037=FILL_AREA_STYLE('',(#6229));
#5038=EDGE_CURVE('',#6155,#6138,#6230,.T.);
#5039=EDGE_CURVE('',#6231,#6127,#6232,.T.);
#5040=EDGE_CURVE('',#6140,#6231,#6233,.T.);
#5041=FILL_AREA_STYLE('',(#6234));
#5042=EDGE_CURVE('',#6231,#6235,#6236,.T.);
#5043=EDGE_CURVE('',#6235,#6125,#6237,.T.);
#5044=FILL_AREA_STYLE('',(#6238));
#5045=EDGE_CURVE('',#6239,#5921,#6240,.T.);
#5046=EDGE_CURVE('',#6241,#6239,#6242,.T.);
#5047=EDGE_CURVE('',#6243,#6241,#6244,.T.);
#5048=EDGE_CURVE('',#6245,#6243,#6246,.T.);
#5049=EDGE_CURVE('',#6247,#6245,#6248,.T.);
#5050=EDGE_CURVE('',#6249,#6247,#6250,.T.);
#5051=EDGE_CURVE('',#6251,#6249,#6252,.T.);
#5052=EDGE_CURVE('',#6253,#6251,#6254,.T.);
#5053=EDGE_CURVE('',#6255,#6253,#6256,.T.);
#5054=EDGE_CURVE('',#6257,#6255,#6258,.T.);
#5055=EDGE_CURVE('',#6259,#6257,#6260,.T.);
#5056=EDGE_CURVE('',#6261,#6259,#6262,.T.);
#5057=EDGE_CURVE('',#6050,#6261,#6263,.T.);
#5058=EDGE_CURVE('',#6264,#6013,#6265,.T.);
#5059=EDGE_CURVE('',#6009,#6264,#6266,.T.);
#5060=EDGE_CURVE('',#5944,#5968,#6267,.T.);
#5061=EDGE_CURVE('',#6268,#5928,#6269,.T.);
#5062=EDGE_CURVE('',#6270,#6268,#6271,.T.);
#5063=EDGE_CURVE('',#5889,#6270,#6272,.T.);
#5064=FILL_AREA_STYLE('',(#6273));
#5065=EDGE_CURVE('',#5969,#6005,#6274,.T.);
#5066=FILL_AREA_STYLE('',(#6275));
#5067=EDGE_CURVE('',#6003,#6264,#6276,.T.);
#5068=FILL_AREA_STYLE('',(#6277));
#5069=EDGE_CURVE('',#6054,#6278,#6279,.T.);
#5070=EDGE_CURVE('',#6014,#6278,#6280,.T.);
#5071=FILL_AREA_STYLE('',(#6281));
#5072=EDGE_CURVE('',#6282,#6261,#6283,.T.);
#5073=EDGE_CURVE('',#6282,#6052,#6284,.T.);
#5074=FILL_AREA_STYLE('',(#6285));
#5075=EDGE_CURVE('',#6257,#6286,#6287,.T.);
#5076=EDGE_CURVE('',#6286,#6288,#6289,.T.);
#5077=EDGE_CURVE('',#6259,#6288,#6290,.T.);
#5078=FILL_AREA_STYLE('',(#6291));
#5079=EDGE_CURVE('',#6292,#6255,#6293,.T.);
#5080=EDGE_CURVE('',#6292,#6286,#6294,.T.);
#5081=FILL_AREA_STYLE('',(#6295));
#5082=EDGE_CURVE('',#6296,#6297,#6298,.T.);
#5083=EDGE_CURVE('',#5919,#6296,#6299,.T.);
#5084=EDGE_CURVE('',#6297,#5917,#6300,.T.);
#5085=FILL_AREA_STYLE('',(#6301));
#5086=EDGE_CURVE('',#6297,#5891,#6302,.T.);
#5087=FILL_AREA_STYLE('',(#6303));
#5088=EDGE_CURVE('',#6239,#6296,#6304,.T.);
#5089=FILL_AREA_STYLE('',(#6305));
#5090=EDGE_CURVE('',#6278,#6282,#6306,.T.);
#5091=EDGE_CURVE('',#6288,#6307,#6308,.T.);
#5092=EDGE_CURVE('',#6241,#6307,#6309,.T.);
#5093=EDGE_CURVE('',#6270,#5960,#6310,.T.);
#5094=FILL_AREA_STYLE('',(#6311));
#5095=EDGE_CURVE('',#5962,#6268,#6312,.T.);
#5096=FILL_AREA_STYLE('',(#6313));
#5097=FILL_AREA_STYLE('',(#6314));
#5098=FILL_AREA_STYLE('',(#6315));
#5099=EDGE_CURVE('',#6316,#6292,#6317,.T.);
#5100=EDGE_CURVE('',#6318,#6316,#6319,.T.);
#5101=EDGE_CURVE('',#6320,#6318,#6321,.T.);
#5102=EDGE_CURVE('',#6322,#6320,#6323,.T.);
#5103=EDGE_CURVE('',#6307,#6322,#6324,.T.);
#5104=FILL_AREA_STYLE('',(#6325));
#5105=EDGE_CURVE('',#6243,#6322,#6326,.T.);
#5106=FILL_AREA_STYLE('',(#6327));
#5107=EDGE_CURVE('',#6245,#6320,#6328,.T.);
#5108=FILL_AREA_STYLE('',(#6329));
#5109=EDGE_CURVE('',#6136,#6330,#6331,.T.);
#5110=EDGE_CURVE('',#6332,#6144,#6333,.T.);
#5111=EDGE_CURVE('',#6332,#6330,#6334,.T.);
#5112=FILL_AREA_STYLE('',(#6335));
#5113=EDGE_CURVE('',#6330,#6336,#6337,.T.);
#5114=EDGE_CURVE('',#6338,#6332,#6339,.T.);
#5115=EDGE_CURVE('',#6318,#6338,#6340,.T.);
#5116=EDGE_CURVE('',#6336,#6316,#6341,.T.);
#5117=FILL_AREA_STYLE('',(#6342));
#5118=EDGE_CURVE('',#6336,#6343,#6344,.T.);
#5119=EDGE_CURVE('',#6345,#6343,#6346,.T.);
#5120=EDGE_CURVE('',#6347,#6345,#6348,.T.);
#5121=EDGE_CURVE('',#6349,#6347,#6350,.T.);
#5122=EDGE_CURVE('',#6349,#6135,#6351,.T.);
#5123=FILL_AREA_STYLE('',(#6352));
#5124=EDGE_CURVE('',#6253,#6353,#6354,.T.);
#5125=EDGE_CURVE('',#6343,#6353,#6355,.T.);
#5126=FILL_AREA_STYLE('',(#6356));
#5127=EDGE_CURVE('',#6357,#6131,#6358,.T.);
#5128=EDGE_CURVE('',#6359,#6357,#6360,.T.);
#5129=EDGE_CURVE('',#6359,#6119,#6361,.T.);
#5130=FILL_AREA_STYLE('',(#6362));
#5131=EDGE_CURVE('',#6251,#6363,#6364,.T.);
#5132=EDGE_CURVE('',#6353,#6363,#6365,.T.);
#5133=FILL_AREA_STYLE('',(#6366));
#5134=EDGE_CURVE('',#6367,#6368,#6369,.T.);
#5135=EDGE_CURVE('',#6368,#6370,#6371,.T.);
#5136=EDGE_CURVE('',#6370,#6372,#6373,.T.);
#5137=EDGE_CURVE('',#6372,#6367,#6374,.T.);
#5138=EDGE_CURVE('',#6375,#6376,#6377,.T.);
#5139=EDGE_CURVE('',#6376,#6378,#6379,.T.);
#5140=EDGE_CURVE('',#6378,#6380,#6381,.T.);
#5141=EDGE_CURVE('',#6380,#6375,#6382,.T.);
#5142=EDGE_CURVE('',#6249,#6383,#6384,.T.);
#5143=EDGE_CURVE('',#6363,#6383,#6385,.T.);
#5144=FILL_AREA_STYLE('',(#6386));
#5145=EDGE_CURVE('',#6247,#6387,#6388,.T.);
#5146=EDGE_CURVE('',#6383,#6387,#6389,.T.);
#5147=FILL_AREA_STYLE('',(#6390));
#5148=EDGE_CURVE('',#6391,#6123,#6392,.T.);
#5149=EDGE_CURVE('',#6393,#6391,#6394,.T.);
#5150=EDGE_CURVE('',#6125,#6393,#6395,.T.);
#5151=FILL_AREA_STYLE('',(#6396));
#5152=EDGE_CURVE('',#6338,#6397,#6398,.T.);
#5153=EDGE_CURVE('',#6387,#6397,#6399,.T.);
#5154=FILL_AREA_STYLE('',(#6400));
#5155=EDGE_CURVE('',#6401,#6370,#6402,.T.);
#5156=EDGE_CURVE('',#6403,#6401,#6404,.T.);
#5157=EDGE_CURVE('',#6372,#6403,#6405,.T.);
#5158=FILL_AREA_STYLE('',(#6406));
#5159=EDGE_CURVE('',#6407,#6408,#6409,.T.);
#5160=EDGE_CURVE('',#6410,#6407,#6411,.T.);
#5161=EDGE_CURVE('',#6412,#6410,#6413,.T.);
#5162=EDGE_CURVE('',#6408,#6412,#6414,.T.);
#5163=FILL_AREA_STYLE('',(#6415));
#5164=EDGE_CURVE('',#6368,#6416,#6417,.T.);
#5165=EDGE_CURVE('',#6401,#6416,#6418,.T.);
#5166=FILL_AREA_STYLE('',(#6419));
#5167=EDGE_CURVE('',#6408,#6420,#6421,.T.);
#5168=EDGE_CURVE('',#6422,#6412,#6423,.T.);
#5169=EDGE_CURVE('',#6422,#6420,#6424,.T.);
#5170=FILL_AREA_STYLE('',(#6425));
#5171=EDGE_CURVE('',#6426,#6403,#6427,.T.);
#5172=EDGE_CURVE('',#6426,#6367,#6428,.T.);
#5173=FILL_AREA_STYLE('',(#6429));
#5174=EDGE_CURVE('',#6416,#6426,#6430,.T.);
#5175=FILL_AREA_STYLE('',(#6431));
#5176=EDGE_CURVE('',#6420,#6432,#6433,.T.);
#5177=EDGE_CURVE('',#6434,#6422,#6435,.T.);
#5178=EDGE_CURVE('',#6432,#6434,#6436,.T.);
#5179=FILL_AREA_STYLE('',(#6437));
#5180=EDGE_CURVE('',#6432,#6407,#6438,.T.);
#5181=EDGE_CURVE('',#6410,#6434,#6439,.T.);
#5182=FILL_AREA_STYLE('',(#6440));
#5183=EDGE_CURVE('',#6441,#6378,#6442,.T.);
#5184=EDGE_CURVE('',#6443,#6441,#6444,.T.);
#5185=EDGE_CURVE('',#6380,#6443,#6445,.T.);
#5186=FILL_AREA_STYLE('',(#6446));
#5187=EDGE_CURVE('',#6447,#6448,#6449,.T.);
#5188=EDGE_CURVE('',#6450,#6447,#6451,.T.);
#5189=EDGE_CURVE('',#6452,#6450,#6453,.T.);
#5190=EDGE_CURVE('',#6448,#6452,#6454,.T.);
#5191=FILL_AREA_STYLE('',(#6455));
#5192=EDGE_CURVE('',#6376,#6456,#6457,.T.);
#5193=EDGE_CURVE('',#6441,#6456,#6458,.T.);
#5194=FILL_AREA_STYLE('',(#6459));
#5195=EDGE_CURVE('',#6448,#6460,#6461,.T.);
#5196=EDGE_CURVE('',#6462,#6452,#6463,.T.);
#5197=EDGE_CURVE('',#6462,#6460,#6464,.T.);
#5198=FILL_AREA_STYLE('',(#6465));
#5199=EDGE_CURVE('',#6466,#6443,#6467,.T.);
#5200=EDGE_CURVE('',#6466,#6375,#6468,.T.);
#5201=FILL_AREA_STYLE('',(#6469));
#5202=EDGE_CURVE('',#6456,#6466,#6470,.T.);
#5203=FILL_AREA_STYLE('',(#6471));
#5204=EDGE_CURVE('',#6460,#6472,#6473,.T.);
#5205=EDGE_CURVE('',#6474,#6462,#6475,.T.);
#5206=EDGE_CURVE('',#6472,#6474,#6476,.T.);
#5207=FILL_AREA_STYLE('',(#6477));
#5208=EDGE_CURVE('',#6472,#6447,#6478,.T.);
#5209=EDGE_CURVE('',#6450,#6474,#6479,.T.);
#5210=FILL_AREA_STYLE('',(#6480));
#5211=EDGE_CURVE('',#5446,#5442,#6481,.T.);
#5212=FILL_AREA_STYLE('',(#6482));
#5213=EDGE_CURVE('',#5432,#5435,#6483,.T.);
#5214=FILL_AREA_STYLE('',(#6484));
#5215=EDGE_CURVE('',#5428,#5424,#6485,.T.);
#5216=FILL_AREA_STYLE('',(#6486));
#5217=EDGE_CURVE('',#5414,#5417,#6487,.T.);
#5218=FILL_AREA_STYLE('',(#6488));
#5219=EDGE_CURVE('',#6489,#6490,#6491,.T.);
#5220=EDGE_CURVE('',#6489,#6492,#6493,.T.);
#5221=EDGE_CURVE('',#6492,#6494,#6495,.T.);
#5222=EDGE_CURVE('',#6494,#5397,#6496,.T.);
#5223=EDGE_CURVE('',#6497,#5401,#6498,.T.);
#5224=EDGE_CURVE('',#6499,#6497,#6500,.T.);
#5225=EDGE_CURVE('',#6501,#6499,#6502,.T.);
#5226=EDGE_CURVE('',#6501,#6503,#6504,.T.);
#5227=EDGE_CURVE('',#6505,#6503,#6506,.T.);
#5228=EDGE_CURVE('',#5406,#6505,#6507,.T.);
#5229=EDGE_CURVE('',#6508,#5410,#6509,.T.);
#5230=EDGE_CURVE('',#6490,#6508,#6510,.T.);
#5231=FILL_AREA_STYLE('',(#6511));
#5232=EDGE_CURVE('',#6512,#6489,#6513,.T.);
#5233=EDGE_CURVE('',#6512,#6514,#6515,.T.);
#5234=EDGE_CURVE('',#6492,#6514,#6516,.T.);
#5235=FILL_AREA_STYLE('',(#6517));
#5236=EDGE_CURVE('',#6518,#6519,#6520,.T.);
#5237=EDGE_CURVE('',#6503,#6519,#6521,.T.);
#5238=EDGE_CURVE('',#6501,#6518,#6522,.T.);
#5239=FILL_AREA_STYLE('',(#6523));
#5240=EDGE_CURVE('',#6519,#6524,#6525,.T.);
#5241=EDGE_CURVE('',#6505,#6524,#6526,.T.);
#5242=FILL_AREA_STYLE('',(#6527));
#5243=EDGE_CURVE('',#6524,#5405,#6528,.T.);
#5244=FILL_AREA_STYLE('',(#6529));
#5245=EDGE_CURVE('',#5408,#6530,#6531,.T.);
#5246=EDGE_CURVE('',#6508,#6530,#6532,.T.);
#5247=FILL_AREA_STYLE('',(#6533));
#5248=EDGE_CURVE('',#6490,#6534,#6535,.T.);
#5249=EDGE_CURVE('',#6530,#6534,#6536,.T.);
#5250=FILL_AREA_STYLE('',(#6537));
#5251=EDGE_CURVE('',#6514,#6538,#6539,.T.);
#5252=EDGE_CURVE('',#6494,#6538,#6540,.T.);
#5253=FILL_AREA_STYLE('',(#6541));
#5254=EDGE_CURVE('',#6538,#5396,#6542,.T.);
#5255=FILL_AREA_STYLE('',(#6543));
#5256=EDGE_CURVE('',#5399,#6544,#6545,.T.);
#5257=EDGE_CURVE('',#6497,#6544,#6546,.T.);
#5258=FILL_AREA_STYLE('',(#6547));
#5259=EDGE_CURVE('',#6544,#6548,#6549,.T.);
#5260=EDGE_CURVE('',#6499,#6548,#6550,.T.);
#5261=FILL_AREA_STYLE('',(#6551));
#5262=EDGE_CURVE('',#6548,#6518,#6552,.T.);
#5263=FILL_AREA_STYLE('',(#6553));
#5264=EDGE_CURVE('',#6534,#6512,#6554,.T.);
#5265=FILL_AREA_STYLE('',(#6555));
#5266=EDGE_CURVE('',#6556,#6557,#6558,.T.);
#5267=EDGE_CURVE('',#6556,#6559,#6560,.T.);
#5268=EDGE_CURVE('',#6559,#6561,#6562,.T.);
#5269=EDGE_CURVE('',#6561,#5379,#6563,.T.);
#5270=EDGE_CURVE('',#6564,#5383,#6565,.T.);
#5271=EDGE_CURVE('',#6566,#6564,#6567,.T.);
#5272=EDGE_CURVE('',#6568,#6566,#6569,.T.);
#5273=EDGE_CURVE('',#6568,#6570,#6571,.T.);
#5274=EDGE_CURVE('',#6572,#6570,#6573,.T.);
#5275=EDGE_CURVE('',#5388,#6572,#6574,.T.);
#5276=EDGE_CURVE('',#6575,#5392,#6576,.T.);
#5277=EDGE_CURVE('',#6557,#6575,#6577,.T.);
#5278=FILL_AREA_STYLE('',(#6578));
#5279=EDGE_CURVE('',#6579,#6556,#6580,.T.);
#5280=EDGE_CURVE('',#6579,#6581,#6582,.T.);
#5281=EDGE_CURVE('',#6559,#6581,#6583,.T.);
#5282=FILL_AREA_STYLE('',(#6584));
#5283=EDGE_CURVE('',#6585,#6586,#6587,.T.);
#5284=EDGE_CURVE('',#6570,#6586,#6588,.T.);
#5285=EDGE_CURVE('',#6568,#6585,#6589,.T.);
#5286=FILL_AREA_STYLE('',(#6590));
#5287=EDGE_CURVE('',#6586,#6591,#6592,.T.);
#5288=EDGE_CURVE('',#6572,#6591,#6593,.T.);
#5289=FILL_AREA_STYLE('',(#6594));
#5290=EDGE_CURVE('',#6591,#5387,#6595,.T.);
#5291=FILL_AREA_STYLE('',(#6596));
#5292=EDGE_CURVE('',#5390,#6597,#6598,.T.);
#5293=EDGE_CURVE('',#6575,#6597,#6599,.T.);
#5294=FILL_AREA_STYLE('',(#6600));
#5295=EDGE_CURVE('',#6557,#6601,#6602,.T.);
#5296=EDGE_CURVE('',#6597,#6601,#6603,.T.);
#5297=FILL_AREA_STYLE('',(#6604));
#5298=EDGE_CURVE('',#6581,#6605,#6606,.T.);
#5299=EDGE_CURVE('',#6561,#6605,#6607,.T.);
#5300=FILL_AREA_STYLE('',(#6608));
#5301=EDGE_CURVE('',#6605,#5378,#6609,.T.);
#5302=FILL_AREA_STYLE('',(#6610));
#5303=EDGE_CURVE('',#5381,#6611,#6612,.T.);
#5304=EDGE_CURVE('',#6564,#6611,#6613,.T.);
#5305=FILL_AREA_STYLE('',(#6614));
#5306=EDGE_CURVE('',#6611,#6615,#6616,.T.);
#5307=EDGE_CURVE('',#6566,#6615,#6617,.T.);
#5308=FILL_AREA_STYLE('',(#6618));
#5309=EDGE_CURVE('',#6615,#6585,#6619,.T.);
#5310=FILL_AREA_STYLE('',(#6620));
#5311=EDGE_CURVE('',#6601,#6579,#6621,.T.);
#5312=FILL_AREA_STYLE('',(#6622));
#5313=EDGE_CURVE('',#6623,#6345,#6624,.T.);
#5314=EDGE_CURVE('',#6625,#6623,#6626,.T.);
#5315=EDGE_CURVE('',#6347,#6625,#6627,.T.);
#5316=FILL_AREA_STYLE('',(#6628));
#5317=EDGE_CURVE('',#6629,#6359,#6630,.T.);
#5318=EDGE_CURVE('',#6629,#6118,#6631,.T.);
#5319=FILL_AREA_STYLE('',(#6632));
#5320=EDGE_CURVE('',#6155,#6349,#6633,.T.);
#5321=FILL_AREA_STYLE('',(#6634));
#5322=EDGE_CURVE('',#6635,#6629,#6636,.T.);
#5323=EDGE_CURVE('',#6635,#6121,#6637,.T.);
#5324=FILL_AREA_STYLE('',(#6638));
#5325=EDGE_CURVE('',#6391,#6635,#6639,.T.);
#5326=FILL_AREA_STYLE('',(#6640));
#5327=EDGE_CURVE('',#6641,#6231,#6642,.T.);
#5328=EDGE_CURVE('',#6641,#6142,#6643,.T.);
#5329=FILL_AREA_STYLE('',(#6644));
#5330=EDGE_CURVE('',#6625,#6641,#6645,.T.);
#5331=EDGE_CURVE('',#6397,#6623,#6646,.T.);
#5332=FILL_AREA_STYLE('',(#6647));
#5333=EDGE_CURVE('',#6648,#6357,#6649,.T.);
#5334=EDGE_CURVE('',#6650,#6648,#6651,.T.);
#5335=EDGE_CURVE('',#6652,#6650,#6653,.T.);
#5336=EDGE_CURVE('',#6652,#6654,#6655,.T.);
#5337=EDGE_CURVE('',#6656,#6654,#6657,.T.);
#5338=EDGE_CURVE('',#6658,#6656,#6659,.T.);
#5339=EDGE_CURVE('',#6393,#6658,#6660,.T.);
#5340=FILL_AREA_STYLE('',(#6661));
#5341=EDGE_CURVE('',#6662,#6154,#6663,.T.);
#5342=EDGE_CURVE('',#6662,#6648,#6664,.T.);
#5343=FILL_AREA_STYLE('',(#6665));
#5344=EDGE_CURVE('',#6658,#6666,#6667,.T.);
#5345=EDGE_CURVE('',#6235,#6666,#6668,.T.);
#5346=FILL_AREA_STYLE('',(#6669));
#5347=EDGE_CURVE('',#6666,#6670,#6671,.T.);
#5348=EDGE_CURVE('',#6670,#6672,#6673,.T.);
#5349=EDGE_CURVE('',#6672,#6674,#6675,.T.);
#5350=EDGE_CURVE('',#6674,#6676,#6677,.T.);
#5351=EDGE_CURVE('',#6676,#6662,#6678,.T.);
#5352=FILL_AREA_STYLE('',(#6679));
#5353=EDGE_CURVE('',#6670,#6680,#6681,.T.);
#5354=EDGE_CURVE('',#6680,#6682,#6683,.T.);
#5355=EDGE_CURVE('',#6672,#6682,#6684,.T.);
#5356=FILL_AREA_STYLE('',(#6685));
#5357=EDGE_CURVE('',#6656,#6686,#6687,.T.);
#5358=EDGE_CURVE('',#6686,#6680,#6688,.T.);
#5359=FILL_AREA_STYLE('',(#6689));
#5360=EDGE_CURVE('',#6676,#6690,#6691,.T.);
#5361=EDGE_CURVE('',#6690,#6692,#6693,.T.);
#5362=EDGE_CURVE('',#6650,#6692,#6694,.T.);
#5363=FILL_AREA_STYLE('',(#6695));
#5364=EDGE_CURVE('',#6692,#6696,#6697,.T.);
#5365=EDGE_CURVE('',#6652,#6696,#6698,.T.);
#5366=FILL_AREA_STYLE('',(#6699));
#5367=EDGE_CURVE('',#6696,#6700,#6701,.T.);
#5368=EDGE_CURVE('',#6654,#6700,#6702,.T.);
#5369=FILL_AREA_STYLE('',(#6703));
#5370=EDGE_CURVE('',#6700,#6686,#6704,.T.);
#5371=FILL_AREA_STYLE('',(#6705));
#5372=EDGE_CURVE('',#6682,#6706,#6707,.T.);
#5373=EDGE_CURVE('',#6674,#6706,#6708,.T.);
#5374=FILL_AREA_STYLE('',(#6709));
#5375=EDGE_CURVE('',#6706,#6690,#6710,.T.);
#5376=FILL_AREA_STYLE('',(#6711));
#5377=FILL_AREA_STYLE_COLOUR('',#6712);
#5378=VERTEX_POINT('',#6713);
#5379=VERTEX_POINT('',#6714);
#5380=LINE('',#6715,#6716);
#5381=VERTEX_POINT('',#6717);
#5382=CIRCLE('',#6718,0.1);
#5383=VERTEX_POINT('',#6719);
#5384=LINE('',#6720,#6721);
#5385=CIRCLE('',#6722,0.1);
#5386=FILL_AREA_STYLE_COLOUR('',#6723);
#5387=VERTEX_POINT('',#6724);
#5388=VERTEX_POINT('',#6725);
#5389=LINE('',#6726,#6727);
#5390=VERTEX_POINT('',#6728);
#5391=CIRCLE('',#6729,0.4);
#5392=VERTEX_POINT('',#6730);
#5393=LINE('',#6731,#6732);
#5394=CIRCLE('',#6733,0.4);
#5395=FILL_AREA_STYLE_COLOUR('',#6734);
#5396=VERTEX_POINT('',#6735);
#5397=VERTEX_POINT('',#6736);
#5398=LINE('',#6737,#6738);
#5399=VERTEX_POINT('',#6739);
#5400=CIRCLE('',#6740,0.1);
#5401=VERTEX_POINT('',#6741);
#5402=LINE('',#6742,#6743);
#5403=CIRCLE('',#6744,0.1);
#5404=FILL_AREA_STYLE_COLOUR('',#6745);
#5405=VERTEX_POINT('',#6746);
#5406=VERTEX_POINT('',#6747);
#5407=LINE('',#6748,#6749);
#5408=VERTEX_POINT('',#6750);
#5409=CIRCLE('',#6751,0.4);
#5410=VERTEX_POINT('',#6752);
#5411=LINE('',#6753,#6754);
#5412=CIRCLE('',#6755,0.4);
#5413=FILL_AREA_STYLE_COLOUR('',#6756);
#5414=VERTEX_POINT('',#6757);
#5415=VERTEX_POINT('',#6758);
#5416=LINE('',#6759,#6760);
#5417=VERTEX_POINT('',#6761);
#5418=CIRCLE('',#6762,0.275);
#5419=VERTEX_POINT('',#6763);
#5420=LINE('',#6764,#6765);
#5421=CIRCLE('',#6766,0.275);
#5422=FILL_AREA_STYLE_COLOUR('',#6767);
#5423=VERTEX_POINT('',#6768);
#5424=VERTEX_POINT('',#6769);
#5425=LINE('',#6770,#6771);
#5426=VERTEX_POINT('',#6772);
#5427=CIRCLE('',#6773,0.275);
#5428=VERTEX_POINT('',#6774);
#5429=LINE('',#6775,#6776);
#5430=CIRCLE('',#6777,0.275);
#5431=FILL_AREA_STYLE_COLOUR('',#6778);
#5432=VERTEX_POINT('',#6779);
#5433=VERTEX_POINT('',#6780);
#5434=LINE('',#6781,#6782);
#5435=VERTEX_POINT('',#6783);
#5436=CIRCLE('',#6784,0.445);
#5437=VERTEX_POINT('',#6785);
#5438=LINE('',#6786,#6787);
#5439=CIRCLE('',#6788,0.445);
#5440=FILL_AREA_STYLE_COLOUR('',#6789);
#5441=VERTEX_POINT('',#6790);
#5442=VERTEX_POINT('',#6791);
#5443=LINE('',#6792,#6793);
#5444=VERTEX_POINT('',#6794);
#5445=CIRCLE('',#6795,0.445);
#5446=VERTEX_POINT('',#6796);
#5447=LINE('',#6797,#6798);
#5448=CIRCLE('',#6799,0.445);
#5449=FILL_AREA_STYLE_COLOUR('',#6800);
#5450=VERTEX_POINT('',#6801);
#5451=VERTEX_POINT('',#6802);
#5452=LINE('',#6803,#6804);
#5453=VERTEX_POINT('',#6805);
#5454=CIRCLE('',#6806,0.48);
#5455=VERTEX_POINT('',#6807);
#5456=LINE('',#6808,#6809);
#5457=CIRCLE('',#6810,0.48);
#5458=FILL_AREA_STYLE_COLOUR('',#6811);
#5459=VERTEX_POINT('',#6812);
#5460=VERTEX_POINT('',#6813);
#5461=LINE('',#6814,#6815);
#5462=VERTEX_POINT('',#6816);
#5463=CIRCLE('',#6817,0.48);
#5464=VERTEX_POINT('',#6818);
#5465=LINE('',#6819,#6820);
#5466=CIRCLE('',#6821,0.48);
#5467=FILL_AREA_STYLE_COLOUR('',#6822);
#5468=VERTEX_POINT('',#6823);
#5469=VERTEX_POINT('',#6824);
#5470=LINE('',#6825,#6826);
#5471=VERTEX_POINT('',#6827);
#5472=LINE('',#6828,#6829);
#5473=VERTEX_POINT('',#6830);
#5474=LINE('',#6831,#6832);
#5475=LINE('',#6833,#6834);
#5476=FILL_AREA_STYLE_COLOUR('',#6835);
#5477=VERTEX_POINT('',#6836);
#5478=VERTEX_POINT('',#6837);
#5479=LINE('',#6838,#6839);
#5480=VERTEX_POINT('',#6840);
#5481=LINE('',#6841,#6842);
#5482=VERTEX_POINT('',#6843);
#5483=LINE('',#6844,#6845);
#5484=LINE('',#6846,#6847);
#5485=FILL_AREA_STYLE_COLOUR('',#6848);
#5486=VERTEX_POINT('',#6849);
#5487=LINE('',#6850,#6851);
#5488=VERTEX_POINT('',#6852);
#5489=LINE('',#6853,#6854);
#5490=LINE('',#6855,#6856);
#5491=FILL_AREA_STYLE_COLOUR('',#6857);
#5492=VERTEX_POINT('',#6858);
#5493=LINE('',#6859,#6860);
#5494=VERTEX_POINT('',#6861);
#5495=LINE('',#6862,#6863);
#5496=VERTEX_POINT('',#6864);
#5497=LINE('',#6865,#6866);
#5498=VERTEX_POINT('',#6867);
#5499=CIRCLE('',#6868,0.100000000000001);
#5500=VERTEX_POINT('',#6869);
#5501=LINE('',#6870,#6871);
#5502=VERTEX_POINT('',#6872);
#5503=LINE('',#6873,#6874);
#5504=VERTEX_POINT('',#6875);
#5505=LINE('',#6876,#6877);
#5506=VERTEX_POINT('',#6878);
#5507=CIRCLE('',#6879,0.350000000000001);
#5508=LINE('',#6880,#6881);
#5509=FILL_AREA_STYLE_COLOUR('',#6882);
#5510=VERTEX_POINT('',#6883);
#5511=LINE('',#6884,#6885);
#5512=VERTEX_POINT('',#6886);
#5513=LINE('',#6887,#6888);
#5514=LINE('',#6889,#6890);
#5515=FILL_AREA_STYLE_COLOUR('',#6891);
#5516=VERTEX_POINT('',#6892);
#5517=VERTEX_POINT('',#6893);
#5518=LINE('',#6894,#6895);
#5519=LINE('',#6896,#6897);
#5520=LINE('',#6898,#6899);
#5521=FILL_AREA_STYLE_COLOUR('',#6900);
#5522=VERTEX_POINT('',#6901);
#5523=LINE('',#6902,#6903);
#5524=VERTEX_POINT('',#6904);
#5525=LINE('',#6905,#6906);
#5526=VERTEX_POINT('',#6907);
#5527=CIRCLE('',#6908,0.350000000000001);
#5528=VERTEX_POINT('',#6909);
#5529=LINE('',#6910,#6911);
#5530=VERTEX_POINT('',#6912);
#5531=LINE('',#6913,#6914);
#5532=VERTEX_POINT('',#6915);
#5533=LINE('',#6916,#6917);
#5534=CIRCLE('',#6918,0.100000000000001);
#5535=LINE('',#6919,#6920);
#5536=FILL_AREA_STYLE_COLOUR('',#6921);
#5537=LINE('',#6922,#6923);
#5538=LINE('',#6924,#6925);
#5539=FILL_AREA_STYLE_COLOUR('',#6926);
#5540=LINE('',#6927,#6928);
#5541=FILL_AREA_STYLE_COLOUR('',#6929);
#5542=LINE('',#6930,#6931);
#5543=FILL_AREA_STYLE_COLOUR('',#6932);
#5544=LINE('',#6933,#6934);
#5545=FILL_AREA_STYLE_COLOUR('',#6935);
#5546=LINE('',#6936,#6937);
#5547=FILL_AREA_STYLE_COLOUR('',#6938);
#5548=FILL_AREA_STYLE_COLOUR('',#6939);
#5549=VERTEX_POINT('',#6940);
#5550=LINE('',#6941,#6942);
#5551=VERTEX_POINT('',#6943);
#5552=LINE('',#6944,#6945);
#5553=VERTEX_POINT('',#6946);
#5554=LINE('',#6947,#6948);
#5555=VERTEX_POINT('',#6949);
#5556=LINE('',#6950,#6951);
#5557=VERTEX_POINT('',#6952);
#5558=LINE('',#6953,#6954);
#5559=VERTEX_POINT('',#6955);
#5560=LINE('',#6956,#6957);
#5561=VERTEX_POINT('',#6958);
#5562=LINE('',#6959,#6960);
#5563=VERTEX_POINT('',#6961);
#5564=LINE('',#6962,#6963);
#5565=LINE('',#6964,#6965);
#5566=FILL_AREA_STYLE_COLOUR('',#6966);
#5567=VERTEX_POINT('',#6967);
#5568=LINE('',#6968,#6969);
#5569=LINE('',#6970,#6971);
#5570=FILL_AREA_STYLE_COLOUR('',#6972);
#5571=VERTEX_POINT('',#6973);
#5572=VERTEX_POINT('',#6974);
#5573=LINE('',#6975,#6976);
#5574=VERTEX_POINT('',#6977);
#5575=LINE('',#6978,#6979);
#5576=VERTEX_POINT('',#6980);
#5577=LINE('',#6981,#6982);
#5578=LINE('',#6983,#6984);
#5579=FILL_AREA_STYLE_COLOUR('',#6985);
#5580=VERTEX_POINT('',#6986);
#5581=VERTEX_POINT('',#6987);
#5582=LINE('',#6988,#6989);
#5583=VERTEX_POINT('',#6990);
#5584=LINE('',#6991,#6992);
#5585=VERTEX_POINT('',#6993);
#5586=LINE('',#6994,#6995);
#5587=LINE('',#6996,#6997);
#5588=FILL_AREA_STYLE_COLOUR('',#6998);
#5589=VERTEX_POINT('',#6999);
#5590=LINE('',#7000,#7001);
#5591=VERTEX_POINT('',#7002);
#5592=LINE('',#7003,#7004);
#5593=LINE('',#7005,#7006);
#5594=FILL_AREA_STYLE_COLOUR('',#7007);
#5595=VERTEX_POINT('',#7008);
#5596=LINE('',#7009,#7010);
#5597=VERTEX_POINT('',#7011);
#5598=LINE('',#7012,#7013);
#5599=VERTEX_POINT('',#7014);
#5600=LINE('',#7015,#7016);
#5601=VERTEX_POINT('',#7017);
#5602=CIRCLE('',#7018,0.100000000000001);
#5603=VERTEX_POINT('',#7019);
#5604=LINE('',#7020,#7021);
#5605=VERTEX_POINT('',#7022);
#5606=LINE('',#7023,#7024);
#5607=VERTEX_POINT('',#7025);
#5608=LINE('',#7026,#7027);
#5609=VERTEX_POINT('',#7028);
#5610=CIRCLE('',#7029,0.350000000000001);
#5611=LINE('',#7030,#7031);
#5612=FILL_AREA_STYLE_COLOUR('',#7032);
#5613=VERTEX_POINT('',#7033);
#5614=LINE('',#7034,#7035);
#5615=VERTEX_POINT('',#7036);
#5616=LINE('',#7037,#7038);
#5617=LINE('',#7039,#7040);
#5618=FILL_AREA_STYLE_COLOUR('',#7041);
#5619=VERTEX_POINT('',#7042);
#5620=VERTEX_POINT('',#7043);
#5621=LINE('',#7044,#7045);
#5622=LINE('',#7046,#7047);
#5623=LINE('',#7048,#7049);
#5624=FILL_AREA_STYLE_COLOUR('',#7050);
#5625=VERTEX_POINT('',#7051);
#5626=LINE('',#7052,#7053);
#5627=VERTEX_POINT('',#7054);
#5628=LINE('',#7055,#7056);
#5629=VERTEX_POINT('',#7057);
#5630=CIRCLE('',#7058,0.350000000000001);
#5631=VERTEX_POINT('',#7059);
#5632=LINE('',#7060,#7061);
#5633=VERTEX_POINT('',#7062);
#5634=LINE('',#7063,#7064);
#5635=VERTEX_POINT('',#7065);
#5636=LINE('',#7066,#7067);
#5637=CIRCLE('',#7068,0.100000000000001);
#5638=LINE('',#7069,#7070);
#5639=FILL_AREA_STYLE_COLOUR('',#7071);
#5640=LINE('',#7072,#7073);
#5641=LINE('',#7074,#7075);
#5642=FILL_AREA_STYLE_COLOUR('',#7076);
#5643=LINE('',#7077,#7078);
#5644=FILL_AREA_STYLE_COLOUR('',#7079);
#5645=LINE('',#7080,#7081);
#5646=FILL_AREA_STYLE_COLOUR('',#7082);
#5647=LINE('',#7083,#7084);
#5648=FILL_AREA_STYLE_COLOUR('',#7085);
#5649=LINE('',#7086,#7087);
#5650=FILL_AREA_STYLE_COLOUR('',#7088);
#5651=FILL_AREA_STYLE_COLOUR('',#7089);
#5652=VERTEX_POINT('',#7090);
#5653=LINE('',#7091,#7092);
#5654=VERTEX_POINT('',#7093);
#5655=LINE('',#7094,#7095);
#5656=VERTEX_POINT('',#7096);
#5657=LINE('',#7097,#7098);
#5658=VERTEX_POINT('',#7099);
#5659=LINE('',#7100,#7101);
#5660=VERTEX_POINT('',#7102);
#5661=LINE('',#7103,#7104);
#5662=VERTEX_POINT('',#7105);
#5663=LINE('',#7106,#7107);
#5664=VERTEX_POINT('',#7108);
#5665=LINE('',#7109,#7110);
#5666=VERTEX_POINT('',#7111);
#5667=LINE('',#7112,#7113);
#5668=LINE('',#7114,#7115);
#5669=FILL_AREA_STYLE_COLOUR('',#7116);
#5670=VERTEX_POINT('',#7117);
#5671=LINE('',#7118,#7119);
#5672=LINE('',#7120,#7121);
#5673=FILL_AREA_STYLE_COLOUR('',#7122);
#5674=VERTEX_POINT('',#7123);
#5675=VERTEX_POINT('',#7124);
#5676=LINE('',#7125,#7126);
#5677=VERTEX_POINT('',#7127);
#5678=LINE('',#7128,#7129);
#5679=VERTEX_POINT('',#7130);
#5680=LINE('',#7131,#7132);
#5681=LINE('',#7133,#7134);
#5682=FILL_AREA_STYLE_COLOUR('',#7135);
#5683=VERTEX_POINT('',#7136);
#5684=VERTEX_POINT('',#7137);
#5685=LINE('',#7138,#7139);
#5686=VERTEX_POINT('',#7140);
#5687=LINE('',#7141,#7142);
#5688=VERTEX_POINT('',#7143);
#5689=LINE('',#7144,#7145);
#5690=LINE('',#7146,#7147);
#5691=FILL_AREA_STYLE_COLOUR('',#7148);
#5692=VERTEX_POINT('',#7149);
#5693=LINE('',#7150,#7151);
#5694=VERTEX_POINT('',#7152);
#5695=LINE('',#7153,#7154);
#5696=LINE('',#7155,#7156);
#5697=FILL_AREA_STYLE_COLOUR('',#7157);
#5698=VERTEX_POINT('',#7158);
#5699=LINE('',#7159,#7160);
#5700=VERTEX_POINT('',#7161);
#5701=LINE('',#7162,#7163);
#5702=VERTEX_POINT('',#7164);
#5703=LINE('',#7165,#7166);
#5704=VERTEX_POINT('',#7167);
#5705=CIRCLE('',#7168,0.100000000000001);
#5706=VERTEX_POINT('',#7169);
#5707=LINE('',#7170,#7171);
#5708=VERTEX_POINT('',#7172);
#5709=LINE('',#7173,#7174);
#5710=VERTEX_POINT('',#7175);
#5711=LINE('',#7176,#7177);
#5712=VERTEX_POINT('',#7178);
#5713=CIRCLE('',#7179,0.350000000000001);
#5714=LINE('',#7180,#7181);
#5715=FILL_AREA_STYLE_COLOUR('',#7182);
#5716=VERTEX_POINT('',#7183);
#5717=LINE('',#7184,#7185);
#5718=VERTEX_POINT('',#7186);
#5719=LINE('',#7187,#7188);
#5720=LINE('',#7189,#7190);
#5721=FILL_AREA_STYLE_COLOUR('',#7191);
#5722=VERTEX_POINT('',#7192);
#5723=VERTEX_POINT('',#7193);
#5724=LINE('',#7194,#7195);
#5725=LINE('',#7196,#7197);
#5726=LINE('',#7198,#7199);
#5727=FILL_AREA_STYLE_COLOUR('',#7200);
#5728=VERTEX_POINT('',#7201);
#5729=LINE('',#7202,#7203);
#5730=VERTEX_POINT('',#7204);
#5731=LINE('',#7205,#7206);
#5732=VERTEX_POINT('',#7207);
#5733=CIRCLE('',#7208,0.350000000000001);
#5734=VERTEX_POINT('',#7209);
#5735=LINE('',#7210,#7211);
#5736=VERTEX_POINT('',#7212);
#5737=LINE('',#7213,#7214);
#5738=VERTEX_POINT('',#7215);
#5739=LINE('',#7216,#7217);
#5740=CIRCLE('',#7218,0.100000000000001);
#5741=LINE('',#7219,#7220);
#5742=FILL_AREA_STYLE_COLOUR('',#7221);
#5743=LINE('',#7222,#7223);
#5744=LINE('',#7224,#7225);
#5745=FILL_AREA_STYLE_COLOUR('',#7226);
#5746=LINE('',#7227,#7228);
#5747=FILL_AREA_STYLE_COLOUR('',#7229);
#5748=LINE('',#7230,#7231);
#5749=FILL_AREA_STYLE_COLOUR('',#7232);
#5750=LINE('',#7233,#7234);
#5751=FILL_AREA_STYLE_COLOUR('',#7235);
#5752=LINE('',#7236,#7237);
#5753=FILL_AREA_STYLE_COLOUR('',#7238);
#5754=FILL_AREA_STYLE_COLOUR('',#7239);
#5755=VERTEX_POINT('',#7240);
#5756=LINE('',#7241,#7242);
#5757=VERTEX_POINT('',#7243);
#5758=LINE('',#7244,#7245);
#5759=VERTEX_POINT('',#7246);
#5760=LINE('',#7247,#7248);
#5761=VERTEX_POINT('',#7249);
#5762=LINE('',#7250,#7251);
#5763=VERTEX_POINT('',#7252);
#5764=LINE('',#7253,#7254);
#5765=VERTEX_POINT('',#7255);
#5766=LINE('',#7256,#7257);
#5767=VERTEX_POINT('',#7258);
#5768=LINE('',#7259,#7260);
#5769=VERTEX_POINT('',#7261);
#5770=LINE('',#7262,#7263);
#5771=LINE('',#7264,#7265);
#5772=FILL_AREA_STYLE_COLOUR('',#7266);
#5773=VERTEX_POINT('',#7267);
#5774=LINE('',#7268,#7269);
#5775=LINE('',#7270,#7271);
#5776=FILL_AREA_STYLE_COLOUR('',#7272);
#5777=VERTEX_POINT('',#7273);
#5778=VERTEX_POINT('',#7274);
#5779=LINE('',#7275,#7276);
#5780=VERTEX_POINT('',#7277);
#5781=LINE('',#7278,#7279);
#5782=VERTEX_POINT('',#7280);
#5783=LINE('',#7281,#7282);
#5784=LINE('',#7283,#7284);
#5785=FILL_AREA_STYLE_COLOUR('',#7285);
#5786=VERTEX_POINT('',#7286);
#5787=VERTEX_POINT('',#7287);
#5788=LINE('',#7288,#7289);
#5789=VERTEX_POINT('',#7290);
#5790=LINE('',#7291,#7292);
#5791=VERTEX_POINT('',#7293);
#5792=LINE('',#7294,#7295);
#5793=LINE('',#7296,#7297);
#5794=FILL_AREA_STYLE_COLOUR('',#7298);
#5795=VERTEX_POINT('',#7299);
#5796=LINE('',#7300,#7301);
#5797=VERTEX_POINT('',#7302);
#5798=LINE('',#7303,#7304);
#5799=LINE('',#7305,#7306);
#5800=FILL_AREA_STYLE_COLOUR('',#7307);
#5801=VERTEX_POINT('',#7308);
#5802=LINE('',#7309,#7310);
#5803=VERTEX_POINT('',#7311);
#5804=LINE('',#7312,#7313);
#5805=VERTEX_POINT('',#7314);
#5806=LINE('',#7315,#7316);
#5807=VERTEX_POINT('',#7317);
#5808=CIRCLE('',#7318,0.100000000000001);
#5809=VERTEX_POINT('',#7319);
#5810=LINE('',#7320,#7321);
#5811=VERTEX_POINT('',#7322);
#5812=LINE('',#7323,#7324);
#5813=VERTEX_POINT('',#7325);
#5814=LINE('',#7326,#7327);
#5815=VERTEX_POINT('',#7328);
#5816=CIRCLE('',#7329,0.350000000000001);
#5817=LINE('',#7330,#7331);
#5818=FILL_AREA_STYLE_COLOUR('',#7332);
#5819=VERTEX_POINT('',#7333);
#5820=LINE('',#7334,#7335);
#5821=VERTEX_POINT('',#7336);
#5822=LINE('',#7337,#7338);
#5823=LINE('',#7339,#7340);
#5824=FILL_AREA_STYLE_COLOUR('',#7341);
#5825=VERTEX_POINT('',#7342);
#5826=VERTEX_POINT('',#7343);
#5827=LINE('',#7344,#7345);
#5828=LINE('',#7346,#7347);
#5829=LINE('',#7348,#7349);
#5830=FILL_AREA_STYLE_COLOUR('',#7350);
#5831=VERTEX_POINT('',#7351);
#5832=LINE('',#7352,#7353);
#5833=VERTEX_POINT('',#7354);
#5834=LINE('',#7355,#7356);
#5835=VERTEX_POINT('',#7357);
#5836=CIRCLE('',#7358,0.350000000000001);
#5837=VERTEX_POINT('',#7359);
#5838=LINE('',#7360,#7361);
#5839=VERTEX_POINT('',#7362);
#5840=LINE('',#7363,#7364);
#5841=VERTEX_POINT('',#7365);
#5842=LINE('',#7366,#7367);
#5843=CIRCLE('',#7368,0.100000000000001);
#5844=LINE('',#7369,#7370);
#5845=FILL_AREA_STYLE_COLOUR('',#7371);
#5846=LINE('',#7372,#7373);
#5847=LINE('',#7374,#7375);
#5848=FILL_AREA_STYLE_COLOUR('',#7376);
#5849=LINE('',#7377,#7378);
#5850=FILL_AREA_STYLE_COLOUR('',#7379);
#5851=LINE('',#7380,#7381);
#5852=FILL_AREA_STYLE_COLOUR('',#7382);
#5853=LINE('',#7383,#7384);
#5854=FILL_AREA_STYLE_COLOUR('',#7385);
#5855=LINE('',#7386,#7387);
#5856=FILL_AREA_STYLE_COLOUR('',#7388);
#5857=FILL_AREA_STYLE_COLOUR('',#7389);
#5858=VERTEX_POINT('',#7390);
#5859=LINE('',#7391,#7392);
#5860=VERTEX_POINT('',#7393);
#5861=LINE('',#7394,#7395);
#5862=VERTEX_POINT('',#7396);
#5863=LINE('',#7397,#7398);
#5864=VERTEX_POINT('',#7399);
#5865=LINE('',#7400,#7401);
#5866=VERTEX_POINT('',#7402);
#5867=LINE('',#7403,#7404);
#5868=VERTEX_POINT('',#7405);
#5869=LINE('',#7406,#7407);
#5870=VERTEX_POINT('',#7408);
#5871=LINE('',#7409,#7410);
#5872=VERTEX_POINT('',#7411);
#5873=LINE('',#7412,#7413);
#5874=LINE('',#7414,#7415);
#5875=FILL_AREA_STYLE_COLOUR('',#7416);
#5876=VERTEX_POINT('',#7417);
#5877=LINE('',#7418,#7419);
#5878=LINE('',#7420,#7421);
#5879=FILL_AREA_STYLE_COLOUR('',#7422);
#5880=VERTEX_POINT('',#7423);
#5881=VERTEX_POINT('',#7424);
#5882=LINE('',#7425,#7426);
#5883=VERTEX_POINT('',#7427);
#5884=LINE('',#7428,#7429);
#5885=VERTEX_POINT('',#7430);
#5886=LINE('',#7431,#7432);
#5887=LINE('',#7433,#7434);
#5888=FILL_AREA_STYLE_COLOUR('',#7435);
#5889=VERTEX_POINT('',#7436);
#5890=LINE('',#7437,#7438);
#5891=VERTEX_POINT('',#7439);
#5892=LINE('',#7440,#7441);
#5893=LINE('',#7442,#7443);
#5894=FILL_AREA_STYLE_COLOUR('',#7444);
#5895=VERTEX_POINT('',#7445);
#5896=VERTEX_POINT('',#7446);
#5897=LINE('',#7447,#7448);
#5898=VERTEX_POINT('',#7449);
#5899=LINE('',#7450,#7451);
#5900=VERTEX_POINT('',#7452);
#5901=LINE('',#7453,#7454);
#5902=LINE('',#7455,#7456);
#5903=FILL_AREA_STYLE_COLOUR('',#7457);
#5904=VERTEX_POINT('',#7458);
#5905=LINE('',#7459,#7460);
#5906=VERTEX_POINT('',#7461);
#5907=LINE('',#7462,#7463);
#5908=LINE('',#7464,#7465);
#5909=FILL_AREA_STYLE_COLOUR('',#7466);
#5910=LINE('',#7467,#7468);
#5911=LINE('',#7469,#7470);
#5912=FILL_AREA_STYLE_COLOUR('',#7471);
#5913=VERTEX_POINT('',#7472);
#5914=LINE('',#7473,#7474);
#5915=LINE('',#7475,#7476);
#5916=FILL_AREA_STYLE_COLOUR('',#7477);
#5917=VERTEX_POINT('',#7478);
#5918=LINE('',#7479,#7480);
#5919=VERTEX_POINT('',#7481);
#5920=LINE('',#7482,#7483);
#5921=VERTEX_POINT('',#7484);
#5922=LINE('',#7485,#7486);
#5923=LINE('',#7487,#7488);
#5924=FILL_AREA_STYLE_COLOUR('',#7489);
#5925=VERTEX_POINT('',#7490);
#5926=VERTEX_POINT('',#7491);
#5927=LINE('',#7492,#7493);
#5928=VERTEX_POINT('',#7494);
#5929=LINE('',#7495,#7496);
#5930=VERTEX_POINT('',#7497);
#5931=LINE('',#7498,#7499);
#5932=VERTEX_POINT('',#7500);
#5933=LINE('',#7501,#7502);
#5934=VERTEX_POINT('',#7503);
#5935=LINE('',#7504,#7505);
#5936=LINE('',#7506,#7507);
#5937=FILL_AREA_STYLE_COLOUR('',#7508);
#5938=VERTEX_POINT('',#7509);
#5939=LINE('',#7510,#7511);
#5940=VERTEX_POINT('',#7512);
#5941=LINE('',#7513,#7514);
#5942=LINE('',#7515,#7516);
#5943=FILL_AREA_STYLE_COLOUR('',#7517);
#5944=VERTEX_POINT('',#7518);
#5945=LINE('',#7519,#7520);
#5946=VERTEX_POINT('',#7521);
#5947=LINE('',#7522,#7523);
#5948=LINE('',#7524,#7525);
#5949=FILL_AREA_STYLE_COLOUR('',#7526);
#5950=VERTEX_POINT('',#7527);
#5951=LINE('',#7528,#7529);
#5952=VERTEX_POINT('',#7530);
#5953=LINE('',#7531,#7532);
#5954=LINE('',#7533,#7534);
#5955=FILL_AREA_STYLE_COLOUR('',#7535);
#5956=LINE('',#7536,#7537);
#5957=FILL_AREA_STYLE_COLOUR('',#7538);
#5958=VERTEX_POINT('',#7539);
#5959=LINE('',#7540,#7541);
#5960=VERTEX_POINT('',#7542);
#5961=LINE('',#7543,#7544);
#5962=VERTEX_POINT('',#7545);
#5963=LINE('',#7546,#7547);
#5964=LINE('',#7548,#7549);
#5965=FILL_AREA_STYLE_COLOUR('',#7550);
#5966=LINE('',#7551,#7552);
#5967=FILL_AREA_STYLE_COLOUR('',#7553);
#5968=VERTEX_POINT('',#7554);
#5969=VERTEX_POINT('',#7555);
#5970=LINE('',#7556,#7557);
#5971=VERTEX_POINT('',#7558);
#5972=LINE('',#7559,#7560);
#5973=VERTEX_POINT('',#7561);
#5974=LINE('',#7562,#7563);
#5975=LINE('',#7564,#7565);
#5976=FILL_AREA_STYLE_COLOUR('',#7566);
#5977=VERTEX_POINT('',#7567);
#5978=LINE('',#7568,#7569);
#5979=VERTEX_POINT('',#7570);
#5980=LINE('',#7571,#7572);
#5981=LINE('',#7573,#7574);
#5982=FILL_AREA_STYLE_COLOUR('',#7575);
#5983=VERTEX_POINT('',#7576);
#5984=VERTEX_POINT('',#7577);
#5985=LINE('',#7578,#7579);
#5986=VERTEX_POINT('',#7580);
#5987=LINE('',#7581,#7582);
#5988=VERTEX_POINT('',#7583);
#5989=LINE('',#7584,#7585);
#5990=LINE('',#7586,#7587);
#5991=FILL_AREA_STYLE_COLOUR('',#7588);
#5992=LINE('',#7589,#7590);
#5993=LINE('',#7591,#7592);
#5994=FILL_AREA_STYLE_COLOUR('',#7593);
#5995=VERTEX_POINT('',#7594);
#5996=LINE('',#7595,#7596);
#5997=VERTEX_POINT('',#7597);
#5998=LINE('',#7598,#7599);
#5999=LINE('',#7600,#7601);
#6000=FILL_AREA_STYLE_COLOUR('',#7602);
#6001=VERTEX_POINT('',#7603);
#6002=LINE('',#7604,#7605);
#6003=VERTEX_POINT('',#7606);
#6004=LINE('',#7607,#7608);
#6005=VERTEX_POINT('',#7609);
#6006=LINE('',#7610,#7611);
#6007=LINE('',#7612,#7613);
#6008=FILL_AREA_STYLE_COLOUR('',#7614);
#6009=VERTEX_POINT('',#7615);
#6010=LINE('',#7616,#7617);
#6011=LINE('',#7618,#7619);
#6012=FILL_AREA_STYLE_COLOUR('',#7620);
#6013=VERTEX_POINT('',#7621);
#6014=VERTEX_POINT('',#7622);
#6015=LINE('',#7623,#7624);
#6016=VERTEX_POINT('',#7625);
#6017=LINE('',#7626,#7627);
#6018=VERTEX_POINT('',#7628);
#6019=LINE('',#7629,#7630);
#6020=LINE('',#7631,#7632);
#6021=FILL_AREA_STYLE_COLOUR('',#7633);
#6022=VERTEX_POINT('',#7634);
#6023=LINE('',#7635,#7636);
#6024=VERTEX_POINT('',#7637);
#6025=LINE('',#7638,#7639);
#6026=LINE('',#7640,#7641);
#6027=FILL_AREA_STYLE_COLOUR('',#7642);
#6028=VERTEX_POINT('',#7643);
#6029=VERTEX_POINT('',#7644);
#6030=LINE('',#7645,#7646);
#6031=VERTEX_POINT('',#7647);
#6032=LINE('',#7648,#7649);
#6033=VERTEX_POINT('',#7650);
#6034=LINE('',#7651,#7652);
#6035=LINE('',#7653,#7654);
#6036=FILL_AREA_STYLE_COLOUR('',#7655);
#6037=VERTEX_POINT('',#7656);
#6038=LINE('',#7657,#7658);
#6039=VERTEX_POINT('',#7659);
#6040=LINE('',#7660,#7661);
#6041=LINE('',#7662,#7663);
#6042=FILL_AREA_STYLE_COLOUR('',#7664);
#6043=LINE('',#7665,#7666);
#6044=LINE('',#7667,#7668);
#6045=FILL_AREA_STYLE_COLOUR('',#7669);
#6046=VERTEX_POINT('',#7670);
#6047=LINE('',#7671,#7672);
#6048=LINE('',#7673,#7674);
#6049=FILL_AREA_STYLE_COLOUR('',#7675);
#6050=VERTEX_POINT('',#7676);
#6051=LINE('',#7677,#7678);
#6052=VERTEX_POINT('',#7679);
#6053=LINE('',#7680,#7681);
#6054=VERTEX_POINT('',#7682);
#6055=LINE('',#7683,#7684);
#6056=LINE('',#7685,#7686);
#6057=FILL_AREA_STYLE_COLOUR('',#7687);
#6058=VERTEX_POINT('',#7688);
#6059=LINE('',#7689,#7690);
#6060=VERTEX_POINT('',#7691);
#6061=LINE('',#7692,#7693);
#6062=VERTEX_POINT('',#7694);
#6063=LINE('',#7695,#7696);
#6064=VERTEX_POINT('',#7697);
#6065=LINE('',#7698,#7699);
#6066=VERTEX_POINT('',#7700);
#6067=LINE('',#7701,#7702);
#6068=VERTEX_POINT('',#7703);
#6069=LINE('',#7704,#7705);
#6070=VERTEX_POINT('',#7706);
#6071=LINE('',#7707,#7708);
#6072=LINE('',#7709,#7710);
#6073=VERTEX_POINT('',#7711);
#6074=LINE('',#7712,#7713);
#6075=VERTEX_POINT('',#7714);
#6076=LINE('',#7715,#7716);
#6077=VERTEX_POINT('',#7717);
#6078=LINE('',#7718,#7719);
#6079=VERTEX_POINT('',#7720);
#6080=LINE('',#7721,#7722);
#6081=VERTEX_POINT('',#7723);
#6082=LINE('',#7724,#7725);
#6083=VERTEX_POINT('',#7726);
#6084=LINE('',#7727,#7728);
#6085=VERTEX_POINT('',#7729);
#6086=LINE('',#7730,#7731);
#6087=LINE('',#7732,#7733);
#6088=VERTEX_POINT('',#7734);
#6089=LINE('',#7735,#7736);
#6090=VERTEX_POINT('',#7737);
#6091=LINE('',#7738,#7739);
#6092=VERTEX_POINT('',#7740);
#6093=LINE('',#7741,#7742);
#6094=VERTEX_POINT('',#7743);
#6095=LINE('',#7744,#7745);
#6096=VERTEX_POINT('',#7746);
#6097=LINE('',#7747,#7748);
#6098=VERTEX_POINT('',#7749);
#6099=LINE('',#7750,#7751);
#6100=VERTEX_POINT('',#7752);
#6101=LINE('',#7753,#7754);
#6102=LINE('',#7755,#7756);
#6103=VERTEX_POINT('',#7757);
#6104=LINE('',#7758,#7759);
#6105=VERTEX_POINT('',#7760);
#6106=LINE('',#7761,#7762);
#6107=VERTEX_POINT('',#7763);
#6108=LINE('',#7764,#7765);
#6109=VERTEX_POINT('',#7766);
#6110=LINE('',#7767,#7768);
#6111=VERTEX_POINT('',#7769);
#6112=LINE('',#7770,#7771);
#6113=VERTEX_POINT('',#7772);
#6114=LINE('',#7773,#7774);
#6115=VERTEX_POINT('',#7775);
#6116=LINE('',#7776,#7777);
#6117=LINE('',#7778,#7779);
#6118=VERTEX_POINT('',#7780);
#6119=VERTEX_POINT('',#7781);
#6120=CIRCLE('',#7782,0.0999999999999996);
#6121=VERTEX_POINT('',#7783);
#6122=LINE('',#7784,#7785);
#6123=VERTEX_POINT('',#7786);
#6124=CIRCLE('',#7787,0.0999999999999996);
#6125=VERTEX_POINT('',#7788);
#6126=LINE('',#7789,#7790);
#6127=VERTEX_POINT('',#7791);
#6128=LINE('',#7792,#7793);
#6129=VERTEX_POINT('',#7794);
#6130=LINE('',#7795,#7796);
#6131=VERTEX_POINT('',#7797);
#6132=LINE('',#7798,#7799);
#6133=LINE('',#7800,#7801);
#6134=FILL_AREA_STYLE_COLOUR('',#7802);
#6135=VERTEX_POINT('',#7803);
#6136=VERTEX_POINT('',#7804);
#6137=CIRCLE('',#7805,0.0999999999999996);
#6138=VERTEX_POINT('',#7806);
#6139=LINE('',#7807,#7808);
#6140=VERTEX_POINT('',#7809);
#6141=LINE('',#7810,#7811);
#6142=VERTEX_POINT('',#7812);
#6143=LINE('',#7813,#7814);
#6144=VERTEX_POINT('',#7815);
#6145=CIRCLE('',#7816,0.0999999999999996);
#6146=LINE('',#7817,#7818);
#6147=FILL_AREA_STYLE_COLOUR('',#7819);
#6148=CIRCLE('',#7820,0.275);
#6149=FILL_AREA_STYLE_COLOUR('',#7821);
#6150=CIRCLE('',#7822,0.445);
#6151=FILL_AREA_STYLE_COLOUR('',#7823);
#6152=CIRCLE('',#7824,0.275);
#6153=FILL_AREA_STYLE_COLOUR('',#7825);
#6154=VERTEX_POINT('',#7826);
#6155=VERTEX_POINT('',#7827);
#6156=LINE('',#7828,#7829);
#6157=LINE('',#7830,#7831);
#6158=LINE('',#7832,#7833);
#6159=FILL_AREA_STYLE_COLOUR('',#7834);
#6160=CIRCLE('',#7835,0.445);
#6161=FILL_AREA_STYLE_COLOUR('',#7836);
#6162=CIRCLE('',#7837,0.48);
#6163=CIRCLE('',#7838,0.48);
#6164=FILL_AREA_STYLE_COLOUR('',#7839);
#6165=FILL_AREA_STYLE_COLOUR('',#7840);
#6166=CIRCLE('',#7841,0.48);
#6167=CIRCLE('',#7842,0.48);
#6168=FILL_AREA_STYLE_COLOUR('',#7843);
#6169=FILL_AREA_STYLE_COLOUR('',#7844);
#6170=LINE('',#7845,#7846);
#6171=LINE('',#7847,#7848);
#6172=FILL_AREA_STYLE_COLOUR('',#7849);
#6173=LINE('',#7850,#7851);
#6174=FILL_AREA_STYLE_COLOUR('',#7852);
#6175=LINE('',#7853,#7854);
#6176=FILL_AREA_STYLE_COLOUR('',#7855);
#6177=LINE('',#7856,#7857);
#6178=FILL_AREA_STYLE_COLOUR('',#7858);
#6179=FILL_AREA_STYLE_COLOUR('',#7859);
#6180=LINE('',#7860,#7861);
#6181=FILL_AREA_STYLE_COLOUR('',#7862);
#6182=LINE('',#7863,#7864);
#6183=FILL_AREA_STYLE_COLOUR('',#7865);
#6184=FILL_AREA_STYLE_COLOUR('',#7866);
#6185=LINE('',#7867,#7868);
#6186=LINE('',#7869,#7870);
#6187=FILL_AREA_STYLE_COLOUR('',#7871);
#6188=LINE('',#7872,#7873);
#6189=FILL_AREA_STYLE_COLOUR('',#7874);
#6190=LINE('',#7875,#7876);
#6191=FILL_AREA_STYLE_COLOUR('',#7877);
#6192=LINE('',#7878,#7879);
#6193=FILL_AREA_STYLE_COLOUR('',#7880);
#6194=FILL_AREA_STYLE_COLOUR('',#7881);
#6195=LINE('',#7882,#7883);
#6196=FILL_AREA_STYLE_COLOUR('',#7884);
#6197=LINE('',#7885,#7886);
#6198=FILL_AREA_STYLE_COLOUR('',#7887);
#6199=FILL_AREA_STYLE_COLOUR('',#7888);
#6200=LINE('',#7889,#7890);
#6201=LINE('',#7891,#7892);
#6202=FILL_AREA_STYLE_COLOUR('',#7893);
#6203=LINE('',#7894,#7895);
#6204=FILL_AREA_STYLE_COLOUR('',#7896);
#6205=LINE('',#7897,#7898);
#6206=FILL_AREA_STYLE_COLOUR('',#7899);
#6207=LINE('',#7900,#7901);
#6208=FILL_AREA_STYLE_COLOUR('',#7902);
#6209=FILL_AREA_STYLE_COLOUR('',#7903);
#6210=LINE('',#7904,#7905);
#6211=FILL_AREA_STYLE_COLOUR('',#7906);
#6212=LINE('',#7907,#7908);
#6213=FILL_AREA_STYLE_COLOUR('',#7909);
#6214=FILL_AREA_STYLE_COLOUR('',#7910);
#6215=LINE('',#7911,#7912);
#6216=LINE('',#7913,#7914);
#6217=FILL_AREA_STYLE_COLOUR('',#7915);
#6218=LINE('',#7916,#7917);
#6219=FILL_AREA_STYLE_COLOUR('',#7918);
#6220=LINE('',#7919,#7920);
#6221=FILL_AREA_STYLE_COLOUR('',#7921);
#6222=LINE('',#7922,#7923);
#6223=FILL_AREA_STYLE_COLOUR('',#7924);
#6224=FILL_AREA_STYLE_COLOUR('',#7925);
#6225=LINE('',#7926,#7927);
#6226=FILL_AREA_STYLE_COLOUR('',#7928);
#6227=LINE('',#7929,#7930);
#6228=FILL_AREA_STYLE_COLOUR('',#7931);
#6229=FILL_AREA_STYLE_COLOUR('',#7932);
#6230=LINE('',#7933,#7934);
#6231=VERTEX_POINT('',#7935);
#6232=LINE('',#7936,#7937);
#6233=LINE('',#7938,#7939);
#6234=FILL_AREA_STYLE_COLOUR('',#7940);
#6235=VERTEX_POINT('',#7941);
#6236=LINE('',#7942,#7943);
#6237=LINE('',#7944,#7945);
#6238=FILL_AREA_STYLE_COLOUR('',#7946);
#6239=VERTEX_POINT('',#7947);
#6240=LINE('',#7948,#7949);
#6241=VERTEX_POINT('',#7950);
#6242=LINE('',#7951,#7952);
#6243=VERTEX_POINT('',#7953);
#6244=LINE('',#7954,#7955);
#6245=VERTEX_POINT('',#7956);
#6246=LINE('',#7957,#7958);
#6247=VERTEX_POINT('',#7959);
#6248=LINE('',#7960,#7961);
#6249=VERTEX_POINT('',#7962);
#6250=CIRCLE('',#7963,0.0999999999999996);
#6251=VERTEX_POINT('',#7964);
#6252=LINE('',#7965,#7966);
#6253=VERTEX_POINT('',#7967);
#6254=CIRCLE('',#7968,0.0999999999999996);
#6255=VERTEX_POINT('',#7969);
#6256=LINE('',#7970,#7971);
#6257=VERTEX_POINT('',#7972);
#6258=LINE('',#7973,#7974);
#6259=VERTEX_POINT('',#7975);
#6260=LINE('',#7976,#7977);
#6261=VERTEX_POINT('',#7978);
#6262=LINE('',#7979,#7980);
#6263=LINE('',#7981,#7982);
#6264=VERTEX_POINT('',#7983);
#6265=LINE('',#7984,#7985);
#6266=LINE('',#7986,#7987);
#6267=LINE('',#7988,#7989);
#6268=VERTEX_POINT('',#7990);
#6269=LINE('',#7991,#7992);
#6270=VERTEX_POINT('',#7993);
#6271=LINE('',#7994,#7995);
#6272=LINE('',#7996,#7997);
#6273=FILL_AREA_STYLE_COLOUR('',#7998);
#6274=LINE('',#7999,#8000);
#6275=FILL_AREA_STYLE_COLOUR('',#8001);
#6276=LINE('',#8002,#8003);
#6277=FILL_AREA_STYLE_COLOUR('',#8004);
#6278=VERTEX_POINT('',#8005);
#6279=LINE('',#8006,#8007);
#6280=LINE('',#8008,#8009);
#6281=FILL_AREA_STYLE_COLOUR('',#8010);
#6282=VERTEX_POINT('',#8011);
#6283=LINE('',#8012,#8013);
#6284=LINE('',#8014,#8015);
#6285=FILL_AREA_STYLE_COLOUR('',#8016);
#6286=VERTEX_POINT('',#8017);
#6287=LINE('',#8018,#8019);
#6288=VERTEX_POINT('',#8020);
#6289=LINE('',#8021,#8022);
#6290=LINE('',#8023,#8024);
#6291=FILL_AREA_STYLE_COLOUR('',#8025);
#6292=VERTEX_POINT('',#8026);
#6293=LINE('',#8027,#8028);
#6294=LINE('',#8029,#8030);
#6295=FILL_AREA_STYLE_COLOUR('',#8031);
#6296=VERTEX_POINT('',#8032);
#6297=VERTEX_POINT('',#8033);
#6298=LINE('',#8034,#8035);
#6299=LINE('',#8036,#8037);
#6300=LINE('',#8038,#8039);
#6301=FILL_AREA_STYLE_COLOUR('',#8040);
#6302=LINE('',#8041,#8042);
#6303=FILL_AREA_STYLE_COLOUR('',#8043);
#6304=LINE('',#8044,#8045);
#6305=FILL_AREA_STYLE_COLOUR('',#8046);
#6306=LINE('',#8047,#8048);
#6307=VERTEX_POINT('',#8049);
#6308=LINE('',#8050,#8051);
#6309=LINE('',#8052,#8053);
#6310=LINE('',#8054,#8055);
#6311=FILL_AREA_STYLE_COLOUR('',#8056);
#6312=LINE('',#8057,#8058);
#6313=FILL_AREA_STYLE_COLOUR('',#8059);
#6314=FILL_AREA_STYLE_COLOUR('',#8060);
#6315=FILL_AREA_STYLE_COLOUR('',#8061);
#6316=VERTEX_POINT('',#8062);
#6317=LINE('',#8063,#8064);
#6318=VERTEX_POINT('',#8065);
#6319=LINE('',#8066,#8067);
#6320=VERTEX_POINT('',#8068);
#6321=LINE('',#8069,#8070);
#6322=VERTEX_POINT('',#8071);
#6323=LINE('',#8072,#8073);
#6324=LINE('',#8074,#8075);
#6325=FILL_AREA_STYLE_COLOUR('',#8076);
#6326=LINE('',#8077,#8078);
#6327=FILL_AREA_STYLE_COLOUR('',#8079);
#6328=LINE('',#8080,#8081);
#6329=FILL_AREA_STYLE_COLOUR('',#8082);
#6330=VERTEX_POINT('',#8083);
#6331=LINE('',#8084,#8085);
#6332=VERTEX_POINT('',#8086);
#6333=LINE('',#8087,#8088);
#6334=LINE('',#8089,#8090);
#6335=FILL_AREA_STYLE_COLOUR('',#8091);
#6336=VERTEX_POINT('',#8092);
#6337=CIRCLE('',#8093,0.0999999999999996);
#6338=VERTEX_POINT('',#8094);
#6339=CIRCLE('',#8095,0.0999999999999996);
#6340=LINE('',#8096,#8097);
#6341=LINE('',#8098,#8099);
#6342=FILL_AREA_STYLE_COLOUR('',#8100);
#6343=VERTEX_POINT('',#8101);
#6344=LINE('',#8102,#8103);
#6345=VERTEX_POINT('',#8104);
#6346=CIRCLE('',#8105,0.0999999999999996);
#6347=VERTEX_POINT('',#8106);
#6348=LINE('',#8107,#8108);
#6349=VERTEX_POINT('',#8109);
#6350=CIRCLE('',#8110,0.0999999999999996);
#6351=LINE('',#8111,#8112);
#6352=FILL_AREA_STYLE_COLOUR('',#8113);
#6353=VERTEX_POINT('',#8114);
#6354=LINE('',#8115,#8116);
#6355=LINE('',#8117,#8118);
#6356=FILL_AREA_STYLE_COLOUR('',#8119);
#6357=VERTEX_POINT('',#8120);
#6358=LINE('',#8121,#8122);
#6359=VERTEX_POINT('',#8123);
#6360=LINE('',#8124,#8125);
#6361=LINE('',#8126,#8127);
#6362=FILL_AREA_STYLE_COLOUR('',#8128);
#6363=VERTEX_POINT('',#8129);
#6364=LINE('',#8130,#8131);
#6365=CIRCLE('',#8132,0.0999999999999996);
#6366=FILL_AREA_STYLE_COLOUR('',#8133);
#6367=VERTEX_POINT('',#8134);
#6368=VERTEX_POINT('',#8135);
#6369=LINE('',#8136,#8137);
#6370=VERTEX_POINT('',#8138);
#6371=LINE('',#8139,#8140);
#6372=VERTEX_POINT('',#8141);
#6373=LINE('',#8142,#8143);
#6374=LINE('',#8144,#8145);
#6375=VERTEX_POINT('',#8146);
#6376=VERTEX_POINT('',#8147);
#6377=LINE('',#8148,#8149);
#6378=VERTEX_POINT('',#8150);
#6379=LINE('',#8151,#8152);
#6380=VERTEX_POINT('',#8153);
#6381=LINE('',#8154,#8155);
#6382=LINE('',#8156,#8157);
#6383=VERTEX_POINT('',#8158);
#6384=LINE('',#8159,#8160);
#6385=LINE('',#8161,#8162);
#6386=FILL_AREA_STYLE_COLOUR('',#8163);
#6387=VERTEX_POINT('',#8164);
#6388=LINE('',#8165,#8166);
#6389=CIRCLE('',#8167,0.0999999999999996);
#6390=FILL_AREA_STYLE_COLOUR('',#8168);
#6391=VERTEX_POINT('',#8169);
#6392=LINE('',#8170,#8171);
#6393=VERTEX_POINT('',#8172);
#6394=LINE('',#8173,#8174);
#6395=LINE('',#8175,#8176);
#6396=FILL_AREA_STYLE_COLOUR('',#8177);
#6397=VERTEX_POINT('',#8178);
#6398=LINE('',#8179,#8180);
#6399=LINE('',#8181,#8182);
#6400=FILL_AREA_STYLE_COLOUR('',#8183);
#6401=VERTEX_POINT('',#8184);
#6402=LINE('',#8185,#8186);
#6403=VERTEX_POINT('',#8187);
#6404=LINE('',#8188,#8189);
#6405=LINE('',#8190,#8191);
#6406=FILL_AREA_STYLE_COLOUR('',#8192);
#6407=VERTEX_POINT('',#8193);
#6408=VERTEX_POINT('',#8194);
#6409=LINE('',#8195,#8196);
#6410=VERTEX_POINT('',#8197);
#6411=LINE('',#8198,#8199);
#6412=VERTEX_POINT('',#8200);
#6413=LINE('',#8201,#8202);
#6414=LINE('',#8203,#8204);
#6415=FILL_AREA_STYLE_COLOUR('',#8205);
#6416=VERTEX_POINT('',#8206);
#6417=LINE('',#8207,#8208);
#6418=LINE('',#8209,#8210);
#6419=FILL_AREA_STYLE_COLOUR('',#8211);
#6420=VERTEX_POINT('',#8212);
#6421=LINE('',#8213,#8214);
#6422=VERTEX_POINT('',#8215);
#6423=LINE('',#8216,#8217);
#6424=LINE('',#8218,#8219);
#6425=FILL_AREA_STYLE_COLOUR('',#8220);
#6426=VERTEX_POINT('',#8221);
#6427=LINE('',#8222,#8223);
#6428=LINE('',#8224,#8225);
#6429=FILL_AREA_STYLE_COLOUR('',#8226);
#6430=LINE('',#8227,#8228);
#6431=FILL_AREA_STYLE_COLOUR('',#8229);
#6432=VERTEX_POINT('',#8230);
#6433=LINE('',#8231,#8232);
#6434=VERTEX_POINT('',#8233);
#6435=LINE('',#8234,#8235);
#6436=LINE('',#8236,#8237);
#6437=FILL_AREA_STYLE_COLOUR('',#8238);
#6438=LINE('',#8239,#8240);
#6439=LINE('',#8241,#8242);
#6440=FILL_AREA_STYLE_COLOUR('',#8243);
#6441=VERTEX_POINT('',#8244);
#6442=LINE('',#8245,#8246);
#6443=VERTEX_POINT('',#8247);
#6444=LINE('',#8248,#8249);
#6445=LINE('',#8250,#8251);
#6446=FILL_AREA_STYLE_COLOUR('',#8252);
#6447=VERTEX_POINT('',#8253);
#6448=VERTEX_POINT('',#8254);
#6449=LINE('',#8255,#8256);
#6450=VERTEX_POINT('',#8257);
#6451=LINE('',#8258,#8259);
#6452=VERTEX_POINT('',#8260);
#6453=LINE('',#8261,#8262);
#6454=LINE('',#8263,#8264);
#6455=FILL_AREA_STYLE_COLOUR('',#8265);
#6456=VERTEX_POINT('',#8266);
#6457=LINE('',#8267,#8268);
#6458=LINE('',#8269,#8270);
#6459=FILL_AREA_STYLE_COLOUR('',#8271);
#6460=VERTEX_POINT('',#8272);
#6461=LINE('',#8273,#8274);
#6462=VERTEX_POINT('',#8275);
#6463=LINE('',#8276,#8277);
#6464=LINE('',#8278,#8279);
#6465=FILL_AREA_STYLE_COLOUR('',#8280);
#6466=VERTEX_POINT('',#8281);
#6467=LINE('',#8282,#8283);
#6468=LINE('',#8284,#8285);
#6469=FILL_AREA_STYLE_COLOUR('',#8286);
#6470=LINE('',#8287,#8288);
#6471=FILL_AREA_STYLE_COLOUR('',#8289);
#6472=VERTEX_POINT('',#8290);
#6473=LINE('',#8291,#8292);
#6474=VERTEX_POINT('',#8293);
#6475=LINE('',#8294,#8295);
#6476=LINE('',#8296,#8297);
#6477=FILL_AREA_STYLE_COLOUR('',#8298);
#6478=LINE('',#8299,#8300);
#6479=LINE('',#8301,#8302);
#6480=FILL_AREA_STYLE_COLOUR('',#8303);
#6481=CIRCLE('',#8304,0.445);
#6482=FILL_AREA_STYLE_COLOUR('',#8305);
#6483=CIRCLE('',#8306,0.445);
#6484=FILL_AREA_STYLE_COLOUR('',#8307);
#6485=CIRCLE('',#8308,0.275);
#6486=FILL_AREA_STYLE_COLOUR('',#8309);
#6487=CIRCLE('',#8310,0.275);
#6488=FILL_AREA_STYLE_COLOUR('',#8311);
#6489=VERTEX_POINT('',#8312);
#6490=VERTEX_POINT('',#8313);
#6491=LINE('',#8314,#8315);
#6492=VERTEX_POINT('',#8316);
#6493=LINE('',#8317,#8318);
#6494=VERTEX_POINT('',#8319);
#6495=LINE('',#8320,#8321);
#6496=CIRCLE('',#8322,0.1);
#6497=VERTEX_POINT('',#8323);
#6498=LINE('',#8324,#8325);
#6499=VERTEX_POINT('',#8326);
#6500=LINE('',#8327,#8328);
#6501=VERTEX_POINT('',#8329);
#6502=LINE('',#8330,#8331);
#6503=VERTEX_POINT('',#8332);
#6504=LINE('',#8333,#8334);
#6505=VERTEX_POINT('',#8335);
#6506=LINE('',#8336,#8337);
#6507=CIRCLE('',#8338,0.4);
#6508=VERTEX_POINT('',#8339);
#6509=LINE('',#8340,#8341);
#6510=LINE('',#8342,#8343);
#6511=FILL_AREA_STYLE_COLOUR('',#8344);
#6512=VERTEX_POINT('',#8345);
#6513=LINE('',#8346,#8347);
#6514=VERTEX_POINT('',#8348);
#6515=LINE('',#8349,#8350);
#6516=LINE('',#8351,#8352);
#6517=FILL_AREA_STYLE_COLOUR('',#8353);
#6518=VERTEX_POINT('',#8354);
#6519=VERTEX_POINT('',#8355);
#6520=LINE('',#8356,#8357);
#6521=LINE('',#8358,#8359);
#6522=LINE('',#8360,#8361);
#6523=FILL_AREA_STYLE_COLOUR('',#8362);
#6524=VERTEX_POINT('',#8363);
#6525=LINE('',#8364,#8365);
#6526=LINE('',#8366,#8367);
#6527=FILL_AREA_STYLE_COLOUR('',#8368);
#6528=CIRCLE('',#8369,0.4);
#6529=FILL_AREA_STYLE_COLOUR('',#8370);
#6530=VERTEX_POINT('',#8371);
#6531=LINE('',#8372,#8373);
#6532=LINE('',#8374,#8375);
#6533=FILL_AREA_STYLE_COLOUR('',#8376);
#6534=VERTEX_POINT('',#8377);
#6535=LINE('',#8378,#8379);
#6536=LINE('',#8380,#8381);
#6537=FILL_AREA_STYLE_COLOUR('',#8382);
#6538=VERTEX_POINT('',#8383);
#6539=LINE('',#8384,#8385);
#6540=LINE('',#8386,#8387);
#6541=FILL_AREA_STYLE_COLOUR('',#8388);
#6542=CIRCLE('',#8389,0.1);
#6543=FILL_AREA_STYLE_COLOUR('',#8390);
#6544=VERTEX_POINT('',#8391);
#6545=LINE('',#8392,#8393);
#6546=LINE('',#8394,#8395);
#6547=FILL_AREA_STYLE_COLOUR('',#8396);
#6548=VERTEX_POINT('',#8397);
#6549=LINE('',#8398,#8399);
#6550=LINE('',#8400,#8401);
#6551=FILL_AREA_STYLE_COLOUR('',#8402);
#6552=LINE('',#8403,#8404);
#6553=FILL_AREA_STYLE_COLOUR('',#8405);
#6554=LINE('',#8406,#8407);
#6555=FILL_AREA_STYLE_COLOUR('',#8408);
#6556=VERTEX_POINT('',#8409);
#6557=VERTEX_POINT('',#8410);
#6558=LINE('',#8411,#8412);
#6559=VERTEX_POINT('',#8413);
#6560=LINE('',#8414,#8415);
#6561=VERTEX_POINT('',#8416);
#6562=LINE('',#8417,#8418);
#6563=CIRCLE('',#8419,0.1);
#6564=VERTEX_POINT('',#8420);
#6565=LINE('',#8421,#8422);
#6566=VERTEX_POINT('',#8423);
#6567=LINE('',#8424,#8425);
#6568=VERTEX_POINT('',#8426);
#6569=LINE('',#8427,#8428);
#6570=VERTEX_POINT('',#8429);
#6571=LINE('',#8430,#8431);
#6572=VERTEX_POINT('',#8432);
#6573=LINE('',#8433,#8434);
#6574=CIRCLE('',#8435,0.4);
#6575=VERTEX_POINT('',#8436);
#6576=LINE('',#8437,#8438);
#6577=LINE('',#8439,#8440);
#6578=FILL_AREA_STYLE_COLOUR('',#8441);
#6579=VERTEX_POINT('',#8442);
#6580=LINE('',#8443,#8444);
#6581=VERTEX_POINT('',#8445);
#6582=LINE('',#8446,#8447);
#6583=LINE('',#8448,#8449);
#6584=FILL_AREA_STYLE_COLOUR('',#8450);
#6585=VERTEX_POINT('',#8451);
#6586=VERTEX_POINT('',#8452);
#6587=LINE('',#8453,#8454);
#6588=LINE('',#8455,#8456);
#6589=LINE('',#8457,#8458);
#6590=FILL_AREA_STYLE_COLOUR('',#8459);
#6591=VERTEX_POINT('',#8460);
#6592=LINE('',#8461,#8462);
#6593=LINE('',#8463,#8464);
#6594=FILL_AREA_STYLE_COLOUR('',#8465);
#6595=CIRCLE('',#8466,0.4);
#6596=FILL_AREA_STYLE_COLOUR('',#8467);
#6597=VERTEX_POINT('',#8468);
#6598=LINE('',#8469,#8470);
#6599=LINE('',#8471,#8472);
#6600=FILL_AREA_STYLE_COLOUR('',#8473);
#6601=VERTEX_POINT('',#8474);
#6602=LINE('',#8475,#8476);
#6603=LINE('',#8477,#8478);
#6604=FILL_AREA_STYLE_COLOUR('',#8479);
#6605=VERTEX_POINT('',#8480);
#6606=LINE('',#8481,#8482);
#6607=LINE('',#8483,#8484);
#6608=FILL_AREA_STYLE_COLOUR('',#8485);
#6609=CIRCLE('',#8486,0.1);
#6610=FILL_AREA_STYLE_COLOUR('',#8487);
#6611=VERTEX_POINT('',#8488);
#6612=LINE('',#8489,#8490);
#6613=LINE('',#8491,#8492);
#6614=FILL_AREA_STYLE_COLOUR('',#8493);
#6615=VERTEX_POINT('',#8494);
#6616=LINE('',#8495,#8496);
#6617=LINE('',#8497,#8498);
#6618=FILL_AREA_STYLE_COLOUR('',#8499);
#6619=LINE('',#8500,#8501);
#6620=FILL_AREA_STYLE_COLOUR('',#8502);
#6621=LINE('',#8503,#8504);
#6622=FILL_AREA_STYLE_COLOUR('',#8505);
#6623=VERTEX_POINT('',#8506);
#6624=LINE('',#8507,#8508);
#6625=VERTEX_POINT('',#8509);
#6626=LINE('',#8510,#8511);
#6627=LINE('',#8512,#8513);
#6628=FILL_AREA_STYLE_COLOUR('',#8514);
#6629=VERTEX_POINT('',#8515);
#6630=CIRCLE('',#8516,0.0999999999999996);
#6631=LINE('',#8517,#8518);
#6632=FILL_AREA_STYLE_COLOUR('',#8519);
#6633=LINE('',#8520,#8521);
#6634=FILL_AREA_STYLE_COLOUR('',#8522);
#6635=VERTEX_POINT('',#8523);
#6636=LINE('',#8524,#8525);
#6637=LINE('',#8526,#8527);
#6638=FILL_AREA_STYLE_COLOUR('',#8528);
#6639=CIRCLE('',#8529,0.0999999999999996);
#6640=FILL_AREA_STYLE_COLOUR('',#8530);
#6641=VERTEX_POINT('',#8531);
#6642=LINE('',#8532,#8533);
#6643=LINE('',#8534,#8535);
#6644=FILL_AREA_STYLE_COLOUR('',#8536);
#6645=CIRCLE('',#8537,0.0999999999999996);
#6646=CIRCLE('',#8538,0.0999999999999996);
#6647=FILL_AREA_STYLE_COLOUR('',#8539);
#6648=VERTEX_POINT('',#8540);
#6649=LINE('',#8541,#8542);
#6650=VERTEX_POINT('',#8543);
#6651=LINE('',#8544,#8545);
#6652=VERTEX_POINT('',#8546);
#6653=CIRCLE('',#8547,0.4);
#6654=VERTEX_POINT('',#8548);
#6655=LINE('',#8549,#8550);
#6656=VERTEX_POINT('',#8551);
#6657=CIRCLE('',#8552,0.4);
#6658=VERTEX_POINT('',#8553);
#6659=LINE('',#8554,#8555);
#6660=LINE('',#8556,#8557);
#6661=FILL_AREA_STYLE_COLOUR('',#8558);
#6662=VERTEX_POINT('',#8559);
#6663=LINE('',#8560,#8561);
#6664=LINE('',#8562,#8563);
#6665=FILL_AREA_STYLE_COLOUR('',#8564);
#6666=VERTEX_POINT('',#8565);
#6667=LINE('',#8566,#8567);
#6668=LINE('',#8568,#8569);
#6669=FILL_AREA_STYLE_COLOUR('',#8570);
#6670=VERTEX_POINT('',#8571);
#6671=LINE('',#8572,#8573);
#6672=VERTEX_POINT('',#8574);
#6673=CIRCLE('',#8575,0.4);
#6674=VERTEX_POINT('',#8576);
#6675=LINE('',#8577,#8578);
#6676=VERTEX_POINT('',#8579);
#6677=CIRCLE('',#8580,0.4);
#6678=LINE('',#8581,#8582);
#6679=FILL_AREA_STYLE_COLOUR('',#8583);
#6680=VERTEX_POINT('',#8584);
#6681=LINE('',#8585,#8586);
#6682=VERTEX_POINT('',#8587);
#6683=CIRCLE('',#8588,0.4);
#6684=LINE('',#8589,#8590);
#6685=FILL_AREA_STYLE_COLOUR('',#8591);
#6686=VERTEX_POINT('',#8592);
#6687=LINE('',#8593,#8594);
#6688=LINE('',#8595,#8596);
#6689=FILL_AREA_STYLE_COLOUR('',#8597);
#6690=VERTEX_POINT('',#8598);
#6691=LINE('',#8599,#8600);
#6692=VERTEX_POINT('',#8601);
#6693=LINE('',#8602,#8603);
#6694=LINE('',#8604,#8605);
#6695=FILL_AREA_STYLE_COLOUR('',#8606);
#6696=VERTEX_POINT('',#8607);
#6697=CIRCLE('',#8608,0.4);
#6698=LINE('',#8609,#8610);
#6699=FILL_AREA_STYLE_COLOUR('',#8611);
#6700=VERTEX_POINT('',#8612);
#6701=LINE('',#8613,#8614);
#6702=LINE('',#8615,#8616);
#6703=FILL_AREA_STYLE_COLOUR('',#8617);
#6704=CIRCLE('',#8618,0.4);
#6705=FILL_AREA_STYLE_COLOUR('',#8619);
#6706=VERTEX_POINT('',#8620);
#6707=LINE('',#8621,#8622);
#6708=LINE('',#8623,#8624);
#6709=FILL_AREA_STYLE_COLOUR('',#8625);
#6710=CIRCLE('',#8626,0.4);
#6711=FILL_AREA_STYLE_COLOUR('',#8627);
#6712=COLOUR_RGB('',0.705882370471954,0.705882370471954,0.705882370471954);
#6713=CARTESIAN_POINT('',(-6.0,0.1,-16.79));
#6714=CARTESIAN_POINT('',(-6.0,0.1,-18.79));
#6715=CARTESIAN_POINT('',(-6.0,0.1,-17.79));
#6716=VECTOR('',#8628,1.0);
#6717=CARTESIAN_POINT('',(-5.99264369748468,0.0623550094120506,-16.79));
#6718=AXIS2_PLACEMENT_3D('',#8629,#8630,#8631);
#6719=CARTESIAN_POINT('',(-5.99264369748468,0.0623550094120506,-18.79));
#6720=CARTESIAN_POINT('',(-5.99264369748468,0.0623550094120506,-18.79));
#6721=VECTOR('',#8632,1.0);
#6722=AXIS2_PLACEMENT_3D('',#8633,#8634,#8635);
#6723=COLOUR_RGB('',0.705882370471954,0.705882370471954,0.705882370471954);
#6724=CARTESIAN_POINT('',(-6.3,0.1,-16.79));
#6725=CARTESIAN_POINT('',(-6.3,0.1,-18.79));
#6726=CARTESIAN_POINT('',(-6.3,0.1,-17.79));
#6727=VECTOR('',#8636,1.0);
#6728=CARTESIAN_POINT('',(-6.27617729581329,0.23598030046519,-16.79));
#6729=AXIS2_PLACEMENT_3D('',#8637,#8638,#8639);
#6730=CARTESIAN_POINT('',(-6.27617729581329,0.23598030046519,-18.79));
#6731=CARTESIAN_POINT('',(-6.27617729581329,0.23598030046519,-18.79));
#6732=VECTOR('',#8640,1.0);
#6733=AXIS2_PLACEMENT_3D('',#8641,#8642,#8643);
#6734=COLOUR_RGB('',0.705882370471954,0.705882370471954,0.705882370471954);
#6735=CARTESIAN_POINT('',(6.0,0.1,-18.79));
#6736=CARTESIAN_POINT('',(6.0,0.1,-16.79));
#6737=CARTESIAN_POINT('',(6.0,0.1,-17.79));
#6738=VECTOR('',#8644,1.0);
#6739=CARTESIAN_POINT('',(5.99264369748468,0.0623550094120506,-18.79));
#6740=AXIS2_PLACEMENT_3D('',#8645,#8646,#8647);
#6741=CARTESIAN_POINT('',(5.99264369748468,0.0623550094120506,-16.79));
#6742=CARTESIAN_POINT('',(5.99264369748468,0.0623550094120506,-16.79));
#6743=VECTOR('',#8648,1.0);
#6744=AXIS2_PLACEMENT_3D('',#8649,#8650,#8651);
#6745=COLOUR_RGB('',0.705882370471954,0.705882370471954,0.705882370471954);
#6746=CARTESIAN_POINT('',(6.3,0.1,-18.79));
#6747=CARTESIAN_POINT('',(6.3,0.1,-16.79));
#6748=CARTESIAN_POINT('',(6.3,0.1,-17.79));
#6749=VECTOR('',#8652,1.0);
#6750=CARTESIAN_POINT('',(6.27617729581328,0.23598030046519,-18.79));
#6751=AXIS2_PLACEMENT_3D('',#8653,#8654,#8655);
#6752=CARTESIAN_POINT('',(6.27617729581328,0.23598030046519,-16.79));
#6753=CARTESIAN_POINT('',(6.27617729581328,0.23598030046519,-16.79));
#6754=VECTOR('',#8656,1.0);
#6755=AXIS2_PLACEMENT_3D('',#8657,#8658,#8659);
#6756=COLOUR_RGB('',0.705882370471954,0.705882370471954,0.705882370471954);
#6757=CARTESIAN_POINT('',(6.0,2.62,-10.475));
#6758=CARTESIAN_POINT('',(5.7,2.62,-10.475));
#6759=CARTESIAN_POINT('',(5.85,2.62,-10.475));
#6760=VECTOR('',#8660,1.0);
#6761=CARTESIAN_POINT('',(6.0,2.62,-9.925));
#6762=AXIS2_PLACEMENT_3D('',#8661,#8662,#8663);
#6763=CARTESIAN_POINT('',(5.7,2.62,-9.925));
#6764=CARTESIAN_POINT('',(5.85,2.62,-9.925));
#6765=VECTOR('',#8664,1.0);
#6766=AXIS2_PLACEMENT_3D('',#8665,#8666,#8667);
#6767=COLOUR_RGB('',0.705882370471954,0.705882370471954,0.705882370471954);
#6768=CARTESIAN_POINT('',(-5.7,2.62,-10.475));
#6769=CARTESIAN_POINT('',(-6.0,2.62,-10.475));
#6770=CARTESIAN_POINT('',(-5.85,2.62,-10.475));
#6771=VECTOR('',#8668,1.0);
#6772=CARTESIAN_POINT('',(-5.7,2.62,-9.925));
#6773=AXIS2_PLACEMENT_3D('',#8669,#8670,#8671);
#6774=CARTESIAN_POINT('',(-6.0,2.62,-9.925));
#6775=CARTESIAN_POINT('',(-5.85,2.62,-9.925));
#6776=VECTOR('',#8672,1.0);
#6777=AXIS2_PLACEMENT_3D('',#8673,#8674,#8675);
#6778=COLOUR_RGB('',0.705882370471954,0.705882370471954,0.705882370471954);
#6779=CARTESIAN_POINT('',(6.0,2.62,-14.645));
#6780=CARTESIAN_POINT('',(5.7,2.62,-14.645));
#6781=CARTESIAN_POINT('',(5.85,2.62,-14.645));
#6782=VECTOR('',#8676,1.0);
#6783=CARTESIAN_POINT('',(6.0,2.62,-13.755));
#6784=AXIS2_PLACEMENT_3D('',#8677,#8678,#8679);
#6785=CARTESIAN_POINT('',(5.7,2.62,-13.755));
#6786=CARTESIAN_POINT('',(5.85,2.62,-13.755));
#6787=VECTOR('',#8680,1.0);
#6788=AXIS2_PLACEMENT_3D('',#8681,#8682,#8683);
#6789=COLOUR_RGB('',0.705882370471954,0.705882370471954,0.705882370471954);
#6790=CARTESIAN_POINT('',(-5.7,2.62,-14.645));
#6791=CARTESIAN_POINT('',(-6.0,2.62,-14.645));
#6792=CARTESIAN_POINT('',(-5.85,2.62,-14.645));
#6793=VECTOR('',#8684,1.0);
#6794=CARTESIAN_POINT('',(-5.7,2.62,-13.755));
#6795=AXIS2_PLACEMENT_3D('',#8685,#8686,#8687);
#6796=CARTESIAN_POINT('',(-6.0,2.62,-13.755));
#6797=CARTESIAN_POINT('',(-5.85,2.62,-13.755));
#6798=VECTOR('',#8688,1.0);
#6799=AXIS2_PLACEMENT_3D('',#8689,#8690,#8691);
#6800=COLOUR_RGB('',0.196078434586525,0.196078434586525,0.196078434586525);
#6801=CARTESIAN_POINT('',(-1.795,0.2,-17.45));
#6802=CARTESIAN_POINT('',(-1.795,1.38,-17.45));
#6803=CARTESIAN_POINT('',(-1.795,0.79,-17.45));
#6804=VECTOR('',#8692,1.0);
#6805=CARTESIAN_POINT('',(-2.755,0.2,-17.45));
#6806=AXIS2_PLACEMENT_3D('',#8693,#8694,#8695);
#6807=CARTESIAN_POINT('',(-2.755,1.38,-17.45));
#6808=CARTESIAN_POINT('',(-2.755,0.79,-17.45));
#6809=VECTOR('',#8696,1.0);
#6810=AXIS2_PLACEMENT_3D('',#8697,#8698,#8699);
#6811=COLOUR_RGB('',0.196078434586525,0.196078434586525,0.196078434586525);
#6812=CARTESIAN_POINT('',(2.755,0.2,-17.45));
#6813=CARTESIAN_POINT('',(2.755,1.38,-17.45));
#6814=CARTESIAN_POINT('',(2.755,0.79,-17.45));
#6815=VECTOR('',#8700,1.0);
#6816=CARTESIAN_POINT('',(1.795,0.2,-17.45));
#6817=AXIS2_PLACEMENT_3D('',#8701,#8702,#8703);
#6818=CARTESIAN_POINT('',(1.795,1.38,-17.45));
#6819=CARTESIAN_POINT('',(1.795,0.79,-17.45));
#6820=VECTOR('',#8704,1.0);
#6821=AXIS2_PLACEMENT_3D('',#8705,#8706,#8707);
#6822=COLOUR_RGB('',0.705882370471954,0.705882370471954,0.705882370471954);
#6823=CARTESIAN_POINT('',(4.19,1.73,-14.8));
#6824=CARTESIAN_POINT('',(4.19,1.97,-14.8));
#6825=CARTESIAN_POINT('',(4.19,2.06194852941177,-14.8));
#6826=VECTOR('',#8708,1.0);
#6827=CARTESIAN_POINT('',(4.19,1.73,-18.2));
#6828=CARTESIAN_POINT('',(4.19,1.73,-17.9));
#6829=VECTOR('',#8709,1.0);
#6830=CARTESIAN_POINT('',(4.19,1.97,-18.2));
#6831=CARTESIAN_POINT('',(4.19,1.81,-18.2));
#6832=VECTOR('',#8710,1.0);
#6833=CARTESIAN_POINT('',(4.19,1.97,-16.0));
#6834=VECTOR('',#8711,1.0);
#6835=COLOUR_RGB('',0.705882370471954,0.705882370471954,0.705882370471954);
#6836=CARTESIAN_POINT('',(2.81,1.73,-18.2));
#6837=CARTESIAN_POINT('',(3.19,1.73,-18.2));
#6838=CARTESIAN_POINT('',(3.5,1.73,-18.2));
#6839=VECTOR('',#8712,1.0);
#6840=CARTESIAN_POINT('',(2.81,1.97,-18.2));
#6841=CARTESIAN_POINT('',(2.81,1.81,-18.2));
#6842=VECTOR('',#8713,1.0);
#6843=CARTESIAN_POINT('',(3.19,1.97,-18.2));
#6844=CARTESIAN_POINT('',(3.5,1.97,-18.2));
#6845=VECTOR('',#8714,1.0);
#6846=CARTESIAN_POINT('',(3.19,1.43856540713177,-18.2));
#6847=VECTOR('',#8715,1.0);
#6848=COLOUR_RGB('',0.705882370471954,0.705882370471954,0.705882370471954);
#6849=CARTESIAN_POINT('',(3.81,1.73,-18.2));
#6850=CARTESIAN_POINT('',(3.5,1.73,-18.2));
#6851=VECTOR('',#8716,1.0);
#6852=CARTESIAN_POINT('',(3.81,1.97,-18.2));
#6853=CARTESIAN_POINT('',(3.81,1.43856540713177,-18.2));
#6854=VECTOR('',#8717,1.0);
#6855=CARTESIAN_POINT('',(3.5,1.97,-18.2));
#6856=VECTOR('',#8718,1.0);
#6857=COLOUR_RGB('',0.705882370471954,0.705882370471954,0.705882370471954);
#6858=CARTESIAN_POINT('',(3.81,1.73,-18.6));
#6859=CARTESIAN_POINT('',(3.81,1.73,-19.532369234348));
#6860=VECTOR('',#8719,1.0);
#6861=CARTESIAN_POINT('',(3.81,1.72,-18.6));
#6862=CARTESIAN_POINT('',(3.81,1.95356540713177,-18.6));
#6863=VECTOR('',#8720,1.0);
#6864=CARTESIAN_POINT('',(3.81,1.72,-19.843));
#6865=CARTESIAN_POINT('',(3.81,1.72,-17.043));
#6866=VECTOR('',#8721,1.0);
#6867=CARTESIAN_POINT('',(3.81,1.62,-19.943));
#6868=AXIS2_PLACEMENT_3D('',#8722,#8723,#8724);
#6869=CARTESIAN_POINT('',(3.81,-1.13,-19.943));
#6870=CARTESIAN_POINT('',(3.81,1.62,-19.943));
#6871=VECTOR('',#8725,1.0);
#6872=CARTESIAN_POINT('',(3.81,-1.13,-20.193));
#6873=CARTESIAN_POINT('',(3.81,-1.13,-19.943));
#6874=VECTOR('',#8726,1.0);
#6875=CARTESIAN_POINT('',(3.81,1.62,-20.193));
#6876=CARTESIAN_POINT('',(3.81,-1.13,-20.193));
#6877=VECTOR('',#8727,1.0);
#6878=CARTESIAN_POINT('',(3.81,1.97,-19.843));
#6879=AXIS2_PLACEMENT_3D('',#8728,#8729,#8730);
#6880=CARTESIAN_POINT('',(3.81,1.97,-19.843));
#6881=VECTOR('',#8731,1.0);
#6882=COLOUR_RGB('',0.705882370471954,0.705882370471954,0.705882370471954);
#6883=CARTESIAN_POINT('',(3.19,1.72,-18.6));
#6884=CARTESIAN_POINT('',(1.595,1.72,-18.6));
#6885=VECTOR('',#8732,1.0);
#6886=CARTESIAN_POINT('',(3.19,1.72,-19.843));
#6887=CARTESIAN_POINT('',(3.19,1.72,-17.043));
#6888=VECTOR('',#8733,1.0);
#6889=CARTESIAN_POINT('',(3.19,1.72,-19.843));
#6890=VECTOR('',#8734,1.0);
#6891=COLOUR_RGB('',0.705882370471954,0.705882370471954,0.705882370471954);
#6892=CARTESIAN_POINT('',(2.81,1.97,-14.8));
#6893=CARTESIAN_POINT('',(2.81,1.73,-14.8));
#6894=CARTESIAN_POINT('',(2.81,2.06194852941177,-14.8));
#6895=VECTOR('',#8735,1.0);
#6896=CARTESIAN_POINT('',(2.81,1.97,-16.0));
#6897=VECTOR('',#8736,1.0);
#6898=CARTESIAN_POINT('',(2.81,1.73,-17.9));
#6899=VECTOR('',#8737,1.0);
#6900=COLOUR_RGB('',0.705882370471954,0.705882370471954,0.705882370471954);
#6901=CARTESIAN_POINT('',(3.19,1.73,-18.6));
#6902=CARTESIAN_POINT('',(3.19,1.73,-19.532369234348));
#6903=VECTOR('',#8738,1.0);
#6904=CARTESIAN_POINT('',(3.19,1.97,-19.843));
#6905=CARTESIAN_POINT('',(3.19,1.97,-19.843));
#6906=VECTOR('',#8739,1.0);
#6907=CARTESIAN_POINT('',(3.19,1.62,-20.193));
#6908=AXIS2_PLACEMENT_3D('',#8740,#8741,#8742);
#6909=CARTESIAN_POINT('',(3.19,-1.13,-20.193));
#6910=CARTESIAN_POINT('',(3.19,-1.13,-20.193));
#6911=VECTOR('',#8743,1.0);
#6912=CARTESIAN_POINT('',(3.19,-1.13,-19.943));
#6913=CARTESIAN_POINT('',(3.19,-1.13,-19.943));
#6914=VECTOR('',#8744,1.0);
#6915=CARTESIAN_POINT('',(3.19,1.62,-19.943));
#6916=CARTESIAN_POINT('',(3.19,1.62,-19.943));
#6917=VECTOR('',#8745,1.0);
#6918=AXIS2_PLACEMENT_3D('',#8746,#8747,#8748);
#6919=CARTESIAN_POINT('',(3.19,1.95356540713177,-18.6));
#6920=VECTOR('',#8749,1.0);
#6921=COLOUR_RGB('',0.705882370471954,0.705882370471954,0.705882370471954);
#6922=CARTESIAN_POINT('',(3.345,1.97,-14.8));
#6923=VECTOR('',#8750,1.0);
#6924=CARTESIAN_POINT('',(3.19,1.97,-19.843));
#6925=VECTOR('',#8751,1.0);
#6926=COLOUR_RGB('',0.705882370471954,0.705882370471954,0.705882370471954);
#6927=CARTESIAN_POINT('',(3.19,1.62,-20.193));
#6928=VECTOR('',#8752,1.0);
#6929=COLOUR_RGB('',0.705882370471954,0.705882370471954,0.705882370471954);
#6930=CARTESIAN_POINT('',(3.19,-1.13,-20.193));
#6931=VECTOR('',#8753,1.0);
#6932=COLOUR_RGB('',0.705882370471954,0.705882370471954,0.705882370471954);
#6933=CARTESIAN_POINT('',(3.19,-1.13,-19.943));
#6934=VECTOR('',#8754,1.0);
#6935=COLOUR_RGB('',0.705882370471954,0.705882370471954,0.705882370471954);
#6936=CARTESIAN_POINT('',(3.19,1.62,-19.943));
#6937=VECTOR('',#8755,1.0);
#6938=COLOUR_RGB('',0.705882370471954,0.705882370471954,0.705882370471954);
#6939=COLOUR_RGB('',0.196078434586525,0.196078434586525,0.196078434586525);
#6940=CARTESIAN_POINT('',(2.8,1.73,-14.8));
#6941=CARTESIAN_POINT('',(2.8,1.73,-14.8));
#6942=VECTOR('',#8756,1.0);
#6943=CARTESIAN_POINT('',(2.8,2.13,-14.8));
#6944=CARTESIAN_POINT('',(2.8,1.73,-14.8));
#6945=VECTOR('',#8757,1.0);
#6946=CARTESIAN_POINT('',(3.025,2.13,-14.8));
#6947=CARTESIAN_POINT('',(2.8,2.13,-14.8));
#6948=VECTOR('',#8758,1.0);
#6949=CARTESIAN_POINT('',(3.025,3.05,-14.8));
#6950=CARTESIAN_POINT('',(3.025,3.05,-14.8));
#6951=VECTOR('',#8759,1.0);
#6952=CARTESIAN_POINT('',(3.975,3.05,-14.8));
#6953=CARTESIAN_POINT('',(3.975,3.05,-14.8));
#6954=VECTOR('',#8760,1.0);
#6955=CARTESIAN_POINT('',(3.975,2.13,-14.8));
#6956=CARTESIAN_POINT('',(3.975,2.13,-14.8));
#6957=VECTOR('',#8761,1.0);
#6958=CARTESIAN_POINT('',(4.2,2.13,-14.8));
#6959=CARTESIAN_POINT('',(4.2,2.13,-14.8));
#6960=VECTOR('',#8762,1.0);
#6961=CARTESIAN_POINT('',(4.2,1.73,-14.8));
#6962=CARTESIAN_POINT('',(4.2,1.73,-14.8));
#6963=VECTOR('',#8763,1.0);
#6964=CARTESIAN_POINT('',(2.8,1.73,-14.8));
#6965=VECTOR('',#8764,1.0);
#6966=COLOUR_RGB('',0.196078434586525,0.196078434586525,0.196078434586525);
#6967=CARTESIAN_POINT('',(2.8,1.73,-18.6));
#6968=CARTESIAN_POINT('',(1.75,1.73,-18.6));
#6969=VECTOR('',#8765,1.0);
#6970=CARTESIAN_POINT('',(2.8,1.73,-19.8));
#6971=VECTOR('',#8766,1.0);
#6972=COLOUR_RGB('',0.705882370471954,0.705882370471954,0.705882370471954);
#6973=CARTESIAN_POINT('',(1.69,1.73,-14.8));
#6974=CARTESIAN_POINT('',(1.69,1.97,-14.8));
#6975=CARTESIAN_POINT('',(1.69,2.06194852941177,-14.8));
#6976=VECTOR('',#8767,1.0);
#6977=CARTESIAN_POINT('',(1.69,1.73,-18.2));
#6978=CARTESIAN_POINT('',(1.69,1.73,-17.9));
#6979=VECTOR('',#8768,1.0);
#6980=CARTESIAN_POINT('',(1.69,1.97,-18.2));
#6981=CARTESIAN_POINT('',(1.69,1.81,-18.2));
#6982=VECTOR('',#8769,1.0);
#6983=CARTESIAN_POINT('',(1.69,1.97,-16.0));
#6984=VECTOR('',#8770,1.0);
#6985=COLOUR_RGB('',0.705882370471954,0.705882370471954,0.705882370471954);
#6986=CARTESIAN_POINT('',(0.31,1.73,-18.2));
#6987=CARTESIAN_POINT('',(0.690000000000001,1.73,-18.2));
#6988=CARTESIAN_POINT('',(1.0,1.73,-18.2));
#6989=VECTOR('',#8771,1.0);
#6990=CARTESIAN_POINT('',(0.31,1.97,-18.2));
#6991=CARTESIAN_POINT('',(0.31,1.81,-18.2));
#6992=VECTOR('',#8772,1.0);
#6993=CARTESIAN_POINT('',(0.690000000000001,1.97,-18.2));
#6994=CARTESIAN_POINT('',(1.0,1.97,-18.2));
#6995=VECTOR('',#8773,1.0);
#6996=CARTESIAN_POINT('',(0.690000000000001,1.43856540713177,-18.2));
#6997=VECTOR('',#8774,1.0);
#6998=COLOUR_RGB('',0.705882370471954,0.705882370471954,0.705882370471954);
#6999=CARTESIAN_POINT('',(1.31,1.73,-18.2));
#7000=CARTESIAN_POINT('',(1.0,1.73,-18.2));
#7001=VECTOR('',#8775,1.0);
#7002=CARTESIAN_POINT('',(1.31,1.97,-18.2));
#7003=CARTESIAN_POINT('',(1.31,1.43856540713177,-18.2));
#7004=VECTOR('',#8776,1.0);
#7005=CARTESIAN_POINT('',(1.0,1.97,-18.2));
#7006=VECTOR('',#8777,1.0);
#7007=COLOUR_RGB('',0.705882370471954,0.705882370471954,0.705882370471954);
#7008=CARTESIAN_POINT('',(1.31,1.73,-18.6));
#7009=CARTESIAN_POINT('',(1.31,1.73,-19.532369234348));
#7010=VECTOR('',#8778,1.0);
#7011=CARTESIAN_POINT('',(1.31,1.72,-18.6));
#7012=CARTESIAN_POINT('',(1.31,1.95356540713177,-18.6));
#7013=VECTOR('',#8779,1.0);
#7014=CARTESIAN_POINT('',(1.31,1.72,-19.843));
#7015=CARTESIAN_POINT('',(1.31,1.72,-17.043));
#7016=VECTOR('',#8780,1.0);
#7017=CARTESIAN_POINT('',(1.31,1.62,-19.943));
#7018=AXIS2_PLACEMENT_3D('',#8781,#8782,#8783);
#7019=CARTESIAN_POINT('',(1.31,-1.13,-19.943));
#7020=CARTESIAN_POINT('',(1.31,1.62,-19.943));
#7021=VECTOR('',#8784,1.0);
#7022=CARTESIAN_POINT('',(1.31,-1.13,-20.193));
#7023=CARTESIAN_POINT('',(1.31,-1.13,-19.943));
#7024=VECTOR('',#8785,1.0);
#7025=CARTESIAN_POINT('',(1.31,1.62,-20.193));
#7026=CARTESIAN_POINT('',(1.31,-1.13,-20.193));
#7027=VECTOR('',#8786,1.0);
#7028=CARTESIAN_POINT('',(1.31,1.97,-19.843));
#7029=AXIS2_PLACEMENT_3D('',#8787,#8788,#8789);
#7030=CARTESIAN_POINT('',(1.31,1.97,-19.843));
#7031=VECTOR('',#8790,1.0);
#7032=COLOUR_RGB('',0.705882370471954,0.705882370471954,0.705882370471954);
#7033=CARTESIAN_POINT('',(0.690000000000001,1.72,-18.6));
#7034=CARTESIAN_POINT('',(0.345000000000001,1.72,-18.6));
#7035=VECTOR('',#8791,1.0);
#7036=CARTESIAN_POINT('',(0.690000000000001,1.72,-19.843));
#7037=CARTESIAN_POINT('',(0.690000000000001,1.72,-17.043));
#7038=VECTOR('',#8792,1.0);
#7039=CARTESIAN_POINT('',(0.690000000000001,1.72,-19.843));
#7040=VECTOR('',#8793,1.0);
#7041=COLOUR_RGB('',0.705882370471954,0.705882370471954,0.705882370471954);
#7042=CARTESIAN_POINT('',(0.31,1.97,-14.8));
#7043=CARTESIAN_POINT('',(0.31,1.73,-14.8));
#7044=CARTESIAN_POINT('',(0.31,2.06194852941177,-14.8));
#7045=VECTOR('',#8794,1.0);
#7046=CARTESIAN_POINT('',(0.31,1.97,-16.0));
#7047=VECTOR('',#8795,1.0);
#7048=CARTESIAN_POINT('',(0.31,1.73,-17.9));
#7049=VECTOR('',#8796,1.0);
#7050=COLOUR_RGB('',0.705882370471954,0.705882370471954,0.705882370471954);
#7051=CARTESIAN_POINT('',(0.690000000000001,1.73,-18.6));
#7052=CARTESIAN_POINT('',(0.690000000000001,1.73,-19.532369234348));
#7053=VECTOR('',#8797,1.0);
#7054=CARTESIAN_POINT('',(0.690000000000001,1.97,-19.843));
#7055=CARTESIAN_POINT('',(0.690000000000001,1.97,-19.843));
#7056=VECTOR('',#8798,1.0);
#7057=CARTESIAN_POINT('',(0.690000000000001,1.62,-20.193));
#7058=AXIS2_PLACEMENT_3D('',#8799,#8800,#8801);
#7059=CARTESIAN_POINT('',(0.690000000000001,-1.13,-20.193));
#7060=CARTESIAN_POINT('',(0.690000000000001,-1.13,-20.193));
#7061=VECTOR('',#8802,1.0);
#7062=CARTESIAN_POINT('',(0.690000000000001,-1.13,-19.943));
#7063=CARTESIAN_POINT('',(0.690000000000001,-1.13,-19.943));
#7064=VECTOR('',#8803,1.0);
#7065=CARTESIAN_POINT('',(0.690000000000001,1.62,-19.943));
#7066=CARTESIAN_POINT('',(0.690000000000001,1.62,-19.943));
#7067=VECTOR('',#8804,1.0);
#7068=AXIS2_PLACEMENT_3D('',#8805,#8806,#8807);
#7069=CARTESIAN_POINT('',(0.690000000000001,1.95356540713177,-18.6));
#7070=VECTOR('',#8808,1.0);
#7071=COLOUR_RGB('',0.705882370471954,0.705882370471954,0.705882370471954);
#7072=CARTESIAN_POINT('',(0.845,1.97,-14.8));
#7073=VECTOR('',#8809,1.0);
#7074=CARTESIAN_POINT('',(0.690000000000001,1.97,-19.843));
#7075=VECTOR('',#8810,1.0);
#7076=COLOUR_RGB('',0.705882370471954,0.705882370471954,0.705882370471954);
#7077=CARTESIAN_POINT('',(0.690000000000001,1.62,-20.193));
#7078=VECTOR('',#8811,1.0);
#7079=COLOUR_RGB('',0.705882370471954,0.705882370471954,0.705882370471954);
#7080=CARTESIAN_POINT('',(0.690000000000001,-1.13,-20.193));
#7081=VECTOR('',#8812,1.0);
#7082=COLOUR_RGB('',0.705882370471954,0.705882370471954,0.705882370471954);
#7083=CARTESIAN_POINT('',(0.690000000000001,-1.13,-19.943));
#7084=VECTOR('',#8813,1.0);
#7085=COLOUR_RGB('',0.705882370471954,0.705882370471954,0.705882370471954);
#7086=CARTESIAN_POINT('',(0.690000000000001,1.62,-19.943));
#7087=VECTOR('',#8814,1.0);
#7088=COLOUR_RGB('',0.705882370471954,0.705882370471954,0.705882370471954);
#7089=COLOUR_RGB('',0.196078434586525,0.196078434586525,0.196078434586525);
#7090=CARTESIAN_POINT('',(0.3,1.73,-14.8));
#7091=CARTESIAN_POINT('',(0.3,1.73,-14.8));
#7092=VECTOR('',#8815,1.0);
#7093=CARTESIAN_POINT('',(0.3,2.13,-14.8));
#7094=CARTESIAN_POINT('',(0.3,1.73,-14.8));
#7095=VECTOR('',#8816,1.0);
#7096=CARTESIAN_POINT('',(0.525,2.13,-14.8));
#7097=CARTESIAN_POINT('',(0.3,2.13,-14.8));
#7098=VECTOR('',#8817,1.0);
#7099=CARTESIAN_POINT('',(0.525,3.05,-14.8));
#7100=CARTESIAN_POINT('',(0.525,3.05,-14.8));
#7101=VECTOR('',#8818,1.0);
#7102=CARTESIAN_POINT('',(1.475,3.05,-14.8));
#7103=CARTESIAN_POINT('',(1.475,3.05,-14.8));
#7104=VECTOR('',#8819,1.0);
#7105=CARTESIAN_POINT('',(1.475,2.13,-14.8));
#7106=CARTESIAN_POINT('',(1.475,2.13,-14.8));
#7107=VECTOR('',#8820,1.0);
#7108=CARTESIAN_POINT('',(1.7,2.13,-14.8));
#7109=CARTESIAN_POINT('',(1.7,2.13,-14.8));
#7110=VECTOR('',#8821,1.0);
#7111=CARTESIAN_POINT('',(1.7,1.73,-14.8));
#7112=CARTESIAN_POINT('',(1.7,1.73,-14.8));
#7113=VECTOR('',#8822,1.0);
#7114=CARTESIAN_POINT('',(0.3,1.73,-14.8));
#7115=VECTOR('',#8823,1.0);
#7116=COLOUR_RGB('',0.196078434586525,0.196078434586525,0.196078434586525);
#7117=CARTESIAN_POINT('',(0.3,1.73,-18.6));
#7118=CARTESIAN_POINT('',(0.5,1.73,-18.6));
#7119=VECTOR('',#8824,1.0);
#7120=CARTESIAN_POINT('',(0.3,1.73,-19.8));
#7121=VECTOR('',#8825,1.0);
#7122=COLOUR_RGB('',0.705882370471954,0.705882370471954,0.705882370471954);
#7123=CARTESIAN_POINT('',(-0.31,1.73,-14.8));
#7124=CARTESIAN_POINT('',(-0.31,1.97,-14.8));
#7125=CARTESIAN_POINT('',(-0.31,2.06194852941177,-14.8));
#7126=VECTOR('',#8826,1.0);
#7127=CARTESIAN_POINT('',(-0.31,1.73,-18.2));
#7128=CARTESIAN_POINT('',(-0.31,1.73,-17.9));
#7129=VECTOR('',#8827,1.0);
#7130=CARTESIAN_POINT('',(-0.31,1.97,-18.2));
#7131=CARTESIAN_POINT('',(-0.31,1.81,-18.2));
#7132=VECTOR('',#8828,1.0);
#7133=CARTESIAN_POINT('',(-0.31,1.97,-16.0));
#7134=VECTOR('',#8829,1.0);
#7135=COLOUR_RGB('',0.705882370471954,0.705882370471954,0.705882370471954);
#7136=CARTESIAN_POINT('',(-1.69,1.73,-18.2));
#7137=CARTESIAN_POINT('',(-1.31,1.73,-18.2));
#7138=CARTESIAN_POINT('',(-1.0,1.73,-18.2));
#7139=VECTOR('',#8830,1.0);
#7140=CARTESIAN_POINT('',(-1.69,1.97,-18.2));
#7141=CARTESIAN_POINT('',(-1.69,1.81,-18.2));
#7142=VECTOR('',#8831,1.0);
#7143=CARTESIAN_POINT('',(-1.31,1.97,-18.2));
#7144=CARTESIAN_POINT('',(-1.0,1.97,-18.2));
#7145=VECTOR('',#8832,1.0);
#7146=CARTESIAN_POINT('',(-1.31,1.43856540713177,-18.2));
#7147=VECTOR('',#8833,1.0);
#7148=COLOUR_RGB('',0.705882370471954,0.705882370471954,0.705882370471954);
#7149=CARTESIAN_POINT('',(-0.689999999999999,1.73,-18.2));
#7150=CARTESIAN_POINT('',(-1.0,1.73,-18.2));
#7151=VECTOR('',#8834,1.0);
#7152=CARTESIAN_POINT('',(-0.689999999999999,1.97,-18.2));
#7153=CARTESIAN_POINT('',(-0.689999999999999,1.43856540713177,-18.2));
#7154=VECTOR('',#8835,1.0);
#7155=CARTESIAN_POINT('',(-1.0,1.97,-18.2));
#7156=VECTOR('',#8836,1.0);
#7157=COLOUR_RGB('',0.705882370471954,0.705882370471954,0.705882370471954);
#7158=CARTESIAN_POINT('',(-0.689999999999999,1.73,-18.6));
#7159=CARTESIAN_POINT('',(-0.689999999999999,1.73,-19.532369234348));
#7160=VECTOR('',#8837,1.0);
#7161=CARTESIAN_POINT('',(-0.689999999999999,1.72,-18.6));
#7162=CARTESIAN_POINT('',(-0.689999999999999,1.95356540713177,-18.6));
#7163=VECTOR('',#8838,1.0);
#7164=CARTESIAN_POINT('',(-0.689999999999999,1.72,-19.843));
#7165=CARTESIAN_POINT('',(-0.689999999999999,1.72,-17.043));
#7166=VECTOR('',#8839,1.0);
#7167=CARTESIAN_POINT('',(-0.689999999999999,1.62,-19.943));
#7168=AXIS2_PLACEMENT_3D('',#8840,#8841,#8842);
#7169=CARTESIAN_POINT('',(-0.689999999999999,-1.13,-19.943));
#7170=CARTESIAN_POINT('',(-0.689999999999999,1.62,-19.943));
#7171=VECTOR('',#8843,1.0);
#7172=CARTESIAN_POINT('',(-0.689999999999999,-1.13,-20.193));
#7173=CARTESIAN_POINT('',(-0.689999999999999,-1.13,-19.943));
#7174=VECTOR('',#8844,1.0);
#7175=CARTESIAN_POINT('',(-0.689999999999999,1.62,-20.193));
#7176=CARTESIAN_POINT('',(-0.689999999999999,-1.13,-20.193));
#7177=VECTOR('',#8845,1.0);
#7178=CARTESIAN_POINT('',(-0.689999999999999,1.97,-19.843));
#7179=AXIS2_PLACEMENT_3D('',#8846,#8847,#8848);
#7180=CARTESIAN_POINT('',(-0.689999999999999,1.97,-19.843));
#7181=VECTOR('',#8849,1.0);
#7182=COLOUR_RGB('',0.705882370471954,0.705882370471954,0.705882370471954);
#7183=CARTESIAN_POINT('',(-1.31,1.72,-18.6));
#7184=CARTESIAN_POINT('',(-0.654999999999999,1.72,-18.6));
#7185=VECTOR('',#8850,1.0);
#7186=CARTESIAN_POINT('',(-1.31,1.72,-19.843));
#7187=CARTESIAN_POINT('',(-1.31,1.72,-17.043));
#7188=VECTOR('',#8851,1.0);
#7189=CARTESIAN_POINT('',(-1.31,1.72,-19.843));
#7190=VECTOR('',#8852,1.0);
#7191=COLOUR_RGB('',0.705882370471954,0.705882370471954,0.705882370471954);
#7192=CARTESIAN_POINT('',(-1.69,1.97,-14.8));
#7193=CARTESIAN_POINT('',(-1.69,1.73,-14.8));
#7194=CARTESIAN_POINT('',(-1.69,2.06194852941177,-14.8));
#7195=VECTOR('',#8853,1.0);
#7196=CARTESIAN_POINT('',(-1.69,1.97,-16.0));
#7197=VECTOR('',#8854,1.0);
#7198=CARTESIAN_POINT('',(-1.69,1.73,-17.9));
#7199=VECTOR('',#8855,1.0);
#7200=COLOUR_RGB('',0.705882370471954,0.705882370471954,0.705882370471954);
#7201=CARTESIAN_POINT('',(-1.31,1.73,-18.6));
#7202=CARTESIAN_POINT('',(-1.31,1.73,-19.532369234348));
#7203=VECTOR('',#8856,1.0);
#7204=CARTESIAN_POINT('',(-1.31,1.97,-19.843));
#7205=CARTESIAN_POINT('',(-1.31,1.97,-19.843));
#7206=VECTOR('',#8857,1.0);
#7207=CARTESIAN_POINT('',(-1.31,1.62,-20.193));
#7208=AXIS2_PLACEMENT_3D('',#8858,#8859,#8860);
#7209=CARTESIAN_POINT('',(-1.31,-1.13,-20.193));
#7210=CARTESIAN_POINT('',(-1.31,-1.13,-20.193));
#7211=VECTOR('',#8861,1.0);
#7212=CARTESIAN_POINT('',(-1.31,-1.13,-19.943));
#7213=CARTESIAN_POINT('',(-1.31,-1.13,-19.943));
#7214=VECTOR('',#8862,1.0);
#7215=CARTESIAN_POINT('',(-1.31,1.62,-19.943));
#7216=CARTESIAN_POINT('',(-1.31,1.62,-19.943));
#7217=VECTOR('',#8863,1.0);
#7218=AXIS2_PLACEMENT_3D('',#8864,#8865,#8866);
#7219=CARTESIAN_POINT('',(-1.31,1.95356540713177,-18.6));
#7220=VECTOR('',#8867,1.0);
#7221=COLOUR_RGB('',0.705882370471954,0.705882370471954,0.705882370471954);
#7222=CARTESIAN_POINT('',(-1.155,1.97,-14.8));
#7223=VECTOR('',#8868,1.0);
#7224=CARTESIAN_POINT('',(-1.31,1.97,-19.843));
#7225=VECTOR('',#8869,1.0);
#7226=COLOUR_RGB('',0.705882370471954,0.705882370471954,0.705882370471954);
#7227=CARTESIAN_POINT('',(-1.31,1.62,-20.193));
#7228=VECTOR('',#8870,1.0);
#7229=COLOUR_RGB('',0.705882370471954,0.705882370471954,0.705882370471954);
#7230=CARTESIAN_POINT('',(-1.31,-1.13,-20.193));
#7231=VECTOR('',#8871,1.0);
#7232=COLOUR_RGB('',0.705882370471954,0.705882370471954,0.705882370471954);
#7233=CARTESIAN_POINT('',(-1.31,-1.13,-19.943));
#7234=VECTOR('',#8872,1.0);
#7235=COLOUR_RGB('',0.705882370471954,0.705882370471954,0.705882370471954);
#7236=CARTESIAN_POINT('',(-1.31,1.62,-19.943));
#7237=VECTOR('',#8873,1.0);
#7238=COLOUR_RGB('',0.705882370471954,0.705882370471954,0.705882370471954);
#7239=COLOUR_RGB('',0.196078434586525,0.196078434586525,0.196078434586525);
#7240=CARTESIAN_POINT('',(-1.7,1.73,-14.8));
#7241=CARTESIAN_POINT('',(-1.7,1.73,-14.8));
#7242=VECTOR('',#8874,1.0);
#7243=CARTESIAN_POINT('',(-1.7,2.13,-14.8));
#7244=CARTESIAN_POINT('',(-1.7,1.73,-14.8));
#7245=VECTOR('',#8875,1.0);
#7246=CARTESIAN_POINT('',(-1.475,2.13,-14.8));
#7247=CARTESIAN_POINT('',(-1.7,2.13,-14.8));
#7248=VECTOR('',#8876,1.0);
#7249=CARTESIAN_POINT('',(-1.475,3.05,-14.8));
#7250=CARTESIAN_POINT('',(-1.475,3.05,-14.8));
#7251=VECTOR('',#8877,1.0);
#7252=CARTESIAN_POINT('',(-0.525,3.05,-14.8));
#7253=CARTESIAN_POINT('',(-0.525,3.05,-14.8));
#7254=VECTOR('',#8878,1.0);
#7255=CARTESIAN_POINT('',(-0.525,2.13,-14.8));
#7256=CARTESIAN_POINT('',(-0.525,2.13,-14.8));
#7257=VECTOR('',#8879,1.0);
#7258=CARTESIAN_POINT('',(-0.3,2.13,-14.8));
#7259=CARTESIAN_POINT('',(-0.3,2.13,-14.8));
#7260=VECTOR('',#8880,1.0);
#7261=CARTESIAN_POINT('',(-0.3,1.73,-14.8));
#7262=CARTESIAN_POINT('',(-0.3,1.73,-14.8));
#7263=VECTOR('',#8881,1.0);
#7264=CARTESIAN_POINT('',(-1.7,1.73,-14.8));
#7265=VECTOR('',#8882,1.0);
#7266=COLOUR_RGB('',0.196078434586525,0.196078434586525,0.196078434586525);
#7267=CARTESIAN_POINT('',(-1.7,1.73,-18.6));
#7268=CARTESIAN_POINT('',(-0.5,1.73,-18.6));
#7269=VECTOR('',#8883,1.0);
#7270=CARTESIAN_POINT('',(-1.7,1.73,-19.8));
#7271=VECTOR('',#8884,1.0);
#7272=COLOUR_RGB('',0.705882370471954,0.705882370471954,0.705882370471954);
#7273=CARTESIAN_POINT('',(-2.81,1.73,-14.8));
#7274=CARTESIAN_POINT('',(-2.81,1.97,-14.8));
#7275=CARTESIAN_POINT('',(-2.81,2.06194852941177,-14.8));
#7276=VECTOR('',#8885,1.0);
#7277=CARTESIAN_POINT('',(-2.81,1.73,-18.2));
#7278=CARTESIAN_POINT('',(-2.81,1.73,-17.9));
#7279=VECTOR('',#8886,1.0);
#7280=CARTESIAN_POINT('',(-2.81,1.97,-18.2));
#7281=CARTESIAN_POINT('',(-2.81,1.81,-18.2));
#7282=VECTOR('',#8887,1.0);
#7283=CARTESIAN_POINT('',(-2.81,1.97,-16.0));
#7284=VECTOR('',#8888,1.0);
#7285=COLOUR_RGB('',0.705882370471954,0.705882370471954,0.705882370471954);
#7286=CARTESIAN_POINT('',(-4.19,1.73,-18.2));
#7287=CARTESIAN_POINT('',(-3.81,1.73,-18.2));
#7288=CARTESIAN_POINT('',(-3.5,1.73,-18.2));
#7289=VECTOR('',#8889,1.0);
#7290=CARTESIAN_POINT('',(-4.19,1.97,-18.2));
#7291=CARTESIAN_POINT('',(-4.19,1.81,-18.2));
#7292=VECTOR('',#8890,1.0);
#7293=CARTESIAN_POINT('',(-3.81,1.97,-18.2));
#7294=CARTESIAN_POINT('',(-3.5,1.97,-18.2));
#7295=VECTOR('',#8891,1.0);
#7296=CARTESIAN_POINT('',(-3.81,1.43856540713177,-18.2));
#7297=VECTOR('',#8892,1.0);
#7298=COLOUR_RGB('',0.705882370471954,0.705882370471954,0.705882370471954);
#7299=CARTESIAN_POINT('',(-3.19,1.73,-18.2));
#7300=CARTESIAN_POINT('',(-3.5,1.73,-18.2));
#7301=VECTOR('',#8893,1.0);
#7302=CARTESIAN_POINT('',(-3.19,1.97,-18.2));
#7303=CARTESIAN_POINT('',(-3.19,1.43856540713177,-18.2));
#7304=VECTOR('',#8894,1.0);
#7305=CARTESIAN_POINT('',(-3.5,1.97,-18.2));
#7306=VECTOR('',#8895,1.0);
#7307=COLOUR_RGB('',0.705882370471954,0.705882370471954,0.705882370471954);
#7308=CARTESIAN_POINT('',(-3.19,1.73,-18.6));
#7309=CARTESIAN_POINT('',(-3.19,1.73,-19.532369234348));
#7310=VECTOR('',#8896,1.0);
#7311=CARTESIAN_POINT('',(-3.19,1.72,-18.6));
#7312=CARTESIAN_POINT('',(-3.19,1.95356540713177,-18.6));
#7313=VECTOR('',#8897,1.0);
#7314=CARTESIAN_POINT('',(-3.19,1.72,-19.843));
#7315=CARTESIAN_POINT('',(-3.19,1.72,-17.043));
#7316=VECTOR('',#8898,1.0);
#7317=CARTESIAN_POINT('',(-3.19,1.62,-19.943));
#7318=AXIS2_PLACEMENT_3D('',#8899,#8900,#8901);
#7319=CARTESIAN_POINT('',(-3.19,-1.13,-19.943));
#7320=CARTESIAN_POINT('',(-3.19,1.62,-19.943));
#7321=VECTOR('',#8902,1.0);
#7322=CARTESIAN_POINT('',(-3.19,-1.13,-20.193));
#7323=CARTESIAN_POINT('',(-3.19,-1.13,-19.943));
#7324=VECTOR('',#8903,1.0);
#7325=CARTESIAN_POINT('',(-3.19,1.62,-20.193));
#7326=CARTESIAN_POINT('',(-3.19,-1.13,-20.193));
#7327=VECTOR('',#8904,1.0);
#7328=CARTESIAN_POINT('',(-3.19,1.97,-19.843));
#7329=AXIS2_PLACEMENT_3D('',#8905,#8906,#8907);
#7330=CARTESIAN_POINT('',(-3.19,1.97,-19.843));
#7331=VECTOR('',#8908,1.0);
#7332=COLOUR_RGB('',0.705882370471954,0.705882370471954,0.705882370471954);
#7333=CARTESIAN_POINT('',(-3.81,1.72,-18.6));
#7334=CARTESIAN_POINT('',(-1.905,1.72,-18.6));
#7335=VECTOR('',#8909,1.0);
#7336=CARTESIAN_POINT('',(-3.81,1.72,-19.843));
#7337=CARTESIAN_POINT('',(-3.81,1.72,-17.043));
#7338=VECTOR('',#8910,1.0);
#7339=CARTESIAN_POINT('',(-3.81,1.72,-19.843));
#7340=VECTOR('',#8911,1.0);
#7341=COLOUR_RGB('',0.705882370471954,0.705882370471954,0.705882370471954);
#7342=CARTESIAN_POINT('',(-4.19,1.97,-14.8));
#7343=CARTESIAN_POINT('',(-4.19,1.73,-14.8));
#7344=CARTESIAN_POINT('',(-4.19,2.06194852941177,-14.8));
#7345=VECTOR('',#8912,1.0);
#7346=CARTESIAN_POINT('',(-4.19,1.97,-16.0));
#7347=VECTOR('',#8913,1.0);
#7348=CARTESIAN_POINT('',(-4.19,1.73,-17.9));
#7349=VECTOR('',#8914,1.0);
#7350=COLOUR_RGB('',0.705882370471954,0.705882370471954,0.705882370471954);
#7351=CARTESIAN_POINT('',(-3.81,1.73,-18.6));
#7352=CARTESIAN_POINT('',(-3.81,1.73,-19.532369234348));
#7353=VECTOR('',#8915,1.0);
#7354=CARTESIAN_POINT('',(-3.81,1.97,-19.843));
#7355=CARTESIAN_POINT('',(-3.81,1.97,-19.843));
#7356=VECTOR('',#8916,1.0);
#7357=CARTESIAN_POINT('',(-3.81,1.62,-20.193));
#7358=AXIS2_PLACEMENT_3D('',#8917,#8918,#8919);
#7359=CARTESIAN_POINT('',(-3.81,-1.13,-20.193));
#7360=CARTESIAN_POINT('',(-3.81,-1.13,-20.193));
#7361=VECTOR('',#8920,1.0);
#7362=CARTESIAN_POINT('',(-3.81,-1.13,-19.943));
#7363=CARTESIAN_POINT('',(-3.81,-1.13,-19.943));
#7364=VECTOR('',#8921,1.0);
#7365=CARTESIAN_POINT('',(-3.81,1.62,-19.943));
#7366=CARTESIAN_POINT('',(-3.81,1.62,-19.943));
#7367=VECTOR('',#8922,1.0);
#7368=AXIS2_PLACEMENT_3D('',#8923,#8924,#8925);
#7369=CARTESIAN_POINT('',(-3.81,1.95356540713177,-18.6));
#7370=VECTOR('',#8926,1.0);
#7371=COLOUR_RGB('',0.705882370471954,0.705882370471954,0.705882370471954);
#7372=CARTESIAN_POINT('',(-3.655,1.97,-14.8));
#7373=VECTOR('',#8927,1.0);
#7374=CARTESIAN_POINT('',(-3.81,1.97,-19.843));
#7375=VECTOR('',#8928,1.0);
#7376=COLOUR_RGB('',0.705882370471954,0.705882370471954,0.705882370471954);
#7377=CARTESIAN_POINT('',(-3.81,1.62,-20.193));
#7378=VECTOR('',#8929,1.0);
#7379=COLOUR_RGB('',0.705882370471954,0.705882370471954,0.705882370471954);
#7380=CARTESIAN_POINT('',(-3.81,-1.13,-20.193));
#7381=VECTOR('',#8930,1.0);
#7382=COLOUR_RGB('',0.705882370471954,0.705882370471954,0.705882370471954);
#7383=CARTESIAN_POINT('',(-3.81,-1.13,-19.943));
#7384=VECTOR('',#8931,1.0);
#7385=COLOUR_RGB('',0.705882370471954,0.705882370471954,0.705882370471954);
#7386=CARTESIAN_POINT('',(-3.81,1.62,-19.943));
#7387=VECTOR('',#8932,1.0);
#7388=COLOUR_RGB('',0.705882370471954,0.705882370471954,0.705882370471954);
#7389=COLOUR_RGB('',0.196078434586525,0.196078434586525,0.196078434586525);
#7390=CARTESIAN_POINT('',(-4.2,1.73,-14.8));
#7391=CARTESIAN_POINT('',(-4.2,1.73,-14.8));
#7392=VECTOR('',#8933,1.0);
#7393=CARTESIAN_POINT('',(-4.2,2.13,-14.8));
#7394=CARTESIAN_POINT('',(-4.2,1.73,-14.8));
#7395=VECTOR('',#8934,1.0);
#7396=CARTESIAN_POINT('',(-3.975,2.13,-14.8));
#7397=CARTESIAN_POINT('',(-4.2,2.13,-14.8));
#7398=VECTOR('',#8935,1.0);
#7399=CARTESIAN_POINT('',(-3.975,3.05,-14.8));
#7400=CARTESIAN_POINT('',(-3.975,3.05,-14.8));
#7401=VECTOR('',#8936,1.0);
#7402=CARTESIAN_POINT('',(-3.025,3.05,-14.8));
#7403=CARTESIAN_POINT('',(-3.025,3.05,-14.8));
#7404=VECTOR('',#8937,1.0);
#7405=CARTESIAN_POINT('',(-3.025,2.13,-14.8));
#7406=CARTESIAN_POINT('',(-3.025,2.13,-14.8));
#7407=VECTOR('',#8938,1.0);
#7408=CARTESIAN_POINT('',(-2.8,2.13,-14.8));
#7409=CARTESIAN_POINT('',(-2.8,2.13,-14.8));
#7410=VECTOR('',#8939,1.0);
#7411=CARTESIAN_POINT('',(-2.8,1.73,-14.8));
#7412=CARTESIAN_POINT('',(-2.8,1.73,-14.8));
#7413=VECTOR('',#8940,1.0);
#7414=CARTESIAN_POINT('',(-4.2,1.73,-14.8));
#7415=VECTOR('',#8941,1.0);
#7416=COLOUR_RGB('',0.196078434586525,0.196078434586525,0.196078434586525);
#7417=CARTESIAN_POINT('',(-4.2,1.73,-18.6));
#7418=CARTESIAN_POINT('',(-1.75,1.73,-18.6));
#7419=VECTOR('',#8942,1.0);
#7420=CARTESIAN_POINT('',(-4.2,1.73,-19.8));
#7421=VECTOR('',#8943,1.0);
#7422=COLOUR_RGB('',1.0,1.0,0.0);
#7423=CARTESIAN_POINT('',(2.82,2.22,-9.2));
#7424=CARTESIAN_POINT('',(4.18,2.22,-9.2));
#7425=CARTESIAN_POINT('',(1.41,2.22,-9.2));
#7426=VECTOR('',#8944,1.0);
#7427=CARTESIAN_POINT('',(2.82,2.22,-2.7));
#7428=CARTESIAN_POINT('',(2.82,2.22,-12.7));
#7429=VECTOR('',#8945,1.0);
#7430=CARTESIAN_POINT('',(4.18,2.22,-2.7));
#7431=CARTESIAN_POINT('',(2.82,2.22,-2.7));
#7432=VECTOR('',#8946,1.0);
#7433=CARTESIAN_POINT('',(4.18,2.22,-12.7));
#7434=VECTOR('',#8947,1.0);
#7435=COLOUR_RGB('',1.0,1.0,0.0);
#7436=CARTESIAN_POINT('',(2.82,2.05,-9.2));
#7437=CARTESIAN_POINT('',(2.82,2.12961206896552,-9.2));
#7438=VECTOR('',#8948,1.0);
#7439=CARTESIAN_POINT('',(2.82,2.05,-2.7));
#7440=CARTESIAN_POINT('',(2.82,2.05,-8.1));
#7441=VECTOR('',#8949,1.0);
#7442=CARTESIAN_POINT('',(2.82,1.97,-2.7));
#7443=VECTOR('',#8950,1.0);
#7444=COLOUR_RGB('',1.0,1.0,0.0);
#7445=CARTESIAN_POINT('',(4.18,1.73,-1.7));
#7446=CARTESIAN_POINT('',(2.82,1.73,-1.7));
#7447=CARTESIAN_POINT('',(3.1625,1.73,-1.7));
#7448=VECTOR('',#8951,1.0);
#7449=CARTESIAN_POINT('',(4.18,1.97,-1.7));
#7450=CARTESIAN_POINT('',(4.18,1.62,-1.7));
#7451=VECTOR('',#8952,1.0);
#7452=CARTESIAN_POINT('',(2.82,1.97,-1.7));
#7453=CARTESIAN_POINT('',(2.82,1.97,-1.7));
#7454=VECTOR('',#8953,1.0);
#7455=CARTESIAN_POINT('',(2.82,2.0125,-1.7));
#7456=VECTOR('',#8954,1.0);
#7457=COLOUR_RGB('',1.0,1.0,0.0);
#7458=CARTESIAN_POINT('',(4.18,1.97,-2.7));
#7459=CARTESIAN_POINT('',(4.18,1.97,-1.7));
#7460=VECTOR('',#8955,1.0);
#7461=CARTESIAN_POINT('',(2.82,1.97,-2.7));
#7462=CARTESIAN_POINT('',(2.82,1.97,-2.7));
#7463=VECTOR('',#8956,1.0);
#7464=CARTESIAN_POINT('',(2.82,1.97,-4.15));
#7465=VECTOR('',#8957,1.0);
#7466=COLOUR_RGB('',1.0,1.0,0.0);
#7467=CARTESIAN_POINT('',(4.18,1.97,-2.7));
#7468=VECTOR('',#8958,1.0);
#7469=CARTESIAN_POINT('',(2.82,2.1625,-2.7));
#7470=VECTOR('',#8959,1.0);
#7471=COLOUR_RGB('',1.0,1.0,0.0);
#7472=CARTESIAN_POINT('',(4.18,1.73,-9.2));
#7473=CARTESIAN_POINT('',(4.18,2.12961206896552,-9.2));
#7474=VECTOR('',#8960,1.0);
#7475=CARTESIAN_POINT('',(4.18,1.73,-6.65538793103448));
#7476=VECTOR('',#8961,1.0);
#7477=COLOUR_RGB('',0.196078434586525,0.196078434586525,0.196078434586525);
#7478=CARTESIAN_POINT('',(2.82,1.73,-1.1));
#7479=CARTESIAN_POINT('',(2.82,1.73,-6.1));
#7480=VECTOR('',#8962,1.0);
#7481=CARTESIAN_POINT('',(4.19,1.73,-1.1));
#7482=CARTESIAN_POINT('',(3.505,1.73,-1.1));
#7483=VECTOR('',#8963,1.0);
#7484=CARTESIAN_POINT('',(4.19,1.73,-9.2));
#7485=CARTESIAN_POINT('',(4.19,1.73,-6.1));
#7486=VECTOR('',#8964,1.0);
#7487=CARTESIAN_POINT('',(1.7525,1.73,-9.2));
#7488=VECTOR('',#8965,1.0);
#7489=COLOUR_RGB('',1.0,1.0,0.0);
#7490=CARTESIAN_POINT('',(1.68,1.73,-2.1));
#7491=CARTESIAN_POINT('',(1.68,1.97,-2.1));
#7492=CARTESIAN_POINT('',(1.68,2.06961206896552,-2.1));
#7493=VECTOR('',#8966,1.0);
#7494=CARTESIAN_POINT('',(1.68,1.73,-9.2));
#7495=CARTESIAN_POINT('',(1.68,1.73,-7.15538793103448));
#7496=VECTOR('',#8967,1.0);
#7497=CARTESIAN_POINT('',(1.68,2.22,-9.2));
#7498=CARTESIAN_POINT('',(1.68,2.12961206896552,-9.2));
#7499=VECTOR('',#8968,1.0);
#7500=CARTESIAN_POINT('',(1.68,2.22,-2.7));
#7501=CARTESIAN_POINT('',(1.68,2.22,-12.7));
#7502=VECTOR('',#8969,1.0);
#7503=CARTESIAN_POINT('',(1.68,1.97,-2.7));
#7504=CARTESIAN_POINT('',(1.68,1.97,-2.7));
#7505=VECTOR('',#8970,1.0);
#7506=CARTESIAN_POINT('',(1.68,1.97,-1.7));
#7507=VECTOR('',#8971,1.0);
#7508=COLOUR_RGB('',1.0,1.0,0.0);
#7509=CARTESIAN_POINT('',(0.320000000000001,2.22,-9.2));
#7510=CARTESIAN_POINT('',(0.160000000000001,2.22,-9.2));
#7511=VECTOR('',#8972,1.0);
#7512=CARTESIAN_POINT('',(0.32,2.22,-2.7));
#7513=CARTESIAN_POINT('',(0.320000000000001,2.22,-12.7));
#7514=VECTOR('',#8973,1.0);
#7515=CARTESIAN_POINT('',(0.32,2.22,-2.7));
#7516=VECTOR('',#8974,1.0);
#7517=COLOUR_RGB('',1.0,1.0,0.0);
#7518=CARTESIAN_POINT('',(0.32,2.05,-9.2));
#7519=CARTESIAN_POINT('',(0.32,2.12961206896552,-9.2));
#7520=VECTOR('',#8975,1.0);
#7521=CARTESIAN_POINT('',(0.32,2.05,-2.7));
#7522=CARTESIAN_POINT('',(0.32,2.05,-8.6));
#7523=VECTOR('',#8976,1.0);
#7524=CARTESIAN_POINT('',(0.32,1.97,-2.7));
#7525=VECTOR('',#8977,1.0);
#7526=COLOUR_RGB('',1.0,1.0,0.0);
#7527=CARTESIAN_POINT('',(0.32,1.97,-2.1));
#7528=CARTESIAN_POINT('',(0.6625,1.97,-2.1));
#7529=VECTOR('',#8978,1.0);
#7530=CARTESIAN_POINT('',(0.32,1.97,-2.7));
#7531=CARTESIAN_POINT('',(0.32,1.97,-2.7));
#7532=VECTOR('',#8979,1.0);
#7533=CARTESIAN_POINT('',(0.32,1.97,-4.65));
#7534=VECTOR('',#8980,1.0);
#7535=COLOUR_RGB('',1.0,1.0,0.0);
#7536=CARTESIAN_POINT('',(0.32,2.1625,-2.7));
#7537=VECTOR('',#8981,1.0);
#7538=COLOUR_RGB('',0.196078434586525,0.196078434586525,0.196078434586525);
#7539=CARTESIAN_POINT('',(0.32,2.05,-2.1));
#7540=CARTESIAN_POINT('',(0.32,2.23,-2.1));
#7541=VECTOR('',#8982,1.0);
#7542=CARTESIAN_POINT('',(1.69,2.05,-2.1));
#7543=CARTESIAN_POINT('',(0.5025,2.05,-2.1));
#7544=VECTOR('',#8983,1.0);
#7545=CARTESIAN_POINT('',(1.69,1.73,-2.1));
#7546=CARTESIAN_POINT('',(1.69,2.23,-2.1));
#7547=VECTOR('',#8984,1.0);
#7548=CARTESIAN_POINT('',(1.005,1.73,-2.1));
#7549=VECTOR('',#8985,1.0);
#7550=COLOUR_RGB('',0.196078434586525,0.196078434586525,0.196078434586525);
#7551=CARTESIAN_POINT('',(0.32,2.05,-8.6));
#7552=VECTOR('',#8986,1.0);
#7553=COLOUR_RGB('',1.0,1.0,0.0);
#7554=CARTESIAN_POINT('',(-0.32,2.05,-9.2));
#7555=CARTESIAN_POINT('',(-0.32,2.05,-2.7));
#7556=CARTESIAN_POINT('',(-0.32,2.05,-8.6));
#7557=VECTOR('',#8987,1.0);
#7558=CARTESIAN_POINT('',(-0.319999999999999,2.22,-9.2));
#7559=CARTESIAN_POINT('',(-0.32,2.12961206896552,-9.2));
#7560=VECTOR('',#8988,1.0);
#7561=CARTESIAN_POINT('',(-0.319999999999999,2.22,-2.7));
#7562=CARTESIAN_POINT('',(-0.319999999999999,2.22,-12.7));
#7563=VECTOR('',#8989,1.0);
#7564=CARTESIAN_POINT('',(-0.319999999999999,1.97,-2.7));
#7565=VECTOR('',#8990,1.0);
#7566=COLOUR_RGB('',1.0,1.0,0.0);
#7567=CARTESIAN_POINT('',(-1.68,2.22,-9.2));
#7568=CARTESIAN_POINT('',(-0.839999999999999,2.22,-9.2));
#7569=VECTOR('',#8991,1.0);
#7570=CARTESIAN_POINT('',(-1.68,2.22,-2.7));
#7571=CARTESIAN_POINT('',(-1.68,2.22,-12.7));
#7572=VECTOR('',#8992,1.0);
#7573=CARTESIAN_POINT('',(-1.68,2.22,-2.7));
#7574=VECTOR('',#8993,1.0);
#7575=COLOUR_RGB('',1.0,1.0,0.0);
#7576=CARTESIAN_POINT('',(-0.32,1.97,-2.1));
#7577=CARTESIAN_POINT('',(-1.68,1.97,-2.1));
#7578=CARTESIAN_POINT('',(-1.3425,1.97,-2.1));
#7579=VECTOR('',#8994,1.0);
#7580=CARTESIAN_POINT('',(-0.319999999999999,1.97,-2.7));
#7581=CARTESIAN_POINT('',(-0.32,1.97,-4.65));
#7582=VECTOR('',#8995,1.0);
#7583=CARTESIAN_POINT('',(-1.68,1.97,-2.7));
#7584=CARTESIAN_POINT('',(-1.68,1.97,-2.7));
#7585=VECTOR('',#8996,1.0);
#7586=CARTESIAN_POINT('',(-1.68,1.97,-1.7));
#7587=VECTOR('',#8997,1.0);
#7588=COLOUR_RGB('',1.0,1.0,0.0);
#7589=CARTESIAN_POINT('',(-0.319999999999999,2.1625,-2.7));
#7590=VECTOR('',#8998,1.0);
#7591=CARTESIAN_POINT('',(-1.68,1.97,-2.7));
#7592=VECTOR('',#8999,1.0);
#7593=COLOUR_RGB('',1.0,1.0,0.0);
#7594=CARTESIAN_POINT('',(-1.68,1.73,-2.1));
#7595=CARTESIAN_POINT('',(-1.68,2.06961206896552,-2.1));
#7596=VECTOR('',#9000,1.0);
#7597=CARTESIAN_POINT('',(-1.68,1.73,-9.2));
#7598=CARTESIAN_POINT('',(-1.68,2.12961206896552,-9.2));
#7599=VECTOR('',#9001,1.0);
#7600=CARTESIAN_POINT('',(-1.68,1.73,-7.15538793103448));
#7601=VECTOR('',#9002,1.0);
#7602=COLOUR_RGB('',0.196078434586525,0.196078434586525,0.196078434586525);
#7603=CARTESIAN_POINT('',(-1.69,1.73,-2.1));
#7604=CARTESIAN_POINT('',(-1.005,1.73,-2.1));
#7605=VECTOR('',#9003,1.0);
#7606=CARTESIAN_POINT('',(-1.69,2.05,-2.1));
#7607=CARTESIAN_POINT('',(-1.69,2.23,-2.1));
#7608=VECTOR('',#9004,1.0);
#7609=CARTESIAN_POINT('',(-0.32,2.05,-2.1));
#7610=CARTESIAN_POINT('',(-0.5025,2.05,-2.1));
#7611=VECTOR('',#9005,1.0);
#7612=CARTESIAN_POINT('',(-0.32,2.23,-2.1));
#7613=VECTOR('',#9006,1.0);
#7614=COLOUR_RGB('',0.196078434586525,0.196078434586525,0.196078434586525);
#7615=CARTESIAN_POINT('',(-1.69,1.73,-9.2));
#7616=CARTESIAN_POINT('',(-0.5025,1.73,-9.2));
#7617=VECTOR('',#9007,1.0);
#7618=CARTESIAN_POINT('',(-1.69,1.73,-7.1));
#7619=VECTOR('',#9008,1.0);
#7620=COLOUR_RGB('',1.0,1.0,0.0);
#7621=CARTESIAN_POINT('',(-2.82,2.05,-9.2));
#7622=CARTESIAN_POINT('',(-2.82,2.05,-2.7));
#7623=CARTESIAN_POINT('',(-2.82,2.05,-8.1));
#7624=VECTOR('',#9009,1.0);
#7625=CARTESIAN_POINT('',(-2.82,2.22,-9.2));
#7626=CARTESIAN_POINT('',(-2.82,2.12961206896552,-9.2));
#7627=VECTOR('',#9010,1.0);
#7628=CARTESIAN_POINT('',(-2.82,2.22,-2.7));
#7629=CARTESIAN_POINT('',(-2.82,2.22,-12.7));
#7630=VECTOR('',#9011,1.0);
#7631=CARTESIAN_POINT('',(-2.82,1.97,-2.7));
#7632=VECTOR('',#9012,1.0);
#7633=COLOUR_RGB('',1.0,1.0,0.0);
#7634=CARTESIAN_POINT('',(-4.18,2.22,-9.2));
#7635=CARTESIAN_POINT('',(-2.09,2.22,-9.2));
#7636=VECTOR('',#9013,1.0);
#7637=CARTESIAN_POINT('',(-4.18,2.22,-2.7));
#7638=CARTESIAN_POINT('',(-4.18,2.22,-12.7));
#7639=VECTOR('',#9014,1.0);
#7640=CARTESIAN_POINT('',(-4.18,2.22,-2.7));
#7641=VECTOR('',#9015,1.0);
#7642=COLOUR_RGB('',1.0,1.0,0.0);
#7643=CARTESIAN_POINT('',(-2.82,1.73,-1.7));
#7644=CARTESIAN_POINT('',(-4.18,1.73,-1.7));
#7645=CARTESIAN_POINT('',(-3.8425,1.73,-1.7));
#7646=VECTOR('',#9016,1.0);
#7647=CARTESIAN_POINT('',(-2.82,1.97,-1.7));
#7648=CARTESIAN_POINT('',(-2.82,2.0125,-1.7));
#7649=VECTOR('',#9017,1.0);
#7650=CARTESIAN_POINT('',(-4.18,1.97,-1.7));
#7651=CARTESIAN_POINT('',(-4.18,1.97,-1.7));
#7652=VECTOR('',#9018,1.0);
#7653=CARTESIAN_POINT('',(-4.18,1.62,-1.7));
#7654=VECTOR('',#9019,1.0);
#7655=COLOUR_RGB('',1.0,1.0,0.0);
#7656=CARTESIAN_POINT('',(-2.82,1.97,-2.7));
#7657=CARTESIAN_POINT('',(-2.82,1.97,-4.15));
#7658=VECTOR('',#9020,1.0);
#7659=CARTESIAN_POINT('',(-4.18,1.97,-2.7));
#7660=CARTESIAN_POINT('',(-4.18,1.97,-2.7));
#7661=VECTOR('',#9021,1.0);
#7662=CARTESIAN_POINT('',(-4.18,1.97,-1.7));
#7663=VECTOR('',#9022,1.0);
#7664=COLOUR_RGB('',1.0,1.0,0.0);
#7665=CARTESIAN_POINT('',(-2.82,2.1625,-2.7));
#7666=VECTOR('',#9023,1.0);
#7667=CARTESIAN_POINT('',(-4.18,1.97,-2.7));
#7668=VECTOR('',#9024,1.0);
#7669=COLOUR_RGB('',1.0,1.0,0.0);
#7670=CARTESIAN_POINT('',(-4.18,1.73,-9.2));
#7671=CARTESIAN_POINT('',(-4.18,1.73,-6.65538793103448));
#7672=VECTOR('',#9025,1.0);
#7673=CARTESIAN_POINT('',(-4.18,2.12961206896552,-9.2));
#7674=VECTOR('',#9026,1.0);
#7675=COLOUR_RGB('',0.196078434586525,0.196078434586525,0.196078434586525);
#7676=CARTESIAN_POINT('',(-4.19,1.73,-9.2));
#7677=CARTESIAN_POINT('',(-1.7525,1.73,-9.2));
#7678=VECTOR('',#9027,1.0);
#7679=CARTESIAN_POINT('',(-4.19,1.73,-1.1));
#7680=CARTESIAN_POINT('',(-4.19,1.73,-6.1));
#7681=VECTOR('',#9028,1.0);
#7682=CARTESIAN_POINT('',(-2.82,1.73,-1.1));
#7683=CARTESIAN_POINT('',(-3.505,1.73,-1.1));
#7684=VECTOR('',#9029,1.0);
#7685=CARTESIAN_POINT('',(-2.82,1.73,-6.1));
#7686=VECTOR('',#9030,1.0);
#7687=COLOUR_RGB('',0.196078434586525,0.196078434586525,0.196078434586525);
#7688=CARTESIAN_POINT('',(4.2,1.73,-18.6));
#7689=CARTESIAN_POINT('',(1.75,1.73,-18.6));
#7690=VECTOR('',#9031,1.0);
#7691=CARTESIAN_POINT('',(4.2,2.13,-18.6));
#7692=CARTESIAN_POINT('',(4.2,2.385,-18.6));
#7693=VECTOR('',#9032,1.0);
#7694=CARTESIAN_POINT('',(3.975,2.13,-18.6));
#7695=CARTESIAN_POINT('',(2.04375,2.13,-18.6));
#7696=VECTOR('',#9033,1.0);
#7697=CARTESIAN_POINT('',(3.975,3.05,-18.6));
#7698=CARTESIAN_POINT('',(3.975,2.715,-18.6));
#7699=VECTOR('',#9034,1.0);
#7700=CARTESIAN_POINT('',(3.025,3.05,-18.6));
#7701=CARTESIAN_POINT('',(1.75,3.05,-18.6));
#7702=VECTOR('',#9035,1.0);
#7703=CARTESIAN_POINT('',(3.025,2.13,-18.6));
#7704=CARTESIAN_POINT('',(3.025,2.715,-18.6));
#7705=VECTOR('',#9036,1.0);
#7706=CARTESIAN_POINT('',(2.8,2.13,-18.6));
#7707=CARTESIAN_POINT('',(1.45625,2.13,-18.6));
#7708=VECTOR('',#9037,1.0);
#7709=CARTESIAN_POINT('',(2.8,2.385,-18.6));
#7710=VECTOR('',#9038,1.0);
#7711=CARTESIAN_POINT('',(1.7,1.73,-18.6));
#7712=CARTESIAN_POINT('',(0.5,1.73,-18.6));
#7713=VECTOR('',#9039,1.0);
#7714=CARTESIAN_POINT('',(1.7,2.13,-18.6));
#7715=CARTESIAN_POINT('',(1.7,2.385,-18.6));
#7716=VECTOR('',#9040,1.0);
#7717=CARTESIAN_POINT('',(1.475,2.13,-18.6));
#7718=CARTESIAN_POINT('',(0.79375,2.13,-18.6));
#7719=VECTOR('',#9041,1.0);
#7720=CARTESIAN_POINT('',(1.475,3.05,-18.6));
#7721=CARTESIAN_POINT('',(1.475,2.715,-18.6));
#7722=VECTOR('',#9042,1.0);
#7723=CARTESIAN_POINT('',(0.525,3.05,-18.6));
#7724=CARTESIAN_POINT('',(0.5,3.05,-18.6));
#7725=VECTOR('',#9043,1.0);
#7726=CARTESIAN_POINT('',(0.525,2.13,-18.6));
#7727=CARTESIAN_POINT('',(0.525,2.715,-18.6));
#7728=VECTOR('',#9044,1.0);
#7729=CARTESIAN_POINT('',(0.3,2.13,-18.6));
#7730=CARTESIAN_POINT('',(0.20625,2.13,-18.6));
#7731=VECTOR('',#9045,1.0);
#7732=CARTESIAN_POINT('',(0.3,2.385,-18.6));
#7733=VECTOR('',#9046,1.0);
#7734=CARTESIAN_POINT('',(-0.3,1.73,-18.6));
#7735=CARTESIAN_POINT('',(-0.5,1.73,-18.6));
#7736=VECTOR('',#9047,1.0);
#7737=CARTESIAN_POINT('',(-0.3,2.13,-18.6));
#7738=CARTESIAN_POINT('',(-0.3,2.385,-18.6));
#7739=VECTOR('',#9048,1.0);
#7740=CARTESIAN_POINT('',(-0.525,2.13,-18.6));
#7741=CARTESIAN_POINT('',(-0.20625,2.13,-18.6));
#7742=VECTOR('',#9049,1.0);
#7743=CARTESIAN_POINT('',(-0.525,3.05,-18.6));
#7744=CARTESIAN_POINT('',(-0.525,2.715,-18.6));
#7745=VECTOR('',#9050,1.0);
#7746=CARTESIAN_POINT('',(-1.475,3.05,-18.6));
#7747=CARTESIAN_POINT('',(-0.5,3.05,-18.6));
#7748=VECTOR('',#9051,1.0);
#7749=CARTESIAN_POINT('',(-1.475,2.13,-18.6));
#7750=CARTESIAN_POINT('',(-1.475,2.715,-18.6));
#7751=VECTOR('',#9052,1.0);
#7752=CARTESIAN_POINT('',(-1.7,2.13,-18.6));
#7753=CARTESIAN_POINT('',(-0.79375,2.13,-18.6));
#7754=VECTOR('',#9053,1.0);
#7755=CARTESIAN_POINT('',(-1.7,2.385,-18.6));
#7756=VECTOR('',#9054,1.0);
#7757=CARTESIAN_POINT('',(-2.8,1.73,-18.6));
#7758=CARTESIAN_POINT('',(-1.75,1.73,-18.6));
#7759=VECTOR('',#9055,1.0);
#7760=CARTESIAN_POINT('',(-2.8,2.13,-18.6));
#7761=CARTESIAN_POINT('',(-2.8,2.385,-18.6));
#7762=VECTOR('',#9056,1.0);
#7763=CARTESIAN_POINT('',(-3.025,2.13,-18.6));
#7764=CARTESIAN_POINT('',(-1.45625,2.13,-18.6));
#7765=VECTOR('',#9057,1.0);
#7766=CARTESIAN_POINT('',(-3.025,3.05,-18.6));
#7767=CARTESIAN_POINT('',(-3.025,2.715,-18.6));
#7768=VECTOR('',#9058,1.0);
#7769=CARTESIAN_POINT('',(-3.975,3.05,-18.6));
#7770=CARTESIAN_POINT('',(-1.75,3.05,-18.6));
#7771=VECTOR('',#9059,1.0);
#7772=CARTESIAN_POINT('',(-3.975,2.13,-18.6));
#7773=CARTESIAN_POINT('',(-3.975,2.715,-18.6));
#7774=VECTOR('',#9060,1.0);
#7775=CARTESIAN_POINT('',(-4.2,2.13,-18.6));
#7776=CARTESIAN_POINT('',(-2.04375,2.13,-18.6));
#7777=VECTOR('',#9061,1.0);
#7778=CARTESIAN_POINT('',(-4.2,2.385,-18.6));
#7779=VECTOR('',#9062,1.0);
#7780=CARTESIAN_POINT('',(-5.6,4.2,-18.6));
#7781=CARTESIAN_POINT('',(-5.7,4.1,-18.6));
#7782=AXIS2_PLACEMENT_3D('',#9063,#9064,#9065);
#7783=CARTESIAN_POINT('',(5.6,4.2,-18.6));
#7784=CARTESIAN_POINT('',(0.0,4.2,-18.6));
#7785=VECTOR('',#9066,1.0);
#7786=CARTESIAN_POINT('',(5.7,4.1,-18.6));
#7787=AXIS2_PLACEMENT_3D('',#9067,#9068,#9069);
#7788=CARTESIAN_POINT('',(5.7,1.65,-18.6));
#7789=CARTESIAN_POINT('',(5.7,2.545,-18.6));
#7790=VECTOR('',#9070,1.0);
#7791=CARTESIAN_POINT('',(5.7,1.38,-18.6));
#7792=CARTESIAN_POINT('',(5.7,2.84,-18.6));
#7793=VECTOR('',#9071,1.0);
#7794=CARTESIAN_POINT('',(-5.7,1.38,-18.6));
#7795=CARTESIAN_POINT('',(0.0,1.38,-18.6));
#7796=VECTOR('',#9072,1.0);
#7797=CARTESIAN_POINT('',(-5.7,1.65,-18.6));
#7798=CARTESIAN_POINT('',(-5.7,2.84,-18.6));
#7799=VECTOR('',#9073,1.0);
#7800=CARTESIAN_POINT('',(-5.7,2.545,-18.6));
#7801=VECTOR('',#9074,1.0);
#7802=COLOUR_RGB('',0.196078434586525,0.196078434586525,0.196078434586525);
#7803=CARTESIAN_POINT('',(-5.7,0.4,-14.65));
#7804=CARTESIAN_POINT('',(-5.68660254037844,0.35,-14.65));
#7805=AXIS2_PLACEMENT_3D('',#9075,#9076,#9077);
#7806=CARTESIAN_POINT('',(-5.7,1.38,-14.65));
#7807=CARTESIAN_POINT('',(-5.7,2.3,-14.65));
#7808=VECTOR('',#9078,1.0);
#7809=CARTESIAN_POINT('',(5.7,1.38,-14.65));
#7810=CARTESIAN_POINT('',(0.0,1.38,-14.65));
#7811=VECTOR('',#9079,1.0);
#7812=CARTESIAN_POINT('',(5.7,0.4,-14.65));
#7813=CARTESIAN_POINT('',(5.7,2.3,-14.65));
#7814=VECTOR('',#9080,1.0);
#7815=CARTESIAN_POINT('',(5.68660254037844,0.35,-14.65));
#7816=AXIS2_PLACEMENT_3D('',#9081,#9082,#9083);
#7817=CARTESIAN_POINT('',(0.0,0.35,-14.65));
#7818=VECTOR('',#9084,1.0);
#7819=COLOUR_RGB('',0.196078434586525,0.196078434586525,0.196078434586525);
#7820=AXIS2_PLACEMENT_3D('',#9085,#9086,#9087);
#7821=COLOUR_RGB('',0.196078434586525,0.196078434586525,0.196078434586525);
#7822=AXIS2_PLACEMENT_3D('',#9088,#9089,#9090);
#7823=COLOUR_RGB('',0.196078434586525,0.196078434586525,0.196078434586525);
#7824=AXIS2_PLACEMENT_3D('',#9091,#9092,#9093);
#7825=COLOUR_RGB('',0.196078434586525,0.196078434586525,0.196078434586525);
#7826=CARTESIAN_POINT('',(-5.7,1.65,-14.7));
#7827=CARTESIAN_POINT('',(-5.7,1.38,-14.7));
#7828=CARTESIAN_POINT('',(-5.7,1.5375,-14.7));
#7829=VECTOR('',#9094,1.0);
#7830=CARTESIAN_POINT('',(-5.7,1.65,-20.375));
#7831=VECTOR('',#9095,1.0);
#7832=CARTESIAN_POINT('',(-5.7,1.38,-15.975));
#7833=VECTOR('',#9096,1.0);
#7834=COLOUR_RGB('',0.196078434586525,0.196078434586525,0.196078434586525);
#7835=AXIS2_PLACEMENT_3D('',#9097,#9098,#9099);
#7836=COLOUR_RGB('',0.196078434586525,0.196078434586525,0.196078434586525);
#7837=AXIS2_PLACEMENT_3D('',#9100,#9101,#9102);
#7838=AXIS2_PLACEMENT_3D('',#9103,#9104,#9105);
#7839=COLOUR_RGB('',0.196078434586525,0.196078434586525,0.196078434586525);
#7840=COLOUR_RGB('',0.196078434586525,0.196078434586525,0.196078434586525);
#7841=AXIS2_PLACEMENT_3D('',#9106,#9107,#9108);
#7842=AXIS2_PLACEMENT_3D('',#9109,#9110,#9111);
#7843=COLOUR_RGB('',0.196078434586525,0.196078434586525,0.196078434586525);
#7844=COLOUR_RGB('',0.196078434586525,0.196078434586525,0.196078434586525);
#7845=CARTESIAN_POINT('',(3.975,2.13,-19.8));
#7846=VECTOR('',#9112,1.0);
#7847=CARTESIAN_POINT('',(3.975,3.05,-19.8));
#7848=VECTOR('',#9113,1.0);
#7849=COLOUR_RGB('',0.196078434586525,0.196078434586525,0.196078434586525);
#7850=CARTESIAN_POINT('',(3.025,3.05,-19.8));
#7851=VECTOR('',#9114,1.0);
#7852=COLOUR_RGB('',0.196078434586525,0.196078434586525,0.196078434586525);
#7853=CARTESIAN_POINT('',(3.025,2.13,-19.8));
#7854=VECTOR('',#9115,1.0);
#7855=COLOUR_RGB('',0.196078434586525,0.196078434586525,0.196078434586525);
#7856=CARTESIAN_POINT('',(2.8,2.13,-19.8));
#7857=VECTOR('',#9116,1.0);
#7858=COLOUR_RGB('',0.196078434586525,0.196078434586525,0.196078434586525);
#7859=COLOUR_RGB('',0.196078434586525,0.196078434586525,0.196078434586525);
#7860=CARTESIAN_POINT('',(4.2,2.13,-19.8));
#7861=VECTOR('',#9117,1.0);
#7862=COLOUR_RGB('',0.196078434586525,0.196078434586525,0.196078434586525);
#7863=CARTESIAN_POINT('',(4.2,1.73,-19.8));
#7864=VECTOR('',#9118,1.0);
#7865=COLOUR_RGB('',0.196078434586525,0.196078434586525,0.196078434586525);
#7866=COLOUR_RGB('',0.196078434586525,0.196078434586525,0.196078434586525);
#7867=CARTESIAN_POINT('',(1.475,2.13,-19.8));
#7868=VECTOR('',#9119,1.0);
#7869=CARTESIAN_POINT('',(1.475,3.05,-19.8));
#7870=VECTOR('',#9120,1.0);
#7871=COLOUR_RGB('',0.196078434586525,0.196078434586525,0.196078434586525);
#7872=CARTESIAN_POINT('',(0.525,3.05,-19.8));
#7873=VECTOR('',#9121,1.0);
#7874=COLOUR_RGB('',0.196078434586525,0.196078434586525,0.196078434586525);
#7875=CARTESIAN_POINT('',(0.525,2.13,-19.8));
#7876=VECTOR('',#9122,1.0);
#7877=COLOUR_RGB('',0.196078434586525,0.196078434586525,0.196078434586525);
#7878=CARTESIAN_POINT('',(0.3,2.13,-19.8));
#7879=VECTOR('',#9123,1.0);
#7880=COLOUR_RGB('',0.196078434586525,0.196078434586525,0.196078434586525);
#7881=COLOUR_RGB('',0.196078434586525,0.196078434586525,0.196078434586525);
#7882=CARTESIAN_POINT('',(1.7,2.13,-19.8));
#7883=VECTOR('',#9124,1.0);
#7884=COLOUR_RGB('',0.196078434586525,0.196078434586525,0.196078434586525);
#7885=CARTESIAN_POINT('',(1.7,1.73,-19.8));
#7886=VECTOR('',#9125,1.0);
#7887=COLOUR_RGB('',0.196078434586525,0.196078434586525,0.196078434586525);
#7888=COLOUR_RGB('',0.196078434586525,0.196078434586525,0.196078434586525);
#7889=CARTESIAN_POINT('',(-0.525,2.13,-19.8));
#7890=VECTOR('',#9126,1.0);
#7891=CARTESIAN_POINT('',(-0.525,3.05,-19.8));
#7892=VECTOR('',#9127,1.0);
#7893=COLOUR_RGB('',0.196078434586525,0.196078434586525,0.196078434586525);
#7894=CARTESIAN_POINT('',(-1.475,3.05,-19.8));
#7895=VECTOR('',#9128,1.0);
#7896=COLOUR_RGB('',0.196078434586525,0.196078434586525,0.196078434586525);
#7897=CARTESIAN_POINT('',(-1.475,2.13,-19.8));
#7898=VECTOR('',#9129,1.0);
#7899=COLOUR_RGB('',0.196078434586525,0.196078434586525,0.196078434586525);
#7900=CARTESIAN_POINT('',(-1.7,2.13,-19.8));
#7901=VECTOR('',#9130,1.0);
#7902=COLOUR_RGB('',0.196078434586525,0.196078434586525,0.196078434586525);
#7903=COLOUR_RGB('',0.196078434586525,0.196078434586525,0.196078434586525);
#7904=CARTESIAN_POINT('',(-0.3,2.13,-19.8));
#7905=VECTOR('',#9131,1.0);
#7906=COLOUR_RGB('',0.196078434586525,0.196078434586525,0.196078434586525);
#7907=CARTESIAN_POINT('',(-0.3,1.73,-19.8));
#7908=VECTOR('',#9132,1.0);
#7909=COLOUR_RGB('',0.196078434586525,0.196078434586525,0.196078434586525);
#7910=COLOUR_RGB('',0.196078434586525,0.196078434586525,0.196078434586525);
#7911=CARTESIAN_POINT('',(-3.025,2.13,-19.8));
#7912=VECTOR('',#9133,1.0);
#7913=CARTESIAN_POINT('',(-3.025,3.05,-19.8));
#7914=VECTOR('',#9134,1.0);
#7915=COLOUR_RGB('',0.196078434586525,0.196078434586525,0.196078434586525);
#7916=CARTESIAN_POINT('',(-3.975,3.05,-19.8));
#7917=VECTOR('',#9135,1.0);
#7918=COLOUR_RGB('',0.196078434586525,0.196078434586525,0.196078434586525);
#7919=CARTESIAN_POINT('',(-3.975,2.13,-19.8));
#7920=VECTOR('',#9136,1.0);
#7921=COLOUR_RGB('',0.196078434586525,0.196078434586525,0.196078434586525);
#7922=CARTESIAN_POINT('',(-4.2,2.13,-19.8));
#7923=VECTOR('',#9137,1.0);
#7924=COLOUR_RGB('',0.196078434586525,0.196078434586525,0.196078434586525);
#7925=COLOUR_RGB('',0.196078434586525,0.196078434586525,0.196078434586525);
#7926=CARTESIAN_POINT('',(-2.8,2.13,-19.8));
#7927=VECTOR('',#9138,1.0);
#7928=COLOUR_RGB('',0.196078434586525,0.196078434586525,0.196078434586525);
#7929=CARTESIAN_POINT('',(-2.8,1.73,-19.8));
#7930=VECTOR('',#9139,1.0);
#7931=COLOUR_RGB('',0.196078434586525,0.196078434586525,0.196078434586525);
#7932=COLOUR_RGB('',0.196078434586525,0.196078434586525,0.196078434586525);
#7933=CARTESIAN_POINT('',(-5.7,1.38,-19.9875));
#7934=VECTOR('',#9140,1.0);
#7935=CARTESIAN_POINT('',(5.7,1.38,-14.7));
#7936=CARTESIAN_POINT('',(5.7,1.38,-15.975));
#7937=VECTOR('',#9141,1.0);
#7938=CARTESIAN_POINT('',(5.7,1.38,-19.9875));
#7939=VECTOR('',#9142,1.0);
#7940=COLOUR_RGB('',0.196078434586525,0.196078434586525,0.196078434586525);
#7941=CARTESIAN_POINT('',(5.7,1.65,-14.7));
#7942=CARTESIAN_POINT('',(5.7,1.5375,-14.7));
#7943=VECTOR('',#9143,1.0);
#7944=CARTESIAN_POINT('',(5.7,1.65,-20.375));
#7945=VECTOR('',#9144,1.0);
#7946=COLOUR_RGB('',0.196078434586525,0.196078434586525,0.196078434586525);
#7947=CARTESIAN_POINT('',(4.19,2.05,-9.2));
#7948=CARTESIAN_POINT('',(4.19,2.29,-9.2));
#7949=VECTOR('',#9145,1.0);
#7950=CARTESIAN_POINT('',(4.72,2.05,-9.2));
#7951=CARTESIAN_POINT('',(0.0,2.05,-9.2));
#7952=VECTOR('',#9146,1.0);
#7953=CARTESIAN_POINT('',(4.72,2.25,-9.2));
#7954=CARTESIAN_POINT('',(4.72,2.25,-9.2));
#7955=VECTOR('',#9147,1.0);
#7956=CARTESIAN_POINT('',(5.7,2.25,-9.2));
#7957=CARTESIAN_POINT('',(2.63,2.25,-9.2));
#7958=VECTOR('',#9148,1.0);
#7959=CARTESIAN_POINT('',(5.7,4.1,-9.2));
#7960=CARTESIAN_POINT('',(5.7,2.3,-9.2));
#7961=VECTOR('',#9149,1.0);
#7962=CARTESIAN_POINT('',(5.6,4.2,-9.2));
#7963=AXIS2_PLACEMENT_3D('',#9150,#9151,#9152);
#7964=CARTESIAN_POINT('',(-5.6,4.2,-9.2));
#7965=CARTESIAN_POINT('',(0.0,4.2,-9.2));
#7966=VECTOR('',#9153,1.0);
#7967=CARTESIAN_POINT('',(-5.7,4.1,-9.2));
#7968=AXIS2_PLACEMENT_3D('',#9154,#9155,#9156);
#7969=CARTESIAN_POINT('',(-5.7,2.25,-9.2));
#7970=CARTESIAN_POINT('',(-5.7,2.3,-9.2));
#7971=VECTOR('',#9157,1.0);
#7972=CARTESIAN_POINT('',(-4.72,2.25,-9.2));
#7973=CARTESIAN_POINT('',(-2.63,2.25,-9.2));
#7974=VECTOR('',#9158,1.0);
#7975=CARTESIAN_POINT('',(-4.72,2.05,-9.2));
#7976=CARTESIAN_POINT('',(-4.72,2.25,-9.2));
#7977=VECTOR('',#9159,1.0);
#7978=CARTESIAN_POINT('',(-4.19,2.05,-9.2));
#7979=CARTESIAN_POINT('',(0.0,2.05,-9.2));
#7980=VECTOR('',#9160,1.0);
#7981=CARTESIAN_POINT('',(-4.19,2.29,-9.2));
#7982=VECTOR('',#9161,1.0);
#7983=CARTESIAN_POINT('',(-1.69,2.05,-9.2));
#7984=CARTESIAN_POINT('',(0.0,2.05,-9.2));
#7985=VECTOR('',#9162,1.0);
#7986=CARTESIAN_POINT('',(-1.69,2.29,-9.2));
#7987=VECTOR('',#9163,1.0);
#7988=CARTESIAN_POINT('',(0.0,2.05,-9.2));
#7989=VECTOR('',#9164,1.0);
#7990=CARTESIAN_POINT('',(1.69,1.73,-9.2));
#7991=CARTESIAN_POINT('',(0.5025,1.73,-9.2));
#7992=VECTOR('',#9165,1.0);
#7993=CARTESIAN_POINT('',(1.69,2.05,-9.2));
#7994=CARTESIAN_POINT('',(1.69,2.29,-9.2));
#7995=VECTOR('',#9166,1.0);
#7996=CARTESIAN_POINT('',(0.0,2.05,-9.2));
#7997=VECTOR('',#9167,1.0);
#7998=COLOUR_RGB('',0.196078434586525,0.196078434586525,0.196078434586525);
#7999=CARTESIAN_POINT('',(-0.32,2.05,-8.6));
#8000=VECTOR('',#9168,1.0);
#8001=COLOUR_RGB('',0.196078434586525,0.196078434586525,0.196078434586525);
#8002=CARTESIAN_POINT('',(-1.69,2.05,-8.6));
#8003=VECTOR('',#9169,1.0);
#8004=COLOUR_RGB('',0.196078434586525,0.196078434586525,0.196078434586525);
#8005=CARTESIAN_POINT('',(-2.82,2.05,-1.1));
#8006=CARTESIAN_POINT('',(-2.82,2.23,-1.1));
#8007=VECTOR('',#9170,1.0);
#8008=CARTESIAN_POINT('',(-2.82,2.05,-8.1));
#8009=VECTOR('',#9171,1.0);
#8010=COLOUR_RGB('',0.196078434586525,0.196078434586525,0.196078434586525);
#8011=CARTESIAN_POINT('',(-4.19,2.05,-1.1));
#8012=CARTESIAN_POINT('',(-4.19,2.05,-8.1));
#8013=VECTOR('',#9172,1.0);
#8014=CARTESIAN_POINT('',(-4.19,2.23,-1.1));
#8015=VECTOR('',#9173,1.0);
#8016=COLOUR_RGB('',0.196078434586525,0.196078434586525,0.196078434586525);
#8017=CARTESIAN_POINT('',(-4.72,2.25,-0.6));
#8018=CARTESIAN_POINT('',(-4.72,2.25,-10.1));
#8019=VECTOR('',#9174,1.0);
#8020=CARTESIAN_POINT('',(-4.72,2.05,-0.399999999999999));
#8021=CARTESIAN_POINT('',(-4.72,4.475,-2.825));
#8022=VECTOR('',#9175,1.0);
#8023=CARTESIAN_POINT('',(-4.72,2.05,-10.1));
#8024=VECTOR('',#9176,1.0);
#8025=COLOUR_RGB('',0.196078434586525,0.196078434586525,0.196078434586525);
#8026=CARTESIAN_POINT('',(-5.7,2.25,-0.599999999999999));
#8027=CARTESIAN_POINT('',(-5.7,2.25,-17.05));
#8028=VECTOR('',#9177,1.0);
#8029=CARTESIAN_POINT('',(0.87,2.25,-0.6));
#8030=VECTOR('',#9178,1.0);
#8031=COLOUR_RGB('',0.196078434586525,0.196078434586525,0.196078434586525);
#8032=CARTESIAN_POINT('',(4.19,2.05,-1.1));
#8033=CARTESIAN_POINT('',(2.82,2.05,-1.1));
#8034=CARTESIAN_POINT('',(1.7525,2.05,-1.1));
#8035=VECTOR('',#9179,1.0);
#8036=CARTESIAN_POINT('',(4.19,2.23,-1.1));
#8037=VECTOR('',#9180,1.0);
#8038=CARTESIAN_POINT('',(2.82,2.23,-1.1));
#8039=VECTOR('',#9181,1.0);
#8040=COLOUR_RGB('',0.196078434586525,0.196078434586525,0.196078434586525);
#8041=CARTESIAN_POINT('',(2.82,2.05,-8.1));
#8042=VECTOR('',#9182,1.0);
#8043=COLOUR_RGB('',0.196078434586525,0.196078434586525,0.196078434586525);
#8044=CARTESIAN_POINT('',(4.19,2.05,-8.1));
#8045=VECTOR('',#9183,1.0);
#8046=COLOUR_RGB('',0.196078434586525,0.196078434586525,0.196078434586525);
#8047=CARTESIAN_POINT('',(-1.7525,2.05,-1.1));
#8048=VECTOR('',#9184,1.0);
#8049=CARTESIAN_POINT('',(4.72,2.05,-0.399999999999999));
#8050=CARTESIAN_POINT('',(3.5,2.05,-0.399999999999999));
#8051=VECTOR('',#9185,1.0);
#8052=CARTESIAN_POINT('',(4.72,2.05,-10.1));
#8053=VECTOR('',#9186,1.0);
#8054=CARTESIAN_POINT('',(1.69,2.05,-8.6));
#8055=VECTOR('',#9187,1.0);
#8056=COLOUR_RGB('',0.196078434586525,0.196078434586525,0.196078434586525);
#8057=CARTESIAN_POINT('',(1.69,1.73,-7.1));
#8058=VECTOR('',#9188,1.0);
#8059=COLOUR_RGB('',0.196078434586525,0.196078434586525,0.196078434586525);
#8060=COLOUR_RGB('',0.196078434586525,0.196078434586525,0.196078434586525);
#8061=COLOUR_RGB('',0.196078434586525,0.196078434586525,0.196078434586525);
#8062=CARTESIAN_POINT('',(-5.7,1.75,-0.0999999999999996));
#8063=CARTESIAN_POINT('',(-5.7,7.975,-6.325));
#8064=VECTOR('',#9189,1.0);
#8065=CARTESIAN_POINT('',(5.7,1.75,-0.0999999999999996));
#8066=CARTESIAN_POINT('',(3.5,1.75,-0.0999999999999996));
#8067=VECTOR('',#9190,1.0);
#8068=CARTESIAN_POINT('',(5.7,2.25,-0.6));
#8069=CARTESIAN_POINT('',(5.7,7.975,-6.325));
#8070=VECTOR('',#9191,1.0);
#8071=CARTESIAN_POINT('',(4.72,2.25,-0.6));
#8072=CARTESIAN_POINT('',(6.13,2.25,-0.6));
#8073=VECTOR('',#9192,1.0);
#8074=CARTESIAN_POINT('',(4.72,4.475,-2.825));
#8075=VECTOR('',#9193,1.0);
#8076=COLOUR_RGB('',0.196078434586525,0.196078434586525,0.196078434586525);
#8077=CARTESIAN_POINT('',(4.72,2.25,-10.1));
#8078=VECTOR('',#9194,1.0);
#8079=COLOUR_RGB('',0.196078434586525,0.196078434586525,0.196078434586525);
#8080=CARTESIAN_POINT('',(5.7,2.25,-17.05));
#8081=VECTOR('',#9195,1.0);
#8082=COLOUR_RGB('',0.196078434586525,0.196078434586525,0.196078434586525);
#8083=CARTESIAN_POINT('',(-5.68660254037844,0.35,-0.100000000000001));
#8084=CARTESIAN_POINT('',(-5.68660254037844,0.35,-7.375));
#8085=VECTOR('',#9196,1.0);
#8086=CARTESIAN_POINT('',(5.68660254037844,0.35,-0.100000000000001));
#8087=CARTESIAN_POINT('',(5.68660254037844,0.35,-7.375));
#8088=VECTOR('',#9197,1.0);
#8089=CARTESIAN_POINT('',(-5.8,0.35,-0.0999999999999996));
#8090=VECTOR('',#9198,1.0);
#8091=COLOUR_RGB('',0.196078434586525,0.196078434586525,0.196078434586525);
#8092=CARTESIAN_POINT('',(-5.7,0.4,-0.100000000000001));
#8093=AXIS2_PLACEMENT_3D('',#9199,#9200,#9201);
#8094=CARTESIAN_POINT('',(5.7,0.4,-0.100000000000001));
#8095=AXIS2_PLACEMENT_3D('',#9202,#9203,#9204);
#8096=CARTESIAN_POINT('',(5.7,1.74675182481752,-0.100000000000001));
#8097=VECTOR('',#9205,1.0);
#8098=CARTESIAN_POINT('',(-5.7,1.74675182481752,-0.100000000000001));
#8099=VECTOR('',#9206,1.0);
#8100=COLOUR_RGB('',0.705882370471954,0.705882370471954,0.705882370471954);
#8101=CARTESIAN_POINT('',(-5.7,0.4,0.0));
#8102=CARTESIAN_POINT('',(-5.7,0.4,-24.0));
#8103=VECTOR('',#9207,1.0);
#8104=CARTESIAN_POINT('',(-5.6,0.300000000000001,0.0));
#8105=AXIS2_PLACEMENT_3D('',#9208,#9209,#9210);
#8106=CARTESIAN_POINT('',(-5.6,0.300000000000001,-14.7));
#8107=CARTESIAN_POINT('',(-5.6,0.300000000000001,-24.0));
#8108=VECTOR('',#9211,1.0);
#8109=CARTESIAN_POINT('',(-5.7,0.4,-14.7));
#8110=AXIS2_PLACEMENT_3D('',#9212,#9213,#9214);
#8111=CARTESIAN_POINT('',(-5.7,0.4,-24.0));
#8112=VECTOR('',#9215,1.0);
#8113=COLOUR_RGB('',0.705882370471954,0.705882370471954,0.705882370471954);
#8114=CARTESIAN_POINT('',(-5.7,4.1,0.0));
#8115=CARTESIAN_POINT('',(-5.7,4.1,-24.0));
#8116=VECTOR('',#9216,1.0);
#8117=CARTESIAN_POINT('',(-5.7,2.25,0.0));
#8118=VECTOR('',#9217,1.0);
#8119=COLOUR_RGB('',0.705882370471954,0.705882370471954,0.705882370471954);
#8120=CARTESIAN_POINT('',(-5.7,1.65,-18.8));
#8121=CARTESIAN_POINT('',(-5.7,1.65,-20.375));
#8122=VECTOR('',#9218,1.0);
#8123=CARTESIAN_POINT('',(-5.7,4.1,-18.8));
#8124=CARTESIAN_POINT('',(-5.7,2.25,-18.8));
#8125=VECTOR('',#9219,1.0);
#8126=CARTESIAN_POINT('',(-5.7,4.1,-24.0));
#8127=VECTOR('',#9220,1.0);
#8128=COLOUR_RGB('',0.705882370471954,0.705882370471954,0.705882370471954);
#8129=CARTESIAN_POINT('',(-5.6,4.2,0.0));
#8130=CARTESIAN_POINT('',(-5.6,4.2,-24.0));
#8131=VECTOR('',#9221,1.0);
#8132=AXIS2_PLACEMENT_3D('',#9222,#9223,#9224);
#8133=COLOUR_RGB('',0.705882370471954,0.705882370471954,0.705882370471954);
#8134=CARTESIAN_POINT('',(4.2,4.2,-5.3));
#8135=CARTESIAN_POINT('',(1.7,4.2,-5.3));
#8136=CARTESIAN_POINT('',(1.475,4.2,-5.3));
#8137=VECTOR('',#9225,1.0);
#8138=CARTESIAN_POINT('',(1.7,4.2,-3.3));
#8139=CARTESIAN_POINT('',(1.7,4.2,-14.15));
#8140=VECTOR('',#9226,1.0);
#8141=CARTESIAN_POINT('',(4.2,4.2,-3.3));
#8142=CARTESIAN_POINT('',(1.475,4.2,-3.3));
#8143=VECTOR('',#9227,1.0);
#8144=CARTESIAN_POINT('',(4.2,4.2,-14.15));
#8145=VECTOR('',#9228,1.0);
#8146=CARTESIAN_POINT('',(-1.7,4.2,-5.3));
#8147=CARTESIAN_POINT('',(-4.2,4.2,-5.3));
#8148=CARTESIAN_POINT('',(-1.475,4.2,-5.3));
#8149=VECTOR('',#9229,1.0);
#8150=CARTESIAN_POINT('',(-4.2,4.2,-3.3));
#8151=CARTESIAN_POINT('',(-4.2,4.2,-14.15));
#8152=VECTOR('',#9230,1.0);
#8153=CARTESIAN_POINT('',(-1.7,4.2,-3.3));
#8154=CARTESIAN_POINT('',(-1.475,4.2,-3.3));
#8155=VECTOR('',#9231,1.0);
#8156=CARTESIAN_POINT('',(-1.7,4.2,-14.15));
#8157=VECTOR('',#9232,1.0);
#8158=CARTESIAN_POINT('',(5.6,4.2,0.0));
#8159=CARTESIAN_POINT('',(5.6,4.2,-24.0));
#8160=VECTOR('',#9233,1.0);
#8161=CARTESIAN_POINT('',(2.08166817117217E-17,4.2,0.0));
#8162=VECTOR('',#9234,1.0);
#8163=COLOUR_RGB('',0.705882370471954,0.705882370471954,0.705882370471954);
#8164=CARTESIAN_POINT('',(5.7,4.1,0.0));
#8165=CARTESIAN_POINT('',(5.7,4.1,-24.0));
#8166=VECTOR('',#9235,1.0);
#8167=AXIS2_PLACEMENT_3D('',#9236,#9237,#9238);
#8168=COLOUR_RGB('',0.705882370471954,0.705882370471954,0.705882370471954);
#8169=CARTESIAN_POINT('',(5.7,4.1,-18.8));
#8170=CARTESIAN_POINT('',(5.7,4.1,-24.0));
#8171=VECTOR('',#9239,1.0);
#8172=CARTESIAN_POINT('',(5.7,1.65,-18.8));
#8173=CARTESIAN_POINT('',(5.7,2.25,-18.8));
#8174=VECTOR('',#9240,1.0);
#8175=CARTESIAN_POINT('',(5.7,1.65,-20.375));
#8176=VECTOR('',#9241,1.0);
#8177=COLOUR_RGB('',0.705882370471954,0.705882370471954,0.705882370471954);
#8178=CARTESIAN_POINT('',(5.7,0.4,0.0));
#8179=CARTESIAN_POINT('',(5.7,0.4,-24.0));
#8180=VECTOR('',#9242,1.0);
#8181=CARTESIAN_POINT('',(5.7,2.25,0.0));
#8182=VECTOR('',#9243,1.0);
#8183=COLOUR_RGB('',0.705882370471954,0.705882370471954,0.705882370471954);
#8184=CARTESIAN_POINT('',(1.7,4.5,-3.3));
#8185=CARTESIAN_POINT('',(1.7,5.0,-3.3));
#8186=VECTOR('',#9244,1.0);
#8187=CARTESIAN_POINT('',(4.2,4.5,-3.3));
#8188=CARTESIAN_POINT('',(1.475,4.5,-3.3));
#8189=VECTOR('',#9245,1.0);
#8190=CARTESIAN_POINT('',(4.2,5.0,-3.3));
#8191=VECTOR('',#9246,1.0);
#8192=COLOUR_RGB('',0.705882370471954,0.705882370471954,0.705882370471954);
#8193=CARTESIAN_POINT('',(4.2,0.300000000000001,-3.3));
#8194=CARTESIAN_POINT('',(1.7,0.300000000000001,-3.3));
#8195=CARTESIAN_POINT('',(1.475,0.300000000000001,-3.3));
#8196=VECTOR('',#9247,1.0);
#8197=CARTESIAN_POINT('',(4.2,0.0,-3.3));
#8198=CARTESIAN_POINT('',(4.2,5.0,-3.3));
#8199=VECTOR('',#9248,1.0);
#8200=CARTESIAN_POINT('',(1.7,0.0,-3.3));
#8201=CARTESIAN_POINT('',(1.475,0.0,-3.3));
#8202=VECTOR('',#9249,1.0);
#8203=CARTESIAN_POINT('',(1.7,5.0,-3.3));
#8204=VECTOR('',#9250,1.0);
#8205=COLOUR_RGB('',0.705882370471954,0.705882370471954,0.705882370471954);
#8206=CARTESIAN_POINT('',(1.7,4.5,-5.3));
#8207=CARTESIAN_POINT('',(1.7,5.0,-5.3));
#8208=VECTOR('',#9251,1.0);
#8209=CARTESIAN_POINT('',(1.7,4.5,-11.55));
#8210=VECTOR('',#9252,1.0);
#8211=COLOUR_RGB('',0.705882370471954,0.705882370471954,0.705882370471954);
#8212=CARTESIAN_POINT('',(1.7,0.300000000000001,-5.3));
#8213=CARTESIAN_POINT('',(1.7,0.300000000000001,-14.15));
#8214=VECTOR('',#9253,1.0);
#8215=CARTESIAN_POINT('',(1.7,0.0,-5.3));
#8216=CARTESIAN_POINT('',(1.7,0.0,-11.55));
#8217=VECTOR('',#9254,1.0);
#8218=CARTESIAN_POINT('',(1.7,5.0,-5.3));
#8219=VECTOR('',#9255,1.0);
#8220=COLOUR_RGB('',0.705882370471954,0.705882370471954,0.705882370471954);
#8221=CARTESIAN_POINT('',(4.2,4.5,-5.3));
#8222=CARTESIAN_POINT('',(4.2,4.5,-11.55));
#8223=VECTOR('',#9256,1.0);
#8224=CARTESIAN_POINT('',(4.2,5.0,-5.3));
#8225=VECTOR('',#9257,1.0);
#8226=COLOUR_RGB('',0.705882370471954,0.705882370471954,0.705882370471954);
#8227=CARTESIAN_POINT('',(1.475,4.5,-5.3));
#8228=VECTOR('',#9258,1.0);
#8229=COLOUR_RGB('',0.705882370471954,0.705882370471954,0.705882370471954);
#8230=CARTESIAN_POINT('',(4.2,0.300000000000001,-5.3));
#8231=CARTESIAN_POINT('',(1.475,0.300000000000001,-5.3));
#8232=VECTOR('',#9259,1.0);
#8233=CARTESIAN_POINT('',(4.2,0.0,-5.3));
#8234=CARTESIAN_POINT('',(1.475,0.0,-5.3));
#8235=VECTOR('',#9260,1.0);
#8236=CARTESIAN_POINT('',(4.2,5.0,-5.3));
#8237=VECTOR('',#9261,1.0);
#8238=COLOUR_RGB('',0.705882370471954,0.705882370471954,0.705882370471954);
#8239=CARTESIAN_POINT('',(4.2,0.300000000000001,-14.15));
#8240=VECTOR('',#9262,1.0);
#8241=CARTESIAN_POINT('',(4.2,0.0,-11.55));
#8242=VECTOR('',#9263,1.0);
#8243=COLOUR_RGB('',0.705882370471954,0.705882370471954,0.705882370471954);
#8244=CARTESIAN_POINT('',(-4.2,4.5,-3.3));
#8245=CARTESIAN_POINT('',(-4.2,5.0,-3.3));
#8246=VECTOR('',#9264,1.0);
#8247=CARTESIAN_POINT('',(-1.7,4.5,-3.3));
#8248=CARTESIAN_POINT('',(-1.475,4.5,-3.3));
#8249=VECTOR('',#9265,1.0);
#8250=CARTESIAN_POINT('',(-1.7,5.0,-3.3));
#8251=VECTOR('',#9266,1.0);
#8252=COLOUR_RGB('',0.705882370471954,0.705882370471954,0.705882370471954);
#8253=CARTESIAN_POINT('',(-1.7,0.300000000000001,-3.3));
#8254=CARTESIAN_POINT('',(-4.2,0.300000000000001,-3.3));
#8255=CARTESIAN_POINT('',(-1.475,0.300000000000001,-3.3));
#8256=VECTOR('',#9267,1.0);
#8257=CARTESIAN_POINT('',(-1.7,0.0,-3.3));
#8258=CARTESIAN_POINT('',(-1.7,5.0,-3.3));
#8259=VECTOR('',#9268,1.0);
#8260=CARTESIAN_POINT('',(-4.2,0.0,-3.3));
#8261=CARTESIAN_POINT('',(-1.475,0.0,-3.3));
#8262=VECTOR('',#9269,1.0);
#8263=CARTESIAN_POINT('',(-4.2,5.0,-3.3));
#8264=VECTOR('',#9270,1.0);
#8265=COLOUR_RGB('',0.705882370471954,0.705882370471954,0.705882370471954);
#8266=CARTESIAN_POINT('',(-4.2,4.5,-5.3));
#8267=CARTESIAN_POINT('',(-4.2,5.0,-5.3));
#8268=VECTOR('',#9271,1.0);
#8269=CARTESIAN_POINT('',(-4.2,4.5,-11.55));
#8270=VECTOR('',#9272,1.0);
#8271=COLOUR_RGB('',0.705882370471954,0.705882370471954,0.705882370471954);
#8272=CARTESIAN_POINT('',(-4.2,0.300000000000001,-5.3));
#8273=CARTESIAN_POINT('',(-4.2,0.300000000000001,-14.15));
#8274=VECTOR('',#9273,1.0);
#8275=CARTESIAN_POINT('',(-4.2,0.0,-5.3));
#8276=CARTESIAN_POINT('',(-4.2,0.0,-11.55));
#8277=VECTOR('',#9274,1.0);
#8278=CARTESIAN_POINT('',(-4.2,5.0,-5.3));
#8279=VECTOR('',#9275,1.0);
#8280=COLOUR_RGB('',0.705882370471954,0.705882370471954,0.705882370471954);
#8281=CARTESIAN_POINT('',(-1.7,4.5,-5.3));
#8282=CARTESIAN_POINT('',(-1.7,4.5,-11.55));
#8283=VECTOR('',#9276,1.0);
#8284=CARTESIAN_POINT('',(-1.7,5.0,-5.3));
#8285=VECTOR('',#9277,1.0);
#8286=COLOUR_RGB('',0.705882370471954,0.705882370471954,0.705882370471954);
#8287=CARTESIAN_POINT('',(-1.475,4.5,-5.3));
#8288=VECTOR('',#9278,1.0);
#8289=COLOUR_RGB('',0.705882370471954,0.705882370471954,0.705882370471954);
#8290=CARTESIAN_POINT('',(-1.7,0.300000000000001,-5.3));
#8291=CARTESIAN_POINT('',(-1.475,0.300000000000001,-5.3));
#8292=VECTOR('',#9279,1.0);
#8293=CARTESIAN_POINT('',(-1.7,0.0,-5.3));
#8294=CARTESIAN_POINT('',(-1.475,0.0,-5.3));
#8295=VECTOR('',#9280,1.0);
#8296=CARTESIAN_POINT('',(-1.7,5.0,-5.3));
#8297=VECTOR('',#9281,1.0);
#8298=COLOUR_RGB('',0.705882370471954,0.705882370471954,0.705882370471954);
#8299=CARTESIAN_POINT('',(-1.7,0.300000000000001,-14.15));
#8300=VECTOR('',#9282,1.0);
#8301=CARTESIAN_POINT('',(-1.7,0.0,-11.55));
#8302=VECTOR('',#9283,1.0);
#8303=COLOUR_RGB('',0.705882370471954,0.705882370471954,0.705882370471954);
#8304=AXIS2_PLACEMENT_3D('',#9284,#9285,#9286);
#8305=COLOUR_RGB('',0.705882370471954,0.705882370471954,0.705882370471954);
#8306=AXIS2_PLACEMENT_3D('',#9287,#9288,#9289);
#8307=COLOUR_RGB('',0.705882370471954,0.705882370471954,0.705882370471954);
#8308=AXIS2_PLACEMENT_3D('',#9290,#9291,#9292);
#8309=COLOUR_RGB('',0.705882370471954,0.705882370471954,0.705882370471954);
#8310=AXIS2_PLACEMENT_3D('',#9293,#9294,#9295);
#8311=COLOUR_RGB('',0.705882370471954,0.705882370471954,0.705882370471954);
#8312=CARTESIAN_POINT('',(5.71,1.65,-16.79));
#8313=CARTESIAN_POINT('',(5.99,1.65,-16.79));
#8314=CARTESIAN_POINT('',(-1.04842137738171,1.65,-16.79));
#8315=VECTOR('',#9296,1.0);
#8316=CARTESIAN_POINT('',(5.71,1.0,-16.79));
#8317=CARTESIAN_POINT('',(5.71,2.0,-16.79));
#8318=VECTOR('',#9297,1.0);
#8319=CARTESIAN_POINT('',(5.99468983824612,0.132153297388028,-16.79));
#8320=CARTESIAN_POINT('',(5.71,1.0,-16.79));
#8321=VECTOR('',#9298,1.0);
#8322=AXIS2_PLACEMENT_3D('',#9299,#9300,#9301);
#8323=CARTESIAN_POINT('',(5.6,-0.903934617996747,-16.79));
#8324=CARTESIAN_POINT('',(5.6,-0.903934617996747,-16.79));
#8325=VECTOR('',#9302,1.0);
#8326=CARTESIAN_POINT('',(5.6,-1.4,-16.79));
#8327=CARTESIAN_POINT('',(5.6,-1.4,-16.79));
#8328=VECTOR('',#9303,1.0);
#8329=CARTESIAN_POINT('',(5.9,-1.4,-16.79));
#8330=CARTESIAN_POINT('',(5.9,-1.4,-16.79));
#8331=VECTOR('',#9304,1.0);
#8332=CARTESIAN_POINT('',(5.9,-0.903934617996747,-16.79));
#8333=CARTESIAN_POINT('',(5.9,-1.4,-16.79));
#8334=VECTOR('',#9305,1.0);
#8335=CARTESIAN_POINT('',(6.26687909410425,-0.0593729284076927,-16.79));
#8336=CARTESIAN_POINT('',(6.26687909410425,-0.0593729284076927,-16.79));
#8337=VECTOR('',#9306,1.0);
#8338=AXIS2_PLACEMENT_3D('',#9307,#9308,#9309);
#8339=CARTESIAN_POINT('',(5.99,1.0,-16.79));
#8340=CARTESIAN_POINT('',(5.99,1.0,-16.79));
#8341=VECTOR('',#9310,1.0);
#8342=CARTESIAN_POINT('',(5.99,2.0,-16.79));
#8343=VECTOR('',#9311,1.0);
#8344=COLOUR_RGB('',0.705882370471954,0.705882370471954,0.705882370471954);
#8345=CARTESIAN_POINT('',(5.71,1.65,-18.79));
#8346=CARTESIAN_POINT('',(5.71,1.65,-16.77));
#8347=VECTOR('',#9312,1.0);
#8348=CARTESIAN_POINT('',(5.71,1.0,-18.79));
#8349=CARTESIAN_POINT('',(5.71,2.0,-18.79));
#8350=VECTOR('',#9313,1.0);
#8351=CARTESIAN_POINT('',(5.71,1.0,-16.79));
#8352=VECTOR('',#9314,1.0);
#8353=COLOUR_RGB('',0.705882370471954,0.705882370471954,0.705882370471954);
#8354=CARTESIAN_POINT('',(5.9,-1.4,-18.79));
#8355=CARTESIAN_POINT('',(5.9,-0.903934617996747,-18.79));
#8356=CARTESIAN_POINT('',(5.9,-1.4,-18.79));
#8357=VECTOR('',#9315,1.0);
#8358=CARTESIAN_POINT('',(5.9,-0.903934617996747,-16.79));
#8359=VECTOR('',#9316,1.0);
#8360=CARTESIAN_POINT('',(5.9,-1.4,-16.79));
#8361=VECTOR('',#9317,1.0);
#8362=COLOUR_RGB('',0.705882370471954,0.705882370471954,0.705882370471954);
#8363=CARTESIAN_POINT('',(6.26687909410425,-0.0593729284076927,-18.79));
#8364=CARTESIAN_POINT('',(6.26687909410425,-0.0593729284076927,-18.79));
#8365=VECTOR('',#9318,1.0);
#8366=CARTESIAN_POINT('',(6.26687909410425,-0.0593729284076927,-16.79));
#8367=VECTOR('',#9319,1.0);
#8368=COLOUR_RGB('',0.705882370471954,0.705882370471954,0.705882370471954);
#8369=AXIS2_PLACEMENT_3D('',#9320,#9321,#9322);
#8370=COLOUR_RGB('',0.705882370471954,0.705882370471954,0.705882370471954);
#8371=CARTESIAN_POINT('',(5.99,1.0,-18.79));
#8372=CARTESIAN_POINT('',(5.99,1.0,-18.79));
#8373=VECTOR('',#9323,1.0);
#8374=CARTESIAN_POINT('',(5.99,1.0,-16.79));
#8375=VECTOR('',#9324,1.0);
#8376=COLOUR_RGB('',0.705882370471954,0.705882370471954,0.705882370471954);
#8377=CARTESIAN_POINT('',(5.99,1.65,-18.79));
#8378=CARTESIAN_POINT('',(5.99,1.65,-16.77));
#8379=VECTOR('',#9325,1.0);
#8380=CARTESIAN_POINT('',(5.99,2.0,-18.79));
#8381=VECTOR('',#9326,1.0);
#8382=COLOUR_RGB('',0.705882370471954,0.705882370471954,0.705882370471954);
#8383=CARTESIAN_POINT('',(5.99468983824612,0.132153297388028,-18.79));
#8384=CARTESIAN_POINT('',(5.71,1.0,-18.79));
#8385=VECTOR('',#9327,1.0);
#8386=CARTESIAN_POINT('',(5.99468983824612,0.132153297388028,-16.79));
#8387=VECTOR('',#9328,1.0);
#8388=COLOUR_RGB('',0.705882370471954,0.705882370471954,0.705882370471954);
#8389=AXIS2_PLACEMENT_3D('',#9329,#9330,#9331);
#8390=COLOUR_RGB('',0.705882370471954,0.705882370471954,0.705882370471954);
#8391=CARTESIAN_POINT('',(5.6,-0.903934617996747,-18.79));
#8392=CARTESIAN_POINT('',(5.6,-0.903934617996747,-18.79));
#8393=VECTOR('',#9332,1.0);
#8394=CARTESIAN_POINT('',(5.6,-0.903934617996747,-16.79));
#8395=VECTOR('',#9333,1.0);
#8396=COLOUR_RGB('',0.705882370471954,0.705882370471954,0.705882370471954);
#8397=CARTESIAN_POINT('',(5.6,-1.4,-18.79));
#8398=CARTESIAN_POINT('',(5.6,-1.4,-18.79));
#8399=VECTOR('',#9334,1.0);
#8400=CARTESIAN_POINT('',(5.6,-1.4,-16.79));
#8401=VECTOR('',#9335,1.0);
#8402=COLOUR_RGB('',0.705882370471954,0.705882370471954,0.705882370471954);
#8403=CARTESIAN_POINT('',(5.9,-1.4,-18.79));
#8404=VECTOR('',#9336,1.0);
#8405=COLOUR_RGB('',0.705882370471954,0.705882370471954,0.705882370471954);
#8406=CARTESIAN_POINT('',(-1.04842137738171,1.65,-18.79));
#8407=VECTOR('',#9337,1.0);
#8408=COLOUR_RGB('',0.705882370471954,0.705882370471954,0.705882370471954);
#8409=CARTESIAN_POINT('',(-5.71,1.65,-18.79));
#8410=CARTESIAN_POINT('',(-5.99,1.65,-18.79));
#8411=CARTESIAN_POINT('',(-6.95157862261829,1.65,-18.79));
#8412=VECTOR('',#9338,1.0);
#8413=CARTESIAN_POINT('',(-5.71,1.0,-18.79));
#8414=CARTESIAN_POINT('',(-5.71,2.0,-18.79));
#8415=VECTOR('',#9339,1.0);
#8416=CARTESIAN_POINT('',(-5.99468983824612,0.132153297388028,-18.79));
#8417=CARTESIAN_POINT('',(-5.71,1.0,-18.79));
#8418=VECTOR('',#9340,1.0);
#8419=AXIS2_PLACEMENT_3D('',#9341,#9342,#9343);
#8420=CARTESIAN_POINT('',(-5.6,-0.903934617996747,-18.79));
#8421=CARTESIAN_POINT('',(-5.6,-0.903934617996747,-18.79));
#8422=VECTOR('',#9344,1.0);
#8423=CARTESIAN_POINT('',(-5.6,-1.4,-18.79));
#8424=CARTESIAN_POINT('',(-5.6,-1.4,-18.79));
#8425=VECTOR('',#9345,1.0);
#8426=CARTESIAN_POINT('',(-5.9,-1.4,-18.79));
#8427=CARTESIAN_POINT('',(-5.9,-1.4,-18.79));
#8428=VECTOR('',#9346,1.0);
#8429=CARTESIAN_POINT('',(-5.9,-0.903934617996747,-18.79));
#8430=CARTESIAN_POINT('',(-5.9,-1.4,-18.79));
#8431=VECTOR('',#9347,1.0);
#8432=CARTESIAN_POINT('',(-6.26687909410425,-0.0593729284076927,-18.79));
#8433=CARTESIAN_POINT('',(-6.26687909410425,-0.0593729284076927,-18.79));
#8434=VECTOR('',#9348,1.0);
#8435=AXIS2_PLACEMENT_3D('',#9349,#9350,#9351);
#8436=CARTESIAN_POINT('',(-5.99,1.0,-18.79));
#8437=CARTESIAN_POINT('',(-5.99,1.0,-18.79));
#8438=VECTOR('',#9352,1.0);
#8439=CARTESIAN_POINT('',(-5.99,2.0,-18.79));
#8440=VECTOR('',#9353,1.0);
#8441=COLOUR_RGB('',0.705882370471954,0.705882370471954,0.705882370471954);
#8442=CARTESIAN_POINT('',(-5.71,1.65,-16.79));
#8443=CARTESIAN_POINT('',(-5.71,1.65,-17.77));
#8444=VECTOR('',#9354,1.0);
#8445=CARTESIAN_POINT('',(-5.71,1.0,-16.79));
#8446=CARTESIAN_POINT('',(-5.71,2.0,-16.79));
#8447=VECTOR('',#9355,1.0);
#8448=CARTESIAN_POINT('',(-5.71,1.0,-18.79));
#8449=VECTOR('',#9356,1.0);
#8450=COLOUR_RGB('',0.705882370471954,0.705882370471954,0.705882370471954);
#8451=CARTESIAN_POINT('',(-5.9,-1.4,-16.79));
#8452=CARTESIAN_POINT('',(-5.9,-0.903934617996747,-16.79));
#8453=CARTESIAN_POINT('',(-5.9,-1.4,-16.79));
#8454=VECTOR('',#9357,1.0);
#8455=CARTESIAN_POINT('',(-5.9,-0.903934617996747,-18.79));
#8456=VECTOR('',#9358,1.0);
#8457=CARTESIAN_POINT('',(-5.9,-1.4,-18.79));
#8458=VECTOR('',#9359,1.0);
#8459=COLOUR_RGB('',0.705882370471954,0.705882370471954,0.705882370471954);
#8460=CARTESIAN_POINT('',(-6.26687909410425,-0.0593729284076927,-16.79));
#8461=CARTESIAN_POINT('',(-6.26687909410425,-0.0593729284076927,-16.79));
#8462=VECTOR('',#9360,1.0);
#8463=CARTESIAN_POINT('',(-6.26687909410425,-0.0593729284076927,-18.79));
#8464=VECTOR('',#9361,1.0);
#8465=COLOUR_RGB('',0.705882370471954,0.705882370471954,0.705882370471954);
#8466=AXIS2_PLACEMENT_3D('',#9362,#9363,#9364);
#8467=COLOUR_RGB('',0.705882370471954,0.705882370471954,0.705882370471954);
#8468=CARTESIAN_POINT('',(-5.99,1.0,-16.79));
#8469=CARTESIAN_POINT('',(-5.99,1.0,-16.79));
#8470=VECTOR('',#9365,1.0);
#8471=CARTESIAN_POINT('',(-5.99,1.0,-18.79));
#8472=VECTOR('',#9366,1.0);
#8473=COLOUR_RGB('',0.705882370471954,0.705882370471954,0.705882370471954);
#8474=CARTESIAN_POINT('',(-5.99,1.65,-16.79));
#8475=CARTESIAN_POINT('',(-5.99,1.65,-17.77));
#8476=VECTOR('',#9367,1.0);
#8477=CARTESIAN_POINT('',(-5.99,2.0,-16.79));
#8478=VECTOR('',#9368,1.0);
#8479=COLOUR_RGB('',0.705882370471954,0.705882370471954,0.705882370471954);
#8480=CARTESIAN_POINT('',(-5.99468983824612,0.132153297388028,-16.79));
#8481=CARTESIAN_POINT('',(-5.71,1.0,-16.79));
#8482=VECTOR('',#9369,1.0);
#8483=CARTESIAN_POINT('',(-5.99468983824612,0.132153297388028,-18.79));
#8484=VECTOR('',#9370,1.0);
#8485=COLOUR_RGB('',0.705882370471954,0.705882370471954,0.705882370471954);
#8486=AXIS2_PLACEMENT_3D('',#9371,#9372,#9373);
#8487=COLOUR_RGB('',0.705882370471954,0.705882370471954,0.705882370471954);
#8488=CARTESIAN_POINT('',(-5.6,-0.903934617996747,-16.79));
#8489=CARTESIAN_POINT('',(-5.6,-0.903934617996747,-16.79));
#8490=VECTOR('',#9374,1.0);
#8491=CARTESIAN_POINT('',(-5.6,-0.903934617996747,-18.79));
#8492=VECTOR('',#9375,1.0);
#8493=COLOUR_RGB('',0.705882370471954,0.705882370471954,0.705882370471954);
#8494=CARTESIAN_POINT('',(-5.6,-1.4,-16.79));
#8495=CARTESIAN_POINT('',(-5.6,-1.4,-16.79));
#8496=VECTOR('',#9376,1.0);
#8497=CARTESIAN_POINT('',(-5.6,-1.4,-18.79));
#8498=VECTOR('',#9377,1.0);
#8499=COLOUR_RGB('',0.705882370471954,0.705882370471954,0.705882370471954);
#8500=CARTESIAN_POINT('',(-5.9,-1.4,-16.79));
#8501=VECTOR('',#9378,1.0);
#8502=COLOUR_RGB('',0.705882370471954,0.705882370471954,0.705882370471954);
#8503=CARTESIAN_POINT('',(-6.95157862261829,1.65,-16.79));
#8504=VECTOR('',#9379,1.0);
#8505=COLOUR_RGB('',0.705882370471954,0.705882370471954,0.705882370471954);
#8506=CARTESIAN_POINT('',(5.6,0.300000000000001,0.0));
#8507=CARTESIAN_POINT('',(2.08166817117217E-17,0.300000000000001,0.0));
#8508=VECTOR('',#9380,1.0);
#8509=CARTESIAN_POINT('',(5.6,0.300000000000001,-14.7));
#8510=CARTESIAN_POINT('',(5.6,0.300000000000001,-24.0));
#8511=VECTOR('',#9381,1.0);
#8512=CARTESIAN_POINT('',(-4.0,0.300000000000001,-14.7));
#8513=VECTOR('',#9382,1.0);
#8514=COLOUR_RGB('',0.705882370471954,0.705882370471954,0.705882370471954);
#8515=CARTESIAN_POINT('',(-5.6,4.2,-18.8));
#8516=AXIS2_PLACEMENT_3D('',#9383,#9384,#9385);
#8517=CARTESIAN_POINT('',(-5.6,4.2,-24.0));
#8518=VECTOR('',#9386,1.0);
#8519=COLOUR_RGB('',0.705882370471954,0.705882370471954,0.705882370471954);
#8520=CARTESIAN_POINT('',(-5.7,1.5375,-14.7));
#8521=VECTOR('',#9387,1.0);
#8522=COLOUR_RGB('',0.705882370471954,0.705882370471954,0.705882370471954);
#8523=CARTESIAN_POINT('',(5.6,4.2,-18.8));
#8524=CARTESIAN_POINT('',(2.08166817117217E-17,4.2,-18.8));
#8525=VECTOR('',#9388,1.0);
#8526=CARTESIAN_POINT('',(5.6,4.2,-24.0));
#8527=VECTOR('',#9389,1.0);
#8528=COLOUR_RGB('',0.705882370471954,0.705882370471954,0.705882370471954);
#8529=AXIS2_PLACEMENT_3D('',#9390,#9391,#9392);
#8530=COLOUR_RGB('',0.705882370471954,0.705882370471954,0.705882370471954);
#8531=CARTESIAN_POINT('',(5.7,0.4,-14.7));
#8532=CARTESIAN_POINT('',(5.7,1.5375,-14.7));
#8533=VECTOR('',#9393,1.0);
#8534=CARTESIAN_POINT('',(5.7,0.4,-24.0));
#8535=VECTOR('',#9394,1.0);
#8536=COLOUR_RGB('',0.705882370471954,0.705882370471954,0.705882370471954);
#8537=AXIS2_PLACEMENT_3D('',#9395,#9396,#9397);
#8538=AXIS2_PLACEMENT_3D('',#9398,#9399,#9400);
#8539=COLOUR_RGB('',0.705882370471954,0.705882370471954,0.705882370471954);
#8540=CARTESIAN_POINT('',(-6.0,1.65,-18.8));
#8541=CARTESIAN_POINT('',(-4.0,1.65,-18.8));
#8542=VECTOR('',#9401,1.0);
#8543=CARTESIAN_POINT('',(-6.0,4.1,-18.8));
#8544=CARTESIAN_POINT('',(-6.0,4.1,-18.8));
#8545=VECTOR('',#9402,1.0);
#8546=CARTESIAN_POINT('',(-5.6,4.5,-18.8));
#8547=AXIS2_PLACEMENT_3D('',#9403,#9404,#9405);
#8548=CARTESIAN_POINT('',(5.6,4.5,-18.8));
#8549=CARTESIAN_POINT('',(-5.6,4.5,-18.8));
#8550=VECTOR('',#9406,1.0);
#8551=CARTESIAN_POINT('',(6.0,4.1,-18.8));
#8552=AXIS2_PLACEMENT_3D('',#9407,#9408,#9409);
#8553=CARTESIAN_POINT('',(6.0,1.65,-18.8));
#8554=CARTESIAN_POINT('',(6.0,0.4,-18.8));
#8555=VECTOR('',#9410,1.0);
#8556=CARTESIAN_POINT('',(-4.0,1.65,-18.8));
#8557=VECTOR('',#9411,1.0);
#8558=COLOUR_RGB('',0.705882370471954,0.705882370471954,0.705882370471954);
#8559=CARTESIAN_POINT('',(-6.0,1.65,-14.7));
#8560=CARTESIAN_POINT('',(-8.0,1.65,-14.7));
#8561=VECTOR('',#9412,1.0);
#8562=CARTESIAN_POINT('',(-6.0,1.65,-17.775));
#8563=VECTOR('',#9413,1.0);
#8564=COLOUR_RGB('',0.705882370471954,0.705882370471954,0.705882370471954);
#8565=CARTESIAN_POINT('',(6.0,1.65,-14.7));
#8566=CARTESIAN_POINT('',(6.0,1.65,-17.775));
#8567=VECTOR('',#9414,1.0);
#8568=CARTESIAN_POINT('',(-8.0,1.65,-14.7));
#8569=VECTOR('',#9415,1.0);
#8570=COLOUR_RGB('',0.705882370471954,0.705882370471954,0.705882370471954);
#8571=CARTESIAN_POINT('',(6.0,0.4,-14.7));
#8572=CARTESIAN_POINT('',(6.0,1.5375,-14.7));
#8573=VECTOR('',#9416,1.0);
#8574=CARTESIAN_POINT('',(5.6,0.0,-14.7));
#8575=AXIS2_PLACEMENT_3D('',#9417,#9418,#9419);
#8576=CARTESIAN_POINT('',(-5.6,0.0,-14.7));
#8577=CARTESIAN_POINT('',(-4.0,0.0,-14.7));
#8578=VECTOR('',#9420,1.0);
#8579=CARTESIAN_POINT('',(-6.0,0.4,-14.7));
#8580=AXIS2_PLACEMENT_3D('',#9421,#9422,#9423);
#8581=CARTESIAN_POINT('',(-6.0,1.5375,-14.7));
#8582=VECTOR('',#9424,1.0);
#8583=COLOUR_RGB('',0.705882370471954,0.705882370471954,0.705882370471954);
#8584=CARTESIAN_POINT('',(6.0,0.4,0.0));
#8585=CARTESIAN_POINT('',(6.0,0.4,-18.8));
#8586=VECTOR('',#9425,1.0);
#8587=CARTESIAN_POINT('',(5.6,0.0,0.0));
#8588=AXIS2_PLACEMENT_3D('',#9426,#9427,#9428);
#8589=CARTESIAN_POINT('',(5.6,0.0,-18.8));
#8590=VECTOR('',#9429,1.0);
#8591=COLOUR_RGB('',0.705882370471954,0.705882370471954,0.705882370471954);
#8592=CARTESIAN_POINT('',(6.0,4.1,0.0));
#8593=CARTESIAN_POINT('',(6.0,4.1,-18.8));
#8594=VECTOR('',#9430,1.0);
#8595=CARTESIAN_POINT('',(6.0,0.4,0.0));
#8596=VECTOR('',#9431,1.0);
#8597=COLOUR_RGB('',0.705882370471954,0.705882370471954,0.705882370471954);
#8598=CARTESIAN_POINT('',(-6.0,0.4,0.0));
#8599=CARTESIAN_POINT('',(-6.0,0.4,-18.8));
#8600=VECTOR('',#9432,1.0);
#8601=CARTESIAN_POINT('',(-6.0,4.1,0.0));
#8602=CARTESIAN_POINT('',(-6.0,4.1,0.0));
#8603=VECTOR('',#9433,1.0);
#8604=CARTESIAN_POINT('',(-6.0,4.1,-18.8));
#8605=VECTOR('',#9434,1.0);
#8606=COLOUR_RGB('',0.705882370471954,0.705882370471954,0.705882370471954);
#8607=CARTESIAN_POINT('',(-5.6,4.5,0.0));
#8608=AXIS2_PLACEMENT_3D('',#9435,#9436,#9437);
#8609=CARTESIAN_POINT('',(-5.6,4.5,-18.8));
#8610=VECTOR('',#9438,1.0);
#8611=COLOUR_RGB('',0.705882370471954,0.705882370471954,0.705882370471954);
#8612=CARTESIAN_POINT('',(5.6,4.5,0.0));
#8613=CARTESIAN_POINT('',(-5.6,4.5,0.0));
#8614=VECTOR('',#9439,1.0);
#8615=CARTESIAN_POINT('',(5.6,4.5,-18.8));
#8616=VECTOR('',#9440,1.0);
#8617=COLOUR_RGB('',0.705882370471954,0.705882370471954,0.705882370471954);
#8618=AXIS2_PLACEMENT_3D('',#9441,#9442,#9443);
#8619=COLOUR_RGB('',0.705882370471954,0.705882370471954,0.705882370471954);
#8620=CARTESIAN_POINT('',(-5.6,0.0,0.0));
#8621=CARTESIAN_POINT('',(-5.6,0.0,0.0));
#8622=VECTOR('',#9444,1.0);
#8623=CARTESIAN_POINT('',(-5.6,0.0,-18.8));
#8624=VECTOR('',#9445,1.0);
#8625=COLOUR_RGB('',0.705882370471954,0.705882370471954,0.705882370471954);
#8626=AXIS2_PLACEMENT_3D('',#9446,#9447,#9448);
#8627=COLOUR_RGB('',0.705882370471954,0.705882370471954,0.705882370471954);
#8628=DIRECTION('',(-0.0,0.0,-1.0));
#8629=CARTESIAN_POINT('',(-5.9,0.1,-16.79));
#8630=DIRECTION('',(0.0,0.0,1.0));
#8631=DIRECTION('',(1.0,0.0,0.0));
#8632=DIRECTION('',(0.0,0.0,1.0));
#8633=CARTESIAN_POINT('',(-5.9,0.1,-18.79));
#8634=DIRECTION('',(0.0,0.0,1.0));
#8635=DIRECTION('',(1.0,0.0,0.0));
#8636=DIRECTION('',(-0.0,-0.0,-1.0));
#8637=CARTESIAN_POINT('',(-5.9,0.1,-16.79));
#8638=DIRECTION('',(0.0,0.0,-1.0));
#8639=DIRECTION('',(1.0,0.0,0.0));
#8640=DIRECTION('',(0.0,0.0,1.0));
#8641=CARTESIAN_POINT('',(-5.9,0.1,-18.79));
#8642=DIRECTION('',(0.0,0.0,1.0));
#8643=DIRECTION('',(1.0,0.0,0.0));
#8644=DIRECTION('',(-1.22460635382238E-16,0.0,1.0));
#8645=CARTESIAN_POINT('',(5.9,0.1,-18.79));
#8646=DIRECTION('',(1.22460635382238E-16,0.0,-1.0));
#8647=DIRECTION('',(-1.0,0.0,-1.22460635382238E-16));
#8648=DIRECTION('',(1.22460635382238E-16,0.0,-1.0));
#8649=CARTESIAN_POINT('',(5.9,0.1,-16.79));
#8650=DIRECTION('',(1.22460635382238E-16,0.0,-1.0));
#8651=DIRECTION('',(-1.0,0.0,-1.22460635382238E-16));
#8652=DIRECTION('',(-1.22460635382238E-16,-0.0,1.0));
#8653=CARTESIAN_POINT('',(5.9,0.1,-18.79));
#8654=DIRECTION('',(-1.22460635382238E-16,0.0,1.0));
#8655=DIRECTION('',(-1.0,0.0,-1.22460635382238E-16));
#8656=DIRECTION('',(1.22460635382238E-16,0.0,-1.0));
#8657=CARTESIAN_POINT('',(5.9,0.1,-16.79));
#8658=DIRECTION('',(1.22460635382238E-16,0.0,-1.0));
#8659=DIRECTION('',(-1.0,0.0,-1.22460635382238E-16));
#8660=DIRECTION('',(-1.0,-0.0,0.0));
#8661=CARTESIAN_POINT('',(6.0,2.62,-10.2));
#8662=DIRECTION('',(-1.0,-0.0,-0.0));
#8663=DIRECTION('',(0.0,0.0,-1.0));
#8664=DIRECTION('',(1.0,0.0,0.0));
#8665=CARTESIAN_POINT('',(5.7,2.62,-10.2));
#8666=DIRECTION('',(1.0,0.0,0.0));
#8667=DIRECTION('',(0.0,0.0,-1.0));
#8668=DIRECTION('',(-1.0,-0.0,0.0));
#8669=CARTESIAN_POINT('',(-5.7,2.62,-10.2));
#8670=DIRECTION('',(-1.0,0.0,0.0));
#8671=DIRECTION('',(0.0,0.0,-1.0));
#8672=DIRECTION('',(1.0,0.0,0.0));
#8673=CARTESIAN_POINT('',(-6.0,2.62,-10.2));
#8674=DIRECTION('',(1.0,-0.0,0.0));
#8675=DIRECTION('',(0.0,0.0,-1.0));
#8676=DIRECTION('',(-1.0,-0.0,0.0));
#8677=CARTESIAN_POINT('',(6.0,2.62,-14.2));
#8678=DIRECTION('',(-1.0,-0.0,-0.0));
#8679=DIRECTION('',(0.0,0.0,-1.0));
#8680=DIRECTION('',(1.0,0.0,0.0));
#8681=CARTESIAN_POINT('',(5.7,2.62,-14.2));
#8682=DIRECTION('',(1.0,0.0,0.0));
#8683=DIRECTION('',(0.0,0.0,-1.0));
#8684=DIRECTION('',(-1.0,-0.0,0.0));
#8685=CARTESIAN_POINT('',(-5.7,2.62,-14.2));
#8686=DIRECTION('',(-1.0,0.0,0.0));
#8687=DIRECTION('',(0.0,0.0,-1.0));
#8688=DIRECTION('',(1.0,0.0,0.0));
#8689=CARTESIAN_POINT('',(-6.0,2.62,-14.2));
#8690=DIRECTION('',(1.0,-0.0,0.0));
#8691=DIRECTION('',(0.0,0.0,-1.0));
#8692=DIRECTION('',(0.0,1.0,0.0));
#8693=CARTESIAN_POINT('',(-2.275,0.2,-17.45));
#8694=DIRECTION('',(0.0,-1.0,0.0));
#8695=DIRECTION('',(1.0,0.0,0.0));
#8696=DIRECTION('',(-0.0,-1.0,-0.0));
#8697=CARTESIAN_POINT('',(-2.275,1.38,-17.45));
#8698=DIRECTION('',(-0.0,1.0,0.0));
#8699=DIRECTION('',(1.0,0.0,0.0));
#8700=DIRECTION('',(0.0,1.0,0.0));
#8701=CARTESIAN_POINT('',(2.275,0.2,-17.45));
#8702=DIRECTION('',(0.0,-1.0,0.0));
#8703=DIRECTION('',(1.0,0.0,0.0));
#8704=DIRECTION('',(-0.0,-1.0,-0.0));
#8705=CARTESIAN_POINT('',(2.275,1.38,-17.45));
#8706=DIRECTION('',(-0.0,1.0,0.0));
#8707=DIRECTION('',(1.0,0.0,0.0));
#8708=DIRECTION('',(0.0,1.0,-0.0));
#8709=DIRECTION('',(0.0,0.0,1.0));
#8710=DIRECTION('',(0.0,-1.0,0.0));
#8711=DIRECTION('',(0.0,0.0,-1.0));
#8712=DIRECTION('',(1.0,0.0,-0.0));
#8713=DIRECTION('',(0.0,1.0,0.0));
#8714=DIRECTION('',(1.0,0.0,0.0));
#8715=DIRECTION('',(0.0,1.0,0.0));
#8716=DIRECTION('',(1.0,0.0,-0.0));
#8717=DIRECTION('',(0.0,-1.0,0.0));
#8718=DIRECTION('',(1.0,0.0,0.0));
#8719=DIRECTION('',(-6.12303176911189E-17,0.0,1.0));
#8720=DIRECTION('',(0.0,1.0,0.0));
#8721=DIRECTION('',(-6.12303176911189E-17,0.0,1.0));
#8722=CARTESIAN_POINT('',(3.81,1.62,-19.843));
#8723=DIRECTION('',(1.0,0.0,6.12303176911189E-17));
#8724=DIRECTION('',(6.12303176911189E-17,0.0,-1.0));
#8725=DIRECTION('',(0.0,1.0,0.0));
#8726=DIRECTION('',(-6.12303176911189E-17,0.0,1.0));
#8727=DIRECTION('',(0.0,-1.0,0.0));
#8728=CARTESIAN_POINT('',(3.81,1.62,-19.843));
#8729=DIRECTION('',(-1.0,-0.0,-6.12303176911189E-17));
#8730=DIRECTION('',(6.12303176911189E-17,0.0,-1.0));
#8731=DIRECTION('',(6.12303176911189E-17,0.0,-1.0));
#8732=DIRECTION('',(1.0,0.0,-0.0));
#8733=DIRECTION('',(6.12303176911189E-17,0.0,-1.0));
#8734=DIRECTION('',(1.0,0.0,6.12303176911189E-17));
#8735=DIRECTION('',(0.0,-1.0,0.0));
#8736=DIRECTION('',(0.0,0.0,-1.0));
#8737=DIRECTION('',(0.0,0.0,-1.0));
#8738=DIRECTION('',(6.12303176911189E-17,0.0,-1.0));
#8739=DIRECTION('',(-6.12303176911189E-17,0.0,1.0));
#8740=CARTESIAN_POINT('',(3.19,1.62,-19.843));
#8741=DIRECTION('',(1.0,0.0,6.12303176911189E-17));
#8742=DIRECTION('',(6.12303176911189E-17,0.0,-1.0));
#8743=DIRECTION('',(0.0,1.0,0.0));
#8744=DIRECTION('',(6.12303176911189E-17,0.0,-1.0));
#8745=DIRECTION('',(0.0,-1.0,0.0));
#8746=CARTESIAN_POINT('',(3.19,1.62,-19.843));
#8747=DIRECTION('',(1.0,0.0,6.12303176911189E-17));
#8748=DIRECTION('',(6.12303176911189E-17,0.0,-1.0));
#8749=DIRECTION('',(0.0,-1.0,0.0));
#8750=DIRECTION('',(-1.0,0.0,0.0));
#8751=DIRECTION('',(1.0,0.0,6.12303176911189E-17));
#8752=DIRECTION('',(1.0,0.0,6.12303176911189E-17));
#8753=DIRECTION('',(1.0,0.0,6.12303176911189E-17));
#8754=DIRECTION('',(1.0,0.0,6.12303176911189E-17));
#8755=DIRECTION('',(1.0,0.0,6.12303176911189E-17));
#8756=DIRECTION('',(-1.0,-0.0,-0.0));
#8757=DIRECTION('',(0.0,1.0,0.0));
#8758=DIRECTION('',(1.0,0.0,0.0));
#8759=DIRECTION('',(0.0,1.0,0.0));
#8760=DIRECTION('',(1.0,0.0,0.0));
#8761=DIRECTION('',(-0.0,-1.0,-0.0));
#8762=DIRECTION('',(1.0,0.0,0.0));
#8763=DIRECTION('',(-0.0,-1.0,-0.0));
#8764=DIRECTION('',(-1.0,-0.0,-0.0));
#8765=DIRECTION('',(1.0,0.0,-0.0));
#8766=DIRECTION('',(0.0,0.0,1.0));
#8767=DIRECTION('',(0.0,1.0,-0.0));
#8768=DIRECTION('',(0.0,0.0,1.0));
#8769=DIRECTION('',(0.0,-1.0,0.0));
#8770=DIRECTION('',(0.0,0.0,-1.0));
#8771=DIRECTION('',(1.0,0.0,-0.0));
#8772=DIRECTION('',(0.0,1.0,0.0));
#8773=DIRECTION('',(1.0,0.0,0.0));
#8774=DIRECTION('',(0.0,1.0,0.0));
#8775=DIRECTION('',(1.0,0.0,-0.0));
#8776=DIRECTION('',(0.0,-1.0,0.0));
#8777=DIRECTION('',(1.0,0.0,0.0));
#8778=DIRECTION('',(-6.12303176911189E-17,0.0,1.0));
#8779=DIRECTION('',(0.0,1.0,0.0));
#8780=DIRECTION('',(-6.12303176911189E-17,0.0,1.0));
#8781=CARTESIAN_POINT('',(1.31,1.62,-19.843));
#8782=DIRECTION('',(1.0,0.0,6.12303176911189E-17));
#8783=DIRECTION('',(6.12303176911189E-17,0.0,-1.0));
#8784=DIRECTION('',(0.0,1.0,0.0));
#8785=DIRECTION('',(-6.12303176911189E-17,0.0,1.0));
#8786=DIRECTION('',(0.0,-1.0,0.0));
#8787=CARTESIAN_POINT('',(1.31,1.62,-19.843));
#8788=DIRECTION('',(-1.0,-0.0,-6.12303176911189E-17));
#8789=DIRECTION('',(6.12303176911189E-17,0.0,-1.0));
#8790=DIRECTION('',(6.12303176911189E-17,0.0,-1.0));
#8791=DIRECTION('',(1.0,0.0,-0.0));
#8792=DIRECTION('',(6.12303176911189E-17,0.0,-1.0));
#8793=DIRECTION('',(1.0,0.0,6.12303176911189E-17));
#8794=DIRECTION('',(0.0,-1.0,0.0));
#8795=DIRECTION('',(0.0,0.0,-1.0));
#8796=DIRECTION('',(0.0,0.0,-1.0));
#8797=DIRECTION('',(6.12303176911189E-17,0.0,-1.0));
#8798=DIRECTION('',(-6.12303176911189E-17,0.0,1.0));
#8799=CARTESIAN_POINT('',(0.690000000000001,1.62,-19.843));
#8800=DIRECTION('',(1.0,0.0,6.12303176911189E-17));
#8801=DIRECTION('',(6.12303176911189E-17,0.0,-1.0));
#8802=DIRECTION('',(0.0,1.0,0.0));
#8803=DIRECTION('',(6.12303176911189E-17,0.0,-1.0));
#8804=DIRECTION('',(0.0,-1.0,0.0));
#8805=CARTESIAN_POINT('',(0.690000000000001,1.62,-19.843));
#8806=DIRECTION('',(1.0,0.0,6.12303176911189E-17));
#8807=DIRECTION('',(6.12303176911189E-17,0.0,-1.0));
#8808=DIRECTION('',(0.0,-1.0,0.0));
#8809=DIRECTION('',(-1.0,0.0,0.0));
#8810=DIRECTION('',(1.0,0.0,6.12303176911189E-17));
#8811=DIRECTION('',(1.0,0.0,6.12303176911189E-17));
#8812=DIRECTION('',(1.0,0.0,6.12303176911189E-17));
#8813=DIRECTION('',(1.0,0.0,6.12303176911189E-17));
#8814=DIRECTION('',(1.0,0.0,6.12303176911189E-17));
#8815=DIRECTION('',(-1.0,-0.0,-0.0));
#8816=DIRECTION('',(0.0,1.0,0.0));
#8817=DIRECTION('',(1.0,0.0,0.0));
#8818=DIRECTION('',(0.0,1.0,0.0));
#8819=DIRECTION('',(1.0,0.0,0.0));
#8820=DIRECTION('',(-0.0,-1.0,-0.0));
#8821=DIRECTION('',(1.0,0.0,0.0));
#8822=DIRECTION('',(-0.0,-1.0,-0.0));
#8823=DIRECTION('',(-1.0,-0.0,-0.0));
#8824=DIRECTION('',(1.0,0.0,-0.0));
#8825=DIRECTION('',(0.0,0.0,1.0));
#8826=DIRECTION('',(0.0,1.0,-0.0));
#8827=DIRECTION('',(0.0,0.0,1.0));
#8828=DIRECTION('',(0.0,-1.0,0.0));
#8829=DIRECTION('',(0.0,0.0,-1.0));
#8830=DIRECTION('',(1.0,0.0,-0.0));
#8831=DIRECTION('',(0.0,1.0,0.0));
#8832=DIRECTION('',(1.0,0.0,0.0));
#8833=DIRECTION('',(0.0,1.0,0.0));
#8834=DIRECTION('',(1.0,0.0,-0.0));
#8835=DIRECTION('',(0.0,-1.0,0.0));
#8836=DIRECTION('',(1.0,0.0,0.0));
#8837=DIRECTION('',(-6.12303176911189E-17,0.0,1.0));
#8838=DIRECTION('',(0.0,1.0,0.0));
#8839=DIRECTION('',(-6.12303176911189E-17,0.0,1.0));
#8840=CARTESIAN_POINT('',(-0.689999999999999,1.62,-19.843));
#8841=DIRECTION('',(1.0,0.0,6.12303176911189E-17));
#8842=DIRECTION('',(6.12303176911189E-17,0.0,-1.0));
#8843=DIRECTION('',(0.0,1.0,0.0));
#8844=DIRECTION('',(-6.12303176911189E-17,0.0,1.0));
#8845=DIRECTION('',(0.0,-1.0,0.0));
#8846=CARTESIAN_POINT('',(-0.689999999999999,1.62,-19.843));
#8847=DIRECTION('',(-1.0,-0.0,-6.12303176911189E-17));
#8848=DIRECTION('',(6.12303176911189E-17,0.0,-1.0));
#8849=DIRECTION('',(6.12303176911189E-17,0.0,-1.0));
#8850=DIRECTION('',(1.0,0.0,-0.0));
#8851=DIRECTION('',(6.12303176911189E-17,0.0,-1.0));
#8852=DIRECTION('',(1.0,0.0,6.12303176911189E-17));
#8853=DIRECTION('',(0.0,-1.0,0.0));
#8854=DIRECTION('',(0.0,0.0,-1.0));
#8855=DIRECTION('',(0.0,0.0,-1.0));
#8856=DIRECTION('',(6.12303176911189E-17,0.0,-1.0));
#8857=DIRECTION('',(-6.12303176911189E-17,0.0,1.0));
#8858=CARTESIAN_POINT('',(-1.31,1.62,-19.843));
#8859=DIRECTION('',(1.0,0.0,6.12303176911189E-17));
#8860=DIRECTION('',(6.12303176911189E-17,0.0,-1.0));
#8861=DIRECTION('',(0.0,1.0,0.0));
#8862=DIRECTION('',(6.12303176911189E-17,0.0,-1.0));
#8863=DIRECTION('',(0.0,-1.0,0.0));
#8864=CARTESIAN_POINT('',(-1.31,1.62,-19.843));
#8865=DIRECTION('',(1.0,0.0,6.12303176911189E-17));
#8866=DIRECTION('',(6.12303176911189E-17,0.0,-1.0));
#8867=DIRECTION('',(0.0,-1.0,0.0));
#8868=DIRECTION('',(-1.0,0.0,0.0));
#8869=DIRECTION('',(1.0,0.0,6.12303176911189E-17));
#8870=DIRECTION('',(1.0,0.0,6.12303176911189E-17));
#8871=DIRECTION('',(1.0,0.0,6.12303176911189E-17));
#8872=DIRECTION('',(1.0,0.0,6.12303176911189E-17));
#8873=DIRECTION('',(1.0,0.0,6.12303176911189E-17));
#8874=DIRECTION('',(-1.0,-0.0,-0.0));
#8875=DIRECTION('',(0.0,1.0,0.0));
#8876=DIRECTION('',(1.0,0.0,0.0));
#8877=DIRECTION('',(0.0,1.0,0.0));
#8878=DIRECTION('',(1.0,0.0,0.0));
#8879=DIRECTION('',(-0.0,-1.0,-0.0));
#8880=DIRECTION('',(1.0,0.0,0.0));
#8881=DIRECTION('',(-0.0,-1.0,-0.0));
#8882=DIRECTION('',(-1.0,-0.0,-0.0));
#8883=DIRECTION('',(1.0,0.0,-0.0));
#8884=DIRECTION('',(0.0,0.0,1.0));
#8885=DIRECTION('',(0.0,1.0,-0.0));
#8886=DIRECTION('',(0.0,0.0,1.0));
#8887=DIRECTION('',(0.0,-1.0,0.0));
#8888=DIRECTION('',(0.0,0.0,-1.0));
#8889=DIRECTION('',(1.0,0.0,-0.0));
#8890=DIRECTION('',(0.0,1.0,0.0));
#8891=DIRECTION('',(1.0,0.0,0.0));
#8892=DIRECTION('',(0.0,1.0,0.0));
#8893=DIRECTION('',(1.0,0.0,-0.0));
#8894=DIRECTION('',(0.0,-1.0,0.0));
#8895=DIRECTION('',(1.0,0.0,0.0));
#8896=DIRECTION('',(-6.12303176911189E-17,0.0,1.0));
#8897=DIRECTION('',(0.0,1.0,0.0));
#8898=DIRECTION('',(-6.12303176911189E-17,0.0,1.0));
#8899=CARTESIAN_POINT('',(-3.19,1.62,-19.843));
#8900=DIRECTION('',(1.0,0.0,6.12303176911189E-17));
#8901=DIRECTION('',(6.12303176911189E-17,0.0,-1.0));
#8902=DIRECTION('',(0.0,1.0,0.0));
#8903=DIRECTION('',(-6.12303176911189E-17,0.0,1.0));
#8904=DIRECTION('',(0.0,-1.0,0.0));
#8905=CARTESIAN_POINT('',(-3.19,1.62,-19.843));
#8906=DIRECTION('',(-1.0,-0.0,-6.12303176911189E-17));
#8907=DIRECTION('',(6.12303176911189E-17,0.0,-1.0));
#8908=DIRECTION('',(6.12303176911189E-17,0.0,-1.0));
#8909=DIRECTION('',(1.0,0.0,-0.0));
#8910=DIRECTION('',(6.12303176911189E-17,0.0,-1.0));
#8911=DIRECTION('',(1.0,0.0,6.12303176911189E-17));
#8912=DIRECTION('',(0.0,-1.0,0.0));
#8913=DIRECTION('',(0.0,0.0,-1.0));
#8914=DIRECTION('',(0.0,0.0,-1.0));
#8915=DIRECTION('',(6.12303176911189E-17,0.0,-1.0));
#8916=DIRECTION('',(-6.12303176911189E-17,0.0,1.0));
#8917=CARTESIAN_POINT('',(-3.81,1.62,-19.843));
#8918=DIRECTION('',(1.0,0.0,6.12303176911189E-17));
#8919=DIRECTION('',(6.12303176911189E-17,0.0,-1.0));
#8920=DIRECTION('',(0.0,1.0,0.0));
#8921=DIRECTION('',(6.12303176911189E-17,0.0,-1.0));
#8922=DIRECTION('',(0.0,-1.0,0.0));
#8923=CARTESIAN_POINT('',(-3.81,1.62,-19.843));
#8924=DIRECTION('',(1.0,0.0,6.12303176911189E-17));
#8925=DIRECTION('',(6.12303176911189E-17,0.0,-1.0));
#8926=DIRECTION('',(0.0,-1.0,0.0));
#8927=DIRECTION('',(-1.0,0.0,0.0));
#8928=DIRECTION('',(1.0,0.0,6.12303176911189E-17));
#8929=DIRECTION('',(1.0,0.0,6.12303176911189E-17));
#8930=DIRECTION('',(1.0,0.0,6.12303176911189E-17));
#8931=DIRECTION('',(1.0,0.0,6.12303176911189E-17));
#8932=DIRECTION('',(1.0,0.0,6.12303176911189E-17));
#8933=DIRECTION('',(-1.0,-0.0,-0.0));
#8934=DIRECTION('',(0.0,1.0,0.0));
#8935=DIRECTION('',(1.0,0.0,0.0));
#8936=DIRECTION('',(0.0,1.0,0.0));
#8937=DIRECTION('',(1.0,0.0,0.0));
#8938=DIRECTION('',(-0.0,-1.0,-0.0));
#8939=DIRECTION('',(1.0,0.0,0.0));
#8940=DIRECTION('',(-0.0,-1.0,-0.0));
#8941=DIRECTION('',(-1.0,-0.0,-0.0));
#8942=DIRECTION('',(1.0,0.0,-0.0));
#8943=DIRECTION('',(0.0,0.0,1.0));
#8944=DIRECTION('',(1.0,0.0,0.0));
#8945=DIRECTION('',(-6.12303176911189E-17,0.0,1.0));
#8946=DIRECTION('',(1.0,0.0,6.12303176911189E-17));
#8947=DIRECTION('',(6.12303176911189E-17,0.0,-1.0));
#8948=DIRECTION('',(0.0,1.0,0.0));
#8949=DIRECTION('',(0.0,0.0,-1.0));
#8950=DIRECTION('',(0.0,1.0,0.0));
#8951=DIRECTION('',(-1.0,0.0,-6.12303176911189E-17));
#8952=DIRECTION('',(-3.88453191461676E-32,1.0,6.34413156928661E-16));
#8953=DIRECTION('',(1.0,0.0,6.12303176911189E-17));
#8954=DIRECTION('',(-0.0,1.0,6.34413156928661E-16));
#8955=DIRECTION('',(6.12303176911189E-17,0.0,-1.0));
#8956=DIRECTION('',(1.0,0.0,6.12303176911189E-17));
#8957=DIRECTION('',(0.0,0.0,-1.0));
#8958=DIRECTION('',(0.0,1.0,0.0));
#8959=DIRECTION('',(0.0,1.0,-0.0));
#8960=DIRECTION('',(0.0,-1.0,0.0));
#8961=DIRECTION('',(-6.12303176911189E-17,0.0,1.0));
#8962=DIRECTION('',(0.0,0.0,-1.0));
#8963=DIRECTION('',(1.0,0.0,0.0));
#8964=DIRECTION('',(0.0,0.0,-1.0));
#8965=DIRECTION('',(-1.0,0.0,0.0));
#8966=DIRECTION('',(0.0,1.0,0.0));
#8967=DIRECTION('',(-6.12303176911189E-17,0.0,1.0));
#8968=DIRECTION('',(0.0,-1.0,0.0));
#8969=DIRECTION('',(6.12303176911189E-17,0.0,-1.0));
#8970=DIRECTION('',(0.0,1.0,0.0));
#8971=DIRECTION('',(6.12303176911189E-17,0.0,-1.0));
#8972=DIRECTION('',(1.0,0.0,0.0));
#8973=DIRECTION('',(-6.12303176911189E-17,0.0,1.0));
#8974=DIRECTION('',(1.0,0.0,6.12303176911189E-17));
#8975=DIRECTION('',(0.0,1.0,0.0));
#8976=DIRECTION('',(0.0,0.0,-1.0));
#8977=DIRECTION('',(0.0,1.0,0.0));
#8978=DIRECTION('',(-1.0,0.0,0.0));
#8979=DIRECTION('',(1.0,0.0,6.12303176911189E-17));
#8980=DIRECTION('',(0.0,0.0,-1.0));
#8981=DIRECTION('',(0.0,1.0,-0.0));
#8982=DIRECTION('',(0.0,-1.0,0.0));
#8983=DIRECTION('',(-1.0,0.0,0.0));
#8984=DIRECTION('',(0.0,1.0,0.0));
#8985=DIRECTION('',(1.0,0.0,0.0));
#8986=DIRECTION('',(0.0,0.0,-1.0));
#8987=DIRECTION('',(0.0,-0.0,1.0));
#8988=DIRECTION('',(0.0,-1.0,0.0));
#8989=DIRECTION('',(6.12303176911189E-17,0.0,-1.0));
#8990=DIRECTION('',(0.0,1.0,0.0));
#8991=DIRECTION('',(1.0,0.0,0.0));
#8992=DIRECTION('',(-6.12303176911189E-17,0.0,1.0));
#8993=DIRECTION('',(1.0,0.0,6.12303176911189E-17));
#8994=DIRECTION('',(-1.0,0.0,0.0));
#8995=DIRECTION('',(0.0,-0.0,1.0));
#8996=DIRECTION('',(1.0,0.0,6.12303176911189E-17));
#8997=DIRECTION('',(6.12303176911189E-17,0.0,-1.0));
#8998=DIRECTION('',(0.0,-1.0,0.0));
#8999=DIRECTION('',(0.0,1.0,0.0));
#9000=DIRECTION('',(0.0,-1.0,0.0));
#9001=DIRECTION('',(0.0,1.0,0.0));
#9002=DIRECTION('',(6.12303176911189E-17,0.0,-1.0));
#9003=DIRECTION('',(1.0,0.0,0.0));
#9004=DIRECTION('',(0.0,-1.0,0.0));
#9005=DIRECTION('',(-1.0,0.0,0.0));
#9006=DIRECTION('',(0.0,1.0,0.0));
#9007=DIRECTION('',(-1.0,0.0,0.0));
#9008=DIRECTION('',(0.0,0.0,-1.0));
#9009=DIRECTION('',(0.0,-0.0,1.0));
#9010=DIRECTION('',(0.0,-1.0,0.0));
#9011=DIRECTION('',(6.12303176911189E-17,0.0,-1.0));
#9012=DIRECTION('',(0.0,1.0,0.0));
#9013=DIRECTION('',(1.0,0.0,0.0));
#9014=DIRECTION('',(-6.12303176911189E-17,0.0,1.0));
#9015=DIRECTION('',(1.0,0.0,6.12303176911189E-17));
#9016=DIRECTION('',(-1.0,0.0,-6.12303176911189E-17));
#9017=DIRECTION('',(-0.0,-1.0,-6.34413156928661E-16));
#9018=DIRECTION('',(1.0,0.0,6.12303176911189E-17));
#9019=DIRECTION('',(-3.88453191461676E-32,1.0,6.34413156928661E-16));
#9020=DIRECTION('',(0.0,-0.0,1.0));
#9021=DIRECTION('',(1.0,0.0,6.12303176911189E-17));
#9022=DIRECTION('',(6.12303176911189E-17,0.0,-1.0));
#9023=DIRECTION('',(0.0,-1.0,0.0));
#9024=DIRECTION('',(0.0,1.0,0.0));
#9025=DIRECTION('',(6.12303176911189E-17,0.0,-1.0));
#9026=DIRECTION('',(0.0,1.0,0.0));
#9027=DIRECTION('',(-1.0,0.0,0.0));
#9028=DIRECTION('',(0.0,0.0,-1.0));
#9029=DIRECTION('',(1.0,0.0,0.0));
#9030=DIRECTION('',(0.0,0.0,-1.0));
#9031=DIRECTION('',(1.0,0.0,-0.0));
#9032=DIRECTION('',(0.0,1.0,0.0));
#9033=DIRECTION('',(-1.0,0.0,0.0));
#9034=DIRECTION('',(0.0,1.0,0.0));
#9035=DIRECTION('',(-1.0,0.0,0.0));
#9036=DIRECTION('',(0.0,-1.0,0.0));
#9037=DIRECTION('',(-1.0,0.0,0.0));
#9038=DIRECTION('',(0.0,-1.0,0.0));
#9039=DIRECTION('',(1.0,0.0,-0.0));
#9040=DIRECTION('',(0.0,1.0,0.0));
#9041=DIRECTION('',(-1.0,0.0,0.0));
#9042=DIRECTION('',(0.0,1.0,0.0));
#9043=DIRECTION('',(-1.0,0.0,0.0));
#9044=DIRECTION('',(0.0,-1.0,0.0));
#9045=DIRECTION('',(-1.0,0.0,0.0));
#9046=DIRECTION('',(0.0,-1.0,0.0));
#9047=DIRECTION('',(1.0,0.0,-0.0));
#9048=DIRECTION('',(0.0,1.0,0.0));
#9049=DIRECTION('',(-1.0,0.0,0.0));
#9050=DIRECTION('',(0.0,1.0,0.0));
#9051=DIRECTION('',(-1.0,0.0,0.0));
#9052=DIRECTION('',(0.0,-1.0,0.0));
#9053=DIRECTION('',(-1.0,0.0,0.0));
#9054=DIRECTION('',(0.0,-1.0,0.0));
#9055=DIRECTION('',(1.0,0.0,-0.0));
#9056=DIRECTION('',(0.0,1.0,0.0));
#9057=DIRECTION('',(-1.0,0.0,0.0));
#9058=DIRECTION('',(0.0,1.0,0.0));
#9059=DIRECTION('',(-1.0,0.0,0.0));
#9060=DIRECTION('',(0.0,-1.0,0.0));
#9061=DIRECTION('',(-1.0,0.0,0.0));
#9062=DIRECTION('',(0.0,-1.0,0.0));
#9063=CARTESIAN_POINT('',(-5.6,4.1,-18.6));
#9064=DIRECTION('',(0.0,0.0,1.0));
#9065=DIRECTION('',(1.0,0.0,0.0));
#9066=DIRECTION('',(-1.0,0.0,0.0));
#9067=CARTESIAN_POINT('',(5.6,4.1,-18.6));
#9068=DIRECTION('',(0.0,0.0,1.0));
#9069=DIRECTION('',(1.0,0.0,0.0));
#9070=DIRECTION('',(0.0,1.0,0.0));
#9071=DIRECTION('',(0.0,-1.0,0.0));
#9072=DIRECTION('',(-1.0,0.0,0.0));
#9073=DIRECTION('',(0.0,1.0,0.0));
#9074=DIRECTION('',(0.0,-1.0,0.0));
#9075=CARTESIAN_POINT('',(-5.6,0.4,-14.65));
#9076=DIRECTION('',(0.0,0.0,1.0));
#9077=DIRECTION('',(1.0,0.0,0.0));
#9078=DIRECTION('',(0.0,-1.0,0.0));
#9079=DIRECTION('',(1.0,0.0,0.0));
#9080=DIRECTION('',(0.0,1.0,0.0));
#9081=CARTESIAN_POINT('',(5.6,0.4,-14.65));
#9082=DIRECTION('',(0.0,0.0,1.0));
#9083=DIRECTION('',(1.0,0.0,0.0));
#9084=DIRECTION('',(-1.0,0.0,0.0));
#9085=CARTESIAN_POINT('',(5.7,2.62,-10.2));
#9086=DIRECTION('',(1.0,0.0,0.0));
#9087=DIRECTION('',(0.0,0.0,-1.0));
#9088=CARTESIAN_POINT('',(5.7,2.62,-14.2));
#9089=DIRECTION('',(1.0,0.0,0.0));
#9090=DIRECTION('',(0.0,0.0,-1.0));
#9091=CARTESIAN_POINT('',(-5.7,2.62,-10.2));
#9092=DIRECTION('',(-1.0,0.0,0.0));
#9093=DIRECTION('',(0.0,0.0,-1.0));
#9094=DIRECTION('',(-0.0,-1.0,-0.0));
#9095=DIRECTION('',(0.0,0.0,1.0));
#9096=DIRECTION('',(0.0,0.0,-1.0));
#9097=CARTESIAN_POINT('',(-5.7,2.62,-14.2));
#9098=DIRECTION('',(-1.0,0.0,0.0));
#9099=DIRECTION('',(0.0,0.0,-1.0));
#9100=CARTESIAN_POINT('',(2.275,1.38,-17.45));
#9101=DIRECTION('',(-0.0,1.0,0.0));
#9102=DIRECTION('',(1.0,0.0,0.0));
#9103=CARTESIAN_POINT('',(2.275,0.2,-17.45));
#9104=DIRECTION('',(0.0,-1.0,0.0));
#9105=DIRECTION('',(1.0,0.0,0.0));
#9106=CARTESIAN_POINT('',(-2.275,1.38,-17.45));
#9107=DIRECTION('',(-0.0,1.0,0.0));
#9108=DIRECTION('',(1.0,0.0,0.0));
#9109=CARTESIAN_POINT('',(-2.275,0.2,-17.45));
#9110=DIRECTION('',(0.0,-1.0,0.0));
#9111=DIRECTION('',(1.0,0.0,0.0));
#9112=DIRECTION('',(0.0,0.0,1.0));
#9113=DIRECTION('',(0.0,0.0,1.0));
#9114=DIRECTION('',(0.0,0.0,1.0));
#9115=DIRECTION('',(0.0,0.0,1.0));
#9116=DIRECTION('',(0.0,0.0,1.0));
#9117=DIRECTION('',(0.0,0.0,1.0));
#9118=DIRECTION('',(0.0,0.0,1.0));
#9119=DIRECTION('',(0.0,0.0,1.0));
#9120=DIRECTION('',(0.0,0.0,1.0));
#9121=DIRECTION('',(0.0,0.0,1.0));
#9122=DIRECTION('',(0.0,0.0,1.0));
#9123=DIRECTION('',(0.0,0.0,1.0));
#9124=DIRECTION('',(0.0,0.0,1.0));
#9125=DIRECTION('',(0.0,0.0,1.0));
#9126=DIRECTION('',(0.0,0.0,1.0));
#9127=DIRECTION('',(0.0,0.0,1.0));
#9128=DIRECTION('',(0.0,0.0,1.0));
#9129=DIRECTION('',(0.0,0.0,1.0));
#9130=DIRECTION('',(0.0,0.0,1.0));
#9131=DIRECTION('',(0.0,0.0,1.0));
#9132=DIRECTION('',(0.0,0.0,1.0));
#9133=DIRECTION('',(0.0,0.0,1.0));
#9134=DIRECTION('',(0.0,0.0,1.0));
#9135=DIRECTION('',(0.0,0.0,1.0));
#9136=DIRECTION('',(0.0,0.0,1.0));
#9137=DIRECTION('',(0.0,0.0,1.0));
#9138=DIRECTION('',(0.0,0.0,1.0));
#9139=DIRECTION('',(0.0,0.0,1.0));
#9140=DIRECTION('',(0.0,-0.0,1.0));
#9141=DIRECTION('',(0.0,0.0,-1.0));
#9142=DIRECTION('',(0.0,0.0,-1.0));
#9143=DIRECTION('',(-0.0,1.0,0.0));
#9144=DIRECTION('',(0.0,0.0,-1.0));
#9145=DIRECTION('',(0.0,-1.0,0.0));
#9146=DIRECTION('',(-1.0,0.0,0.0));
#9147=DIRECTION('',(0.0,-1.0,0.0));
#9148=DIRECTION('',(-1.0,4.11193712824132E-16,0.0));
#9149=DIRECTION('',(0.0,-1.0,0.0));
#9150=CARTESIAN_POINT('',(5.6,4.1,-9.2));
#9151=DIRECTION('',(0.0,0.0,-1.0));
#9152=DIRECTION('',(1.0,0.0,0.0));
#9153=DIRECTION('',(1.0,0.0,0.0));
#9154=CARTESIAN_POINT('',(-5.6,4.1,-9.2));
#9155=DIRECTION('',(0.0,0.0,-1.0));
#9156=DIRECTION('',(1.0,0.0,0.0));
#9157=DIRECTION('',(0.0,1.0,-0.0));
#9158=DIRECTION('',(-1.0,-4.11193712824132E-16,0.0));
#9159=DIRECTION('',(0.0,1.0,0.0));
#9160=DIRECTION('',(-1.0,0.0,0.0));
#9161=DIRECTION('',(0.0,1.0,0.0));
#9162=DIRECTION('',(-1.0,0.0,0.0));
#9163=DIRECTION('',(0.0,1.0,0.0));
#9164=DIRECTION('',(-1.0,0.0,0.0));
#9165=DIRECTION('',(-1.0,0.0,0.0));
#9166=DIRECTION('',(0.0,-1.0,0.0));
#9167=DIRECTION('',(-1.0,0.0,0.0));
#9168=DIRECTION('',(0.0,-0.0,1.0));
#9169=DIRECTION('',(0.0,0.0,-1.0));
#9170=DIRECTION('',(0.0,1.0,0.0));
#9171=DIRECTION('',(0.0,-0.0,1.0));
#9172=DIRECTION('',(0.0,0.0,-1.0));
#9173=DIRECTION('',(0.0,-1.0,0.0));
#9174=DIRECTION('',(0.0,0.0,1.0));
#9175=DIRECTION('',(0.0,-0.707106781186547,0.707106781186548));
#9176=DIRECTION('',(0.0,0.0,1.0));
#9177=DIRECTION('',(0.0,0.0,-1.0));
#9178=DIRECTION('',(1.0,4.11193712824132E-16,-6.12303176911189E-17));
#9179=DIRECTION('',(-1.0,0.0,0.0));
#9180=DIRECTION('',(0.0,1.0,0.0));
#9181=DIRECTION('',(0.0,-1.0,0.0));
#9182=DIRECTION('',(0.0,0.0,-1.0));
#9183=DIRECTION('',(0.0,-0.0,1.0));
#9184=DIRECTION('',(-1.0,0.0,0.0));
#9185=DIRECTION('',(1.0,0.0,-6.12303176911189E-17));
#9186=DIRECTION('',(0.0,0.0,1.0));
#9187=DIRECTION('',(0.0,-0.0,1.0));
#9188=DIRECTION('',(0.0,0.0,-1.0));
#9189=DIRECTION('',(0.0,0.707106781186547,-0.707106781186548));
#9190=DIRECTION('',(-1.0,0.0,0.0));
#9191=DIRECTION('',(0.0,-0.707106781186547,0.707106781186548));
#9192=DIRECTION('',(1.0,-4.11193712824132E-16,-6.12303176911189E-17));
#9193=DIRECTION('',(0.0,0.707106781186547,-0.707106781186548));
#9194=DIRECTION('',(0.0,0.0,1.0));
#9195=DIRECTION('',(0.0,0.0,1.0));
#9196=DIRECTION('',(-0.0,-0.0,1.0));
#9197=DIRECTION('',(-0.0,0.0,-1.0));
#9198=DIRECTION('',(-1.0,-0.0,-0.0));
#9199=CARTESIAN_POINT('',(-5.6,0.4,-0.100000000000001));
#9200=DIRECTION('',(0.0,0.0,-1.0));
#9201=DIRECTION('',(1.0,0.0,0.0));
#9202=CARTESIAN_POINT('',(5.6,0.4,-0.100000000000001));
#9203=DIRECTION('',(0.0,0.0,-1.0));
#9204=DIRECTION('',(1.0,0.0,0.0));
#9205=DIRECTION('',(0.0,-1.0,0.0));
#9206=DIRECTION('',(0.0,1.0,-0.0));
#9207=DIRECTION('',(0.0,0.0,1.0));
#9208=CARTESIAN_POINT('',(-5.6,0.4,0.0));
#9209=DIRECTION('',(0.0,0.0,-1.0));
#9210=DIRECTION('',(1.0,0.0,0.0));
#9211=DIRECTION('',(0.0,0.0,1.0));
#9212=CARTESIAN_POINT('',(-5.6,0.4,-14.7));
#9213=DIRECTION('',(-6.12303176911189E-17,-0.0,1.0));
#9214=DIRECTION('',(1.0,0.0,6.12303176911189E-17));
#9215=DIRECTION('',(0.0,0.0,1.0));
#9216=DIRECTION('',(0.0,0.0,1.0));
#9217=DIRECTION('',(0.0,1.0,-0.0));
#9218=DIRECTION('',(0.0,0.0,1.0));
#9219=DIRECTION('',(0.0,-1.0,0.0));
#9220=DIRECTION('',(0.0,0.0,1.0));
#9221=DIRECTION('',(0.0,0.0,1.0));
#9222=CARTESIAN_POINT('',(-5.6,4.1,0.0));
#9223=DIRECTION('',(0.0,0.0,-1.0));
#9224=DIRECTION('',(1.0,0.0,0.0));
#9225=DIRECTION('',(-1.0,0.0,0.0));
#9226=DIRECTION('',(0.0,0.0,1.0));
#9227=DIRECTION('',(1.0,0.0,0.0));
#9228=DIRECTION('',(0.0,0.0,-1.0));
#9229=DIRECTION('',(-1.0,0.0,0.0));
#9230=DIRECTION('',(0.0,0.0,1.0));
#9231=DIRECTION('',(1.0,0.0,0.0));
#9232=DIRECTION('',(0.0,0.0,-1.0));
#9233=DIRECTION('',(0.0,0.0,1.0));
#9234=DIRECTION('',(1.0,0.0,0.0));
#9235=DIRECTION('',(0.0,0.0,1.0));
#9236=CARTESIAN_POINT('',(5.6,4.1,0.0));
#9237=DIRECTION('',(0.0,0.0,-1.0));
#9238=DIRECTION('',(1.0,0.0,0.0));
#9239=DIRECTION('',(0.0,0.0,1.0));
#9240=DIRECTION('',(0.0,1.0,0.0));
#9241=DIRECTION('',(0.0,0.0,-1.0));
#9242=DIRECTION('',(0.0,0.0,1.0));
#9243=DIRECTION('',(0.0,-1.0,0.0));
#9244=DIRECTION('',(0.0,-1.0,0.0));
#9245=DIRECTION('',(-1.0,0.0,0.0));
#9246=DIRECTION('',(0.0,1.0,0.0));
#9247=DIRECTION('',(-1.0,0.0,0.0));
#9248=DIRECTION('',(0.0,1.0,0.0));
#9249=DIRECTION('',(1.0,0.0,-0.0));
#9250=DIRECTION('',(0.0,-1.0,0.0));
#9251=DIRECTION('',(0.0,1.0,0.0));
#9252=DIRECTION('',(0.0,0.0,-1.0));
#9253=DIRECTION('',(0.0,0.0,-1.0));
#9254=DIRECTION('',(-0.0,0.0,1.0));
#9255=DIRECTION('',(0.0,1.0,0.0));
#9256=DIRECTION('',(0.0,-0.0,1.0));
#9257=DIRECTION('',(0.0,-1.0,0.0));
#9258=DIRECTION('',(1.0,0.0,0.0));
#9259=DIRECTION('',(1.0,0.0,-0.0));
#9260=DIRECTION('',(-1.0,0.0,0.0));
#9261=DIRECTION('',(0.0,-1.0,0.0));
#9262=DIRECTION('',(0.0,0.0,1.0));
#9263=DIRECTION('',(-0.0,-0.0,-1.0));
#9264=DIRECTION('',(0.0,-1.0,0.0));
#9265=DIRECTION('',(-1.0,0.0,0.0));
#9266=DIRECTION('',(0.0,1.0,0.0));
#9267=DIRECTION('',(-1.0,0.0,0.0));
#9268=DIRECTION('',(0.0,1.0,0.0));
#9269=DIRECTION('',(1.0,0.0,-0.0));
#9270=DIRECTION('',(0.0,-1.0,0.0));
#9271=DIRECTION('',(0.0,1.0,0.0));
#9272=DIRECTION('',(0.0,0.0,-1.0));
#9273=DIRECTION('',(0.0,0.0,-1.0));
#9274=DIRECTION('',(-0.0,0.0,1.0));
#9275=DIRECTION('',(0.0,1.0,0.0));
#9276=DIRECTION('',(0.0,-0.0,1.0));
#9277=DIRECTION('',(0.0,-1.0,0.0));
#9278=DIRECTION('',(1.0,0.0,0.0));
#9279=DIRECTION('',(1.0,0.0,-0.0));
#9280=DIRECTION('',(-1.0,0.0,0.0));
#9281=DIRECTION('',(0.0,-1.0,0.0));
#9282=DIRECTION('',(0.0,0.0,1.0));
#9283=DIRECTION('',(-0.0,-0.0,-1.0));
#9284=CARTESIAN_POINT('',(-6.0,2.62,-14.2));
#9285=DIRECTION('',(1.0,-0.0,0.0));
#9286=DIRECTION('',(0.0,0.0,-1.0));
#9287=CARTESIAN_POINT('',(6.0,2.62,-14.2));
#9288=DIRECTION('',(-1.0,-0.0,-0.0));
#9289=DIRECTION('',(0.0,0.0,-1.0));
#9290=CARTESIAN_POINT('',(-6.0,2.62,-10.2));
#9291=DIRECTION('',(1.0,-0.0,0.0));
#9292=DIRECTION('',(0.0,0.0,-1.0));
#9293=CARTESIAN_POINT('',(6.0,2.62,-10.2));
#9294=DIRECTION('',(-1.0,-0.0,-0.0));
#9295=DIRECTION('',(0.0,0.0,-1.0));
#9296=DIRECTION('',(1.0,0.0,1.22460635382238E-16));
#9297=DIRECTION('',(0.0,-1.0,0.0));
#9298=DIRECTION('',(0.311698891775917,-0.950180930594624,3.81708443348181E-17));
#9299=CARTESIAN_POINT('',(5.9,0.1,-16.79));
#9300=DIRECTION('',(1.22460635382238E-16,0.0,-1.0));
#9301=DIRECTION('',(-1.0,0.0,-1.22460635382238E-16));
#9302=DIRECTION('',(0.376449905879497,0.926436974846815,4.61002946635868E-17));
#9303=DIRECTION('',(0.0,1.0,0.0));
#9304=DIRECTION('',(-1.0,0.0,-1.22460635382238E-16));
#9305=DIRECTION('',(0.0,1.0,0.0));
#9306=DIRECTION('',(-0.398432321019232,-0.91719773526063,-4.87922751888348E-17));
#9307=CARTESIAN_POINT('',(5.9,0.1,-16.79));
#9308=DIRECTION('',(1.22460635382238E-16,0.0,-1.0));
#9309=DIRECTION('',(-1.0,0.0,-1.22460635382238E-16));
#9310=DIRECTION('',(0.350768703370083,-0.936462127763889,4.29553582869041E-17));
#9311=DIRECTION('',(0.0,-1.0,0.0));
#9312=DIRECTION('',(-1.22460635382238E-16,0.0,1.0));
#9313=DIRECTION('',(0.0,-1.0,0.0));
#9314=DIRECTION('',(1.22460635382238E-16,0.0,-1.0));
#9315=DIRECTION('',(0.0,1.0,0.0));
#9316=DIRECTION('',(1.22460635382238E-16,0.0,-1.0));
#9317=DIRECTION('',(1.22460635382238E-16,0.0,-1.0));
#9318=DIRECTION('',(0.398432321019232,0.91719773526063,4.87922751888348E-17));
#9319=DIRECTION('',(1.22460635382238E-16,0.0,-1.0));
#9320=CARTESIAN_POINT('',(5.9,0.1,-18.79));
#9321=DIRECTION('',(-1.22460635382238E-16,0.0,1.0));
#9322=DIRECTION('',(-1.0,0.0,-1.22460635382238E-16));
#9323=DIRECTION('',(-0.350768703370083,0.936462127763889,-4.29553582869041E-17));
#9324=DIRECTION('',(1.22460635382238E-16,0.0,-1.0));
#9325=DIRECTION('',(1.22460635382238E-16,0.0,-1.0));
#9326=DIRECTION('',(0.0,1.0,0.0));
#9327=DIRECTION('',(0.311698891775917,-0.950180930594624,3.81708443348181E-17));
#9328=DIRECTION('',(1.22460635382238E-16,0.0,-1.0));
#9329=CARTESIAN_POINT('',(5.9,0.1,-18.79));
#9330=DIRECTION('',(1.22460635382238E-16,0.0,-1.0));
#9331=DIRECTION('',(-1.0,0.0,-1.22460635382238E-16));
#9332=DIRECTION('',(-0.376449905879497,-0.926436974846815,-4.61002946635868E-17));
#9333=DIRECTION('',(1.22460635382238E-16,0.0,-1.0));
#9334=DIRECTION('',(0.0,-1.0,0.0));
#9335=DIRECTION('',(1.22460635382238E-16,0.0,-1.0));
#9336=DIRECTION('',(1.0,0.0,1.22460635382238E-16));
#9337=DIRECTION('',(-1.0,-0.0,-1.22460635382238E-16));
#9338=DIRECTION('',(-1.0,0.0,0.0));
#9339=DIRECTION('',(0.0,-1.0,0.0));
#9340=DIRECTION('',(-0.311698891775917,-0.950180930594624,0.0));
#9341=CARTESIAN_POINT('',(-5.9,0.1,-18.79));
#9342=DIRECTION('',(0.0,0.0,1.0));
#9343=DIRECTION('',(1.0,0.0,0.0));
#9344=DIRECTION('',(-0.376449905879497,0.926436974846815,0.0));
#9345=DIRECTION('',(0.0,1.0,0.0));
#9346=DIRECTION('',(1.0,0.0,0.0));
#9347=DIRECTION('',(0.0,1.0,0.0));
#9348=DIRECTION('',(0.398432321019232,-0.91719773526063,0.0));
#9349=CARTESIAN_POINT('',(-5.9,0.1,-18.79));
#9350=DIRECTION('',(0.0,0.0,1.0));
#9351=DIRECTION('',(1.0,0.0,0.0));
#9352=DIRECTION('',(-0.350768703370083,-0.936462127763889,0.0));
#9353=DIRECTION('',(0.0,-1.0,0.0));
#9354=DIRECTION('',(0.0,0.0,-1.0));
#9355=DIRECTION('',(0.0,-1.0,0.0));
#9356=DIRECTION('',(0.0,0.0,1.0));
#9357=DIRECTION('',(0.0,1.0,0.0));
#9358=DIRECTION('',(0.0,0.0,1.0));
#9359=DIRECTION('',(0.0,0.0,1.0));
#9360=DIRECTION('',(-0.398432321019232,0.91719773526063,0.0));
#9361=DIRECTION('',(0.0,0.0,1.0));
#9362=CARTESIAN_POINT('',(-5.9,0.1,-16.79));
#9363=DIRECTION('',(0.0,0.0,-1.0));
#9364=DIRECTION('',(1.0,0.0,0.0));
#9365=DIRECTION('',(0.350768703370083,0.936462127763889,0.0));
#9366=DIRECTION('',(0.0,0.0,1.0));
#9367=DIRECTION('',(0.0,0.0,1.0));
#9368=DIRECTION('',(0.0,1.0,0.0));
#9369=DIRECTION('',(-0.311698891775917,-0.950180930594624,0.0));
#9370=DIRECTION('',(0.0,0.0,1.0));
#9371=CARTESIAN_POINT('',(-5.9,0.1,-16.79));
#9372=DIRECTION('',(0.0,0.0,1.0));
#9373=DIRECTION('',(1.0,0.0,0.0));
#9374=DIRECTION('',(0.376449905879497,-0.926436974846815,0.0));
#9375=DIRECTION('',(0.0,0.0,1.0));
#9376=DIRECTION('',(-0.0,-1.0,-0.0));
#9377=DIRECTION('',(0.0,0.0,1.0));
#9378=DIRECTION('',(-1.0,-0.0,-0.0));
#9379=DIRECTION('',(1.0,0.0,-0.0));
#9380=DIRECTION('',(-1.0,0.0,0.0));
#9381=DIRECTION('',(0.0,0.0,1.0));
#9382=DIRECTION('',(1.0,0.0,6.12303176911189E-17));
#9383=CARTESIAN_POINT('',(-5.6,4.1,-18.8));
#9384=DIRECTION('',(0.0,0.0,1.0));
#9385=DIRECTION('',(1.0,0.0,0.0));
#9386=DIRECTION('',(0.0,0.0,1.0));
#9387=DIRECTION('',(-0.0,-1.0,-0.0));
#9388=DIRECTION('',(-1.0,0.0,0.0));
#9389=DIRECTION('',(0.0,0.0,1.0));
#9390=CARTESIAN_POINT('',(5.6,4.1,-18.8));
#9391=DIRECTION('',(0.0,0.0,1.0));
#9392=DIRECTION('',(1.0,0.0,0.0));
#9393=DIRECTION('',(-0.0,1.0,0.0));
#9394=DIRECTION('',(0.0,0.0,1.0));
#9395=CARTESIAN_POINT('',(5.6,0.4,-14.7));
#9396=DIRECTION('',(-6.12303176911189E-17,-0.0,1.0));
#9397=DIRECTION('',(1.0,0.0,6.12303176911189E-17));
#9398=CARTESIAN_POINT('',(5.6,0.4,0.0));
#9399=DIRECTION('',(0.0,0.0,-1.0));
#9400=DIRECTION('',(1.0,0.0,0.0));
#9401=DIRECTION('',(1.0,0.0,-0.0));
#9402=DIRECTION('',(0.0,-1.0,0.0));
#9403=CARTESIAN_POINT('',(-5.6,4.1,-18.8));
#9404=DIRECTION('',(0.0,0.0,1.0));
#9405=DIRECTION('',(1.0,0.0,0.0));
#9406=DIRECTION('',(1.0,0.0,0.0));
#9407=CARTESIAN_POINT('',(5.6,4.1,-18.8));
#9408=DIRECTION('',(0.0,0.0,1.0));
#9409=DIRECTION('',(1.0,0.0,0.0));
#9410=DIRECTION('',(0.0,1.0,0.0));
#9411=DIRECTION('',(1.0,0.0,-0.0));
#9412=DIRECTION('',(1.0,0.0,6.12303176911189E-17));
#9413=DIRECTION('',(-0.0,-0.0,-1.0));
#9414=DIRECTION('',(-0.0,0.0,1.0));
#9415=DIRECTION('',(1.0,0.0,6.12303176911189E-17));
#9416=DIRECTION('',(0.0,-1.0,0.0));
#9417=CARTESIAN_POINT('',(5.6,0.4,-14.7));
#9418=DIRECTION('',(6.12303176911189E-17,0.0,-1.0));
#9419=DIRECTION('',(1.0,0.0,6.12303176911189E-17));
#9420=DIRECTION('',(-1.0,-0.0,-6.12303176911189E-17));
#9421=CARTESIAN_POINT('',(-5.6,0.4,-14.7));
#9422=DIRECTION('',(6.12303176911189E-17,0.0,-1.0));
#9423=DIRECTION('',(1.0,0.0,6.12303176911189E-17));
#9424=DIRECTION('',(0.0,1.0,0.0));
#9425=DIRECTION('',(0.0,0.0,1.0));
#9426=CARTESIAN_POINT('',(5.6,0.4,0.0));
#9427=DIRECTION('',(0.0,0.0,-1.0));
#9428=DIRECTION('',(1.0,0.0,0.0));
#9429=DIRECTION('',(0.0,0.0,1.0));
#9430=DIRECTION('',(0.0,0.0,1.0));
#9431=DIRECTION('',(-0.0,-1.0,-0.0));
#9432=DIRECTION('',(0.0,0.0,1.0));
#9433=DIRECTION('',(0.0,1.0,0.0));
#9434=DIRECTION('',(0.0,0.0,1.0));
#9435=CARTESIAN_POINT('',(-5.6,4.1,0.0));
#9436=DIRECTION('',(0.0,0.0,-1.0));
#9437=DIRECTION('',(1.0,0.0,0.0));
#9438=DIRECTION('',(0.0,0.0,1.0));
#9439=DIRECTION('',(1.0,0.0,0.0));
#9440=DIRECTION('',(0.0,0.0,1.0));
#9441=CARTESIAN_POINT('',(5.6,4.1,0.0));
#9442=DIRECTION('',(0.0,0.0,-1.0));
#9443=DIRECTION('',(1.0,0.0,0.0));
#9444=DIRECTION('',(-1.0,-0.0,-0.0));
#9445=DIRECTION('',(0.0,0.0,1.0));
#9446=CARTESIAN_POINT('',(-5.6,0.4,0.0));
#9447=DIRECTION('',(0.0,0.0,-1.0));
#9448=DIRECTION('',(1.0,0.0,0.0));
ENDSEC;
END-ISO-10303-21;
