ISO-10303-21;
HEADER;
FILE_DESCRIPTION(('STEP AP214'),'1');
FILE_NAME('usbr-b-s-f-o-th.stp','2022-02-09T12:02:53',('TraceParts'),('TraceParts S.A.'),'Spatial InterOp 3D',' ',' ');
FILE_SCHEMA(('AUTOMOTIVE_DESIGN { 1 0 10303 214 1 1 1 1 }'));
ENDSEC;
DATA;
#1=MECHANICAL_DESIGN_GEOMETRIC_PRESENTATION_REPRESENTATION(' ',(#10,#11,#12,#13,#14,#15,#16,#17,#18,#19,#20,#21,#22,#23,#24,#25,#26,#27,#28,#29,#30,#31,#32,#33,#34,#35,#36,#37,#38,#39,#40,#41,#42,#43,#44,#45,#46,#47,#48,#49,#50,#51,#52,#53,#54,#55,#56,#57,#58,#59,#60,#61,#62,#63,#64,#65,#66,#67,#68,#69,#70,#71,#72,#73,#74,#75,#76,#77,#78,#79,#80,#81,#82,#83,#84,#85,#86,#87,#88,#89,#90,#91,#92,#93,#94,#95,#96,#97,#98,#99,#100,#101,#102,#103,#104,#105,#106,#107,#108,#109,#110,#111,#112,#113,#114,#115,#116,#117,#118,#119,#120,#121,#122,#123,#124,#125,#126,#127,#128,#129,#130,#131,#132,#133,#134,#135,#136,#137,#138,#139,#140,#141,#142,#143,#144,#145,#146,#147,#148,#149,#150,#151,#152,#153,#154,#155,#156,#157,#158,#159,#160,#161,#162,#163,#164,#165,#166,#167,#168,#169,#170,#171,#172,#173,#174,#175,#176,#177,#178,#179,#180,#181,#182,#183,#184,#185,#186,#187,#188,#189,#190,#191,#192,#193,#194,#195,#196,#197,#198,#199,#200,#201,#202,#203,#204,#205,#206,#207,#208,#209,#210,#211,#212,#213,#214,#215,#216,#217,#218,#219,#220,#221,#222,#223,#224,#225,#226,#227,#228,#229,#230,#231,#232,#233,#234,#235,#236,#237,#238,#239,#240,#241,#242,#243,#244,#245,#246,#247,#248,#249,#250,#251,#252,#253,#254,#255,#256,#257,#258,#259,#260,#261,#262,#263,#264,#265,#266,#267,#268,#269,#270,#271,#272,#273,#274,#275,#276,#277,#278,#279,#280,#281,#282,#283,#284,#285,#286,#287,#288,#289,#290,#291,#292,#293,#294,#295,#296,#297,#298,#299,#300,#301,#302,#303,#304,#305,#306,#307,#308,#309,#310,#311,#312,#313,#314,#315,#316,#317,#318,#319,#320,#321,#322,#323,#324,#325,#326,#327,#328,#329,#330,#331,#332,#333,#334,#335,#336,#337,#338,#339,#340,#341,#342,#343,#344,#345,#346,#347,#348,#349,#350,#351,#352,#353,#354,#355,#356,#357,#358),#6);
#2=PRODUCT_DEFINITION_CONTEXT('',#359,'design');
#3=APPLICATION_PROTOCOL_DEFINITION('INTERNATIONAL STANDARD','automotive_design',1994,#359);
#4=PRODUCT_CATEGORY_RELATIONSHIP('NONE','NONE',#360,#361);
#5=SHAPE_DEFINITION_REPRESENTATION(#362,#363);
#6= (GEOMETRIC_REPRESENTATION_CONTEXT(3)GLOBAL_UNCERTAINTY_ASSIGNED_CONTEXT((#366))GLOBAL_UNIT_ASSIGNED_CONTEXT((#368,#369,#370))REPRESENTATION_CONTEXT('NONE','WORKSPACE'));
#10=STYLED_ITEM('',(#372),#373);
#11=STYLED_ITEM('',(#374),#375);
#12=STYLED_ITEM('',(#376),#377);
#13=STYLED_ITEM('',(#378),#379);
#14=STYLED_ITEM('',(#380),#381);
#15=STYLED_ITEM('',(#382),#383);
#16=STYLED_ITEM('',(#384),#385);
#17=STYLED_ITEM('',(#386),#387);
#18=STYLED_ITEM('',(#388),#389);
#19=STYLED_ITEM('',(#390),#391);
#20=STYLED_ITEM('',(#392),#393);
#21=STYLED_ITEM('',(#394),#395);
#22=STYLED_ITEM('',(#396),#397);
#23=STYLED_ITEM('',(#398),#399);
#24=STYLED_ITEM('',(#400),#401);
#25=STYLED_ITEM('',(#402),#403);
#26=STYLED_ITEM('',(#404),#405);
#27=STYLED_ITEM('',(#406),#407);
#28=STYLED_ITEM('',(#408),#409);
#29=STYLED_ITEM('',(#410),#411);
#30=STYLED_ITEM('',(#412),#413);
#31=STYLED_ITEM('',(#414),#415);
#32=STYLED_ITEM('',(#416),#417);
#33=STYLED_ITEM('',(#418),#419);
#34=STYLED_ITEM('',(#420),#421);
#35=STYLED_ITEM('',(#422),#423);
#36=STYLED_ITEM('',(#424),#425);
#37=STYLED_ITEM('',(#426),#427);
#38=STYLED_ITEM('',(#428),#429);
#39=STYLED_ITEM('',(#430),#431);
#40=STYLED_ITEM('',(#432),#433);
#41=STYLED_ITEM('',(#434),#435);
#42=STYLED_ITEM('',(#436),#437);
#43=STYLED_ITEM('',(#438),#439);
#44=STYLED_ITEM('',(#440),#441);
#45=STYLED_ITEM('',(#442),#443);
#46=STYLED_ITEM('',(#444),#445);
#47=STYLED_ITEM('',(#446),#447);
#48=STYLED_ITEM('',(#448),#449);
#49=STYLED_ITEM('',(#450),#451);
#50=STYLED_ITEM('',(#452),#453);
#51=STYLED_ITEM('',(#454),#455);
#52=STYLED_ITEM('',(#456),#457);
#53=STYLED_ITEM('',(#458),#459);
#54=STYLED_ITEM('',(#460),#461);
#55=STYLED_ITEM('',(#462),#463);
#56=STYLED_ITEM('',(#464),#465);
#57=STYLED_ITEM('',(#466),#467);
#58=STYLED_ITEM('',(#468),#469);
#59=STYLED_ITEM('',(#470),#471);
#60=STYLED_ITEM('',(#472),#473);
#61=STYLED_ITEM('',(#474),#475);
#62=STYLED_ITEM('',(#476),#477);
#63=STYLED_ITEM('',(#478),#479);
#64=STYLED_ITEM('',(#480),#481);
#65=STYLED_ITEM('',(#482),#483);
#66=STYLED_ITEM('',(#484),#485);
#67=STYLED_ITEM('',(#486),#487);
#68=STYLED_ITEM('',(#488),#489);
#69=STYLED_ITEM('',(#490),#491);
#70=STYLED_ITEM('',(#492),#493);
#71=STYLED_ITEM('',(#494),#495);
#72=STYLED_ITEM('',(#496),#497);
#73=STYLED_ITEM('',(#498),#499);
#74=STYLED_ITEM('',(#500),#501);
#75=STYLED_ITEM('',(#502),#503);
#76=STYLED_ITEM('',(#504),#505);
#77=STYLED_ITEM('',(#506),#507);
#78=STYLED_ITEM('',(#508),#509);
#79=STYLED_ITEM('',(#510),#511);
#80=STYLED_ITEM('',(#512),#513);
#81=STYLED_ITEM('',(#514),#515);
#82=STYLED_ITEM('',(#516),#517);
#83=STYLED_ITEM('',(#518),#519);
#84=STYLED_ITEM('',(#520),#521);
#85=STYLED_ITEM('',(#522),#523);
#86=STYLED_ITEM('',(#524),#525);
#87=STYLED_ITEM('',(#526),#527);
#88=STYLED_ITEM('',(#528),#529);
#89=STYLED_ITEM('',(#530),#531);
#90=STYLED_ITEM('',(#532),#533);
#91=STYLED_ITEM('',(#534),#535);
#92=STYLED_ITEM('',(#536),#537);
#93=STYLED_ITEM('',(#538),#539);
#94=STYLED_ITEM('',(#540),#541);
#95=STYLED_ITEM('',(#542),#543);
#96=STYLED_ITEM('',(#544),#545);
#97=STYLED_ITEM('',(#546),#547);
#98=STYLED_ITEM('',(#548),#549);
#99=STYLED_ITEM('',(#550),#551);
#100=STYLED_ITEM('',(#552),#553);
#101=STYLED_ITEM('',(#554),#555);
#102=STYLED_ITEM('',(#556),#557);
#103=STYLED_ITEM('',(#558),#559);
#104=STYLED_ITEM('',(#560),#561);
#105=STYLED_ITEM('',(#562),#563);
#106=STYLED_ITEM('',(#564),#565);
#107=STYLED_ITEM('',(#566),#567);
#108=STYLED_ITEM('',(#568),#569);
#109=STYLED_ITEM('',(#570),#571);
#110=STYLED_ITEM('',(#572),#573);
#111=STYLED_ITEM('',(#574),#575);
#112=STYLED_ITEM('',(#576),#577);
#113=STYLED_ITEM('',(#578),#579);
#114=STYLED_ITEM('',(#580),#581);
#115=STYLED_ITEM('',(#582),#583);
#116=STYLED_ITEM('',(#584),#585);
#117=STYLED_ITEM('',(#586),#587);
#118=STYLED_ITEM('',(#588),#589);
#119=STYLED_ITEM('',(#590),#591);
#120=STYLED_ITEM('',(#592),#593);
#121=STYLED_ITEM('',(#594),#595);
#122=STYLED_ITEM('',(#596),#597);
#123=STYLED_ITEM('',(#598),#599);
#124=STYLED_ITEM('',(#600),#601);
#125=STYLED_ITEM('',(#602),#603);
#126=STYLED_ITEM('',(#604),#605);
#127=STYLED_ITEM('',(#606),#607);
#128=STYLED_ITEM('',(#608),#609);
#129=STYLED_ITEM('',(#610),#611);
#130=STYLED_ITEM('',(#612),#613);
#131=STYLED_ITEM('',(#614),#615);
#132=STYLED_ITEM('',(#616),#617);
#133=STYLED_ITEM('',(#618),#619);
#134=STYLED_ITEM('',(#620),#621);
#135=STYLED_ITEM('',(#622),#623);
#136=STYLED_ITEM('',(#624),#625);
#137=STYLED_ITEM('',(#626),#627);
#138=STYLED_ITEM('',(#628),#629);
#139=STYLED_ITEM('',(#630),#631);
#140=STYLED_ITEM('',(#632),#633);
#141=STYLED_ITEM('',(#634),#635);
#142=STYLED_ITEM('',(#636),#637);
#143=STYLED_ITEM('',(#638),#639);
#144=STYLED_ITEM('',(#640),#641);
#145=STYLED_ITEM('',(#642),#643);
#146=STYLED_ITEM('',(#644),#645);
#147=STYLED_ITEM('',(#646),#647);
#148=STYLED_ITEM('',(#648),#649);
#149=STYLED_ITEM('',(#650),#651);
#150=STYLED_ITEM('',(#652),#653);
#151=STYLED_ITEM('',(#654),#655);
#152=STYLED_ITEM('',(#656),#657);
#153=STYLED_ITEM('',(#658),#659);
#154=STYLED_ITEM('',(#660),#661);
#155=STYLED_ITEM('',(#662),#663);
#156=STYLED_ITEM('',(#664),#665);
#157=STYLED_ITEM('',(#666),#667);
#158=STYLED_ITEM('',(#668),#669);
#159=STYLED_ITEM('',(#670),#671);
#160=STYLED_ITEM('',(#672),#673);
#161=STYLED_ITEM('',(#674),#675);
#162=STYLED_ITEM('',(#676),#677);
#163=STYLED_ITEM('',(#678),#679);
#164=STYLED_ITEM('',(#680),#681);
#165=STYLED_ITEM('',(#682),#683);
#166=STYLED_ITEM('',(#684),#685);
#167=STYLED_ITEM('',(#686),#687);
#168=STYLED_ITEM('',(#688),#689);
#169=STYLED_ITEM('',(#690),#691);
#170=STYLED_ITEM('',(#692),#693);
#171=STYLED_ITEM('',(#694),#695);
#172=STYLED_ITEM('',(#696),#697);
#173=STYLED_ITEM('',(#698),#699);
#174=STYLED_ITEM('',(#700),#701);
#175=STYLED_ITEM('',(#702),#703);
#176=STYLED_ITEM('',(#704),#705);
#177=STYLED_ITEM('',(#706),#707);
#178=STYLED_ITEM('',(#708),#709);
#179=STYLED_ITEM('',(#710),#711);
#180=STYLED_ITEM('',(#712),#713);
#181=STYLED_ITEM('',(#714),#715);
#182=STYLED_ITEM('',(#716),#717);
#183=STYLED_ITEM('',(#718),#719);
#184=STYLED_ITEM('',(#720),#721);
#185=STYLED_ITEM('',(#722),#723);
#186=STYLED_ITEM('',(#724),#725);
#187=STYLED_ITEM('',(#726),#727);
#188=STYLED_ITEM('',(#728),#729);
#189=STYLED_ITEM('',(#730),#731);
#190=STYLED_ITEM('',(#732),#733);
#191=STYLED_ITEM('',(#734),#735);
#192=STYLED_ITEM('',(#736),#737);
#193=STYLED_ITEM('',(#738),#739);
#194=STYLED_ITEM('',(#740),#741);
#195=STYLED_ITEM('',(#742),#743);
#196=STYLED_ITEM('',(#744),#745);
#197=STYLED_ITEM('',(#746),#747);
#198=STYLED_ITEM('',(#748),#749);
#199=STYLED_ITEM('',(#750),#751);
#200=STYLED_ITEM('',(#752),#753);
#201=STYLED_ITEM('',(#754),#755);
#202=STYLED_ITEM('',(#756),#757);
#203=STYLED_ITEM('',(#758),#759);
#204=STYLED_ITEM('',(#760),#761);
#205=STYLED_ITEM('',(#762),#763);
#206=STYLED_ITEM('',(#764),#765);
#207=STYLED_ITEM('',(#766),#767);
#208=STYLED_ITEM('',(#768),#769);
#209=STYLED_ITEM('',(#770),#771);
#210=STYLED_ITEM('',(#772),#773);
#211=STYLED_ITEM('',(#774),#775);
#212=STYLED_ITEM('',(#776),#777);
#213=STYLED_ITEM('',(#778),#779);
#214=STYLED_ITEM('',(#780),#781);
#215=STYLED_ITEM('',(#782),#783);
#216=STYLED_ITEM('',(#784),#785);
#217=STYLED_ITEM('',(#786),#787);
#218=STYLED_ITEM('',(#788),#789);
#219=STYLED_ITEM('',(#790),#791);
#220=STYLED_ITEM('',(#792),#793);
#221=STYLED_ITEM('',(#794),#795);
#222=STYLED_ITEM('',(#796),#797);
#223=STYLED_ITEM('',(#798),#799);
#224=STYLED_ITEM('',(#800),#801);
#225=STYLED_ITEM('',(#802),#803);
#226=STYLED_ITEM('',(#804),#805);
#227=STYLED_ITEM('',(#806),#807);
#228=STYLED_ITEM('',(#808),#809);
#229=STYLED_ITEM('',(#810),#811);
#230=STYLED_ITEM('',(#812),#813);
#231=STYLED_ITEM('',(#814),#815);
#232=STYLED_ITEM('',(#816),#817);
#233=STYLED_ITEM('',(#818),#819);
#234=STYLED_ITEM('',(#820),#821);
#235=STYLED_ITEM('',(#822),#823);
#236=STYLED_ITEM('',(#824),#825);
#237=STYLED_ITEM('',(#826),#827);
#238=STYLED_ITEM('',(#828),#829);
#239=STYLED_ITEM('',(#830),#831);
#240=STYLED_ITEM('',(#832),#833);
#241=STYLED_ITEM('',(#834),#835);
#242=STYLED_ITEM('',(#836),#837);
#243=STYLED_ITEM('',(#838),#839);
#244=STYLED_ITEM('',(#840),#841);
#245=STYLED_ITEM('',(#842),#843);
#246=STYLED_ITEM('',(#844),#845);
#247=STYLED_ITEM('',(#846),#847);
#248=STYLED_ITEM('',(#848),#849);
#249=STYLED_ITEM('',(#850),#851);
#250=STYLED_ITEM('',(#852),#853);
#251=STYLED_ITEM('',(#854),#855);
#252=STYLED_ITEM('',(#856),#857);
#253=STYLED_ITEM('',(#858),#859);
#254=STYLED_ITEM('',(#860),#861);
#255=STYLED_ITEM('',(#862),#863);
#256=STYLED_ITEM('',(#864),#865);
#257=STYLED_ITEM('',(#866),#867);
#258=STYLED_ITEM('',(#868),#869);
#259=STYLED_ITEM('',(#870),#871);
#260=STYLED_ITEM('',(#872),#873);
#261=STYLED_ITEM('',(#874),#875);
#262=STYLED_ITEM('',(#876),#877);
#263=STYLED_ITEM('',(#878),#879);
#264=STYLED_ITEM('',(#880),#881);
#265=STYLED_ITEM('',(#882),#883);
#266=STYLED_ITEM('',(#884),#885);
#267=STYLED_ITEM('',(#886),#887);
#268=STYLED_ITEM('',(#888),#889);
#269=STYLED_ITEM('',(#890),#891);
#270=STYLED_ITEM('',(#892),#893);
#271=STYLED_ITEM('',(#894),#895);
#272=STYLED_ITEM('',(#896),#897);
#273=STYLED_ITEM('',(#898),#899);
#274=STYLED_ITEM('',(#900),#901);
#275=STYLED_ITEM('',(#902),#903);
#276=STYLED_ITEM('',(#904),#905);
#277=STYLED_ITEM('',(#906),#907);
#278=STYLED_ITEM('',(#908),#909);
#279=STYLED_ITEM('',(#910),#911);
#280=STYLED_ITEM('',(#912),#913);
#281=STYLED_ITEM('',(#914),#915);
#282=STYLED_ITEM('',(#916),#917);
#283=STYLED_ITEM('',(#918),#919);
#284=STYLED_ITEM('',(#920),#921);
#285=STYLED_ITEM('',(#922),#923);
#286=STYLED_ITEM('',(#924),#925);
#287=STYLED_ITEM('',(#926),#927);
#288=STYLED_ITEM('',(#928),#929);
#289=STYLED_ITEM('',(#930),#931);
#290=STYLED_ITEM('',(#932),#933);
#291=STYLED_ITEM('',(#934),#935);
#292=STYLED_ITEM('',(#936),#937);
#293=STYLED_ITEM('',(#938),#939);
#294=STYLED_ITEM('',(#940),#941);
#295=STYLED_ITEM('',(#942),#943);
#296=STYLED_ITEM('',(#944),#945);
#297=STYLED_ITEM('',(#946),#947);
#298=STYLED_ITEM('',(#948),#949);
#299=STYLED_ITEM('',(#950),#951);
#300=STYLED_ITEM('',(#952),#953);
#301=STYLED_ITEM('',(#954),#955);
#302=STYLED_ITEM('',(#956),#957);
#303=STYLED_ITEM('',(#958),#959);
#304=STYLED_ITEM('',(#960),#961);
#305=STYLED_ITEM('',(#962),#963);
#306=STYLED_ITEM('',(#964),#965);
#307=STYLED_ITEM('',(#966),#967);
#308=STYLED_ITEM('',(#968),#969);
#309=STYLED_ITEM('',(#970),#971);
#310=STYLED_ITEM('',(#972),#973);
#311=STYLED_ITEM('',(#974),#975);
#312=STYLED_ITEM('',(#976),#977);
#313=STYLED_ITEM('',(#978),#979);
#314=STYLED_ITEM('',(#980),#981);
#315=STYLED_ITEM('',(#982),#983);
#316=STYLED_ITEM('',(#984),#985);
#317=STYLED_ITEM('',(#986),#987);
#318=STYLED_ITEM('',(#988),#989);
#319=STYLED_ITEM('',(#990),#991);
#320=STYLED_ITEM('',(#992),#993);
#321=STYLED_ITEM('',(#994),#995);
#322=STYLED_ITEM('',(#996),#997);
#323=STYLED_ITEM('',(#998),#999);
#324=STYLED_ITEM('',(#1000),#1001);
#325=STYLED_ITEM('',(#1002),#1003);
#326=STYLED_ITEM('',(#1004),#1005);
#327=STYLED_ITEM('',(#1006),#1007);
#328=STYLED_ITEM('',(#1008),#1009);
#329=STYLED_ITEM('',(#1010),#1011);
#330=STYLED_ITEM('',(#1012),#1013);
#331=STYLED_ITEM('',(#1014),#1015);
#332=STYLED_ITEM('',(#1016),#1017);
#333=STYLED_ITEM('',(#1018),#1019);
#334=STYLED_ITEM('',(#1020),#1021);
#335=STYLED_ITEM('',(#1022),#1023);
#336=STYLED_ITEM('',(#1024),#1025);
#337=STYLED_ITEM('',(#1026),#1027);
#338=STYLED_ITEM('',(#1028),#1029);
#339=STYLED_ITEM('',(#1030),#1031);
#340=STYLED_ITEM('',(#1032),#1033);
#341=STYLED_ITEM('',(#1034),#1035);
#342=STYLED_ITEM('',(#1036),#1037);
#343=STYLED_ITEM('',(#1038),#1039);
#344=STYLED_ITEM('',(#1040),#1041);
#345=STYLED_ITEM('',(#1042),#1043);
#346=STYLED_ITEM('',(#1044),#1045);
#347=STYLED_ITEM('',(#1046),#1047);
#348=STYLED_ITEM('',(#1048),#1049);
#349=STYLED_ITEM('',(#1050),#1051);
#350=STYLED_ITEM('',(#1052),#1053);
#351=STYLED_ITEM('',(#1054),#1055);
#352=STYLED_ITEM('',(#1056),#1057);
#353=STYLED_ITEM('',(#1058),#1059);
#354=STYLED_ITEM('',(#1060),#1061);
#355=STYLED_ITEM('',(#1062),#1063);
#356=STYLED_ITEM('',(#1064),#1065);
#357=STYLED_ITEM('',(#1066),#1067);
#358=STYLED_ITEM('',(#1068),#1069);
#359=APPLICATION_CONTEXT(' ');
#360=PRODUCT_CATEGORY('part','NONE');
#361=PRODUCT_RELATED_PRODUCT_CATEGORY('detail',' ',(#1070));
#362=PRODUCT_DEFINITION_SHAPE('NONE','NONE',#1071);
#363=ADVANCED_BREP_SHAPE_REPRESENTATION('usbr-b-s-f-o-th',(#1072,#1073),#6);
#366=UNCERTAINTY_MEASURE_WITH_UNIT(LENGTH_MEASURE(1.0E-06),#368,'','');
#368= (CONVERSION_BASED_UNIT('MILLIMETRE',#1076)LENGTH_UNIT()NAMED_UNIT(#1079));
#369= (NAMED_UNIT(#1081)PLANE_ANGLE_UNIT()SI_UNIT($,.RADIAN.));
#370= (NAMED_UNIT(#1081)SOLID_ANGLE_UNIT()SI_UNIT($,.STERADIAN.));
#372=PRESENTATION_STYLE_ASSIGNMENT((#1087));
#373=ADVANCED_FACE('',(#1088),#1089,.T.);
#374=PRESENTATION_STYLE_ASSIGNMENT((#1090));
#375=ADVANCED_FACE('',(#1091),#1092,.T.);
#376=PRESENTATION_STYLE_ASSIGNMENT((#1093));
#377=ADVANCED_FACE('',(#1094),#1095,.T.);
#378=PRESENTATION_STYLE_ASSIGNMENT((#1096));
#379=ADVANCED_FACE('',(#1097),#1098,.T.);
#380=PRESENTATION_STYLE_ASSIGNMENT((#1099));
#381=ADVANCED_FACE('',(#1100),#1101,.T.);
#382=PRESENTATION_STYLE_ASSIGNMENT((#1102));
#383=ADVANCED_FACE('',(#1103),#1104,.T.);
#384=PRESENTATION_STYLE_ASSIGNMENT((#1105));
#385=ADVANCED_FACE('',(#1106),#1107,.T.);
#386=PRESENTATION_STYLE_ASSIGNMENT((#1108));
#387=ADVANCED_FACE('',(#1109),#1110,.T.);
#388=PRESENTATION_STYLE_ASSIGNMENT((#1111));
#389=ADVANCED_FACE('',(#1112),#1113,.F.);
#390=PRESENTATION_STYLE_ASSIGNMENT((#1114));
#391=ADVANCED_FACE('',(#1115),#1116,.F.);
#392=PRESENTATION_STYLE_ASSIGNMENT((#1117));
#393=ADVANCED_FACE('',(#1118),#1119,.F.);
#394=PRESENTATION_STYLE_ASSIGNMENT((#1120));
#395=ADVANCED_FACE('',(#1121),#1122,.T.);
#396=PRESENTATION_STYLE_ASSIGNMENT((#1123));
#397=ADVANCED_FACE('',(#1124),#1125,.T.);
#398=PRESENTATION_STYLE_ASSIGNMENT((#1126));
#399=ADVANCED_FACE('',(#1127),#1128,.F.);
#400=PRESENTATION_STYLE_ASSIGNMENT((#1129));
#401=ADVANCED_FACE('',(#1130),#1131,.T.);
#402=PRESENTATION_STYLE_ASSIGNMENT((#1132));
#403=ADVANCED_FACE('',(#1133),#1134,.T.);
#404=PRESENTATION_STYLE_ASSIGNMENT((#1135));
#405=ADVANCED_FACE('',(#1136),#1137,.F.);
#406=PRESENTATION_STYLE_ASSIGNMENT((#1138));
#407=ADVANCED_FACE('',(#1139),#1140,.F.);
#408=PRESENTATION_STYLE_ASSIGNMENT((#1141));
#409=ADVANCED_FACE('',(#1142),#1143,.F.);
#410=PRESENTATION_STYLE_ASSIGNMENT((#1144));
#411=ADVANCED_FACE('',(#1145),#1146,.F.);
#412=PRESENTATION_STYLE_ASSIGNMENT((#1147));
#413=ADVANCED_FACE('',(#1148),#1149,.T.);
#414=PRESENTATION_STYLE_ASSIGNMENT((#1150));
#415=ADVANCED_FACE('',(#1151),#1152,.T.);
#416=PRESENTATION_STYLE_ASSIGNMENT((#1153));
#417=ADVANCED_FACE('',(#1154),#1155,.T.);
#418=PRESENTATION_STYLE_ASSIGNMENT((#1156));
#419=ADVANCED_FACE('',(#1157),#1158,.F.);
#420=PRESENTATION_STYLE_ASSIGNMENT((#1159));
#421=ADVANCED_FACE('',(#1160,#1161,#1162,#1163,#1164,#1165,#1166,#1167,#1168,#1169),#1170,.F.);
#422=PRESENTATION_STYLE_ASSIGNMENT((#1171));
#423=ADVANCED_FACE('',(#1172,#1173),#1174,.F.);
#424=PRESENTATION_STYLE_ASSIGNMENT((#1175));
#425=ADVANCED_FACE('',(#1176,#1177),#1178,.F.);
#426=PRESENTATION_STYLE_ASSIGNMENT((#1179));
#427=ADVANCED_FACE('',(#1180),#1181,.F.);
#428=PRESENTATION_STYLE_ASSIGNMENT((#1182));
#429=ADVANCED_FACE('',(#1183,#1184),#1185,.F.);
#430=PRESENTATION_STYLE_ASSIGNMENT((#1186));
#431=ADVANCED_FACE('',(#1187,#1188),#1189,.F.);
#432=PRESENTATION_STYLE_ASSIGNMENT((#1190));
#433=ADVANCED_FACE('',(#1191,#1192),#1193,.F.);
#434=PRESENTATION_STYLE_ASSIGNMENT((#1194));
#435=ADVANCED_FACE('',(#1195),#1196,.F.);
#436=PRESENTATION_STYLE_ASSIGNMENT((#1197));
#437=ADVANCED_FACE('',(#1198,#1199),#1200,.F.);
#438=PRESENTATION_STYLE_ASSIGNMENT((#1201));
#439=ADVANCED_FACE('',(#1202),#1203,.F.);
#440=PRESENTATION_STYLE_ASSIGNMENT((#1204));
#441=ADVANCED_FACE('',(#1205),#1206,.T.);
#442=PRESENTATION_STYLE_ASSIGNMENT((#1207));
#443=ADVANCED_FACE('',(#1208),#1209,.T.);
#444=PRESENTATION_STYLE_ASSIGNMENT((#1210));
#445=ADVANCED_FACE('',(#1211),#1212,.T.);
#446=PRESENTATION_STYLE_ASSIGNMENT((#1213));
#447=ADVANCED_FACE('',(#1214),#1215,.T.);
#448=PRESENTATION_STYLE_ASSIGNMENT((#1216));
#449=ADVANCED_FACE('',(#1217),#1218,.T.);
#450=PRESENTATION_STYLE_ASSIGNMENT((#1219));
#451=ADVANCED_FACE('',(#1220),#1221,.T.);
#452=PRESENTATION_STYLE_ASSIGNMENT((#1222));
#453=ADVANCED_FACE('',(#1223),#1224,.F.);
#454=PRESENTATION_STYLE_ASSIGNMENT((#1225));
#455=ADVANCED_FACE('',(#1226),#1227,.T.);
#456=PRESENTATION_STYLE_ASSIGNMENT((#1228));
#457=ADVANCED_FACE('',(#1229),#1230,.T.);
#458=PRESENTATION_STYLE_ASSIGNMENT((#1231));
#459=ADVANCED_FACE('',(#1232),#1233,.T.);
#460=PRESENTATION_STYLE_ASSIGNMENT((#1234));
#461=ADVANCED_FACE('',(#1235),#1236,.T.);
#462=PRESENTATION_STYLE_ASSIGNMENT((#1237));
#463=ADVANCED_FACE('',(#1238),#1239,.T.);
#464=PRESENTATION_STYLE_ASSIGNMENT((#1240));
#465=ADVANCED_FACE('',(#1241),#1242,.T.);
#466=PRESENTATION_STYLE_ASSIGNMENT((#1243));
#467=ADVANCED_FACE('',(#1244),#1245,.F.);
#468=PRESENTATION_STYLE_ASSIGNMENT((#1246));
#469=ADVANCED_FACE('',(#1247),#1248,.T.);
#470=PRESENTATION_STYLE_ASSIGNMENT((#1249));
#471=ADVANCED_FACE('',(#1250),#1251,.T.);
#472=PRESENTATION_STYLE_ASSIGNMENT((#1252));
#473=ADVANCED_FACE('',(#1253),#1254,.T.);
#474=PRESENTATION_STYLE_ASSIGNMENT((#1255));
#475=ADVANCED_FACE('',(#1256),#1257,.T.);
#476=PRESENTATION_STYLE_ASSIGNMENT((#1258));
#477=ADVANCED_FACE('',(#1259),#1260,.T.);
#478=PRESENTATION_STYLE_ASSIGNMENT((#1261));
#479=ADVANCED_FACE('',(#1262),#1263,.T.);
#480=PRESENTATION_STYLE_ASSIGNMENT((#1264));
#481=ADVANCED_FACE('',(#1265),#1266,.F.);
#482=PRESENTATION_STYLE_ASSIGNMENT((#1267));
#483=ADVANCED_FACE('',(#1268),#1269,.T.);
#484=PRESENTATION_STYLE_ASSIGNMENT((#1270));
#485=ADVANCED_FACE('',(#1271),#1272,.T.);
#486=PRESENTATION_STYLE_ASSIGNMENT((#1273));
#487=ADVANCED_FACE('',(#1274),#1275,.T.);
#488=PRESENTATION_STYLE_ASSIGNMENT((#1276));
#489=ADVANCED_FACE('',(#1277),#1278,.T.);
#490=PRESENTATION_STYLE_ASSIGNMENT((#1279));
#491=ADVANCED_FACE('',(#1280),#1281,.T.);
#492=PRESENTATION_STYLE_ASSIGNMENT((#1282));
#493=ADVANCED_FACE('',(#1283),#1284,.T.);
#494=PRESENTATION_STYLE_ASSIGNMENT((#1285));
#495=ADVANCED_FACE('',(#1286),#1287,.T.);
#496=PRESENTATION_STYLE_ASSIGNMENT((#1288));
#497=ADVANCED_FACE('',(#1289),#1290,.F.);
#498=PRESENTATION_STYLE_ASSIGNMENT((#1291));
#499=ADVANCED_FACE('',(#1292),#1293,.T.);
#500=PRESENTATION_STYLE_ASSIGNMENT((#1294));
#501=ADVANCED_FACE('',(#1295),#1296,.T.);
#502=PRESENTATION_STYLE_ASSIGNMENT((#1297));
#503=ADVANCED_FACE('',(#1298),#1299,.T.);
#504=PRESENTATION_STYLE_ASSIGNMENT((#1300));
#505=ADVANCED_FACE('',(#1301),#1302,.T.);
#506=PRESENTATION_STYLE_ASSIGNMENT((#1303));
#507=ADVANCED_FACE('',(#1304),#1305,.F.);
#508=PRESENTATION_STYLE_ASSIGNMENT((#1306));
#509=ADVANCED_FACE('',(#1307),#1308,.T.);
#510=PRESENTATION_STYLE_ASSIGNMENT((#1309));
#511=ADVANCED_FACE('',(#1310,#1311,#1312,#1313,#1314),#1315,.T.);
#512=PRESENTATION_STYLE_ASSIGNMENT((#1316));
#513=ADVANCED_FACE('',(#1317),#1318,.T.);
#514=PRESENTATION_STYLE_ASSIGNMENT((#1319));
#515=ADVANCED_FACE('',(#1320),#1321,.F.);
#516=PRESENTATION_STYLE_ASSIGNMENT((#1322));
#517=ADVANCED_FACE('',(#1323),#1324,.T.);
#518=PRESENTATION_STYLE_ASSIGNMENT((#1325));
#519=ADVANCED_FACE('',(#1326),#1327,.T.);
#520=PRESENTATION_STYLE_ASSIGNMENT((#1328));
#521=ADVANCED_FACE('',(#1329),#1330,.T.);
#522=PRESENTATION_STYLE_ASSIGNMENT((#1331));
#523=ADVANCED_FACE('',(#1332),#1333,.T.);
#524=PRESENTATION_STYLE_ASSIGNMENT((#1334));
#525=ADVANCED_FACE('',(#1335),#1336,.F.);
#526=PRESENTATION_STYLE_ASSIGNMENT((#1337));
#527=ADVANCED_FACE('',(#1338),#1339,.T.);
#528=PRESENTATION_STYLE_ASSIGNMENT((#1340));
#529=ADVANCED_FACE('',(#1341),#1342,.T.);
#530=PRESENTATION_STYLE_ASSIGNMENT((#1343));
#531=ADVANCED_FACE('',(#1344),#1345,.F.);
#532=PRESENTATION_STYLE_ASSIGNMENT((#1346));
#533=ADVANCED_FACE('',(#1347),#1348,.T.);
#534=PRESENTATION_STYLE_ASSIGNMENT((#1349));
#535=ADVANCED_FACE('',(#1350),#1351,.T.);
#536=PRESENTATION_STYLE_ASSIGNMENT((#1352));
#537=ADVANCED_FACE('',(#1353),#1354,.T.);
#538=PRESENTATION_STYLE_ASSIGNMENT((#1355));
#539=ADVANCED_FACE('',(#1356),#1357,.T.);
#540=PRESENTATION_STYLE_ASSIGNMENT((#1358));
#541=ADVANCED_FACE('',(#1359),#1360,.F.);
#542=PRESENTATION_STYLE_ASSIGNMENT((#1361));
#543=ADVANCED_FACE('',(#1362),#1363,.T.);
#544=PRESENTATION_STYLE_ASSIGNMENT((#1364));
#545=ADVANCED_FACE('',(#1365,#1366,#1367,#1368,#1369),#1370,.T.);
#546=PRESENTATION_STYLE_ASSIGNMENT((#1371));
#547=ADVANCED_FACE('',(#1372),#1373,.T.);
#548=PRESENTATION_STYLE_ASSIGNMENT((#1374));
#549=ADVANCED_FACE('',(#1375),#1376,.F.);
#550=PRESENTATION_STYLE_ASSIGNMENT((#1377));
#551=ADVANCED_FACE('',(#1378),#1379,.T.);
#552=PRESENTATION_STYLE_ASSIGNMENT((#1380));
#553=ADVANCED_FACE('',(#1381),#1382,.T.);
#554=PRESENTATION_STYLE_ASSIGNMENT((#1383));
#555=ADVANCED_FACE('',(#1384),#1385,.T.);
#556=PRESENTATION_STYLE_ASSIGNMENT((#1386));
#557=ADVANCED_FACE('',(#1387),#1388,.T.);
#558=PRESENTATION_STYLE_ASSIGNMENT((#1389));
#559=ADVANCED_FACE('',(#1390),#1391,.F.);
#560=PRESENTATION_STYLE_ASSIGNMENT((#1392));
#561=ADVANCED_FACE('',(#1393),#1394,.T.);
#562=PRESENTATION_STYLE_ASSIGNMENT((#1395));
#563=ADVANCED_FACE('',(#1396),#1397,.T.);
#564=PRESENTATION_STYLE_ASSIGNMENT((#1398));
#565=ADVANCED_FACE('',(#1399),#1400,.T.);
#566=PRESENTATION_STYLE_ASSIGNMENT((#1401));
#567=ADVANCED_FACE('',(#1402),#1403,.T.);
#568=PRESENTATION_STYLE_ASSIGNMENT((#1404));
#569=ADVANCED_FACE('',(#1405),#1406,.T.);
#570=PRESENTATION_STYLE_ASSIGNMENT((#1407));
#571=ADVANCED_FACE('',(#1408),#1409,.F.);
#572=PRESENTATION_STYLE_ASSIGNMENT((#1410));
#573=ADVANCED_FACE('',(#1411),#1412,.F.);
#574=PRESENTATION_STYLE_ASSIGNMENT((#1413));
#575=ADVANCED_FACE('',(#1414),#1415,.F.);
#576=PRESENTATION_STYLE_ASSIGNMENT((#1416));
#577=ADVANCED_FACE('',(#1417),#1418,.F.);
#578=PRESENTATION_STYLE_ASSIGNMENT((#1419));
#579=ADVANCED_FACE('',(#1420),#1421,.F.);
#580=PRESENTATION_STYLE_ASSIGNMENT((#1422));
#581=ADVANCED_FACE('',(#1423),#1424,.F.);
#582=PRESENTATION_STYLE_ASSIGNMENT((#1425));
#583=ADVANCED_FACE('',(#1426),#1427,.F.);
#584=PRESENTATION_STYLE_ASSIGNMENT((#1428));
#585=ADVANCED_FACE('',(#1429),#1430,.F.);
#586=PRESENTATION_STYLE_ASSIGNMENT((#1431));
#587=ADVANCED_FACE('',(#1432),#1433,.F.);
#588=PRESENTATION_STYLE_ASSIGNMENT((#1434));
#589=ADVANCED_FACE('',(#1435),#1436,.F.);
#590=PRESENTATION_STYLE_ASSIGNMENT((#1437));
#591=ADVANCED_FACE('',(#1438),#1439,.F.);
#592=PRESENTATION_STYLE_ASSIGNMENT((#1440));
#593=ADVANCED_FACE('',(#1441),#1442,.F.);
#594=PRESENTATION_STYLE_ASSIGNMENT((#1443));
#595=ADVANCED_FACE('',(#1444),#1445,.F.);
#596=PRESENTATION_STYLE_ASSIGNMENT((#1446));
#597=ADVANCED_FACE('',(#1447,#1448),#1449,.T.);
#598=PRESENTATION_STYLE_ASSIGNMENT((#1450));
#599=ADVANCED_FACE('',(#1451),#1452,.F.);
#600=PRESENTATION_STYLE_ASSIGNMENT((#1453));
#601=ADVANCED_FACE('',(#1454),#1455,.T.);
#602=PRESENTATION_STYLE_ASSIGNMENT((#1456));
#603=ADVANCED_FACE('',(#1457),#1458,.T.);
#604=PRESENTATION_STYLE_ASSIGNMENT((#1459));
#605=ADVANCED_FACE('',(#1460),#1461,.T.);
#606=PRESENTATION_STYLE_ASSIGNMENT((#1462));
#607=ADVANCED_FACE('',(#1463),#1464,.T.);
#608=PRESENTATION_STYLE_ASSIGNMENT((#1465));
#609=ADVANCED_FACE('',(#1466),#1467,.T.);
#610=PRESENTATION_STYLE_ASSIGNMENT((#1468));
#611=ADVANCED_FACE('',(#1469),#1470,.F.);
#612=PRESENTATION_STYLE_ASSIGNMENT((#1471));
#613=ADVANCED_FACE('',(#1472),#1473,.T.);
#614=PRESENTATION_STYLE_ASSIGNMENT((#1474));
#615=ADVANCED_FACE('',(#1475),#1476,.T.);
#616=PRESENTATION_STYLE_ASSIGNMENT((#1477));
#617=ADVANCED_FACE('',(#1478),#1479,.T.);
#618=PRESENTATION_STYLE_ASSIGNMENT((#1480));
#619=ADVANCED_FACE('',(#1481),#1482,.T.);
#620=PRESENTATION_STYLE_ASSIGNMENT((#1483));
#621=ADVANCED_FACE('',(#1484),#1485,.T.);
#622=PRESENTATION_STYLE_ASSIGNMENT((#1486));
#623=ADVANCED_FACE('',(#1487),#1488,.F.);
#624=PRESENTATION_STYLE_ASSIGNMENT((#1489));
#625=ADVANCED_FACE('',(#1490),#1491,.T.);
#626=PRESENTATION_STYLE_ASSIGNMENT((#1492));
#627=ADVANCED_FACE('',(#1493),#1494,.T.);
#628=PRESENTATION_STYLE_ASSIGNMENT((#1495));
#629=ADVANCED_FACE('',(#1496),#1497,.T.);
#630=PRESENTATION_STYLE_ASSIGNMENT((#1498));
#631=ADVANCED_FACE('',(#1499),#1500,.T.);
#632=PRESENTATION_STYLE_ASSIGNMENT((#1501));
#633=ADVANCED_FACE('',(#1502),#1503,.T.);
#634=PRESENTATION_STYLE_ASSIGNMENT((#1504));
#635=ADVANCED_FACE('',(#1505),#1506,.F.);
#636=PRESENTATION_STYLE_ASSIGNMENT((#1507));
#637=ADVANCED_FACE('',(#1508),#1509,.T.);
#638=PRESENTATION_STYLE_ASSIGNMENT((#1510));
#639=ADVANCED_FACE('',(#1511),#1512,.T.);
#640=PRESENTATION_STYLE_ASSIGNMENT((#1513));
#641=ADVANCED_FACE('',(#1514),#1515,.T.);
#642=PRESENTATION_STYLE_ASSIGNMENT((#1516));
#643=ADVANCED_FACE('',(#1517),#1518,.T.);
#644=PRESENTATION_STYLE_ASSIGNMENT((#1519));
#645=ADVANCED_FACE('',(#1520),#1521,.T.);
#646=PRESENTATION_STYLE_ASSIGNMENT((#1522));
#647=ADVANCED_FACE('',(#1523),#1524,.F.);
#648=PRESENTATION_STYLE_ASSIGNMENT((#1525));
#649=ADVANCED_FACE('',(#1526),#1527,.T.);
#650=PRESENTATION_STYLE_ASSIGNMENT((#1528));
#651=ADVANCED_FACE('',(#1529),#1530,.T.);
#652=PRESENTATION_STYLE_ASSIGNMENT((#1531));
#653=ADVANCED_FACE('',(#1532),#1533,.T.);
#654=PRESENTATION_STYLE_ASSIGNMENT((#1534));
#655=ADVANCED_FACE('',(#1535),#1536,.T.);
#656=PRESENTATION_STYLE_ASSIGNMENT((#1537));
#657=ADVANCED_FACE('',(#1538),#1539,.T.);
#658=PRESENTATION_STYLE_ASSIGNMENT((#1540));
#659=ADVANCED_FACE('',(#1541),#1542,.F.);
#660=PRESENTATION_STYLE_ASSIGNMENT((#1543));
#661=ADVANCED_FACE('',(#1544),#1545,.T.);
#662=PRESENTATION_STYLE_ASSIGNMENT((#1546));
#663=ADVANCED_FACE('',(#1547),#1548,.T.);
#664=PRESENTATION_STYLE_ASSIGNMENT((#1549));
#665=ADVANCED_FACE('',(#1550),#1551,.T.);
#666=PRESENTATION_STYLE_ASSIGNMENT((#1552));
#667=ADVANCED_FACE('',(#1553),#1554,.T.);
#668=PRESENTATION_STYLE_ASSIGNMENT((#1555));
#669=ADVANCED_FACE('',(#1556),#1557,.T.);
#670=PRESENTATION_STYLE_ASSIGNMENT((#1558));
#671=ADVANCED_FACE('',(#1559),#1560,.F.);
#672=PRESENTATION_STYLE_ASSIGNMENT((#1561));
#673=ADVANCED_FACE('',(#1562),#1563,.T.);
#674=PRESENTATION_STYLE_ASSIGNMENT((#1564));
#675=ADVANCED_FACE('',(#1565),#1566,.T.);
#676=PRESENTATION_STYLE_ASSIGNMENT((#1567));
#677=ADVANCED_FACE('',(#1568),#1569,.T.);
#678=PRESENTATION_STYLE_ASSIGNMENT((#1570));
#679=ADVANCED_FACE('',(#1571),#1572,.T.);
#680=PRESENTATION_STYLE_ASSIGNMENT((#1573));
#681=ADVANCED_FACE('',(#1574),#1575,.F.);
#682=PRESENTATION_STYLE_ASSIGNMENT((#1576));
#683=ADVANCED_FACE('',(#1577),#1578,.T.);
#684=PRESENTATION_STYLE_ASSIGNMENT((#1579));
#685=ADVANCED_FACE('',(#1580),#1581,.T.);
#686=PRESENTATION_STYLE_ASSIGNMENT((#1582));
#687=ADVANCED_FACE('',(#1583),#1584,.T.);
#688=PRESENTATION_STYLE_ASSIGNMENT((#1585));
#689=ADVANCED_FACE('',(#1586),#1587,.T.);
#690=PRESENTATION_STYLE_ASSIGNMENT((#1588));
#691=ADVANCED_FACE('',(#1589),#1590,.T.);
#692=PRESENTATION_STYLE_ASSIGNMENT((#1591));
#693=ADVANCED_FACE('',(#1592),#1593,.T.);
#694=PRESENTATION_STYLE_ASSIGNMENT((#1594));
#695=ADVANCED_FACE('',(#1595),#1596,.T.);
#696=PRESENTATION_STYLE_ASSIGNMENT((#1597));
#697=ADVANCED_FACE('',(#1598),#1599,.T.);
#698=PRESENTATION_STYLE_ASSIGNMENT((#1600));
#699=ADVANCED_FACE('',(#1601),#1602,.F.);
#700=PRESENTATION_STYLE_ASSIGNMENT((#1603));
#701=ADVANCED_FACE('',(#1604),#1605,.T.);
#702=PRESENTATION_STYLE_ASSIGNMENT((#1606));
#703=ADVANCED_FACE('',(#1607),#1608,.T.);
#704=PRESENTATION_STYLE_ASSIGNMENT((#1609));
#705=ADVANCED_FACE('',(#1610),#1611,.T.);
#706=PRESENTATION_STYLE_ASSIGNMENT((#1612));
#707=ADVANCED_FACE('',(#1613),#1614,.T.);
#708=PRESENTATION_STYLE_ASSIGNMENT((#1615));
#709=ADVANCED_FACE('',(#1616),#1617,.F.);
#710=PRESENTATION_STYLE_ASSIGNMENT((#1618));
#711=ADVANCED_FACE('',(#1619),#1620,.T.);
#712=PRESENTATION_STYLE_ASSIGNMENT((#1621));
#713=ADVANCED_FACE('',(#1622),#1623,.T.);
#714=PRESENTATION_STYLE_ASSIGNMENT((#1624));
#715=ADVANCED_FACE('',(#1625),#1626,.T.);
#716=PRESENTATION_STYLE_ASSIGNMENT((#1627));
#717=ADVANCED_FACE('',(#1628),#1629,.T.);
#718=PRESENTATION_STYLE_ASSIGNMENT((#1630));
#719=ADVANCED_FACE('',(#1631),#1632,.F.);
#720=PRESENTATION_STYLE_ASSIGNMENT((#1633));
#721=ADVANCED_FACE('',(#1634),#1635,.F.);
#722=PRESENTATION_STYLE_ASSIGNMENT((#1636));
#723=ADVANCED_FACE('',(#1637),#1638,.F.);
#724=PRESENTATION_STYLE_ASSIGNMENT((#1639));
#725=ADVANCED_FACE('',(#1640),#1641,.F.);
#726=PRESENTATION_STYLE_ASSIGNMENT((#1642));
#727=ADVANCED_FACE('',(#1643),#1644,.F.);
#728=PRESENTATION_STYLE_ASSIGNMENT((#1645));
#729=ADVANCED_FACE('',(#1646),#1647,.F.);
#730=PRESENTATION_STYLE_ASSIGNMENT((#1648));
#731=ADVANCED_FACE('',(#1649),#1650,.F.);
#732=PRESENTATION_STYLE_ASSIGNMENT((#1651));
#733=ADVANCED_FACE('',(#1652),#1653,.F.);
#734=PRESENTATION_STYLE_ASSIGNMENT((#1654));
#735=ADVANCED_FACE('',(#1655),#1656,.F.);
#736=PRESENTATION_STYLE_ASSIGNMENT((#1657));
#737=ADVANCED_FACE('',(#1658),#1659,.F.);
#738=PRESENTATION_STYLE_ASSIGNMENT((#1660));
#739=ADVANCED_FACE('',(#1661),#1662,.F.);
#740=PRESENTATION_STYLE_ASSIGNMENT((#1663));
#741=ADVANCED_FACE('',(#1664),#1665,.T.);
#742=PRESENTATION_STYLE_ASSIGNMENT((#1666));
#743=ADVANCED_FACE('',(#1667),#1668,.F.);
#744=PRESENTATION_STYLE_ASSIGNMENT((#1669));
#745=ADVANCED_FACE('',(#1670),#1671,.F.);
#746=PRESENTATION_STYLE_ASSIGNMENT((#1672));
#747=ADVANCED_FACE('',(#1673),#1674,.F.);
#748=PRESENTATION_STYLE_ASSIGNMENT((#1675));
#749=ADVANCED_FACE('',(#1676),#1677,.T.);
#750=PRESENTATION_STYLE_ASSIGNMENT((#1678));
#751=ADVANCED_FACE('',(#1679),#1680,.F.);
#752=PRESENTATION_STYLE_ASSIGNMENT((#1681));
#753=ADVANCED_FACE('',(#1682),#1683,.F.);
#754=PRESENTATION_STYLE_ASSIGNMENT((#1684));
#755=ADVANCED_FACE('',(#1685),#1686,.T.);
#756=PRESENTATION_STYLE_ASSIGNMENT((#1687));
#757=ADVANCED_FACE('',(#1688),#1689,.F.);
#758=PRESENTATION_STYLE_ASSIGNMENT((#1690));
#759=ADVANCED_FACE('',(#1691),#1692,.F.);
#760=PRESENTATION_STYLE_ASSIGNMENT((#1693));
#761=ADVANCED_FACE('',(#1694),#1695,.F.);
#762=PRESENTATION_STYLE_ASSIGNMENT((#1696));
#763=ADVANCED_FACE('',(#1697),#1698,.T.);
#764=PRESENTATION_STYLE_ASSIGNMENT((#1699));
#765=ADVANCED_FACE('',(#1700),#1701,.F.);
#766=PRESENTATION_STYLE_ASSIGNMENT((#1702));
#767=ADVANCED_FACE('',(#1703),#1704,.F.);
#768=PRESENTATION_STYLE_ASSIGNMENT((#1705));
#769=ADVANCED_FACE('',(#1706),#1707,.F.);
#770=PRESENTATION_STYLE_ASSIGNMENT((#1708));
#771=ADVANCED_FACE('',(#1709),#1710,.T.);
#772=PRESENTATION_STYLE_ASSIGNMENT((#1711));
#773=ADVANCED_FACE('',(#1712),#1713,.F.);
#774=PRESENTATION_STYLE_ASSIGNMENT((#1714));
#775=ADVANCED_FACE('',(#1715),#1716,.F.);
#776=PRESENTATION_STYLE_ASSIGNMENT((#1717));
#777=ADVANCED_FACE('',(#1718),#1719,.T.);
#778=PRESENTATION_STYLE_ASSIGNMENT((#1720));
#779=ADVANCED_FACE('',(#1721),#1722,.T.);
#780=PRESENTATION_STYLE_ASSIGNMENT((#1723));
#781=ADVANCED_FACE('',(#1724),#1725,.T.);
#782=PRESENTATION_STYLE_ASSIGNMENT((#1726));
#783=ADVANCED_FACE('',(#1727),#1728,.T.);
#784=PRESENTATION_STYLE_ASSIGNMENT((#1729));
#785=ADVANCED_FACE('',(#1730),#1731,.T.);
#786=PRESENTATION_STYLE_ASSIGNMENT((#1732));
#787=ADVANCED_FACE('',(#1733),#1734,.T.);
#788=PRESENTATION_STYLE_ASSIGNMENT((#1735));
#789=ADVANCED_FACE('',(#1736),#1737,.T.);
#790=PRESENTATION_STYLE_ASSIGNMENT((#1738));
#791=ADVANCED_FACE('',(#1739),#1740,.F.);
#792=PRESENTATION_STYLE_ASSIGNMENT((#1741));
#793=ADVANCED_FACE('',(#1742),#1743,.T.);
#794=PRESENTATION_STYLE_ASSIGNMENT((#1744));
#795=ADVANCED_FACE('',(#1745),#1746,.T.);
#796=PRESENTATION_STYLE_ASSIGNMENT((#1747));
#797=ADVANCED_FACE('',(#1748),#1749,.T.);
#798=PRESENTATION_STYLE_ASSIGNMENT((#1750));
#799=ADVANCED_FACE('',(#1751),#1752,.T.);
#800=PRESENTATION_STYLE_ASSIGNMENT((#1753));
#801=ADVANCED_FACE('',(#1754),#1755,.T.);
#802=PRESENTATION_STYLE_ASSIGNMENT((#1756));
#803=ADVANCED_FACE('',(#1757),#1758,.F.);
#804=PRESENTATION_STYLE_ASSIGNMENT((#1759));
#805=ADVANCED_FACE('',(#1760),#1761,.T.);
#806=PRESENTATION_STYLE_ASSIGNMENT((#1762));
#807=ADVANCED_FACE('',(#1763),#1764,.T.);
#808=PRESENTATION_STYLE_ASSIGNMENT((#1765));
#809=ADVANCED_FACE('',(#1766),#1767,.T.);
#810=PRESENTATION_STYLE_ASSIGNMENT((#1768));
#811=ADVANCED_FACE('',(#1769),#1770,.T.);
#812=PRESENTATION_STYLE_ASSIGNMENT((#1771));
#813=ADVANCED_FACE('',(#1772),#1773,.T.);
#814=PRESENTATION_STYLE_ASSIGNMENT((#1774));
#815=ADVANCED_FACE('',(#1775),#1776,.T.);
#816=PRESENTATION_STYLE_ASSIGNMENT((#1777));
#817=ADVANCED_FACE('',(#1778),#1779,.T.);
#818=PRESENTATION_STYLE_ASSIGNMENT((#1780));
#819=ADVANCED_FACE('',(#1781),#1782,.T.);
#820=PRESENTATION_STYLE_ASSIGNMENT((#1783));
#821=ADVANCED_FACE('',(#1784),#1785,.F.);
#822=PRESENTATION_STYLE_ASSIGNMENT((#1786));
#823=ADVANCED_FACE('',(#1787),#1788,.T.);
#824=PRESENTATION_STYLE_ASSIGNMENT((#1789));
#825=ADVANCED_FACE('',(#1790),#1791,.T.);
#826=PRESENTATION_STYLE_ASSIGNMENT((#1792));
#827=ADVANCED_FACE('',(#1793),#1794,.T.);
#828=PRESENTATION_STYLE_ASSIGNMENT((#1795));
#829=ADVANCED_FACE('',(#1796),#1797,.T.);
#830=PRESENTATION_STYLE_ASSIGNMENT((#1798));
#831=ADVANCED_FACE('',(#1799),#1800,.T.);
#832=PRESENTATION_STYLE_ASSIGNMENT((#1801));
#833=ADVANCED_FACE('',(#1802),#1803,.T.);
#834=PRESENTATION_STYLE_ASSIGNMENT((#1804));
#835=ADVANCED_FACE('',(#1805),#1806,.T.);
#836=PRESENTATION_STYLE_ASSIGNMENT((#1807));
#837=ADVANCED_FACE('',(#1808),#1809,.F.);
#838=PRESENTATION_STYLE_ASSIGNMENT((#1810));
#839=ADVANCED_FACE('',(#1811),#1812,.F.);
#840=PRESENTATION_STYLE_ASSIGNMENT((#1813));
#841=ADVANCED_FACE('',(#1814),#1815,.T.);
#842=PRESENTATION_STYLE_ASSIGNMENT((#1816));
#843=ADVANCED_FACE('',(#1817),#1818,.T.);
#844=PRESENTATION_STYLE_ASSIGNMENT((#1819));
#845=ADVANCED_FACE('',(#1820),#1821,.T.);
#846=PRESENTATION_STYLE_ASSIGNMENT((#1822));
#847=ADVANCED_FACE('',(#1823),#1824,.T.);
#848=PRESENTATION_STYLE_ASSIGNMENT((#1825));
#849=ADVANCED_FACE('',(#1826),#1827,.T.);
#850=PRESENTATION_STYLE_ASSIGNMENT((#1828));
#851=ADVANCED_FACE('',(#1829),#1830,.T.);
#852=PRESENTATION_STYLE_ASSIGNMENT((#1831));
#853=ADVANCED_FACE('',(#1832),#1833,.T.);
#854=PRESENTATION_STYLE_ASSIGNMENT((#1834));
#855=ADVANCED_FACE('',(#1835),#1836,.T.);
#856=PRESENTATION_STYLE_ASSIGNMENT((#1837));
#857=ADVANCED_FACE('',(#1838),#1839,.T.);
#858=PRESENTATION_STYLE_ASSIGNMENT((#1840));
#859=ADVANCED_FACE('',(#1841),#1842,.F.);
#860=PRESENTATION_STYLE_ASSIGNMENT((#1843));
#861=ADVANCED_FACE('',(#1844),#1845,.T.);
#862=PRESENTATION_STYLE_ASSIGNMENT((#1846));
#863=ADVANCED_FACE('',(#1847),#1848,.T.);
#864=PRESENTATION_STYLE_ASSIGNMENT((#1849));
#865=ADVANCED_FACE('',(#1850),#1851,.T.);
#866=PRESENTATION_STYLE_ASSIGNMENT((#1852));
#867=ADVANCED_FACE('',(#1853),#1854,.T.);
#868=PRESENTATION_STYLE_ASSIGNMENT((#1855));
#869=ADVANCED_FACE('',(#1856),#1857,.T.);
#870=PRESENTATION_STYLE_ASSIGNMENT((#1858));
#871=ADVANCED_FACE('',(#1859),#1860,.T.);
#872=PRESENTATION_STYLE_ASSIGNMENT((#1861));
#873=ADVANCED_FACE('',(#1862),#1863,.T.);
#874=PRESENTATION_STYLE_ASSIGNMENT((#1864));
#875=ADVANCED_FACE('',(#1865),#1866,.F.);
#876=PRESENTATION_STYLE_ASSIGNMENT((#1867));
#877=ADVANCED_FACE('',(#1868),#1869,.F.);
#878=PRESENTATION_STYLE_ASSIGNMENT((#1870));
#879=ADVANCED_FACE('',(#1871),#1872,.T.);
#880=PRESENTATION_STYLE_ASSIGNMENT((#1873));
#881=ADVANCED_FACE('',(#1874),#1875,.T.);
#882=PRESENTATION_STYLE_ASSIGNMENT((#1876));
#883=ADVANCED_FACE('',(#1877),#1878,.T.);
#884=PRESENTATION_STYLE_ASSIGNMENT((#1879));
#885=ADVANCED_FACE('',(#1880),#1881,.T.);
#886=PRESENTATION_STYLE_ASSIGNMENT((#1882));
#887=ADVANCED_FACE('',(#1883),#1884,.T.);
#888=PRESENTATION_STYLE_ASSIGNMENT((#1885));
#889=ADVANCED_FACE('',(#1886),#1887,.T.);
#890=PRESENTATION_STYLE_ASSIGNMENT((#1888));
#891=ADVANCED_FACE('',(#1889),#1890,.F.);
#892=PRESENTATION_STYLE_ASSIGNMENT((#1891));
#893=ADVANCED_FACE('',(#1892),#1893,.T.);
#894=PRESENTATION_STYLE_ASSIGNMENT((#1894));
#895=ADVANCED_FACE('',(#1895),#1896,.T.);
#896=PRESENTATION_STYLE_ASSIGNMENT((#1897));
#897=ADVANCED_FACE('',(#1898),#1899,.T.);
#898=PRESENTATION_STYLE_ASSIGNMENT((#1900));
#899=ADVANCED_FACE('',(#1901),#1902,.T.);
#900=PRESENTATION_STYLE_ASSIGNMENT((#1903));
#901=ADVANCED_FACE('',(#1904),#1905,.T.);
#902=PRESENTATION_STYLE_ASSIGNMENT((#1906));
#903=ADVANCED_FACE('',(#1907),#1908,.T.);
#904=PRESENTATION_STYLE_ASSIGNMENT((#1909));
#905=ADVANCED_FACE('',(#1910),#1911,.T.);
#906=PRESENTATION_STYLE_ASSIGNMENT((#1912));
#907=ADVANCED_FACE('',(#1913),#1914,.T.);
#908=PRESENTATION_STYLE_ASSIGNMENT((#1915));
#909=ADVANCED_FACE('',(#1916),#1917,.T.);
#910=PRESENTATION_STYLE_ASSIGNMENT((#1918));
#911=ADVANCED_FACE('',(#1919),#1920,.F.);
#912=PRESENTATION_STYLE_ASSIGNMENT((#1921));
#913=ADVANCED_FACE('',(#1922),#1923,.T.);
#914=PRESENTATION_STYLE_ASSIGNMENT((#1924));
#915=ADVANCED_FACE('',(#1925),#1926,.T.);
#916=PRESENTATION_STYLE_ASSIGNMENT((#1927));
#917=ADVANCED_FACE('',(#1928),#1929,.T.);
#918=PRESENTATION_STYLE_ASSIGNMENT((#1930));
#919=ADVANCED_FACE('',(#1931),#1932,.T.);
#920=PRESENTATION_STYLE_ASSIGNMENT((#1933));
#921=ADVANCED_FACE('',(#1934),#1935,.T.);
#922=PRESENTATION_STYLE_ASSIGNMENT((#1936));
#923=ADVANCED_FACE('',(#1937),#1938,.F.);
#924=PRESENTATION_STYLE_ASSIGNMENT((#1939));
#925=ADVANCED_FACE('',(#1940),#1941,.F.);
#926=PRESENTATION_STYLE_ASSIGNMENT((#1942));
#927=ADVANCED_FACE('',(#1943),#1944,.T.);
#928=PRESENTATION_STYLE_ASSIGNMENT((#1945));
#929=ADVANCED_FACE('',(#1946),#1947,.T.);
#930=PRESENTATION_STYLE_ASSIGNMENT((#1948));
#931=ADVANCED_FACE('',(#1949),#1950,.T.);
#932=PRESENTATION_STYLE_ASSIGNMENT((#1951));
#933=ADVANCED_FACE('',(#1952),#1953,.F.);
#934=PRESENTATION_STYLE_ASSIGNMENT((#1954));
#935=ADVANCED_FACE('',(#1955),#1956,.F.);
#936=PRESENTATION_STYLE_ASSIGNMENT((#1957));
#937=ADVANCED_FACE('',(#1958),#1959,.F.);
#938=PRESENTATION_STYLE_ASSIGNMENT((#1960));
#939=ADVANCED_FACE('',(#1961),#1962,.F.);
#940=PRESENTATION_STYLE_ASSIGNMENT((#1963));
#941=ADVANCED_FACE('',(#1964),#1965,.F.);
#942=PRESENTATION_STYLE_ASSIGNMENT((#1966));
#943=ADVANCED_FACE('',(#1967),#1968,.F.);
#944=PRESENTATION_STYLE_ASSIGNMENT((#1969));
#945=ADVANCED_FACE('',(#1970),#1971,.F.);
#946=PRESENTATION_STYLE_ASSIGNMENT((#1972));
#947=ADVANCED_FACE('',(#1973),#1974,.F.);
#948=PRESENTATION_STYLE_ASSIGNMENT((#1975));
#949=ADVANCED_FACE('',(#1976),#1977,.F.);
#950=PRESENTATION_STYLE_ASSIGNMENT((#1978));
#951=ADVANCED_FACE('',(#1979),#1980,.F.);
#952=PRESENTATION_STYLE_ASSIGNMENT((#1981));
#953=ADVANCED_FACE('',(#1982),#1983,.F.);
#954=PRESENTATION_STYLE_ASSIGNMENT((#1984));
#955=ADVANCED_FACE('',(#1985),#1986,.F.);
#956=PRESENTATION_STYLE_ASSIGNMENT((#1987));
#957=ADVANCED_FACE('',(#1988),#1989,.F.);
#958=PRESENTATION_STYLE_ASSIGNMENT((#1990));
#959=ADVANCED_FACE('',(#1991),#1992,.F.);
#960=PRESENTATION_STYLE_ASSIGNMENT((#1993));
#961=ADVANCED_FACE('',(#1994),#1995,.F.);
#962=PRESENTATION_STYLE_ASSIGNMENT((#1996));
#963=ADVANCED_FACE('',(#1997),#1998,.F.);
#964=PRESENTATION_STYLE_ASSIGNMENT((#1999));
#965=ADVANCED_FACE('',(#2000),#2001,.F.);
#966=PRESENTATION_STYLE_ASSIGNMENT((#2002));
#967=ADVANCED_FACE('',(#2003),#2004,.F.);
#968=PRESENTATION_STYLE_ASSIGNMENT((#2005));
#969=ADVANCED_FACE('',(#2006),#2007,.F.);
#970=PRESENTATION_STYLE_ASSIGNMENT((#2008));
#971=ADVANCED_FACE('',(#2009),#2010,.T.);
#972=PRESENTATION_STYLE_ASSIGNMENT((#2011));
#973=ADVANCED_FACE('',(#2012),#2013,.T.);
#974=PRESENTATION_STYLE_ASSIGNMENT((#2014));
#975=ADVANCED_FACE('',(#2015),#2016,.F.);
#976=PRESENTATION_STYLE_ASSIGNMENT((#2017));
#977=ADVANCED_FACE('',(#2018),#2019,.T.);
#978=PRESENTATION_STYLE_ASSIGNMENT((#2020));
#979=ADVANCED_FACE('',(#2021),#2022,.T.);
#980=PRESENTATION_STYLE_ASSIGNMENT((#2023));
#981=ADVANCED_FACE('',(#2024),#2025,.T.);
#982=PRESENTATION_STYLE_ASSIGNMENT((#2026));
#983=ADVANCED_FACE('',(#2027),#2028,.T.);
#984=PRESENTATION_STYLE_ASSIGNMENT((#2029));
#985=ADVANCED_FACE('',(#2030),#2031,.T.);
#986=PRESENTATION_STYLE_ASSIGNMENT((#2032));
#987=ADVANCED_FACE('',(#2033),#2034,.T.);
#988=PRESENTATION_STYLE_ASSIGNMENT((#2035));
#989=ADVANCED_FACE('',(#2036),#2037,.T.);
#990=PRESENTATION_STYLE_ASSIGNMENT((#2038));
#991=ADVANCED_FACE('',(#2039),#2040,.T.);
#992=PRESENTATION_STYLE_ASSIGNMENT((#2041));
#993=ADVANCED_FACE('',(#2042),#2043,.F.);
#994=PRESENTATION_STYLE_ASSIGNMENT((#2044));
#995=ADVANCED_FACE('',(#2045),#2046,.T.);
#996=PRESENTATION_STYLE_ASSIGNMENT((#2047));
#997=ADVANCED_FACE('',(#2048),#2049,.T.);
#998=PRESENTATION_STYLE_ASSIGNMENT((#2050));
#999=ADVANCED_FACE('',(#2051),#2052,.T.);
#1000=PRESENTATION_STYLE_ASSIGNMENT((#2053));
#1001=ADVANCED_FACE('',(#2054),#2055,.T.);
#1002=PRESENTATION_STYLE_ASSIGNMENT((#2056));
#1003=ADVANCED_FACE('',(#2057),#2058,.F.);
#1004=PRESENTATION_STYLE_ASSIGNMENT((#2059));
#1005=ADVANCED_FACE('',(#2060),#2061,.F.);
#1006=PRESENTATION_STYLE_ASSIGNMENT((#2062));
#1007=ADVANCED_FACE('',(#2063),#2064,.F.);
#1008=PRESENTATION_STYLE_ASSIGNMENT((#2065));
#1009=ADVANCED_FACE('',(#2066),#2067,.F.);
#1010=PRESENTATION_STYLE_ASSIGNMENT((#2068));
#1011=ADVANCED_FACE('',(#2069),#2070,.F.);
#1012=PRESENTATION_STYLE_ASSIGNMENT((#2071));
#1013=ADVANCED_FACE('',(#2072),#2073,.F.);
#1014=PRESENTATION_STYLE_ASSIGNMENT((#2074));
#1015=ADVANCED_FACE('',(#2075),#2076,.F.);
#1016=PRESENTATION_STYLE_ASSIGNMENT((#2077));
#1017=ADVANCED_FACE('',(#2078),#2079,.F.);
#1018=PRESENTATION_STYLE_ASSIGNMENT((#2080));
#1019=ADVANCED_FACE('',(#2081),#2082,.F.);
#1020=PRESENTATION_STYLE_ASSIGNMENT((#2083));
#1021=ADVANCED_FACE('',(#2084),#2085,.F.);
#1022=PRESENTATION_STYLE_ASSIGNMENT((#2086));
#1023=ADVANCED_FACE('',(#2087),#2088,.F.);
#1024=PRESENTATION_STYLE_ASSIGNMENT((#2089));
#1025=ADVANCED_FACE('',(#2090),#2091,.F.);
#1026=PRESENTATION_STYLE_ASSIGNMENT((#2092));
#1027=ADVANCED_FACE('',(#2093),#2094,.F.);
#1028=PRESENTATION_STYLE_ASSIGNMENT((#2095));
#1029=ADVANCED_FACE('',(#2096),#2097,.F.);
#1030=PRESENTATION_STYLE_ASSIGNMENT((#2098));
#1031=ADVANCED_FACE('',(#2099),#2100,.T.);
#1032=PRESENTATION_STYLE_ASSIGNMENT((#2101));
#1033=ADVANCED_FACE('',(#2102),#2103,.T.);
#1034=PRESENTATION_STYLE_ASSIGNMENT((#2104));
#1035=ADVANCED_FACE('',(#2105),#2106,.T.);
#1036=PRESENTATION_STYLE_ASSIGNMENT((#2107));
#1037=ADVANCED_FACE('',(#2108,#2109),#2110,.T.);
#1038=PRESENTATION_STYLE_ASSIGNMENT((#2111));
#1039=ADVANCED_FACE('',(#2112,#2113),#2114,.T.);
#1040=PRESENTATION_STYLE_ASSIGNMENT((#2115));
#1041=ADVANCED_FACE('',(#2116),#2117,.T.);
#1042=PRESENTATION_STYLE_ASSIGNMENT((#2118));
#1043=ADVANCED_FACE('',(#2119),#2120,.T.);
#1044=PRESENTATION_STYLE_ASSIGNMENT((#2121));
#1045=ADVANCED_FACE('',(#2122),#2123,.T.);
#1046=PRESENTATION_STYLE_ASSIGNMENT((#2124));
#1047=ADVANCED_FACE('',(#2125),#2126,.T.);
#1048=PRESENTATION_STYLE_ASSIGNMENT((#2127));
#1049=ADVANCED_FACE('',(#2128),#2129,.T.);
#1050=PRESENTATION_STYLE_ASSIGNMENT((#2130));
#1051=ADVANCED_FACE('',(#2131),#2132,.T.);
#1052=PRESENTATION_STYLE_ASSIGNMENT((#2133));
#1053=ADVANCED_FACE('',(#2134),#2135,.T.);
#1054=PRESENTATION_STYLE_ASSIGNMENT((#2136));
#1055=ADVANCED_FACE('',(#2137),#2138,.T.);
#1056=PRESENTATION_STYLE_ASSIGNMENT((#2139));
#1057=ADVANCED_FACE('',(#2140,#2141,#2142,#2143,#2144,#2145),#2146,.F.);
#1058=PRESENTATION_STYLE_ASSIGNMENT((#2147));
#1059=ADVANCED_FACE('',(#2148,#2149),#2150,.T.);
#1060=PRESENTATION_STYLE_ASSIGNMENT((#2151));
#1061=ADVANCED_FACE('',(#2152),#2153,.T.);
#1062=PRESENTATION_STYLE_ASSIGNMENT((#2154));
#1063=ADVANCED_FACE('',(#2155,#2156,#2157),#2158,.T.);
#1064=PRESENTATION_STYLE_ASSIGNMENT((#2159));
#1065=ADVANCED_FACE('',(#2160),#2161,.F.);
#1066=PRESENTATION_STYLE_ASSIGNMENT((#2162));
#1067=ADVANCED_FACE('',(#2163),#2164,.T.);
#1068=PRESENTATION_STYLE_ASSIGNMENT((#2165));
#1069=ADVANCED_FACE('',(#2166,#2167,#2168,#2169,#2170,#2171),#2172,.T.);
#1070=PRODUCT('usbr-b-s-f-o-th','usbr-b-s-f-o-th','PART-usbr-b-s-f-o-th-DESC',(#2173));
#1071=PRODUCT_DEFINITION('','NONE',#2174,#2);
#1072=MANIFOLD_SOLID_BREP('usbr-b-s-f-o-th',#2175);
#1073=AXIS2_PLACEMENT_3D('',#2176,#2177,#2178);
#1076=LENGTH_MEASURE_WITH_UNIT(LENGTH_MEASURE(1.0),#2179);
#1079=DIMENSIONAL_EXPONENTS(1.0,0.0,0.0,0.0,0.0,0.0,0.0);
#1081=DIMENSIONAL_EXPONENTS(0.0,0.0,0.0,0.0,0.0,0.0,0.0);
#1087=SURFACE_STYLE_USAGE(.BOTH.,#2180);
#1088=FACE_OUTER_BOUND('',#2181,.T.);
#1089=CYLINDRICAL_SURFACE('',#2182,0.500000000000001);
#1090=SURFACE_STYLE_USAGE(.BOTH.,#2183);
#1091=FACE_OUTER_BOUND('',#2184,.T.);
#1092=CYLINDRICAL_SURFACE('',#2185,0.5);
#1093=SURFACE_STYLE_USAGE(.BOTH.,#2186);
#1094=FACE_OUTER_BOUND('',#2187,.T.);
#1095=CYLINDRICAL_SURFACE('',#2188,0.500000000000001);
#1096=SURFACE_STYLE_USAGE(.BOTH.,#2189);
#1097=FACE_OUTER_BOUND('',#2190,.T.);
#1098=CYLINDRICAL_SURFACE('',#2191,0.5);
#1099=SURFACE_STYLE_USAGE(.BOTH.,#2192);
#1100=FACE_OUTER_BOUND('',#2193,.T.);
#1101=SPHERICAL_SURFACE('',#2194,0.6);
#1102=SURFACE_STYLE_USAGE(.BOTH.,#2195);
#1103=FACE_OUTER_BOUND('',#2196,.T.);
#1104=SPHERICAL_SURFACE('',#2197,0.6);
#1105=SURFACE_STYLE_USAGE(.BOTH.,#2198);
#1106=FACE_OUTER_BOUND('',#2199,.T.);
#1107=SPHERICAL_SURFACE('',#2200,0.6);
#1108=SURFACE_STYLE_USAGE(.BOTH.,#2201);
#1109=FACE_OUTER_BOUND('',#2202,.T.);
#1110=SPHERICAL_SURFACE('',#2203,0.6);
#1111=SURFACE_STYLE_USAGE(.BOTH.,#2204);
#1112=FACE_OUTER_BOUND('',#2205,.T.);
#1113=CYLINDRICAL_SURFACE('',#2206,0.15);
#1114=SURFACE_STYLE_USAGE(.BOTH.,#2207);
#1115=FACE_OUTER_BOUND('',#2208,.T.);
#1116=CYLINDRICAL_SURFACE('',#2209,0.15);
#1117=SURFACE_STYLE_USAGE(.BOTH.,#2210);
#1118=FACE_OUTER_BOUND('',#2211,.T.);
#1119=CYLINDRICAL_SURFACE('',#2212,0.15);
#1120=SURFACE_STYLE_USAGE(.BOTH.,#2213);
#1121=FACE_OUTER_BOUND('',#2214,.T.);
#1122=CYLINDRICAL_SURFACE('',#2215,0.898542404277256);
#1123=SURFACE_STYLE_USAGE(.BOTH.,#2216);
#1124=FACE_OUTER_BOUND('',#2217,.T.);
#1125=CYLINDRICAL_SURFACE('',#2218,1.87005183227128);
#1126=SURFACE_STYLE_USAGE(.BOTH.,#2219);
#1127=FACE_OUTER_BOUND('',#2220,.T.);
#1128=CYLINDRICAL_SURFACE('',#2221,0.601615786536412);
#1129=SURFACE_STYLE_USAGE(.BOTH.,#2222);
#1130=FACE_OUTER_BOUND('',#2223,.T.);
#1131=CYLINDRICAL_SURFACE('',#2224,0.898542404277256);
#1132=SURFACE_STYLE_USAGE(.BOTH.,#2225);
#1133=FACE_OUTER_BOUND('',#2226,.T.);
#1134=CYLINDRICAL_SURFACE('',#2227,1.87005183227128);
#1135=SURFACE_STYLE_USAGE(.BOTH.,#2228);
#1136=FACE_OUTER_BOUND('',#2229,.T.);
#1137=CYLINDRICAL_SURFACE('',#2230,0.601615786536412);
#1138=SURFACE_STYLE_USAGE(.BOTH.,#2231);
#1139=FACE_OUTER_BOUND('',#2232,.T.);
#1140=CYLINDRICAL_SURFACE('',#2233,0.150000000000001);
#1141=SURFACE_STYLE_USAGE(.BOTH.,#2234);
#1142=FACE_OUTER_BOUND('',#2235,.T.);
#1143=PLANE('',#2236);
#1144=SURFACE_STYLE_USAGE(.BOTH.,#2237);
#1145=FACE_OUTER_BOUND('',#2238,.T.);
#1146=PLANE('',#2239);
#1147=SURFACE_STYLE_USAGE(.BOTH.,#2240);
#1148=FACE_OUTER_BOUND('',#2241,.T.);
#1149=PLANE('',#2242);
#1150=SURFACE_STYLE_USAGE(.BOTH.,#2243);
#1151=FACE_OUTER_BOUND('',#2244,.T.);
#1152=PLANE('',#2245);
#1153=SURFACE_STYLE_USAGE(.BOTH.,#2246);
#1154=FACE_OUTER_BOUND('',#2247,.T.);
#1155=PLANE('',#2248);
#1156=SURFACE_STYLE_USAGE(.BOTH.,#2249);
#1157=FACE_OUTER_BOUND('',#2250,.T.);
#1158=PLANE('',#2251);
#1159=SURFACE_STYLE_USAGE(.BOTH.,#2252);
#1160=FACE_BOUND('',#2253,.T.);
#1161=FACE_BOUND('',#2254,.T.);
#1162=FACE_BOUND('',#2255,.T.);
#1163=FACE_BOUND('',#2256,.T.);
#1164=FACE_BOUND('',#2257,.T.);
#1165=FACE_BOUND('',#2258,.T.);
#1166=FACE_BOUND('',#2259,.T.);
#1167=FACE_BOUND('',#2260,.T.);
#1168=FACE_BOUND('',#2261,.T.);
#1169=FACE_OUTER_BOUND('',#2262,.T.);
#1170=PLANE('',#2263);
#1171=SURFACE_STYLE_USAGE(.BOTH.,#2264);
#1172=FACE_BOUND('',#2265,.T.);
#1173=FACE_OUTER_BOUND('',#2266,.T.);
#1174=PLANE('',#2267);
#1175=SURFACE_STYLE_USAGE(.BOTH.,#2268);
#1176=FACE_OUTER_BOUND('',#2269,.T.);
#1177=FACE_BOUND('',#2270,.T.);
#1178=PLANE('',#2271);
#1179=SURFACE_STYLE_USAGE(.BOTH.,#2272);
#1180=FACE_OUTER_BOUND('',#2273,.T.);
#1181=PLANE('',#2274);
#1182=SURFACE_STYLE_USAGE(.BOTH.,#2275);
#1183=FACE_BOUND('',#2276,.T.);
#1184=FACE_OUTER_BOUND('',#2277,.T.);
#1185=PLANE('',#2278);
#1186=SURFACE_STYLE_USAGE(.BOTH.,#2279);
#1187=FACE_BOUND('',#2280,.T.);
#1188=FACE_OUTER_BOUND('',#2281,.T.);
#1189=PLANE('',#2282);
#1190=SURFACE_STYLE_USAGE(.BOTH.,#2283);
#1191=FACE_OUTER_BOUND('',#2284,.T.);
#1192=FACE_BOUND('',#2285,.T.);
#1193=PLANE('',#2286);
#1194=SURFACE_STYLE_USAGE(.BOTH.,#2287);
#1195=FACE_OUTER_BOUND('',#2288,.T.);
#1196=PLANE('',#2289);
#1197=SURFACE_STYLE_USAGE(.BOTH.,#2290);
#1198=FACE_BOUND('',#2291,.T.);
#1199=FACE_OUTER_BOUND('',#2292,.T.);
#1200=PLANE('',#2293);
#1201=SURFACE_STYLE_USAGE(.BOTH.,#2294);
#1202=FACE_OUTER_BOUND('',#2295,.T.);
#1203=PLANE('',#2296);
#1204=SURFACE_STYLE_USAGE(.BOTH.,#2297);
#1205=FACE_OUTER_BOUND('',#2298,.T.);
#1206=PLANE('',#2299);
#1207=SURFACE_STYLE_USAGE(.BOTH.,#2300);
#1208=FACE_OUTER_BOUND('',#2301,.T.);
#1209=PLANE('',#2302);
#1210=SURFACE_STYLE_USAGE(.BOTH.,#2303);
#1211=FACE_OUTER_BOUND('',#2304,.T.);
#1212=PLANE('',#2305);
#1213=SURFACE_STYLE_USAGE(.BOTH.,#2306);
#1214=FACE_OUTER_BOUND('',#2307,.T.);
#1215=PLANE('',#2308);
#1216=SURFACE_STYLE_USAGE(.BOTH.,#2309);
#1217=FACE_OUTER_BOUND('',#2310,.T.);
#1218=PLANE('',#2311);
#1219=SURFACE_STYLE_USAGE(.BOTH.,#2312);
#1220=FACE_OUTER_BOUND('',#2313,.T.);
#1221=PLANE('',#2314);
#1222=SURFACE_STYLE_USAGE(.BOTH.,#2315);
#1223=FACE_OUTER_BOUND('',#2316,.T.);
#1224=PLANE('',#2317);
#1225=SURFACE_STYLE_USAGE(.BOTH.,#2318);
#1226=FACE_OUTER_BOUND('',#2319,.T.);
#1227=PLANE('',#2320);
#1228=SURFACE_STYLE_USAGE(.BOTH.,#2321);
#1229=FACE_OUTER_BOUND('',#2322,.T.);
#1230=PLANE('',#2323);
#1231=SURFACE_STYLE_USAGE(.BOTH.,#2324);
#1232=FACE_OUTER_BOUND('',#2325,.T.);
#1233=PLANE('',#2326);
#1234=SURFACE_STYLE_USAGE(.BOTH.,#2327);
#1235=FACE_OUTER_BOUND('',#2328,.T.);
#1236=PLANE('',#2329);
#1237=SURFACE_STYLE_USAGE(.BOTH.,#2330);
#1238=FACE_OUTER_BOUND('',#2331,.T.);
#1239=PLANE('',#2332);
#1240=SURFACE_STYLE_USAGE(.BOTH.,#2333);
#1241=FACE_OUTER_BOUND('',#2334,.T.);
#1242=PLANE('',#2335);
#1243=SURFACE_STYLE_USAGE(.BOTH.,#2336);
#1244=FACE_OUTER_BOUND('',#2337,.T.);
#1245=PLANE('',#2338);
#1246=SURFACE_STYLE_USAGE(.BOTH.,#2339);
#1247=FACE_OUTER_BOUND('',#2340,.T.);
#1248=PLANE('',#2341);
#1249=SURFACE_STYLE_USAGE(.BOTH.,#2342);
#1250=FACE_OUTER_BOUND('',#2343,.T.);
#1251=PLANE('',#2344);
#1252=SURFACE_STYLE_USAGE(.BOTH.,#2345);
#1253=FACE_OUTER_BOUND('',#2346,.T.);
#1254=PLANE('',#2347);
#1255=SURFACE_STYLE_USAGE(.BOTH.,#2348);
#1256=FACE_OUTER_BOUND('',#2349,.T.);
#1257=PLANE('',#2350);
#1258=SURFACE_STYLE_USAGE(.BOTH.,#2351);
#1259=FACE_OUTER_BOUND('',#2352,.T.);
#1260=PLANE('',#2353);
#1261=SURFACE_STYLE_USAGE(.BOTH.,#2354);
#1262=FACE_OUTER_BOUND('',#2355,.T.);
#1263=PLANE('',#2356);
#1264=SURFACE_STYLE_USAGE(.BOTH.,#2357);
#1265=FACE_OUTER_BOUND('',#2358,.T.);
#1266=PLANE('',#2359);
#1267=SURFACE_STYLE_USAGE(.BOTH.,#2360);
#1268=FACE_OUTER_BOUND('',#2361,.T.);
#1269=PLANE('',#2362);
#1270=SURFACE_STYLE_USAGE(.BOTH.,#2363);
#1271=FACE_OUTER_BOUND('',#2364,.T.);
#1272=PLANE('',#2365);
#1273=SURFACE_STYLE_USAGE(.BOTH.,#2366);
#1274=FACE_OUTER_BOUND('',#2367,.T.);
#1275=PLANE('',#2368);
#1276=SURFACE_STYLE_USAGE(.BOTH.,#2369);
#1277=FACE_OUTER_BOUND('',#2370,.T.);
#1278=PLANE('',#2371);
#1279=SURFACE_STYLE_USAGE(.BOTH.,#2372);
#1280=FACE_OUTER_BOUND('',#2373,.T.);
#1281=PLANE('',#2374);
#1282=SURFACE_STYLE_USAGE(.BOTH.,#2375);
#1283=FACE_OUTER_BOUND('',#2376,.T.);
#1284=PLANE('',#2377);
#1285=SURFACE_STYLE_USAGE(.BOTH.,#2378);
#1286=FACE_OUTER_BOUND('',#2379,.T.);
#1287=PLANE('',#2380);
#1288=SURFACE_STYLE_USAGE(.BOTH.,#2381);
#1289=FACE_OUTER_BOUND('',#2382,.T.);
#1290=PLANE('',#2383);
#1291=SURFACE_STYLE_USAGE(.BOTH.,#2384);
#1292=FACE_OUTER_BOUND('',#2385,.T.);
#1293=PLANE('',#2386);
#1294=SURFACE_STYLE_USAGE(.BOTH.,#2387);
#1295=FACE_OUTER_BOUND('',#2388,.T.);
#1296=PLANE('',#2389);
#1297=SURFACE_STYLE_USAGE(.BOTH.,#2390);
#1298=FACE_OUTER_BOUND('',#2391,.T.);
#1299=CYLINDRICAL_SURFACE('',#2392,0.749999999999994);
#1300=SURFACE_STYLE_USAGE(.BOTH.,#2393);
#1301=FACE_OUTER_BOUND('',#2394,.T.);
#1302=PLANE('',#2395);
#1303=SURFACE_STYLE_USAGE(.BOTH.,#2396);
#1304=FACE_OUTER_BOUND('',#2397,.T.);
#1305=CYLINDRICAL_SURFACE('',#2398,0.499999999999999);
#1306=SURFACE_STYLE_USAGE(.BOTH.,#2399);
#1307=FACE_OUTER_BOUND('',#2400,.T.);
#1308=PLANE('',#2401);
#1309=SURFACE_STYLE_USAGE(.BOTH.,#2402);
#1310=FACE_BOUND('',#2403,.T.);
#1311=FACE_BOUND('',#2404,.T.);
#1312=FACE_OUTER_BOUND('',#2405,.T.);
#1313=FACE_BOUND('',#2406,.T.);
#1314=FACE_BOUND('',#2407,.T.);
#1315=PLANE('',#2408);
#1316=SURFACE_STYLE_USAGE(.BOTH.,#2409);
#1317=FACE_OUTER_BOUND('',#2410,.T.);
#1318=PLANE('',#2411);
#1319=SURFACE_STYLE_USAGE(.BOTH.,#2412);
#1320=FACE_OUTER_BOUND('',#2413,.T.);
#1321=PLANE('',#2414);
#1322=SURFACE_STYLE_USAGE(.BOTH.,#2415);
#1323=FACE_OUTER_BOUND('',#2416,.T.);
#1324=PLANE('',#2417);
#1325=SURFACE_STYLE_USAGE(.BOTH.,#2418);
#1326=FACE_OUTER_BOUND('',#2419,.T.);
#1327=PLANE('',#2420);
#1328=SURFACE_STYLE_USAGE(.BOTH.,#2421);
#1329=FACE_OUTER_BOUND('',#2422,.T.);
#1330=CYLINDRICAL_SURFACE('',#2423,0.749999999999994);
#1331=SURFACE_STYLE_USAGE(.BOTH.,#2424);
#1332=FACE_OUTER_BOUND('',#2425,.T.);
#1333=PLANE('',#2426);
#1334=SURFACE_STYLE_USAGE(.BOTH.,#2427);
#1335=FACE_OUTER_BOUND('',#2428,.T.);
#1336=CYLINDRICAL_SURFACE('',#2429,0.499999999999999);
#1337=SURFACE_STYLE_USAGE(.BOTH.,#2430);
#1338=FACE_OUTER_BOUND('',#2431,.T.);
#1339=PLANE('',#2432);
#1340=SURFACE_STYLE_USAGE(.BOTH.,#2433);
#1341=FACE_OUTER_BOUND('',#2434,.T.);
#1342=PLANE('',#2435);
#1343=SURFACE_STYLE_USAGE(.BOTH.,#2436);
#1344=FACE_OUTER_BOUND('',#2437,.T.);
#1345=PLANE('',#2438);
#1346=SURFACE_STYLE_USAGE(.BOTH.,#2439);
#1347=FACE_OUTER_BOUND('',#2440,.T.);
#1348=PLANE('',#2441);
#1349=SURFACE_STYLE_USAGE(.BOTH.,#2442);
#1350=FACE_OUTER_BOUND('',#2443,.T.);
#1351=PLANE('',#2444);
#1352=SURFACE_STYLE_USAGE(.BOTH.,#2445);
#1353=FACE_OUTER_BOUND('',#2446,.T.);
#1354=CYLINDRICAL_SURFACE('',#2447,0.749999999999994);
#1355=SURFACE_STYLE_USAGE(.BOTH.,#2448);
#1356=FACE_OUTER_BOUND('',#2449,.T.);
#1357=PLANE('',#2450);
#1358=SURFACE_STYLE_USAGE(.BOTH.,#2451);
#1359=FACE_OUTER_BOUND('',#2452,.T.);
#1360=CYLINDRICAL_SURFACE('',#2453,0.499999999999999);
#1361=SURFACE_STYLE_USAGE(.BOTH.,#2454);
#1362=FACE_OUTER_BOUND('',#2455,.T.);
#1363=PLANE('',#2456);
#1364=SURFACE_STYLE_USAGE(.BOTH.,#2457);
#1365=FACE_BOUND('',#2458,.T.);
#1366=FACE_BOUND('',#2459,.T.);
#1367=FACE_OUTER_BOUND('',#2460,.T.);
#1368=FACE_BOUND('',#2461,.T.);
#1369=FACE_BOUND('',#2462,.T.);
#1370=PLANE('',#2463);
#1371=SURFACE_STYLE_USAGE(.BOTH.,#2464);
#1372=FACE_OUTER_BOUND('',#2465,.T.);
#1373=PLANE('',#2466);
#1374=SURFACE_STYLE_USAGE(.BOTH.,#2467);
#1375=FACE_OUTER_BOUND('',#2468,.T.);
#1376=PLANE('',#2469);
#1377=SURFACE_STYLE_USAGE(.BOTH.,#2470);
#1378=FACE_OUTER_BOUND('',#2471,.T.);
#1379=PLANE('',#2472);
#1380=SURFACE_STYLE_USAGE(.BOTH.,#2473);
#1381=FACE_OUTER_BOUND('',#2474,.T.);
#1382=PLANE('',#2475);
#1383=SURFACE_STYLE_USAGE(.BOTH.,#2476);
#1384=FACE_OUTER_BOUND('',#2477,.T.);
#1385=CYLINDRICAL_SURFACE('',#2478,0.749999999999994);
#1386=SURFACE_STYLE_USAGE(.BOTH.,#2479);
#1387=FACE_OUTER_BOUND('',#2480,.T.);
#1388=PLANE('',#2481);
#1389=SURFACE_STYLE_USAGE(.BOTH.,#2482);
#1390=FACE_OUTER_BOUND('',#2483,.T.);
#1391=CYLINDRICAL_SURFACE('',#2484,0.499999999999999);
#1392=SURFACE_STYLE_USAGE(.BOTH.,#2485);
#1393=FACE_OUTER_BOUND('',#2486,.T.);
#1394=PLANE('',#2487);
#1395=SURFACE_STYLE_USAGE(.BOTH.,#2488);
#1396=FACE_OUTER_BOUND('',#2489,.T.);
#1397=PLANE('',#2490);
#1398=SURFACE_STYLE_USAGE(.BOTH.,#2491);
#1399=FACE_OUTER_BOUND('',#2492,.T.);
#1400=PLANE('',#2493);
#1401=SURFACE_STYLE_USAGE(.BOTH.,#2494);
#1402=FACE_OUTER_BOUND('',#2495,.T.);
#1403=PLANE('',#2496);
#1404=SURFACE_STYLE_USAGE(.BOTH.,#2497);
#1405=FACE_OUTER_BOUND('',#2498,.T.);
#1406=PLANE('',#2499);
#1407=SURFACE_STYLE_USAGE(.BOTH.,#2500);
#1408=FACE_OUTER_BOUND('',#2501,.T.);
#1409=PLANE('',#2502);
#1410=SURFACE_STYLE_USAGE(.BOTH.,#2503);
#1411=FACE_OUTER_BOUND('',#2504,.T.);
#1412=PLANE('',#2505);
#1413=SURFACE_STYLE_USAGE(.BOTH.,#2506);
#1414=FACE_OUTER_BOUND('',#2507,.T.);
#1415=PLANE('',#2508);
#1416=SURFACE_STYLE_USAGE(.BOTH.,#2509);
#1417=FACE_OUTER_BOUND('',#2510,.T.);
#1418=PLANE('',#2511);
#1419=SURFACE_STYLE_USAGE(.BOTH.,#2512);
#1420=FACE_OUTER_BOUND('',#2513,.T.);
#1421=PLANE('',#2514);
#1422=SURFACE_STYLE_USAGE(.BOTH.,#2515);
#1423=FACE_OUTER_BOUND('',#2516,.T.);
#1424=PLANE('',#2517);
#1425=SURFACE_STYLE_USAGE(.BOTH.,#2518);
#1426=FACE_OUTER_BOUND('',#2519,.T.);
#1427=PLANE('',#2520);
#1428=SURFACE_STYLE_USAGE(.BOTH.,#2521);
#1429=FACE_OUTER_BOUND('',#2522,.T.);
#1430=PLANE('',#2523);
#1431=SURFACE_STYLE_USAGE(.BOTH.,#2524);
#1432=FACE_OUTER_BOUND('',#2525,.T.);
#1433=PLANE('',#2526);
#1434=SURFACE_STYLE_USAGE(.BOTH.,#2527);
#1435=FACE_OUTER_BOUND('',#2528,.T.);
#1436=PLANE('',#2529);
#1437=SURFACE_STYLE_USAGE(.BOTH.,#2530);
#1438=FACE_OUTER_BOUND('',#2531,.T.);
#1439=PLANE('',#2532);
#1440=SURFACE_STYLE_USAGE(.BOTH.,#2533);
#1441=FACE_OUTER_BOUND('',#2534,.T.);
#1442=PLANE('',#2535);
#1443=SURFACE_STYLE_USAGE(.BOTH.,#2536);
#1444=FACE_OUTER_BOUND('',#2537,.T.);
#1445=PLANE('',#2538);
#1446=SURFACE_STYLE_USAGE(.BOTH.,#2539);
#1447=FACE_BOUND('',#2540,.T.);
#1448=FACE_OUTER_BOUND('',#2541,.T.);
#1449=PLANE('',#2542);
#1450=SURFACE_STYLE_USAGE(.BOTH.,#2543);
#1451=FACE_OUTER_BOUND('',#2544,.T.);
#1452=PLANE('',#2545);
#1453=SURFACE_STYLE_USAGE(.BOTH.,#2546);
#1454=FACE_OUTER_BOUND('',#2547,.T.);
#1455=PLANE('',#2548);
#1456=SURFACE_STYLE_USAGE(.BOTH.,#2549);
#1457=FACE_OUTER_BOUND('',#2550,.T.);
#1458=PLANE('',#2551);
#1459=SURFACE_STYLE_USAGE(.BOTH.,#2552);
#1460=FACE_OUTER_BOUND('',#2553,.T.);
#1461=PLANE('',#2554);
#1462=SURFACE_STYLE_USAGE(.BOTH.,#2555);
#1463=FACE_OUTER_BOUND('',#2556,.T.);
#1464=PLANE('',#2557);
#1465=SURFACE_STYLE_USAGE(.BOTH.,#2558);
#1466=FACE_OUTER_BOUND('',#2559,.T.);
#1467=PLANE('',#2560);
#1468=SURFACE_STYLE_USAGE(.BOTH.,#2561);
#1469=FACE_OUTER_BOUND('',#2562,.T.);
#1470=PLANE('',#2563);
#1471=SURFACE_STYLE_USAGE(.BOTH.,#2564);
#1472=FACE_OUTER_BOUND('',#2565,.T.);
#1473=PLANE('',#2566);
#1474=SURFACE_STYLE_USAGE(.BOTH.,#2567);
#1475=FACE_OUTER_BOUND('',#2568,.T.);
#1476=PLANE('',#2569);
#1477=SURFACE_STYLE_USAGE(.BOTH.,#2570);
#1478=FACE_OUTER_BOUND('',#2571,.T.);
#1479=PLANE('',#2572);
#1480=SURFACE_STYLE_USAGE(.BOTH.,#2573);
#1481=FACE_OUTER_BOUND('',#2574,.T.);
#1482=PLANE('',#2575);
#1483=SURFACE_STYLE_USAGE(.BOTH.,#2576);
#1484=FACE_OUTER_BOUND('',#2577,.T.);
#1485=PLANE('',#2578);
#1486=SURFACE_STYLE_USAGE(.BOTH.,#2579);
#1487=FACE_OUTER_BOUND('',#2580,.T.);
#1488=PLANE('',#2581);
#1489=SURFACE_STYLE_USAGE(.BOTH.,#2582);
#1490=FACE_OUTER_BOUND('',#2583,.T.);
#1491=PLANE('',#2584);
#1492=SURFACE_STYLE_USAGE(.BOTH.,#2585);
#1493=FACE_OUTER_BOUND('',#2586,.T.);
#1494=PLANE('',#2587);
#1495=SURFACE_STYLE_USAGE(.BOTH.,#2588);
#1496=FACE_OUTER_BOUND('',#2589,.T.);
#1497=PLANE('',#2590);
#1498=SURFACE_STYLE_USAGE(.BOTH.,#2591);
#1499=FACE_OUTER_BOUND('',#2592,.T.);
#1500=PLANE('',#2593);
#1501=SURFACE_STYLE_USAGE(.BOTH.,#2594);
#1502=FACE_OUTER_BOUND('',#2595,.T.);
#1503=PLANE('',#2596);
#1504=SURFACE_STYLE_USAGE(.BOTH.,#2597);
#1505=FACE_OUTER_BOUND('',#2598,.T.);
#1506=PLANE('',#2599);
#1507=SURFACE_STYLE_USAGE(.BOTH.,#2600);
#1508=FACE_OUTER_BOUND('',#2601,.T.);
#1509=PLANE('',#2602);
#1510=SURFACE_STYLE_USAGE(.BOTH.,#2603);
#1511=FACE_OUTER_BOUND('',#2604,.T.);
#1512=PLANE('',#2605);
#1513=SURFACE_STYLE_USAGE(.BOTH.,#2606);
#1514=FACE_OUTER_BOUND('',#2607,.T.);
#1515=PLANE('',#2608);
#1516=SURFACE_STYLE_USAGE(.BOTH.,#2609);
#1517=FACE_OUTER_BOUND('',#2610,.T.);
#1518=PLANE('',#2611);
#1519=SURFACE_STYLE_USAGE(.BOTH.,#2612);
#1520=FACE_OUTER_BOUND('',#2613,.T.);
#1521=PLANE('',#2614);
#1522=SURFACE_STYLE_USAGE(.BOTH.,#2615);
#1523=FACE_OUTER_BOUND('',#2616,.T.);
#1524=PLANE('',#2617);
#1525=SURFACE_STYLE_USAGE(.BOTH.,#2618);
#1526=FACE_OUTER_BOUND('',#2619,.T.);
#1527=PLANE('',#2620);
#1528=SURFACE_STYLE_USAGE(.BOTH.,#2621);
#1529=FACE_OUTER_BOUND('',#2622,.T.);
#1530=PLANE('',#2623);
#1531=SURFACE_STYLE_USAGE(.BOTH.,#2624);
#1532=FACE_OUTER_BOUND('',#2625,.T.);
#1533=PLANE('',#2626);
#1534=SURFACE_STYLE_USAGE(.BOTH.,#2627);
#1535=FACE_OUTER_BOUND('',#2628,.T.);
#1536=PLANE('',#2629);
#1537=SURFACE_STYLE_USAGE(.BOTH.,#2630);
#1538=FACE_OUTER_BOUND('',#2631,.T.);
#1539=PLANE('',#2632);
#1540=SURFACE_STYLE_USAGE(.BOTH.,#2633);
#1541=FACE_OUTER_BOUND('',#2634,.T.);
#1542=PLANE('',#2635);
#1543=SURFACE_STYLE_USAGE(.BOTH.,#2636);
#1544=FACE_OUTER_BOUND('',#2637,.T.);
#1545=PLANE('',#2638);
#1546=SURFACE_STYLE_USAGE(.BOTH.,#2639);
#1547=FACE_OUTER_BOUND('',#2640,.T.);
#1548=PLANE('',#2641);
#1549=SURFACE_STYLE_USAGE(.BOTH.,#2642);
#1550=FACE_OUTER_BOUND('',#2643,.T.);
#1551=PLANE('',#2644);
#1552=SURFACE_STYLE_USAGE(.BOTH.,#2645);
#1553=FACE_OUTER_BOUND('',#2646,.T.);
#1554=PLANE('',#2647);
#1555=SURFACE_STYLE_USAGE(.BOTH.,#2648);
#1556=FACE_OUTER_BOUND('',#2649,.T.);
#1557=PLANE('',#2650);
#1558=SURFACE_STYLE_USAGE(.BOTH.,#2651);
#1559=FACE_OUTER_BOUND('',#2652,.T.);
#1560=PLANE('',#2653);
#1561=SURFACE_STYLE_USAGE(.BOTH.,#2654);
#1562=FACE_OUTER_BOUND('',#2655,.T.);
#1563=PLANE('',#2656);
#1564=SURFACE_STYLE_USAGE(.BOTH.,#2657);
#1565=FACE_OUTER_BOUND('',#2658,.T.);
#1566=PLANE('',#2659);
#1567=SURFACE_STYLE_USAGE(.BOTH.,#2660);
#1568=FACE_OUTER_BOUND('',#2661,.T.);
#1569=PLANE('',#2662);
#1570=SURFACE_STYLE_USAGE(.BOTH.,#2663);
#1571=FACE_OUTER_BOUND('',#2664,.T.);
#1572=PLANE('',#2665);
#1573=SURFACE_STYLE_USAGE(.BOTH.,#2666);
#1574=FACE_OUTER_BOUND('',#2667,.T.);
#1575=PLANE('',#2668);
#1576=SURFACE_STYLE_USAGE(.BOTH.,#2669);
#1577=FACE_OUTER_BOUND('',#2670,.T.);
#1578=PLANE('',#2671);
#1579=SURFACE_STYLE_USAGE(.BOTH.,#2672);
#1580=FACE_OUTER_BOUND('',#2673,.T.);
#1581=PLANE('',#2674);
#1582=SURFACE_STYLE_USAGE(.BOTH.,#2675);
#1583=FACE_OUTER_BOUND('',#2676,.T.);
#1584=PLANE('',#2677);
#1585=SURFACE_STYLE_USAGE(.BOTH.,#2678);
#1586=FACE_OUTER_BOUND('',#2679,.T.);
#1587=PLANE('',#2680);
#1588=SURFACE_STYLE_USAGE(.BOTH.,#2681);
#1589=FACE_OUTER_BOUND('',#2682,.T.);
#1590=PLANE('',#2683);
#1591=SURFACE_STYLE_USAGE(.BOTH.,#2684);
#1592=FACE_OUTER_BOUND('',#2685,.T.);
#1593=PLANE('',#2686);
#1594=SURFACE_STYLE_USAGE(.BOTH.,#2687);
#1595=FACE_OUTER_BOUND('',#2688,.T.);
#1596=CYLINDRICAL_SURFACE('',#2689,0.6);
#1597=SURFACE_STYLE_USAGE(.BOTH.,#2690);
#1598=FACE_OUTER_BOUND('',#2691,.T.);
#1599=PLANE('',#2692);
#1600=SURFACE_STYLE_USAGE(.BOTH.,#2693);
#1601=FACE_OUTER_BOUND('',#2694,.T.);
#1602=PLANE('',#2695);
#1603=SURFACE_STYLE_USAGE(.BOTH.,#2696);
#1604=FACE_OUTER_BOUND('',#2697,.T.);
#1605=PLANE('',#2698);
#1606=SURFACE_STYLE_USAGE(.BOTH.,#2699);
#1607=FACE_OUTER_BOUND('',#2700,.T.);
#1608=PLANE('',#2701);
#1609=SURFACE_STYLE_USAGE(.BOTH.,#2702);
#1610=FACE_OUTER_BOUND('',#2703,.T.);
#1611=CYLINDRICAL_SURFACE('',#2704,0.6);
#1612=SURFACE_STYLE_USAGE(.BOTH.,#2705);
#1613=FACE_OUTER_BOUND('',#2706,.T.);
#1614=PLANE('',#2707);
#1615=SURFACE_STYLE_USAGE(.BOTH.,#2708);
#1616=FACE_OUTER_BOUND('',#2709,.T.);
#1617=PLANE('',#2710);
#1618=SURFACE_STYLE_USAGE(.BOTH.,#2711);
#1619=FACE_OUTER_BOUND('',#2712,.T.);
#1620=PLANE('',#2713);
#1621=SURFACE_STYLE_USAGE(.BOTH.,#2714);
#1622=FACE_OUTER_BOUND('',#2715,.T.);
#1623=PLANE('',#2716);
#1624=SURFACE_STYLE_USAGE(.BOTH.,#2717);
#1625=FACE_OUTER_BOUND('',#2718,.T.);
#1626=CYLINDRICAL_SURFACE('',#2719,0.6);
#1627=SURFACE_STYLE_USAGE(.BOTH.,#2720);
#1628=FACE_OUTER_BOUND('',#2721,.T.);
#1629=PLANE('',#2722);
#1630=SURFACE_STYLE_USAGE(.BOTH.,#2723);
#1631=FACE_OUTER_BOUND('',#2724,.T.);
#1632=PLANE('',#2725);
#1633=SURFACE_STYLE_USAGE(.BOTH.,#2726);
#1634=FACE_OUTER_BOUND('',#2727,.T.);
#1635=PLANE('',#2728);
#1636=SURFACE_STYLE_USAGE(.BOTH.,#2729);
#1637=FACE_OUTER_BOUND('',#2730,.T.);
#1638=PLANE('',#2731);
#1639=SURFACE_STYLE_USAGE(.BOTH.,#2732);
#1640=FACE_OUTER_BOUND('',#2733,.T.);
#1641=CYLINDRICAL_SURFACE('',#2734,0.150000000000001);
#1642=SURFACE_STYLE_USAGE(.BOTH.,#2735);
#1643=FACE_OUTER_BOUND('',#2736,.T.);
#1644=PLANE('',#2737);
#1645=SURFACE_STYLE_USAGE(.BOTH.,#2738);
#1646=FACE_OUTER_BOUND('',#2739,.T.);
#1647=CYLINDRICAL_SURFACE('',#2740,0.500000000000001);
#1648=SURFACE_STYLE_USAGE(.BOTH.,#2741);
#1649=FACE_OUTER_BOUND('',#2742,.T.);
#1650=PLANE('',#2743);
#1651=SURFACE_STYLE_USAGE(.BOTH.,#2744);
#1652=FACE_OUTER_BOUND('',#2745,.T.);
#1653=CYLINDRICAL_SURFACE('',#2746,0.5);
#1654=SURFACE_STYLE_USAGE(.BOTH.,#2747);
#1655=FACE_OUTER_BOUND('',#2748,.T.);
#1656=PLANE('',#2749);
#1657=SURFACE_STYLE_USAGE(.BOTH.,#2750);
#1658=FACE_OUTER_BOUND('',#2751,.T.);
#1659=PLANE('',#2752);
#1660=SURFACE_STYLE_USAGE(.BOTH.,#2753);
#1661=FACE_OUTER_BOUND('',#2754,.T.);
#1662=PLANE('',#2755);
#1663=SURFACE_STYLE_USAGE(.BOTH.,#2756);
#1664=FACE_OUTER_BOUND('',#2757,.T.);
#1665=PLANE('',#2758);
#1666=SURFACE_STYLE_USAGE(.BOTH.,#2759);
#1667=FACE_OUTER_BOUND('',#2760,.T.);
#1668=PLANE('',#2761);
#1669=SURFACE_STYLE_USAGE(.BOTH.,#2762);
#1670=FACE_OUTER_BOUND('',#2763,.T.);
#1671=PLANE('',#2764);
#1672=SURFACE_STYLE_USAGE(.BOTH.,#2765);
#1673=FACE_OUTER_BOUND('',#2766,.T.);
#1674=PLANE('',#2767);
#1675=SURFACE_STYLE_USAGE(.BOTH.,#2768);
#1676=FACE_OUTER_BOUND('',#2769,.T.);
#1677=PLANE('',#2770);
#1678=SURFACE_STYLE_USAGE(.BOTH.,#2771);
#1679=FACE_OUTER_BOUND('',#2772,.T.);
#1680=PLANE('',#2773);
#1681=SURFACE_STYLE_USAGE(.BOTH.,#2774);
#1682=FACE_OUTER_BOUND('',#2775,.T.);
#1683=PLANE('',#2776);
#1684=SURFACE_STYLE_USAGE(.BOTH.,#2777);
#1685=FACE_OUTER_BOUND('',#2778,.T.);
#1686=PLANE('',#2779);
#1687=SURFACE_STYLE_USAGE(.BOTH.,#2780);
#1688=FACE_OUTER_BOUND('',#2781,.T.);
#1689=PLANE('',#2782);
#1690=SURFACE_STYLE_USAGE(.BOTH.,#2783);
#1691=FACE_OUTER_BOUND('',#2784,.T.);
#1692=PLANE('',#2785);
#1693=SURFACE_STYLE_USAGE(.BOTH.,#2786);
#1694=FACE_OUTER_BOUND('',#2787,.T.);
#1695=CYLINDRICAL_SURFACE('',#2788,0.25);
#1696=SURFACE_STYLE_USAGE(.BOTH.,#2789);
#1697=FACE_OUTER_BOUND('',#2790,.T.);
#1698=PLANE('',#2791);
#1699=SURFACE_STYLE_USAGE(.BOTH.,#2792);
#1700=FACE_OUTER_BOUND('',#2793,.T.);
#1701=PLANE('',#2794);
#1702=SURFACE_STYLE_USAGE(.BOTH.,#2795);
#1703=FACE_OUTER_BOUND('',#2796,.T.);
#1704=PLANE('',#2797);
#1705=SURFACE_STYLE_USAGE(.BOTH.,#2798);
#1706=FACE_OUTER_BOUND('',#2799,.T.);
#1707=PLANE('',#2800);
#1708=SURFACE_STYLE_USAGE(.BOTH.,#2801);
#1709=FACE_OUTER_BOUND('',#2802,.T.);
#1710=PLANE('',#2803);
#1711=SURFACE_STYLE_USAGE(.BOTH.,#2804);
#1712=FACE_OUTER_BOUND('',#2805,.T.);
#1713=PLANE('',#2806);
#1714=SURFACE_STYLE_USAGE(.BOTH.,#2807);
#1715=FACE_OUTER_BOUND('',#2808,.T.);
#1716=CYLINDRICAL_SURFACE('',#2809,0.500000000000002);
#1717=SURFACE_STYLE_USAGE(.BOTH.,#2810);
#1718=FACE_OUTER_BOUND('',#2811,.T.);
#1719=PLANE('',#2812);
#1720=SURFACE_STYLE_USAGE(.BOTH.,#2813);
#1721=FACE_OUTER_BOUND('',#2814,.T.);
#1722=PLANE('',#2815);
#1723=SURFACE_STYLE_USAGE(.BOTH.,#2816);
#1724=FACE_OUTER_BOUND('',#2817,.T.);
#1725=PLANE('',#2818);
#1726=SURFACE_STYLE_USAGE(.BOTH.,#2819);
#1727=FACE_OUTER_BOUND('',#2820,.T.);
#1728=PLANE('',#2821);
#1729=SURFACE_STYLE_USAGE(.BOTH.,#2822);
#1730=FACE_OUTER_BOUND('',#2823,.T.);
#1731=PLANE('',#2824);
#1732=SURFACE_STYLE_USAGE(.BOTH.,#2825);
#1733=FACE_OUTER_BOUND('',#2826,.T.);
#1734=PLANE('',#2827);
#1735=SURFACE_STYLE_USAGE(.BOTH.,#2828);
#1736=FACE_OUTER_BOUND('',#2829,.T.);
#1737=PLANE('',#2830);
#1738=SURFACE_STYLE_USAGE(.BOTH.,#2831);
#1739=FACE_OUTER_BOUND('',#2832,.T.);
#1740=PLANE('',#2833);
#1741=SURFACE_STYLE_USAGE(.BOTH.,#2834);
#1742=FACE_OUTER_BOUND('',#2835,.T.);
#1743=PLANE('',#2836);
#1744=SURFACE_STYLE_USAGE(.BOTH.,#2837);
#1745=FACE_OUTER_BOUND('',#2838,.T.);
#1746=PLANE('',#2839);
#1747=SURFACE_STYLE_USAGE(.BOTH.,#2840);
#1748=FACE_OUTER_BOUND('',#2841,.T.);
#1749=PLANE('',#2842);
#1750=SURFACE_STYLE_USAGE(.BOTH.,#2843);
#1751=FACE_OUTER_BOUND('',#2844,.T.);
#1752=PLANE('',#2845);
#1753=SURFACE_STYLE_USAGE(.BOTH.,#2846);
#1754=FACE_OUTER_BOUND('',#2847,.T.);
#1755=PLANE('',#2848);
#1756=SURFACE_STYLE_USAGE(.BOTH.,#2849);
#1757=FACE_OUTER_BOUND('',#2850,.T.);
#1758=PLANE('',#2851);
#1759=SURFACE_STYLE_USAGE(.BOTH.,#2852);
#1760=FACE_OUTER_BOUND('',#2853,.T.);
#1761=PLANE('',#2854);
#1762=SURFACE_STYLE_USAGE(.BOTH.,#2855);
#1763=FACE_OUTER_BOUND('',#2856,.T.);
#1764=PLANE('',#2857);
#1765=SURFACE_STYLE_USAGE(.BOTH.,#2858);
#1766=FACE_OUTER_BOUND('',#2859,.T.);
#1767=PLANE('',#2860);
#1768=SURFACE_STYLE_USAGE(.BOTH.,#2861);
#1769=FACE_OUTER_BOUND('',#2862,.T.);
#1770=PLANE('',#2863);
#1771=SURFACE_STYLE_USAGE(.BOTH.,#2864);
#1772=FACE_OUTER_BOUND('',#2865,.T.);
#1773=CYLINDRICAL_SURFACE('',#2866,0.5);
#1774=SURFACE_STYLE_USAGE(.BOTH.,#2867);
#1775=FACE_OUTER_BOUND('',#2868,.T.);
#1776=PLANE('',#2869);
#1777=SURFACE_STYLE_USAGE(.BOTH.,#2870);
#1778=FACE_OUTER_BOUND('',#2871,.T.);
#1779=CYLINDRICAL_SURFACE('',#2872,0.5);
#1780=SURFACE_STYLE_USAGE(.BOTH.,#2873);
#1781=FACE_OUTER_BOUND('',#2874,.T.);
#1782=PLANE('',#2875);
#1783=SURFACE_STYLE_USAGE(.BOTH.,#2876);
#1784=FACE_OUTER_BOUND('',#2877,.T.);
#1785=CYLINDRICAL_SURFACE('',#2878,0.601615786536412);
#1786=SURFACE_STYLE_USAGE(.BOTH.,#2879);
#1787=FACE_OUTER_BOUND('',#2880,.T.);
#1788=PLANE('',#2881);
#1789=SURFACE_STYLE_USAGE(.BOTH.,#2882);
#1790=FACE_OUTER_BOUND('',#2883,.T.);
#1791=PLANE('',#2884);
#1792=SURFACE_STYLE_USAGE(.BOTH.,#2885);
#1793=FACE_OUTER_BOUND('',#2886,.T.);
#1794=CYLINDRICAL_SURFACE('',#2887,1.99999999999997);
#1795=SURFACE_STYLE_USAGE(.BOTH.,#2888);
#1796=FACE_OUTER_BOUND('',#2889,.T.);
#1797=CYLINDRICAL_SURFACE('',#2890,1.87005183227128);
#1798=SURFACE_STYLE_USAGE(.BOTH.,#2891);
#1799=FACE_OUTER_BOUND('',#2892,.T.);
#1800=PLANE('',#2893);
#1801=SURFACE_STYLE_USAGE(.BOTH.,#2894);
#1802=FACE_OUTER_BOUND('',#2895,.T.);
#1803=CYLINDRICAL_SURFACE('',#2896,0.898542404277256);
#1804=SURFACE_STYLE_USAGE(.BOTH.,#2897);
#1805=FACE_OUTER_BOUND('',#2898,.T.);
#1806=PLANE('',#2899);
#1807=SURFACE_STYLE_USAGE(.BOTH.,#2900);
#1808=FACE_OUTER_BOUND('',#2901,.T.);
#1809=CYLINDRICAL_SURFACE('',#2902,1.90728281724946);
#1810=SURFACE_STYLE_USAGE(.BOTH.,#2903);
#1811=FACE_OUTER_BOUND('',#2904,.T.);
#1812=CYLINDRICAL_SURFACE('',#2905,1.80437554621447);
#1813=SURFACE_STYLE_USAGE(.BOTH.,#2906);
#1814=FACE_OUTER_BOUND('',#2907,.T.);
#1815=PLANE('',#2908);
#1816=SURFACE_STYLE_USAGE(.BOTH.,#2909);
#1817=FACE_OUTER_BOUND('',#2910,.T.);
#1818=PLANE('',#2911);
#1819=SURFACE_STYLE_USAGE(.BOTH.,#2912);
#1820=FACE_OUTER_BOUND('',#2913,.T.);
#1821=PLANE('',#2914);
#1822=SURFACE_STYLE_USAGE(.BOTH.,#2915);
#1823=FACE_OUTER_BOUND('',#2916,.T.);
#1824=PLANE('',#2917);
#1825=SURFACE_STYLE_USAGE(.BOTH.,#2918);
#1826=FACE_OUTER_BOUND('',#2919,.T.);
#1827=PLANE('',#2920);
#1828=SURFACE_STYLE_USAGE(.BOTH.,#2921);
#1829=FACE_OUTER_BOUND('',#2922,.T.);
#1830=CYLINDRICAL_SURFACE('',#2923,0.5);
#1831=SURFACE_STYLE_USAGE(.BOTH.,#2924);
#1832=FACE_OUTER_BOUND('',#2925,.T.);
#1833=PLANE('',#2926);
#1834=SURFACE_STYLE_USAGE(.BOTH.,#2927);
#1835=FACE_OUTER_BOUND('',#2928,.T.);
#1836=CYLINDRICAL_SURFACE('',#2929,0.5);
#1837=SURFACE_STYLE_USAGE(.BOTH.,#2930);
#1838=FACE_OUTER_BOUND('',#2931,.T.);
#1839=PLANE('',#2932);
#1840=SURFACE_STYLE_USAGE(.BOTH.,#2933);
#1841=FACE_OUTER_BOUND('',#2934,.T.);
#1842=CYLINDRICAL_SURFACE('',#2935,0.601615786536412);
#1843=SURFACE_STYLE_USAGE(.BOTH.,#2936);
#1844=FACE_OUTER_BOUND('',#2937,.T.);
#1845=PLANE('',#2938);
#1846=SURFACE_STYLE_USAGE(.BOTH.,#2939);
#1847=FACE_OUTER_BOUND('',#2940,.T.);
#1848=PLANE('',#2941);
#1849=SURFACE_STYLE_USAGE(.BOTH.,#2942);
#1850=FACE_OUTER_BOUND('',#2943,.T.);
#1851=CYLINDRICAL_SURFACE('',#2944,1.99999999999997);
#1852=SURFACE_STYLE_USAGE(.BOTH.,#2945);
#1853=FACE_OUTER_BOUND('',#2946,.T.);
#1854=CYLINDRICAL_SURFACE('',#2947,1.87005183227128);
#1855=SURFACE_STYLE_USAGE(.BOTH.,#2948);
#1856=FACE_OUTER_BOUND('',#2949,.T.);
#1857=PLANE('',#2950);
#1858=SURFACE_STYLE_USAGE(.BOTH.,#2951);
#1859=FACE_OUTER_BOUND('',#2952,.T.);
#1860=CYLINDRICAL_SURFACE('',#2953,0.898542404277256);
#1861=SURFACE_STYLE_USAGE(.BOTH.,#2954);
#1862=FACE_OUTER_BOUND('',#2955,.T.);
#1863=PLANE('',#2956);
#1864=SURFACE_STYLE_USAGE(.BOTH.,#2957);
#1865=FACE_OUTER_BOUND('',#2958,.T.);
#1866=CYLINDRICAL_SURFACE('',#2959,1.90728281724946);
#1867=SURFACE_STYLE_USAGE(.BOTH.,#2960);
#1868=FACE_OUTER_BOUND('',#2961,.T.);
#1869=CYLINDRICAL_SURFACE('',#2962,1.80437554621447);
#1870=SURFACE_STYLE_USAGE(.BOTH.,#2963);
#1871=FACE_OUTER_BOUND('',#2964,.T.);
#1872=PLANE('',#2965);
#1873=SURFACE_STYLE_USAGE(.BOTH.,#2966);
#1874=FACE_OUTER_BOUND('',#2967,.T.);
#1875=CYLINDRICAL_SURFACE('',#2968,0.5);
#1876=SURFACE_STYLE_USAGE(.BOTH.,#2969);
#1877=FACE_OUTER_BOUND('',#2970,.T.);
#1878=PLANE('',#2971);
#1879=SURFACE_STYLE_USAGE(.BOTH.,#2972);
#1880=FACE_OUTER_BOUND('',#2973,.T.);
#1881=PLANE('',#2974);
#1882=SURFACE_STYLE_USAGE(.BOTH.,#2975);
#1883=FACE_OUTER_BOUND('',#2976,.T.);
#1884=PLANE('',#2977);
#1885=SURFACE_STYLE_USAGE(.BOTH.,#2978);
#1886=FACE_OUTER_BOUND('',#2979,.T.);
#1887=PLANE('',#2980);
#1888=SURFACE_STYLE_USAGE(.BOTH.,#2981);
#1889=FACE_OUTER_BOUND('',#2982,.T.);
#1890=CYLINDRICAL_SURFACE('',#2983,0.2);
#1891=SURFACE_STYLE_USAGE(.BOTH.,#2984);
#1892=FACE_OUTER_BOUND('',#2985,.T.);
#1893=PLANE('',#2986);
#1894=SURFACE_STYLE_USAGE(.BOTH.,#2987);
#1895=FACE_OUTER_BOUND('',#2988,.T.);
#1896=PLANE('',#2989);
#1897=SURFACE_STYLE_USAGE(.BOTH.,#2990);
#1898=FACE_OUTER_BOUND('',#2991,.T.);
#1899=PLANE('',#2992);
#1900=SURFACE_STYLE_USAGE(.BOTH.,#2993);
#1901=FACE_OUTER_BOUND('',#2994,.T.);
#1902=PLANE('',#2995);
#1903=SURFACE_STYLE_USAGE(.BOTH.,#2996);
#1904=FACE_OUTER_BOUND('',#2997,.T.);
#1905=CYLINDRICAL_SURFACE('',#2998,0.5);
#1906=SURFACE_STYLE_USAGE(.BOTH.,#2999);
#1907=FACE_OUTER_BOUND('',#3000,.T.);
#1908=PLANE('',#3001);
#1909=SURFACE_STYLE_USAGE(.BOTH.,#3002);
#1910=FACE_OUTER_BOUND('',#3003,.T.);
#1911=PLANE('',#3004);
#1912=SURFACE_STYLE_USAGE(.BOTH.,#3005);
#1913=FACE_OUTER_BOUND('',#3006,.T.);
#1914=PLANE('',#3007);
#1915=SURFACE_STYLE_USAGE(.BOTH.,#3008);
#1916=FACE_OUTER_BOUND('',#3009,.T.);
#1917=PLANE('',#3010);
#1918=SURFACE_STYLE_USAGE(.BOTH.,#3011);
#1919=FACE_OUTER_BOUND('',#3012,.T.);
#1920=CYLINDRICAL_SURFACE('',#3013,0.2);
#1921=SURFACE_STYLE_USAGE(.BOTH.,#3014);
#1922=FACE_OUTER_BOUND('',#3015,.T.);
#1923=PLANE('',#3016);
#1924=SURFACE_STYLE_USAGE(.BOTH.,#3017);
#1925=FACE_OUTER_BOUND('',#3018,.T.);
#1926=PLANE('',#3019);
#1927=SURFACE_STYLE_USAGE(.BOTH.,#3020);
#1928=FACE_OUTER_BOUND('',#3021,.T.);
#1929=PLANE('',#3022);
#1930=SURFACE_STYLE_USAGE(.BOTH.,#3023);
#1931=FACE_OUTER_BOUND('',#3024,.T.);
#1932=PLANE('',#3025);
#1933=SURFACE_STYLE_USAGE(.BOTH.,#3026);
#1934=FACE_OUTER_BOUND('',#3027,.T.);
#1935=PLANE('',#3028);
#1936=SURFACE_STYLE_USAGE(.BOTH.,#3029);
#1937=FACE_OUTER_BOUND('',#3030,.T.);
#1938=PLANE('',#3031);
#1939=SURFACE_STYLE_USAGE(.BOTH.,#3032);
#1940=FACE_OUTER_BOUND('',#3033,.T.);
#1941=PLANE('',#3034);
#1942=SURFACE_STYLE_USAGE(.BOTH.,#3035);
#1943=FACE_OUTER_BOUND('',#3036,.T.);
#1944=PLANE('',#3037);
#1945=SURFACE_STYLE_USAGE(.BOTH.,#3038);
#1946=FACE_OUTER_BOUND('',#3039,.T.);
#1947=PLANE('',#3040);
#1948=SURFACE_STYLE_USAGE(.BOTH.,#3041);
#1949=FACE_OUTER_BOUND('',#3042,.T.);
#1950=PLANE('',#3043);
#1951=SURFACE_STYLE_USAGE(.BOTH.,#3044);
#1952=FACE_OUTER_BOUND('',#3045,.T.);
#1953=PLANE('',#3046);
#1954=SURFACE_STYLE_USAGE(.BOTH.,#3047);
#1955=FACE_OUTER_BOUND('',#3048,.T.);
#1956=CYLINDRICAL_SURFACE('',#3049,0.15);
#1957=SURFACE_STYLE_USAGE(.BOTH.,#3050);
#1958=FACE_OUTER_BOUND('',#3051,.T.);
#1959=PLANE('',#3052);
#1960=SURFACE_STYLE_USAGE(.BOTH.,#3053);
#1961=FACE_OUTER_BOUND('',#3054,.T.);
#1962=PLANE('',#3055);
#1963=SURFACE_STYLE_USAGE(.BOTH.,#3056);
#1964=FACE_OUTER_BOUND('',#3057,.T.);
#1965=CYLINDRICAL_SURFACE('',#3058,0.15);
#1966=SURFACE_STYLE_USAGE(.BOTH.,#3059);
#1967=FACE_OUTER_BOUND('',#3060,.T.);
#1968=PLANE('',#3061);
#1969=SURFACE_STYLE_USAGE(.BOTH.,#3062);
#1970=FACE_OUTER_BOUND('',#3063,.T.);
#1971=PLANE('',#3064);
#1972=SURFACE_STYLE_USAGE(.BOTH.,#3065);
#1973=FACE_OUTER_BOUND('',#3066,.T.);
#1974=PLANE('',#3067);
#1975=SURFACE_STYLE_USAGE(.BOTH.,#3068);
#1976=FACE_OUTER_BOUND('',#3069,.T.);
#1977=CYLINDRICAL_SURFACE('',#3070,0.15);
#1978=SURFACE_STYLE_USAGE(.BOTH.,#3071);
#1979=FACE_OUTER_BOUND('',#3072,.T.);
#1980=PLANE('',#3073);
#1981=SURFACE_STYLE_USAGE(.BOTH.,#3074);
#1982=FACE_OUTER_BOUND('',#3075,.T.);
#1983=PLANE('',#3076);
#1984=SURFACE_STYLE_USAGE(.BOTH.,#3077);
#1985=FACE_OUTER_BOUND('',#3078,.T.);
#1986=PLANE('',#3079);
#1987=SURFACE_STYLE_USAGE(.BOTH.,#3080);
#1988=FACE_OUTER_BOUND('',#3081,.T.);
#1989=PLANE('',#3082);
#1990=SURFACE_STYLE_USAGE(.BOTH.,#3083);
#1991=FACE_OUTER_BOUND('',#3084,.T.);
#1992=PLANE('',#3085);
#1993=SURFACE_STYLE_USAGE(.BOTH.,#3086);
#1994=FACE_OUTER_BOUND('',#3087,.T.);
#1995=PLANE('',#3088);
#1996=SURFACE_STYLE_USAGE(.BOTH.,#3089);
#1997=FACE_OUTER_BOUND('',#3090,.T.);
#1998=PLANE('',#3091);
#1999=SURFACE_STYLE_USAGE(.BOTH.,#3092);
#2000=FACE_OUTER_BOUND('',#3093,.T.);
#2001=PLANE('',#3094);
#2002=SURFACE_STYLE_USAGE(.BOTH.,#3095);
#2003=FACE_OUTER_BOUND('',#3096,.T.);
#2004=PLANE('',#3097);
#2005=SURFACE_STYLE_USAGE(.BOTH.,#3098);
#2006=FACE_OUTER_BOUND('',#3099,.T.);
#2007=PLANE('',#3100);
#2008=SURFACE_STYLE_USAGE(.BOTH.,#3101);
#2009=FACE_OUTER_BOUND('',#3102,.T.);
#2010=PLANE('',#3103);
#2011=SURFACE_STYLE_USAGE(.BOTH.,#3104);
#2012=FACE_OUTER_BOUND('',#3105,.T.);
#2013=PLANE('',#3106);
#2014=SURFACE_STYLE_USAGE(.BOTH.,#3107);
#2015=FACE_OUTER_BOUND('',#3108,.T.);
#2016=PLANE('',#3109);
#2017=SURFACE_STYLE_USAGE(.BOTH.,#3110);
#2018=FACE_OUTER_BOUND('',#3111,.T.);
#2019=SPHERICAL_SURFACE('',#3112,0.6);
#2020=SURFACE_STYLE_USAGE(.BOTH.,#3113);
#2021=FACE_OUTER_BOUND('',#3114,.T.);
#2022=SPHERICAL_SURFACE('',#3115,0.6);
#2023=SURFACE_STYLE_USAGE(.BOTH.,#3116);
#2024=FACE_OUTER_BOUND('',#3117,.T.);
#2025=SPHERICAL_SURFACE('',#3118,0.6);
#2026=SURFACE_STYLE_USAGE(.BOTH.,#3119);
#2027=FACE_OUTER_BOUND('',#3120,.T.);
#2028=SPHERICAL_SURFACE('',#3121,0.6);
#2029=SURFACE_STYLE_USAGE(.BOTH.,#3122);
#2030=FACE_OUTER_BOUND('',#3123,.T.);
#2031=PLANE('',#3124);
#2032=SURFACE_STYLE_USAGE(.BOTH.,#3125);
#2033=FACE_OUTER_BOUND('',#3126,.T.);
#2034=CYLINDRICAL_SURFACE('',#3127,0.5);
#2035=SURFACE_STYLE_USAGE(.BOTH.,#3128);
#2036=FACE_OUTER_BOUND('',#3129,.T.);
#2037=PLANE('',#3130);
#2038=SURFACE_STYLE_USAGE(.BOTH.,#3131);
#2039=FACE_OUTER_BOUND('',#3132,.T.);
#2040=CYLINDRICAL_SURFACE('',#3133,0.500000000000001);
#2041=SURFACE_STYLE_USAGE(.BOTH.,#3134);
#2042=FACE_OUTER_BOUND('',#3135,.T.);
#2043=PLANE('',#3136);
#2044=SURFACE_STYLE_USAGE(.BOTH.,#3137);
#2045=FACE_OUTER_BOUND('',#3138,.T.);
#2046=PLANE('',#3139);
#2047=SURFACE_STYLE_USAGE(.BOTH.,#3140);
#2048=FACE_OUTER_BOUND('',#3141,.T.);
#2049=CYLINDRICAL_SURFACE('',#3142,0.5);
#2050=SURFACE_STYLE_USAGE(.BOTH.,#3143);
#2051=FACE_OUTER_BOUND('',#3144,.T.);
#2052=PLANE('',#3145);
#2053=SURFACE_STYLE_USAGE(.BOTH.,#3146);
#2054=FACE_OUTER_BOUND('',#3147,.T.);
#2055=CYLINDRICAL_SURFACE('',#3148,0.500000000000001);
#2056=SURFACE_STYLE_USAGE(.BOTH.,#3149);
#2057=FACE_OUTER_BOUND('',#3150,.T.);
#2058=PLANE('',#3151);
#2059=SURFACE_STYLE_USAGE(.BOTH.,#3152);
#2060=FACE_OUTER_BOUND('',#3153,.T.);
#2061=PLANE('',#3154);
#2062=SURFACE_STYLE_USAGE(.BOTH.,#3155);
#2063=FACE_OUTER_BOUND('',#3156,.T.);
#2064=PLANE('',#3157);
#2065=SURFACE_STYLE_USAGE(.BOTH.,#3158);
#2066=FACE_OUTER_BOUND('',#3159,.T.);
#2067=PLANE('',#3160);
#2068=SURFACE_STYLE_USAGE(.BOTH.,#3161);
#2069=FACE_OUTER_BOUND('',#3162,.T.);
#2070=CYLINDRICAL_SURFACE('',#3163,0.65);
#2071=SURFACE_STYLE_USAGE(.BOTH.,#3164);
#2072=FACE_OUTER_BOUND('',#3165,.T.);
#2073=PLANE('',#3166);
#2074=SURFACE_STYLE_USAGE(.BOTH.,#3167);
#2075=FACE_OUTER_BOUND('',#3168,.T.);
#2076=PLANE('',#3169);
#2077=SURFACE_STYLE_USAGE(.BOTH.,#3170);
#2078=FACE_OUTER_BOUND('',#3171,.T.);
#2079=CYLINDRICAL_SURFACE('',#3172,0.500000000000001);
#2080=SURFACE_STYLE_USAGE(.BOTH.,#3173);
#2081=FACE_OUTER_BOUND('',#3174,.T.);
#2082=PLANE('',#3175);
#2083=SURFACE_STYLE_USAGE(.BOTH.,#3176);
#2084=FACE_OUTER_BOUND('',#3177,.T.);
#2085=PLANE('',#3178);
#2086=SURFACE_STYLE_USAGE(.BOTH.,#3179);
#2087=FACE_OUTER_BOUND('',#3180,.T.);
#2088=PLANE('',#3181);
#2089=SURFACE_STYLE_USAGE(.BOTH.,#3182);
#2090=FACE_OUTER_BOUND('',#3183,.T.);
#2091=CYLINDRICAL_SURFACE('',#3184,0.65);
#2092=SURFACE_STYLE_USAGE(.BOTH.,#3185);
#2093=FACE_OUTER_BOUND('',#3186,.T.);
#2094=PLANE('',#3187);
#2095=SURFACE_STYLE_USAGE(.BOTH.,#3188);
#2096=FACE_OUTER_BOUND('',#3189,.T.);
#2097=PLANE('',#3190);
#2098=SURFACE_STYLE_USAGE(.BOTH.,#3191);
#2099=FACE_OUTER_BOUND('',#3192,.T.);
#2100=PLANE('',#3193);
#2101=SURFACE_STYLE_USAGE(.BOTH.,#3194);
#2102=FACE_OUTER_BOUND('',#3195,.T.);
#2103=PLANE('',#3196);
#2104=SURFACE_STYLE_USAGE(.BOTH.,#3197);
#2105=FACE_OUTER_BOUND('',#3198,.T.);
#2106=PLANE('',#3199);
#2107=SURFACE_STYLE_USAGE(.BOTH.,#3200);
#2108=FACE_BOUND('',#3201,.T.);
#2109=FACE_OUTER_BOUND('',#3202,.T.);
#2110=PLANE('',#3203);
#2111=SURFACE_STYLE_USAGE(.BOTH.,#3204);
#2112=FACE_BOUND('',#3205,.T.);
#2113=FACE_OUTER_BOUND('',#3206,.T.);
#2114=PLANE('',#3207);
#2115=SURFACE_STYLE_USAGE(.BOTH.,#3208);
#2116=FACE_OUTER_BOUND('',#3209,.T.);
#2117=PLANE('',#3210);
#2118=SURFACE_STYLE_USAGE(.BOTH.,#3211);
#2119=FACE_OUTER_BOUND('',#3212,.T.);
#2120=PLANE('',#3213);
#2121=SURFACE_STYLE_USAGE(.BOTH.,#3214);
#2122=FACE_OUTER_BOUND('',#3215,.T.);
#2123=PLANE('',#3216);
#2124=SURFACE_STYLE_USAGE(.BOTH.,#3217);
#2125=FACE_OUTER_BOUND('',#3218,.T.);
#2126=PLANE('',#3219);
#2127=SURFACE_STYLE_USAGE(.BOTH.,#3220);
#2128=FACE_OUTER_BOUND('',#3221,.T.);
#2129=PLANE('',#3222);
#2130=SURFACE_STYLE_USAGE(.BOTH.,#3223);
#2131=FACE_OUTER_BOUND('',#3224,.T.);
#2132=PLANE('',#3225);
#2133=SURFACE_STYLE_USAGE(.BOTH.,#3226);
#2134=FACE_OUTER_BOUND('',#3227,.T.);
#2135=PLANE('',#3228);
#2136=SURFACE_STYLE_USAGE(.BOTH.,#3229);
#2137=FACE_OUTER_BOUND('',#3230,.T.);
#2138=PLANE('',#3231);
#2139=SURFACE_STYLE_USAGE(.BOTH.,#3232);
#2140=FACE_BOUND('',#3233,.T.);
#2141=FACE_BOUND('',#3234,.T.);
#2142=FACE_BOUND('',#3235,.T.);
#2143=FACE_BOUND('',#3236,.T.);
#2144=FACE_BOUND('',#3237,.T.);
#2145=FACE_OUTER_BOUND('',#3238,.T.);
#2146=PLANE('',#3239);
#2147=SURFACE_STYLE_USAGE(.BOTH.,#3240);
#2148=FACE_BOUND('',#3241,.T.);
#2149=FACE_OUTER_BOUND('',#3242,.T.);
#2150=PLANE('',#3243);
#2151=SURFACE_STYLE_USAGE(.BOTH.,#3244);
#2152=FACE_OUTER_BOUND('',#3245,.T.);
#2153=PLANE('',#3246);
#2154=SURFACE_STYLE_USAGE(.BOTH.,#3247);
#2155=FACE_BOUND('',#3248,.T.);
#2156=FACE_BOUND('',#3249,.T.);
#2157=FACE_OUTER_BOUND('',#3250,.T.);
#2158=PLANE('',#3251);
#2159=SURFACE_STYLE_USAGE(.BOTH.,#3252);
#2160=FACE_OUTER_BOUND('',#3253,.T.);
#2161=CYLINDRICAL_SURFACE('',#3254,0.25);
#2162=SURFACE_STYLE_USAGE(.BOTH.,#3255);
#2163=FACE_OUTER_BOUND('',#3256,.T.);
#2164=PLANE('',#3257);
#2165=SURFACE_STYLE_USAGE(.BOTH.,#3258);
#2166=FACE_BOUND('',#3259,.T.);
#2167=FACE_BOUND('',#3260,.T.);
#2168=FACE_BOUND('',#3261,.T.);
#2169=FACE_BOUND('',#3262,.T.);
#2170=FACE_BOUND('',#3263,.T.);
#2171=FACE_OUTER_BOUND('',#3264,.T.);
#2172=PLANE('',#3265);
#2173=PRODUCT_CONTEXT('',#359,'mechanical');
#2174=PRODUCT_DEFINITION_FORMATION_WITH_SPECIFIED_SOURCE(' ','NONE',#1070,.NOT_KNOWN.);
#2175=CLOSED_SHELL('',(#373,#375,#377,#379,#381,#383,#385,#387,#389,#391,#393,#395,#397,#399,#401,#403,#405,#407,#409,#411,#413,#415,#417,#419,#421,#423,#425,#427,#429,#431,#433,#435,#437,#439,#441,#443,#445,#447,#449,#451,#453,#455,#457,#459,#461,#463,#465,#467,#469,#471,#473,#475,#477,#479,#481,#483,#485,#487,#489,#491,#493,#495,#497,#499,#501,#503,#505,#507,#509,#511,#513,#515,#517,#519,#521,#523,#525,#527,#529,#531,#533,#535,#537,#539,#541,#543,#545,#547,#549,#551,#553,#555,#557,#559,#561,#563,#565,#567,#569,#571,#573,#575,#577,#579,#581,#583,#585,#587,#589,#591,#593,#595,#597,#599,#601,#603,#605,#607,#609,#611,#613,#615,#617,#619,#621,#623,#625,#627,#629,#631,#633,#635,#637,#639,#641,#643,#645,#647,#649,#651,#653,#655,#657,#659,#661,#663,#665,#667,#669,#671,#673,#675,#677,#679,#681,#683,#685,#687,#689,#691,#693,#695,#697,#699,#701,#703,#705,#707,#709,#711,#713,#715,#717,#719,#721,#723,#725,#727,#729,#731,#733,#735,#737,#739,#741,#743,#745,#747,#749,#751,#753,#755,#757,#759,#761,#763,#765,#767,#769,#771,#773,#775,#777,#779,#781,#783,#785,#787,#789,#791,#793,#795,#797,#799,#801,#803,#805,#807,#809,#811,#813,#815,#817,#819,#821,#823,#825,#827,#829,#831,#833,#835,#837,#839,#841,#843,#845,#847,#849,#851,#853,#855,#857,#859,#861,#863,#865,#867,#869,#871,#873,#875,#877,#879,#881,#883,#885,#887,#889,#891,#893,#895,#897,#899,#901,#903,#905,#907,#909,#911,#913,#915,#917,#919,#921,#923,#925,#927,#929,#931,#933,#935,#937,#939,#941,#943,#945,#947,#949,#951,#953,#955,#957,#959,#961,#963,#965,#967,#969,#971,#973,#975,#977,#979,#981,#983,#985,#987,#989,#991,#993,#995,#997,#999,#1001,#1003,#1005,#1007,#1009,#1011,#1013,#1015,#1017,#1019,#1021,#1023,#1025,#1027,#1029,#1031,#1033,#1035,#1037,#1039,#1041,#1043,#1045,#1047,#1049,#1051,#1053,#1055,#1057,#1059,#1061,#1063,#1065,#1067,#1069));
#2176=CARTESIAN_POINT('',(0.0,0.0,0.0));
#2177=DIRECTION('',(0.0,0.0,1.0));
#2178=DIRECTION('',(1.0,0.0,0.0));
#2179= (NAMED_UNIT(#1079)LENGTH_UNIT()SI_UNIT(.MILLI.,.METRE.));
#2180=SURFACE_SIDE_STYLE('',(#3267));
#2181=EDGE_LOOP('',(#3268,#3269,#3270,#3271));
#2182=AXIS2_PLACEMENT_3D('',#3272,#3273,#3274);
#2183=SURFACE_SIDE_STYLE('',(#3275));
#2184=EDGE_LOOP('',(#3276,#3277,#3278,#3279));
#2185=AXIS2_PLACEMENT_3D('',#3280,#3281,#3282);
#2186=SURFACE_SIDE_STYLE('',(#3283));
#2187=EDGE_LOOP('',(#3284,#3285,#3286,#3287));
#2188=AXIS2_PLACEMENT_3D('',#3288,#3289,#3290);
#2189=SURFACE_SIDE_STYLE('',(#3291));
#2190=EDGE_LOOP('',(#3292,#3293,#3294,#3295));
#2191=AXIS2_PLACEMENT_3D('',#3296,#3297,#3298);
#2192=SURFACE_SIDE_STYLE('',(#3299));
#2193=EDGE_LOOP('',(#3300,#3301));
#2194=AXIS2_PLACEMENT_3D('',#3302,#3303,#3304);
#2195=SURFACE_SIDE_STYLE('',(#3305));
#2196=EDGE_LOOP('',(#3306,#3307));
#2197=AXIS2_PLACEMENT_3D('',#3308,#3309,#3310);
#2198=SURFACE_SIDE_STYLE('',(#3311));
#2199=EDGE_LOOP('',(#3312,#3313));
#2200=AXIS2_PLACEMENT_3D('',#3314,#3315,#3316);
#2201=SURFACE_SIDE_STYLE('',(#3317));
#2202=EDGE_LOOP('',(#3318,#3319));
#2203=AXIS2_PLACEMENT_3D('',#3320,#3321,#3322);
#2204=SURFACE_SIDE_STYLE('',(#3323));
#2205=EDGE_LOOP('',(#3324,#3325,#3326,#3327,#3328,#3329));
#2206=AXIS2_PLACEMENT_3D('',#3330,#3331,#3332);
#2207=SURFACE_SIDE_STYLE('',(#3333));
#2208=EDGE_LOOP('',(#3334,#3335,#3336,#3337));
#2209=AXIS2_PLACEMENT_3D('',#3338,#3339,#3340);
#2210=SURFACE_SIDE_STYLE('',(#3341));
#2211=EDGE_LOOP('',(#3342,#3343,#3344,#3345));
#2212=AXIS2_PLACEMENT_3D('',#3346,#3347,#3348);
#2213=SURFACE_SIDE_STYLE('',(#3349));
#2214=EDGE_LOOP('',(#3350,#3351,#3352,#3353));
#2215=AXIS2_PLACEMENT_3D('',#3354,#3355,#3356);
#2216=SURFACE_SIDE_STYLE('',(#3357));
#2217=EDGE_LOOP('',(#3358,#3359,#3360,#3361));
#2218=AXIS2_PLACEMENT_3D('',#3362,#3363,#3364);
#2219=SURFACE_SIDE_STYLE('',(#3365));
#2220=EDGE_LOOP('',(#3366,#3367,#3368,#3369));
#2221=AXIS2_PLACEMENT_3D('',#3370,#3371,#3372);
#2222=SURFACE_SIDE_STYLE('',(#3373));
#2223=EDGE_LOOP('',(#3374,#3375,#3376,#3377));
#2224=AXIS2_PLACEMENT_3D('',#3378,#3379,#3380);
#2225=SURFACE_SIDE_STYLE('',(#3381));
#2226=EDGE_LOOP('',(#3382,#3383,#3384,#3385));
#2227=AXIS2_PLACEMENT_3D('',#3386,#3387,#3388);
#2228=SURFACE_SIDE_STYLE('',(#3389));
#2229=EDGE_LOOP('',(#3390,#3391,#3392,#3393));
#2230=AXIS2_PLACEMENT_3D('',#3394,#3395,#3396);
#2231=SURFACE_SIDE_STYLE('',(#3397));
#2232=EDGE_LOOP('',(#3398,#3399,#3400,#3401,#3402,#3403));
#2233=AXIS2_PLACEMENT_3D('',#3404,#3405,#3406);
#2234=SURFACE_SIDE_STYLE('',(#3407));
#2235=EDGE_LOOP('',(#3408,#3409,#3410,#3411,#3412,#3413));
#2236=AXIS2_PLACEMENT_3D('',#3414,#3415,#3416);
#2237=SURFACE_SIDE_STYLE('',(#3417));
#2238=EDGE_LOOP('',(#3418,#3419,#3420,#3421));
#2239=AXIS2_PLACEMENT_3D('',#3422,#3423,#3424);
#2240=SURFACE_SIDE_STYLE('',(#3425));
#2241=EDGE_LOOP('',(#3426,#3427,#3428,#3429));
#2242=AXIS2_PLACEMENT_3D('',#3430,#3431,#3432);
#2243=SURFACE_SIDE_STYLE('',(#3433));
#2244=EDGE_LOOP('',(#3434,#3435,#3436,#3437,#3438,#3439,#3440,#3441,#3442,#3443));
#2245=AXIS2_PLACEMENT_3D('',#3444,#3445,#3446);
#2246=SURFACE_SIDE_STYLE('',(#3447));
#2247=EDGE_LOOP('',(#3448,#3449,#3450,#3451,#3452,#3453,#3454,#3455,#3456,#3457,#3458,#3459,#3460,#3461,#3462,#3463));
#2248=AXIS2_PLACEMENT_3D('',#3464,#3465,#3466);
#2249=SURFACE_SIDE_STYLE('',(#3467));
#2250=EDGE_LOOP('',(#3468,#3469,#3470,#3471));
#2251=AXIS2_PLACEMENT_3D('',#3472,#3473,#3474);
#2252=SURFACE_SIDE_STYLE('',(#3475));
#2253=EDGE_LOOP('',(#3476,#3477,#3478,#3479));
#2254=EDGE_LOOP('',(#3480,#3481,#3482,#3483));
#2255=EDGE_LOOP('',(#3484,#3485,#3486,#3487));
#2256=EDGE_LOOP('',(#3488,#3489,#3490,#3491));
#2257=EDGE_LOOP('',(#3492,#3493,#3494,#3495));
#2258=EDGE_LOOP('',(#3496,#3497,#3498,#3499));
#2259=EDGE_LOOP('',(#3500,#3501,#3502,#3503));
#2260=EDGE_LOOP('',(#3504,#3505,#3506,#3507));
#2261=EDGE_LOOP('',(#3508,#3509,#3510,#3511));
#2262=EDGE_LOOP('',(#3512,#3513,#3514,#3515,#3516,#3517,#3518,#3519,#3520,#3521,#3522,#3523,#3524,#3525,#3526,#3527,#3528,#3529,#3530,#3531,#3532,#3533,#3534,#3535,#3536,#3537,#3538,#3539,#3540,#3541,#3542,#3543,#3544,#3545,#3546,#3547));
#2263=AXIS2_PLACEMENT_3D('',#3548,#3549,#3550);
#2264=SURFACE_SIDE_STYLE('',(#3551));
#2265=EDGE_LOOP('',(#3552,#3553,#3554,#3555));
#2266=EDGE_LOOP('',(#3556,#3557,#3558,#3559));
#2267=AXIS2_PLACEMENT_3D('',#3560,#3561,#3562);
#2268=SURFACE_SIDE_STYLE('',(#3563));
#2269=EDGE_LOOP('',(#3564,#3565,#3566,#3567));
#2270=EDGE_LOOP('',(#3568,#3569,#3570,#3571));
#2271=AXIS2_PLACEMENT_3D('',#3572,#3573,#3574);
#2272=SURFACE_SIDE_STYLE('',(#3575));
#2273=EDGE_LOOP('',(#3576,#3577,#3578,#3579,#3580));
#2274=AXIS2_PLACEMENT_3D('',#3581,#3582,#3583);
#2275=SURFACE_SIDE_STYLE('',(#3584));
#2276=EDGE_LOOP('',(#3585,#3586,#3587,#3588));
#2277=EDGE_LOOP('',(#3589,#3590,#3591,#3592));
#2278=AXIS2_PLACEMENT_3D('',#3593,#3594,#3595);
#2279=SURFACE_SIDE_STYLE('',(#3596));
#2280=EDGE_LOOP('',(#3597,#3598,#3599,#3600));
#2281=EDGE_LOOP('',(#3601,#3602,#3603,#3604));
#2282=AXIS2_PLACEMENT_3D('',#3605,#3606,#3607);
#2283=SURFACE_SIDE_STYLE('',(#3608));
#2284=EDGE_LOOP('',(#3609,#3610,#3611,#3612));
#2285=EDGE_LOOP('',(#3613,#3614,#3615,#3616));
#2286=AXIS2_PLACEMENT_3D('',#3617,#3618,#3619);
#2287=SURFACE_SIDE_STYLE('',(#3620));
#2288=EDGE_LOOP('',(#3621,#3622,#3623,#3624,#3625));
#2289=AXIS2_PLACEMENT_3D('',#3626,#3627,#3628);
#2290=SURFACE_SIDE_STYLE('',(#3629));
#2291=EDGE_LOOP('',(#3630,#3631,#3632,#3633));
#2292=EDGE_LOOP('',(#3634,#3635,#3636,#3637));
#2293=AXIS2_PLACEMENT_3D('',#3638,#3639,#3640);
#2294=SURFACE_SIDE_STYLE('',(#3641));
#2295=EDGE_LOOP('',(#3642,#3643,#3644,#3645,#3646,#3647));
#2296=AXIS2_PLACEMENT_3D('',#3648,#3649,#3650);
#2297=SURFACE_SIDE_STYLE('',(#3651));
#2298=EDGE_LOOP('',(#3652,#3653,#3654,#3655));
#2299=AXIS2_PLACEMENT_3D('',#3656,#3657,#3658);
#2300=SURFACE_SIDE_STYLE('',(#3659));
#2301=EDGE_LOOP('',(#3660,#3661,#3662,#3663));
#2302=AXIS2_PLACEMENT_3D('',#3664,#3665,#3666);
#2303=SURFACE_SIDE_STYLE('',(#3667));
#2304=EDGE_LOOP('',(#3668,#3669,#3670,#3671));
#2305=AXIS2_PLACEMENT_3D('',#3672,#3673,#3674);
#2306=SURFACE_SIDE_STYLE('',(#3675));
#2307=EDGE_LOOP('',(#3676,#3677,#3678,#3679));
#2308=AXIS2_PLACEMENT_3D('',#3680,#3681,#3682);
#2309=SURFACE_SIDE_STYLE('',(#3683));
#2310=EDGE_LOOP('',(#3684,#3685,#3686,#3687));
#2311=AXIS2_PLACEMENT_3D('',#3688,#3689,#3690);
#2312=SURFACE_SIDE_STYLE('',(#3691));
#2313=EDGE_LOOP('',(#3692,#3693,#3694,#3695,#3696,#3697));
#2314=AXIS2_PLACEMENT_3D('',#3698,#3699,#3700);
#2315=SURFACE_SIDE_STYLE('',(#3701));
#2316=EDGE_LOOP('',(#3702,#3703,#3704,#3705,#3706,#3707));
#2317=AXIS2_PLACEMENT_3D('',#3708,#3709,#3710);
#2318=SURFACE_SIDE_STYLE('',(#3711));
#2319=EDGE_LOOP('',(#3712,#3713,#3714,#3715));
#2320=AXIS2_PLACEMENT_3D('',#3716,#3717,#3718);
#2321=SURFACE_SIDE_STYLE('',(#3719));
#2322=EDGE_LOOP('',(#3720,#3721,#3722,#3723));
#2323=AXIS2_PLACEMENT_3D('',#3724,#3725,#3726);
#2324=SURFACE_SIDE_STYLE('',(#3727));
#2325=EDGE_LOOP('',(#3728,#3729,#3730,#3731));
#2326=AXIS2_PLACEMENT_3D('',#3732,#3733,#3734);
#2327=SURFACE_SIDE_STYLE('',(#3735));
#2328=EDGE_LOOP('',(#3736,#3737,#3738,#3739));
#2329=AXIS2_PLACEMENT_3D('',#3740,#3741,#3742);
#2330=SURFACE_SIDE_STYLE('',(#3743));
#2331=EDGE_LOOP('',(#3744,#3745,#3746,#3747));
#2332=AXIS2_PLACEMENT_3D('',#3748,#3749,#3750);
#2333=SURFACE_SIDE_STYLE('',(#3751));
#2334=EDGE_LOOP('',(#3752,#3753,#3754,#3755,#3756,#3757));
#2335=AXIS2_PLACEMENT_3D('',#3758,#3759,#3760);
#2336=SURFACE_SIDE_STYLE('',(#3761));
#2337=EDGE_LOOP('',(#3762,#3763,#3764,#3765,#3766,#3767));
#2338=AXIS2_PLACEMENT_3D('',#3768,#3769,#3770);
#2339=SURFACE_SIDE_STYLE('',(#3771));
#2340=EDGE_LOOP('',(#3772,#3773,#3774,#3775));
#2341=AXIS2_PLACEMENT_3D('',#3776,#3777,#3778);
#2342=SURFACE_SIDE_STYLE('',(#3779));
#2343=EDGE_LOOP('',(#3780,#3781,#3782,#3783));
#2344=AXIS2_PLACEMENT_3D('',#3784,#3785,#3786);
#2345=SURFACE_SIDE_STYLE('',(#3787));
#2346=EDGE_LOOP('',(#3788,#3789,#3790,#3791));
#2347=AXIS2_PLACEMENT_3D('',#3792,#3793,#3794);
#2348=SURFACE_SIDE_STYLE('',(#3795));
#2349=EDGE_LOOP('',(#3796,#3797,#3798,#3799));
#2350=AXIS2_PLACEMENT_3D('',#3800,#3801,#3802);
#2351=SURFACE_SIDE_STYLE('',(#3803));
#2352=EDGE_LOOP('',(#3804,#3805,#3806,#3807));
#2353=AXIS2_PLACEMENT_3D('',#3808,#3809,#3810);
#2354=SURFACE_SIDE_STYLE('',(#3811));
#2355=EDGE_LOOP('',(#3812,#3813,#3814,#3815,#3816,#3817));
#2356=AXIS2_PLACEMENT_3D('',#3818,#3819,#3820);
#2357=SURFACE_SIDE_STYLE('',(#3821));
#2358=EDGE_LOOP('',(#3822,#3823,#3824,#3825,#3826,#3827));
#2359=AXIS2_PLACEMENT_3D('',#3828,#3829,#3830);
#2360=SURFACE_SIDE_STYLE('',(#3831));
#2361=EDGE_LOOP('',(#3832,#3833,#3834,#3835));
#2362=AXIS2_PLACEMENT_3D('',#3836,#3837,#3838);
#2363=SURFACE_SIDE_STYLE('',(#3839));
#2364=EDGE_LOOP('',(#3840,#3841,#3842,#3843));
#2365=AXIS2_PLACEMENT_3D('',#3844,#3845,#3846);
#2366=SURFACE_SIDE_STYLE('',(#3847));
#2367=EDGE_LOOP('',(#3848,#3849,#3850,#3851));
#2368=AXIS2_PLACEMENT_3D('',#3852,#3853,#3854);
#2369=SURFACE_SIDE_STYLE('',(#3855));
#2370=EDGE_LOOP('',(#3856,#3857,#3858,#3859));
#2371=AXIS2_PLACEMENT_3D('',#3860,#3861,#3862);
#2372=SURFACE_SIDE_STYLE('',(#3863));
#2373=EDGE_LOOP('',(#3864,#3865,#3866,#3867));
#2374=AXIS2_PLACEMENT_3D('',#3868,#3869,#3870);
#2375=SURFACE_SIDE_STYLE('',(#3871));
#2376=EDGE_LOOP('',(#3872,#3873,#3874,#3875,#3876,#3877));
#2377=AXIS2_PLACEMENT_3D('',#3878,#3879,#3880);
#2378=SURFACE_SIDE_STYLE('',(#3881));
#2379=EDGE_LOOP('',(#3882,#3883,#3884,#3885));
#2380=AXIS2_PLACEMENT_3D('',#3886,#3887,#3888);
#2381=SURFACE_SIDE_STYLE('',(#3889));
#2382=EDGE_LOOP('',(#3890,#3891,#3892,#3893,#3894,#3895,#3896,#3897));
#2383=AXIS2_PLACEMENT_3D('',#3898,#3899,#3900);
#2384=SURFACE_SIDE_STYLE('',(#3901));
#2385=EDGE_LOOP('',(#3902,#3903,#3904,#3905));
#2386=AXIS2_PLACEMENT_3D('',#3906,#3907,#3908);
#2387=SURFACE_SIDE_STYLE('',(#3909));
#2388=EDGE_LOOP('',(#3910,#3911,#3912,#3913));
#2389=AXIS2_PLACEMENT_3D('',#3914,#3915,#3916);
#2390=SURFACE_SIDE_STYLE('',(#3917));
#2391=EDGE_LOOP('',(#3918,#3919,#3920,#3921));
#2392=AXIS2_PLACEMENT_3D('',#3922,#3923,#3924);
#2393=SURFACE_SIDE_STYLE('',(#3925));
#2394=EDGE_LOOP('',(#3926,#3927,#3928,#3929));
#2395=AXIS2_PLACEMENT_3D('',#3930,#3931,#3932);
#2396=SURFACE_SIDE_STYLE('',(#3933));
#2397=EDGE_LOOP('',(#3934,#3935,#3936,#3937));
#2398=AXIS2_PLACEMENT_3D('',#3938,#3939,#3940);
#2399=SURFACE_SIDE_STYLE('',(#3941));
#2400=EDGE_LOOP('',(#3942,#3943,#3944,#3945,#3946,#3947,#3948,#3949));
#2401=AXIS2_PLACEMENT_3D('',#3950,#3951,#3952);
#2402=SURFACE_SIDE_STYLE('',(#3953));
#2403=EDGE_LOOP('',(#3954,#3955,#3956,#3957));
#2404=EDGE_LOOP('',(#3958,#3959,#3960,#3961));
#2405=EDGE_LOOP('',(#3962,#3963,#3964,#3965));
#2406=EDGE_LOOP('',(#3966,#3967,#3968,#3969));
#2407=EDGE_LOOP('',(#3970,#3971,#3972,#3973));
#2408=AXIS2_PLACEMENT_3D('',#3974,#3975,#3976);
#2409=SURFACE_SIDE_STYLE('',(#3977));
#2410=EDGE_LOOP('',(#3978,#3979,#3980,#3981));
#2411=AXIS2_PLACEMENT_3D('',#3982,#3983,#3984);
#2412=SURFACE_SIDE_STYLE('',(#3985));
#2413=EDGE_LOOP('',(#3986,#3987,#3988,#3989,#3990,#3991,#3992,#3993));
#2414=AXIS2_PLACEMENT_3D('',#3994,#3995,#3996);
#2415=SURFACE_SIDE_STYLE('',(#3997));
#2416=EDGE_LOOP('',(#3998,#3999,#4000,#4001));
#2417=AXIS2_PLACEMENT_3D('',#4002,#4003,#4004);
#2418=SURFACE_SIDE_STYLE('',(#4005));
#2419=EDGE_LOOP('',(#4006,#4007,#4008,#4009));
#2420=AXIS2_PLACEMENT_3D('',#4010,#4011,#4012);
#2421=SURFACE_SIDE_STYLE('',(#4013));
#2422=EDGE_LOOP('',(#4014,#4015,#4016,#4017));
#2423=AXIS2_PLACEMENT_3D('',#4018,#4019,#4020);
#2424=SURFACE_SIDE_STYLE('',(#4021));
#2425=EDGE_LOOP('',(#4022,#4023,#4024,#4025));
#2426=AXIS2_PLACEMENT_3D('',#4026,#4027,#4028);
#2427=SURFACE_SIDE_STYLE('',(#4029));
#2428=EDGE_LOOP('',(#4030,#4031,#4032,#4033));
#2429=AXIS2_PLACEMENT_3D('',#4034,#4035,#4036);
#2430=SURFACE_SIDE_STYLE('',(#4037));
#2431=EDGE_LOOP('',(#4038,#4039,#4040,#4041,#4042,#4043,#4044,#4045));
#2432=AXIS2_PLACEMENT_3D('',#4046,#4047,#4048);
#2433=SURFACE_SIDE_STYLE('',(#4049));
#2434=EDGE_LOOP('',(#4050,#4051,#4052,#4053));
#2435=AXIS2_PLACEMENT_3D('',#4054,#4055,#4056);
#2436=SURFACE_SIDE_STYLE('',(#4057));
#2437=EDGE_LOOP('',(#4058,#4059,#4060,#4061,#4062,#4063,#4064,#4065));
#2438=AXIS2_PLACEMENT_3D('',#4066,#4067,#4068);
#2439=SURFACE_SIDE_STYLE('',(#4069));
#2440=EDGE_LOOP('',(#4070,#4071,#4072,#4073));
#2441=AXIS2_PLACEMENT_3D('',#4074,#4075,#4076);
#2442=SURFACE_SIDE_STYLE('',(#4077));
#2443=EDGE_LOOP('',(#4078,#4079,#4080,#4081));
#2444=AXIS2_PLACEMENT_3D('',#4082,#4083,#4084);
#2445=SURFACE_SIDE_STYLE('',(#4085));
#2446=EDGE_LOOP('',(#4086,#4087,#4088,#4089));
#2447=AXIS2_PLACEMENT_3D('',#4090,#4091,#4092);
#2448=SURFACE_SIDE_STYLE('',(#4093));
#2449=EDGE_LOOP('',(#4094,#4095,#4096,#4097));
#2450=AXIS2_PLACEMENT_3D('',#4098,#4099,#4100);
#2451=SURFACE_SIDE_STYLE('',(#4101));
#2452=EDGE_LOOP('',(#4102,#4103,#4104,#4105));
#2453=AXIS2_PLACEMENT_3D('',#4106,#4107,#4108);
#2454=SURFACE_SIDE_STYLE('',(#4109));
#2455=EDGE_LOOP('',(#4110,#4111,#4112,#4113,#4114,#4115,#4116,#4117));
#2456=AXIS2_PLACEMENT_3D('',#4118,#4119,#4120);
#2457=SURFACE_SIDE_STYLE('',(#4121));
#2458=EDGE_LOOP('',(#4122,#4123,#4124,#4125));
#2459=EDGE_LOOP('',(#4126,#4127,#4128,#4129));
#2460=EDGE_LOOP('',(#4130,#4131,#4132,#4133));
#2461=EDGE_LOOP('',(#4134,#4135,#4136,#4137));
#2462=EDGE_LOOP('',(#4138,#4139,#4140,#4141));
#2463=AXIS2_PLACEMENT_3D('',#4142,#4143,#4144);
#2464=SURFACE_SIDE_STYLE('',(#4145));
#2465=EDGE_LOOP('',(#4146,#4147,#4148,#4149));
#2466=AXIS2_PLACEMENT_3D('',#4150,#4151,#4152);
#2467=SURFACE_SIDE_STYLE('',(#4153));
#2468=EDGE_LOOP('',(#4154,#4155,#4156,#4157,#4158,#4159,#4160,#4161));
#2469=AXIS2_PLACEMENT_3D('',#4162,#4163,#4164);
#2470=SURFACE_SIDE_STYLE('',(#4165));
#2471=EDGE_LOOP('',(#4166,#4167,#4168,#4169));
#2472=AXIS2_PLACEMENT_3D('',#4170,#4171,#4172);
#2473=SURFACE_SIDE_STYLE('',(#4173));
#2474=EDGE_LOOP('',(#4174,#4175,#4176,#4177));
#2475=AXIS2_PLACEMENT_3D('',#4178,#4179,#4180);
#2476=SURFACE_SIDE_STYLE('',(#4181));
#2477=EDGE_LOOP('',(#4182,#4183,#4184,#4185));
#2478=AXIS2_PLACEMENT_3D('',#4186,#4187,#4188);
#2479=SURFACE_SIDE_STYLE('',(#4189));
#2480=EDGE_LOOP('',(#4190,#4191,#4192,#4193));
#2481=AXIS2_PLACEMENT_3D('',#4194,#4195,#4196);
#2482=SURFACE_SIDE_STYLE('',(#4197));
#2483=EDGE_LOOP('',(#4198,#4199,#4200,#4201));
#2484=AXIS2_PLACEMENT_3D('',#4202,#4203,#4204);
#2485=SURFACE_SIDE_STYLE('',(#4205));
#2486=EDGE_LOOP('',(#4206,#4207,#4208,#4209,#4210,#4211,#4212,#4213));
#2487=AXIS2_PLACEMENT_3D('',#4214,#4215,#4216);
#2488=SURFACE_SIDE_STYLE('',(#4217));
#2489=EDGE_LOOP('',(#4218,#4219,#4220,#4221,#4222,#4223));
#2490=AXIS2_PLACEMENT_3D('',#4224,#4225,#4226);
#2491=SURFACE_SIDE_STYLE('',(#4227));
#2492=EDGE_LOOP('',(#4228,#4229,#4230,#4231));
#2493=AXIS2_PLACEMENT_3D('',#4232,#4233,#4234);
#2494=SURFACE_SIDE_STYLE('',(#4235));
#2495=EDGE_LOOP('',(#4236,#4237,#4238,#4239));
#2496=AXIS2_PLACEMENT_3D('',#4240,#4241,#4242);
#2497=SURFACE_SIDE_STYLE('',(#4243));
#2498=EDGE_LOOP('',(#4244,#4245,#4246,#4247));
#2499=AXIS2_PLACEMENT_3D('',#4248,#4249,#4250);
#2500=SURFACE_SIDE_STYLE('',(#4251));
#2501=EDGE_LOOP('',(#4252,#4253,#4254,#4255,#4256,#4257));
#2502=AXIS2_PLACEMENT_3D('',#4258,#4259,#4260);
#2503=SURFACE_SIDE_STYLE('',(#4261));
#2504=EDGE_LOOP('',(#4262,#4263,#4264,#4265));
#2505=AXIS2_PLACEMENT_3D('',#4266,#4267,#4268);
#2506=SURFACE_SIDE_STYLE('',(#4269));
#2507=EDGE_LOOP('',(#4270,#4271,#4272,#4273,#4274,#4275));
#2508=AXIS2_PLACEMENT_3D('',#4276,#4277,#4278);
#2509=SURFACE_SIDE_STYLE('',(#4279));
#2510=EDGE_LOOP('',(#4280,#4281,#4282,#4283));
#2511=AXIS2_PLACEMENT_3D('',#4284,#4285,#4286);
#2512=SURFACE_SIDE_STYLE('',(#4287));
#2513=EDGE_LOOP('',(#4288,#4289,#4290,#4291));
#2514=AXIS2_PLACEMENT_3D('',#4292,#4293,#4294);
#2515=SURFACE_SIDE_STYLE('',(#4295));
#2516=EDGE_LOOP('',(#4296,#4297,#4298,#4299));
#2517=AXIS2_PLACEMENT_3D('',#4300,#4301,#4302);
#2518=SURFACE_SIDE_STYLE('',(#4303));
#2519=EDGE_LOOP('',(#4304,#4305,#4306,#4307,#4308,#4309));
#2520=AXIS2_PLACEMENT_3D('',#4310,#4311,#4312);
#2521=SURFACE_SIDE_STYLE('',(#4313));
#2522=EDGE_LOOP('',(#4314,#4315,#4316,#4317));
#2523=AXIS2_PLACEMENT_3D('',#4318,#4319,#4320);
#2524=SURFACE_SIDE_STYLE('',(#4321));
#2525=EDGE_LOOP('',(#4322,#4323,#4324,#4325));
#2526=AXIS2_PLACEMENT_3D('',#4326,#4327,#4328);
#2527=SURFACE_SIDE_STYLE('',(#4329));
#2528=EDGE_LOOP('',(#4330,#4331,#4332,#4333));
#2529=AXIS2_PLACEMENT_3D('',#4334,#4335,#4336);
#2530=SURFACE_SIDE_STYLE('',(#4337));
#2531=EDGE_LOOP('',(#4338,#4339,#4340,#4341));
#2532=AXIS2_PLACEMENT_3D('',#4342,#4343,#4344);
#2533=SURFACE_SIDE_STYLE('',(#4345));
#2534=EDGE_LOOP('',(#4346,#4347,#4348,#4349));
#2535=AXIS2_PLACEMENT_3D('',#4350,#4351,#4352);
#2536=SURFACE_SIDE_STYLE('',(#4353));
#2537=EDGE_LOOP('',(#4354,#4355,#4356,#4357,#4358,#4359));
#2538=AXIS2_PLACEMENT_3D('',#4360,#4361,#4362);
#2539=SURFACE_SIDE_STYLE('',(#4363));
#2540=EDGE_LOOP('',(#4364,#4365,#4366,#4367));
#2541=EDGE_LOOP('',(#4368,#4369,#4370,#4371,#4372,#4373,#4374,#4375,#4376,#4377,#4378,#4379,#4380,#4381));
#2542=AXIS2_PLACEMENT_3D('',#4382,#4383,#4384);
#2543=SURFACE_SIDE_STYLE('',(#4385));
#2544=EDGE_LOOP('',(#4386,#4387,#4388,#4389,#4390));
#2545=AXIS2_PLACEMENT_3D('',#4391,#4392,#4393);
#2546=SURFACE_SIDE_STYLE('',(#4394));
#2547=EDGE_LOOP('',(#4395,#4396,#4397,#4398));
#2548=AXIS2_PLACEMENT_3D('',#4399,#4400,#4401);
#2549=SURFACE_SIDE_STYLE('',(#4402));
#2550=EDGE_LOOP('',(#4403,#4404,#4405,#4406));
#2551=AXIS2_PLACEMENT_3D('',#4407,#4408,#4409);
#2552=SURFACE_SIDE_STYLE('',(#4410));
#2553=EDGE_LOOP('',(#4411,#4412,#4413,#4414));
#2554=AXIS2_PLACEMENT_3D('',#4415,#4416,#4417);
#2555=SURFACE_SIDE_STYLE('',(#4418));
#2556=EDGE_LOOP('',(#4419,#4420,#4421,#4422));
#2557=AXIS2_PLACEMENT_3D('',#4423,#4424,#4425);
#2558=SURFACE_SIDE_STYLE('',(#4426));
#2559=EDGE_LOOP('',(#4427,#4428,#4429,#4430,#4431));
#2560=AXIS2_PLACEMENT_3D('',#4432,#4433,#4434);
#2561=SURFACE_SIDE_STYLE('',(#4435));
#2562=EDGE_LOOP('',(#4436,#4437,#4438,#4439,#4440));
#2563=AXIS2_PLACEMENT_3D('',#4441,#4442,#4443);
#2564=SURFACE_SIDE_STYLE('',(#4444));
#2565=EDGE_LOOP('',(#4445,#4446,#4447,#4448));
#2566=AXIS2_PLACEMENT_3D('',#4449,#4450,#4451);
#2567=SURFACE_SIDE_STYLE('',(#4452));
#2568=EDGE_LOOP('',(#4453,#4454,#4455,#4456));
#2569=AXIS2_PLACEMENT_3D('',#4457,#4458,#4459);
#2570=SURFACE_SIDE_STYLE('',(#4460));
#2571=EDGE_LOOP('',(#4461,#4462,#4463,#4464));
#2572=AXIS2_PLACEMENT_3D('',#4465,#4466,#4467);
#2573=SURFACE_SIDE_STYLE('',(#4468));
#2574=EDGE_LOOP('',(#4469,#4470,#4471,#4472));
#2575=AXIS2_PLACEMENT_3D('',#4473,#4474,#4475);
#2576=SURFACE_SIDE_STYLE('',(#4476));
#2577=EDGE_LOOP('',(#4477,#4478,#4479,#4480,#4481));
#2578=AXIS2_PLACEMENT_3D('',#4482,#4483,#4484);
#2579=SURFACE_SIDE_STYLE('',(#4485));
#2580=EDGE_LOOP('',(#4486,#4487,#4488,#4489,#4490));
#2581=AXIS2_PLACEMENT_3D('',#4491,#4492,#4493);
#2582=SURFACE_SIDE_STYLE('',(#4494));
#2583=EDGE_LOOP('',(#4495,#4496,#4497,#4498));
#2584=AXIS2_PLACEMENT_3D('',#4499,#4500,#4501);
#2585=SURFACE_SIDE_STYLE('',(#4502));
#2586=EDGE_LOOP('',(#4503,#4504,#4505,#4506));
#2587=AXIS2_PLACEMENT_3D('',#4507,#4508,#4509);
#2588=SURFACE_SIDE_STYLE('',(#4510));
#2589=EDGE_LOOP('',(#4511,#4512,#4513,#4514));
#2590=AXIS2_PLACEMENT_3D('',#4515,#4516,#4517);
#2591=SURFACE_SIDE_STYLE('',(#4518));
#2592=EDGE_LOOP('',(#4519,#4520,#4521,#4522));
#2593=AXIS2_PLACEMENT_3D('',#4523,#4524,#4525);
#2594=SURFACE_SIDE_STYLE('',(#4526));
#2595=EDGE_LOOP('',(#4527,#4528,#4529,#4530,#4531));
#2596=AXIS2_PLACEMENT_3D('',#4532,#4533,#4534);
#2597=SURFACE_SIDE_STYLE('',(#4535));
#2598=EDGE_LOOP('',(#4536,#4537,#4538,#4539,#4540));
#2599=AXIS2_PLACEMENT_3D('',#4541,#4542,#4543);
#2600=SURFACE_SIDE_STYLE('',(#4544));
#2601=EDGE_LOOP('',(#4545,#4546,#4547,#4548));
#2602=AXIS2_PLACEMENT_3D('',#4549,#4550,#4551);
#2603=SURFACE_SIDE_STYLE('',(#4552));
#2604=EDGE_LOOP('',(#4553,#4554,#4555,#4556));
#2605=AXIS2_PLACEMENT_3D('',#4557,#4558,#4559);
#2606=SURFACE_SIDE_STYLE('',(#4560));
#2607=EDGE_LOOP('',(#4561,#4562,#4563,#4564));
#2608=AXIS2_PLACEMENT_3D('',#4565,#4566,#4567);
#2609=SURFACE_SIDE_STYLE('',(#4568));
#2610=EDGE_LOOP('',(#4569,#4570,#4571,#4572));
#2611=AXIS2_PLACEMENT_3D('',#4573,#4574,#4575);
#2612=SURFACE_SIDE_STYLE('',(#4576));
#2613=EDGE_LOOP('',(#4577,#4578,#4579,#4580,#4581));
#2614=AXIS2_PLACEMENT_3D('',#4582,#4583,#4584);
#2615=SURFACE_SIDE_STYLE('',(#4585));
#2616=EDGE_LOOP('',(#4586,#4587,#4588,#4589,#4590));
#2617=AXIS2_PLACEMENT_3D('',#4591,#4592,#4593);
#2618=SURFACE_SIDE_STYLE('',(#4594));
#2619=EDGE_LOOP('',(#4595,#4596,#4597,#4598));
#2620=AXIS2_PLACEMENT_3D('',#4599,#4600,#4601);
#2621=SURFACE_SIDE_STYLE('',(#4602));
#2622=EDGE_LOOP('',(#4603,#4604,#4605,#4606));
#2623=AXIS2_PLACEMENT_3D('',#4607,#4608,#4609);
#2624=SURFACE_SIDE_STYLE('',(#4610));
#2625=EDGE_LOOP('',(#4611,#4612,#4613,#4614));
#2626=AXIS2_PLACEMENT_3D('',#4615,#4616,#4617);
#2627=SURFACE_SIDE_STYLE('',(#4618));
#2628=EDGE_LOOP('',(#4619,#4620,#4621,#4622));
#2629=AXIS2_PLACEMENT_3D('',#4623,#4624,#4625);
#2630=SURFACE_SIDE_STYLE('',(#4626));
#2631=EDGE_LOOP('',(#4627,#4628,#4629,#4630,#4631));
#2632=AXIS2_PLACEMENT_3D('',#4632,#4633,#4634);
#2633=SURFACE_SIDE_STYLE('',(#4635));
#2634=EDGE_LOOP('',(#4636,#4637,#4638,#4639,#4640));
#2635=AXIS2_PLACEMENT_3D('',#4641,#4642,#4643);
#2636=SURFACE_SIDE_STYLE('',(#4644));
#2637=EDGE_LOOP('',(#4645,#4646,#4647,#4648));
#2638=AXIS2_PLACEMENT_3D('',#4649,#4650,#4651);
#2639=SURFACE_SIDE_STYLE('',(#4652));
#2640=EDGE_LOOP('',(#4653,#4654,#4655,#4656));
#2641=AXIS2_PLACEMENT_3D('',#4657,#4658,#4659);
#2642=SURFACE_SIDE_STYLE('',(#4660));
#2643=EDGE_LOOP('',(#4661,#4662,#4663,#4664));
#2644=AXIS2_PLACEMENT_3D('',#4665,#4666,#4667);
#2645=SURFACE_SIDE_STYLE('',(#4668));
#2646=EDGE_LOOP('',(#4669,#4670,#4671,#4672));
#2647=AXIS2_PLACEMENT_3D('',#4673,#4674,#4675);
#2648=SURFACE_SIDE_STYLE('',(#4676));
#2649=EDGE_LOOP('',(#4677,#4678,#4679,#4680,#4681));
#2650=AXIS2_PLACEMENT_3D('',#4682,#4683,#4684);
#2651=SURFACE_SIDE_STYLE('',(#4685));
#2652=EDGE_LOOP('',(#4686,#4687,#4688,#4689));
#2653=AXIS2_PLACEMENT_3D('',#4690,#4691,#4692);
#2654=SURFACE_SIDE_STYLE('',(#4693));
#2655=EDGE_LOOP('',(#4694,#4695,#4696,#4697));
#2656=AXIS2_PLACEMENT_3D('',#4698,#4699,#4700);
#2657=SURFACE_SIDE_STYLE('',(#4701));
#2658=EDGE_LOOP('',(#4702,#4703,#4704,#4705));
#2659=AXIS2_PLACEMENT_3D('',#4706,#4707,#4708);
#2660=SURFACE_SIDE_STYLE('',(#4709));
#2661=EDGE_LOOP('',(#4710,#4711,#4712,#4713));
#2662=AXIS2_PLACEMENT_3D('',#4714,#4715,#4716);
#2663=SURFACE_SIDE_STYLE('',(#4717));
#2664=EDGE_LOOP('',(#4718,#4719,#4720,#4721));
#2665=AXIS2_PLACEMENT_3D('',#4722,#4723,#4724);
#2666=SURFACE_SIDE_STYLE('',(#4725));
#2667=EDGE_LOOP('',(#4726,#4727,#4728,#4729));
#2668=AXIS2_PLACEMENT_3D('',#4730,#4731,#4732);
#2669=SURFACE_SIDE_STYLE('',(#4733));
#2670=EDGE_LOOP('',(#4734,#4735,#4736,#4737));
#2671=AXIS2_PLACEMENT_3D('',#4738,#4739,#4740);
#2672=SURFACE_SIDE_STYLE('',(#4741));
#2673=EDGE_LOOP('',(#4742,#4743,#4744,#4745));
#2674=AXIS2_PLACEMENT_3D('',#4746,#4747,#4748);
#2675=SURFACE_SIDE_STYLE('',(#4749));
#2676=EDGE_LOOP('',(#4750,#4751,#4752,#4753));
#2677=AXIS2_PLACEMENT_3D('',#4754,#4755,#4756);
#2678=SURFACE_SIDE_STYLE('',(#4757));
#2679=EDGE_LOOP('',(#4758,#4759,#4760,#4761));
#2680=AXIS2_PLACEMENT_3D('',#4762,#4763,#4764);
#2681=SURFACE_SIDE_STYLE('',(#4765));
#2682=EDGE_LOOP('',(#4766,#4767,#4768,#4769));
#2683=AXIS2_PLACEMENT_3D('',#4770,#4771,#4772);
#2684=SURFACE_SIDE_STYLE('',(#4773));
#2685=EDGE_LOOP('',(#4774,#4775,#4776,#4777));
#2686=AXIS2_PLACEMENT_3D('',#4778,#4779,#4780);
#2687=SURFACE_SIDE_STYLE('',(#4781));
#2688=EDGE_LOOP('',(#4782,#4783,#4784,#4785));
#2689=AXIS2_PLACEMENT_3D('',#4786,#4787,#4788);
#2690=SURFACE_SIDE_STYLE('',(#4789));
#2691=EDGE_LOOP('',(#4790,#4791,#4792,#4793));
#2692=AXIS2_PLACEMENT_3D('',#4794,#4795,#4796);
#2693=SURFACE_SIDE_STYLE('',(#4797));
#2694=EDGE_LOOP('',(#4798,#4799,#4800,#4801));
#2695=AXIS2_PLACEMENT_3D('',#4802,#4803,#4804);
#2696=SURFACE_SIDE_STYLE('',(#4805));
#2697=EDGE_LOOP('',(#4806,#4807,#4808,#4809));
#2698=AXIS2_PLACEMENT_3D('',#4810,#4811,#4812);
#2699=SURFACE_SIDE_STYLE('',(#4813));
#2700=EDGE_LOOP('',(#4814,#4815,#4816,#4817));
#2701=AXIS2_PLACEMENT_3D('',#4818,#4819,#4820);
#2702=SURFACE_SIDE_STYLE('',(#4821));
#2703=EDGE_LOOP('',(#4822,#4823,#4824,#4825));
#2704=AXIS2_PLACEMENT_3D('',#4826,#4827,#4828);
#2705=SURFACE_SIDE_STYLE('',(#4829));
#2706=EDGE_LOOP('',(#4830,#4831,#4832,#4833));
#2707=AXIS2_PLACEMENT_3D('',#4834,#4835,#4836);
#2708=SURFACE_SIDE_STYLE('',(#4837));
#2709=EDGE_LOOP('',(#4838,#4839,#4840,#4841));
#2710=AXIS2_PLACEMENT_3D('',#4842,#4843,#4844);
#2711=SURFACE_SIDE_STYLE('',(#4845));
#2712=EDGE_LOOP('',(#4846,#4847,#4848,#4849));
#2713=AXIS2_PLACEMENT_3D('',#4850,#4851,#4852);
#2714=SURFACE_SIDE_STYLE('',(#4853));
#2715=EDGE_LOOP('',(#4854,#4855,#4856,#4857));
#2716=AXIS2_PLACEMENT_3D('',#4858,#4859,#4860);
#2717=SURFACE_SIDE_STYLE('',(#4861));
#2718=EDGE_LOOP('',(#4862,#4863,#4864,#4865));
#2719=AXIS2_PLACEMENT_3D('',#4866,#4867,#4868);
#2720=SURFACE_SIDE_STYLE('',(#4869));
#2721=EDGE_LOOP('',(#4870,#4871,#4872,#4873));
#2722=AXIS2_PLACEMENT_3D('',#4874,#4875,#4876);
#2723=SURFACE_SIDE_STYLE('',(#4877));
#2724=EDGE_LOOP('',(#4878,#4879,#4880,#4881));
#2725=AXIS2_PLACEMENT_3D('',#4882,#4883,#4884);
#2726=SURFACE_SIDE_STYLE('',(#4885));
#2727=EDGE_LOOP('',(#4886,#4887,#4888,#4889));
#2728=AXIS2_PLACEMENT_3D('',#4890,#4891,#4892);
#2729=SURFACE_SIDE_STYLE('',(#4893));
#2730=EDGE_LOOP('',(#4894,#4895,#4896,#4897));
#2731=AXIS2_PLACEMENT_3D('',#4898,#4899,#4900);
#2732=SURFACE_SIDE_STYLE('',(#4901));
#2733=EDGE_LOOP('',(#4902,#4903,#4904,#4905));
#2734=AXIS2_PLACEMENT_3D('',#4906,#4907,#4908);
#2735=SURFACE_SIDE_STYLE('',(#4909));
#2736=EDGE_LOOP('',(#4910,#4911,#4912,#4913,#4914,#4915));
#2737=AXIS2_PLACEMENT_3D('',#4916,#4917,#4918);
#2738=SURFACE_SIDE_STYLE('',(#4919));
#2739=EDGE_LOOP('',(#4920,#4921,#4922,#4923));
#2740=AXIS2_PLACEMENT_3D('',#4924,#4925,#4926);
#2741=SURFACE_SIDE_STYLE('',(#4927));
#2742=EDGE_LOOP('',(#4928,#4929,#4930,#4931));
#2743=AXIS2_PLACEMENT_3D('',#4932,#4933,#4934);
#2744=SURFACE_SIDE_STYLE('',(#4935));
#2745=EDGE_LOOP('',(#4936,#4937,#4938,#4939));
#2746=AXIS2_PLACEMENT_3D('',#4940,#4941,#4942);
#2747=SURFACE_SIDE_STYLE('',(#4943));
#2748=EDGE_LOOP('',(#4944,#4945,#4946,#4947,#4948,#4949,#4950,#4951,#4952,#4953,#4954,#4955,#4956,#4957,#4958,#4959));
#2749=AXIS2_PLACEMENT_3D('',#4960,#4961,#4962);
#2750=SURFACE_SIDE_STYLE('',(#4963));
#2751=EDGE_LOOP('',(#4964,#4965,#4966,#4967,#4968,#4969,#4970,#4971,#4972,#4973,#4974,#4975,#4976,#4977,#4978,#4979));
#2752=AXIS2_PLACEMENT_3D('',#4980,#4981,#4982);
#2753=SURFACE_SIDE_STYLE('',(#4983));
#2754=EDGE_LOOP('',(#4984,#4985,#4986,#4987,#4988,#4989));
#2755=AXIS2_PLACEMENT_3D('',#4990,#4991,#4992);
#2756=SURFACE_SIDE_STYLE('',(#4993));
#2757=EDGE_LOOP('',(#4994,#4995,#4996,#4997));
#2758=AXIS2_PLACEMENT_3D('',#4998,#4999,#5000);
#2759=SURFACE_SIDE_STYLE('',(#5001));
#2760=EDGE_LOOP('',(#5002,#5003,#5004,#5005));
#2761=AXIS2_PLACEMENT_3D('',#5006,#5007,#5008);
#2762=SURFACE_SIDE_STYLE('',(#5009));
#2763=EDGE_LOOP('',(#5010,#5011,#5012,#5013));
#2764=AXIS2_PLACEMENT_3D('',#5014,#5015,#5016);
#2765=SURFACE_SIDE_STYLE('',(#5017));
#2766=EDGE_LOOP('',(#5018,#5019,#5020,#5021));
#2767=AXIS2_PLACEMENT_3D('',#5022,#5023,#5024);
#2768=SURFACE_SIDE_STYLE('',(#5025));
#2769=EDGE_LOOP('',(#5026,#5027,#5028,#5029));
#2770=AXIS2_PLACEMENT_3D('',#5030,#5031,#5032);
#2771=SURFACE_SIDE_STYLE('',(#5033));
#2772=EDGE_LOOP('',(#5034,#5035,#5036,#5037));
#2773=AXIS2_PLACEMENT_3D('',#5038,#5039,#5040);
#2774=SURFACE_SIDE_STYLE('',(#5041));
#2775=EDGE_LOOP('',(#5042,#5043,#5044,#5045,#5046,#5047));
#2776=AXIS2_PLACEMENT_3D('',#5048,#5049,#5050);
#2777=SURFACE_SIDE_STYLE('',(#5051));
#2778=EDGE_LOOP('',(#5052,#5053,#5054,#5055,#5056,#5057,#5058,#5059));
#2779=AXIS2_PLACEMENT_3D('',#5060,#5061,#5062);
#2780=SURFACE_SIDE_STYLE('',(#5063));
#2781=EDGE_LOOP('',(#5064,#5065,#5066,#5067,#5068,#5069));
#2782=AXIS2_PLACEMENT_3D('',#5070,#5071,#5072);
#2783=SURFACE_SIDE_STYLE('',(#5073));
#2784=EDGE_LOOP('',(#5074,#5075,#5076,#5077));
#2785=AXIS2_PLACEMENT_3D('',#5078,#5079,#5080);
#2786=SURFACE_SIDE_STYLE('',(#5081));
#2787=EDGE_LOOP('',(#5082,#5083,#5084,#5085));
#2788=AXIS2_PLACEMENT_3D('',#5086,#5087,#5088);
#2789=SURFACE_SIDE_STYLE('',(#5089));
#2790=EDGE_LOOP('',(#5090,#5091,#5092,#5093));
#2791=AXIS2_PLACEMENT_3D('',#5094,#5095,#5096);
#2792=SURFACE_SIDE_STYLE('',(#5097));
#2793=EDGE_LOOP('',(#5098,#5099,#5100,#5101));
#2794=AXIS2_PLACEMENT_3D('',#5102,#5103,#5104);
#2795=SURFACE_SIDE_STYLE('',(#5105));
#2796=EDGE_LOOP('',(#5106,#5107,#5108,#5109));
#2797=AXIS2_PLACEMENT_3D('',#5110,#5111,#5112);
#2798=SURFACE_SIDE_STYLE('',(#5113));
#2799=EDGE_LOOP('',(#5114,#5115,#5116,#5117));
#2800=AXIS2_PLACEMENT_3D('',#5118,#5119,#5120);
#2801=SURFACE_SIDE_STYLE('',(#5121));
#2802=EDGE_LOOP('',(#5122,#5123,#5124,#5125));
#2803=AXIS2_PLACEMENT_3D('',#5126,#5127,#5128);
#2804=SURFACE_SIDE_STYLE('',(#5129));
#2805=EDGE_LOOP('',(#5130,#5131,#5132,#5133));
#2806=AXIS2_PLACEMENT_3D('',#5134,#5135,#5136);
#2807=SURFACE_SIDE_STYLE('',(#5137));
#2808=EDGE_LOOP('',(#5138,#5139,#5140,#5141));
#2809=AXIS2_PLACEMENT_3D('',#5142,#5143,#5144);
#2810=SURFACE_SIDE_STYLE('',(#5145));
#2811=EDGE_LOOP('',(#5146,#5147,#5148,#5149));
#2812=AXIS2_PLACEMENT_3D('',#5150,#5151,#5152);
#2813=SURFACE_SIDE_STYLE('',(#5153));
#2814=EDGE_LOOP('',(#5154,#5155,#5156,#5157));
#2815=AXIS2_PLACEMENT_3D('',#5158,#5159,#5160);
#2816=SURFACE_SIDE_STYLE('',(#5161));
#2817=EDGE_LOOP('',(#5162,#5163,#5164,#5165));
#2818=AXIS2_PLACEMENT_3D('',#5166,#5167,#5168);
#2819=SURFACE_SIDE_STYLE('',(#5169));
#2820=EDGE_LOOP('',(#5170,#5171,#5172,#5173));
#2821=AXIS2_PLACEMENT_3D('',#5174,#5175,#5176);
#2822=SURFACE_SIDE_STYLE('',(#5177));
#2823=EDGE_LOOP('',(#5178,#5179,#5180,#5181));
#2824=AXIS2_PLACEMENT_3D('',#5182,#5183,#5184);
#2825=SURFACE_SIDE_STYLE('',(#5185));
#2826=EDGE_LOOP('',(#5186,#5187,#5188,#5189));
#2827=AXIS2_PLACEMENT_3D('',#5190,#5191,#5192);
#2828=SURFACE_SIDE_STYLE('',(#5193));
#2829=EDGE_LOOP('',(#5194,#5195,#5196,#5197));
#2830=AXIS2_PLACEMENT_3D('',#5198,#5199,#5200);
#2831=SURFACE_SIDE_STYLE('',(#5201));
#2832=EDGE_LOOP('',(#5202,#5203,#5204,#5205));
#2833=AXIS2_PLACEMENT_3D('',#5206,#5207,#5208);
#2834=SURFACE_SIDE_STYLE('',(#5209));
#2835=EDGE_LOOP('',(#5210,#5211,#5212,#5213));
#2836=AXIS2_PLACEMENT_3D('',#5214,#5215,#5216);
#2837=SURFACE_SIDE_STYLE('',(#5217));
#2838=EDGE_LOOP('',(#5218,#5219,#5220,#5221));
#2839=AXIS2_PLACEMENT_3D('',#5222,#5223,#5224);
#2840=SURFACE_SIDE_STYLE('',(#5225));
#2841=EDGE_LOOP('',(#5226,#5227,#5228,#5229));
#2842=AXIS2_PLACEMENT_3D('',#5230,#5231,#5232);
#2843=SURFACE_SIDE_STYLE('',(#5233));
#2844=EDGE_LOOP('',(#5234,#5235,#5236,#5237));
#2845=AXIS2_PLACEMENT_3D('',#5238,#5239,#5240);
#2846=SURFACE_SIDE_STYLE('',(#5241));
#2847=EDGE_LOOP('',(#5242,#5243,#5244,#5245));
#2848=AXIS2_PLACEMENT_3D('',#5246,#5247,#5248);
#2849=SURFACE_SIDE_STYLE('',(#5249));
#2850=EDGE_LOOP('',(#5250,#5251,#5252,#5253));
#2851=AXIS2_PLACEMENT_3D('',#5254,#5255,#5256);
#2852=SURFACE_SIDE_STYLE('',(#5257));
#2853=EDGE_LOOP('',(#5258,#5259,#5260,#5261));
#2854=AXIS2_PLACEMENT_3D('',#5262,#5263,#5264);
#2855=SURFACE_SIDE_STYLE('',(#5265));
#2856=EDGE_LOOP('',(#5266,#5267,#5268,#5269,#5270,#5271,#5272));
#2857=AXIS2_PLACEMENT_3D('',#5273,#5274,#5275);
#2858=SURFACE_SIDE_STYLE('',(#5276));
#2859=EDGE_LOOP('',(#5277,#5278,#5279,#5280,#5281,#5282,#5283));
#2860=AXIS2_PLACEMENT_3D('',#5284,#5285,#5286);
#2861=SURFACE_SIDE_STYLE('',(#5287));
#2862=EDGE_LOOP('',(#5288,#5289,#5290,#5291,#5292,#5293,#5294,#5295,#5296,#5297,#5298,#5299));
#2863=AXIS2_PLACEMENT_3D('',#5300,#5301,#5302);
#2864=SURFACE_SIDE_STYLE('',(#5303));
#2865=EDGE_LOOP('',(#5304,#5305,#5306,#5307));
#2866=AXIS2_PLACEMENT_3D('',#5308,#5309,#5310);
#2867=SURFACE_SIDE_STYLE('',(#5311));
#2868=EDGE_LOOP('',(#5312,#5313,#5314,#5315));
#2869=AXIS2_PLACEMENT_3D('',#5316,#5317,#5318);
#2870=SURFACE_SIDE_STYLE('',(#5319));
#2871=EDGE_LOOP('',(#5320,#5321,#5322,#5323));
#2872=AXIS2_PLACEMENT_3D('',#5324,#5325,#5326);
#2873=SURFACE_SIDE_STYLE('',(#5327));
#2874=EDGE_LOOP('',(#5328,#5329,#5330,#5331,#5332,#5333,#5334,#5335,#5336,#5337,#5338,#5339));
#2875=AXIS2_PLACEMENT_3D('',#5340,#5341,#5342);
#2876=SURFACE_SIDE_STYLE('',(#5343));
#2877=EDGE_LOOP('',(#5344,#5345,#5346,#5347));
#2878=AXIS2_PLACEMENT_3D('',#5348,#5349,#5350);
#2879=SURFACE_SIDE_STYLE('',(#5351));
#2880=EDGE_LOOP('',(#5352,#5353,#5354,#5355));
#2881=AXIS2_PLACEMENT_3D('',#5356,#5357,#5358);
#2882=SURFACE_SIDE_STYLE('',(#5359));
#2883=EDGE_LOOP('',(#5360,#5361,#5362,#5363));
#2884=AXIS2_PLACEMENT_3D('',#5364,#5365,#5366);
#2885=SURFACE_SIDE_STYLE('',(#5367));
#2886=EDGE_LOOP('',(#5368,#5369,#5370,#5371));
#2887=AXIS2_PLACEMENT_3D('',#5372,#5373,#5374);
#2888=SURFACE_SIDE_STYLE('',(#5375));
#2889=EDGE_LOOP('',(#5376,#5377,#5378,#5379));
#2890=AXIS2_PLACEMENT_3D('',#5380,#5381,#5382);
#2891=SURFACE_SIDE_STYLE('',(#5383));
#2892=EDGE_LOOP('',(#5384,#5385,#5386,#5387,#5388,#5389));
#2893=AXIS2_PLACEMENT_3D('',#5390,#5391,#5392);
#2894=SURFACE_SIDE_STYLE('',(#5393));
#2895=EDGE_LOOP('',(#5394,#5395,#5396,#5397));
#2896=AXIS2_PLACEMENT_3D('',#5398,#5399,#5400);
#2897=SURFACE_SIDE_STYLE('',(#5401));
#2898=EDGE_LOOP('',(#5402,#5403,#5404,#5405));
#2899=AXIS2_PLACEMENT_3D('',#5406,#5407,#5408);
#2900=SURFACE_SIDE_STYLE('',(#5409));
#2901=EDGE_LOOP('',(#5410,#5411,#5412,#5413));
#2902=AXIS2_PLACEMENT_3D('',#5414,#5415,#5416);
#2903=SURFACE_SIDE_STYLE('',(#5417));
#2904=EDGE_LOOP('',(#5418,#5419,#5420,#5421));
#2905=AXIS2_PLACEMENT_3D('',#5422,#5423,#5424);
#2906=SURFACE_SIDE_STYLE('',(#5425));
#2907=EDGE_LOOP('',(#5426,#5427,#5428,#5429,#5430,#5431));
#2908=AXIS2_PLACEMENT_3D('',#5432,#5433,#5434);
#2909=SURFACE_SIDE_STYLE('',(#5435));
#2910=EDGE_LOOP('',(#5436,#5437,#5438,#5439));
#2911=AXIS2_PLACEMENT_3D('',#5440,#5441,#5442);
#2912=SURFACE_SIDE_STYLE('',(#5443));
#2913=EDGE_LOOP('',(#5444,#5445,#5446,#5447,#5448,#5449,#5450));
#2914=AXIS2_PLACEMENT_3D('',#5451,#5452,#5453);
#2915=SURFACE_SIDE_STYLE('',(#5454));
#2916=EDGE_LOOP('',(#5455,#5456,#5457,#5458,#5459,#5460,#5461));
#2917=AXIS2_PLACEMENT_3D('',#5462,#5463,#5464);
#2918=SURFACE_SIDE_STYLE('',(#5465));
#2919=EDGE_LOOP('',(#5466,#5467,#5468,#5469,#5470,#5471,#5472,#5473,#5474,#5475,#5476,#5477));
#2920=AXIS2_PLACEMENT_3D('',#5478,#5479,#5480);
#2921=SURFACE_SIDE_STYLE('',(#5481));
#2922=EDGE_LOOP('',(#5482,#5483,#5484,#5485));
#2923=AXIS2_PLACEMENT_3D('',#5486,#5487,#5488);
#2924=SURFACE_SIDE_STYLE('',(#5489));
#2925=EDGE_LOOP('',(#5490,#5491,#5492,#5493));
#2926=AXIS2_PLACEMENT_3D('',#5494,#5495,#5496);
#2927=SURFACE_SIDE_STYLE('',(#5497));
#2928=EDGE_LOOP('',(#5498,#5499,#5500,#5501));
#2929=AXIS2_PLACEMENT_3D('',#5502,#5503,#5504);
#2930=SURFACE_SIDE_STYLE('',(#5505));
#2931=EDGE_LOOP('',(#5506,#5507,#5508,#5509,#5510,#5511,#5512,#5513,#5514,#5515,#5516,#5517));
#2932=AXIS2_PLACEMENT_3D('',#5518,#5519,#5520);
#2933=SURFACE_SIDE_STYLE('',(#5521));
#2934=EDGE_LOOP('',(#5522,#5523,#5524,#5525));
#2935=AXIS2_PLACEMENT_3D('',#5526,#5527,#5528);
#2936=SURFACE_SIDE_STYLE('',(#5529));
#2937=EDGE_LOOP('',(#5530,#5531,#5532,#5533));
#2938=AXIS2_PLACEMENT_3D('',#5534,#5535,#5536);
#2939=SURFACE_SIDE_STYLE('',(#5537));
#2940=EDGE_LOOP('',(#5538,#5539,#5540,#5541));
#2941=AXIS2_PLACEMENT_3D('',#5542,#5543,#5544);
#2942=SURFACE_SIDE_STYLE('',(#5545));
#2943=EDGE_LOOP('',(#5546,#5547,#5548,#5549));
#2944=AXIS2_PLACEMENT_3D('',#5550,#5551,#5552);
#2945=SURFACE_SIDE_STYLE('',(#5553));
#2946=EDGE_LOOP('',(#5554,#5555,#5556,#5557));
#2947=AXIS2_PLACEMENT_3D('',#5558,#5559,#5560);
#2948=SURFACE_SIDE_STYLE('',(#5561));
#2949=EDGE_LOOP('',(#5562,#5563,#5564,#5565,#5566,#5567));
#2950=AXIS2_PLACEMENT_3D('',#5568,#5569,#5570);
#2951=SURFACE_SIDE_STYLE('',(#5571));
#2952=EDGE_LOOP('',(#5572,#5573,#5574,#5575));
#2953=AXIS2_PLACEMENT_3D('',#5576,#5577,#5578);
#2954=SURFACE_SIDE_STYLE('',(#5579));
#2955=EDGE_LOOP('',(#5580,#5581,#5582,#5583));
#2956=AXIS2_PLACEMENT_3D('',#5584,#5585,#5586);
#2957=SURFACE_SIDE_STYLE('',(#5587));
#2958=EDGE_LOOP('',(#5588,#5589,#5590,#5591));
#2959=AXIS2_PLACEMENT_3D('',#5592,#5593,#5594);
#2960=SURFACE_SIDE_STYLE('',(#5595));
#2961=EDGE_LOOP('',(#5596,#5597,#5598,#5599));
#2962=AXIS2_PLACEMENT_3D('',#5600,#5601,#5602);
#2963=SURFACE_SIDE_STYLE('',(#5603));
#2964=EDGE_LOOP('',(#5604,#5605,#5606,#5607,#5608,#5609));
#2965=AXIS2_PLACEMENT_3D('',#5610,#5611,#5612);
#2966=SURFACE_SIDE_STYLE('',(#5613));
#2967=EDGE_LOOP('',(#5614,#5615,#5616,#5617));
#2968=AXIS2_PLACEMENT_3D('',#5618,#5619,#5620);
#2969=SURFACE_SIDE_STYLE('',(#5621));
#2970=EDGE_LOOP('',(#5622,#5623,#5624,#5625,#5626,#5627,#5628));
#2971=AXIS2_PLACEMENT_3D('',#5629,#5630,#5631);
#2972=SURFACE_SIDE_STYLE('',(#5632));
#2973=EDGE_LOOP('',(#5633,#5634,#5635,#5636,#5637));
#2974=AXIS2_PLACEMENT_3D('',#5638,#5639,#5640);
#2975=SURFACE_SIDE_STYLE('',(#5641));
#2976=EDGE_LOOP('',(#5642,#5643,#5644,#5645,#5646,#5647,#5648));
#2977=AXIS2_PLACEMENT_3D('',#5649,#5650,#5651);
#2978=SURFACE_SIDE_STYLE('',(#5652));
#2979=EDGE_LOOP('',(#5653,#5654,#5655,#5656,#5657));
#2980=AXIS2_PLACEMENT_3D('',#5658,#5659,#5660);
#2981=SURFACE_SIDE_STYLE('',(#5661));
#2982=EDGE_LOOP('',(#5662,#5663,#5664,#5665));
#2983=AXIS2_PLACEMENT_3D('',#5666,#5667,#5668);
#2984=SURFACE_SIDE_STYLE('',(#5669));
#2985=EDGE_LOOP('',(#5670,#5671,#5672,#5673,#5674,#5675));
#2986=AXIS2_PLACEMENT_3D('',#5676,#5677,#5678);
#2987=SURFACE_SIDE_STYLE('',(#5679));
#2988=EDGE_LOOP('',(#5680,#5681,#5682,#5683));
#2989=AXIS2_PLACEMENT_3D('',#5684,#5685,#5686);
#2990=SURFACE_SIDE_STYLE('',(#5687));
#2991=EDGE_LOOP('',(#5688,#5689,#5690,#5691));
#2992=AXIS2_PLACEMENT_3D('',#5692,#5693,#5694);
#2993=SURFACE_SIDE_STYLE('',(#5695));
#2994=EDGE_LOOP('',(#5696,#5697,#5698,#5699,#5700,#5701));
#2995=AXIS2_PLACEMENT_3D('',#5702,#5703,#5704);
#2996=SURFACE_SIDE_STYLE('',(#5705));
#2997=EDGE_LOOP('',(#5706,#5707,#5708,#5709));
#2998=AXIS2_PLACEMENT_3D('',#5710,#5711,#5712);
#2999=SURFACE_SIDE_STYLE('',(#5713));
#3000=EDGE_LOOP('',(#5714,#5715,#5716,#5717,#5718,#5719,#5720));
#3001=AXIS2_PLACEMENT_3D('',#5721,#5722,#5723);
#3002=SURFACE_SIDE_STYLE('',(#5724));
#3003=EDGE_LOOP('',(#5725,#5726,#5727,#5728,#5729));
#3004=AXIS2_PLACEMENT_3D('',#5730,#5731,#5732);
#3005=SURFACE_SIDE_STYLE('',(#5733));
#3006=EDGE_LOOP('',(#5734,#5735,#5736,#5737,#5738,#5739,#5740));
#3007=AXIS2_PLACEMENT_3D('',#5741,#5742,#5743);
#3008=SURFACE_SIDE_STYLE('',(#5744));
#3009=EDGE_LOOP('',(#5745,#5746,#5747,#5748,#5749));
#3010=AXIS2_PLACEMENT_3D('',#5750,#5751,#5752);
#3011=SURFACE_SIDE_STYLE('',(#5753));
#3012=EDGE_LOOP('',(#5754,#5755,#5756,#5757));
#3013=AXIS2_PLACEMENT_3D('',#5758,#5759,#5760);
#3014=SURFACE_SIDE_STYLE('',(#5761));
#3015=EDGE_LOOP('',(#5762,#5763,#5764,#5765,#5766,#5767));
#3016=AXIS2_PLACEMENT_3D('',#5768,#5769,#5770);
#3017=SURFACE_SIDE_STYLE('',(#5771));
#3018=EDGE_LOOP('',(#5772,#5773,#5774,#5775));
#3019=AXIS2_PLACEMENT_3D('',#5776,#5777,#5778);
#3020=SURFACE_SIDE_STYLE('',(#5779));
#3021=EDGE_LOOP('',(#5780,#5781,#5782,#5783));
#3022=AXIS2_PLACEMENT_3D('',#5784,#5785,#5786);
#3023=SURFACE_SIDE_STYLE('',(#5787));
#3024=EDGE_LOOP('',(#5788,#5789,#5790,#5791,#5792,#5793));
#3025=AXIS2_PLACEMENT_3D('',#5794,#5795,#5796);
#3026=SURFACE_SIDE_STYLE('',(#5797));
#3027=EDGE_LOOP('',(#5798,#5799,#5800,#5801));
#3028=AXIS2_PLACEMENT_3D('',#5802,#5803,#5804);
#3029=SURFACE_SIDE_STYLE('',(#5805));
#3030=EDGE_LOOP('',(#5806,#5807,#5808,#5809));
#3031=AXIS2_PLACEMENT_3D('',#5810,#5811,#5812);
#3032=SURFACE_SIDE_STYLE('',(#5813));
#3033=EDGE_LOOP('',(#5814,#5815,#5816,#5817));
#3034=AXIS2_PLACEMENT_3D('',#5818,#5819,#5820);
#3035=SURFACE_SIDE_STYLE('',(#5821));
#3036=EDGE_LOOP('',(#5822,#5823,#5824,#5825));
#3037=AXIS2_PLACEMENT_3D('',#5826,#5827,#5828);
#3038=SURFACE_SIDE_STYLE('',(#5829));
#3039=EDGE_LOOP('',(#5830,#5831,#5832,#5833));
#3040=AXIS2_PLACEMENT_3D('',#5834,#5835,#5836);
#3041=SURFACE_SIDE_STYLE('',(#5837));
#3042=EDGE_LOOP('',(#5838,#5839,#5840,#5841));
#3043=AXIS2_PLACEMENT_3D('',#5842,#5843,#5844);
#3044=SURFACE_SIDE_STYLE('',(#5845));
#3045=EDGE_LOOP('',(#5846,#5847,#5848,#5849));
#3046=AXIS2_PLACEMENT_3D('',#5850,#5851,#5852);
#3047=SURFACE_SIDE_STYLE('',(#5853));
#3048=EDGE_LOOP('',(#5854,#5855,#5856,#5857));
#3049=AXIS2_PLACEMENT_3D('',#5858,#5859,#5860);
#3050=SURFACE_SIDE_STYLE('',(#5861));
#3051=EDGE_LOOP('',(#5862,#5863,#5864,#5865));
#3052=AXIS2_PLACEMENT_3D('',#5866,#5867,#5868);
#3053=SURFACE_SIDE_STYLE('',(#5869));
#3054=EDGE_LOOP('',(#5870,#5871,#5872,#5873));
#3055=AXIS2_PLACEMENT_3D('',#5874,#5875,#5876);
#3056=SURFACE_SIDE_STYLE('',(#5877));
#3057=EDGE_LOOP('',(#5878,#5879,#5880,#5881));
#3058=AXIS2_PLACEMENT_3D('',#5882,#5883,#5884);
#3059=SURFACE_SIDE_STYLE('',(#5885));
#3060=EDGE_LOOP('',(#5886,#5887,#5888,#5889));
#3061=AXIS2_PLACEMENT_3D('',#5890,#5891,#5892);
#3062=SURFACE_SIDE_STYLE('',(#5893));
#3063=EDGE_LOOP('',(#5894,#5895,#5896,#5897,#5898,#5899,#5900,#5901));
#3064=AXIS2_PLACEMENT_3D('',#5902,#5903,#5904);
#3065=SURFACE_SIDE_STYLE('',(#5905));
#3066=EDGE_LOOP('',(#5906,#5907,#5908,#5909));
#3067=AXIS2_PLACEMENT_3D('',#5910,#5911,#5912);
#3068=SURFACE_SIDE_STYLE('',(#5913));
#3069=EDGE_LOOP('',(#5914,#5915,#5916,#5917));
#3070=AXIS2_PLACEMENT_3D('',#5918,#5919,#5920);
#3071=SURFACE_SIDE_STYLE('',(#5921));
#3072=EDGE_LOOP('',(#5922,#5923,#5924,#5925));
#3073=AXIS2_PLACEMENT_3D('',#5926,#5927,#5928);
#3074=SURFACE_SIDE_STYLE('',(#5929));
#3075=EDGE_LOOP('',(#5930,#5931,#5932,#5933));
#3076=AXIS2_PLACEMENT_3D('',#5934,#5935,#5936);
#3077=SURFACE_SIDE_STYLE('',(#5937));
#3078=EDGE_LOOP('',(#5938,#5939,#5940,#5941));
#3079=AXIS2_PLACEMENT_3D('',#5942,#5943,#5944);
#3080=SURFACE_SIDE_STYLE('',(#5945));
#3081=EDGE_LOOP('',(#5946,#5947,#5948,#5949));
#3082=AXIS2_PLACEMENT_3D('',#5950,#5951,#5952);
#3083=SURFACE_SIDE_STYLE('',(#5953));
#3084=EDGE_LOOP('',(#5954,#5955,#5956,#5957));
#3085=AXIS2_PLACEMENT_3D('',#5958,#5959,#5960);
#3086=SURFACE_SIDE_STYLE('',(#5961));
#3087=EDGE_LOOP('',(#5962,#5963,#5964,#5965));
#3088=AXIS2_PLACEMENT_3D('',#5966,#5967,#5968);
#3089=SURFACE_SIDE_STYLE('',(#5969));
#3090=EDGE_LOOP('',(#5970,#5971,#5972,#5973));
#3091=AXIS2_PLACEMENT_3D('',#5974,#5975,#5976);
#3092=SURFACE_SIDE_STYLE('',(#5977));
#3093=EDGE_LOOP('',(#5978,#5979,#5980,#5981));
#3094=AXIS2_PLACEMENT_3D('',#5982,#5983,#5984);
#3095=SURFACE_SIDE_STYLE('',(#5985));
#3096=EDGE_LOOP('',(#5986,#5987,#5988,#5989,#5990,#5991,#5992,#5993));
#3097=AXIS2_PLACEMENT_3D('',#5994,#5995,#5996);
#3098=SURFACE_SIDE_STYLE('',(#5997));
#3099=EDGE_LOOP('',(#5998,#5999,#6000,#6001));
#3100=AXIS2_PLACEMENT_3D('',#6002,#6003,#6004);
#3101=SURFACE_SIDE_STYLE('',(#6005));
#3102=EDGE_LOOP('',(#6006,#6007,#6008,#6009));
#3103=AXIS2_PLACEMENT_3D('',#6010,#6011,#6012);
#3104=SURFACE_SIDE_STYLE('',(#6013));
#3105=EDGE_LOOP('',(#6014,#6015,#6016,#6017));
#3106=AXIS2_PLACEMENT_3D('',#6018,#6019,#6020);
#3107=SURFACE_SIDE_STYLE('',(#6021));
#3108=EDGE_LOOP('',(#6022,#6023,#6024,#6025));
#3109=AXIS2_PLACEMENT_3D('',#6026,#6027,#6028);
#3110=SURFACE_SIDE_STYLE('',(#6029));
#3111=EDGE_LOOP('',(#6030,#6031));
#3112=AXIS2_PLACEMENT_3D('',#6032,#6033,#6034);
#3113=SURFACE_SIDE_STYLE('',(#6035));
#3114=EDGE_LOOP('',(#6036,#6037));
#3115=AXIS2_PLACEMENT_3D('',#6038,#6039,#6040);
#3116=SURFACE_SIDE_STYLE('',(#6041));
#3117=EDGE_LOOP('',(#6042,#6043));
#3118=AXIS2_PLACEMENT_3D('',#6044,#6045,#6046);
#3119=SURFACE_SIDE_STYLE('',(#6047));
#3120=EDGE_LOOP('',(#6048,#6049));
#3121=AXIS2_PLACEMENT_3D('',#6050,#6051,#6052);
#3122=SURFACE_SIDE_STYLE('',(#6053));
#3123=EDGE_LOOP('',(#6054,#6055,#6056,#6057));
#3124=AXIS2_PLACEMENT_3D('',#6058,#6059,#6060);
#3125=SURFACE_SIDE_STYLE('',(#6061));
#3126=EDGE_LOOP('',(#6062,#6063,#6064,#6065));
#3127=AXIS2_PLACEMENT_3D('',#6066,#6067,#6068);
#3128=SURFACE_SIDE_STYLE('',(#6069));
#3129=EDGE_LOOP('',(#6070,#6071,#6072,#6073));
#3130=AXIS2_PLACEMENT_3D('',#6074,#6075,#6076);
#3131=SURFACE_SIDE_STYLE('',(#6077));
#3132=EDGE_LOOP('',(#6078,#6079,#6080,#6081));
#3133=AXIS2_PLACEMENT_3D('',#6082,#6083,#6084);
#3134=SURFACE_SIDE_STYLE('',(#6085));
#3135=EDGE_LOOP('',(#6086,#6087,#6088,#6089,#6090,#6091));
#3136=AXIS2_PLACEMENT_3D('',#6092,#6093,#6094);
#3137=SURFACE_SIDE_STYLE('',(#6095));
#3138=EDGE_LOOP('',(#6096,#6097,#6098,#6099));
#3139=AXIS2_PLACEMENT_3D('',#6100,#6101,#6102);
#3140=SURFACE_SIDE_STYLE('',(#6103));
#3141=EDGE_LOOP('',(#6104,#6105,#6106,#6107));
#3142=AXIS2_PLACEMENT_3D('',#6108,#6109,#6110);
#3143=SURFACE_SIDE_STYLE('',(#6111));
#3144=EDGE_LOOP('',(#6112,#6113,#6114,#6115));
#3145=AXIS2_PLACEMENT_3D('',#6116,#6117,#6118);
#3146=SURFACE_SIDE_STYLE('',(#6119));
#3147=EDGE_LOOP('',(#6120,#6121,#6122,#6123));
#3148=AXIS2_PLACEMENT_3D('',#6124,#6125,#6126);
#3149=SURFACE_SIDE_STYLE('',(#6127));
#3150=EDGE_LOOP('',(#6128,#6129,#6130,#6131,#6132,#6133));
#3151=AXIS2_PLACEMENT_3D('',#6134,#6135,#6136);
#3152=SURFACE_SIDE_STYLE('',(#6137));
#3153=EDGE_LOOP('',(#6138,#6139,#6140,#6141,#6142,#6143));
#3154=AXIS2_PLACEMENT_3D('',#6144,#6145,#6146);
#3155=SURFACE_SIDE_STYLE('',(#6147));
#3156=EDGE_LOOP('',(#6148,#6149,#6150,#6151));
#3157=AXIS2_PLACEMENT_3D('',#6152,#6153,#6154);
#3158=SURFACE_SIDE_STYLE('',(#6155));
#3159=EDGE_LOOP('',(#6156,#6157,#6158,#6159));
#3160=AXIS2_PLACEMENT_3D('',#6160,#6161,#6162);
#3161=SURFACE_SIDE_STYLE('',(#6163));
#3162=EDGE_LOOP('',(#6164,#6165,#6166,#6167));
#3163=AXIS2_PLACEMENT_3D('',#6168,#6169,#6170);
#3164=SURFACE_SIDE_STYLE('',(#6171));
#3165=EDGE_LOOP('',(#6172,#6173,#6174,#6175));
#3166=AXIS2_PLACEMENT_3D('',#6176,#6177,#6178);
#3167=SURFACE_SIDE_STYLE('',(#6179));
#3168=EDGE_LOOP('',(#6180,#6181,#6182,#6183));
#3169=AXIS2_PLACEMENT_3D('',#6184,#6185,#6186);
#3170=SURFACE_SIDE_STYLE('',(#6187));
#3171=EDGE_LOOP('',(#6188,#6189,#6190,#6191));
#3172=AXIS2_PLACEMENT_3D('',#6192,#6193,#6194);
#3173=SURFACE_SIDE_STYLE('',(#6195));
#3174=EDGE_LOOP('',(#6196,#6197,#6198,#6199));
#3175=AXIS2_PLACEMENT_3D('',#6200,#6201,#6202);
#3176=SURFACE_SIDE_STYLE('',(#6203));
#3177=EDGE_LOOP('',(#6204,#6205,#6206,#6207,#6208,#6209));
#3178=AXIS2_PLACEMENT_3D('',#6210,#6211,#6212);
#3179=SURFACE_SIDE_STYLE('',(#6213));
#3180=EDGE_LOOP('',(#6214,#6215,#6216,#6217));
#3181=AXIS2_PLACEMENT_3D('',#6218,#6219,#6220);
#3182=SURFACE_SIDE_STYLE('',(#6221));
#3183=EDGE_LOOP('',(#6222,#6223,#6224,#6225));
#3184=AXIS2_PLACEMENT_3D('',#6226,#6227,#6228);
#3185=SURFACE_SIDE_STYLE('',(#6229));
#3186=EDGE_LOOP('',(#6230,#6231,#6232,#6233));
#3187=AXIS2_PLACEMENT_3D('',#6234,#6235,#6236);
#3188=SURFACE_SIDE_STYLE('',(#6237));
#3189=EDGE_LOOP('',(#6238,#6239,#6240,#6241));
#3190=AXIS2_PLACEMENT_3D('',#6242,#6243,#6244);
#3191=SURFACE_SIDE_STYLE('',(#6245));
#3192=EDGE_LOOP('',(#6246,#6247,#6248,#6249,#6250,#6251,#6252,#6253,#6254,#6255,#6256,#6257));
#3193=AXIS2_PLACEMENT_3D('',#6258,#6259,#6260);
#3194=SURFACE_SIDE_STYLE('',(#6261));
#3195=EDGE_LOOP('',(#6262,#6263,#6264,#6265));
#3196=AXIS2_PLACEMENT_3D('',#6266,#6267,#6268);
#3197=SURFACE_SIDE_STYLE('',(#6269));
#3198=EDGE_LOOP('',(#6270,#6271,#6272,#6273));
#3199=AXIS2_PLACEMENT_3D('',#6274,#6275,#6276);
#3200=SURFACE_SIDE_STYLE('',(#6277));
#3201=EDGE_LOOP('',(#6278,#6279,#6280,#6281));
#3202=EDGE_LOOP('',(#6282,#6283,#6284,#6285));
#3203=AXIS2_PLACEMENT_3D('',#6286,#6287,#6288);
#3204=SURFACE_SIDE_STYLE('',(#6289));
#3205=EDGE_LOOP('',(#6290,#6291,#6292,#6293));
#3206=EDGE_LOOP('',(#6294,#6295,#6296,#6297));
#3207=AXIS2_PLACEMENT_3D('',#6298,#6299,#6300);
#3208=SURFACE_SIDE_STYLE('',(#6301));
#3209=EDGE_LOOP('',(#6302,#6303,#6304,#6305,#6306,#6307,#6308,#6309));
#3210=AXIS2_PLACEMENT_3D('',#6310,#6311,#6312);
#3211=SURFACE_SIDE_STYLE('',(#6313));
#3212=EDGE_LOOP('',(#6314,#6315,#6316,#6317));
#3213=AXIS2_PLACEMENT_3D('',#6318,#6319,#6320);
#3214=SURFACE_SIDE_STYLE('',(#6321));
#3215=EDGE_LOOP('',(#6322,#6323,#6324,#6325));
#3216=AXIS2_PLACEMENT_3D('',#6326,#6327,#6328);
#3217=SURFACE_SIDE_STYLE('',(#6329));
#3218=EDGE_LOOP('',(#6330,#6331,#6332,#6333,#6334,#6335));
#3219=AXIS2_PLACEMENT_3D('',#6336,#6337,#6338);
#3220=SURFACE_SIDE_STYLE('',(#6339));
#3221=EDGE_LOOP('',(#6340,#6341,#6342,#6343));
#3222=AXIS2_PLACEMENT_3D('',#6344,#6345,#6346);
#3223=SURFACE_SIDE_STYLE('',(#6347));
#3224=EDGE_LOOP('',(#6348,#6349,#6350,#6351));
#3225=AXIS2_PLACEMENT_3D('',#6352,#6353,#6354);
#3226=SURFACE_SIDE_STYLE('',(#6355));
#3227=EDGE_LOOP('',(#6356,#6357,#6358,#6359,#6360,#6361));
#3228=AXIS2_PLACEMENT_3D('',#6362,#6363,#6364);
#3229=SURFACE_SIDE_STYLE('',(#6365));
#3230=EDGE_LOOP('',(#6366,#6367,#6368,#6369,#6370,#6371,#6372,#6373,#6374,#6375,#6376,#6377,#6378,#6379,#6380,#6381));
#3231=AXIS2_PLACEMENT_3D('',#6382,#6383,#6384);
#3232=SURFACE_SIDE_STYLE('',(#6385));
#3233=EDGE_LOOP('',(#6386,#6387,#6388,#6389));
#3234=EDGE_LOOP('',(#6390,#6391,#6392,#6393));
#3235=EDGE_LOOP('',(#6394,#6395,#6396,#6397));
#3236=EDGE_LOOP('',(#6398,#6399));
#3237=EDGE_LOOP('',(#6400,#6401));
#3238=EDGE_LOOP('',(#6402,#6403,#6404,#6405,#6406,#6407,#6408,#6409,#6410,#6411,#6412,#6413,#6414));
#3239=AXIS2_PLACEMENT_3D('',#6415,#6416,#6417);
#3240=SURFACE_SIDE_STYLE('',(#6418));
#3241=EDGE_LOOP('',(#6419,#6420,#6421,#6422,#6423,#6424,#6425,#6426,#6427,#6428,#6429,#6430,#6431,#6432,#6433,#6434,#6435,#6436,#6437,#6438,#6439,#6440,#6441,#6442,#6443,#6444,#6445,#6446));
#3242=EDGE_LOOP('',(#6447,#6448,#6449,#6450));
#3243=AXIS2_PLACEMENT_3D('',#6451,#6452,#6453);
#3244=SURFACE_SIDE_STYLE('',(#6454));
#3245=EDGE_LOOP('',(#6455,#6456,#6457,#6458));
#3246=AXIS2_PLACEMENT_3D('',#6459,#6460,#6461);
#3247=SURFACE_SIDE_STYLE('',(#6462));
#3248=EDGE_LOOP('',(#6463,#6464,#6465,#6466,#6467,#6468));
#3249=EDGE_LOOP('',(#6469,#6470,#6471,#6472,#6473,#6474));
#3250=EDGE_LOOP('',(#6475,#6476,#6477,#6478));
#3251=AXIS2_PLACEMENT_3D('',#6479,#6480,#6481);
#3252=SURFACE_SIDE_STYLE('',(#6482));
#3253=EDGE_LOOP('',(#6483,#6484,#6485,#6486));
#3254=AXIS2_PLACEMENT_3D('',#6487,#6488,#6489);
#3255=SURFACE_SIDE_STYLE('',(#6490));
#3256=EDGE_LOOP('',(#6491,#6492,#6493,#6494,#6495,#6496,#6497,#6498,#6499,#6500,#6501,#6502,#6503,#6504,#6505,#6506));
#3257=AXIS2_PLACEMENT_3D('',#6507,#6508,#6509);
#3258=SURFACE_SIDE_STYLE('',(#6510));
#3259=EDGE_LOOP('',(#6511,#6512,#6513,#6514));
#3260=EDGE_LOOP('',(#6515,#6516,#6517,#6518));
#3261=EDGE_LOOP('',(#6519,#6520,#6521,#6522));
#3262=EDGE_LOOP('',(#6523,#6524));
#3263=EDGE_LOOP('',(#6525,#6526));
#3264=EDGE_LOOP('',(#6527,#6528,#6529,#6530,#6531,#6532,#6533,#6534,#6535,#6536,#6537,#6538,#6539));
#3265=AXIS2_PLACEMENT_3D('',#6540,#6541,#6542);
#3267=SURFACE_STYLE_FILL_AREA(#6543);
#3268=ORIENTED_EDGE('',*,*,#6544,.F.);
#3269=ORIENTED_EDGE('',*,*,#6545,.T.);
#3270=ORIENTED_EDGE('',*,*,#6546,.T.);
#3271=ORIENTED_EDGE('',*,*,#6547,.F.);
#3272=CARTESIAN_POINT('',(2.95,4.3,-16.6));
#3273=DIRECTION('',(0.0,0.0,1.0));
#3274=DIRECTION('',(1.0,0.0,0.0));
#3275=SURFACE_STYLE_FILL_AREA(#6548);
#3276=ORIENTED_EDGE('',*,*,#6549,.F.);
#3277=ORIENTED_EDGE('',*,*,#6550,.F.);
#3278=ORIENTED_EDGE('',*,*,#6551,.F.);
#3279=ORIENTED_EDGE('',*,*,#6552,.T.);
#3280=CARTESIAN_POINT('',(-2.95,4.3,-16.6));
#3281=DIRECTION('',(0.0,0.0,1.0));
#3282=DIRECTION('',(1.0,0.0,0.0));
#3283=SURFACE_STYLE_FILL_AREA(#6553);
#3284=ORIENTED_EDGE('',*,*,#6554,.F.);
#3285=ORIENTED_EDGE('',*,*,#6555,.T.);
#3286=ORIENTED_EDGE('',*,*,#6556,.T.);
#3287=ORIENTED_EDGE('',*,*,#6557,.F.);
#3288=CARTESIAN_POINT('',(2.95,8.3,-16.6));
#3289=DIRECTION('',(0.0,0.0,1.0));
#3290=DIRECTION('',(1.0,0.0,0.0));
#3291=SURFACE_STYLE_FILL_AREA(#6558);
#3292=ORIENTED_EDGE('',*,*,#6559,.F.);
#3293=ORIENTED_EDGE('',*,*,#6560,.F.);
#3294=ORIENTED_EDGE('',*,*,#6561,.F.);
#3295=ORIENTED_EDGE('',*,*,#6562,.T.);
#3296=CARTESIAN_POINT('',(-2.95,8.3,-16.6));
#3297=DIRECTION('',(0.0,0.0,1.0));
#3298=DIRECTION('',(1.0,0.0,0.0));
#3299=SURFACE_STYLE_FILL_AREA(#6563);
#3300=ORIENTED_EDGE('',*,*,#6564,.F.);
#3301=ORIENTED_EDGE('',*,*,#6565,.F.);
#3302=CARTESIAN_POINT('',(5.82,2.5,-13.8));
#3303=DIRECTION('',(0.0,0.0,1.0));
#3304=DIRECTION('',(1.0,0.0,0.0));
#3305=SURFACE_STYLE_FILL_AREA(#6566);
#3306=ORIENTED_EDGE('',*,*,#6567,.F.);
#3307=ORIENTED_EDGE('',*,*,#6568,.F.);
#3308=CARTESIAN_POINT('',(5.82,8.1,-13.8));
#3309=DIRECTION('',(0.0,0.0,1.0));
#3310=DIRECTION('',(1.0,0.0,0.0));
#3311=SURFACE_STYLE_FILL_AREA(#6569);
#3312=ORIENTED_EDGE('',*,*,#6570,.F.);
#3313=ORIENTED_EDGE('',*,*,#6571,.F.);
#3314=CARTESIAN_POINT('',(-5.82,2.5,-13.8));
#3315=DIRECTION('',(0.0,0.0,1.0));
#3316=DIRECTION('',(-1.0,1.22460635382238E-16,0.0));
#3317=SURFACE_STYLE_FILL_AREA(#6572);
#3318=ORIENTED_EDGE('',*,*,#6573,.F.);
#3319=ORIENTED_EDGE('',*,*,#6574,.F.);
#3320=CARTESIAN_POINT('',(-5.82,8.1,-13.8));
#3321=DIRECTION('',(0.0,0.0,1.0));
#3322=DIRECTION('',(-1.0,1.22460635382238E-16,0.0));
#3323=SURFACE_STYLE_FILL_AREA(#6575);
#3324=ORIENTED_EDGE('',*,*,#6576,.F.);
#3325=ORIENTED_EDGE('',*,*,#6577,.T.);
#3326=ORIENTED_EDGE('',*,*,#6578,.T.);
#3327=ORIENTED_EDGE('',*,*,#6579,.T.);
#3328=ORIENTED_EDGE('',*,*,#6580,.T.);
#3329=ORIENTED_EDGE('',*,*,#6581,.F.);
#3330=CARTESIAN_POINT('',(-4.7,6.34,-0.4));
#3331=DIRECTION('',(0.0,0.0,1.0));
#3332=DIRECTION('',(1.0,0.0,0.0));
#3333=SURFACE_STYLE_FILL_AREA(#6582);
#3334=ORIENTED_EDGE('',*,*,#6583,.F.);
#3335=ORIENTED_EDGE('',*,*,#6584,.T.);
#3336=ORIENTED_EDGE('',*,*,#6585,.T.);
#3337=ORIENTED_EDGE('',*,*,#6586,.F.);
#3338=CARTESIAN_POINT('',(-4.7,2.84,-0.4));
#3339=DIRECTION('',(0.0,0.0,1.0));
#3340=DIRECTION('',(1.0,0.0,0.0));
#3341=SURFACE_STYLE_FILL_AREA(#6587);
#3342=ORIENTED_EDGE('',*,*,#6588,.F.);
#3343=ORIENTED_EDGE('',*,*,#6589,.F.);
#3344=ORIENTED_EDGE('',*,*,#6590,.F.);
#3345=ORIENTED_EDGE('',*,*,#6591,.T.);
#3346=CARTESIAN_POINT('',(4.69999999087494,2.84,-0.4));
#3347=DIRECTION('',(0.0,0.0,1.0));
#3348=DIRECTION('',(1.0,0.0,0.0));
#3349=SURFACE_STYLE_FILL_AREA(#6592);
#3350=ORIENTED_EDGE('',*,*,#6593,.F.);
#3351=ORIENTED_EDGE('',*,*,#6594,.F.);
#3352=ORIENTED_EDGE('',*,*,#6595,.F.);
#3353=ORIENTED_EDGE('',*,*,#6596,.F.);
#3354=CARTESIAN_POINT('',(-6.55190572199955,-2.67494300968538,-12.28));
#3355=DIRECTION('',(0.0,0.0,1.0));
#3356=DIRECTION('',(1.0,0.0,0.0));
#3357=SURFACE_STYLE_FILL_AREA(#6597);
#3358=ORIENTED_EDGE('',*,*,#6598,.F.);
#3359=ORIENTED_EDGE('',*,*,#6599,.F.);
#3360=ORIENTED_EDGE('',*,*,#6600,.T.);
#3361=ORIENTED_EDGE('',*,*,#6601,.F.);
#3362=CARTESIAN_POINT('',(-7.59469127249616,-0.0947307808809943,-12.28));
#3363=DIRECTION('',(0.0,0.0,1.0));
#3364=DIRECTION('',(1.0,0.0,0.0));
#3365=SURFACE_STYLE_FILL_AREA(#6602);
#3366=ORIENTED_EDGE('',*,*,#6603,.F.);
#3367=ORIENTED_EDGE('',*,*,#6604,.F.);
#3368=ORIENTED_EDGE('',*,*,#6605,.F.);
#3369=ORIENTED_EDGE('',*,*,#6606,.F.);
#3370=CARTESIAN_POINT('',(-6.54784591596503,-2.6751198516252,-12.28));
#3371=DIRECTION('',(0.0,0.0,1.0));
#3372=DIRECTION('',(1.0,0.0,0.0));
#3373=SURFACE_STYLE_FILL_AREA(#6607);
#3374=ORIENTED_EDGE('',*,*,#6608,.F.);
#3375=ORIENTED_EDGE('',*,*,#6609,.F.);
#3376=ORIENTED_EDGE('',*,*,#6610,.F.);
#3377=ORIENTED_EDGE('',*,*,#6611,.F.);
#3378=CARTESIAN_POINT('',(6.55190572199955,-2.67494300968538,-8.28));
#3379=DIRECTION('',(1.22460635382238E-16,0.0,-1.0));
#3380=DIRECTION('',(-1.0,0.0,-1.22460635382238E-16));
#3381=SURFACE_STYLE_FILL_AREA(#6612);
#3382=ORIENTED_EDGE('',*,*,#6613,.F.);
#3383=ORIENTED_EDGE('',*,*,#6614,.F.);
#3384=ORIENTED_EDGE('',*,*,#6615,.T.);
#3385=ORIENTED_EDGE('',*,*,#6616,.F.);
#3386=CARTESIAN_POINT('',(7.59469127249616,-0.0947307808809943,-8.28));
#3387=DIRECTION('',(1.22460635382238E-16,0.0,-1.0));
#3388=DIRECTION('',(-1.0,0.0,-1.22460635382238E-16));
#3389=SURFACE_STYLE_FILL_AREA(#6617);
#3390=ORIENTED_EDGE('',*,*,#6618,.F.);
#3391=ORIENTED_EDGE('',*,*,#6619,.F.);
#3392=ORIENTED_EDGE('',*,*,#6620,.F.);
#3393=ORIENTED_EDGE('',*,*,#6621,.F.);
#3394=CARTESIAN_POINT('',(6.54784591596503,-2.6751198516252,-8.28));
#3395=DIRECTION('',(1.22460635382238E-16,0.0,-1.0));
#3396=DIRECTION('',(-1.0,0.0,-1.22460635382238E-16));
#3397=SURFACE_STYLE_FILL_AREA(#6622);
#3398=ORIENTED_EDGE('',*,*,#6623,.F.);
#3399=ORIENTED_EDGE('',*,*,#6624,.F.);
#3400=ORIENTED_EDGE('',*,*,#6625,.F.);
#3401=ORIENTED_EDGE('',*,*,#6626,.T.);
#3402=ORIENTED_EDGE('',*,*,#6627,.T.);
#3403=ORIENTED_EDGE('',*,*,#6628,.T.);
#3404=CARTESIAN_POINT('',(4.7,6.34,-0.4));
#3405=DIRECTION('',(0.0,0.0,1.0));
#3406=DIRECTION('',(1.0,0.0,0.0));
#3407=SURFACE_STYLE_FILL_AREA(#6629);
#3408=ORIENTED_EDGE('',*,*,#6578,.F.);
#3409=ORIENTED_EDGE('',*,*,#6630,.F.);
#3410=ORIENTED_EDGE('',*,*,#6631,.F.);
#3411=ORIENTED_EDGE('',*,*,#6632,.F.);
#3412=ORIENTED_EDGE('',*,*,#6633,.T.);
#3413=ORIENTED_EDGE('',*,*,#6634,.F.);
#3414=CARTESIAN_POINT('',(-4.5875,6.44,-9.1));
#3415=DIRECTION('',(-1.53134210293125E-15,1.0,0.0));
#3416=DIRECTION('',(-1.0,-1.53134210293125E-15,0.0));
#3417=SURFACE_STYLE_FILL_AREA(#6635);
#3418=ORIENTED_EDGE('',*,*,#6636,.F.);
#3419=ORIENTED_EDGE('',*,*,#6637,.F.);
#3420=ORIENTED_EDGE('',*,*,#6638,.F.);
#3421=ORIENTED_EDGE('',*,*,#6631,.T.);
#3422=CARTESIAN_POINT('',(-4.95,4.44,-9.1));
#3423=DIRECTION('',(-1.0,0.0,0.0));
#3424=DIRECTION('',(0.0,-1.0,0.0));
#3425=SURFACE_STYLE_FILL_AREA(#6639);
#3426=ORIENTED_EDGE('',*,*,#6640,.F.);
#3427=ORIENTED_EDGE('',*,*,#6641,.T.);
#3428=ORIENTED_EDGE('',*,*,#6642,.T.);
#3429=ORIENTED_EDGE('',*,*,#6643,.T.);
#3430=CARTESIAN_POINT('',(0.0,5.35,-0.300000000000001));
#3431=DIRECTION('',(0.0,0.0,1.0));
#3432=DIRECTION('',(1.0,0.0,0.0));
#3433=SURFACE_STYLE_FILL_AREA(#6644);
#3434=ORIENTED_EDGE('',*,*,#6645,.F.);
#3435=ORIENTED_EDGE('',*,*,#6646,.T.);
#3436=ORIENTED_EDGE('',*,*,#6647,.T.);
#3437=ORIENTED_EDGE('',*,*,#6648,.T.);
#3438=ORIENTED_EDGE('',*,*,#6649,.T.);
#3439=ORIENTED_EDGE('',*,*,#6650,.T.);
#3440=ORIENTED_EDGE('',*,*,#6651,.F.);
#3441=ORIENTED_EDGE('',*,*,#6652,.F.);
#3442=ORIENTED_EDGE('',*,*,#6653,.F.);
#3443=ORIENTED_EDGE('',*,*,#6654,.F.);
#3444=CARTESIAN_POINT('',(0.0,5.35,-0.300000000000001));
#3445=DIRECTION('',(0.0,0.0,1.0));
#3446=DIRECTION('',(1.0,0.0,0.0));
#3447=SURFACE_STYLE_FILL_AREA(#6655);
#3448=ORIENTED_EDGE('',*,*,#6626,.F.);
#3449=ORIENTED_EDGE('',*,*,#6656,.F.);
#3450=ORIENTED_EDGE('',*,*,#6657,.F.);
#3451=ORIENTED_EDGE('',*,*,#6658,.F.);
#3452=ORIENTED_EDGE('',*,*,#6659,.F.);
#3453=ORIENTED_EDGE('',*,*,#6660,.F.);
#3454=ORIENTED_EDGE('',*,*,#6661,.F.);
#3455=ORIENTED_EDGE('',*,*,#6662,.F.);
#3456=ORIENTED_EDGE('',*,*,#6579,.F.);
#3457=ORIENTED_EDGE('',*,*,#6634,.T.);
#3458=ORIENTED_EDGE('',*,*,#6663,.T.);
#3459=ORIENTED_EDGE('',*,*,#6664,.T.);
#3460=ORIENTED_EDGE('',*,*,#6665,.T.);
#3461=ORIENTED_EDGE('',*,*,#6666,.T.);
#3462=ORIENTED_EDGE('',*,*,#6667,.T.);
#3463=ORIENTED_EDGE('',*,*,#6668,.T.);
#3464=CARTESIAN_POINT('',(0.0,5.35,-0.300000000000001));
#3465=DIRECTION('',(0.0,0.0,1.0));
#3466=DIRECTION('',(1.0,0.0,0.0));
#3467=SURFACE_STYLE_FILL_AREA(#6669);
#3468=ORIENTED_EDGE('',*,*,#6670,.F.);
#3469=ORIENTED_EDGE('',*,*,#6671,.T.);
#3470=ORIENTED_EDGE('',*,*,#6672,.T.);
#3471=ORIENTED_EDGE('',*,*,#6673,.T.);
#3472=CARTESIAN_POINT('',(0.0,5.35,-15.99));
#3473=DIRECTION('',(0.0,0.0,1.0));
#3474=DIRECTION('',(1.0,0.0,0.0));
#3475=SURFACE_STYLE_FILL_AREA(#6674);
#3476=ORIENTED_EDGE('',*,*,#6675,.T.);
#3477=ORIENTED_EDGE('',*,*,#6676,.T.);
#3478=ORIENTED_EDGE('',*,*,#6677,.T.);
#3479=ORIENTED_EDGE('',*,*,#6678,.T.);
#3480=ORIENTED_EDGE('',*,*,#6679,.T.);
#3481=ORIENTED_EDGE('',*,*,#6680,.T.);
#3482=ORIENTED_EDGE('',*,*,#6681,.T.);
#3483=ORIENTED_EDGE('',*,*,#6682,.T.);
#3484=ORIENTED_EDGE('',*,*,#6683,.T.);
#3485=ORIENTED_EDGE('',*,*,#6684,.T.);
#3486=ORIENTED_EDGE('',*,*,#6685,.T.);
#3487=ORIENTED_EDGE('',*,*,#6686,.T.);
#3488=ORIENTED_EDGE('',*,*,#6687,.T.);
#3489=ORIENTED_EDGE('',*,*,#6688,.T.);
#3490=ORIENTED_EDGE('',*,*,#6689,.T.);
#3491=ORIENTED_EDGE('',*,*,#6690,.T.);
#3492=ORIENTED_EDGE('',*,*,#6691,.T.);
#3493=ORIENTED_EDGE('',*,*,#6692,.T.);
#3494=ORIENTED_EDGE('',*,*,#6693,.T.);
#3495=ORIENTED_EDGE('',*,*,#6694,.T.);
#3496=ORIENTED_EDGE('',*,*,#6695,.T.);
#3497=ORIENTED_EDGE('',*,*,#6696,.T.);
#3498=ORIENTED_EDGE('',*,*,#6697,.T.);
#3499=ORIENTED_EDGE('',*,*,#6698,.T.);
#3500=ORIENTED_EDGE('',*,*,#6699,.T.);
#3501=ORIENTED_EDGE('',*,*,#6700,.T.);
#3502=ORIENTED_EDGE('',*,*,#6701,.T.);
#3503=ORIENTED_EDGE('',*,*,#6702,.T.);
#3504=ORIENTED_EDGE('',*,*,#6703,.T.);
#3505=ORIENTED_EDGE('',*,*,#6704,.T.);
#3506=ORIENTED_EDGE('',*,*,#6705,.T.);
#3507=ORIENTED_EDGE('',*,*,#6706,.T.);
#3508=ORIENTED_EDGE('',*,*,#6707,.T.);
#3509=ORIENTED_EDGE('',*,*,#6708,.T.);
#3510=ORIENTED_EDGE('',*,*,#6709,.T.);
#3511=ORIENTED_EDGE('',*,*,#6710,.T.);
#3512=ORIENTED_EDGE('',*,*,#6711,.F.);
#3513=ORIENTED_EDGE('',*,*,#6712,.F.);
#3514=ORIENTED_EDGE('',*,*,#6713,.F.);
#3515=ORIENTED_EDGE('',*,*,#6714,.F.);
#3516=ORIENTED_EDGE('',*,*,#6715,.F.);
#3517=ORIENTED_EDGE('',*,*,#6716,.F.);
#3518=ORIENTED_EDGE('',*,*,#6717,.F.);
#3519=ORIENTED_EDGE('',*,*,#6718,.F.);
#3520=ORIENTED_EDGE('',*,*,#6719,.F.);
#3521=ORIENTED_EDGE('',*,*,#6720,.F.);
#3522=ORIENTED_EDGE('',*,*,#6721,.F.);
#3523=ORIENTED_EDGE('',*,*,#6722,.F.);
#3524=ORIENTED_EDGE('',*,*,#6723,.F.);
#3525=ORIENTED_EDGE('',*,*,#6724,.F.);
#3526=ORIENTED_EDGE('',*,*,#6725,.F.);
#3527=ORIENTED_EDGE('',*,*,#6726,.T.);
#3528=ORIENTED_EDGE('',*,*,#6672,.F.);
#3529=ORIENTED_EDGE('',*,*,#6727,.F.);
#3530=ORIENTED_EDGE('',*,*,#6728,.F.);
#3531=ORIENTED_EDGE('',*,*,#6729,.F.);
#3532=ORIENTED_EDGE('',*,*,#6730,.F.);
#3533=ORIENTED_EDGE('',*,*,#6731,.F.);
#3534=ORIENTED_EDGE('',*,*,#6732,.F.);
#3535=ORIENTED_EDGE('',*,*,#6733,.F.);
#3536=ORIENTED_EDGE('',*,*,#6734,.F.);
#3537=ORIENTED_EDGE('',*,*,#6735,.F.);
#3538=ORIENTED_EDGE('',*,*,#6736,.F.);
#3539=ORIENTED_EDGE('',*,*,#6737,.F.);
#3540=ORIENTED_EDGE('',*,*,#6738,.F.);
#3541=ORIENTED_EDGE('',*,*,#6739,.F.);
#3542=ORIENTED_EDGE('',*,*,#6740,.F.);
#3543=ORIENTED_EDGE('',*,*,#6741,.F.);
#3544=ORIENTED_EDGE('',*,*,#6742,.F.);
#3545=ORIENTED_EDGE('',*,*,#6743,.F.);
#3546=ORIENTED_EDGE('',*,*,#6642,.F.);
#3547=ORIENTED_EDGE('',*,*,#6744,.T.);
#3548=CARTESIAN_POINT('',(0.0,0.3,-8.145));
#3549=DIRECTION('',(0.0,1.0,0.0));
#3550=DIRECTION('',(0.0,0.0,1.0));
#3551=SURFACE_STYLE_FILL_AREA(#6745);
#3552=ORIENTED_EDGE('',*,*,#6746,.T.);
#3553=ORIENTED_EDGE('',*,*,#6747,.T.);
#3554=ORIENTED_EDGE('',*,*,#6748,.T.);
#3555=ORIENTED_EDGE('',*,*,#6749,.T.);
#3556=ORIENTED_EDGE('',*,*,#6750,.F.);
#3557=ORIENTED_EDGE('',*,*,#6751,.F.);
#3558=ORIENTED_EDGE('',*,*,#6752,.F.);
#3559=ORIENTED_EDGE('',*,*,#6753,.F.);
#3560=CARTESIAN_POINT('',(-5.71,5.35,-8.145));
#3561=DIRECTION('',(1.0,0.0,0.0));
#3562=DIRECTION('',(0.0,0.0,-1.0));
#3563=SURFACE_STYLE_FILL_AREA(#6754);
#3564=ORIENTED_EDGE('',*,*,#6755,.F.);
#3565=ORIENTED_EDGE('',*,*,#6756,.F.);
#3566=ORIENTED_EDGE('',*,*,#6757,.F.);
#3567=ORIENTED_EDGE('',*,*,#6758,.F.);
#3568=ORIENTED_EDGE('',*,*,#6759,.T.);
#3569=ORIENTED_EDGE('',*,*,#6760,.T.);
#3570=ORIENTED_EDGE('',*,*,#6761,.T.);
#3571=ORIENTED_EDGE('',*,*,#6762,.T.);
#3572=CARTESIAN_POINT('',(-5.71,5.35,-8.145));
#3573=DIRECTION('',(1.0,0.0,0.0));
#3574=DIRECTION('',(0.0,0.0,-1.0));
#3575=SURFACE_STYLE_FILL_AREA(#6763);
#3576=ORIENTED_EDGE('',*,*,#6764,.F.);
#3577=ORIENTED_EDGE('',*,*,#6765,.F.);
#3578=ORIENTED_EDGE('',*,*,#6766,.F.);
#3579=ORIENTED_EDGE('',*,*,#6673,.F.);
#3580=ORIENTED_EDGE('',*,*,#6726,.F.);
#3581=CARTESIAN_POINT('',(-5.71,5.35,-8.145));
#3582=DIRECTION('',(1.0,0.0,0.0));
#3583=DIRECTION('',(0.0,0.0,-1.0));
#3584=SURFACE_STYLE_FILL_AREA(#6767);
#3585=ORIENTED_EDGE('',*,*,#6768,.T.);
#3586=ORIENTED_EDGE('',*,*,#6769,.T.);
#3587=ORIENTED_EDGE('',*,*,#6770,.T.);
#3588=ORIENTED_EDGE('',*,*,#6771,.T.);
#3589=ORIENTED_EDGE('',*,*,#6772,.F.);
#3590=ORIENTED_EDGE('',*,*,#6773,.F.);
#3591=ORIENTED_EDGE('',*,*,#6774,.F.);
#3592=ORIENTED_EDGE('',*,*,#6775,.F.);
#3593=CARTESIAN_POINT('',(-5.71,5.35,-8.145));
#3594=DIRECTION('',(1.0,0.0,0.0));
#3595=DIRECTION('',(0.0,0.0,-1.0));
#3596=SURFACE_STYLE_FILL_AREA(#6776);
#3597=ORIENTED_EDGE('',*,*,#6777,.T.);
#3598=ORIENTED_EDGE('',*,*,#6778,.T.);
#3599=ORIENTED_EDGE('',*,*,#6779,.T.);
#3600=ORIENTED_EDGE('',*,*,#6780,.T.);
#3601=ORIENTED_EDGE('',*,*,#6781,.F.);
#3602=ORIENTED_EDGE('',*,*,#6782,.F.);
#3603=ORIENTED_EDGE('',*,*,#6783,.F.);
#3604=ORIENTED_EDGE('',*,*,#6784,.F.);
#3605=CARTESIAN_POINT('',(5.71,5.35,-8.145));
#3606=DIRECTION('',(-1.0,0.0,0.0));
#3607=DIRECTION('',(0.0,0.0,1.0));
#3608=SURFACE_STYLE_FILL_AREA(#6785);
#3609=ORIENTED_EDGE('',*,*,#6786,.F.);
#3610=ORIENTED_EDGE('',*,*,#6787,.F.);
#3611=ORIENTED_EDGE('',*,*,#6788,.F.);
#3612=ORIENTED_EDGE('',*,*,#6789,.F.);
#3613=ORIENTED_EDGE('',*,*,#6790,.T.);
#3614=ORIENTED_EDGE('',*,*,#6791,.T.);
#3615=ORIENTED_EDGE('',*,*,#6792,.T.);
#3616=ORIENTED_EDGE('',*,*,#6793,.T.);
#3617=CARTESIAN_POINT('',(5.71,5.35,-8.145));
#3618=DIRECTION('',(-1.0,0.0,0.0));
#3619=DIRECTION('',(0.0,0.0,1.0));
#3620=SURFACE_STYLE_FILL_AREA(#6794);
#3621=ORIENTED_EDGE('',*,*,#6795,.F.);
#3622=ORIENTED_EDGE('',*,*,#6796,.F.);
#3623=ORIENTED_EDGE('',*,*,#6797,.F.);
#3624=ORIENTED_EDGE('',*,*,#6727,.T.);
#3625=ORIENTED_EDGE('',*,*,#6671,.F.);
#3626=CARTESIAN_POINT('',(5.71,5.35,-8.145));
#3627=DIRECTION('',(-1.0,0.0,0.0));
#3628=DIRECTION('',(0.0,0.0,1.0));
#3629=SURFACE_STYLE_FILL_AREA(#6798);
#3630=ORIENTED_EDGE('',*,*,#6799,.T.);
#3631=ORIENTED_EDGE('',*,*,#6800,.T.);
#3632=ORIENTED_EDGE('',*,*,#6801,.T.);
#3633=ORIENTED_EDGE('',*,*,#6802,.T.);
#3634=ORIENTED_EDGE('',*,*,#6803,.F.);
#3635=ORIENTED_EDGE('',*,*,#6804,.F.);
#3636=ORIENTED_EDGE('',*,*,#6805,.F.);
#3637=ORIENTED_EDGE('',*,*,#6806,.F.);
#3638=CARTESIAN_POINT('',(5.71,5.35,-8.145));
#3639=DIRECTION('',(-1.0,0.0,0.0));
#3640=DIRECTION('',(0.0,0.0,1.0));
#3641=SURFACE_STYLE_FILL_AREA(#6807);
#3642=ORIENTED_EDGE('',*,*,#6708,.F.);
#3643=ORIENTED_EDGE('',*,*,#6808,.F.);
#3644=ORIENTED_EDGE('',*,*,#6809,.F.);
#3645=ORIENTED_EDGE('',*,*,#6810,.F.);
#3646=ORIENTED_EDGE('',*,*,#6811,.T.);
#3647=ORIENTED_EDGE('',*,*,#6812,.T.);
#3648=CARTESIAN_POINT('',(1.25,-0.902654187657769,-15.115));
#3649=DIRECTION('',(0.0,0.0,1.0));
#3650=DIRECTION('',(1.0,0.0,0.0));
#3651=SURFACE_STYLE_FILL_AREA(#6813);
#3652=ORIENTED_EDGE('',*,*,#6707,.F.);
#3653=ORIENTED_EDGE('',*,*,#6814,.T.);
#3654=ORIENTED_EDGE('',*,*,#6815,.F.);
#3655=ORIENTED_EDGE('',*,*,#6808,.T.);
#3656=CARTESIAN_POINT('',(1.56,-0.5020609464614,-15.115));
#3657=DIRECTION('',(1.0,0.0,0.0));
#3658=DIRECTION('',(0.0,1.0,0.0));
#3659=SURFACE_STYLE_FILL_AREA(#6816);
#3660=ORIENTED_EDGE('',*,*,#6817,.T.);
#3661=ORIENTED_EDGE('',*,*,#6818,.F.);
#3662=ORIENTED_EDGE('',*,*,#6811,.F.);
#3663=ORIENTED_EDGE('',*,*,#6819,.T.);
#3664=CARTESIAN_POINT('',(0.995,-3.0020609464614,-15.115));
#3665=DIRECTION('',(-0.992546151641322,-0.121869343405148,0.0));
#3666=DIRECTION('',(0.121869343405148,-0.992546151641322,0.0));
#3667=SURFACE_STYLE_FILL_AREA(#6820);
#3668=ORIENTED_EDGE('',*,*,#6709,.F.);
#3669=ORIENTED_EDGE('',*,*,#6812,.F.);
#3670=ORIENTED_EDGE('',*,*,#6818,.T.);
#3671=ORIENTED_EDGE('',*,*,#6821,.T.);
#3672=CARTESIAN_POINT('',(0.94,-0.502060946461397,-15.115));
#3673=DIRECTION('',(-1.0,-0.0,0.0));
#3674=DIRECTION('',(0.0,-1.0,-0.0));
#3675=SURFACE_STYLE_FILL_AREA(#6822);
#3676=ORIENTED_EDGE('',*,*,#6823,.T.);
#3677=ORIENTED_EDGE('',*,*,#6824,.F.);
#3678=ORIENTED_EDGE('',*,*,#6809,.T.);
#3679=ORIENTED_EDGE('',*,*,#6815,.T.);
#3680=CARTESIAN_POINT('',(1.505,-3.0020609464614,-15.115));
#3681=DIRECTION('',(0.992546151641322,-0.121869343405148,0.0));
#3682=DIRECTION('',(0.121869343405148,0.992546151641322,0.0));
#3683=SURFACE_STYLE_FILL_AREA(#6825);
#3684=ORIENTED_EDGE('',*,*,#6826,.T.);
#3685=ORIENTED_EDGE('',*,*,#6819,.F.);
#3686=ORIENTED_EDGE('',*,*,#6810,.T.);
#3687=ORIENTED_EDGE('',*,*,#6824,.T.);
#3688=CARTESIAN_POINT('',(1.25,-3.45,-15.115));
#3689=DIRECTION('',(0.0,-1.0,0.0));
#3690=DIRECTION('',(1.0,0.0,0.0));
#3691=SURFACE_STYLE_FILL_AREA(#6827);
#3692=ORIENTED_EDGE('',*,*,#6710,.F.);
#3693=ORIENTED_EDGE('',*,*,#6821,.F.);
#3694=ORIENTED_EDGE('',*,*,#6817,.F.);
#3695=ORIENTED_EDGE('',*,*,#6826,.F.);
#3696=ORIENTED_EDGE('',*,*,#6823,.F.);
#3697=ORIENTED_EDGE('',*,*,#6814,.F.);
#3698=CARTESIAN_POINT('',(1.25,-0.902654187657769,-14.865));
#3699=DIRECTION('',(0.0,0.0,1.0));
#3700=DIRECTION('',(1.0,0.0,0.0));
#3701=SURFACE_STYLE_FILL_AREA(#6828);
#3702=ORIENTED_EDGE('',*,*,#6704,.F.);
#3703=ORIENTED_EDGE('',*,*,#6829,.F.);
#3704=ORIENTED_EDGE('',*,*,#6830,.F.);
#3705=ORIENTED_EDGE('',*,*,#6831,.F.);
#3706=ORIENTED_EDGE('',*,*,#6832,.T.);
#3707=ORIENTED_EDGE('',*,*,#6833,.T.);
#3708=CARTESIAN_POINT('',(-1.25,-0.902654187657769,-15.115));
#3709=DIRECTION('',(0.0,0.0,1.0));
#3710=DIRECTION('',(1.0,0.0,0.0));
#3711=SURFACE_STYLE_FILL_AREA(#6834);
#3712=ORIENTED_EDGE('',*,*,#6703,.F.);
#3713=ORIENTED_EDGE('',*,*,#6835,.T.);
#3714=ORIENTED_EDGE('',*,*,#6836,.F.);
#3715=ORIENTED_EDGE('',*,*,#6829,.T.);
#3716=CARTESIAN_POINT('',(-0.94,-0.5020609464614,-15.115));
#3717=DIRECTION('',(1.0,0.0,0.0));
#3718=DIRECTION('',(0.0,1.0,0.0));
#3719=SURFACE_STYLE_FILL_AREA(#6837);
#3720=ORIENTED_EDGE('',*,*,#6838,.T.);
#3721=ORIENTED_EDGE('',*,*,#6839,.F.);
#3722=ORIENTED_EDGE('',*,*,#6832,.F.);
#3723=ORIENTED_EDGE('',*,*,#6840,.T.);
#3724=CARTESIAN_POINT('',(-1.505,-3.0020609464614,-15.115));
#3725=DIRECTION('',(-0.992546151641322,-0.121869343405148,0.0));
#3726=DIRECTION('',(0.121869343405148,-0.992546151641322,0.0));
#3727=SURFACE_STYLE_FILL_AREA(#6841);
#3728=ORIENTED_EDGE('',*,*,#6705,.F.);
#3729=ORIENTED_EDGE('',*,*,#6833,.F.);
#3730=ORIENTED_EDGE('',*,*,#6839,.T.);
#3731=ORIENTED_EDGE('',*,*,#6842,.T.);
#3732=CARTESIAN_POINT('',(-1.56,-0.502060946461397,-15.115));
#3733=DIRECTION('',(-1.0,-0.0,0.0));
#3734=DIRECTION('',(0.0,-1.0,-0.0));
#3735=SURFACE_STYLE_FILL_AREA(#6843);
#3736=ORIENTED_EDGE('',*,*,#6844,.T.);
#3737=ORIENTED_EDGE('',*,*,#6845,.F.);
#3738=ORIENTED_EDGE('',*,*,#6830,.T.);
#3739=ORIENTED_EDGE('',*,*,#6836,.T.);
#3740=CARTESIAN_POINT('',(-0.995,-3.0020609464614,-15.115));
#3741=DIRECTION('',(0.992546151641322,-0.121869343405148,0.0));
#3742=DIRECTION('',(0.121869343405148,0.992546151641322,0.0));
#3743=SURFACE_STYLE_FILL_AREA(#6846);
#3744=ORIENTED_EDGE('',*,*,#6847,.T.);
#3745=ORIENTED_EDGE('',*,*,#6840,.F.);
#3746=ORIENTED_EDGE('',*,*,#6831,.T.);
#3747=ORIENTED_EDGE('',*,*,#6845,.T.);
#3748=CARTESIAN_POINT('',(-1.25,-3.45,-15.115));
#3749=DIRECTION('',(0.0,-1.0,0.0));
#3750=DIRECTION('',(1.0,0.0,0.0));
#3751=SURFACE_STYLE_FILL_AREA(#6848);
#3752=ORIENTED_EDGE('',*,*,#6706,.F.);
#3753=ORIENTED_EDGE('',*,*,#6842,.F.);
#3754=ORIENTED_EDGE('',*,*,#6838,.F.);
#3755=ORIENTED_EDGE('',*,*,#6847,.F.);
#3756=ORIENTED_EDGE('',*,*,#6844,.F.);
#3757=ORIENTED_EDGE('',*,*,#6835,.F.);
#3758=CARTESIAN_POINT('',(-1.25,-0.902654187657769,-14.865));
#3759=DIRECTION('',(0.0,0.0,1.0));
#3760=DIRECTION('',(1.0,0.0,0.0));
#3761=SURFACE_STYLE_FILL_AREA(#6849);
#3762=ORIENTED_EDGE('',*,*,#6700,.F.);
#3763=ORIENTED_EDGE('',*,*,#6850,.F.);
#3764=ORIENTED_EDGE('',*,*,#6851,.F.);
#3765=ORIENTED_EDGE('',*,*,#6852,.F.);
#3766=ORIENTED_EDGE('',*,*,#6853,.T.);
#3767=ORIENTED_EDGE('',*,*,#6854,.T.);
#3768=CARTESIAN_POINT('',(1.25,-0.902654187657769,-13.115));
#3769=DIRECTION('',(0.0,0.0,1.0));
#3770=DIRECTION('',(1.0,0.0,0.0));
#3771=SURFACE_STYLE_FILL_AREA(#6855);
#3772=ORIENTED_EDGE('',*,*,#6699,.F.);
#3773=ORIENTED_EDGE('',*,*,#6856,.T.);
#3774=ORIENTED_EDGE('',*,*,#6857,.F.);
#3775=ORIENTED_EDGE('',*,*,#6850,.T.);
#3776=CARTESIAN_POINT('',(1.56,-0.5020609464614,-13.115));
#3777=DIRECTION('',(1.0,0.0,0.0));
#3778=DIRECTION('',(0.0,1.0,0.0));
#3779=SURFACE_STYLE_FILL_AREA(#6858);
#3780=ORIENTED_EDGE('',*,*,#6859,.T.);
#3781=ORIENTED_EDGE('',*,*,#6860,.F.);
#3782=ORIENTED_EDGE('',*,*,#6853,.F.);
#3783=ORIENTED_EDGE('',*,*,#6861,.T.);
#3784=CARTESIAN_POINT('',(0.995,-3.0020609464614,-13.115));
#3785=DIRECTION('',(-0.992546151641322,-0.121869343405148,0.0));
#3786=DIRECTION('',(0.121869343405148,-0.992546151641322,0.0));
#3787=SURFACE_STYLE_FILL_AREA(#6862);
#3788=ORIENTED_EDGE('',*,*,#6701,.F.);
#3789=ORIENTED_EDGE('',*,*,#6854,.F.);
#3790=ORIENTED_EDGE('',*,*,#6860,.T.);
#3791=ORIENTED_EDGE('',*,*,#6863,.T.);
#3792=CARTESIAN_POINT('',(0.94,-0.502060946461397,-13.115));
#3793=DIRECTION('',(-1.0,-0.0,0.0));
#3794=DIRECTION('',(0.0,-1.0,-0.0));
#3795=SURFACE_STYLE_FILL_AREA(#6864);
#3796=ORIENTED_EDGE('',*,*,#6865,.T.);
#3797=ORIENTED_EDGE('',*,*,#6866,.F.);
#3798=ORIENTED_EDGE('',*,*,#6851,.T.);
#3799=ORIENTED_EDGE('',*,*,#6857,.T.);
#3800=CARTESIAN_POINT('',(1.505,-3.0020609464614,-13.115));
#3801=DIRECTION('',(0.992546151641322,-0.121869343405148,0.0));
#3802=DIRECTION('',(0.121869343405148,0.992546151641322,0.0));
#3803=SURFACE_STYLE_FILL_AREA(#6867);
#3804=ORIENTED_EDGE('',*,*,#6868,.T.);
#3805=ORIENTED_EDGE('',*,*,#6861,.F.);
#3806=ORIENTED_EDGE('',*,*,#6852,.T.);
#3807=ORIENTED_EDGE('',*,*,#6866,.T.);
#3808=CARTESIAN_POINT('',(1.25,-3.45,-13.115));
#3809=DIRECTION('',(0.0,-1.0,0.0));
#3810=DIRECTION('',(1.0,0.0,0.0));
#3811=SURFACE_STYLE_FILL_AREA(#6869);
#3812=ORIENTED_EDGE('',*,*,#6702,.F.);
#3813=ORIENTED_EDGE('',*,*,#6863,.F.);
#3814=ORIENTED_EDGE('',*,*,#6859,.F.);
#3815=ORIENTED_EDGE('',*,*,#6868,.F.);
#3816=ORIENTED_EDGE('',*,*,#6865,.F.);
#3817=ORIENTED_EDGE('',*,*,#6856,.F.);
#3818=CARTESIAN_POINT('',(1.25,-0.902654187657769,-12.865));
#3819=DIRECTION('',(0.0,0.0,1.0));
#3820=DIRECTION('',(1.0,0.0,0.0));
#3821=SURFACE_STYLE_FILL_AREA(#6870);
#3822=ORIENTED_EDGE('',*,*,#6696,.F.);
#3823=ORIENTED_EDGE('',*,*,#6871,.F.);
#3824=ORIENTED_EDGE('',*,*,#6872,.F.);
#3825=ORIENTED_EDGE('',*,*,#6873,.F.);
#3826=ORIENTED_EDGE('',*,*,#6874,.T.);
#3827=ORIENTED_EDGE('',*,*,#6875,.T.);
#3828=CARTESIAN_POINT('',(-1.25,-0.902654187657769,-13.115));
#3829=DIRECTION('',(0.0,0.0,1.0));
#3830=DIRECTION('',(1.0,0.0,0.0));
#3831=SURFACE_STYLE_FILL_AREA(#6876);
#3832=ORIENTED_EDGE('',*,*,#6695,.F.);
#3833=ORIENTED_EDGE('',*,*,#6877,.T.);
#3834=ORIENTED_EDGE('',*,*,#6878,.F.);
#3835=ORIENTED_EDGE('',*,*,#6871,.T.);
#3836=CARTESIAN_POINT('',(-0.94,-0.5020609464614,-13.115));
#3837=DIRECTION('',(1.0,0.0,0.0));
#3838=DIRECTION('',(0.0,1.0,0.0));
#3839=SURFACE_STYLE_FILL_AREA(#6879);
#3840=ORIENTED_EDGE('',*,*,#6880,.T.);
#3841=ORIENTED_EDGE('',*,*,#6881,.F.);
#3842=ORIENTED_EDGE('',*,*,#6874,.F.);
#3843=ORIENTED_EDGE('',*,*,#6882,.T.);
#3844=CARTESIAN_POINT('',(-1.505,-3.0020609464614,-13.115));
#3845=DIRECTION('',(-0.992546151641322,-0.121869343405148,0.0));
#3846=DIRECTION('',(0.121869343405148,-0.992546151641322,0.0));
#3847=SURFACE_STYLE_FILL_AREA(#6883);
#3848=ORIENTED_EDGE('',*,*,#6697,.F.);
#3849=ORIENTED_EDGE('',*,*,#6875,.F.);
#3850=ORIENTED_EDGE('',*,*,#6881,.T.);
#3851=ORIENTED_EDGE('',*,*,#6884,.T.);
#3852=CARTESIAN_POINT('',(-1.56,-0.502060946461397,-13.115));
#3853=DIRECTION('',(-1.0,-0.0,0.0));
#3854=DIRECTION('',(0.0,-1.0,-0.0));
#3855=SURFACE_STYLE_FILL_AREA(#6885);
#3856=ORIENTED_EDGE('',*,*,#6886,.T.);
#3857=ORIENTED_EDGE('',*,*,#6887,.F.);
#3858=ORIENTED_EDGE('',*,*,#6872,.T.);
#3859=ORIENTED_EDGE('',*,*,#6878,.T.);
#3860=CARTESIAN_POINT('',(-0.995,-3.0020609464614,-13.115));
#3861=DIRECTION('',(0.992546151641322,-0.121869343405148,0.0));
#3862=DIRECTION('',(0.121869343405148,0.992546151641322,0.0));
#3863=SURFACE_STYLE_FILL_AREA(#6888);
#3864=ORIENTED_EDGE('',*,*,#6889,.T.);
#3865=ORIENTED_EDGE('',*,*,#6882,.F.);
#3866=ORIENTED_EDGE('',*,*,#6873,.T.);
#3867=ORIENTED_EDGE('',*,*,#6887,.T.);
#3868=CARTESIAN_POINT('',(-1.25,-3.45,-13.115));
#3869=DIRECTION('',(0.0,-1.0,0.0));
#3870=DIRECTION('',(1.0,0.0,0.0));
#3871=SURFACE_STYLE_FILL_AREA(#6890);
#3872=ORIENTED_EDGE('',*,*,#6698,.F.);
#3873=ORIENTED_EDGE('',*,*,#6884,.F.);
#3874=ORIENTED_EDGE('',*,*,#6880,.F.);
#3875=ORIENTED_EDGE('',*,*,#6889,.F.);
#3876=ORIENTED_EDGE('',*,*,#6886,.F.);
#3877=ORIENTED_EDGE('',*,*,#6877,.F.);
#3878=CARTESIAN_POINT('',(-1.25,-0.902654187657769,-12.865));
#3879=DIRECTION('',(0.0,0.0,1.0));
#3880=DIRECTION('',(1.0,0.0,0.0));
#3881=SURFACE_STYLE_FILL_AREA(#6891);
#3882=ORIENTED_EDGE('',*,*,#6892,.F.);
#3883=ORIENTED_EDGE('',*,*,#6893,.T.);
#3884=ORIENTED_EDGE('',*,*,#6894,.F.);
#3885=ORIENTED_EDGE('',*,*,#6895,.T.);
#3886=CARTESIAN_POINT('',(1.85,6.87841408607132,-2.89336412122391));
#3887=DIRECTION('',(-1.3677972502729E-16,-0.873656344285281,-0.486543515104331));
#3888=DIRECTION('',(-6.08817248733452E-18,-0.486543515104331,0.873656344285281));
#3889=SURFACE_STYLE_FILL_AREA(#6896);
#3890=ORIENTED_EDGE('',*,*,#6897,.F.);
#3891=ORIENTED_EDGE('',*,*,#6895,.F.);
#3892=ORIENTED_EDGE('',*,*,#6898,.T.);
#3893=ORIENTED_EDGE('',*,*,#6899,.F.);
#3894=ORIENTED_EDGE('',*,*,#6900,.F.);
#3895=ORIENTED_EDGE('',*,*,#6901,.F.);
#3896=ORIENTED_EDGE('',*,*,#6902,.F.);
#3897=ORIENTED_EDGE('',*,*,#6903,.F.);
#3898=CARTESIAN_POINT('',(1.85,6.81413338003566,-4.27804165730568));
#3899=DIRECTION('',(-1.0,1.22460635382238E-16,6.12303176911189E-17));
#3900=DIRECTION('',(-6.12303176911189E-17,7.49830360911069E-33,-1.0));
#3901=SURFACE_STYLE_FILL_AREA(#6904);
#3902=ORIENTED_EDGE('',*,*,#6905,.F.);
#3903=ORIENTED_EDGE('',*,*,#6899,.T.);
#3904=ORIENTED_EDGE('',*,*,#6906,.T.);
#3905=ORIENTED_EDGE('',*,*,#6907,.T.);
#3906=CARTESIAN_POINT('',(1.85,6.60548807922447,-5.71326166853413));
#3907=DIRECTION('',(-8.85183087223474E-17,-0.919442709375051,0.393223987285955));
#3908=DIRECTION('',(1.04452228524393E-16,0.393223987285955,0.919442709375051));
#3909=SURFACE_STYLE_FILL_AREA(#6908);
#3910=ORIENTED_EDGE('',*,*,#6909,.F.);
#3911=ORIENTED_EDGE('',*,*,#6910,.T.);
#3912=ORIENTED_EDGE('',*,*,#6911,.F.);
#3913=ORIENTED_EDGE('',*,*,#6901,.T.);
#3914=CARTESIAN_POINT('',(1.85,6.84710066980086,-5.76397932128521));
#3915=DIRECTION('',(8.80429326343724E-17,0.917647046621385,-0.397396398860194));
#3916=DIRECTION('',(-1.04853235695977E-16,-0.397396398860194,-0.917647046621385));
#3917=SURFACE_STYLE_FILL_AREA(#6912);
#3918=ORIENTED_EDGE('',*,*,#6913,.T.);
#3919=ORIENTED_EDGE('',*,*,#6914,.F.);
#3920=ORIENTED_EDGE('',*,*,#6902,.T.);
#3921=ORIENTED_EDGE('',*,*,#6911,.T.);
#3922=CARTESIAN_POINT('',(1.85,6.85000000000001,-3.87));
#3923=DIRECTION('',(-1.0,1.22460635382238E-16,6.12303176911189E-17));
#3924=DIRECTION('',(-6.12303176911189E-17,7.49830360911069E-33,-1.0));
#3925=SURFACE_STYLE_FILL_AREA(#6915);
#3926=ORIENTED_EDGE('',*,*,#6916,.F.);
#3927=ORIENTED_EDGE('',*,*,#6903,.T.);
#3928=ORIENTED_EDGE('',*,*,#6914,.T.);
#3929=ORIENTED_EDGE('',*,*,#6917,.T.);
#3930=CARTESIAN_POINT('',(1.85,7.1088347579663,-2.82590729910197));
#3931=DIRECTION('',(1.36627243649237E-16,0.863559354576795,0.504247202394728));
#3932=DIRECTION('',(8.87441916909947E-18,0.504247202394728,-0.863559354576795));
#3933=SURFACE_STYLE_FILL_AREA(#6918);
#3934=ORIENTED_EDGE('',*,*,#6919,.T.);
#3935=ORIENTED_EDGE('',*,*,#6906,.F.);
#3936=ORIENTED_EDGE('',*,*,#6898,.F.);
#3937=ORIENTED_EDGE('',*,*,#6894,.T.);
#3938=CARTESIAN_POINT('',(1.85,6.85,-3.87));
#3939=DIRECTION('',(-1.0,1.22460635382238E-16,6.12303176911189E-17));
#3940=DIRECTION('',(-6.12303176911189E-17,7.49830360911069E-33,-1.0));
#3941=SURFACE_STYLE_FILL_AREA(#6920);
#3942=ORIENTED_EDGE('',*,*,#6921,.F.);
#3943=ORIENTED_EDGE('',*,*,#6917,.F.);
#3944=ORIENTED_EDGE('',*,*,#6913,.F.);
#3945=ORIENTED_EDGE('',*,*,#6910,.F.);
#3946=ORIENTED_EDGE('',*,*,#6922,.F.);
#3947=ORIENTED_EDGE('',*,*,#6907,.F.);
#3948=ORIENTED_EDGE('',*,*,#6919,.F.);
#3949=ORIENTED_EDGE('',*,*,#6893,.F.);
#3950=CARTESIAN_POINT('',(0.65,6.81413338003567,-4.27804165730568));
#3951=DIRECTION('',(-1.0,1.22460635382238E-16,6.12303176911189E-17));
#3952=DIRECTION('',(-6.12303176911189E-17,7.49830360911069E-33,-1.0));
#3953=SURFACE_STYLE_FILL_AREA(#6923);
#3954=ORIENTED_EDGE('',*,*,#6924,.T.);
#3955=ORIENTED_EDGE('',*,*,#6925,.T.);
#3956=ORIENTED_EDGE('',*,*,#6926,.T.);
#3957=ORIENTED_EDGE('',*,*,#6927,.T.);
#3958=ORIENTED_EDGE('',*,*,#6928,.T.);
#3959=ORIENTED_EDGE('',*,*,#6929,.T.);
#3960=ORIENTED_EDGE('',*,*,#6930,.T.);
#3961=ORIENTED_EDGE('',*,*,#6931,.T.);
#3962=ORIENTED_EDGE('',*,*,#6932,.F.);
#3963=ORIENTED_EDGE('',*,*,#6933,.F.);
#3964=ORIENTED_EDGE('',*,*,#6934,.T.);
#3965=ORIENTED_EDGE('',*,*,#6935,.T.);
#3966=ORIENTED_EDGE('',*,*,#6905,.T.);
#3967=ORIENTED_EDGE('',*,*,#6922,.T.);
#3968=ORIENTED_EDGE('',*,*,#6909,.T.);
#3969=ORIENTED_EDGE('',*,*,#6900,.T.);
#3970=ORIENTED_EDGE('',*,*,#6892,.T.);
#3971=ORIENTED_EDGE('',*,*,#6897,.T.);
#3972=ORIENTED_EDGE('',*,*,#6916,.T.);
#3973=ORIENTED_EDGE('',*,*,#6921,.T.);
#3974=CARTESIAN_POINT('',(-2.8,6.98,-5.25));
#3975=DIRECTION('',(0.0,1.0,0.0));
#3976=DIRECTION('',(-6.12303176911189E-17,0.0,1.0));
#3977=SURFACE_STYLE_FILL_AREA(#6936);
#3978=ORIENTED_EDGE('',*,*,#6924,.F.);
#3979=ORIENTED_EDGE('',*,*,#6937,.T.);
#3980=ORIENTED_EDGE('',*,*,#6938,.F.);
#3981=ORIENTED_EDGE('',*,*,#6939,.T.);
#3982=CARTESIAN_POINT('',(-0.65,6.87841408607132,-2.89336412122391));
#3983=DIRECTION('',(-1.3677972502729E-16,-0.873656344285281,-0.486543515104331));
#3984=DIRECTION('',(-6.08817248733452E-18,-0.486543515104331,0.873656344285281));
#3985=SURFACE_STYLE_FILL_AREA(#6940);
#3986=ORIENTED_EDGE('',*,*,#6925,.F.);
#3987=ORIENTED_EDGE('',*,*,#6939,.F.);
#3988=ORIENTED_EDGE('',*,*,#6941,.T.);
#3989=ORIENTED_EDGE('',*,*,#6942,.F.);
#3990=ORIENTED_EDGE('',*,*,#6931,.F.);
#3991=ORIENTED_EDGE('',*,*,#6943,.F.);
#3992=ORIENTED_EDGE('',*,*,#6944,.F.);
#3993=ORIENTED_EDGE('',*,*,#6945,.F.);
#3994=CARTESIAN_POINT('',(-0.65,6.81413338003566,-4.27804165730568));
#3995=DIRECTION('',(-1.0,1.22460635382238E-16,6.12303176911189E-17));
#3996=DIRECTION('',(-6.12303176911189E-17,7.49830360911069E-33,-1.0));
#3997=SURFACE_STYLE_FILL_AREA(#6946);
#3998=ORIENTED_EDGE('',*,*,#6928,.F.);
#3999=ORIENTED_EDGE('',*,*,#6942,.T.);
#4000=ORIENTED_EDGE('',*,*,#6947,.T.);
#4001=ORIENTED_EDGE('',*,*,#6948,.T.);
#4002=CARTESIAN_POINT('',(-0.65,6.60548807922447,-5.71326166853413));
#4003=DIRECTION('',(-8.85183087223474E-17,-0.919442709375051,0.393223987285955));
#4004=DIRECTION('',(1.04452228524393E-16,0.393223987285955,0.919442709375051));
#4005=SURFACE_STYLE_FILL_AREA(#6949);
#4006=ORIENTED_EDGE('',*,*,#6930,.F.);
#4007=ORIENTED_EDGE('',*,*,#6950,.T.);
#4008=ORIENTED_EDGE('',*,*,#6951,.F.);
#4009=ORIENTED_EDGE('',*,*,#6943,.T.);
#4010=CARTESIAN_POINT('',(-0.65,6.84710066980086,-5.76397932128521));
#4011=DIRECTION('',(8.80429326343724E-17,0.917647046621385,-0.397396398860194));
#4012=DIRECTION('',(-1.04853235695977E-16,-0.397396398860194,-0.917647046621385));
#4013=SURFACE_STYLE_FILL_AREA(#6952);
#4014=ORIENTED_EDGE('',*,*,#6953,.T.);
#4015=ORIENTED_EDGE('',*,*,#6954,.F.);
#4016=ORIENTED_EDGE('',*,*,#6944,.T.);
#4017=ORIENTED_EDGE('',*,*,#6951,.T.);
#4018=CARTESIAN_POINT('',(-0.65,6.85000000000001,-3.87));
#4019=DIRECTION('',(-1.0,1.22460635382238E-16,6.12303176911189E-17));
#4020=DIRECTION('',(-6.12303176911189E-17,7.49830360911069E-33,-1.0));
#4021=SURFACE_STYLE_FILL_AREA(#6955);
#4022=ORIENTED_EDGE('',*,*,#6926,.F.);
#4023=ORIENTED_EDGE('',*,*,#6945,.T.);
#4024=ORIENTED_EDGE('',*,*,#6954,.T.);
#4025=ORIENTED_EDGE('',*,*,#6956,.T.);
#4026=CARTESIAN_POINT('',(-0.65,7.1088347579663,-2.82590729910197));
#4027=DIRECTION('',(1.36627243649237E-16,0.863559354576795,0.504247202394728));
#4028=DIRECTION('',(8.87441916909947E-18,0.504247202394728,-0.863559354576795));
#4029=SURFACE_STYLE_FILL_AREA(#6957);
#4030=ORIENTED_EDGE('',*,*,#6958,.T.);
#4031=ORIENTED_EDGE('',*,*,#6947,.F.);
#4032=ORIENTED_EDGE('',*,*,#6941,.F.);
#4033=ORIENTED_EDGE('',*,*,#6938,.T.);
#4034=CARTESIAN_POINT('',(-0.65,6.85,-3.87));
#4035=DIRECTION('',(-1.0,1.22460635382238E-16,6.12303176911189E-17));
#4036=DIRECTION('',(-6.12303176911189E-17,7.49830360911069E-33,-1.0));
#4037=SURFACE_STYLE_FILL_AREA(#6959);
#4038=ORIENTED_EDGE('',*,*,#6927,.F.);
#4039=ORIENTED_EDGE('',*,*,#6956,.F.);
#4040=ORIENTED_EDGE('',*,*,#6953,.F.);
#4041=ORIENTED_EDGE('',*,*,#6950,.F.);
#4042=ORIENTED_EDGE('',*,*,#6929,.F.);
#4043=ORIENTED_EDGE('',*,*,#6948,.F.);
#4044=ORIENTED_EDGE('',*,*,#6958,.F.);
#4045=ORIENTED_EDGE('',*,*,#6937,.F.);
#4046=CARTESIAN_POINT('',(-1.85,6.81413338003566,-4.27804165730568));
#4047=DIRECTION('',(-1.0,1.22460635382238E-16,6.12303176911189E-17));
#4048=DIRECTION('',(-6.12303176911189E-17,7.49830360911069E-33,-1.0));
#4049=SURFACE_STYLE_FILL_AREA(#6960);
#4050=ORIENTED_EDGE('',*,*,#6961,.F.);
#4051=ORIENTED_EDGE('',*,*,#6962,.T.);
#4052=ORIENTED_EDGE('',*,*,#6963,.F.);
#4053=ORIENTED_EDGE('',*,*,#6964,.T.);
#4054=CARTESIAN_POINT('',(0.65,3.90158591392868,-2.89336412122391));
#4055=DIRECTION('',(2.97912140003919E-17,0.873656344285281,-0.486543515104331));
#4056=DIRECTION('',(-5.34942555134493E-17,0.486543515104331,0.873656344285281));
#4057=SURFACE_STYLE_FILL_AREA(#6965);
#4058=ORIENTED_EDGE('',*,*,#6966,.F.);
#4059=ORIENTED_EDGE('',*,*,#6964,.F.);
#4060=ORIENTED_EDGE('',*,*,#6967,.T.);
#4061=ORIENTED_EDGE('',*,*,#6968,.F.);
#4062=ORIENTED_EDGE('',*,*,#6969,.F.);
#4063=ORIENTED_EDGE('',*,*,#6970,.F.);
#4064=ORIENTED_EDGE('',*,*,#6971,.F.);
#4065=ORIENTED_EDGE('',*,*,#6972,.F.);
#4066=CARTESIAN_POINT('',(0.65,3.96586661996434,-4.27804165730568));
#4067=DIRECTION('',(1.0,0.0,6.12303176911189E-17));
#4068=DIRECTION('',(6.12303176911189E-17,0.0,-1.0));
#4069=SURFACE_STYLE_FILL_AREA(#6973);
#4070=ORIENTED_EDGE('',*,*,#6974,.F.);
#4071=ORIENTED_EDGE('',*,*,#6968,.T.);
#4072=ORIENTED_EDGE('',*,*,#6975,.T.);
#4073=ORIENTED_EDGE('',*,*,#6976,.T.);
#4074=CARTESIAN_POINT('',(0.65,4.17451192077553,-5.71326166853413));
#4075=DIRECTION('',(-2.40772296652875E-17,0.919442709375051,0.393223987285955));
#4076=DIRECTION('',(-5.62977691938175E-17,-0.393223987285955,0.919442709375051));
#4077=SURFACE_STYLE_FILL_AREA(#6977);
#4078=ORIENTED_EDGE('',*,*,#6978,.F.);
#4079=ORIENTED_EDGE('',*,*,#6979,.T.);
#4080=ORIENTED_EDGE('',*,*,#6980,.F.);
#4081=ORIENTED_EDGE('',*,*,#6970,.T.);
#4082=CARTESIAN_POINT('',(0.65,3.93289933019913,-5.76397932128521));
#4083=DIRECTION('',(2.43327077515162E-17,-0.917647046621385,-0.397396398860194));
#4084=DIRECTION('',(5.61878201929443E-17,0.397396398860194,-0.917647046621385));
#4085=SURFACE_STYLE_FILL_AREA(#6981);
#4086=ORIENTED_EDGE('',*,*,#6982,.T.);
#4087=ORIENTED_EDGE('',*,*,#6983,.F.);
#4088=ORIENTED_EDGE('',*,*,#6971,.T.);
#4089=ORIENTED_EDGE('',*,*,#6980,.T.);
#4090=CARTESIAN_POINT('',(0.65,3.92999999999999,-3.87));
#4091=DIRECTION('',(1.0,0.0,6.12303176911189E-17));
#4092=DIRECTION('',(6.12303176911189E-17,0.0,-1.0));
#4093=SURFACE_STYLE_FILL_AREA(#6984);
#4094=ORIENTED_EDGE('',*,*,#6985,.F.);
#4095=ORIENTED_EDGE('',*,*,#6972,.T.);
#4096=ORIENTED_EDGE('',*,*,#6983,.T.);
#4097=ORIENTED_EDGE('',*,*,#6986,.T.);
#4098=CARTESIAN_POINT('',(0.65,3.6711652420337,-2.82590729910197));
#4099=DIRECTION('',(-3.08752163974871E-17,-0.863559354576795,0.504247202394728));
#4100=DIRECTION('',(5.28760136258747E-17,-0.504247202394728,-0.863559354576795));
#4101=SURFACE_STYLE_FILL_AREA(#6987);
#4102=ORIENTED_EDGE('',*,*,#6988,.T.);
#4103=ORIENTED_EDGE('',*,*,#6975,.F.);
#4104=ORIENTED_EDGE('',*,*,#6967,.F.);
#4105=ORIENTED_EDGE('',*,*,#6963,.T.);
#4106=CARTESIAN_POINT('',(0.65,3.93,-3.87));
#4107=DIRECTION('',(1.0,0.0,6.12303176911189E-17));
#4108=DIRECTION('',(6.12303176911189E-17,0.0,-1.0));
#4109=SURFACE_STYLE_FILL_AREA(#6989);
#4110=ORIENTED_EDGE('',*,*,#6990,.F.);
#4111=ORIENTED_EDGE('',*,*,#6986,.F.);
#4112=ORIENTED_EDGE('',*,*,#6982,.F.);
#4113=ORIENTED_EDGE('',*,*,#6979,.F.);
#4114=ORIENTED_EDGE('',*,*,#6991,.F.);
#4115=ORIENTED_EDGE('',*,*,#6976,.F.);
#4116=ORIENTED_EDGE('',*,*,#6988,.F.);
#4117=ORIENTED_EDGE('',*,*,#6962,.F.);
#4118=CARTESIAN_POINT('',(1.85,3.96586661996434,-4.27804165730568));
#4119=DIRECTION('',(1.0,0.0,6.12303176911189E-17));
#4120=DIRECTION('',(6.12303176911189E-17,0.0,-1.0));
#4121=SURFACE_STYLE_FILL_AREA(#6992);
#4122=ORIENTED_EDGE('',*,*,#6993,.T.);
#4123=ORIENTED_EDGE('',*,*,#6994,.T.);
#4124=ORIENTED_EDGE('',*,*,#6995,.T.);
#4125=ORIENTED_EDGE('',*,*,#6996,.T.);
#4126=ORIENTED_EDGE('',*,*,#6997,.T.);
#4127=ORIENTED_EDGE('',*,*,#6998,.T.);
#4128=ORIENTED_EDGE('',*,*,#6999,.T.);
#4129=ORIENTED_EDGE('',*,*,#7000,.T.);
#4130=ORIENTED_EDGE('',*,*,#7001,.F.);
#4131=ORIENTED_EDGE('',*,*,#7002,.T.);
#4132=ORIENTED_EDGE('',*,*,#7003,.F.);
#4133=ORIENTED_EDGE('',*,*,#7004,.T.);
#4134=ORIENTED_EDGE('',*,*,#6974,.T.);
#4135=ORIENTED_EDGE('',*,*,#6991,.T.);
#4136=ORIENTED_EDGE('',*,*,#6978,.T.);
#4137=ORIENTED_EDGE('',*,*,#6969,.T.);
#4138=ORIENTED_EDGE('',*,*,#6961,.T.);
#4139=ORIENTED_EDGE('',*,*,#6966,.T.);
#4140=ORIENTED_EDGE('',*,*,#6985,.T.);
#4141=ORIENTED_EDGE('',*,*,#6990,.T.);
#4142=CARTESIAN_POINT('',(-2.8,3.8,-5.25));
#4143=DIRECTION('',(0.0,-1.0,0.0));
#4144=DIRECTION('',(6.12303176911189E-17,0.0,-1.0));
#4145=SURFACE_STYLE_FILL_AREA(#7005);
#4146=ORIENTED_EDGE('',*,*,#6993,.F.);
#4147=ORIENTED_EDGE('',*,*,#7006,.T.);
#4148=ORIENTED_EDGE('',*,*,#7007,.F.);
#4149=ORIENTED_EDGE('',*,*,#7008,.T.);
#4150=CARTESIAN_POINT('',(-1.85,3.90158591392868,-2.89336412122391));
#4151=DIRECTION('',(2.97912140003919E-17,0.873656344285281,-0.486543515104331));
#4152=DIRECTION('',(-5.34942555134493E-17,0.486543515104331,0.873656344285281));
#4153=SURFACE_STYLE_FILL_AREA(#7009);
#4154=ORIENTED_EDGE('',*,*,#6994,.F.);
#4155=ORIENTED_EDGE('',*,*,#7008,.F.);
#4156=ORIENTED_EDGE('',*,*,#7010,.T.);
#4157=ORIENTED_EDGE('',*,*,#7011,.F.);
#4158=ORIENTED_EDGE('',*,*,#7000,.F.);
#4159=ORIENTED_EDGE('',*,*,#7012,.F.);
#4160=ORIENTED_EDGE('',*,*,#7013,.F.);
#4161=ORIENTED_EDGE('',*,*,#7014,.F.);
#4162=CARTESIAN_POINT('',(-1.85,3.96586661996434,-4.27804165730568));
#4163=DIRECTION('',(1.0,0.0,6.12303176911189E-17));
#4164=DIRECTION('',(6.12303176911189E-17,0.0,-1.0));
#4165=SURFACE_STYLE_FILL_AREA(#7015);
#4166=ORIENTED_EDGE('',*,*,#6997,.F.);
#4167=ORIENTED_EDGE('',*,*,#7011,.T.);
#4168=ORIENTED_EDGE('',*,*,#7016,.T.);
#4169=ORIENTED_EDGE('',*,*,#7017,.T.);
#4170=CARTESIAN_POINT('',(-1.85,4.17451192077553,-5.71326166853413));
#4171=DIRECTION('',(-2.40772296652875E-17,0.919442709375051,0.393223987285955));
#4172=DIRECTION('',(-5.62977691938175E-17,-0.393223987285955,0.919442709375051));
#4173=SURFACE_STYLE_FILL_AREA(#7018);
#4174=ORIENTED_EDGE('',*,*,#6999,.F.);
#4175=ORIENTED_EDGE('',*,*,#7019,.T.);
#4176=ORIENTED_EDGE('',*,*,#7020,.F.);
#4177=ORIENTED_EDGE('',*,*,#7012,.T.);
#4178=CARTESIAN_POINT('',(-1.85,3.93289933019913,-5.76397932128521));
#4179=DIRECTION('',(2.43327077515162E-17,-0.917647046621385,-0.397396398860194));
#4180=DIRECTION('',(5.61878201929443E-17,0.397396398860194,-0.917647046621385));
#4181=SURFACE_STYLE_FILL_AREA(#7021);
#4182=ORIENTED_EDGE('',*,*,#7022,.T.);
#4183=ORIENTED_EDGE('',*,*,#7023,.F.);
#4184=ORIENTED_EDGE('',*,*,#7013,.T.);
#4185=ORIENTED_EDGE('',*,*,#7020,.T.);
#4186=CARTESIAN_POINT('',(-1.85,3.92999999999999,-3.87));
#4187=DIRECTION('',(1.0,0.0,6.12303176911189E-17));
#4188=DIRECTION('',(6.12303176911189E-17,0.0,-1.0));
#4189=SURFACE_STYLE_FILL_AREA(#7024);
#4190=ORIENTED_EDGE('',*,*,#6995,.F.);
#4191=ORIENTED_EDGE('',*,*,#7014,.T.);
#4192=ORIENTED_EDGE('',*,*,#7023,.T.);
#4193=ORIENTED_EDGE('',*,*,#7025,.T.);
#4194=CARTESIAN_POINT('',(-1.85,3.6711652420337,-2.82590729910197));
#4195=DIRECTION('',(-3.08752163974871E-17,-0.863559354576795,0.504247202394728));
#4196=DIRECTION('',(5.28760136258747E-17,-0.504247202394728,-0.863559354576795));
#4197=SURFACE_STYLE_FILL_AREA(#7026);
#4198=ORIENTED_EDGE('',*,*,#7027,.T.);
#4199=ORIENTED_EDGE('',*,*,#7016,.F.);
#4200=ORIENTED_EDGE('',*,*,#7010,.F.);
#4201=ORIENTED_EDGE('',*,*,#7007,.T.);
#4202=CARTESIAN_POINT('',(-1.85,3.93,-3.87));
#4203=DIRECTION('',(1.0,0.0,6.12303176911189E-17));
#4204=DIRECTION('',(6.12303176911189E-17,0.0,-1.0));
#4205=SURFACE_STYLE_FILL_AREA(#7028);
#4206=ORIENTED_EDGE('',*,*,#6996,.F.);
#4207=ORIENTED_EDGE('',*,*,#7025,.F.);
#4208=ORIENTED_EDGE('',*,*,#7022,.F.);
#4209=ORIENTED_EDGE('',*,*,#7019,.F.);
#4210=ORIENTED_EDGE('',*,*,#6998,.F.);
#4211=ORIENTED_EDGE('',*,*,#7017,.F.);
#4212=ORIENTED_EDGE('',*,*,#7027,.F.);
#4213=ORIENTED_EDGE('',*,*,#7006,.F.);
#4214=CARTESIAN_POINT('',(-0.65,3.96586661996434,-4.27804165730568));
#4215=DIRECTION('',(1.0,0.0,6.12303176911189E-17));
#4216=DIRECTION('',(6.12303176911189E-17,0.0,-1.0));
#4217=SURFACE_STYLE_FILL_AREA(#7029);
#4218=ORIENTED_EDGE('',*,*,#7030,.F.);
#4219=ORIENTED_EDGE('',*,*,#6935,.F.);
#4220=ORIENTED_EDGE('',*,*,#7031,.F.);
#4221=ORIENTED_EDGE('',*,*,#7032,.F.);
#4222=ORIENTED_EDGE('',*,*,#7033,.F.);
#4223=ORIENTED_EDGE('',*,*,#7002,.F.);
#4224=CARTESIAN_POINT('',(2.8,5.39,-5.19516996164045));
#4225=DIRECTION('',(1.0,0.0,6.12303176911189E-17));
#4226=DIRECTION('',(6.12303176911189E-17,0.0,-1.0));
#4227=SURFACE_STYLE_FILL_AREA(#7034);
#4228=ORIENTED_EDGE('',*,*,#7033,.T.);
#4229=ORIENTED_EDGE('',*,*,#7035,.F.);
#4230=ORIENTED_EDGE('',*,*,#7036,.T.);
#4231=ORIENTED_EDGE('',*,*,#7003,.T.);
#4232=CARTESIAN_POINT('',(-2.8,3.9,-0.4));
#4233=DIRECTION('',(-4.32963728535968E-17,-0.707106781186547,0.707106781186548));
#4234=DIRECTION('',(4.32963728535968E-17,-0.707106781186548,-0.707106781186547));
#4235=SURFACE_STYLE_FILL_AREA(#7037);
#4236=ORIENTED_EDGE('',*,*,#7032,.T.);
#4237=ORIENTED_EDGE('',*,*,#7038,.F.);
#4238=ORIENTED_EDGE('',*,*,#7039,.F.);
#4239=ORIENTED_EDGE('',*,*,#7035,.T.);
#4240=CARTESIAN_POINT('',(-2.8,5.39,-0.3));
#4241=DIRECTION('',(-6.12303176911189E-17,9.98402000562191E-17,1.0));
#4242=DIRECTION('',(-6.11324716778716E-33,-1.0,9.98402000562191E-17));
#4243=SURFACE_STYLE_FILL_AREA(#7040);
#4244=ORIENTED_EDGE('',*,*,#7031,.T.);
#4245=ORIENTED_EDGE('',*,*,#6934,.F.);
#4246=ORIENTED_EDGE('',*,*,#7041,.F.);
#4247=ORIENTED_EDGE('',*,*,#7038,.T.);
#4248=CARTESIAN_POINT('',(-2.8,6.88,-0.400000000000001));
#4249=DIRECTION('',(-4.32963728535968E-17,0.707106781186547,0.707106781186548));
#4250=DIRECTION('',(-4.32963728535968E-17,-0.707106781186548,0.707106781186547));
#4251=SURFACE_STYLE_FILL_AREA(#7042);
#4252=ORIENTED_EDGE('',*,*,#7043,.F.);
#4253=ORIENTED_EDGE('',*,*,#7004,.F.);
#4254=ORIENTED_EDGE('',*,*,#7036,.F.);
#4255=ORIENTED_EDGE('',*,*,#7039,.T.);
#4256=ORIENTED_EDGE('',*,*,#7041,.T.);
#4257=ORIENTED_EDGE('',*,*,#6933,.T.);
#4258=CARTESIAN_POINT('',(-2.8,5.39,-5.19516996164045));
#4259=DIRECTION('',(1.0,0.0,6.12303176911189E-17));
#4260=DIRECTION('',(6.12303176911189E-17,0.0,-1.0));
#4261=SURFACE_STYLE_FILL_AREA(#7044);
#4262=ORIENTED_EDGE('',*,*,#7045,.F.);
#4263=ORIENTED_EDGE('',*,*,#7046,.F.);
#4264=ORIENTED_EDGE('',*,*,#7047,.F.);
#4265=ORIENTED_EDGE('',*,*,#7048,.T.);
#4266=CARTESIAN_POINT('',(4.95,4.44,-9.1));
#4267=DIRECTION('',(1.0,0.0,0.0));
#4268=DIRECTION('',(0.0,1.0,0.0));
#4269=SURFACE_STYLE_FILL_AREA(#7049);
#4270=ORIENTED_EDGE('',*,*,#7050,.F.);
#4271=ORIENTED_EDGE('',*,*,#7048,.F.);
#4272=ORIENTED_EDGE('',*,*,#7051,.F.);
#4273=ORIENTED_EDGE('',*,*,#7052,.T.);
#4274=ORIENTED_EDGE('',*,*,#6646,.F.);
#4275=ORIENTED_EDGE('',*,*,#7053,.F.);
#4276=CARTESIAN_POINT('',(4.5875,2.44,-9.1));
#4277=DIRECTION('',(-1.225073682345E-15,-1.0,0.0));
#4278=DIRECTION('',(1.0,-1.225073682345E-15,0.0));
#4279=SURFACE_STYLE_FILL_AREA(#7054);
#4280=ORIENTED_EDGE('',*,*,#6647,.F.);
#4281=ORIENTED_EDGE('',*,*,#7052,.F.);
#4282=ORIENTED_EDGE('',*,*,#7055,.F.);
#4283=ORIENTED_EDGE('',*,*,#7056,.T.);
#4284=CARTESIAN_POINT('',(4.225,1.945,-9.1));
#4285=DIRECTION('',(1.0,-3.58859967555606E-15,0.0));
#4286=DIRECTION('',(3.58859967555606E-15,1.0,0.0));
#4287=SURFACE_STYLE_FILL_AREA(#7057);
#4288=ORIENTED_EDGE('',*,*,#6648,.F.);
#4289=ORIENTED_EDGE('',*,*,#7056,.F.);
#4290=ORIENTED_EDGE('',*,*,#7058,.F.);
#4291=ORIENTED_EDGE('',*,*,#7059,.T.);
#4292=CARTESIAN_POINT('',(0.0,1.45,-9.1));
#4293=DIRECTION('',(0.0,-1.0,0.0));
#4294=DIRECTION('',(1.0,0.0,0.0));
#4295=SURFACE_STYLE_FILL_AREA(#7060);
#4296=ORIENTED_EDGE('',*,*,#6649,.F.);
#4297=ORIENTED_EDGE('',*,*,#7059,.F.);
#4298=ORIENTED_EDGE('',*,*,#7061,.F.);
#4299=ORIENTED_EDGE('',*,*,#7062,.T.);
#4300=CARTESIAN_POINT('',(-4.225,1.945,-9.1));
#4301=DIRECTION('',(-1.0,0.0,0.0));
#4302=DIRECTION('',(0.0,-1.0,0.0));
#4303=SURFACE_STYLE_FILL_AREA(#7063);
#4304=ORIENTED_EDGE('',*,*,#7064,.F.);
#4305=ORIENTED_EDGE('',*,*,#6650,.F.);
#4306=ORIENTED_EDGE('',*,*,#7062,.F.);
#4307=ORIENTED_EDGE('',*,*,#7065,.F.);
#4308=ORIENTED_EDGE('',*,*,#6637,.T.);
#4309=ORIENTED_EDGE('',*,*,#7066,.F.);
#4310=CARTESIAN_POINT('',(-4.5875,2.44,-9.1));
#4311=DIRECTION('',(1.225073682345E-15,-1.0,0.0));
#4312=DIRECTION('',(1.0,1.225073682345E-15,0.0));
#4313=SURFACE_STYLE_FILL_AREA(#7067);
#4314=ORIENTED_EDGE('',*,*,#6663,.F.);
#4315=ORIENTED_EDGE('',*,*,#6633,.F.);
#4316=ORIENTED_EDGE('',*,*,#7068,.F.);
#4317=ORIENTED_EDGE('',*,*,#7069,.T.);
#4318=CARTESIAN_POINT('',(-4.225,7.085,-9.1));
#4319=DIRECTION('',(-1.0,0.0,0.0));
#4320=DIRECTION('',(0.0,-1.0,0.0));
#4321=SURFACE_STYLE_FILL_AREA(#7070);
#4322=ORIENTED_EDGE('',*,*,#6664,.F.);
#4323=ORIENTED_EDGE('',*,*,#7069,.F.);
#4324=ORIENTED_EDGE('',*,*,#7071,.F.);
#4325=ORIENTED_EDGE('',*,*,#7072,.T.);
#4326=CARTESIAN_POINT('',(-3.475,8.48,-9.1));
#4327=DIRECTION('',(-0.707106781186547,0.707106781186548,0.0));
#4328=DIRECTION('',(-0.707106781186548,-0.707106781186547,0.0));
#4329=SURFACE_STYLE_FILL_AREA(#7073);
#4330=ORIENTED_EDGE('',*,*,#6665,.F.);
#4331=ORIENTED_EDGE('',*,*,#7072,.F.);
#4332=ORIENTED_EDGE('',*,*,#7074,.F.);
#4333=ORIENTED_EDGE('',*,*,#7075,.T.);
#4334=CARTESIAN_POINT('',(1.33226762955019E-15,9.23,-9.1));
#4335=DIRECTION('',(0.0,1.0,0.0));
#4336=DIRECTION('',(-1.0,0.0,0.0));
#4337=SURFACE_STYLE_FILL_AREA(#7076);
#4338=ORIENTED_EDGE('',*,*,#6666,.F.);
#4339=ORIENTED_EDGE('',*,*,#7075,.F.);
#4340=ORIENTED_EDGE('',*,*,#7077,.F.);
#4341=ORIENTED_EDGE('',*,*,#7078,.T.);
#4342=CARTESIAN_POINT('',(3.475,8.48,-9.1));
#4343=DIRECTION('',(0.707106781186547,0.707106781186548,0.0));
#4344=DIRECTION('',(-0.707106781186548,0.707106781186547,0.0));
#4345=SURFACE_STYLE_FILL_AREA(#7079);
#4346=ORIENTED_EDGE('',*,*,#6667,.F.);
#4347=ORIENTED_EDGE('',*,*,#7078,.F.);
#4348=ORIENTED_EDGE('',*,*,#7080,.F.);
#4349=ORIENTED_EDGE('',*,*,#7081,.T.);
#4350=CARTESIAN_POINT('',(4.225,7.085,-9.1));
#4351=DIRECTION('',(1.0,0.0,0.0));
#4352=DIRECTION('',(0.0,1.0,0.0));
#4353=SURFACE_STYLE_FILL_AREA(#7082);
#4354=ORIENTED_EDGE('',*,*,#6627,.F.);
#4355=ORIENTED_EDGE('',*,*,#6668,.F.);
#4356=ORIENTED_EDGE('',*,*,#7081,.F.);
#4357=ORIENTED_EDGE('',*,*,#7083,.F.);
#4358=ORIENTED_EDGE('',*,*,#7046,.T.);
#4359=ORIENTED_EDGE('',*,*,#7084,.F.);
#4360=CARTESIAN_POINT('',(4.5875,6.44,-9.1));
#4361=DIRECTION('',(0.0,1.0,0.0));
#4362=DIRECTION('',(-1.0,0.0,0.0));
#4363=SURFACE_STYLE_FILL_AREA(#7085);
#4364=ORIENTED_EDGE('',*,*,#6932,.T.);
#4365=ORIENTED_EDGE('',*,*,#7030,.T.);
#4366=ORIENTED_EDGE('',*,*,#7001,.T.);
#4367=ORIENTED_EDGE('',*,*,#7043,.T.);
#4368=ORIENTED_EDGE('',*,*,#6638,.T.);
#4369=ORIENTED_EDGE('',*,*,#7065,.T.);
#4370=ORIENTED_EDGE('',*,*,#7061,.T.);
#4371=ORIENTED_EDGE('',*,*,#7058,.T.);
#4372=ORIENTED_EDGE('',*,*,#7055,.T.);
#4373=ORIENTED_EDGE('',*,*,#7051,.T.);
#4374=ORIENTED_EDGE('',*,*,#7047,.T.);
#4375=ORIENTED_EDGE('',*,*,#7083,.T.);
#4376=ORIENTED_EDGE('',*,*,#7080,.T.);
#4377=ORIENTED_EDGE('',*,*,#7077,.T.);
#4378=ORIENTED_EDGE('',*,*,#7074,.T.);
#4379=ORIENTED_EDGE('',*,*,#7071,.T.);
#4380=ORIENTED_EDGE('',*,*,#7068,.T.);
#4381=ORIENTED_EDGE('',*,*,#6632,.T.);
#4382=CARTESIAN_POINT('',(7.07767178198537E-16,5.03115200382381,-9.1));
#4383=DIRECTION('',(0.0,0.0,1.0));
#4384=DIRECTION('',(1.0,0.0,0.0));
#4385=SURFACE_STYLE_FILL_AREA(#7086);
#4386=ORIENTED_EDGE('',*,*,#6747,.F.);
#4387=ORIENTED_EDGE('',*,*,#7087,.F.);
#4388=ORIENTED_EDGE('',*,*,#7088,.F.);
#4389=ORIENTED_EDGE('',*,*,#7089,.F.);
#4390=ORIENTED_EDGE('',*,*,#7090,.T.);
#4391=CARTESIAN_POINT('',(-5.76844654404028,6.05,-14.3754068806243));
#4392=DIRECTION('',(-1.22460635382238E-16,-1.0,6.12303176911189E-17));
#4393=DIRECTION('',(-1.0,1.22460635382238E-16,0.0));
#4394=SURFACE_STYLE_FILL_AREA(#7091);
#4395=ORIENTED_EDGE('',*,*,#6746,.F.);
#4396=ORIENTED_EDGE('',*,*,#7092,.T.);
#4397=ORIENTED_EDGE('',*,*,#7093,.F.);
#4398=ORIENTED_EDGE('',*,*,#7087,.T.);
#4399=CARTESIAN_POINT('',(-5.795,6.05,-14.8));
#4400=DIRECTION('',(-7.49830360911069E-33,-6.12303176911189E-17,-1.0));
#4401=DIRECTION('',(1.0,-1.22460635382238E-16,0.0));
#4402=SURFACE_STYLE_FILL_AREA(#7094);
#4403=ORIENTED_EDGE('',*,*,#7095,.T.);
#4404=ORIENTED_EDGE('',*,*,#7096,.F.);
#4405=ORIENTED_EDGE('',*,*,#7089,.T.);
#4406=ORIENTED_EDGE('',*,*,#7097,.T.);
#4407=CARTESIAN_POINT('',(-5.845,6.05,-14.0834936490539));
#4408=DIRECTION('',(-0.866025403784445,1.36669180050161E-16,0.49999999999999));
#4409=DIRECTION('',(-0.49999999999999,8.2033070888166E-18,-0.866025403784444));
#4410=SURFACE_STYLE_FILL_AREA(#7098);
#4411=ORIENTED_EDGE('',*,*,#6748,.F.);
#4412=ORIENTED_EDGE('',*,*,#7090,.F.);
#4413=ORIENTED_EDGE('',*,*,#7096,.T.);
#4414=ORIENTED_EDGE('',*,*,#7099,.T.);
#4415=CARTESIAN_POINT('',(-5.67,6.05,-13.8669872981078));
#4416=DIRECTION('',(7.49830360911069E-33,6.12303176911189E-17,1.0));
#4417=DIRECTION('',(-1.0,1.22460635382238E-16,0.0));
#4418=SURFACE_STYLE_FILL_AREA(#7100);
#4419=ORIENTED_EDGE('',*,*,#7101,.T.);
#4420=ORIENTED_EDGE('',*,*,#7097,.F.);
#4421=ORIENTED_EDGE('',*,*,#7088,.T.);
#4422=ORIENTED_EDGE('',*,*,#7093,.T.);
#4423=CARTESIAN_POINT('',(-5.97,6.05,-14.55));
#4424=DIRECTION('',(-1.0,1.22460635382238E-16,0.0));
#4425=DIRECTION('',(-7.49830360911069E-33,-6.12303176911189E-17,-1.0));
#4426=SURFACE_STYLE_FILL_AREA(#7102);
#4427=ORIENTED_EDGE('',*,*,#6749,.F.);
#4428=ORIENTED_EDGE('',*,*,#7099,.F.);
#4429=ORIENTED_EDGE('',*,*,#7095,.F.);
#4430=ORIENTED_EDGE('',*,*,#7101,.F.);
#4431=ORIENTED_EDGE('',*,*,#7092,.F.);
#4432=CARTESIAN_POINT('',(-5.76844654404028,4.75,-14.3754068806243));
#4433=DIRECTION('',(-1.22460635382238E-16,-1.0,6.12303176911189E-17));
#4434=DIRECTION('',(-1.0,1.22460635382238E-16,0.0));
#4435=SURFACE_STYLE_FILL_AREA(#7103);
#4436=ORIENTED_EDGE('',*,*,#6778,.F.);
#4437=ORIENTED_EDGE('',*,*,#7104,.F.);
#4438=ORIENTED_EDGE('',*,*,#7105,.F.);
#4439=ORIENTED_EDGE('',*,*,#7106,.F.);
#4440=ORIENTED_EDGE('',*,*,#7107,.T.);
#4441=CARTESIAN_POINT('',(5.76844654404028,4.75,-14.3754068806243));
#4442=DIRECTION('',(-0.0,1.0,6.12303176911189E-17));
#4443=DIRECTION('',(1.0,0.0,0.0));
#4444=SURFACE_STYLE_FILL_AREA(#7108);
#4445=ORIENTED_EDGE('',*,*,#6777,.F.);
#4446=ORIENTED_EDGE('',*,*,#7109,.T.);
#4447=ORIENTED_EDGE('',*,*,#7110,.F.);
#4448=ORIENTED_EDGE('',*,*,#7104,.T.);
#4449=CARTESIAN_POINT('',(5.795,4.75,-14.8));
#4450=DIRECTION('',(0.0,6.12303176911189E-17,-1.0));
#4451=DIRECTION('',(-1.0,0.0,0.0));
#4452=SURFACE_STYLE_FILL_AREA(#7111);
#4453=ORIENTED_EDGE('',*,*,#7112,.T.);
#4454=ORIENTED_EDGE('',*,*,#7113,.F.);
#4455=ORIENTED_EDGE('',*,*,#7106,.T.);
#4456=ORIENTED_EDGE('',*,*,#7114,.T.);
#4457=CARTESIAN_POINT('',(5.845,4.75,-14.0834936490539));
#4458=DIRECTION('',(0.866025403784445,-3.06151588455588E-17,0.49999999999999));
#4459=DIRECTION('',(0.49999999999999,5.3027010602301E-17,-0.866025403784444));
#4460=SURFACE_STYLE_FILL_AREA(#7115);
#4461=ORIENTED_EDGE('',*,*,#6779,.F.);
#4462=ORIENTED_EDGE('',*,*,#7107,.F.);
#4463=ORIENTED_EDGE('',*,*,#7113,.T.);
#4464=ORIENTED_EDGE('',*,*,#7116,.T.);
#4465=CARTESIAN_POINT('',(5.67,4.75,-13.8669872981078));
#4466=DIRECTION('',(0.0,-6.12303176911189E-17,1.0));
#4467=DIRECTION('',(1.0,0.0,0.0));
#4468=SURFACE_STYLE_FILL_AREA(#7117);
#4469=ORIENTED_EDGE('',*,*,#7118,.T.);
#4470=ORIENTED_EDGE('',*,*,#7114,.F.);
#4471=ORIENTED_EDGE('',*,*,#7105,.T.);
#4472=ORIENTED_EDGE('',*,*,#7110,.T.);
#4473=CARTESIAN_POINT('',(5.97,4.75,-14.55));
#4474=DIRECTION('',(1.0,0.0,0.0));
#4475=DIRECTION('',(0.0,6.12303176911189E-17,-1.0));
#4476=SURFACE_STYLE_FILL_AREA(#7119);
#4477=ORIENTED_EDGE('',*,*,#6780,.F.);
#4478=ORIENTED_EDGE('',*,*,#7116,.F.);
#4479=ORIENTED_EDGE('',*,*,#7112,.F.);
#4480=ORIENTED_EDGE('',*,*,#7118,.F.);
#4481=ORIENTED_EDGE('',*,*,#7109,.F.);
#4482=CARTESIAN_POINT('',(5.76844654404028,6.05,-14.3754068806243));
#4483=DIRECTION('',(-0.0,1.0,6.12303176911189E-17));
#4484=DIRECTION('',(1.0,0.0,0.0));
#4485=SURFACE_STYLE_FILL_AREA(#7120);
#4486=ORIENTED_EDGE('',*,*,#6769,.F.);
#4487=ORIENTED_EDGE('',*,*,#7121,.F.);
#4488=ORIENTED_EDGE('',*,*,#7122,.F.);
#4489=ORIENTED_EDGE('',*,*,#7123,.F.);
#4490=ORIENTED_EDGE('',*,*,#7124,.T.);
#4491=CARTESIAN_POINT('',(-5.76844654404028,8.55,-10.4754068806243));
#4492=DIRECTION('',(-1.22460635382238E-16,-1.0,6.12303176911189E-17));
#4493=DIRECTION('',(-1.0,1.22460635382238E-16,0.0));
#4494=SURFACE_STYLE_FILL_AREA(#7125);
#4495=ORIENTED_EDGE('',*,*,#6768,.F.);
#4496=ORIENTED_EDGE('',*,*,#7126,.T.);
#4497=ORIENTED_EDGE('',*,*,#7127,.F.);
#4498=ORIENTED_EDGE('',*,*,#7121,.T.);
#4499=CARTESIAN_POINT('',(-5.795,8.55,-10.9));
#4500=DIRECTION('',(-7.49830360911069E-33,-6.12303176911189E-17,-1.0));
#4501=DIRECTION('',(1.0,-1.22460635382238E-16,0.0));
#4502=SURFACE_STYLE_FILL_AREA(#7128);
#4503=ORIENTED_EDGE('',*,*,#7129,.T.);
#4504=ORIENTED_EDGE('',*,*,#7130,.F.);
#4505=ORIENTED_EDGE('',*,*,#7123,.T.);
#4506=ORIENTED_EDGE('',*,*,#7131,.T.);
#4507=CARTESIAN_POINT('',(-5.845,8.55,-10.1834936490539));
#4508=DIRECTION('',(-0.866025403784445,1.36669180050161E-16,0.49999999999999));
#4509=DIRECTION('',(-0.49999999999999,8.2033070888166E-18,-0.866025403784444));
#4510=SURFACE_STYLE_FILL_AREA(#7132);
#4511=ORIENTED_EDGE('',*,*,#6770,.F.);
#4512=ORIENTED_EDGE('',*,*,#7124,.F.);
#4513=ORIENTED_EDGE('',*,*,#7130,.T.);
#4514=ORIENTED_EDGE('',*,*,#7133,.T.);
#4515=CARTESIAN_POINT('',(-5.67,8.55,-9.96698729810778));
#4516=DIRECTION('',(7.49830360911069E-33,6.12303176911189E-17,1.0));
#4517=DIRECTION('',(-1.0,1.22460635382238E-16,0.0));
#4518=SURFACE_STYLE_FILL_AREA(#7134);
#4519=ORIENTED_EDGE('',*,*,#7135,.T.);
#4520=ORIENTED_EDGE('',*,*,#7131,.F.);
#4521=ORIENTED_EDGE('',*,*,#7122,.T.);
#4522=ORIENTED_EDGE('',*,*,#7127,.T.);
#4523=CARTESIAN_POINT('',(-5.97,8.55,-10.65));
#4524=DIRECTION('',(-1.0,1.22460635382238E-16,0.0));
#4525=DIRECTION('',(-7.49830360911069E-33,-6.12303176911189E-17,-1.0));
#4526=SURFACE_STYLE_FILL_AREA(#7136);
#4527=ORIENTED_EDGE('',*,*,#6771,.F.);
#4528=ORIENTED_EDGE('',*,*,#7133,.F.);
#4529=ORIENTED_EDGE('',*,*,#7129,.F.);
#4530=ORIENTED_EDGE('',*,*,#7135,.F.);
#4531=ORIENTED_EDGE('',*,*,#7126,.F.);
#4532=CARTESIAN_POINT('',(-5.76844654404028,7.35,-10.4754068806243));
#4533=DIRECTION('',(-1.22460635382238E-16,-1.0,6.12303176911189E-17));
#4534=DIRECTION('',(-1.0,1.22460635382238E-16,0.0));
#4535=SURFACE_STYLE_FILL_AREA(#7137);
#4536=ORIENTED_EDGE('',*,*,#6760,.F.);
#4537=ORIENTED_EDGE('',*,*,#7138,.F.);
#4538=ORIENTED_EDGE('',*,*,#7139,.F.);
#4539=ORIENTED_EDGE('',*,*,#7140,.F.);
#4540=ORIENTED_EDGE('',*,*,#7141,.T.);
#4541=CARTESIAN_POINT('',(-5.76844654404028,3.6,-10.4754068806243));
#4542=DIRECTION('',(-1.22460635382238E-16,-1.0,6.12303176911189E-17));
#4543=DIRECTION('',(-1.0,1.22460635382238E-16,0.0));
#4544=SURFACE_STYLE_FILL_AREA(#7142);
#4545=ORIENTED_EDGE('',*,*,#6759,.F.);
#4546=ORIENTED_EDGE('',*,*,#7143,.T.);
#4547=ORIENTED_EDGE('',*,*,#7144,.F.);
#4548=ORIENTED_EDGE('',*,*,#7138,.T.);
#4549=CARTESIAN_POINT('',(-5.795,3.6,-10.9));
#4550=DIRECTION('',(-7.49830360911069E-33,-6.12303176911189E-17,-1.0));
#4551=DIRECTION('',(1.0,-1.22460635382238E-16,0.0));
#4552=SURFACE_STYLE_FILL_AREA(#7145);
#4553=ORIENTED_EDGE('',*,*,#7146,.T.);
#4554=ORIENTED_EDGE('',*,*,#7147,.F.);
#4555=ORIENTED_EDGE('',*,*,#7140,.T.);
#4556=ORIENTED_EDGE('',*,*,#7148,.T.);
#4557=CARTESIAN_POINT('',(-5.845,3.6,-10.1834936490539));
#4558=DIRECTION('',(-0.866025403784445,1.36669180050161E-16,0.49999999999999));
#4559=DIRECTION('',(-0.49999999999999,8.2033070888166E-18,-0.866025403784444));
#4560=SURFACE_STYLE_FILL_AREA(#7149);
#4561=ORIENTED_EDGE('',*,*,#6761,.F.);
#4562=ORIENTED_EDGE('',*,*,#7141,.F.);
#4563=ORIENTED_EDGE('',*,*,#7147,.T.);
#4564=ORIENTED_EDGE('',*,*,#7150,.T.);
#4565=CARTESIAN_POINT('',(-5.67,3.6,-9.96698729810778));
#4566=DIRECTION('',(7.49830360911069E-33,6.12303176911189E-17,1.0));
#4567=DIRECTION('',(-1.0,1.22460635382238E-16,0.0));
#4568=SURFACE_STYLE_FILL_AREA(#7151);
#4569=ORIENTED_EDGE('',*,*,#7152,.T.);
#4570=ORIENTED_EDGE('',*,*,#7148,.F.);
#4571=ORIENTED_EDGE('',*,*,#7139,.T.);
#4572=ORIENTED_EDGE('',*,*,#7144,.T.);
#4573=CARTESIAN_POINT('',(-5.97,3.6,-10.65));
#4574=DIRECTION('',(-1.0,1.22460635382238E-16,0.0));
#4575=DIRECTION('',(-7.49830360911069E-33,-6.12303176911189E-17,-1.0));
#4576=SURFACE_STYLE_FILL_AREA(#7153);
#4577=ORIENTED_EDGE('',*,*,#6762,.F.);
#4578=ORIENTED_EDGE('',*,*,#7150,.F.);
#4579=ORIENTED_EDGE('',*,*,#7146,.F.);
#4580=ORIENTED_EDGE('',*,*,#7152,.F.);
#4581=ORIENTED_EDGE('',*,*,#7143,.F.);
#4582=CARTESIAN_POINT('',(-5.76844654404028,2.4,-10.4754068806243));
#4583=DIRECTION('',(-1.22460635382238E-16,-1.0,6.12303176911189E-17));
#4584=DIRECTION('',(-1.0,1.22460635382238E-16,0.0));
#4585=SURFACE_STYLE_FILL_AREA(#7154);
#4586=ORIENTED_EDGE('',*,*,#6800,.F.);
#4587=ORIENTED_EDGE('',*,*,#7155,.F.);
#4588=ORIENTED_EDGE('',*,*,#7156,.F.);
#4589=ORIENTED_EDGE('',*,*,#7157,.F.);
#4590=ORIENTED_EDGE('',*,*,#7158,.T.);
#4591=CARTESIAN_POINT('',(5.76844654404028,7.35,-10.4754068806243));
#4592=DIRECTION('',(-0.0,1.0,6.12303176911189E-17));
#4593=DIRECTION('',(1.0,0.0,0.0));
#4594=SURFACE_STYLE_FILL_AREA(#7159);
#4595=ORIENTED_EDGE('',*,*,#6799,.F.);
#4596=ORIENTED_EDGE('',*,*,#7160,.T.);
#4597=ORIENTED_EDGE('',*,*,#7161,.F.);
#4598=ORIENTED_EDGE('',*,*,#7155,.T.);
#4599=CARTESIAN_POINT('',(5.795,7.35,-10.9));
#4600=DIRECTION('',(0.0,6.12303176911189E-17,-1.0));
#4601=DIRECTION('',(-1.0,0.0,0.0));
#4602=SURFACE_STYLE_FILL_AREA(#7162);
#4603=ORIENTED_EDGE('',*,*,#7163,.T.);
#4604=ORIENTED_EDGE('',*,*,#7164,.F.);
#4605=ORIENTED_EDGE('',*,*,#7157,.T.);
#4606=ORIENTED_EDGE('',*,*,#7165,.T.);
#4607=CARTESIAN_POINT('',(5.845,7.35,-10.1834936490539));
#4608=DIRECTION('',(0.866025403784445,-3.06151588455588E-17,0.49999999999999));
#4609=DIRECTION('',(0.49999999999999,5.3027010602301E-17,-0.866025403784444));
#4610=SURFACE_STYLE_FILL_AREA(#7166);
#4611=ORIENTED_EDGE('',*,*,#6801,.F.);
#4612=ORIENTED_EDGE('',*,*,#7158,.F.);
#4613=ORIENTED_EDGE('',*,*,#7164,.T.);
#4614=ORIENTED_EDGE('',*,*,#7167,.T.);
#4615=CARTESIAN_POINT('',(5.67,7.35,-9.96698729810778));
#4616=DIRECTION('',(0.0,-6.12303176911189E-17,1.0));
#4617=DIRECTION('',(1.0,0.0,0.0));
#4618=SURFACE_STYLE_FILL_AREA(#7168);
#4619=ORIENTED_EDGE('',*,*,#7169,.T.);
#4620=ORIENTED_EDGE('',*,*,#7165,.F.);
#4621=ORIENTED_EDGE('',*,*,#7156,.T.);
#4622=ORIENTED_EDGE('',*,*,#7161,.T.);
#4623=CARTESIAN_POINT('',(5.97,7.35,-10.65));
#4624=DIRECTION('',(1.0,0.0,0.0));
#4625=DIRECTION('',(0.0,6.12303176911189E-17,-1.0));
#4626=SURFACE_STYLE_FILL_AREA(#7170);
#4627=ORIENTED_EDGE('',*,*,#6802,.F.);
#4628=ORIENTED_EDGE('',*,*,#7167,.F.);
#4629=ORIENTED_EDGE('',*,*,#7163,.F.);
#4630=ORIENTED_EDGE('',*,*,#7169,.F.);
#4631=ORIENTED_EDGE('',*,*,#7160,.F.);
#4632=CARTESIAN_POINT('',(5.76844654404028,8.55,-10.4754068806243));
#4633=DIRECTION('',(-0.0,1.0,6.12303176911189E-17));
#4634=DIRECTION('',(1.0,0.0,0.0));
#4635=SURFACE_STYLE_FILL_AREA(#7171);
#4636=ORIENTED_EDGE('',*,*,#6791,.F.);
#4637=ORIENTED_EDGE('',*,*,#7172,.F.);
#4638=ORIENTED_EDGE('',*,*,#7173,.F.);
#4639=ORIENTED_EDGE('',*,*,#7174,.F.);
#4640=ORIENTED_EDGE('',*,*,#7175,.T.);
#4641=CARTESIAN_POINT('',(5.76844654404028,2.4,-10.4754068806243));
#4642=DIRECTION('',(-0.0,1.0,6.12303176911189E-17));
#4643=DIRECTION('',(1.0,0.0,0.0));
#4644=SURFACE_STYLE_FILL_AREA(#7176);
#4645=ORIENTED_EDGE('',*,*,#6790,.F.);
#4646=ORIENTED_EDGE('',*,*,#7177,.T.);
#4647=ORIENTED_EDGE('',*,*,#7178,.F.);
#4648=ORIENTED_EDGE('',*,*,#7172,.T.);
#4649=CARTESIAN_POINT('',(5.795,2.4,-10.9));
#4650=DIRECTION('',(0.0,6.12303176911189E-17,-1.0));
#4651=DIRECTION('',(-1.0,0.0,0.0));
#4652=SURFACE_STYLE_FILL_AREA(#7179);
#4653=ORIENTED_EDGE('',*,*,#7180,.T.);
#4654=ORIENTED_EDGE('',*,*,#7181,.F.);
#4655=ORIENTED_EDGE('',*,*,#7174,.T.);
#4656=ORIENTED_EDGE('',*,*,#7182,.T.);
#4657=CARTESIAN_POINT('',(5.845,2.4,-10.1834936490539));
#4658=DIRECTION('',(0.866025403784445,-3.06151588455588E-17,0.49999999999999));
#4659=DIRECTION('',(0.49999999999999,5.3027010602301E-17,-0.866025403784444));
#4660=SURFACE_STYLE_FILL_AREA(#7183);
#4661=ORIENTED_EDGE('',*,*,#6792,.F.);
#4662=ORIENTED_EDGE('',*,*,#7175,.F.);
#4663=ORIENTED_EDGE('',*,*,#7181,.T.);
#4664=ORIENTED_EDGE('',*,*,#7184,.T.);
#4665=CARTESIAN_POINT('',(5.67,2.4,-9.96698729810778));
#4666=DIRECTION('',(0.0,-6.12303176911189E-17,1.0));
#4667=DIRECTION('',(1.0,0.0,0.0));
#4668=SURFACE_STYLE_FILL_AREA(#7185);
#4669=ORIENTED_EDGE('',*,*,#7186,.T.);
#4670=ORIENTED_EDGE('',*,*,#7182,.F.);
#4671=ORIENTED_EDGE('',*,*,#7173,.T.);
#4672=ORIENTED_EDGE('',*,*,#7178,.T.);
#4673=CARTESIAN_POINT('',(5.97,2.4,-10.65));
#4674=DIRECTION('',(1.0,0.0,0.0));
#4675=DIRECTION('',(0.0,6.12303176911189E-17,-1.0));
#4676=SURFACE_STYLE_FILL_AREA(#7187);
#4677=ORIENTED_EDGE('',*,*,#6793,.F.);
#4678=ORIENTED_EDGE('',*,*,#7184,.F.);
#4679=ORIENTED_EDGE('',*,*,#7180,.F.);
#4680=ORIENTED_EDGE('',*,*,#7186,.F.);
#4681=ORIENTED_EDGE('',*,*,#7177,.F.);
#4682=CARTESIAN_POINT('',(5.76844654404028,3.6,-10.4754068806243));
#4683=DIRECTION('',(-0.0,1.0,6.12303176911189E-17));
#4684=DIRECTION('',(1.0,0.0,0.0));
#4685=SURFACE_STYLE_FILL_AREA(#7188);
#4686=ORIENTED_EDGE('',*,*,#6692,.F.);
#4687=ORIENTED_EDGE('',*,*,#7189,.T.);
#4688=ORIENTED_EDGE('',*,*,#7190,.T.);
#4689=ORIENTED_EDGE('',*,*,#7191,.T.);
#4690=CARTESIAN_POINT('',(1.4,0.260488935532531,-1.02411470455669));
#4691=DIRECTION('',(1.0,0.0,6.12303176911189E-17));
#4692=DIRECTION('',(6.12303176911189E-17,0.0,-1.0));
#4693=SURFACE_STYLE_FILL_AREA(#7192);
#4694=ORIENTED_EDGE('',*,*,#6691,.F.);
#4695=ORIENTED_EDGE('',*,*,#7193,.T.);
#4696=ORIENTED_EDGE('',*,*,#7194,.F.);
#4697=ORIENTED_EDGE('',*,*,#7189,.F.);
#4698=CARTESIAN_POINT('',(1.4,0.225,-1.30000000000001));
#4699=DIRECTION('',(6.12303176911189E-17,0.0,-1.0));
#4700=DIRECTION('',(0.0,1.0,0.0));
#4701=SURFACE_STYLE_FILL_AREA(#7195);
#4702=ORIENTED_EDGE('',*,*,#7196,.T.);
#4703=ORIENTED_EDGE('',*,*,#6693,.F.);
#4704=ORIENTED_EDGE('',*,*,#7191,.F.);
#4705=ORIENTED_EDGE('',*,*,#7197,.T.);
#4706=CARTESIAN_POINT('',(1.4,0.175,-0.883493649053889));
#4707=DIRECTION('',(-3.06151588455593E-17,-0.86602540378444,0.499999999999998));
#4708=DIRECTION('',(5.30270106023007E-17,-0.499999999999998,-0.86602540378444));
#4709=SURFACE_STYLE_FILL_AREA(#7198);
#4710=ORIENTED_EDGE('',*,*,#7199,.T.);
#4711=ORIENTED_EDGE('',*,*,#7197,.F.);
#4712=ORIENTED_EDGE('',*,*,#7190,.F.);
#4713=ORIENTED_EDGE('',*,*,#7194,.T.);
#4714=CARTESIAN_POINT('',(1.4,0.05,-1.20000000000001));
#4715=DIRECTION('',(-5.09844813793415E-32,-1.0,8.32667268468811E-16));
#4716=DIRECTION('',(6.12303176911189E-17,-8.32667268468811E-16,-1.0));
#4717=SURFACE_STYLE_FILL_AREA(#7200);
#4718=ORIENTED_EDGE('',*,*,#6694,.F.);
#4719=ORIENTED_EDGE('',*,*,#7196,.F.);
#4720=ORIENTED_EDGE('',*,*,#7199,.F.);
#4721=ORIENTED_EDGE('',*,*,#7193,.F.);
#4722=CARTESIAN_POINT('',(2.4,0.260488935532531,-1.02411470455669));
#4723=DIRECTION('',(1.0,0.0,6.12303176911189E-17));
#4724=DIRECTION('',(6.12303176911189E-17,0.0,-1.0));
#4725=SURFACE_STYLE_FILL_AREA(#7201);
#4726=ORIENTED_EDGE('',*,*,#6688,.F.);
#4727=ORIENTED_EDGE('',*,*,#7202,.T.);
#4728=ORIENTED_EDGE('',*,*,#7203,.T.);
#4729=ORIENTED_EDGE('',*,*,#7204,.T.);
#4730=CARTESIAN_POINT('',(-2.4,0.260488935532531,-1.02411470455669));
#4731=DIRECTION('',(1.0,0.0,6.12303176911189E-17));
#4732=DIRECTION('',(6.12303176911189E-17,0.0,-1.0));
#4733=SURFACE_STYLE_FILL_AREA(#7205);
#4734=ORIENTED_EDGE('',*,*,#6687,.F.);
#4735=ORIENTED_EDGE('',*,*,#7206,.T.);
#4736=ORIENTED_EDGE('',*,*,#7207,.F.);
#4737=ORIENTED_EDGE('',*,*,#7202,.F.);
#4738=CARTESIAN_POINT('',(-2.4,0.225,-1.30000000000001));
#4739=DIRECTION('',(6.12303176911189E-17,0.0,-1.0));
#4740=DIRECTION('',(0.0,1.0,0.0));
#4741=SURFACE_STYLE_FILL_AREA(#7208);
#4742=ORIENTED_EDGE('',*,*,#7209,.T.);
#4743=ORIENTED_EDGE('',*,*,#6689,.F.);
#4744=ORIENTED_EDGE('',*,*,#7204,.F.);
#4745=ORIENTED_EDGE('',*,*,#7210,.T.);
#4746=CARTESIAN_POINT('',(-2.4,0.175,-0.883493649053889));
#4747=DIRECTION('',(-3.06151588455593E-17,-0.86602540378444,0.499999999999998));
#4748=DIRECTION('',(5.30270106023007E-17,-0.499999999999998,-0.86602540378444));
#4749=SURFACE_STYLE_FILL_AREA(#7211);
#4750=ORIENTED_EDGE('',*,*,#7212,.T.);
#4751=ORIENTED_EDGE('',*,*,#7210,.F.);
#4752=ORIENTED_EDGE('',*,*,#7203,.F.);
#4753=ORIENTED_EDGE('',*,*,#7207,.T.);
#4754=CARTESIAN_POINT('',(-2.4,0.05,-1.20000000000001));
#4755=DIRECTION('',(-5.09844813793415E-32,-1.0,8.32667268468811E-16));
#4756=DIRECTION('',(6.12303176911189E-17,-8.32667268468811E-16,-1.0));
#4757=SURFACE_STYLE_FILL_AREA(#7213);
#4758=ORIENTED_EDGE('',*,*,#6690,.F.);
#4759=ORIENTED_EDGE('',*,*,#7209,.F.);
#4760=ORIENTED_EDGE('',*,*,#7212,.F.);
#4761=ORIENTED_EDGE('',*,*,#7206,.F.);
#4762=CARTESIAN_POINT('',(-1.4,0.260488935532531,-1.02411470455669));
#4763=DIRECTION('',(1.0,0.0,6.12303176911189E-17));
#4764=DIRECTION('',(6.12303176911189E-17,0.0,-1.0));
#4765=SURFACE_STYLE_FILL_AREA(#7214);
#4766=ORIENTED_EDGE('',*,*,#6684,.F.);
#4767=ORIENTED_EDGE('',*,*,#7215,.F.);
#4768=ORIENTED_EDGE('',*,*,#7216,.T.);
#4769=ORIENTED_EDGE('',*,*,#7217,.T.);
#4770=CARTESIAN_POINT('',(3.85,-0.3,-15.85));
#4771=DIRECTION('',(0.0,6.12303176911189E-17,-1.0));
#4772=DIRECTION('',(-1.0,0.0,0.0));
#4773=SURFACE_STYLE_FILL_AREA(#7218);
#4774=ORIENTED_EDGE('',*,*,#6683,.F.);
#4775=ORIENTED_EDGE('',*,*,#7219,.F.);
#4776=ORIENTED_EDGE('',*,*,#7220,.T.);
#4777=ORIENTED_EDGE('',*,*,#7215,.T.);
#4778=CARTESIAN_POINT('',(4.45,-0.3,-11.4));
#4779=DIRECTION('',(1.0,-6.11049964097018E-33,9.97953280561938E-17));
#4780=DIRECTION('',(9.97953280561938E-17,6.12303176911189E-17,-1.0));
#4781=SURFACE_STYLE_FILL_AREA(#7221);
#4782=ORIENTED_EDGE('',*,*,#6686,.F.);
#4783=ORIENTED_EDGE('',*,*,#7222,.F.);
#4784=ORIENTED_EDGE('',*,*,#7223,.T.);
#4785=ORIENTED_EDGE('',*,*,#7219,.T.);
#4786=CARTESIAN_POINT('',(3.85,-0.3,-6.95));
#4787=DIRECTION('',(-0.0,1.0,6.12303176911189E-17));
#4788=DIRECTION('',(1.0,0.0,0.0));
#4789=SURFACE_STYLE_FILL_AREA(#7224);
#4790=ORIENTED_EDGE('',*,*,#6685,.F.);
#4791=ORIENTED_EDGE('',*,*,#7217,.F.);
#4792=ORIENTED_EDGE('',*,*,#7225,.T.);
#4793=ORIENTED_EDGE('',*,*,#7222,.T.);
#4794=CARTESIAN_POINT('',(3.25,-0.3,-11.4));
#4795=DIRECTION('',(-1.0,6.11049964097017E-33,-9.97953280561938E-17));
#4796=DIRECTION('',(-9.97953280561938E-17,-6.12303176911189E-17,1.0));
#4797=SURFACE_STYLE_FILL_AREA(#7226);
#4798=ORIENTED_EDGE('',*,*,#7216,.F.);
#4799=ORIENTED_EDGE('',*,*,#7220,.F.);
#4800=ORIENTED_EDGE('',*,*,#7223,.F.);
#4801=ORIENTED_EDGE('',*,*,#7225,.F.);
#4802=CARTESIAN_POINT('',(3.85,-0.3,-11.2229727840933));
#4803=DIRECTION('',(-0.0,1.0,6.12303176911189E-17));
#4804=DIRECTION('',(1.0,0.0,0.0));
#4805=SURFACE_STYLE_FILL_AREA(#7227);
#4806=ORIENTED_EDGE('',*,*,#6680,.F.);
#4807=ORIENTED_EDGE('',*,*,#7228,.F.);
#4808=ORIENTED_EDGE('',*,*,#7229,.T.);
#4809=ORIENTED_EDGE('',*,*,#7230,.T.);
#4810=CARTESIAN_POINT('',(-3.85,-0.3,-15.85));
#4811=DIRECTION('',(0.0,6.12303176911189E-17,-1.0));
#4812=DIRECTION('',(-1.0,0.0,0.0));
#4813=SURFACE_STYLE_FILL_AREA(#7231);
#4814=ORIENTED_EDGE('',*,*,#6679,.F.);
#4815=ORIENTED_EDGE('',*,*,#7232,.F.);
#4816=ORIENTED_EDGE('',*,*,#7233,.T.);
#4817=ORIENTED_EDGE('',*,*,#7228,.T.);
#4818=CARTESIAN_POINT('',(-3.25,-0.3,-11.4));
#4819=DIRECTION('',(1.0,-6.11049964097018E-33,9.97953280561938E-17));
#4820=DIRECTION('',(9.97953280561938E-17,6.12303176911189E-17,-1.0));
#4821=SURFACE_STYLE_FILL_AREA(#7234);
#4822=ORIENTED_EDGE('',*,*,#6682,.F.);
#4823=ORIENTED_EDGE('',*,*,#7235,.F.);
#4824=ORIENTED_EDGE('',*,*,#7236,.T.);
#4825=ORIENTED_EDGE('',*,*,#7232,.T.);
#4826=CARTESIAN_POINT('',(-3.85,-0.3,-6.95));
#4827=DIRECTION('',(-0.0,1.0,6.12303176911189E-17));
#4828=DIRECTION('',(1.0,0.0,0.0));
#4829=SURFACE_STYLE_FILL_AREA(#7237);
#4830=ORIENTED_EDGE('',*,*,#6681,.F.);
#4831=ORIENTED_EDGE('',*,*,#7230,.F.);
#4832=ORIENTED_EDGE('',*,*,#7238,.T.);
#4833=ORIENTED_EDGE('',*,*,#7235,.T.);
#4834=CARTESIAN_POINT('',(-4.45,-0.3,-11.4));
#4835=DIRECTION('',(-1.0,6.11049964097017E-33,-9.97953280561938E-17));
#4836=DIRECTION('',(-9.97953280561938E-17,-6.12303176911189E-17,1.0));
#4837=SURFACE_STYLE_FILL_AREA(#7239);
#4838=ORIENTED_EDGE('',*,*,#7229,.F.);
#4839=ORIENTED_EDGE('',*,*,#7233,.F.);
#4840=ORIENTED_EDGE('',*,*,#7236,.F.);
#4841=ORIENTED_EDGE('',*,*,#7238,.F.);
#4842=CARTESIAN_POINT('',(-3.85,-0.3,-11.2229727840933));
#4843=DIRECTION('',(-0.0,1.0,6.12303176911189E-17));
#4844=DIRECTION('',(1.0,0.0,0.0));
#4845=SURFACE_STYLE_FILL_AREA(#7240);
#4846=ORIENTED_EDGE('',*,*,#6676,.F.);
#4847=ORIENTED_EDGE('',*,*,#7241,.F.);
#4848=ORIENTED_EDGE('',*,*,#7242,.T.);
#4849=ORIENTED_EDGE('',*,*,#7243,.T.);
#4850=CARTESIAN_POINT('',(4.44089209850063E-16,-0.3,-15.85));
#4851=DIRECTION('',(0.0,6.12303176911189E-17,-1.0));
#4852=DIRECTION('',(-1.0,0.0,0.0));
#4853=SURFACE_STYLE_FILL_AREA(#7244);
#4854=ORIENTED_EDGE('',*,*,#6675,.F.);
#4855=ORIENTED_EDGE('',*,*,#7245,.F.);
#4856=ORIENTED_EDGE('',*,*,#7246,.T.);
#4857=ORIENTED_EDGE('',*,*,#7241,.T.);
#4858=CARTESIAN_POINT('',(0.6,-0.3,-9.385));
#4859=DIRECTION('',(1.0,-4.73173841107609E-33,7.72777047302893E-17));
#4860=DIRECTION('',(7.72777047302893E-17,6.12303176911189E-17,-1.0));
#4861=SURFACE_STYLE_FILL_AREA(#7247);
#4862=ORIENTED_EDGE('',*,*,#6678,.F.);
#4863=ORIENTED_EDGE('',*,*,#7248,.F.);
#4864=ORIENTED_EDGE('',*,*,#7249,.T.);
#4865=ORIENTED_EDGE('',*,*,#7245,.T.);
#4866=CARTESIAN_POINT('',(-4.9960036108132E-16,-0.300000000000001,-2.92));
#4867=DIRECTION('',(-0.0,1.0,6.12303176911189E-17));
#4868=DIRECTION('',(1.0,0.0,0.0));
#4869=SURFACE_STYLE_FILL_AREA(#7250);
#4870=ORIENTED_EDGE('',*,*,#6677,.F.);
#4871=ORIENTED_EDGE('',*,*,#7243,.F.);
#4872=ORIENTED_EDGE('',*,*,#7251,.T.);
#4873=ORIENTED_EDGE('',*,*,#7248,.T.);
#4874=CARTESIAN_POINT('',(-0.6,-0.3,-9.385));
#4875=DIRECTION('',(-1.0,3.68024098639252E-33,-6.01048814568917E-17));
#4876=DIRECTION('',(-6.01048814568917E-17,-6.12303176911189E-17,1.0));
#4877=SURFACE_STYLE_FILL_AREA(#7252);
#4878=ORIENTED_EDGE('',*,*,#7242,.F.);
#4879=ORIENTED_EDGE('',*,*,#7246,.F.);
#4880=ORIENTED_EDGE('',*,*,#7249,.F.);
#4881=ORIENTED_EDGE('',*,*,#7251,.F.);
#4882=CARTESIAN_POINT('',(-5.55111512312578E-17,-0.3,-9.2095845966203));
#4883=DIRECTION('',(-0.0,1.0,6.12303176911189E-17));
#4884=DIRECTION('',(1.0,0.0,0.0));
#4885=SURFACE_STYLE_FILL_AREA(#7253);
#4886=ORIENTED_EDGE('',*,*,#7254,.F.);
#4887=ORIENTED_EDGE('',*,*,#6744,.F.);
#4888=ORIENTED_EDGE('',*,*,#6641,.F.);
#4889=ORIENTED_EDGE('',*,*,#7255,.F.);
#4890=CARTESIAN_POINT('',(-5.71,5.35,-8.145));
#4891=DIRECTION('',(1.0,0.0,0.0));
#4892=DIRECTION('',(0.0,0.0,-1.0));
#4893=SURFACE_STYLE_FILL_AREA(#7256);
#4894=ORIENTED_EDGE('',*,*,#7257,.F.);
#4895=ORIENTED_EDGE('',*,*,#6643,.F.);
#4896=ORIENTED_EDGE('',*,*,#6743,.T.);
#4897=ORIENTED_EDGE('',*,*,#7258,.F.);
#4898=CARTESIAN_POINT('',(5.71,5.35,-8.145));
#4899=DIRECTION('',(-1.0,0.0,0.0));
#4900=DIRECTION('',(0.0,0.0,1.0));
#4901=SURFACE_STYLE_FILL_AREA(#7259);
#4902=ORIENTED_EDGE('',*,*,#6623,.T.);
#4903=ORIENTED_EDGE('',*,*,#7260,.T.);
#4904=ORIENTED_EDGE('',*,*,#7261,.T.);
#4905=ORIENTED_EDGE('',*,*,#7262,.F.);
#4906=CARTESIAN_POINT('',(4.7,6.34,-0.4));
#4907=DIRECTION('',(0.0,0.0,1.0));
#4908=DIRECTION('',(1.0,0.0,0.0));
#4909=SURFACE_STYLE_FILL_AREA(#7263);
#4910=ORIENTED_EDGE('',*,*,#7053,.T.);
#4911=ORIENTED_EDGE('',*,*,#6645,.T.);
#4912=ORIENTED_EDGE('',*,*,#7264,.T.);
#4913=ORIENTED_EDGE('',*,*,#7265,.F.);
#4914=ORIENTED_EDGE('',*,*,#7266,.F.);
#4915=ORIENTED_EDGE('',*,*,#7267,.T.);
#4916=CARTESIAN_POINT('',(4.55,2.14,-0.4));
#4917=DIRECTION('',(1.0,1.61486985400023E-15,0.0));
#4918=DIRECTION('',(-1.61486985400023E-15,1.0,0.0));
#4919=SURFACE_STYLE_FILL_AREA(#7268);
#4920=ORIENTED_EDGE('',*,*,#6654,.T.);
#4921=ORIENTED_EDGE('',*,*,#7269,.T.);
#4922=ORIENTED_EDGE('',*,*,#7270,.F.);
#4923=ORIENTED_EDGE('',*,*,#7264,.F.);
#4924=CARTESIAN_POINT('',(4.05,1.59,-0.4));
#4925=DIRECTION('',(0.0,0.0,1.0));
#4926=DIRECTION('',(1.0,0.0,0.0));
#4927=SURFACE_STYLE_FILL_AREA(#7271);
#4928=ORIENTED_EDGE('',*,*,#6653,.T.);
#4929=ORIENTED_EDGE('',*,*,#7272,.T.);
#4930=ORIENTED_EDGE('',*,*,#7273,.F.);
#4931=ORIENTED_EDGE('',*,*,#7269,.F.);
#4932=CARTESIAN_POINT('',(1.77635683940025E-15,1.09,-0.4));
#4933=DIRECTION('',(1.09651656753102E-16,-1.0,0.0));
#4934=DIRECTION('',(1.0,1.09651656753102E-16,0.0));
#4935=SURFACE_STYLE_FILL_AREA(#7274);
#4936=ORIENTED_EDGE('',*,*,#6652,.T.);
#4937=ORIENTED_EDGE('',*,*,#7275,.T.);
#4938=ORIENTED_EDGE('',*,*,#7276,.F.);
#4939=ORIENTED_EDGE('',*,*,#7272,.F.);
#4940=CARTESIAN_POINT('',(-4.05,1.59,-0.4));
#4941=DIRECTION('',(0.0,0.0,1.0));
#4942=DIRECTION('',(1.0,0.0,0.0));
#4943=SURFACE_STYLE_FILL_AREA(#7277);
#4944=ORIENTED_EDGE('',*,*,#6630,.T.);
#4945=ORIENTED_EDGE('',*,*,#6577,.F.);
#4946=ORIENTED_EDGE('',*,*,#7278,.F.);
#4947=ORIENTED_EDGE('',*,*,#7279,.F.);
#4948=ORIENTED_EDGE('',*,*,#7280,.F.);
#4949=ORIENTED_EDGE('',*,*,#7281,.T.);
#4950=ORIENTED_EDGE('',*,*,#7282,.T.);
#4951=ORIENTED_EDGE('',*,*,#7283,.T.);
#4952=ORIENTED_EDGE('',*,*,#7284,.F.);
#4953=ORIENTED_EDGE('',*,*,#7285,.F.);
#4954=ORIENTED_EDGE('',*,*,#6584,.F.);
#4955=ORIENTED_EDGE('',*,*,#7286,.F.);
#4956=ORIENTED_EDGE('',*,*,#7287,.F.);
#4957=ORIENTED_EDGE('',*,*,#7288,.F.);
#4958=ORIENTED_EDGE('',*,*,#7066,.T.);
#4959=ORIENTED_EDGE('',*,*,#6636,.T.);
#4960=CARTESIAN_POINT('',(6.45317133063372E-16,4.87629322416808,-0.31));
#4961=DIRECTION('',(0.0,0.0,1.0));
#4962=DIRECTION('',(1.0,0.0,0.0));
#4963=SURFACE_STYLE_FILL_AREA(#7289);
#4964=ORIENTED_EDGE('',*,*,#7084,.T.);
#4965=ORIENTED_EDGE('',*,*,#7045,.T.);
#4966=ORIENTED_EDGE('',*,*,#7050,.T.);
#4967=ORIENTED_EDGE('',*,*,#7267,.F.);
#4968=ORIENTED_EDGE('',*,*,#7290,.F.);
#4969=ORIENTED_EDGE('',*,*,#7291,.F.);
#4970=ORIENTED_EDGE('',*,*,#6591,.F.);
#4971=ORIENTED_EDGE('',*,*,#7292,.F.);
#4972=ORIENTED_EDGE('',*,*,#7293,.F.);
#4973=ORIENTED_EDGE('',*,*,#7294,.T.);
#4974=ORIENTED_EDGE('',*,*,#7295,.T.);
#4975=ORIENTED_EDGE('',*,*,#7296,.T.);
#4976=ORIENTED_EDGE('',*,*,#7297,.F.);
#4977=ORIENTED_EDGE('',*,*,#7298,.F.);
#4978=ORIENTED_EDGE('',*,*,#7260,.F.);
#4979=ORIENTED_EDGE('',*,*,#6628,.F.);
#4980=CARTESIAN_POINT('',(6.45317133063372E-16,4.87629322416808,-0.31));
#4981=DIRECTION('',(0.0,0.0,1.0));
#4982=DIRECTION('',(1.0,0.0,0.0));
#4983=SURFACE_STYLE_FILL_AREA(#7299);
#4984=ORIENTED_EDGE('',*,*,#6651,.T.);
#4985=ORIENTED_EDGE('',*,*,#7064,.T.);
#4986=ORIENTED_EDGE('',*,*,#7288,.T.);
#4987=ORIENTED_EDGE('',*,*,#7300,.T.);
#4988=ORIENTED_EDGE('',*,*,#7301,.F.);
#4989=ORIENTED_EDGE('',*,*,#7275,.F.);
#4990=CARTESIAN_POINT('',(-4.55,2.14,-0.4));
#4991=DIRECTION('',(-1.0,0.0,0.0));
#4992=DIRECTION('',(0.0,-1.0,0.0));
#4993=SURFACE_STYLE_FILL_AREA(#7302);
#4994=ORIENTED_EDGE('',*,*,#6717,.T.);
#4995=ORIENTED_EDGE('',*,*,#7303,.T.);
#4996=ORIENTED_EDGE('',*,*,#7304,.T.);
#4997=ORIENTED_EDGE('',*,*,#7305,.T.);
#4998=CARTESIAN_POINT('',(-6.02,0.2,-0.409999999999996));
#4999=DIRECTION('',(-6.12303176911189E-17,0.0,1.0));
#5000=DIRECTION('',(0.0,-1.0,0.0));
#5001=SURFACE_STYLE_FILL_AREA(#7306);
#5002=ORIENTED_EDGE('',*,*,#6716,.T.);
#5003=ORIENTED_EDGE('',*,*,#7307,.F.);
#5004=ORIENTED_EDGE('',*,*,#7308,.F.);
#5005=ORIENTED_EDGE('',*,*,#7303,.F.);
#5006=CARTESIAN_POINT('',(-1.05,-0.4,-0.886499999999999));
#5007=DIRECTION('',(1.0,0.0,0.0));
#5008=DIRECTION('',(0.0,6.12303176911189E-17,-1.0));
#5009=SURFACE_STYLE_FILL_AREA(#7309);
#5010=ORIENTED_EDGE('',*,*,#6715,.T.);
#5011=ORIENTED_EDGE('',*,*,#7310,.F.);
#5012=ORIENTED_EDGE('',*,*,#7311,.F.);
#5013=ORIENTED_EDGE('',*,*,#7307,.T.);
#5014=CARTESIAN_POINT('',(-1.899,-0.4,-1.363));
#5015=DIRECTION('',(0.0,6.12303176911189E-17,-1.0));
#5016=DIRECTION('',(-1.0,0.0,0.0));
#5017=SURFACE_STYLE_FILL_AREA(#7312);
#5018=ORIENTED_EDGE('',*,*,#6714,.T.);
#5019=ORIENTED_EDGE('',*,*,#7313,.F.);
#5020=ORIENTED_EDGE('',*,*,#7314,.F.);
#5021=ORIENTED_EDGE('',*,*,#7310,.T.);
#5022=CARTESIAN_POINT('',(-2.748,-0.4,-0.886500000000002));
#5023=DIRECTION('',(-1.0,0.0,0.0));
#5024=DIRECTION('',(0.0,-6.12303176911189E-17,1.0));
#5025=SURFACE_STYLE_FILL_AREA(#7315);
#5026=ORIENTED_EDGE('',*,*,#6713,.T.);
#5027=ORIENTED_EDGE('',*,*,#7316,.T.);
#5028=ORIENTED_EDGE('',*,*,#7317,.T.);
#5029=ORIENTED_EDGE('',*,*,#7313,.T.);
#5030=CARTESIAN_POINT('',(-6.02,0.2,-0.409999999999996));
#5031=DIRECTION('',(-6.12303176911189E-17,0.0,1.0));
#5032=DIRECTION('',(0.0,-1.0,0.0));
#5033=SURFACE_STYLE_FILL_AREA(#7318);
#5034=ORIENTED_EDGE('',*,*,#6712,.T.);
#5035=ORIENTED_EDGE('',*,*,#7319,.F.);
#5036=ORIENTED_EDGE('',*,*,#7320,.F.);
#5037=ORIENTED_EDGE('',*,*,#7316,.F.);
#5038=CARTESIAN_POINT('',(-5.42,-0.4,-0.5115));
#5039=DIRECTION('',(1.0,0.0,0.0));
#5040=DIRECTION('',(0.0,6.12303176911189E-17,-1.0));
#5041=SURFACE_STYLE_FILL_AREA(#7321);
#5042=ORIENTED_EDGE('',*,*,#6711,.T.);
#5043=ORIENTED_EDGE('',*,*,#7254,.T.);
#5044=ORIENTED_EDGE('',*,*,#7322,.F.);
#5045=ORIENTED_EDGE('',*,*,#7323,.F.);
#5046=ORIENTED_EDGE('',*,*,#7324,.F.);
#5047=ORIENTED_EDGE('',*,*,#7319,.T.);
#5048=CARTESIAN_POINT('',(-5.97,-0.4,-0.613));
#5049=DIRECTION('',(0.0,6.12303176911189E-17,-1.0));
#5050=DIRECTION('',(-1.0,0.0,0.0));
#5051=SURFACE_STYLE_FILL_AREA(#7325);
#5052=ORIENTED_EDGE('',*,*,#7255,.T.);
#5053=ORIENTED_EDGE('',*,*,#6640,.T.);
#5054=ORIENTED_EDGE('',*,*,#7257,.T.);
#5055=ORIENTED_EDGE('',*,*,#7326,.T.);
#5056=ORIENTED_EDGE('',*,*,#7327,.F.);
#5057=ORIENTED_EDGE('',*,*,#7328,.F.);
#5058=ORIENTED_EDGE('',*,*,#7329,.F.);
#5059=ORIENTED_EDGE('',*,*,#7322,.T.);
#5060=CARTESIAN_POINT('',(-6.02,0.4,-0.204999999999998));
#5061=DIRECTION('',(-1.65803191477546E-32,-1.0,2.70786103567114E-16));
#5062=DIRECTION('',(6.12303176911189E-17,-2.70786103567114E-16,-1.0));
#5063=SURFACE_STYLE_FILL_AREA(#7330);
#5064=ORIENTED_EDGE('',*,*,#7258,.T.);
#5065=ORIENTED_EDGE('',*,*,#6742,.T.);
#5066=ORIENTED_EDGE('',*,*,#7331,.F.);
#5067=ORIENTED_EDGE('',*,*,#7332,.F.);
#5068=ORIENTED_EDGE('',*,*,#7333,.F.);
#5069=ORIENTED_EDGE('',*,*,#7326,.F.);
#5070=CARTESIAN_POINT('',(5.97,-0.4,-0.613000000000002));
#5071=DIRECTION('',(2.8260222445004E-15,6.12303176911189E-17,-1.0));
#5072=DIRECTION('',(-1.0,1.73038239832928E-31,-2.8260222445004E-15));
#5073=SURFACE_STYLE_FILL_AREA(#7334);
#5074=ORIENTED_EDGE('',*,*,#6741,.T.);
#5075=ORIENTED_EDGE('',*,*,#7335,.F.);
#5076=ORIENTED_EDGE('',*,*,#7336,.F.);
#5077=ORIENTED_EDGE('',*,*,#7331,.T.);
#5078=CARTESIAN_POINT('',(5.42,-0.4,-0.511499999999999));
#5079=DIRECTION('',(-1.0,0.0,0.0));
#5080=DIRECTION('',(0.0,-6.12303176911189E-17,1.0));
#5081=SURFACE_STYLE_FILL_AREA(#7337);
#5082=ORIENTED_EDGE('',*,*,#6796,.T.);
#5083=ORIENTED_EDGE('',*,*,#7338,.T.);
#5084=ORIENTED_EDGE('',*,*,#7339,.T.);
#5085=ORIENTED_EDGE('',*,*,#7340,.F.);
#5086=CARTESIAN_POINT('',(-6.02,0.4,-8.343));
#5087=DIRECTION('',(1.0,0.0,6.12303176911189E-17));
#5088=DIRECTION('',(6.12303176911189E-17,0.0,-1.0));
#5089=SURFACE_STYLE_FILL_AREA(#7341);
#5090=ORIENTED_EDGE('',*,*,#6740,.T.);
#5091=ORIENTED_EDGE('',*,*,#7342,.T.);
#5092=ORIENTED_EDGE('',*,*,#7343,.T.);
#5093=ORIENTED_EDGE('',*,*,#7335,.T.);
#5094=CARTESIAN_POINT('',(-6.02,0.2,-0.409999999999996));
#5095=DIRECTION('',(-6.12303176911189E-17,0.0,1.0));
#5096=DIRECTION('',(0.0,-1.0,0.0));
#5097=SURFACE_STYLE_FILL_AREA(#7344);
#5098=ORIENTED_EDGE('',*,*,#6739,.T.);
#5099=ORIENTED_EDGE('',*,*,#7345,.F.);
#5100=ORIENTED_EDGE('',*,*,#7346,.F.);
#5101=ORIENTED_EDGE('',*,*,#7342,.F.);
#5102=CARTESIAN_POINT('',(2.748,-0.4,-0.886500000000011));
#5103=DIRECTION('',(1.0,0.0,0.0));
#5104=DIRECTION('',(0.0,6.12303176911189E-17,-1.0));
#5105=SURFACE_STYLE_FILL_AREA(#7347);
#5106=ORIENTED_EDGE('',*,*,#6738,.T.);
#5107=ORIENTED_EDGE('',*,*,#7348,.F.);
#5108=ORIENTED_EDGE('',*,*,#7349,.F.);
#5109=ORIENTED_EDGE('',*,*,#7345,.T.);
#5110=CARTESIAN_POINT('',(1.899,-0.4,-1.363));
#5111=DIRECTION('',(0.0,6.12303176911189E-17,-1.0));
#5112=DIRECTION('',(-1.0,0.0,0.0));
#5113=SURFACE_STYLE_FILL_AREA(#7350);
#5114=ORIENTED_EDGE('',*,*,#6737,.T.);
#5115=ORIENTED_EDGE('',*,*,#7351,.F.);
#5116=ORIENTED_EDGE('',*,*,#7352,.F.);
#5117=ORIENTED_EDGE('',*,*,#7348,.T.);
#5118=CARTESIAN_POINT('',(1.05,-0.4,-0.8865));
#5119=DIRECTION('',(-1.0,0.0,0.0));
#5120=DIRECTION('',(0.0,-6.12303176911189E-17,1.0));
#5121=SURFACE_STYLE_FILL_AREA(#7353);
#5122=ORIENTED_EDGE('',*,*,#6736,.T.);
#5123=ORIENTED_EDGE('',*,*,#7354,.T.);
#5124=ORIENTED_EDGE('',*,*,#7355,.T.);
#5125=ORIENTED_EDGE('',*,*,#7351,.T.);
#5126=CARTESIAN_POINT('',(-6.02,0.2,-0.409999999999996));
#5127=DIRECTION('',(-6.12303176911189E-17,0.0,1.0));
#5128=DIRECTION('',(0.0,-1.0,0.0));
#5129=SURFACE_STYLE_FILL_AREA(#7356);
#5130=ORIENTED_EDGE('',*,*,#6735,.T.);
#5131=ORIENTED_EDGE('',*,*,#7357,.F.);
#5132=ORIENTED_EDGE('',*,*,#7358,.F.);
#5133=ORIENTED_EDGE('',*,*,#7354,.F.);
#5134=CARTESIAN_POINT('',(0.198999999999999,-0.4,-1.36280390031204));
#5135=DIRECTION('',(1.0,-6.24282655886363E-32,1.01956461999039E-15));
#5136=DIRECTION('',(1.01956461999039E-15,6.12303176911189E-17,-1.0));
#5137=SURFACE_STYLE_FILL_AREA(#7359);
#5138=ORIENTED_EDGE('',*,*,#6734,.T.);
#5139=ORIENTED_EDGE('',*,*,#7360,.F.);
#5140=ORIENTED_EDGE('',*,*,#7361,.F.);
#5141=ORIENTED_EDGE('',*,*,#7357,.T.);
#5142=CARTESIAN_POINT('',(0.249999999999997,-0.4,-2.813));
#5143=DIRECTION('',(-0.0,1.0,6.12303176911189E-17));
#5144=DIRECTION('',(1.0,0.0,0.0));
#5145=SURFACE_STYLE_FILL_AREA(#7362);
#5146=ORIENTED_EDGE('',*,*,#6774,.T.);
#5147=ORIENTED_EDGE('',*,*,#7363,.F.);
#5148=ORIENTED_EDGE('',*,*,#7364,.F.);
#5149=ORIENTED_EDGE('',*,*,#7365,.F.);
#5150=CARTESIAN_POINT('',(0.0,7.95,-11.07));
#5151=DIRECTION('',(0.0,0.0,1.0));
#5152=DIRECTION('',(1.0,0.0,0.0));
#5153=SURFACE_STYLE_FILL_AREA(#7366);
#5154=ORIENTED_EDGE('',*,*,#6773,.T.);
#5155=ORIENTED_EDGE('',*,*,#7367,.T.);
#5156=ORIENTED_EDGE('',*,*,#7368,.F.);
#5157=ORIENTED_EDGE('',*,*,#7363,.T.);
#5158=CARTESIAN_POINT('',(0.0,8.65,-10.285));
#5159=DIRECTION('',(0.0,-1.0,0.0));
#5160=DIRECTION('',(0.0,0.0,-1.0));
#5161=SURFACE_STYLE_FILL_AREA(#7369);
#5162=ORIENTED_EDGE('',*,*,#6757,.T.);
#5163=ORIENTED_EDGE('',*,*,#7370,.T.);
#5164=ORIENTED_EDGE('',*,*,#7371,.F.);
#5165=ORIENTED_EDGE('',*,*,#7372,.T.);
#5166=CARTESIAN_POINT('',(0.0,2.3,-10.285));
#5167=DIRECTION('',(0.0,1.0,0.0));
#5168=DIRECTION('',(0.0,0.0,1.0));
#5169=SURFACE_STYLE_FILL_AREA(#7373);
#5170=ORIENTED_EDGE('',*,*,#6756,.T.);
#5171=ORIENTED_EDGE('',*,*,#7374,.F.);
#5172=ORIENTED_EDGE('',*,*,#7375,.F.);
#5173=ORIENTED_EDGE('',*,*,#7370,.F.);
#5174=CARTESIAN_POINT('',(0.0,3.0,-11.07));
#5175=DIRECTION('',(0.0,0.0,1.0));
#5176=DIRECTION('',(1.0,0.0,0.0));
#5177=SURFACE_STYLE_FILL_AREA(#7376);
#5178=ORIENTED_EDGE('',*,*,#6805,.T.);
#5179=ORIENTED_EDGE('',*,*,#7377,.T.);
#5180=ORIENTED_EDGE('',*,*,#7378,.F.);
#5181=ORIENTED_EDGE('',*,*,#7379,.T.);
#5182=CARTESIAN_POINT('',(0.0,8.65,-10.285));
#5183=DIRECTION('',(0.0,-1.0,0.0));
#5184=DIRECTION('',(0.0,0.0,-1.0));
#5185=SURFACE_STYLE_FILL_AREA(#7380);
#5186=ORIENTED_EDGE('',*,*,#6804,.T.);
#5187=ORIENTED_EDGE('',*,*,#7381,.F.);
#5188=ORIENTED_EDGE('',*,*,#7382,.F.);
#5189=ORIENTED_EDGE('',*,*,#7377,.F.);
#5190=CARTESIAN_POINT('',(0.0,7.95,-11.07));
#5191=DIRECTION('',(0.0,0.0,1.0));
#5192=DIRECTION('',(1.0,0.0,0.0));
#5193=SURFACE_STYLE_FILL_AREA(#7383);
#5194=ORIENTED_EDGE('',*,*,#6788,.T.);
#5195=ORIENTED_EDGE('',*,*,#7384,.T.);
#5196=ORIENTED_EDGE('',*,*,#7385,.F.);
#5197=ORIENTED_EDGE('',*,*,#7386,.T.);
#5198=CARTESIAN_POINT('',(0.0,2.3,-10.285));
#5199=DIRECTION('',(0.0,1.0,0.0));
#5200=DIRECTION('',(0.0,0.0,1.0));
#5201=SURFACE_STYLE_FILL_AREA(#7387);
#5202=ORIENTED_EDGE('',*,*,#6787,.T.);
#5203=ORIENTED_EDGE('',*,*,#7388,.F.);
#5204=ORIENTED_EDGE('',*,*,#7389,.F.);
#5205=ORIENTED_EDGE('',*,*,#7384,.F.);
#5206=CARTESIAN_POINT('',(0.0,3.0,-9.5));
#5207=DIRECTION('',(0.0,0.0,1.0));
#5208=DIRECTION('',(1.0,0.0,0.0));
#5209=SURFACE_STYLE_FILL_AREA(#7390);
#5210=ORIENTED_EDGE('',*,*,#6784,.T.);
#5211=ORIENTED_EDGE('',*,*,#7391,.T.);
#5212=ORIENTED_EDGE('',*,*,#7392,.F.);
#5213=ORIENTED_EDGE('',*,*,#7393,.T.);
#5214=CARTESIAN_POINT('',(0.0,6.2,-14.185));
#5215=DIRECTION('',(0.0,-1.0,0.0));
#5216=DIRECTION('',(0.0,0.0,-1.0));
#5217=SURFACE_STYLE_FILL_AREA(#7394);
#5218=ORIENTED_EDGE('',*,*,#6751,.T.);
#5219=ORIENTED_EDGE('',*,*,#7395,.T.);
#5220=ORIENTED_EDGE('',*,*,#7396,.F.);
#5221=ORIENTED_EDGE('',*,*,#7397,.T.);
#5222=CARTESIAN_POINT('',(0.0,6.2,-14.185));
#5223=DIRECTION('',(0.0,-1.0,0.0));
#5224=DIRECTION('',(0.0,0.0,-1.0));
#5225=SURFACE_STYLE_FILL_AREA(#7398);
#5226=ORIENTED_EDGE('',*,*,#6783,.T.);
#5227=ORIENTED_EDGE('',*,*,#7399,.F.);
#5228=ORIENTED_EDGE('',*,*,#7400,.F.);
#5229=ORIENTED_EDGE('',*,*,#7391,.F.);
#5230=CARTESIAN_POINT('',(0.0,5.4,-14.97));
#5231=DIRECTION('',(0.0,0.0,1.0));
#5232=DIRECTION('',(1.0,0.0,0.0));
#5233=SURFACE_STYLE_FILL_AREA(#7401);
#5234=ORIENTED_EDGE('',*,*,#6752,.T.);
#5235=ORIENTED_EDGE('',*,*,#7397,.F.);
#5236=ORIENTED_EDGE('',*,*,#7402,.F.);
#5237=ORIENTED_EDGE('',*,*,#7403,.F.);
#5238=CARTESIAN_POINT('',(0.0,5.4,-14.97));
#5239=DIRECTION('',(0.0,0.0,1.0));
#5240=DIRECTION('',(1.0,0.0,0.0));
#5241=SURFACE_STYLE_FILL_AREA(#7404);
#5242=ORIENTED_EDGE('',*,*,#6782,.T.);
#5243=ORIENTED_EDGE('',*,*,#7405,.T.);
#5244=ORIENTED_EDGE('',*,*,#7406,.F.);
#5245=ORIENTED_EDGE('',*,*,#7399,.T.);
#5246=CARTESIAN_POINT('',(0.0,4.6,-14.185));
#5247=DIRECTION('',(0.0,1.0,0.0));
#5248=DIRECTION('',(0.0,0.0,1.0));
#5249=SURFACE_STYLE_FILL_AREA(#7407);
#5250=ORIENTED_EDGE('',*,*,#6781,.T.);
#5251=ORIENTED_EDGE('',*,*,#7393,.F.);
#5252=ORIENTED_EDGE('',*,*,#7408,.F.);
#5253=ORIENTED_EDGE('',*,*,#7405,.F.);
#5254=CARTESIAN_POINT('',(0.0,5.4,-13.4));
#5255=DIRECTION('',(0.0,0.0,1.0));
#5256=DIRECTION('',(1.0,0.0,0.0));
#5257=SURFACE_STYLE_FILL_AREA(#7409);
#5258=ORIENTED_EDGE('',*,*,#7410,.F.);
#5259=ORIENTED_EDGE('',*,*,#7411,.F.);
#5260=ORIENTED_EDGE('',*,*,#7412,.T.);
#5261=ORIENTED_EDGE('',*,*,#7413,.F.);
#5262=CARTESIAN_POINT('',(6.015,1.2959948991328,-8.28));
#5263=DIRECTION('',(1.0,0.0,1.22460635382238E-16));
#5264=DIRECTION('',(0.0,-1.0,-0.0));
#5265=SURFACE_STYLE_FILL_AREA(#7414);
#5266=ORIENTED_EDGE('',*,*,#7415,.F.);
#5267=ORIENTED_EDGE('',*,*,#7416,.T.);
#5268=ORIENTED_EDGE('',*,*,#6614,.T.);
#5269=ORIENTED_EDGE('',*,*,#7417,.T.);
#5270=ORIENTED_EDGE('',*,*,#7418,.F.);
#5271=ORIENTED_EDGE('',*,*,#7419,.T.);
#5272=ORIENTED_EDGE('',*,*,#7411,.T.);
#5273=CARTESIAN_POINT('',(9.0,0.5,-9.28));
#5274=DIRECTION('',(-1.83690953073357E-16,1.70803542250024E-16,1.0));
#5275=DIRECTION('',(3.13750654642122E-32,1.0,-1.70803542250024E-16));
#5276=SURFACE_STYLE_FILL_AREA(#7420);
#5277=ORIENTED_EDGE('',*,*,#7421,.F.);
#5278=ORIENTED_EDGE('',*,*,#7413,.T.);
#5279=ORIENTED_EDGE('',*,*,#7422,.T.);
#5280=ORIENTED_EDGE('',*,*,#7423,.T.);
#5281=ORIENTED_EDGE('',*,*,#7424,.T.);
#5282=ORIENTED_EDGE('',*,*,#6616,.T.);
#5283=ORIENTED_EDGE('',*,*,#7425,.T.);
#5284=CARTESIAN_POINT('',(9.0,0.5,-11.28));
#5285=DIRECTION('',(1.83690953073357E-16,-1.70803542250024E-16,-1.0));
#5286=DIRECTION('',(-3.13750654642122E-32,-1.0,1.70803542250024E-16));
#5287=SURFACE_STYLE_FILL_AREA(#7426);
#5288=ORIENTED_EDGE('',*,*,#7427,.T.);
#5289=ORIENTED_EDGE('',*,*,#6619,.T.);
#5290=ORIENTED_EDGE('',*,*,#7428,.T.);
#5291=ORIENTED_EDGE('',*,*,#7429,.T.);
#5292=ORIENTED_EDGE('',*,*,#7430,.T.);
#5293=ORIENTED_EDGE('',*,*,#7423,.F.);
#5294=ORIENTED_EDGE('',*,*,#7431,.T.);
#5295=ORIENTED_EDGE('',*,*,#7432,.T.);
#5296=ORIENTED_EDGE('',*,*,#6609,.T.);
#5297=ORIENTED_EDGE('',*,*,#7433,.T.);
#5298=ORIENTED_EDGE('',*,*,#7434,.T.);
#5299=ORIENTED_EDGE('',*,*,#7435,.T.);
#5300=CARTESIAN_POINT('',(9.0,-2.18031937109711,-11.1674387061995));
#5301=DIRECTION('',(1.83083213799826E-16,-0.0812774843884494,-0.996691512220048));
#5302=DIRECTION('',(-1.49299385707191E-17,-0.996691512220048,0.0812774843884494));
#5303=SURFACE_STYLE_FILL_AREA(#7436);
#5304=ORIENTED_EDGE('',*,*,#7437,.T.);
#5305=ORIENTED_EDGE('',*,*,#7435,.F.);
#5306=ORIENTED_EDGE('',*,*,#7438,.T.);
#5307=ORIENTED_EDGE('',*,*,#7439,.T.);
#5308=CARTESIAN_POINT('',(9.0,-3.52,-10.5565316562891));
#5309=DIRECTION('',(-1.0,0.0,-1.83690953073357E-16));
#5310=DIRECTION('',(-1.83690953073357E-16,0.0,1.0));
#5311=SURFACE_STYLE_FILL_AREA(#7440);
#5312=ORIENTED_EDGE('',*,*,#7441,.T.);
#5313=ORIENTED_EDGE('',*,*,#7439,.F.);
#5314=ORIENTED_EDGE('',*,*,#7442,.T.);
#5315=ORIENTED_EDGE('',*,*,#7443,.T.);
#5316=CARTESIAN_POINT('',(9.0,-4.02,-10.28));
#5317=DIRECTION('',(4.14835265672479E-32,-1.0,-2.25833258923109E-16));
#5318=DIRECTION('',(-1.83690953073357E-16,-2.25833258923109E-16,1.0));
#5319=SURFACE_STYLE_FILL_AREA(#7444);
#5320=ORIENTED_EDGE('',*,*,#7445,.T.);
#5321=ORIENTED_EDGE('',*,*,#7443,.F.);
#5322=ORIENTED_EDGE('',*,*,#7446,.T.);
#5323=ORIENTED_EDGE('',*,*,#7447,.T.);
#5324=CARTESIAN_POINT('',(9.0,-3.52,-10.0034683437109));
#5325=DIRECTION('',(-1.0,0.0,-1.83690953073357E-16));
#5326=DIRECTION('',(-1.83690953073357E-16,0.0,1.0));
#5327=SURFACE_STYLE_FILL_AREA(#7448);
#5328=ORIENTED_EDGE('',*,*,#7449,.T.);
#5329=ORIENTED_EDGE('',*,*,#7447,.F.);
#5330=ORIENTED_EDGE('',*,*,#7450,.T.);
#5331=ORIENTED_EDGE('',*,*,#7451,.T.);
#5332=ORIENTED_EDGE('',*,*,#6611,.T.);
#5333=ORIENTED_EDGE('',*,*,#7452,.T.);
#5334=ORIENTED_EDGE('',*,*,#7453,.T.);
#5335=ORIENTED_EDGE('',*,*,#7418,.T.);
#5336=ORIENTED_EDGE('',*,*,#7454,.T.);
#5337=ORIENTED_EDGE('',*,*,#7455,.T.);
#5338=ORIENTED_EDGE('',*,*,#7456,.T.);
#5339=ORIENTED_EDGE('',*,*,#6621,.T.);
#5340=CARTESIAN_POINT('',(9.0,-2.18031937109711,-9.39256129380045));
#5341=DIRECTION('',(-1.83083213799826E-16,-0.0812774843884497,0.996691512220048));
#5342=DIRECTION('',(-1.49299385707192E-17,0.996691512220048,0.0812774843884497));
#5343=SURFACE_STYLE_FILL_AREA(#7457);
#5344=ORIENTED_EDGE('',*,*,#6618,.T.);
#5345=ORIENTED_EDGE('',*,*,#7456,.F.);
#5346=ORIENTED_EDGE('',*,*,#7458,.T.);
#5347=ORIENTED_EDGE('',*,*,#7428,.F.);
#5348=CARTESIAN_POINT('',(6.54784591596503,-2.6751198516252,-8.28));
#5349=DIRECTION('',(1.22460635382238E-16,0.0,-1.0));
#5350=DIRECTION('',(-1.0,0.0,-1.22460635382238E-16));
#5351=SURFACE_STYLE_FILL_AREA(#7459);
#5352=ORIENTED_EDGE('',*,*,#7455,.F.);
#5353=ORIENTED_EDGE('',*,*,#7460,.T.);
#5354=ORIENTED_EDGE('',*,*,#7429,.F.);
#5355=ORIENTED_EDGE('',*,*,#7458,.F.);
#5356=CARTESIAN_POINT('',(6.6066693299465,-1.82577594552628,-8.28));
#5357=DIRECTION('',(-0.754709580222772,-0.656059028990508,-9.24222147231425E-17));
#5358=DIRECTION('',(-0.656059028990508,0.754709580222772,-8.03414055384315E-17));
#5359=SURFACE_STYLE_FILL_AREA(#7461);
#5360=ORIENTED_EDGE('',*,*,#7462,.F.);
#5361=ORIENTED_EDGE('',*,*,#7425,.F.);
#5362=ORIENTED_EDGE('',*,*,#6615,.F.);
#5363=ORIENTED_EDGE('',*,*,#7416,.F.);
#5364=CARTESIAN_POINT('',(5.725,1.2959948991328,-8.28));
#5365=DIRECTION('',(-1.0,0.0,-1.22460635382238E-16));
#5366=DIRECTION('',(0.0,1.0,0.0));
#5367=SURFACE_STYLE_FILL_AREA(#7463);
#5368=ORIENTED_EDGE('',*,*,#7454,.F.);
#5369=ORIENTED_EDGE('',*,*,#7464,.T.);
#5370=ORIENTED_EDGE('',*,*,#7430,.F.);
#5371=ORIENTED_EDGE('',*,*,#7460,.F.);
#5372=CARTESIAN_POINT('',(7.71999999999998,-0.0580102017344193,-8.28));
#5373=DIRECTION('',(1.22460635382238E-16,0.0,-1.0));
#5374=DIRECTION('',(-1.0,0.0,-1.22460635382238E-16));
#5375=SURFACE_STYLE_FILL_AREA(#7465);
#5376=ORIENTED_EDGE('',*,*,#6613,.T.);
#5377=ORIENTED_EDGE('',*,*,#7424,.F.);
#5378=ORIENTED_EDGE('',*,*,#7464,.F.);
#5379=ORIENTED_EDGE('',*,*,#7417,.F.);
#5380=CARTESIAN_POINT('',(7.59469127249616,-0.0947307808809943,-8.28));
#5381=DIRECTION('',(1.22460635382238E-16,0.0,-1.0));
#5382=DIRECTION('',(-1.0,0.0,-1.22460635382238E-16));
#5383=SURFACE_STYLE_FILL_AREA(#7466);
#5384=ORIENTED_EDGE('',*,*,#7434,.F.);
#5385=ORIENTED_EDGE('',*,*,#7467,.F.);
#5386=ORIENTED_EDGE('',*,*,#7450,.F.);
#5387=ORIENTED_EDGE('',*,*,#7446,.F.);
#5388=ORIENTED_EDGE('',*,*,#7442,.F.);
#5389=ORIENTED_EDGE('',*,*,#7438,.F.);
#5390=CARTESIAN_POINT('',(6.86488305123682,-3.72692104637925,-8.28));
#5391=DIRECTION('',(0.78386153614875,-0.620935658620538,9.59921817684729E-17));
#5392=DIRECTION('',(-0.620935658620538,-0.78386153614875,-7.60401752861593E-17));
#5393=SURFACE_STYLE_FILL_AREA(#7468);
#5394=ORIENTED_EDGE('',*,*,#6608,.T.);
#5395=ORIENTED_EDGE('',*,*,#7451,.F.);
#5396=ORIENTED_EDGE('',*,*,#7467,.T.);
#5397=ORIENTED_EDGE('',*,*,#7433,.F.);
#5398=CARTESIAN_POINT('',(6.55190572199955,-2.67494300968538,-8.28));
#5399=DIRECTION('',(1.22460635382238E-16,0.0,-1.0));
#5400=DIRECTION('',(-1.0,0.0,-1.22460635382238E-16));
#5401=SURFACE_STYLE_FILL_AREA(#7469);
#5402=ORIENTED_EDGE('',*,*,#7432,.F.);
#5403=ORIENTED_EDGE('',*,*,#7470,.F.);
#5404=ORIENTED_EDGE('',*,*,#7452,.F.);
#5405=ORIENTED_EDGE('',*,*,#6610,.T.);
#5406=CARTESIAN_POINT('',(6.82890705343561,-1.62415527550914,-8.28));
#5407=DIRECTION('',(0.754709580222772,0.656059028990507,9.24222147231426E-17));
#5408=DIRECTION('',(0.656059028990507,-0.754709580222772,8.03414055384314E-17));
#5409=SURFACE_STYLE_FILL_AREA(#7471);
#5410=ORIENTED_EDGE('',*,*,#7431,.F.);
#5411=ORIENTED_EDGE('',*,*,#7472,.F.);
#5412=ORIENTED_EDGE('',*,*,#7453,.F.);
#5413=ORIENTED_EDGE('',*,*,#7470,.T.);
#5414=CARTESIAN_POINT('',(7.89432166507613,0.0571052270354286,-8.28));
#5415=DIRECTION('',(1.22460635382238E-16,0.0,-1.0));
#5416=DIRECTION('',(-1.0,0.0,-1.22460635382238E-16));
#5417=SURFACE_STYLE_FILL_AREA(#7473);
#5418=ORIENTED_EDGE('',*,*,#7422,.F.);
#5419=ORIENTED_EDGE('',*,*,#7412,.F.);
#5420=ORIENTED_EDGE('',*,*,#7419,.F.);
#5421=ORIENTED_EDGE('',*,*,#7472,.T.);
#5422=CARTESIAN_POINT('',(7.81903811301413,-0.0231160966563833,-8.28));
#5423=DIRECTION('',(1.22460635382238E-16,0.0,-1.0));
#5424=DIRECTION('',(-1.0,0.0,-1.22460635382238E-16));
#5425=SURFACE_STYLE_FILL_AREA(#7474);
#5426=ORIENTED_EDGE('',*,*,#7449,.F.);
#5427=ORIENTED_EDGE('',*,*,#6620,.T.);
#5428=ORIENTED_EDGE('',*,*,#7427,.F.);
#5429=ORIENTED_EDGE('',*,*,#7437,.F.);
#5430=ORIENTED_EDGE('',*,*,#7441,.F.);
#5431=ORIENTED_EDGE('',*,*,#7445,.F.);
#5432=CARTESIAN_POINT('',(6.55594349366161,-3.63378069758617,-8.28));
#5433=DIRECTION('',(-0.78386153614875,0.620935658620539,-9.59921817684728E-17));
#5434=DIRECTION('',(0.620935658620539,0.78386153614875,7.60401752861594E-17));
#5435=SURFACE_STYLE_FILL_AREA(#7475);
#5436=ORIENTED_EDGE('',*,*,#7476,.F.);
#5437=ORIENTED_EDGE('',*,*,#7477,.F.);
#5438=ORIENTED_EDGE('',*,*,#7478,.T.);
#5439=ORIENTED_EDGE('',*,*,#7479,.F.);
#5440=CARTESIAN_POINT('',(-6.015,1.2959948991328,-12.28));
#5441=DIRECTION('',(-1.0,0.0,0.0));
#5442=DIRECTION('',(0.0,-1.0,0.0));
#5443=SURFACE_STYLE_FILL_AREA(#7480);
#5444=ORIENTED_EDGE('',*,*,#7481,.F.);
#5445=ORIENTED_EDGE('',*,*,#7482,.T.);
#5446=ORIENTED_EDGE('',*,*,#6599,.T.);
#5447=ORIENTED_EDGE('',*,*,#7483,.T.);
#5448=ORIENTED_EDGE('',*,*,#7484,.F.);
#5449=ORIENTED_EDGE('',*,*,#7485,.T.);
#5450=ORIENTED_EDGE('',*,*,#7477,.T.);
#5451=CARTESIAN_POINT('',(-9.0,0.5,-11.28));
#5452=DIRECTION('',(6.12303176911189E-17,1.70803542250024E-16,-1.0));
#5453=DIRECTION('',(-1.04583551547374E-32,1.0,1.70803542250024E-16));
#5454=SURFACE_STYLE_FILL_AREA(#7486);
#5455=ORIENTED_EDGE('',*,*,#7487,.F.);
#5456=ORIENTED_EDGE('',*,*,#7479,.T.);
#5457=ORIENTED_EDGE('',*,*,#7488,.T.);
#5458=ORIENTED_EDGE('',*,*,#7489,.T.);
#5459=ORIENTED_EDGE('',*,*,#7490,.T.);
#5460=ORIENTED_EDGE('',*,*,#6601,.T.);
#5461=ORIENTED_EDGE('',*,*,#7491,.T.);
#5462=CARTESIAN_POINT('',(-9.0,0.5,-9.28));
#5463=DIRECTION('',(-6.12303176911189E-17,-1.70803542250024E-16,1.0));
#5464=DIRECTION('',(1.04583551547374E-32,-1.0,-1.70803542250024E-16));
#5465=SURFACE_STYLE_FILL_AREA(#7492);
#5466=ORIENTED_EDGE('',*,*,#7493,.T.);
#5467=ORIENTED_EDGE('',*,*,#6604,.T.);
#5468=ORIENTED_EDGE('',*,*,#7494,.T.);
#5469=ORIENTED_EDGE('',*,*,#7495,.T.);
#5470=ORIENTED_EDGE('',*,*,#7496,.T.);
#5471=ORIENTED_EDGE('',*,*,#7489,.F.);
#5472=ORIENTED_EDGE('',*,*,#7497,.T.);
#5473=ORIENTED_EDGE('',*,*,#7498,.T.);
#5474=ORIENTED_EDGE('',*,*,#6594,.T.);
#5475=ORIENTED_EDGE('',*,*,#7499,.T.);
#5476=ORIENTED_EDGE('',*,*,#7500,.T.);
#5477=ORIENTED_EDGE('',*,*,#7501,.T.);
#5478=CARTESIAN_POINT('',(-9.0,-2.18031937109711,-9.39256129380045));
#5479=DIRECTION('',(-6.10277379332752E-17,-0.0812774843884494,0.996691512220048));
#5480=DIRECTION('',(4.97664619023971E-18,-0.996691512220048,-0.0812774843884494));
#5481=SURFACE_STYLE_FILL_AREA(#7502);
#5482=ORIENTED_EDGE('',*,*,#7503,.T.);
#5483=ORIENTED_EDGE('',*,*,#7501,.F.);
#5484=ORIENTED_EDGE('',*,*,#7504,.T.);
#5485=ORIENTED_EDGE('',*,*,#7505,.T.);
#5486=CARTESIAN_POINT('',(-9.0,-3.52,-10.0034683437109));
#5487=DIRECTION('',(1.0,0.0,6.12303176911189E-17));
#5488=DIRECTION('',(6.12303176911189E-17,0.0,-1.0));
#5489=SURFACE_STYLE_FILL_AREA(#7506);
#5490=ORIENTED_EDGE('',*,*,#7507,.T.);
#5491=ORIENTED_EDGE('',*,*,#7505,.F.);
#5492=ORIENTED_EDGE('',*,*,#7508,.T.);
#5493=ORIENTED_EDGE('',*,*,#7509,.T.);
#5494=CARTESIAN_POINT('',(-9.0,-4.02,-10.28));
#5495=DIRECTION('',(-1.38278421890826E-32,-1.0,2.25833258923109E-16));
#5496=DIRECTION('',(6.12303176911189E-17,-2.25833258923109E-16,-1.0));
#5497=SURFACE_STYLE_FILL_AREA(#7510);
#5498=ORIENTED_EDGE('',*,*,#7511,.T.);
#5499=ORIENTED_EDGE('',*,*,#7509,.F.);
#5500=ORIENTED_EDGE('',*,*,#7512,.T.);
#5501=ORIENTED_EDGE('',*,*,#7513,.T.);
#5502=CARTESIAN_POINT('',(-9.0,-3.52,-10.5565316562891));
#5503=DIRECTION('',(1.0,0.0,6.12303176911189E-17));
#5504=DIRECTION('',(6.12303176911189E-17,0.0,-1.0));
#5505=SURFACE_STYLE_FILL_AREA(#7514);
#5506=ORIENTED_EDGE('',*,*,#7515,.T.);
#5507=ORIENTED_EDGE('',*,*,#7513,.F.);
#5508=ORIENTED_EDGE('',*,*,#7516,.T.);
#5509=ORIENTED_EDGE('',*,*,#7517,.T.);
#5510=ORIENTED_EDGE('',*,*,#6596,.T.);
#5511=ORIENTED_EDGE('',*,*,#7518,.T.);
#5512=ORIENTED_EDGE('',*,*,#7519,.T.);
#5513=ORIENTED_EDGE('',*,*,#7484,.T.);
#5514=ORIENTED_EDGE('',*,*,#7520,.T.);
#5515=ORIENTED_EDGE('',*,*,#7521,.T.);
#5516=ORIENTED_EDGE('',*,*,#7522,.T.);
#5517=ORIENTED_EDGE('',*,*,#6606,.T.);
#5518=CARTESIAN_POINT('',(-9.0,-2.18031937109711,-11.1674387061995));
#5519=DIRECTION('',(6.10277379332752E-17,-0.0812774843884497,-0.996691512220048));
#5520=DIRECTION('',(4.97664619023973E-18,0.996691512220048,-0.0812774843884497));
#5521=SURFACE_STYLE_FILL_AREA(#7523);
#5522=ORIENTED_EDGE('',*,*,#6603,.T.);
#5523=ORIENTED_EDGE('',*,*,#7522,.F.);
#5524=ORIENTED_EDGE('',*,*,#7524,.T.);
#5525=ORIENTED_EDGE('',*,*,#7494,.F.);
#5526=CARTESIAN_POINT('',(-6.54784591596503,-2.6751198516252,-12.28));
#5527=DIRECTION('',(0.0,0.0,1.0));
#5528=DIRECTION('',(1.0,0.0,0.0));
#5529=SURFACE_STYLE_FILL_AREA(#7525);
#5530=ORIENTED_EDGE('',*,*,#7521,.F.);
#5531=ORIENTED_EDGE('',*,*,#7526,.T.);
#5532=ORIENTED_EDGE('',*,*,#7495,.F.);
#5533=ORIENTED_EDGE('',*,*,#7524,.F.);
#5534=CARTESIAN_POINT('',(-6.6066693299465,-1.82577594552628,-12.28));
#5535=DIRECTION('',(0.754709580222772,-0.656059028990508,0.0));
#5536=DIRECTION('',(0.656059028990508,0.754709580222772,0.0));
#5537=SURFACE_STYLE_FILL_AREA(#7527);
#5538=ORIENTED_EDGE('',*,*,#7528,.F.);
#5539=ORIENTED_EDGE('',*,*,#7491,.F.);
#5540=ORIENTED_EDGE('',*,*,#6600,.F.);
#5541=ORIENTED_EDGE('',*,*,#7482,.F.);
#5542=CARTESIAN_POINT('',(-5.725,1.2959948991328,-12.28));
#5543=DIRECTION('',(1.0,0.0,0.0));
#5544=DIRECTION('',(0.0,1.0,0.0));
#5545=SURFACE_STYLE_FILL_AREA(#7529);
#5546=ORIENTED_EDGE('',*,*,#7520,.F.);
#5547=ORIENTED_EDGE('',*,*,#7530,.T.);
#5548=ORIENTED_EDGE('',*,*,#7496,.F.);
#5549=ORIENTED_EDGE('',*,*,#7526,.F.);
#5550=CARTESIAN_POINT('',(-7.71999999999998,-0.0580102017344193,-12.28));
#5551=DIRECTION('',(0.0,0.0,1.0));
#5552=DIRECTION('',(1.0,0.0,0.0));
#5553=SURFACE_STYLE_FILL_AREA(#7531);
#5554=ORIENTED_EDGE('',*,*,#6598,.T.);
#5555=ORIENTED_EDGE('',*,*,#7490,.F.);
#5556=ORIENTED_EDGE('',*,*,#7530,.F.);
#5557=ORIENTED_EDGE('',*,*,#7483,.F.);
#5558=CARTESIAN_POINT('',(-7.59469127249616,-0.0947307808809943,-12.28));
#5559=DIRECTION('',(0.0,0.0,1.0));
#5560=DIRECTION('',(1.0,0.0,0.0));
#5561=SURFACE_STYLE_FILL_AREA(#7532);
#5562=ORIENTED_EDGE('',*,*,#7500,.F.);
#5563=ORIENTED_EDGE('',*,*,#7533,.F.);
#5564=ORIENTED_EDGE('',*,*,#7516,.F.);
#5565=ORIENTED_EDGE('',*,*,#7512,.F.);
#5566=ORIENTED_EDGE('',*,*,#7508,.F.);
#5567=ORIENTED_EDGE('',*,*,#7504,.F.);
#5568=CARTESIAN_POINT('',(-6.86488305123682,-3.72692104637925,-12.28));
#5569=DIRECTION('',(-0.78386153614875,-0.620935658620538,0.0));
#5570=DIRECTION('',(0.620935658620538,-0.78386153614875,0.0));
#5571=SURFACE_STYLE_FILL_AREA(#7534);
#5572=ORIENTED_EDGE('',*,*,#6593,.T.);
#5573=ORIENTED_EDGE('',*,*,#7517,.F.);
#5574=ORIENTED_EDGE('',*,*,#7533,.T.);
#5575=ORIENTED_EDGE('',*,*,#7499,.F.);
#5576=CARTESIAN_POINT('',(-6.55190572199955,-2.67494300968538,-12.28));
#5577=DIRECTION('',(0.0,0.0,1.0));
#5578=DIRECTION('',(1.0,0.0,0.0));
#5579=SURFACE_STYLE_FILL_AREA(#7535);
#5580=ORIENTED_EDGE('',*,*,#7498,.F.);
#5581=ORIENTED_EDGE('',*,*,#7536,.F.);
#5582=ORIENTED_EDGE('',*,*,#7518,.F.);
#5583=ORIENTED_EDGE('',*,*,#6595,.T.);
#5584=CARTESIAN_POINT('',(-6.82890705343561,-1.62415527550914,-12.28));
#5585=DIRECTION('',(-0.754709580222772,0.656059028990507,0.0));
#5586=DIRECTION('',(-0.656059028990507,-0.754709580222772,0.0));
#5587=SURFACE_STYLE_FILL_AREA(#7537);
#5588=ORIENTED_EDGE('',*,*,#7497,.F.);
#5589=ORIENTED_EDGE('',*,*,#7538,.F.);
#5590=ORIENTED_EDGE('',*,*,#7519,.F.);
#5591=ORIENTED_EDGE('',*,*,#7536,.T.);
#5592=CARTESIAN_POINT('',(-7.89432166507613,0.0571052270354286,-12.28));
#5593=DIRECTION('',(0.0,0.0,1.0));
#5594=DIRECTION('',(1.0,0.0,0.0));
#5595=SURFACE_STYLE_FILL_AREA(#7539);
#5596=ORIENTED_EDGE('',*,*,#7488,.F.);
#5597=ORIENTED_EDGE('',*,*,#7478,.F.);
#5598=ORIENTED_EDGE('',*,*,#7485,.F.);
#5599=ORIENTED_EDGE('',*,*,#7538,.T.);
#5600=CARTESIAN_POINT('',(-7.81903811301413,-0.0231160966563833,-12.28));
#5601=DIRECTION('',(0.0,0.0,1.0));
#5602=DIRECTION('',(1.0,0.0,0.0));
#5603=SURFACE_STYLE_FILL_AREA(#7540);
#5604=ORIENTED_EDGE('',*,*,#7515,.F.);
#5605=ORIENTED_EDGE('',*,*,#6605,.T.);
#5606=ORIENTED_EDGE('',*,*,#7493,.F.);
#5607=ORIENTED_EDGE('',*,*,#7503,.F.);
#5608=ORIENTED_EDGE('',*,*,#7507,.F.);
#5609=ORIENTED_EDGE('',*,*,#7511,.F.);
#5610=CARTESIAN_POINT('',(-6.55594349366161,-3.63378069758617,-12.28));
#5611=DIRECTION('',(0.78386153614875,0.620935658620539,0.0));
#5612=DIRECTION('',(-0.620935658620539,0.78386153614875,0.0));
#5613=SURFACE_STYLE_FILL_AREA(#7541);
#5614=ORIENTED_EDGE('',*,*,#7542,.F.);
#5615=ORIENTED_EDGE('',*,*,#7543,.F.);
#5616=ORIENTED_EDGE('',*,*,#7544,.T.);
#5617=ORIENTED_EDGE('',*,*,#7545,.F.);
#5618=CARTESIAN_POINT('',(4.72048327827952,6.59,-0.51));
#5619=DIRECTION('',(-1.22460635382238E-16,-1.0,6.12303176911189E-17));
#5620=DIRECTION('',(-1.0,1.22460635382238E-16,0.0));
#5621=SURFACE_STYLE_FILL_AREA(#7546);
#5622=ORIENTED_EDGE('',*,*,#7547,.F.);
#5623=ORIENTED_EDGE('',*,*,#7296,.F.);
#5624=ORIENTED_EDGE('',*,*,#7548,.T.);
#5625=ORIENTED_EDGE('',*,*,#7549,.T.);
#5626=ORIENTED_EDGE('',*,*,#7550,.T.);
#5627=ORIENTED_EDGE('',*,*,#7551,.T.);
#5628=ORIENTED_EDGE('',*,*,#7543,.T.);
#5629=CARTESIAN_POINT('',(6.02,6.185,-0.0117615752736935));
#5630=DIRECTION('',(1.22460635382238E-16,1.0,-2.16941458340517E-16));
#5631=DIRECTION('',(-6.12303176911189E-17,-2.16941458340517E-16,-1.0));
#5632=SURFACE_STYLE_FILL_AREA(#7552);
#5633=ORIENTED_EDGE('',*,*,#7553,.T.);
#5634=ORIENTED_EDGE('',*,*,#7554,.T.);
#5635=ORIENTED_EDGE('',*,*,#7555,.T.);
#5636=ORIENTED_EDGE('',*,*,#7556,.T.);
#5637=ORIENTED_EDGE('',*,*,#7550,.F.);
#5638=CARTESIAN_POINT('',(6.02,5.74754301676412,-2.58159644548049));
#5639=DIRECTION('',(1.07054077803004E-16,0.978147600733806,-0.207911690817759));
#5640=DIRECTION('',(-8.53532861026748E-17,-0.207911690817759,-0.978147600733806));
#5641=SURFACE_STYLE_FILL_AREA(#7557);
#5642=ORIENTED_EDGE('',*,*,#7558,.F.);
#5643=ORIENTED_EDGE('',*,*,#7545,.T.);
#5644=ORIENTED_EDGE('',*,*,#7559,.T.);
#5645=ORIENTED_EDGE('',*,*,#7560,.F.);
#5646=ORIENTED_EDGE('',*,*,#7561,.T.);
#5647=ORIENTED_EDGE('',*,*,#7562,.T.);
#5648=ORIENTED_EDGE('',*,*,#7294,.F.);
#5649=CARTESIAN_POINT('',(6.02,2.995,-0.0117615752736967));
#5650=DIRECTION('',(-1.22460635382238E-16,-1.0,-8.67765833362068E-16));
#5651=DIRECTION('',(6.12303176911188E-17,-8.67765833362068E-16,1.0));
#5652=SURFACE_STYLE_FILL_AREA(#7563);
#5653=ORIENTED_EDGE('',*,*,#7564,.T.);
#5654=ORIENTED_EDGE('',*,*,#7560,.T.);
#5655=ORIENTED_EDGE('',*,*,#7565,.T.);
#5656=ORIENTED_EDGE('',*,*,#7566,.T.);
#5657=ORIENTED_EDGE('',*,*,#7567,.T.);
#5658=CARTESIAN_POINT('',(6.02,3.43245698323587,-2.5815964454805));
#5659=DIRECTION('',(-1.32515075563942E-16,-0.978147600733806,-0.207911690817759));
#5660=DIRECTION('',(3.44312905807985E-17,-0.207911690817759,0.978147600733806));
#5661=SURFACE_STYLE_FILL_AREA(#7568);
#5662=ORIENTED_EDGE('',*,*,#7295,.F.);
#5663=ORIENTED_EDGE('',*,*,#7562,.F.);
#5664=ORIENTED_EDGE('',*,*,#7569,.F.);
#5665=ORIENTED_EDGE('',*,*,#7548,.F.);
#5666=CARTESIAN_POINT('',(4.72699689375218,6.59,-0.489999999999999));
#5667=DIRECTION('',(-1.22460635382238E-16,-1.0,6.12303176911189E-17));
#5668=DIRECTION('',(-1.0,1.22460635382238E-16,0.0));
#5669=SURFACE_STYLE_FILL_AREA(#7570);
#5670=ORIENTED_EDGE('',*,*,#7549,.F.);
#5671=ORIENTED_EDGE('',*,*,#7569,.T.);
#5672=ORIENTED_EDGE('',*,*,#7561,.F.);
#5673=ORIENTED_EDGE('',*,*,#7564,.F.);
#5674=ORIENTED_EDGE('',*,*,#7571,.F.);
#5675=ORIENTED_EDGE('',*,*,#7553,.F.);
#5676=CARTESIAN_POINT('',(3.9304025598945,6.59,-2.29009030156404));
#5677=DIRECTION('',(0.950843611066352,-1.35402196035486E-16,-0.309671482856107));
#5678=DIRECTION('',(0.309671482856107,2.02978898298448E-17,0.950843611066352));
#5679=SURFACE_STYLE_FILL_AREA(#7572);
#5680=ORIENTED_EDGE('',*,*,#7554,.F.);
#5681=ORIENTED_EDGE('',*,*,#7571,.T.);
#5682=ORIENTED_EDGE('',*,*,#7567,.F.);
#5683=ORIENTED_EDGE('',*,*,#7573,.F.);
#5684=CARTESIAN_POINT('',(3.26199509792558,6.59,-4.12732392827894));
#5685=DIRECTION('',(-0.371367835550231,-1.1373541049612E-17,-0.928485826880915));
#5686=DIRECTION('',(0.928485826880915,-1.36441934854243E-16,-0.371367835550231));
#5687=SURFACE_STYLE_FILL_AREA(#7574);
#5688=ORIENTED_EDGE('',*,*,#7555,.F.);
#5689=ORIENTED_EDGE('',*,*,#7573,.T.);
#5690=ORIENTED_EDGE('',*,*,#7566,.F.);
#5691=ORIENTED_EDGE('',*,*,#7575,.F.);
#5692=CARTESIAN_POINT('',(3.20000662380053,6.59,-3.83327471658333));
#5693=DIRECTION('',(-0.999999999697416,1.22459129068493E-16,-2.46001775988697E-05));
#5694=DIRECTION('',(2.46001775988697E-05,-6.12333302259708E-17,-0.999999999697416));
#5695=SURFACE_STYLE_FILL_AREA(#7576);
#5696=ORIENTED_EDGE('',*,*,#7556,.F.);
#5697=ORIENTED_EDGE('',*,*,#7575,.T.);
#5698=ORIENTED_EDGE('',*,*,#7565,.F.);
#5699=ORIENTED_EDGE('',*,*,#7559,.F.);
#5700=ORIENTED_EDGE('',*,*,#7544,.F.);
#5701=ORIENTED_EDGE('',*,*,#7551,.F.);
#5702=CARTESIAN_POINT('',(3.72253073637317,6.59,-1.95959036744001));
#5703=DIRECTION('',(-0.950843611066352,1.35402196035486E-16,0.309671482856107));
#5704=DIRECTION('',(-0.309671482856107,-2.02978898298448E-17,-0.950843611066352));
#5705=SURFACE_STYLE_FILL_AREA(#7577);
#5706=ORIENTED_EDGE('',*,*,#7578,.F.);
#5707=ORIENTED_EDGE('',*,*,#7579,.F.);
#5708=ORIENTED_EDGE('',*,*,#7580,.T.);
#5709=ORIENTED_EDGE('',*,*,#7581,.F.);
#5710=CARTESIAN_POINT('',(-4.72048327827952,2.59,-0.51));
#5711=DIRECTION('',(-0.0,1.0,6.12303176911189E-17));
#5712=DIRECTION('',(1.0,0.0,0.0));
#5713=SURFACE_STYLE_FILL_AREA(#7582);
#5714=ORIENTED_EDGE('',*,*,#7583,.F.);
#5715=ORIENTED_EDGE('',*,*,#7283,.F.);
#5716=ORIENTED_EDGE('',*,*,#7584,.T.);
#5717=ORIENTED_EDGE('',*,*,#7585,.T.);
#5718=ORIENTED_EDGE('',*,*,#7586,.T.);
#5719=ORIENTED_EDGE('',*,*,#7587,.T.);
#5720=ORIENTED_EDGE('',*,*,#7579,.T.);
#5721=CARTESIAN_POINT('',(-6.02,2.995,-0.0117615752736935));
#5722=DIRECTION('',(1.32833944145645E-32,-1.0,-2.16941458340517E-16));
#5723=DIRECTION('',(6.12303176911189E-17,2.16941458340517E-16,-1.0));
#5724=SURFACE_STYLE_FILL_AREA(#7588);
#5725=ORIENTED_EDGE('',*,*,#7589,.T.);
#5726=ORIENTED_EDGE('',*,*,#7590,.T.);
#5727=ORIENTED_EDGE('',*,*,#7591,.T.);
#5728=ORIENTED_EDGE('',*,*,#7592,.T.);
#5729=ORIENTED_EDGE('',*,*,#7586,.F.);
#5730=CARTESIAN_POINT('',(-6.02,3.43245698323587,-2.58159644548049));
#5731=DIRECTION('',(1.27304988804691E-17,-0.978147600733806,-0.207911690817759));
#5732=DIRECTION('',(5.98922883417366E-17,0.207911690817759,-0.978147600733806));
#5733=SURFACE_STYLE_FILL_AREA(#7593);
#5734=ORIENTED_EDGE('',*,*,#7594,.F.);
#5735=ORIENTED_EDGE('',*,*,#7581,.T.);
#5736=ORIENTED_EDGE('',*,*,#7595,.T.);
#5737=ORIENTED_EDGE('',*,*,#7596,.F.);
#5738=ORIENTED_EDGE('',*,*,#7597,.T.);
#5739=ORIENTED_EDGE('',*,*,#7598,.T.);
#5740=ORIENTED_EDGE('',*,*,#7281,.F.);
#5741=CARTESIAN_POINT('',(-6.02,6.185,-0.0117615752736967));
#5742=DIRECTION('',(5.3133577658258E-32,1.0,-8.67765833362068E-16));
#5743=DIRECTION('',(-6.12303176911189E-17,8.67765833362068E-16,1.0));
#5744=SURFACE_STYLE_FILL_AREA(#7599);
#5745=ORIENTED_EDGE('',*,*,#7600,.T.);
#5746=ORIENTED_EDGE('',*,*,#7596,.T.);
#5747=ORIENTED_EDGE('',*,*,#7601,.T.);
#5748=ORIENTED_EDGE('',*,*,#7602,.T.);
#5749=ORIENTED_EDGE('',*,*,#7603,.T.);
#5750=CARTESIAN_POINT('',(-6.02,5.74754301676413,-2.5815964454805));
#5751=DIRECTION('',(1.27304988804691E-17,0.978147600733806,-0.207911690817759));
#5752=DIRECTION('',(-5.98922883417366E-17,0.207911690817759,0.978147600733806));
#5753=SURFACE_STYLE_FILL_AREA(#7604);
#5754=ORIENTED_EDGE('',*,*,#7282,.F.);
#5755=ORIENTED_EDGE('',*,*,#7598,.F.);
#5756=ORIENTED_EDGE('',*,*,#7605,.F.);
#5757=ORIENTED_EDGE('',*,*,#7584,.F.);
#5758=CARTESIAN_POINT('',(-4.72699689375218,2.59,-0.489999999999999));
#5759=DIRECTION('',(-0.0,1.0,6.12303176911189E-17));
#5760=DIRECTION('',(1.0,0.0,0.0));
#5761=SURFACE_STYLE_FILL_AREA(#7606);
#5762=ORIENTED_EDGE('',*,*,#7585,.F.);
#5763=ORIENTED_EDGE('',*,*,#7605,.T.);
#5764=ORIENTED_EDGE('',*,*,#7597,.F.);
#5765=ORIENTED_EDGE('',*,*,#7600,.F.);
#5766=ORIENTED_EDGE('',*,*,#7607,.F.);
#5767=ORIENTED_EDGE('',*,*,#7589,.F.);
#5768=CARTESIAN_POINT('',(-3.9304025598945,2.59,-2.29009030156404));
#5769=DIRECTION('',(-0.950843611066352,1.89612832751593E-17,-0.309671482856107));
#5770=DIRECTION('',(-0.309671482856107,-5.82204563801634E-17,0.950843611066352));
#5771=SURFACE_STYLE_FILL_AREA(#7608);
#5772=ORIENTED_EDGE('',*,*,#7590,.F.);
#5773=ORIENTED_EDGE('',*,*,#7607,.T.);
#5774=ORIENTED_EDGE('',*,*,#7603,.F.);
#5775=ORIENTED_EDGE('',*,*,#7609,.F.);
#5776=CARTESIAN_POINT('',(-3.26199509792558,2.59,-4.12732392827894));
#5777=DIRECTION('',(0.371367835550231,5.68514821516196E-17,-0.928485826880915));
#5778=DIRECTION('',(-0.928485826880915,2.27389705510038E-17,-0.371367835550231));
#5779=SURFACE_STYLE_FILL_AREA(#7610);
#5780=ORIENTED_EDGE('',*,*,#7591,.F.);
#5781=ORIENTED_EDGE('',*,*,#7609,.T.);
#5782=ORIENTED_EDGE('',*,*,#7602,.F.);
#5783=ORIENTED_EDGE('',*,*,#7611,.F.);
#5784=CARTESIAN_POINT('',(-3.20000662380053,2.59,-3.83327471658333));
#5785=DIRECTION('',(0.999999999697416,1.50627668963674E-21,-2.46001775988697E-05));
#5786=DIRECTION('',(-2.46001775988697E-05,6.12303176725915E-17,-0.999999999697416));
#5787=SURFACE_STYLE_FILL_AREA(#7612);
#5788=ORIENTED_EDGE('',*,*,#7592,.F.);
#5789=ORIENTED_EDGE('',*,*,#7611,.T.);
#5790=ORIENTED_EDGE('',*,*,#7601,.F.);
#5791=ORIENTED_EDGE('',*,*,#7595,.F.);
#5792=ORIENTED_EDGE('',*,*,#7580,.F.);
#5793=ORIENTED_EDGE('',*,*,#7587,.F.);
#5794=CARTESIAN_POINT('',(-3.72253073637317,2.59,-1.95959036744001));
#5795=DIRECTION('',(0.950843611066352,-1.89612832751593E-17,0.309671482856107));
#5796=DIRECTION('',(0.309671482856107,5.82204563801634E-17,-0.950843611066352));
#5797=SURFACE_STYLE_FILL_AREA(#7613);
#5798=ORIENTED_EDGE('',*,*,#6803,.T.);
#5799=ORIENTED_EDGE('',*,*,#7614,.T.);
#5800=ORIENTED_EDGE('',*,*,#7615,.F.);
#5801=ORIENTED_EDGE('',*,*,#7381,.T.);
#5802=CARTESIAN_POINT('',(0.0,7.25,-10.285));
#5803=DIRECTION('',(0.0,1.0,0.0));
#5804=DIRECTION('',(0.0,0.0,1.0));
#5805=SURFACE_STYLE_FILL_AREA(#7616);
#5806=ORIENTED_EDGE('',*,*,#6806,.T.);
#5807=ORIENTED_EDGE('',*,*,#7379,.F.);
#5808=ORIENTED_EDGE('',*,*,#7617,.F.);
#5809=ORIENTED_EDGE('',*,*,#7614,.F.);
#5810=CARTESIAN_POINT('',(0.0,7.95,-9.5));
#5811=DIRECTION('',(0.0,0.0,1.0));
#5812=DIRECTION('',(1.0,0.0,0.0));
#5813=SURFACE_STYLE_FILL_AREA(#7618);
#5814=ORIENTED_EDGE('',*,*,#6772,.T.);
#5815=ORIENTED_EDGE('',*,*,#7619,.F.);
#5816=ORIENTED_EDGE('',*,*,#7620,.F.);
#5817=ORIENTED_EDGE('',*,*,#7367,.F.);
#5818=CARTESIAN_POINT('',(0.0,7.95,-9.5));
#5819=DIRECTION('',(0.0,0.0,1.0));
#5820=DIRECTION('',(1.0,0.0,0.0));
#5821=SURFACE_STYLE_FILL_AREA(#7621);
#5822=ORIENTED_EDGE('',*,*,#6786,.T.);
#5823=ORIENTED_EDGE('',*,*,#7622,.T.);
#5824=ORIENTED_EDGE('',*,*,#7623,.F.);
#5825=ORIENTED_EDGE('',*,*,#7388,.T.);
#5826=CARTESIAN_POINT('',(0.0,3.7,-10.285));
#5827=DIRECTION('',(0.0,-1.0,0.0));
#5828=DIRECTION('',(0.0,0.0,-1.0));
#5829=SURFACE_STYLE_FILL_AREA(#7624);
#5830=ORIENTED_EDGE('',*,*,#6755,.T.);
#5831=ORIENTED_EDGE('',*,*,#7625,.T.);
#5832=ORIENTED_EDGE('',*,*,#7626,.F.);
#5833=ORIENTED_EDGE('',*,*,#7374,.T.);
#5834=CARTESIAN_POINT('',(0.0,3.7,-10.285));
#5835=DIRECTION('',(0.0,-1.0,0.0));
#5836=DIRECTION('',(0.0,0.0,-1.0));
#5837=SURFACE_STYLE_FILL_AREA(#7627);
#5838=ORIENTED_EDGE('',*,*,#6789,.T.);
#5839=ORIENTED_EDGE('',*,*,#7386,.F.);
#5840=ORIENTED_EDGE('',*,*,#7628,.F.);
#5841=ORIENTED_EDGE('',*,*,#7622,.F.);
#5842=CARTESIAN_POINT('',(0.0,3.0,-11.07));
#5843=DIRECTION('',(0.0,0.0,1.0));
#5844=DIRECTION('',(1.0,0.0,0.0));
#5845=SURFACE_STYLE_FILL_AREA(#7629);
#5846=ORIENTED_EDGE('',*,*,#7292,.T.);
#5847=ORIENTED_EDGE('',*,*,#6590,.T.);
#5848=ORIENTED_EDGE('',*,*,#7630,.F.);
#5849=ORIENTED_EDGE('',*,*,#7631,.F.);
#5850=CARTESIAN_POINT('',(4.60715141731191,2.99,-0.4));
#5851=DIRECTION('',(0.0,1.0,0.0));
#5852=DIRECTION('',(-1.0,0.0,0.0));
#5853=SURFACE_STYLE_FILL_AREA(#7632);
#5854=ORIENTED_EDGE('',*,*,#6588,.T.);
#5855=ORIENTED_EDGE('',*,*,#7291,.T.);
#5856=ORIENTED_EDGE('',*,*,#7633,.T.);
#5857=ORIENTED_EDGE('',*,*,#7634,.F.);
#5858=CARTESIAN_POINT('',(4.69999999087494,2.84,-0.4));
#5859=DIRECTION('',(0.0,0.0,1.0));
#5860=DIRECTION('',(1.0,0.0,0.0));
#5861=SURFACE_STYLE_FILL_AREA(#7635);
#5862=ORIENTED_EDGE('',*,*,#7290,.T.);
#5863=ORIENTED_EDGE('',*,*,#7266,.T.);
#5864=ORIENTED_EDGE('',*,*,#7636,.F.);
#5865=ORIENTED_EDGE('',*,*,#7633,.F.);
#5866=CARTESIAN_POINT('',(4.625,2.69,-0.4));
#5867=DIRECTION('',(0.0,-1.0,0.0));
#5868=DIRECTION('',(1.0,0.0,0.0));
#5869=SURFACE_STYLE_FILL_AREA(#7637);
#5870=ORIENTED_EDGE('',*,*,#7287,.T.);
#5871=ORIENTED_EDGE('',*,*,#7638,.T.);
#5872=ORIENTED_EDGE('',*,*,#7639,.F.);
#5873=ORIENTED_EDGE('',*,*,#7300,.F.);
#5874=CARTESIAN_POINT('',(-4.625,2.69,-0.4));
#5875=DIRECTION('',(0.0,-1.0,0.0));
#5876=DIRECTION('',(1.0,0.0,0.0));
#5877=SURFACE_STYLE_FILL_AREA(#7640);
#5878=ORIENTED_EDGE('',*,*,#6583,.T.);
#5879=ORIENTED_EDGE('',*,*,#7641,.F.);
#5880=ORIENTED_EDGE('',*,*,#7638,.F.);
#5881=ORIENTED_EDGE('',*,*,#7286,.T.);
#5882=CARTESIAN_POINT('',(-4.7,2.84,-0.4));
#5883=DIRECTION('',(0.0,0.0,1.0));
#5884=DIRECTION('',(1.0,0.0,0.0));
#5885=SURFACE_STYLE_FILL_AREA(#7642);
#5886=ORIENTED_EDGE('',*,*,#7285,.T.);
#5887=ORIENTED_EDGE('',*,*,#7643,.T.);
#5888=ORIENTED_EDGE('',*,*,#7644,.F.);
#5889=ORIENTED_EDGE('',*,*,#6585,.F.);
#5890=CARTESIAN_POINT('',(-4.60715141731191,2.99,-0.4));
#5891=DIRECTION('',(1.19573502630058E-15,1.0,0.0));
#5892=DIRECTION('',(-1.0,1.19573502630058E-15,0.0));
#5893=SURFACE_STYLE_FILL_AREA(#7645);
#5894=ORIENTED_EDGE('',*,*,#7594,.T.);
#5895=ORIENTED_EDGE('',*,*,#7280,.T.);
#5896=ORIENTED_EDGE('',*,*,#7646,.T.);
#5897=ORIENTED_EDGE('',*,*,#7647,.F.);
#5898=ORIENTED_EDGE('',*,*,#7643,.F.);
#5899=ORIENTED_EDGE('',*,*,#7284,.T.);
#5900=ORIENTED_EDGE('',*,*,#7583,.T.);
#5901=ORIENTED_EDGE('',*,*,#7578,.T.);
#5902=CARTESIAN_POINT('',(-4.51430283462382,4.59,-0.4));
#5903=DIRECTION('',(-1.0,0.0,0.0));
#5904=DIRECTION('',(0.0,-1.0,0.0));
#5905=SURFACE_STYLE_FILL_AREA(#7648);
#5906=ORIENTED_EDGE('',*,*,#7279,.T.);
#5907=ORIENTED_EDGE('',*,*,#7649,.T.);
#5908=ORIENTED_EDGE('',*,*,#7650,.F.);
#5909=ORIENTED_EDGE('',*,*,#7646,.F.);
#5910=CARTESIAN_POINT('',(-4.60715141731191,6.19,-0.4));
#5911=DIRECTION('',(0.0,-1.0,0.0));
#5912=DIRECTION('',(1.0,0.0,0.0));
#5913=SURFACE_STYLE_FILL_AREA(#7651);
#5914=ORIENTED_EDGE('',*,*,#6576,.T.);
#5915=ORIENTED_EDGE('',*,*,#7652,.F.);
#5916=ORIENTED_EDGE('',*,*,#7649,.F.);
#5917=ORIENTED_EDGE('',*,*,#7278,.T.);
#5918=CARTESIAN_POINT('',(-4.7,6.34,-0.4));
#5919=DIRECTION('',(0.0,0.0,1.0));
#5920=DIRECTION('',(1.0,0.0,0.0));
#5921=SURFACE_STYLE_FILL_AREA(#7653);
#5922=ORIENTED_EDGE('',*,*,#6662,.T.);
#5923=ORIENTED_EDGE('',*,*,#7654,.T.);
#5924=ORIENTED_EDGE('',*,*,#7655,.F.);
#5925=ORIENTED_EDGE('',*,*,#6580,.F.);
#5926=CARTESIAN_POINT('',(-4.625,6.49,-0.4));
#5927=DIRECTION('',(0.0,1.0,0.0));
#5928=DIRECTION('',(-1.0,0.0,0.0));
#5929=SURFACE_STYLE_FILL_AREA(#7656);
#5930=ORIENTED_EDGE('',*,*,#6661,.T.);
#5931=ORIENTED_EDGE('',*,*,#7657,.T.);
#5932=ORIENTED_EDGE('',*,*,#7658,.F.);
#5933=ORIENTED_EDGE('',*,*,#7654,.F.);
#5934=CARTESIAN_POINT('',(-4.55,6.99,-0.4));
#5935=DIRECTION('',(-1.0,0.0,0.0));
#5936=DIRECTION('',(0.0,-1.0,0.0));
#5937=SURFACE_STYLE_FILL_AREA(#7659);
#5938=ORIENTED_EDGE('',*,*,#6660,.T.);
#5939=ORIENTED_EDGE('',*,*,#7660,.T.);
#5940=ORIENTED_EDGE('',*,*,#7661,.F.);
#5941=ORIENTED_EDGE('',*,*,#7657,.F.);
#5942=CARTESIAN_POINT('',(-3.575,8.49,-0.4));
#5943=DIRECTION('',(-0.716000139620041,0.69810013612954,0.0));
#5944=DIRECTION('',(-0.69810013612954,-0.716000139620041,0.0));
#5945=SURFACE_STYLE_FILL_AREA(#7662);
#5946=ORIENTED_EDGE('',*,*,#6659,.T.);
#5947=ORIENTED_EDGE('',*,*,#7663,.T.);
#5948=ORIENTED_EDGE('',*,*,#7664,.F.);
#5949=ORIENTED_EDGE('',*,*,#7660,.F.);
#5950=CARTESIAN_POINT('',(1.33226762955019E-15,9.49,-0.4));
#5951=DIRECTION('',(0.0,1.0,0.0));
#5952=DIRECTION('',(-1.0,0.0,0.0));
#5953=SURFACE_STYLE_FILL_AREA(#7665);
#5954=ORIENTED_EDGE('',*,*,#6658,.T.);
#5955=ORIENTED_EDGE('',*,*,#7666,.T.);
#5956=ORIENTED_EDGE('',*,*,#7667,.F.);
#5957=ORIENTED_EDGE('',*,*,#7663,.F.);
#5958=CARTESIAN_POINT('',(3.575,8.49,-0.4));
#5959=DIRECTION('',(0.716000139620041,0.69810013612954,0.0));
#5960=DIRECTION('',(-0.69810013612954,0.716000139620041,0.0));
#5961=SURFACE_STYLE_FILL_AREA(#7668);
#5962=ORIENTED_EDGE('',*,*,#6657,.T.);
#5963=ORIENTED_EDGE('',*,*,#7669,.T.);
#5964=ORIENTED_EDGE('',*,*,#7670,.F.);
#5965=ORIENTED_EDGE('',*,*,#7666,.F.);
#5966=CARTESIAN_POINT('',(4.55,6.99,-0.4));
#5967=DIRECTION('',(1.0,0.0,0.0));
#5968=DIRECTION('',(0.0,1.0,0.0));
#5969=SURFACE_STYLE_FILL_AREA(#7671);
#5970=ORIENTED_EDGE('',*,*,#6656,.T.);
#5971=ORIENTED_EDGE('',*,*,#6625,.T.);
#5972=ORIENTED_EDGE('',*,*,#7672,.F.);
#5973=ORIENTED_EDGE('',*,*,#7669,.F.);
#5974=CARTESIAN_POINT('',(4.625,6.49,-0.4));
#5975=DIRECTION('',(0.0,1.0,0.0));
#5976=DIRECTION('',(-1.0,0.0,0.0));
#5977=SURFACE_STYLE_FILL_AREA(#7673);
#5978=ORIENTED_EDGE('',*,*,#7298,.T.);
#5979=ORIENTED_EDGE('',*,*,#7674,.T.);
#5980=ORIENTED_EDGE('',*,*,#7675,.F.);
#5981=ORIENTED_EDGE('',*,*,#7261,.F.);
#5982=CARTESIAN_POINT('',(4.60715141731191,6.19,-0.4));
#5983=DIRECTION('',(0.0,-1.0,0.0));
#5984=DIRECTION('',(1.0,0.0,0.0));
#5985=SURFACE_STYLE_FILL_AREA(#7676);
#5986=ORIENTED_EDGE('',*,*,#7558,.T.);
#5987=ORIENTED_EDGE('',*,*,#7293,.T.);
#5988=ORIENTED_EDGE('',*,*,#7631,.T.);
#5989=ORIENTED_EDGE('',*,*,#7677,.F.);
#5990=ORIENTED_EDGE('',*,*,#7674,.F.);
#5991=ORIENTED_EDGE('',*,*,#7297,.T.);
#5992=ORIENTED_EDGE('',*,*,#7547,.T.);
#5993=ORIENTED_EDGE('',*,*,#7542,.T.);
#5994=CARTESIAN_POINT('',(4.51430283462381,4.59,-0.4));
#5995=DIRECTION('',(1.0,0.0,0.0));
#5996=DIRECTION('',(0.0,1.0,0.0));
#5997=SURFACE_STYLE_FILL_AREA(#7678);
#5998=ORIENTED_EDGE('',*,*,#6750,.T.);
#5999=ORIENTED_EDGE('',*,*,#7679,.F.);
#6000=ORIENTED_EDGE('',*,*,#7680,.F.);
#6001=ORIENTED_EDGE('',*,*,#7395,.F.);
#6002=CARTESIAN_POINT('',(0.0,5.4,-13.4));
#6003=DIRECTION('',(0.0,0.0,1.0));
#6004=DIRECTION('',(1.0,0.0,0.0));
#6005=SURFACE_STYLE_FILL_AREA(#7681);
#6006=ORIENTED_EDGE('',*,*,#6753,.T.);
#6007=ORIENTED_EDGE('',*,*,#7403,.T.);
#6008=ORIENTED_EDGE('',*,*,#7682,.F.);
#6009=ORIENTED_EDGE('',*,*,#7679,.T.);
#6010=CARTESIAN_POINT('',(0.0,4.6,-14.185));
#6011=DIRECTION('',(0.0,1.0,0.0));
#6012=DIRECTION('',(0.0,0.0,1.0));
#6013=SURFACE_STYLE_FILL_AREA(#7683);
#6014=ORIENTED_EDGE('',*,*,#6775,.T.);
#6015=ORIENTED_EDGE('',*,*,#7365,.T.);
#6016=ORIENTED_EDGE('',*,*,#7684,.F.);
#6017=ORIENTED_EDGE('',*,*,#7619,.T.);
#6018=CARTESIAN_POINT('',(0.0,7.25,-10.285));
#6019=DIRECTION('',(0.0,1.0,0.0));
#6020=DIRECTION('',(0.0,0.0,1.0));
#6021=SURFACE_STYLE_FILL_AREA(#7685);
#6022=ORIENTED_EDGE('',*,*,#6758,.T.);
#6023=ORIENTED_EDGE('',*,*,#7372,.F.);
#6024=ORIENTED_EDGE('',*,*,#7686,.F.);
#6025=ORIENTED_EDGE('',*,*,#7625,.F.);
#6026=CARTESIAN_POINT('',(0.0,3.0,-9.5));
#6027=DIRECTION('',(0.0,0.0,1.0));
#6028=DIRECTION('',(1.0,0.0,0.0));
#6029=SURFACE_STYLE_FILL_AREA(#7687);
#6030=ORIENTED_EDGE('',*,*,#6573,.T.);
#6031=ORIENTED_EDGE('',*,*,#7688,.F.);
#6032=CARTESIAN_POINT('',(-5.82,8.1,-13.8));
#6033=DIRECTION('',(0.0,0.0,1.0));
#6034=DIRECTION('',(-1.0,1.22460635382238E-16,0.0));
#6035=SURFACE_STYLE_FILL_AREA(#7689);
#6036=ORIENTED_EDGE('',*,*,#6570,.T.);
#6037=ORIENTED_EDGE('',*,*,#7690,.F.);
#6038=CARTESIAN_POINT('',(-5.82,2.5,-13.8));
#6039=DIRECTION('',(0.0,0.0,1.0));
#6040=DIRECTION('',(-1.0,1.22460635382238E-16,0.0));
#6041=SURFACE_STYLE_FILL_AREA(#7691);
#6042=ORIENTED_EDGE('',*,*,#6567,.T.);
#6043=ORIENTED_EDGE('',*,*,#7692,.F.);
#6044=CARTESIAN_POINT('',(5.82,8.1,-13.8));
#6045=DIRECTION('',(0.0,0.0,1.0));
#6046=DIRECTION('',(1.0,0.0,0.0));
#6047=SURFACE_STYLE_FILL_AREA(#7693);
#6048=ORIENTED_EDGE('',*,*,#6564,.T.);
#6049=ORIENTED_EDGE('',*,*,#7694,.F.);
#6050=CARTESIAN_POINT('',(5.82,2.5,-13.8));
#6051=DIRECTION('',(0.0,0.0,1.0));
#6052=DIRECTION('',(1.0,0.0,0.0));
#6053=SURFACE_STYLE_FILL_AREA(#7695);
#6054=ORIENTED_EDGE('',*,*,#7696,.F.);
#6055=ORIENTED_EDGE('',*,*,#7697,.F.);
#6056=ORIENTED_EDGE('',*,*,#7698,.T.);
#6057=ORIENTED_EDGE('',*,*,#7699,.T.);
#6058=CARTESIAN_POINT('',(-4.44089209850063E-16,7.8,-16.6));
#6059=DIRECTION('',(7.52693576017055E-17,-1.0,0.0));
#6060=DIRECTION('',(1.0,7.52693576017055E-17,0.0));
#6061=SURFACE_STYLE_FILL_AREA(#7700);
#6062=ORIENTED_EDGE('',*,*,#6559,.T.);
#6063=ORIENTED_EDGE('',*,*,#7701,.T.);
#6064=ORIENTED_EDGE('',*,*,#7697,.T.);
#6065=ORIENTED_EDGE('',*,*,#7702,.F.);
#6066=CARTESIAN_POINT('',(-2.95,8.3,-16.6));
#6067=DIRECTION('',(0.0,0.0,1.0));
#6068=DIRECTION('',(1.0,0.0,0.0));
#6069=SURFACE_STYLE_FILL_AREA(#7703);
#6070=ORIENTED_EDGE('',*,*,#7704,.F.);
#6071=ORIENTED_EDGE('',*,*,#6556,.F.);
#6072=ORIENTED_EDGE('',*,*,#7705,.T.);
#6073=ORIENTED_EDGE('',*,*,#6561,.T.);
#6074=CARTESIAN_POINT('',(-8.88178419700125E-16,8.8,-16.6));
#6075=DIRECTION('',(-1.50538715203411E-16,1.0,0.0));
#6076=DIRECTION('',(-1.0,-1.50538715203411E-16,0.0));
#6077=SURFACE_STYLE_FILL_AREA(#7706);
#6078=ORIENTED_EDGE('',*,*,#6554,.T.);
#6079=ORIENTED_EDGE('',*,*,#7707,.F.);
#6080=ORIENTED_EDGE('',*,*,#7699,.F.);
#6081=ORIENTED_EDGE('',*,*,#7708,.T.);
#6082=CARTESIAN_POINT('',(2.95,8.3,-16.6));
#6083=DIRECTION('',(0.0,0.0,1.0));
#6084=DIRECTION('',(1.0,0.0,0.0));
#6085=SURFACE_STYLE_FILL_AREA(#7709);
#6086=ORIENTED_EDGE('',*,*,#7698,.F.);
#6087=ORIENTED_EDGE('',*,*,#7701,.F.);
#6088=ORIENTED_EDGE('',*,*,#6562,.F.);
#6089=ORIENTED_EDGE('',*,*,#7705,.F.);
#6090=ORIENTED_EDGE('',*,*,#6555,.F.);
#6091=ORIENTED_EDGE('',*,*,#7708,.F.);
#6092=CARTESIAN_POINT('',(2.22044604925031E-16,8.3,-16.6));
#6093=DIRECTION('',(0.0,0.0,1.0));
#6094=DIRECTION('',(1.0,0.0,0.0));
#6095=SURFACE_STYLE_FILL_AREA(#7710);
#6096=ORIENTED_EDGE('',*,*,#7711,.F.);
#6097=ORIENTED_EDGE('',*,*,#7712,.F.);
#6098=ORIENTED_EDGE('',*,*,#7713,.T.);
#6099=ORIENTED_EDGE('',*,*,#7714,.T.);
#6100=CARTESIAN_POINT('',(-4.44089209850063E-16,3.8,-16.6));
#6101=DIRECTION('',(7.52693576017055E-17,-1.0,0.0));
#6102=DIRECTION('',(1.0,7.52693576017055E-17,0.0));
#6103=SURFACE_STYLE_FILL_AREA(#7715);
#6104=ORIENTED_EDGE('',*,*,#6549,.T.);
#6105=ORIENTED_EDGE('',*,*,#7716,.T.);
#6106=ORIENTED_EDGE('',*,*,#7712,.T.);
#6107=ORIENTED_EDGE('',*,*,#7717,.F.);
#6108=CARTESIAN_POINT('',(-2.95,4.3,-16.6));
#6109=DIRECTION('',(0.0,0.0,1.0));
#6110=DIRECTION('',(1.0,0.0,0.0));
#6111=SURFACE_STYLE_FILL_AREA(#7718);
#6112=ORIENTED_EDGE('',*,*,#7719,.F.);
#6113=ORIENTED_EDGE('',*,*,#6546,.F.);
#6114=ORIENTED_EDGE('',*,*,#7720,.T.);
#6115=ORIENTED_EDGE('',*,*,#6551,.T.);
#6116=CARTESIAN_POINT('',(-8.88178419700125E-16,4.8,-16.6));
#6117=DIRECTION('',(-1.50538715203411E-16,1.0,0.0));
#6118=DIRECTION('',(-1.0,-1.50538715203411E-16,0.0));
#6119=SURFACE_STYLE_FILL_AREA(#7721);
#6120=ORIENTED_EDGE('',*,*,#6544,.T.);
#6121=ORIENTED_EDGE('',*,*,#7722,.F.);
#6122=ORIENTED_EDGE('',*,*,#7714,.F.);
#6123=ORIENTED_EDGE('',*,*,#7723,.T.);
#6124=CARTESIAN_POINT('',(2.95,4.3,-16.6));
#6125=DIRECTION('',(0.0,0.0,1.0));
#6126=DIRECTION('',(1.0,0.0,0.0));
#6127=SURFACE_STYLE_FILL_AREA(#7724);
#6128=ORIENTED_EDGE('',*,*,#7713,.F.);
#6129=ORIENTED_EDGE('',*,*,#7716,.F.);
#6130=ORIENTED_EDGE('',*,*,#6552,.F.);
#6131=ORIENTED_EDGE('',*,*,#7720,.F.);
#6132=ORIENTED_EDGE('',*,*,#6545,.F.);
#6133=ORIENTED_EDGE('',*,*,#7723,.F.);
#6134=CARTESIAN_POINT('',(2.22044604925031E-16,4.3,-16.6));
#6135=DIRECTION('',(0.0,0.0,1.0));
#6136=DIRECTION('',(1.0,0.0,0.0));
#6137=SURFACE_STYLE_FILL_AREA(#7725);
#6138=ORIENTED_EDGE('',*,*,#7726,.F.);
#6139=ORIENTED_EDGE('',*,*,#7727,.F.);
#6140=ORIENTED_EDGE('',*,*,#7728,.F.);
#6141=ORIENTED_EDGE('',*,*,#7729,.F.);
#6142=ORIENTED_EDGE('',*,*,#7730,.F.);
#6143=ORIENTED_EDGE('',*,*,#7731,.F.);
#6144=CARTESIAN_POINT('',(5.72,-0.399999999999999,-12.0465));
#6145=DIRECTION('',(1.0,0.0,0.0));
#6146=DIRECTION('',(0.0,6.12303176911189E-17,-1.0));
#6147=SURFACE_STYLE_FILL_AREA(#7732);
#6148=ORIENTED_EDGE('',*,*,#7733,.F.);
#6149=ORIENTED_EDGE('',*,*,#7728,.T.);
#6150=ORIENTED_EDGE('',*,*,#7734,.F.);
#6151=ORIENTED_EDGE('',*,*,#7735,.F.);
#6152=CARTESIAN_POINT('',(0.0,-0.399999999999999,-16.0));
#6153=DIRECTION('',(0.0,6.12303176911189E-17,-1.0));
#6154=DIRECTION('',(-1.0,0.0,0.0));
#6155=SURFACE_STYLE_FILL_AREA(#7736);
#6156=ORIENTED_EDGE('',*,*,#6724,.T.);
#6157=ORIENTED_EDGE('',*,*,#7737,.F.);
#6158=ORIENTED_EDGE('',*,*,#7738,.F.);
#6159=ORIENTED_EDGE('',*,*,#7739,.F.);
#6160=CARTESIAN_POINT('',(-4.52,-0.4,-7.378));
#6161=DIRECTION('',(-1.0,0.0,0.0));
#6162=DIRECTION('',(0.0,-6.12303176911189E-17,1.0));
#6163=SURFACE_STYLE_FILL_AREA(#7740);
#6164=ORIENTED_EDGE('',*,*,#6723,.T.);
#6165=ORIENTED_EDGE('',*,*,#7741,.F.);
#6166=ORIENTED_EDGE('',*,*,#7742,.F.);
#6167=ORIENTED_EDGE('',*,*,#7737,.T.);
#6168=CARTESIAN_POINT('',(-3.87,-0.4,-6.663));
#6169=DIRECTION('',(-0.0,1.0,6.12303176911189E-17));
#6170=DIRECTION('',(1.0,0.0,0.0));
#6171=SURFACE_STYLE_FILL_AREA(#7743);
#6172=ORIENTED_EDGE('',*,*,#6722,.T.);
#6173=ORIENTED_EDGE('',*,*,#7744,.F.);
#6174=ORIENTED_EDGE('',*,*,#7745,.F.);
#6175=ORIENTED_EDGE('',*,*,#7741,.T.);
#6176=CARTESIAN_POINT('',(-3.22,-0.4,-7.378));
#6177=DIRECTION('',(1.0,0.0,0.0));
#6178=DIRECTION('',(0.0,6.12303176911189E-17,-1.0));
#6179=SURFACE_STYLE_FILL_AREA(#7746);
#6180=ORIENTED_EDGE('',*,*,#6720,.T.);
#6181=ORIENTED_EDGE('',*,*,#7747,.F.);
#6182=ORIENTED_EDGE('',*,*,#7748,.F.);
#6183=ORIENTED_EDGE('',*,*,#7749,.F.);
#6184=CARTESIAN_POINT('',(-0.75,-0.4,-5.453));
#6185=DIRECTION('',(-1.0,0.0,0.0));
#6186=DIRECTION('',(0.0,-6.12303176911189E-17,1.0));
#6187=SURFACE_STYLE_FILL_AREA(#7750);
#6188=ORIENTED_EDGE('',*,*,#6719,.T.);
#6189=ORIENTED_EDGE('',*,*,#7751,.F.);
#6190=ORIENTED_EDGE('',*,*,#7752,.F.);
#6191=ORIENTED_EDGE('',*,*,#7747,.T.);
#6192=CARTESIAN_POINT('',(-0.249999999999999,-0.4,-2.813));
#6193=DIRECTION('',(-0.0,1.0,6.12303176911189E-17));
#6194=DIRECTION('',(1.0,0.0,0.0));
#6195=SURFACE_STYLE_FILL_AREA(#7753);
#6196=ORIENTED_EDGE('',*,*,#6718,.T.);
#6197=ORIENTED_EDGE('',*,*,#7305,.F.);
#6198=ORIENTED_EDGE('',*,*,#7754,.F.);
#6199=ORIENTED_EDGE('',*,*,#7751,.T.);
#6200=CARTESIAN_POINT('',(-0.198999999999999,-0.4,-1.36280390031205));
#6201=DIRECTION('',(-1.0,-8.29404099963311E-32,1.35456442370151E-15));
#6202=DIRECTION('',(1.35456442370151E-15,-6.12303176911189E-17,1.0));
#6203=SURFACE_STYLE_FILL_AREA(#7755);
#6204=ORIENTED_EDGE('',*,*,#7756,.F.);
#6205=ORIENTED_EDGE('',*,*,#7757,.F.);
#6206=ORIENTED_EDGE('',*,*,#7758,.F.);
#6207=ORIENTED_EDGE('',*,*,#7759,.F.);
#6208=ORIENTED_EDGE('',*,*,#7735,.T.);
#6209=ORIENTED_EDGE('',*,*,#7760,.F.);
#6210=CARTESIAN_POINT('',(-5.72,-0.399999999999999,-12.0465));
#6211=DIRECTION('',(-1.0,0.0,0.0));
#6212=DIRECTION('',(0.0,-6.12303176911189E-17,1.0));
#6213=SURFACE_STYLE_FILL_AREA(#7761);
#6214=ORIENTED_EDGE('',*,*,#6729,.T.);
#6215=ORIENTED_EDGE('',*,*,#7762,.F.);
#6216=ORIENTED_EDGE('',*,*,#7763,.F.);
#6217=ORIENTED_EDGE('',*,*,#7764,.T.);
#6218=CARTESIAN_POINT('',(4.52,-0.4,-7.378));
#6219=DIRECTION('',(1.0,0.0,0.0));
#6220=DIRECTION('',(0.0,6.12303176911189E-17,-1.0));
#6221=SURFACE_STYLE_FILL_AREA(#7765);
#6222=ORIENTED_EDGE('',*,*,#6730,.T.);
#6223=ORIENTED_EDGE('',*,*,#7764,.F.);
#6224=ORIENTED_EDGE('',*,*,#7766,.F.);
#6225=ORIENTED_EDGE('',*,*,#7767,.T.);
#6226=CARTESIAN_POINT('',(3.87,-0.4,-6.663));
#6227=DIRECTION('',(-0.0,1.0,6.12303176911189E-17));
#6228=DIRECTION('',(1.0,0.0,0.0));
#6229=SURFACE_STYLE_FILL_AREA(#7768);
#6230=ORIENTED_EDGE('',*,*,#6731,.T.);
#6231=ORIENTED_EDGE('',*,*,#7767,.F.);
#6232=ORIENTED_EDGE('',*,*,#7769,.F.);
#6233=ORIENTED_EDGE('',*,*,#7770,.F.);
#6234=CARTESIAN_POINT('',(3.22,-0.4,-7.378));
#6235=DIRECTION('',(-1.0,-3.80303823808633E-32,6.21103790000087E-16));
#6236=DIRECTION('',(6.21103790000087E-16,-6.12303176911189E-17,1.0));
#6237=SURFACE_STYLE_FILL_AREA(#7771);
#6238=ORIENTED_EDGE('',*,*,#6733,.T.);
#6239=ORIENTED_EDGE('',*,*,#7772,.F.);
#6240=ORIENTED_EDGE('',*,*,#7773,.F.);
#6241=ORIENTED_EDGE('',*,*,#7360,.T.);
#6242=CARTESIAN_POINT('',(0.75,-0.4,-5.453));
#6243=DIRECTION('',(1.0,2.57497380703762E-33,-4.20539024479226E-17));
#6244=DIRECTION('',(-4.20539024479226E-17,6.12303176911189E-17,-1.0));
#6245=SURFACE_STYLE_FILL_AREA(#7774);
#6246=ORIENTED_EDGE('',*,*,#6766,.T.);
#6247=ORIENTED_EDGE('',*,*,#7775,.F.);
#6248=ORIENTED_EDGE('',*,*,#7776,.F.);
#6249=ORIENTED_EDGE('',*,*,#7777,.T.);
#6250=ORIENTED_EDGE('',*,*,#7760,.T.);
#6251=ORIENTED_EDGE('',*,*,#7734,.T.);
#6252=ORIENTED_EDGE('',*,*,#7727,.T.);
#6253=ORIENTED_EDGE('',*,*,#7778,.T.);
#6254=ORIENTED_EDGE('',*,*,#7779,.T.);
#6255=ORIENTED_EDGE('',*,*,#7338,.F.);
#6256=ORIENTED_EDGE('',*,*,#6795,.T.);
#6257=ORIENTED_EDGE('',*,*,#6670,.T.);
#6258=CARTESIAN_POINT('',(-6.02,0.4,-8.9315));
#6259=DIRECTION('',(-5.02062839776907E-33,-1.0,8.19957920698048E-17));
#6260=DIRECTION('',(6.12303176911189E-17,-8.19957920698048E-17,-1.0));
#6261=SURFACE_STYLE_FILL_AREA(#7780);
#6262=ORIENTED_EDGE('',*,*,#7756,.T.);
#6263=ORIENTED_EDGE('',*,*,#7777,.F.);
#6264=ORIENTED_EDGE('',*,*,#7781,.F.);
#6265=ORIENTED_EDGE('',*,*,#7782,.T.);
#6266=CARTESIAN_POINT('',(-6.02,0.2,-9.27));
#6267=DIRECTION('',(-6.12303176911189E-17,0.0,1.0));
#6268=DIRECTION('',(0.0,-1.0,0.0));
#6269=SURFACE_STYLE_FILL_AREA(#7783);
#6270=ORIENTED_EDGE('',*,*,#7726,.T.);
#6271=ORIENTED_EDGE('',*,*,#7784,.T.);
#6272=ORIENTED_EDGE('',*,*,#7785,.T.);
#6273=ORIENTED_EDGE('',*,*,#7778,.F.);
#6274=CARTESIAN_POINT('',(-6.02,0.2,-9.27));
#6275=DIRECTION('',(-6.12303176911189E-17,0.0,1.0));
#6276=DIRECTION('',(0.0,-1.0,0.0));
#6277=SURFACE_STYLE_FILL_AREA(#7786);
#6278=ORIENTED_EDGE('',*,*,#7481,.T.);
#6279=ORIENTED_EDGE('',*,*,#7476,.T.);
#6280=ORIENTED_EDGE('',*,*,#7487,.T.);
#6281=ORIENTED_EDGE('',*,*,#7528,.T.);
#6282=ORIENTED_EDGE('',*,*,#7757,.T.);
#6283=ORIENTED_EDGE('',*,*,#7782,.F.);
#6284=ORIENTED_EDGE('',*,*,#7787,.F.);
#6285=ORIENTED_EDGE('',*,*,#7788,.T.);
#6286=CARTESIAN_POINT('',(-6.02,0.0,-10.785));
#6287=DIRECTION('',(0.0,-1.0,0.0));
#6288=DIRECTION('',(6.12303176911189E-17,0.0,-1.0));
#6289=SURFACE_STYLE_FILL_AREA(#7789);
#6290=ORIENTED_EDGE('',*,*,#7415,.T.);
#6291=ORIENTED_EDGE('',*,*,#7410,.T.);
#6292=ORIENTED_EDGE('',*,*,#7421,.T.);
#6293=ORIENTED_EDGE('',*,*,#7462,.T.);
#6294=ORIENTED_EDGE('',*,*,#7731,.T.);
#6295=ORIENTED_EDGE('',*,*,#7790,.T.);
#6296=ORIENTED_EDGE('',*,*,#7791,.T.);
#6297=ORIENTED_EDGE('',*,*,#7784,.F.);
#6298=CARTESIAN_POINT('',(-6.02,0.0,-10.785));
#6299=DIRECTION('',(0.0,-1.0,0.0));
#6300=DIRECTION('',(6.12303176911189E-17,0.0,-1.0));
#6301=SURFACE_STYLE_FILL_AREA(#7792);
#6302=ORIENTED_EDGE('',*,*,#7729,.T.);
#6303=ORIENTED_EDGE('',*,*,#7733,.T.);
#6304=ORIENTED_EDGE('',*,*,#7759,.T.);
#6305=ORIENTED_EDGE('',*,*,#7793,.F.);
#6306=ORIENTED_EDGE('',*,*,#7794,.F.);
#6307=ORIENTED_EDGE('',*,*,#7795,.T.);
#6308=ORIENTED_EDGE('',*,*,#7796,.T.);
#6309=ORIENTED_EDGE('',*,*,#7797,.F.);
#6310=CARTESIAN_POINT('',(-6.02,0.15,-14.3));
#6311=DIRECTION('',(0.0,-1.0,0.0));
#6312=DIRECTION('',(6.12303176911189E-17,0.0,-1.0));
#6313=SURFACE_STYLE_FILL_AREA(#7798);
#6314=ORIENTED_EDGE('',*,*,#7758,.T.);
#6315=ORIENTED_EDGE('',*,*,#7788,.F.);
#6316=ORIENTED_EDGE('',*,*,#7799,.F.);
#6317=ORIENTED_EDGE('',*,*,#7793,.T.);
#6318=CARTESIAN_POINT('',(-6.02,0.075,-12.3));
#6319=DIRECTION('',(6.12303176911189E-17,1.1842378929335E-14,-1.0));
#6320=DIRECTION('',(-7.25112624061794E-31,1.0,1.1842378929335E-14));
#6321=SURFACE_STYLE_FILL_AREA(#7800);
#6322=ORIENTED_EDGE('',*,*,#7730,.T.);
#6323=ORIENTED_EDGE('',*,*,#7797,.T.);
#6324=ORIENTED_EDGE('',*,*,#7801,.T.);
#6325=ORIENTED_EDGE('',*,*,#7790,.F.);
#6326=CARTESIAN_POINT('',(-6.02,0.075,-12.3));
#6327=DIRECTION('',(6.12303176911189E-17,1.1842378929335E-14,-1.0));
#6328=DIRECTION('',(-7.25112624061794E-31,1.0,1.1842378929335E-14));
#6329=SURFACE_STYLE_FILL_AREA(#7802);
#6330=ORIENTED_EDGE('',*,*,#6725,.T.);
#6331=ORIENTED_EDGE('',*,*,#7739,.T.);
#6332=ORIENTED_EDGE('',*,*,#7803,.F.);
#6333=ORIENTED_EDGE('',*,*,#7804,.F.);
#6334=ORIENTED_EDGE('',*,*,#7805,.T.);
#6335=ORIENTED_EDGE('',*,*,#6764,.T.);
#6336=CARTESIAN_POINT('',(-6.02,0.2,-8.093));
#6337=DIRECTION('',(6.12303176911189E-17,0.0,-1.0));
#6338=DIRECTION('',(0.0,1.0,0.0));
#6339=SURFACE_STYLE_FILL_AREA(#7806);
#6340=ORIENTED_EDGE('',*,*,#6721,.T.);
#6341=ORIENTED_EDGE('',*,*,#7749,.T.);
#6342=ORIENTED_EDGE('',*,*,#7807,.F.);
#6343=ORIENTED_EDGE('',*,*,#7744,.T.);
#6344=CARTESIAN_POINT('',(-6.02,0.2,-8.093));
#6345=DIRECTION('',(6.12303176911189E-17,0.0,-1.0));
#6346=DIRECTION('',(0.0,1.0,0.0));
#6347=SURFACE_STYLE_FILL_AREA(#7808);
#6348=ORIENTED_EDGE('',*,*,#6732,.T.);
#6349=ORIENTED_EDGE('',*,*,#7770,.T.);
#6350=ORIENTED_EDGE('',*,*,#7809,.F.);
#6351=ORIENTED_EDGE('',*,*,#7772,.T.);
#6352=CARTESIAN_POINT('',(-6.02,0.2,-8.093));
#6353=DIRECTION('',(6.12303176911189E-17,0.0,-1.0));
#6354=DIRECTION('',(0.0,1.0,0.0));
#6355=SURFACE_STYLE_FILL_AREA(#7810);
#6356=ORIENTED_EDGE('',*,*,#6797,.T.);
#6357=ORIENTED_EDGE('',*,*,#7340,.T.);
#6358=ORIENTED_EDGE('',*,*,#7811,.T.);
#6359=ORIENTED_EDGE('',*,*,#7812,.F.);
#6360=ORIENTED_EDGE('',*,*,#7762,.T.);
#6361=ORIENTED_EDGE('',*,*,#6728,.T.);
#6362=CARTESIAN_POINT('',(-6.02,0.2,-8.093));
#6363=DIRECTION('',(6.12303176911189E-17,0.0,-1.0));
#6364=DIRECTION('',(0.0,1.0,0.0));
#6365=SURFACE_STYLE_FILL_AREA(#7813);
#6366=ORIENTED_EDGE('',*,*,#7738,.T.);
#6367=ORIENTED_EDGE('',*,*,#7742,.T.);
#6368=ORIENTED_EDGE('',*,*,#7745,.T.);
#6369=ORIENTED_EDGE('',*,*,#7807,.T.);
#6370=ORIENTED_EDGE('',*,*,#7748,.T.);
#6371=ORIENTED_EDGE('',*,*,#7752,.T.);
#6372=ORIENTED_EDGE('',*,*,#7754,.T.);
#6373=ORIENTED_EDGE('',*,*,#7304,.F.);
#6374=ORIENTED_EDGE('',*,*,#7308,.T.);
#6375=ORIENTED_EDGE('',*,*,#7311,.T.);
#6376=ORIENTED_EDGE('',*,*,#7314,.T.);
#6377=ORIENTED_EDGE('',*,*,#7317,.F.);
#6378=ORIENTED_EDGE('',*,*,#7320,.T.);
#6379=ORIENTED_EDGE('',*,*,#7324,.T.);
#6380=ORIENTED_EDGE('',*,*,#7814,.F.);
#6381=ORIENTED_EDGE('',*,*,#7803,.T.);
#6382=CARTESIAN_POINT('',(-6.02,0.0,-4.2515));
#6383=DIRECTION('',(0.0,-1.0,0.0));
#6384=DIRECTION('',(6.12303176911189E-17,0.0,-1.0));
#6385=SURFACE_STYLE_FILL_AREA(#7815);
#6386=ORIENTED_EDGE('',*,*,#7402,.T.);
#6387=ORIENTED_EDGE('',*,*,#7396,.T.);
#6388=ORIENTED_EDGE('',*,*,#7680,.T.);
#6389=ORIENTED_EDGE('',*,*,#7682,.T.);
#6390=ORIENTED_EDGE('',*,*,#7364,.T.);
#6391=ORIENTED_EDGE('',*,*,#7368,.T.);
#6392=ORIENTED_EDGE('',*,*,#7620,.T.);
#6393=ORIENTED_EDGE('',*,*,#7684,.T.);
#6394=ORIENTED_EDGE('',*,*,#7375,.T.);
#6395=ORIENTED_EDGE('',*,*,#7626,.T.);
#6396=ORIENTED_EDGE('',*,*,#7686,.T.);
#6397=ORIENTED_EDGE('',*,*,#7371,.T.);
#6398=ORIENTED_EDGE('',*,*,#6574,.T.);
#6399=ORIENTED_EDGE('',*,*,#7688,.T.);
#6400=ORIENTED_EDGE('',*,*,#6571,.T.);
#6401=ORIENTED_EDGE('',*,*,#7690,.T.);
#6402=ORIENTED_EDGE('',*,*,#7323,.T.);
#6403=ORIENTED_EDGE('',*,*,#7329,.T.);
#6404=ORIENTED_EDGE('',*,*,#7816,.T.);
#6405=ORIENTED_EDGE('',*,*,#7817,.T.);
#6406=ORIENTED_EDGE('',*,*,#7818,.F.);
#6407=ORIENTED_EDGE('',*,*,#7794,.T.);
#6408=ORIENTED_EDGE('',*,*,#7799,.T.);
#6409=ORIENTED_EDGE('',*,*,#7787,.T.);
#6410=ORIENTED_EDGE('',*,*,#7781,.T.);
#6411=ORIENTED_EDGE('',*,*,#7776,.T.);
#6412=ORIENTED_EDGE('',*,*,#7819,.T.);
#6413=ORIENTED_EDGE('',*,*,#7804,.T.);
#6414=ORIENTED_EDGE('',*,*,#7814,.T.);
#6415=CARTESIAN_POINT('',(-6.02,5.27402304698955,-8.15080387629049));
#6416=DIRECTION('',(1.0,0.0,6.12303176911189E-17));
#6417=DIRECTION('',(6.12303176911189E-17,0.0,-1.0));
#6418=SURFACE_STYLE_FILL_AREA(#7820);
#6419=ORIENTED_EDGE('',*,*,#7630,.T.);
#6420=ORIENTED_EDGE('',*,*,#6589,.T.);
#6421=ORIENTED_EDGE('',*,*,#7634,.T.);
#6422=ORIENTED_EDGE('',*,*,#7636,.T.);
#6423=ORIENTED_EDGE('',*,*,#7265,.T.);
#6424=ORIENTED_EDGE('',*,*,#7270,.T.);
#6425=ORIENTED_EDGE('',*,*,#7273,.T.);
#6426=ORIENTED_EDGE('',*,*,#7276,.T.);
#6427=ORIENTED_EDGE('',*,*,#7301,.T.);
#6428=ORIENTED_EDGE('',*,*,#7639,.T.);
#6429=ORIENTED_EDGE('',*,*,#7641,.T.);
#6430=ORIENTED_EDGE('',*,*,#6586,.T.);
#6431=ORIENTED_EDGE('',*,*,#7644,.T.);
#6432=ORIENTED_EDGE('',*,*,#7647,.T.);
#6433=ORIENTED_EDGE('',*,*,#7650,.T.);
#6434=ORIENTED_EDGE('',*,*,#7652,.T.);
#6435=ORIENTED_EDGE('',*,*,#6581,.T.);
#6436=ORIENTED_EDGE('',*,*,#7655,.T.);
#6437=ORIENTED_EDGE('',*,*,#7658,.T.);
#6438=ORIENTED_EDGE('',*,*,#7661,.T.);
#6439=ORIENTED_EDGE('',*,*,#7664,.T.);
#6440=ORIENTED_EDGE('',*,*,#7667,.T.);
#6441=ORIENTED_EDGE('',*,*,#7670,.T.);
#6442=ORIENTED_EDGE('',*,*,#7672,.T.);
#6443=ORIENTED_EDGE('',*,*,#6624,.T.);
#6444=ORIENTED_EDGE('',*,*,#7262,.T.);
#6445=ORIENTED_EDGE('',*,*,#7675,.T.);
#6446=ORIENTED_EDGE('',*,*,#7677,.T.);
#6447=ORIENTED_EDGE('',*,*,#7821,.T.);
#6448=ORIENTED_EDGE('',*,*,#7822,.F.);
#6449=ORIENTED_EDGE('',*,*,#7816,.F.);
#6450=ORIENTED_EDGE('',*,*,#7328,.T.);
#6451=CARTESIAN_POINT('',(-6.02,5.55,0.0));
#6452=DIRECTION('',(-6.12303176911189E-17,0.0,1.0));
#6453=DIRECTION('',(0.0,-1.0,0.0));
#6454=SURFACE_STYLE_FILL_AREA(#7823);
#6455=ORIENTED_EDGE('',*,*,#7824,.T.);
#6456=ORIENTED_EDGE('',*,*,#7825,.F.);
#6457=ORIENTED_EDGE('',*,*,#7817,.F.);
#6458=ORIENTED_EDGE('',*,*,#7822,.T.);
#6459=CARTESIAN_POINT('',(-6.02,10.7,-8.15));
#6460=DIRECTION('',(0.0,1.0,0.0));
#6461=DIRECTION('',(-6.12303176911189E-17,0.0,1.0));
#6462=SURFACE_STYLE_FILL_AREA(#7826);
#6463=ORIENTED_EDGE('',*,*,#6560,.T.);
#6464=ORIENTED_EDGE('',*,*,#7702,.T.);
#6465=ORIENTED_EDGE('',*,*,#7696,.T.);
#6466=ORIENTED_EDGE('',*,*,#7707,.T.);
#6467=ORIENTED_EDGE('',*,*,#6557,.T.);
#6468=ORIENTED_EDGE('',*,*,#7704,.T.);
#6469=ORIENTED_EDGE('',*,*,#6550,.T.);
#6470=ORIENTED_EDGE('',*,*,#7717,.T.);
#6471=ORIENTED_EDGE('',*,*,#7711,.T.);
#6472=ORIENTED_EDGE('',*,*,#7722,.T.);
#6473=ORIENTED_EDGE('',*,*,#6547,.T.);
#6474=ORIENTED_EDGE('',*,*,#7719,.T.);
#6475=ORIENTED_EDGE('',*,*,#7827,.T.);
#6476=ORIENTED_EDGE('',*,*,#7795,.F.);
#6477=ORIENTED_EDGE('',*,*,#7818,.T.);
#6478=ORIENTED_EDGE('',*,*,#7825,.T.);
#6479=CARTESIAN_POINT('',(-6.02,5.425,-16.3));
#6480=DIRECTION('',(6.12303176911189E-17,0.0,-1.0));
#6481=DIRECTION('',(0.0,1.0,0.0));
#6482=SURFACE_STYLE_FILL_AREA(#7828);
#6483=ORIENTED_EDGE('',*,*,#6765,.T.);
#6484=ORIENTED_EDGE('',*,*,#7805,.F.);
#6485=ORIENTED_EDGE('',*,*,#7819,.F.);
#6486=ORIENTED_EDGE('',*,*,#7775,.T.);
#6487=CARTESIAN_POINT('',(-6.02,0.4,-8.343));
#6488=DIRECTION('',(1.0,0.0,6.12303176911189E-17));
#6489=DIRECTION('',(6.12303176911189E-17,0.0,-1.0));
#6490=SURFACE_STYLE_FILL_AREA(#7829);
#6491=ORIENTED_EDGE('',*,*,#7763,.T.);
#6492=ORIENTED_EDGE('',*,*,#7812,.T.);
#6493=ORIENTED_EDGE('',*,*,#7830,.T.);
#6494=ORIENTED_EDGE('',*,*,#7332,.T.);
#6495=ORIENTED_EDGE('',*,*,#7336,.T.);
#6496=ORIENTED_EDGE('',*,*,#7343,.F.);
#6497=ORIENTED_EDGE('',*,*,#7346,.T.);
#6498=ORIENTED_EDGE('',*,*,#7349,.T.);
#6499=ORIENTED_EDGE('',*,*,#7352,.T.);
#6500=ORIENTED_EDGE('',*,*,#7355,.F.);
#6501=ORIENTED_EDGE('',*,*,#7358,.T.);
#6502=ORIENTED_EDGE('',*,*,#7361,.T.);
#6503=ORIENTED_EDGE('',*,*,#7773,.T.);
#6504=ORIENTED_EDGE('',*,*,#7809,.T.);
#6505=ORIENTED_EDGE('',*,*,#7769,.T.);
#6506=ORIENTED_EDGE('',*,*,#7766,.T.);
#6507=CARTESIAN_POINT('',(-6.02,0.0,-4.2515));
#6508=DIRECTION('',(0.0,-1.0,0.0));
#6509=DIRECTION('',(6.12303176911189E-17,0.0,-1.0));
#6510=SURFACE_STYLE_FILL_AREA(#7831);
#6511=ORIENTED_EDGE('',*,*,#7400,.T.);
#6512=ORIENTED_EDGE('',*,*,#7406,.T.);
#6513=ORIENTED_EDGE('',*,*,#7408,.T.);
#6514=ORIENTED_EDGE('',*,*,#7392,.T.);
#6515=ORIENTED_EDGE('',*,*,#7382,.T.);
#6516=ORIENTED_EDGE('',*,*,#7615,.T.);
#6517=ORIENTED_EDGE('',*,*,#7617,.T.);
#6518=ORIENTED_EDGE('',*,*,#7378,.T.);
#6519=ORIENTED_EDGE('',*,*,#7628,.T.);
#6520=ORIENTED_EDGE('',*,*,#7385,.T.);
#6521=ORIENTED_EDGE('',*,*,#7389,.T.);
#6522=ORIENTED_EDGE('',*,*,#7623,.T.);
#6523=ORIENTED_EDGE('',*,*,#7692,.T.);
#6524=ORIENTED_EDGE('',*,*,#6568,.T.);
#6525=ORIENTED_EDGE('',*,*,#7694,.T.);
#6526=ORIENTED_EDGE('',*,*,#6565,.T.);
#6527=ORIENTED_EDGE('',*,*,#7333,.T.);
#6528=ORIENTED_EDGE('',*,*,#7830,.F.);
#6529=ORIENTED_EDGE('',*,*,#7811,.F.);
#6530=ORIENTED_EDGE('',*,*,#7339,.F.);
#6531=ORIENTED_EDGE('',*,*,#7779,.F.);
#6532=ORIENTED_EDGE('',*,*,#7785,.F.);
#6533=ORIENTED_EDGE('',*,*,#7791,.F.);
#6534=ORIENTED_EDGE('',*,*,#7801,.F.);
#6535=ORIENTED_EDGE('',*,*,#7796,.F.);
#6536=ORIENTED_EDGE('',*,*,#7827,.F.);
#6537=ORIENTED_EDGE('',*,*,#7824,.F.);
#6538=ORIENTED_EDGE('',*,*,#7821,.F.);
#6539=ORIENTED_EDGE('',*,*,#7327,.T.);
#6540=CARTESIAN_POINT('',(6.02,5.27402304698955,-8.15080387629049));
#6541=DIRECTION('',(1.0,0.0,6.12303176911189E-17));
#6542=DIRECTION('',(6.12303176911189E-17,0.0,-1.0));
#6543=FILL_AREA_STYLE('',(#7832));
#6544=EDGE_CURVE('',#7833,#7834,#7835,.T.);
#6545=EDGE_CURVE('',#7833,#7836,#7837,.T.);
#6546=EDGE_CURVE('',#7836,#7838,#7839,.T.);
#6547=EDGE_CURVE('',#7834,#7838,#7840,.T.);
#6548=FILL_AREA_STYLE('',(#7841));
#6549=EDGE_CURVE('',#7842,#7843,#7844,.T.);
#6550=EDGE_CURVE('',#7845,#7842,#7846,.T.);
#6551=EDGE_CURVE('',#7847,#7845,#7848,.T.);
#6552=EDGE_CURVE('',#7847,#7843,#7849,.T.);
#6553=FILL_AREA_STYLE('',(#7850));
#6554=EDGE_CURVE('',#7851,#7852,#7853,.T.);
#6555=EDGE_CURVE('',#7851,#7854,#7855,.T.);
#6556=EDGE_CURVE('',#7854,#7856,#7857,.T.);
#6557=EDGE_CURVE('',#7852,#7856,#7858,.T.);
#6558=FILL_AREA_STYLE('',(#7859));
#6559=EDGE_CURVE('',#7860,#7861,#7862,.T.);
#6560=EDGE_CURVE('',#7863,#7860,#7864,.T.);
#6561=EDGE_CURVE('',#7865,#7863,#7866,.T.);
#6562=EDGE_CURVE('',#7865,#7861,#7867,.T.);
#6563=FILL_AREA_STYLE('',(#7868));
#6564=EDGE_CURVE('',#7869,#7870,#7871,.T.);
#6565=EDGE_CURVE('',#7870,#7869,#7872,.T.);
#6566=FILL_AREA_STYLE('',(#7873));
#6567=EDGE_CURVE('',#7874,#7875,#7876,.T.);
#6568=EDGE_CURVE('',#7875,#7874,#7877,.T.);
#6569=FILL_AREA_STYLE('',(#7878));
#6570=EDGE_CURVE('',#7879,#7880,#7881,.T.);
#6571=EDGE_CURVE('',#7880,#7879,#7882,.T.);
#6572=FILL_AREA_STYLE('',(#7883));
#6573=EDGE_CURVE('',#7884,#7885,#7886,.T.);
#6574=EDGE_CURVE('',#7885,#7884,#7887,.T.);
#6575=FILL_AREA_STYLE('',(#7888));
#6576=EDGE_CURVE('',#7889,#7890,#7891,.T.);
#6577=EDGE_CURVE('',#7889,#7892,#7893,.T.);
#6578=EDGE_CURVE('',#7892,#7894,#7895,.T.);
#6579=EDGE_CURVE('',#7894,#7896,#7897,.T.);
#6580=EDGE_CURVE('',#7896,#7898,#7899,.T.);
#6581=EDGE_CURVE('',#7890,#7898,#7900,.T.);
#6582=FILL_AREA_STYLE('',(#7901));
#6583=EDGE_CURVE('',#7902,#7903,#7904,.T.);
#6584=EDGE_CURVE('',#7902,#7905,#7906,.T.);
#6585=EDGE_CURVE('',#7905,#7907,#7908,.T.);
#6586=EDGE_CURVE('',#7903,#7907,#7909,.T.);
#6587=FILL_AREA_STYLE('',(#7910));
#6588=EDGE_CURVE('',#7911,#7912,#7913,.T.);
#6589=EDGE_CURVE('',#7914,#7911,#7915,.T.);
#6590=EDGE_CURVE('',#7916,#7914,#7917,.T.);
#6591=EDGE_CURVE('',#7916,#7912,#7918,.T.);
#6592=FILL_AREA_STYLE('',(#7919));
#6593=EDGE_CURVE('',#7920,#7921,#7922,.T.);
#6594=EDGE_CURVE('',#7923,#7920,#7924,.T.);
#6595=EDGE_CURVE('',#7925,#7923,#7926,.T.);
#6596=EDGE_CURVE('',#7921,#7925,#7927,.T.);
#6597=FILL_AREA_STYLE('',(#7928));
#6598=EDGE_CURVE('',#7929,#7930,#7931,.T.);
#6599=EDGE_CURVE('',#7932,#7929,#7933,.T.);
#6600=EDGE_CURVE('',#7932,#7934,#7935,.T.);
#6601=EDGE_CURVE('',#7930,#7934,#7936,.T.);
#6602=FILL_AREA_STYLE('',(#7937));
#6603=EDGE_CURVE('',#7938,#7939,#7940,.T.);
#6604=EDGE_CURVE('',#7941,#7938,#7942,.T.);
#6605=EDGE_CURVE('',#7943,#7941,#7944,.T.);
#6606=EDGE_CURVE('',#7939,#7943,#7945,.T.);
#6607=FILL_AREA_STYLE('',(#7946));
#6608=EDGE_CURVE('',#7947,#7948,#7949,.T.);
#6609=EDGE_CURVE('',#7950,#7947,#7951,.T.);
#6610=EDGE_CURVE('',#7952,#7950,#7953,.T.);
#6611=EDGE_CURVE('',#7948,#7952,#7954,.T.);
#6612=FILL_AREA_STYLE('',(#7955));
#6613=EDGE_CURVE('',#7956,#7957,#7958,.T.);
#6614=EDGE_CURVE('',#7959,#7956,#7960,.T.);
#6615=EDGE_CURVE('',#7959,#7961,#7962,.T.);
#6616=EDGE_CURVE('',#7957,#7961,#7963,.T.);
#6617=FILL_AREA_STYLE('',(#7964));
#6618=EDGE_CURVE('',#7965,#7966,#7967,.T.);
#6619=EDGE_CURVE('',#7968,#7965,#7969,.T.);
#6620=EDGE_CURVE('',#7970,#7968,#7971,.T.);
#6621=EDGE_CURVE('',#7966,#7970,#7972,.T.);
#6622=FILL_AREA_STYLE('',(#7973));
#6623=EDGE_CURVE('',#7974,#7975,#7976,.T.);
#6624=EDGE_CURVE('',#7977,#7974,#7978,.T.);
#6625=EDGE_CURVE('',#7979,#7977,#7980,.T.);
#6626=EDGE_CURVE('',#7979,#7981,#7982,.T.);
#6627=EDGE_CURVE('',#7981,#7983,#7984,.T.);
#6628=EDGE_CURVE('',#7983,#7975,#7985,.T.);
#6629=FILL_AREA_STYLE('',(#7986));
#6630=EDGE_CURVE('',#7987,#7892,#7988,.T.);
#6631=EDGE_CURVE('',#7989,#7987,#7990,.T.);
#6632=EDGE_CURVE('',#7991,#7989,#7992,.T.);
#6633=EDGE_CURVE('',#7991,#7993,#7994,.T.);
#6634=EDGE_CURVE('',#7894,#7993,#7995,.T.);
#6635=FILL_AREA_STYLE('',(#7996));
#6636=EDGE_CURVE('',#7997,#7987,#7998,.T.);
#6637=EDGE_CURVE('',#7999,#7997,#8000,.T.);
#6638=EDGE_CURVE('',#7989,#7999,#8001,.T.);
#6639=FILL_AREA_STYLE('',(#8002));
#6640=EDGE_CURVE('',#8003,#8004,#8005,.T.);
#6641=EDGE_CURVE('',#8003,#8006,#8007,.T.);
#6642=EDGE_CURVE('',#8006,#8008,#8009,.T.);
#6643=EDGE_CURVE('',#8008,#8004,#8010,.T.);
#6644=FILL_AREA_STYLE('',(#8011));
#6645=EDGE_CURVE('',#8012,#8013,#8014,.T.);
#6646=EDGE_CURVE('',#8012,#8015,#8016,.T.);
#6647=EDGE_CURVE('',#8015,#8017,#8018,.T.);
#6648=EDGE_CURVE('',#8017,#8019,#8020,.T.);
#6649=EDGE_CURVE('',#8019,#8021,#8022,.T.);
#6650=EDGE_CURVE('',#8021,#8023,#8024,.T.);
#6651=EDGE_CURVE('',#8025,#8023,#8026,.T.);
#6652=EDGE_CURVE('',#8027,#8025,#8028,.T.);
#6653=EDGE_CURVE('',#8029,#8027,#8030,.T.);
#6654=EDGE_CURVE('',#8013,#8029,#8031,.T.);
#6655=FILL_AREA_STYLE('',(#8032));
#6656=EDGE_CURVE('',#8033,#7979,#8034,.T.);
#6657=EDGE_CURVE('',#8035,#8033,#8036,.T.);
#6658=EDGE_CURVE('',#8037,#8035,#8038,.T.);
#6659=EDGE_CURVE('',#8039,#8037,#8040,.T.);
#6660=EDGE_CURVE('',#8041,#8039,#8042,.T.);
#6661=EDGE_CURVE('',#8043,#8041,#8044,.T.);
#6662=EDGE_CURVE('',#7896,#8043,#8045,.T.);
#6663=EDGE_CURVE('',#7993,#8046,#8047,.T.);
#6664=EDGE_CURVE('',#8046,#8048,#8049,.T.);
#6665=EDGE_CURVE('',#8048,#8050,#8051,.T.);
#6666=EDGE_CURVE('',#8050,#8052,#8053,.T.);
#6667=EDGE_CURVE('',#8052,#8054,#8055,.T.);
#6668=EDGE_CURVE('',#8054,#7981,#8056,.T.);
#6669=FILL_AREA_STYLE('',(#8057));
#6670=EDGE_CURVE('',#8058,#8059,#8060,.T.);
#6671=EDGE_CURVE('',#8058,#8061,#8062,.T.);
#6672=EDGE_CURVE('',#8061,#8063,#8064,.T.);
#6673=EDGE_CURVE('',#8063,#8059,#8065,.T.);
#6674=FILL_AREA_STYLE('',(#8066));
#6675=EDGE_CURVE('',#8067,#8068,#8069,.T.);
#6676=EDGE_CURVE('',#8068,#8070,#8071,.T.);
#6677=EDGE_CURVE('',#8070,#8072,#8073,.T.);
#6678=EDGE_CURVE('',#8072,#8067,#8074,.T.);
#6679=EDGE_CURVE('',#8075,#8076,#8077,.T.);
#6680=EDGE_CURVE('',#8076,#8078,#8079,.T.);
#6681=EDGE_CURVE('',#8078,#8080,#8081,.T.);
#6682=EDGE_CURVE('',#8080,#8075,#8082,.T.);
#6683=EDGE_CURVE('',#8083,#8084,#8085,.T.);
#6684=EDGE_CURVE('',#8084,#8086,#8087,.T.);
#6685=EDGE_CURVE('',#8086,#8088,#8089,.T.);
#6686=EDGE_CURVE('',#8088,#8083,#8090,.T.);
#6687=EDGE_CURVE('',#8091,#8092,#8093,.T.);
#6688=EDGE_CURVE('',#8092,#8094,#8095,.T.);
#6689=EDGE_CURVE('',#8094,#8096,#8097,.T.);
#6690=EDGE_CURVE('',#8096,#8091,#8098,.T.);
#6691=EDGE_CURVE('',#8099,#8100,#8101,.T.);
#6692=EDGE_CURVE('',#8100,#8102,#8103,.T.);
#6693=EDGE_CURVE('',#8102,#8104,#8105,.T.);
#6694=EDGE_CURVE('',#8104,#8099,#8106,.T.);
#6695=EDGE_CURVE('',#8107,#8108,#8109,.T.);
#6696=EDGE_CURVE('',#8108,#8110,#8111,.T.);
#6697=EDGE_CURVE('',#8110,#8112,#8113,.T.);
#6698=EDGE_CURVE('',#8112,#8107,#8114,.T.);
#6699=EDGE_CURVE('',#8115,#8116,#8117,.T.);
#6700=EDGE_CURVE('',#8116,#8118,#8119,.T.);
#6701=EDGE_CURVE('',#8118,#8120,#8121,.T.);
#6702=EDGE_CURVE('',#8120,#8115,#8122,.T.);
#6703=EDGE_CURVE('',#8123,#8124,#8125,.T.);
#6704=EDGE_CURVE('',#8124,#8126,#8127,.T.);
#6705=EDGE_CURVE('',#8126,#8128,#8129,.T.);
#6706=EDGE_CURVE('',#8128,#8123,#8130,.T.);
#6707=EDGE_CURVE('',#8131,#8132,#8133,.T.);
#6708=EDGE_CURVE('',#8132,#8134,#8135,.T.);
#6709=EDGE_CURVE('',#8134,#8136,#8137,.T.);
#6710=EDGE_CURVE('',#8136,#8131,#8138,.T.);
#6711=EDGE_CURVE('',#8139,#8140,#8141,.T.);
#6712=EDGE_CURVE('',#8142,#8139,#8143,.T.);
#6713=EDGE_CURVE('',#8144,#8142,#8145,.T.);
#6714=EDGE_CURVE('',#8146,#8144,#8147,.T.);
#6715=EDGE_CURVE('',#8148,#8146,#8149,.T.);
#6716=EDGE_CURVE('',#8150,#8148,#8151,.T.);
#6717=EDGE_CURVE('',#8152,#8150,#8153,.T.);
#6718=EDGE_CURVE('',#8154,#8152,#8155,.T.);
#6719=EDGE_CURVE('',#8156,#8154,#8157,.T.);
#6720=EDGE_CURVE('',#8158,#8156,#8159,.T.);
#6721=EDGE_CURVE('',#8160,#8158,#8161,.T.);
#6722=EDGE_CURVE('',#8162,#8160,#8163,.T.);
#6723=EDGE_CURVE('',#8164,#8162,#8165,.T.);
#6724=EDGE_CURVE('',#8166,#8164,#8167,.T.);
#6725=EDGE_CURVE('',#8168,#8166,#8169,.T.);
#6726=EDGE_CURVE('',#8168,#8063,#8170,.T.);
#6727=EDGE_CURVE('',#8171,#8061,#8172,.T.);
#6728=EDGE_CURVE('',#8173,#8171,#8174,.T.);
#6729=EDGE_CURVE('',#8175,#8173,#8176,.T.);
#6730=EDGE_CURVE('',#8177,#8175,#8178,.T.);
#6731=EDGE_CURVE('',#8179,#8177,#8180,.T.);
#6732=EDGE_CURVE('',#8181,#8179,#8182,.T.);
#6733=EDGE_CURVE('',#8183,#8181,#8184,.T.);
#6734=EDGE_CURVE('',#8185,#8183,#8186,.T.);
#6735=EDGE_CURVE('',#8187,#8185,#8188,.T.);
#6736=EDGE_CURVE('',#8189,#8187,#8190,.T.);
#6737=EDGE_CURVE('',#8191,#8189,#8192,.T.);
#6738=EDGE_CURVE('',#8193,#8191,#8194,.T.);
#6739=EDGE_CURVE('',#8195,#8193,#8196,.T.);
#6740=EDGE_CURVE('',#8197,#8195,#8198,.T.);
#6741=EDGE_CURVE('',#8199,#8197,#8200,.T.);
#6742=EDGE_CURVE('',#8201,#8199,#8202,.T.);
#6743=EDGE_CURVE('',#8008,#8201,#8203,.T.);
#6744=EDGE_CURVE('',#8006,#8140,#8204,.T.);
#6745=FILL_AREA_STYLE('',(#8205));
#6746=EDGE_CURVE('',#8206,#8207,#8208,.T.);
#6747=EDGE_CURVE('',#8207,#8209,#8210,.T.);
#6748=EDGE_CURVE('',#8209,#8211,#8212,.T.);
#6749=EDGE_CURVE('',#8211,#8206,#8213,.T.);
#6750=EDGE_CURVE('',#8214,#8215,#8216,.T.);
#6751=EDGE_CURVE('',#8217,#8214,#8218,.T.);
#6752=EDGE_CURVE('',#8219,#8217,#8220,.T.);
#6753=EDGE_CURVE('',#8215,#8219,#8221,.T.);
#6754=FILL_AREA_STYLE('',(#8222));
#6755=EDGE_CURVE('',#8223,#8224,#8225,.T.);
#6756=EDGE_CURVE('',#8226,#8223,#8227,.T.);
#6757=EDGE_CURVE('',#8228,#8226,#8229,.T.);
#6758=EDGE_CURVE('',#8224,#8228,#8230,.T.);
#6759=EDGE_CURVE('',#8231,#8232,#8233,.T.);
#6760=EDGE_CURVE('',#8232,#8234,#8235,.T.);
#6761=EDGE_CURVE('',#8234,#8236,#8237,.T.);
#6762=EDGE_CURVE('',#8236,#8231,#8238,.T.);
#6763=FILL_AREA_STYLE('',(#8239));
#6764=EDGE_CURVE('',#8240,#8168,#8241,.T.);
#6765=EDGE_CURVE('',#8242,#8240,#8243,.T.);
#6766=EDGE_CURVE('',#8059,#8242,#8244,.T.);
#6767=FILL_AREA_STYLE('',(#8245));
#6768=EDGE_CURVE('',#8246,#8247,#8248,.T.);
#6769=EDGE_CURVE('',#8247,#8249,#8250,.T.);
#6770=EDGE_CURVE('',#8249,#8251,#8252,.T.);
#6771=EDGE_CURVE('',#8251,#8246,#8253,.T.);
#6772=EDGE_CURVE('',#8254,#8255,#8256,.T.);
#6773=EDGE_CURVE('',#8257,#8254,#8258,.T.);
#6774=EDGE_CURVE('',#8259,#8257,#8260,.T.);
#6775=EDGE_CURVE('',#8255,#8259,#8261,.T.);
#6776=FILL_AREA_STYLE('',(#8262));
#6777=EDGE_CURVE('',#8263,#8264,#8265,.T.);
#6778=EDGE_CURVE('',#8264,#8266,#8267,.T.);
#6779=EDGE_CURVE('',#8266,#8268,#8269,.T.);
#6780=EDGE_CURVE('',#8268,#8263,#8270,.T.);
#6781=EDGE_CURVE('',#8271,#8272,#8273,.T.);
#6782=EDGE_CURVE('',#8274,#8271,#8275,.T.);
#6783=EDGE_CURVE('',#8276,#8274,#8277,.T.);
#6784=EDGE_CURVE('',#8272,#8276,#8278,.T.);
#6785=FILL_AREA_STYLE('',(#8279));
#6786=EDGE_CURVE('',#8280,#8281,#8282,.T.);
#6787=EDGE_CURVE('',#8283,#8280,#8284,.T.);
#6788=EDGE_CURVE('',#8285,#8283,#8286,.T.);
#6789=EDGE_CURVE('',#8281,#8285,#8287,.T.);
#6790=EDGE_CURVE('',#8288,#8289,#8290,.T.);
#6791=EDGE_CURVE('',#8289,#8291,#8292,.T.);
#6792=EDGE_CURVE('',#8291,#8293,#8294,.T.);
#6793=EDGE_CURVE('',#8293,#8288,#8295,.T.);
#6794=FILL_AREA_STYLE('',(#8296));
#6795=EDGE_CURVE('',#8297,#8058,#8298,.T.);
#6796=EDGE_CURVE('',#8299,#8297,#8300,.T.);
#6797=EDGE_CURVE('',#8171,#8299,#8301,.T.);
#6798=FILL_AREA_STYLE('',(#8302));
#6799=EDGE_CURVE('',#8303,#8304,#8305,.T.);
#6800=EDGE_CURVE('',#8304,#8306,#8307,.T.);
#6801=EDGE_CURVE('',#8306,#8308,#8309,.T.);
#6802=EDGE_CURVE('',#8308,#8303,#8310,.T.);
#6803=EDGE_CURVE('',#8311,#8312,#8313,.T.);
#6804=EDGE_CURVE('',#8314,#8311,#8315,.T.);
#6805=EDGE_CURVE('',#8316,#8314,#8317,.T.);
#6806=EDGE_CURVE('',#8312,#8316,#8318,.T.);
#6807=FILL_AREA_STYLE('',(#8319));
#6808=EDGE_CURVE('',#8320,#8132,#8321,.T.);
#6809=EDGE_CURVE('',#8322,#8320,#8323,.T.);
#6810=EDGE_CURVE('',#8324,#8322,#8325,.T.);
#6811=EDGE_CURVE('',#8324,#8326,#8327,.T.);
#6812=EDGE_CURVE('',#8326,#8134,#8328,.T.);
#6813=FILL_AREA_STYLE('',(#8329));
#6814=EDGE_CURVE('',#8131,#8330,#8331,.T.);
#6815=EDGE_CURVE('',#8320,#8330,#8332,.T.);
#6816=FILL_AREA_STYLE('',(#8333));
#6817=EDGE_CURVE('',#8334,#8335,#8336,.T.);
#6818=EDGE_CURVE('',#8326,#8335,#8337,.T.);
#6819=EDGE_CURVE('',#8324,#8334,#8338,.T.);
#6820=FILL_AREA_STYLE('',(#8339));
#6821=EDGE_CURVE('',#8335,#8136,#8340,.T.);
#6822=FILL_AREA_STYLE('',(#8341));
#6823=EDGE_CURVE('',#8330,#8342,#8343,.T.);
#6824=EDGE_CURVE('',#8322,#8342,#8344,.T.);
#6825=FILL_AREA_STYLE('',(#8345));
#6826=EDGE_CURVE('',#8342,#8334,#8346,.T.);
#6827=FILL_AREA_STYLE('',(#8347));
#6828=FILL_AREA_STYLE('',(#8348));
#6829=EDGE_CURVE('',#8349,#8124,#8350,.T.);
#6830=EDGE_CURVE('',#8351,#8349,#8352,.T.);
#6831=EDGE_CURVE('',#8353,#8351,#8354,.T.);
#6832=EDGE_CURVE('',#8353,#8355,#8356,.T.);
#6833=EDGE_CURVE('',#8355,#8126,#8357,.T.);
#6834=FILL_AREA_STYLE('',(#8358));
#6835=EDGE_CURVE('',#8123,#8359,#8360,.T.);
#6836=EDGE_CURVE('',#8349,#8359,#8361,.T.);
#6837=FILL_AREA_STYLE('',(#8362));
#6838=EDGE_CURVE('',#8363,#8364,#8365,.T.);
#6839=EDGE_CURVE('',#8355,#8364,#8366,.T.);
#6840=EDGE_CURVE('',#8353,#8363,#8367,.T.);
#6841=FILL_AREA_STYLE('',(#8368));
#6842=EDGE_CURVE('',#8364,#8128,#8369,.T.);
#6843=FILL_AREA_STYLE('',(#8370));
#6844=EDGE_CURVE('',#8359,#8371,#8372,.T.);
#6845=EDGE_CURVE('',#8351,#8371,#8373,.T.);
#6846=FILL_AREA_STYLE('',(#8374));
#6847=EDGE_CURVE('',#8371,#8363,#8375,.T.);
#6848=FILL_AREA_STYLE('',(#8376));
#6849=FILL_AREA_STYLE('',(#8377));
#6850=EDGE_CURVE('',#8378,#8116,#8379,.T.);
#6851=EDGE_CURVE('',#8380,#8378,#8381,.T.);
#6852=EDGE_CURVE('',#8382,#8380,#8383,.T.);
#6853=EDGE_CURVE('',#8382,#8384,#8385,.T.);
#6854=EDGE_CURVE('',#8384,#8118,#8386,.T.);
#6855=FILL_AREA_STYLE('',(#8387));
#6856=EDGE_CURVE('',#8115,#8388,#8389,.T.);
#6857=EDGE_CURVE('',#8378,#8388,#8390,.T.);
#6858=FILL_AREA_STYLE('',(#8391));
#6859=EDGE_CURVE('',#8392,#8393,#8394,.T.);
#6860=EDGE_CURVE('',#8384,#8393,#8395,.T.);
#6861=EDGE_CURVE('',#8382,#8392,#8396,.T.);
#6862=FILL_AREA_STYLE('',(#8397));
#6863=EDGE_CURVE('',#8393,#8120,#8398,.T.);
#6864=FILL_AREA_STYLE('',(#8399));
#6865=EDGE_CURVE('',#8388,#8400,#8401,.T.);
#6866=EDGE_CURVE('',#8380,#8400,#8402,.T.);
#6867=FILL_AREA_STYLE('',(#8403));
#6868=EDGE_CURVE('',#8400,#8392,#8404,.T.);
#6869=FILL_AREA_STYLE('',(#8405));
#6870=FILL_AREA_STYLE('',(#8406));
#6871=EDGE_CURVE('',#8407,#8108,#8408,.T.);
#6872=EDGE_CURVE('',#8409,#8407,#8410,.T.);
#6873=EDGE_CURVE('',#8411,#8409,#8412,.T.);
#6874=EDGE_CURVE('',#8411,#8413,#8414,.T.);
#6875=EDGE_CURVE('',#8413,#8110,#8415,.T.);
#6876=FILL_AREA_STYLE('',(#8416));
#6877=EDGE_CURVE('',#8107,#8417,#8418,.T.);
#6878=EDGE_CURVE('',#8407,#8417,#8419,.T.);
#6879=FILL_AREA_STYLE('',(#8420));
#6880=EDGE_CURVE('',#8421,#8422,#8423,.T.);
#6881=EDGE_CURVE('',#8413,#8422,#8424,.T.);
#6882=EDGE_CURVE('',#8411,#8421,#8425,.T.);
#6883=FILL_AREA_STYLE('',(#8426));
#6884=EDGE_CURVE('',#8422,#8112,#8427,.T.);
#6885=FILL_AREA_STYLE('',(#8428));
#6886=EDGE_CURVE('',#8417,#8429,#8430,.T.);
#6887=EDGE_CURVE('',#8409,#8429,#8431,.T.);
#6888=FILL_AREA_STYLE('',(#8432));
#6889=EDGE_CURVE('',#8429,#8421,#8433,.T.);
#6890=FILL_AREA_STYLE('',(#8434));
#6891=FILL_AREA_STYLE('',(#8435));
#6892=EDGE_CURVE('',#8436,#8437,#8438,.T.);
#6893=EDGE_CURVE('',#8436,#8439,#8440,.T.);
#6894=EDGE_CURVE('',#8441,#8439,#8442,.T.);
#6895=EDGE_CURVE('',#8441,#8437,#8443,.T.);
#6896=FILL_AREA_STYLE('',(#8444));
#6897=EDGE_CURVE('',#8437,#8445,#8446,.T.);
#6898=EDGE_CURVE('',#8441,#8447,#8448,.T.);
#6899=EDGE_CURVE('',#8449,#8447,#8450,.T.);
#6900=EDGE_CURVE('',#8451,#8449,#8452,.T.);
#6901=EDGE_CURVE('',#8453,#8451,#8454,.T.);
#6902=EDGE_CURVE('',#8455,#8453,#8456,.T.);
#6903=EDGE_CURVE('',#8445,#8455,#8457,.T.);
#6904=FILL_AREA_STYLE('',(#8458));
#6905=EDGE_CURVE('',#8449,#8459,#8460,.T.);
#6906=EDGE_CURVE('',#8447,#8461,#8462,.T.);
#6907=EDGE_CURVE('',#8461,#8459,#8463,.T.);
#6908=FILL_AREA_STYLE('',(#8464));
#6909=EDGE_CURVE('',#8465,#8451,#8466,.T.);
#6910=EDGE_CURVE('',#8465,#8467,#8468,.T.);
#6911=EDGE_CURVE('',#8453,#8467,#8469,.T.);
#6912=FILL_AREA_STYLE('',(#8470));
#6913=EDGE_CURVE('',#8467,#8471,#8472,.T.);
#6914=EDGE_CURVE('',#8455,#8471,#8473,.T.);
#6915=FILL_AREA_STYLE('',(#8474));
#6916=EDGE_CURVE('',#8445,#8475,#8476,.T.);
#6917=EDGE_CURVE('',#8471,#8475,#8477,.T.);
#6918=FILL_AREA_STYLE('',(#8478));
#6919=EDGE_CURVE('',#8439,#8461,#8479,.T.);
#6920=FILL_AREA_STYLE('',(#8480));
#6921=EDGE_CURVE('',#8475,#8436,#8481,.T.);
#6922=EDGE_CURVE('',#8459,#8465,#8482,.T.);
#6923=FILL_AREA_STYLE('',(#8483));
#6924=EDGE_CURVE('',#8484,#8485,#8486,.T.);
#6925=EDGE_CURVE('',#8485,#8487,#8488,.T.);
#6926=EDGE_CURVE('',#8487,#8489,#8490,.T.);
#6927=EDGE_CURVE('',#8489,#8484,#8491,.T.);
#6928=EDGE_CURVE('',#8492,#8493,#8494,.T.);
#6929=EDGE_CURVE('',#8493,#8495,#8496,.T.);
#6930=EDGE_CURVE('',#8495,#8497,#8498,.T.);
#6931=EDGE_CURVE('',#8497,#8492,#8499,.T.);
#6932=EDGE_CURVE('',#8500,#8501,#8502,.T.);
#6933=EDGE_CURVE('',#8503,#8500,#8504,.T.);
#6934=EDGE_CURVE('',#8503,#8505,#8506,.T.);
#6935=EDGE_CURVE('',#8505,#8501,#8507,.T.);
#6936=FILL_AREA_STYLE('',(#8508));
#6937=EDGE_CURVE('',#8484,#8509,#8510,.T.);
#6938=EDGE_CURVE('',#8511,#8509,#8512,.T.);
#6939=EDGE_CURVE('',#8511,#8485,#8513,.T.);
#6940=FILL_AREA_STYLE('',(#8514));
#6941=EDGE_CURVE('',#8511,#8515,#8516,.T.);
#6942=EDGE_CURVE('',#8492,#8515,#8517,.T.);
#6943=EDGE_CURVE('',#8518,#8497,#8519,.T.);
#6944=EDGE_CURVE('',#8520,#8518,#8521,.T.);
#6945=EDGE_CURVE('',#8487,#8520,#8522,.T.);
#6946=FILL_AREA_STYLE('',(#8523));
#6947=EDGE_CURVE('',#8515,#8524,#8525,.T.);
#6948=EDGE_CURVE('',#8524,#8493,#8526,.T.);
#6949=FILL_AREA_STYLE('',(#8527));
#6950=EDGE_CURVE('',#8495,#8528,#8529,.T.);
#6951=EDGE_CURVE('',#8518,#8528,#8530,.T.);
#6952=FILL_AREA_STYLE('',(#8531));
#6953=EDGE_CURVE('',#8528,#8532,#8533,.T.);
#6954=EDGE_CURVE('',#8520,#8532,#8534,.T.);
#6955=FILL_AREA_STYLE('',(#8535));
#6956=EDGE_CURVE('',#8532,#8489,#8536,.T.);
#6957=FILL_AREA_STYLE('',(#8537));
#6958=EDGE_CURVE('',#8509,#8524,#8538,.T.);
#6959=FILL_AREA_STYLE('',(#8539));
#6960=FILL_AREA_STYLE('',(#8540));
#6961=EDGE_CURVE('',#8541,#8542,#8543,.T.);
#6962=EDGE_CURVE('',#8541,#8544,#8545,.T.);
#6963=EDGE_CURVE('',#8546,#8544,#8547,.T.);
#6964=EDGE_CURVE('',#8546,#8542,#8548,.T.);
#6965=FILL_AREA_STYLE('',(#8549));
#6966=EDGE_CURVE('',#8542,#8550,#8551,.T.);
#6967=EDGE_CURVE('',#8546,#8552,#8553,.T.);
#6968=EDGE_CURVE('',#8554,#8552,#8555,.T.);
#6969=EDGE_CURVE('',#8556,#8554,#8557,.T.);
#6970=EDGE_CURVE('',#8558,#8556,#8559,.T.);
#6971=EDGE_CURVE('',#8560,#8558,#8561,.T.);
#6972=EDGE_CURVE('',#8550,#8560,#8562,.T.);
#6973=FILL_AREA_STYLE('',(#8563));
#6974=EDGE_CURVE('',#8554,#8564,#8565,.T.);
#6975=EDGE_CURVE('',#8552,#8566,#8567,.T.);
#6976=EDGE_CURVE('',#8566,#8564,#8568,.T.);
#6977=FILL_AREA_STYLE('',(#8569));
#6978=EDGE_CURVE('',#8570,#8556,#8571,.T.);
#6979=EDGE_CURVE('',#8570,#8572,#8573,.T.);
#6980=EDGE_CURVE('',#8558,#8572,#8574,.T.);
#6981=FILL_AREA_STYLE('',(#8575));
#6982=EDGE_CURVE('',#8572,#8576,#8577,.T.);
#6983=EDGE_CURVE('',#8560,#8576,#8578,.T.);
#6984=FILL_AREA_STYLE('',(#8579));
#6985=EDGE_CURVE('',#8550,#8580,#8581,.T.);
#6986=EDGE_CURVE('',#8576,#8580,#8582,.T.);
#6987=FILL_AREA_STYLE('',(#8583));
#6988=EDGE_CURVE('',#8544,#8566,#8584,.T.);
#6989=FILL_AREA_STYLE('',(#8585));
#6990=EDGE_CURVE('',#8580,#8541,#8586,.T.);
#6991=EDGE_CURVE('',#8564,#8570,#8587,.T.);
#6992=FILL_AREA_STYLE('',(#8588));
#6993=EDGE_CURVE('',#8589,#8590,#8591,.T.);
#6994=EDGE_CURVE('',#8590,#8592,#8593,.T.);
#6995=EDGE_CURVE('',#8592,#8594,#8595,.T.);
#6996=EDGE_CURVE('',#8594,#8589,#8596,.T.);
#6997=EDGE_CURVE('',#8597,#8598,#8599,.T.);
#6998=EDGE_CURVE('',#8598,#8600,#8601,.T.);
#6999=EDGE_CURVE('',#8600,#8602,#8603,.T.);
#7000=EDGE_CURVE('',#8602,#8597,#8604,.T.);
#7001=EDGE_CURVE('',#8605,#8606,#8607,.T.);
#7002=EDGE_CURVE('',#8605,#8608,#8609,.T.);
#7003=EDGE_CURVE('',#8610,#8608,#8611,.T.);
#7004=EDGE_CURVE('',#8610,#8606,#8612,.T.);
#7005=FILL_AREA_STYLE('',(#8613));
#7006=EDGE_CURVE('',#8589,#8614,#8615,.T.);
#7007=EDGE_CURVE('',#8616,#8614,#8617,.T.);
#7008=EDGE_CURVE('',#8616,#8590,#8618,.T.);
#7009=FILL_AREA_STYLE('',(#8619));
#7010=EDGE_CURVE('',#8616,#8620,#8621,.T.);
#7011=EDGE_CURVE('',#8597,#8620,#8622,.T.);
#7012=EDGE_CURVE('',#8623,#8602,#8624,.T.);
#7013=EDGE_CURVE('',#8625,#8623,#8626,.T.);
#7014=EDGE_CURVE('',#8592,#8625,#8627,.T.);
#7015=FILL_AREA_STYLE('',(#8628));
#7016=EDGE_CURVE('',#8620,#8629,#8630,.T.);
#7017=EDGE_CURVE('',#8629,#8598,#8631,.T.);
#7018=FILL_AREA_STYLE('',(#8632));
#7019=EDGE_CURVE('',#8600,#8633,#8634,.T.);
#7020=EDGE_CURVE('',#8623,#8633,#8635,.T.);
#7021=FILL_AREA_STYLE('',(#8636));
#7022=EDGE_CURVE('',#8633,#8637,#8638,.T.);
#7023=EDGE_CURVE('',#8625,#8637,#8639,.T.);
#7024=FILL_AREA_STYLE('',(#8640));
#7025=EDGE_CURVE('',#8637,#8594,#8641,.T.);
#7026=FILL_AREA_STYLE('',(#8642));
#7027=EDGE_CURVE('',#8614,#8629,#8643,.T.);
#7028=FILL_AREA_STYLE('',(#8644));
#7029=FILL_AREA_STYLE('',(#8645));
#7030=EDGE_CURVE('',#8501,#8605,#8646,.T.);
#7031=EDGE_CURVE('',#8647,#8505,#8648,.T.);
#7032=EDGE_CURVE('',#8649,#8647,#8650,.T.);
#7033=EDGE_CURVE('',#8608,#8649,#8651,.T.);
#7034=FILL_AREA_STYLE('',(#8652));
#7035=EDGE_CURVE('',#8653,#8649,#8654,.T.);
#7036=EDGE_CURVE('',#8653,#8610,#8655,.T.);
#7037=FILL_AREA_STYLE('',(#8656));
#7038=EDGE_CURVE('',#8657,#8647,#8658,.T.);
#7039=EDGE_CURVE('',#8653,#8657,#8659,.T.);
#7040=FILL_AREA_STYLE('',(#8660));
#7041=EDGE_CURVE('',#8657,#8503,#8661,.T.);
#7042=FILL_AREA_STYLE('',(#8662));
#7043=EDGE_CURVE('',#8606,#8500,#8663,.T.);
#7044=FILL_AREA_STYLE('',(#8664));
#7045=EDGE_CURVE('',#8665,#8666,#8667,.T.);
#7046=EDGE_CURVE('',#8668,#8665,#8669,.T.);
#7047=EDGE_CURVE('',#8670,#8668,#8671,.T.);
#7048=EDGE_CURVE('',#8670,#8666,#8672,.T.);
#7049=FILL_AREA_STYLE('',(#8673));
#7050=EDGE_CURVE('',#8666,#8674,#8675,.T.);
#7051=EDGE_CURVE('',#8676,#8670,#8677,.T.);
#7052=EDGE_CURVE('',#8676,#8015,#8678,.T.);
#7053=EDGE_CURVE('',#8674,#8012,#8679,.T.);
#7054=FILL_AREA_STYLE('',(#8680));
#7055=EDGE_CURVE('',#8681,#8676,#8682,.T.);
#7056=EDGE_CURVE('',#8681,#8017,#8683,.T.);
#7057=FILL_AREA_STYLE('',(#8684));
#7058=EDGE_CURVE('',#8685,#8681,#8686,.T.);
#7059=EDGE_CURVE('',#8685,#8019,#8687,.T.);
#7060=FILL_AREA_STYLE('',(#8688));
#7061=EDGE_CURVE('',#8689,#8685,#8690,.T.);
#7062=EDGE_CURVE('',#8689,#8021,#8691,.T.);
#7063=FILL_AREA_STYLE('',(#8692));
#7064=EDGE_CURVE('',#8023,#8693,#8694,.T.);
#7065=EDGE_CURVE('',#7999,#8689,#8695,.T.);
#7066=EDGE_CURVE('',#8693,#7997,#8696,.T.);
#7067=FILL_AREA_STYLE('',(#8697));
#7068=EDGE_CURVE('',#8698,#7991,#8699,.T.);
#7069=EDGE_CURVE('',#8698,#8046,#8700,.T.);
#7070=FILL_AREA_STYLE('',(#8701));
#7071=EDGE_CURVE('',#8702,#8698,#8703,.T.);
#7072=EDGE_CURVE('',#8702,#8048,#8704,.T.);
#7073=FILL_AREA_STYLE('',(#8705));
#7074=EDGE_CURVE('',#8706,#8702,#8707,.T.);
#7075=EDGE_CURVE('',#8706,#8050,#8708,.T.);
#7076=FILL_AREA_STYLE('',(#8709));
#7077=EDGE_CURVE('',#8710,#8706,#8711,.T.);
#7078=EDGE_CURVE('',#8710,#8052,#8712,.T.);
#7079=FILL_AREA_STYLE('',(#8713));
#7080=EDGE_CURVE('',#8714,#8710,#8715,.T.);
#7081=EDGE_CURVE('',#8714,#8054,#8716,.T.);
#7082=FILL_AREA_STYLE('',(#8717));
#7083=EDGE_CURVE('',#8668,#8714,#8718,.T.);
#7084=EDGE_CURVE('',#7983,#8665,#8719,.T.);
#7085=FILL_AREA_STYLE('',(#8720));
#7086=FILL_AREA_STYLE('',(#8721));
#7087=EDGE_CURVE('',#8722,#8207,#8723,.T.);
#7088=EDGE_CURVE('',#8724,#8722,#8725,.T.);
#7089=EDGE_CURVE('',#8726,#8724,#8727,.T.);
#7090=EDGE_CURVE('',#8726,#8209,#8728,.T.);
#7091=FILL_AREA_STYLE('',(#8729));
#7092=EDGE_CURVE('',#8206,#8730,#8731,.T.);
#7093=EDGE_CURVE('',#8722,#8730,#8732,.T.);
#7094=FILL_AREA_STYLE('',(#8733));
#7095=EDGE_CURVE('',#8734,#8735,#8736,.T.);
#7096=EDGE_CURVE('',#8726,#8735,#8737,.T.);
#7097=EDGE_CURVE('',#8724,#8734,#8738,.T.);
#7098=FILL_AREA_STYLE('',(#8739));
#7099=EDGE_CURVE('',#8735,#8211,#8740,.T.);
#7100=FILL_AREA_STYLE('',(#8741));
#7101=EDGE_CURVE('',#8730,#8734,#8742,.T.);
#7102=FILL_AREA_STYLE('',(#8743));
#7103=FILL_AREA_STYLE('',(#8744));
#7104=EDGE_CURVE('',#8745,#8264,#8746,.T.);
#7105=EDGE_CURVE('',#8747,#8745,#8748,.T.);
#7106=EDGE_CURVE('',#8749,#8747,#8750,.T.);
#7107=EDGE_CURVE('',#8749,#8266,#8751,.T.);
#7108=FILL_AREA_STYLE('',(#8752));
#7109=EDGE_CURVE('',#8263,#8753,#8754,.T.);
#7110=EDGE_CURVE('',#8745,#8753,#8755,.T.);
#7111=FILL_AREA_STYLE('',(#8756));
#7112=EDGE_CURVE('',#8757,#8758,#8759,.T.);
#7113=EDGE_CURVE('',#8749,#8758,#8760,.T.);
#7114=EDGE_CURVE('',#8747,#8757,#8761,.T.);
#7115=FILL_AREA_STYLE('',(#8762));
#7116=EDGE_CURVE('',#8758,#8268,#8763,.T.);
#7117=FILL_AREA_STYLE('',(#8764));
#7118=EDGE_CURVE('',#8753,#8757,#8765,.T.);
#7119=FILL_AREA_STYLE('',(#8766));
#7120=FILL_AREA_STYLE('',(#8767));
#7121=EDGE_CURVE('',#8768,#8247,#8769,.T.);
#7122=EDGE_CURVE('',#8770,#8768,#8771,.T.);
#7123=EDGE_CURVE('',#8772,#8770,#8773,.T.);
#7124=EDGE_CURVE('',#8772,#8249,#8774,.T.);
#7125=FILL_AREA_STYLE('',(#8775));
#7126=EDGE_CURVE('',#8246,#8776,#8777,.T.);
#7127=EDGE_CURVE('',#8768,#8776,#8778,.T.);
#7128=FILL_AREA_STYLE('',(#8779));
#7129=EDGE_CURVE('',#8780,#8781,#8782,.T.);
#7130=EDGE_CURVE('',#8772,#8781,#8783,.T.);
#7131=EDGE_CURVE('',#8770,#8780,#8784,.T.);
#7132=FILL_AREA_STYLE('',(#8785));
#7133=EDGE_CURVE('',#8781,#8251,#8786,.T.);
#7134=FILL_AREA_STYLE('',(#8787));
#7135=EDGE_CURVE('',#8776,#8780,#8788,.T.);
#7136=FILL_AREA_STYLE('',(#8789));
#7137=FILL_AREA_STYLE('',(#8790));
#7138=EDGE_CURVE('',#8791,#8232,#8792,.T.);
#7139=EDGE_CURVE('',#8793,#8791,#8794,.T.);
#7140=EDGE_CURVE('',#8795,#8793,#8796,.T.);
#7141=EDGE_CURVE('',#8795,#8234,#8797,.T.);
#7142=FILL_AREA_STYLE('',(#8798));
#7143=EDGE_CURVE('',#8231,#8799,#8800,.T.);
#7144=EDGE_CURVE('',#8791,#8799,#8801,.T.);
#7145=FILL_AREA_STYLE('',(#8802));
#7146=EDGE_CURVE('',#8803,#8804,#8805,.T.);
#7147=EDGE_CURVE('',#8795,#8804,#8806,.T.);
#7148=EDGE_CURVE('',#8793,#8803,#8807,.T.);
#7149=FILL_AREA_STYLE('',(#8808));
#7150=EDGE_CURVE('',#8804,#8236,#8809,.T.);
#7151=FILL_AREA_STYLE('',(#8810));
#7152=EDGE_CURVE('',#8799,#8803,#8811,.T.);
#7153=FILL_AREA_STYLE('',(#8812));
#7154=FILL_AREA_STYLE('',(#8813));
#7155=EDGE_CURVE('',#8814,#8304,#8815,.T.);
#7156=EDGE_CURVE('',#8816,#8814,#8817,.T.);
#7157=EDGE_CURVE('',#8818,#8816,#8819,.T.);
#7158=EDGE_CURVE('',#8818,#8306,#8820,.T.);
#7159=FILL_AREA_STYLE('',(#8821));
#7160=EDGE_CURVE('',#8303,#8822,#8823,.T.);
#7161=EDGE_CURVE('',#8814,#8822,#8824,.T.);
#7162=FILL_AREA_STYLE('',(#8825));
#7163=EDGE_CURVE('',#8826,#8827,#8828,.T.);
#7164=EDGE_CURVE('',#8818,#8827,#8829,.T.);
#7165=EDGE_CURVE('',#8816,#8826,#8830,.T.);
#7166=FILL_AREA_STYLE('',(#8831));
#7167=EDGE_CURVE('',#8827,#8308,#8832,.T.);
#7168=FILL_AREA_STYLE('',(#8833));
#7169=EDGE_CURVE('',#8822,#8826,#8834,.T.);
#7170=FILL_AREA_STYLE('',(#8835));
#7171=FILL_AREA_STYLE('',(#8836));
#7172=EDGE_CURVE('',#8837,#8289,#8838,.T.);
#7173=EDGE_CURVE('',#8839,#8837,#8840,.T.);
#7174=EDGE_CURVE('',#8841,#8839,#8842,.T.);
#7175=EDGE_CURVE('',#8841,#8291,#8843,.T.);
#7176=FILL_AREA_STYLE('',(#8844));
#7177=EDGE_CURVE('',#8288,#8845,#8846,.T.);
#7178=EDGE_CURVE('',#8837,#8845,#8847,.T.);
#7179=FILL_AREA_STYLE('',(#8848));
#7180=EDGE_CURVE('',#8849,#8850,#8851,.T.);
#7181=EDGE_CURVE('',#8841,#8850,#8852,.T.);
#7182=EDGE_CURVE('',#8839,#8849,#8853,.T.);
#7183=FILL_AREA_STYLE('',(#8854));
#7184=EDGE_CURVE('',#8850,#8293,#8855,.T.);
#7185=FILL_AREA_STYLE('',(#8856));
#7186=EDGE_CURVE('',#8845,#8849,#8857,.T.);
#7187=FILL_AREA_STYLE('',(#8858));
#7188=FILL_AREA_STYLE('',(#8859));
#7189=EDGE_CURVE('',#8100,#8860,#8861,.T.);
#7190=EDGE_CURVE('',#8860,#8862,#8863,.T.);
#7191=EDGE_CURVE('',#8862,#8102,#8864,.T.);
#7192=FILL_AREA_STYLE('',(#8865));
#7193=EDGE_CURVE('',#8099,#8866,#8867,.T.);
#7194=EDGE_CURVE('',#8860,#8866,#8868,.T.);
#7195=FILL_AREA_STYLE('',(#8869));
#7196=EDGE_CURVE('',#8870,#8104,#8871,.T.);
#7197=EDGE_CURVE('',#8862,#8870,#8872,.T.);
#7198=FILL_AREA_STYLE('',(#8873));
#7199=EDGE_CURVE('',#8866,#8870,#8874,.T.);
#7200=FILL_AREA_STYLE('',(#8875));
#7201=FILL_AREA_STYLE('',(#8876));
#7202=EDGE_CURVE('',#8092,#8877,#8878,.T.);
#7203=EDGE_CURVE('',#8877,#8879,#8880,.T.);
#7204=EDGE_CURVE('',#8879,#8094,#8881,.T.);
#7205=FILL_AREA_STYLE('',(#8882));
#7206=EDGE_CURVE('',#8091,#8883,#8884,.T.);
#7207=EDGE_CURVE('',#8877,#8883,#8885,.T.);
#7208=FILL_AREA_STYLE('',(#8886));
#7209=EDGE_CURVE('',#8887,#8096,#8888,.T.);
#7210=EDGE_CURVE('',#8879,#8887,#8889,.T.);
#7211=FILL_AREA_STYLE('',(#8890));
#7212=EDGE_CURVE('',#8883,#8887,#8891,.T.);
#7213=FILL_AREA_STYLE('',(#8892));
#7214=FILL_AREA_STYLE('',(#8893));
#7215=EDGE_CURVE('',#8894,#8084,#8895,.T.);
#7216=EDGE_CURVE('',#8894,#8896,#8897,.T.);
#7217=EDGE_CURVE('',#8896,#8086,#8898,.T.);
#7218=FILL_AREA_STYLE('',(#8899));
#7219=EDGE_CURVE('',#8900,#8083,#8901,.T.);
#7220=EDGE_CURVE('',#8900,#8894,#8902,.T.);
#7221=FILL_AREA_STYLE('',(#8903));
#7222=EDGE_CURVE('',#8904,#8088,#8905,.T.);
#7223=EDGE_CURVE('',#8904,#8900,#8906,.T.);
#7224=FILL_AREA_STYLE('',(#8907));
#7225=EDGE_CURVE('',#8896,#8904,#8908,.T.);
#7226=FILL_AREA_STYLE('',(#8909));
#7227=FILL_AREA_STYLE('',(#8910));
#7228=EDGE_CURVE('',#8911,#8076,#8912,.T.);
#7229=EDGE_CURVE('',#8911,#8913,#8914,.T.);
#7230=EDGE_CURVE('',#8913,#8078,#8915,.T.);
#7231=FILL_AREA_STYLE('',(#8916));
#7232=EDGE_CURVE('',#8917,#8075,#8918,.T.);
#7233=EDGE_CURVE('',#8917,#8911,#8919,.T.);
#7234=FILL_AREA_STYLE('',(#8920));
#7235=EDGE_CURVE('',#8921,#8080,#8922,.T.);
#7236=EDGE_CURVE('',#8921,#8917,#8923,.T.);
#7237=FILL_AREA_STYLE('',(#8924));
#7238=EDGE_CURVE('',#8913,#8921,#8925,.T.);
#7239=FILL_AREA_STYLE('',(#8926));
#7240=FILL_AREA_STYLE('',(#8927));
#7241=EDGE_CURVE('',#8928,#8068,#8929,.T.);
#7242=EDGE_CURVE('',#8928,#8930,#8931,.T.);
#7243=EDGE_CURVE('',#8930,#8070,#8932,.T.);
#7244=FILL_AREA_STYLE('',(#8933));
#7245=EDGE_CURVE('',#8934,#8067,#8935,.T.);
#7246=EDGE_CURVE('',#8934,#8928,#8936,.T.);
#7247=FILL_AREA_STYLE('',(#8937));
#7248=EDGE_CURVE('',#8938,#8072,#8939,.T.);
#7249=EDGE_CURVE('',#8938,#8934,#8940,.T.);
#7250=FILL_AREA_STYLE('',(#8941));
#7251=EDGE_CURVE('',#8930,#8938,#8942,.T.);
#7252=FILL_AREA_STYLE('',(#8943));
#7253=FILL_AREA_STYLE('',(#8944));
#7254=EDGE_CURVE('',#8140,#8945,#8946,.T.);
#7255=EDGE_CURVE('',#8945,#8003,#8947,.T.);
#7256=FILL_AREA_STYLE('',(#8948));
#7257=EDGE_CURVE('',#8004,#8949,#8950,.T.);
#7258=EDGE_CURVE('',#8949,#8201,#8951,.T.);
#7259=FILL_AREA_STYLE('',(#8952));
#7260=EDGE_CURVE('',#7975,#8953,#8954,.T.);
#7261=EDGE_CURVE('',#8953,#8955,#8956,.T.);
#7262=EDGE_CURVE('',#7974,#8955,#8957,.T.);
#7263=FILL_AREA_STYLE('',(#8958));
#7264=EDGE_CURVE('',#8013,#8959,#8960,.T.);
#7265=EDGE_CURVE('',#8961,#8959,#8962,.T.);
#7266=EDGE_CURVE('',#8963,#8961,#8964,.T.);
#7267=EDGE_CURVE('',#8963,#8674,#8965,.T.);
#7268=FILL_AREA_STYLE('',(#8966));
#7269=EDGE_CURVE('',#8029,#8967,#8968,.T.);
#7270=EDGE_CURVE('',#8959,#8967,#8969,.T.);
#7271=FILL_AREA_STYLE('',(#8970));
#7272=EDGE_CURVE('',#8027,#8971,#8972,.T.);
#7273=EDGE_CURVE('',#8967,#8971,#8973,.T.);
#7274=FILL_AREA_STYLE('',(#8974));
#7275=EDGE_CURVE('',#8025,#8975,#8976,.T.);
#7276=EDGE_CURVE('',#8971,#8975,#8977,.T.);
#7277=FILL_AREA_STYLE('',(#8978));
#7278=EDGE_CURVE('',#8979,#7889,#8980,.T.);
#7279=EDGE_CURVE('',#8981,#8979,#8982,.T.);
#7280=EDGE_CURVE('',#8983,#8981,#8984,.T.);
#7281=EDGE_CURVE('',#8983,#8985,#8986,.T.);
#7282=EDGE_CURVE('',#8985,#8987,#8988,.T.);
#7283=EDGE_CURVE('',#8987,#8989,#8990,.T.);
#7284=EDGE_CURVE('',#8991,#8989,#8992,.T.);
#7285=EDGE_CURVE('',#7905,#8991,#8993,.T.);
#7286=EDGE_CURVE('',#8994,#7902,#8995,.T.);
#7287=EDGE_CURVE('',#8996,#8994,#8997,.T.);
#7288=EDGE_CURVE('',#8693,#8996,#8998,.T.);
#7289=FILL_AREA_STYLE('',(#8999));
#7290=EDGE_CURVE('',#9000,#8963,#9001,.T.);
#7291=EDGE_CURVE('',#7912,#9000,#9002,.T.);
#7292=EDGE_CURVE('',#9003,#7916,#9004,.T.);
#7293=EDGE_CURVE('',#9005,#9003,#9006,.T.);
#7294=EDGE_CURVE('',#9005,#9007,#9008,.T.);
#7295=EDGE_CURVE('',#9007,#9009,#9010,.T.);
#7296=EDGE_CURVE('',#9009,#9011,#9012,.T.);
#7297=EDGE_CURVE('',#9013,#9011,#9014,.T.);
#7298=EDGE_CURVE('',#8953,#9013,#9015,.T.);
#7299=FILL_AREA_STYLE('',(#9016));
#7300=EDGE_CURVE('',#8996,#9017,#9018,.T.);
#7301=EDGE_CURVE('',#8975,#9017,#9019,.T.);
#7302=FILL_AREA_STYLE('',(#9020));
#7303=EDGE_CURVE('',#8150,#9021,#9022,.T.);
#7304=EDGE_CURVE('',#9021,#9023,#9024,.T.);
#7305=EDGE_CURVE('',#9023,#8152,#9025,.T.);
#7306=FILL_AREA_STYLE('',(#9026));
#7307=EDGE_CURVE('',#9027,#8148,#9028,.T.);
#7308=EDGE_CURVE('',#9021,#9027,#9029,.T.);
#7309=FILL_AREA_STYLE('',(#9030));
#7310=EDGE_CURVE('',#9031,#8146,#9032,.T.);
#7311=EDGE_CURVE('',#9027,#9031,#9033,.T.);
#7312=FILL_AREA_STYLE('',(#9034));
#7313=EDGE_CURVE('',#9035,#8144,#9036,.T.);
#7314=EDGE_CURVE('',#9031,#9035,#9037,.T.);
#7315=FILL_AREA_STYLE('',(#9038));
#7316=EDGE_CURVE('',#8142,#9039,#9040,.T.);
#7317=EDGE_CURVE('',#9039,#9035,#9041,.T.);
#7318=FILL_AREA_STYLE('',(#9042));
#7319=EDGE_CURVE('',#9043,#8139,#9044,.T.);
#7320=EDGE_CURVE('',#9039,#9043,#9045,.T.);
#7321=FILL_AREA_STYLE('',(#9046));
#7322=EDGE_CURVE('',#9047,#8945,#9048,.T.);
#7323=EDGE_CURVE('',#9049,#9047,#9050,.T.);
#7324=EDGE_CURVE('',#9043,#9049,#9051,.T.);
#7325=FILL_AREA_STYLE('',(#9052));
#7326=EDGE_CURVE('',#8949,#9053,#9054,.T.);
#7327=EDGE_CURVE('',#9055,#9053,#9056,.T.);
#7328=EDGE_CURVE('',#9057,#9055,#9058,.T.);
#7329=EDGE_CURVE('',#9047,#9057,#9059,.T.);
#7330=FILL_AREA_STYLE('',(#9060));
#7331=EDGE_CURVE('',#9061,#8199,#9062,.T.);
#7332=EDGE_CURVE('',#9063,#9061,#9064,.T.);
#7333=EDGE_CURVE('',#9053,#9063,#9065,.T.);
#7334=FILL_AREA_STYLE('',(#9066));
#7335=EDGE_CURVE('',#9067,#8197,#9068,.T.);
#7336=EDGE_CURVE('',#9061,#9067,#9069,.T.);
#7337=FILL_AREA_STYLE('',(#9070));
#7338=EDGE_CURVE('',#8297,#9071,#9072,.T.);
#7339=EDGE_CURVE('',#9071,#9073,#9074,.T.);
#7340=EDGE_CURVE('',#8299,#9073,#9075,.T.);
#7341=FILL_AREA_STYLE('',(#9076));
#7342=EDGE_CURVE('',#8195,#9077,#9078,.T.);
#7343=EDGE_CURVE('',#9077,#9067,#9079,.T.);
#7344=FILL_AREA_STYLE('',(#9080));
#7345=EDGE_CURVE('',#9081,#8193,#9082,.T.);
#7346=EDGE_CURVE('',#9077,#9081,#9083,.T.);
#7347=FILL_AREA_STYLE('',(#9084));
#7348=EDGE_CURVE('',#9085,#8191,#9086,.T.);
#7349=EDGE_CURVE('',#9081,#9085,#9087,.T.);
#7350=FILL_AREA_STYLE('',(#9088));
#7351=EDGE_CURVE('',#9089,#8189,#9090,.T.);
#7352=EDGE_CURVE('',#9085,#9089,#9091,.T.);
#7353=FILL_AREA_STYLE('',(#9092));
#7354=EDGE_CURVE('',#8187,#9093,#9094,.T.);
#7355=EDGE_CURVE('',#9093,#9089,#9095,.T.);
#7356=FILL_AREA_STYLE('',(#9096));
#7357=EDGE_CURVE('',#9097,#8185,#9098,.T.);
#7358=EDGE_CURVE('',#9093,#9097,#9099,.T.);
#7359=FILL_AREA_STYLE('',(#9100));
#7360=EDGE_CURVE('',#9101,#8183,#9102,.T.);
#7361=EDGE_CURVE('',#9097,#9101,#9103,.T.);
#7362=FILL_AREA_STYLE('',(#9104));
#7363=EDGE_CURVE('',#9105,#8257,#9106,.T.);
#7364=EDGE_CURVE('',#9107,#9105,#9108,.T.);
#7365=EDGE_CURVE('',#8259,#9107,#9109,.T.);
#7366=FILL_AREA_STYLE('',(#9110));
#7367=EDGE_CURVE('',#8254,#9111,#9112,.T.);
#7368=EDGE_CURVE('',#9105,#9111,#9113,.T.);
#7369=FILL_AREA_STYLE('',(#9114));
#7370=EDGE_CURVE('',#8226,#9115,#9116,.T.);
#7371=EDGE_CURVE('',#9117,#9115,#9118,.T.);
#7372=EDGE_CURVE('',#9117,#8228,#9119,.T.);
#7373=FILL_AREA_STYLE('',(#9120));
#7374=EDGE_CURVE('',#9121,#8223,#9122,.T.);
#7375=EDGE_CURVE('',#9115,#9121,#9123,.T.);
#7376=FILL_AREA_STYLE('',(#9124));
#7377=EDGE_CURVE('',#8314,#9125,#9126,.T.);
#7378=EDGE_CURVE('',#9127,#9125,#9128,.T.);
#7379=EDGE_CURVE('',#9127,#8316,#9129,.T.);
#7380=FILL_AREA_STYLE('',(#9130));
#7381=EDGE_CURVE('',#9131,#8311,#9132,.T.);
#7382=EDGE_CURVE('',#9125,#9131,#9133,.T.);
#7383=FILL_AREA_STYLE('',(#9134));
#7384=EDGE_CURVE('',#8283,#9135,#9136,.T.);
#7385=EDGE_CURVE('',#9137,#9135,#9138,.T.);
#7386=EDGE_CURVE('',#9137,#8285,#9139,.T.);
#7387=FILL_AREA_STYLE('',(#9140));
#7388=EDGE_CURVE('',#9141,#8280,#9142,.T.);
#7389=EDGE_CURVE('',#9135,#9141,#9143,.T.);
#7390=FILL_AREA_STYLE('',(#9144));
#7391=EDGE_CURVE('',#8276,#9145,#9146,.T.);
#7392=EDGE_CURVE('',#9147,#9145,#9148,.T.);
#7393=EDGE_CURVE('',#9147,#8272,#9149,.T.);
#7394=FILL_AREA_STYLE('',(#9150));
#7395=EDGE_CURVE('',#8214,#9151,#9152,.T.);
#7396=EDGE_CURVE('',#9153,#9151,#9154,.T.);
#7397=EDGE_CURVE('',#9153,#8217,#9155,.T.);
#7398=FILL_AREA_STYLE('',(#9156));
#7399=EDGE_CURVE('',#9157,#8274,#9158,.T.);
#7400=EDGE_CURVE('',#9145,#9157,#9159,.T.);
#7401=FILL_AREA_STYLE('',(#9160));
#7402=EDGE_CURVE('',#9161,#9153,#9162,.T.);
#7403=EDGE_CURVE('',#8219,#9161,#9163,.T.);
#7404=FILL_AREA_STYLE('',(#9164));
#7405=EDGE_CURVE('',#8271,#9165,#9166,.T.);
#7406=EDGE_CURVE('',#9157,#9165,#9167,.T.);
#7407=FILL_AREA_STYLE('',(#9168));
#7408=EDGE_CURVE('',#9165,#9147,#9169,.T.);
#7409=FILL_AREA_STYLE('',(#9170));
#7410=EDGE_CURVE('',#9171,#9172,#9173,.T.);
#7411=EDGE_CURVE('',#9174,#9171,#9175,.T.);
#7412=EDGE_CURVE('',#9174,#9176,#9177,.T.);
#7413=EDGE_CURVE('',#9172,#9176,#9178,.T.);
#7414=FILL_AREA_STYLE('',(#9179));
#7415=EDGE_CURVE('',#9180,#9171,#9181,.T.);
#7416=EDGE_CURVE('',#9180,#7959,#9182,.T.);
#7417=EDGE_CURVE('',#7956,#9183,#9184,.T.);
#7418=EDGE_CURVE('',#9185,#9183,#9186,.T.);
#7419=EDGE_CURVE('',#9185,#9174,#9187,.T.);
#7420=FILL_AREA_STYLE('',(#9188));
#7421=EDGE_CURVE('',#9172,#9189,#9190,.T.);
#7422=EDGE_CURVE('',#9176,#9191,#9192,.T.);
#7423=EDGE_CURVE('',#9191,#9193,#9194,.T.);
#7424=EDGE_CURVE('',#9193,#7957,#9195,.T.);
#7425=EDGE_CURVE('',#7961,#9189,#9196,.T.);
#7426=FILL_AREA_STYLE('',(#9197));
#7427=EDGE_CURVE('',#9198,#7968,#9199,.T.);
#7428=EDGE_CURVE('',#7965,#9200,#9201,.T.);
#7429=EDGE_CURVE('',#9200,#9202,#9203,.T.);
#7430=EDGE_CURVE('',#9202,#9193,#9204,.T.);
#7431=EDGE_CURVE('',#9191,#9205,#9206,.T.);
#7432=EDGE_CURVE('',#9205,#7950,#9207,.T.);
#7433=EDGE_CURVE('',#7947,#9208,#9209,.T.);
#7434=EDGE_CURVE('',#9208,#9210,#9211,.T.);
#7435=EDGE_CURVE('',#9210,#9198,#9212,.T.);
#7436=FILL_AREA_STYLE('',(#9213));
#7437=EDGE_CURVE('',#9214,#9198,#9215,.T.);
#7438=EDGE_CURVE('',#9210,#9216,#9217,.T.);
#7439=EDGE_CURVE('',#9216,#9214,#9218,.T.);
#7440=FILL_AREA_STYLE('',(#9219));
#7441=EDGE_CURVE('',#9220,#9214,#9221,.T.);
#7442=EDGE_CURVE('',#9216,#9222,#9223,.T.);
#7443=EDGE_CURVE('',#9222,#9220,#9224,.T.);
#7444=FILL_AREA_STYLE('',(#9225));
#7445=EDGE_CURVE('',#9226,#9220,#9227,.T.);
#7446=EDGE_CURVE('',#9222,#9228,#9229,.T.);
#7447=EDGE_CURVE('',#9228,#9226,#9230,.T.);
#7448=FILL_AREA_STYLE('',(#9231));
#7449=EDGE_CURVE('',#7970,#9226,#9232,.T.);
#7450=EDGE_CURVE('',#9228,#9233,#9234,.T.);
#7451=EDGE_CURVE('',#9233,#7948,#9235,.T.);
#7452=EDGE_CURVE('',#7952,#9236,#9237,.T.);
#7453=EDGE_CURVE('',#9236,#9185,#9238,.T.);
#7454=EDGE_CURVE('',#9183,#9239,#9240,.T.);
#7455=EDGE_CURVE('',#9239,#9241,#9242,.T.);
#7456=EDGE_CURVE('',#9241,#7966,#9243,.T.);
#7457=FILL_AREA_STYLE('',(#9244));
#7458=EDGE_CURVE('',#9241,#9200,#9245,.T.);
#7459=FILL_AREA_STYLE('',(#9246));
#7460=EDGE_CURVE('',#9239,#9202,#9247,.T.);
#7461=FILL_AREA_STYLE('',(#9248));
#7462=EDGE_CURVE('',#9189,#9180,#9249,.T.);
#7463=FILL_AREA_STYLE('',(#9250));
#7464=EDGE_CURVE('',#9183,#9193,#9251,.T.);
#7465=FILL_AREA_STYLE('',(#9252));
#7466=FILL_AREA_STYLE('',(#9253));
#7467=EDGE_CURVE('',#9233,#9208,#9254,.T.);
#7468=FILL_AREA_STYLE('',(#9255));
#7469=FILL_AREA_STYLE('',(#9256));
#7470=EDGE_CURVE('',#9236,#9205,#9257,.T.);
#7471=FILL_AREA_STYLE('',(#9258));
#7472=EDGE_CURVE('',#9185,#9191,#9259,.T.);
#7473=FILL_AREA_STYLE('',(#9260));
#7474=FILL_AREA_STYLE('',(#9261));
#7475=FILL_AREA_STYLE('',(#9262));
#7476=EDGE_CURVE('',#9263,#9264,#9265,.T.);
#7477=EDGE_CURVE('',#9266,#9263,#9267,.T.);
#7478=EDGE_CURVE('',#9266,#9268,#9269,.T.);
#7479=EDGE_CURVE('',#9264,#9268,#9270,.T.);
#7480=FILL_AREA_STYLE('',(#9271));
#7481=EDGE_CURVE('',#9272,#9263,#9273,.T.);
#7482=EDGE_CURVE('',#9272,#7932,#9274,.T.);
#7483=EDGE_CURVE('',#7929,#9275,#9276,.T.);
#7484=EDGE_CURVE('',#9277,#9275,#9278,.T.);
#7485=EDGE_CURVE('',#9277,#9266,#9279,.T.);
#7486=FILL_AREA_STYLE('',(#9280));
#7487=EDGE_CURVE('',#9264,#9281,#9282,.T.);
#7488=EDGE_CURVE('',#9268,#9283,#9284,.T.);
#7489=EDGE_CURVE('',#9283,#9285,#9286,.T.);
#7490=EDGE_CURVE('',#9285,#7930,#9287,.T.);
#7491=EDGE_CURVE('',#7934,#9281,#9288,.T.);
#7492=FILL_AREA_STYLE('',(#9289));
#7493=EDGE_CURVE('',#9290,#7941,#9291,.T.);
#7494=EDGE_CURVE('',#7938,#9292,#9293,.T.);
#7495=EDGE_CURVE('',#9292,#9294,#9295,.T.);
#7496=EDGE_CURVE('',#9294,#9285,#9296,.T.);
#7497=EDGE_CURVE('',#9283,#9297,#9298,.T.);
#7498=EDGE_CURVE('',#9297,#7923,#9299,.T.);
#7499=EDGE_CURVE('',#7920,#9300,#9301,.T.);
#7500=EDGE_CURVE('',#9300,#9302,#9303,.T.);
#7501=EDGE_CURVE('',#9302,#9290,#9304,.T.);
#7502=FILL_AREA_STYLE('',(#9305));
#7503=EDGE_CURVE('',#9306,#9290,#9307,.T.);
#7504=EDGE_CURVE('',#9302,#9308,#9309,.T.);
#7505=EDGE_CURVE('',#9308,#9306,#9310,.T.);
#7506=FILL_AREA_STYLE('',(#9311));
#7507=EDGE_CURVE('',#9312,#9306,#9313,.T.);
#7508=EDGE_CURVE('',#9308,#9314,#9315,.T.);
#7509=EDGE_CURVE('',#9314,#9312,#9316,.T.);
#7510=FILL_AREA_STYLE('',(#9317));
#7511=EDGE_CURVE('',#9318,#9312,#9319,.T.);
#7512=EDGE_CURVE('',#9314,#9320,#9321,.T.);
#7513=EDGE_CURVE('',#9320,#9318,#9322,.T.);
#7514=FILL_AREA_STYLE('',(#9323));
#7515=EDGE_CURVE('',#7943,#9318,#9324,.T.);
#7516=EDGE_CURVE('',#9320,#9325,#9326,.T.);
#7517=EDGE_CURVE('',#9325,#7921,#9327,.T.);
#7518=EDGE_CURVE('',#7925,#9328,#9329,.T.);
#7519=EDGE_CURVE('',#9328,#9277,#9330,.T.);
#7520=EDGE_CURVE('',#9275,#9331,#9332,.T.);
#7521=EDGE_CURVE('',#9331,#9333,#9334,.T.);
#7522=EDGE_CURVE('',#9333,#7939,#9335,.T.);
#7523=FILL_AREA_STYLE('',(#9336));
#7524=EDGE_CURVE('',#9333,#9292,#9337,.T.);
#7525=FILL_AREA_STYLE('',(#9338));
#7526=EDGE_CURVE('',#9331,#9294,#9339,.T.);
#7527=FILL_AREA_STYLE('',(#9340));
#7528=EDGE_CURVE('',#9281,#9272,#9341,.T.);
#7529=FILL_AREA_STYLE('',(#9342));
#7530=EDGE_CURVE('',#9275,#9285,#9343,.T.);
#7531=FILL_AREA_STYLE('',(#9344));
#7532=FILL_AREA_STYLE('',(#9345));
#7533=EDGE_CURVE('',#9325,#9300,#9346,.T.);
#7534=FILL_AREA_STYLE('',(#9347));
#7535=FILL_AREA_STYLE('',(#9348));
#7536=EDGE_CURVE('',#9328,#9297,#9349,.T.);
#7537=FILL_AREA_STYLE('',(#9350));
#7538=EDGE_CURVE('',#9277,#9283,#9351,.T.);
#7539=FILL_AREA_STYLE('',(#9352));
#7540=FILL_AREA_STYLE('',(#9353));
#7541=FILL_AREA_STYLE('',(#9354));
#7542=EDGE_CURVE('',#9355,#9356,#9357,.T.);
#7543=EDGE_CURVE('',#9358,#9355,#9359,.T.);
#7544=EDGE_CURVE('',#9358,#9360,#9361,.T.);
#7545=EDGE_CURVE('',#9356,#9360,#9362,.T.);
#7546=FILL_AREA_STYLE('',(#9363));
#7547=EDGE_CURVE('',#9011,#9355,#9364,.T.);
#7548=EDGE_CURVE('',#9009,#9365,#9366,.T.);
#7549=EDGE_CURVE('',#9365,#9367,#9368,.T.);
#7550=EDGE_CURVE('',#9367,#9369,#9370,.T.);
#7551=EDGE_CURVE('',#9369,#9358,#9371,.T.);
#7552=FILL_AREA_STYLE('',(#9372));
#7553=EDGE_CURVE('',#9367,#9373,#9374,.T.);
#7554=EDGE_CURVE('',#9373,#9375,#9376,.T.);
#7555=EDGE_CURVE('',#9375,#9377,#9378,.T.);
#7556=EDGE_CURVE('',#9377,#9369,#9379,.T.);
#7557=FILL_AREA_STYLE('',(#9380));
#7558=EDGE_CURVE('',#9356,#9005,#9381,.T.);
#7559=EDGE_CURVE('',#9360,#9382,#9383,.T.);
#7560=EDGE_CURVE('',#9384,#9382,#9385,.T.);
#7561=EDGE_CURVE('',#9384,#9386,#9387,.T.);
#7562=EDGE_CURVE('',#9386,#9007,#9388,.T.);
#7563=FILL_AREA_STYLE('',(#9389));
#7564=EDGE_CURVE('',#9390,#9384,#9391,.T.);
#7565=EDGE_CURVE('',#9382,#9392,#9393,.T.);
#7566=EDGE_CURVE('',#9392,#9394,#9395,.T.);
#7567=EDGE_CURVE('',#9394,#9390,#9396,.T.);
#7568=FILL_AREA_STYLE('',(#9397));
#7569=EDGE_CURVE('',#9365,#9386,#9398,.T.);
#7570=FILL_AREA_STYLE('',(#9399));
#7571=EDGE_CURVE('',#9373,#9390,#9400,.T.);
#7572=FILL_AREA_STYLE('',(#9401));
#7573=EDGE_CURVE('',#9375,#9394,#9402,.T.);
#7574=FILL_AREA_STYLE('',(#9403));
#7575=EDGE_CURVE('',#9377,#9392,#9404,.T.);
#7576=FILL_AREA_STYLE('',(#9405));
#7577=FILL_AREA_STYLE('',(#9406));
#7578=EDGE_CURVE('',#9407,#9408,#9409,.T.);
#7579=EDGE_CURVE('',#9410,#9407,#9411,.T.);
#7580=EDGE_CURVE('',#9410,#9412,#9413,.T.);
#7581=EDGE_CURVE('',#9408,#9412,#9414,.T.);
#7582=FILL_AREA_STYLE('',(#9415));
#7583=EDGE_CURVE('',#8989,#9407,#9416,.T.);
#7584=EDGE_CURVE('',#8987,#9417,#9418,.T.);
#7585=EDGE_CURVE('',#9417,#9419,#9420,.T.);
#7586=EDGE_CURVE('',#9419,#9421,#9422,.T.);
#7587=EDGE_CURVE('',#9421,#9410,#9423,.T.);
#7588=FILL_AREA_STYLE('',(#9424));
#7589=EDGE_CURVE('',#9419,#9425,#9426,.T.);
#7590=EDGE_CURVE('',#9425,#9427,#9428,.T.);
#7591=EDGE_CURVE('',#9427,#9429,#9430,.T.);
#7592=EDGE_CURVE('',#9429,#9421,#9431,.T.);
#7593=FILL_AREA_STYLE('',(#9432));
#7594=EDGE_CURVE('',#9408,#8983,#9433,.T.);
#7595=EDGE_CURVE('',#9412,#9434,#9435,.T.);
#7596=EDGE_CURVE('',#9436,#9434,#9437,.T.);
#7597=EDGE_CURVE('',#9436,#9438,#9439,.T.);
#7598=EDGE_CURVE('',#9438,#8985,#9440,.T.);
#7599=FILL_AREA_STYLE('',(#9441));
#7600=EDGE_CURVE('',#9442,#9436,#9443,.T.);
#7601=EDGE_CURVE('',#9434,#9444,#9445,.T.);
#7602=EDGE_CURVE('',#9444,#9446,#9447,.T.);
#7603=EDGE_CURVE('',#9446,#9442,#9448,.T.);
#7604=FILL_AREA_STYLE('',(#9449));
#7605=EDGE_CURVE('',#9417,#9438,#9450,.T.);
#7606=FILL_AREA_STYLE('',(#9451));
#7607=EDGE_CURVE('',#9425,#9442,#9452,.T.);
#7608=FILL_AREA_STYLE('',(#9453));
#7609=EDGE_CURVE('',#9427,#9446,#9454,.T.);
#7610=FILL_AREA_STYLE('',(#9455));
#7611=EDGE_CURVE('',#9429,#9444,#9456,.T.);
#7612=FILL_AREA_STYLE('',(#9457));
#7613=FILL_AREA_STYLE('',(#9458));
#7614=EDGE_CURVE('',#8312,#9459,#9460,.T.);
#7615=EDGE_CURVE('',#9131,#9459,#9461,.T.);
#7616=FILL_AREA_STYLE('',(#9462));
#7617=EDGE_CURVE('',#9459,#9127,#9463,.T.);
#7618=FILL_AREA_STYLE('',(#9464));
#7619=EDGE_CURVE('',#9465,#8255,#9466,.T.);
#7620=EDGE_CURVE('',#9111,#9465,#9467,.T.);
#7621=FILL_AREA_STYLE('',(#9468));
#7622=EDGE_CURVE('',#8281,#9469,#9470,.T.);
#7623=EDGE_CURVE('',#9141,#9469,#9471,.T.);
#7624=FILL_AREA_STYLE('',(#9472));
#7625=EDGE_CURVE('',#8224,#9473,#9474,.T.);
#7626=EDGE_CURVE('',#9121,#9473,#9475,.T.);
#7627=FILL_AREA_STYLE('',(#9476));
#7628=EDGE_CURVE('',#9469,#9137,#9477,.T.);
#7629=FILL_AREA_STYLE('',(#9478));
#7630=EDGE_CURVE('',#9479,#7914,#9480,.T.);
#7631=EDGE_CURVE('',#9003,#9479,#9481,.T.);
#7632=FILL_AREA_STYLE('',(#9482));
#7633=EDGE_CURVE('',#9000,#9483,#9484,.T.);
#7634=EDGE_CURVE('',#7911,#9483,#9485,.T.);
#7635=FILL_AREA_STYLE('',(#9486));
#7636=EDGE_CURVE('',#9483,#8961,#9487,.T.);
#7637=FILL_AREA_STYLE('',(#9488));
#7638=EDGE_CURVE('',#8994,#9489,#9490,.T.);
#7639=EDGE_CURVE('',#9017,#9489,#9491,.T.);
#7640=FILL_AREA_STYLE('',(#9492));
#7641=EDGE_CURVE('',#9489,#7903,#9493,.T.);
#7642=FILL_AREA_STYLE('',(#9494));
#7643=EDGE_CURVE('',#8991,#9495,#9496,.T.);
#7644=EDGE_CURVE('',#7907,#9495,#9497,.T.);
#7645=FILL_AREA_STYLE('',(#9498));
#7646=EDGE_CURVE('',#8981,#9499,#9500,.T.);
#7647=EDGE_CURVE('',#9495,#9499,#9501,.T.);
#7648=FILL_AREA_STYLE('',(#9502));
#7649=EDGE_CURVE('',#8979,#9503,#9504,.T.);
#7650=EDGE_CURVE('',#9499,#9503,#9505,.T.);
#7651=FILL_AREA_STYLE('',(#9506));
#7652=EDGE_CURVE('',#9503,#7890,#9507,.T.);
#7653=FILL_AREA_STYLE('',(#9508));
#7654=EDGE_CURVE('',#8043,#9509,#9510,.T.);
#7655=EDGE_CURVE('',#7898,#9509,#9511,.T.);
#7656=FILL_AREA_STYLE('',(#9512));
#7657=EDGE_CURVE('',#8041,#9513,#9514,.T.);
#7658=EDGE_CURVE('',#9509,#9513,#9515,.T.);
#7659=FILL_AREA_STYLE('',(#9516));
#7660=EDGE_CURVE('',#8039,#9517,#9518,.T.);
#7661=EDGE_CURVE('',#9513,#9517,#9519,.T.);
#7662=FILL_AREA_STYLE('',(#9520));
#7663=EDGE_CURVE('',#8037,#9521,#9522,.T.);
#7664=EDGE_CURVE('',#9517,#9521,#9523,.T.);
#7665=FILL_AREA_STYLE('',(#9524));
#7666=EDGE_CURVE('',#8035,#9525,#9526,.T.);
#7667=EDGE_CURVE('',#9521,#9525,#9527,.T.);
#7668=FILL_AREA_STYLE('',(#9528));
#7669=EDGE_CURVE('',#8033,#9529,#9530,.T.);
#7670=EDGE_CURVE('',#9525,#9529,#9531,.T.);
#7671=FILL_AREA_STYLE('',(#9532));
#7672=EDGE_CURVE('',#9529,#7977,#9533,.T.);
#7673=FILL_AREA_STYLE('',(#9534));
#7674=EDGE_CURVE('',#9013,#9535,#9536,.T.);
#7675=EDGE_CURVE('',#8955,#9535,#9537,.T.);
#7676=FILL_AREA_STYLE('',(#9538));
#7677=EDGE_CURVE('',#9535,#9479,#9539,.T.);
#7678=FILL_AREA_STYLE('',(#9540));
#7679=EDGE_CURVE('',#9541,#8215,#9542,.T.);
#7680=EDGE_CURVE('',#9151,#9541,#9543,.T.);
#7681=FILL_AREA_STYLE('',(#9544));
#7682=EDGE_CURVE('',#9541,#9161,#9545,.T.);
#7683=FILL_AREA_STYLE('',(#9546));
#7684=EDGE_CURVE('',#9465,#9107,#9547,.T.);
#7685=FILL_AREA_STYLE('',(#9548));
#7686=EDGE_CURVE('',#9473,#9117,#9549,.T.);
#7687=FILL_AREA_STYLE('',(#9550));
#7688=EDGE_CURVE('',#7884,#7885,#9551,.T.);
#7689=FILL_AREA_STYLE('',(#9552));
#7690=EDGE_CURVE('',#7879,#7880,#9553,.T.);
#7691=FILL_AREA_STYLE('',(#9554));
#7692=EDGE_CURVE('',#7874,#7875,#9555,.T.);
#7693=FILL_AREA_STYLE('',(#9556));
#7694=EDGE_CURVE('',#7869,#7870,#9557,.T.);
#7695=FILL_AREA_STYLE('',(#9558));
#7696=EDGE_CURVE('',#9559,#9560,#9561,.T.);
#7697=EDGE_CURVE('',#9562,#9559,#9563,.T.);
#7698=EDGE_CURVE('',#9562,#9564,#9565,.T.);
#7699=EDGE_CURVE('',#9564,#9560,#9566,.T.);
#7700=FILL_AREA_STYLE('',(#9567));
#7701=EDGE_CURVE('',#7861,#9562,#9568,.T.);
#7702=EDGE_CURVE('',#7860,#9559,#9569,.T.);
#7703=FILL_AREA_STYLE('',(#9570));
#7704=EDGE_CURVE('',#7856,#7863,#9571,.T.);
#7705=EDGE_CURVE('',#7854,#7865,#9572,.T.);
#7706=FILL_AREA_STYLE('',(#9573));
#7707=EDGE_CURVE('',#9560,#7852,#9574,.T.);
#7708=EDGE_CURVE('',#9564,#7851,#9575,.T.);
#7709=FILL_AREA_STYLE('',(#9576));
#7710=FILL_AREA_STYLE('',(#9577));
#7711=EDGE_CURVE('',#9578,#9579,#9580,.T.);
#7712=EDGE_CURVE('',#9581,#9578,#9582,.T.);
#7713=EDGE_CURVE('',#9581,#9583,#9584,.T.);
#7714=EDGE_CURVE('',#9583,#9579,#9585,.T.);
#7715=FILL_AREA_STYLE('',(#9586));
#7716=EDGE_CURVE('',#7843,#9581,#9587,.T.);
#7717=EDGE_CURVE('',#7842,#9578,#9588,.T.);
#7718=FILL_AREA_STYLE('',(#9589));
#7719=EDGE_CURVE('',#7838,#7845,#9590,.T.);
#7720=EDGE_CURVE('',#7836,#7847,#9591,.T.);
#7721=FILL_AREA_STYLE('',(#9592));
#7722=EDGE_CURVE('',#9579,#7834,#9593,.T.);
#7723=EDGE_CURVE('',#9583,#7833,#9594,.T.);
#7724=FILL_AREA_STYLE('',(#9595));
#7725=FILL_AREA_STYLE('',(#9596));
#7726=EDGE_CURVE('',#9597,#9598,#9599,.T.);
#7727=EDGE_CURVE('',#9600,#9597,#9601,.T.);
#7728=EDGE_CURVE('',#9602,#9600,#9603,.T.);
#7729=EDGE_CURVE('',#9604,#9602,#9605,.T.);
#7730=EDGE_CURVE('',#9606,#9604,#9607,.T.);
#7731=EDGE_CURVE('',#9598,#9606,#9608,.T.);
#7732=FILL_AREA_STYLE('',(#9609));
#7733=EDGE_CURVE('',#9602,#9610,#9611,.T.);
#7734=EDGE_CURVE('',#9612,#9600,#9613,.T.);
#7735=EDGE_CURVE('',#9610,#9612,#9614,.T.);
#7736=FILL_AREA_STYLE('',(#9615));
#7737=EDGE_CURVE('',#9616,#8164,#9617,.T.);
#7738=EDGE_CURVE('',#9618,#9616,#9619,.T.);
#7739=EDGE_CURVE('',#8166,#9618,#9620,.T.);
#7740=FILL_AREA_STYLE('',(#9621));
#7741=EDGE_CURVE('',#9622,#8162,#9623,.T.);
#7742=EDGE_CURVE('',#9616,#9622,#9624,.T.);
#7743=FILL_AREA_STYLE('',(#9625));
#7744=EDGE_CURVE('',#9626,#8160,#9627,.T.);
#7745=EDGE_CURVE('',#9622,#9626,#9628,.T.);
#7746=FILL_AREA_STYLE('',(#9629));
#7747=EDGE_CURVE('',#9630,#8156,#9631,.T.);
#7748=EDGE_CURVE('',#9632,#9630,#9633,.T.);
#7749=EDGE_CURVE('',#8158,#9632,#9634,.T.);
#7750=FILL_AREA_STYLE('',(#9635));
#7751=EDGE_CURVE('',#9636,#8154,#9637,.T.);
#7752=EDGE_CURVE('',#9630,#9636,#9638,.T.);
#7753=FILL_AREA_STYLE('',(#9639));
#7754=EDGE_CURVE('',#9636,#9023,#9640,.T.);
#7755=FILL_AREA_STYLE('',(#9641));
#7756=EDGE_CURVE('',#9642,#9643,#9644,.T.);
#7757=EDGE_CURVE('',#9645,#9642,#9646,.T.);
#7758=EDGE_CURVE('',#9647,#9645,#9648,.T.);
#7759=EDGE_CURVE('',#9610,#9647,#9649,.T.);
#7760=EDGE_CURVE('',#9643,#9612,#9650,.T.);
#7761=FILL_AREA_STYLE('',(#9651));
#7762=EDGE_CURVE('',#9652,#8173,#9653,.T.);
#7763=EDGE_CURVE('',#9654,#9652,#9655,.T.);
#7764=EDGE_CURVE('',#9654,#8175,#9656,.T.);
#7765=FILL_AREA_STYLE('',(#9657));
#7766=EDGE_CURVE('',#9658,#9654,#9659,.T.);
#7767=EDGE_CURVE('',#9658,#8177,#9660,.T.);
#7768=FILL_AREA_STYLE('',(#9661));
#7769=EDGE_CURVE('',#9662,#9658,#9663,.T.);
#7770=EDGE_CURVE('',#8179,#9662,#9664,.T.);
#7771=FILL_AREA_STYLE('',(#9665));
#7772=EDGE_CURVE('',#9666,#8181,#9667,.T.);
#7773=EDGE_CURVE('',#9101,#9666,#9668,.T.);
#7774=FILL_AREA_STYLE('',(#9669));
#7775=EDGE_CURVE('',#9670,#8242,#9671,.T.);
#7776=EDGE_CURVE('',#9672,#9670,#9673,.T.);
#7777=EDGE_CURVE('',#9672,#9643,#9674,.T.);
#7778=EDGE_CURVE('',#9597,#9675,#9676,.T.);
#7779=EDGE_CURVE('',#9675,#9071,#9677,.T.);
#7780=FILL_AREA_STYLE('',(#9678));
#7781=EDGE_CURVE('',#9679,#9672,#9680,.T.);
#7782=EDGE_CURVE('',#9679,#9642,#9681,.T.);
#7783=FILL_AREA_STYLE('',(#9682));
#7784=EDGE_CURVE('',#9598,#9683,#9684,.T.);
#7785=EDGE_CURVE('',#9683,#9675,#9685,.T.);
#7786=FILL_AREA_STYLE('',(#9686));
#7787=EDGE_CURVE('',#9687,#9679,#9688,.T.);
#7788=EDGE_CURVE('',#9687,#9645,#9689,.T.);
#7789=FILL_AREA_STYLE('',(#9690));
#7790=EDGE_CURVE('',#9606,#9691,#9692,.T.);
#7791=EDGE_CURVE('',#9691,#9683,#9693,.T.);
#7792=FILL_AREA_STYLE('',(#9694));
#7793=EDGE_CURVE('',#9695,#9647,#9696,.T.);
#7794=EDGE_CURVE('',#9697,#9695,#9698,.T.);
#7795=EDGE_CURVE('',#9697,#9699,#9700,.T.);
#7796=EDGE_CURVE('',#9699,#9701,#9702,.T.);
#7797=EDGE_CURVE('',#9604,#9701,#9703,.T.);
#7798=FILL_AREA_STYLE('',(#9704));
#7799=EDGE_CURVE('',#9695,#9687,#9705,.T.);
#7800=FILL_AREA_STYLE('',(#9706));
#7801=EDGE_CURVE('',#9701,#9691,#9707,.T.);
#7802=FILL_AREA_STYLE('',(#9708));
#7803=EDGE_CURVE('',#9709,#9618,#9710,.T.);
#7804=EDGE_CURVE('',#9711,#9709,#9712,.T.);
#7805=EDGE_CURVE('',#9711,#8240,#9713,.T.);
#7806=FILL_AREA_STYLE('',(#9714));
#7807=EDGE_CURVE('',#9626,#9632,#9715,.T.);
#7808=FILL_AREA_STYLE('',(#9716));
#7809=EDGE_CURVE('',#9666,#9662,#9717,.T.);
#7810=FILL_AREA_STYLE('',(#9718));
#7811=EDGE_CURVE('',#9073,#9719,#9720,.T.);
#7812=EDGE_CURVE('',#9652,#9719,#9721,.T.);
#7813=FILL_AREA_STYLE('',(#9722));
#7814=EDGE_CURVE('',#9709,#9049,#9723,.T.);
#7815=FILL_AREA_STYLE('',(#9724));
#7816=EDGE_CURVE('',#9057,#9725,#9726,.T.);
#7817=EDGE_CURVE('',#9725,#9727,#9728,.T.);
#7818=EDGE_CURVE('',#9697,#9727,#9729,.T.);
#7819=EDGE_CURVE('',#9670,#9711,#9730,.T.);
#7820=FILL_AREA_STYLE('',(#9731));
#7821=EDGE_CURVE('',#9055,#9732,#9733,.T.);
#7822=EDGE_CURVE('',#9725,#9732,#9734,.T.);
#7823=FILL_AREA_STYLE('',(#9735));
#7824=EDGE_CURVE('',#9732,#9736,#9737,.T.);
#7825=EDGE_CURVE('',#9727,#9736,#9738,.T.);
#7826=FILL_AREA_STYLE('',(#9739));
#7827=EDGE_CURVE('',#9736,#9699,#9740,.T.);
#7828=FILL_AREA_STYLE('',(#9741));
#7829=FILL_AREA_STYLE('',(#9742));
#7830=EDGE_CURVE('',#9719,#9063,#9743,.T.);
#7831=FILL_AREA_STYLE('',(#9744));
#7832=FILL_AREA_STYLE_COLOUR('',#9745);
#7833=VERTEX_POINT('',#9746);
#7834=VERTEX_POINT('',#9747);
#7835=LINE('',#9748,#9749);
#7836=VERTEX_POINT('',#9750);
#7837=CIRCLE('',#9751,0.500000000000001);
#7838=VERTEX_POINT('',#9752);
#7839=LINE('',#9753,#9754);
#7840=CIRCLE('',#9755,0.500000000000001);
#7841=FILL_AREA_STYLE_COLOUR('',#9756);
#7842=VERTEX_POINT('',#9757);
#7843=VERTEX_POINT('',#9758);
#7844=LINE('',#9759,#9760);
#7845=VERTEX_POINT('',#9761);
#7846=CIRCLE('',#9762,0.5);
#7847=VERTEX_POINT('',#9763);
#7848=LINE('',#9764,#9765);
#7849=CIRCLE('',#9766,0.5);
#7850=FILL_AREA_STYLE_COLOUR('',#9767);
#7851=VERTEX_POINT('',#9768);
#7852=VERTEX_POINT('',#9769);
#7853=LINE('',#9770,#9771);
#7854=VERTEX_POINT('',#9772);
#7855=CIRCLE('',#9773,0.500000000000001);
#7856=VERTEX_POINT('',#9774);
#7857=LINE('',#9775,#9776);
#7858=CIRCLE('',#9777,0.500000000000001);
#7859=FILL_AREA_STYLE_COLOUR('',#9778);
#7860=VERTEX_POINT('',#9779);
#7861=VERTEX_POINT('',#9780);
#7862=LINE('',#9781,#9782);
#7863=VERTEX_POINT('',#9783);
#7864=CIRCLE('',#9784,0.5);
#7865=VERTEX_POINT('',#9785);
#7866=LINE('',#9786,#9787);
#7867=CIRCLE('',#9788,0.5);
#7868=FILL_AREA_STYLE_COLOUR('',#9789);
#7869=VERTEX_POINT('',#9790);
#7870=VERTEX_POINT('',#9791);
#7871=CIRCLE('',#9792,0.6);
#7872=CIRCLE('',#9793,0.565685424949238);
#7873=FILL_AREA_STYLE_COLOUR('',#9794);
#7874=VERTEX_POINT('',#9795);
#7875=VERTEX_POINT('',#9796);
#7876=CIRCLE('',#9797,0.6);
#7877=CIRCLE('',#9798,0.565685424949238);
#7878=FILL_AREA_STYLE_COLOUR('',#9799);
#7879=VERTEX_POINT('',#9800);
#7880=VERTEX_POINT('',#9801);
#7881=CIRCLE('',#9802,0.6);
#7882=CIRCLE('',#9803,0.565685424949238);
#7883=FILL_AREA_STYLE_COLOUR('',#9804);
#7884=VERTEX_POINT('',#9805);
#7885=VERTEX_POINT('',#9806);
#7886=CIRCLE('',#9807,0.6);
#7887=CIRCLE('',#9808,0.565685424949238);
#7888=FILL_AREA_STYLE_COLOUR('',#9809);
#7889=VERTEX_POINT('',#9810);
#7890=VERTEX_POINT('',#9811);
#7891=LINE('',#9812,#9813);
#7892=VERTEX_POINT('',#9814);
#7893=CIRCLE('',#9815,0.15);
#7894=VERTEX_POINT('',#9816);
#7895=LINE('',#9817,#9818);
#7896=VERTEX_POINT('',#9819);
#7897=CIRCLE('',#9820,0.15);
#7898=VERTEX_POINT('',#9821);
#7899=LINE('',#9822,#9823);
#7900=CIRCLE('',#9824,0.15);
#7901=FILL_AREA_STYLE_COLOUR('',#9825);
#7902=VERTEX_POINT('',#9826);
#7903=VERTEX_POINT('',#9827);
#7904=LINE('',#9828,#9829);
#7905=VERTEX_POINT('',#9830);
#7906=CIRCLE('',#9831,0.15);
#7907=VERTEX_POINT('',#9832);
#7908=LINE('',#9833,#9834);
#7909=CIRCLE('',#9835,0.15);
#7910=FILL_AREA_STYLE_COLOUR('',#9836);
#7911=VERTEX_POINT('',#9837);
#7912=VERTEX_POINT('',#9838);
#7913=LINE('',#9839,#9840);
#7914=VERTEX_POINT('',#9841);
#7915=CIRCLE('',#9842,0.15);
#7916=VERTEX_POINT('',#9843);
#7917=LINE('',#9844,#9845);
#7918=CIRCLE('',#9846,0.15);
#7919=FILL_AREA_STYLE_COLOUR('',#9847);
#7920=VERTEX_POINT('',#9848);
#7921=VERTEX_POINT('',#9849);
#7922=LINE('',#9850,#9851);
#7923=VERTEX_POINT('',#9852);
#7924=ELLIPSE('',#9853,0.901525089017591,0.898542404277256);
#7925=VERTEX_POINT('',#9854);
#7926=LINE('',#9855,#9856);
#7927=ELLIPSE('',#9857,0.901525089017591,0.898542404277256);
#7928=FILL_AREA_STYLE_COLOUR('',#9858);
#7929=VERTEX_POINT('',#9859);
#7930=VERTEX_POINT('',#9860);
#7931=LINE('',#9861,#9862);
#7932=VERTEX_POINT('',#9863);
#7933=CIRCLE('',#9864,1.87005183227128);
#7934=VERTEX_POINT('',#9865);
#7935=LINE('',#9866,#9867);
#7936=CIRCLE('',#9868,1.87005183227128);
#7937=FILL_AREA_STYLE_COLOUR('',#9869);
#7938=VERTEX_POINT('',#9870);
#7939=VERTEX_POINT('',#9871);
#7940=LINE('',#9872,#9873);
#7941=VERTEX_POINT('',#9874);
#7942=ELLIPSE('',#9875,0.60361283221562,0.601615786536412);
#7943=VERTEX_POINT('',#9876);
#7944=LINE('',#9877,#9878);
#7945=ELLIPSE('',#9879,0.60361283221562,0.601615786536412);
#7946=FILL_AREA_STYLE_COLOUR('',#9880);
#7947=VERTEX_POINT('',#9881);
#7948=VERTEX_POINT('',#9882);
#7949=LINE('',#9883,#9884);
#7950=VERTEX_POINT('',#9885);
#7951=ELLIPSE('',#9886,0.901525089017591,0.898542404277256);
#7952=VERTEX_POINT('',#9887);
#7953=LINE('',#9888,#9889);
#7954=ELLIPSE('',#9890,0.901525089017591,0.898542404277256);
#7955=FILL_AREA_STYLE_COLOUR('',#9891);
#7956=VERTEX_POINT('',#9892);
#7957=VERTEX_POINT('',#9893);
#7958=LINE('',#9894,#9895);
#7959=VERTEX_POINT('',#9896);
#7960=CIRCLE('',#9897,1.87005183227128);
#7961=VERTEX_POINT('',#9898);
#7962=LINE('',#9899,#9900);
#7963=CIRCLE('',#9901,1.87005183227128);
#7964=FILL_AREA_STYLE_COLOUR('',#9902);
#7965=VERTEX_POINT('',#9903);
#7966=VERTEX_POINT('',#9904);
#7967=LINE('',#9905,#9906);
#7968=VERTEX_POINT('',#9907);
#7969=ELLIPSE('',#9908,0.60361283221562,0.601615786536412);
#7970=VERTEX_POINT('',#9909);
#7971=LINE('',#9910,#9911);
#7972=ELLIPSE('',#9912,0.60361283221562,0.601615786536412);
#7973=FILL_AREA_STYLE_COLOUR('',#9913);
#7974=VERTEX_POINT('',#9914);
#7975=VERTEX_POINT('',#9915);
#7976=LINE('',#9916,#9917);
#7977=VERTEX_POINT('',#9918);
#7978=CIRCLE('',#9919,0.150000000000001);
#7979=VERTEX_POINT('',#9920);
#7980=LINE('',#9921,#9922);
#7981=VERTEX_POINT('',#9923);
#7982=CIRCLE('',#9924,0.150000000000001);
#7983=VERTEX_POINT('',#9925);
#7984=LINE('',#9926,#9927);
#7985=CIRCLE('',#9928,0.150000000000001);
#7986=FILL_AREA_STYLE_COLOUR('',#9929);
#7987=VERTEX_POINT('',#9930);
#7988=LINE('',#9931,#9932);
#7989=VERTEX_POINT('',#9933);
#7990=LINE('',#9934,#9935);
#7991=VERTEX_POINT('',#9936);
#7992=LINE('',#9937,#9938);
#7993=VERTEX_POINT('',#9939);
#7994=LINE('',#9940,#9941);
#7995=LINE('',#9942,#9943);
#7996=FILL_AREA_STYLE_COLOUR('',#9944);
#7997=VERTEX_POINT('',#9945);
#7998=LINE('',#9946,#9947);
#7999=VERTEX_POINT('',#9948);
#8000=LINE('',#9949,#9950);
#8001=LINE('',#9951,#9952);
#8002=FILL_AREA_STYLE_COLOUR('',#9953);
#8003=VERTEX_POINT('',#9954);
#8004=VERTEX_POINT('',#9955);
#8005=LINE('',#9956,#9957);
#8006=VERTEX_POINT('',#9958);
#8007=LINE('',#9959,#9960);
#8008=VERTEX_POINT('',#9961);
#8009=LINE('',#9962,#9963);
#8010=LINE('',#9964,#9965);
#8011=FILL_AREA_STYLE_COLOUR('',#9966);
#8012=VERTEX_POINT('',#9967);
#8013=VERTEX_POINT('',#9968);
#8014=LINE('',#9969,#9970);
#8015=VERTEX_POINT('',#9971);
#8016=LINE('',#9972,#9973);
#8017=VERTEX_POINT('',#9974);
#8018=LINE('',#9975,#9976);
#8019=VERTEX_POINT('',#9977);
#8020=LINE('',#9978,#9979);
#8021=VERTEX_POINT('',#9980);
#8022=LINE('',#9981,#9982);
#8023=VERTEX_POINT('',#9983);
#8024=LINE('',#9984,#9985);
#8025=VERTEX_POINT('',#9986);
#8026=LINE('',#9987,#9988);
#8027=VERTEX_POINT('',#9989);
#8028=CIRCLE('',#9990,0.5);
#8029=VERTEX_POINT('',#9991);
#8030=LINE('',#9992,#9993);
#8031=CIRCLE('',#9994,0.500000000000001);
#8032=FILL_AREA_STYLE_COLOUR('',#9995);
#8033=VERTEX_POINT('',#9996);
#8034=LINE('',#9997,#9998);
#8035=VERTEX_POINT('',#9999);
#8036=LINE('',#10000,#10001);
#8037=VERTEX_POINT('',#10002);
#8038=LINE('',#10003,#10004);
#8039=VERTEX_POINT('',#10005);
#8040=LINE('',#10006,#10007);
#8041=VERTEX_POINT('',#10008);
#8042=LINE('',#10009,#10010);
#8043=VERTEX_POINT('',#10011);
#8044=LINE('',#10012,#10013);
#8045=LINE('',#10014,#10015);
#8046=VERTEX_POINT('',#10016);
#8047=LINE('',#10017,#10018);
#8048=VERTEX_POINT('',#10019);
#8049=LINE('',#10020,#10021);
#8050=VERTEX_POINT('',#10022);
#8051=LINE('',#10023,#10024);
#8052=VERTEX_POINT('',#10025);
#8053=LINE('',#10026,#10027);
#8054=VERTEX_POINT('',#10028);
#8055=LINE('',#10029,#10030);
#8056=LINE('',#10031,#10032);
#8057=FILL_AREA_STYLE_COLOUR('',#10033);
#8058=VERTEX_POINT('',#10034);
#8059=VERTEX_POINT('',#10035);
#8060=LINE('',#10036,#10037);
#8061=VERTEX_POINT('',#10038);
#8062=LINE('',#10039,#10040);
#8063=VERTEX_POINT('',#10041);
#8064=LINE('',#10042,#10043);
#8065=LINE('',#10044,#10045);
#8066=FILL_AREA_STYLE_COLOUR('',#10046);
#8067=VERTEX_POINT('',#10047);
#8068=VERTEX_POINT('',#10048);
#8069=LINE('',#10049,#10050);
#8070=VERTEX_POINT('',#10051);
#8071=LINE('',#10052,#10053);
#8072=VERTEX_POINT('',#10054);
#8073=LINE('',#10055,#10056);
#8074=CIRCLE('',#10057,0.6);
#8075=VERTEX_POINT('',#10058);
#8076=VERTEX_POINT('',#10059);
#8077=LINE('',#10060,#10061);
#8078=VERTEX_POINT('',#10062);
#8079=LINE('',#10063,#10064);
#8080=VERTEX_POINT('',#10065);
#8081=LINE('',#10066,#10067);
#8082=CIRCLE('',#10068,0.6);
#8083=VERTEX_POINT('',#10069);
#8084=VERTEX_POINT('',#10070);
#8085=LINE('',#10071,#10072);
#8086=VERTEX_POINT('',#10073);
#8087=LINE('',#10074,#10075);
#8088=VERTEX_POINT('',#10076);
#8089=LINE('',#10077,#10078);
#8090=CIRCLE('',#10079,0.6);
#8091=VERTEX_POINT('',#10080);
#8092=VERTEX_POINT('',#10081);
#8093=LINE('',#10082,#10083);
#8094=VERTEX_POINT('',#10084);
#8095=LINE('',#10085,#10086);
#8096=VERTEX_POINT('',#10087);
#8097=LINE('',#10088,#10089);
#8098=LINE('',#10090,#10091);
#8099=VERTEX_POINT('',#10092);
#8100=VERTEX_POINT('',#10093);
#8101=LINE('',#10094,#10095);
#8102=VERTEX_POINT('',#10096);
#8103=LINE('',#10097,#10098);
#8104=VERTEX_POINT('',#10099);
#8105=LINE('',#10100,#10101);
#8106=LINE('',#10102,#10103);
#8107=VERTEX_POINT('',#10104);
#8108=VERTEX_POINT('',#10105);
#8109=LINE('',#10106,#10107);
#8110=VERTEX_POINT('',#10108);
#8111=LINE('',#10109,#10110);
#8112=VERTEX_POINT('',#10111);
#8113=LINE('',#10112,#10113);
#8114=LINE('',#10114,#10115);
#8115=VERTEX_POINT('',#10116);
#8116=VERTEX_POINT('',#10117);
#8117=LINE('',#10118,#10119);
#8118=VERTEX_POINT('',#10120);
#8119=LINE('',#10121,#10122);
#8120=VERTEX_POINT('',#10123);
#8121=LINE('',#10124,#10125);
#8122=LINE('',#10126,#10127);
#8123=VERTEX_POINT('',#10128);
#8124=VERTEX_POINT('',#10129);
#8125=LINE('',#10130,#10131);
#8126=VERTEX_POINT('',#10132);
#8127=LINE('',#10133,#10134);
#8128=VERTEX_POINT('',#10135);
#8129=LINE('',#10136,#10137);
#8130=LINE('',#10138,#10139);
#8131=VERTEX_POINT('',#10140);
#8132=VERTEX_POINT('',#10141);
#8133=LINE('',#10142,#10143);
#8134=VERTEX_POINT('',#10144);
#8135=LINE('',#10145,#10146);
#8136=VERTEX_POINT('',#10147);
#8137=LINE('',#10148,#10149);
#8138=LINE('',#10150,#10151);
#8139=VERTEX_POINT('',#10152);
#8140=VERTEX_POINT('',#10153);
#8141=LINE('',#10154,#10155);
#8142=VERTEX_POINT('',#10156);
#8143=LINE('',#10157,#10158);
#8144=VERTEX_POINT('',#10159);
#8145=LINE('',#10160,#10161);
#8146=VERTEX_POINT('',#10162);
#8147=LINE('',#10163,#10164);
#8148=VERTEX_POINT('',#10165);
#8149=LINE('',#10166,#10167);
#8150=VERTEX_POINT('',#10168);
#8151=LINE('',#10169,#10170);
#8152=VERTEX_POINT('',#10171);
#8153=LINE('',#10172,#10173);
#8154=VERTEX_POINT('',#10174);
#8155=LINE('',#10175,#10176);
#8156=VERTEX_POINT('',#10177);
#8157=CIRCLE('',#10178,0.500000000000001);
#8158=VERTEX_POINT('',#10179);
#8159=LINE('',#10180,#10181);
#8160=VERTEX_POINT('',#10182);
#8161=LINE('',#10183,#10184);
#8162=VERTEX_POINT('',#10185);
#8163=LINE('',#10186,#10187);
#8164=VERTEX_POINT('',#10188);
#8165=CIRCLE('',#10189,0.65);
#8166=VERTEX_POINT('',#10190);
#8167=LINE('',#10191,#10192);
#8168=VERTEX_POINT('',#10193);
#8169=LINE('',#10194,#10195);
#8170=LINE('',#10196,#10197);
#8171=VERTEX_POINT('',#10198);
#8172=LINE('',#10199,#10200);
#8173=VERTEX_POINT('',#10201);
#8174=LINE('',#10202,#10203);
#8175=VERTEX_POINT('',#10204);
#8176=LINE('',#10205,#10206);
#8177=VERTEX_POINT('',#10207);
#8178=CIRCLE('',#10208,0.65);
#8179=VERTEX_POINT('',#10209);
#8180=LINE('',#10210,#10211);
#8181=VERTEX_POINT('',#10212);
#8182=LINE('',#10213,#10214);
#8183=VERTEX_POINT('',#10215);
#8184=LINE('',#10216,#10217);
#8185=VERTEX_POINT('',#10218);
#8186=CIRCLE('',#10219,0.500000000000002);
#8187=VERTEX_POINT('',#10220);
#8188=LINE('',#10221,#10222);
#8189=VERTEX_POINT('',#10223);
#8190=LINE('',#10224,#10225);
#8191=VERTEX_POINT('',#10226);
#8192=LINE('',#10227,#10228);
#8193=VERTEX_POINT('',#10229);
#8194=LINE('',#10230,#10231);
#8195=VERTEX_POINT('',#10232);
#8196=LINE('',#10233,#10234);
#8197=VERTEX_POINT('',#10235);
#8198=LINE('',#10236,#10237);
#8199=VERTEX_POINT('',#10238);
#8200=LINE('',#10239,#10240);
#8201=VERTEX_POINT('',#10241);
#8202=LINE('',#10242,#10243);
#8203=LINE('',#10244,#10245);
#8204=LINE('',#10246,#10247);
#8205=FILL_AREA_STYLE_COLOUR('',#10248);
#8206=VERTEX_POINT('',#10249);
#8207=VERTEX_POINT('',#10250);
#8208=LINE('',#10251,#10252);
#8209=VERTEX_POINT('',#10253);
#8210=LINE('',#10254,#10255);
#8211=VERTEX_POINT('',#10256);
#8212=LINE('',#10257,#10258);
#8213=LINE('',#10259,#10260);
#8214=VERTEX_POINT('',#10261);
#8215=VERTEX_POINT('',#10262);
#8216=LINE('',#10263,#10264);
#8217=VERTEX_POINT('',#10265);
#8218=LINE('',#10266,#10267);
#8219=VERTEX_POINT('',#10268);
#8220=LINE('',#10269,#10270);
#8221=LINE('',#10271,#10272);
#8222=FILL_AREA_STYLE_COLOUR('',#10273);
#8223=VERTEX_POINT('',#10274);
#8224=VERTEX_POINT('',#10275);
#8225=LINE('',#10276,#10277);
#8226=VERTEX_POINT('',#10278);
#8227=LINE('',#10279,#10280);
#8228=VERTEX_POINT('',#10281);
#8229=LINE('',#10282,#10283);
#8230=LINE('',#10284,#10285);
#8231=VERTEX_POINT('',#10286);
#8232=VERTEX_POINT('',#10287);
#8233=LINE('',#10288,#10289);
#8234=VERTEX_POINT('',#10290);
#8235=LINE('',#10291,#10292);
#8236=VERTEX_POINT('',#10293);
#8237=LINE('',#10294,#10295);
#8238=LINE('',#10296,#10297);
#8239=FILL_AREA_STYLE_COLOUR('',#10298);
#8240=VERTEX_POINT('',#10299);
#8241=LINE('',#10300,#10301);
#8242=VERTEX_POINT('',#10302);
#8243=CIRCLE('',#10303,0.25);
#8244=LINE('',#10304,#10305);
#8245=FILL_AREA_STYLE_COLOUR('',#10306);
#8246=VERTEX_POINT('',#10307);
#8247=VERTEX_POINT('',#10308);
#8248=LINE('',#10309,#10310);
#8249=VERTEX_POINT('',#10311);
#8250=LINE('',#10312,#10313);
#8251=VERTEX_POINT('',#10314);
#8252=LINE('',#10315,#10316);
#8253=LINE('',#10317,#10318);
#8254=VERTEX_POINT('',#10319);
#8255=VERTEX_POINT('',#10320);
#8256=LINE('',#10321,#10322);
#8257=VERTEX_POINT('',#10323);
#8258=LINE('',#10324,#10325);
#8259=VERTEX_POINT('',#10326);
#8260=LINE('',#10327,#10328);
#8261=LINE('',#10329,#10330);
#8262=FILL_AREA_STYLE_COLOUR('',#10331);
#8263=VERTEX_POINT('',#10332);
#8264=VERTEX_POINT('',#10333);
#8265=LINE('',#10334,#10335);
#8266=VERTEX_POINT('',#10336);
#8267=LINE('',#10337,#10338);
#8268=VERTEX_POINT('',#10339);
#8269=LINE('',#10340,#10341);
#8270=LINE('',#10342,#10343);
#8271=VERTEX_POINT('',#10344);
#8272=VERTEX_POINT('',#10345);
#8273=LINE('',#10346,#10347);
#8274=VERTEX_POINT('',#10348);
#8275=LINE('',#10349,#10350);
#8276=VERTEX_POINT('',#10351);
#8277=LINE('',#10352,#10353);
#8278=LINE('',#10354,#10355);
#8279=FILL_AREA_STYLE_COLOUR('',#10356);
#8280=VERTEX_POINT('',#10357);
#8281=VERTEX_POINT('',#10358);
#8282=LINE('',#10359,#10360);
#8283=VERTEX_POINT('',#10361);
#8284=LINE('',#10362,#10363);
#8285=VERTEX_POINT('',#10364);
#8286=LINE('',#10365,#10366);
#8287=LINE('',#10367,#10368);
#8288=VERTEX_POINT('',#10369);
#8289=VERTEX_POINT('',#10370);
#8290=LINE('',#10371,#10372);
#8291=VERTEX_POINT('',#10373);
#8292=LINE('',#10374,#10375);
#8293=VERTEX_POINT('',#10376);
#8294=LINE('',#10377,#10378);
#8295=LINE('',#10379,#10380);
#8296=FILL_AREA_STYLE_COLOUR('',#10381);
#8297=VERTEX_POINT('',#10382);
#8298=LINE('',#10383,#10384);
#8299=VERTEX_POINT('',#10385);
#8300=CIRCLE('',#10386,0.25);
#8301=LINE('',#10387,#10388);
#8302=FILL_AREA_STYLE_COLOUR('',#10389);
#8303=VERTEX_POINT('',#10390);
#8304=VERTEX_POINT('',#10391);
#8305=LINE('',#10392,#10393);
#8306=VERTEX_POINT('',#10394);
#8307=LINE('',#10395,#10396);
#8308=VERTEX_POINT('',#10397);
#8309=LINE('',#10398,#10399);
#8310=LINE('',#10400,#10401);
#8311=VERTEX_POINT('',#10402);
#8312=VERTEX_POINT('',#10403);
#8313=LINE('',#10404,#10405);
#8314=VERTEX_POINT('',#10406);
#8315=LINE('',#10407,#10408);
#8316=VERTEX_POINT('',#10409);
#8317=LINE('',#10410,#10411);
#8318=LINE('',#10412,#10413);
#8319=FILL_AREA_STYLE_COLOUR('',#10414);
#8320=VERTEX_POINT('',#10415);
#8321=LINE('',#10416,#10417);
#8322=VERTEX_POINT('',#10418);
#8323=LINE('',#10419,#10420);
#8324=VERTEX_POINT('',#10421);
#8325=LINE('',#10422,#10423);
#8326=VERTEX_POINT('',#10424);
#8327=LINE('',#10425,#10426);
#8328=LINE('',#10427,#10428);
#8329=FILL_AREA_STYLE_COLOUR('',#10429);
#8330=VERTEX_POINT('',#10430);
#8331=LINE('',#10431,#10432);
#8332=LINE('',#10433,#10434);
#8333=FILL_AREA_STYLE_COLOUR('',#10435);
#8334=VERTEX_POINT('',#10436);
#8335=VERTEX_POINT('',#10437);
#8336=LINE('',#10438,#10439);
#8337=LINE('',#10440,#10441);
#8338=LINE('',#10442,#10443);
#8339=FILL_AREA_STYLE_COLOUR('',#10444);
#8340=LINE('',#10445,#10446);
#8341=FILL_AREA_STYLE_COLOUR('',#10447);
#8342=VERTEX_POINT('',#10448);
#8343=LINE('',#10449,#10450);
#8344=LINE('',#10451,#10452);
#8345=FILL_AREA_STYLE_COLOUR('',#10453);
#8346=LINE('',#10454,#10455);
#8347=FILL_AREA_STYLE_COLOUR('',#10456);
#8348=FILL_AREA_STYLE_COLOUR('',#10457);
#8349=VERTEX_POINT('',#10458);
#8350=LINE('',#10459,#10460);
#8351=VERTEX_POINT('',#10461);
#8352=LINE('',#10462,#10463);
#8353=VERTEX_POINT('',#10464);
#8354=LINE('',#10465,#10466);
#8355=VERTEX_POINT('',#10467);
#8356=LINE('',#10468,#10469);
#8357=LINE('',#10470,#10471);
#8358=FILL_AREA_STYLE_COLOUR('',#10472);
#8359=VERTEX_POINT('',#10473);
#8360=LINE('',#10474,#10475);
#8361=LINE('',#10476,#10477);
#8362=FILL_AREA_STYLE_COLOUR('',#10478);
#8363=VERTEX_POINT('',#10479);
#8364=VERTEX_POINT('',#10480);
#8365=LINE('',#10481,#10482);
#8366=LINE('',#10483,#10484);
#8367=LINE('',#10485,#10486);
#8368=FILL_AREA_STYLE_COLOUR('',#10487);
#8369=LINE('',#10488,#10489);
#8370=FILL_AREA_STYLE_COLOUR('',#10490);
#8371=VERTEX_POINT('',#10491);
#8372=LINE('',#10492,#10493);
#8373=LINE('',#10494,#10495);
#8374=FILL_AREA_STYLE_COLOUR('',#10496);
#8375=LINE('',#10497,#10498);
#8376=FILL_AREA_STYLE_COLOUR('',#10499);
#8377=FILL_AREA_STYLE_COLOUR('',#10500);
#8378=VERTEX_POINT('',#10501);
#8379=LINE('',#10502,#10503);
#8380=VERTEX_POINT('',#10504);
#8381=LINE('',#10505,#10506);
#8382=VERTEX_POINT('',#10507);
#8383=LINE('',#10508,#10509);
#8384=VERTEX_POINT('',#10510);
#8385=LINE('',#10511,#10512);
#8386=LINE('',#10513,#10514);
#8387=FILL_AREA_STYLE_COLOUR('',#10515);
#8388=VERTEX_POINT('',#10516);
#8389=LINE('',#10517,#10518);
#8390=LINE('',#10519,#10520);
#8391=FILL_AREA_STYLE_COLOUR('',#10521);
#8392=VERTEX_POINT('',#10522);
#8393=VERTEX_POINT('',#10523);
#8394=LINE('',#10524,#10525);
#8395=LINE('',#10526,#10527);
#8396=LINE('',#10528,#10529);
#8397=FILL_AREA_STYLE_COLOUR('',#10530);
#8398=LINE('',#10531,#10532);
#8399=FILL_AREA_STYLE_COLOUR('',#10533);
#8400=VERTEX_POINT('',#10534);
#8401=LINE('',#10535,#10536);
#8402=LINE('',#10537,#10538);
#8403=FILL_AREA_STYLE_COLOUR('',#10539);
#8404=LINE('',#10540,#10541);
#8405=FILL_AREA_STYLE_COLOUR('',#10542);
#8406=FILL_AREA_STYLE_COLOUR('',#10543);
#8407=VERTEX_POINT('',#10544);
#8408=LINE('',#10545,#10546);
#8409=VERTEX_POINT('',#10547);
#8410=LINE('',#10548,#10549);
#8411=VERTEX_POINT('',#10550);
#8412=LINE('',#10551,#10552);
#8413=VERTEX_POINT('',#10553);
#8414=LINE('',#10554,#10555);
#8415=LINE('',#10556,#10557);
#8416=FILL_AREA_STYLE_COLOUR('',#10558);
#8417=VERTEX_POINT('',#10559);
#8418=LINE('',#10560,#10561);
#8419=LINE('',#10562,#10563);
#8420=FILL_AREA_STYLE_COLOUR('',#10564);
#8421=VERTEX_POINT('',#10565);
#8422=VERTEX_POINT('',#10566);
#8423=LINE('',#10567,#10568);
#8424=LINE('',#10569,#10570);
#8425=LINE('',#10571,#10572);
#8426=FILL_AREA_STYLE_COLOUR('',#10573);
#8427=LINE('',#10574,#10575);
#8428=FILL_AREA_STYLE_COLOUR('',#10576);
#8429=VERTEX_POINT('',#10577);
#8430=LINE('',#10578,#10579);
#8431=LINE('',#10580,#10581);
#8432=FILL_AREA_STYLE_COLOUR('',#10582);
#8433=LINE('',#10583,#10584);
#8434=FILL_AREA_STYLE_COLOUR('',#10585);
#8435=FILL_AREA_STYLE_COLOUR('',#10586);
#8436=VERTEX_POINT('',#10587);
#8437=VERTEX_POINT('',#10588);
#8438=LINE('',#10589,#10590);
#8439=VERTEX_POINT('',#10591);
#8440=LINE('',#10592,#10593);
#8441=VERTEX_POINT('',#10594);
#8442=LINE('',#10595,#10596);
#8443=LINE('',#10597,#10598);
#8444=FILL_AREA_STYLE_COLOUR('',#10599);
#8445=VERTEX_POINT('',#10600);
#8446=LINE('',#10601,#10602);
#8447=VERTEX_POINT('',#10603);
#8448=CIRCLE('',#10604,0.499999999999999);
#8449=VERTEX_POINT('',#10605);
#8450=LINE('',#10606,#10607);
#8451=VERTEX_POINT('',#10608);
#8452=LINE('',#10609,#10610);
#8453=VERTEX_POINT('',#10611);
#8454=LINE('',#10612,#10613);
#8455=VERTEX_POINT('',#10614);
#8456=CIRCLE('',#10615,0.749999999999994);
#8457=LINE('',#10616,#10617);
#8458=FILL_AREA_STYLE_COLOUR('',#10618);
#8459=VERTEX_POINT('',#10619);
#8460=LINE('',#10620,#10621);
#8461=VERTEX_POINT('',#10622);
#8462=LINE('',#10623,#10624);
#8463=LINE('',#10625,#10626);
#8464=FILL_AREA_STYLE_COLOUR('',#10627);
#8465=VERTEX_POINT('',#10628);
#8466=LINE('',#10629,#10630);
#8467=VERTEX_POINT('',#10631);
#8468=LINE('',#10632,#10633);
#8469=LINE('',#10634,#10635);
#8470=FILL_AREA_STYLE_COLOUR('',#10636);
#8471=VERTEX_POINT('',#10637);
#8472=CIRCLE('',#10638,0.749999999999994);
#8473=LINE('',#10639,#10640);
#8474=FILL_AREA_STYLE_COLOUR('',#10641);
#8475=VERTEX_POINT('',#10642);
#8476=LINE('',#10643,#10644);
#8477=LINE('',#10645,#10646);
#8478=FILL_AREA_STYLE_COLOUR('',#10647);
#8479=CIRCLE('',#10648,0.499999999999999);
#8480=FILL_AREA_STYLE_COLOUR('',#10649);
#8481=LINE('',#10650,#10651);
#8482=LINE('',#10652,#10653);
#8483=FILL_AREA_STYLE_COLOUR('',#10654);
#8484=VERTEX_POINT('',#10655);
#8485=VERTEX_POINT('',#10656);
#8486=LINE('',#10657,#10658);
#8487=VERTEX_POINT('',#10659);
#8488=LINE('',#10660,#10661);
#8489=VERTEX_POINT('',#10662);
#8490=LINE('',#10663,#10664);
#8491=LINE('',#10665,#10666);
#8492=VERTEX_POINT('',#10667);
#8493=VERTEX_POINT('',#10668);
#8494=LINE('',#10669,#10670);
#8495=VERTEX_POINT('',#10671);
#8496=LINE('',#10672,#10673);
#8497=VERTEX_POINT('',#10674);
#8498=LINE('',#10675,#10676);
#8499=LINE('',#10677,#10678);
#8500=VERTEX_POINT('',#10679);
#8501=VERTEX_POINT('',#10680);
#8502=LINE('',#10681,#10682);
#8503=VERTEX_POINT('',#10683);
#8504=LINE('',#10684,#10685);
#8505=VERTEX_POINT('',#10686);
#8506=LINE('',#10687,#10688);
#8507=LINE('',#10689,#10690);
#8508=FILL_AREA_STYLE_COLOUR('',#10691);
#8509=VERTEX_POINT('',#10692);
#8510=LINE('',#10693,#10694);
#8511=VERTEX_POINT('',#10695);
#8512=LINE('',#10696,#10697);
#8513=LINE('',#10698,#10699);
#8514=FILL_AREA_STYLE_COLOUR('',#10700);
#8515=VERTEX_POINT('',#10701);
#8516=CIRCLE('',#10702,0.499999999999999);
#8517=LINE('',#10703,#10704);
#8518=VERTEX_POINT('',#10705);
#8519=LINE('',#10706,#10707);
#8520=VERTEX_POINT('',#10708);
#8521=CIRCLE('',#10709,0.749999999999994);
#8522=LINE('',#10710,#10711);
#8523=FILL_AREA_STYLE_COLOUR('',#10712);
#8524=VERTEX_POINT('',#10713);
#8525=LINE('',#10714,#10715);
#8526=LINE('',#10716,#10717);
#8527=FILL_AREA_STYLE_COLOUR('',#10718);
#8528=VERTEX_POINT('',#10719);
#8529=LINE('',#10720,#10721);
#8530=LINE('',#10722,#10723);
#8531=FILL_AREA_STYLE_COLOUR('',#10724);
#8532=VERTEX_POINT('',#10725);
#8533=CIRCLE('',#10726,0.749999999999994);
#8534=LINE('',#10727,#10728);
#8535=FILL_AREA_STYLE_COLOUR('',#10729);
#8536=LINE('',#10730,#10731);
#8537=FILL_AREA_STYLE_COLOUR('',#10732);
#8538=CIRCLE('',#10733,0.499999999999999);
#8539=FILL_AREA_STYLE_COLOUR('',#10734);
#8540=FILL_AREA_STYLE_COLOUR('',#10735);
#8541=VERTEX_POINT('',#10736);
#8542=VERTEX_POINT('',#10737);
#8543=LINE('',#10738,#10739);
#8544=VERTEX_POINT('',#10740);
#8545=LINE('',#10741,#10742);
#8546=VERTEX_POINT('',#10743);
#8547=LINE('',#10744,#10745);
#8548=LINE('',#10746,#10747);
#8549=FILL_AREA_STYLE_COLOUR('',#10748);
#8550=VERTEX_POINT('',#10749);
#8551=LINE('',#10750,#10751);
#8552=VERTEX_POINT('',#10752);
#8553=CIRCLE('',#10753,0.499999999999999);
#8554=VERTEX_POINT('',#10754);
#8555=LINE('',#10755,#10756);
#8556=VERTEX_POINT('',#10757);
#8557=LINE('',#10758,#10759);
#8558=VERTEX_POINT('',#10760);
#8559=LINE('',#10761,#10762);
#8560=VERTEX_POINT('',#10763);
#8561=CIRCLE('',#10764,0.749999999999994);
#8562=LINE('',#10765,#10766);
#8563=FILL_AREA_STYLE_COLOUR('',#10767);
#8564=VERTEX_POINT('',#10768);
#8565=LINE('',#10769,#10770);
#8566=VERTEX_POINT('',#10771);
#8567=LINE('',#10772,#10773);
#8568=LINE('',#10774,#10775);
#8569=FILL_AREA_STYLE_COLOUR('',#10776);
#8570=VERTEX_POINT('',#10777);
#8571=LINE('',#10778,#10779);
#8572=VERTEX_POINT('',#10780);
#8573=LINE('',#10781,#10782);
#8574=LINE('',#10783,#10784);
#8575=FILL_AREA_STYLE_COLOUR('',#10785);
#8576=VERTEX_POINT('',#10786);
#8577=CIRCLE('',#10787,0.749999999999994);
#8578=LINE('',#10788,#10789);
#8579=FILL_AREA_STYLE_COLOUR('',#10790);
#8580=VERTEX_POINT('',#10791);
#8581=LINE('',#10792,#10793);
#8582=LINE('',#10794,#10795);
#8583=FILL_AREA_STYLE_COLOUR('',#10796);
#8584=CIRCLE('',#10797,0.499999999999999);
#8585=FILL_AREA_STYLE_COLOUR('',#10798);
#8586=LINE('',#10799,#10800);
#8587=LINE('',#10801,#10802);
#8588=FILL_AREA_STYLE_COLOUR('',#10803);
#8589=VERTEX_POINT('',#10804);
#8590=VERTEX_POINT('',#10805);
#8591=LINE('',#10806,#10807);
#8592=VERTEX_POINT('',#10808);
#8593=LINE('',#10809,#10810);
#8594=VERTEX_POINT('',#10811);
#8595=LINE('',#10812,#10813);
#8596=LINE('',#10814,#10815);
#8597=VERTEX_POINT('',#10816);
#8598=VERTEX_POINT('',#10817);
#8599=LINE('',#10818,#10819);
#8600=VERTEX_POINT('',#10820);
#8601=LINE('',#10821,#10822);
#8602=VERTEX_POINT('',#10823);
#8603=LINE('',#10824,#10825);
#8604=LINE('',#10826,#10827);
#8605=VERTEX_POINT('',#10828);
#8606=VERTEX_POINT('',#10829);
#8607=LINE('',#10830,#10831);
#8608=VERTEX_POINT('',#10832);
#8609=LINE('',#10833,#10834);
#8610=VERTEX_POINT('',#10835);
#8611=LINE('',#10836,#10837);
#8612=LINE('',#10838,#10839);
#8613=FILL_AREA_STYLE_COLOUR('',#10840);
#8614=VERTEX_POINT('',#10841);
#8615=LINE('',#10842,#10843);
#8616=VERTEX_POINT('',#10844);
#8617=LINE('',#10845,#10846);
#8618=LINE('',#10847,#10848);
#8619=FILL_AREA_STYLE_COLOUR('',#10849);
#8620=VERTEX_POINT('',#10850);
#8621=CIRCLE('',#10851,0.499999999999999);
#8622=LINE('',#10852,#10853);
#8623=VERTEX_POINT('',#10854);
#8624=LINE('',#10855,#10856);
#8625=VERTEX_POINT('',#10857);
#8626=CIRCLE('',#10858,0.749999999999994);
#8627=LINE('',#10859,#10860);
#8628=FILL_AREA_STYLE_COLOUR('',#10861);
#8629=VERTEX_POINT('',#10862);
#8630=LINE('',#10863,#10864);
#8631=LINE('',#10865,#10866);
#8632=FILL_AREA_STYLE_COLOUR('',#10867);
#8633=VERTEX_POINT('',#10868);
#8634=LINE('',#10869,#10870);
#8635=LINE('',#10871,#10872);
#8636=FILL_AREA_STYLE_COLOUR('',#10873);
#8637=VERTEX_POINT('',#10874);
#8638=CIRCLE('',#10875,0.749999999999994);
#8639=LINE('',#10876,#10877);
#8640=FILL_AREA_STYLE_COLOUR('',#10878);
#8641=LINE('',#10879,#10880);
#8642=FILL_AREA_STYLE_COLOUR('',#10881);
#8643=CIRCLE('',#10882,0.499999999999999);
#8644=FILL_AREA_STYLE_COLOUR('',#10883);
#8645=FILL_AREA_STYLE_COLOUR('',#10884);
#8646=LINE('',#10885,#10886);
#8647=VERTEX_POINT('',#10887);
#8648=LINE('',#10888,#10889);
#8649=VERTEX_POINT('',#10890);
#8650=LINE('',#10891,#10892);
#8651=LINE('',#10893,#10894);
#8652=FILL_AREA_STYLE_COLOUR('',#10895);
#8653=VERTEX_POINT('',#10896);
#8654=LINE('',#10897,#10898);
#8655=LINE('',#10899,#10900);
#8656=FILL_AREA_STYLE_COLOUR('',#10901);
#8657=VERTEX_POINT('',#10902);
#8658=LINE('',#10903,#10904);
#8659=LINE('',#10905,#10906);
#8660=FILL_AREA_STYLE_COLOUR('',#10907);
#8661=LINE('',#10908,#10909);
#8662=FILL_AREA_STYLE_COLOUR('',#10910);
#8663=LINE('',#10911,#10912);
#8664=FILL_AREA_STYLE_COLOUR('',#10913);
#8665=VERTEX_POINT('',#10914);
#8666=VERTEX_POINT('',#10915);
#8667=LINE('',#10916,#10917);
#8668=VERTEX_POINT('',#10918);
#8669=LINE('',#10919,#10920);
#8670=VERTEX_POINT('',#10921);
#8671=LINE('',#10922,#10923);
#8672=LINE('',#10924,#10925);
#8673=FILL_AREA_STYLE_COLOUR('',#10926);
#8674=VERTEX_POINT('',#10927);
#8675=LINE('',#10928,#10929);
#8676=VERTEX_POINT('',#10930);
#8677=LINE('',#10931,#10932);
#8678=LINE('',#10933,#10934);
#8679=LINE('',#10935,#10936);
#8680=FILL_AREA_STYLE_COLOUR('',#10937);
#8681=VERTEX_POINT('',#10938);
#8682=LINE('',#10939,#10940);
#8683=LINE('',#10941,#10942);
#8684=FILL_AREA_STYLE_COLOUR('',#10943);
#8685=VERTEX_POINT('',#10944);
#8686=LINE('',#10945,#10946);
#8687=LINE('',#10947,#10948);
#8688=FILL_AREA_STYLE_COLOUR('',#10949);
#8689=VERTEX_POINT('',#10950);
#8690=LINE('',#10951,#10952);
#8691=LINE('',#10953,#10954);
#8692=FILL_AREA_STYLE_COLOUR('',#10955);
#8693=VERTEX_POINT('',#10956);
#8694=LINE('',#10957,#10958);
#8695=LINE('',#10959,#10960);
#8696=LINE('',#10961,#10962);
#8697=FILL_AREA_STYLE_COLOUR('',#10963);
#8698=VERTEX_POINT('',#10964);
#8699=LINE('',#10965,#10966);
#8700=LINE('',#10967,#10968);
#8701=FILL_AREA_STYLE_COLOUR('',#10969);
#8702=VERTEX_POINT('',#10970);
#8703=LINE('',#10971,#10972);
#8704=LINE('',#10973,#10974);
#8705=FILL_AREA_STYLE_COLOUR('',#10975);
#8706=VERTEX_POINT('',#10976);
#8707=LINE('',#10977,#10978);
#8708=LINE('',#10979,#10980);
#8709=FILL_AREA_STYLE_COLOUR('',#10981);
#8710=VERTEX_POINT('',#10982);
#8711=LINE('',#10983,#10984);
#8712=LINE('',#10985,#10986);
#8713=FILL_AREA_STYLE_COLOUR('',#10987);
#8714=VERTEX_POINT('',#10988);
#8715=LINE('',#10989,#10990);
#8716=LINE('',#10991,#10992);
#8717=FILL_AREA_STYLE_COLOUR('',#10993);
#8718=LINE('',#10994,#10995);
#8719=LINE('',#10996,#10997);
#8720=FILL_AREA_STYLE_COLOUR('',#10998);
#8721=FILL_AREA_STYLE_COLOUR('',#10999);
#8722=VERTEX_POINT('',#11000);
#8723=LINE('',#11001,#11002);
#8724=VERTEX_POINT('',#11003);
#8725=LINE('',#11004,#11005);
#8726=VERTEX_POINT('',#11006);
#8727=LINE('',#11007,#11008);
#8728=LINE('',#11009,#11010);
#8729=FILL_AREA_STYLE_COLOUR('',#11011);
#8730=VERTEX_POINT('',#11012);
#8731=LINE('',#11013,#11014);
#8732=LINE('',#11015,#11016);
#8733=FILL_AREA_STYLE_COLOUR('',#11017);
#8734=VERTEX_POINT('',#11018);
#8735=VERTEX_POINT('',#11019);
#8736=LINE('',#11020,#11021);
#8737=LINE('',#11022,#11023);
#8738=LINE('',#11024,#11025);
#8739=FILL_AREA_STYLE_COLOUR('',#11026);
#8740=LINE('',#11027,#11028);
#8741=FILL_AREA_STYLE_COLOUR('',#11029);
#8742=LINE('',#11030,#11031);
#8743=FILL_AREA_STYLE_COLOUR('',#11032);
#8744=FILL_AREA_STYLE_COLOUR('',#11033);
#8745=VERTEX_POINT('',#11034);
#8746=LINE('',#11035,#11036);
#8747=VERTEX_POINT('',#11037);
#8748=LINE('',#11038,#11039);
#8749=VERTEX_POINT('',#11040);
#8750=LINE('',#11041,#11042);
#8751=LINE('',#11043,#11044);
#8752=FILL_AREA_STYLE_COLOUR('',#11045);
#8753=VERTEX_POINT('',#11046);
#8754=LINE('',#11047,#11048);
#8755=LINE('',#11049,#11050);
#8756=FILL_AREA_STYLE_COLOUR('',#11051);
#8757=VERTEX_POINT('',#11052);
#8758=VERTEX_POINT('',#11053);
#8759=LINE('',#11054,#11055);
#8760=LINE('',#11056,#11057);
#8761=LINE('',#11058,#11059);
#8762=FILL_AREA_STYLE_COLOUR('',#11060);
#8763=LINE('',#11061,#11062);
#8764=FILL_AREA_STYLE_COLOUR('',#11063);
#8765=LINE('',#11064,#11065);
#8766=FILL_AREA_STYLE_COLOUR('',#11066);
#8767=FILL_AREA_STYLE_COLOUR('',#11067);
#8768=VERTEX_POINT('',#11068);
#8769=LINE('',#11069,#11070);
#8770=VERTEX_POINT('',#11071);
#8771=LINE('',#11072,#11073);
#8772=VERTEX_POINT('',#11074);
#8773=LINE('',#11075,#11076);
#8774=LINE('',#11077,#11078);
#8775=FILL_AREA_STYLE_COLOUR('',#11079);
#8776=VERTEX_POINT('',#11080);
#8777=LINE('',#11081,#11082);
#8778=LINE('',#11083,#11084);
#8779=FILL_AREA_STYLE_COLOUR('',#11085);
#8780=VERTEX_POINT('',#11086);
#8781=VERTEX_POINT('',#11087);
#8782=LINE('',#11088,#11089);
#8783=LINE('',#11090,#11091);
#8784=LINE('',#11092,#11093);
#8785=FILL_AREA_STYLE_COLOUR('',#11094);
#8786=LINE('',#11095,#11096);
#8787=FILL_AREA_STYLE_COLOUR('',#11097);
#8788=LINE('',#11098,#11099);
#8789=FILL_AREA_STYLE_COLOUR('',#11100);
#8790=FILL_AREA_STYLE_COLOUR('',#11101);
#8791=VERTEX_POINT('',#11102);
#8792=LINE('',#11103,#11104);
#8793=VERTEX_POINT('',#11105);
#8794=LINE('',#11106,#11107);
#8795=VERTEX_POINT('',#11108);
#8796=LINE('',#11109,#11110);
#8797=LINE('',#11111,#11112);
#8798=FILL_AREA_STYLE_COLOUR('',#11113);
#8799=VERTEX_POINT('',#11114);
#8800=LINE('',#11115,#11116);
#8801=LINE('',#11117,#11118);
#8802=FILL_AREA_STYLE_COLOUR('',#11119);
#8803=VERTEX_POINT('',#11120);
#8804=VERTEX_POINT('',#11121);
#8805=LINE('',#11122,#11123);
#8806=LINE('',#11124,#11125);
#8807=LINE('',#11126,#11127);
#8808=FILL_AREA_STYLE_COLOUR('',#11128);
#8809=LINE('',#11129,#11130);
#8810=FILL_AREA_STYLE_COLOUR('',#11131);
#8811=LINE('',#11132,#11133);
#8812=FILL_AREA_STYLE_COLOUR('',#11134);
#8813=FILL_AREA_STYLE_COLOUR('',#11135);
#8814=VERTEX_POINT('',#11136);
#8815=LINE('',#11137,#11138);
#8816=VERTEX_POINT('',#11139);
#8817=LINE('',#11140,#11141);
#8818=VERTEX_POINT('',#11142);
#8819=LINE('',#11143,#11144);
#8820=LINE('',#11145,#11146);
#8821=FILL_AREA_STYLE_COLOUR('',#11147);
#8822=VERTEX_POINT('',#11148);
#8823=LINE('',#11149,#11150);
#8824=LINE('',#11151,#11152);
#8825=FILL_AREA_STYLE_COLOUR('',#11153);
#8826=VERTEX_POINT('',#11154);
#8827=VERTEX_POINT('',#11155);
#8828=LINE('',#11156,#11157);
#8829=LINE('',#11158,#11159);
#8830=LINE('',#11160,#11161);
#8831=FILL_AREA_STYLE_COLOUR('',#11162);
#8832=LINE('',#11163,#11164);
#8833=FILL_AREA_STYLE_COLOUR('',#11165);
#8834=LINE('',#11166,#11167);
#8835=FILL_AREA_STYLE_COLOUR('',#11168);
#8836=FILL_AREA_STYLE_COLOUR('',#11169);
#8837=VERTEX_POINT('',#11170);
#8838=LINE('',#11171,#11172);
#8839=VERTEX_POINT('',#11173);
#8840=LINE('',#11174,#11175);
#8841=VERTEX_POINT('',#11176);
#8842=LINE('',#11177,#11178);
#8843=LINE('',#11179,#11180);
#8844=FILL_AREA_STYLE_COLOUR('',#11181);
#8845=VERTEX_POINT('',#11182);
#8846=LINE('',#11183,#11184);
#8847=LINE('',#11185,#11186);
#8848=FILL_AREA_STYLE_COLOUR('',#11187);
#8849=VERTEX_POINT('',#11188);
#8850=VERTEX_POINT('',#11189);
#8851=LINE('',#11190,#11191);
#8852=LINE('',#11192,#11193);
#8853=LINE('',#11194,#11195);
#8854=FILL_AREA_STYLE_COLOUR('',#11196);
#8855=LINE('',#11197,#11198);
#8856=FILL_AREA_STYLE_COLOUR('',#11199);
#8857=LINE('',#11200,#11201);
#8858=FILL_AREA_STYLE_COLOUR('',#11202);
#8859=FILL_AREA_STYLE_COLOUR('',#11203);
#8860=VERTEX_POINT('',#11204);
#8861=LINE('',#11205,#11206);
#8862=VERTEX_POINT('',#11207);
#8863=LINE('',#11208,#11209);
#8864=LINE('',#11210,#11211);
#8865=FILL_AREA_STYLE_COLOUR('',#11212);
#8866=VERTEX_POINT('',#11213);
#8867=LINE('',#11214,#11215);
#8868=LINE('',#11216,#11217);
#8869=FILL_AREA_STYLE_COLOUR('',#11218);
#8870=VERTEX_POINT('',#11219);
#8871=LINE('',#11220,#11221);
#8872=LINE('',#11222,#11223);
#8873=FILL_AREA_STYLE_COLOUR('',#11224);
#8874=LINE('',#11225,#11226);
#8875=FILL_AREA_STYLE_COLOUR('',#11227);
#8876=FILL_AREA_STYLE_COLOUR('',#11228);
#8877=VERTEX_POINT('',#11229);
#8878=LINE('',#11230,#11231);
#8879=VERTEX_POINT('',#11232);
#8880=LINE('',#11233,#11234);
#8881=LINE('',#11235,#11236);
#8882=FILL_AREA_STYLE_COLOUR('',#11237);
#8883=VERTEX_POINT('',#11238);
#8884=LINE('',#11239,#11240);
#8885=LINE('',#11241,#11242);
#8886=FILL_AREA_STYLE_COLOUR('',#11243);
#8887=VERTEX_POINT('',#11244);
#8888=LINE('',#11245,#11246);
#8889=LINE('',#11247,#11248);
#8890=FILL_AREA_STYLE_COLOUR('',#11249);
#8891=LINE('',#11250,#11251);
#8892=FILL_AREA_STYLE_COLOUR('',#11252);
#8893=FILL_AREA_STYLE_COLOUR('',#11253);
#8894=VERTEX_POINT('',#11254);
#8895=LINE('',#11255,#11256);
#8896=VERTEX_POINT('',#11257);
#8897=LINE('',#11258,#11259);
#8898=LINE('',#11260,#11261);
#8899=FILL_AREA_STYLE_COLOUR('',#11262);
#8900=VERTEX_POINT('',#11263);
#8901=LINE('',#11264,#11265);
#8902=LINE('',#11266,#11267);
#8903=FILL_AREA_STYLE_COLOUR('',#11268);
#8904=VERTEX_POINT('',#11269);
#8905=LINE('',#11270,#11271);
#8906=CIRCLE('',#11272,0.6);
#8907=FILL_AREA_STYLE_COLOUR('',#11273);
#8908=LINE('',#11274,#11275);
#8909=FILL_AREA_STYLE_COLOUR('',#11276);
#8910=FILL_AREA_STYLE_COLOUR('',#11277);
#8911=VERTEX_POINT('',#11278);
#8912=LINE('',#11279,#11280);
#8913=VERTEX_POINT('',#11281);
#8914=LINE('',#11282,#11283);
#8915=LINE('',#11284,#11285);
#8916=FILL_AREA_STYLE_COLOUR('',#11286);
#8917=VERTEX_POINT('',#11287);
#8918=LINE('',#11288,#11289);
#8919=LINE('',#11290,#11291);
#8920=FILL_AREA_STYLE_COLOUR('',#11292);
#8921=VERTEX_POINT('',#11293);
#8922=LINE('',#11294,#11295);
#8923=CIRCLE('',#11296,0.6);
#8924=FILL_AREA_STYLE_COLOUR('',#11297);
#8925=LINE('',#11298,#11299);
#8926=FILL_AREA_STYLE_COLOUR('',#11300);
#8927=FILL_AREA_STYLE_COLOUR('',#11301);
#8928=VERTEX_POINT('',#11302);
#8929=LINE('',#11303,#11304);
#8930=VERTEX_POINT('',#11305);
#8931=LINE('',#11306,#11307);
#8932=LINE('',#11308,#11309);
#8933=FILL_AREA_STYLE_COLOUR('',#11310);
#8934=VERTEX_POINT('',#11311);
#8935=LINE('',#11312,#11313);
#8936=LINE('',#11314,#11315);
#8937=FILL_AREA_STYLE_COLOUR('',#11316);
#8938=VERTEX_POINT('',#11317);
#8939=LINE('',#11318,#11319);
#8940=CIRCLE('',#11320,0.6);
#8941=FILL_AREA_STYLE_COLOUR('',#11321);
#8942=LINE('',#11322,#11323);
#8943=FILL_AREA_STYLE_COLOUR('',#11324);
#8944=FILL_AREA_STYLE_COLOUR('',#11325);
#8945=VERTEX_POINT('',#11326);
#8946=LINE('',#11327,#11328);
#8947=LINE('',#11329,#11330);
#8948=FILL_AREA_STYLE_COLOUR('',#11331);
#8949=VERTEX_POINT('',#11332);
#8950=LINE('',#11333,#11334);
#8951=LINE('',#11335,#11336);
#8952=FILL_AREA_STYLE_COLOUR('',#11337);
#8953=VERTEX_POINT('',#11338);
#8954=CIRCLE('',#11339,0.150000000000001);
#8955=VERTEX_POINT('',#11340);
#8956=LINE('',#11341,#11342);
#8957=CIRCLE('',#11343,0.150000000000001);
#8958=FILL_AREA_STYLE_COLOUR('',#11344);
#8959=VERTEX_POINT('',#11345);
#8960=LINE('',#11346,#11347);
#8961=VERTEX_POINT('',#11348);
#8962=LINE('',#11349,#11350);
#8963=VERTEX_POINT('',#11351);
#8964=LINE('',#11352,#11353);
#8965=LINE('',#11354,#11355);
#8966=FILL_AREA_STYLE_COLOUR('',#11356);
#8967=VERTEX_POINT('',#11357);
#8968=LINE('',#11358,#11359);
#8969=CIRCLE('',#11360,0.500000000000001);
#8970=FILL_AREA_STYLE_COLOUR('',#11361);
#8971=VERTEX_POINT('',#11362);
#8972=LINE('',#11363,#11364);
#8973=LINE('',#11365,#11366);
#8974=FILL_AREA_STYLE_COLOUR('',#11367);
#8975=VERTEX_POINT('',#11368);
#8976=LINE('',#11369,#11370);
#8977=CIRCLE('',#11371,0.5);
#8978=FILL_AREA_STYLE_COLOUR('',#11372);
#8979=VERTEX_POINT('',#11373);
#8980=CIRCLE('',#11374,0.15);
#8981=VERTEX_POINT('',#11375);
#8982=LINE('',#11376,#11377);
#8983=VERTEX_POINT('',#11378);
#8984=LINE('',#11379,#11380);
#8985=VERTEX_POINT('',#11381);
#8986=LINE('',#11382,#11383);
#8987=VERTEX_POINT('',#11384);
#8988=LINE('',#11385,#11386);
#8989=VERTEX_POINT('',#11387);
#8990=LINE('',#11388,#11389);
#8991=VERTEX_POINT('',#11390);
#8992=LINE('',#11391,#11392);
#8993=LINE('',#11393,#11394);
#8994=VERTEX_POINT('',#11395);
#8995=CIRCLE('',#11396,0.15);
#8996=VERTEX_POINT('',#11397);
#8997=LINE('',#11398,#11399);
#8998=LINE('',#11400,#11401);
#8999=FILL_AREA_STYLE_COLOUR('',#11402);
#9000=VERTEX_POINT('',#11403);
#9001=LINE('',#11404,#11405);
#9002=CIRCLE('',#11406,0.15);
#9003=VERTEX_POINT('',#11407);
#9004=LINE('',#11408,#11409);
#9005=VERTEX_POINT('',#11410);
#9006=LINE('',#11411,#11412);
#9007=VERTEX_POINT('',#11413);
#9008=LINE('',#11414,#11415);
#9009=VERTEX_POINT('',#11416);
#9010=LINE('',#11417,#11418);
#9011=VERTEX_POINT('',#11419);
#9012=LINE('',#11420,#11421);
#9013=VERTEX_POINT('',#11422);
#9014=LINE('',#11423,#11424);
#9015=LINE('',#11425,#11426);
#9016=FILL_AREA_STYLE_COLOUR('',#11427);
#9017=VERTEX_POINT('',#11428);
#9018=LINE('',#11429,#11430);
#9019=LINE('',#11431,#11432);
#9020=FILL_AREA_STYLE_COLOUR('',#11433);
#9021=VERTEX_POINT('',#11434);
#9022=LINE('',#11435,#11436);
#9023=VERTEX_POINT('',#11437);
#9024=LINE('',#11438,#11439);
#9025=LINE('',#11440,#11441);
#9026=FILL_AREA_STYLE_COLOUR('',#11442);
#9027=VERTEX_POINT('',#11443);
#9028=LINE('',#11444,#11445);
#9029=LINE('',#11446,#11447);
#9030=FILL_AREA_STYLE_COLOUR('',#11448);
#9031=VERTEX_POINT('',#11449);
#9032=LINE('',#11450,#11451);
#9033=LINE('',#11452,#11453);
#9034=FILL_AREA_STYLE_COLOUR('',#11454);
#9035=VERTEX_POINT('',#11455);
#9036=LINE('',#11456,#11457);
#9037=LINE('',#11458,#11459);
#9038=FILL_AREA_STYLE_COLOUR('',#11460);
#9039=VERTEX_POINT('',#11461);
#9040=LINE('',#11462,#11463);
#9041=LINE('',#11464,#11465);
#9042=FILL_AREA_STYLE_COLOUR('',#11466);
#9043=VERTEX_POINT('',#11467);
#9044=LINE('',#11468,#11469);
#9045=LINE('',#11470,#11471);
#9046=FILL_AREA_STYLE_COLOUR('',#11472);
#9047=VERTEX_POINT('',#11473);
#9048=LINE('',#11474,#11475);
#9049=VERTEX_POINT('',#11476);
#9050=LINE('',#11477,#11478);
#9051=LINE('',#11479,#11480);
#9052=FILL_AREA_STYLE_COLOUR('',#11481);
#9053=VERTEX_POINT('',#11482);
#9054=LINE('',#11483,#11484);
#9055=VERTEX_POINT('',#11485);
#9056=LINE('',#11486,#11487);
#9057=VERTEX_POINT('',#11488);
#9058=LINE('',#11489,#11490);
#9059=LINE('',#11491,#11492);
#9060=FILL_AREA_STYLE_COLOUR('',#11493);
#9061=VERTEX_POINT('',#11494);
#9062=LINE('',#11495,#11496);
#9063=VERTEX_POINT('',#11497);
#9064=LINE('',#11498,#11499);
#9065=LINE('',#11500,#11501);
#9066=FILL_AREA_STYLE_COLOUR('',#11502);
#9067=VERTEX_POINT('',#11503);
#9068=LINE('',#11504,#11505);
#9069=LINE('',#11506,#11507);
#9070=FILL_AREA_STYLE_COLOUR('',#11508);
#9071=VERTEX_POINT('',#11509);
#9072=LINE('',#11510,#11511);
#9073=VERTEX_POINT('',#11512);
#9074=CIRCLE('',#11513,0.25);
#9075=LINE('',#11514,#11515);
#9076=FILL_AREA_STYLE_COLOUR('',#11516);
#9077=VERTEX_POINT('',#11517);
#9078=LINE('',#11518,#11519);
#9079=LINE('',#11520,#11521);
#9080=FILL_AREA_STYLE_COLOUR('',#11522);
#9081=VERTEX_POINT('',#11523);
#9082=LINE('',#11524,#11525);
#9083=LINE('',#11526,#11527);
#9084=FILL_AREA_STYLE_COLOUR('',#11528);
#9085=VERTEX_POINT('',#11529);
#9086=LINE('',#11530,#11531);
#9087=LINE('',#11532,#11533);
#9088=FILL_AREA_STYLE_COLOUR('',#11534);
#9089=VERTEX_POINT('',#11535);
#9090=LINE('',#11536,#11537);
#9091=LINE('',#11538,#11539);
#9092=FILL_AREA_STYLE_COLOUR('',#11540);
#9093=VERTEX_POINT('',#11541);
#9094=LINE('',#11542,#11543);
#9095=LINE('',#11544,#11545);
#9096=FILL_AREA_STYLE_COLOUR('',#11546);
#9097=VERTEX_POINT('',#11547);
#9098=LINE('',#11548,#11549);
#9099=LINE('',#11550,#11551);
#9100=FILL_AREA_STYLE_COLOUR('',#11552);
#9101=VERTEX_POINT('',#11553);
#9102=LINE('',#11554,#11555);
#9103=CIRCLE('',#11556,0.500000000000002);
#9104=FILL_AREA_STYLE_COLOUR('',#11557);
#9105=VERTEX_POINT('',#11558);
#9106=LINE('',#11559,#11560);
#9107=VERTEX_POINT('',#11561);
#9108=LINE('',#11562,#11563);
#9109=LINE('',#11564,#11565);
#9110=FILL_AREA_STYLE_COLOUR('',#11566);
#9111=VERTEX_POINT('',#11567);
#9112=LINE('',#11568,#11569);
#9113=LINE('',#11570,#11571);
#9114=FILL_AREA_STYLE_COLOUR('',#11572);
#9115=VERTEX_POINT('',#11573);
#9116=LINE('',#11574,#11575);
#9117=VERTEX_POINT('',#11576);
#9118=LINE('',#11577,#11578);
#9119=LINE('',#11579,#11580);
#9120=FILL_AREA_STYLE_COLOUR('',#11581);
#9121=VERTEX_POINT('',#11582);
#9122=LINE('',#11583,#11584);
#9123=LINE('',#11585,#11586);
#9124=FILL_AREA_STYLE_COLOUR('',#11587);
#9125=VERTEX_POINT('',#11588);
#9126=LINE('',#11589,#11590);
#9127=VERTEX_POINT('',#11591);
#9128=LINE('',#11592,#11593);
#9129=LINE('',#11594,#11595);
#9130=FILL_AREA_STYLE_COLOUR('',#11596);
#9131=VERTEX_POINT('',#11597);
#9132=LINE('',#11598,#11599);
#9133=LINE('',#11600,#11601);
#9134=FILL_AREA_STYLE_COLOUR('',#11602);
#9135=VERTEX_POINT('',#11603);
#9136=LINE('',#11604,#11605);
#9137=VERTEX_POINT('',#11606);
#9138=LINE('',#11607,#11608);
#9139=LINE('',#11609,#11610);
#9140=FILL_AREA_STYLE_COLOUR('',#11611);
#9141=VERTEX_POINT('',#11612);
#9142=LINE('',#11613,#11614);
#9143=LINE('',#11615,#11616);
#9144=FILL_AREA_STYLE_COLOUR('',#11617);
#9145=VERTEX_POINT('',#11618);
#9146=LINE('',#11619,#11620);
#9147=VERTEX_POINT('',#11621);
#9148=LINE('',#11622,#11623);
#9149=LINE('',#11624,#11625);
#9150=FILL_AREA_STYLE_COLOUR('',#11626);
#9151=VERTEX_POINT('',#11627);
#9152=LINE('',#11628,#11629);
#9153=VERTEX_POINT('',#11630);
#9154=LINE('',#11631,#11632);
#9155=LINE('',#11633,#11634);
#9156=FILL_AREA_STYLE_COLOUR('',#11635);
#9157=VERTEX_POINT('',#11636);
#9158=LINE('',#11637,#11638);
#9159=LINE('',#11639,#11640);
#9160=FILL_AREA_STYLE_COLOUR('',#11641);
#9161=VERTEX_POINT('',#11642);
#9162=LINE('',#11643,#11644);
#9163=LINE('',#11645,#11646);
#9164=FILL_AREA_STYLE_COLOUR('',#11647);
#9165=VERTEX_POINT('',#11648);
#9166=LINE('',#11649,#11650);
#9167=LINE('',#11651,#11652);
#9168=FILL_AREA_STYLE_COLOUR('',#11653);
#9169=LINE('',#11654,#11655);
#9170=FILL_AREA_STYLE_COLOUR('',#11656);
#9171=VERTEX_POINT('',#11657);
#9172=VERTEX_POINT('',#11658);
#9173=LINE('',#11659,#11660);
#9174=VERTEX_POINT('',#11661);
#9175=LINE('',#11662,#11663);
#9176=VERTEX_POINT('',#11664);
#9177=LINE('',#11665,#11666);
#9178=LINE('',#11667,#11668);
#9179=FILL_AREA_STYLE_COLOUR('',#11669);
#9180=VERTEX_POINT('',#11670);
#9181=LINE('',#11671,#11672);
#9182=LINE('',#11673,#11674);
#9183=VERTEX_POINT('',#11675);
#9184=CIRCLE('',#11676,1.87005183227128);
#9185=VERTEX_POINT('',#11677);
#9186=LINE('',#11678,#11679);
#9187=CIRCLE('',#11680,1.80437554621447);
#9188=FILL_AREA_STYLE_COLOUR('',#11681);
#9189=VERTEX_POINT('',#11682);
#9190=LINE('',#11683,#11684);
#9191=VERTEX_POINT('',#11685);
#9192=CIRCLE('',#11686,1.80437554621447);
#9193=VERTEX_POINT('',#11687);
#9194=LINE('',#11688,#11689);
#9195=CIRCLE('',#11690,1.87005183227128);
#9196=LINE('',#11691,#11692);
#9197=FILL_AREA_STYLE_COLOUR('',#11693);
#9198=VERTEX_POINT('',#11694);
#9199=LINE('',#11695,#11696);
#9200=VERTEX_POINT('',#11697);
#9201=ELLIPSE('',#11698,0.60361283221562,0.601615786536412);
#9202=VERTEX_POINT('',#11699);
#9203=LINE('',#11700,#11701);
#9204=ELLIPSE('',#11702,2.0066389404131,1.99999999999997);
#9205=VERTEX_POINT('',#11703);
#9206=ELLIPSE('',#11704,1.91361398573681,1.90728281724946);
#9207=LINE('',#11705,#11706);
#9208=VERTEX_POINT('',#11707);
#9209=ELLIPSE('',#11708,0.901525089017591,0.898542404277256);
#9210=VERTEX_POINT('',#11709);
#9211=LINE('',#11710,#11711);
#9212=LINE('',#11712,#11713);
#9213=FILL_AREA_STYLE_COLOUR('',#11714);
#9214=VERTEX_POINT('',#11715);
#9215=ELLIPSE('',#11716,0.637867757176335,0.5);
#9216=VERTEX_POINT('',#11717);
#9217=ELLIPSE('',#11718,0.637867757176335,0.5);
#9218=LINE('',#11719,#11720);
#9219=FILL_AREA_STYLE_COLOUR('',#11721);
#9220=VERTEX_POINT('',#11722);
#9221=LINE('',#11723,#11724);
#9222=VERTEX_POINT('',#11725);
#9223=LINE('',#11726,#11727);
#9224=LINE('',#11728,#11729);
#9225=FILL_AREA_STYLE_COLOUR('',#11730);
#9226=VERTEX_POINT('',#11731);
#9227=ELLIPSE('',#11732,0.637867757176335,0.5);
#9228=VERTEX_POINT('',#11733);
#9229=ELLIPSE('',#11734,0.637867757176335,0.5);
#9230=LINE('',#11735,#11736);
#9231=FILL_AREA_STYLE_COLOUR('',#11737);
#9232=LINE('',#11738,#11739);
#9233=VERTEX_POINT('',#11740);
#9234=LINE('',#11741,#11742);
#9235=ELLIPSE('',#11743,0.901525089017591,0.898542404277256);
#9236=VERTEX_POINT('',#11744);
#9237=LINE('',#11745,#11746);
#9238=ELLIPSE('',#11747,1.91361398573681,1.90728281724946);
#9239=VERTEX_POINT('',#11748);
#9240=ELLIPSE('',#11749,2.0066389404131,1.99999999999997);
#9241=VERTEX_POINT('',#11750);
#9242=LINE('',#11751,#11752);
#9243=ELLIPSE('',#11753,0.60361283221562,0.601615786536412);
#9244=FILL_AREA_STYLE_COLOUR('',#11754);
#9245=LINE('',#11755,#11756);
#9246=FILL_AREA_STYLE_COLOUR('',#11757);
#9247=LINE('',#11758,#11759);
#9248=FILL_AREA_STYLE_COLOUR('',#11760);
#9249=LINE('',#11761,#11762);
#9250=FILL_AREA_STYLE_COLOUR('',#11763);
#9251=LINE('',#11764,#11765);
#9252=FILL_AREA_STYLE_COLOUR('',#11766);
#9253=FILL_AREA_STYLE_COLOUR('',#11767);
#9254=LINE('',#11768,#11769);
#9255=FILL_AREA_STYLE_COLOUR('',#11770);
#9256=FILL_AREA_STYLE_COLOUR('',#11771);
#9257=LINE('',#11772,#11773);
#9258=FILL_AREA_STYLE_COLOUR('',#11774);
#9259=LINE('',#11775,#11776);
#9260=FILL_AREA_STYLE_COLOUR('',#11777);
#9261=FILL_AREA_STYLE_COLOUR('',#11778);
#9262=FILL_AREA_STYLE_COLOUR('',#11779);
#9263=VERTEX_POINT('',#11780);
#9264=VERTEX_POINT('',#11781);
#9265=LINE('',#11782,#11783);
#9266=VERTEX_POINT('',#11784);
#9267=LINE('',#11785,#11786);
#9268=VERTEX_POINT('',#11787);
#9269=LINE('',#11788,#11789);
#9270=LINE('',#11790,#11791);
#9271=FILL_AREA_STYLE_COLOUR('',#11792);
#9272=VERTEX_POINT('',#11793);
#9273=LINE('',#11794,#11795);
#9274=LINE('',#11796,#11797);
#9275=VERTEX_POINT('',#11798);
#9276=CIRCLE('',#11799,1.87005183227128);
#9277=VERTEX_POINT('',#11800);
#9278=LINE('',#11801,#11802);
#9279=CIRCLE('',#11803,1.80437554621447);
#9280=FILL_AREA_STYLE_COLOUR('',#11804);
#9281=VERTEX_POINT('',#11805);
#9282=LINE('',#11806,#11807);
#9283=VERTEX_POINT('',#11808);
#9284=CIRCLE('',#11809,1.80437554621447);
#9285=VERTEX_POINT('',#11810);
#9286=LINE('',#11811,#11812);
#9287=CIRCLE('',#11813,1.87005183227128);
#9288=LINE('',#11814,#11815);
#9289=FILL_AREA_STYLE_COLOUR('',#11816);
#9290=VERTEX_POINT('',#11817);
#9291=LINE('',#11818,#11819);
#9292=VERTEX_POINT('',#11820);
#9293=ELLIPSE('',#11821,0.60361283221562,0.601615786536412);
#9294=VERTEX_POINT('',#11822);
#9295=LINE('',#11823,#11824);
#9296=ELLIPSE('',#11825,2.0066389404131,1.99999999999997);
#9297=VERTEX_POINT('',#11826);
#9298=ELLIPSE('',#11827,1.91361398573681,1.90728281724946);
#9299=LINE('',#11828,#11829);
#9300=VERTEX_POINT('',#11830);
#9301=ELLIPSE('',#11831,0.901525089017591,0.898542404277256);
#9302=VERTEX_POINT('',#11832);
#9303=LINE('',#11833,#11834);
#9304=LINE('',#11835,#11836);
#9305=FILL_AREA_STYLE_COLOUR('',#11837);
#9306=VERTEX_POINT('',#11838);
#9307=ELLIPSE('',#11839,0.637867757176335,0.5);
#9308=VERTEX_POINT('',#11840);
#9309=ELLIPSE('',#11841,0.637867757176335,0.5);
#9310=LINE('',#11842,#11843);
#9311=FILL_AREA_STYLE_COLOUR('',#11844);
#9312=VERTEX_POINT('',#11845);
#9313=LINE('',#11846,#11847);
#9314=VERTEX_POINT('',#11848);
#9315=LINE('',#11849,#11850);
#9316=LINE('',#11851,#11852);
#9317=FILL_AREA_STYLE_COLOUR('',#11853);
#9318=VERTEX_POINT('',#11854);
#9319=ELLIPSE('',#11855,0.637867757176335,0.5);
#9320=VERTEX_POINT('',#11856);
#9321=ELLIPSE('',#11857,0.637867757176335,0.5);
#9322=LINE('',#11858,#11859);
#9323=FILL_AREA_STYLE_COLOUR('',#11860);
#9324=LINE('',#11861,#11862);
#9325=VERTEX_POINT('',#11863);
#9326=LINE('',#11864,#11865);
#9327=ELLIPSE('',#11866,0.901525089017591,0.898542404277256);
#9328=VERTEX_POINT('',#11867);
#9329=LINE('',#11868,#11869);
#9330=ELLIPSE('',#11870,1.91361398573681,1.90728281724946);
#9331=VERTEX_POINT('',#11871);
#9332=ELLIPSE('',#11872,2.0066389404131,1.99999999999997);
#9333=VERTEX_POINT('',#11873);
#9334=LINE('',#11874,#11875);
#9335=ELLIPSE('',#11876,0.60361283221562,0.601615786536412);
#9336=FILL_AREA_STYLE_COLOUR('',#11877);
#9337=LINE('',#11878,#11879);
#9338=FILL_AREA_STYLE_COLOUR('',#11880);
#9339=LINE('',#11881,#11882);
#9340=FILL_AREA_STYLE_COLOUR('',#11883);
#9341=LINE('',#11884,#11885);
#9342=FILL_AREA_STYLE_COLOUR('',#11886);
#9343=LINE('',#11887,#11888);
#9344=FILL_AREA_STYLE_COLOUR('',#11889);
#9345=FILL_AREA_STYLE_COLOUR('',#11890);
#9346=LINE('',#11891,#11892);
#9347=FILL_AREA_STYLE_COLOUR('',#11893);
#9348=FILL_AREA_STYLE_COLOUR('',#11894);
#9349=LINE('',#11895,#11896);
#9350=FILL_AREA_STYLE_COLOUR('',#11897);
#9351=LINE('',#11898,#11899);
#9352=FILL_AREA_STYLE_COLOUR('',#11900);
#9353=FILL_AREA_STYLE_COLOUR('',#11901);
#9354=FILL_AREA_STYLE_COLOUR('',#11902);
#9355=VERTEX_POINT('',#11903);
#9356=VERTEX_POINT('',#11904);
#9357=LINE('',#11905,#11906);
#9358=VERTEX_POINT('',#11907);
#9359=CIRCLE('',#11908,0.5);
#9360=VERTEX_POINT('',#11909);
#9361=LINE('',#11910,#11911);
#9362=CIRCLE('',#11912,0.5);
#9363=FILL_AREA_STYLE_COLOUR('',#11913);
#9364=LINE('',#11914,#11915);
#9365=VERTEX_POINT('',#11916);
#9366=CIRCLE('',#11917,0.2);
#9367=VERTEX_POINT('',#11918);
#9368=LINE('',#11919,#11920);
#9369=VERTEX_POINT('',#11921);
#9370=LINE('',#11922,#11923);
#9371=LINE('',#11924,#11925);
#9372=FILL_AREA_STYLE_COLOUR('',#11926);
#9373=VERTEX_POINT('',#11927);
#9374=LINE('',#11928,#11929);
#9375=VERTEX_POINT('',#11930);
#9376=LINE('',#11931,#11932);
#9377=VERTEX_POINT('',#11933);
#9378=LINE('',#11934,#11935);
#9379=LINE('',#11936,#11937);
#9380=FILL_AREA_STYLE_COLOUR('',#11938);
#9381=LINE('',#11939,#11940);
#9382=VERTEX_POINT('',#11941);
#9383=LINE('',#11942,#11943);
#9384=VERTEX_POINT('',#11944);
#9385=LINE('',#11945,#11946);
#9386=VERTEX_POINT('',#11947);
#9387=LINE('',#11948,#11949);
#9388=CIRCLE('',#11950,0.2);
#9389=FILL_AREA_STYLE_COLOUR('',#11951);
#9390=VERTEX_POINT('',#11952);
#9391=LINE('',#11953,#11954);
#9392=VERTEX_POINT('',#11955);
#9393=LINE('',#11956,#11957);
#9394=VERTEX_POINT('',#11958);
#9395=LINE('',#11959,#11960);
#9396=LINE('',#11961,#11962);
#9397=FILL_AREA_STYLE_COLOUR('',#11963);
#9398=LINE('',#11964,#11965);
#9399=FILL_AREA_STYLE_COLOUR('',#11966);
#9400=LINE('',#11967,#11968);
#9401=FILL_AREA_STYLE_COLOUR('',#11969);
#9402=LINE('',#11970,#11971);
#9403=FILL_AREA_STYLE_COLOUR('',#11972);
#9404=LINE('',#11973,#11974);
#9405=FILL_AREA_STYLE_COLOUR('',#11975);
#9406=FILL_AREA_STYLE_COLOUR('',#11976);
#9407=VERTEX_POINT('',#11977);
#9408=VERTEX_POINT('',#11978);
#9409=LINE('',#11979,#11980);
#9410=VERTEX_POINT('',#11981);
#9411=CIRCLE('',#11982,0.5);
#9412=VERTEX_POINT('',#11983);
#9413=LINE('',#11984,#11985);
#9414=CIRCLE('',#11986,0.5);
#9415=FILL_AREA_STYLE_COLOUR('',#11987);
#9416=LINE('',#11988,#11989);
#9417=VERTEX_POINT('',#11990);
#9418=CIRCLE('',#11991,0.2);
#9419=VERTEX_POINT('',#11992);
#9420=LINE('',#11993,#11994);
#9421=VERTEX_POINT('',#11995);
#9422=LINE('',#11996,#11997);
#9423=LINE('',#11998,#11999);
#9424=FILL_AREA_STYLE_COLOUR('',#12000);
#9425=VERTEX_POINT('',#12001);
#9426=LINE('',#12002,#12003);
#9427=VERTEX_POINT('',#12004);
#9428=LINE('',#12005,#12006);
#9429=VERTEX_POINT('',#12007);
#9430=LINE('',#12008,#12009);
#9431=LINE('',#12010,#12011);
#9432=FILL_AREA_STYLE_COLOUR('',#12012);
#9433=LINE('',#12013,#12014);
#9434=VERTEX_POINT('',#12015);
#9435=LINE('',#12016,#12017);
#9436=VERTEX_POINT('',#12018);
#9437=LINE('',#12019,#12020);
#9438=VERTEX_POINT('',#12021);
#9439=LINE('',#12022,#12023);
#9440=CIRCLE('',#12024,0.2);
#9441=FILL_AREA_STYLE_COLOUR('',#12025);
#9442=VERTEX_POINT('',#12026);
#9443=LINE('',#12027,#12028);
#9444=VERTEX_POINT('',#12029);
#9445=LINE('',#12030,#12031);
#9446=VERTEX_POINT('',#12032);
#9447=LINE('',#12033,#12034);
#9448=LINE('',#12035,#12036);
#9449=FILL_AREA_STYLE_COLOUR('',#12037);
#9450=LINE('',#12038,#12039);
#9451=FILL_AREA_STYLE_COLOUR('',#12040);
#9452=LINE('',#12041,#12042);
#9453=FILL_AREA_STYLE_COLOUR('',#12043);
#9454=LINE('',#12044,#12045);
#9455=FILL_AREA_STYLE_COLOUR('',#12046);
#9456=LINE('',#12047,#12048);
#9457=FILL_AREA_STYLE_COLOUR('',#12049);
#9458=FILL_AREA_STYLE_COLOUR('',#12050);
#9459=VERTEX_POINT('',#12051);
#9460=LINE('',#12052,#12053);
#9461=LINE('',#12054,#12055);
#9462=FILL_AREA_STYLE_COLOUR('',#12056);
#9463=LINE('',#12057,#12058);
#9464=FILL_AREA_STYLE_COLOUR('',#12059);
#9465=VERTEX_POINT('',#12060);
#9466=LINE('',#12061,#12062);
#9467=LINE('',#12063,#12064);
#9468=FILL_AREA_STYLE_COLOUR('',#12065);
#9469=VERTEX_POINT('',#12066);
#9470=LINE('',#12067,#12068);
#9471=LINE('',#12069,#12070);
#9472=FILL_AREA_STYLE_COLOUR('',#12071);
#9473=VERTEX_POINT('',#12072);
#9474=LINE('',#12073,#12074);
#9475=LINE('',#12075,#12076);
#9476=FILL_AREA_STYLE_COLOUR('',#12077);
#9477=LINE('',#12078,#12079);
#9478=FILL_AREA_STYLE_COLOUR('',#12080);
#9479=VERTEX_POINT('',#12081);
#9480=LINE('',#12082,#12083);
#9481=LINE('',#12084,#12085);
#9482=FILL_AREA_STYLE_COLOUR('',#12086);
#9483=VERTEX_POINT('',#12087);
#9484=LINE('',#12088,#12089);
#9485=CIRCLE('',#12090,0.15);
#9486=FILL_AREA_STYLE_COLOUR('',#12091);
#9487=LINE('',#12092,#12093);
#9488=FILL_AREA_STYLE_COLOUR('',#12094);
#9489=VERTEX_POINT('',#12095);
#9490=LINE('',#12096,#12097);
#9491=LINE('',#12098,#12099);
#9492=FILL_AREA_STYLE_COLOUR('',#12100);
#9493=CIRCLE('',#12101,0.15);
#9494=FILL_AREA_STYLE_COLOUR('',#12102);
#9495=VERTEX_POINT('',#12103);
#9496=LINE('',#12104,#12105);
#9497=LINE('',#12106,#12107);
#9498=FILL_AREA_STYLE_COLOUR('',#12108);
#9499=VERTEX_POINT('',#12109);
#9500=LINE('',#12110,#12111);
#9501=LINE('',#12112,#12113);
#9502=FILL_AREA_STYLE_COLOUR('',#12114);
#9503=VERTEX_POINT('',#12115);
#9504=LINE('',#12116,#12117);
#9505=LINE('',#12118,#12119);
#9506=FILL_AREA_STYLE_COLOUR('',#12120);
#9507=CIRCLE('',#12121,0.15);
#9508=FILL_AREA_STYLE_COLOUR('',#12122);
#9509=VERTEX_POINT('',#12123);
#9510=LINE('',#12124,#12125);
#9511=LINE('',#12126,#12127);
#9512=FILL_AREA_STYLE_COLOUR('',#12128);
#9513=VERTEX_POINT('',#12129);
#9514=LINE('',#12130,#12131);
#9515=LINE('',#12132,#12133);
#9516=FILL_AREA_STYLE_COLOUR('',#12134);
#9517=VERTEX_POINT('',#12135);
#9518=LINE('',#12136,#12137);
#9519=LINE('',#12138,#12139);
#9520=FILL_AREA_STYLE_COLOUR('',#12140);
#9521=VERTEX_POINT('',#12141);
#9522=LINE('',#12142,#12143);
#9523=LINE('',#12144,#12145);
#9524=FILL_AREA_STYLE_COLOUR('',#12146);
#9525=VERTEX_POINT('',#12147);
#9526=LINE('',#12148,#12149);
#9527=LINE('',#12150,#12151);
#9528=FILL_AREA_STYLE_COLOUR('',#12152);
#9529=VERTEX_POINT('',#12153);
#9530=LINE('',#12154,#12155);
#9531=LINE('',#12156,#12157);
#9532=FILL_AREA_STYLE_COLOUR('',#12158);
#9533=LINE('',#12159,#12160);
#9534=FILL_AREA_STYLE_COLOUR('',#12161);
#9535=VERTEX_POINT('',#12162);
#9536=LINE('',#12163,#12164);
#9537=LINE('',#12165,#12166);
#9538=FILL_AREA_STYLE_COLOUR('',#12167);
#9539=LINE('',#12168,#12169);
#9540=FILL_AREA_STYLE_COLOUR('',#12170);
#9541=VERTEX_POINT('',#12171);
#9542=LINE('',#12172,#12173);
#9543=LINE('',#12174,#12175);
#9544=FILL_AREA_STYLE_COLOUR('',#12176);
#9545=LINE('',#12177,#12178);
#9546=FILL_AREA_STYLE_COLOUR('',#12179);
#9547=LINE('',#12180,#12181);
#9548=FILL_AREA_STYLE_COLOUR('',#12182);
#9549=LINE('',#12183,#12184);
#9550=FILL_AREA_STYLE_COLOUR('',#12185);
#9551=CIRCLE('',#12186,0.565685424949238);
#9552=FILL_AREA_STYLE_COLOUR('',#12187);
#9553=CIRCLE('',#12188,0.565685424949238);
#9554=FILL_AREA_STYLE_COLOUR('',#12189);
#9555=CIRCLE('',#12190,0.565685424949238);
#9556=FILL_AREA_STYLE_COLOUR('',#12191);
#9557=CIRCLE('',#12192,0.565685424949238);
#9558=FILL_AREA_STYLE_COLOUR('',#12193);
#9559=VERTEX_POINT('',#12194);
#9560=VERTEX_POINT('',#12195);
#9561=LINE('',#12196,#12197);
#9562=VERTEX_POINT('',#12198);
#9563=LINE('',#12199,#12200);
#9564=VERTEX_POINT('',#12201);
#9565=LINE('',#12202,#12203);
#9566=LINE('',#12204,#12205);
#9567=FILL_AREA_STYLE_COLOUR('',#12206);
#9568=CIRCLE('',#12207,0.5);
#9569=CIRCLE('',#12208,0.5);
#9570=FILL_AREA_STYLE_COLOUR('',#12209);
#9571=LINE('',#12210,#12211);
#9572=LINE('',#12212,#12213);
#9573=FILL_AREA_STYLE_COLOUR('',#12214);
#9574=CIRCLE('',#12215,0.500000000000001);
#9575=CIRCLE('',#12216,0.500000000000001);
#9576=FILL_AREA_STYLE_COLOUR('',#12217);
#9577=FILL_AREA_STYLE_COLOUR('',#12218);
#9578=VERTEX_POINT('',#12219);
#9579=VERTEX_POINT('',#12220);
#9580=LINE('',#12221,#12222);
#9581=VERTEX_POINT('',#12223);
#9582=LINE('',#12224,#12225);
#9583=VERTEX_POINT('',#12226);
#9584=LINE('',#12227,#12228);
#9585=LINE('',#12229,#12230);
#9586=FILL_AREA_STYLE_COLOUR('',#12231);
#9587=CIRCLE('',#12232,0.5);
#9588=CIRCLE('',#12233,0.5);
#9589=FILL_AREA_STYLE_COLOUR('',#12234);
#9590=LINE('',#12235,#12236);
#9591=LINE('',#12237,#12238);
#9592=FILL_AREA_STYLE_COLOUR('',#12239);
#9593=CIRCLE('',#12240,0.500000000000001);
#9594=CIRCLE('',#12241,0.500000000000001);
#9595=FILL_AREA_STYLE_COLOUR('',#12242);
#9596=FILL_AREA_STYLE_COLOUR('',#12243);
#9597=VERTEX_POINT('',#12244);
#9598=VERTEX_POINT('',#12245);
#9599=LINE('',#12246,#12247);
#9600=VERTEX_POINT('',#12248);
#9601=LINE('',#12249,#12250);
#9602=VERTEX_POINT('',#12251);
#9603=LINE('',#12252,#12253);
#9604=VERTEX_POINT('',#12254);
#9605=LINE('',#12255,#12256);
#9606=VERTEX_POINT('',#12257);
#9607=LINE('',#12258,#12259);
#9608=LINE('',#12260,#12261);
#9609=FILL_AREA_STYLE_COLOUR('',#12262);
#9610=VERTEX_POINT('',#12263);
#9611=LINE('',#12264,#12265);
#9612=VERTEX_POINT('',#12266);
#9613=LINE('',#12267,#12268);
#9614=LINE('',#12269,#12270);
#9615=FILL_AREA_STYLE_COLOUR('',#12271);
#9616=VERTEX_POINT('',#12272);
#9617=LINE('',#12273,#12274);
#9618=VERTEX_POINT('',#12275);
#9619=LINE('',#12276,#12277);
#9620=LINE('',#12278,#12279);
#9621=FILL_AREA_STYLE_COLOUR('',#12280);
#9622=VERTEX_POINT('',#12281);
#9623=LINE('',#12282,#12283);
#9624=CIRCLE('',#12284,0.65);
#9625=FILL_AREA_STYLE_COLOUR('',#12285);
#9626=VERTEX_POINT('',#12286);
#9627=LINE('',#12287,#12288);
#9628=LINE('',#12289,#12290);
#9629=FILL_AREA_STYLE_COLOUR('',#12291);
#9630=VERTEX_POINT('',#12292);
#9631=LINE('',#12293,#12294);
#9632=VERTEX_POINT('',#12295);
#9633=LINE('',#12296,#12297);
#9634=LINE('',#12298,#12299);
#9635=FILL_AREA_STYLE_COLOUR('',#12300);
#9636=VERTEX_POINT('',#12301);
#9637=LINE('',#12302,#12303);
#9638=CIRCLE('',#12304,0.500000000000001);
#9639=FILL_AREA_STYLE_COLOUR('',#12305);
#9640=LINE('',#12306,#12307);
#9641=FILL_AREA_STYLE_COLOUR('',#12308);
#9642=VERTEX_POINT('',#12309);
#9643=VERTEX_POINT('',#12310);
#9644=LINE('',#12311,#12312);
#9645=VERTEX_POINT('',#12313);
#9646=LINE('',#12314,#12315);
#9647=VERTEX_POINT('',#12316);
#9648=LINE('',#12317,#12318);
#9649=LINE('',#12319,#12320);
#9650=LINE('',#12321,#12322);
#9651=FILL_AREA_STYLE_COLOUR('',#12323);
#9652=VERTEX_POINT('',#12324);
#9653=LINE('',#12325,#12326);
#9654=VERTEX_POINT('',#12327);
#9655=LINE('',#12328,#12329);
#9656=LINE('',#12330,#12331);
#9657=FILL_AREA_STYLE_COLOUR('',#12332);
#9658=VERTEX_POINT('',#12333);
#9659=CIRCLE('',#12334,0.65);
#9660=LINE('',#12335,#12336);
#9661=FILL_AREA_STYLE_COLOUR('',#12337);
#9662=VERTEX_POINT('',#12338);
#9663=LINE('',#12339,#12340);
#9664=LINE('',#12341,#12342);
#9665=FILL_AREA_STYLE_COLOUR('',#12343);
#9666=VERTEX_POINT('',#12344);
#9667=LINE('',#12345,#12346);
#9668=LINE('',#12347,#12348);
#9669=FILL_AREA_STYLE_COLOUR('',#12349);
#9670=VERTEX_POINT('',#12350);
#9671=LINE('',#12351,#12352);
#9672=VERTEX_POINT('',#12353);
#9673=LINE('',#12354,#12355);
#9674=LINE('',#12356,#12357);
#9675=VERTEX_POINT('',#12358);
#9676=LINE('',#12359,#12360);
#9677=LINE('',#12361,#12362);
#9678=FILL_AREA_STYLE_COLOUR('',#12363);
#9679=VERTEX_POINT('',#12364);
#9680=LINE('',#12365,#12366);
#9681=LINE('',#12367,#12368);
#9682=FILL_AREA_STYLE_COLOUR('',#12369);
#9683=VERTEX_POINT('',#12370);
#9684=LINE('',#12371,#12372);
#9685=LINE('',#12373,#12374);
#9686=FILL_AREA_STYLE_COLOUR('',#12375);
#9687=VERTEX_POINT('',#12376);
#9688=LINE('',#12377,#12378);
#9689=LINE('',#12379,#12380);
#9690=FILL_AREA_STYLE_COLOUR('',#12381);
#9691=VERTEX_POINT('',#12382);
#9692=LINE('',#12383,#12384);
#9693=LINE('',#12385,#12386);
#9694=FILL_AREA_STYLE_COLOUR('',#12387);
#9695=VERTEX_POINT('',#12388);
#9696=LINE('',#12389,#12390);
#9697=VERTEX_POINT('',#12391);
#9698=LINE('',#12392,#12393);
#9699=VERTEX_POINT('',#12394);
#9700=LINE('',#12395,#12396);
#9701=VERTEX_POINT('',#12397);
#9702=LINE('',#12398,#12399);
#9703=LINE('',#12400,#12401);
#9704=FILL_AREA_STYLE_COLOUR('',#12402);
#9705=LINE('',#12403,#12404);
#9706=FILL_AREA_STYLE_COLOUR('',#12405);
#9707=LINE('',#12406,#12407);
#9708=FILL_AREA_STYLE_COLOUR('',#12408);
#9709=VERTEX_POINT('',#12409);
#9710=LINE('',#12410,#12411);
#9711=VERTEX_POINT('',#12412);
#9712=LINE('',#12413,#12414);
#9713=LINE('',#12415,#12416);
#9714=FILL_AREA_STYLE_COLOUR('',#12417);
#9715=LINE('',#12418,#12419);
#9716=FILL_AREA_STYLE_COLOUR('',#12420);
#9717=LINE('',#12421,#12422);
#9718=FILL_AREA_STYLE_COLOUR('',#12423);
#9719=VERTEX_POINT('',#12424);
#9720=LINE('',#12425,#12426);
#9721=LINE('',#12427,#12428);
#9722=FILL_AREA_STYLE_COLOUR('',#12429);
#9723=LINE('',#12430,#12431);
#9724=FILL_AREA_STYLE_COLOUR('',#12432);
#9725=VERTEX_POINT('',#12433);
#9726=LINE('',#12434,#12435);
#9727=VERTEX_POINT('',#12436);
#9728=LINE('',#12437,#12438);
#9729=LINE('',#12439,#12440);
#9730=CIRCLE('',#12441,0.25);
#9731=FILL_AREA_STYLE_COLOUR('',#12442);
#9732=VERTEX_POINT('',#12443);
#9733=LINE('',#12444,#12445);
#9734=LINE('',#12446,#12447);
#9735=FILL_AREA_STYLE_COLOUR('',#12448);
#9736=VERTEX_POINT('',#12449);
#9737=LINE('',#12450,#12451);
#9738=LINE('',#12452,#12453);
#9739=FILL_AREA_STYLE_COLOUR('',#12454);
#9740=LINE('',#12455,#12456);
#9741=FILL_AREA_STYLE_COLOUR('',#12457);
#9742=FILL_AREA_STYLE_COLOUR('',#12458);
#9743=LINE('',#12459,#12460);
#9744=FILL_AREA_STYLE_COLOUR('',#12461);
#9745=COLOUR_RGB('',0.752941191196442,0.752941191196442,0.752941191196442);
#9746=CARTESIAN_POINT('',(3.45,4.3,-16.6));
#9747=CARTESIAN_POINT('',(3.45,4.3,-16.3));
#9748=CARTESIAN_POINT('',(3.45,4.3,-16.6));
#9749=VECTOR('',#12462,1.0);
#9750=CARTESIAN_POINT('',(2.95,4.8,-16.6));
#9751=AXIS2_PLACEMENT_3D('',#12463,#12464,#12465);
#9752=CARTESIAN_POINT('',(2.95,4.8,-16.3));
#9753=CARTESIAN_POINT('',(2.95,4.8,-16.6));
#9754=VECTOR('',#12466,1.0);
#9755=AXIS2_PLACEMENT_3D('',#12467,#12468,#12469);
#9756=COLOUR_RGB('',0.752941191196442,0.752941191196442,0.752941191196442);
#9757=CARTESIAN_POINT('',(-3.45,4.3,-16.3));
#9758=CARTESIAN_POINT('',(-3.45,4.3,-16.6));
#9759=CARTESIAN_POINT('',(-3.45,4.3,-16.6));
#9760=VECTOR('',#12470,1.0);
#9761=CARTESIAN_POINT('',(-2.95,4.8,-16.3));
#9762=AXIS2_PLACEMENT_3D('',#12471,#12472,#12473);
#9763=CARTESIAN_POINT('',(-2.95,4.8,-16.6));
#9764=CARTESIAN_POINT('',(-2.95,4.8,-16.6));
#9765=VECTOR('',#12474,1.0);
#9766=AXIS2_PLACEMENT_3D('',#12475,#12476,#12477);
#9767=COLOUR_RGB('',0.752941191196442,0.752941191196442,0.752941191196442);
#9768=CARTESIAN_POINT('',(3.45,8.3,-16.6));
#9769=CARTESIAN_POINT('',(3.45,8.3,-16.3));
#9770=CARTESIAN_POINT('',(3.45,8.3,-16.6));
#9771=VECTOR('',#12478,1.0);
#9772=CARTESIAN_POINT('',(2.95,8.8,-16.6));
#9773=AXIS2_PLACEMENT_3D('',#12479,#12480,#12481);
#9774=CARTESIAN_POINT('',(2.95,8.8,-16.3));
#9775=CARTESIAN_POINT('',(2.95,8.8,-16.6));
#9776=VECTOR('',#12482,1.0);
#9777=AXIS2_PLACEMENT_3D('',#12483,#12484,#12485);
#9778=COLOUR_RGB('',0.752941191196442,0.752941191196442,0.752941191196442);
#9779=CARTESIAN_POINT('',(-3.45,8.3,-16.3));
#9780=CARTESIAN_POINT('',(-3.45,8.3,-16.6));
#9781=CARTESIAN_POINT('',(-3.45,8.3,-16.6));
#9782=VECTOR('',#12486,1.0);
#9783=CARTESIAN_POINT('',(-2.95,8.8,-16.3));
#9784=AXIS2_PLACEMENT_3D('',#12487,#12488,#12489);
#9785=CARTESIAN_POINT('',(-2.95,8.8,-16.6));
#9786=CARTESIAN_POINT('',(-2.95,8.8,-16.6));
#9787=VECTOR('',#12490,1.0);
#9788=AXIS2_PLACEMENT_3D('',#12491,#12492,#12493);
#9789=COLOUR_RGB('',0.752941191196442,0.752941191196442,0.752941191196442);
#9790=CARTESIAN_POINT('',(6.02,2.5,-14.3656854249492));
#9791=CARTESIAN_POINT('',(6.02,2.5,-13.2343145750508));
#9792=AXIS2_PLACEMENT_3D('',#12494,#12495,#12496);
#9793=AXIS2_PLACEMENT_3D('',#12497,#12498,#12499);
#9794=COLOUR_RGB('',0.752941191196442,0.752941191196442,0.752941191196442);
#9795=CARTESIAN_POINT('',(6.02,8.1,-14.3656854249492));
#9796=CARTESIAN_POINT('',(6.02,8.1,-13.2343145750508));
#9797=AXIS2_PLACEMENT_3D('',#12500,#12501,#12502);
#9798=AXIS2_PLACEMENT_3D('',#12503,#12504,#12505);
#9799=COLOUR_RGB('',0.752941191196442,0.752941191196442,0.752941191196442);
#9800=CARTESIAN_POINT('',(-6.02,2.5,-14.3656854249492));
#9801=CARTESIAN_POINT('',(-6.02,2.5,-13.2343145750508));
#9802=AXIS2_PLACEMENT_3D('',#12506,#12507,#12508);
#9803=AXIS2_PLACEMENT_3D('',#12509,#12510,#12511);
#9804=COLOUR_RGB('',0.752941191196442,0.752941191196442,0.752941191196442);
#9805=CARTESIAN_POINT('',(-6.02,8.1,-14.3656854249492));
#9806=CARTESIAN_POINT('',(-6.02,8.1,-13.2343145750508));
#9807=AXIS2_PLACEMENT_3D('',#12512,#12513,#12514);
#9808=AXIS2_PLACEMENT_3D('',#12515,#12516,#12517);
#9809=COLOUR_RGB('',0.752941191196442,0.752941191196442,0.752941191196442);
#9810=CARTESIAN_POINT('',(-4.85,6.34,-0.31));
#9811=CARTESIAN_POINT('',(-4.85,6.34,-6.88841074025092E-18));
#9812=CARTESIAN_POINT('',(-4.85,6.34,-0.155));
#9813=VECTOR('',#12518,1.0);
#9814=CARTESIAN_POINT('',(-4.81180339887499,6.44,-0.31));
#9815=AXIS2_PLACEMENT_3D('',#12519,#12520,#12521);
#9816=CARTESIAN_POINT('',(-4.81180339887499,6.44,-0.300000000000001));
#9817=CARTESIAN_POINT('',(-4.81180339887499,6.44,-0.305000000000001));
#9818=VECTOR('',#12522,1.0);
#9819=CARTESIAN_POINT('',(-4.7,6.49,-0.300000000000001));
#9820=AXIS2_PLACEMENT_3D('',#12523,#12524,#12525);
#9821=CARTESIAN_POINT('',(-4.7,6.49,5.55111512312578E-17));
#9822=CARTESIAN_POINT('',(-4.7,6.49,-0.4));
#9823=VECTOR('',#12526,1.0);
#9824=AXIS2_PLACEMENT_3D('',#12527,#12528,#12529);
#9825=COLOUR_RGB('',0.752941191196442,0.752941191196442,0.752941191196442);
#9826=CARTESIAN_POINT('',(-4.85,2.84,-0.31));
#9827=CARTESIAN_POINT('',(-4.85,2.84,-6.88841074025089E-18));
#9828=CARTESIAN_POINT('',(-4.85,2.84,-0.155));
#9829=VECTOR('',#12530,1.0);
#9830=CARTESIAN_POINT('',(-4.7,2.99,-0.31));
#9831=AXIS2_PLACEMENT_3D('',#12531,#12532,#12533);
#9832=CARTESIAN_POINT('',(-4.7,2.99,5.55111512312578E-17));
#9833=CARTESIAN_POINT('',(-4.7,2.99,-0.4));
#9834=VECTOR('',#12534,1.0);
#9835=AXIS2_PLACEMENT_3D('',#12535,#12536,#12537);
#9836=COLOUR_RGB('',0.752941191196442,0.752941191196442,0.752941191196442);
#9837=CARTESIAN_POINT('',(4.84999999087494,2.84,6.88841060056833E-18));
#9838=CARTESIAN_POINT('',(4.84999999087494,2.84,-0.31));
#9839=CARTESIAN_POINT('',(4.84999999087494,2.84,-0.155));
#9840=VECTOR('',#12538,1.0);
#9841=CARTESIAN_POINT('',(4.7,2.99,6.66133814775094E-16));
#9842=AXIS2_PLACEMENT_3D('',#12539,#12540,#12541);
#9843=CARTESIAN_POINT('',(4.7,2.99,-0.31));
#9844=CARTESIAN_POINT('',(4.7,2.99,-0.4));
#9845=VECTOR('',#12542,1.0);
#9846=AXIS2_PLACEMENT_3D('',#12543,#12544,#12545);
#9847=COLOUR_RGB('',0.752941191196442,0.752941191196442,0.752941191196442);
#9848=CARTESIAN_POINT('',(-7.45044812627681,-2.67494300968538,-9.43289650742535));
#9849=CARTESIAN_POINT('',(-7.45044812627681,-2.67494300968538,-11.1271034925746));
#9850=CARTESIAN_POINT('',(-7.45044812627681,-2.67494300968538,-10.28));
#9851=VECTOR('',#12546,1.0);
#9852=CARTESIAN_POINT('',(-7.22082039324994,-2.07500000000001,-9.38397278528484));
#9853=AXIS2_PLACEMENT_3D('',#12547,#12548,#12549);
#9854=CARTESIAN_POINT('',(-7.22082039324994,-2.07500000000001,-11.1760272147152));
#9855=CARTESIAN_POINT('',(-7.22082039324994,-2.07500000000001,-12.28));
#9856=VECTOR('',#12550,1.0);
#9857=AXIS2_PLACEMENT_3D('',#12551,#12552,#12553);
#9858=COLOUR_RGB('',0.752941191196442,0.752941191196442,0.752941191196442);
#9859=CARTESIAN_POINT('',(-5.72463944022488,-0.0947307808809944,-11.28));
#9860=CARTESIAN_POINT('',(-5.72463944022488,-0.0947307808809944,-9.28));
#9861=CARTESIAN_POINT('',(-5.72463944022488,-0.0947307808809944,-10.28));
#9862=VECTOR('',#12554,1.0);
#9863=CARTESIAN_POINT('',(-5.725,-0.0580102017344029,-11.28));
#9864=AXIS2_PLACEMENT_3D('',#12555,#12556,#12557);
#9865=CARTESIAN_POINT('',(-5.725,-0.0580102017344029,-9.28));
#9866=CARTESIAN_POINT('',(-5.725,-0.0580102017344029,-12.28));
#9867=VECTOR('',#12558,1.0);
#9868=AXIS2_PLACEMENT_3D('',#12559,#12560,#12561);
#9869=COLOUR_RGB('',0.752941191196442,0.752941191196442,0.752941191196442);
#9870=CARTESIAN_POINT('',(-7.14946170250145,-2.6751198516252,-9.43291092840499));
#9871=CARTESIAN_POINT('',(-7.14946170250144,-2.6751198516252,-11.127089071595));
#9872=CARTESIAN_POINT('',(-7.14946170250145,-2.6751198516252,-10.28));
#9873=VECTOR('',#12562,1.0);
#9874=CARTESIAN_POINT('',(-7.02031692168925,-3.04756139517233,-9.46328252419979));
#9875=AXIS2_PLACEMENT_3D('',#12563,#12564,#12565);
#9876=CARTESIAN_POINT('',(-7.02031692168925,-3.04756139517233,-11.0967174758002));
#9877=CARTESIAN_POINT('',(-7.02031692168925,-3.04756139517233,-12.28));
#9878=VECTOR('',#12566,1.0);
#9879=AXIS2_PLACEMENT_3D('',#12567,#12568,#12569);
#9880=COLOUR_RGB('',0.752941191196442,0.752941191196442,0.752941191196442);
#9881=CARTESIAN_POINT('',(7.45044812627681,-2.67494300968538,-11.1271034925746));
#9882=CARTESIAN_POINT('',(7.45044812627681,-2.67494300968538,-9.43289650742535));
#9883=CARTESIAN_POINT('',(7.45044812627681,-2.67494300968538,-10.28));
#9884=VECTOR('',#12570,1.0);
#9885=CARTESIAN_POINT('',(7.22082039324994,-2.07500000000001,-11.1760272147152));
#9886=AXIS2_PLACEMENT_3D('',#12571,#12572,#12573);
#9887=CARTESIAN_POINT('',(7.22082039324994,-2.07500000000001,-9.38397278528483));
#9888=CARTESIAN_POINT('',(7.22082039324994,-2.07500000000001,-8.28));
#9889=VECTOR('',#12574,1.0);
#9890=AXIS2_PLACEMENT_3D('',#12575,#12576,#12577);
#9891=COLOUR_RGB('',0.752941191196442,0.752941191196442,0.752941191196442);
#9892=CARTESIAN_POINT('',(5.72463944022488,-0.0947307808809947,-9.28));
#9893=CARTESIAN_POINT('',(5.72463944022488,-0.0947307808809947,-11.28));
#9894=CARTESIAN_POINT('',(5.72463944022488,-0.0947307808809947,-10.28));
#9895=VECTOR('',#12578,1.0);
#9896=CARTESIAN_POINT('',(5.725,-0.0580102017344029,-9.28));
#9897=AXIS2_PLACEMENT_3D('',#12579,#12580,#12581);
#9898=CARTESIAN_POINT('',(5.725,-0.0580102017344029,-11.28));
#9899=CARTESIAN_POINT('',(5.725,-0.0580102017344029,-8.28));
#9900=VECTOR('',#12582,1.0);
#9901=AXIS2_PLACEMENT_3D('',#12583,#12584,#12585);
#9902=COLOUR_RGB('',0.752941191196442,0.752941191196442,0.752941191196442);
#9903=CARTESIAN_POINT('',(7.14946170250145,-2.6751198516252,-11.127089071595));
#9904=CARTESIAN_POINT('',(7.14946170250144,-2.6751198516252,-9.43291092840499));
#9905=CARTESIAN_POINT('',(7.14946170250144,-2.6751198516252,-10.28));
#9906=VECTOR('',#12586,1.0);
#9907=CARTESIAN_POINT('',(7.02031692168925,-3.04756139517233,-11.0967174758002));
#9908=AXIS2_PLACEMENT_3D('',#12587,#12588,#12589);
#9909=CARTESIAN_POINT('',(7.02031692168925,-3.04756139517233,-9.46328252419979));
#9910=CARTESIAN_POINT('',(7.02031692168925,-3.04756139517233,-8.28));
#9911=VECTOR('',#12590,1.0);
#9912=AXIS2_PLACEMENT_3D('',#12591,#12592,#12593);
#9913=COLOUR_RGB('',0.752941191196442,0.752941191196442,0.752941191196442);
#9914=CARTESIAN_POINT('',(4.85,6.34,6.88841074025092E-18));
#9915=CARTESIAN_POINT('',(4.85,6.34,-0.31));
#9916=CARTESIAN_POINT('',(4.85,6.34,-0.155));
#9917=VECTOR('',#12594,1.0);
#9918=CARTESIAN_POINT('',(4.7,6.49,6.66133814775094E-16));
#9919=AXIS2_PLACEMENT_3D('',#12595,#12596,#12597);
#9920=CARTESIAN_POINT('',(4.7,6.49,-0.300000000000001));
#9921=CARTESIAN_POINT('',(4.7,6.49,-0.4));
#9922=VECTOR('',#12598,1.0);
#9923=CARTESIAN_POINT('',(4.81180339887499,6.44,-0.300000000000001));
#9924=AXIS2_PLACEMENT_3D('',#12599,#12600,#12601);
#9925=CARTESIAN_POINT('',(4.81180339887499,6.44,-0.31));
#9926=CARTESIAN_POINT('',(4.81180339887499,6.44,-0.305000000000001));
#9927=VECTOR('',#12602,1.0);
#9928=AXIS2_PLACEMENT_3D('',#12603,#12604,#12605);
#9929=COLOUR_RGB('',0.901960790157318,0.490196079015732,0.294117659330368);
#9930=CARTESIAN_POINT('',(-4.95,6.44,-0.31));
#9931=CARTESIAN_POINT('',(-2.29375,6.44,-0.31));
#9932=VECTOR('',#12606,1.0);
#9933=CARTESIAN_POINT('',(-4.95,6.44,-9.1));
#9934=CARTESIAN_POINT('',(-4.95,6.44,-9.1));
#9935=VECTOR('',#12607,1.0);
#9936=CARTESIAN_POINT('',(-4.225,6.44,-9.1));
#9937=CARTESIAN_POINT('',(-4.225,6.44,-9.1));
#9938=VECTOR('',#12608,1.0);
#9939=CARTESIAN_POINT('',(-4.225,6.44,-0.300000000000001));
#9940=CARTESIAN_POINT('',(-4.225,6.44,-9.1));
#9941=VECTOR('',#12609,1.0);
#9942=CARTESIAN_POINT('',(-2.29375,6.44,-0.300000000000001));
#9943=VECTOR('',#12610,1.0);
#9944=COLOUR_RGB('',0.901960790157318,0.490196079015732,0.294117659330368);
#9945=CARTESIAN_POINT('',(-4.95,2.44,-0.31));
#9946=CARTESIAN_POINT('',(-4.95,4.65814661208404,-0.31));
#9947=VECTOR('',#12611,1.0);
#9948=CARTESIAN_POINT('',(-4.95,2.44,-9.1));
#9949=CARTESIAN_POINT('',(-4.95,2.44,-9.1));
#9950=VECTOR('',#12612,1.0);
#9951=CARTESIAN_POINT('',(-4.95,6.44,-9.1));
#9952=VECTOR('',#12613,1.0);
#9953=COLOUR_RGB('',0.901960790157318,0.490196079015732,0.294117659330368);
#9954=CARTESIAN_POINT('',(-5.71,0.4,-0.300000000000001));
#9955=CARTESIAN_POINT('',(5.71,0.4,-0.300000000000001));
#9956=CARTESIAN_POINT('',(-3.01,0.4,-0.300000000000001));
#9957=VECTOR('',#12614,1.0);
#9958=CARTESIAN_POINT('',(-5.71,0.3,-0.300000000000001));
#9959=CARTESIAN_POINT('',(-5.71,5.35,-0.300000000000001));
#9960=VECTOR('',#12615,1.0);
#9961=CARTESIAN_POINT('',(5.71,0.3,-0.300000000000001));
#9962=CARTESIAN_POINT('',(0.0,0.3,-0.300000000000001));
#9963=VECTOR('',#12616,1.0);
#9964=CARTESIAN_POINT('',(5.71,5.35,-0.300000000000001));
#9965=VECTOR('',#12617,1.0);
#9966=COLOUR_RGB('',0.901960790157318,0.490196079015732,0.294117659330368);
#9967=CARTESIAN_POINT('',(4.55,2.44,-0.300000000000001));
#9968=CARTESIAN_POINT('',(4.55,1.59,-0.300000000000001));
#9969=CARTESIAN_POINT('',(4.55,3.745,-0.300000000000001));
#9970=VECTOR('',#12618,1.0);
#9971=CARTESIAN_POINT('',(4.225,2.44,-0.300000000000001));
#9972=CARTESIAN_POINT('',(2.29375,2.44,-0.300000000000001));
#9973=VECTOR('',#12619,1.0);
#9974=CARTESIAN_POINT('',(4.225,1.45,-0.300000000000001));
#9975=CARTESIAN_POINT('',(4.22500000000001,3.64749999999999,-0.300000000000001));
#9976=VECTOR('',#12620,1.0);
#9977=CARTESIAN_POINT('',(-4.225,1.45,-0.300000000000001));
#9978=CARTESIAN_POINT('',(0.0,1.45,-0.300000000000001));
#9979=VECTOR('',#12621,1.0);
#9980=CARTESIAN_POINT('',(-4.225,2.44,-0.300000000000001));
#9981=CARTESIAN_POINT('',(-4.225,3.6475,-0.300000000000001));
#9982=VECTOR('',#12622,1.0);
#9983=CARTESIAN_POINT('',(-4.55,2.44,-0.300000000000001));
#9984=CARTESIAN_POINT('',(-2.29375,2.44,-0.300000000000001));
#9985=VECTOR('',#12623,1.0);
#9986=CARTESIAN_POINT('',(-4.55,1.59,-0.300000000000001));
#9987=CARTESIAN_POINT('',(-4.55,3.745,-0.300000000000001));
#9988=VECTOR('',#12624,1.0);
#9989=CARTESIAN_POINT('',(-4.05,1.09,-0.300000000000001));
#9990=AXIS2_PLACEMENT_3D('',#12625,#12626,#12627);
#9991=CARTESIAN_POINT('',(4.05,1.09,-0.300000000000001));
#9992=CARTESIAN_POINT('',(1.12173644858423E-15,1.09,-0.300000000000001));
#9993=VECTOR('',#12628,1.0);
#9994=AXIS2_PLACEMENT_3D('',#12629,#12630,#12631);
#9995=COLOUR_RGB('',0.901960790157318,0.490196079015732,0.294117659330368);
#9996=CARTESIAN_POINT('',(4.55,6.49,-0.300000000000001));
#9997=CARTESIAN_POINT('',(2.3125,6.49,-0.300000000000001));
#9998=VECTOR('',#12632,1.0);
#9999=CARTESIAN_POINT('',(4.55,7.49,-0.300000000000001));
#10000=CARTESIAN_POINT('',(4.55,6.17,-0.300000000000001));
#10001=VECTOR('',#12633,1.0);
#10002=CARTESIAN_POINT('',(2.6,9.49,-0.300000000000001));
#10003=CARTESIAN_POINT('',(3.48862143543736,8.57859339955143,-0.300000000000001));
#10004=VECTOR('',#12634,1.0);
#10005=CARTESIAN_POINT('',(-2.6,9.49,-0.300000000000001));
#10006=CARTESIAN_POINT('',(6.66133814775094E-16,9.49,-0.300000000000001));
#10007=VECTOR('',#12635,1.0);
#10008=CARTESIAN_POINT('',(-4.55,7.49,-0.300000000000001));
#10009=CARTESIAN_POINT('',(-3.48862143543736,8.57859339955143,-0.300000000000001));
#10010=VECTOR('',#12636,1.0);
#10011=CARTESIAN_POINT('',(-4.55,6.49,-0.300000000000001));
#10012=CARTESIAN_POINT('',(-4.55,6.17,-0.300000000000001));
#10013=VECTOR('',#12637,1.0);
#10014=CARTESIAN_POINT('',(-2.3125,6.49,-0.300000000000001));
#10015=VECTOR('',#12638,1.0);
#10016=CARTESIAN_POINT('',(-4.225,7.73,-0.300000000000001));
#10017=CARTESIAN_POINT('',(-4.225,6.2175,-0.300000000000001));
#10018=VECTOR('',#12639,1.0);
#10019=CARTESIAN_POINT('',(-2.725,9.23,-0.300000000000001));
#10020=CARTESIAN_POINT('',(-3.38875,8.56625,-0.300000000000001));
#10021=VECTOR('',#12640,1.0);
#10022=CARTESIAN_POINT('',(2.725,9.23,-0.300000000000001));
#10023=CARTESIAN_POINT('',(6.66133814775094E-16,9.23,-0.300000000000001));
#10024=VECTOR('',#12641,1.0);
#10025=CARTESIAN_POINT('',(4.225,7.73,-0.300000000000001));
#10026=CARTESIAN_POINT('',(3.38875,8.56625,-0.300000000000002));
#10027=VECTOR('',#12642,1.0);
#10028=CARTESIAN_POINT('',(4.225,6.44,-0.300000000000001));
#10029=CARTESIAN_POINT('',(4.225,6.2175,-0.300000000000001));
#10030=VECTOR('',#12643,1.0);
#10031=CARTESIAN_POINT('',(2.29375,6.44,-0.300000000000001));
#10032=VECTOR('',#12644,1.0);
#10033=COLOUR_RGB('',0.901960790157318,0.490196079015732,0.294117659330368);
#10034=CARTESIAN_POINT('',(5.71,0.399999999999999,-15.99));
#10035=CARTESIAN_POINT('',(-5.71,0.399999999999999,-15.99));
#10036=CARTESIAN_POINT('',(-3.01,0.399999999999999,-15.99));
#10037=VECTOR('',#12645,1.0);
#10038=CARTESIAN_POINT('',(5.71,0.3,-15.99));
#10039=CARTESIAN_POINT('',(5.71,5.35,-15.99));
#10040=VECTOR('',#12646,1.0);
#10041=CARTESIAN_POINT('',(-5.71,0.3,-15.99));
#10042=CARTESIAN_POINT('',(0.0,0.3,-15.99));
#10043=VECTOR('',#12647,1.0);
#10044=CARTESIAN_POINT('',(-5.71,5.35,-15.99));
#10045=VECTOR('',#12648,1.0);
#10046=COLOUR_RGB('',0.901960790157318,0.490196079015732,0.294117659330368);
#10047=CARTESIAN_POINT('',(0.599999999999999,0.3,-2.92));
#10048=CARTESIAN_POINT('',(0.6,0.3,-15.85));
#10049=CARTESIAN_POINT('',(0.6,0.3,-8.765));
#10050=VECTOR('',#12649,1.0);
#10051=CARTESIAN_POINT('',(-0.6,0.3,-15.85));
#10052=CARTESIAN_POINT('',(2.22044604925031E-16,0.3,-15.85));
#10053=VECTOR('',#12650,1.0);
#10054=CARTESIAN_POINT('',(-0.6,0.3,-2.92));
#10055=CARTESIAN_POINT('',(-0.6,0.3,-8.765));
#10056=VECTOR('',#12651,1.0);
#10057=AXIS2_PLACEMENT_3D('',#12652,#12653,#12654);
#10058=CARTESIAN_POINT('',(-3.25,0.3,-6.95));
#10059=CARTESIAN_POINT('',(-3.25,0.3,-15.85));
#10060=CARTESIAN_POINT('',(-3.25,0.3,-9.7725));
#10061=VECTOR('',#12655,1.0);
#10062=CARTESIAN_POINT('',(-4.45,0.3,-15.85));
#10063=CARTESIAN_POINT('',(-1.925,0.3,-15.85));
#10064=VECTOR('',#12656,1.0);
#10065=CARTESIAN_POINT('',(-4.45,0.3,-6.95));
#10066=CARTESIAN_POINT('',(-4.45,0.3,-9.7725));
#10067=VECTOR('',#12657,1.0);
#10068=AXIS2_PLACEMENT_3D('',#12658,#12659,#12660);
#10069=CARTESIAN_POINT('',(4.45,0.3,-6.95));
#10070=CARTESIAN_POINT('',(4.45,0.3,-15.85));
#10071=CARTESIAN_POINT('',(4.45,0.3,-9.7725));
#10072=VECTOR('',#12661,1.0);
#10073=CARTESIAN_POINT('',(3.25,0.3,-15.85));
#10074=CARTESIAN_POINT('',(1.925,0.3,-15.85));
#10075=VECTOR('',#12662,1.0);
#10076=CARTESIAN_POINT('',(3.25,0.3,-6.95));
#10077=CARTESIAN_POINT('',(3.25,0.3,-9.7725));
#10078=VECTOR('',#12663,1.0);
#10079=AXIS2_PLACEMENT_3D('',#12664,#12665,#12666);
#10080=CARTESIAN_POINT('',(-1.4,0.3,-1.30000000000001));
#10081=CARTESIAN_POINT('',(-2.4,0.3,-1.30000000000001));
#10082=CARTESIAN_POINT('',(-1.2,0.3,-1.30000000000001));
#10083=VECTOR('',#12667,1.0);
#10084=CARTESIAN_POINT('',(-2.4,0.3,-0.666987298107778));
#10085=CARTESIAN_POINT('',(-2.4,0.3,-4.58455735227835));
#10086=VECTOR('',#12668,1.0);
#10087=CARTESIAN_POINT('',(-1.4,0.3,-0.666987298107778));
#10088=CARTESIAN_POINT('',(-1.2,0.3,-0.666987298107778));
#10089=VECTOR('',#12669,1.0);
#10090=CARTESIAN_POINT('',(-1.4,0.3,-4.58455735227835));
#10091=VECTOR('',#12670,1.0);
#10092=CARTESIAN_POINT('',(2.4,0.3,-1.30000000000001));
#10093=CARTESIAN_POINT('',(1.4,0.3,-1.30000000000001));
#10094=CARTESIAN_POINT('',(0.7,0.3,-1.30000000000001));
#10095=VECTOR('',#12671,1.0);
#10096=CARTESIAN_POINT('',(1.4,0.3,-0.666987298107778));
#10097=CARTESIAN_POINT('',(1.4,0.3,-4.58455735227835));
#10098=VECTOR('',#12672,1.0);
#10099=CARTESIAN_POINT('',(2.4,0.3,-0.666987298107778));
#10100=CARTESIAN_POINT('',(0.7,0.3,-0.666987298107778));
#10101=VECTOR('',#12673,1.0);
#10102=CARTESIAN_POINT('',(2.4,0.3,-4.58455735227835));
#10103=VECTOR('',#12674,1.0);
#10104=CARTESIAN_POINT('',(-0.94,0.3,-12.865));
#10105=CARTESIAN_POINT('',(-0.94,0.3,-13.115));
#10106=CARTESIAN_POINT('',(-0.94,0.3,-10.63));
#10107=VECTOR('',#12675,1.0);
#10108=CARTESIAN_POINT('',(-1.56,0.3,-13.115));
#10109=CARTESIAN_POINT('',(-0.625,0.3,-13.115));
#10110=VECTOR('',#12676,1.0);
#10111=CARTESIAN_POINT('',(-1.56,0.3,-12.865));
#10112=CARTESIAN_POINT('',(-1.56,0.3,-10.63));
#10113=VECTOR('',#12677,1.0);
#10114=CARTESIAN_POINT('',(-0.625,0.3,-12.865));
#10115=VECTOR('',#12678,1.0);
#10116=CARTESIAN_POINT('',(1.56,0.3,-12.865));
#10117=CARTESIAN_POINT('',(1.56,0.3,-13.115));
#10118=CARTESIAN_POINT('',(1.56,0.3,-10.63));
#10119=VECTOR('',#12679,1.0);
#10120=CARTESIAN_POINT('',(0.94,0.3,-13.115));
#10121=CARTESIAN_POINT('',(0.625,0.3,-13.115));
#10122=VECTOR('',#12680,1.0);
#10123=CARTESIAN_POINT('',(0.94,0.3,-12.865));
#10124=CARTESIAN_POINT('',(0.94,0.3,-10.63));
#10125=VECTOR('',#12681,1.0);
#10126=CARTESIAN_POINT('',(0.625,0.3,-12.865));
#10127=VECTOR('',#12682,1.0);
#10128=CARTESIAN_POINT('',(-0.94,0.3,-14.865));
#10129=CARTESIAN_POINT('',(-0.94,0.3,-15.115));
#10130=CARTESIAN_POINT('',(-0.94,0.3,-11.63));
#10131=VECTOR('',#12683,1.0);
#10132=CARTESIAN_POINT('',(-1.56,0.3,-15.115));
#10133=CARTESIAN_POINT('',(-0.625,0.3,-15.115));
#10134=VECTOR('',#12684,1.0);
#10135=CARTESIAN_POINT('',(-1.56,0.3,-14.865));
#10136=CARTESIAN_POINT('',(-1.56,0.3,-11.63));
#10137=VECTOR('',#12685,1.0);
#10138=CARTESIAN_POINT('',(-0.625,0.3,-14.865));
#10139=VECTOR('',#12686,1.0);
#10140=CARTESIAN_POINT('',(1.56,0.3,-14.865));
#10141=CARTESIAN_POINT('',(1.56,0.3,-15.115));
#10142=CARTESIAN_POINT('',(1.56,0.3,-11.63));
#10143=VECTOR('',#12687,1.0);
#10144=CARTESIAN_POINT('',(0.94,0.3,-15.115));
#10145=CARTESIAN_POINT('',(0.625,0.3,-15.115));
#10146=VECTOR('',#12688,1.0);
#10147=CARTESIAN_POINT('',(0.94,0.3,-14.865));
#10148=CARTESIAN_POINT('',(0.94,0.3,-11.63));
#10149=VECTOR('',#12689,1.0);
#10150=CARTESIAN_POINT('',(0.625,0.3,-14.865));
#10151=VECTOR('',#12690,1.0);
#10152=CARTESIAN_POINT('',(-5.42,0.3,-0.613));
#10153=CARTESIAN_POINT('',(-5.71,0.3,-0.613));
#10154=CARTESIAN_POINT('',(-2.985,0.3,-0.613));
#10155=VECTOR('',#12691,1.0);
#10156=CARTESIAN_POINT('',(-5.42,0.3,-0.410000000000001));
#10157=CARTESIAN_POINT('',(-5.42,0.3,-4.32825));
#10158=VECTOR('',#12692,1.0);
#10159=CARTESIAN_POINT('',(-2.748,0.3,-0.410000000000005));
#10160=CARTESIAN_POINT('',(-3.01,0.3,-0.409999999999996));
#10161=VECTOR('',#12693,1.0);
#10162=CARTESIAN_POINT('',(-2.748,0.3,-1.363));
#10163=CARTESIAN_POINT('',(-2.748,0.3,-4.51575));
#10164=VECTOR('',#12694,1.0);
#10165=CARTESIAN_POINT('',(-1.05,0.3,-1.363));
#10166=CARTESIAN_POINT('',(-0.9495,0.3,-1.363));
#10167=VECTOR('',#12695,1.0);
#10168=CARTESIAN_POINT('',(-1.05,0.3,-0.41));
#10169=CARTESIAN_POINT('',(-1.05,0.3,-4.51575));
#10170=VECTOR('',#12696,1.0);
#10171=CARTESIAN_POINT('',(-0.198999999999998,0.3,-0.41));
#10172=CARTESIAN_POINT('',(-3.01,0.3,-0.409999999999996));
#10173=VECTOR('',#12697,1.0);
#10174=CARTESIAN_POINT('',(-0.199000000000001,0.3,-2.3156078006241));
#10175=CARTESIAN_POINT('',(-0.199000000000004,0.3,-4.75390195015602));
#10176=VECTOR('',#12698,1.0);
#10177=CARTESIAN_POINT('',(-0.75,0.3,-2.813));
#10178=AXIS2_PLACEMENT_3D('',#12699,#12700,#12701);
#10179=CARTESIAN_POINT('',(-0.75,0.3,-8.093));
#10180=CARTESIAN_POINT('',(-0.75,0.3,-6.799));
#10181=VECTOR('',#12702,1.0);
#10182=CARTESIAN_POINT('',(-3.22,0.3,-8.093));
#10183=CARTESIAN_POINT('',(-3.01,0.3,-8.093));
#10184=VECTOR('',#12703,1.0);
#10185=CARTESIAN_POINT('',(-3.22,0.3,-6.663));
#10186=CARTESIAN_POINT('',(-3.22,0.3,-7.7615));
#10187=VECTOR('',#12704,1.0);
#10188=CARTESIAN_POINT('',(-4.52,0.3,-6.663));
#10189=AXIS2_PLACEMENT_3D('',#12705,#12706,#12707);
#10190=CARTESIAN_POINT('',(-4.52,0.3,-8.093));
#10191=CARTESIAN_POINT('',(-4.52,0.3,-7.7615));
#10192=VECTOR('',#12708,1.0);
#10193=CARTESIAN_POINT('',(-5.71,0.3,-8.093));
#10194=CARTESIAN_POINT('',(-3.01,0.3,-8.093));
#10195=VECTOR('',#12709,1.0);
#10196=CARTESIAN_POINT('',(-5.71,0.3,-8.145));
#10197=VECTOR('',#12710,1.0);
#10198=CARTESIAN_POINT('',(5.71,0.3,-8.093));
#10199=CARTESIAN_POINT('',(5.71,0.3,-8.145));
#10200=VECTOR('',#12711,1.0);
#10201=CARTESIAN_POINT('',(4.52,0.3,-8.093));
#10202=CARTESIAN_POINT('',(-3.01,0.3,-8.093));
#10203=VECTOR('',#12712,1.0);
#10204=CARTESIAN_POINT('',(4.52,0.3,-6.663));
#10205=CARTESIAN_POINT('',(4.52,0.3,-7.7615));
#10206=VECTOR('',#12713,1.0);
#10207=CARTESIAN_POINT('',(3.22,0.3,-6.663));
#10208=AXIS2_PLACEMENT_3D('',#12714,#12715,#12716);
#10209=CARTESIAN_POINT('',(3.22,0.3,-8.093));
#10210=CARTESIAN_POINT('',(3.22,0.3,-7.7615));
#10211=VECTOR('',#12717,1.0);
#10212=CARTESIAN_POINT('',(0.75,0.3,-8.093));
#10213=CARTESIAN_POINT('',(-3.01,0.3,-8.093));
#10214=VECTOR('',#12718,1.0);
#10215=CARTESIAN_POINT('',(0.75,0.3,-2.813));
#10216=CARTESIAN_POINT('',(0.75,0.3,-6.799));
#10217=VECTOR('',#12719,1.0);
#10218=CARTESIAN_POINT('',(0.199000000000001,0.3,-2.31560780062409));
#10219=AXIS2_PLACEMENT_3D('',#12720,#12721,#12722);
#10220=CARTESIAN_POINT('',(0.198999999999998,0.3,-0.409999999999997));
#10221=CARTESIAN_POINT('',(0.199000000000002,0.3,-4.75390195015602));
#10222=VECTOR('',#12723,1.0);
#10223=CARTESIAN_POINT('',(1.05,0.3,-0.409999999999997));
#10224=CARTESIAN_POINT('',(-3.01,0.3,-0.409999999999996));
#10225=VECTOR('',#12724,1.0);
#10226=CARTESIAN_POINT('',(1.05,0.3,-1.363));
#10227=CARTESIAN_POINT('',(1.05,0.3,-4.51575));
#10228=VECTOR('',#12725,1.0);
#10229=CARTESIAN_POINT('',(2.748,0.3,-1.363));
#10230=CARTESIAN_POINT('',(0.9495,0.3,-1.363));
#10231=VECTOR('',#12726,1.0);
#10232=CARTESIAN_POINT('',(2.748,0.3,-0.41000000000002));
#10233=CARTESIAN_POINT('',(2.748,0.3,-4.51575000000001));
#10234=VECTOR('',#12727,1.0);
#10235=CARTESIAN_POINT('',(5.42,0.3,-0.409999999999996));
#10236=CARTESIAN_POINT('',(-3.01,0.3,-0.409999999999996));
#10237=VECTOR('',#12728,1.0);
#10238=CARTESIAN_POINT('',(5.42,0.3,-0.613000000000003));
#10239=CARTESIAN_POINT('',(5.42,0.3,-4.32825));
#10240=VECTOR('',#12729,1.0);
#10241=CARTESIAN_POINT('',(5.71,0.3,-0.613000000000002));
#10242=CARTESIAN_POINT('',(2.98499999999999,0.3,-0.61300000000001));
#10243=VECTOR('',#12730,1.0);
#10244=CARTESIAN_POINT('',(5.71,0.3,-8.145));
#10245=VECTOR('',#12731,1.0);
#10246=CARTESIAN_POINT('',(-5.71,0.3,-8.145));
#10247=VECTOR('',#12732,1.0);
#10248=COLOUR_RGB('',0.901960790157318,0.490196079015732,0.294117659330368);
#10249=CARTESIAN_POINT('',(-5.71,4.75,-14.8));
#10250=CARTESIAN_POINT('',(-5.71,6.05,-14.8));
#10251=CARTESIAN_POINT('',(-5.71,5.7,-14.8));
#10252=VECTOR('',#12733,1.0);
#10253=CARTESIAN_POINT('',(-5.71,6.05,-13.8669872981078));
#10254=CARTESIAN_POINT('',(-5.71,6.05,-11.2602034403121));
#10255=VECTOR('',#12734,1.0);
#10256=CARTESIAN_POINT('',(-5.71,4.75,-13.8669872981078));
#10257=CARTESIAN_POINT('',(-5.71,5.7,-13.8669872981078));
#10258=VECTOR('',#12735,1.0);
#10259=CARTESIAN_POINT('',(-5.71,4.75,-11.2602034403121));
#10260=VECTOR('',#12736,1.0);
#10261=CARTESIAN_POINT('',(-5.71,6.2,-13.4));
#10262=CARTESIAN_POINT('',(-5.71,4.6,-13.4));
#10263=CARTESIAN_POINT('',(-5.71,5.375,-13.4));
#10264=VECTOR('',#12737,1.0);
#10265=CARTESIAN_POINT('',(-5.71,6.2,-14.97));
#10266=CARTESIAN_POINT('',(-5.71,6.2,-11.165));
#10267=VECTOR('',#12738,1.0);
#10268=CARTESIAN_POINT('',(-5.71,4.6,-14.97));
#10269=CARTESIAN_POINT('',(-5.71,5.375,-14.97));
#10270=VECTOR('',#12739,1.0);
#10271=CARTESIAN_POINT('',(-5.71,4.6,-11.165));
#10272=VECTOR('',#12740,1.0);
#10273=COLOUR_RGB('',0.901960790157318,0.490196079015732,0.294117659330368);
#10274=CARTESIAN_POINT('',(-5.71,3.7,-11.07));
#10275=CARTESIAN_POINT('',(-5.71,3.7,-9.5));
#10276=CARTESIAN_POINT('',(-5.71,3.7,-9.215));
#10277=VECTOR('',#12741,1.0);
#10278=CARTESIAN_POINT('',(-5.71,2.3,-11.07));
#10279=CARTESIAN_POINT('',(-5.71,4.175,-11.07));
#10280=VECTOR('',#12742,1.0);
#10281=CARTESIAN_POINT('',(-5.71,2.3,-9.5));
#10282=CARTESIAN_POINT('',(-5.71,2.3,-9.215));
#10283=VECTOR('',#12743,1.0);
#10284=CARTESIAN_POINT('',(-5.71,4.175,-9.5));
#10285=VECTOR('',#12744,1.0);
#10286=CARTESIAN_POINT('',(-5.71,2.4,-10.9));
#10287=CARTESIAN_POINT('',(-5.71,3.6,-10.9));
#10288=CARTESIAN_POINT('',(-5.71,4.475,-10.9));
#10289=VECTOR('',#12745,1.0);
#10290=CARTESIAN_POINT('',(-5.71,3.6,-9.96698729810778));
#10291=CARTESIAN_POINT('',(-5.71,3.6,-9.31020344031214));
#10292=VECTOR('',#12746,1.0);
#10293=CARTESIAN_POINT('',(-5.71,2.4,-9.96698729810778));
#10294=CARTESIAN_POINT('',(-5.71,4.475,-9.96698729810778));
#10295=VECTOR('',#12747,1.0);
#10296=CARTESIAN_POINT('',(-5.71,2.4,-9.31020344031214));
#10297=VECTOR('',#12748,1.0);
#10298=COLOUR_RGB('',0.901960790157318,0.490196079015732,0.294117659330368);
#10299=CARTESIAN_POINT('',(-5.71,0.4,-8.093));
#10300=CARTESIAN_POINT('',(-5.71,2.775,-8.093));
#10301=VECTOR('',#12749,1.0);
#10302=CARTESIAN_POINT('',(-5.71,0.4,-8.593));
#10303=AXIS2_PLACEMENT_3D('',#12750,#12751,#12752);
#10304=CARTESIAN_POINT('',(-5.71,0.4,-8.53825));
#10305=VECTOR('',#12753,1.0);
#10306=COLOUR_RGB('',0.901960790157318,0.490196079015732,0.294117659330368);
#10307=CARTESIAN_POINT('',(-5.71,7.35,-10.9));
#10308=CARTESIAN_POINT('',(-5.71,8.55,-10.9));
#10309=CARTESIAN_POINT('',(-5.71,6.95,-10.9));
#10310=VECTOR('',#12754,1.0);
#10311=CARTESIAN_POINT('',(-5.71,8.55,-9.96698729810778));
#10312=CARTESIAN_POINT('',(-5.71,8.55,-9.31020344031214));
#10313=VECTOR('',#12755,1.0);
#10314=CARTESIAN_POINT('',(-5.71,7.35,-9.96698729810778));
#10315=CARTESIAN_POINT('',(-5.71,6.95,-9.96698729810778));
#10316=VECTOR('',#12756,1.0);
#10317=CARTESIAN_POINT('',(-5.71,7.35,-9.31020344031214));
#10318=VECTOR('',#12757,1.0);
#10319=CARTESIAN_POINT('',(-5.71,8.65,-9.5));
#10320=CARTESIAN_POINT('',(-5.71,7.25,-9.5));
#10321=CARTESIAN_POINT('',(-5.71,6.65,-9.5));
#10322=VECTOR('',#12758,1.0);
#10323=CARTESIAN_POINT('',(-5.71,8.65,-11.07));
#10324=CARTESIAN_POINT('',(-5.71,8.65,-9.215));
#10325=VECTOR('',#12759,1.0);
#10326=CARTESIAN_POINT('',(-5.71,7.25,-11.07));
#10327=CARTESIAN_POINT('',(-5.71,6.65,-11.07));
#10328=VECTOR('',#12760,1.0);
#10329=CARTESIAN_POINT('',(-5.71,7.25,-9.215));
#10330=VECTOR('',#12761,1.0);
#10331=COLOUR_RGB('',0.901960790157318,0.490196079015732,0.294117659330368);
#10332=CARTESIAN_POINT('',(5.71,6.05,-14.8));
#10333=CARTESIAN_POINT('',(5.71,4.75,-14.8));
#10334=CARTESIAN_POINT('',(5.71,5.05,-14.8));
#10335=VECTOR('',#12762,1.0);
#10336=CARTESIAN_POINT('',(5.71,4.75,-13.8669872981078));
#10337=CARTESIAN_POINT('',(5.71,4.75,-11.2602034403121));
#10338=VECTOR('',#12763,1.0);
#10339=CARTESIAN_POINT('',(5.71,6.05,-13.8669872981078));
#10340=CARTESIAN_POINT('',(5.71,5.05,-13.8669872981078));
#10341=VECTOR('',#12764,1.0);
#10342=CARTESIAN_POINT('',(5.71,6.05,-11.2602034403121));
#10343=VECTOR('',#12765,1.0);
#10344=CARTESIAN_POINT('',(5.71,4.6,-13.4));
#10345=CARTESIAN_POINT('',(5.71,6.2,-13.4));
#10346=CARTESIAN_POINT('',(5.71,5.375,-13.4));
#10347=VECTOR('',#12766,1.0);
#10348=CARTESIAN_POINT('',(5.71,4.6,-14.97));
#10349=CARTESIAN_POINT('',(5.71,4.6,-11.165));
#10350=VECTOR('',#12767,1.0);
#10351=CARTESIAN_POINT('',(5.71,6.2,-14.97));
#10352=CARTESIAN_POINT('',(5.71,5.375,-14.97));
#10353=VECTOR('',#12768,1.0);
#10354=CARTESIAN_POINT('',(5.71,6.2,-11.165));
#10355=VECTOR('',#12769,1.0);
#10356=COLOUR_RGB('',0.901960790157318,0.490196079015732,0.294117659330368);
#10357=CARTESIAN_POINT('',(5.71,3.7,-9.5));
#10358=CARTESIAN_POINT('',(5.71,3.7,-11.07));
#10359=CARTESIAN_POINT('',(5.71,3.7,-9.215));
#10360=VECTOR('',#12770,1.0);
#10361=CARTESIAN_POINT('',(5.71,2.3,-9.5));
#10362=CARTESIAN_POINT('',(5.71,4.175,-9.5));
#10363=VECTOR('',#12771,1.0);
#10364=CARTESIAN_POINT('',(5.71,2.3,-11.07));
#10365=CARTESIAN_POINT('',(5.71,2.3,-9.215));
#10366=VECTOR('',#12772,1.0);
#10367=CARTESIAN_POINT('',(5.71,4.175,-11.07));
#10368=VECTOR('',#12773,1.0);
#10369=CARTESIAN_POINT('',(5.71,3.6,-10.9));
#10370=CARTESIAN_POINT('',(5.71,2.4,-10.9));
#10371=CARTESIAN_POINT('',(5.71,3.875,-10.9));
#10372=VECTOR('',#12774,1.0);
#10373=CARTESIAN_POINT('',(5.71,2.4,-9.96698729810778));
#10374=CARTESIAN_POINT('',(5.71,2.4,-9.31020344031214));
#10375=VECTOR('',#12775,1.0);
#10376=CARTESIAN_POINT('',(5.71,3.6,-9.96698729810778));
#10377=CARTESIAN_POINT('',(5.71,3.875,-9.96698729810778));
#10378=VECTOR('',#12776,1.0);
#10379=CARTESIAN_POINT('',(5.71,3.6,-9.31020344031214));
#10380=VECTOR('',#12777,1.0);
#10381=COLOUR_RGB('',0.901960790157318,0.490196079015732,0.294117659330368);
#10382=CARTESIAN_POINT('',(5.71,0.4,-8.593));
#10383=CARTESIAN_POINT('',(5.71,0.4,-8.53825));
#10384=VECTOR('',#12778,1.0);
#10385=CARTESIAN_POINT('',(5.71,0.4,-8.093));
#10386=AXIS2_PLACEMENT_3D('',#12779,#12780,#12781);
#10387=CARTESIAN_POINT('',(5.71,2.775,-8.093));
#10388=VECTOR('',#12782,1.0);
#10389=COLOUR_RGB('',0.901960790157318,0.490196079015732,0.294117659330368);
#10390=CARTESIAN_POINT('',(5.71,8.55,-10.9));
#10391=CARTESIAN_POINT('',(5.71,7.35,-10.9));
#10392=CARTESIAN_POINT('',(5.71,6.35,-10.9));
#10393=VECTOR('',#12783,1.0);
#10394=CARTESIAN_POINT('',(5.71,7.35,-9.96698729810778));
#10395=CARTESIAN_POINT('',(5.71,7.35,-9.31020344031214));
#10396=VECTOR('',#12784,1.0);
#10397=CARTESIAN_POINT('',(5.71,8.55,-9.96698729810778));
#10398=CARTESIAN_POINT('',(5.71,6.35,-9.96698729810778));
#10399=VECTOR('',#12785,1.0);
#10400=CARTESIAN_POINT('',(5.71,8.55,-9.31020344031214));
#10401=VECTOR('',#12786,1.0);
#10402=CARTESIAN_POINT('',(5.71,7.25,-11.07));
#10403=CARTESIAN_POINT('',(5.71,7.25,-9.5));
#10404=CARTESIAN_POINT('',(5.71,7.25,-9.215));
#10405=VECTOR('',#12787,1.0);
#10406=CARTESIAN_POINT('',(5.71,8.65,-11.07));
#10407=CARTESIAN_POINT('',(5.71,6.65,-11.07));
#10408=VECTOR('',#12788,1.0);
#10409=CARTESIAN_POINT('',(5.71,8.65,-9.5));
#10410=CARTESIAN_POINT('',(5.71,8.65,-9.215));
#10411=VECTOR('',#12789,1.0);
#10412=CARTESIAN_POINT('',(5.71,6.65,-9.5));
#10413=VECTOR('',#12790,1.0);
#10414=COLOUR_RGB('',1.0,1.0,0.0);
#10415=CARTESIAN_POINT('',(1.56,-2.5541218929228,-15.115));
#10416=CARTESIAN_POINT('',(1.56,-2.5541218929228,-15.115));
#10417=VECTOR('',#12791,1.0);
#10418=CARTESIAN_POINT('',(1.45,-3.45,-15.115));
#10419=CARTESIAN_POINT('',(1.45,-3.45,-15.115));
#10420=VECTOR('',#12792,0.999999999999999);
#10421=CARTESIAN_POINT('',(1.05,-3.45,-15.115));
#10422=CARTESIAN_POINT('',(1.05,-3.45,-15.115));
#10423=VECTOR('',#12793,1.0);
#10424=CARTESIAN_POINT('',(0.94,-2.5541218929228,-15.115));
#10425=CARTESIAN_POINT('',(1.05,-3.45,-15.115));
#10426=VECTOR('',#12794,1.0);
#10427=CARTESIAN_POINT('',(0.94,-2.5541218929228,-15.115));
#10428=VECTOR('',#12795,1.0);
#10429=COLOUR_RGB('',1.0,1.0,0.0);
#10430=CARTESIAN_POINT('',(1.56,-2.5541218929228,-14.865));
#10431=CARTESIAN_POINT('',(1.56,-2.5541218929228,-14.865));
#10432=VECTOR('',#12796,1.0);
#10433=CARTESIAN_POINT('',(1.56,-2.5541218929228,-15.115));
#10434=VECTOR('',#12797,1.0);
#10435=COLOUR_RGB('',1.0,1.0,0.0);
#10436=CARTESIAN_POINT('',(1.05,-3.45,-14.865));
#10437=CARTESIAN_POINT('',(0.94,-2.5541218929228,-14.865));
#10438=CARTESIAN_POINT('',(1.05,-3.45,-14.865));
#10439=VECTOR('',#12798,1.0);
#10440=CARTESIAN_POINT('',(0.94,-2.5541218929228,-15.115));
#10441=VECTOR('',#12799,1.0);
#10442=CARTESIAN_POINT('',(1.05,-3.45,-15.115));
#10443=VECTOR('',#12800,1.0);
#10444=COLOUR_RGB('',1.0,1.0,0.0);
#10445=CARTESIAN_POINT('',(0.94,-2.5541218929228,-14.865));
#10446=VECTOR('',#12801,1.0);
#10447=COLOUR_RGB('',1.0,1.0,0.0);
#10448=CARTESIAN_POINT('',(1.45,-3.45,-14.865));
#10449=CARTESIAN_POINT('',(1.45,-3.45,-14.865));
#10450=VECTOR('',#12802,0.999999999999999);
#10451=CARTESIAN_POINT('',(1.45,-3.45,-15.115));
#10452=VECTOR('',#12803,1.0);
#10453=COLOUR_RGB('',1.0,1.0,0.0);
#10454=CARTESIAN_POINT('',(1.05,-3.45,-14.865));
#10455=VECTOR('',#12804,1.0);
#10456=COLOUR_RGB('',1.0,1.0,0.0);
#10457=COLOUR_RGB('',1.0,1.0,0.0);
#10458=CARTESIAN_POINT('',(-0.94,-2.5541218929228,-15.115));
#10459=CARTESIAN_POINT('',(-0.94,-2.5541218929228,-15.115));
#10460=VECTOR('',#12805,1.0);
#10461=CARTESIAN_POINT('',(-1.05,-3.45,-15.115));
#10462=CARTESIAN_POINT('',(-1.05,-3.45,-15.115));
#10463=VECTOR('',#12806,1.0);
#10464=CARTESIAN_POINT('',(-1.45,-3.45,-15.115));
#10465=CARTESIAN_POINT('',(-1.45,-3.45,-15.115));
#10466=VECTOR('',#12807,1.0);
#10467=CARTESIAN_POINT('',(-1.56,-2.5541218929228,-15.115));
#10468=CARTESIAN_POINT('',(-1.45,-3.45,-15.115));
#10469=VECTOR('',#12808,1.0);
#10470=CARTESIAN_POINT('',(-1.56,-2.5541218929228,-15.115));
#10471=VECTOR('',#12809,1.0);
#10472=COLOUR_RGB('',1.0,1.0,0.0);
#10473=CARTESIAN_POINT('',(-0.94,-2.5541218929228,-14.865));
#10474=CARTESIAN_POINT('',(-0.94,-2.5541218929228,-14.865));
#10475=VECTOR('',#12810,1.0);
#10476=CARTESIAN_POINT('',(-0.94,-2.5541218929228,-15.115));
#10477=VECTOR('',#12811,1.0);
#10478=COLOUR_RGB('',1.0,1.0,0.0);
#10479=CARTESIAN_POINT('',(-1.45,-3.45,-14.865));
#10480=CARTESIAN_POINT('',(-1.56,-2.5541218929228,-14.865));
#10481=CARTESIAN_POINT('',(-1.45,-3.45,-14.865));
#10482=VECTOR('',#12812,1.0);
#10483=CARTESIAN_POINT('',(-1.56,-2.5541218929228,-15.115));
#10484=VECTOR('',#12813,1.0);
#10485=CARTESIAN_POINT('',(-1.45,-3.45,-15.115));
#10486=VECTOR('',#12814,1.0);
#10487=COLOUR_RGB('',1.0,1.0,0.0);
#10488=CARTESIAN_POINT('',(-1.56,-2.5541218929228,-14.865));
#10489=VECTOR('',#12815,1.0);
#10490=COLOUR_RGB('',1.0,1.0,0.0);
#10491=CARTESIAN_POINT('',(-1.05,-3.45,-14.865));
#10492=CARTESIAN_POINT('',(-1.05,-3.45,-14.865));
#10493=VECTOR('',#12816,0.999999999999999);
#10494=CARTESIAN_POINT('',(-1.05,-3.45,-15.115));
#10495=VECTOR('',#12817,1.0);
#10496=COLOUR_RGB('',1.0,1.0,0.0);
#10497=CARTESIAN_POINT('',(-1.45,-3.45,-14.865));
#10498=VECTOR('',#12818,1.0);
#10499=COLOUR_RGB('',1.0,1.0,0.0);
#10500=COLOUR_RGB('',1.0,1.0,0.0);
#10501=CARTESIAN_POINT('',(1.56,-2.5541218929228,-13.115));
#10502=CARTESIAN_POINT('',(1.56,-2.5541218929228,-13.115));
#10503=VECTOR('',#12819,1.0);
#10504=CARTESIAN_POINT('',(1.45,-3.45,-13.115));
#10505=CARTESIAN_POINT('',(1.45,-3.45,-13.115));
#10506=VECTOR('',#12820,1.0);
#10507=CARTESIAN_POINT('',(1.05,-3.45,-13.115));
#10508=CARTESIAN_POINT('',(1.05,-3.45,-13.115));
#10509=VECTOR('',#12821,1.0);
#10510=CARTESIAN_POINT('',(0.94,-2.5541218929228,-13.115));
#10511=CARTESIAN_POINT('',(1.05,-3.45,-13.115));
#10512=VECTOR('',#12822,1.0);
#10513=CARTESIAN_POINT('',(0.94,-2.5541218929228,-13.115));
#10514=VECTOR('',#12823,1.0);
#10515=COLOUR_RGB('',1.0,1.0,0.0);
#10516=CARTESIAN_POINT('',(1.56,-2.5541218929228,-12.865));
#10517=CARTESIAN_POINT('',(1.56,-2.5541218929228,-12.865));
#10518=VECTOR('',#12824,1.0);
#10519=CARTESIAN_POINT('',(1.56,-2.5541218929228,-13.115));
#10520=VECTOR('',#12825,1.0);
#10521=COLOUR_RGB('',1.0,1.0,0.0);
#10522=CARTESIAN_POINT('',(1.05,-3.45,-12.865));
#10523=CARTESIAN_POINT('',(0.94,-2.5541218929228,-12.865));
#10524=CARTESIAN_POINT('',(1.05,-3.45,-12.865));
#10525=VECTOR('',#12826,1.0);
#10526=CARTESIAN_POINT('',(0.94,-2.5541218929228,-13.115));
#10527=VECTOR('',#12827,1.0);
#10528=CARTESIAN_POINT('',(1.05,-3.45,-13.115));
#10529=VECTOR('',#12828,1.0);
#10530=COLOUR_RGB('',1.0,1.0,0.0);
#10531=CARTESIAN_POINT('',(0.94,-2.5541218929228,-12.865));
#10532=VECTOR('',#12829,1.0);
#10533=COLOUR_RGB('',1.0,1.0,0.0);
#10534=CARTESIAN_POINT('',(1.45,-3.45,-12.865));
#10535=CARTESIAN_POINT('',(1.45,-3.45,-12.865));
#10536=VECTOR('',#12830,0.999999999999999);
#10537=CARTESIAN_POINT('',(1.45,-3.45,-13.115));
#10538=VECTOR('',#12831,1.0);
#10539=COLOUR_RGB('',1.0,1.0,0.0);
#10540=CARTESIAN_POINT('',(1.05,-3.45,-12.865));
#10541=VECTOR('',#12832,1.0);
#10542=COLOUR_RGB('',1.0,1.0,0.0);
#10543=COLOUR_RGB('',1.0,1.0,0.0);
#10544=CARTESIAN_POINT('',(-0.94,-2.5541218929228,-13.115));
#10545=CARTESIAN_POINT('',(-0.94,-2.5541218929228,-13.115));
#10546=VECTOR('',#12833,1.0);
#10547=CARTESIAN_POINT('',(-1.05,-3.45,-13.115));
#10548=CARTESIAN_POINT('',(-1.05,-3.45,-13.115));
#10549=VECTOR('',#12834,1.0);
#10550=CARTESIAN_POINT('',(-1.45,-3.45,-13.115));
#10551=CARTESIAN_POINT('',(-1.45,-3.45,-13.115));
#10552=VECTOR('',#12835,1.0);
#10553=CARTESIAN_POINT('',(-1.56,-2.5541218929228,-13.115));
#10554=CARTESIAN_POINT('',(-1.45,-3.45,-13.115));
#10555=VECTOR('',#12836,1.0);
#10556=CARTESIAN_POINT('',(-1.56,-2.5541218929228,-13.115));
#10557=VECTOR('',#12837,1.0);
#10558=COLOUR_RGB('',1.0,1.0,0.0);
#10559=CARTESIAN_POINT('',(-0.94,-2.5541218929228,-12.865));
#10560=CARTESIAN_POINT('',(-0.94,-2.5541218929228,-12.865));
#10561=VECTOR('',#12838,1.0);
#10562=CARTESIAN_POINT('',(-0.94,-2.5541218929228,-13.115));
#10563=VECTOR('',#12839,1.0);
#10564=COLOUR_RGB('',1.0,1.0,0.0);
#10565=CARTESIAN_POINT('',(-1.45,-3.45,-12.865));
#10566=CARTESIAN_POINT('',(-1.56,-2.5541218929228,-12.865));
#10567=CARTESIAN_POINT('',(-1.45,-3.45,-12.865));
#10568=VECTOR('',#12840,1.0);
#10569=CARTESIAN_POINT('',(-1.56,-2.5541218929228,-13.115));
#10570=VECTOR('',#12841,1.0);
#10571=CARTESIAN_POINT('',(-1.45,-3.45,-13.115));
#10572=VECTOR('',#12842,1.0);
#10573=COLOUR_RGB('',1.0,1.0,0.0);
#10574=CARTESIAN_POINT('',(-1.56,-2.5541218929228,-12.865));
#10575=VECTOR('',#12843,1.0);
#10576=COLOUR_RGB('',1.0,1.0,0.0);
#10577=CARTESIAN_POINT('',(-1.05,-3.45,-12.865));
#10578=CARTESIAN_POINT('',(-1.05,-3.45,-12.865));
#10579=VECTOR('',#12844,1.0);
#10580=CARTESIAN_POINT('',(-1.05,-3.45,-13.115));
#10581=VECTOR('',#12845,1.0);
#10582=COLOUR_RGB('',1.0,1.0,0.0);
#10583=CARTESIAN_POINT('',(-1.45,-3.45,-12.865));
#10584=VECTOR('',#12846,1.0);
#10585=COLOUR_RGB('',1.0,1.0,0.0);
#10586=COLOUR_RGB('',1.0,1.0,0.0);
#10587=CARTESIAN_POINT('',(0.65,6.98,-3.07577571533339));
#10588=CARTESIAN_POINT('',(1.85,6.98,-3.07577571533339));
#10589=CARTESIAN_POINT('',(-0.474999999999999,6.98,-3.07577571533339));
#10590=VECTOR('',#12847,1.0);
#10591=CARTESIAN_POINT('',(0.65,7.28682817214264,-3.62672824244783));
#10592=CARTESIAN_POINT('',(0.65,7.28682817214264,-3.62672824244783));
#10593=VECTOR('',#12848,1.0);
#10594=CARTESIAN_POINT('',(1.85,7.28682817214264,-3.62672824244783));
#10595=CARTESIAN_POINT('',(1.85,7.28682817214264,-3.62672824244783));
#10596=VECTOR('',#12849,1.0);
#10597=CARTESIAN_POINT('',(1.85,7.28682817214264,-3.62672824244783));
#10598=VECTOR('',#12850,1.0);
#10599=COLOUR_RGB('',1.0,1.0,0.0);
#10600=CARTESIAN_POINT('',(1.85,6.98,-2.60526857288185));
#10601=CARTESIAN_POINT('',(1.85,6.98,-4.76402082865284));
#10602=VECTOR('',#12851,1.0);
#10603=CARTESIAN_POINT('',(1.85,7.30972135468753,-4.06661199364298));
#10604=AXIS2_PLACEMENT_3D('',#12852,#12853,#12854);
#10605=CARTESIAN_POINT('',(1.85,6.98,-4.83757181678381));
#10606=CARTESIAN_POINT('',(1.85,5.90125480376141,-7.35991134342527));
#10607=VECTOR('',#12855,0.999999999999999);
#10608=CARTESIAN_POINT('',(1.85,6.98,-5.45709511648369));
#10609=CARTESIAN_POINT('',(1.85,6.98,-4.76402082865284));
#10610=VECTOR('',#12856,1.0);
#10611=CARTESIAN_POINT('',(1.85,7.53823528496604,-4.16804729914514));
#10612=CARTESIAN_POINT('',(1.85,7.53823528496604,-4.16804729914514));
#10613=VECTOR('',#12857,1.0);
#10614=CARTESIAN_POINT('',(1.85,7.4976695159326,-3.49181459820395));
#10615=AXIS2_PLACEMENT_3D('',#12858,#12859,#12860);
#10616=CARTESIAN_POINT('',(1.85,6.72,-2.16));
#10617=VECTOR('',#12861,0.999999999999999);
#10618=COLOUR_RGB('',1.0,1.0,0.0);
#10619=CARTESIAN_POINT('',(0.65,6.98,-4.83757181678381));
#10620=CARTESIAN_POINT('',(-0.475,6.98,-4.83757181678381));
#10621=VECTOR('',#12862,1.0);
#10622=CARTESIAN_POINT('',(0.65,7.30972135468753,-4.06661199364298));
#10623=CARTESIAN_POINT('',(1.85,7.30972135468753,-4.06661199364298));
#10624=VECTOR('',#12863,1.0);
#10625=CARTESIAN_POINT('',(0.65,5.90125480376141,-7.35991134342527));
#10626=VECTOR('',#12864,0.999999999999999);
#10627=COLOUR_RGB('',1.0,1.0,0.0);
#10628=CARTESIAN_POINT('',(0.65,6.98,-5.4570951164837));
#10629=CARTESIAN_POINT('',(-0.475,6.98,-5.45709511648369));
#10630=VECTOR('',#12865,1.0);
#10631=CARTESIAN_POINT('',(0.65,7.53823528496604,-4.16804729914514));
#10632=CARTESIAN_POINT('',(0.65,7.53823528496604,-4.16804729914514));
#10633=VECTOR('',#12866,1.0);
#10634=CARTESIAN_POINT('',(1.85,7.53823528496604,-4.16804729914514));
#10635=VECTOR('',#12867,1.0);
#10636=COLOUR_RGB('',1.0,1.0,0.0);
#10637=CARTESIAN_POINT('',(0.65,7.4976695159326,-3.49181459820395));
#10638=AXIS2_PLACEMENT_3D('',#12868,#12869,#12870);
#10639=CARTESIAN_POINT('',(1.85,7.4976695159326,-3.49181459820395));
#10640=VECTOR('',#12871,1.0);
#10641=COLOUR_RGB('',1.0,1.0,0.0);
#10642=CARTESIAN_POINT('',(0.65,6.98,-2.60526857288185));
#10643=CARTESIAN_POINT('',(-0.474999999999999,6.98,-2.60526857288185));
#10644=VECTOR('',#12872,1.0);
#10645=CARTESIAN_POINT('',(0.65,6.72,-2.16));
#10646=VECTOR('',#12873,0.999999999999999);
#10647=COLOUR_RGB('',1.0,1.0,0.0);
#10648=AXIS2_PLACEMENT_3D('',#12874,#12875,#12876);
#10649=COLOUR_RGB('',1.0,1.0,0.0);
#10650=CARTESIAN_POINT('',(0.65,6.98,-4.76402082865284));
#10651=VECTOR('',#12877,1.0);
#10652=CARTESIAN_POINT('',(0.65,6.98,-4.76402082865284));
#10653=VECTOR('',#12878,1.0);
#10654=COLOUR_RGB('',0.901960790157318,0.490196079015732,0.294117659330368);
#10655=CARTESIAN_POINT('',(-1.85,6.98,-3.07577571533339));
#10656=CARTESIAN_POINT('',(-0.65,6.98,-3.07577571533339));
#10657=CARTESIAN_POINT('',(-1.725,6.98,-3.07577571533339));
#10658=VECTOR('',#12879,1.0);
#10659=CARTESIAN_POINT('',(-0.65,6.98,-2.60526857288185));
#10660=CARTESIAN_POINT('',(-0.65,6.98,-4.76402082865284));
#10661=VECTOR('',#12880,1.0);
#10662=CARTESIAN_POINT('',(-1.85,6.98,-2.60526857288185));
#10663=CARTESIAN_POINT('',(-1.725,6.98,-2.60526857288185));
#10664=VECTOR('',#12881,1.0);
#10665=CARTESIAN_POINT('',(-1.85,6.98,-4.76402082865284));
#10666=VECTOR('',#12882,1.0);
#10667=CARTESIAN_POINT('',(-0.65,6.98,-4.83757181678381));
#10668=CARTESIAN_POINT('',(-1.85,6.98,-4.83757181678381));
#10669=CARTESIAN_POINT('',(-1.725,6.98,-4.83757181678381));
#10670=VECTOR('',#12883,1.0);
#10671=CARTESIAN_POINT('',(-1.85,6.98,-5.45709511648369));
#10672=CARTESIAN_POINT('',(-1.85,6.98,-4.76402082865284));
#10673=VECTOR('',#12884,1.0);
#10674=CARTESIAN_POINT('',(-0.65,6.98,-5.45709511648369));
#10675=CARTESIAN_POINT('',(-1.725,6.98,-5.45709511648369));
#10676=VECTOR('',#12885,1.0);
#10677=CARTESIAN_POINT('',(-0.65,6.98,-4.76402082865284));
#10678=VECTOR('',#12886,1.0);
#10679=CARTESIAN_POINT('',(-2.8,6.98,-9.1));
#10680=CARTESIAN_POINT('',(2.8,6.98,-9.1));
#10681=CARTESIAN_POINT('',(-1.4,6.98,-9.1));
#10682=VECTOR('',#12887,1.0);
#10683=CARTESIAN_POINT('',(-2.8,6.98,-0.500000000000001));
#10684=CARTESIAN_POINT('',(-2.8,6.98,-0.500000000000001));
#10685=VECTOR('',#12888,1.0);
#10686=CARTESIAN_POINT('',(2.8,6.98,-0.5));
#10687=CARTESIAN_POINT('',(-2.8,6.98,-0.500000000000001));
#10688=VECTOR('',#12889,1.0);
#10689=CARTESIAN_POINT('',(2.8,6.98,-0.5));
#10690=VECTOR('',#12890,1.0);
#10691=COLOUR_RGB('',1.0,1.0,0.0);
#10692=CARTESIAN_POINT('',(-1.85,7.28682817214264,-3.62672824244783));
#10693=CARTESIAN_POINT('',(-1.85,7.28682817214264,-3.62672824244783));
#10694=VECTOR('',#12891,1.0);
#10695=CARTESIAN_POINT('',(-0.65,7.28682817214264,-3.62672824244783));
#10696=CARTESIAN_POINT('',(-0.65,7.28682817214264,-3.62672824244783));
#10697=VECTOR('',#12892,1.0);
#10698=CARTESIAN_POINT('',(-0.65,7.28682817214264,-3.62672824244783));
#10699=VECTOR('',#12893,1.0);
#10700=COLOUR_RGB('',1.0,1.0,0.0);
#10701=CARTESIAN_POINT('',(-0.65,7.30972135468753,-4.06661199364298));
#10702=AXIS2_PLACEMENT_3D('',#12894,#12895,#12896);
#10703=CARTESIAN_POINT('',(-0.65,5.90125480376141,-7.35991134342527));
#10704=VECTOR('',#12897,0.999999999999999);
#10705=CARTESIAN_POINT('',(-0.65,7.53823528496604,-4.16804729914514));
#10706=CARTESIAN_POINT('',(-0.65,7.53823528496604,-4.16804729914514));
#10707=VECTOR('',#12898,1.0);
#10708=CARTESIAN_POINT('',(-0.65,7.4976695159326,-3.49181459820395));
#10709=AXIS2_PLACEMENT_3D('',#12899,#12900,#12901);
#10710=CARTESIAN_POINT('',(-0.65,6.72,-2.16));
#10711=VECTOR('',#12902,0.999999999999999);
#10712=COLOUR_RGB('',1.0,1.0,0.0);
#10713=CARTESIAN_POINT('',(-1.85,7.30972135468753,-4.06661199364298));
#10714=CARTESIAN_POINT('',(-0.65,7.30972135468753,-4.06661199364298));
#10715=VECTOR('',#12903,1.0);
#10716=CARTESIAN_POINT('',(-1.85,5.90125480376141,-7.35991134342527));
#10717=VECTOR('',#12904,0.999999999999999);
#10718=COLOUR_RGB('',1.0,1.0,0.0);
#10719=CARTESIAN_POINT('',(-1.85,7.53823528496604,-4.16804729914514));
#10720=CARTESIAN_POINT('',(-1.85,7.53823528496604,-4.16804729914514));
#10721=VECTOR('',#12905,1.0);
#10722=CARTESIAN_POINT('',(-0.65,7.53823528496604,-4.16804729914514));
#10723=VECTOR('',#12906,1.0);
#10724=COLOUR_RGB('',1.0,1.0,0.0);
#10725=CARTESIAN_POINT('',(-1.85,7.4976695159326,-3.49181459820395));
#10726=AXIS2_PLACEMENT_3D('',#12907,#12908,#12909);
#10727=CARTESIAN_POINT('',(-0.65,7.4976695159326,-3.49181459820395));
#10728=VECTOR('',#12910,1.0);
#10729=COLOUR_RGB('',1.0,1.0,0.0);
#10730=CARTESIAN_POINT('',(-1.85,6.72,-2.16));
#10731=VECTOR('',#12911,0.999999999999999);
#10732=COLOUR_RGB('',1.0,1.0,0.0);
#10733=AXIS2_PLACEMENT_3D('',#12912,#12913,#12914);
#10734=COLOUR_RGB('',1.0,1.0,0.0);
#10735=COLOUR_RGB('',1.0,1.0,0.0);
#10736=CARTESIAN_POINT('',(1.85,3.8,-3.07577571533339));
#10737=CARTESIAN_POINT('',(0.65,3.8,-3.07577571533339));
#10738=CARTESIAN_POINT('',(-1.075,3.8,-3.07577571533339));
#10739=VECTOR('',#12915,1.0);
#10740=CARTESIAN_POINT('',(1.85,3.49317182785736,-3.62672824244783));
#10741=CARTESIAN_POINT('',(1.85,3.49317182785736,-3.62672824244783));
#10742=VECTOR('',#12916,1.0);
#10743=CARTESIAN_POINT('',(0.65,3.49317182785736,-3.62672824244783));
#10744=CARTESIAN_POINT('',(0.65,3.49317182785736,-3.62672824244783));
#10745=VECTOR('',#12917,1.0);
#10746=CARTESIAN_POINT('',(0.65,3.49317182785736,-3.62672824244783));
#10747=VECTOR('',#12918,1.0);
#10748=COLOUR_RGB('',1.0,1.0,0.0);
#10749=CARTESIAN_POINT('',(0.65,3.8,-2.60526857288185));
#10750=CARTESIAN_POINT('',(0.65,3.8,-4.76402082865284));
#10751=VECTOR('',#12919,1.0);
#10752=CARTESIAN_POINT('',(0.65,3.47027864531247,-4.06661199364298));
#10753=AXIS2_PLACEMENT_3D('',#12920,#12921,#12922);
#10754=CARTESIAN_POINT('',(0.65,3.8,-4.83757181678381));
#10755=CARTESIAN_POINT('',(0.65,4.87874519623859,-7.35991134342527));
#10756=VECTOR('',#12923,0.999999999999999);
#10757=CARTESIAN_POINT('',(0.65,3.8,-5.45709511648369));
#10758=CARTESIAN_POINT('',(0.65,3.8,-4.76402082865284));
#10759=VECTOR('',#12924,1.0);
#10760=CARTESIAN_POINT('',(0.65,3.24176471503396,-4.16804729914514));
#10761=CARTESIAN_POINT('',(0.65,3.24176471503396,-4.16804729914514));
#10762=VECTOR('',#12925,1.0);
#10763=CARTESIAN_POINT('',(0.65,3.2823304840674,-3.49181459820395));
#10764=AXIS2_PLACEMENT_3D('',#12926,#12927,#12928);
#10765=CARTESIAN_POINT('',(0.65,4.06,-2.16));
#10766=VECTOR('',#12929,0.999999999999999);
#10767=COLOUR_RGB('',1.0,1.0,0.0);
#10768=CARTESIAN_POINT('',(1.85,3.8,-4.83757181678381));
#10769=CARTESIAN_POINT('',(-1.075,3.8,-4.83757181678381));
#10770=VECTOR('',#12930,1.0);
#10771=CARTESIAN_POINT('',(1.85,3.47027864531247,-4.06661199364298));
#10772=CARTESIAN_POINT('',(0.65,3.47027864531247,-4.06661199364298));
#10773=VECTOR('',#12931,1.0);
#10774=CARTESIAN_POINT('',(1.85,4.87874519623859,-7.35991134342527));
#10775=VECTOR('',#12932,0.999999999999999);
#10776=COLOUR_RGB('',1.0,1.0,0.0);
#10777=CARTESIAN_POINT('',(1.85,3.8,-5.45709511648369));
#10778=CARTESIAN_POINT('',(-1.075,3.8,-5.4570951164837));
#10779=VECTOR('',#12933,1.0);
#10780=CARTESIAN_POINT('',(1.85,3.24176471503396,-4.16804729914514));
#10781=CARTESIAN_POINT('',(1.85,3.24176471503396,-4.16804729914514));
#10782=VECTOR('',#12934,1.0);
#10783=CARTESIAN_POINT('',(0.65,3.24176471503396,-4.16804729914514));
#10784=VECTOR('',#12935,1.0);
#10785=COLOUR_RGB('',1.0,1.0,0.0);
#10786=CARTESIAN_POINT('',(1.85,3.2823304840674,-3.49181459820395));
#10787=AXIS2_PLACEMENT_3D('',#12936,#12937,#12938);
#10788=CARTESIAN_POINT('',(0.65,3.2823304840674,-3.49181459820395));
#10789=VECTOR('',#12939,1.0);
#10790=COLOUR_RGB('',1.0,1.0,0.0);
#10791=CARTESIAN_POINT('',(1.85,3.8,-2.60526857288185));
#10792=CARTESIAN_POINT('',(-1.075,3.8,-2.60526857288185));
#10793=VECTOR('',#12940,1.0);
#10794=CARTESIAN_POINT('',(1.85,4.06,-2.16));
#10795=VECTOR('',#12941,0.999999999999999);
#10796=COLOUR_RGB('',1.0,1.0,0.0);
#10797=AXIS2_PLACEMENT_3D('',#12942,#12943,#12944);
#10798=COLOUR_RGB('',1.0,1.0,0.0);
#10799=CARTESIAN_POINT('',(1.85,3.8,-4.76402082865284));
#10800=VECTOR('',#12945,1.0);
#10801=CARTESIAN_POINT('',(1.85,3.8,-4.76402082865284));
#10802=VECTOR('',#12946,1.0);
#10803=COLOUR_RGB('',0.901960790157318,0.490196079015732,0.294117659330368);
#10804=CARTESIAN_POINT('',(-0.65,3.8,-3.07577571533339));
#10805=CARTESIAN_POINT('',(-1.85,3.8,-3.07577571533339));
#10806=CARTESIAN_POINT('',(-2.325,3.8,-3.07577571533339));
#10807=VECTOR('',#12947,1.0);
#10808=CARTESIAN_POINT('',(-1.85,3.8,-2.60526857288185));
#10809=CARTESIAN_POINT('',(-1.85,3.8,-4.76402082865284));
#10810=VECTOR('',#12948,1.0);
#10811=CARTESIAN_POINT('',(-0.65,3.8,-2.60526857288185));
#10812=CARTESIAN_POINT('',(-2.325,3.8,-2.60526857288185));
#10813=VECTOR('',#12949,1.0);
#10814=CARTESIAN_POINT('',(-0.65,3.8,-4.76402082865284));
#10815=VECTOR('',#12950,1.0);
#10816=CARTESIAN_POINT('',(-1.85,3.8,-4.83757181678381));
#10817=CARTESIAN_POINT('',(-0.65,3.8,-4.83757181678381));
#10818=CARTESIAN_POINT('',(-2.325,3.8,-4.83757181678381));
#10819=VECTOR('',#12951,1.0);
#10820=CARTESIAN_POINT('',(-0.65,3.8,-5.45709511648369));
#10821=CARTESIAN_POINT('',(-0.65,3.8,-4.76402082865284));
#10822=VECTOR('',#12952,1.0);
#10823=CARTESIAN_POINT('',(-1.85,3.8,-5.45709511648369));
#10824=CARTESIAN_POINT('',(-2.325,3.8,-5.4570951164837));
#10825=VECTOR('',#12953,1.0);
#10826=CARTESIAN_POINT('',(-1.85,3.8,-4.76402082865284));
#10827=VECTOR('',#12954,1.0);
#10828=CARTESIAN_POINT('',(2.8,3.8,-9.1));
#10829=CARTESIAN_POINT('',(-2.8,3.8,-9.1));
#10830=CARTESIAN_POINT('',(-1.4,3.8,-9.1));
#10831=VECTOR('',#12955,1.0);
#10832=CARTESIAN_POINT('',(2.8,3.8,-0.499999999999999));
#10833=CARTESIAN_POINT('',(2.8,3.8,-0.499999999999999));
#10834=VECTOR('',#12956,1.0);
#10835=CARTESIAN_POINT('',(-2.8,3.8,-0.5));
#10836=CARTESIAN_POINT('',(-2.8,3.8,-0.5));
#10837=VECTOR('',#12957,1.0);
#10838=CARTESIAN_POINT('',(-2.8,3.8,-0.5));
#10839=VECTOR('',#12958,1.0);
#10840=COLOUR_RGB('',1.0,1.0,0.0);
#10841=CARTESIAN_POINT('',(-0.65,3.49317182785736,-3.62672824244783));
#10842=CARTESIAN_POINT('',(-0.65,3.49317182785736,-3.62672824244783));
#10843=VECTOR('',#12959,1.0);
#10844=CARTESIAN_POINT('',(-1.85,3.49317182785736,-3.62672824244783));
#10845=CARTESIAN_POINT('',(-1.85,3.49317182785736,-3.62672824244783));
#10846=VECTOR('',#12960,1.0);
#10847=CARTESIAN_POINT('',(-1.85,3.49317182785736,-3.62672824244783));
#10848=VECTOR('',#12961,1.0);
#10849=COLOUR_RGB('',1.0,1.0,0.0);
#10850=CARTESIAN_POINT('',(-1.85,3.47027864531247,-4.06661199364298));
#10851=AXIS2_PLACEMENT_3D('',#12962,#12963,#12964);
#10852=CARTESIAN_POINT('',(-1.85,4.87874519623859,-7.35991134342527));
#10853=VECTOR('',#12965,1.0);
#10854=CARTESIAN_POINT('',(-1.85,3.24176471503396,-4.16804729914514));
#10855=CARTESIAN_POINT('',(-1.85,3.24176471503396,-4.16804729914514));
#10856=VECTOR('',#12966,1.0);
#10857=CARTESIAN_POINT('',(-1.85,3.2823304840674,-3.49181459820395));
#10858=AXIS2_PLACEMENT_3D('',#12967,#12968,#12969);
#10859=CARTESIAN_POINT('',(-1.85,4.06,-2.16));
#10860=VECTOR('',#12970,1.0);
#10861=COLOUR_RGB('',1.0,1.0,0.0);
#10862=CARTESIAN_POINT('',(-0.65,3.47027864531247,-4.06661199364298));
#10863=CARTESIAN_POINT('',(-1.85,3.47027864531247,-4.06661199364298));
#10864=VECTOR('',#12971,1.0);
#10865=CARTESIAN_POINT('',(-0.65,4.87874519623859,-7.35991134342527));
#10866=VECTOR('',#12972,0.999999999999999);
#10867=COLOUR_RGB('',1.0,1.0,0.0);
#10868=CARTESIAN_POINT('',(-0.65,3.24176471503396,-4.16804729914514));
#10869=CARTESIAN_POINT('',(-0.65,3.24176471503396,-4.16804729914514));
#10870=VECTOR('',#12973,1.0);
#10871=CARTESIAN_POINT('',(-1.85,3.24176471503396,-4.16804729914514));
#10872=VECTOR('',#12974,1.0);
#10873=COLOUR_RGB('',1.0,1.0,0.0);
#10874=CARTESIAN_POINT('',(-0.65,3.2823304840674,-3.49181459820395));
#10875=AXIS2_PLACEMENT_3D('',#12975,#12976,#12977);
#10876=CARTESIAN_POINT('',(-1.85,3.2823304840674,-3.49181459820395));
#10877=VECTOR('',#12978,1.0);
#10878=COLOUR_RGB('',1.0,1.0,0.0);
#10879=CARTESIAN_POINT('',(-0.65,4.06,-2.16));
#10880=VECTOR('',#12979,0.999999999999999);
#10881=COLOUR_RGB('',1.0,1.0,0.0);
#10882=AXIS2_PLACEMENT_3D('',#12980,#12981,#12982);
#10883=COLOUR_RGB('',1.0,1.0,0.0);
#10884=COLOUR_RGB('',0.901960790157318,0.490196079015732,0.294117659330368);
#10885=CARTESIAN_POINT('',(2.8,5.2105760019119,-9.1));
#10886=VECTOR('',#12983,1.0);
#10887=CARTESIAN_POINT('',(2.8,6.78,-0.3));
#10888=CARTESIAN_POINT('',(2.8,6.78,-0.3));
#10889=VECTOR('',#12984,1.0);
#10890=CARTESIAN_POINT('',(2.8,4.0,-0.3));
#10891=CARTESIAN_POINT('',(2.8,4.0,-0.3));
#10892=VECTOR('',#12985,1.0);
#10893=CARTESIAN_POINT('',(2.8,4.0,-0.3));
#10894=VECTOR('',#12986,1.0);
#10895=COLOUR_RGB('',0.901960790157318,0.490196079015732,0.294117659330368);
#10896=CARTESIAN_POINT('',(-2.8,4.0,-0.3));
#10897=CARTESIAN_POINT('',(-2.8,4.0,-0.3));
#10898=VECTOR('',#12987,1.0);
#10899=CARTESIAN_POINT('',(-2.8,4.0,-0.3));
#10900=VECTOR('',#12988,1.0);
#10901=COLOUR_RGB('',0.901960790157318,0.490196079015732,0.294117659330368);
#10902=CARTESIAN_POINT('',(-2.8,6.78,-0.3));
#10903=CARTESIAN_POINT('',(-2.8,6.78,-0.3));
#10904=VECTOR('',#12989,1.0);
#10905=CARTESIAN_POINT('',(-2.8,4.0,-0.3));
#10906=VECTOR('',#12990,1.0);
#10907=COLOUR_RGB('',0.901960790157318,0.490196079015732,0.294117659330368);
#10908=CARTESIAN_POINT('',(-2.8,6.78,-0.3));
#10909=VECTOR('',#12991,1.0);
#10910=COLOUR_RGB('',0.901960790157318,0.490196079015732,0.294117659330368);
#10911=CARTESIAN_POINT('',(-2.8,5.2105760019119,-9.1));
#10912=VECTOR('',#12992,1.0);
#10913=COLOUR_RGB('',0.901960790157318,0.490196079015732,0.294117659330368);
#10914=CARTESIAN_POINT('',(4.95,6.44,-0.31));
#10915=CARTESIAN_POINT('',(4.95,2.44,-0.31));
#10916=CARTESIAN_POINT('',(4.95,4.65814661208404,-0.31));
#10917=VECTOR('',#12993,1.0);
#10918=CARTESIAN_POINT('',(4.95,6.44,-9.1));
#10919=CARTESIAN_POINT('',(4.95,6.44,-9.1));
#10920=VECTOR('',#12994,1.0);
#10921=CARTESIAN_POINT('',(4.95,2.44,-9.1));
#10922=CARTESIAN_POINT('',(4.95,2.44,-9.1));
#10923=VECTOR('',#12995,1.0);
#10924=CARTESIAN_POINT('',(4.95,2.44,-9.1));
#10925=VECTOR('',#12996,1.0);
#10926=COLOUR_RGB('',0.901960790157318,0.490196079015732,0.294117659330368);
#10927=CARTESIAN_POINT('',(4.55,2.44,-0.31));
#10928=CARTESIAN_POINT('',(2.29375,2.44,-0.31));
#10929=VECTOR('',#12997,1.0);
#10930=CARTESIAN_POINT('',(4.225,2.44,-9.1));
#10931=CARTESIAN_POINT('',(4.225,2.44,-9.1));
#10932=VECTOR('',#12998,1.0);
#10933=CARTESIAN_POINT('',(4.225,2.44,-9.1));
#10934=VECTOR('',#12999,1.0);
#10935=CARTESIAN_POINT('',(4.55,2.44,-4.75));
#10936=VECTOR('',#13000,1.0);
#10937=COLOUR_RGB('',0.901960790157318,0.490196079015732,0.294117659330368);
#10938=CARTESIAN_POINT('',(4.225,1.45,-9.1));
#10939=CARTESIAN_POINT('',(4.225,1.45,-9.1));
#10940=VECTOR('',#13001,1.0);
#10941=CARTESIAN_POINT('',(4.225,1.45,-9.1));
#10942=VECTOR('',#13002,1.0);
#10943=COLOUR_RGB('',0.901960790157318,0.490196079015732,0.294117659330368);
#10944=CARTESIAN_POINT('',(-4.225,1.45,-9.1));
#10945=CARTESIAN_POINT('',(-4.225,1.45,-9.1));
#10946=VECTOR('',#13003,1.0);
#10947=CARTESIAN_POINT('',(-4.225,1.45,-9.1));
#10948=VECTOR('',#13004,1.0);
#10949=COLOUR_RGB('',0.901960790157318,0.490196079015732,0.294117659330368);
#10950=CARTESIAN_POINT('',(-4.225,2.44,-9.1));
#10951=CARTESIAN_POINT('',(-4.225,2.44,-9.1));
#10952=VECTOR('',#13005,1.0);
#10953=CARTESIAN_POINT('',(-4.225,2.44,-9.1));
#10954=VECTOR('',#13006,1.0);
#10955=COLOUR_RGB('',0.901960790157318,0.490196079015732,0.294117659330368);
#10956=CARTESIAN_POINT('',(-4.55,2.44,-0.31));
#10957=CARTESIAN_POINT('',(-4.55,2.44,-4.75));
#10958=VECTOR('',#13007,1.0);
#10959=CARTESIAN_POINT('',(-4.95,2.44,-9.1));
#10960=VECTOR('',#13008,1.0);
#10961=CARTESIAN_POINT('',(-2.29375,2.44,-0.31));
#10962=VECTOR('',#13009,1.0);
#10963=COLOUR_RGB('',0.901960790157318,0.490196079015732,0.294117659330368);
#10964=CARTESIAN_POINT('',(-4.225,7.73,-9.1));
#10965=CARTESIAN_POINT('',(-4.225,7.73,-9.1));
#10966=VECTOR('',#13010,1.0);
#10967=CARTESIAN_POINT('',(-4.225,7.73,-9.1));
#10968=VECTOR('',#13011,1.0);
#10969=COLOUR_RGB('',0.901960790157318,0.490196079015732,0.294117659330368);
#10970=CARTESIAN_POINT('',(-2.725,9.23,-9.1));
#10971=CARTESIAN_POINT('',(-2.725,9.23,-9.1));
#10972=VECTOR('',#13012,1.0);
#10973=CARTESIAN_POINT('',(-2.725,9.23,-9.1));
#10974=VECTOR('',#13013,1.0);
#10975=COLOUR_RGB('',0.901960790157318,0.490196079015732,0.294117659330368);
#10976=CARTESIAN_POINT('',(2.725,9.23,-9.1));
#10977=CARTESIAN_POINT('',(2.725,9.23,-9.1));
#10978=VECTOR('',#13014,1.0);
#10979=CARTESIAN_POINT('',(2.725,9.23,-9.1));
#10980=VECTOR('',#13015,1.0);
#10981=COLOUR_RGB('',0.901960790157318,0.490196079015732,0.294117659330368);
#10982=CARTESIAN_POINT('',(4.225,7.73,-9.1));
#10983=CARTESIAN_POINT('',(4.225,7.73,-9.1));
#10984=VECTOR('',#13016,1.0);
#10985=CARTESIAN_POINT('',(4.225,7.73,-9.1));
#10986=VECTOR('',#13017,1.0);
#10987=COLOUR_RGB('',0.901960790157318,0.490196079015732,0.294117659330368);
#10988=CARTESIAN_POINT('',(4.225,6.44,-9.1));
#10989=CARTESIAN_POINT('',(4.225,6.44,-9.1));
#10990=VECTOR('',#13018,1.0);
#10991=CARTESIAN_POINT('',(4.225,6.44,-9.1));
#10992=VECTOR('',#13019,1.0);
#10993=COLOUR_RGB('',0.901960790157318,0.490196079015732,0.294117659330368);
#10994=CARTESIAN_POINT('',(4.95,6.44,-9.1));
#10995=VECTOR('',#13020,1.0);
#10996=CARTESIAN_POINT('',(2.29375,6.44,-0.31));
#10997=VECTOR('',#13021,1.0);
#10998=COLOUR_RGB('',0.901960790157318,0.490196079015732,0.294117659330368);
#10999=COLOUR_RGB('',0.901960790157318,0.490196079015732,0.294117659330368);
#11000=CARTESIAN_POINT('',(-5.97,6.05,-14.8));
#11001=CARTESIAN_POINT('',(-5.97,6.05,-14.8));
#11002=VECTOR('',#13022,1.0);
#11003=CARTESIAN_POINT('',(-5.97,6.05,-14.3));
#11004=CARTESIAN_POINT('',(-5.97,6.05,-14.3));
#11005=VECTOR('',#13023,1.0);
#11006=CARTESIAN_POINT('',(-5.72,6.05,-13.8669872981078));
#11007=CARTESIAN_POINT('',(-5.72,6.05,-13.8669872981078));
#11008=VECTOR('',#13024,1.0);
#11009=CARTESIAN_POINT('',(-5.72,6.05,-13.8669872981078));
#11010=VECTOR('',#13025,1.0);
#11011=COLOUR_RGB('',0.901960790157318,0.490196079015732,0.294117659330368);
#11012=CARTESIAN_POINT('',(-5.97,4.75,-14.8));
#11013=CARTESIAN_POINT('',(-5.97,4.75,-14.8));
#11014=VECTOR('',#13026,1.0);
#11015=CARTESIAN_POINT('',(-5.97,6.05,-14.8));
#11016=VECTOR('',#13027,1.0);
#11017=COLOUR_RGB('',0.901960790157318,0.490196079015732,0.294117659330368);
#11018=CARTESIAN_POINT('',(-5.97,4.75,-14.3));
#11019=CARTESIAN_POINT('',(-5.72,4.75,-13.8669872981078));
#11020=CARTESIAN_POINT('',(-5.72,4.75,-13.8669872981078));
#11021=VECTOR('',#13028,1.0);
#11022=CARTESIAN_POINT('',(-5.72,6.05,-13.8669872981078));
#11023=VECTOR('',#13029,1.0);
#11024=CARTESIAN_POINT('',(-5.97,6.05,-14.3));
#11025=VECTOR('',#13030,1.0);
#11026=COLOUR_RGB('',0.901960790157318,0.490196079015732,0.294117659330368);
#11027=CARTESIAN_POINT('',(-5.72,4.75,-13.8669872981078));
#11028=VECTOR('',#13031,1.0);
#11029=COLOUR_RGB('',0.901960790157318,0.490196079015732,0.294117659330368);
#11030=CARTESIAN_POINT('',(-5.97,4.75,-14.3));
#11031=VECTOR('',#13032,1.0);
#11032=COLOUR_RGB('',0.901960790157318,0.490196079015732,0.294117659330368);
#11033=COLOUR_RGB('',0.901960790157318,0.490196079015732,0.294117659330368);
#11034=CARTESIAN_POINT('',(5.97,4.75,-14.8));
#11035=CARTESIAN_POINT('',(5.97,4.75,-14.8));
#11036=VECTOR('',#13033,1.0);
#11037=CARTESIAN_POINT('',(5.97,4.75,-14.3));
#11038=CARTESIAN_POINT('',(5.97,4.75,-14.3));
#11039=VECTOR('',#13034,1.0);
#11040=CARTESIAN_POINT('',(5.72,4.75,-13.8669872981078));
#11041=CARTESIAN_POINT('',(5.72,4.75,-13.8669872981078));
#11042=VECTOR('',#13035,1.0);
#11043=CARTESIAN_POINT('',(5.72,4.75,-13.8669872981078));
#11044=VECTOR('',#13036,1.0);
#11045=COLOUR_RGB('',0.901960790157318,0.490196079015732,0.294117659330368);
#11046=CARTESIAN_POINT('',(5.97,6.05,-14.8));
#11047=CARTESIAN_POINT('',(5.97,6.05,-14.8));
#11048=VECTOR('',#13037,1.0);
#11049=CARTESIAN_POINT('',(5.97,4.75,-14.8));
#11050=VECTOR('',#13038,1.0);
#11051=COLOUR_RGB('',0.901960790157318,0.490196079015732,0.294117659330368);
#11052=CARTESIAN_POINT('',(5.97,6.05,-14.3));
#11053=CARTESIAN_POINT('',(5.72,6.05,-13.8669872981078));
#11054=CARTESIAN_POINT('',(5.72,6.05,-13.8669872981078));
#11055=VECTOR('',#13039,1.0);
#11056=CARTESIAN_POINT('',(5.72,4.75,-13.8669872981078));
#11057=VECTOR('',#13040,1.0);
#11058=CARTESIAN_POINT('',(5.97,4.75,-14.3));
#11059=VECTOR('',#13041,1.0);
#11060=COLOUR_RGB('',0.901960790157318,0.490196079015732,0.294117659330368);
#11061=CARTESIAN_POINT('',(5.72,6.05,-13.8669872981078));
#11062=VECTOR('',#13042,1.0);
#11063=COLOUR_RGB('',0.901960790157318,0.490196079015732,0.294117659330368);
#11064=CARTESIAN_POINT('',(5.97,6.05,-14.3));
#11065=VECTOR('',#13043,1.0);
#11066=COLOUR_RGB('',0.901960790157318,0.490196079015732,0.294117659330368);
#11067=COLOUR_RGB('',0.901960790157318,0.490196079015732,0.294117659330368);
#11068=CARTESIAN_POINT('',(-5.97,8.55,-10.9));
#11069=CARTESIAN_POINT('',(-5.97,8.55,-10.9));
#11070=VECTOR('',#13044,1.0);
#11071=CARTESIAN_POINT('',(-5.97,8.55,-10.4));
#11072=CARTESIAN_POINT('',(-5.97,8.55,-10.4));
#11073=VECTOR('',#13045,1.0);
#11074=CARTESIAN_POINT('',(-5.72,8.55,-9.96698729810778));
#11075=CARTESIAN_POINT('',(-5.72,8.55,-9.96698729810778));
#11076=VECTOR('',#13046,1.0);
#11077=CARTESIAN_POINT('',(-5.72,8.55,-9.96698729810778));
#11078=VECTOR('',#13047,1.0);
#11079=COLOUR_RGB('',0.901960790157318,0.490196079015732,0.294117659330368);
#11080=CARTESIAN_POINT('',(-5.97,7.35,-10.9));
#11081=CARTESIAN_POINT('',(-5.97,7.35,-10.9));
#11082=VECTOR('',#13048,1.0);
#11083=CARTESIAN_POINT('',(-5.97,8.55,-10.9));
#11084=VECTOR('',#13049,1.0);
#11085=COLOUR_RGB('',0.901960790157318,0.490196079015732,0.294117659330368);
#11086=CARTESIAN_POINT('',(-5.97,7.35,-10.4));
#11087=CARTESIAN_POINT('',(-5.72,7.35,-9.96698729810778));
#11088=CARTESIAN_POINT('',(-5.72,7.35,-9.96698729810778));
#11089=VECTOR('',#13050,1.0);
#11090=CARTESIAN_POINT('',(-5.72,8.55,-9.96698729810778));
#11091=VECTOR('',#13051,1.0);
#11092=CARTESIAN_POINT('',(-5.97,8.55,-10.4));
#11093=VECTOR('',#13052,1.0);
#11094=COLOUR_RGB('',0.901960790157318,0.490196079015732,0.294117659330368);
#11095=CARTESIAN_POINT('',(-5.72,7.35,-9.96698729810778));
#11096=VECTOR('',#13053,1.0);
#11097=COLOUR_RGB('',0.901960790157318,0.490196079015732,0.294117659330368);
#11098=CARTESIAN_POINT('',(-5.97,7.35,-10.4));
#11099=VECTOR('',#13054,1.0);
#11100=COLOUR_RGB('',0.901960790157318,0.490196079015732,0.294117659330368);
#11101=COLOUR_RGB('',0.901960790157318,0.490196079015732,0.294117659330368);
#11102=CARTESIAN_POINT('',(-5.97,3.6,-10.9));
#11103=CARTESIAN_POINT('',(-5.97,3.6,-10.9));
#11104=VECTOR('',#13055,1.0);
#11105=CARTESIAN_POINT('',(-5.97,3.6,-10.4));
#11106=CARTESIAN_POINT('',(-5.97,3.6,-10.4));
#11107=VECTOR('',#13056,1.0);
#11108=CARTESIAN_POINT('',(-5.72,3.6,-9.96698729810778));
#11109=CARTESIAN_POINT('',(-5.72,3.6,-9.96698729810778));
#11110=VECTOR('',#13057,1.0);
#11111=CARTESIAN_POINT('',(-5.72,3.6,-9.96698729810778));
#11112=VECTOR('',#13058,1.0);
#11113=COLOUR_RGB('',0.901960790157318,0.490196079015732,0.294117659330368);
#11114=CARTESIAN_POINT('',(-5.97,2.4,-10.9));
#11115=CARTESIAN_POINT('',(-5.97,2.4,-10.9));
#11116=VECTOR('',#13059,1.0);
#11117=CARTESIAN_POINT('',(-5.97,3.6,-10.9));
#11118=VECTOR('',#13060,1.0);
#11119=COLOUR_RGB('',0.901960790157318,0.490196079015732,0.294117659330368);
#11120=CARTESIAN_POINT('',(-5.97,2.4,-10.4));
#11121=CARTESIAN_POINT('',(-5.72,2.4,-9.96698729810778));
#11122=CARTESIAN_POINT('',(-5.72,2.4,-9.96698729810778));
#11123=VECTOR('',#13061,1.0);
#11124=CARTESIAN_POINT('',(-5.72,3.6,-9.96698729810778));
#11125=VECTOR('',#13062,1.0);
#11126=CARTESIAN_POINT('',(-5.97,3.6,-10.4));
#11127=VECTOR('',#13063,1.0);
#11128=COLOUR_RGB('',0.901960790157318,0.490196079015732,0.294117659330368);
#11129=CARTESIAN_POINT('',(-5.72,2.4,-9.96698729810778));
#11130=VECTOR('',#13064,1.0);
#11131=COLOUR_RGB('',0.901960790157318,0.490196079015732,0.294117659330368);
#11132=CARTESIAN_POINT('',(-5.97,2.4,-10.4));
#11133=VECTOR('',#13065,1.0);
#11134=COLOUR_RGB('',0.901960790157318,0.490196079015732,0.294117659330368);
#11135=COLOUR_RGB('',0.901960790157318,0.490196079015732,0.294117659330368);
#11136=CARTESIAN_POINT('',(5.97,7.35,-10.9));
#11137=CARTESIAN_POINT('',(5.97,7.35,-10.9));
#11138=VECTOR('',#13066,1.0);
#11139=CARTESIAN_POINT('',(5.97,7.35,-10.4));
#11140=CARTESIAN_POINT('',(5.97,7.35,-10.4));
#11141=VECTOR('',#13067,1.0);
#11142=CARTESIAN_POINT('',(5.72,7.35,-9.96698729810778));
#11143=CARTESIAN_POINT('',(5.72,7.35,-9.96698729810778));
#11144=VECTOR('',#13068,1.0);
#11145=CARTESIAN_POINT('',(5.72,7.35,-9.96698729810778));
#11146=VECTOR('',#13069,1.0);
#11147=COLOUR_RGB('',0.901960790157318,0.490196079015732,0.294117659330368);
#11148=CARTESIAN_POINT('',(5.97,8.55,-10.9));
#11149=CARTESIAN_POINT('',(5.97,8.55,-10.9));
#11150=VECTOR('',#13070,1.0);
#11151=CARTESIAN_POINT('',(5.97,7.35,-10.9));
#11152=VECTOR('',#13071,1.0);
#11153=COLOUR_RGB('',0.901960790157318,0.490196079015732,0.294117659330368);
#11154=CARTESIAN_POINT('',(5.97,8.55,-10.4));
#11155=CARTESIAN_POINT('',(5.72,8.55,-9.96698729810778));
#11156=CARTESIAN_POINT('',(5.72,8.55,-9.96698729810778));
#11157=VECTOR('',#13072,1.0);
#11158=CARTESIAN_POINT('',(5.72,7.35,-9.96698729810778));
#11159=VECTOR('',#13073,1.0);
#11160=CARTESIAN_POINT('',(5.97,7.35,-10.4));
#11161=VECTOR('',#13074,1.0);
#11162=COLOUR_RGB('',0.901960790157318,0.490196079015732,0.294117659330368);
#11163=CARTESIAN_POINT('',(5.72,8.55,-9.96698729810778));
#11164=VECTOR('',#13075,1.0);
#11165=COLOUR_RGB('',0.901960790157318,0.490196079015732,0.294117659330368);
#11166=CARTESIAN_POINT('',(5.97,8.55,-10.4));
#11167=VECTOR('',#13076,1.0);
#11168=COLOUR_RGB('',0.901960790157318,0.490196079015732,0.294117659330368);
#11169=COLOUR_RGB('',0.901960790157318,0.490196079015732,0.294117659330368);
#11170=CARTESIAN_POINT('',(5.97,2.4,-10.9));
#11171=CARTESIAN_POINT('',(5.97,2.4,-10.9));
#11172=VECTOR('',#13077,1.0);
#11173=CARTESIAN_POINT('',(5.97,2.4,-10.4));
#11174=CARTESIAN_POINT('',(5.97,2.4,-10.4));
#11175=VECTOR('',#13078,1.0);
#11176=CARTESIAN_POINT('',(5.72,2.4,-9.96698729810778));
#11177=CARTESIAN_POINT('',(5.72,2.4,-9.96698729810778));
#11178=VECTOR('',#13079,1.0);
#11179=CARTESIAN_POINT('',(5.72,2.4,-9.96698729810778));
#11180=VECTOR('',#13080,1.0);
#11181=COLOUR_RGB('',0.901960790157318,0.490196079015732,0.294117659330368);
#11182=CARTESIAN_POINT('',(5.97,3.6,-10.9));
#11183=CARTESIAN_POINT('',(5.97,3.6,-10.9));
#11184=VECTOR('',#13081,1.0);
#11185=CARTESIAN_POINT('',(5.97,2.4,-10.9));
#11186=VECTOR('',#13082,1.0);
#11187=COLOUR_RGB('',0.901960790157318,0.490196079015732,0.294117659330368);
#11188=CARTESIAN_POINT('',(5.97,3.6,-10.4));
#11189=CARTESIAN_POINT('',(5.72,3.6,-9.96698729810778));
#11190=CARTESIAN_POINT('',(5.72,3.6,-9.96698729810778));
#11191=VECTOR('',#13083,1.0);
#11192=CARTESIAN_POINT('',(5.72,2.4,-9.96698729810778));
#11193=VECTOR('',#13084,1.0);
#11194=CARTESIAN_POINT('',(5.97,2.4,-10.4));
#11195=VECTOR('',#13085,1.0);
#11196=COLOUR_RGB('',0.901960790157318,0.490196079015732,0.294117659330368);
#11197=CARTESIAN_POINT('',(5.72,3.6,-9.96698729810778));
#11198=VECTOR('',#13086,1.0);
#11199=COLOUR_RGB('',0.901960790157318,0.490196079015732,0.294117659330368);
#11200=CARTESIAN_POINT('',(5.97,3.6,-10.4));
#11201=VECTOR('',#13087,1.0);
#11202=COLOUR_RGB('',0.901960790157318,0.490196079015732,0.294117659330368);
#11203=COLOUR_RGB('',0.901960790157318,0.490196079015732,0.294117659330368);
#11204=CARTESIAN_POINT('',(1.4,0.0499999999999999,-1.30000000000001));
#11205=CARTESIAN_POINT('',(1.4,0.4,-1.30000000000001));
#11206=VECTOR('',#13088,1.0);
#11207=CARTESIAN_POINT('',(1.4,0.0500000000000001,-1.1));
#11208=CARTESIAN_POINT('',(1.4,0.0499999999999999,-1.30000000000001));
#11209=VECTOR('',#13089,1.0);
#11210=CARTESIAN_POINT('',(1.4,0.0500000000000001,-1.1));
#11211=VECTOR('',#13090,0.999999999999999);
#11212=COLOUR_RGB('',0.901960790157318,0.490196079015732,0.294117659330368);
#11213=CARTESIAN_POINT('',(2.4,0.0499999999999999,-1.30000000000001));
#11214=CARTESIAN_POINT('',(2.4,0.4,-1.30000000000001));
#11215=VECTOR('',#13091,1.0);
#11216=CARTESIAN_POINT('',(1.4,0.0499999999999999,-1.30000000000001));
#11217=VECTOR('',#13092,1.0);
#11218=COLOUR_RGB('',0.901960790157318,0.490196079015732,0.294117659330368);
#11219=CARTESIAN_POINT('',(2.4,0.0500000000000001,-1.1));
#11220=CARTESIAN_POINT('',(2.4,0.0500000000000001,-1.1));
#11221=VECTOR('',#13093,0.999999999999999);
#11222=CARTESIAN_POINT('',(1.4,0.0500000000000001,-1.1));
#11223=VECTOR('',#13094,1.0);
#11224=COLOUR_RGB('',0.901960790157318,0.490196079015732,0.294117659330368);
#11225=CARTESIAN_POINT('',(2.4,0.0499999999999999,-1.30000000000001));
#11226=VECTOR('',#13095,1.0);
#11227=COLOUR_RGB('',0.901960790157318,0.490196079015732,0.294117659330368);
#11228=COLOUR_RGB('',0.901960790157318,0.490196079015732,0.294117659330368);
#11229=CARTESIAN_POINT('',(-2.4,0.0499999999999999,-1.30000000000001));
#11230=CARTESIAN_POINT('',(-2.4,0.4,-1.30000000000001));
#11231=VECTOR('',#13096,1.0);
#11232=CARTESIAN_POINT('',(-2.4,0.0500000000000001,-1.1));
#11233=CARTESIAN_POINT('',(-2.4,0.0499999999999999,-1.30000000000001));
#11234=VECTOR('',#13097,1.0);
#11235=CARTESIAN_POINT('',(-2.4,0.0500000000000001,-1.1));
#11236=VECTOR('',#13098,1.0);
#11237=COLOUR_RGB('',0.901960790157318,0.490196079015732,0.294117659330368);
#11238=CARTESIAN_POINT('',(-1.4,0.0499999999999999,-1.30000000000001));
#11239=CARTESIAN_POINT('',(-1.4,0.4,-1.30000000000001));
#11240=VECTOR('',#13099,1.0);
#11241=CARTESIAN_POINT('',(-2.4,0.0499999999999999,-1.30000000000001));
#11242=VECTOR('',#13100,1.0);
#11243=COLOUR_RGB('',0.901960790157318,0.490196079015732,0.294117659330368);
#11244=CARTESIAN_POINT('',(-1.4,0.0500000000000001,-1.1));
#11245=CARTESIAN_POINT('',(-1.4,0.0500000000000001,-1.1));
#11246=VECTOR('',#13101,0.999999999999999);
#11247=CARTESIAN_POINT('',(-2.4,0.0500000000000001,-1.1));
#11248=VECTOR('',#13102,1.0);
#11249=COLOUR_RGB('',0.901960790157318,0.490196079015732,0.294117659330368);
#11250=CARTESIAN_POINT('',(-1.4,0.0499999999999999,-1.30000000000001));
#11251=VECTOR('',#13103,1.0);
#11252=COLOUR_RGB('',0.901960790157318,0.490196079015732,0.294117659330368);
#11253=COLOUR_RGB('',0.901960790157318,0.490196079015732,0.294117659330368);
#11254=CARTESIAN_POINT('',(4.45,-0.3,-15.85));
#11255=CARTESIAN_POINT('',(4.45,-0.3,-15.85));
#11256=VECTOR('',#13104,1.0);
#11257=CARTESIAN_POINT('',(3.25,-0.3,-15.85));
#11258=CARTESIAN_POINT('',(4.45,-0.3,-15.85));
#11259=VECTOR('',#13105,1.0);
#11260=CARTESIAN_POINT('',(3.25,-0.3,-15.85));
#11261=VECTOR('',#13106,1.0);
#11262=COLOUR_RGB('',0.901960790157318,0.490196079015732,0.294117659330368);
#11263=CARTESIAN_POINT('',(4.45,-0.3,-6.95));
#11264=CARTESIAN_POINT('',(4.45,-0.3,-6.95));
#11265=VECTOR('',#13107,1.0);
#11266=CARTESIAN_POINT('',(4.45,-0.3,-6.95));
#11267=VECTOR('',#13108,1.0);
#11268=COLOUR_RGB('',0.901960790157318,0.490196079015732,0.294117659330368);
#11269=CARTESIAN_POINT('',(3.25,-0.3,-6.95));
#11270=CARTESIAN_POINT('',(3.25,-0.3,-6.95));
#11271=VECTOR('',#13109,1.0);
#11272=AXIS2_PLACEMENT_3D('',#13110,#13111,#13112);
#11273=COLOUR_RGB('',0.901960790157318,0.490196079015732,0.294117659330368);
#11274=CARTESIAN_POINT('',(3.25,-0.3,-15.85));
#11275=VECTOR('',#13113,1.0);
#11276=COLOUR_RGB('',0.901960790157318,0.490196079015732,0.294117659330368);
#11277=COLOUR_RGB('',0.901960790157318,0.490196079015732,0.294117659330368);
#11278=CARTESIAN_POINT('',(-3.25,-0.3,-15.85));
#11279=CARTESIAN_POINT('',(-3.25,-0.3,-15.85));
#11280=VECTOR('',#13114,1.0);
#11281=CARTESIAN_POINT('',(-4.45,-0.3,-15.85));
#11282=CARTESIAN_POINT('',(-3.25,-0.3,-15.85));
#11283=VECTOR('',#13115,1.0);
#11284=CARTESIAN_POINT('',(-4.45,-0.3,-15.85));
#11285=VECTOR('',#13116,1.0);
#11286=COLOUR_RGB('',0.901960790157318,0.490196079015732,0.294117659330368);
#11287=CARTESIAN_POINT('',(-3.25,-0.3,-6.95));
#11288=CARTESIAN_POINT('',(-3.25,-0.3,-6.95));
#11289=VECTOR('',#13117,1.0);
#11290=CARTESIAN_POINT('',(-3.25,-0.3,-6.95));
#11291=VECTOR('',#13118,1.0);
#11292=COLOUR_RGB('',0.901960790157318,0.490196079015732,0.294117659330368);
#11293=CARTESIAN_POINT('',(-4.45,-0.3,-6.95));
#11294=CARTESIAN_POINT('',(-4.45,-0.3,-6.95));
#11295=VECTOR('',#13119,1.0);
#11296=AXIS2_PLACEMENT_3D('',#13120,#13121,#13122);
#11297=COLOUR_RGB('',0.901960790157318,0.490196079015732,0.294117659330368);
#11298=CARTESIAN_POINT('',(-4.45,-0.3,-15.85));
#11299=VECTOR('',#13123,1.0);
#11300=COLOUR_RGB('',0.901960790157318,0.490196079015732,0.294117659330368);
#11301=COLOUR_RGB('',0.901960790157318,0.490196079015732,0.294117659330368);
#11302=CARTESIAN_POINT('',(0.6,-0.3,-15.85));
#11303=CARTESIAN_POINT('',(0.6,-0.3,-15.85));
#11304=VECTOR('',#13124,1.0);
#11305=CARTESIAN_POINT('',(-0.6,-0.3,-15.85));
#11306=CARTESIAN_POINT('',(0.6,-0.3,-15.85));
#11307=VECTOR('',#13125,1.0);
#11308=CARTESIAN_POINT('',(-0.6,-0.3,-15.85));
#11309=VECTOR('',#13126,1.0);
#11310=COLOUR_RGB('',0.901960790157318,0.490196079015732,0.294117659330368);
#11311=CARTESIAN_POINT('',(0.599999999999999,-0.300000000000001,-2.92));
#11312=CARTESIAN_POINT('',(0.599999999999999,-0.300000000000001,-2.92));
#11313=VECTOR('',#13127,1.0);
#11314=CARTESIAN_POINT('',(0.599999999999999,-0.300000000000001,-2.92));
#11315=VECTOR('',#13128,1.0);
#11316=COLOUR_RGB('',0.901960790157318,0.490196079015732,0.294117659330368);
#11317=CARTESIAN_POINT('',(-0.6,-0.300000000000001,-2.92));
#11318=CARTESIAN_POINT('',(-0.6,-0.300000000000001,-2.92));
#11319=VECTOR('',#13129,1.0);
#11320=AXIS2_PLACEMENT_3D('',#13130,#13131,#13132);
#11321=COLOUR_RGB('',0.901960790157318,0.490196079015732,0.294117659330368);
#11322=CARTESIAN_POINT('',(-0.6,-0.3,-15.85));
#11323=VECTOR('',#13133,1.0);
#11324=COLOUR_RGB('',0.901960790157318,0.490196079015732,0.294117659330368);
#11325=COLOUR_RGB('',0.901960790157318,0.490196079015732,0.294117659330368);
#11326=CARTESIAN_POINT('',(-5.71,0.4,-0.613));
#11327=CARTESIAN_POINT('',(-5.71,2.475,-0.613));
#11328=VECTOR('',#13134,1.0);
#11329=CARTESIAN_POINT('',(-5.71,0.399999999999999,-4.175));
#11330=VECTOR('',#13135,1.0);
#11331=COLOUR_RGB('',0.901960790157318,0.490196079015732,0.294117659330368);
#11332=CARTESIAN_POINT('',(5.71,0.4,-0.613000000000002));
#11333=CARTESIAN_POINT('',(5.71,0.399999999999999,-4.175));
#11334=VECTOR('',#13136,1.0);
#11335=CARTESIAN_POINT('',(5.71,2.475,-0.613000000000002));
#11336=VECTOR('',#13137,1.0);
#11337=COLOUR_RGB('',0.752941191196442,0.752941191196442,0.752941191196442);
#11338=CARTESIAN_POINT('',(4.7,6.19,-0.31));
#11339=AXIS2_PLACEMENT_3D('',#13138,#13139,#13140);
#11340=CARTESIAN_POINT('',(4.7,6.19,6.66133814775094E-16));
#11341=CARTESIAN_POINT('',(4.7,6.19,-0.4));
#11342=VECTOR('',#13141,1.0);
#11343=AXIS2_PLACEMENT_3D('',#13142,#13143,#13144);
#11344=COLOUR_RGB('',0.752941191196442,0.752941191196442,0.752941191196442);
#11345=CARTESIAN_POINT('',(4.55,1.59,6.66133814775094E-16));
#11346=CARTESIAN_POINT('',(4.55,1.59,-0.4));
#11347=VECTOR('',#13145,1.0);
#11348=CARTESIAN_POINT('',(4.55,2.69,6.66133814775094E-16));
#11349=CARTESIAN_POINT('',(4.55,3.84500000000001,6.38378239159465E-16));
#11350=VECTOR('',#13146,1.0);
#11351=CARTESIAN_POINT('',(4.55,2.69,-0.31));
#11352=CARTESIAN_POINT('',(4.55,2.69,-0.4));
#11353=VECTOR('',#13147,1.0);
#11354=CARTESIAN_POINT('',(4.55,3.50814661208405,-0.31));
#11355=VECTOR('',#13148,1.0);
#11356=COLOUR_RGB('',0.752941191196442,0.752941191196442,0.752941191196442);
#11357=CARTESIAN_POINT('',(4.05,1.09,6.10622663543836E-16));
#11358=CARTESIAN_POINT('',(4.05,1.09,-0.4));
#11359=VECTOR('',#13149,1.0);
#11360=AXIS2_PLACEMENT_3D('',#13150,#13151,#13152);
#11361=COLOUR_RGB('',0.752941191196442,0.752941191196442,0.752941191196442);
#11362=CARTESIAN_POINT('',(-4.05,1.09,1.11022302462516E-16));
#11363=CARTESIAN_POINT('',(-4.05,1.09,-0.4));
#11364=VECTOR('',#13153,1.0);
#11365=CARTESIAN_POINT('',(-3.01,1.09,1.94289029309402E-16));
#11366=VECTOR('',#13154,1.0);
#11367=COLOUR_RGB('',0.752941191196442,0.752941191196442,0.752941191196442);
#11368=CARTESIAN_POINT('',(-4.55,1.59,1.11022302462516E-16));
#11369=CARTESIAN_POINT('',(-4.55,1.59,-0.4));
#11370=VECTOR('',#13155,1.0);
#11371=AXIS2_PLACEMENT_3D('',#13156,#13157,#13158);
#11372=COLOUR_RGB('',0.752941191196442,0.752941191196442,0.752941191196442);
#11373=CARTESIAN_POINT('',(-4.7,6.19,-0.31));
#11374=AXIS2_PLACEMENT_3D('',#13159,#13160,#13161);
#11375=CARTESIAN_POINT('',(-4.51430283462382,6.19,-0.31));
#11376=CARTESIAN_POINT('',(-2.30357570865595,6.19,-0.31));
#11377=VECTOR('',#13162,1.0);
#11378=CARTESIAN_POINT('',(-4.51430283462382,6.185,-0.31));
#11379=CARTESIAN_POINT('',(-4.51430283462382,4.73314661208404,-0.31));
#11380=VECTOR('',#13163,1.0);
#11381=CARTESIAN_POINT('',(-4.63981891488137,6.185,-0.31));
#11382=CARTESIAN_POINT('',(-3.01,6.185,-0.31));
#11383=VECTOR('',#13164,1.0);
#11384=CARTESIAN_POINT('',(-4.63981891488137,2.995,-0.31));
#11385=CARTESIAN_POINT('',(-4.63981891488137,4.59,-0.31));
#11386=VECTOR('',#13165,1.0);
#11387=CARTESIAN_POINT('',(-4.51430283462382,2.995,-0.31));
#11388=CARTESIAN_POINT('',(-3.01,2.995,-0.31));
#11389=VECTOR('',#13166,1.0);
#11390=CARTESIAN_POINT('',(-4.51430283462382,2.99,-0.31));
#11391=CARTESIAN_POINT('',(-4.51430283462382,4.73314661208404,-0.31));
#11392=VECTOR('',#13167,1.0);
#11393=CARTESIAN_POINT('',(-2.30357570865595,2.99,-0.31));
#11394=VECTOR('',#13168,1.0);
#11395=CARTESIAN_POINT('',(-4.7,2.69,-0.31));
#11396=AXIS2_PLACEMENT_3D('',#13169,#13170,#13171);
#11397=CARTESIAN_POINT('',(-4.55,2.69,-0.31));
#11398=CARTESIAN_POINT('',(-2.3125,2.69,-0.31));
#11399=VECTOR('',#13172,1.0);
#11400=CARTESIAN_POINT('',(-4.55,3.50814661208404,-0.31));
#11401=VECTOR('',#13173,1.0);
#11402=COLOUR_RGB('',0.752941191196442,0.752941191196442,0.752941191196442);
#11403=CARTESIAN_POINT('',(4.7,2.69,-0.31));
#11404=CARTESIAN_POINT('',(2.3125,2.69,-0.31));
#11405=VECTOR('',#13174,1.0);
#11406=AXIS2_PLACEMENT_3D('',#13175,#13176,#13177);
#11407=CARTESIAN_POINT('',(4.51430283462381,2.99,-0.31));
#11408=CARTESIAN_POINT('',(2.30357570865595,2.99,-0.31));
#11409=VECTOR('',#13178,1.0);
#11410=CARTESIAN_POINT('',(4.51430283462381,2.995,-0.31));
#11411=CARTESIAN_POINT('',(4.51430283462381,4.73314661208404,-0.31));
#11412=VECTOR('',#13179,1.0);
#11413=CARTESIAN_POINT('',(4.63981891488137,2.995,-0.31));
#11414=CARTESIAN_POINT('',(3.01,2.995,-0.31));
#11415=VECTOR('',#13180,1.0);
#11416=CARTESIAN_POINT('',(4.63981891488137,6.185,-0.31));
#11417=CARTESIAN_POINT('',(4.63981891488137,4.59,-0.31));
#11418=VECTOR('',#13181,1.0);
#11419=CARTESIAN_POINT('',(4.51430283462381,6.185,-0.31));
#11420=CARTESIAN_POINT('',(3.01,6.185,-0.31));
#11421=VECTOR('',#13182,1.0);
#11422=CARTESIAN_POINT('',(4.51430283462381,6.19,-0.31));
#11423=CARTESIAN_POINT('',(4.51430283462381,4.73314661208404,-0.31));
#11424=VECTOR('',#13183,1.0);
#11425=CARTESIAN_POINT('',(2.30357570865595,6.19,-0.31));
#11426=VECTOR('',#13184,1.0);
#11427=COLOUR_RGB('',0.752941191196442,0.752941191196442,0.752941191196442);
#11428=CARTESIAN_POINT('',(-4.55,2.69,1.11022302462516E-16));
#11429=CARTESIAN_POINT('',(-4.55,2.69,-0.4));
#11430=VECTOR('',#13185,1.0);
#11431=CARTESIAN_POINT('',(-4.55,3.845,8.32667268468867E-17));
#11432=VECTOR('',#13186,1.0);
#11433=COLOUR_RGB('',0.752941191196442,0.752941191196442,0.752941191196442);
#11434=CARTESIAN_POINT('',(-1.05,0.0,-0.409999999999995));
#11435=CARTESIAN_POINT('',(-1.05,-0.1,-0.41));
#11436=VECTOR('',#13187,1.0);
#11437=CARTESIAN_POINT('',(-0.198999999999998,0.0,-0.41));
#11438=CARTESIAN_POINT('',(-6.02,0.0,-0.409999999999996));
#11439=VECTOR('',#13188,1.0);
#11440=CARTESIAN_POINT('',(-0.198999999999998,-0.0999999999999999,-0.41));
#11441=VECTOR('',#13189,1.0);
#11442=COLOUR_RGB('',0.752941191196442,0.752941191196442,0.752941191196442);
#11443=CARTESIAN_POINT('',(-1.05,0.0,-1.363));
#11444=CARTESIAN_POINT('',(-1.05,-0.4,-1.363));
#11445=VECTOR('',#13190,1.0);
#11446=CARTESIAN_POINT('',(-1.05,0.0,-2.569));
#11447=VECTOR('',#13191,1.0);
#11448=COLOUR_RGB('',0.752941191196442,0.752941191196442,0.752941191196442);
#11449=CARTESIAN_POINT('',(-2.748,0.0,-1.363));
#11450=CARTESIAN_POINT('',(-2.748,-0.4,-1.363));
#11451=VECTOR('',#13192,1.0);
#11452=CARTESIAN_POINT('',(-3.9595,0.0,-1.363));
#11453=VECTOR('',#13193,1.0);
#11454=COLOUR_RGB('',0.752941191196442,0.752941191196442,0.752941191196442);
#11455=CARTESIAN_POINT('',(-2.748,0.0,-0.410000000000005));
#11456=CARTESIAN_POINT('',(-2.748,-0.1,-0.410000000000005));
#11457=VECTOR('',#13194,1.0);
#11458=CARTESIAN_POINT('',(-2.748,0.0,-2.569));
#11459=VECTOR('',#13195,1.0);
#11460=COLOUR_RGB('',0.752941191196442,0.752941191196442,0.752941191196442);
#11461=CARTESIAN_POINT('',(-5.42,0.0,-0.409999999999996));
#11462=CARTESIAN_POINT('',(-5.42,-0.1,-0.410000000000001));
#11463=VECTOR('',#13196,1.0);
#11464=CARTESIAN_POINT('',(-6.02,0.0,-0.409999999999996));
#11465=VECTOR('',#13197,1.0);
#11466=COLOUR_RGB('',0.752941191196442,0.752941191196442,0.752941191196442);
#11467=CARTESIAN_POINT('',(-5.42,0.0,-0.613));
#11468=CARTESIAN_POINT('',(-5.42,-0.4,-0.613));
#11469=VECTOR('',#13198,1.0);
#11470=CARTESIAN_POINT('',(-5.42,0.0,-2.3815));
#11471=VECTOR('',#13199,1.0);
#11472=COLOUR_RGB('',0.752941191196442,0.752941191196442,0.752941191196442);
#11473=CARTESIAN_POINT('',(-6.02,0.4,-0.613));
#11474=CARTESIAN_POINT('',(-6.52,0.4,-0.613));
#11475=VECTOR('',#13200,1.0);
#11476=CARTESIAN_POINT('',(-6.02,0.0,-0.613));
#11477=CARTESIAN_POINT('',(-6.02,2.43701152349477,-0.613));
#11478=VECTOR('',#13201,1.0);
#11479=CARTESIAN_POINT('',(-5.995,0.0,-0.613));
#11480=VECTOR('',#13202,1.0);
#11481=COLOUR_RGB('',0.752941191196442,0.752941191196442,0.752941191196442);
#11482=CARTESIAN_POINT('',(6.02,0.4,-0.613000000000001));
#11483=CARTESIAN_POINT('',(5.42,0.4,-0.613000000000003));
#11484=VECTOR('',#13203,1.0);
#11485=CARTESIAN_POINT('',(6.02,0.4,7.37213025001071E-16));
#11486=CARTESIAN_POINT('',(6.02,0.4,-7.17496166065039));
#11487=VECTOR('',#13204,1.0);
#11488=CARTESIAN_POINT('',(-6.02,0.4,0.0));
#11489=CARTESIAN_POINT('',(-6.02,0.4,0.0));
#11490=VECTOR('',#13205,1.0);
#11491=CARTESIAN_POINT('',(-6.02,0.4,-0.409999999999996));
#11492=VECTOR('',#13206,1.0);
#11493=COLOUR_RGB('',0.752941191196442,0.752941191196442,0.752941191196442);
#11494=CARTESIAN_POINT('',(5.42,0.0,-0.613000000000003));
#11495=CARTESIAN_POINT('',(5.42,-0.4,-0.613000000000003));
#11496=VECTOR('',#13207,1.0);
#11497=CARTESIAN_POINT('',(6.02,0.0,-0.613000000000001));
#11498=CARTESIAN_POINT('',(-0.0250000000000051,0.0,-0.613000000000018));
#11499=VECTOR('',#13208,1.0);
#11500=CARTESIAN_POINT('',(6.02,2.43701152349477,-0.613000000000001));
#11501=VECTOR('',#13209,1.0);
#11502=COLOUR_RGB('',0.752941191196442,0.752941191196442,0.752941191196442);
#11503=CARTESIAN_POINT('',(5.42,0.0,-0.409999999999996));
#11504=CARTESIAN_POINT('',(5.42,-0.1,-0.409999999999996));
#11505=VECTOR('',#13210,1.0);
#11506=CARTESIAN_POINT('',(5.42,0.0,-2.3815));
#11507=VECTOR('',#13211,1.0);
#11508=COLOUR_RGB('',0.752941191196442,0.752941191196442,0.752941191196442);
#11509=CARTESIAN_POINT('',(6.02,0.4,-8.593));
#11510=CARTESIAN_POINT('',(-6.02,0.4,-8.593));
#11511=VECTOR('',#13212,1.0);
#11512=CARTESIAN_POINT('',(6.02,0.4,-8.093));
#11513=AXIS2_PLACEMENT_3D('',#13213,#13214,#13215);
#11514=CARTESIAN_POINT('',(-6.02,0.4,-8.093));
#11515=VECTOR('',#13216,1.0);
#11516=COLOUR_RGB('',0.752941191196442,0.752941191196442,0.752941191196442);
#11517=CARTESIAN_POINT('',(2.748,0.0,-0.409999999999995));
#11518=CARTESIAN_POINT('',(2.748,-0.1,-0.41000000000002));
#11519=VECTOR('',#13217,1.0);
#11520=CARTESIAN_POINT('',(-6.02,0.0,-0.409999999999996));
#11521=VECTOR('',#13218,1.0);
#11522=COLOUR_RGB('',0.752941191196442,0.752941191196442,0.752941191196442);
#11523=CARTESIAN_POINT('',(2.748,0.0,-1.363));
#11524=CARTESIAN_POINT('',(2.748,-0.4,-1.363));
#11525=VECTOR('',#13219,1.0);
#11526=CARTESIAN_POINT('',(2.748,0.0,-2.569));
#11527=VECTOR('',#13220,1.0);
#11528=COLOUR_RGB('',0.752941191196442,0.752941191196442,0.752941191196442);
#11529=CARTESIAN_POINT('',(1.05,0.0,-1.363));
#11530=CARTESIAN_POINT('',(1.05,-0.4,-1.363));
#11531=VECTOR('',#13221,1.0);
#11532=CARTESIAN_POINT('',(-2.0605,0.0,-1.363));
#11533=VECTOR('',#13222,1.0);
#11534=COLOUR_RGB('',0.752941191196442,0.752941191196442,0.752941191196442);
#11535=CARTESIAN_POINT('',(1.05,0.0,-0.409999999999997));
#11536=CARTESIAN_POINT('',(1.05,-0.1,-0.409999999999997));
#11537=VECTOR('',#13223,1.0);
#11538=CARTESIAN_POINT('',(1.05,0.0,-2.569));
#11539=VECTOR('',#13224,1.0);
#11540=COLOUR_RGB('',0.752941191196442,0.752941191196442,0.752941191196442);
#11541=CARTESIAN_POINT('',(0.198999999999998,0.0,-0.409999999999995));
#11542=CARTESIAN_POINT('',(0.198999999999998,-0.0999999999999999,-0.409999999999997));
#11543=VECTOR('',#13225,1.0);
#11544=CARTESIAN_POINT('',(-6.02,0.0,-0.409999999999996));
#11545=VECTOR('',#13226,1.0);
#11546=COLOUR_RGB('',0.752941191196442,0.752941191196442,0.752941191196442);
#11547=CARTESIAN_POINT('',(0.199000000000001,0.0,-2.31560780062409));
#11548=CARTESIAN_POINT('',(0.199000000000001,-0.4,-2.31560780062409));
#11549=VECTOR('',#13227,1.0);
#11550=CARTESIAN_POINT('',(0.199,0.0,-2.80715195015602));
#11551=VECTOR('',#13228,1.0);
#11552=COLOUR_RGB('',0.752941191196442,0.752941191196442,0.752941191196442);
#11553=CARTESIAN_POINT('',(0.75,0.0,-2.813));
#11554=CARTESIAN_POINT('',(0.75,-0.4,-2.813));
#11555=VECTOR('',#13229,1.0);
#11556=AXIS2_PLACEMENT_3D('',#13230,#13231,#13232);
#11557=COLOUR_RGB('',0.752941191196442,0.752941191196442,0.752941191196442);
#11558=CARTESIAN_POINT('',(-6.02,8.65,-11.07));
#11559=CARTESIAN_POINT('',(0.0,8.65,-11.07));
#11560=VECTOR('',#13233,1.0);
#11561=CARTESIAN_POINT('',(-6.02,7.25,-11.07));
#11562=CARTESIAN_POINT('',(-6.02,6.61201152349477,-11.07));
#11563=VECTOR('',#13234,1.0);
#11564=CARTESIAN_POINT('',(0.0,7.25,-11.07));
#11565=VECTOR('',#13235,1.0);
#11566=COLOUR_RGB('',0.752941191196442,0.752941191196442,0.752941191196442);
#11567=CARTESIAN_POINT('',(-6.02,8.65,-9.5));
#11568=CARTESIAN_POINT('',(0.0,8.65,-9.5));
#11569=VECTOR('',#13236,1.0);
#11570=CARTESIAN_POINT('',(-6.02,8.65,-9.21790193814524));
#11571=VECTOR('',#13237,1.0);
#11572=COLOUR_RGB('',0.752941191196442,0.752941191196442,0.752941191196442);
#11573=CARTESIAN_POINT('',(-6.02,2.3,-11.07));
#11574=CARTESIAN_POINT('',(0.0,2.3,-11.07));
#11575=VECTOR('',#13238,1.0);
#11576=CARTESIAN_POINT('',(-6.02,2.3,-9.5));
#11577=CARTESIAN_POINT('',(-6.02,2.3,-9.21790193814524));
#11578=VECTOR('',#13239,1.0);
#11579=CARTESIAN_POINT('',(0.0,2.3,-9.5));
#11580=VECTOR('',#13240,1.0);
#11581=COLOUR_RGB('',0.752941191196442,0.752941191196442,0.752941191196442);
#11582=CARTESIAN_POINT('',(-6.02,3.7,-11.07));
#11583=CARTESIAN_POINT('',(0.0,3.7,-11.07));
#11584=VECTOR('',#13241,1.0);
#11585=CARTESIAN_POINT('',(-6.02,4.13701152349477,-11.07));
#11586=VECTOR('',#13242,1.0);
#11587=COLOUR_RGB('',0.752941191196442,0.752941191196442,0.752941191196442);
#11588=CARTESIAN_POINT('',(6.02,8.65,-11.07));
#11589=CARTESIAN_POINT('',(0.0,8.65,-11.07));
#11590=VECTOR('',#13243,1.0);
#11591=CARTESIAN_POINT('',(6.02,8.65,-9.5));
#11592=CARTESIAN_POINT('',(6.02,8.65,-9.21790193814524));
#11593=VECTOR('',#13244,1.0);
#11594=CARTESIAN_POINT('',(0.0,8.65,-9.5));
#11595=VECTOR('',#13245,1.0);
#11596=COLOUR_RGB('',0.752941191196442,0.752941191196442,0.752941191196442);
#11597=CARTESIAN_POINT('',(6.02,7.25,-11.07));
#11598=CARTESIAN_POINT('',(0.0,7.25,-11.07));
#11599=VECTOR('',#13246,1.0);
#11600=CARTESIAN_POINT('',(6.02,6.61201152349477,-11.07));
#11601=VECTOR('',#13247,1.0);
#11602=COLOUR_RGB('',0.752941191196442,0.752941191196442,0.752941191196442);
#11603=CARTESIAN_POINT('',(6.02,2.3,-9.5));
#11604=CARTESIAN_POINT('',(0.0,2.3,-9.5));
#11605=VECTOR('',#13248,1.0);
#11606=CARTESIAN_POINT('',(6.02,2.3,-11.07));
#11607=CARTESIAN_POINT('',(6.02,2.3,-9.21790193814524));
#11608=VECTOR('',#13249,1.0);
#11609=CARTESIAN_POINT('',(0.0,2.3,-11.07));
#11610=VECTOR('',#13250,1.0);
#11611=COLOUR_RGB('',0.752941191196442,0.752941191196442,0.752941191196442);
#11612=CARTESIAN_POINT('',(6.02,3.7,-9.5));
#11613=CARTESIAN_POINT('',(0.0,3.7,-9.5));
#11614=VECTOR('',#13251,1.0);
#11615=CARTESIAN_POINT('',(6.02,4.13701152349477,-9.5));
#11616=VECTOR('',#13252,1.0);
#11617=COLOUR_RGB('',0.752941191196442,0.752941191196442,0.752941191196442);
#11618=CARTESIAN_POINT('',(6.02,6.2,-14.97));
#11619=CARTESIAN_POINT('',(0.0,6.2,-14.97));
#11620=VECTOR('',#13253,1.0);
#11621=CARTESIAN_POINT('',(6.02,6.2,-13.4));
#11622=CARTESIAN_POINT('',(6.02,6.2,-11.1679019381452));
#11623=VECTOR('',#13254,1.0);
#11624=CARTESIAN_POINT('',(0.0,6.2,-13.4));
#11625=VECTOR('',#13255,1.0);
#11626=COLOUR_RGB('',0.752941191196442,0.752941191196442,0.752941191196442);
#11627=CARTESIAN_POINT('',(-6.02,6.2,-13.4));
#11628=CARTESIAN_POINT('',(0.0,6.2,-13.4));
#11629=VECTOR('',#13256,1.0);
#11630=CARTESIAN_POINT('',(-6.02,6.2,-14.97));
#11631=CARTESIAN_POINT('',(-6.02,6.2,-11.1679019381452));
#11632=VECTOR('',#13257,1.0);
#11633=CARTESIAN_POINT('',(0.0,6.2,-14.97));
#11634=VECTOR('',#13258,1.0);
#11635=COLOUR_RGB('',0.752941191196442,0.752941191196442,0.752941191196442);
#11636=CARTESIAN_POINT('',(6.02,4.6,-14.97));
#11637=CARTESIAN_POINT('',(0.0,4.6,-14.97));
#11638=VECTOR('',#13259,1.0);
#11639=CARTESIAN_POINT('',(6.02,5.33701152349477,-14.97));
#11640=VECTOR('',#13260,1.0);
#11641=COLOUR_RGB('',0.752941191196442,0.752941191196442,0.752941191196442);
#11642=CARTESIAN_POINT('',(-6.02,4.6,-14.97));
#11643=CARTESIAN_POINT('',(-6.02,5.33701152349477,-14.97));
#11644=VECTOR('',#13261,1.0);
#11645=CARTESIAN_POINT('',(0.0,4.6,-14.97));
#11646=VECTOR('',#13262,1.0);
#11647=COLOUR_RGB('',0.752941191196442,0.752941191196442,0.752941191196442);
#11648=CARTESIAN_POINT('',(6.02,4.6,-13.4));
#11649=CARTESIAN_POINT('',(0.0,4.6,-13.4));
#11650=VECTOR('',#13263,1.0);
#11651=CARTESIAN_POINT('',(6.02,4.6,-11.1679019381452));
#11652=VECTOR('',#13264,1.0);
#11653=COLOUR_RGB('',0.752941191196442,0.752941191196442,0.752941191196442);
#11654=CARTESIAN_POINT('',(6.02,5.33701152349477,-13.4));
#11655=VECTOR('',#13265,1.0);
#11656=COLOUR_RGB('',0.752941191196442,0.752941191196442,0.752941191196442);
#11657=CARTESIAN_POINT('',(6.015,0.0,-9.28));
#11658=CARTESIAN_POINT('',(6.015,0.0,-11.28));
#11659=CARTESIAN_POINT('',(6.015,0.0,-9.5325));
#11660=VECTOR('',#13266,1.0);
#11661=CARTESIAN_POINT('',(6.015,-0.0580102017344002,-9.28));
#11662=CARTESIAN_POINT('',(6.015,0.897997449566397,-9.28));
#11663=VECTOR('',#13267,1.0);
#11664=CARTESIAN_POINT('',(6.015,-0.0580102017344002,-11.28));
#11665=CARTESIAN_POINT('',(6.015,-0.0580102017344002,-8.28));
#11666=VECTOR('',#13268,1.0);
#11667=CARTESIAN_POINT('',(6.015,0.897997449566397,-11.28));
#11668=VECTOR('',#13269,1.0);
#11669=COLOUR_RGB('',0.752941191196442,0.752941191196442,0.752941191196442);
#11670=CARTESIAN_POINT('',(5.725,0.0,-9.28));
#11671=CARTESIAN_POINT('',(1.49,0.0,-9.28));
#11672=VECTOR('',#13270,1.0);
#11673=CARTESIAN_POINT('',(5.725,0.897997449566397,-9.28));
#11674=VECTOR('',#13271,1.0);
#11675=CARTESIAN_POINT('',(5.86273019211807,-0.800000000000001,-9.28));
#11676=AXIS2_PLACEMENT_3D('',#13272,#13273,#13274);
#11677=CARTESIAN_POINT('',(6.19047355718518,-0.800000000000001,-9.28));
#11678=CARTESIAN_POINT('',(9.0,-0.800000000000001,-9.28));
#11679=VECTOR('',#13275,1.0);
#11680=AXIS2_PLACEMENT_3D('',#13276,#13277,#13278);
#11681=COLOUR_RGB('',0.752941191196442,0.752941191196442,0.752941191196442);
#11682=CARTESIAN_POINT('',(5.725,0.0,-11.28));
#11683=CARTESIAN_POINT('',(1.49,0.0,-11.28));
#11684=VECTOR('',#13279,1.0);
#11685=CARTESIAN_POINT('',(6.19047355718518,-0.800000000000001,-11.28));
#11686=AXIS2_PLACEMENT_3D('',#13280,#13281,#13282);
#11687=CARTESIAN_POINT('',(5.86273019211807,-0.800000000000001,-11.28));
#11688=CARTESIAN_POINT('',(9.0,-0.800000000000001,-11.28));
#11689=VECTOR('',#13283,1.0);
#11690=AXIS2_PLACEMENT_3D('',#13284,#13285,#13286);
#11691=CARTESIAN_POINT('',(5.725,0.897997449566397,-11.28));
#11692=VECTOR('',#13287,1.0);
#11693=COLOUR_RGB('',0.752941191196442,0.752941191196442,0.752941191196442);
#11694=CARTESIAN_POINT('',(6.61388286962235,-3.56063874219423,-11.0548774123991));
#11695=CARTESIAN_POINT('',(7.32508850716931,-2.66282149522904,-11.1280919691393));
#11696=VECTOR('',#13288,1.0);
#11697=CARTESIAN_POINT('',(7.00275782033853,-2.28142363133714,-11.1591939285201));
#11698=AXIS2_PLACEMENT_3D('',#13289,#13290,#13291);
#11699=CARTESIAN_POINT('',(6.21058083955446,-1.37012825971542,-11.2335075897002));
#11700=CARTESIAN_POINT('',(7.26646451408299,-2.58478348059347,-11.1344557571705));
#11701=VECTOR('',#13292,1.0);
#11702=AXIS2_PLACEMENT_3D('',#13293,#13294,#13295);
#11703=CARTESIAN_POINT('',(6.43699371362129,-1.17331055101827,-11.2495575390074));
#11704=AXIS2_PLACEMENT_3D('',#13296,#13297,#13298);
#11705=CARTESIAN_POINT('',(7.49144329098522,-2.38631603182527,-11.1506402382974));
#11706=VECTOR('',#13299,1.0);
#11707=CARTESIAN_POINT('',(7.25547538253388,-3.23384209275849,-11.0815267911156));
#11708=AXIS2_PLACEMENT_3D('',#13300,#13301,#13302);
#11709=CARTESIAN_POINT('',(6.99660352392815,-3.56063874219423,-11.0548774123991));
#11710=CARTESIAN_POINT('',(7.59758787984453,-2.80196348512082,-11.1167453179713));
#11711=VECTOR('',#13303,1.0);
#11712=CARTESIAN_POINT('',(9.0,-3.56063874219423,-11.0548774123991));
#11713=VECTOR('',#13304,1.0);
#11714=COLOUR_RGB('',0.752941191196442,0.752941191196442,0.752941191196442);
#11715=CARTESIAN_POINT('',(6.25000000000001,-4.02,-10.5565316562891));
#11716=AXIS2_PLACEMENT_3D('',#13305,#13306,#13307);
#11717=CARTESIAN_POINT('',(6.63272065430581,-4.02,-10.5565316562891));
#11718=AXIS2_PLACEMENT_3D('',#13308,#13309,#13310);
#11719=CARTESIAN_POINT('',(9.0,-4.02,-10.5565316562891));
#11720=VECTOR('',#13311,1.0);
#11721=COLOUR_RGB('',0.752941191196442,0.752941191196442,0.752941191196442);
#11722=CARTESIAN_POINT('',(6.25000000000001,-4.02,-10.0034683437109));
#11723=CARTESIAN_POINT('',(6.25000000000001,-4.02,-9.28));
#11724=VECTOR('',#13312,1.0);
#11725=CARTESIAN_POINT('',(6.63272065430581,-4.02,-10.0034683437109));
#11726=CARTESIAN_POINT('',(6.63272065430581,-4.02,-9.28));
#11727=VECTOR('',#13313,1.0);
#11728=CARTESIAN_POINT('',(9.0,-4.02,-10.0034683437109));
#11729=VECTOR('',#13314,1.0);
#11730=COLOUR_RGB('',0.752941191196442,0.752941191196442,0.752941191196442);
#11731=CARTESIAN_POINT('',(6.61388286962235,-3.56063874219423,-9.50512258760091));
#11732=AXIS2_PLACEMENT_3D('',#13315,#13316,#13317);
#11733=CARTESIAN_POINT('',(6.99660352392815,-3.56063874219423,-9.50512258760091));
#11734=AXIS2_PLACEMENT_3D('',#13318,#13319,#13320);
#11735=CARTESIAN_POINT('',(9.0,-3.56063874219423,-9.5051225876009));
#11736=VECTOR('',#13321,1.0);
#11737=COLOUR_RGB('',0.752941191196442,0.752941191196442,0.752941191196442);
#11738=CARTESIAN_POINT('',(7.40414809307726,-2.56301764663904,-9.42376929821755));
#11739=VECTOR('',#13322,1.0);
#11740=CARTESIAN_POINT('',(7.25547538253388,-3.23384209275849,-9.47847320888437));
#11741=CARTESIAN_POINT('',(7.67664746575249,-2.70215963653082,-9.43511594938549));
#11742=VECTOR('',#13323,1.0);
#11743=AXIS2_PLACEMENT_3D('',#13324,#13325,#13326);
#11744=CARTESIAN_POINT('',(6.43699371362129,-1.17331055101827,-9.31044246099261));
#11745=CARTESIAN_POINT('',(7.41099433965255,-2.29377009981812,-9.40181289243395));
#11746=VECTOR('',#13327,1.0);
#11747=AXIS2_PLACEMENT_3D('',#13328,#13329,#13330);
#11748=CARTESIAN_POINT('',(6.21058083955446,-1.37012825971542,-9.32649241029977));
#11749=AXIS2_PLACEMENT_3D('',#13331,#13332,#13333);
#11750=CARTESIAN_POINT('',(7.00275782033853,-2.28142363133714,-9.40080607147992));
#11751=CARTESIAN_POINT('',(7.18601556275033,-2.49223754858632,-9.41799737356086));
#11752=VECTOR('',#13334,1.0);
#11753=AXIS2_PLACEMENT_3D('',#13335,#13336,#13337);
#11754=COLOUR_RGB('',0.752941191196442,0.752941191196442,0.752941191196442);
#11755=CARTESIAN_POINT('',(7.00275782033853,-2.28142363133714,-8.28));
#11756=VECTOR('',#13338,1.0);
#11757=COLOUR_RGB('',0.752941191196442,0.752941191196442,0.752941191196442);
#11758=CARTESIAN_POINT('',(6.21058083955446,-1.37012825971542,-8.28));
#11759=VECTOR('',#13339,1.0);
#11760=COLOUR_RGB('',0.752941191196442,0.752941191196442,0.752941191196442);
#11761=CARTESIAN_POINT('',(5.725,0.0,-9.5325));
#11762=VECTOR('',#13340,1.0);
#11763=COLOUR_RGB('',0.752941191196442,0.752941191196442,0.752941191196442);
#11764=CARTESIAN_POINT('',(5.86273019211808,-0.800000000000009,-8.28));
#11765=VECTOR('',#13341,1.0);
#11766=COLOUR_RGB('',0.752941191196442,0.752941191196442,0.752941191196442);
#11767=COLOUR_RGB('',0.752941191196442,0.752941191196442,0.752941191196442);
#11768=CARTESIAN_POINT('',(7.25547538253388,-3.23384209275849,-8.28));
#11769=VECTOR('',#13342,1.0);
#11770=COLOUR_RGB('',0.752941191196442,0.752941191196442,0.752941191196442);
#11771=COLOUR_RGB('',0.752941191196442,0.752941191196442,0.752941191196442);
#11772=CARTESIAN_POINT('',(6.43699371362129,-1.17331055101827,-8.28));
#11773=VECTOR('',#13343,1.0);
#11774=COLOUR_RGB('',0.752941191196442,0.752941191196442,0.752941191196442);
#11775=CARTESIAN_POINT('',(6.19047355718518,-0.800000000000007,-8.28));
#11776=VECTOR('',#13344,1.0);
#11777=COLOUR_RGB('',0.752941191196442,0.752941191196442,0.752941191196442);
#11778=COLOUR_RGB('',0.752941191196442,0.752941191196442,0.752941191196442);
#11779=COLOUR_RGB('',0.752941191196442,0.752941191196442,0.752941191196442);
#11780=CARTESIAN_POINT('',(-6.015,0.0,-11.28));
#11781=CARTESIAN_POINT('',(-6.015,0.0,-9.28));
#11782=CARTESIAN_POINT('',(-6.015,0.0,-11.5325));
#11783=VECTOR('',#13345,1.0);
#11784=CARTESIAN_POINT('',(-6.015,-0.0580102017344002,-11.28));
#11785=CARTESIAN_POINT('',(-6.015,0.897997449566397,-11.28));
#11786=VECTOR('',#13346,1.0);
#11787=CARTESIAN_POINT('',(-6.015,-0.0580102017344002,-9.28));
#11788=CARTESIAN_POINT('',(-6.015,-0.0580102017344002,-12.28));
#11789=VECTOR('',#13347,1.0);
#11790=CARTESIAN_POINT('',(-6.015,0.897997449566397,-9.28));
#11791=VECTOR('',#13348,1.0);
#11792=COLOUR_RGB('',0.752941191196442,0.752941191196442,0.752941191196442);
#11793=CARTESIAN_POINT('',(-5.725,0.0,-11.28));
#11794=CARTESIAN_POINT('',(-7.51,0.0,-11.28));
#11795=VECTOR('',#13349,1.0);
#11796=CARTESIAN_POINT('',(-5.725,0.897997449566397,-11.28));
#11797=VECTOR('',#13350,1.0);
#11798=CARTESIAN_POINT('',(-5.86273019211807,-0.800000000000001,-11.28));
#11799=AXIS2_PLACEMENT_3D('',#13351,#13352,#13353);
#11800=CARTESIAN_POINT('',(-6.19047355718518,-0.800000000000001,-11.28));
#11801=CARTESIAN_POINT('',(-9.0,-0.800000000000001,-11.28));
#11802=VECTOR('',#13354,1.0);
#11803=AXIS2_PLACEMENT_3D('',#13355,#13356,#13357);
#11804=COLOUR_RGB('',0.752941191196442,0.752941191196442,0.752941191196442);
#11805=CARTESIAN_POINT('',(-5.725,0.0,-9.28));
#11806=CARTESIAN_POINT('',(-7.51,0.0,-9.28));
#11807=VECTOR('',#13358,1.0);
#11808=CARTESIAN_POINT('',(-6.19047355718518,-0.800000000000001,-9.28));
#11809=AXIS2_PLACEMENT_3D('',#13359,#13360,#13361);
#11810=CARTESIAN_POINT('',(-5.86273019211807,-0.800000000000001,-9.28));
#11811=CARTESIAN_POINT('',(-9.0,-0.800000000000001,-9.28));
#11812=VECTOR('',#13362,1.0);
#11813=AXIS2_PLACEMENT_3D('',#13363,#13364,#13365);
#11814=CARTESIAN_POINT('',(-5.725,0.897997449566397,-9.28));
#11815=VECTOR('',#13366,1.0);
#11816=COLOUR_RGB('',0.752941191196442,0.752941191196442,0.752941191196442);
#11817=CARTESIAN_POINT('',(-6.61388286962235,-3.56063874219423,-9.50512258760091));
#11818=CARTESIAN_POINT('',(-7.32508850716931,-2.66282149522904,-9.43190803086073));
#11819=VECTOR('',#13367,1.0);
#11820=CARTESIAN_POINT('',(-7.00275782033853,-2.28142363133714,-9.40080607147992));
#11821=AXIS2_PLACEMENT_3D('',#13368,#13369,#13370);
#11822=CARTESIAN_POINT('',(-6.21058083955446,-1.37012825971542,-9.32649241029977));
#11823=CARTESIAN_POINT('',(-7.26646451408299,-2.58478348059347,-9.42554424282954));
#11824=VECTOR('',#13371,1.0);
#11825=AXIS2_PLACEMENT_3D('',#13372,#13373,#13374);
#11826=CARTESIAN_POINT('',(-6.43699371362129,-1.17331055101827,-9.31044246099262));
#11827=AXIS2_PLACEMENT_3D('',#13375,#13376,#13377);
#11828=CARTESIAN_POINT('',(-7.49144329098522,-2.38631603182527,-9.40935976170264));
#11829=VECTOR('',#13378,1.0);
#11830=CARTESIAN_POINT('',(-7.25547538253388,-3.23384209275849,-9.47847320888437));
#11831=AXIS2_PLACEMENT_3D('',#13379,#13380,#13381);
#11832=CARTESIAN_POINT('',(-6.99660352392815,-3.56063874219423,-9.50512258760091));
#11833=CARTESIAN_POINT('',(-7.59758787984453,-2.80196348512082,-9.44325468202867));
#11834=VECTOR('',#13382,1.0);
#11835=CARTESIAN_POINT('',(-9.0,-3.56063874219423,-9.50512258760091));
#11836=VECTOR('',#13383,1.0);
#11837=COLOUR_RGB('',0.752941191196442,0.752941191196442,0.752941191196442);
#11838=CARTESIAN_POINT('',(-6.25000000000001,-4.02,-10.0034683437109));
#11839=AXIS2_PLACEMENT_3D('',#13384,#13385,#13386);
#11840=CARTESIAN_POINT('',(-6.63272065430581,-4.02,-10.0034683437109));
#11841=AXIS2_PLACEMENT_3D('',#13387,#13388,#13389);
#11842=CARTESIAN_POINT('',(-9.0,-4.02,-10.0034683437109));
#11843=VECTOR('',#13390,1.0);
#11844=COLOUR_RGB('',0.752941191196442,0.752941191196442,0.752941191196442);
#11845=CARTESIAN_POINT('',(-6.25000000000001,-4.02,-10.5565316562891));
#11846=CARTESIAN_POINT('',(-6.25000000000001,-4.02,-11.28));
#11847=VECTOR('',#13391,1.0);
#11848=CARTESIAN_POINT('',(-6.63272065430581,-4.02,-10.5565316562891));
#11849=CARTESIAN_POINT('',(-6.63272065430581,-4.02,-11.28));
#11850=VECTOR('',#13392,1.0);
#11851=CARTESIAN_POINT('',(-9.0,-4.02,-10.5565316562891));
#11852=VECTOR('',#13393,1.0);
#11853=COLOUR_RGB('',0.752941191196442,0.752941191196442,0.752941191196442);
#11854=CARTESIAN_POINT('',(-6.61388286962235,-3.56063874219423,-11.0548774123991));
#11855=AXIS2_PLACEMENT_3D('',#13394,#13395,#13396);
#11856=CARTESIAN_POINT('',(-6.99660352392815,-3.56063874219423,-11.0548774123991));
#11857=AXIS2_PLACEMENT_3D('',#13397,#13398,#13399);
#11858=CARTESIAN_POINT('',(-9.0,-3.56063874219423,-11.0548774123991));
#11859=VECTOR('',#13400,1.0);
#11860=COLOUR_RGB('',0.752941191196442,0.752941191196442,0.752941191196442);
#11861=CARTESIAN_POINT('',(-7.40414809307726,-2.56301764663904,-11.1362307017824));
#11862=VECTOR('',#13401,1.0);
#11863=CARTESIAN_POINT('',(-7.25547538253388,-3.23384209275849,-11.0815267911156));
#11864=CARTESIAN_POINT('',(-7.67664746575249,-2.70215963653082,-11.1248840506145));
#11865=VECTOR('',#13402,1.0);
#11866=AXIS2_PLACEMENT_3D('',#13403,#13404,#13405);
#11867=CARTESIAN_POINT('',(-6.43699371362129,-1.17331055101827,-11.2495575390074));
#11868=CARTESIAN_POINT('',(-7.41099433965255,-2.29377009981812,-11.158187107566));
#11869=VECTOR('',#13406,1.0);
#11870=AXIS2_PLACEMENT_3D('',#13407,#13408,#13409);
#11871=CARTESIAN_POINT('',(-6.21058083955446,-1.37012825971542,-11.2335075897002));
#11872=AXIS2_PLACEMENT_3D('',#13410,#13411,#13412);
#11873=CARTESIAN_POINT('',(-7.00275782033853,-2.28142363133714,-11.1591939285201));
#11874=CARTESIAN_POINT('',(-7.18601556275033,-2.49223754858632,-11.1420026264391));
#11875=VECTOR('',#13413,1.0);
#11876=AXIS2_PLACEMENT_3D('',#13414,#13415,#13416);
#11877=COLOUR_RGB('',0.752941191196442,0.752941191196442,0.752941191196442);
#11878=CARTESIAN_POINT('',(-7.00275782033853,-2.28142363133714,-12.28));
#11879=VECTOR('',#13417,1.0);
#11880=COLOUR_RGB('',0.752941191196442,0.752941191196442,0.752941191196442);
#11881=CARTESIAN_POINT('',(-6.21058083955446,-1.37012825971542,-12.28));
#11882=VECTOR('',#13418,1.0);
#11883=COLOUR_RGB('',0.752941191196442,0.752941191196442,0.752941191196442);
#11884=CARTESIAN_POINT('',(-5.725,0.0,-11.5325));
#11885=VECTOR('',#13419,1.0);
#11886=COLOUR_RGB('',0.752941191196442,0.752941191196442,0.752941191196442);
#11887=CARTESIAN_POINT('',(-5.86273019211808,-0.800000000000009,-12.28));
#11888=VECTOR('',#13420,1.0);
#11889=COLOUR_RGB('',0.752941191196442,0.752941191196442,0.752941191196442);
#11890=COLOUR_RGB('',0.752941191196442,0.752941191196442,0.752941191196442);
#11891=CARTESIAN_POINT('',(-7.25547538253388,-3.23384209275849,-12.28));
#11892=VECTOR('',#13421,1.0);
#11893=COLOUR_RGB('',0.752941191196442,0.752941191196442,0.752941191196442);
#11894=COLOUR_RGB('',0.752941191196442,0.752941191196442,0.752941191196442);
#11895=CARTESIAN_POINT('',(-6.43699371362129,-1.17331055101827,-12.28));
#11896=VECTOR('',#13422,1.0);
#11897=COLOUR_RGB('',0.752941191196442,0.752941191196442,0.752941191196442);
#11898=CARTESIAN_POINT('',(-6.19047355718518,-0.800000000000007,-12.28));
#11899=VECTOR('',#13423,1.0);
#11900=COLOUR_RGB('',0.752941191196442,0.752941191196442,0.752941191196442);
#11901=COLOUR_RGB('',0.752941191196442,0.752941191196442,0.752941191196442);
#11902=COLOUR_RGB('',0.752941191196442,0.752941191196442,0.752941191196442);
#11903=CARTESIAN_POINT('',(4.51430283462381,6.185,-0.0544897096069787));
#11904=CARTESIAN_POINT('',(4.51430283462381,2.995,-0.0544897096069781));
#11905=CARTESIAN_POINT('',(4.51430283462381,4.59,-0.0544897096069786));
#11906=VECTOR('',#13424,1.0);
#11907=CARTESIAN_POINT('',(4.24506147274635,6.185,-0.355164258571947));
#11908=AXIS2_PLACEMENT_3D('',#13425,#13426,#13427);
#11909=CARTESIAN_POINT('',(4.24506147274635,2.995,-0.355164258571947));
#11910=CARTESIAN_POINT('',(4.24506147274635,6.59,-0.355164258571947));
#11911=VECTOR('',#13428,1.0);
#11912=AXIS2_PLACEMENT_3D('',#13429,#13430,#13431);
#11913=COLOUR_RGB('',0.752941191196442,0.752941191196442,0.752941191196442);
#11914=CARTESIAN_POINT('',(4.51430283462381,6.185,-0.205880787636847));
#11915=VECTOR('',#13432,1.0);
#11916=CARTESIAN_POINT('',(4.53682817153891,6.185,-0.428065703428778));
#11917=AXIS2_PLACEMENT_3D('',#13433,#13434,#13435);
#11918=CARTESIAN_POINT('',(4.50573951631229,6.185,-0.523523150547389));
#11919=CARTESIAN_POINT('',(4.36602100397038,6.185,-0.952527634856741));
#11920=VECTOR('',#13436,1.0);
#11921=CARTESIAN_POINT('',(4.19023021855979,6.185,-0.523523150547389));
#11922=CARTESIAN_POINT('',(6.02,6.185,-0.523523150547389));
#11923=VECTOR('',#13437,1.0);
#11924=CARTESIAN_POINT('',(4.11945855054977,6.185,-0.740826945366313));
#11925=VECTOR('',#13438,1.0);
#11926=COLOUR_RGB('',0.752941191196442,0.752941191196442,0.752941191196442);
#11927=CARTESIAN_POINT('',(3.32397694825009,5.41371901409606,-4.1521148996993));
#11928=CARTESIAN_POINT('',(4.00703343979605,5.85951794060253,-2.0547958472838));
#11929=VECTOR('',#13439,1.0);
#11930=CARTESIAN_POINT('',(3.20001324760107,5.4242579813872,-4.10253295685858));
#11931=CARTESIAN_POINT('',(4.1239988145185,5.34570390776527,-4.4721008168425));
#11932=VECTOR('',#13440,1.0);
#11933=CARTESIAN_POINT('',(3.2,5.53872319289566,-3.56401647630808));
#11934=CARTESIAN_POINT('',(3.19998845598394,5.63846866629081,-3.09475091888904));
#11935=VECTOR('',#13441,1.0);
#11936=CARTESIAN_POINT('',(3.75776519417912,5.90275036763922,-1.85140326934116));
#11937=VECTOR('',#13442,1.0);
#11938=COLOUR_RGB('',0.752941191196442,0.752941191196442,0.752941191196442);
#11939=CARTESIAN_POINT('',(4.51430283462381,2.995,-0.205880787636849));
#11940=VECTOR('',#13443,1.0);
#11941=CARTESIAN_POINT('',(4.19023021855979,2.995,-0.523523150547391));
#11942=CARTESIAN_POINT('',(4.11945855054977,2.995,-0.740826945366316));
#11943=VECTOR('',#13444,1.0);
#11944=CARTESIAN_POINT('',(4.50573951631229,2.995,-0.523523150547391));
#11945=CARTESIAN_POINT('',(6.02,2.995,-0.523523150547391));
#11946=VECTOR('',#13445,1.0);
#11947=CARTESIAN_POINT('',(4.53682817153891,2.995,-0.428065703428777));
#11948=CARTESIAN_POINT('',(4.36602100397038,2.995,-0.952527634856744));
#11949=VECTOR('',#13446,1.0);
#11950=AXIS2_PLACEMENT_3D('',#13447,#13448,#13449);
#11951=COLOUR_RGB('',0.752941191196442,0.752941191196442,0.752941191196442);
#11952=CARTESIAN_POINT('',(3.32397694825009,3.76628098590394,-4.1521148996993));
#11953=CARTESIAN_POINT('',(3.88677165446695,3.39897128461239,-2.42405861949955));
#11954=VECTOR('',#13450,1.0);
#11955=CARTESIAN_POINT('',(3.2,3.64127680710434,-3.56401647630808));
#11956=CARTESIAN_POINT('',(3.63750340885002,3.3557388575757,-2.22066604155691));
#11957=VECTOR('',#13451,1.0);
#11958=CARTESIAN_POINT('',(3.20001324760107,3.7557420186128,-4.10253295685858));
#11959=CARTESIAN_POINT('',(3.1999984617776,3.62798587601653,-3.50148756172934));
#11960=VECTOR('',#13452,1.0);
#11961=CARTESIAN_POINT('',(4.26967427013613,3.84668091822684,-4.53036684210565));
#11962=VECTOR('',#13453,1.0);
#11963=COLOUR_RGB('',0.752941191196442,0.752941191196442,0.752941191196442);
#11964=CARTESIAN_POINT('',(4.53682817153891,6.59,-0.428065703428778));
#11965=VECTOR('',#13454,1.0);
#11966=COLOUR_RGB('',0.752941191196442,0.752941191196442,0.752941191196442);
#11967=CARTESIAN_POINT('',(3.32397694825009,6.59,-4.1521148996993));
#11968=VECTOR('',#13455,1.0);
#11969=COLOUR_RGB('',0.752941191196442,0.752941191196442,0.752941191196442);
#11970=CARTESIAN_POINT('',(3.20001324760107,6.59,-4.10253295685858));
#11971=VECTOR('',#13456,1.0);
#11972=COLOUR_RGB('',0.752941191196442,0.752941191196442,0.752941191196442);
#11973=CARTESIAN_POINT('',(3.2,6.59,-3.56401647630808));
#11974=VECTOR('',#13457,1.0);
#11975=COLOUR_RGB('',0.752941191196442,0.752941191196442,0.752941191196442);
#11976=COLOUR_RGB('',0.752941191196442,0.752941191196442,0.752941191196442);
#11977=CARTESIAN_POINT('',(-4.51430283462382,2.995,-0.0544897096069759));
#11978=CARTESIAN_POINT('',(-4.51430283462382,6.185,-0.0544897096069756));
#11979=CARTESIAN_POINT('',(-4.51430283462382,4.59,-0.0544897096069757));
#11980=VECTOR('',#13458,1.0);
#11981=CARTESIAN_POINT('',(-4.24506147274635,2.995,-0.355164258571947));
#11982=AXIS2_PLACEMENT_3D('',#13459,#13460,#13461);
#11983=CARTESIAN_POINT('',(-4.24506147274635,6.185,-0.355164258571947));
#11984=CARTESIAN_POINT('',(-4.24506147274635,2.59,-0.355164258571947));
#11985=VECTOR('',#13462,1.0);
#11986=AXIS2_PLACEMENT_3D('',#13463,#13464,#13465);
#11987=COLOUR_RGB('',0.752941191196442,0.752941191196442,0.752941191196442);
#11988=CARTESIAN_POINT('',(-4.51430283462382,2.995,-0.205880787636847));
#11989=VECTOR('',#13466,1.0);
#11990=CARTESIAN_POINT('',(-4.53682817153891,2.995,-0.428065703428778));
#11991=AXIS2_PLACEMENT_3D('',#13467,#13468,#13469);
#11992=CARTESIAN_POINT('',(-4.50573951631229,2.995,-0.523523150547389));
#11993=CARTESIAN_POINT('',(-4.36602100397038,2.995,-0.952527634856741));
#11994=VECTOR('',#13470,1.0);
#11995=CARTESIAN_POINT('',(-4.19023021855979,2.995,-0.523523150547389));
#11996=CARTESIAN_POINT('',(-6.02,2.995,-0.523523150547389));
#11997=VECTOR('',#13471,1.0);
#11998=CARTESIAN_POINT('',(-4.11945855054977,2.995,-0.740826945366313));
#11999=VECTOR('',#13472,1.0);
#12000=COLOUR_RGB('',0.752941191196442,0.752941191196442,0.752941191196442);
#12001=CARTESIAN_POINT('',(-3.32397694825009,3.76628098590394,-4.1521148996993));
#12002=CARTESIAN_POINT('',(-4.00703343979605,3.32048205939747,-2.0547958472838));
#12003=VECTOR('',#13473,1.0);
#12004=CARTESIAN_POINT('',(-3.20001324760107,3.7557420186128,-4.10253295685858));
#12005=CARTESIAN_POINT('',(-4.1239988145185,3.83429609223473,-4.4721008168425));
#12006=VECTOR('',#13474,1.0);
#12007=CARTESIAN_POINT('',(-3.2,3.64127680710434,-3.56401647630808));
#12008=CARTESIAN_POINT('',(-3.19998845598394,3.54153133370919,-3.09475091888904));
#12009=VECTOR('',#13475,1.0);
#12010=CARTESIAN_POINT('',(-3.75776519417912,3.27724963236078,-1.85140326934116));
#12011=VECTOR('',#13476,1.0);
#12012=COLOUR_RGB('',0.752941191196442,0.752941191196442,0.752941191196442);
#12013=CARTESIAN_POINT('',(-4.51430283462382,6.185,-0.205880787636849));
#12014=VECTOR('',#13477,1.0);
#12015=CARTESIAN_POINT('',(-4.19023021855979,6.185,-0.523523150547391));
#12016=CARTESIAN_POINT('',(-4.11945855054977,6.185,-0.740826945366316));
#12017=VECTOR('',#13478,1.0);
#12018=CARTESIAN_POINT('',(-4.50573951631229,6.185,-0.523523150547391));
#12019=CARTESIAN_POINT('',(-6.02,6.185,-0.523523150547391));
#12020=VECTOR('',#13479,1.0);
#12021=CARTESIAN_POINT('',(-4.53682817153891,6.185,-0.428065703428777));
#12022=CARTESIAN_POINT('',(-4.36602100397038,6.185,-0.952527634856744));
#12023=VECTOR('',#13480,1.0);
#12024=AXIS2_PLACEMENT_3D('',#13481,#13482,#13483);
#12025=COLOUR_RGB('',0.752941191196442,0.752941191196442,0.752941191196442);
#12026=CARTESIAN_POINT('',(-3.32397694825009,5.41371901409606,-4.1521148996993));
#12027=CARTESIAN_POINT('',(-3.88677165446695,5.78102871538761,-2.42405861949955));
#12028=VECTOR('',#13484,1.0);
#12029=CARTESIAN_POINT('',(-3.2,5.53872319289566,-3.56401647630808));
#12030=CARTESIAN_POINT('',(-3.63750340885002,5.8242611424243,-2.22066604155691));
#12031=VECTOR('',#13485,1.0);
#12032=CARTESIAN_POINT('',(-3.20001324760107,5.4242579813872,-4.10253295685858));
#12033=CARTESIAN_POINT('',(-3.1999984617776,5.55201412398347,-3.50148756172934));
#12034=VECTOR('',#13486,1.0);
#12035=CARTESIAN_POINT('',(-4.26967427013613,5.33331908177316,-4.53036684210565));
#12036=VECTOR('',#13487,1.0);
#12037=COLOUR_RGB('',0.752941191196442,0.752941191196442,0.752941191196442);
#12038=CARTESIAN_POINT('',(-4.53682817153891,2.59,-0.428065703428778));
#12039=VECTOR('',#13488,1.0);
#12040=COLOUR_RGB('',0.752941191196442,0.752941191196442,0.752941191196442);
#12041=CARTESIAN_POINT('',(-3.32397694825009,2.59,-4.1521148996993));
#12042=VECTOR('',#13489,1.0);
#12043=COLOUR_RGB('',0.752941191196442,0.752941191196442,0.752941191196442);
#12044=CARTESIAN_POINT('',(-3.20001324760107,2.59,-4.10253295685858));
#12045=VECTOR('',#13490,1.0);
#12046=COLOUR_RGB('',0.752941191196442,0.752941191196442,0.752941191196442);
#12047=CARTESIAN_POINT('',(-3.2,2.59,-3.56401647630808));
#12048=VECTOR('',#13491,1.0);
#12049=COLOUR_RGB('',0.752941191196442,0.752941191196442,0.752941191196442);
#12050=COLOUR_RGB('',0.752941191196442,0.752941191196442,0.752941191196442);
#12051=CARTESIAN_POINT('',(6.02,7.25,-9.5));
#12052=CARTESIAN_POINT('',(0.0,7.25,-9.5));
#12053=VECTOR('',#13492,1.0);
#12054=CARTESIAN_POINT('',(6.02,7.25,-9.21790193814524));
#12055=VECTOR('',#13493,1.0);
#12056=COLOUR_RGB('',0.752941191196442,0.752941191196442,0.752941191196442);
#12057=CARTESIAN_POINT('',(6.02,6.61201152349477,-9.5));
#12058=VECTOR('',#13494,1.0);
#12059=COLOUR_RGB('',0.752941191196442,0.752941191196442,0.752941191196442);
#12060=CARTESIAN_POINT('',(-6.02,7.25,-9.5));
#12061=CARTESIAN_POINT('',(0.0,7.25,-9.5));
#12062=VECTOR('',#13495,1.0);
#12063=CARTESIAN_POINT('',(-6.02,6.61201152349477,-9.5));
#12064=VECTOR('',#13496,1.0);
#12065=COLOUR_RGB('',0.752941191196442,0.752941191196442,0.752941191196442);
#12066=CARTESIAN_POINT('',(6.02,3.7,-11.07));
#12067=CARTESIAN_POINT('',(0.0,3.7,-11.07));
#12068=VECTOR('',#13497,1.0);
#12069=CARTESIAN_POINT('',(6.02,3.7,-9.21790193814524));
#12070=VECTOR('',#13498,1.0);
#12071=COLOUR_RGB('',0.752941191196442,0.752941191196442,0.752941191196442);
#12072=CARTESIAN_POINT('',(-6.02,3.7,-9.5));
#12073=CARTESIAN_POINT('',(0.0,3.7,-9.5));
#12074=VECTOR('',#13499,1.0);
#12075=CARTESIAN_POINT('',(-6.02,3.7,-9.21790193814524));
#12076=VECTOR('',#13500,1.0);
#12077=COLOUR_RGB('',0.752941191196442,0.752941191196442,0.752941191196442);
#12078=CARTESIAN_POINT('',(6.02,4.13701152349477,-11.07));
#12079=VECTOR('',#13501,1.0);
#12080=COLOUR_RGB('',0.752941191196442,0.752941191196442,0.752941191196442);
#12081=CARTESIAN_POINT('',(4.51430283462381,2.99,6.66133814775094E-16));
#12082=CARTESIAN_POINT('',(-0.706424291344046,2.99,3.33066907387547E-16));
#12083=VECTOR('',#13502,1.0);
#12084=CARTESIAN_POINT('',(4.51430283462381,2.99,-0.4));
#12085=VECTOR('',#13503,1.0);
#12086=COLOUR_RGB('',0.752941191196442,0.752941191196442,0.752941191196442);
#12087=CARTESIAN_POINT('',(4.7,2.69,6.66133814775094E-16));
#12088=CARTESIAN_POINT('',(4.7,2.69,-0.4));
#12089=VECTOR('',#13504,1.0);
#12090=AXIS2_PLACEMENT_3D('',#13505,#13506,#13507);
#12091=COLOUR_RGB('',0.752941191196442,0.752941191196442,0.752941191196442);
#12092=CARTESIAN_POINT('',(-0.6975,2.69,3.33066907387547E-16));
#12093=VECTOR('',#13508,1.0);
#12094=COLOUR_RGB('',0.752941191196442,0.752941191196442,0.752941191196442);
#12095=CARTESIAN_POINT('',(-4.7,2.69,5.55111512312578E-17));
#12096=CARTESIAN_POINT('',(-4.7,2.69,-0.4));
#12097=VECTOR('',#13509,1.0);
#12098=CARTESIAN_POINT('',(-5.3225,2.69,5.55111512312578E-17));
#12099=VECTOR('',#13510,1.0);
#12100=COLOUR_RGB('',0.752941191196442,0.752941191196442,0.752941191196442);
#12101=AXIS2_PLACEMENT_3D('',#13511,#13512,#13513);
#12102=COLOUR_RGB('',0.752941191196442,0.752941191196442,0.752941191196442);
#12103=CARTESIAN_POINT('',(-4.51430283462382,2.99,1.11022302462516E-16));
#12104=CARTESIAN_POINT('',(-4.51430283462382,2.99,-0.4));
#12105=VECTOR('',#13514,1.0);
#12106=CARTESIAN_POINT('',(-5.31357570865596,2.99,5.55111512312578E-17));
#12107=VECTOR('',#13515,1.0);
#12108=COLOUR_RGB('',0.752941191196442,0.752941191196442,0.752941191196442);
#12109=CARTESIAN_POINT('',(-4.51430283462382,6.19,1.11022302462516E-16));
#12110=CARTESIAN_POINT('',(-4.51430283462382,6.19,-0.4));
#12111=VECTOR('',#13516,1.0);
#12112=CARTESIAN_POINT('',(-4.51430283462382,5.07,8.32667268468867E-17));
#12113=VECTOR('',#13517,1.0);
#12114=COLOUR_RGB('',0.752941191196442,0.752941191196442,0.752941191196442);
#12115=CARTESIAN_POINT('',(-4.7,6.19,5.55111512312578E-17));
#12116=CARTESIAN_POINT('',(-4.7,6.19,-0.4));
#12117=VECTOR('',#13518,1.0);
#12118=CARTESIAN_POINT('',(-5.31357570865595,6.19,5.55111512312578E-17));
#12119=VECTOR('',#13519,1.0);
#12120=COLOUR_RGB('',0.752941191196442,0.752941191196442,0.752941191196442);
#12121=AXIS2_PLACEMENT_3D('',#13520,#13521,#13522);
#12122=COLOUR_RGB('',0.752941191196442,0.752941191196442,0.752941191196442);
#12123=CARTESIAN_POINT('',(-4.55,6.49,1.11022302462516E-16));
#12124=CARTESIAN_POINT('',(-4.55,6.49,-0.4));
#12125=VECTOR('',#13523,1.0);
#12126=CARTESIAN_POINT('',(-5.3225,6.49,5.55111512312578E-17));
#12127=VECTOR('',#13524,1.0);
#12128=COLOUR_RGB('',0.752941191196442,0.752941191196442,0.752941191196442);
#12129=CARTESIAN_POINT('',(-4.55,7.49,1.11022302462516E-16));
#12130=CARTESIAN_POINT('',(-4.55,7.49,-0.4));
#12131=VECTOR('',#13525,1.0);
#12132=CARTESIAN_POINT('',(-4.55,6.27,8.32667268468867E-17));
#12133=VECTOR('',#13526,1.0);
#12134=COLOUR_RGB('',0.752941191196442,0.752941191196442,0.752941191196442);
#12135=CARTESIAN_POINT('',(-2.6,9.49,2.22044604925031E-16));
#12136=CARTESIAN_POINT('',(-2.6,9.49,-0.4));
#12137=VECTOR('',#13527,1.0);
#12138=CARTESIAN_POINT('',(-4.90554229413649,7.12534123678308,5.55111512312578E-17));
#12139=VECTOR('',#13528,1.0);
#12140=COLOUR_RGB('',0.752941191196442,0.752941191196442,0.752941191196442);
#12141=CARTESIAN_POINT('',(2.6,9.49,5.55111512312578E-16));
#12142=CARTESIAN_POINT('',(2.6,9.49,-0.4));
#12143=VECTOR('',#13529,1.0);
#12144=CARTESIAN_POINT('',(-3.01,9.49,1.94289029309402E-16));
#12145=VECTOR('',#13530,1.0);
#12146=COLOUR_RGB('',0.752941191196442,0.752941191196442,0.752941191196442);
#12147=CARTESIAN_POINT('',(4.55,7.49,6.66133814775094E-16));
#12148=CARTESIAN_POINT('',(4.55,7.49,-0.4));
#12149=VECTOR('',#13531,1.0);
#12150=CARTESIAN_POINT('',(1.97173261775072,10.134376802307,4.9960036108132E-16));
#12151=VECTOR('',#13532,1.0);
#12152=COLOUR_RGB('',0.752941191196442,0.752941191196442,0.752941191196442);
#12153=CARTESIAN_POINT('',(4.55,6.49,6.66133814775094E-16));
#12154=CARTESIAN_POINT('',(4.55,6.49,-0.4));
#12155=VECTOR('',#13533,1.0);
#12156=CARTESIAN_POINT('',(4.55,6.27,6.38378239159465E-16));
#12157=VECTOR('',#13534,1.0);
#12158=COLOUR_RGB('',0.752941191196442,0.752941191196442,0.752941191196442);
#12159=CARTESIAN_POINT('',(-0.697499999999999,6.49,3.33066907387547E-16));
#12160=VECTOR('',#13535,1.0);
#12161=COLOUR_RGB('',0.752941191196442,0.752941191196442,0.752941191196442);
#12162=CARTESIAN_POINT('',(4.51430283462381,6.19,6.66133814775094E-16));
#12163=CARTESIAN_POINT('',(4.51430283462381,6.19,-0.4));
#12164=VECTOR('',#13536,1.0);
#12165=CARTESIAN_POINT('',(-0.706424291344046,6.19,3.33066907387547E-16));
#12166=VECTOR('',#13537,1.0);
#12167=COLOUR_RGB('',0.752941191196442,0.752941191196442,0.752941191196442);
#12168=CARTESIAN_POINT('',(4.51430283462381,5.07,6.38378239159465E-16));
#12169=VECTOR('',#13538,1.0);
#12170=COLOUR_RGB('',0.752941191196442,0.752941191196442,0.752941191196442);
#12171=CARTESIAN_POINT('',(-6.02,4.6,-13.4));
#12172=CARTESIAN_POINT('',(0.0,4.6,-13.4));
#12173=VECTOR('',#13539,1.0);
#12174=CARTESIAN_POINT('',(-6.02,5.33701152349477,-13.4));
#12175=VECTOR('',#13540,1.0);
#12176=COLOUR_RGB('',0.752941191196442,0.752941191196442,0.752941191196442);
#12177=CARTESIAN_POINT('',(-6.02,4.6,-11.1679019381452));
#12178=VECTOR('',#13541,1.0);
#12179=COLOUR_RGB('',0.752941191196442,0.752941191196442,0.752941191196442);
#12180=CARTESIAN_POINT('',(-6.02,7.25,-9.21790193814524));
#12181=VECTOR('',#13542,1.0);
#12182=COLOUR_RGB('',0.752941191196442,0.752941191196442,0.752941191196442);
#12183=CARTESIAN_POINT('',(-6.02,4.13701152349477,-9.5));
#12184=VECTOR('',#13543,1.0);
#12185=COLOUR_RGB('',0.752941191196442,0.752941191196442,0.752941191196442);
#12186=AXIS2_PLACEMENT_3D('',#13544,#13545,#13546);
#12187=COLOUR_RGB('',0.752941191196442,0.752941191196442,0.752941191196442);
#12188=AXIS2_PLACEMENT_3D('',#13547,#13548,#13549);
#12189=COLOUR_RGB('',0.752941191196442,0.752941191196442,0.752941191196442);
#12190=AXIS2_PLACEMENT_3D('',#13550,#13551,#13552);
#12191=COLOUR_RGB('',0.752941191196442,0.752941191196442,0.752941191196442);
#12192=AXIS2_PLACEMENT_3D('',#13553,#13554,#13555);
#12193=COLOUR_RGB('',0.752941191196442,0.752941191196442,0.752941191196442);
#12194=CARTESIAN_POINT('',(-2.95,7.8,-16.3));
#12195=CARTESIAN_POINT('',(2.95,7.8,-16.3));
#12196=CARTESIAN_POINT('',(-3.01,7.8,-16.3));
#12197=VECTOR('',#13556,1.0);
#12198=CARTESIAN_POINT('',(-2.95,7.8,-16.6));
#12199=CARTESIAN_POINT('',(-2.95,7.8,-16.6));
#12200=VECTOR('',#13557,1.0);
#12201=CARTESIAN_POINT('',(2.95,7.8,-16.6));
#12202=CARTESIAN_POINT('',(-2.95,7.8,-16.6));
#12203=VECTOR('',#13558,1.0);
#12204=CARTESIAN_POINT('',(2.95,7.8,-16.6));
#12205=VECTOR('',#13559,1.0);
#12206=COLOUR_RGB('',0.752941191196442,0.752941191196442,0.752941191196442);
#12207=AXIS2_PLACEMENT_3D('',#13560,#13561,#13562);
#12208=AXIS2_PLACEMENT_3D('',#13563,#13564,#13565);
#12209=COLOUR_RGB('',0.752941191196442,0.752941191196442,0.752941191196442);
#12210=CARTESIAN_POINT('',(-3.01,8.8,-16.3));
#12211=VECTOR('',#13566,1.0);
#12212=CARTESIAN_POINT('',(2.95,8.8,-16.6));
#12213=VECTOR('',#13567,1.0);
#12214=COLOUR_RGB('',0.752941191196442,0.752941191196442,0.752941191196442);
#12215=AXIS2_PLACEMENT_3D('',#13568,#13569,#13570);
#12216=AXIS2_PLACEMENT_3D('',#13571,#13572,#13573);
#12217=COLOUR_RGB('',0.752941191196442,0.752941191196442,0.752941191196442);
#12218=COLOUR_RGB('',0.752941191196442,0.752941191196442,0.752941191196442);
#12219=CARTESIAN_POINT('',(-2.95,3.8,-16.3));
#12220=CARTESIAN_POINT('',(2.95,3.8,-16.3));
#12221=CARTESIAN_POINT('',(-3.01,3.8,-16.3));
#12222=VECTOR('',#13574,1.0);
#12223=CARTESIAN_POINT('',(-2.95,3.8,-16.6));
#12224=CARTESIAN_POINT('',(-2.95,3.8,-16.6));
#12225=VECTOR('',#13575,1.0);
#12226=CARTESIAN_POINT('',(2.95,3.8,-16.6));
#12227=CARTESIAN_POINT('',(-2.95,3.8,-16.6));
#12228=VECTOR('',#13576,1.0);
#12229=CARTESIAN_POINT('',(2.95,3.8,-16.6));
#12230=VECTOR('',#13577,1.0);
#12231=COLOUR_RGB('',0.752941191196442,0.752941191196442,0.752941191196442);
#12232=AXIS2_PLACEMENT_3D('',#13578,#13579,#13580);
#12233=AXIS2_PLACEMENT_3D('',#13581,#13582,#13583);
#12234=COLOUR_RGB('',0.752941191196442,0.752941191196442,0.752941191196442);
#12235=CARTESIAN_POINT('',(-3.01,4.8,-16.3));
#12236=VECTOR('',#13584,1.0);
#12237=CARTESIAN_POINT('',(2.95,4.8,-16.6));
#12238=VECTOR('',#13585,1.0);
#12239=COLOUR_RGB('',0.752941191196442,0.752941191196442,0.752941191196442);
#12240=AXIS2_PLACEMENT_3D('',#13586,#13587,#13588);
#12241=AXIS2_PLACEMENT_3D('',#13589,#13590,#13591);
#12242=COLOUR_RGB('',0.752941191196442,0.752941191196442,0.752941191196442);
#12243=COLOUR_RGB('',0.752941191196442,0.752941191196442,0.752941191196442);
#12244=CARTESIAN_POINT('',(5.72,0.400000000000001,-9.27));
#12245=CARTESIAN_POINT('',(5.72,0.0,-9.27));
#12246=CARTESIAN_POINT('',(5.72,-0.0999999999999997,-9.27));
#12247=VECTOR('',#13592,1.0);
#12248=CARTESIAN_POINT('',(5.72,0.400000000000001,-16.0));
#12249=CARTESIAN_POINT('',(5.72,0.4,-8.093));
#12250=VECTOR('',#13593,1.0);
#12251=CARTESIAN_POINT('',(5.72,0.15,-16.0));
#12252=CARTESIAN_POINT('',(5.72,-0.399999999999999,-16.0));
#12253=VECTOR('',#13594,1.0);
#12254=CARTESIAN_POINT('',(5.72,0.15,-12.3));
#12255=CARTESIAN_POINT('',(5.72,0.15,-13.17325));
#12256=VECTOR('',#13595,1.0);
#12257=CARTESIAN_POINT('',(5.72,0.0,-12.3));
#12258=CARTESIAN_POINT('',(5.72,-0.162499999999998,-12.3));
#12259=VECTOR('',#13596,1.0);
#12260=CARTESIAN_POINT('',(5.72,0.0,-11.41575));
#12261=VECTOR('',#13597,1.0);
#12262=COLOUR_RGB('',0.752941191196442,0.752941191196442,0.752941191196442);
#12263=CARTESIAN_POINT('',(-5.72,0.15,-16.0));
#12264=CARTESIAN_POINT('',(-3.01,0.15,-16.0));
#12265=VECTOR('',#13598,1.0);
#12266=CARTESIAN_POINT('',(-5.72,0.400000000000001,-16.0));
#12267=CARTESIAN_POINT('',(5.72,0.400000000000001,-16.0));
#12268=VECTOR('',#13599,1.0);
#12269=CARTESIAN_POINT('',(-5.72,-0.399999999999999,-16.0));
#12270=VECTOR('',#13600,1.0);
#12271=COLOUR_RGB('',0.752941191196442,0.752941191196442,0.752941191196442);
#12272=CARTESIAN_POINT('',(-4.52,0.0,-6.663));
#12273=CARTESIAN_POINT('',(-4.52,-0.4,-6.663));
#12274=VECTOR('',#13601,1.0);
#12275=CARTESIAN_POINT('',(-4.52,0.0,-8.093));
#12276=CARTESIAN_POINT('',(-4.52,0.0,-5.81475));
#12277=VECTOR('',#13602,1.0);
#12278=CARTESIAN_POINT('',(-4.52,-0.0999999999999999,-8.093));
#12279=VECTOR('',#13603,1.0);
#12280=COLOUR_RGB('',0.752941191196442,0.752941191196442,0.752941191196442);
#12281=CARTESIAN_POINT('',(-3.22,0.0,-6.663));
#12282=CARTESIAN_POINT('',(-3.22,-0.4,-6.663));
#12283=VECTOR('',#13604,1.0);
#12284=AXIS2_PLACEMENT_3D('',#13605,#13606,#13607);
#12285=COLOUR_RGB('',0.752941191196442,0.752941191196442,0.752941191196442);
#12286=CARTESIAN_POINT('',(-3.22,0.0,-8.093));
#12287=CARTESIAN_POINT('',(-3.22,-0.0999999999999999,-8.093));
#12288=VECTOR('',#13608,1.0);
#12289=CARTESIAN_POINT('',(-3.22,0.0,-5.81475));
#12290=VECTOR('',#13609,1.0);
#12291=COLOUR_RGB('',0.752941191196442,0.752941191196442,0.752941191196442);
#12292=CARTESIAN_POINT('',(-0.75,0.0,-2.813));
#12293=CARTESIAN_POINT('',(-0.75,-0.4,-2.813));
#12294=VECTOR('',#13610,1.0);
#12295=CARTESIAN_POINT('',(-0.75,0.0,-8.093));
#12296=CARTESIAN_POINT('',(-0.75,0.0,-4.85225));
#12297=VECTOR('',#13611,1.0);
#12298=CARTESIAN_POINT('',(-0.75,-0.0999999999999999,-8.093));
#12299=VECTOR('',#13612,1.0);
#12300=COLOUR_RGB('',0.752941191196442,0.752941191196442,0.752941191196442);
#12301=CARTESIAN_POINT('',(-0.199000000000001,0.0,-2.3156078006241));
#12302=CARTESIAN_POINT('',(-0.199000000000001,-0.4,-2.3156078006241));
#12303=VECTOR('',#13613,1.0);
#12304=AXIS2_PLACEMENT_3D('',#13614,#13615,#13616);
#12305=COLOUR_RGB('',0.752941191196442,0.752941191196442,0.752941191196442);
#12306=CARTESIAN_POINT('',(-0.199000000000001,0.0,-2.80715195015603));
#12307=VECTOR('',#13617,1.0);
#12308=COLOUR_RGB('',0.752941191196442,0.752941191196442,0.752941191196442);
#12309=CARTESIAN_POINT('',(-5.72,0.0,-9.27));
#12310=CARTESIAN_POINT('',(-5.72,0.400000000000001,-9.27));
#12311=CARTESIAN_POINT('',(-5.72,-0.0999999999999997,-9.27));
#12312=VECTOR('',#13618,1.0);
#12313=CARTESIAN_POINT('',(-5.72,0.0,-12.3));
#12314=CARTESIAN_POINT('',(-5.72,0.0,-11.41575));
#12315=VECTOR('',#13619,1.0);
#12316=CARTESIAN_POINT('',(-5.72,0.15,-12.3));
#12317=CARTESIAN_POINT('',(-5.72,-0.162499999999998,-12.3));
#12318=VECTOR('',#13620,1.0);
#12319=CARTESIAN_POINT('',(-5.72,0.15,-13.17325));
#12320=VECTOR('',#13621,1.0);
#12321=CARTESIAN_POINT('',(-5.72,0.4,-8.093));
#12322=VECTOR('',#13622,1.0);
#12323=COLOUR_RGB('',0.752941191196442,0.752941191196442,0.752941191196442);
#12324=CARTESIAN_POINT('',(4.52,0.0,-8.093));
#12325=CARTESIAN_POINT('',(4.52,-0.0999999999999999,-8.093));
#12326=VECTOR('',#13623,1.0);
#12327=CARTESIAN_POINT('',(4.52,0.0,-6.663));
#12328=CARTESIAN_POINT('',(4.52,0.0,-5.81475));
#12329=VECTOR('',#13624,1.0);
#12330=CARTESIAN_POINT('',(4.52,-0.4,-6.663));
#12331=VECTOR('',#13625,1.0);
#12332=COLOUR_RGB('',0.752941191196442,0.752941191196442,0.752941191196442);
#12333=CARTESIAN_POINT('',(3.22,0.0,-6.663));
#12334=AXIS2_PLACEMENT_3D('',#13626,#13627,#13628);
#12335=CARTESIAN_POINT('',(3.22,-0.4,-6.663));
#12336=VECTOR('',#13629,1.0);
#12337=COLOUR_RGB('',0.752941191196442,0.752941191196442,0.752941191196442);
#12338=CARTESIAN_POINT('',(3.22,0.0,-8.093));
#12339=CARTESIAN_POINT('',(3.22,0.0,-5.81475));
#12340=VECTOR('',#13630,1.0);
#12341=CARTESIAN_POINT('',(3.22,-0.0999999999999999,-8.093));
#12342=VECTOR('',#13631,1.0);
#12343=COLOUR_RGB('',0.752941191196442,0.752941191196442,0.752941191196442);
#12344=CARTESIAN_POINT('',(0.75,0.0,-8.093));
#12345=CARTESIAN_POINT('',(0.75,-0.0999999999999999,-8.093));
#12346=VECTOR('',#13632,1.0);
#12347=CARTESIAN_POINT('',(0.75,0.0,-4.85225));
#12348=VECTOR('',#13633,1.0);
#12349=COLOUR_RGB('',0.752941191196442,0.752941191196442,0.752941191196442);
#12350=CARTESIAN_POINT('',(-6.02,0.4,-8.593));
#12351=CARTESIAN_POINT('',(-6.02,0.4,-8.593));
#12352=VECTOR('',#13634,1.0);
#12353=CARTESIAN_POINT('',(-6.02,0.4,-9.27));
#12354=CARTESIAN_POINT('',(-6.02,0.4,-9.27));
#12355=VECTOR('',#13635,1.0);
#12356=CARTESIAN_POINT('',(-6.02,0.4,-9.27));
#12357=VECTOR('',#13636,1.0);
#12358=CARTESIAN_POINT('',(6.02,0.4,-9.27));
#12359=CARTESIAN_POINT('',(-6.02,0.4,-9.27));
#12360=VECTOR('',#13637,1.0);
#12361=CARTESIAN_POINT('',(6.02,0.4,-9.27));
#12362=VECTOR('',#13638,1.0);
#12363=COLOUR_RGB('',0.752941191196442,0.752941191196442,0.752941191196442);
#12364=CARTESIAN_POINT('',(-6.02,0.0,-9.27));
#12365=CARTESIAN_POINT('',(-6.02,0.0,-9.27));
#12366=VECTOR('',#13639,1.0);
#12367=CARTESIAN_POINT('',(-6.02,0.0,-9.27));
#12368=VECTOR('',#13640,1.0);
#12369=COLOUR_RGB('',0.752941191196442,0.752941191196442,0.752941191196442);
#12370=CARTESIAN_POINT('',(6.02,0.0,-9.27));
#12371=CARTESIAN_POINT('',(-6.02,0.0,-9.27));
#12372=VECTOR('',#13641,1.0);
#12373=CARTESIAN_POINT('',(6.02,0.0,-9.27));
#12374=VECTOR('',#13642,1.0);
#12375=COLOUR_RGB('',0.752941191196442,0.752941191196442,0.752941191196442);
#12376=CARTESIAN_POINT('',(-6.02,0.0,-12.3));
#12377=CARTESIAN_POINT('',(-6.02,0.0,-12.3));
#12378=VECTOR('',#13643,1.0);
#12379=CARTESIAN_POINT('',(-6.02,0.0,-12.3));
#12380=VECTOR('',#13644,1.0);
#12381=COLOUR_RGB('',0.752941191196442,0.752941191196442,0.752941191196442);
#12382=CARTESIAN_POINT('',(6.02,0.0,-12.3));
#12383=CARTESIAN_POINT('',(-6.02,0.0,-12.3));
#12384=VECTOR('',#13645,1.0);
#12385=CARTESIAN_POINT('',(6.02,0.0,-12.3));
#12386=VECTOR('',#13646,1.0);
#12387=COLOUR_RGB('',0.752941191196442,0.752941191196442,0.752941191196442);
#12388=CARTESIAN_POINT('',(-6.02,0.15,-12.3));
#12389=CARTESIAN_POINT('',(-6.02,0.15,-12.3));
#12390=VECTOR('',#13647,1.0);
#12391=CARTESIAN_POINT('',(-6.02,0.15,-16.3));
#12392=CARTESIAN_POINT('',(-6.02,0.15,-16.3));
#12393=VECTOR('',#13648,1.0);
#12394=CARTESIAN_POINT('',(6.02,0.15,-16.3));
#12395=CARTESIAN_POINT('',(-6.02,0.15,-16.3));
#12396=VECTOR('',#13649,1.0);
#12397=CARTESIAN_POINT('',(6.02,0.15,-12.3));
#12398=CARTESIAN_POINT('',(6.02,0.15,-16.3));
#12399=VECTOR('',#13650,1.0);
#12400=CARTESIAN_POINT('',(-6.02,0.15,-12.3));
#12401=VECTOR('',#13651,1.0);
#12402=COLOUR_RGB('',0.752941191196442,0.752941191196442,0.752941191196442);
#12403=CARTESIAN_POINT('',(-6.02,0.15,-12.3));
#12404=VECTOR('',#13652,1.0);
#12405=COLOUR_RGB('',0.752941191196442,0.752941191196442,0.752941191196442);
#12406=CARTESIAN_POINT('',(6.02,0.15,-12.3));
#12407=VECTOR('',#13653,1.0);
#12408=COLOUR_RGB('',0.752941191196442,0.752941191196442,0.752941191196442);
#12409=CARTESIAN_POINT('',(-6.02,0.0,-8.093));
#12410=CARTESIAN_POINT('',(-6.02,0.0,-8.093));
#12411=VECTOR('',#13654,1.0);
#12412=CARTESIAN_POINT('',(-6.02,0.4,-8.093));
#12413=CARTESIAN_POINT('',(-6.02,0.4,-8.093));
#12414=VECTOR('',#13655,1.0);
#12415=CARTESIAN_POINT('',(-6.02,0.4,-8.093));
#12416=VECTOR('',#13656,1.0);
#12417=COLOUR_RGB('',0.752941191196442,0.752941191196442,0.752941191196442);
#12418=CARTESIAN_POINT('',(-6.02,0.0,-8.093));
#12419=VECTOR('',#13657,1.0);
#12420=COLOUR_RGB('',0.752941191196442,0.752941191196442,0.752941191196442);
#12421=CARTESIAN_POINT('',(-6.02,0.0,-8.093));
#12422=VECTOR('',#13658,1.0);
#12423=COLOUR_RGB('',0.752941191196442,0.752941191196442,0.752941191196442);
#12424=CARTESIAN_POINT('',(6.02,0.0,-8.093));
#12425=CARTESIAN_POINT('',(6.02,0.4,-8.093));
#12426=VECTOR('',#13659,1.0);
#12427=CARTESIAN_POINT('',(-6.02,0.0,-8.093));
#12428=VECTOR('',#13660,1.0);
#12429=COLOUR_RGB('',0.752941191196442,0.752941191196442,0.752941191196442);
#12430=CARTESIAN_POINT('',(-6.02,0.0,-8.093));
#12431=VECTOR('',#13661,1.0);
#12432=COLOUR_RGB('',0.752941191196442,0.752941191196442,0.752941191196442);
#12433=CARTESIAN_POINT('',(-6.02,10.7,0.0));
#12434=CARTESIAN_POINT('',(-6.02,0.4,0.0));
#12435=VECTOR('',#13662,1.0);
#12436=CARTESIAN_POINT('',(-6.02,10.7,-16.3));
#12437=CARTESIAN_POINT('',(-6.02,10.7,0.0));
#12438=VECTOR('',#13663,1.0);
#12439=CARTESIAN_POINT('',(-6.02,0.15,-16.3));
#12440=VECTOR('',#13664,1.0);
#12441=AXIS2_PLACEMENT_3D('',#13665,#13666,#13667);
#12442=COLOUR_RGB('',0.752941191196442,0.752941191196442,0.752941191196442);
#12443=CARTESIAN_POINT('',(6.02,10.7,7.37213025001071E-16));
#12444=CARTESIAN_POINT('',(6.02,0.4,7.37213025001071E-16));
#12445=VECTOR('',#13668,1.0);
#12446=CARTESIAN_POINT('',(-6.02,10.7,0.0));
#12447=VECTOR('',#13669,1.0);
#12448=COLOUR_RGB('',0.752941191196442,0.752941191196442,0.752941191196442);
#12449=CARTESIAN_POINT('',(6.02,10.7,-16.3));
#12450=CARTESIAN_POINT('',(6.02,10.7,7.37213025001071E-16));
#12451=VECTOR('',#13670,1.0);
#12452=CARTESIAN_POINT('',(-6.02,10.7,-16.3));
#12453=VECTOR('',#13671,1.0);
#12454=COLOUR_RGB('',0.752941191196442,0.752941191196442,0.752941191196442);
#12455=CARTESIAN_POINT('',(6.02,0.15,-16.3));
#12456=VECTOR('',#13672,1.0);
#12457=COLOUR_RGB('',0.752941191196442,0.752941191196442,0.752941191196442);
#12458=COLOUR_RGB('',0.752941191196442,0.752941191196442,0.752941191196442);
#12459=CARTESIAN_POINT('',(6.02,0.0,-8.093));
#12460=VECTOR('',#13673,1.0);
#12461=COLOUR_RGB('',0.752941191196442,0.752941191196442,0.752941191196442);
#12462=DIRECTION('',(0.0,0.0,1.0));
#12463=CARTESIAN_POINT('',(2.95,4.3,-16.6));
#12464=DIRECTION('',(0.0,0.0,1.0));
#12465=DIRECTION('',(1.0,0.0,0.0));
#12466=DIRECTION('',(0.0,0.0,1.0));
#12467=CARTESIAN_POINT('',(2.95,4.3,-16.3));
#12468=DIRECTION('',(-6.12303176911189E-17,-0.0,1.0));
#12469=DIRECTION('',(1.0,0.0,6.12303176911189E-17));
#12470=DIRECTION('',(-0.0,-0.0,-1.0));
#12471=CARTESIAN_POINT('',(-2.95,4.3,-16.3));
#12472=DIRECTION('',(-6.12303176911189E-17,-0.0,1.0));
#12473=DIRECTION('',(1.0,0.0,6.12303176911189E-17));
#12474=DIRECTION('',(0.0,0.0,1.0));
#12475=CARTESIAN_POINT('',(-2.95,4.3,-16.6));
#12476=DIRECTION('',(0.0,0.0,1.0));
#12477=DIRECTION('',(1.0,0.0,0.0));
#12478=DIRECTION('',(0.0,0.0,1.0));
#12479=CARTESIAN_POINT('',(2.95,8.3,-16.6));
#12480=DIRECTION('',(0.0,0.0,1.0));
#12481=DIRECTION('',(1.0,0.0,0.0));
#12482=DIRECTION('',(0.0,0.0,1.0));
#12483=CARTESIAN_POINT('',(2.95,8.3,-16.3));
#12484=DIRECTION('',(-6.12303176911189E-17,-0.0,1.0));
#12485=DIRECTION('',(1.0,0.0,6.12303176911189E-17));
#12486=DIRECTION('',(-0.0,-0.0,-1.0));
#12487=CARTESIAN_POINT('',(-2.95,8.3,-16.3));
#12488=DIRECTION('',(-6.12303176911189E-17,-0.0,1.0));
#12489=DIRECTION('',(1.0,0.0,6.12303176911189E-17));
#12490=DIRECTION('',(0.0,0.0,1.0));
#12491=CARTESIAN_POINT('',(-2.95,8.3,-16.6));
#12492=DIRECTION('',(0.0,0.0,1.0));
#12493=DIRECTION('',(1.0,0.0,0.0));
#12494=CARTESIAN_POINT('',(5.82,2.5,-13.8));
#12495=DIRECTION('',(0.0,-1.0,0.0));
#12496=DIRECTION('',(0.0,0.0,1.0));
#12497=CARTESIAN_POINT('',(6.02,2.5,-13.8));
#12498=DIRECTION('',(-1.0,0.0,-6.12303176911189E-17));
#12499=DIRECTION('',(-6.12303176911189E-17,0.0,1.0));
#12500=CARTESIAN_POINT('',(5.82,8.1,-13.8));
#12501=DIRECTION('',(0.0,-1.0,0.0));
#12502=DIRECTION('',(0.0,0.0,1.0));
#12503=CARTESIAN_POINT('',(6.02,8.1,-13.8));
#12504=DIRECTION('',(-1.0,0.0,-6.12303176911189E-17));
#12505=DIRECTION('',(-6.12303176911189E-17,0.0,1.0));
#12506=CARTESIAN_POINT('',(-5.82,2.5,-13.8));
#12507=DIRECTION('',(-0.0,1.0,0.0));
#12508=DIRECTION('',(0.0,0.0,-1.0));
#12509=CARTESIAN_POINT('',(-6.02,2.5,-13.8));
#12510=DIRECTION('',(1.0,0.0,6.12303176911189E-17));
#12511=DIRECTION('',(6.12303176911189E-17,0.0,-1.0));
#12512=CARTESIAN_POINT('',(-5.82,8.1,-13.8));
#12513=DIRECTION('',(-0.0,1.0,0.0));
#12514=DIRECTION('',(0.0,0.0,-1.0));
#12515=CARTESIAN_POINT('',(-6.02,8.1,-13.8));
#12516=DIRECTION('',(1.0,0.0,6.12303176911189E-17));
#12517=DIRECTION('',(6.12303176911189E-17,0.0,-1.0));
#12518=DIRECTION('',(-0.0,0.0,1.0));
#12519=CARTESIAN_POINT('',(-4.7,6.34,-0.31));
#12520=DIRECTION('',(0.0,0.0,-1.0));
#12521=DIRECTION('',(1.0,0.0,0.0));
#12522=DIRECTION('',(-0.0,0.0,1.0));
#12523=CARTESIAN_POINT('',(-4.7,6.34,-0.300000000000001));
#12524=DIRECTION('',(0.0,0.0,-1.0));
#12525=DIRECTION('',(1.0,0.0,0.0));
#12526=DIRECTION('',(0.0,0.0,1.0));
#12527=CARTESIAN_POINT('',(-4.7,6.34,0.0));
#12528=DIRECTION('',(6.12303176911189E-17,0.0,-1.0));
#12529=DIRECTION('',(1.0,0.0,6.12303176911189E-17));
#12530=DIRECTION('',(-0.0,0.0,1.0));
#12531=CARTESIAN_POINT('',(-4.7,2.84,-0.31));
#12532=DIRECTION('',(0.0,0.0,-1.0));
#12533=DIRECTION('',(1.0,0.0,0.0));
#12534=DIRECTION('',(0.0,0.0,1.0));
#12535=CARTESIAN_POINT('',(-4.7,2.84,0.0));
#12536=DIRECTION('',(6.12303176911189E-17,0.0,-1.0));
#12537=DIRECTION('',(1.0,0.0,6.12303176911189E-17));
#12538=DIRECTION('',(-0.0,-0.0,-1.0));
#12539=CARTESIAN_POINT('',(4.69999999087494,2.84,0.0));
#12540=DIRECTION('',(6.12303176911189E-17,0.0,-1.0));
#12541=DIRECTION('',(1.0,0.0,6.12303176911189E-17));
#12542=DIRECTION('',(0.0,0.0,1.0));
#12543=CARTESIAN_POINT('',(4.69999999087494,2.84,-0.31));
#12544=DIRECTION('',(0.0,0.0,-1.0));
#12545=DIRECTION('',(1.0,0.0,0.0));
#12546=DIRECTION('',(-0.0,-0.0,-1.0));
#12547=CARTESIAN_POINT('',(-6.55190572199955,-2.67494300968538,-9.43289650742535));
#12548=DIRECTION('',(-6.10277379332752E-17,-0.0812774843884494,0.996691512220048));
#12549=DIRECTION('',(0.0,0.996691512220048,0.0812774843884494));
#12550=DIRECTION('',(0.0,0.0,1.0));
#12551=CARTESIAN_POINT('',(-6.55190572199955,-2.67494300968538,-11.1271034925746));
#12552=DIRECTION('',(6.10277379332752E-17,-0.0812774843884497,-0.996691512220048));
#12553=DIRECTION('',(0.0,0.996691512220048,-0.0812774843884497));
#12554=DIRECTION('',(0.0,0.0,1.0));
#12555=CARTESIAN_POINT('',(-7.59469127249616,-0.0947307808809943,-11.28));
#12556=DIRECTION('',(6.12303176911189E-17,1.70803542250024E-16,-1.0));
#12557=DIRECTION('',(1.0,-1.04583551547374E-32,6.12303176911189E-17));
#12558=DIRECTION('',(0.0,0.0,1.0));
#12559=CARTESIAN_POINT('',(-7.59469127249616,-0.0947307808809943,-9.28));
#12560=DIRECTION('',(-6.12303176911189E-17,-1.70803542250024E-16,1.0));
#12561=DIRECTION('',(1.0,-1.04583551547374E-32,6.12303176911189E-17));
#12562=DIRECTION('',(-0.0,0.0,-1.0));
#12563=CARTESIAN_POINT('',(-6.54784591596503,-2.6751198516252,-9.43291092840499));
#12564=DIRECTION('',(6.10277379332752E-17,0.0812774843884494,-0.996691512220048));
#12565=DIRECTION('',(0.0,0.996691512220048,0.0812774843884494));
#12566=DIRECTION('',(0.0,0.0,1.0));
#12567=CARTESIAN_POINT('',(-6.54784591596503,-2.6751198516252,-11.127089071595));
#12568=DIRECTION('',(-6.10277379332752E-17,0.0812774843884497,0.996691512220048));
#12569=DIRECTION('',(0.0,0.996691512220047,-0.0812774843884497));
#12570=DIRECTION('',(-1.22460635382238E-16,-0.0,1.0));
#12571=CARTESIAN_POINT('',(6.55190572199955,-2.67494300968538,-11.1271034925746));
#12572=DIRECTION('',(1.83083213799826E-16,-0.0812774843884494,-0.996691512220048));
#12573=DIRECTION('',(9.95329238047942E-18,0.996691512220048,-0.0812774843884494));
#12574=DIRECTION('',(1.22460635382238E-16,0.0,-1.0));
#12575=CARTESIAN_POINT('',(6.55190572199955,-2.67494300968538,-9.43289650742535));
#12576=DIRECTION('',(-1.83083213799826E-16,-0.0812774843884497,0.996691512220048));
#12577=DIRECTION('',(-9.95329238047946E-18,0.996691512220048,0.0812774843884497));
#12578=DIRECTION('',(1.22460635382238E-16,0.0,-1.0));
#12579=CARTESIAN_POINT('',(7.59469127249616,-0.0947307808809943,-9.28));
#12580=DIRECTION('',(-1.83690953073357E-16,1.70803542250024E-16,1.0));
#12581=DIRECTION('',(-1.0,-1.04583551547374E-32,-1.83690953073357E-16));
#12582=DIRECTION('',(1.22460635382238E-16,0.0,-1.0));
#12583=CARTESIAN_POINT('',(7.59469127249616,-0.0947307808809943,-11.28));
#12584=DIRECTION('',(1.83690953073357E-16,-1.70803542250024E-16,-1.0));
#12585=DIRECTION('',(-1.0,-1.04583551547374E-32,-1.83690953073357E-16));
#12586=DIRECTION('',(-1.22460635382238E-16,0.0,1.0));
#12587=CARTESIAN_POINT('',(6.54784591596503,-2.6751198516252,-11.127089071595));
#12588=DIRECTION('',(-1.83083213799826E-16,0.0812774843884494,0.996691512220048));
#12589=DIRECTION('',(9.95329238047942E-18,0.996691512220048,-0.0812774843884494));
#12590=DIRECTION('',(1.22460635382238E-16,0.0,-1.0));
#12591=CARTESIAN_POINT('',(6.54784591596503,-2.6751198516252,-9.43291092840499));
#12592=DIRECTION('',(1.83083213799826E-16,0.0812774843884497,-0.996691512220048));
#12593=DIRECTION('',(-9.95329238047946E-18,0.996691512220047,0.0812774843884497));
#12594=DIRECTION('',(-0.0,-0.0,-1.0));
#12595=CARTESIAN_POINT('',(4.7,6.34,0.0));
#12596=DIRECTION('',(6.12303176911189E-17,0.0,-1.0));
#12597=DIRECTION('',(1.0,0.0,6.12303176911189E-17));
#12598=DIRECTION('',(0.0,0.0,1.0));
#12599=CARTESIAN_POINT('',(4.7,6.34,-0.300000000000001));
#12600=DIRECTION('',(0.0,0.0,-1.0));
#12601=DIRECTION('',(1.0,0.0,0.0));
#12602=DIRECTION('',(-0.0,-0.0,-1.0));
#12603=CARTESIAN_POINT('',(4.7,6.34,-0.31));
#12604=DIRECTION('',(0.0,0.0,-1.0));
#12605=DIRECTION('',(1.0,0.0,0.0));
#12606=DIRECTION('',(1.0,1.53134210293125E-15,-0.0));
#12607=DIRECTION('',(0.0,0.0,1.0));
#12608=DIRECTION('',(-1.0,-1.53134210293125E-15,0.0));
#12609=DIRECTION('',(0.0,0.0,1.0));
#12610=DIRECTION('',(1.0,1.53134210293125E-15,-0.0));
#12611=DIRECTION('',(0.0,1.0,-0.0));
#12612=DIRECTION('',(0.0,0.0,1.0));
#12613=DIRECTION('',(0.0,-1.0,0.0));
#12614=DIRECTION('',(1.0,-1.65803191477546E-32,0.0));
#12615=DIRECTION('',(0.0,-1.0,0.0));
#12616=DIRECTION('',(1.0,0.0,0.0));
#12617=DIRECTION('',(0.0,1.0,0.0));
#12618=DIRECTION('',(1.61486985400023E-15,-1.0,0.0));
#12619=DIRECTION('',(-1.0,1.225073682345E-15,0.0));
#12620=DIRECTION('',(-3.58859967555606E-15,-1.0,0.0));
#12621=DIRECTION('',(-1.0,0.0,0.0));
#12622=DIRECTION('',(0.0,1.0,-0.0));
#12623=DIRECTION('',(-1.0,-1.225073682345E-15,0.0));
#12624=DIRECTION('',(0.0,1.0,-0.0));
#12625=CARTESIAN_POINT('',(-4.05,1.59,-0.300000000000001));
#12626=DIRECTION('',(0.0,0.0,-1.0));
#12627=DIRECTION('',(1.0,0.0,0.0));
#12628=DIRECTION('',(-1.0,-1.09651656753102E-16,0.0));
#12629=CARTESIAN_POINT('',(4.05,1.59,-0.300000000000001));
#12630=DIRECTION('',(0.0,0.0,-1.0));
#12631=DIRECTION('',(1.0,0.0,0.0));
#12632=DIRECTION('',(1.0,0.0,0.0));
#12633=DIRECTION('',(0.0,-1.0,0.0));
#12634=DIRECTION('',(0.69810013612954,-0.716000139620041,0.0));
#12635=DIRECTION('',(1.0,0.0,0.0));
#12636=DIRECTION('',(0.69810013612954,0.716000139620041,-0.0));
#12637=DIRECTION('',(0.0,1.0,-0.0));
#12638=DIRECTION('',(1.0,0.0,0.0));
#12639=DIRECTION('',(0.0,1.0,-0.0));
#12640=DIRECTION('',(0.707106781186548,0.707106781186547,-0.0));
#12641=DIRECTION('',(1.0,0.0,0.0));
#12642=DIRECTION('',(0.707106781186548,-0.707106781186547,0.0));
#12643=DIRECTION('',(0.0,-1.0,0.0));
#12644=DIRECTION('',(1.0,0.0,0.0));
#12645=DIRECTION('',(-1.0,5.02062839776907E-33,0.0));
#12646=DIRECTION('',(0.0,-1.0,0.0));
#12647=DIRECTION('',(-1.0,0.0,0.0));
#12648=DIRECTION('',(0.0,1.0,0.0));
#12649=DIRECTION('',(7.72777047302893E-17,0.0,-1.0));
#12650=DIRECTION('',(-1.0,0.0,0.0));
#12651=DIRECTION('',(-6.01048814568917E-17,0.0,1.0));
#12652=CARTESIAN_POINT('',(-4.9960036108132E-16,0.299999999999999,-2.92));
#12653=DIRECTION('',(-0.0,1.0,0.0));
#12654=DIRECTION('',(1.0,0.0,0.0));
#12655=DIRECTION('',(9.97953280561938E-17,0.0,-1.0));
#12656=DIRECTION('',(-1.0,0.0,0.0));
#12657=DIRECTION('',(-9.97953280561938E-17,0.0,1.0));
#12658=CARTESIAN_POINT('',(-3.85,0.3,-6.95));
#12659=DIRECTION('',(-0.0,1.0,0.0));
#12660=DIRECTION('',(1.0,0.0,0.0));
#12661=DIRECTION('',(9.97953280561938E-17,0.0,-1.0));
#12662=DIRECTION('',(-1.0,0.0,0.0));
#12663=DIRECTION('',(-9.97953280561938E-17,0.0,1.0));
#12664=CARTESIAN_POINT('',(3.85,0.3,-6.95));
#12665=DIRECTION('',(-0.0,1.0,0.0));
#12666=DIRECTION('',(1.0,0.0,0.0));
#12667=DIRECTION('',(-1.0,0.0,-6.12303176911189E-17));
#12668=DIRECTION('',(-6.12303176911189E-17,0.0,1.0));
#12669=DIRECTION('',(1.0,-0.0,6.12303176911189E-17));
#12670=DIRECTION('',(6.12303176911189E-17,0.0,-1.0));
#12671=DIRECTION('',(-1.0,0.0,-6.12303176911189E-17));
#12672=DIRECTION('',(-6.12303176911189E-17,0.0,1.0));
#12673=DIRECTION('',(1.0,-0.0,6.12303176911189E-17));
#12674=DIRECTION('',(6.12303176911189E-17,0.0,-1.0));
#12675=DIRECTION('',(0.0,0.0,-1.0));
#12676=DIRECTION('',(-1.0,0.0,0.0));
#12677=DIRECTION('',(0.0,-0.0,1.0));
#12678=DIRECTION('',(1.0,0.0,0.0));
#12679=DIRECTION('',(0.0,0.0,-1.0));
#12680=DIRECTION('',(-1.0,0.0,0.0));
#12681=DIRECTION('',(0.0,-0.0,1.0));
#12682=DIRECTION('',(1.0,0.0,0.0));
#12683=DIRECTION('',(0.0,0.0,-1.0));
#12684=DIRECTION('',(-1.0,0.0,0.0));
#12685=DIRECTION('',(0.0,-0.0,1.0));
#12686=DIRECTION('',(1.0,0.0,0.0));
#12687=DIRECTION('',(0.0,0.0,-1.0));
#12688=DIRECTION('',(-1.0,0.0,0.0));
#12689=DIRECTION('',(0.0,-0.0,1.0));
#12690=DIRECTION('',(1.0,0.0,0.0));
#12691=DIRECTION('',(-1.0,0.0,0.0));
#12692=DIRECTION('',(0.0,0.0,-1.0));
#12693=DIRECTION('',(-1.0,0.0,-6.12303176911189E-17));
#12694=DIRECTION('',(0.0,-0.0,1.0));
#12695=DIRECTION('',(-1.0,0.0,0.0));
#12696=DIRECTION('',(0.0,0.0,-1.0));
#12697=DIRECTION('',(-1.0,0.0,-6.12303176911189E-17));
#12698=DIRECTION('',(1.35456442370151E-15,-0.0,1.0));
#12699=CARTESIAN_POINT('',(-0.249999999999999,0.3,-2.813));
#12700=DIRECTION('',(-0.0,1.0,0.0));
#12701=DIRECTION('',(1.0,0.0,0.0));
#12702=DIRECTION('',(0.0,-0.0,1.0));
#12703=DIRECTION('',(1.0,-0.0,6.12303176911189E-17));
#12704=DIRECTION('',(0.0,0.0,-1.0));
#12705=CARTESIAN_POINT('',(-3.87,0.3,-6.663));
#12706=DIRECTION('',(-0.0,1.0,0.0));
#12707=DIRECTION('',(1.0,0.0,0.0));
#12708=DIRECTION('',(0.0,-0.0,1.0));
#12709=DIRECTION('',(1.0,-0.0,6.12303176911189E-17));
#12710=DIRECTION('',(0.0,0.0,-1.0));
#12711=DIRECTION('',(0.0,0.0,-1.0));
#12712=DIRECTION('',(1.0,-0.0,6.12303176911189E-17));
#12713=DIRECTION('',(0.0,0.0,-1.0));
#12714=CARTESIAN_POINT('',(3.87,0.3,-6.663));
#12715=DIRECTION('',(-0.0,1.0,0.0));
#12716=DIRECTION('',(1.0,0.0,0.0));
#12717=DIRECTION('',(6.21103790000087E-16,-0.0,1.0));
#12718=DIRECTION('',(1.0,-0.0,6.12303176911189E-17));
#12719=DIRECTION('',(-4.20539024479226E-17,0.0,-1.0));
#12720=CARTESIAN_POINT('',(0.249999999999997,0.3,-2.813));
#12721=DIRECTION('',(-0.0,1.0,0.0));
#12722=DIRECTION('',(1.0,0.0,0.0));
#12723=DIRECTION('',(1.01956461999039E-15,0.0,-1.0));
#12724=DIRECTION('',(-1.0,0.0,-6.12303176911189E-17));
#12725=DIRECTION('',(0.0,-0.0,1.0));
#12726=DIRECTION('',(-1.0,0.0,0.0));
#12727=DIRECTION('',(0.0,0.0,-1.0));
#12728=DIRECTION('',(-1.0,0.0,-6.12303176911189E-17));
#12729=DIRECTION('',(0.0,-0.0,1.0));
#12730=DIRECTION('',(-1.0,0.0,-2.8260222445004E-15));
#12731=DIRECTION('',(0.0,0.0,-1.0));
#12732=DIRECTION('',(0.0,0.0,-1.0));
#12733=DIRECTION('',(0.0,1.0,-6.12303176911189E-17));
#12734=DIRECTION('',(-0.0,6.12303176911189E-17,1.0));
#12735=DIRECTION('',(0.0,-1.0,6.12303176911189E-17));
#12736=DIRECTION('',(0.0,-6.12303176911189E-17,-1.0));
#12737=DIRECTION('',(0.0,-1.0,0.0));
#12738=DIRECTION('',(-0.0,0.0,1.0));
#12739=DIRECTION('',(0.0,1.0,0.0));
#12740=DIRECTION('',(0.0,0.0,-1.0));
#12741=DIRECTION('',(-0.0,0.0,1.0));
#12742=DIRECTION('',(0.0,1.0,0.0));
#12743=DIRECTION('',(0.0,0.0,-1.0));
#12744=DIRECTION('',(0.0,-1.0,0.0));
#12745=DIRECTION('',(0.0,1.0,-6.12303176911189E-17));
#12746=DIRECTION('',(-0.0,6.12303176911189E-17,1.0));
#12747=DIRECTION('',(0.0,-1.0,6.12303176911189E-17));
#12748=DIRECTION('',(0.0,-6.12303176911189E-17,-1.0));
#12749=DIRECTION('',(0.0,-1.0,0.0));
#12750=CARTESIAN_POINT('',(-5.71,0.4,-8.343));
#12751=DIRECTION('',(1.0,0.0,0.0));
#12752=DIRECTION('',(0.0,0.0,-1.0));
#12753=DIRECTION('',(-0.0,8.19957920698048E-17,1.0));
#12754=DIRECTION('',(0.0,1.0,-6.12303176911189E-17));
#12755=DIRECTION('',(-0.0,6.12303176911189E-17,1.0));
#12756=DIRECTION('',(0.0,-1.0,6.12303176911189E-17));
#12757=DIRECTION('',(0.0,-6.12303176911189E-17,-1.0));
#12758=DIRECTION('',(0.0,-1.0,0.0));
#12759=DIRECTION('',(-0.0,0.0,1.0));
#12760=DIRECTION('',(0.0,1.0,0.0));
#12761=DIRECTION('',(0.0,0.0,-1.0));
#12762=DIRECTION('',(-0.0,-1.0,-6.12303176911189E-17));
#12763=DIRECTION('',(0.0,-6.12303176911189E-17,1.0));
#12764=DIRECTION('',(0.0,1.0,6.12303176911189E-17));
#12765=DIRECTION('',(0.0,6.12303176911189E-17,-1.0));
#12766=DIRECTION('',(0.0,1.0,-0.0));
#12767=DIRECTION('',(0.0,-0.0,1.0));
#12768=DIRECTION('',(0.0,-1.0,0.0));
#12769=DIRECTION('',(-0.0,-0.0,-1.0));
#12770=DIRECTION('',(-0.0,-0.0,-1.0));
#12771=DIRECTION('',(0.0,1.0,-0.0));
#12772=DIRECTION('',(0.0,-0.0,1.0));
#12773=DIRECTION('',(0.0,-1.0,0.0));
#12774=DIRECTION('',(-0.0,-1.0,-6.12303176911189E-17));
#12775=DIRECTION('',(0.0,-6.12303176911189E-17,1.0));
#12776=DIRECTION('',(0.0,1.0,6.12303176911189E-17));
#12777=DIRECTION('',(0.0,6.12303176911189E-17,-1.0));
#12778=DIRECTION('',(-0.0,-8.19957920698048E-17,-1.0));
#12779=CARTESIAN_POINT('',(5.71,0.4,-8.343));
#12780=DIRECTION('',(-1.0,0.0,0.0));
#12781=DIRECTION('',(0.0,0.0,-1.0));
#12782=DIRECTION('',(0.0,1.0,0.0));
#12783=DIRECTION('',(-0.0,-1.0,-6.12303176911189E-17));
#12784=DIRECTION('',(0.0,-6.12303176911189E-17,1.0));
#12785=DIRECTION('',(0.0,1.0,6.12303176911189E-17));
#12786=DIRECTION('',(0.0,6.12303176911189E-17,-1.0));
#12787=DIRECTION('',(0.0,-0.0,1.0));
#12788=DIRECTION('',(0.0,-1.0,0.0));
#12789=DIRECTION('',(-0.0,-0.0,-1.0));
#12790=DIRECTION('',(0.0,1.0,-0.0));
#12791=DIRECTION('',(0.0,1.0,0.0));
#12792=DIRECTION('',(0.121869343405148,0.992546151641322,0.0));
#12793=DIRECTION('',(1.0,0.0,0.0));
#12794=DIRECTION('',(-0.121869343405148,0.992546151641322,0.0));
#12795=DIRECTION('',(0.0,1.0,0.0));
#12796=DIRECTION('',(-0.0,-1.0,-0.0));
#12797=DIRECTION('',(0.0,0.0,1.0));
#12798=DIRECTION('',(-0.121869343405148,0.992546151641322,0.0));
#12799=DIRECTION('',(0.0,0.0,1.0));
#12800=DIRECTION('',(0.0,0.0,1.0));
#12801=DIRECTION('',(0.0,1.0,0.0));
#12802=DIRECTION('',(-0.121869343405148,-0.992546151641322,-0.0));
#12803=DIRECTION('',(0.0,0.0,1.0));
#12804=DIRECTION('',(-1.0,-0.0,-0.0));
#12805=DIRECTION('',(0.0,1.0,0.0));
#12806=DIRECTION('',(0.121869343405148,0.992546151641322,0.0));
#12807=DIRECTION('',(1.0,0.0,0.0));
#12808=DIRECTION('',(-0.121869343405148,0.992546151641322,0.0));
#12809=DIRECTION('',(0.0,1.0,0.0));
#12810=DIRECTION('',(-0.0,-1.0,-0.0));
#12811=DIRECTION('',(0.0,0.0,1.0));
#12812=DIRECTION('',(-0.121869343405148,0.992546151641322,0.0));
#12813=DIRECTION('',(0.0,0.0,1.0));
#12814=DIRECTION('',(0.0,0.0,1.0));
#12815=DIRECTION('',(0.0,1.0,0.0));
#12816=DIRECTION('',(-0.121869343405148,-0.992546151641322,-0.0));
#12817=DIRECTION('',(0.0,0.0,1.0));
#12818=DIRECTION('',(-1.0,-0.0,-0.0));
#12819=DIRECTION('',(0.0,1.0,0.0));
#12820=DIRECTION('',(0.121869343405148,0.992546151641322,0.0));
#12821=DIRECTION('',(1.0,0.0,0.0));
#12822=DIRECTION('',(-0.121869343405148,0.992546151641322,0.0));
#12823=DIRECTION('',(0.0,1.0,0.0));
#12824=DIRECTION('',(-0.0,-1.0,-0.0));
#12825=DIRECTION('',(0.0,0.0,1.0));
#12826=DIRECTION('',(-0.121869343405148,0.992546151641322,0.0));
#12827=DIRECTION('',(0.0,0.0,1.0));
#12828=DIRECTION('',(0.0,0.0,1.0));
#12829=DIRECTION('',(0.0,1.0,0.0));
#12830=DIRECTION('',(-0.121869343405148,-0.992546151641322,-0.0));
#12831=DIRECTION('',(0.0,0.0,1.0));
#12832=DIRECTION('',(-1.0,-0.0,-0.0));
#12833=DIRECTION('',(0.0,1.0,0.0));
#12834=DIRECTION('',(0.121869343405148,0.992546151641322,0.0));
#12835=DIRECTION('',(1.0,0.0,0.0));
#12836=DIRECTION('',(-0.121869343405148,0.992546151641322,0.0));
#12837=DIRECTION('',(0.0,1.0,0.0));
#12838=DIRECTION('',(-0.0,-1.0,-0.0));
#12839=DIRECTION('',(0.0,0.0,1.0));
#12840=DIRECTION('',(-0.121869343405148,0.992546151641322,0.0));
#12841=DIRECTION('',(0.0,0.0,1.0));
#12842=DIRECTION('',(0.0,0.0,1.0));
#12843=DIRECTION('',(0.0,1.0,0.0));
#12844=DIRECTION('',(-0.121869343405148,-0.992546151641322,-0.0));
#12845=DIRECTION('',(0.0,0.0,1.0));
#12846=DIRECTION('',(-1.0,-0.0,-0.0));
#12847=DIRECTION('',(1.0,0.0,-2.81125368607493E-16));
#12848=DIRECTION('',(6.08817248733452E-18,0.486543515104331,-0.873656344285281));
#12849=DIRECTION('',(-1.0,1.22460635382238E-16,6.12303176911189E-17));
#12850=DIRECTION('',(-6.08817248733452E-18,-0.486543515104331,0.873656344285281));
#12851=DIRECTION('',(6.12303176911189E-17,-0.0,1.0));
#12852=CARTESIAN_POINT('',(1.85,6.85,-3.87));
#12853=DIRECTION('',(-1.0,1.22460635382238E-16,6.12303176911189E-17));
#12854=DIRECTION('',(-6.12303176911189E-17,7.49830360911069E-33,-1.0));
#12855=DIRECTION('',(1.04452228524393E-16,0.393223987285955,0.919442709375051));
#12856=DIRECTION('',(6.12303176911189E-17,-0.0,1.0));
#12857=DIRECTION('',(-1.04853235695977E-16,-0.397396398860194,-0.917647046621385));
#12858=CARTESIAN_POINT('',(1.85,6.85000000000001,-3.87));
#12859=DIRECTION('',(-1.0,1.22460635382238E-16,6.12303176911189E-17));
#12860=DIRECTION('',(-6.12303176911189E-17,7.49830360911069E-33,-1.0));
#12861=DIRECTION('',(8.87441916909946E-18,0.504247202394728,-0.863559354576795));
#12862=DIRECTION('',(-1.0,0.0,-2.2510912758223E-16));
#12863=DIRECTION('',(-1.0,1.22460635382238E-16,6.12303176911189E-17));
#12864=DIRECTION('',(-1.04452228524393E-16,-0.393223987285955,-0.919442709375051));
#12865=DIRECTION('',(1.0,-0.0,2.215493972439E-16));
#12866=DIRECTION('',(1.04853235695977E-16,0.397396398860194,0.917647046621385));
#12867=DIRECTION('',(-1.0,1.22460635382238E-16,6.12303176911189E-17));
#12868=CARTESIAN_POINT('',(0.65,6.85000000000001,-3.87));
#12869=DIRECTION('',(1.0,-1.22460635382238E-16,-6.12303176911189E-17));
#12870=DIRECTION('',(-6.12303176911189E-17,7.49830360911069E-33,-1.0));
#12871=DIRECTION('',(-1.0,1.22460635382238E-16,6.12303176911189E-17));
#12872=DIRECTION('',(-1.0,0.0,2.70952903655941E-16));
#12873=DIRECTION('',(-8.87441916909946E-18,-0.504247202394728,0.863559354576795));
#12874=CARTESIAN_POINT('',(0.65,6.85,-3.87));
#12875=DIRECTION('',(-1.0,1.22460635382238E-16,6.12303176911189E-17));
#12876=DIRECTION('',(-6.12303176911189E-17,7.49830360911069E-33,-1.0));
#12877=DIRECTION('',(-6.12303176911189E-17,0.0,-1.0));
#12878=DIRECTION('',(-6.12303176911189E-17,0.0,-1.0));
#12879=DIRECTION('',(1.0,0.0,-2.81125368607493E-16));
#12880=DIRECTION('',(6.12303176911189E-17,-0.0,1.0));
#12881=DIRECTION('',(-1.0,0.0,2.70952903655941E-16));
#12882=DIRECTION('',(-6.12303176911189E-17,0.0,-1.0));
#12883=DIRECTION('',(-1.0,0.0,-2.2510912758223E-16));
#12884=DIRECTION('',(-6.12303176911189E-17,0.0,-1.0));
#12885=DIRECTION('',(1.0,-0.0,2.215493972439E-16));
#12886=DIRECTION('',(6.12303176911189E-17,-0.0,1.0));
#12887=DIRECTION('',(1.0,0.0,0.0));
#12888=DIRECTION('',(6.12303176911189E-17,0.0,-1.0));
#12889=DIRECTION('',(1.0,0.0,6.12303176911189E-17));
#12890=DIRECTION('',(6.12303176911189E-17,0.0,-1.0));
#12891=DIRECTION('',(6.08817248733452E-18,0.486543515104331,-0.873656344285281));
#12892=DIRECTION('',(-1.0,1.22460635382238E-16,6.12303176911189E-17));
#12893=DIRECTION('',(-6.08817248733452E-18,-0.486543515104331,0.873656344285281));
#12894=CARTESIAN_POINT('',(-0.65,6.85,-3.87));
#12895=DIRECTION('',(-1.0,1.22460635382238E-16,6.12303176911189E-17));
#12896=DIRECTION('',(-6.12303176911189E-17,7.49830360911069E-33,-1.0));
#12897=DIRECTION('',(1.04452228524393E-16,0.393223987285955,0.919442709375051));
#12898=DIRECTION('',(-1.04853235695977E-16,-0.397396398860194,-0.917647046621385));
#12899=CARTESIAN_POINT('',(-0.65,6.85000000000001,-3.87));
#12900=DIRECTION('',(-1.0,1.22460635382238E-16,6.12303176911189E-17));
#12901=DIRECTION('',(-6.12303176911189E-17,7.49830360911069E-33,-1.0));
#12902=DIRECTION('',(8.87441916909946E-18,0.504247202394728,-0.863559354576795));
#12903=DIRECTION('',(-1.0,1.22460635382238E-16,6.12303176911189E-17));
#12904=DIRECTION('',(-1.04452228524393E-16,-0.393223987285955,-0.919442709375051));
#12905=DIRECTION('',(1.04853235695977E-16,0.397396398860194,0.917647046621385));
#12906=DIRECTION('',(-1.0,1.22460635382238E-16,6.12303176911189E-17));
#12907=CARTESIAN_POINT('',(-1.85,6.85000000000001,-3.87));
#12908=DIRECTION('',(1.0,-1.22460635382238E-16,-6.12303176911189E-17));
#12909=DIRECTION('',(-6.12303176911189E-17,7.49830360911069E-33,-1.0));
#12910=DIRECTION('',(-1.0,1.22460635382238E-16,6.12303176911189E-17));
#12911=DIRECTION('',(-8.87441916909946E-18,-0.504247202394728,0.863559354576795));
#12912=CARTESIAN_POINT('',(-1.85,6.85,-3.87));
#12913=DIRECTION('',(-1.0,1.22460635382238E-16,6.12303176911189E-17));
#12914=DIRECTION('',(-6.12303176911189E-17,7.49830360911069E-33,-1.0));
#12915=DIRECTION('',(-1.0,-0.0,-6.12303176911189E-17));
#12916=DIRECTION('',(5.34942555134493E-17,-0.486543515104331,-0.873656344285281));
#12917=DIRECTION('',(1.0,0.0,6.12303176911189E-17));
#12918=DIRECTION('',(-5.34942555134493E-17,0.486543515104331,0.873656344285281));
#12919=DIRECTION('',(-6.12303176911189E-17,0.0,1.0));
#12920=CARTESIAN_POINT('',(0.65,3.93,-3.87));
#12921=DIRECTION('',(1.0,0.0,6.12303176911189E-17));
#12922=DIRECTION('',(6.12303176911189E-17,0.0,-1.0));
#12923=DIRECTION('',(-5.62977691938175E-17,-0.393223987285955,0.919442709375051));
#12924=DIRECTION('',(-6.12303176911189E-17,0.0,1.0));
#12925=DIRECTION('',(5.61878201929443E-17,0.397396398860194,-0.917647046621385));
#12926=CARTESIAN_POINT('',(0.65,3.92999999999999,-3.87));
#12927=DIRECTION('',(1.0,0.0,6.12303176911189E-17));
#12928=DIRECTION('',(6.12303176911189E-17,0.0,-1.0));
#12929=DIRECTION('',(5.28760136258747E-17,-0.504247202394728,-0.863559354576795));
#12930=DIRECTION('',(1.0,0.0,6.12303176911189E-17));
#12931=DIRECTION('',(1.0,0.0,6.12303176911189E-17));
#12932=DIRECTION('',(5.62977691938175E-17,0.393223987285955,-0.919442709375051));
#12933=DIRECTION('',(-1.0,-0.0,-6.12303176911189E-17));
#12934=DIRECTION('',(-5.61878201929443E-17,-0.397396398860194,0.917647046621385));
#12935=DIRECTION('',(1.0,0.0,6.12303176911189E-17));
#12936=CARTESIAN_POINT('',(1.85,3.92999999999999,-3.87));
#12937=DIRECTION('',(-1.0,-0.0,-6.12303176911189E-17));
#12938=DIRECTION('',(6.12303176911189E-17,0.0,-1.0));
#12939=DIRECTION('',(1.0,0.0,6.12303176911189E-17));
#12940=DIRECTION('',(1.0,0.0,6.12303176911189E-17));
#12941=DIRECTION('',(-5.28760136258747E-17,0.504247202394728,0.863559354576795));
#12942=CARTESIAN_POINT('',(1.85,3.93,-3.87));
#12943=DIRECTION('',(1.0,0.0,6.12303176911189E-17));
#12944=DIRECTION('',(6.12303176911189E-17,0.0,-1.0));
#12945=DIRECTION('',(6.12303176911189E-17,0.0,-1.0));
#12946=DIRECTION('',(6.12303176911189E-17,0.0,-1.0));
#12947=DIRECTION('',(-1.0,-0.0,-6.12303176911189E-17));
#12948=DIRECTION('',(-6.12303176911189E-17,0.0,1.0));
#12949=DIRECTION('',(1.0,0.0,6.12303176911189E-17));
#12950=DIRECTION('',(6.12303176911189E-17,0.0,-1.0));
#12951=DIRECTION('',(1.0,0.0,6.12303176911189E-17));
#12952=DIRECTION('',(6.12303176911189E-17,0.0,-1.0));
#12953=DIRECTION('',(-1.0,-0.0,-6.12303176911189E-17));
#12954=DIRECTION('',(-6.12303176911189E-17,0.0,1.0));
#12955=DIRECTION('',(-1.0,0.0,0.0));
#12956=DIRECTION('',(-6.12303176911189E-17,0.0,1.0));
#12957=DIRECTION('',(1.0,0.0,6.12303176911189E-17));
#12958=DIRECTION('',(6.12303176911189E-17,0.0,-1.0));
#12959=DIRECTION('',(5.34942555134493E-17,-0.486543515104331,-0.873656344285281));
#12960=DIRECTION('',(1.0,0.0,6.12303176911189E-17));
#12961=DIRECTION('',(-5.34942555134493E-17,0.486543515104331,0.873656344285281));
#12962=CARTESIAN_POINT('',(-1.85,3.93,-3.87));
#12963=DIRECTION('',(1.0,0.0,6.12303176911189E-17));
#12964=DIRECTION('',(6.12303176911189E-17,0.0,-1.0));
#12965=DIRECTION('',(-5.62977691938175E-17,-0.393223987285955,0.919442709375051));
#12966=DIRECTION('',(5.61878201929443E-17,0.397396398860194,-0.917647046621385));
#12967=CARTESIAN_POINT('',(-1.85,3.92999999999999,-3.87));
#12968=DIRECTION('',(1.0,0.0,6.12303176911189E-17));
#12969=DIRECTION('',(6.12303176911189E-17,0.0,-1.0));
#12970=DIRECTION('',(5.28760136258747E-17,-0.504247202394728,-0.863559354576795));
#12971=DIRECTION('',(1.0,0.0,6.12303176911189E-17));
#12972=DIRECTION('',(5.62977691938175E-17,0.393223987285955,-0.919442709375051));
#12973=DIRECTION('',(-5.61878201929443E-17,-0.397396398860194,0.917647046621385));
#12974=DIRECTION('',(1.0,0.0,6.12303176911189E-17));
#12975=CARTESIAN_POINT('',(-0.65,3.92999999999999,-3.87));
#12976=DIRECTION('',(-1.0,-0.0,-6.12303176911189E-17));
#12977=DIRECTION('',(6.12303176911189E-17,0.0,-1.0));
#12978=DIRECTION('',(1.0,0.0,6.12303176911189E-17));
#12979=DIRECTION('',(-5.28760136258747E-17,0.504247202394728,0.863559354576795));
#12980=CARTESIAN_POINT('',(-0.65,3.93,-3.87));
#12981=DIRECTION('',(1.0,0.0,6.12303176911189E-17));
#12982=DIRECTION('',(6.12303176911189E-17,0.0,-1.0));
#12983=DIRECTION('',(0.0,-1.0,0.0));
#12984=DIRECTION('',(4.32963728535968E-17,0.707106781186548,-0.707106781186547));
#12985=DIRECTION('',(6.11324716778716E-33,1.0,-9.98402000562191E-17));
#12986=DIRECTION('',(-4.32963728535968E-17,0.707106781186548,0.707106781186547));
#12987=DIRECTION('',(1.0,0.0,6.12303176911189E-17));
#12988=DIRECTION('',(4.32963728535968E-17,-0.707106781186548,-0.707106781186547));
#12989=DIRECTION('',(1.0,0.0,6.12303176911189E-17));
#12990=DIRECTION('',(6.11324716778716E-33,1.0,-9.98402000562191E-17));
#12991=DIRECTION('',(4.32963728535968E-17,0.707106781186548,-0.707106781186547));
#12992=DIRECTION('',(0.0,1.0,0.0));
#12993=DIRECTION('',(0.0,-1.0,0.0));
#12994=DIRECTION('',(0.0,0.0,1.0));
#12995=DIRECTION('',(0.0,1.0,0.0));
#12996=DIRECTION('',(0.0,0.0,1.0));
#12997=DIRECTION('',(-1.0,1.225073682345E-15,0.0));
#12998=DIRECTION('',(1.0,-1.225073682345E-15,0.0));
#12999=DIRECTION('',(0.0,0.0,1.0));
#13000=DIRECTION('',(-0.0,0.0,1.0));
#13001=DIRECTION('',(3.58859967555606E-15,1.0,0.0));
#13002=DIRECTION('',(0.0,0.0,1.0));
#13003=DIRECTION('',(1.0,0.0,0.0));
#13004=DIRECTION('',(0.0,0.0,1.0));
#13005=DIRECTION('',(0.0,-1.0,0.0));
#13006=DIRECTION('',(0.0,0.0,1.0));
#13007=DIRECTION('',(-0.0,-0.0,-1.0));
#13008=DIRECTION('',(1.0,1.225073682345E-15,0.0));
#13009=DIRECTION('',(-1.0,-1.225073682345E-15,0.0));
#13010=DIRECTION('',(0.0,-1.0,0.0));
#13011=DIRECTION('',(0.0,0.0,1.0));
#13012=DIRECTION('',(-0.707106781186548,-0.707106781186547,0.0));
#13013=DIRECTION('',(0.0,0.0,1.0));
#13014=DIRECTION('',(-1.0,0.0,0.0));
#13015=DIRECTION('',(0.0,0.0,1.0));
#13016=DIRECTION('',(-0.707106781186548,0.707106781186547,0.0));
#13017=DIRECTION('',(0.0,0.0,1.0));
#13018=DIRECTION('',(0.0,1.0,0.0));
#13019=DIRECTION('',(0.0,0.0,1.0));
#13020=DIRECTION('',(-1.0,0.0,0.0));
#13021=DIRECTION('',(1.0,0.0,0.0));
#13022=DIRECTION('',(1.0,-1.22460635382238E-16,0.0));
#13023=DIRECTION('',(-7.49830360911069E-33,-6.12303176911189E-17,-1.0));
#13024=DIRECTION('',(-0.49999999999999,8.2033070888166E-18,-0.866025403784445));
#13025=DIRECTION('',(1.0,-1.22460635382238E-16,0.0));
#13026=DIRECTION('',(-1.0,1.22460635382238E-16,0.0));
#13027=DIRECTION('',(-1.22460635382238E-16,-1.0,6.12303176911189E-17));
#13028=DIRECTION('',(0.49999999999999,-8.2033070888166E-18,0.866025403784445));
#13029=DIRECTION('',(-1.22460635382238E-16,-1.0,6.12303176911189E-17));
#13030=DIRECTION('',(-1.22460635382238E-16,-1.0,6.12303176911189E-17));
#13031=DIRECTION('',(1.0,-1.22460635382238E-16,0.0));
#13032=DIRECTION('',(7.49830360911069E-33,6.12303176911189E-17,1.0));
#13033=DIRECTION('',(-1.0,0.0,0.0));
#13034=DIRECTION('',(0.0,6.12303176911189E-17,-1.0));
#13035=DIRECTION('',(0.49999999999999,5.3027010602301E-17,-0.866025403784445));
#13036=DIRECTION('',(-1.0,0.0,0.0));
#13037=DIRECTION('',(1.0,0.0,0.0));
#13038=DIRECTION('',(0.0,1.0,6.12303176911189E-17));
#13039=DIRECTION('',(-0.49999999999999,-5.3027010602301E-17,0.866025403784445));
#13040=DIRECTION('',(0.0,1.0,6.12303176911189E-17));
#13041=DIRECTION('',(0.0,1.0,6.12303176911189E-17));
#13042=DIRECTION('',(-1.0,0.0,0.0));
#13043=DIRECTION('',(0.0,-6.12303176911189E-17,1.0));
#13044=DIRECTION('',(1.0,-1.22460635382238E-16,0.0));
#13045=DIRECTION('',(-7.49830360911069E-33,-6.12303176911189E-17,-1.0));
#13046=DIRECTION('',(-0.49999999999999,8.2033070888166E-18,-0.866025403784445));
#13047=DIRECTION('',(1.0,-1.22460635382238E-16,0.0));
#13048=DIRECTION('',(-1.0,1.22460635382238E-16,0.0));
#13049=DIRECTION('',(-1.22460635382238E-16,-1.0,6.12303176911189E-17));
#13050=DIRECTION('',(0.49999999999999,-8.2033070888166E-18,0.866025403784445));
#13051=DIRECTION('',(-1.22460635382238E-16,-1.0,6.12303176911189E-17));
#13052=DIRECTION('',(-1.22460635382238E-16,-1.0,6.12303176911189E-17));
#13053=DIRECTION('',(1.0,-1.22460635382238E-16,0.0));
#13054=DIRECTION('',(7.49830360911069E-33,6.12303176911189E-17,1.0));
#13055=DIRECTION('',(1.0,-1.22460635382238E-16,0.0));
#13056=DIRECTION('',(-7.49830360911069E-33,-6.12303176911189E-17,-1.0));
#13057=DIRECTION('',(-0.49999999999999,8.2033070888166E-18,-0.866025403784445));
#13058=DIRECTION('',(1.0,-1.22460635382238E-16,0.0));
#13059=DIRECTION('',(-1.0,1.22460635382238E-16,0.0));
#13060=DIRECTION('',(-1.22460635382238E-16,-1.0,6.12303176911189E-17));
#13061=DIRECTION('',(0.49999999999999,-8.2033070888166E-18,0.866025403784445));
#13062=DIRECTION('',(-1.22460635382238E-16,-1.0,6.12303176911189E-17));
#13063=DIRECTION('',(-1.22460635382238E-16,-1.0,6.12303176911189E-17));
#13064=DIRECTION('',(1.0,-1.22460635382238E-16,0.0));
#13065=DIRECTION('',(7.49830360911069E-33,6.12303176911189E-17,1.0));
#13066=DIRECTION('',(-1.0,0.0,0.0));
#13067=DIRECTION('',(0.0,6.12303176911189E-17,-1.0));
#13068=DIRECTION('',(0.49999999999999,5.3027010602301E-17,-0.866025403784445));
#13069=DIRECTION('',(-1.0,0.0,0.0));
#13070=DIRECTION('',(1.0,0.0,0.0));
#13071=DIRECTION('',(0.0,1.0,6.12303176911189E-17));
#13072=DIRECTION('',(-0.49999999999999,-5.3027010602301E-17,0.866025403784445));
#13073=DIRECTION('',(0.0,1.0,6.12303176911189E-17));
#13074=DIRECTION('',(0.0,1.0,6.12303176911189E-17));
#13075=DIRECTION('',(-1.0,0.0,0.0));
#13076=DIRECTION('',(0.0,-6.12303176911189E-17,1.0));
#13077=DIRECTION('',(-1.0,0.0,0.0));
#13078=DIRECTION('',(0.0,6.12303176911189E-17,-1.0));
#13079=DIRECTION('',(0.49999999999999,5.3027010602301E-17,-0.866025403784445));
#13080=DIRECTION('',(-1.0,0.0,0.0));
#13081=DIRECTION('',(1.0,0.0,0.0));
#13082=DIRECTION('',(0.0,1.0,6.12303176911189E-17));
#13083=DIRECTION('',(-0.49999999999999,-5.3027010602301E-17,0.866025403784445));
#13084=DIRECTION('',(0.0,1.0,6.12303176911189E-17));
#13085=DIRECTION('',(0.0,1.0,6.12303176911189E-17));
#13086=DIRECTION('',(-1.0,0.0,0.0));
#13087=DIRECTION('',(0.0,-6.12303176911189E-17,1.0));
#13088=DIRECTION('',(0.0,-1.0,0.0));
#13089=DIRECTION('',(-6.12303176911189E-17,8.32667268468811E-16,1.0));
#13090=DIRECTION('',(-5.30270106023007E-17,0.499999999999998,0.86602540378444));
#13091=DIRECTION('',(0.0,-1.0,0.0));
#13092=DIRECTION('',(1.0,0.0,6.12303176911189E-17));
#13093=DIRECTION('',(-5.30270106023007E-17,0.499999999999998,0.86602540378444));
#13094=DIRECTION('',(1.0,0.0,6.12303176911189E-17));
#13095=DIRECTION('',(-6.12303176911189E-17,8.32667268468811E-16,1.0));
#13096=DIRECTION('',(0.0,-1.0,0.0));
#13097=DIRECTION('',(-6.12303176911189E-17,8.32667268468811E-16,1.0));
#13098=DIRECTION('',(-5.30270106023007E-17,0.499999999999998,0.86602540378444));
#13099=DIRECTION('',(0.0,-1.0,0.0));
#13100=DIRECTION('',(1.0,0.0,6.12303176911189E-17));
#13101=DIRECTION('',(-5.30270106023007E-17,0.499999999999998,0.86602540378444));
#13102=DIRECTION('',(1.0,0.0,6.12303176911189E-17));
#13103=DIRECTION('',(-6.12303176911189E-17,8.32667268468811E-16,1.0));
#13104=DIRECTION('',(0.0,1.0,6.12303176911189E-17));
#13105=DIRECTION('',(-1.0,0.0,0.0));
#13106=DIRECTION('',(0.0,1.0,6.12303176911189E-17));
#13107=DIRECTION('',(0.0,1.0,6.12303176911189E-17));
#13108=DIRECTION('',(9.97953280561938E-17,6.12303176911189E-17,-1.0));
#13109=DIRECTION('',(0.0,1.0,6.12303176911189E-17));
#13110=CARTESIAN_POINT('',(3.85,-0.3,-6.95));
#13111=DIRECTION('',(-0.0,1.0,6.12303176911189E-17));
#13112=DIRECTION('',(1.0,0.0,0.0));
#13113=DIRECTION('',(-9.97953280561938E-17,-6.12303176911189E-17,1.0));
#13114=DIRECTION('',(0.0,1.0,6.12303176911189E-17));
#13115=DIRECTION('',(-1.0,0.0,0.0));
#13116=DIRECTION('',(0.0,1.0,6.12303176911189E-17));
#13117=DIRECTION('',(0.0,1.0,6.12303176911189E-17));
#13118=DIRECTION('',(9.97953280561938E-17,6.12303176911189E-17,-1.0));
#13119=DIRECTION('',(0.0,1.0,6.12303176911189E-17));
#13120=CARTESIAN_POINT('',(-3.85,-0.3,-6.95));
#13121=DIRECTION('',(-0.0,1.0,6.12303176911189E-17));
#13122=DIRECTION('',(1.0,0.0,0.0));
#13123=DIRECTION('',(-9.97953280561938E-17,-6.12303176911189E-17,1.0));
#13124=DIRECTION('',(0.0,1.0,6.12303176911189E-17));
#13125=DIRECTION('',(-1.0,0.0,0.0));
#13126=DIRECTION('',(0.0,1.0,6.12303176911189E-17));
#13127=DIRECTION('',(0.0,1.0,6.12303176911189E-17));
#13128=DIRECTION('',(7.72777047302893E-17,6.12303176911189E-17,-1.0));
#13129=DIRECTION('',(0.0,1.0,6.12303176911189E-17));
#13130=CARTESIAN_POINT('',(-4.9960036108132E-16,-0.300000000000001,-2.92));
#13131=DIRECTION('',(-0.0,1.0,6.12303176911189E-17));
#13132=DIRECTION('',(1.0,0.0,0.0));
#13133=DIRECTION('',(-6.01048814568917E-17,-6.12303176911189E-17,1.0));
#13134=DIRECTION('',(-0.0,1.0,6.12303176911189E-17));
#13135=DIRECTION('',(-0.0,2.70786103567114E-16,1.0));
#13136=DIRECTION('',(-0.0,-2.70786103567114E-16,-1.0));
#13137=DIRECTION('',(-0.0,-1.0,-6.12303176911189E-17));
#13138=CARTESIAN_POINT('',(4.7,6.34,-0.31));
#13139=DIRECTION('',(0.0,0.0,-1.0));
#13140=DIRECTION('',(1.0,0.0,0.0));
#13141=DIRECTION('',(0.0,0.0,1.0));
#13142=CARTESIAN_POINT('',(4.7,6.34,0.0));
#13143=DIRECTION('',(6.12303176911189E-17,0.0,-1.0));
#13144=DIRECTION('',(1.0,0.0,6.12303176911189E-17));
#13145=DIRECTION('',(0.0,0.0,1.0));
#13146=DIRECTION('',(1.61486985400023E-15,-1.0,9.88789941902446E-32));
#13147=DIRECTION('',(0.0,0.0,1.0));
#13148=DIRECTION('',(1.61486985400023E-15,-1.0,0.0));
#13149=DIRECTION('',(0.0,0.0,1.0));
#13150=CARTESIAN_POINT('',(4.05,1.59,0.0));
#13151=DIRECTION('',(6.12303176911189E-17,0.0,-1.0));
#13152=DIRECTION('',(1.0,0.0,6.12303176911189E-17));
#13153=DIRECTION('',(0.0,0.0,1.0));
#13154=DIRECTION('',(-1.0,-1.09651656753102E-16,-6.12303176911189E-17));
#13155=DIRECTION('',(0.0,0.0,1.0));
#13156=CARTESIAN_POINT('',(-4.05,1.59,0.0));
#13157=DIRECTION('',(6.12303176911189E-17,0.0,-1.0));
#13158=DIRECTION('',(1.0,0.0,6.12303176911189E-17));
#13159=CARTESIAN_POINT('',(-4.7,6.34,-0.31));
#13160=DIRECTION('',(0.0,0.0,-1.0));
#13161=DIRECTION('',(1.0,0.0,0.0));
#13162=DIRECTION('',(-1.0,0.0,0.0));
#13163=DIRECTION('',(0.0,1.0,-0.0));
#13164=DIRECTION('',(-1.0,5.3133577658258E-32,0.0));
#13165=DIRECTION('',(0.0,-1.0,-6.12303176911189E-17));
#13166=DIRECTION('',(1.0,1.32833944145645E-32,-0.0));
#13167=DIRECTION('',(0.0,1.0,-0.0));
#13168=DIRECTION('',(1.0,-1.19573502630058E-15,0.0));
#13169=CARTESIAN_POINT('',(-4.7,2.84,-0.31));
#13170=DIRECTION('',(0.0,0.0,-1.0));
#13171=DIRECTION('',(1.0,0.0,0.0));
#13172=DIRECTION('',(-1.0,0.0,0.0));
#13173=DIRECTION('',(0.0,1.0,-0.0));
#13174=DIRECTION('',(-1.0,0.0,0.0));
#13175=CARTESIAN_POINT('',(4.69999999087494,2.84,-0.31));
#13176=DIRECTION('',(0.0,0.0,-1.0));
#13177=DIRECTION('',(1.0,0.0,0.0));
#13178=DIRECTION('',(1.0,0.0,0.0));
#13179=DIRECTION('',(0.0,-1.0,0.0));
#13180=DIRECTION('',(1.0,-1.22460635382238E-16,0.0));
#13181=DIRECTION('',(1.22460635382238E-16,1.0,-6.12303176911189E-17));
#13182=DIRECTION('',(-1.0,1.22460635382238E-16,0.0));
#13183=DIRECTION('',(0.0,-1.0,0.0));
#13184=DIRECTION('',(-1.0,0.0,0.0));
#13185=DIRECTION('',(0.0,0.0,1.0));
#13186=DIRECTION('',(0.0,1.0,0.0));
#13187=DIRECTION('',(0.0,-1.0,0.0));
#13188=DIRECTION('',(1.0,0.0,6.12303176911189E-17));
#13189=DIRECTION('',(-8.29404099963311E-32,1.0,-5.078467653507E-48));
#13190=DIRECTION('',(0.0,1.0,6.12303176911189E-17));
#13191=DIRECTION('',(0.0,0.0,-1.0));
#13192=DIRECTION('',(0.0,1.0,6.12303176911189E-17));
#13193=DIRECTION('',(-1.0,-0.0,-0.0));
#13194=DIRECTION('',(0.0,1.0,0.0));
#13195=DIRECTION('',(0.0,0.0,1.0));
#13196=DIRECTION('',(0.0,-1.0,0.0));
#13197=DIRECTION('',(1.0,0.0,6.12303176911189E-17));
#13198=DIRECTION('',(0.0,1.0,6.12303176911189E-17));
#13199=DIRECTION('',(0.0,0.0,-1.0));
#13200=DIRECTION('',(1.0,0.0,0.0));
#13201=DIRECTION('',(-3.74915180455534E-33,1.0,6.12303176911189E-17));
#13202=DIRECTION('',(-1.0,-0.0,-0.0));
#13203=DIRECTION('',(1.0,-1.73038239832928E-31,2.8260222445004E-15));
#13204=DIRECTION('',(6.12303176911189E-17,6.12303176911189E-17,-1.0));
#13205=DIRECTION('',(1.0,0.0,6.12303176911189E-17));
#13206=DIRECTION('',(-6.12303176911189E-17,2.70786103567114E-16,1.0));
#13207=DIRECTION('',(0.0,1.0,6.12303176911189E-17));
#13208=DIRECTION('',(-1.0,-0.0,-2.8260222445004E-15));
#13209=DIRECTION('',(3.74915180455534E-33,-1.0,-6.12303176911189E-17));
#13210=DIRECTION('',(0.0,1.0,0.0));
#13211=DIRECTION('',(0.0,0.0,1.0));
#13212=DIRECTION('',(1.0,0.0,6.12303176911189E-17));
#13213=CARTESIAN_POINT('',(6.02,0.4,-8.343));
#13214=DIRECTION('',(1.0,0.0,6.12303176911189E-17));
#13215=DIRECTION('',(6.12303176911189E-17,0.0,-1.0));
#13216=DIRECTION('',(1.0,0.0,6.12303176911189E-17));
#13217=DIRECTION('',(0.0,-1.0,0.0));
#13218=DIRECTION('',(1.0,0.0,6.12303176911189E-17));
#13219=DIRECTION('',(0.0,1.0,6.12303176911189E-17));
#13220=DIRECTION('',(0.0,0.0,-1.0));
#13221=DIRECTION('',(0.0,1.0,6.12303176911189E-17));
#13222=DIRECTION('',(-1.0,-0.0,-0.0));
#13223=DIRECTION('',(0.0,1.0,0.0));
#13224=DIRECTION('',(0.0,0.0,1.0));
#13225=DIRECTION('',(-6.24282655886363E-32,-1.0,-3.82250253489775E-48));
#13226=DIRECTION('',(1.0,0.0,6.12303176911189E-17));
#13227=DIRECTION('',(0.0,1.0,6.12303176911189E-17));
#13228=DIRECTION('',(1.01956461999039E-15,0.0,-1.0));
#13229=DIRECTION('',(0.0,1.0,6.12303176911189E-17));
#13230=CARTESIAN_POINT('',(0.249999999999997,-1.11022302462516E-16,-2.813));
#13231=DIRECTION('',(-0.0,1.0,0.0));
#13232=DIRECTION('',(1.0,0.0,0.0));
#13233=DIRECTION('',(1.0,0.0,0.0));
#13234=DIRECTION('',(0.0,1.0,0.0));
#13235=DIRECTION('',(-1.0,0.0,0.0));
#13236=DIRECTION('',(-1.0,0.0,0.0));
#13237=DIRECTION('',(-6.12303176911189E-17,0.0,1.0));
#13238=DIRECTION('',(-1.0,0.0,0.0));
#13239=DIRECTION('',(6.12303176911189E-17,0.0,-1.0));
#13240=DIRECTION('',(1.0,0.0,0.0));
#13241=DIRECTION('',(1.0,0.0,0.0));
#13242=DIRECTION('',(0.0,1.0,0.0));
#13243=DIRECTION('',(1.0,0.0,0.0));
#13244=DIRECTION('',(6.12303176911189E-17,0.0,-1.0));
#13245=DIRECTION('',(-1.0,0.0,0.0));
#13246=DIRECTION('',(-1.0,0.0,0.0));
#13247=DIRECTION('',(0.0,-1.0,0.0));
#13248=DIRECTION('',(1.0,0.0,0.0));
#13249=DIRECTION('',(-6.12303176911189E-17,0.0,1.0));
#13250=DIRECTION('',(-1.0,0.0,0.0));
#13251=DIRECTION('',(-1.0,0.0,0.0));
#13252=DIRECTION('',(0.0,1.0,0.0));
#13253=DIRECTION('',(1.0,0.0,0.0));
#13254=DIRECTION('',(6.12303176911189E-17,0.0,-1.0));
#13255=DIRECTION('',(-1.0,0.0,0.0));
#13256=DIRECTION('',(-1.0,0.0,0.0));
#13257=DIRECTION('',(-6.12303176911189E-17,0.0,1.0));
#13258=DIRECTION('',(1.0,0.0,0.0));
#13259=DIRECTION('',(-1.0,0.0,0.0));
#13260=DIRECTION('',(0.0,-1.0,0.0));
#13261=DIRECTION('',(0.0,1.0,0.0));
#13262=DIRECTION('',(-1.0,0.0,0.0));
#13263=DIRECTION('',(1.0,0.0,0.0));
#13264=DIRECTION('',(-6.12303176911189E-17,0.0,1.0));
#13265=DIRECTION('',(0.0,1.0,0.0));
#13266=DIRECTION('',(1.22460635382238E-16,0.0,-1.0));
#13267=DIRECTION('',(2.09167103094748E-32,1.0,-1.70803542250024E-16));
#13268=DIRECTION('',(1.22460635382238E-16,0.0,-1.0));
#13269=DIRECTION('',(-2.09167103094748E-32,-1.0,1.70803542250024E-16));
#13270=DIRECTION('',(1.0,0.0,1.83690953073357E-16));
#13271=DIRECTION('',(-2.09167103094748E-32,-1.0,1.70803542250024E-16));
#13272=CARTESIAN_POINT('',(7.59469127249616,-0.0947307808809943,-9.28));
#13273=DIRECTION('',(-1.83690953073357E-16,1.70803542250024E-16,1.0));
#13274=DIRECTION('',(-1.0,-1.04583551547374E-32,-1.83690953073357E-16));
#13275=DIRECTION('',(-1.0,0.0,-1.83690953073357E-16));
#13276=CARTESIAN_POINT('',(7.81903811301413,-0.0231160966563833,-9.28));
#13277=DIRECTION('',(1.83690953073357E-16,-1.70803542250024E-16,-1.0));
#13278=DIRECTION('',(-1.0,-1.04583551547374E-32,-1.83690953073357E-16));
#13279=DIRECTION('',(-1.0,-0.0,-1.83690953073357E-16));
#13280=CARTESIAN_POINT('',(7.81903811301413,-0.0231160966563833,-11.28));
#13281=DIRECTION('',(-1.83690953073357E-16,1.70803542250024E-16,1.0));
#13282=DIRECTION('',(-1.0,-1.04583551547374E-32,-1.83690953073357E-16));
#13283=DIRECTION('',(-1.0,0.0,-1.83690953073357E-16));
#13284=CARTESIAN_POINT('',(7.59469127249616,-0.0947307808809943,-11.28));
#13285=DIRECTION('',(1.83690953073357E-16,-1.70803542250024E-16,-1.0));
#13286=DIRECTION('',(-1.0,-1.04583551547374E-32,-1.83690953073357E-16));
#13287=DIRECTION('',(2.09167103094748E-32,1.0,-1.70803542250024E-16));
#13288=DIRECTION('',(0.619670963353316,0.782265000402796,-0.0637915850374286));
#13289=CARTESIAN_POINT('',(6.54784591596503,-2.6751198516252,-11.127089071595));
#13290=DIRECTION('',(-1.83083213799826E-16,0.0812774843884494,0.996691512220048));
#13291=DIRECTION('',(9.95329238047942E-18,0.996691512220048,-0.0812774843884494));
#13292=DIRECTION('',(-0.654820061163724,0.753284310777277,-0.0614282885512794));
#13293=CARTESIAN_POINT('',(7.71999999999998,-0.0580102017344193,-11.3405072517479));
#13294=DIRECTION('',(1.83083213799826E-16,-0.0812774843884494,-0.996691512220048));
#13295=DIRECTION('',(9.95329238047942E-18,0.996691512220048,-0.0812774843884494));
#13296=CARTESIAN_POINT('',(7.89432166507613,0.0571052270354286,-11.3498946021467));
#13297=DIRECTION('',(-1.83083213799826E-16,0.0812774843884494,0.996691512220048));
#13298=DIRECTION('',(9.95329238047942E-18,0.996691512220048,-0.0812774843884494));
#13299=DIRECTION('',(0.654820061163724,-0.753284310777277,0.0614282885512794));
#13300=CARTESIAN_POINT('',(6.55190572199955,-2.67494300968538,-11.1271034925746));
#13301=DIRECTION('',(1.83083213799826E-16,-0.0812774843884494,-0.996691512220048));
#13302=DIRECTION('',(9.95329238047942E-18,0.996691512220048,-0.0812774843884494));
#13303=DIRECTION('',(-0.619670963353315,-0.782265000402796,0.0637915850374286));
#13304=DIRECTION('',(-1.0,0.0,-1.83690953073357E-16));
#13305=CARTESIAN_POINT('',(6.6460748359151,-3.52,-10.5565316562891));
#13306=DIRECTION('',(0.78386153614875,-0.620935658620539,9.59921817684728E-17));
#13307=DIRECTION('',(0.620935658620539,0.78386153614875,1.14060262929239E-16));
#13308=CARTESIAN_POINT('',(7.0287954902209,-3.52,-10.5565316562891));
#13309=DIRECTION('',(-0.78386153614875,0.620935658620538,-9.59921817684729E-17));
#13310=DIRECTION('',(0.620935658620538,0.78386153614875,1.14060262929239E-16));
#13311=DIRECTION('',(-1.0,0.0,-1.83690953073357E-16));
#13312=DIRECTION('',(3.0135437732652E-16,2.25833258923109E-16,-1.0));
#13313=DIRECTION('',(-3.0135437732652E-16,-2.25833258923109E-16,1.0));
#13314=DIRECTION('',(-1.0,0.0,-1.83690953073357E-16));
#13315=CARTESIAN_POINT('',(6.6460748359151,-3.52,-10.0034683437109));
#13316=DIRECTION('',(0.78386153614875,-0.620935658620539,9.59921817684728E-17));
#13317=DIRECTION('',(0.620935658620539,0.78386153614875,1.14060262929239E-16));
#13318=CARTESIAN_POINT('',(7.0287954902209,-3.52,-10.0034683437109));
#13319=DIRECTION('',(-0.78386153614875,0.620935658620538,-9.59921817684729E-17));
#13320=DIRECTION('',(0.620935658620538,0.78386153614875,1.14060262929239E-16));
#13321=DIRECTION('',(-1.0,0.0,-1.83690953073357E-16));
#13322=DIRECTION('',(-0.619670963353316,-0.782265000402796,-0.0637915850374291));
#13323=DIRECTION('',(0.619670963353315,0.782265000402796,0.0637915850374291));
#13324=CARTESIAN_POINT('',(6.55190572199955,-2.67494300968538,-9.43289650742535));
#13325=DIRECTION('',(-1.83083213799826E-16,-0.0812774843884497,0.996691512220048));
#13326=DIRECTION('',(-9.95329238047946E-18,0.996691512220048,0.0812774843884497));
#13327=DIRECTION('',(-0.654820061163724,0.753284310777277,0.0614282885512794));
#13328=CARTESIAN_POINT('',(7.89432166507613,0.0571052270354286,-9.21010539785328));
#13329=DIRECTION('',(1.83083213799826E-16,0.0812774843884497,-0.996691512220048));
#13330=DIRECTION('',(-9.95329238047946E-18,0.996691512220048,0.0812774843884497));
#13331=CARTESIAN_POINT('',(7.71999999999998,-0.0580102017344193,-9.21949274825207));
#13332=DIRECTION('',(-1.83083213799826E-16,-0.0812774843884497,0.996691512220048));
#13333=DIRECTION('',(-9.95329238047946E-18,0.996691512220048,0.0812774843884497));
#13334=DIRECTION('',(0.654820061163724,-0.753284310777277,-0.0614282885512794));
#13335=CARTESIAN_POINT('',(6.54784591596503,-2.6751198516252,-9.43291092840499));
#13336=DIRECTION('',(1.83083213799826E-16,0.0812774843884497,-0.996691512220048));
#13337=DIRECTION('',(-9.95329238047946E-18,0.996691512220047,0.0812774843884497));
#13338=DIRECTION('',(1.22460635382238E-16,0.0,-1.0));
#13339=DIRECTION('',(1.22460635382238E-16,0.0,-1.0));
#13340=DIRECTION('',(-1.22460635382238E-16,0.0,1.0));
#13341=DIRECTION('',(1.22460635382238E-16,0.0,-1.0));
#13342=DIRECTION('',(1.22460635382238E-16,0.0,-1.0));
#13343=DIRECTION('',(1.22460635382238E-16,0.0,-1.0));
#13344=DIRECTION('',(1.22460635382238E-16,0.0,-1.0));
#13345=DIRECTION('',(0.0,0.0,1.0));
#13346=DIRECTION('',(0.0,1.0,1.70803542250024E-16));
#13347=DIRECTION('',(0.0,0.0,1.0));
#13348=DIRECTION('',(-0.0,-1.0,-1.70803542250024E-16));
#13349=DIRECTION('',(-1.0,-0.0,-6.12303176911189E-17));
#13350=DIRECTION('',(0.0,-1.0,-1.70803542250024E-16));
#13351=CARTESIAN_POINT('',(-7.59469127249616,-0.0947307808809943,-11.28));
#13352=DIRECTION('',(6.12303176911189E-17,1.70803542250024E-16,-1.0));
#13353=DIRECTION('',(1.0,-1.04583551547374E-32,6.12303176911189E-17));
#13354=DIRECTION('',(1.0,0.0,6.12303176911189E-17));
#13355=CARTESIAN_POINT('',(-7.81903811301413,-0.0231160966563833,-11.28));
#13356=DIRECTION('',(-6.12303176911189E-17,-1.70803542250024E-16,1.0));
#13357=DIRECTION('',(1.0,-1.04583551547374E-32,6.12303176911189E-17));
#13358=DIRECTION('',(1.0,0.0,6.12303176911189E-17));
#13359=CARTESIAN_POINT('',(-7.81903811301413,-0.0231160966563833,-9.28));
#13360=DIRECTION('',(6.12303176911189E-17,1.70803542250024E-16,-1.0));
#13361=DIRECTION('',(1.0,-1.04583551547374E-32,6.12303176911189E-17));
#13362=DIRECTION('',(1.0,0.0,6.12303176911189E-17));
#13363=CARTESIAN_POINT('',(-7.59469127249616,-0.0947307808809943,-9.28));
#13364=DIRECTION('',(-6.12303176911189E-17,-1.70803542250024E-16,1.0));
#13365=DIRECTION('',(1.0,-1.04583551547374E-32,6.12303176911189E-17));
#13366=DIRECTION('',(-0.0,1.0,1.70803542250024E-16));
#13367=DIRECTION('',(-0.619670963353316,0.782265000402796,0.0637915850374286));
#13368=CARTESIAN_POINT('',(-6.54784591596503,-2.6751198516252,-9.43291092840499));
#13369=DIRECTION('',(6.10277379332752E-17,0.0812774843884494,-0.996691512220048));
#13370=DIRECTION('',(0.0,0.996691512220048,0.0812774843884494));
#13371=DIRECTION('',(0.654820061163724,0.753284310777277,0.0614282885512793));
#13372=CARTESIAN_POINT('',(-7.71999999999998,-0.0580102017344193,-9.21949274825207));
#13373=DIRECTION('',(-6.10277379332752E-17,-0.0812774843884494,0.996691512220048));
#13374=DIRECTION('',(0.0,0.996691512220048,0.0812774843884494));
#13375=CARTESIAN_POINT('',(-7.89432166507613,0.0571052270354286,-9.21010539785328));
#13376=DIRECTION('',(6.10277379332752E-17,0.0812774843884494,-0.996691512220048));
#13377=DIRECTION('',(0.0,0.996691512220048,0.0812774843884494));
#13378=DIRECTION('',(-0.654820061163724,-0.753284310777277,-0.0614282885512793));
#13379=CARTESIAN_POINT('',(-6.55190572199955,-2.67494300968538,-9.43289650742535));
#13380=DIRECTION('',(-6.10277379332752E-17,-0.0812774843884494,0.996691512220048));
#13381=DIRECTION('',(0.0,0.996691512220048,0.0812774843884494));
#13382=DIRECTION('',(0.619670963353315,-0.782265000402796,-0.0637915850374287));
#13383=DIRECTION('',(1.0,0.0,6.12303176911189E-17));
#13384=CARTESIAN_POINT('',(-6.6460748359151,-3.52,-10.0034683437109));
#13385=DIRECTION('',(-0.78386153614875,-0.620935658620539,-2.41545984755561E-33));
#13386=DIRECTION('',(-0.620935658620539,0.78386153614875,-3.80200876430797E-17));
#13387=CARTESIAN_POINT('',(-7.0287954902209,-3.52,-10.0034683437109));
#13388=DIRECTION('',(0.78386153614875,0.620935658620538,0.0));
#13389=DIRECTION('',(-0.620935658620538,0.78386153614875,-3.80200876430797E-17));
#13390=DIRECTION('',(1.0,0.0,6.12303176911189E-17));
#13391=DIRECTION('',(-1.78893741944282E-16,2.25833258923109E-16,1.0));
#13392=DIRECTION('',(1.78893741944282E-16,-2.25833258923109E-16,-1.0));
#13393=DIRECTION('',(1.0,0.0,6.12303176911189E-17));
#13394=CARTESIAN_POINT('',(-6.6460748359151,-3.52,-10.5565316562891));
#13395=DIRECTION('',(-0.78386153614875,-0.620935658620539,-2.41545984755561E-33));
#13396=DIRECTION('',(-0.620935658620539,0.78386153614875,-3.80200876430797E-17));
#13397=CARTESIAN_POINT('',(-7.0287954902209,-3.52,-10.5565316562891));
#13398=DIRECTION('',(0.78386153614875,0.620935658620538,0.0));
#13399=DIRECTION('',(-0.620935658620538,0.78386153614875,-3.80200876430797E-17));
#13400=DIRECTION('',(1.0,0.0,6.12303176911189E-17));
#13401=DIRECTION('',(0.619670963353316,-0.782265000402796,0.063791585037429));
#13402=DIRECTION('',(-0.619670963353315,0.782265000402796,-0.0637915850374291));
#13403=CARTESIAN_POINT('',(-6.55190572199955,-2.67494300968538,-11.1271034925746));
#13404=DIRECTION('',(6.10277379332752E-17,-0.0812774843884497,-0.996691512220048));
#13405=DIRECTION('',(0.0,0.996691512220048,-0.0812774843884497));
#13406=DIRECTION('',(0.654820061163724,0.753284310777277,-0.0614282885512795));
#13407=CARTESIAN_POINT('',(-7.89432166507613,0.0571052270354286,-11.3498946021467));
#13408=DIRECTION('',(-6.10277379332752E-17,0.0812774843884497,0.996691512220048));
#13409=DIRECTION('',(0.0,0.996691512220048,-0.0812774843884497));
#13410=CARTESIAN_POINT('',(-7.71999999999998,-0.0580102017344193,-11.3405072517479));
#13411=DIRECTION('',(6.10277379332752E-17,-0.0812774843884497,-0.996691512220048));
#13412=DIRECTION('',(0.0,0.996691512220048,-0.0812774843884497));
#13413=DIRECTION('',(-0.654820061163724,-0.753284310777277,0.0614282885512795));
#13414=CARTESIAN_POINT('',(-6.54784591596503,-2.6751198516252,-11.127089071595));
#13415=DIRECTION('',(-6.10277379332752E-17,0.0812774843884497,0.996691512220048));
#13416=DIRECTION('',(0.0,0.996691512220047,-0.0812774843884497));
#13417=DIRECTION('',(0.0,0.0,1.0));
#13418=DIRECTION('',(0.0,0.0,1.0));
#13419=DIRECTION('',(0.0,0.0,-1.0));
#13420=DIRECTION('',(0.0,0.0,1.0));
#13421=DIRECTION('',(0.0,0.0,1.0));
#13422=DIRECTION('',(0.0,0.0,1.0));
#13423=DIRECTION('',(0.0,0.0,1.0));
#13424=DIRECTION('',(-1.22460635382238E-16,-1.0,6.12303176911189E-17));
#13425=CARTESIAN_POINT('',(4.72048327827952,6.185,-0.51));
#13426=DIRECTION('',(1.22460635382238E-16,1.0,-2.16941458340517E-16));
#13427=DIRECTION('',(-1.0,1.22460635382238E-16,5.34801985020208E-48));
#13428=DIRECTION('',(-1.22460635382238E-16,-1.0,6.12303176911189E-17));
#13429=CARTESIAN_POINT('',(4.72048327827952,2.995,-0.51));
#13430=DIRECTION('',(-1.22460635382238E-16,-1.0,-8.67765833362068E-16));
#13431=DIRECTION('',(-1.0,1.22460635382238E-16,4.27841588016167E-47));
#13432=DIRECTION('',(-0.0,2.16941458340517E-16,1.0));
#13433=CARTESIAN_POINT('',(4.72699689375218,6.185,-0.489999999999999));
#13434=DIRECTION('',(-1.22460635382238E-16,-1.0,2.16941458340517E-16));
#13435=DIRECTION('',(-1.0,1.22460635382238E-16,3.3425124063763E-48));
#13436=DIRECTION('',(-0.309671482856107,-1.68354833088179E-16,-0.950843611066352));
#13437=DIRECTION('',(-1.0,1.22460635382238E-16,6.12303176911189E-17));
#13438=DIRECTION('',(0.309671482856107,1.68354833088179E-16,0.950843611066352));
#13439=DIRECTION('',(-0.303534197669218,-0.198102530542797,-0.931999129955519));
#13440=DIRECTION('',(-0.925606578735068,0.0786918864690391,0.370216218453902));
#13441=DIRECTION('',(-2.40626046962492E-05,0.207911690757568,0.978147600450628));
#13442=DIRECTION('',(0.303534197669218,0.198102530542797,0.931999129955519));
#13443=DIRECTION('',(0.0,8.67765833362068E-16,-1.0));
#13444=DIRECTION('',(-0.309671482856107,8.6303216510431E-16,-0.950843611066352));
#13445=DIRECTION('',(-1.0,1.22460635382238E-16,6.12303176911189E-17));
#13446=DIRECTION('',(0.309671482856107,-8.6303216510431E-16,0.950843611066352));
#13447=CARTESIAN_POINT('',(4.72699689375218,2.995,-0.489999999999999));
#13448=DIRECTION('',(1.22460635382238E-16,1.0,8.67765833362068E-16));
#13449=DIRECTION('',(-1.0,1.22460635382238E-16,4.01101488765156E-47));
#13450=DIRECTION('',(0.303534197669218,-0.198102530542797,0.931999129955519));
#13451=DIRECTION('',(-0.303534197669218,0.198102530542797,-0.931999129955519));
#13452=DIRECTION('',(2.40626046963001E-05,0.207911690757568,-0.978147600450628));
#13453=DIRECTION('',(0.925606578735068,0.0786918864690389,-0.370216218453902));
#13454=DIRECTION('',(-1.22460635382238E-16,-1.0,6.12303176911189E-17));
#13455=DIRECTION('',(-1.22460635382238E-16,-1.0,6.12303176911189E-17));
#13456=DIRECTION('',(-1.22460635382238E-16,-1.0,6.12303176911189E-17));
#13457=DIRECTION('',(-1.22460635382238E-16,-1.0,6.12303176911189E-17));
#13458=DIRECTION('',(0.0,1.0,6.12303176911189E-17));
#13459=CARTESIAN_POINT('',(-4.72048327827952,2.995,-0.51));
#13460=DIRECTION('',(1.32833944145645E-32,-1.0,-2.16941458340517E-16));
#13461=DIRECTION('',(1.0,1.32833944145645E-32,2.88171895600789E-48));
#13462=DIRECTION('',(0.0,1.0,6.12303176911189E-17));
#13463=CARTESIAN_POINT('',(-4.72048327827952,6.185,-0.51));
#13464=DIRECTION('',(5.3133577658258E-32,1.0,-8.67765833362068E-16));
#13465=DIRECTION('',(1.0,-5.3133577658258E-32,4.61075032961264E-47));
#13466=DIRECTION('',(0.0,-2.16941458340517E-16,1.0));
#13467=CARTESIAN_POINT('',(-4.72699689375218,2.995,-0.489999999999999));
#13468=DIRECTION('',(-1.32833944145645E-32,1.0,2.16941458340517E-16));
#13469=DIRECTION('',(1.0,1.32833944145645E-32,2.88171895600789E-48));
#13470=DIRECTION('',(0.309671482856107,2.06277399638498E-16,-0.950843611066352));
#13471=DIRECTION('',(1.0,0.0,6.12303176911189E-17));
#13472=DIRECTION('',(-0.309671482856107,-2.06277399638498E-16,0.950843611066352));
#13473=DIRECTION('',(0.303534197669218,0.198102530542797,-0.931999129955519));
#13474=DIRECTION('',(0.925606578735068,-0.078691886469039,0.370216218453902));
#13475=DIRECTION('',(2.40626046962746E-05,-0.207911690757568,0.978147600450628));
#13476=DIRECTION('',(-0.303534197669218,-0.198102530542797,0.931999129955519));
#13477=DIRECTION('',(-0.0,-8.67765833362068E-16,-1.0));
#13478=DIRECTION('',(0.309671482856107,-8.25109598553991E-16,-0.950843611066352));
#13479=DIRECTION('',(1.0,0.0,6.12303176911189E-17));
#13480=DIRECTION('',(-0.309671482856107,8.25109598553991E-16,0.950843611066352));
#13481=CARTESIAN_POINT('',(-4.72699689375218,6.185,-0.489999999999999));
#13482=DIRECTION('',(-5.3133577658258E-32,-1.0,8.67765833362068E-16));
#13483=DIRECTION('',(1.0,-5.3133577658258E-32,4.61075032961264E-47));
#13484=DIRECTION('',(-0.303534197669218,0.198102530542797,0.931999129955519));
#13485=DIRECTION('',(0.303534197669218,-0.198102530542797,-0.931999129955519));
#13486=DIRECTION('',(-2.40626046962746E-05,-0.207911690757568,-0.978147600450628));
#13487=DIRECTION('',(-0.925606578735068,-0.078691886469039,-0.370216218453902));
#13488=DIRECTION('',(0.0,1.0,6.12303176911189E-17));
#13489=DIRECTION('',(0.0,1.0,6.12303176911189E-17));
#13490=DIRECTION('',(0.0,1.0,6.12303176911189E-17));
#13491=DIRECTION('',(0.0,1.0,6.12303176911189E-17));
#13492=DIRECTION('',(1.0,0.0,0.0));
#13493=DIRECTION('',(-6.12303176911189E-17,0.0,1.0));
#13494=DIRECTION('',(0.0,1.0,0.0));
#13495=DIRECTION('',(1.0,0.0,0.0));
#13496=DIRECTION('',(0.0,-1.0,0.0));
#13497=DIRECTION('',(1.0,0.0,0.0));
#13498=DIRECTION('',(6.12303176911189E-17,0.0,-1.0));
#13499=DIRECTION('',(-1.0,0.0,0.0));
#13500=DIRECTION('',(-6.12303176911189E-17,0.0,1.0));
#13501=DIRECTION('',(0.0,-1.0,0.0));
#13502=DIRECTION('',(1.0,-0.0,6.12303176911189E-17));
#13503=DIRECTION('',(0.0,0.0,1.0));
#13504=DIRECTION('',(0.0,0.0,1.0));
#13505=CARTESIAN_POINT('',(4.69999999087494,2.84,0.0));
#13506=DIRECTION('',(6.12303176911189E-17,0.0,-1.0));
#13507=DIRECTION('',(1.0,0.0,6.12303176911189E-17));
#13508=DIRECTION('',(-1.0,-0.0,-6.12303176911189E-17));
#13509=DIRECTION('',(0.0,0.0,1.0));
#13510=DIRECTION('',(-1.0,-0.0,-6.12303176911189E-17));
#13511=CARTESIAN_POINT('',(-4.7,2.84,0.0));
#13512=DIRECTION('',(6.12303176911189E-17,0.0,-1.0));
#13513=DIRECTION('',(1.0,0.0,6.12303176911189E-17));
#13514=DIRECTION('',(0.0,0.0,1.0));
#13515=DIRECTION('',(1.0,-1.19573502630058E-15,6.12303176911189E-17));
#13516=DIRECTION('',(0.0,0.0,1.0));
#13517=DIRECTION('',(0.0,1.0,0.0));
#13518=DIRECTION('',(0.0,0.0,1.0));
#13519=DIRECTION('',(-1.0,-0.0,-6.12303176911189E-17));
#13520=CARTESIAN_POINT('',(-4.7,6.34,0.0));
#13521=DIRECTION('',(6.12303176911189E-17,0.0,-1.0));
#13522=DIRECTION('',(1.0,0.0,6.12303176911189E-17));
#13523=DIRECTION('',(0.0,0.0,1.0));
#13524=DIRECTION('',(1.0,-0.0,6.12303176911189E-17));
#13525=DIRECTION('',(0.0,0.0,1.0));
#13526=DIRECTION('',(0.0,1.0,0.0));
#13527=DIRECTION('',(0.0,0.0,1.0));
#13528=DIRECTION('',(0.69810013612954,0.716000139620041,4.27448931154251E-17));
#13529=DIRECTION('',(0.0,0.0,1.0));
#13530=DIRECTION('',(1.0,-0.0,6.12303176911189E-17));
#13531=DIRECTION('',(0.0,0.0,1.0));
#13532=DIRECTION('',(0.69810013612954,-0.716000139620041,4.2744893115425E-17));
#13533=DIRECTION('',(0.0,0.0,1.0));
#13534=DIRECTION('',(0.0,-1.0,0.0));
#13535=DIRECTION('',(1.0,-0.0,6.12303176911189E-17));
#13536=DIRECTION('',(0.0,0.0,1.0));
#13537=DIRECTION('',(-1.0,-0.0,-6.12303176911189E-17));
#13538=DIRECTION('',(0.0,-1.0,0.0));
#13539=DIRECTION('',(1.0,0.0,0.0));
#13540=DIRECTION('',(0.0,-1.0,0.0));
#13541=DIRECTION('',(6.12303176911189E-17,0.0,-1.0));
#13542=DIRECTION('',(6.12303176911189E-17,0.0,-1.0));
#13543=DIRECTION('',(0.0,-1.0,0.0));
#13544=CARTESIAN_POINT('',(-6.02,8.1,-13.8));
#13545=DIRECTION('',(1.0,0.0,6.12303176911189E-17));
#13546=DIRECTION('',(6.12303176911189E-17,0.0,-1.0));
#13547=CARTESIAN_POINT('',(-6.02,2.5,-13.8));
#13548=DIRECTION('',(1.0,0.0,6.12303176911189E-17));
#13549=DIRECTION('',(6.12303176911189E-17,0.0,-1.0));
#13550=CARTESIAN_POINT('',(6.02,8.1,-13.8));
#13551=DIRECTION('',(-1.0,0.0,-6.12303176911189E-17));
#13552=DIRECTION('',(-6.12303176911189E-17,0.0,1.0));
#13553=CARTESIAN_POINT('',(6.02,2.5,-13.8));
#13554=DIRECTION('',(-1.0,0.0,-6.12303176911189E-17));
#13555=DIRECTION('',(-6.12303176911189E-17,0.0,1.0));
#13556=DIRECTION('',(1.0,7.52693576017055E-17,6.12303176911189E-17));
#13557=DIRECTION('',(0.0,0.0,1.0));
#13558=DIRECTION('',(1.0,7.52693576017055E-17,0.0));
#13559=DIRECTION('',(0.0,0.0,1.0));
#13560=CARTESIAN_POINT('',(-2.95,8.3,-16.6));
#13561=DIRECTION('',(0.0,0.0,1.0));
#13562=DIRECTION('',(1.0,0.0,0.0));
#13563=CARTESIAN_POINT('',(-2.95,8.3,-16.3));
#13564=DIRECTION('',(-6.12303176911189E-17,-0.0,1.0));
#13565=DIRECTION('',(1.0,0.0,6.12303176911189E-17));
#13566=DIRECTION('',(-1.0,-1.50538715203411E-16,-6.12303176911189E-17));
#13567=DIRECTION('',(-1.0,-1.50538715203411E-16,0.0));
#13568=CARTESIAN_POINT('',(2.95,8.3,-16.3));
#13569=DIRECTION('',(-6.12303176911189E-17,-0.0,1.0));
#13570=DIRECTION('',(1.0,0.0,6.12303176911189E-17));
#13571=CARTESIAN_POINT('',(2.95,8.3,-16.6));
#13572=DIRECTION('',(0.0,0.0,1.0));
#13573=DIRECTION('',(1.0,0.0,0.0));
#13574=DIRECTION('',(1.0,7.52693576017055E-17,6.12303176911189E-17));
#13575=DIRECTION('',(0.0,0.0,1.0));
#13576=DIRECTION('',(1.0,7.52693576017055E-17,0.0));
#13577=DIRECTION('',(0.0,0.0,1.0));
#13578=CARTESIAN_POINT('',(-2.95,4.3,-16.6));
#13579=DIRECTION('',(0.0,0.0,1.0));
#13580=DIRECTION('',(1.0,0.0,0.0));
#13581=CARTESIAN_POINT('',(-2.95,4.3,-16.3));
#13582=DIRECTION('',(-6.12303176911189E-17,-0.0,1.0));
#13583=DIRECTION('',(1.0,0.0,6.12303176911189E-17));
#13584=DIRECTION('',(-1.0,-1.50538715203411E-16,-6.12303176911189E-17));
#13585=DIRECTION('',(-1.0,-1.50538715203411E-16,0.0));
#13586=CARTESIAN_POINT('',(2.95,4.3,-16.3));
#13587=DIRECTION('',(-6.12303176911189E-17,-0.0,1.0));
#13588=DIRECTION('',(1.0,0.0,6.12303176911189E-17));
#13589=CARTESIAN_POINT('',(2.95,4.3,-16.6));
#13590=DIRECTION('',(0.0,0.0,1.0));
#13591=DIRECTION('',(1.0,0.0,0.0));
#13592=DIRECTION('',(0.0,-1.0,0.0));
#13593=DIRECTION('',(0.0,-6.12303176911189E-17,1.0));
#13594=DIRECTION('',(0.0,1.0,6.12303176911189E-17));
#13595=DIRECTION('',(0.0,0.0,-1.0));
#13596=DIRECTION('',(-0.0,1.0,1.1842378929335E-14));
#13597=DIRECTION('',(0.0,0.0,-1.0));
#13598=DIRECTION('',(-1.0,-0.0,-0.0));
#13599=DIRECTION('',(1.0,0.0,0.0));
#13600=DIRECTION('',(0.0,1.0,6.12303176911189E-17));
#13601=DIRECTION('',(0.0,1.0,6.12303176911189E-17));
#13602=DIRECTION('',(0.0,0.0,1.0));
#13603=DIRECTION('',(-0.0,-1.0,-0.0));
#13604=DIRECTION('',(0.0,1.0,6.12303176911189E-17));
#13605=CARTESIAN_POINT('',(-3.87,1.66533453693773E-16,-6.663));
#13606=DIRECTION('',(-0.0,1.0,0.0));
#13607=DIRECTION('',(1.0,0.0,0.0));
#13608=DIRECTION('',(-0.0,1.0,0.0));
#13609=DIRECTION('',(0.0,0.0,-1.0));
#13610=DIRECTION('',(0.0,1.0,6.12303176911189E-17));
#13611=DIRECTION('',(0.0,0.0,1.0));
#13612=DIRECTION('',(-0.0,-1.0,-0.0));
#13613=DIRECTION('',(0.0,1.0,6.12303176911189E-17));
#13614=CARTESIAN_POINT('',(-0.249999999999999,-1.11022302462516E-16,-2.813));
#13615=DIRECTION('',(-0.0,1.0,0.0));
#13616=DIRECTION('',(1.0,0.0,0.0));
#13617=DIRECTION('',(1.35456442370151E-15,0.0,1.0));
#13618=DIRECTION('',(0.0,1.0,0.0));
#13619=DIRECTION('',(0.0,0.0,1.0));
#13620=DIRECTION('',(-0.0,-1.0,-1.1842378929335E-14));
#13621=DIRECTION('',(0.0,0.0,1.0));
#13622=DIRECTION('',(0.0,6.12303176911189E-17,-1.0));
#13623=DIRECTION('',(-0.0,1.0,0.0));
#13624=DIRECTION('',(0.0,0.0,-1.0));
#13625=DIRECTION('',(0.0,1.0,6.12303176911189E-17));
#13626=CARTESIAN_POINT('',(3.87,1.66533453693773E-16,-6.663));
#13627=DIRECTION('',(-0.0,1.0,0.0));
#13628=DIRECTION('',(1.0,0.0,0.0));
#13629=DIRECTION('',(0.0,1.0,6.12303176911189E-17));
#13630=DIRECTION('',(6.21103790000087E-16,0.0,1.0));
#13631=DIRECTION('',(3.80303823808633E-32,-1.0,2.32861239509499E-48));
#13632=DIRECTION('',(-2.57497380703762E-33,1.0,-1.57666464251223E-49));
#13633=DIRECTION('',(-4.20539024479226E-17,-0.0,-1.0));
#13634=DIRECTION('',(1.0,0.0,6.12303176911189E-17));
#13635=DIRECTION('',(-6.12303176911189E-17,8.19957920698048E-17,1.0));
#13636=DIRECTION('',(1.0,0.0,6.12303176911189E-17));
#13637=DIRECTION('',(1.0,0.0,6.12303176911189E-17));
#13638=DIRECTION('',(-6.12303176911189E-17,8.19957920698048E-17,1.0));
#13639=DIRECTION('',(0.0,1.0,0.0));
#13640=DIRECTION('',(1.0,0.0,6.12303176911189E-17));
#13641=DIRECTION('',(1.0,0.0,6.12303176911189E-17));
#13642=DIRECTION('',(0.0,1.0,0.0));
#13643=DIRECTION('',(-6.12303176911189E-17,0.0,1.0));
#13644=DIRECTION('',(1.0,0.0,6.12303176911189E-17));
#13645=DIRECTION('',(1.0,0.0,6.12303176911189E-17));
#13646=DIRECTION('',(-6.12303176911189E-17,0.0,1.0));
#13647=DIRECTION('',(1.0,0.0,6.12303176911189E-17));
#13648=DIRECTION('',(-6.12303176911189E-17,0.0,1.0));
#13649=DIRECTION('',(1.0,0.0,6.12303176911189E-17));
#13650=DIRECTION('',(-6.12303176911189E-17,0.0,1.0));
#13651=DIRECTION('',(1.0,0.0,6.12303176911189E-17));
#13652=DIRECTION('',(7.25112624061794E-31,-1.0,-1.1842378929335E-14));
#13653=DIRECTION('',(7.25112624061794E-31,-1.0,-1.1842378929335E-14));
#13654=DIRECTION('',(1.0,0.0,6.12303176911189E-17));
#13655=DIRECTION('',(0.0,-1.0,0.0));
#13656=DIRECTION('',(1.0,0.0,6.12303176911189E-17));
#13657=DIRECTION('',(1.0,0.0,6.12303176911189E-17));
#13658=DIRECTION('',(1.0,0.0,6.12303176911189E-17));
#13659=DIRECTION('',(0.0,-1.0,0.0));
#13660=DIRECTION('',(1.0,0.0,6.12303176911189E-17));
#13661=DIRECTION('',(-6.12303176911189E-17,0.0,1.0));
#13662=DIRECTION('',(0.0,1.0,0.0));
#13663=DIRECTION('',(6.12303176911189E-17,0.0,-1.0));
#13664=DIRECTION('',(0.0,1.0,0.0));
#13665=CARTESIAN_POINT('',(-6.02,0.4,-8.343));
#13666=DIRECTION('',(1.0,0.0,6.12303176911189E-17));
#13667=DIRECTION('',(6.12303176911189E-17,0.0,-1.0));
#13668=DIRECTION('',(0.0,1.0,0.0));
#13669=DIRECTION('',(1.0,0.0,6.12303176911189E-17));
#13670=DIRECTION('',(6.12303176911189E-17,0.0,-1.0));
#13671=DIRECTION('',(1.0,0.0,6.12303176911189E-17));
#13672=DIRECTION('',(0.0,-1.0,0.0));
#13673=DIRECTION('',(-6.12303176911189E-17,0.0,1.0));
ENDSEC;
END-ISO-10303-21;
