ISO-10303-21;
HEADER;
FILE_DESCRIPTION (( 'STEP AP214' ),
    '1' );
FILE_NAME ('User Library-Header_Male_RA_Low_3Pin.STEP',
    '2026-02-04T13:50:46',
    ( '' ),
    ( '' ),
    'SwSTEP 2.0',
    'SolidWorks 2022',
    '' );
FILE_SCHEMA (( 'AUTOMOTIVE_DESIGN' ));
ENDSEC;

DATA;
#1 = ORIENTED_EDGE ( 'NONE', *, *, #4720, .F. ) ;
#2 = DIRECTION ( 'NONE',  ( 6.670117000593702191E-16, -1.000000000000000000, -6.670117000593702191E-16 ) ) ;
#3 = ORIENTED_EDGE ( 'NONE', *, *, #4405, .T. ) ;
#4 = STYLED_ITEM ( 'NONE', ( #210 ), #1349 ) ;
#5 = MECHANICAL_DESIGN_GEOMETRIC_PRESENTATION_REPRESENTATION (  '', ( #2366 ), #2682 ) ;
#6 = UNCERTAINTY_MEASURE_WITH_UNIT (LENGTH_MEASURE( 1.000000000000000082E-05 ), #1090, 'distance_accuracy_value', 'NONE');
#7 = STYLED_ITEM ( 'NONE', ( #271 ), #2141 ) ;
#8 = AXIS2_PLACEMENT_3D ( 'NONE', #1970, #2588, #503 ) ;
#9 = CARTESIAN_POINT ( 'NONE',  ( 4.759999923706000224, 0.2199999985099999888, -2.899999998509999788 ) ) ;
#10 = VERTEX_POINT ( 'NONE', #1027 ) ;
#11 = DIRECTION ( 'NONE',  ( 0.0000000000000000000, 1.000000000000000000, 1.332267629549999902E-15 ) ) ;
#12 = EDGE_CURVE ( 'NONE', #3476, #3272, #1362, .T. ) ;
#13 = DIRECTION ( 'NONE',  ( 0.0000000000000000000, -0.0000000000000000000, -1.000000000000000000 ) ) ;
#14 = PRESENTATION_LAYER_ASSIGNMENT (  '', '', ( #3571 ) ) ;
#15 = FILL_AREA_STYLE ('',( #2231 ) ) ;
#16 = COLOUR_RGB ( '',0.09411764705882352811, 0.09411764705882352811, 0.09411764705882352811 ) ;
#17 = LINE ( 'NONE', #2963, #3020 ) ;
#18 = ADVANCED_FACE ( 'NONE', ( #672 ), #2464, .T. ) ;
#19 = FILL_AREA_STYLE_COLOUR ( '', #419 ) ;
#20 = ADVANCED_FACE ( 'NONE', ( #3755 ), #2972, .T. ) ;
#21 = ORIENTED_EDGE ( 'NONE', *, *, #827, .F. ) ;
#22 = STYLED_ITEM ( 'NONE', ( #4105 ), #2778 ) ;
#23 = COLOUR_RGB ( '',1.000000000000000000, 1.000000000000000000, 0.4980392156862745168 ) ;
#24 = CARTESIAN_POINT ( 'NONE',  ( 0.3200000000000000067, 9.709999998510001618, 1.489999998510000090 ) ) ;
#25 = AXIS2_PLACEMENT_3D ( 'NONE', #2318, #2660, #2096 ) ;
#26 = FACE_OUTER_BOUND ( 'NONE', #431, .T. ) ;
#27 = DIRECTION ( 'NONE',  ( 1.000000000000000000, -0.0000000000000000000, -0.0000000000000000000 ) ) ;
#28 = CARTESIAN_POINT ( 'NONE',  ( 0.3200000000000000067, 1.820000011921000249, 1.589999999999996749 ) ) ;
#29 = COLOUR_RGB ( '',0.09411764705882352811, 0.09411764705882352811, 0.09411764705882352811 ) ;
#30 = FILL_AREA_STYLE ('',( #4007 ) ) ;
#31 = ORIENTED_EDGE ( 'NONE', *, *, #3083, .F. ) ;
#32 =( NAMED_UNIT ( * ) PLANE_ANGLE_UNIT ( ) SI_UNIT ( $, .RADIAN. ) );
#33 = ORIENTED_EDGE ( 'NONE', *, *, #3206, .T. ) ;
#34 = VECTOR ( 'NONE', #810, 1000.000000000000000 ) ;
#35 = PLANE ( 'NONE',  #300 ) ;
#36 = AXIS2_PLACEMENT_3D ( 'NONE', #3800, #3034, #3435 ) ;
#37 = SURFACE_STYLE_USAGE ( .BOTH. , #2205 ) ;
#38 = CARTESIAN_POINT ( 'NONE',  ( 2.659999958873000114, 9.810000000000000497, 0.9499999999999999556 ) ) ;
#39 = EDGE_LOOP ( 'NONE', ( #1699, #4676, #2083, #628 ) ) ;
#40 = VECTOR ( 'NONE', #3094, 1000.000000000000000 ) ;
#41 = SURFACE_SIDE_STYLE ('',( #3311 ) ) ;
#42 = DIRECTION ( 'NONE',  ( 0.0000000000000000000, 0.0000000000000000000, 1.000000000000000000 ) ) ;
#43 =( NAMED_UNIT ( * ) SI_UNIT ( $, .STERADIAN. ) SOLID_ANGLE_UNIT ( ) );
#44 = ORIENTED_EDGE ( 'NONE', *, *, #3985, .F. ) ;
#45 =( GEOMETRIC_REPRESENTATION_CONTEXT ( 3 ) GLOBAL_UNCERTAINTY_ASSIGNED_CONTEXT ( ( #3110 ) ) GLOBAL_UNIT_ASSIGNED_CONTEXT ( ( #944, #198, #4611 ) ) REPRESENTATION_CONTEXT ( 'NONE', 'WORKASPACE' ) );
#46 = ADVANCED_FACE ( 'NONE', ( #3683 ), #3321, .T. ) ;
#47 = EDGE_CURVE ( 'NONE', #2146, #1611, #2195, .T. ) ;
#48 = PRESENTATION_STYLE_ASSIGNMENT (( #727 ) ) ;
#49 = ORIENTED_EDGE ( 'NONE', *, *, #3022, .F. ) ;
#50 = VERTEX_POINT ( 'NONE', #3348 ) ;
#51 = CARTESIAN_POINT ( 'NONE',  ( -0.1199999970200002208, 9.810000000000000497, 1.389999997019999878 ) ) ;
#52 = CARTESIAN_POINT ( 'NONE',  ( 3.809999923706000047, 1.520000000000000018, 2.214999988079000115 ) ) ;
#53 = ORIENTED_EDGE ( 'NONE', *, *, #184, .F. ) ;
#54 = CARTESIAN_POINT ( 'NONE',  ( 1.569999973773750668, 3.809999961853000716, 0.02499999999975149878 ) ) ;
#55 = VECTOR ( 'NONE', #536, 1000.000000000000000 ) ;
#56 = SURFACE_STYLE_USAGE ( .BOTH. , #1526 ) ;
#57 = EDGE_LOOP ( 'NONE', ( #3489, #2600, #373, #4493 ) ) ;
#58 = PLANE ( 'NONE',  #4639 ) ;
#59 = SURFACE_SIDE_STYLE ('',( #3721 ) ) ;
#60 = ORIENTED_EDGE ( 'NONE', *, *, #4652, .F. ) ;
#61 = CARTESIAN_POINT ( 'NONE',  ( 2.419999964832999950, 0.1199999970199998045, -3.000000000000000444 ) ) ;
#62 = DIRECTION ( 'NONE',  ( 0.0000000000000000000, 1.000000000000000000, -0.0000000000000000000 ) ) ;
#63 = EDGE_CURVE ( 'NONE', #1054, #4557, #1474, .T. ) ;
#64 = LINE ( 'NONE', #28, #1743 ) ;
#65 =( NAMED_UNIT ( * ) PLANE_ANGLE_UNIT ( ) SI_UNIT ( $, .RADIAN. ) );
#66 =( GEOMETRIC_REPRESENTATION_CONTEXT ( 3 ) GLOBAL_UNCERTAINTY_ASSIGNED_CONTEXT ( ( #4704 ) ) GLOBAL_UNIT_ASSIGNED_CONTEXT ( ( #4165, #4556, #495 ) ) REPRESENTATION_CONTEXT ( 'NONE', 'WORKASPACE' ) );
#67 = DIRECTION ( 'NONE',  ( -1.000000000000000000, 0.0000000000000000000, 0.0000000000000000000 ) ) ;
#68 = ORIENTED_EDGE ( 'NONE', *, *, #2904, .T. ) ;
#69 = ADVANCED_FACE ( 'NONE', ( #794 ), #4094, .T. ) ;
#70 = FILL_AREA_STYLE_COLOUR ( '', #1230 ) ;
#71 = FILL_AREA_STYLE ('',( #3329 ) ) ;
#72 = COLOUR_RGB ( '',1.000000000000000000, 1.000000000000000000, 0.4980392156862745168 ) ;
#73 = ORIENTED_EDGE ( 'NONE', *, *, #1701, .T. ) ;
#74 = PRESENTATION_STYLE_ASSIGNMENT (( #4546 ) ) ;
#75 = STYLED_ITEM ( 'NONE', ( #1344 ), #4693 ) ;
#76 = LINE ( 'NONE', #121, #2776 ) ;
#77 = FILL_AREA_STYLE ('',( #4497 ) ) ;
#78 = VERTEX_POINT ( 'NONE', #3437 ) ;
#79 = COLOUR_RGB ( '',1.000000000000000000, 1.000000000000000000, 0.4980392156862745168 ) ;
#80 = FILL_AREA_STYLE_COLOUR ( '', #3387 ) ;
#81 =( GEOMETRIC_REPRESENTATION_CONTEXT ( 3 ) GLOBAL_UNCERTAINTY_ASSIGNED_CONTEXT ( ( #3200 ) ) GLOBAL_UNIT_ASSIGNED_CONTEXT ( ( #2623, #434, #1114 ) ) REPRESENTATION_CONTEXT ( 'NONE', 'WORKASPACE' ) );
#82 = COLOUR_RGB ( '',1.000000000000000000, 1.000000000000000000, 0.4980392156862745168 ) ;
#83 = FACE_OUTER_BOUND ( 'NONE', #3397, .T. ) ;
#84 = SURFACE_STYLE_USAGE ( .BOTH. , #1887 ) ;
#85 = SURFACE_STYLE_FILL_AREA ( #2004 ) ;
#86 = VECTOR ( 'NONE', #1199, 1000.000000000000000 ) ;
#87 = STYLED_ITEM ( 'NONE', ( #707 ), #1943 ) ;
#88 = ORIENTED_EDGE ( 'NONE', *, *, #1206, .F. ) ;
#89 = VECTOR ( 'NONE', #3225, 1000.000000000000000 ) ;
#90 = FILL_AREA_STYLE_COLOUR ( '', #3344 ) ;
#91 = LINE ( 'NONE', #3782, #4139 ) ;
#92 = ORIENTED_EDGE ( 'NONE', *, *, #1701, .F. ) ;
#93 =( NAMED_UNIT ( * ) PLANE_ANGLE_UNIT ( ) SI_UNIT ( $, .RADIAN. ) );
#94 = SURFACE_SIDE_STYLE ('',( #1127 ) ) ;
#95 = VECTOR ( 'NONE', #426, 1000.000000000000114 ) ;
#96 = ADVANCED_FACE ( 'NONE', ( #1233 ), #3391, .T. ) ;
#97 = EDGE_CURVE ( 'NONE', #50, #1126, #1256, .T. ) ;
#98 = PRESENTATION_STYLE_ASSIGNMENT (( #2665 ) ) ;
#99 = PRESENTATION_LAYER_ASSIGNMENT (  '', '', ( #1095 ) ) ;
#100 = ORIENTED_EDGE ( 'NONE', *, *, #1639, .T. ) ;
#101 = UNCERTAINTY_MEASURE_WITH_UNIT (LENGTH_MEASURE( 1.000000000000000082E-05 ), #636, 'distance_accuracy_value', 'NONE');
#102 = PLANE ( 'NONE',  #4197 ) ;
#103 = EDGE_LOOP ( 'NONE', ( #2270, #346, #2683, #21 ) ) ;
#104 = PRESENTATION_LAYER_ASSIGNMENT (  '', '', ( #4529 ) ) ;
#105 = LINE ( 'NONE', #2625, #4297 ) ;
#106 = DIRECTION ( 'NONE',  ( 0.0000000000000000000, 1.000000000000000000, -0.0000000000000000000 ) ) ;
#107 = CARTESIAN_POINT ( 'NONE',  ( 2.219999961852999970, 0.1199999970199998184, -3.000000000000000000 ) ) ;
#108 = EDGE_LOOP ( 'NONE', ( #398, #2865, #3567, #1085 ) ) ;
#109 = UNCERTAINTY_MEASURE_WITH_UNIT (LENGTH_MEASURE( 1.000000000000000082E-05 ), #2592, 'distance_accuracy_value', 'NONE');
#110 = VERTEX_POINT ( 'NONE', #1961 ) ;
#111 =( NAMED_UNIT ( * ) PLANE_ANGLE_UNIT ( ) SI_UNIT ( $, .RADIAN. ) );
#112 = LINE ( 'NONE', #4169, #1952 ) ;
#113 = ORIENTED_EDGE ( 'NONE', *, *, #1006, .T. ) ;
#114 = CARTESIAN_POINT ( 'NONE',  ( 4.759999923706000224, 3.809999961852999384, 0.9499999999999999556 ) ) ;
#115 = SURFACE_SIDE_STYLE ('',( #3817 ) ) ;
#116 = CARTESIAN_POINT ( 'NONE',  ( 1.269999961853000015, 3.809999961852999828, 0.02500000000000000139 ) ) ;
#117 = ORIENTED_EDGE ( 'NONE', *, *, #4365, .T. ) ;
#118 =( LENGTH_UNIT ( ) NAMED_UNIT ( * ) SI_UNIT ( .MILLI., .METRE. ) );
#119 = ADVANCED_FACE ( 'NONE', ( #4190 ), #2732, .T. ) ;
#120 = ADVANCED_FACE ( 'NONE', ( #1655 ), #590, .T. ) ;
#121 = CARTESIAN_POINT ( 'NONE',  ( 1.269999961853000015, 3.809999961852999828, 0.02500000000000000139 ) ) ;
#122 =( NAMED_UNIT ( * ) PLANE_ANGLE_UNIT ( ) SI_UNIT ( $, .RADIAN. ) );
#123 =( GEOMETRIC_REPRESENTATION_CONTEXT ( 3 ) GLOBAL_UNCERTAINTY_ASSIGNED_CONTEXT ( ( #3792 ) ) GLOBAL_UNIT_ASSIGNED_CONTEXT ( ( #3455, #3408, #1534 ) ) REPRESENTATION_CONTEXT ( 'NONE', 'WORKASPACE' ) );
#124 = LINE ( 'NONE', #1673, #1754 ) ;
#125 = SURFACE_SIDE_STYLE ('',( #489 ) ) ;
#126 = CARTESIAN_POINT ( 'NONE',  ( 1.269999961852750658, 3.809999961853000272, 0.3250000119207507865 ) ) ;
#127 = EDGE_CURVE ( 'NONE', #4480, #1619, #2479, .T. ) ;
#128 = SURFACE_STYLE_FILL_AREA ( #2408 ) ;
#129 = CARTESIAN_POINT ( 'NONE',  ( 3.809999923706000047, 3.809999961852999828, 0.02500000000000000139 ) ) ;
#130 = CARTESIAN_POINT ( 'NONE',  ( -1.270000000000000018, 1.820000011921000027, 2.515000000000000124 ) ) ;
#131 = VERTEX_POINT ( 'NONE', #2783 ) ;
#132 = ORIENTED_EDGE ( 'NONE', *, *, #4571, .T. ) ;
#133 = CARTESIAN_POINT ( 'NONE',  ( 3.809999961852999828, 1.520000000000000018, 2.515000000000000124 ) ) ;
#134 = ORIENTED_EDGE ( 'NONE', *, *, #3661, .F. ) ;
#135 = PLANE ( 'NONE',  #8 ) ;
#136 = VECTOR ( 'NONE', #972, 1000.000000000000000 ) ;
#137 =( LENGTH_UNIT ( ) NAMED_UNIT ( * ) SI_UNIT ( .MILLI., .METRE. ) );
#138 = PLANE ( 'NONE',  #2228 ) ;
#139 = EDGE_LOOP ( 'NONE', ( #2743, #73, #1209, #2633 ) ) ;
#140 = SHAPE_REPRESENTATION_RELATIONSHIP ( 'NONE' , 'NONE' ,  #3830, #2192 ) ;
#141 = PRESENTATION_LAYER_ASSIGNMENT (  '', '', ( #4718 ) ) ;
#142 = SURFACE_STYLE_USAGE ( .BOTH. , #483 ) ;
#143 = PRESENTATION_LAYER_ASSIGNMENT (  '', '', ( #2134 ) ) ;
#144 = FACE_OUTER_BOUND ( 'NONE', #3904, .T. ) ;
#145 = EDGE_CURVE ( 'NONE', #3481, #3936, #567, .T. ) ;
#146 = DIRECTION ( 'NONE',  ( 0.0000000000000000000, -1.000000000000000000, -0.0000000000000000000 ) ) ;
#147 = EDGE_CURVE ( 'NONE', #1421, #1586, #3235, .T. ) ;
#148 = SURFACE_SIDE_STYLE ('',( #3178 ) ) ;
#149 = FILL_AREA_STYLE ('',( #3747 ) ) ;
#150 = SURFACE_SIDE_STYLE ('',( #2728 ) ) ;
#151 = VECTOR ( 'NONE', #1392, 1000.000000000000000 ) ;
#152 = STYLED_ITEM ( 'NONE', ( #4494 ), #4793 ) ;
#153 = CARTESIAN_POINT ( 'NONE',  ( 1.119999994040000058, 1.520000000000000018, 2.364999994040000164 ) ) ;
#154 = EDGE_CURVE ( 'NONE', #2587, #1877, #4358, .T. ) ;
#155 = VECTOR ( 'NONE', #652, 1000.000000000000000 ) ;
#156 = EDGE_CURVE ( 'NONE', #1493, #881, #4689, .T. ) ;
#157 =( GEOMETRIC_REPRESENTATION_CONTEXT ( 3 ) GLOBAL_UNCERTAINTY_ASSIGNED_CONTEXT ( ( #4193 ) ) GLOBAL_UNIT_ASSIGNED_CONTEXT ( ( #118, #873, #2016 ) ) REPRESENTATION_CONTEXT ( 'NONE', 'WORKASPACE' ) );
#158 = UNCERTAINTY_MEASURE_WITH_UNIT (LENGTH_MEASURE( 1.000000000000000082E-05 ), #1353, 'distance_accuracy_value', 'NONE');
#159 = AXIS2_PLACEMENT_3D ( 'NONE', #1497, #3779, #200 ) ;
#160 = COLOUR_RGB ( '',1.000000000000000000, 1.000000000000000000, 0.4980392156862745168 ) ;
#161 = VERTEX_POINT ( 'NONE', #2383 ) ;
#162 = LINE ( 'NONE', #1587, #4203 ) ;
#163 = COLOUR_RGB ( '',0.09411764705882352811, 0.09411764705882352811, 0.09411764705882352811 ) ;
#164 = LINE ( 'NONE', #2738, #2803 ) ;
#165 = ORIENTED_EDGE ( 'NONE', *, *, #2382, .F. ) ;
#166 = DIRECTION ( 'NONE',  ( -1.000000000000000000, -0.0000000000000000000, 0.0000000000000000000 ) ) ;
#167 = LINE ( 'NONE', #669, #3565 ) ;
#168 = VECTOR ( 'NONE', #1482, 1000.000000000000000 ) ;
#169 = CARTESIAN_POINT ( 'NONE',  ( 2.659999958873000114, 9.810000000000000497, 1.150000002979999936 ) ) ;
#170 = ORIENTED_EDGE ( 'NONE', *, *, #4622, .T. ) ;
#171 = PRESENTATION_LAYER_ASSIGNMENT (  '', '', ( #478 ) ) ;
#172 = AXIS2_PLACEMENT_3D ( 'NONE', #4778, #1432, #1052 ) ;
#173 = DIRECTION ( 'NONE',  ( -0.0000000000000000000, 1.000000000000000000, 0.0000000000000000000 ) ) ;
#174 =( NAMED_UNIT ( * ) PLANE_ANGLE_UNIT ( ) SI_UNIT ( $, .RADIAN. ) );
#175 = VERTEX_POINT ( 'NONE', #1354 ) ;
#176 = DIRECTION ( 'NONE',  ( 0.0000000000000000000, 1.000000000000000000, 1.609823385705999920E-15 ) ) ;
#177 = STYLED_ITEM ( 'NONE', ( #1999 ), #3596 ) ;
#178 = CARTESIAN_POINT ( 'NONE',  ( -0.3200000000000000067, 1.270000000000000018, -4.440892098500999885E-16 ) ) ;
#179 = CARTESIAN_POINT ( 'NONE',  ( 1.269999961852875003, 1.519999999999999130, 2.214999988079124904 ) ) ;
#180 =( NAMED_UNIT ( * ) SI_UNIT ( $, .STERADIAN. ) SOLID_ANGLE_UNIT ( ) );
#181 = LINE ( 'NONE', #2409, #3456 ) ;
#182 = ORIENTED_EDGE ( 'NONE', *, *, #4622, .F. ) ;
#183 = EDGE_CURVE ( 'NONE', #4394, #3139, #4306, .T. ) ;
#184 = EDGE_CURVE ( 'NONE', #2826, #3420, #1681, .T. ) ;
#185 = VERTEX_POINT ( 'NONE', #993 ) ;
#186 = VECTOR ( 'NONE', #2035, 1000.000000000000000 ) ;
#187 =( NAMED_UNIT ( * ) PLANE_ANGLE_UNIT ( ) SI_UNIT ( $, .RADIAN. ) );
#188 = SURFACE_STYLE_USAGE ( .BOTH. , #2835 ) ;
#189 = ORIENTED_EDGE ( 'NONE', *, *, #156, .F. ) ;
#190 = LINE ( 'NONE', #1588, #1579 ) ;
#191 = CARTESIAN_POINT ( 'NONE',  ( 1.119999994039998503, 3.809999961853000716, 0.1750000059600015367 ) ) ;
#192 = ORIENTED_EDGE ( 'NONE', *, *, #948, .T. ) ;
#193 = MECHANICAL_DESIGN_GEOMETRIC_PRESENTATION_REPRESENTATION (  '', ( #4076 ), #2647 ) ;
#194 = LINE ( 'NONE', #2745, #2215 ) ;
#195 = UNCERTAINTY_MEASURE_WITH_UNIT (LENGTH_MEASURE( 1.000000000000000082E-05 ), #3247, 'distance_accuracy_value', 'NONE');
#196 = PRESENTATION_LAYER_ASSIGNMENT (  '', '', ( #3128 ) ) ;
#197 = SURFACE_STYLE_FILL_AREA ( #875 ) ;
#198 =( NAMED_UNIT ( * ) PLANE_ANGLE_UNIT ( ) SI_UNIT ( $, .RADIAN. ) );
#199 = VECTOR ( 'NONE', #3938, 1000.000000000000000 ) ;
#200 = DIRECTION ( 'NONE',  ( 1.000000000000000000, 0.0000000000000000000, -0.0000000000000000000 ) ) ;
#201 = SURFACE_STYLE_USAGE ( .BOTH. , #4235 ) ;
#202 = ORIENTED_EDGE ( 'NONE', *, *, #1547, .F. ) ;
#203 = UNCERTAINTY_MEASURE_WITH_UNIT (LENGTH_MEASURE( 1.000000000000000082E-05 ), #1680, 'distance_accuracy_value', 'NONE');
#204 = ORIENTED_EDGE ( 'NONE', *, *, #206, .T. ) ;
#205 = CARTESIAN_POINT ( 'NONE',  ( 2.859999961853000094, 9.609999997019999185, 1.590000000000000080 ) ) ;
#206 = EDGE_CURVE ( 'NONE', #2960, #1611, #181, .T. ) ;
#207 = VECTOR ( 'NONE', #1691, 1000.000000000000000 ) ;
#208 = CARTESIAN_POINT ( 'NONE',  ( -1.270000000000000018, 1.519999999999996909, 2.214999988079000115 ) ) ;
#209 = ORIENTED_EDGE ( 'NONE', *, *, #2412, .T. ) ;
#210 = PRESENTATION_STYLE_ASSIGNMENT (( #984 ) ) ;
#211 = COLOUR_RGB ( '',0.09411764705882352811, 0.09411764705882352811, 0.09411764705882352811 ) ;
#212 = SURFACE_STYLE_FILL_AREA ( #985 ) ;
#213 = PLANE ( 'NONE',  #3625 ) ;
#214 = SURFACE_STYLE_FILL_AREA ( #3892 ) ;
#215 = AXIS2_PLACEMENT_3D ( 'NONE', #4547, #1220, #1874 ) ;
#216 =( NAMED_UNIT ( * ) SI_UNIT ( $, .STERADIAN. ) SOLID_ANGLE_UNIT ( ) );
#217 =( NAMED_UNIT ( * ) SI_UNIT ( $, .STERADIAN. ) SOLID_ANGLE_UNIT ( ) );
#218 =( NAMED_UNIT ( * ) PLANE_ANGLE_UNIT ( ) SI_UNIT ( $, .RADIAN. ) );
#219 = DIRECTION ( 'NONE',  ( 1.000000000000000000, 0.0000000000000000000, -0.0000000000000000000 ) ) ;
#220 = CARTESIAN_POINT ( 'NONE',  ( 2.859999961853000094, 3.809999961852999828, 0.9499999999999999556 ) ) ;
#221 = COLOUR_RGB ( '',1.000000000000000000, 1.000000000000000000, 0.4980392156862745168 ) ;
#222 = ORIENTED_EDGE ( 'NONE', *, *, #4273, .T. ) ;
#223 =( GEOMETRIC_REPRESENTATION_CONTEXT ( 3 ) GLOBAL_UNCERTAINTY_ASSIGNED_CONTEXT ( ( #275 ) ) GLOBAL_UNIT_ASSIGNED_CONTEXT ( ( #2822, #893, #3859 ) ) REPRESENTATION_CONTEXT ( 'NONE', 'WORKASPACE' ) );
#224 = VERTEX_POINT ( 'NONE', #1276 ) ;
#225 = CARTESIAN_POINT ( 'NONE',  ( 2.219999961852999970, 3.809999961852999828, 0.9499999999999999556 ) ) ;
#226 = AXIS2_PLACEMENT_3D ( 'NONE', #2501, #2916, #3646 ) ;
#227 = STYLED_ITEM ( 'NONE', ( #448 ), #1518 ) ;
#228 = DIRECTION ( 'NONE',  ( 0.0000000000000000000, 0.0000000000000000000, 1.000000000000000000 ) ) ;
#229 = ORIENTED_EDGE ( 'NONE', *, *, #4248, .F. ) ;
#230 = PRODUCT_CONTEXT ( 'NONE', #276, 'mechanical' ) ;
#232 = UNCERTAINTY_MEASURE_WITH_UNIT (LENGTH_MEASURE( 1.000000000000000082E-05 ), #804, 'distance_accuracy_value', 'NONE');
#231 = VECTOR ( 'NONE', #3353, 1000.000000000000000 ) ;
#233 = EDGE_CURVE ( 'NONE', #4707, #574, #3942, .T. ) ;
#234 = EDGE_CURVE ( 'NONE', #1054, #3439, #4253, .T. ) ;
#235 = VECTOR ( 'NONE', #1839, 1000.000000000000000 ) ;
#236 = DIRECTION ( 'NONE',  ( 0.0000000000000000000, 1.000000000000000000, -0.0000000000000000000 ) ) ;
#237 = ORIENTED_EDGE ( 'NONE', *, *, #913, .T. ) ;
#238 = CARTESIAN_POINT ( 'NONE',  ( 4.759999923706000224, -0.1199999970200000127, -3.000000000000000000 ) ) ;
#239 =( NAMED_UNIT ( * ) PLANE_ANGLE_UNIT ( ) SI_UNIT ( $, .RADIAN. ) );
#240 =( NAMED_UNIT ( * ) PLANE_ANGLE_UNIT ( ) SI_UNIT ( $, .RADIAN. ) );
#241 = MANIFOLD_SOLID_BREP ( 'Imported1', #3997 ) ;
#242 = PRESENTATION_STYLE_ASSIGNMENT (( #4356 ) ) ;
#243 = DIRECTION ( 'NONE',  ( -1.000000000000000000, 0.0000000000000000000, -0.0000000000000000000 ) ) ;
#244 = FILL_AREA_STYLE ('',( #3575 ) ) ;
#245 = SURFACE_STYLE_USAGE ( .BOTH. , #3577 ) ;
#246 =( GEOMETRIC_REPRESENTATION_CONTEXT ( 3 ) GLOBAL_UNCERTAINTY_ASSIGNED_CONTEXT ( ( #4385 ) ) GLOBAL_UNIT_ASSIGNED_CONTEXT ( ( #4387, #2834, #3319 ) ) REPRESENTATION_CONTEXT ( 'NONE', 'WORKASPACE' ) );
#247 = LINE ( 'NONE', #1708, #3741 ) ;
#248 = CYLINDRICAL_SURFACE ( 'NONE', #861, 1.590000000000000080 ) ;
#249 = LINE ( 'NONE', #1689, #4218 ) ;
#250 = ORIENTED_EDGE ( 'NONE', *, *, #4103, .T. ) ;
#251 = LINE ( 'NONE', #3241, #437 ) ;
#252 = PRESENTATION_LAYER_ASSIGNMENT (  '', '', ( #1707 ) ) ;
#253 = SURFACE_STYLE_FILL_AREA ( #2394 ) ;
#254 = ORIENTED_EDGE ( 'NONE', *, *, #2650, .T. ) ;
#255 = ORIENTED_EDGE ( 'NONE', *, *, #2741, .F. ) ;
#256 = AXIS2_PLACEMENT_3D ( 'NONE', #2528, #1021, #3995 ) ;
#257 = ORIENTED_EDGE ( 'NONE', *, *, #4080, .T. ) ;
#258 = ADVANCED_FACE ( 'NONE', ( #3576 ), #2189, .T. ) ;
#259 = DIRECTION ( 'NONE',  ( -0.0000000000000000000, -0.0000000000000000000, 1.000000000000000000 ) ) ;
#260 = ADVANCED_FACE ( 'NONE', ( #3371 ), #717, .T. ) ;
#261 = SURFACE_STYLE_FILL_AREA ( #1372 ) ;
#262 = COLOUR_RGB ( '',0.09411764705882352811, 0.09411764705882352811, 0.09411764705882352811 ) ;
#263 = CARTESIAN_POINT ( 'NONE',  ( 5.399999923705999905, 0.3200000000000000067, -4.388850394221508810E-16 ) ) ;
#264 =( NAMED_UNIT ( * ) SI_UNIT ( $, .STERADIAN. ) SOLID_ANGLE_UNIT ( ) );
#265 = SURFACE_STYLE_USAGE ( .BOTH. , #3996 ) ;
#266 =( NAMED_UNIT ( * ) SI_UNIT ( $, .STERADIAN. ) SOLID_ANGLE_UNIT ( ) );
#267 = LINE ( 'NONE', #3289, #3506 ) ;
#268 = PLANE ( 'NONE',  #2386 ) ;
#269 =( NAMED_UNIT ( * ) PLANE_ANGLE_UNIT ( ) SI_UNIT ( $, .RADIAN. ) );
#270 = SURFACE_SIDE_STYLE ('',( #2814 ) ) ;
#271 = PRESENTATION_STYLE_ASSIGNMENT (( #3882 ) ) ;
#272 = LINE ( 'NONE', #1693, #4650 ) ;
#273 = VERTEX_POINT ( 'NONE', #4594 ) ;
#274 = APPLICATION_PROTOCOL_DEFINITION ( 'draft international standard', 'automotive_design', 1998, #2334 ) ;
#275 = UNCERTAINTY_MEASURE_WITH_UNIT (LENGTH_MEASURE( 1.000000000000000082E-05 ), #2822, 'distance_accuracy_value', 'NONE');
#276 = APPLICATION_CONTEXT ( 'automotive_design' ) ;
#277 = PRESENTATION_STYLE_ASSIGNMENT (( #3935 ) ) ;
#278 = ORIENTED_EDGE ( 'NONE', *, *, #3112, .F. ) ;
#279 = SURFACE_STYLE_FILL_AREA ( #4036 ) ;
#280 = DIRECTION ( 'NONE',  ( 0.0000000000000000000, 1.000000000000000000, 1.332267629549999902E-15 ) ) ;
#281 = STYLED_ITEM ( 'NONE', ( #4792 ), #472 ) ;
#282 = PLANE ( 'NONE',  #2523 ) ;
#283 = PRESENTATION_LAYER_ASSIGNMENT (  '', '', ( #3469 ) ) ;
#284 = LINE ( 'NONE', #2886, #2854 ) ;
#285 =( NAMED_UNIT ( * ) PLANE_ANGLE_UNIT ( ) SI_UNIT ( $, .RADIAN. ) );
#286 = PLANE ( 'NONE',  #256 ) ;
#287 = FILL_AREA_STYLE ('',( #3970 ) ) ;
#288 = FILL_AREA_STYLE_COLOUR ( '', #2837 ) ;
#289 = STYLED_ITEM ( 'NONE', ( #3432 ), #1061 ) ;
#290 = LINE ( 'NONE', #4243, #2689 ) ;
#291 = UNCERTAINTY_MEASURE_WITH_UNIT (LENGTH_MEASURE( 1.000000000000000082E-05 ), #4040, 'distance_accuracy_value', 'NONE');
#292 = ADVANCED_FACE ( 'NONE', ( #3846 ), #1900, .T. ) ;
#293 = ADVANCED_FACE ( 'NONE', ( #3031 ), #4208, .T. ) ;
#294 = COLOUR_RGB ( '',1.000000000000000000, 1.000000000000000000, 0.4980392156862745168 ) ;
#295 = LINE ( 'NONE', #4413, #1408 ) ;
#296 = SURFACE_SIDE_STYLE ('',( #368 ) ) ;
#297 = DIRECTION ( 'NONE',  ( 0.0000000000000000000, -1.609823385705999920E-15, 1.000000000000000000 ) ) ;
#298 = ORIENTED_EDGE ( 'NONE', *, *, #4074, .F. ) ;
#299 = CARTESIAN_POINT ( 'NONE',  ( 3.809999923706000047, 1.520000000000000018, 2.214999988079000115 ) ) ;
#300 = AXIS2_PLACEMENT_3D ( 'NONE', #308, #4446, #3710 ) ;
#301 = VECTOR ( 'NONE', #1725, 1000.000000000000000 ) ;
#302 =( LENGTH_UNIT ( ) NAMED_UNIT ( * ) SI_UNIT ( .MILLI., .METRE. ) );
#303 = ORIENTED_EDGE ( 'NONE', *, *, #1609, .F. ) ;
#304 = LINE ( 'NONE', #2992, #235 ) ;
#305 = AXIS2_PLACEMENT_3D ( 'NONE', #2635, #588, #921 ) ;
#306 = STYLED_ITEM ( 'NONE', ( #4643 ), #1728 ) ;
#307 = ORIENTED_EDGE ( 'NONE', *, *, #918, .T. ) ;
#308 = CARTESIAN_POINT ( 'NONE',  ( 4.759999923706000224, 9.709999998510001618, 1.050000001489999946 ) ) ;
#309 = PRESENTATION_LAYER_ASSIGNMENT (  '', '', ( #2376 ) ) ;
#310 = FILL_AREA_STYLE ('',( #3279 ) ) ;
#311 = LINE ( 'NONE', #1774, #1842 ) ;
#312 = ORIENTED_EDGE ( 'NONE', *, *, #3498, .T. ) ;
#313 = AXIS2_PLACEMENT_3D ( 'NONE', #964, #236, #2908 ) ;
#314 = LINE ( 'NONE', #1776, #4495 ) ;
#315 = LINE ( 'NONE', #3617, #1657 ) ;
#316 = MECHANICAL_DESIGN_GEOMETRIC_PRESENTATION_REPRESENTATION (  '', ( #2379 ), #920 ) ;
#317 = PRESENTATION_LAYER_ASSIGNMENT (  '', '', ( #1688 ) ) ;
#318 = CARTESIAN_POINT ( 'NONE',  ( -0.3200000000000000067, 1.270000000000000018, 1.590000000000000080 ) ) ;
#319 = CARTESIAN_POINT ( 'NONE',  ( 5.399999923705999905, 0.3199999999999999512, -2.799999997020000020 ) ) ;
#320 = VECTOR ( 'NONE', #67, 1000.000000000000000 ) ;
#321 = EDGE_LOOP ( 'NONE', ( #2317, #2656, #2610, #580 ) ) ;
#322 = SURFACE_SIDE_STYLE ('',( #724 ) ) ;
#323 = CARTESIAN_POINT ( 'NONE',  ( 3.509999949932248953, 3.809999961853000272, 0.02499999999975151613 ) ) ;
#324 = EDGE_CURVE ( 'NONE', #734, #3739, #787, .T. ) ;
#325 = ORIENTED_EDGE ( 'NONE', *, *, #3237, .T. ) ;
#326 =( NAMED_UNIT ( * ) SI_UNIT ( $, .STERADIAN. ) SOLID_ANGLE_UNIT ( ) );
#327 = VERTEX_POINT ( 'NONE', #61 ) ;
#328 = PRESENTATION_LAYER_ASSIGNMENT (  '', '', ( #645 ) ) ;
#329 = CARTESIAN_POINT ( 'NONE',  ( 2.219999961852999970, 9.609999997019999185, 1.590000000000000080 ) ) ;
#330 = ORIENTED_EDGE ( 'NONE', *, *, #632, .F. ) ;
#331 = CARTESIAN_POINT ( 'NONE',  ( 0.0000000000000000000, 0.0000000000000000000, 0.0000000000000000000 ) ) ;
#332 = EDGE_CURVE ( 'NONE', #1194, #4700, #1509, .T. ) ;
#333 = PRESENTATION_STYLE_ASSIGNMENT (( #3613 ) ) ;
#334 = UNCERTAINTY_MEASURE_WITH_UNIT (LENGTH_MEASURE( 1.000000000000000082E-05 ), #1618, 'distance_accuracy_value', 'NONE');
#335 = AXIS2_PLACEMENT_3D ( 'NONE', #3675, #2502, #613 ) ;
#336 = DIRECTION ( 'NONE',  ( -1.000000000000000000, 0.0000000000000000000, 0.0000000000000000000 ) ) ;
#337 = ORIENTED_EDGE ( 'NONE', *, *, #3844, .T. ) ;
#338 =( GEOMETRIC_REPRESENTATION_CONTEXT ( 3 ) GLOBAL_UNCERTAINTY_ASSIGNED_CONTEXT ( ( #3160 ) ) GLOBAL_UNIT_ASSIGNED_CONTEXT ( ( #3605, #269, #4024 ) ) REPRESENTATION_CONTEXT ( 'NONE', 'WORKASPACE' ) );
#339 = FILL_AREA_STYLE_COLOUR ( '', #1507 ) ;
#340 = CARTESIAN_POINT ( 'NONE',  ( 2.219999961852999970, 1.820000011921000249, 1.590000000000000080 ) ) ;
#341 =( NAMED_UNIT ( * ) PLANE_ANGLE_UNIT ( ) SI_UNIT ( $, .RADIAN. ) );
#342 = VECTOR ( 'NONE', #2856, 1000.000000000000000 ) ;
#343 = CARTESIAN_POINT ( 'NONE',  ( 0.3200000000000000067, 1.270000000000000018, -4.440892098500999885E-16 ) ) ;
#344 =( NAMED_UNIT ( * ) SI_UNIT ( $, .STERADIAN. ) SOLID_ANGLE_UNIT ( ) );
#345 = DIRECTION ( 'NONE',  ( -0.0000000000000000000, -1.000000000000000000, 0.0000000000000000000 ) ) ;
#346 = ORIENTED_EDGE ( 'NONE', *, *, #1187, .T. ) ;
#347 = UNCERTAINTY_MEASURE_WITH_UNIT (LENGTH_MEASURE( 1.000000000000000082E-05 ), #2694, 'distance_accuracy_value', 'NONE');
#348 =( LENGTH_UNIT ( ) NAMED_UNIT ( * ) SI_UNIT ( .MILLI., .METRE. ) );
#349 = FILL_AREA_STYLE_COLOUR ( '', #1489 ) ;
#350 = DIRECTION ( 'NONE',  ( -0.7071067811865475727, -0.7071067811865475727, 0.0000000000000000000 ) ) ;
#351 = MANIFOLD_SOLID_BREP ( 'Imported3', #2182 ) ;
#352 = EDGE_CURVE ( 'NONE', #4781, #1421, #3539, .T. ) ;
#353 =( GEOMETRIC_REPRESENTATION_CONTEXT ( 3 ) GLOBAL_UNCERTAINTY_ASSIGNED_CONTEXT ( ( #4525 ) ) GLOBAL_UNIT_ASSIGNED_CONTEXT ( ( #3340, #3723, #1405 ) ) REPRESENTATION_CONTEXT ( 'NONE', 'WORKASPACE' ) );
#354 = LINE ( 'NONE', #2585, #471 ) ;
#355 = ORIENTED_EDGE ( 'NONE', *, *, #1495, .T. ) ;
#356 = SURFACE_STYLE_FILL_AREA ( #1032 ) ;
#357 = EDGE_CURVE ( 'NONE', #3884, #4199, #4501, .T. ) ;
#358 = LINE ( 'NONE', #38, #3888 ) ;
#359 = ORIENTED_EDGE ( 'NONE', *, *, #3754, .T. ) ;
#360 = PLANE ( 'NONE',  #1161 ) ;
#361 = MECHANICAL_DESIGN_GEOMETRIC_PRESENTATION_REPRESENTATION (  '', ( #1739 ), #828 ) ;
#362 = FILL_AREA_STYLE_COLOUR ( '', #4461 ) ;
#363 = SURFACE_STYLE_USAGE ( .BOTH. , #2529 ) ;
#364 = DIRECTION ( 'NONE',  ( -0.7071067811865474617, 0.0000000000000000000, 0.7071067811865474617 ) ) ;
#365 = ORIENTED_EDGE ( 'NONE', *, *, #1552, .F. ) ;
#366 = PLANE ( 'NONE',  #2470 ) ;
#367 =( NAMED_UNIT ( * ) SI_UNIT ( $, .STERADIAN. ) SOLID_ANGLE_UNIT ( ) );
#368 = SURFACE_STYLE_FILL_AREA ( #1472 ) ;
#369 =( NAMED_UNIT ( * ) SI_UNIT ( $, .STERADIAN. ) SOLID_ANGLE_UNIT ( ) );
#370 = VECTOR ( 'NONE', #3724, 1000.000000000000114 ) ;
#371 = SURFACE_STYLE_FILL_AREA ( #3378 ) ;
#372 = DIRECTION ( 'NONE',  ( -0.0000000000000000000, -1.000000000000000000, -0.0000000000000000000 ) ) ;
#373 = ORIENTED_EDGE ( 'NONE', *, *, #1034, .T. ) ;
#374 = CARTESIAN_POINT ( 'NONE',  ( 2.859999961853000094, 1.270000000000000018, 0.9499999999999997335 ) ) ;
#375 = ORIENTED_EDGE ( 'NONE', *, *, #757, .T. ) ;
#376 = AXIS2_PLACEMENT_3D ( 'NONE', #3227, #555, #3512 ) ;
#377 = CARTESIAN_POINT ( 'NONE',  ( 1.269999961852499970, 1.520000000000000018, 0.3250000119205000426 ) ) ;
#378 = VECTOR ( 'NONE', #2910, 1000.000000000000000 ) ;
#379 = UNCERTAINTY_MEASURE_WITH_UNIT (LENGTH_MEASURE( 1.000000000000000082E-05 ), #3032, 'distance_accuracy_value', 'NONE');
#380 = VECTOR ( 'NONE', #372, 1000.000000000000000 ) ;
#381 = VERTEX_POINT ( 'NONE', #4631 ) ;
#382 =( NAMED_UNIT ( * ) PLANE_ANGLE_UNIT ( ) SI_UNIT ( $, .RADIAN. ) );
#383 = PLANE ( 'NONE',  #215 ) ;
#384 = EDGE_CURVE ( 'NONE', #1158, #1974, #3495, .T. ) ;
#385 = EDGE_CURVE ( 'NONE', #1173, #1942, #3149, .T. ) ;
#386 = VECTOR ( 'NONE', #4741, 1000.000000000000000 ) ;
#387 = PRESENTATION_STYLE_ASSIGNMENT (( #2593 ) ) ;
#388 = COLOUR_RGB ( '',0.09411764705882352811, 0.09411764705882352811, 0.09411764705882352811 ) ;
#389 = MECHANICAL_DESIGN_GEOMETRIC_PRESENTATION_REPRESENTATION (  '', ( #1089 ), #3816 ) ;
#390 =( NAMED_UNIT ( * ) SI_UNIT ( $, .STERADIAN. ) SOLID_ANGLE_UNIT ( ) );
#391 = DIRECTION ( 'NONE',  ( -0.5773502691896257311, 0.5773502691896258421, 0.5773502691896257311 ) ) ;
#392 = ORIENTED_EDGE ( 'NONE', *, *, #3277, .T. ) ;
#393 = STYLED_ITEM ( 'NONE', ( #4483 ), #2230 ) ;
#394 = FACE_OUTER_BOUND ( 'NONE', #815, .T. ) ;
#395 = MECHANICAL_DESIGN_GEOMETRIC_PRESENTATION_REPRESENTATION (  '', ( #4519 ), #1849 ) ;
#396 = CARTESIAN_POINT ( 'NONE',  ( 2.219999961852999970, 1.270000000000000018, 0.9499999999999997335 ) ) ;
#397 = FILL_AREA_STYLE_COLOUR ( '', #581 ) ;
#398 = ORIENTED_EDGE ( 'NONE', *, *, #3743, .F. ) ;
#399 = VECTOR ( 'NONE', #4801, 1000.000000000000000 ) ;
#400 = CARTESIAN_POINT ( 'NONE',  ( 4.109999935627000056, 1.519999999999998241, 2.514999999999999680 ) ) ;
#401 = ORIENTED_EDGE ( 'NONE', *, *, #1697, .F. ) ;
#402 = EDGE_LOOP ( 'NONE', ( #60, #910, #3306, #3783 ) ) ;
#403 = AXIS2_PLACEMENT_3D ( 'NONE', #178, #829, #1580 ) ;
#404 = DIRECTION ( 'NONE',  ( -1.000000000000000000, 0.0000000000000000000, 0.0000000000000000000 ) ) ;
#405 =( LENGTH_UNIT ( ) NAMED_UNIT ( * ) SI_UNIT ( .MILLI., .METRE. ) );
#406 = ORIENTED_EDGE ( 'NONE', *, *, #4488, .T. ) ;
#407 = CARTESIAN_POINT ( 'NONE',  ( -1.270000000000125251, 1.520000000000000018, 0.3250000119208749649 ) ) ;
#408 = FILL_AREA_STYLE ('',( #2669 ) ) ;
#409 =( GEOMETRIC_REPRESENTATION_CONTEXT ( 3 ) GLOBAL_UNCERTAINTY_ASSIGNED_CONTEXT ( ( #4775 ) ) GLOBAL_UNIT_ASSIGNED_CONTEXT ( ( #3499, #2807, #180 ) ) REPRESENTATION_CONTEXT ( 'NONE', 'WORKASPACE' ) );
#410 = SURFACE_SIDE_STYLE ('',( #3337 ) ) ;
#411 = EDGE_CURVE ( 'NONE', #3676, #3523, #2449, .T. ) ;
#412 = DIRECTION ( 'NONE',  ( 0.0000000000000000000, 1.609823385705999920E-15, -1.000000000000000000 ) ) ;
#413 = ORIENTED_EDGE ( 'NONE', *, *, #3754, .F. ) ;
#414 = ORIENTED_EDGE ( 'NONE', *, *, #1527, .F. ) ;
#415 = FILL_AREA_STYLE_COLOUR ( '', #3290 ) ;
#416 = CARTESIAN_POINT ( 'NONE',  ( 5.299999922216000137, 9.709999998510001618, 0.9499999999999999556 ) ) ;
#417 = ORIENTED_EDGE ( 'NONE', *, *, #3712, .T. ) ;
#418 = ADVANCED_BREP_SHAPE_REPRESENTATION ( '', ( #1968, #1943, #351, #3256 ), #4644 ) ;
#419 = COLOUR_RGB ( '',0.09411764705882352811, 0.09411764705882352811, 0.09411764705882352811 ) ;
#420 = ADVANCED_FACE ( 'NONE', ( #3229 ), #213, .T. ) ;
#421 = PLANE ( 'NONE',  #36 ) ;
#422 = FILL_AREA_STYLE_COLOUR ( '', #3377 ) ;
#423 = FILL_AREA_STYLE_COLOUR ( '', #502 ) ;
#424 = ORIENTED_EDGE ( 'NONE', *, *, #3072, .T. ) ;
#425 = ORIENTED_EDGE ( 'NONE', *, *, #3446, .F. ) ;
#426 = DIRECTION ( 'NONE',  ( -0.7071067811865474617, -0.0000000000000000000, 0.7071067811865474617 ) ) ;
#427 = ORIENTED_EDGE ( 'NONE', *, *, #2583, .F. ) ;
#428 = SURFACE_STYLE_USAGE ( .BOTH. , #2247 ) ;
#429 = AXIS2_PLACEMENT_3D ( 'NONE', #2966, #2889, #3649 ) ;
#430 = DIRECTION ( 'NONE',  ( 0.0000000000000000000, -0.7071067811865474617, -0.7071067811865474617 ) ) ;
#431 = EDGE_LOOP ( 'NONE', ( #2218, #2758, #4261, #1912 ) ) ;
#432 = CARTESIAN_POINT ( 'NONE',  ( 0.1199999970200002347, 0.1199999970199998461, -3.000000000000000444 ) ) ;
#433 = CARTESIAN_POINT ( 'NONE',  ( -1.270000000000000018, 1.520000000000000018, 0.02500000000000000139 ) ) ;
#434 =( NAMED_UNIT ( * ) PLANE_ANGLE_UNIT ( ) SI_UNIT ( $, .RADIAN. ) );
#435 = SURFACE_SIDE_STYLE ('',( #1976 ) ) ;
#436 = SURFACE_STYLE_FILL_AREA ( #3770 ) ;
#437 = VECTOR ( 'NONE', #2897, 1000.000000000000000 ) ;
#438 = SURFACE_SIDE_STYLE ('',( #3679 ) ) ;
#439 = DIRECTION ( 'NONE',  ( -0.5773502691896270633, 0.5773502691896257311, -0.5773502691896246208 ) ) ;
#440 = CARTESIAN_POINT ( 'NONE',  ( 2.219999961852999970, 3.809999961852999828, 1.590000000000000080 ) ) ;
#441 = AXIS2_PLACEMENT_3D ( 'NONE', #299, #620, #2080 ) ;
#442 = ORIENTED_EDGE ( 'NONE', *, *, #1797, .F. ) ;
#443 = EDGE_CURVE ( 'NONE', #4228, #4785, #3179, .T. ) ;
#444 = CARTESIAN_POINT ( 'NONE',  ( 1.269999961853000015, 1.519999999999996909, 2.214999988079000115 ) ) ;
#445 =( NAMED_UNIT ( * ) PLANE_ANGLE_UNIT ( ) SI_UNIT ( $, .RADIAN. ) );
#446 = DIRECTION ( 'NONE',  ( 0.7071067811865474617, 0.0000000000000000000, 0.7071067811865474617 ) ) ;
#447 = VERTEX_POINT ( 'NONE', #2748 ) ;
#448 = PRESENTATION_STYLE_ASSIGNMENT (( #428 ) ) ;
#449 =( GEOMETRIC_REPRESENTATION_CONTEXT ( 3 ) GLOBAL_UNCERTAINTY_ASSIGNED_CONTEXT ( ( #2657 ) ) GLOBAL_UNIT_ASSIGNED_CONTEXT ( ( #4690, #1355, #266 ) ) REPRESENTATION_CONTEXT ( 'NONE', 'WORKASPACE' ) );
#450 = PRESENTATION_STYLE_ASSIGNMENT (( #890 ) ) ;
#451 =( NAMED_UNIT ( * ) PLANE_ANGLE_UNIT ( ) SI_UNIT ( $, .RADIAN. ) );
#452 = COLOUR_RGB ( '',0.09411764705882352811, 0.09411764705882352811, 0.09411764705882352811 ) ;
#453 = ORIENTED_EDGE ( 'NONE', *, *, #127, .F. ) ;
#454 = VECTOR ( 'NONE', #4765, 1000.000000000000000 ) ;
#455 = SURFACE_STYLE_FILL_AREA ( #3789 ) ;
#456 = CARTESIAN_POINT ( 'NONE',  ( 4.959999926685999760, 9.810000000000000497, 1.389999997019999878 ) ) ;
#457 = DIRECTION ( 'NONE',  ( 1.000000000000000000, -0.0000000000000000000, 0.0000000000000000000 ) ) ;
#458 =( LENGTH_UNIT ( ) NAMED_UNIT ( * ) SI_UNIT ( .MILLI., .METRE. ) );
#459 = ORIENTED_EDGE ( 'NONE', *, *, #2969, .F. ) ;
#460 = VECTOR ( 'NONE', #744, 1000.000000000000000 ) ;
#461 = PRESENTATION_STYLE_ASSIGNMENT (( #3370 ) ) ;
#462 = MECHANICAL_DESIGN_GEOMETRIC_PRESENTATION_REPRESENTATION (  '', ( #227 ), #2949 ) ;
#463 = LINE ( 'NONE', #3826, #3246 ) ;
#464 =( GEOMETRIC_REPRESENTATION_CONTEXT ( 3 ) GLOBAL_UNCERTAINTY_ASSIGNED_CONTEXT ( ( #347 ) ) GLOBAL_UNIT_ASSIGNED_CONTEXT ( ( #2694, #2301, #1271 ) ) REPRESENTATION_CONTEXT ( 'NONE', 'WORKASPACE' ) );
#465 = STYLED_ITEM ( 'NONE', ( #4180 ), #2565 ) ;
#466 = AXIS2_PLACEMENT_3D ( 'NONE', #2524, #2595, #4452 ) ;
#467 =( LENGTH_UNIT ( ) NAMED_UNIT ( * ) SI_UNIT ( .MILLI., .METRE. ) );
#468 = SURFACE_STYLE_USAGE ( .BOTH. , #3775 ) ;
#469 = COLOUR_RGB ( '',1.000000000000000000, 1.000000000000000000, 0.4980392156862745168 ) ;
#470 = ORIENTED_EDGE ( 'NONE', *, *, #2032, .T. ) ;
#471 = VECTOR ( 'NONE', #4486, 1000.000000000000114 ) ;
#473 = VERTEX_POINT ( 'NONE', #1423 ) ;
#472 = ADVANCED_FACE ( 'NONE', ( #3891 ), #4275, .F. ) ;
#474 = LINE ( 'NONE', #2337, #2232 ) ;
#475 = EDGE_CURVE ( 'NONE', #1667, #3615, #3785, .T. ) ;
#476 = VERTEX_POINT ( 'NONE', #2160 ) ;
#477 = SURFACE_SIDE_STYLE ('',( #3856 ) ) ;
#478 = STYLED_ITEM ( 'NONE', ( #4259 ), #3232 ) ;
#479 =( NAMED_UNIT ( * ) PLANE_ANGLE_UNIT ( ) SI_UNIT ( $, .RADIAN. ) );
#480 = FACE_OUTER_BOUND ( 'NONE', #4585, .T. ) ;
#481 = ADVANCED_FACE ( 'NONE', ( #1371 ), #1175, .T. ) ;
#482 = ORIENTED_EDGE ( 'NONE', *, *, #97, .F. ) ;
#483 = SURFACE_SIDE_STYLE ('',( #3843 ) ) ;
#484 = MECHANICAL_DESIGN_GEOMETRIC_PRESENTATION_REPRESENTATION (  '', ( #4752 ), #1617 ) ;
#485 = PLANE ( 'NONE',  #1927 ) ;
#486 = LINE ( 'NONE', #1956, #2860 ) ;
#487 = ORIENTED_EDGE ( 'NONE', *, *, #1206, .T. ) ;
#488 = DIRECTION ( 'NONE',  ( -0.0000000000000000000, 1.000000000000000000, 1.510616709811000052E-15 ) ) ;
#489 = SURFACE_STYLE_FILL_AREA ( #149 ) ;
#490 = CARTESIAN_POINT ( 'NONE',  ( 6.349999923706500127, 1.520000000000000018, 2.214999988079499715 ) ) ;
#491 = DIRECTION ( 'NONE',  ( 0.0000000000000000000, 0.0000000000000000000, 1.000000000000000000 ) ) ;
#492 = FILL_AREA_STYLE ('',( #422 ) ) ;
#493 =( NAMED_UNIT ( * ) PLANE_ANGLE_UNIT ( ) SI_UNIT ( $, .RADIAN. ) );
#494 = VECTOR ( 'NONE', #3113, 1000.000000000000114 ) ;
#495 =( NAMED_UNIT ( * ) SI_UNIT ( $, .STERADIAN. ) SOLID_ANGLE_UNIT ( ) );
#496 = UNCERTAINTY_MEASURE_WITH_UNIT (LENGTH_MEASURE( 1.000000000000000082E-05 ), #3320, 'distance_accuracy_value', 'NONE');
#497 = PRESENTATION_LAYER_ASSIGNMENT (  '', '', ( #3912 ) ) ;
#498 = ORIENTED_EDGE ( 'NONE', *, *, #2942, .F. ) ;
#499 = CARTESIAN_POINT ( 'NONE',  ( 5.399999923705999905, 1.820000011921000693, 0.9499999999999992895 ) ) ;
#500 = CARTESIAN_POINT ( 'NONE',  ( 1.269999961853000015, 1.520000000000000018, 0.02500000000000000139 ) ) ;
#501 = ORIENTED_EDGE ( 'NONE', *, *, #2111, .F. ) ;
#502 = COLOUR_RGB ( '',1.000000000000000000, 1.000000000000000000, 0.4980392156862745168 ) ;
#503 = DIRECTION ( 'NONE',  ( 0.0000000000000000000, -0.0000000000000000000, 1.000000000000000000 ) ) ;
#504 = EDGE_CURVE ( 'NONE', #1280, #619, #315, .T. ) ;
#505 = FACE_OUTER_BOUND ( 'NONE', #3380, .T. ) ;
#506 = COLOUR_RGB ( '',0.09411764705882352811, 0.09411764705882352811, 0.09411764705882352811 ) ;
#507 =( NAMED_UNIT ( * ) SI_UNIT ( $, .STERADIAN. ) SOLID_ANGLE_UNIT ( ) );
#508 = EDGE_LOOP ( 'NONE', ( #1278, #1453, #3788, #3382 ) ) ;
#509 = SURFACE_STYLE_FILL_AREA ( #408 ) ;
#510 = EDGE_CURVE ( 'NONE', #1564, #849, #1398, .T. ) ;
#511 = EDGE_CURVE ( 'NONE', #50, #3874, #4376, .T. ) ;
#512 = LINE ( 'NONE', #4566, #710 ) ;
#513 = VERTEX_POINT ( 'NONE', #4766 ) ;
#514 = MECHANICAL_DESIGN_GEOMETRIC_PRESENTATION_REPRESENTATION (  '', ( #4086 ), #2045 ) ;
#515 = PRESENTATION_STYLE_ASSIGNMENT (( #1957 ) ) ;
#516 =( NAMED_UNIT ( * ) PLANE_ANGLE_UNIT ( ) SI_UNIT ( $, .RADIAN. ) );
#517 = LINE ( 'NONE', #153, #3369 ) ;
#518 = FILL_AREA_STYLE_COLOUR ( '', #2885 ) ;
#519 =( LENGTH_UNIT ( ) NAMED_UNIT ( * ) SI_UNIT ( .MILLI., .METRE. ) );
#520 = ORIENTED_EDGE ( 'NONE', *, *, #2316, .F. ) ;
#521 = ORIENTED_EDGE ( 'NONE', *, *, #3049, .T. ) ;
#522 = SURFACE_STYLE_USAGE ( .BOTH. , #2290 ) ;
#523 = CARTESIAN_POINT ( 'NONE',  ( 4.959999926685999760, 9.810000000000000497, 1.590000000000000080 ) ) ;
#524 = ORIENTED_EDGE ( 'NONE', *, *, #3566, .F. ) ;
#525 = VECTOR ( 'NONE', #1440, 1000.000000000000000 ) ;
#526 = FILL_AREA_STYLE ('',( #70 ) ) ;
#527 = SURFACE_STYLE_FILL_AREA ( #891 ) ;
#528 = ORIENTED_EDGE ( 'NONE', *, *, #4571, .F. ) ;
#529 = FILL_AREA_STYLE_COLOUR ( '', #4188 ) ;
#530 = VECTOR ( 'NONE', #345, 1000.000000000000000 ) ;
#531 = CARTESIAN_POINT ( 'NONE',  ( 0.3200000000000006173, 9.609999997020000961, 1.590000000000000302 ) ) ;
#532 = ORIENTED_EDGE ( 'NONE', *, *, #352, .T. ) ;
#533 = EDGE_CURVE ( 'NONE', #1895, #1212, #4403, .T. ) ;
#534 = SURFACE_STYLE_FILL_AREA ( #896 ) ;
#535 = ADVANCED_FACE ( 'NONE', ( #2522 ), #3671, .F. ) ;
#536 = DIRECTION ( 'NONE',  ( -0.0000000000000000000, 1.000000000000000000, 0.0000000000000000000 ) ) ;
#537 = VECTOR ( 'NONE', #259, 1000.000000000000000 ) ;
#538 =( NAMED_UNIT ( * ) PLANE_ANGLE_UNIT ( ) SI_UNIT ( $, .RADIAN. ) );
#539 = PRESENTATION_STYLE_ASSIGNMENT (( #4252 ) ) ;
#540 = PLANE ( 'NONE',  #3040 ) ;
#541 =( LENGTH_UNIT ( ) NAMED_UNIT ( * ) SI_UNIT ( .MILLI., .METRE. ) );
#542 = DIRECTION ( 'NONE',  ( 1.000000000000000000, 0.0000000000000000000, 0.0000000000000000000 ) ) ;
#543 = ORIENTED_EDGE ( 'NONE', *, *, #782, .T. ) ;
#544 = PRODUCT_DEFINITION_CONTEXT ( 'detailed design', #2334, 'design' ) ;
#545 =( GEOMETRIC_REPRESENTATION_CONTEXT ( 3 ) GLOBAL_UNCERTAINTY_ASSIGNED_CONTEXT ( ( #1108 ) ) GLOBAL_UNIT_ASSIGNED_CONTEXT ( ( #1727, #3184, #639 ) ) REPRESENTATION_CONTEXT ( 'NONE', 'WORKASPACE' ) );
#546 = EDGE_LOOP ( 'NONE', ( #4069, #1369, #2051, #1 ) ) ;
#547 = CARTESIAN_POINT ( 'NONE',  ( -0.3199999999999999512, 1.820000011921001137, 0.9499999999999991784 ) ) ;
#548 = EDGE_LOOP ( 'NONE', ( #375, #2009, #406, #3440 ) ) ;
#549 = DIRECTION ( 'NONE',  ( 0.0000000000000000000, 0.0000000000000000000, 1.000000000000000000 ) ) ;
#550 = COLOUR_RGB ( '',1.000000000000000000, 1.000000000000000000, 0.4980392156862745168 ) ;
#551 = CARTESIAN_POINT ( 'NONE',  ( 0.3200000000000000067, 3.809999961852999828, 0.9499999999999999556 ) ) ;
#552 =( NAMED_UNIT ( * ) PLANE_ANGLE_UNIT ( ) SI_UNIT ( $, .RADIAN. ) );
#553 = ORIENTED_EDGE ( 'NONE', *, *, #1383, .F. ) ;
#554 =( NAMED_UNIT ( * ) SI_UNIT ( $, .STERADIAN. ) SOLID_ANGLE_UNIT ( ) );
#555 = DIRECTION ( 'NONE',  ( 0.0000000000000000000, -1.554312234475000050E-15, 1.000000000000000000 ) ) ;
#556 = MECHANICAL_DESIGN_GEOMETRIC_PRESENTATION_REPRESENTATION (  '', ( #1856 ), #3579 ) ;
#557 = FILL_AREA_STYLE_COLOUR ( '', #929 ) ;
#558 = DIRECTION ( 'NONE',  ( -1.000000000000000000, 0.0000000000000000000, 0.0000000000000000000 ) ) ;
#559 = PRESENTATION_STYLE_ASSIGNMENT (( #1320 ) ) ;
#560 = FACE_OUTER_BOUND ( 'NONE', #1106, .T. ) ;
#561 = VECTOR ( 'NONE', #2654, 1000.000000000000000 ) ;
#562 = EDGE_CURVE ( 'NONE', #3874, #4798, #190, .T. ) ;
#563 = FACE_OUTER_BOUND ( 'NONE', #1549, .T. ) ;
#564 = PRESENTATION_LAYER_ASSIGNMENT (  '', '', ( #3037 ) ) ;
#565 = CARTESIAN_POINT ( 'NONE',  ( -0.9699999880792505857, 3.809999961852999384, 2.515000000000251923 ) ) ;
#566 = DIRECTION ( 'NONE',  ( 0.0000000000000000000, -0.0000000000000000000, 1.000000000000000000 ) ) ;
#567 = LINE ( 'NONE', #3899, #2906 ) ;
#568 =( NAMED_UNIT ( * ) SI_UNIT ( $, .STERADIAN. ) SOLID_ANGLE_UNIT ( ) );
#569 = ORIENTED_EDGE ( 'NONE', *, *, #3368, .F. ) ;
#570 = ADVANCED_FACE ( 'NONE', ( #1281 ), #4172, .T. ) ;
#571 = EDGE_LOOP ( 'NONE', ( #1196, #1191, #926, #1949 ) ) ;
#572 = DIRECTION ( 'NONE',  ( -0.0000000000000000000, 1.000000000000000000, 1.510616709811000052E-15 ) ) ;
#573 = CARTESIAN_POINT ( 'NONE',  ( 0.3199999999999999512, 3.809999961852999384, 1.590000000000000080 ) ) ;
#574 = VERTEX_POINT ( 'NONE', #1986 ) ;
#575 = FILL_AREA_STYLE_COLOUR ( '', #600 ) ;
#576 = DIRECTION ( 'NONE',  ( -1.000000000000000000, -0.0000000000000000000, -0.0000000000000000000 ) ) ;
#577 = MECHANICAL_DESIGN_GEOMETRIC_PRESENTATION_REPRESENTATION (  '', ( #1033 ), #45 ) ;
#578 =( NAMED_UNIT ( * ) PLANE_ANGLE_UNIT ( ) SI_UNIT ( $, .RADIAN. ) );
#579 = LINE ( 'NONE', #3634, #1933 ) ;
#580 = ORIENTED_EDGE ( 'NONE', *, *, #4220, .T. ) ;
#581 = COLOUR_RGB ( '',1.000000000000000000, 1.000000000000000000, 0.4980392156862745168 ) ;
#582 = UNCERTAINTY_MEASURE_WITH_UNIT (LENGTH_MEASURE( 1.000000000000000082E-05 ), #713, 'distance_accuracy_value', 'NONE');
#583 = PLANE ( 'NONE',  #3653 ) ;
#584 = SURFACE_STYLE_USAGE ( .BOTH. , #1345 ) ;
#585 = SURFACE_STYLE_USAGE ( .BOTH. , #1275 ) ;
#586 = FILL_AREA_STYLE ('',( #2402 ) ) ;
#587 =( GEOMETRIC_REPRESENTATION_CONTEXT ( 3 ) GLOBAL_UNCERTAINTY_ASSIGNED_CONTEXT ( ( #101 ) ) GLOBAL_UNIT_ASSIGNED_CONTEXT ( ( #636, #239, #3594 ) ) REPRESENTATION_CONTEXT ( 'NONE', 'WORKASPACE' ) );
#588 = DIRECTION ( 'NONE',  ( 0.7071067811865475727, 0.0000000000000000000, -0.7071067811865475727 ) ) ;
#589 = SURFACE_SIDE_STYLE ('',( #1300 ) ) ;
#590 = PLANE ( 'NONE',  #1427 ) ;
#591 = SURFACE_STYLE_FILL_AREA ( #3919 ) ;
#592 = VERTEX_POINT ( 'NONE', #839 ) ;
#593 = CARTESIAN_POINT ( 'NONE',  ( 2.859999961853000094, 1.270000000000000018, 0.9499999999999999556 ) ) ;
#594 = SURFACE_STYLE_FILL_AREA ( #3442 ) ;
#595 = VERTEX_POINT ( 'NONE', #2293 ) ;
#596 = ADVANCED_FACE ( 'NONE', ( #2037 ), #3065, .T. ) ;
#597 = FACE_OUTER_BOUND ( 'NONE', #4255, .T. ) ;
#598 = EDGE_CURVE ( 'NONE', #447, #78, #4312, .T. ) ;
#599 = PLANE ( 'NONE',  #3722 ) ;
#600 = COLOUR_RGB ( '',0.09411764705882352811, 0.09411764705882352811, 0.09411764705882352811 ) ;
#601 =( NAMED_UNIT ( * ) SI_UNIT ( $, .STERADIAN. ) SOLID_ANGLE_UNIT ( ) );
#602 = ORIENTED_EDGE ( 'NONE', *, *, #3498, .F. ) ;
#603 = SHAPE_DEFINITION_REPRESENTATION ( #4705, #2314 ) ;
#604 =( NAMED_UNIT ( * ) SI_UNIT ( $, .STERADIAN. ) SOLID_ANGLE_UNIT ( ) );
#605 =( GEOMETRIC_REPRESENTATION_CONTEXT ( 3 ) GLOBAL_UNCERTAINTY_ASSIGNED_CONTEXT ( ( #2546 ) ) GLOBAL_UNIT_ASSIGNED_CONTEXT ( ( #519, #3035, #1277 ) ) REPRESENTATION_CONTEXT ( 'NONE', 'WORKASPACE' ) );
#606 = PLANE ( 'NONE',  #2954 ) ;
#607 = VERTEX_POINT ( 'NONE', #2056 ) ;
#608 = CARTESIAN_POINT ( 'NONE',  ( 5.199999920726000369, 9.810000000000000497, 0.9499999999999999556 ) ) ;
#609 = PRESENTATION_STYLE_ASSIGNMENT (( #966 ) ) ;
#610 = PRESENTATION_LAYER_ASSIGNMENT (  '', '', ( #4722 ) ) ;
#611 = DIRECTION ( 'NONE',  ( 0.0000000000000000000, 1.618928404167999991E-15, -1.000000000000000000 ) ) ;
#612 = LINE ( 'NONE', #3619, #4646 ) ;
#613 = DIRECTION ( 'NONE',  ( 0.0000000000000000000, 0.0000000000000000000, -1.000000000000000000 ) ) ;
#614 = DIRECTION ( 'NONE',  ( -1.000000000000000000, -0.0000000000000000000, 0.0000000000000000000 ) ) ;
#615 =( GEOMETRIC_REPRESENTATION_CONTEXT ( 3 ) GLOBAL_UNCERTAINTY_ASSIGNED_CONTEXT ( ( #3807 ) ) GLOBAL_UNIT_ASSIGNED_CONTEXT ( ( #4422, #4733, #4030 ) ) REPRESENTATION_CONTEXT ( 'NONE', 'WORKASPACE' ) );
#616 =( GEOMETRIC_REPRESENTATION_CONTEXT ( 3 ) GLOBAL_UNCERTAINTY_ASSIGNED_CONTEXT ( ( #1071 ) ) GLOBAL_UNIT_ASSIGNED_CONTEXT ( ( #3046, #382, #2644 ) ) REPRESENTATION_CONTEXT ( 'NONE', 'WORKASPACE' ) );
#617 = AXIS2_PLACEMENT_3D ( 'NONE', #4026, #755, #2487 ) ;
#618 = DIRECTION ( 'NONE',  ( -0.5773502691896250649, -0.5773502691896262862, -0.5773502691896261751 ) ) ;
#619 = VERTEX_POINT ( 'NONE', #1411 ) ;
#620 = DIRECTION ( 'NONE',  ( 0.0000000000000000000, 1.554312234475000050E-15, -1.000000000000000000 ) ) ;
#621 = MECHANICAL_DESIGN_GEOMETRIC_PRESENTATION_REPRESENTATION (  '', ( #1995 ), #3564 ) ;
#622 = COLOUR_RGB ( '',0.09411764705882352811, 0.09411764705882352811, 0.09411764705882352811 ) ;
#623 = EDGE_CURVE ( 'NONE', #4005, #2387, #3926, .T. ) ;
#624 = STYLED_ITEM ( 'NONE', ( #98 ), #1953 ) ;
#625 = DIRECTION ( 'NONE',  ( -0.7071067811865474617, -0.0000000000000000000, 0.7071067811865474617 ) ) ;
#626 = VERTEX_POINT ( 'NONE', #1737 ) ;
#627 = SURFACE_STYLE_FILL_AREA ( #2440 ) ;
#628 = ORIENTED_EDGE ( 'NONE', *, *, #504, .T. ) ;
#629 = FACE_OUTER_BOUND ( 'NONE', #3299, .T. ) ;
#631 = UNCERTAINTY_MEASURE_WITH_UNIT (LENGTH_MEASURE( 1.000000000000000082E-05 ), #1002, 'distance_accuracy_value', 'NONE');
#630 = PRESENTATION_LAYER_ASSIGNMENT (  '', '', ( #22 ) ) ;
#632 = EDGE_CURVE ( 'NONE', #843, #2696, #251, .T. ) ;
#633 = CARTESIAN_POINT ( 'NONE',  ( 2.859999961853000094, -0.3200000000000000067, -3.000000000000000000 ) ) ;
#634 = COLOUR_RGB ( '',0.09411764705882352811, 0.09411764705882352811, 0.09411764705882352811 ) ;
#635 = VERTEX_POINT ( 'NONE', #1762 ) ;
#636 =( LENGTH_UNIT ( ) NAMED_UNIT ( * ) SI_UNIT ( .MILLI., .METRE. ) );
#637 =( GEOMETRIC_REPRESENTATION_CONTEXT ( 3 ) GLOBAL_UNCERTAINTY_ASSIGNED_CONTEXT ( ( #3458 ) ) GLOBAL_UNIT_ASSIGNED_CONTEXT ( ( #1373, #2802, #216 ) ) REPRESENTATION_CONTEXT ( 'NONE', 'WORKASPACE' ) );
#638 = CARTESIAN_POINT ( 'NONE',  ( 3.659999955892999868, 1.520000000000000018, 0.1750000059600000102 ) ) ;
#639 =( NAMED_UNIT ( * ) SI_UNIT ( $, .STERADIAN. ) SOLID_ANGLE_UNIT ( ) );
#640 =( LENGTH_UNIT ( ) NAMED_UNIT ( * ) SI_UNIT ( .MILLI., .METRE. ) );
#641 = DIRECTION ( 'NONE',  ( 0.0000000000000000000, 0.0000000000000000000, 1.000000000000000000 ) ) ;
#642 = PRODUCT_DEFINITION_SHAPE ( 'NONE', 'NONE',  #2403 ) ;
#643 = MECHANICAL_DESIGN_GEOMETRIC_PRESENTATION_REPRESENTATION (  '', ( #2086 ), #4136 ) ;
#644 = UNCERTAINTY_MEASURE_WITH_UNIT (LENGTH_MEASURE( 1.000000000000000082E-05 ), #2415, 'distance_accuracy_value', 'NONE');
#645 = STYLED_ITEM ( 'NONE', ( #2381 ), #3896 ) ;
#646 =( NAMED_UNIT ( * ) PLANE_ANGLE_UNIT ( ) SI_UNIT ( $, .RADIAN. ) );
#647 = FILL_AREA_STYLE ('',( #2922 ) ) ;
#648 = CARTESIAN_POINT ( 'NONE',  ( 1.419999967812999975, 1.520000000000000018, 2.364999994040000164 ) ) ;
#649 =( GEOMETRIC_REPRESENTATION_CONTEXT ( 3 ) GLOBAL_UNCERTAINTY_ASSIGNED_CONTEXT ( ( #2811 ) ) GLOBAL_UNIT_ASSIGNED_CONTEXT ( ( #4125, #3810, #1193 ) ) REPRESENTATION_CONTEXT ( 'NONE', 'WORKASPACE' ) );
#650 = SURFACE_STYLE_FILL_AREA ( #3554 ) ;
#651 = AXIS2_PLACEMENT_3D ( 'NONE', #811, #1169, #2631 ) ;
#652 = DIRECTION ( 'NONE',  ( -0.0000000000000000000, -1.000000000000000000, 0.0000000000000000000 ) ) ;
#653 = CARTESIAN_POINT ( 'NONE',  ( 4.759999923706000224, 9.609999997019999185, 1.590000000000000080 ) ) ;
#654 = VERTEX_POINT ( 'NONE', #3268 ) ;
#655 =( NAMED_UNIT ( * ) PLANE_ANGLE_UNIT ( ) SI_UNIT ( $, .RADIAN. ) );
#656 =( GEOMETRIC_REPRESENTATION_CONTEXT ( 3 ) GLOBAL_UNCERTAINTY_ASSIGNED_CONTEXT ( ( #158 ) ) GLOBAL_UNIT_ASSIGNED_CONTEXT ( ( #1353, #2888, #4772 ) ) REPRESENTATION_CONTEXT ( 'NONE', 'WORKASPACE' ) );
#657 = ORIENTED_EDGE ( 'NONE', *, *, #918, .F. ) ;
#658 = FILL_AREA_STYLE ('',( #3987 ) ) ;
#659 =( LENGTH_UNIT ( ) NAMED_UNIT ( * ) SI_UNIT ( .MILLI., .METRE. ) );
#660 = CARTESIAN_POINT ( 'NONE',  ( 1.269999961853000015, 1.520000000000000018, 0.02500000000000000139 ) ) ;
#661 = EDGE_CURVE ( 'NONE', #4401, #4005, #4726, .T. ) ;
#662 = EDGE_CURVE ( 'NONE', #2421, #3950, #4006, .T. ) ;
#663 =( GEOMETRIC_REPRESENTATION_CONTEXT ( 3 ) GLOBAL_UNCERTAINTY_ASSIGNED_CONTEXT ( ( #1621 ) ) GLOBAL_UNIT_ASSIGNED_CONTEXT ( ( #2172, #4780, #2896 ) ) REPRESENTATION_CONTEXT ( 'NONE', 'WORKASPACE' ) );
#664 = CARTESIAN_POINT ( 'NONE',  ( -0.1199999970199999016, 9.810000000000000497, 1.150000002979999714 ) ) ;
#665 = PRESENTATION_STYLE_ASSIGNMENT (( #1018 ) ) ;
#666 = DIRECTION ( 'NONE',  ( 1.000000000000000000, -0.0000000000000000000, 0.0000000000000000000 ) ) ;
#667 = CARTESIAN_POINT ( 'NONE',  ( 1.269999961853000015, 1.520000000000000018, 0.3250000119209999760 ) ) ;
#668 = FACE_OUTER_BOUND ( 'NONE', #3092, .T. ) ;
#669 = CARTESIAN_POINT ( 'NONE',  ( 1.269999961853000015, 1.820000011921000027, 2.515000000000000124 ) ) ;
#670 = PRESENTATION_LAYER_ASSIGNMENT (  '', '', ( #3610 ) ) ;
#671 = DIRECTION ( 'NONE',  ( 0.7071067811865474617, -0.0000000000000000000, -0.7071067811865474617 ) ) ;
#672 = FACE_OUTER_BOUND ( 'NONE', #3725, .T. ) ;
#673 = CARTESIAN_POINT ( 'NONE',  ( 3.809999923706000047, 1.820000011921000027, 2.515000000000000124 ) ) ;
#674 =( LENGTH_UNIT ( ) NAMED_UNIT ( * ) SI_UNIT ( .MILLI., .METRE. ) );
#675 = VERTEX_POINT ( 'NONE', #2512 ) ;
#676 = ORIENTED_EDGE ( 'NONE', *, *, #2905, .F. ) ;
#677 = FILL_AREA_STYLE_COLOUR ( '', #998 ) ;
#678 =( LENGTH_UNIT ( ) NAMED_UNIT ( * ) SI_UNIT ( .MILLI., .METRE. ) );
#679 = DIRECTION ( 'NONE',  ( 0.7071067811865474617, 0.0000000000000000000, -0.7071067811865474617 ) ) ;
#680 = ORIENTED_EDGE ( 'NONE', *, *, #511, .T. ) ;
#681 = FILL_AREA_STYLE ('',( #3695 ) ) ;
#682 = MECHANICAL_DESIGN_GEOMETRIC_PRESENTATION_REPRESENTATION (  '', ( #281 ), #1058 ) ;
#683 = SURFACE_STYLE_FILL_AREA ( #15 ) ;
#684 = ADVANCED_FACE ( 'NONE', ( #3165 ), #1028, .T. ) ;
#685 = ADVANCED_FACE ( 'NONE', ( #597 ), #4391, .T. ) ;
#686 = SURFACE_STYLE_USAGE ( .BOTH. , #3234 ) ;
#687 = SURFACE_STYLE_FILL_AREA ( #4688 ) ;
#688 = DIRECTION ( 'NONE',  ( -0.0000000000000000000, 1.000000000000000000, 0.0000000000000000000 ) ) ;
#689 = PRESENTATION_LAYER_ASSIGNMENT (  '', '', ( #1906 ) ) ;
#690 = DIRECTION ( 'NONE',  ( -0.0000000000000000000, -0.0000000000000000000, 1.000000000000000000 ) ) ;
#691 = UNCERTAINTY_MEASURE_WITH_UNIT (LENGTH_MEASURE( 1.000000000000000082E-05 ), #3472, 'distance_accuracy_value', 'NONE');
#692 = EDGE_CURVE ( 'NONE', #131, #1173, #64, .T. ) ;
#693 =( GEOMETRIC_REPRESENTATION_CONTEXT ( 3 ) GLOBAL_UNCERTAINTY_ASSIGNED_CONTEXT ( ( #1541 ) ) GLOBAL_UNIT_ASSIGNED_CONTEXT ( ( #2307, #3079, #1651 ) ) REPRESENTATION_CONTEXT ( 'NONE', 'WORKASPACE' ) );
#694 = FACE_OUTER_BOUND ( 'NONE', #402, .T. ) ;
#695 = DIRECTION ( 'NONE',  ( 0.0000000000000000000, 1.618928404167999991E-15, -1.000000000000000000 ) ) ;
#696 = LINE ( 'NONE', #1077, #2482 ) ;
#697 = COLOUR_RGB ( '',1.000000000000000000, 1.000000000000000000, 0.4980392156862745168 ) ;
#698 =( GEOMETRIC_REPRESENTATION_CONTEXT ( 3 ) GLOBAL_UNCERTAINTY_ASSIGNED_CONTEXT ( ( #2919 ) ) GLOBAL_UNIT_ASSIGNED_CONTEXT ( ( #1370, #2159, #4351 ) ) REPRESENTATION_CONTEXT ( 'NONE', 'WORKASPACE' ) );
#699 = DIRECTION ( 'NONE',  ( -0.5773502691896246208, -0.5773502691896257311, -0.5773502691896269523 ) ) ;
#700 = ORIENTED_EDGE ( 'NONE', *, *, #2288, .T. ) ;
#701 = LINE ( 'NONE', #3326, #719 ) ;
#702 = VECTOR ( 'NONE', #2363, 1000.000000000000000 ) ;
#703 = VERTEX_POINT ( 'NONE', #4075 ) ;
#704 = PLANE ( 'NONE',  #4038 ) ;
#705 = AXIS2_PLACEMENT_3D ( 'NONE', #3312, #2648, #2234 ) ;
#706 = COLOUR_RGB ( '',1.000000000000000000, 1.000000000000000000, 0.4980392156862745168 ) ;
#707 = PRESENTATION_STYLE_ASSIGNMENT (( #1128 ) ) ;
#708 = DIRECTION ( 'NONE',  ( 0.0000000000000000000, -0.0000000000000000000, -1.000000000000000000 ) ) ;
#709 = ORIENTED_EDGE ( 'NONE', *, *, #3503, .F. ) ;
#710 = VECTOR ( 'NONE', #1224, 1000.000000000000000 ) ;
#711 = DIRECTION ( 'NONE',  ( 0.0000000000000000000, 0.0000000000000000000, -1.000000000000000000 ) ) ;
#712 = MECHANICAL_DESIGN_GEOMETRIC_PRESENTATION_REPRESENTATION (  '', ( #785 ), #3731 ) ;
#713 =( LENGTH_UNIT ( ) NAMED_UNIT ( * ) SI_UNIT ( .MILLI., .METRE. ) );
#714 =( NAMED_UNIT ( * ) SI_UNIT ( $, .STERADIAN. ) SOLID_ANGLE_UNIT ( ) );
#715 = FILL_AREA_STYLE_COLOUR ( '', #4531 ) ;
#716 = LINE ( 'NONE', #4715, #2893 ) ;
#717 = PLANE ( 'NONE',  #1051 ) ;
#718 = LINE ( 'NONE', #2237, #3161 ) ;
#719 = VECTOR ( 'NONE', #799, 1000.000000000000000 ) ;
#720 = EDGE_LOOP ( 'NONE', ( #1533, #981, #953, #2986 ) ) ;
#721 = ADVANCED_FACE ( 'NONE', ( #2974 ), #1144, .T. ) ;
#722 = DIRECTION ( 'NONE',  ( 0.0000000000000000000, 0.7071067811865474617, -0.7071067811865474617 ) ) ;
#723 = COLOUR_RGB ( '',0.09411764705882352811, 0.09411764705882352811, 0.09411764705882352811 ) ;
#724 = SURFACE_STYLE_FILL_AREA ( #749 ) ;
#725 = SURFACE_STYLE_FILL_AREA ( #4748 ) ;
#726 = PLANE ( 'NONE',  #2976 ) ;
#727 = SURFACE_STYLE_USAGE ( .BOTH. , #2923 ) ;
#728 = FACE_OUTER_BOUND ( 'NONE', #1163, .T. ) ;
#729 = ADVANCED_FACE ( 'NONE', ( #728 ), #4508, .F. ) ;
#730 = VECTOR ( 'NONE', #1831, 1000.000000000000114 ) ;
#731 = EDGE_CURVE ( 'NONE', #3523, #2960, #1561, .T. ) ;
#732 = PRESENTATION_STYLE_ASSIGNMENT (( #1124 ) ) ;
#733 = DIRECTION ( 'NONE',  ( 0.0000000000000000000, -0.0000000000000000000, -1.000000000000000000 ) ) ;
#734 = VERTEX_POINT ( 'NONE', #4598 ) ;
#735 = CARTESIAN_POINT ( 'NONE',  ( -1.270000000000062634, 1.820000011921000693, 0.3250000119209377480 ) ) ;
#736 = UNCERTAINTY_MEASURE_WITH_UNIT (LENGTH_MEASURE( 1.000000000000000082E-05 ), #3409, 'distance_accuracy_value', 'NONE');
#737 = VECTOR ( 'NONE', #2002, 1000.000000000000000 ) ;
#738 = ORIENTED_EDGE ( 'NONE', *, *, #3334, .F. ) ;
#739 = LINE ( 'NONE', #4477, #4729 ) ;
#740 =( NAMED_UNIT ( * ) SI_UNIT ( $, .STERADIAN. ) SOLID_ANGLE_UNIT ( ) );
#741 = LINE ( 'NONE', #2186, #3869 ) ;
#742 = AXIS2_PLACEMENT_3D ( 'NONE', #825, #488, #4657 ) ;
#743 = SURFACE_STYLE_USAGE ( .BOTH. , #410 ) ;
#744 = DIRECTION ( 'NONE',  ( 0.0000000000000000000, 0.0000000000000000000, -1.000000000000000000 ) ) ;
#745 = DIRECTION ( 'NONE',  ( 0.0000000000000000000, 0.0000000000000000000, -1.000000000000000000 ) ) ;
#746 = SURFACE_STYLE_FILL_AREA ( #2530 ) ;
#747 = ORIENTED_EDGE ( 'NONE', *, *, #3209, .T. ) ;
#748 = FACE_OUTER_BOUND ( 'NONE', #3665, .T. ) ;
#749 = FILL_AREA_STYLE ('',( #1074 ) ) ;
#750 = CARTESIAN_POINT ( 'NONE',  ( 5.399999923705999905, 1.820000011921000027, 2.214999988079000115 ) ) ;
#751 = SURFACE_STYLE_USAGE ( .BOTH. , #4415 ) ;
#752 = DIRECTION ( 'NONE',  ( 0.0000000000000000000, 0.0000000000000000000, 1.000000000000000000 ) ) ;
#753 = SURFACE_SIDE_STYLE ('',( #2563 ) ) ;
#754 = AXIS2_PLACEMENT_3D ( 'NONE', #952, #1327, #2430 ) ;
#755 = DIRECTION ( 'NONE',  ( -0.0000000000000000000, 1.000000000000000000, 1.510616709811000052E-15 ) ) ;
#756 = VECTOR ( 'NONE', #3006, 1000.000000000000000 ) ;
#757 = EDGE_CURVE ( 'NONE', #635, #1261, #1822, .T. ) ;
#758 = DIRECTION ( 'NONE',  ( -0.7071067811865474617, 0.0000000000000000000, 0.7071067811865474617 ) ) ;
#759 = EDGE_CURVE ( 'NONE', #1421, #1612, #4191, .T. ) ;
#760 = ORIENTED_EDGE ( 'NONE', *, *, #1462, .T. ) ;
#761 = FILL_AREA_STYLE ('',( #4319 ) ) ;
#762 = ORIENTED_EDGE ( 'NONE', *, *, #4581, .T. ) ;
#763 = LINE ( 'NONE', #1896, #1152 ) ;
#764 = DIRECTION ( 'NONE',  ( 0.7071067811865474617, 0.7071067811865474617, 0.0000000000000000000 ) ) ;
#765 = PRESENTATION_STYLE_ASSIGNMENT (( #743 ) ) ;
#766 = DIRECTION ( 'NONE',  ( -1.000000000000000000, -0.0000000000000000000, -0.0000000000000000000 ) ) ;
#767 = AXIS2_PLACEMENT_3D ( 'NONE', #935, #1242, #3905 ) ;
#768 = VERTEX_POINT ( 'NONE', #3829 ) ;
#769 = PRESENTATION_STYLE_ASSIGNMENT (( #2168 ) ) ;
#770 = CARTESIAN_POINT ( 'NONE',  ( 1.119999994040000058, 1.520000000000000018, 0.1750000059600000102 ) ) ;
#771 =( GEOMETRIC_REPRESENTATION_CONTEXT ( 3 ) GLOBAL_UNCERTAINTY_ASSIGNED_CONTEXT ( ( #3356 ) ) GLOBAL_UNIT_ASSIGNED_CONTEXT ( ( #3701, #4090, #43 ) ) REPRESENTATION_CONTEXT ( 'NONE', 'WORKASPACE' ) );
#772 = DIRECTION ( 'NONE',  ( 0.7071067811865475727, -9.432969924854965098E-16, 0.7071067811865475727 ) ) ;
#773 = EDGE_LOOP ( 'NONE', ( #4146, #4315, #2693, #2722 ) ) ;
#774 = PRESENTATION_LAYER_ASSIGNMENT (  '', '', ( #2844 ) ) ;
#775 = LINE ( 'NONE', #3463, #3808 ) ;
#776 = MECHANICAL_DESIGN_GEOMETRIC_PRESENTATION_REPRESENTATION (  '', ( #1918 ), #1076 ) ;
#777 = ADVANCED_FACE ( 'NONE', ( #4534 ), #2351, .F. ) ;
#778 = VECTOR ( 'NONE', #625, 1000.000000000000114 ) ;
#779 = AXIS2_PLACEMENT_3D ( 'NONE', #3573, #2090, #2780 ) ;
#780 = SURFACE_STYLE_FILL_AREA ( #2907 ) ;
#781 = ORIENTED_EDGE ( 'NONE', *, *, #2031, .T. ) ;
#782 = EDGE_CURVE ( 'NONE', #476, #4293, #2733, .T. ) ;
#783 =( NAMED_UNIT ( * ) PLANE_ANGLE_UNIT ( ) SI_UNIT ( $, .RADIAN. ) );
#784 = MECHANICAL_DESIGN_GEOMETRIC_PRESENTATION_REPRESENTATION (  '', ( #1229 ), #1685 ) ;
#785 = STYLED_ITEM ( 'NONE', ( #3591 ), #1916 ) ;
#786 = FACE_BOUND ( 'NONE', #2840, .T. ) ;
#787 = LINE ( 'NONE', #1251, #1494 ) ;
#788 = CARTESIAN_POINT ( 'NONE',  ( -1.119999994040000058, 1.520000000000000018, 0.1750000059600000102 ) ) ;
#789 = ORIENTED_EDGE ( 'NONE', *, *, #2805, .F. ) ;
#790 = CARTESIAN_POINT ( 'NONE',  ( -0.3200000000000000067, 0.3199999999999999512, -2.799999997020000020 ) ) ;
#791 = PRESENTATION_STYLE_ASSIGNMENT (( #1935 ) ) ;
#792 = VECTOR ( 'NONE', #733, 1000.000000000000000 ) ;
#793 = FILL_AREA_STYLE_COLOUR ( '', #3677 ) ;
#794 = FACE_OUTER_BOUND ( 'NONE', #1798, .T. ) ;
#795 = APPLICATION_PROTOCOL_DEFINITION ( 'draft international standard', 'automotive_design', 1998, #3454 ) ;
#796 = ORIENTED_EDGE ( 'NONE', *, *, #2741, .T. ) ;
#797 = FILL_AREA_STYLE ('',( #90 ) ) ;
#798 = VERTEX_POINT ( 'NONE', #2679 ) ;
#799 = DIRECTION ( 'NONE',  ( 0.0000000000000000000, -1.000000000000000000, -1.332267629549999902E-15 ) ) ;
#800 = SURFACE_SIDE_STYLE ('',( #1148 ) ) ;
#801 = ORIENTED_EDGE ( 'NONE', *, *, #3303, .T. ) ;
#802 = DIRECTION ( 'NONE',  ( 1.000000000000000000, -0.0000000000000000000, 0.0000000000000000000 ) ) ;
#803 = PRESENTATION_LAYER_ASSIGNMENT (  '', '', ( #2243 ) ) ;
#804 =( LENGTH_UNIT ( ) NAMED_UNIT ( * ) SI_UNIT ( .MILLI., .METRE. ) );
#805 = ORIENTED_EDGE ( 'NONE', *, *, #3946, .T. ) ;
#806 = SURFACE_STYLE_USAGE ( .BOTH. , #2998 ) ;
#807 = STYLED_ITEM ( 'NONE', ( #3436 ), #4404 ) ;
#808 = ADVANCED_FACE ( 'NONE', ( #4238 ), #2311, .T. ) ;
#809 = PRESENTATION_LAYER_ASSIGNMENT (  '', '', ( #4680 ) ) ;
#810 = DIRECTION ( 'NONE',  ( -1.000000000000000000, 0.0000000000000000000, -0.0000000000000000000 ) ) ;
#811 = CARTESIAN_POINT ( 'NONE',  ( 2.219999961852999970, 3.809999961852999828, 0.9499999999999999556 ) ) ;
#812 = EDGE_CURVE ( 'NONE', #2957, #1877, #925, .T. ) ;
#813 = PRESENTATION_STYLE_ASSIGNMENT (( #1980 ) ) ;
#814 = DIRECTION ( 'NONE',  ( 0.7071067811865474617, -0.7071067811865474617, 0.0000000000000000000 ) ) ;
#815 = EDGE_LOOP ( 'NONE', ( #1171, #2448, #401, #182 ) ) ;
#816 = VECTOR ( 'NONE', #439, 999.9999999999998863 ) ;
#817 = CARTESIAN_POINT ( 'NONE',  ( -0.1199999970199998184, -0.1199999970199999016, -3.000000000000000000 ) ) ;
#818 = EDGE_LOOP ( 'NONE', ( #865, #4489, #3688, #3004 ) ) ;
#819 = ORIENTED_EDGE ( 'NONE', *, *, #2175, .F. ) ;
#820 = COLOUR_RGB ( '',1.000000000000000000, 1.000000000000000000, 0.4980392156862745168 ) ;
#821 = EDGE_LOOP ( 'NONE', ( #801, #3749, #3809, #524 ) ) ;
#822 = DIRECTION ( 'NONE',  ( 0.0000000000000000000, -0.7071067811865475727, -0.7071067811865475727 ) ) ;
#823 = UNCERTAINTY_MEASURE_WITH_UNIT (LENGTH_MEASURE( 1.000000000000000082E-05 ), #2236, 'distance_accuracy_value', 'NONE');
#824 = LINE ( 'NONE', #2255, #1297 ) ;
#825 = CARTESIAN_POINT ( 'NONE',  ( 3.809999923706000047, 3.809999961852999828, 0.02500000000000000139 ) ) ;
#826 = EDGE_CURVE ( 'NONE', #2191, #2300, #3943, .T. ) ;
#827 = EDGE_CURVE ( 'NONE', #131, #1178, #3216, .T. ) ;
#828 =( GEOMETRIC_REPRESENTATION_CONTEXT ( 3 ) GLOBAL_UNCERTAINTY_ASSIGNED_CONTEXT ( ( #2445 ) ) GLOBAL_UNIT_ASSIGNED_CONTEXT ( ( #3421, #1062, #740 ) ) REPRESENTATION_CONTEXT ( 'NONE', 'WORKASPACE' ) );
#829 = DIRECTION ( 'NONE',  ( -1.000000000000000000, 0.0000000000000000000, 0.0000000000000000000 ) ) ;
#830 = CARTESIAN_POINT ( 'NONE',  ( 2.219999961852999970, 1.270000000000000018, -4.440892098500999885E-16 ) ) ;
#831 = STYLED_ITEM ( 'NONE', ( #2196 ), #729 ) ;
#832 = ORIENTED_EDGE ( 'NONE', *, *, #3173, .T. ) ;
#833 = UNCERTAINTY_MEASURE_WITH_UNIT (LENGTH_MEASURE( 1.000000000000000082E-05 ), #3885, 'distance_accuracy_value', 'NONE');
#834 = PLANE ( 'NONE',  #159 ) ;
#835 = VECTOR ( 'NONE', #4773, 1000.000000000000114 ) ;
#836 = ORIENTED_EDGE ( 'NONE', *, *, #2715, .F. ) ;
#837 = LINE ( 'NONE', #1867, #1791 ) ;
#838 = ORIENTED_EDGE ( 'NONE', *, *, #1795, .F. ) ;
#839 = CARTESIAN_POINT ( 'NONE',  ( 2.859999961853000094, 1.270000000000000018, 1.589999999999999858 ) ) ;
#840 = FILL_AREA_STYLE ('',( #3044 ) ) ;
#841 = DIRECTION ( 'NONE',  ( -0.0000000000000000000, 1.000000000000000000, 1.510616709811000052E-15 ) ) ;
#842 = VECTOR ( 'NONE', #4295, 999.9999999999998863 ) ;
#843 = VERTEX_POINT ( 'NONE', #4637 ) ;
#844 = SURFACE_STYLE_FILL_AREA ( #2744 ) ;
#845 =( GEOMETRIC_REPRESENTATION_CONTEXT ( 3 ) GLOBAL_UNCERTAINTY_ASSIGNED_CONTEXT ( ( #4082 ) ) GLOBAL_UNIT_ASSIGNED_CONTEXT ( ( #674, #3271, #2148 ) ) REPRESENTATION_CONTEXT ( 'NONE', 'WORKASPACE' ) );
#846 = COLOUR_RGB ( '',1.000000000000000000, 1.000000000000000000, 0.4980392156862745168 ) ;
#847 = PRESENTATION_STYLE_ASSIGNMENT (( #3821 ) ) ;
#848 = CARTESIAN_POINT ( 'NONE',  ( 3.809999923706000047, 1.820000011921000027, 2.214999988079000115 ) ) ;
#849 = VERTEX_POINT ( 'NONE', #2480 ) ;
#850 = CARTESIAN_POINT ( 'NONE',  ( 2.219999961852999970, -0.3200000000000000067, -2.799999997020000020 ) ) ;
#851 = CARTESIAN_POINT ( 'NONE',  ( 3.809999923706000047, 1.520000000000000018, 0.02500000000000000139 ) ) ;
#852 = VECTOR ( 'NONE', #2740, 1000.000000000000000 ) ;
#853 = CARTESIAN_POINT ( 'NONE',  ( 5.399999923706000793, 9.609999997019999185, 0.9499999999999999556 ) ) ;
#854 = PRESENTATION_LAYER_ASSIGNMENT (  '', '', ( #465 ) ) ;
#855 = STYLED_ITEM ( 'NONE', ( #765 ), #1824 ) ;
#856 =( NAMED_UNIT ( * ) PLANE_ANGLE_UNIT ( ) SI_UNIT ( $, .RADIAN. ) );
#857 = LINE ( 'NONE', #129, #954 ) ;
#858 = FILL_AREA_STYLE ('',( #3868 ) ) ;
#859 = DIRECTION ( 'NONE',  ( 0.0000000000000000000, 0.0000000000000000000, 1.000000000000000000 ) ) ;
#860 = AXIS2_PLACEMENT_3D ( 'NONE', #116, #841, #2014 ) ;
#861 = AXIS2_PLACEMENT_3D ( 'NONE', #2813, #4335, #3947 ) ;
#862 = ORIENTED_EDGE ( 'NONE', *, *, #1552, .T. ) ;
#863 = CARTESIAN_POINT ( 'NONE',  ( -1.270000000000000018, 1.820000011921002026, 0.9499999999999998446 ) ) ;
#864 = FACE_OUTER_BOUND ( 'NONE', #1608, .T. ) ;
#865 = ORIENTED_EDGE ( 'NONE', *, *, #2652, .T. ) ;
#866 = EDGE_CURVE ( 'NONE', #3977, #1895, #4254, .T. ) ;
#867 = EDGE_CURVE ( 'NONE', #3481, #1584, #3900, .T. ) ;
#868 =( NAMED_UNIT ( * ) PLANE_ANGLE_UNIT ( ) SI_UNIT ( $, .RADIAN. ) );
#869 = PRESENTATION_LAYER_ASSIGNMENT (  '', '', ( #1856 ) ) ;
#870 = AXIS2_PLACEMENT_3D ( 'NONE', #2892, #1072, #3188 ) ;
#871 = SURFACE_STYLE_FILL_AREA ( #3119 ) ;
#872 = VERTEX_POINT ( 'NONE', #4359 ) ;
#873 =( NAMED_UNIT ( * ) PLANE_ANGLE_UNIT ( ) SI_UNIT ( $, .RADIAN. ) );
#874 = VECTOR ( 'NONE', #4233, 1000.000000000000000 ) ;
#875 = FILL_AREA_STYLE ('',( #3073 ) ) ;
#876 = ORIENTED_EDGE ( 'NONE', *, *, #1527, .T. ) ;
#877 = LINE ( 'NONE', #3937, #2100 ) ;
#878 = STYLED_ITEM ( 'NONE', ( #1334 ), #4162 ) ;
#879 = CARTESIAN_POINT ( 'NONE',  ( -0.3199999999999999512, -0.3200000000000000067, -2.799999997020000020 ) ) ;
#880 =( NAMED_UNIT ( * ) PLANE_ANGLE_UNIT ( ) SI_UNIT ( $, .RADIAN. ) );
#881 = VERTEX_POINT ( 'NONE', #3157 ) ;
#882 = PRESENTATION_LAYER_ASSIGNMENT (  '', '', ( #1033 ) ) ;
#883 = ORIENTED_EDGE ( 'NONE', *, *, #4623, .F. ) ;
#884 = CARTESIAN_POINT ( 'NONE',  ( 5.399999923705999905, 1.270000000000000018, 1.589999999999999636 ) ) ;
#885 = FILL_AREA_STYLE_COLOUR ( '', #2021 ) ;
#886 = ORIENTED_EDGE ( 'NONE', *, *, #385, .T. ) ;
#887 = PRESENTATION_LAYER_ASSIGNMENT (  '', '', ( #4776 ) ) ;
#888 = ADVANCED_FACE ( 'NONE', ( #668 ), #2077, .T. ) ;
#889 = ADVANCED_FACE ( 'NONE', ( #4285 ), #3971, .F. ) ;
#890 = SURFACE_STYLE_USAGE ( .BOTH. , #1616 ) ;
#891 = FILL_AREA_STYLE ('',( #3883 ) ) ;
#892 = VERTEX_POINT ( 'NONE', #1137 ) ;
#893 =( NAMED_UNIT ( * ) PLANE_ANGLE_UNIT ( ) SI_UNIT ( $, .RADIAN. ) );
#894 = STYLED_ITEM ( 'NONE', ( #1165 ), #292 ) ;
#895 = CARTESIAN_POINT ( 'NONE',  ( 4.759999923706000224, -0.3200000000000000067, -2.799999997020000020 ) ) ;
#896 = FILL_AREA_STYLE ('',( #2425 ) ) ;
#897 = SURFACE_SIDE_STYLE ('',( #3519 ) ) ;
#898 = PLANE ( 'NONE',  #4608 ) ;
#899 = DIRECTION ( 'NONE',  ( 0.0000000000000000000, 0.0000000000000000000, 1.000000000000000000 ) ) ;
#900 = ORIENTED_EDGE ( 'NONE', *, *, #3112, .T. ) ;
#901 = ORIENTED_EDGE ( 'NONE', *, *, #812, .T. ) ;
#902 = DIRECTION ( 'NONE',  ( -0.0000000000000000000, -1.000000000000000000, -1.609823385705999920E-15 ) ) ;
#903 = DIRECTION ( 'NONE',  ( 0.0000000000000000000, -0.0000000000000000000, -1.000000000000000000 ) ) ;
#904 = EDGE_LOOP ( 'NONE', ( #528, #4375, #3607, #3553 ) ) ;
#905 =( GEOMETRIC_REPRESENTATION_CONTEXT ( 3 ) GLOBAL_UNCERTAINTY_ASSIGNED_CONTEXT ( ( #1937 ) ) GLOBAL_UNIT_ASSIGNED_CONTEXT ( ( #1613, #93, #4561 ) ) REPRESENTATION_CONTEXT ( 'NONE', 'WORKASPACE' ) );
#906 =( NAMED_UNIT ( * ) SI_UNIT ( $, .STERADIAN. ) SOLID_ANGLE_UNIT ( ) );
#907 = CARTESIAN_POINT ( 'NONE',  ( 2.859999961853000094, 1.270000000000000018, 1.590000000000000080 ) ) ;
#908 = MECHANICAL_DESIGN_GEOMETRIC_PRESENTATION_REPRESENTATION (  '', ( #2755 ), #66 ) ;
#909 = SURFACE_SIDE_STYLE ('',( #253 ) ) ;
#910 = ORIENTED_EDGE ( 'NONE', *, *, #1907, .T. ) ;
#911 = DIRECTION ( 'NONE',  ( 1.000000000000000000, 0.0000000000000000000, 0.0000000000000000000 ) ) ;
#912 = SURFACE_STYLE_FILL_AREA ( #4270 ) ;
#913 = EDGE_CURVE ( 'NONE', #2587, #3739, #2212, .T. ) ;
#914 = MECHANICAL_DESIGN_GEOMETRIC_PRESENTATION_REPRESENTATION (  '', ( #3008 ), #2362 ) ;
#915 = CARTESIAN_POINT ( 'NONE',  ( 2.659999958872999670, -0.1199999970200003180, -3.000000000000000444 ) ) ;
#916 =( NAMED_UNIT ( * ) SI_UNIT ( $, .STERADIAN. ) SOLID_ANGLE_UNIT ( ) );
#917 = LINE ( 'NONE', #4710, #1590 ) ;
#918 = EDGE_CURVE ( 'NONE', #2997, #4781, #2946, .T. ) ;
#919 = VECTOR ( 'NONE', #2517, 1000.000000000000000 ) ;
#920 =( GEOMETRIC_REPRESENTATION_CONTEXT ( 3 ) GLOBAL_UNCERTAINTY_ASSIGNED_CONTEXT ( ( #4271 ) ) GLOBAL_UNIT_ASSIGNED_CONTEXT ( ( #3023, #2271, #3118 ) ) REPRESENTATION_CONTEXT ( 'NONE', 'WORKASPACE' ) );
#921 = DIRECTION ( 'NONE',  ( -0.7071067811865474617, 0.0000000000000000000, -0.7071067811865474617 ) ) ;
#922 = MECHANICAL_DESIGN_GEOMETRIC_PRESENTATION_REPRESENTATION (  '', ( #4343 ), #545 ) ;
#923 = STYLED_ITEM ( 'NONE', ( #2422 ), #418 ) ;
#924 = CARTESIAN_POINT ( 'NONE',  ( 4.759999923706000224, 9.609999997019999185, 0.9499999999999999556 ) ) ;
#925 = LINE ( 'NONE', #3998, #2207 ) ;
#926 = ORIENTED_EDGE ( 'NONE', *, *, #4080, .F. ) ;
#927 = UNCERTAINTY_MEASURE_WITH_UNIT (LENGTH_MEASURE( 1.000000000000000082E-05 ), #1135, 'distance_accuracy_value', 'NONE');
#928 = VECTOR ( 'NONE', #1326, 1000.000000000000000 ) ;
#929 = COLOUR_RGB ( '',1.000000000000000000, 1.000000000000000000, 0.4980392156862745168 ) ;
#930 = ORIENTED_EDGE ( 'NONE', *, *, #4015, .T. ) ;
#931 = SURFACE_STYLE_USAGE ( .BOTH. , #2357 ) ;
#932 = MECHANICAL_DESIGN_GEOMETRIC_PRESENTATION_REPRESENTATION (  '', ( #2147 ), #1601 ) ;
#933 = CARTESIAN_POINT ( 'NONE',  ( 3.809999961852999828, 1.520000000000000018, 0.3250000119209999760 ) ) ;
#934 = ORIENTED_EDGE ( 'NONE', *, *, #3983, .T. ) ;
#935 = CARTESIAN_POINT ( 'NONE',  ( 6.349999923706000082, 1.520000000000000018, 2.515000000000000124 ) ) ;
#936 = DIRECTION ( 'NONE',  ( 1.000000000000000000, 0.0000000000000000000, 0.0000000000000000000 ) ) ;
#937 = CARTESIAN_POINT ( 'NONE',  ( 4.759999923706000224, 1.270000000000000018, 1.590000000000000080 ) ) ;
#938 = CARTESIAN_POINT ( 'NONE',  ( 0.3200000000000000067, 1.270000000000000018, 0.9499999999999999556 ) ) ;
#939 = ORIENTED_EDGE ( 'NONE', *, *, #3990, .T. ) ;
#940 = VECTOR ( 'NONE', #3190, 999.9999999999998863 ) ;
#941 = SURFACE_SIDE_STYLE ('',( #1646 ) ) ;
#942 = STYLED_ITEM ( 'NONE', ( #1810 ), #3394 ) ;
#943 = DIRECTION ( 'NONE',  ( 6.645562236426607662E-16, -1.000000000000000000, -6.645562236426607662E-16 ) ) ;
#944 =( LENGTH_UNIT ( ) NAMED_UNIT ( * ) SI_UNIT ( .MILLI., .METRE. ) );
#945 = DIRECTION ( 'NONE',  ( -0.0000000000000000000, -0.0000000000000000000, -1.000000000000000000 ) ) ;
#946 =( GEOMETRIC_REPRESENTATION_CONTEXT ( 3 ) GLOBAL_UNCERTAINTY_ASSIGNED_CONTEXT ( ( #1407 ) ) GLOBAL_UNIT_ASSIGNED_CONTEXT ( ( #1733, #2862, #1331 ) ) REPRESENTATION_CONTEXT ( 'NONE', 'WORKASPACE' ) );
#947 = DIRECTION ( 'NONE',  ( -1.000000000000000000, 0.0000000000000000000, 0.0000000000000000000 ) ) ;
#948 = EDGE_CURVE ( 'NONE', #381, #3196, #2190, .T. ) ;
#949 = SURFACE_STYLE_FILL_AREA ( #797 ) ;
#950 = EDGE_CURVE ( 'NONE', #1586, #849, #718, .T. ) ;
#951 = PRESENTATION_STYLE_ASSIGNMENT (( #4213 ) ) ;
#952 = CARTESIAN_POINT ( 'NONE',  ( 2.219999961852999970, 1.270000000000000018, -4.440892098500999885E-16 ) ) ;
#953 = ORIENTED_EDGE ( 'NONE', *, *, #3806, .F. ) ;
#954 = VECTOR ( 'NONE', #3802, 1000.000000000000000 ) ;
#955 = CARTESIAN_POINT ( 'NONE',  ( 6.049999911785250539, 3.809999961852999828, 2.515000000000251923 ) ) ;
#956 = ORIENTED_EDGE ( 'NONE', *, *, #866, .T. ) ;
#957 = DIRECTION ( 'NONE',  ( 0.0000000000000000000, 0.0000000000000000000, -1.000000000000000000 ) ) ;
#958 = STYLED_ITEM ( 'NONE', ( #461 ), #4520 ) ;
#959 = LINE ( 'NONE', #938, #1086 ) ;
#960 = ORIENTED_EDGE ( 'NONE', *, *, #2616, .F. ) ;
#961 = CARTESIAN_POINT ( 'NONE',  ( -0.3200000000000000067, -0.3200000000000000067, -3.000000000000000000 ) ) ;
#962 = UNCERTAINTY_MEASURE_WITH_UNIT (LENGTH_MEASURE( 1.000000000000000082E-05 ), #3422, 'distance_accuracy_value', 'NONE');
#963 =( GEOMETRIC_REPRESENTATION_CONTEXT ( 3 ) GLOBAL_UNCERTAINTY_ASSIGNED_CONTEXT ( ( #3309 ) ) GLOBAL_UNIT_ASSIGNED_CONTEXT ( ( #4329, #1301, #3186 ) ) REPRESENTATION_CONTEXT ( 'NONE', 'WORKASPACE' ) );
#964 = CARTESIAN_POINT ( 'NONE',  ( 5.399999923705999905, -0.3200000000000000067, -3.000000000000000000 ) ) ;
#965 = ORIENTED_EDGE ( 'NONE', *, *, #4628, .T. ) ;
#966 = SURFACE_STYLE_USAGE ( .BOTH. , #4301 ) ;
#967 = SURFACE_SIDE_STYLE ('',( #4302 ) ) ;
#968 =( GEOMETRIC_REPRESENTATION_CONTEXT ( 3 ) GLOBAL_UNCERTAINTY_ASSIGNED_CONTEXT ( ( #2646 ) ) GLOBAL_UNIT_ASSIGNED_CONTEXT ( ( #1446, #2211, #344 ) ) REPRESENTATION_CONTEXT ( 'NONE', 'WORKASPACE' ) );
#969 = DIRECTION ( 'NONE',  ( 1.000000000000000000, -0.0000000000000000000, -0.0000000000000000000 ) ) ;
#970 = CARTESIAN_POINT ( 'NONE',  ( 6.199999917746000122, 1.520000000000000018, 2.364999994040000164 ) ) ;
#971 = CARTESIAN_POINT ( 'NONE',  ( 5.399999923705999905, 0.3200000000000000067, -2.799999997020000020 ) ) ;
#972 = DIRECTION ( 'NONE',  ( 1.000000000000000000, 0.0000000000000000000, -0.0000000000000000000 ) ) ;
#973 = EDGE_CURVE ( 'NONE', #892, #110, #2598, .T. ) ;
#974 = EDGE_CURVE ( 'NONE', #327, #798, #3315, .T. ) ;
#975 = CARTESIAN_POINT ( 'NONE',  ( 2.859999961853000094, -0.3200000000000000067, -2.799999997020000020 ) ) ;
#976 =( LENGTH_UNIT ( ) NAMED_UNIT ( * ) SI_UNIT ( .MILLI., .METRE. ) );
#977 = CARTESIAN_POINT ( 'NONE',  ( 0.1199999970199998878, 9.810000000000000497, 1.389999997020000100 ) ) ;
#978 = PRESENTATION_STYLE_ASSIGNMENT (( #3925 ) ) ;
#979 = ADVANCED_FACE ( 'NONE', ( #4112 ), #1855, .F. ) ;
#980 = MECHANICAL_DESIGN_GEOMETRIC_PRESENTATION_REPRESENTATION (  '', ( #3540 ), #2349 ) ;
#981 = ORIENTED_EDGE ( 'NONE', *, *, #2975, .F. ) ;
#982 = CARTESIAN_POINT ( 'NONE',  ( -0.9699999880791250195, 1.520000000000000018, 0.02499999999987499721 ) ) ;
#983 = ORIENTED_EDGE ( 'NONE', *, *, #692, .T. ) ;
#984 = SURFACE_STYLE_USAGE ( .BOTH. , #941 ) ;
#985 = FILL_AREA_STYLE ('',( #2877 ) ) ;
#986 = COLOUR_RGB ( '',1.000000000000000000, 1.000000000000000000, 0.4980392156862745168 ) ;
#987 = EDGE_LOOP ( 'NONE', ( #4620, #2929, #2567, #1724 ) ) ;
#988 = CARTESIAN_POINT ( 'NONE',  ( 4.759999923706000224, 3.809999961852999828, 1.590000000000000080 ) ) ;
#989 = MECHANICAL_DESIGN_GEOMETRIC_PRESENTATION_REPRESENTATION (  '', ( #4722 ), #693 ) ;
#990 =( LENGTH_UNIT ( ) NAMED_UNIT ( * ) SI_UNIT ( .MILLI., .METRE. ) );
#991 = DIRECTION ( 'NONE',  ( 0.0000000000000000000, 1.000000000000000000, -0.0000000000000000000 ) ) ;
#992 = CARTESIAN_POINT ( 'NONE',  ( 3.509999949932250729, 3.809999961852999828, 2.515000000000251923 ) ) ;
#993 = CARTESIAN_POINT ( 'NONE',  ( 4.959999926685999760, 9.810000000000000497, 1.150000002979999936 ) ) ;
#994 = MECHANICAL_DESIGN_GEOMETRIC_PRESENTATION_REPRESENTATION (  '', ( #4 ), #3799 ) ;
#995 = AXIS2_PLACEMENT_3D ( 'NONE', #1924, #3331, #11 ) ;
#996 = COLOUR_RGB ( '',1.000000000000000000, 1.000000000000000000, 0.4980392156862745168 ) ;
#997 = COLOUR_RGB ( '',0.09411764705882352811, 0.09411764705882352811, 0.09411764705882352811 ) ;
#998 = COLOUR_RGB ( '',0.7921568627450980005, 0.8196078431372548767, 0.9333333333333333481 ) ;
#999 = SURFACE_SIDE_STYLE ('',( #4747 ) ) ;
#1000 = CARTESIAN_POINT ( 'NONE',  ( 3.809999923706000047, 3.809999961852997608, 1.590000000000000080 ) ) ;
#1001 = EDGE_CURVE ( 'NONE', #1661, #2265, #1467, .T. ) ;
#1002 =( LENGTH_UNIT ( ) NAMED_UNIT ( * ) SI_UNIT ( .MILLI., .METRE. ) );
#1003 = PRESENTATION_LAYER_ASSIGNMENT (  '', '', ( #855 ) ) ;
#1004 = MECHANICAL_DESIGN_GEOMETRIC_PRESENTATION_REPRESENTATION (  '', ( #4430 ), #4737 ) ;
#1005 = LINE ( 'NONE', #3558, #1836 ) ;
#1007 = ORIENTED_EDGE ( 'NONE', *, *, #3952, .T. ) ;
#1006 = EDGE_CURVE ( 'NONE', #675, #2131, #2917, .T. ) ;
#1008 = ADVANCED_FACE ( 'NONE', ( #4068 ), #1068, .T. ) ;
#1009 = VERTEX_POINT ( 'NONE', #126 ) ;
#1010 = SURFACE_STYLE_USAGE ( .BOTH. , #3355 ) ;
#1011 = UNCERTAINTY_MEASURE_WITH_UNIT (LENGTH_MEASURE( 1.000000000000000082E-05 ), #2406, 'distance_accuracy_value', 'NONE');
#1012 = PRESENTATION_STYLE_ASSIGNMENT (( #3934 ) ) ;
#1013 = MECHANICAL_DESIGN_GEOMETRIC_PRESENTATION_REPRESENTATION (  '', ( #4055 ), #3736 ) ;
#1014 =( NAMED_UNIT ( * ) SI_UNIT ( $, .STERADIAN. ) SOLID_ANGLE_UNIT ( ) );
#1015 = ORIENTED_EDGE ( 'NONE', *, *, #1291, .T. ) ;
#1016 = PLANE ( 'NONE',  #3478 ) ;
#1017 = COLOUR_RGB ( '',1.000000000000000000, 1.000000000000000000, 0.4980392156862745168 ) ;
#1018 = SURFACE_STYLE_USAGE ( .BOTH. , #2476 ) ;
#1019 = FILL_AREA_STYLE ('',( #3213 ) ) ;
#1020 = CARTESIAN_POINT ( 'NONE',  ( 2.859999961853000094, -0.3199999999999999512, -4.388850394221508810E-16 ) ) ;
#1021 = DIRECTION ( 'NONE',  ( 0.0000000000000000000, -0.7071067811865475727, -0.7071067811865475727 ) ) ;
#1022 = CARTESIAN_POINT ( 'NONE',  ( 0.3199999999999999512, 1.820000011921000027, 2.214999988079000115 ) ) ;
#1023 = UNCERTAINTY_MEASURE_WITH_UNIT (LENGTH_MEASURE( 1.000000000000000082E-05 ), #3388, 'distance_accuracy_value', 'NONE');
#1024 =( GEOMETRIC_REPRESENTATION_CONTEXT ( 3 ) GLOBAL_UNCERTAINTY_ASSIGNED_CONTEXT ( ( #2507 ) ) GLOBAL_UNIT_ASSIGNED_CONTEXT ( ( #2460, #646, #3238 ) ) REPRESENTATION_CONTEXT ( 'NONE', 'WORKASPACE' ) );
#1025 = CARTESIAN_POINT ( 'NONE',  ( 2.859999961853000094, 0.3200000000000000067, -2.799999997020000020 ) ) ;
#1026 = CARTESIAN_POINT ( 'NONE',  ( -1.270000000000000018, 3.809999961852999828, 0.02500000000000000139 ) ) ;
#1027 = CARTESIAN_POINT ( 'NONE',  ( 4.109999935626999168, 3.809999961852999384, 2.515000000000001457 ) ) ;
#1028 = PLANE ( 'NONE',  #3861 ) ;
#1029 = DIRECTION ( 'NONE',  ( 0.7071067811865474617, 0.0000000000000000000, 0.7071067811865474617 ) ) ;
#1030 = ORIENTED_EDGE ( 'NONE', *, *, #4195, .T. ) ;
#1031 = PRODUCT_CONTEXT ( 'NONE', #3794, 'mechanical' ) ;
#1032 = FILL_AREA_STYLE ('',( #1841 ) ) ;
#1033 = STYLED_ITEM ( 'NONE', ( #515 ), #4572 ) ;
#1034 = EDGE_CURVE ( 'NONE', #2441, #2387, #4209, .T. ) ;
#1035 = SURFACE_SIDE_STYLE ('',( #4318 ) ) ;
#1036 = SURFACE_SIDE_STYLE ('',( #212 ) ) ;
#1037 = ORIENTED_EDGE ( 'NONE', *, *, #475, .T. ) ;
#1038 = DIRECTION ( 'NONE',  ( 1.000000000000000000, 0.0000000000000000000, -0.0000000000000000000 ) ) ;
#1039 =( NAMED_UNIT ( * ) SI_UNIT ( $, .STERADIAN. ) SOLID_ANGLE_UNIT ( ) );
#1040 = ORIENTED_EDGE ( 'NONE', *, *, #127, .T. ) ;
#1041 =( GEOMETRIC_REPRESENTATION_CONTEXT ( 3 ) GLOBAL_UNCERTAINTY_ASSIGNED_CONTEXT ( ( #4178 ) ) GLOBAL_UNIT_ASSIGNED_CONTEXT ( ( #1560, #493, #3085 ) ) REPRESENTATION_CONTEXT ( 'NONE', 'WORKASPACE' ) );
#1042 = SURFACE_SIDE_STYLE ('',( #3518 ) ) ;
#1043 = LINE ( 'NONE', #3993, #386 ) ;
#1044 = CARTESIAN_POINT ( 'NONE',  ( 0.3200000000000000067, -0.3200000000000000067, -2.799999997020000020 ) ) ;
#1045 = CARTESIAN_POINT ( 'NONE',  ( -1.270000000000000018, 1.519999999999999574, 0.3250000119209999760 ) ) ;
#1046 = PRESENTATION_LAYER_ASSIGNMENT (  '', '', ( #4231 ) ) ;
#1047 = DIRECTION ( 'NONE',  ( -0.0000000000000000000, -1.000000000000000000, 0.0000000000000000000 ) ) ;
#1048 = SURFACE_SIDE_STYLE ('',( #2597 ) ) ;
#1049 = FILL_AREA_STYLE_COLOUR ( '', #986 ) ;
#1050 = LINE ( 'NONE', #907, #1837 ) ;
#1051 = AXIS2_PLACEMENT_3D ( 'NONE', #3314, #2944, #745 ) ;
#1052 = DIRECTION ( 'NONE',  ( 0.0000000000000000000, -1.510616709811000052E-15, 1.000000000000000000 ) ) ;
#1053 = DIRECTION ( 'NONE',  ( -0.5773502691896277295, -0.5773502691896251759, 0.5773502691896245098 ) ) ;
#1054 = VERTEX_POINT ( 'NONE', #853 ) ;
#1055 = DIRECTION ( 'NONE',  ( 0.0000000000000000000, 0.0000000000000000000, 1.000000000000000000 ) ) ;
#1056 = DIRECTION ( 'NONE',  ( -0.5773502691896237327, 0.5773502691896260641, 0.5773502691896272854 ) ) ;
#1057 = UNCERTAINTY_MEASURE_WITH_UNIT (LENGTH_MEASURE( 1.000000000000000082E-05 ), #2781, 'distance_accuracy_value', 'NONE');
#1058 =( GEOMETRIC_REPRESENTATION_CONTEXT ( 3 ) GLOBAL_UNCERTAINTY_ASSIGNED_CONTEXT ( ( #1198 ) ) GLOBAL_UNIT_ASSIGNED_CONTEXT ( ( #659, #1821, #1039 ) ) REPRESENTATION_CONTEXT ( 'NONE', 'WORKASPACE' ) );
#1059 = ORIENTED_EDGE ( 'NONE', *, *, #731, .F. ) ;
#1060 = DIRECTION ( 'NONE',  ( 0.0000000000000000000, 0.0000000000000000000, 1.000000000000000000 ) ) ;
#1061 = ADVANCED_FACE ( 'NONE', ( #1228 ), #3053, .F. ) ;
#1062 =( NAMED_UNIT ( * ) PLANE_ANGLE_UNIT ( ) SI_UNIT ( $, .RADIAN. ) );
#1063 = VECTOR ( 'NONE', #2050, 1000.000000000000000 ) ;
#1064 = FILL_AREA_STYLE_COLOUR ( '', #72 ) ;
#1065 = AXIS2_PLACEMENT_3D ( 'NONE', #3236, #3547, #4717 ) ;
#1066 = PRESENTATION_STYLE_ASSIGNMENT (( #3968 ) ) ;
#1067 = DIRECTION ( 'NONE',  ( 0.0000000000000000000, 1.618928404167999991E-15, -1.000000000000000000 ) ) ;
#1068 = PLANE ( 'NONE',  #3328 ) ;
#1069 = MECHANICAL_DESIGN_GEOMETRIC_PRESENTATION_REPRESENTATION (  '', ( #2355 ), #771 ) ;
#1070 = ORIENTED_EDGE ( 'NONE', *, *, #4096, .F. ) ;
#1071 = UNCERTAINTY_MEASURE_WITH_UNIT (LENGTH_MEASURE( 1.000000000000000082E-05 ), #3046, 'distance_accuracy_value', 'NONE');
#1072 = DIRECTION ( 'NONE',  ( 0.0000000000000000000, 0.0000000000000000000, 1.000000000000000000 ) ) ;
#1073 = STYLED_ITEM ( 'NONE', ( #4377 ), #1260 ) ;
#1074 = FILL_AREA_STYLE_COLOUR ( '', #1622 ) ;
#1075 = FACE_BOUND ( 'NONE', #987, .T. ) ;
#1076 =( GEOMETRIC_REPRESENTATION_CONTEXT ( 3 ) GLOBAL_UNCERTAINTY_ASSIGNED_CONTEXT ( ( #4046 ) ) GLOBAL_UNIT_ASSIGNED_CONTEXT ( ( #2185, #1459, #3386 ) ) REPRESENTATION_CONTEXT ( 'NONE', 'WORKASPACE' ) );
#1077 = CARTESIAN_POINT ( 'NONE',  ( 4.959999926685999760, -0.1199999970199999016, -3.000000000000000000 ) ) ;
#1078 = FILL_AREA_STYLE ('',( #349 ) ) ;
#1079 = ORIENTED_EDGE ( 'NONE', *, *, #4308, .F. ) ;
#1080 = STYLED_ITEM ( 'NONE', ( #2187 ), #2536 ) ;
#1081 = ORIENTED_EDGE ( 'NONE', *, *, #2650, .F. ) ;
#1082 = LINE ( 'NONE', #1480, #4728 ) ;
#1083 = MECHANICAL_DESIGN_GEOMETRIC_PRESENTATION_REPRESENTATION (  '', ( #4509 ), #2459 ) ;
#1084 = STYLED_ITEM ( 'NONE', ( #665 ), #1817 ) ;
#1085 = ORIENTED_EDGE ( 'NONE', *, *, #2061, .F. ) ;
#1086 = VECTOR ( 'NONE', #1666, 1000.000000000000000 ) ;
#1087 = FACE_OUTER_BOUND ( 'NONE', #1528, .T. ) ;
#1088 = FILL_AREA_STYLE ('',( #339 ) ) ;
#1089 = STYLED_ITEM ( 'NONE', ( #4399 ), #1947 ) ;
#1090 =( LENGTH_UNIT ( ) NAMED_UNIT ( * ) SI_UNIT ( .MILLI., .METRE. ) );
#1091 = VECTOR ( 'NONE', #4027, 1000.000000000000000 ) ;
#1092 = SURFACE_STYLE_USAGE ( .BOTH. , #3698 ) ;
#1093 = CARTESIAN_POINT ( 'NONE',  ( 3.809999923705999603, 3.809999961852999828, 2.214999988079001003 ) ) ;
#1094 = LINE ( 'NONE', #2117, #342 ) ;
#1095 = STYLED_ITEM ( 'NONE', ( #3291 ), #3296 ) ;
#1096 = EDGE_LOOP ( 'NONE', ( #4152, #359, #3360, #1241 ) ) ;
#1097 = EDGE_CURVE ( 'NONE', #2387, #2543, #4232, .T. ) ;
#1098 = DIRECTION ( 'NONE',  ( 0.0000000000000000000, 0.0000000000000000000, -1.000000000000000000 ) ) ;
#1099 = SURFACE_STYLE_USAGE ( .BOTH. , #296 ) ;
#1100 = CARTESIAN_POINT ( 'NONE',  ( -0.3200000000000000067, 3.809999961852999828, 0.9499999999999999556 ) ) ;
#1101 = SURFACE_SIDE_STYLE ('',( #371 ) ) ;
#1102 = PRODUCT_DEFINITION_SHAPE ( 'NONE', 'NONE',  #4804 ) ;
#1103 = CARTESIAN_POINT ( 'NONE',  ( -0.1199999970199999016, 0.1199999970199998184, -3.000000000000000000 ) ) ;
#1104 =( GEOMETRIC_REPRESENTATION_CONTEXT ( 3 ) GLOBAL_UNCERTAINTY_ASSIGNED_CONTEXT ( ( #203 ) ) GLOBAL_UNIT_ASSIGNED_CONTEXT ( ( #1680, #218, #1299 ) ) REPRESENTATION_CONTEXT ( 'NONE', 'WORKASPACE' ) );
#1105 =( NAMED_UNIT ( * ) SI_UNIT ( $, .STERADIAN. ) SOLID_ANGLE_UNIT ( ) );
#1106 = EDGE_LOOP ( 'NONE', ( #2499, #4498, #278, #1455 ) ) ;
#1107 = FACE_OUTER_BOUND ( 'NONE', #3373, .T. ) ;
#1108 = UNCERTAINTY_MEASURE_WITH_UNIT (LENGTH_MEASURE( 1.000000000000000082E-05 ), #1727, 'distance_accuracy_value', 'NONE');
#1109 = COLOUR_RGB ( '',1.000000000000000000, 1.000000000000000000, 0.4980392156862745168 ) ;
#1110 = DIRECTION ( 'NONE',  ( -0.0000000000000000000, 0.0000000000000000000, -1.000000000000000000 ) ) ;
#1111 = ORIENTED_EDGE ( 'NONE', *, *, #3844, .F. ) ;
#1112 = STYLED_ITEM ( 'NONE', ( #2510 ), #4364 ) ;
#1113 = FILL_AREA_STYLE ('',( #1876 ) ) ;
#1114 =( NAMED_UNIT ( * ) SI_UNIT ( $, .STERADIAN. ) SOLID_ANGLE_UNIT ( ) );
#1115 = FILL_AREA_STYLE ('',( #1466 ) ) ;
#1116 = SURFACE_STYLE_USAGE ( .BOTH. , #4044 ) ;
#1117 = ORIENTED_EDGE ( 'NONE', *, *, #4660, .T. ) ;
#1118 = PLANE ( 'NONE',  #2793 ) ;
#1119 = PLANE ( 'NONE',  #172 ) ;
#1120 = CARTESIAN_POINT ( 'NONE',  ( 5.199999920726000369, 9.810000000000000497, 1.389999997020000100 ) ) ;
#1121 = CARTESIAN_POINT ( 'NONE',  ( 5.399999923705999905, 9.609999997020000961, 0.9499999999999992895 ) ) ;
#1122 = PRODUCT_RELATED_PRODUCT_CATEGORY ( 'part', '', ( #3668 ) ) ;
#1123 = EDGE_CURVE ( 'NONE', #1586, #1311, #463, .T. ) ;
#1124 = SURFACE_STYLE_USAGE ( .BOTH. , #2540 ) ;
#1125 = LINE ( 'NONE', #2222, #231 ) ;
#1126 = VERTEX_POINT ( 'NONE', #4503 ) ;
#1127 = SURFACE_STYLE_FILL_AREA ( #840 ) ;
#1128 = SURFACE_STYLE_USAGE ( .BOTH. , #3737 ) ;
#1129 = SURFACE_STYLE_FILL_AREA ( #71 ) ;
#1130 = ORIENTED_EDGE ( 'NONE', *, *, #2838, .F. ) ;
#1131 = SURFACE_STYLE_FILL_AREA ( #3715 ) ;
#1132 = FILL_AREA_STYLE_COLOUR ( '', #82 ) ;
#1133 = SURFACE_SIDE_STYLE ('',( #4157 ) ) ;
#1134 =( GEOMETRIC_REPRESENTATION_CONTEXT ( 3 ) GLOBAL_UNCERTAINTY_ASSIGNED_CONTEXT ( ( #4371 ) ) GLOBAL_UNIT_ASSIGNED_CONTEXT ( ( #3837, #2340, #3608 ) ) REPRESENTATION_CONTEXT ( 'NONE', 'WORKASPACE' ) );
#1135 =( LENGTH_UNIT ( ) NAMED_UNIT ( * ) SI_UNIT ( .MILLI., .METRE. ) );
#1136 = PRESENTATION_STYLE_ASSIGNMENT (( #363 ) ) ;
#1137 = CARTESIAN_POINT ( 'NONE',  ( 6.349999923706125315, 1.519999999999998241, 2.214999988079124904 ) ) ;
#1138 = EDGE_LOOP ( 'NONE', ( #3120, #1479, #1625, #2549 ) ) ;
#1139 = MECHANICAL_DESIGN_GEOMETRIC_PRESENTATION_REPRESENTATION (  '', ( #3469 ), #3158 ) ;
#1140 = LINE ( 'NONE', #2950, #2876 ) ;
#1141 = DIRECTION ( 'NONE',  ( 0.0000000000000000000, -1.332267629549999902E-15, 1.000000000000000000 ) ) ;
#1142 = PLANE ( 'NONE',  #3121 ) ;
#1143 = DIRECTION ( 'NONE',  ( -0.5773502691896237327, 0.5773502691896260641, 0.5773502691896272854 ) ) ;
#1144 = PLANE ( 'NONE',  #2928 ) ;
#1145 = ORIENTED_EDGE ( 'NONE', *, *, #4628, .F. ) ;
#1146 =( NAMED_UNIT ( * ) PLANE_ANGLE_UNIT ( ) SI_UNIT ( $, .RADIAN. ) );
#1147 = FILL_AREA_STYLE_COLOUR ( '', #4661 ) ;
#1148 = SURFACE_STYLE_FILL_AREA ( #1499 ) ;
#1149 = EDGE_LOOP ( 'NONE', ( #2104, #2223, #3795, #676, #204, #2968, #4135, #88 ) ) ;
#1150 = AXIS2_PLACEMENT_3D ( 'NONE', #433, #3403, #4177 ) ;
#1151 = PLANE ( 'NONE',  #2852 ) ;
#1152 = VECTOR ( 'NONE', #2621, 1000.000000000000000 ) ;
#1153 = ADVANCED_FACE ( 'NONE', ( #4138 ), #2260, .T. ) ;
#1154 = PRESENTATION_LAYER_ASSIGNMENT (  '', '', ( #1594 ) ) ;
#1155 = EDGE_CURVE ( 'NONE', #3103, #4166, #3210, .T. ) ;
#1156 = PRESENTATION_LAYER_ASSIGNMENT (  '', '', ( #1524 ) ) ;
#1157 = PRODUCT_DEFINITION_FORMATION_WITH_SPECIFIED_SOURCE ( 'ANY', '', #1781, .NOT_KNOWN. ) ;
#1158 = VERTEX_POINT ( 'NONE', #1321 ) ;
#1159 = EDGE_CURVE ( 'NONE', #654, #2957, #917, .T. ) ;
#1160 =( LENGTH_UNIT ( ) NAMED_UNIT ( * ) SI_UNIT ( .MILLI., .METRE. ) );
#1161 = AXIS2_PLACEMENT_3D ( 'NONE', #1463, #412, #3338 ) ;
#1162 = PRESENTATION_STYLE_ASSIGNMENT (( #4454 ) ) ;
#1163 = EDGE_LOOP ( 'NONE', ( #1939, #487, #3920, #4545 ) ) ;
#1164 = MECHANICAL_DESIGN_GEOMETRIC_PRESENTATION_REPRESENTATION (  '', ( #624 ), #2079 ) ;
#1165 = PRESENTATION_STYLE_ASSIGNMENT (( #3389 ) ) ;
#1166 =( NAMED_UNIT ( * ) PLANE_ANGLE_UNIT ( ) SI_UNIT ( $, .RADIAN. ) );
#1167 = CARTESIAN_POINT ( 'NONE',  ( -0.9699999880790000084, 1.520000000000000018, 0.02500000000000000139 ) ) ;
#1168 = FILL_AREA_STYLE_COLOUR ( '', #2399 ) ;
#1169 = DIRECTION ( 'NONE',  ( 0.0000000000000000000, -1.609823385705999920E-15, 1.000000000000000000 ) ) ;
#1170 =( LENGTH_UNIT ( ) NAMED_UNIT ( * ) SI_UNIT ( .MILLI., .METRE. ) );
#1171 = ORIENTED_EDGE ( 'NONE', *, *, #2970, .F. ) ;
#1172 = EDGE_LOOP ( 'NONE', ( #1872, #3549, #4058, #1820 ) ) ;
#1173 = VERTEX_POINT ( 'NONE', #4632 ) ;
#1174 = PRESENTATION_LAYER_ASSIGNMENT (  '', '', ( #2086 ) ) ;
#1175 = PLANE ( 'NONE',  #3784 ) ;
#1176 =( GEOMETRIC_REPRESENTATION_CONTEXT ( 3 ) GLOBAL_UNCERTAINTY_ASSIGNED_CONTEXT ( ( #2313 ) ) GLOBAL_UNIT_ASSIGNED_CONTEXT ( ( #467, #3752, #367 ) ) REPRESENTATION_CONTEXT ( 'NONE', 'WORKASPACE' ) );
#1177 = CARTESIAN_POINT ( 'NONE',  ( -1.119999994039998503, 3.809999961853000716, 0.1750000059600015367 ) ) ;
#1178 = VERTEX_POINT ( 'NONE', #4684 ) ;
#1179 = FILL_AREA_STYLE_COLOUR ( '', #1296 ) ;
#1180 = EDGE_CURVE ( 'NONE', #3095, #1054, #3989, .T. ) ;
#1181 = CARTESIAN_POINT ( 'NONE',  ( 5.399999923705999905, 3.809999961852999828, 0.9499999999999999556 ) ) ;
#1182 =( GEOMETRIC_REPRESENTATION_CONTEXT ( 3 ) GLOBAL_UNCERTAINTY_ASSIGNED_CONTEXT ( ( #496 ) ) GLOBAL_UNIT_ASSIGNED_CONTEXT ( ( #3320, #3729, #2217 ) ) REPRESENTATION_CONTEXT ( 'NONE', 'WORKASPACE' ) );
#1183 =( NAMED_UNIT ( * ) SI_UNIT ( $, .STERADIAN. ) SOLID_ANGLE_UNIT ( ) );
#1184 = ORIENTED_EDGE ( 'NONE', *, *, #1464, .F. ) ;
#1185 = DIRECTION ( 'NONE',  ( 6.670117000593702191E-16, 1.000000000000000000, 6.670117000593702191E-16 ) ) ;
#1186 = DIRECTION ( 'NONE',  ( 0.0000000000000000000, 1.554312234475000050E-15, -1.000000000000000000 ) ) ;
#1187 = EDGE_CURVE ( 'NONE', #4221, #3877, #4276, .T. ) ;
#1188 = DIRECTION ( 'NONE',  ( 0.0000000000000000000, 0.7071067811865475727, -0.7071067811865475727 ) ) ;
#1189 = SURFACE_SIDE_STYLE ('',( #4187 ) ) ;
#1190 = ORIENTED_EDGE ( 'NONE', *, *, #4049, .F. ) ;
#1191 = ORIENTED_EDGE ( 'NONE', *, *, #1006, .F. ) ;
#1192 = PLANE ( 'NONE',  #25 ) ;
#1193 =( NAMED_UNIT ( * ) SI_UNIT ( $, .STERADIAN. ) SOLID_ANGLE_UNIT ( ) );
#1194 = VERTEX_POINT ( 'NONE', #2828 ) ;
#1195 = CARTESIAN_POINT ( 'NONE',  ( 0.3200000000000000067, 1.270000000000000018, 1.590000000000000080 ) ) ;
#1196 = ORIENTED_EDGE ( 'NONE', *, *, #2989, .F. ) ;
#1197 = CARTESIAN_POINT ( 'NONE',  ( 3.959999929666998320, 3.809999961853000716, 2.364999994040001940 ) ) ;
#1198 = UNCERTAINTY_MEASURE_WITH_UNIT (LENGTH_MEASURE( 1.000000000000000082E-05 ), #659, 'distance_accuracy_value', 'NONE');
#1199 = DIRECTION ( 'NONE',  ( -0.0000000000000000000, 0.0000000000000000000, 1.000000000000000000 ) ) ;
#1201 = ORIENTED_EDGE ( 'NONE', *, *, #2197, .F. ) ;
#1200 = ADVANCED_FACE ( 'NONE', ( #2401 ), #2377, .F. ) ;
#1202 = DIRECTION ( 'NONE',  ( 0.0000000000000000000, -1.000000000000000000, -1.554312234475000050E-15 ) ) ;
#1203 = STYLED_ITEM ( 'NONE', ( #2866 ), #684 ) ;
#1204 = CARTESIAN_POINT ( 'NONE',  ( 3.809999961853124173, 1.519999999999999796, 0.3250000119208748539 ) ) ;
#1205 = ADVANCED_FACE ( 'NONE', ( #560 ), #2427, .F. ) ;
#1206 = EDGE_CURVE ( 'NONE', #595, #703, #741, .T. ) ;
#1207 = PLANE ( 'NONE',  #3978 ) ;
#1208 = VECTOR ( 'NONE', #3624, 1000.000000000000000 ) ;
#1209 = ORIENTED_EDGE ( 'NONE', *, *, #1702, .F. ) ;
#1210 = UNCERTAINTY_MEASURE_WITH_UNIT (LENGTH_MEASURE( 1.000000000000000082E-05 ), #2552, 'distance_accuracy_value', 'NONE');
#1211 = PRESENTATION_LAYER_ASSIGNMENT (  '', '', ( #289 ) ) ;
#1212 = VERTEX_POINT ( 'NONE', #2982 ) ;
#1213 =( NAMED_UNIT ( * ) SI_UNIT ( $, .STERADIAN. ) SOLID_ANGLE_UNIT ( ) );
#1214 = ORIENTED_EDGE ( 'NONE', *, *, #1291, .F. ) ;
#1215 = CARTESIAN_POINT ( 'NONE',  ( -0.3200000000000000067, 0.3200000000000000067, -3.000000000000000000 ) ) ;
#1216 = STYLED_ITEM ( 'NONE', ( #2252 ), #1264 ) ;
#1217 = FILL_AREA_STYLE_COLOUR ( '', #550 ) ;
#1218 = ORIENTED_EDGE ( 'NONE', *, *, #1640, .F. ) ;
#1219 = MECHANICAL_DESIGN_GEOMETRIC_PRESENTATION_REPRESENTATION (  '', ( #3555 ), #616 ) ;
#1220 = DIRECTION ( 'NONE',  ( 0.0000000000000000000, 1.609823385705999920E-15, -1.000000000000000000 ) ) ;
#1221 = VECTOR ( 'NONE', #690, 1000.000000000000000 ) ;
#1222 = AXIS2_PLACEMENT_3D ( 'NONE', #3245, #1055, #2442 ) ;
#1223 = PLANE ( 'NONE',  #4510 ) ;
#1224 = DIRECTION ( 'NONE',  ( -0.5773502691896247319, -0.5773502691896256200, -0.5773502691896269523 ) ) ;
#1225 = ORIENTED_EDGE ( 'NONE', *, *, #1697, .T. ) ;
#1226 = CARTESIAN_POINT ( 'NONE',  ( 2.859999961853000094, 9.709999998510001618, 1.489999998510000090 ) ) ;
#1227 = VECTOR ( 'NONE', #3887, 1000.000000000000000 ) ;
#1228 = FACE_OUTER_BOUND ( 'NONE', #1540, .T. ) ;
#1229 = STYLED_ITEM ( 'NONE', ( #277 ), #2708 ) ;
#1230 = COLOUR_RGB ( '',0.09411764705882352811, 0.09411764705882352811, 0.09411764705882352811 ) ;
#1231 = FILL_AREA_STYLE ('',( #4161 ) ) ;
#1232 = FACE_OUTER_BOUND ( 'NONE', #2250, .T. ) ;
#1233 = FACE_OUTER_BOUND ( 'NONE', #4656, .T. ) ;
#1234 = SURFACE_STYLE_FILL_AREA ( #3132 ) ;
#1235 = VECTOR ( 'NONE', #3979, 1000.000000000000000 ) ;
#1236 = PRESENTATION_LAYER_ASSIGNMENT (  '', '', ( #2851 ) ) ;
#1237 = EDGE_CURVE ( 'NONE', #476, #447, #1460, .T. ) ;
#1238 = ADVANCED_FACE ( 'NONE', ( #2961 ), #282, .F. ) ;
#1239 = EDGE_LOOP ( 'NONE', ( #3468, #2918, #2489, #1890, #4167, #4697, #1439, #1245 ) ) ;
#1240 = DIRECTION ( 'NONE',  ( -0.0000000000000000000, -1.000000000000000000, -0.0000000000000000000 ) ) ;
#1241 = ORIENTED_EDGE ( 'NONE', *, *, #1853, .T. ) ;
#1242 = DIRECTION ( 'NONE',  ( 0.0000000000000000000, -1.332267629549999902E-15, 1.000000000000000000 ) ) ;
#1243 = CARTESIAN_POINT ( 'NONE',  ( -0.3200000000000000067, 1.270000000000000018, -4.440892098500999885E-16 ) ) ;
#1244 = VECTOR ( 'NONE', #695, 1000.000000000000000 ) ;
#1245 = ORIENTED_EDGE ( 'NONE', *, *, #2085, .F. ) ;
#1246 =( NAMED_UNIT ( * ) SI_UNIT ( $, .STERADIAN. ) SOLID_ANGLE_UNIT ( ) );
#1247 = MECHANICAL_DESIGN_GEOMETRIC_PRESENTATION_REPRESENTATION (  '', ( #2243 ), #1024 ) ;
#1248 = SURFACE_STYLE_FILL_AREA ( #1597 ) ;
#1249 = ORIENTED_EDGE ( 'NONE', *, *, #1269, .F. ) ;
#1250 = AXIS2_PLACEMENT_3D ( 'NONE', #3018, #4147, #2269 ) ;
#1251 = CARTESIAN_POINT ( 'NONE',  ( 6.349999923706000082, 1.520000000000000018, 0.3250000119209999760 ) ) ;
#1252 = DIRECTION ( 'NONE',  ( 0.0000000000000000000, 1.000000000000000000, 1.609823385705999920E-15 ) ) ;
#1253 = PRESENTATION_LAYER_ASSIGNMENT (  '', '', ( #807 ) ) ;
#1254 = CARTESIAN_POINT ( 'NONE',  ( 2.859999961853000094, -0.3200000000000000067, -4.336808689942017736E-16 ) ) ;
#1255 = SURFACE_STYLE_USAGE ( .BOTH. , #1978 ) ;
#1256 = LINE ( 'NONE', #2283, #816 ) ;
#1257 = COLOUR_RGB ( '',0.09411764705882352811, 0.09411764705882352811, 0.09411764705882352811 ) ;
#1258 = EDGE_LOOP ( 'NONE', ( #3734, #4286, #4617, #2201, #2981 ) ) ;
#1259 = UNCERTAINTY_MEASURE_WITH_UNIT (LENGTH_MEASURE( 1.000000000000000082E-05 ), #2367, 'distance_accuracy_value', 'NONE');
#1261 = VERTEX_POINT ( 'NONE', #3820 ) ;
#1260 = ADVANCED_FACE ( 'NONE', ( #3716 ), #383, .T. ) ;
#1262 = PLANE ( 'NONE',  #4277 ) ;
#1263 = LINE ( 'NONE', #1712, #186 ) ;
#1264 = ADVANCED_FACE ( 'NONE', ( #3791 ), #58, .F. ) ;
#1265 = ORIENTED_EDGE ( 'NONE', *, *, #913, .F. ) ;
#1266 = SURFACE_STYLE_USAGE ( .BOTH. , #4606 ) ;
#1267 = SURFACE_STYLE_FILL_AREA ( #526 ) ;
#1268 = SURFACE_STYLE_USAGE ( .BOTH. , #3787 ) ;
#1269 = EDGE_CURVE ( 'NONE', #10, #2543, #3047, .T. ) ;
#1270 = VERTEX_POINT ( 'NONE', #456 ) ;
#1271 =( NAMED_UNIT ( * ) SI_UNIT ( $, .STERADIAN. ) SOLID_ANGLE_UNIT ( ) );
#1272 = PRESENTATION_LAYER_ASSIGNMENT (  '', '', ( #894 ) ) ;
#1273 = FACE_OUTER_BOUND ( 'NONE', #2289, .T. ) ;
#1274 = DIRECTION ( 'NONE',  ( 0.0000000000000000000, 1.000000000000000000, 0.0000000000000000000 ) ) ;
#1275 = SURFACE_SIDE_STYLE ('',( #261 ) ) ;
#1276 = CARTESIAN_POINT ( 'NONE',  ( 3.809999961853062000, 1.820000011921000693, 0.3250000119209377480 ) ) ;
#1277 =( NAMED_UNIT ( * ) SI_UNIT ( $, .STERADIAN. ) SOLID_ANGLE_UNIT ( ) );
#1278 = ORIENTED_EDGE ( 'NONE', *, *, #3277, .F. ) ;
#1279 = ORIENTED_EDGE ( 'NONE', *, *, #598, .F. ) ;
#1280 = VERTEX_POINT ( 'NONE', #1951 ) ;
#1281 = FACE_OUTER_BOUND ( 'NONE', #1096, .T. ) ;
#1282 = LINE ( 'NONE', #4020, #1221 ) ;
#1283 = MECHANICAL_DESIGN_GEOMETRIC_PRESENTATION_REPRESENTATION (  '', ( #831 ), #2999 ) ;
#1284 = LINE ( 'NONE', #551, #155 ) ;
#1285 = DIRECTION ( 'NONE',  ( -0.0000000000000000000, -1.000000000000000000, 0.0000000000000000000 ) ) ;
#1286 = ORIENTED_EDGE ( 'NONE', *, *, #3269, .F. ) ;
#1287 =( NAMED_UNIT ( * ) SI_UNIT ( $, .STERADIAN. ) SOLID_ANGLE_UNIT ( ) );
#1288 = DIRECTION ( 'NONE',  ( -0.5773502691896257311, -0.5773502691896258421, -0.5773502691896257311 ) ) ;
#1289 = UNCERTAINTY_MEASURE_WITH_UNIT (LENGTH_MEASURE( 1.000000000000000082E-05 ), #137, 'distance_accuracy_value', 'NONE');
#1290 = ADVANCED_FACE ( 'NONE', ( #3000 ), #4131, .T. ) ;
#1291 = EDGE_CURVE ( 'NONE', #2958, #4511, #1314, .T. ) ;
#1292 = PRESENTATION_LAYER_ASSIGNMENT (  '', '', ( #3008 ) ) ;
#1293 =( NAMED_UNIT ( * ) SI_UNIT ( $, .STERADIAN. ) SOLID_ANGLE_UNIT ( ) );
#1294 = CARTESIAN_POINT ( 'NONE',  ( -0.3200000000000000067, 3.809999961852999828, 1.590000000000000080 ) ) ;
#1295 = CARTESIAN_POINT ( 'NONE',  ( 5.399999923705999905, 9.609999997019999185, 0.9499999999999999556 ) ) ;
#1296 = COLOUR_RGB ( '',1.000000000000000000, 1.000000000000000000, 0.4980392156862745168 ) ;
#1297 = VECTOR ( 'NONE', #4088, 999.9999999999998863 ) ;
#1298 = VECTOR ( 'NONE', #2224, 1000.000000000000000 ) ;
#1299 =( NAMED_UNIT ( * ) SI_UNIT ( $, .STERADIAN. ) SOLID_ANGLE_UNIT ( ) );
#1300 = SURFACE_STYLE_FILL_AREA ( #244 ) ;
#1301 =( NAMED_UNIT ( * ) PLANE_ANGLE_UNIT ( ) SI_UNIT ( $, .RADIAN. ) );
#1302 = CARTESIAN_POINT ( 'NONE',  ( 1.419999967812999975, 1.520000000000000018, 0.1750000059600000102 ) ) ;
#1303 = ORIENTED_EDGE ( 'NONE', *, *, #2375, .T. ) ;
#1304 = UNCERTAINTY_MEASURE_WITH_UNIT (LENGTH_MEASURE( 1.000000000000000082E-05 ), #4665, 'distance_accuracy_value', 'NONE');
#1305 = FILL_AREA_STYLE_COLOUR ( '', #2701 ) ;
#1306 = DIRECTION ( 'NONE',  ( 1.000000000000000000, -0.0000000000000000000, -0.0000000000000000000 ) ) ;
#1307 = FILL_AREA_STYLE_COLOUR ( '', #4796 ) ;
#1308 = STYLED_ITEM ( 'NONE', ( #2299 ), #2878 ) ;
#1309 = LINE ( 'NONE', #4292, #3954 ) ;
#1310 = SURFACE_STYLE_USAGE ( .BOTH. , #2082 ) ;
#1311 = VERTEX_POINT ( 'NONE', #2065 ) ;
#1312 = STYLED_ITEM ( 'NONE', ( #1984 ), #3138 ) ;
#1313 = DIRECTION ( 'NONE',  ( 1.000000000000000000, 0.0000000000000000000, 0.0000000000000000000 ) ) ;
#1314 = LINE ( 'NONE', #2044, #842 ) ;
#1315 = AXIS2_PLACEMENT_3D ( 'NONE', #638, #2475, #3991 ) ;
#1316 = DIRECTION ( 'NONE',  ( -0.7071067811865474617, -0.0000000000000000000, -0.7071067811865474617 ) ) ;
#1317 = ORIENTED_EDGE ( 'NONE', *, *, #950, .F. ) ;
#1318 = EDGE_CURVE ( 'NONE', #595, #4166, #4316, .T. ) ;
#1319 = PLANE ( 'NONE',  #2724 ) ;
#1320 = SURFACE_STYLE_USAGE ( .BOTH. , #4683 ) ;
#1321 = CARTESIAN_POINT ( 'NONE',  ( 4.759999923706000224, -0.3199999999999999512, -4.878909776184769953E-16 ) ) ;
#1322 =( GEOMETRIC_REPRESENTATION_CONTEXT ( 3 ) GLOBAL_UNCERTAINTY_ASSIGNED_CONTEXT ( ( #3217 ) ) GLOBAL_UNIT_ASSIGNED_CONTEXT ( ( #3081, #856, #3154 ) ) REPRESENTATION_CONTEXT ( 'NONE', 'WORKASPACE' ) );
#1323 =( NAMED_UNIT ( * ) SI_UNIT ( $, .STERADIAN. ) SOLID_ANGLE_UNIT ( ) );
#1324 = PLANE ( 'NONE',  #4266 ) ;
#1325 = VECTOR ( 'NONE', #3827, 1000.000000000000000 ) ;
#1326 = DIRECTION ( 'NONE',  ( -0.0000000000000000000, -1.000000000000000000, 0.0000000000000000000 ) ) ;
#1327 = DIRECTION ( 'NONE',  ( 1.000000000000000000, -0.0000000000000000000, -0.0000000000000000000 ) ) ;
#1328 =( LENGTH_UNIT ( ) NAMED_UNIT ( * ) SI_UNIT ( .MILLI., .METRE. ) );
#1329 = ORIENTED_EDGE ( 'NONE', *, *, #147, .F. ) ;
#1330 = VECTOR ( 'NONE', #3600, 1000.000000000000000 ) ;
#1331 =( NAMED_UNIT ( * ) SI_UNIT ( $, .STERADIAN. ) SOLID_ANGLE_UNIT ( ) );
#1332 = COLOUR_RGB ( '',0.09411764705882352811, 0.09411764705882352811, 0.09411764705882352811 ) ;
#1333 = CARTESIAN_POINT ( 'NONE',  ( 1.269999961853000015, 3.809999961852999828, 0.02500000000000000139 ) ) ;
#1334 = PRESENTATION_STYLE_ASSIGNMENT (( #188 ) ) ;
#1335 = ORIENTED_EDGE ( 'NONE', *, *, #2715, .T. ) ;
#1336 = FILL_AREA_STYLE ('',( #2486 ) ) ;
#1337 = COLOUR_RGB ( '',1.000000000000000000, 1.000000000000000000, 0.4980392156862745168 ) ;
#1338 = VERTEX_POINT ( 'NONE', #3587 ) ;
#1339 = DIRECTION ( 'NONE',  ( -1.000000000000000000, -0.0000000000000000000, -0.0000000000000000000 ) ) ;
#1340 = ORIENTED_EDGE ( 'NONE', *, *, #3952, .F. ) ;
#1341 = UNCERTAINTY_MEASURE_WITH_UNIT (LENGTH_MEASURE( 1.000000000000000082E-05 ), #458, 'distance_accuracy_value', 'NONE');
#1342 =( LENGTH_UNIT ( ) NAMED_UNIT ( * ) SI_UNIT ( .MILLI., .METRE. ) );
#1343 = ORIENTED_EDGE ( 'NONE', *, *, #2197, .T. ) ;
#1344 = PRESENTATION_STYLE_ASSIGNMENT (( #3282 ) ) ;
#1345 = SURFACE_SIDE_STYLE ('',( #3769 ) ) ;
#1346 = VECTOR ( 'NONE', #3500, 1000.000000000000000 ) ;
#1347 = CARTESIAN_POINT ( 'NONE',  ( 0.3200000000000000067, 3.809999961852999828, 0.9499999999999999556 ) ) ;
#1348 = FACE_OUTER_BOUND ( 'NONE', #2179, .T. ) ;
#1349 = ADVANCED_FACE ( 'NONE', ( #629 ), #2795, .F. ) ;
#1350 = COLOUR_RGB ( '',0.09411764705882352811, 0.09411764705882352811, 0.09411764705882352811 ) ;
#1351 = DIRECTION ( 'NONE',  ( 0.0000000000000000000, 0.7071067811865475727, -0.7071067811865475727 ) ) ;
#1352 = LINE ( 'NONE', #3286, #2091 ) ;
#1353 =( LENGTH_UNIT ( ) NAMED_UNIT ( * ) SI_UNIT ( .MILLI., .METRE. ) );
#1354 = CARTESIAN_POINT ( 'NONE',  ( 4.759999923706000224, 0.3200000000000000067, -2.799999997020000464 ) ) ;
#1355 =( NAMED_UNIT ( * ) PLANE_ANGLE_UNIT ( ) SI_UNIT ( $, .RADIAN. ) );
#1356 = UNCERTAINTY_MEASURE_WITH_UNIT (LENGTH_MEASURE( 1.000000000000000082E-05 ), #3346, 'distance_accuracy_value', 'NONE');
#1357 = ADVANCED_FACE ( 'NONE', ( #1620 ), #4247, .T. ) ;
#1358 = EDGE_CURVE ( 'NONE', #2960, #4763, #194, .T. ) ;
#1359 = PRESENTATION_STYLE_ASSIGNMENT (( #3220 ) ) ;
#1360 = CARTESIAN_POINT ( 'NONE',  ( 2.219999961852999970, 3.809999961852999384, 1.590000000000000080 ) ) ;
#1361 = APPLICATION_CONTEXT ( 'automotive_design' ) ;
#1362 = LINE ( 'NONE', #3629, #4542 ) ;
#1363 = LINE ( 'NONE', #2817, #2219 ) ;
#1364 = DIRECTION ( 'NONE',  ( -1.000000000000000000, 0.0000000000000000000, 0.0000000000000000000 ) ) ;
#1365 = ORIENTED_EDGE ( 'NONE', *, *, #1665, .T. ) ;
#1366 = VECTOR ( 'NONE', #542, 1000.000000000000000 ) ;
#1367 = FILL_AREA_STYLE_COLOUR ( '', #163 ) ;
#1368 = COLOUR_RGB ( '',1.000000000000000000, 1.000000000000000000, 0.4980392156862745168 ) ;
#1369 = ORIENTED_EDGE ( 'NONE', *, *, #1180, .T. ) ;
#1370 =( LENGTH_UNIT ( ) NAMED_UNIT ( * ) SI_UNIT ( .MILLI., .METRE. ) );
#1371 = FACE_OUTER_BOUND ( 'NONE', #3281, .T. ) ;
#1372 = FILL_AREA_STYLE ('',( #3915 ) ) ;
#1373 =( LENGTH_UNIT ( ) NAMED_UNIT ( * ) SI_UNIT ( .MILLI., .METRE. ) );
#1374 = SURFACE_STYLE_FILL_AREA ( #4712 ) ;
#1375 = CARTESIAN_POINT ( 'NONE',  ( 6.349999923706063143, 1.820000011921000249, 2.214999988079062732 ) ) ;
#1376 = LINE ( 'NONE', #2162, #2326 ) ;
#1377 = DIRECTION ( 'NONE',  ( 0.0000000000000000000, 1.000000000000000000, 1.554312234475000050E-15 ) ) ;
#1378 = MECHANICAL_DESIGN_GEOMETRIC_PRESENTATION_REPRESENTATION (  '', ( #2844 ), #615 ) ;
#1379 = CARTESIAN_POINT ( 'NONE',  ( 2.859999961853000094, -0.3200000000000000067, -2.799999997020000020 ) ) ;
#1380 = PRESENTATION_LAYER_ASSIGNMENT (  '', '', ( #152 ) ) ;
#1381 = SURFACE_SIDE_STYLE ('',( #4462 ) ) ;
#1382 =( NAMED_UNIT ( * ) PLANE_ANGLE_UNIT ( ) SI_UNIT ( $, .RADIAN. ) );
#1383 = EDGE_CURVE ( 'NONE', #473, #3676, #2397, .T. ) ;
#1384 =( GEOMETRIC_REPRESENTATION_CONTEXT ( 3 ) GLOBAL_UNCERTAINTY_ASSIGNED_CONTEXT ( ( #582 ) ) GLOBAL_UNIT_ASSIGNED_CONTEXT ( ( #713, #783, #4794 ) ) REPRESENTATION_CONTEXT ( 'NONE', 'WORKASPACE' ) );
#1385 =( GEOMETRIC_REPRESENTATION_CONTEXT ( 3 ) GLOBAL_UNCERTAINTY_ASSIGNED_CONTEXT ( ( #3982 ) ) GLOBAL_UNIT_ASSIGNED_CONTEXT ( ( #4795, #1488, #1183 ) ) REPRESENTATION_CONTEXT ( 'NONE', 'WORKASPACE' ) );
#1386 = COLOUR_RGB ( '',1.000000000000000000, 1.000000000000000000, 0.4980392156862745168 ) ;
#1387 = FILL_AREA_STYLE_COLOUR ( '', #1757 ) ;
#1388 = ORIENTED_EDGE ( 'NONE', *, *, #1884, .F. ) ;
#1389 = PRESENTATION_STYLE_ASSIGNMENT (( #1310 ) ) ;
#1390 = ORIENTED_EDGE ( 'NONE', *, *, #443, .T. ) ;
#1391 = SHAPE_REPRESENTATION_RELATIONSHIP ( 'NONE' , 'NONE' ,  #2314, #418 ) ;
#1392 = DIRECTION ( 'NONE',  ( -0.5773502691896260641, -0.5773502691896251759, 0.5773502691896260641 ) ) ;
#1393 =( GEOMETRIC_REPRESENTATION_CONTEXT ( 3 ) GLOBAL_UNCERTAINTY_ASSIGNED_CONTEXT ( ( #2859 ) ) GLOBAL_UNIT_ASSIGNED_CONTEXT ( ( #3424, #451, #2666 ) ) REPRESENTATION_CONTEXT ( 'NONE', 'WORKASPACE' ) );
#1394 =( NAMED_UNIT ( * ) PLANE_ANGLE_UNIT ( ) SI_UNIT ( $, .RADIAN. ) );
#1395 = MECHANICAL_DESIGN_GEOMETRIC_PRESENTATION_REPRESENTATION (  '', ( #1312 ), #2006 ) ;
#1396 = ORIENTED_EDGE ( 'NONE', *, *, #3589, .T. ) ;
#1397 = SURFACE_STYLE_USAGE ( .BOTH. , #3253 ) ;
#1398 = LINE ( 'NONE', #2936, #3707 ) ;
#1399 = FILL_AREA_STYLE ('',( #3333 ) ) ;
#1400 = CARTESIAN_POINT ( 'NONE',  ( 1.269999961853000015, 1.820000011921000027, 2.214999988079000115 ) ) ;
#1401 = LINE ( 'NONE', #3967, #3878 ) ;
#1402 = LINE ( 'NONE', #4303, #3017 ) ;
#1403 = LINE ( 'NONE', #4043, #3207 ) ;
#1404 = COLOUR_RGB ( '',0.09411764705882352811, 0.09411764705882352811, 0.09411764705882352811 ) ;
#1405 =( NAMED_UNIT ( * ) SI_UNIT ( $, .STERADIAN. ) SOLID_ANGLE_UNIT ( ) );
#1406 = CARTESIAN_POINT ( 'NONE',  ( 5.399999923705999905, 1.270000000000000018, 1.590000000000000080 ) ) ;
#1407 = UNCERTAINTY_MEASURE_WITH_UNIT (LENGTH_MEASURE( 1.000000000000000082E-05 ), #1733, 'distance_accuracy_value', 'NONE');
#1408 = VECTOR ( 'NONE', #2193, 1000.000000000000114 ) ;
#1409 = SURFACE_STYLE_USAGE ( .BOTH. , #2581 ) ;
#1410 = PRESENTATION_LAYER_ASSIGNMENT (  '', '', ( #1478 ) ) ;
#1411 = CARTESIAN_POINT ( 'NONE',  ( 4.109999935627000944, 3.809999961853000716, 0.02500000000000159039 ) ) ;
#1412 = EDGE_CURVE ( 'NONE', #3874, #1994, #3909, .T. ) ;
#1413 = EDGE_CURVE ( 'NONE', #3977, #1584, #1417, .T. ) ;
#1414 = ORIENTED_EDGE ( 'NONE', *, *, #4405, .F. ) ;
#1415 = LINE ( 'NONE', #3298, #3662 ) ;
#1416 = ORIENTED_EDGE ( 'NONE', *, *, #3687, .T. ) ;
#1417 = LINE ( 'NONE', #3637, #151 ) ;
#1418 =( GEOMETRIC_REPRESENTATION_CONTEXT ( 3 ) GLOBAL_UNCERTAINTY_ASSIGNED_CONTEXT ( ( #1023 ) ) GLOBAL_UNIT_ASSIGNED_CONTEXT ( ( #3388, #2258, #3407 ) ) REPRESENTATION_CONTEXT ( 'NONE', 'WORKASPACE' ) );
#1419 = ADVANCED_FACE ( 'NONE', ( #1107 ), #35, .F. ) ;
#1420 = PLANE ( 'NONE',  #2305 ) ;
#1421 = VERTEX_POINT ( 'NONE', #735 ) ;
#1422 = DIRECTION ( 'NONE',  ( -0.7071067811865474617, 0.0000000000000000000, 0.7071067811865474617 ) ) ;
#1423 = CARTESIAN_POINT ( 'NONE',  ( -0.3200000000000000067, -0.3199999999999999512, -4.388850394221508810E-16 ) ) ;
#1424 = PRESENTATION_STYLE_ASSIGNMENT (( #1485 ) ) ;
#1425 =( NAMED_UNIT ( * ) SI_UNIT ( $, .STERADIAN. ) SOLID_ANGLE_UNIT ( ) );
#1426 = SURFACE_STYLE_FILL_AREA ( #1019 ) ;
#1427 = AXIS2_PLACEMENT_3D ( 'NONE', #1706, #2049, #1377 ) ;
#1428 = ORIENTED_EDGE ( 'NONE', *, *, #1495, .F. ) ;
#1429 = VECTOR ( 'NONE', #4322, 1000.000000000000000 ) ;
#1430 = PLANE ( 'NONE',  #870 ) ;
#1431 = LINE ( 'NONE', #4694, #3673 ) ;
#1432 = DIRECTION ( 'NONE',  ( -0.0000000000000000000, 1.000000000000000000, 1.510616709811000052E-15 ) ) ;
#1433 = SURFACE_STYLE_USAGE ( .BOTH. , #3682 ) ;
#1434 = ORIENTED_EDGE ( 'NONE', *, *, #4103, .F. ) ;
#1435 = ORIENTED_EDGE ( 'NONE', *, *, #2718, .T. ) ;
#1436 = FILL_AREA_STYLE ('',( #1147 ) ) ;
#1437 = ORIENTED_EDGE ( 'NONE', *, *, #4466, .T. ) ;
#1438 = FACE_BOUND ( 'NONE', #1545, .T. ) ;
#1439 = ORIENTED_EDGE ( 'NONE', *, *, #1602, .T. ) ;
#1440 = DIRECTION ( 'NONE',  ( 0.0000000000000000000, 1.000000000000000000, 0.0000000000000000000 ) ) ;
#1441 =( GEOMETRIC_REPRESENTATION_CONTEXT ( 3 ) GLOBAL_UNCERTAINTY_ASSIGNED_CONTEXT ( ( #631 ) ) GLOBAL_UNIT_ASSIGNED_CONTEXT ( ( #1002, #1835, #1492 ) ) REPRESENTATION_CONTEXT ( 'NONE', 'WORKASPACE' ) );
#1442 = CARTESIAN_POINT ( 'NONE',  ( 2.219999961852999970, 0.3200000000000000067, -3.000000000000000000 ) ) ;
#1443 = EDGE_CURVE ( 'NONE', #3420, #3103, #4398, .T. ) ;
#1444 = PRESENTATION_LAYER_ASSIGNMENT (  '', '', ( #3548 ) ) ;
#1445 = CARTESIAN_POINT ( 'NONE',  ( 0.3199999999999999512, -0.3200000000000000622, -2.799999997020000020 ) ) ;
#1446 =( LENGTH_UNIT ( ) NAMED_UNIT ( * ) SI_UNIT ( .MILLI., .METRE. ) );
#1447 = MECHANICAL_DESIGN_GEOMETRIC_PRESENTATION_REPRESENTATION (  '', ( #1073 ), #2284 ) ;
#1448 = ORIENTED_EDGE ( 'NONE', *, *, #3083, .T. ) ;
#1449 = CARTESIAN_POINT ( 'NONE',  ( 0.1199999970200000127, 9.810000000000000497, 0.9499999999999999556 ) ) ;
#1450 =( LENGTH_UNIT ( ) NAMED_UNIT ( * ) SI_UNIT ( .MILLI., .METRE. ) );
#1451 = VECTOR ( 'NONE', #4244, 1000.000000000000000 ) ;
#1452 = LINE ( 'NONE', #4442, #3097 ) ;
#1453 = ORIENTED_EDGE ( 'NONE', *, *, #2061, .T. ) ;
#1454 = PRESENTATION_LAYER_ASSIGNMENT (  '', '', ( #1080 ) ) ;
#1455 = ORIENTED_EDGE ( 'NONE', *, *, #2435, .T. ) ;
#1456 = DIRECTION ( 'NONE',  ( 0.0000000000000000000, -1.000000000000000000, 0.0000000000000000000 ) ) ;
#1457 = VERTEX_POINT ( 'NONE', #3667 ) ;
#1458 = STYLED_ITEM ( 'NONE', ( #2342 ), #2868 ) ;
#1459 =( NAMED_UNIT ( * ) PLANE_ANGLE_UNIT ( ) SI_UNIT ( $, .RADIAN. ) );
#1460 = LINE ( 'NONE', #340, #4492 ) ;
#1461 = COLOUR_RGB ( '',1.000000000000000000, 1.000000000000000000, 0.4980392156862745168 ) ;
#1462 = EDGE_CURVE ( 'NONE', #4638, #1516, #1082, .T. ) ;
#1463 = CARTESIAN_POINT ( 'NONE',  ( 0.3200000000000000067, 3.809999961852999828, 1.590000000000000080 ) ) ;
#1464 = EDGE_CURVE ( 'NONE', #2711, #4417, #3689, .T. ) ;
#1465 = FILL_AREA_STYLE ('',( #19 ) ) ;
#1466 = FILL_AREA_STYLE_COLOUR ( '', #3766 ) ;
#1467 = LINE ( 'NONE', #2554, #4416 ) ;
#1468 = STYLED_ITEM ( 'NONE', ( #3152 ), #3415 ) ;
#1469 = ORIENTED_EDGE ( 'NONE', *, *, #2113, .F. ) ;
#1470 = SURFACE_STYLE_USAGE ( .BOTH. , #438 ) ;
#1471 = COLOUR_RGB ( '',1.000000000000000000, 1.000000000000000000, 0.4980392156862745168 ) ;
#1472 = FILL_AREA_STYLE ('',( #3627 ) ) ;
#1473 = FILL_AREA_STYLE_COLOUR ( '', #3445 ) ;
#1474 = LINE ( 'NONE', #1121, #1641 ) ;
#1475 = DIRECTION ( 'NONE',  ( -1.000000000000000000, 0.0000000000000000000, -0.0000000000000000000 ) ) ;
#1476 = MECHANICAL_DESIGN_GEOMETRIC_PRESENTATION_REPRESENTATION (  '', ( #4529 ), #246 ) ;
#1477 = ORIENTED_EDGE ( 'NONE', *, *, #782, .F. ) ;
#1478 = STYLED_ITEM ( 'NONE', ( #3313 ), #4019 ) ;
#1479 = ORIENTED_EDGE ( 'NONE', *, *, #1756, .T. ) ;
#1480 = CARTESIAN_POINT ( 'NONE',  ( 4.759999923706000224, 3.809999961852999828, 0.9499999999999999556 ) ) ;
#1481 =( LENGTH_UNIT ( ) NAMED_UNIT ( * ) SI_UNIT ( .MILLI., .METRE. ) );
#1482 = DIRECTION ( 'NONE',  ( -0.0000000000000000000, -1.000000000000000000, -1.609823385705999920E-15 ) ) ;
#1483 = ORIENTED_EDGE ( 'NONE', *, *, #1318, .T. ) ;
#1484 = PLANE ( 'NONE',  #1843 ) ;
#1485 = SURFACE_STYLE_USAGE ( .BOTH. , #3254 ) ;
#1486 = MECHANICAL_DESIGN_GEOMETRIC_PRESENTATION_REPRESENTATION (  '', ( #958 ), #4226 ) ;
#1487 = PRESENTATION_STYLE_ASSIGNMENT (( #2915 ) ) ;
#1488 =( NAMED_UNIT ( * ) PLANE_ANGLE_UNIT ( ) SI_UNIT ( $, .RADIAN. ) );
#1489 = COLOUR_RGB ( '',1.000000000000000000, 1.000000000000000000, 0.4980392156862745168 ) ;
#1490 = DIRECTION ( 'NONE',  ( 0.7071067811865475727, -0.7071067811865475727, 0.0000000000000000000 ) ) ;
#1491 = EDGE_LOOP ( 'NONE', ( #1914, #709, #3297, #1882 ) ) ;
#1492 =( NAMED_UNIT ( * ) SI_UNIT ( $, .STERADIAN. ) SOLID_ANGLE_UNIT ( ) );
#1493 = VERTEX_POINT ( 'NONE', #3301 ) ;
#1494 = VECTOR ( 'NONE', #4568, 1000.000000000000000 ) ;
#1495 = EDGE_CURVE ( 'NONE', #2131, #768, #3278, .T. ) ;
#1496 = ADVANCED_FACE ( 'NONE', ( #2544 ), #704, .T. ) ;
#1497 = CARTESIAN_POINT ( 'NONE',  ( -0.3200000000000000067, 1.270000000000000018, 0.9499999999999999556 ) ) ;
#1498 = DIRECTION ( 'NONE',  ( -0.7071067811865475727, 0.0000000000000000000, -0.7071067811865475727 ) ) ;
#1499 = FILL_AREA_STYLE ('',( #885 ) ) ;
#1500 = ORIENTED_EDGE ( 'NONE', *, *, #692, .F. ) ;
#1501 = EDGE_LOOP ( 'NONE', ( #1317, #3871, #337, #330, #4028 ) ) ;
#1502 = CARTESIAN_POINT ( 'NONE',  ( 5.399999923705999905, 9.709999998510001618, 1.489999998510000090 ) ) ;
#1503 = DIRECTION ( 'NONE',  ( -0.0000000000000000000, 1.000000000000000000, 1.510616709811000052E-15 ) ) ;
#1504 = CARTESIAN_POINT ( 'NONE',  ( 2.859999961853000094, -0.2199999985099999888, -2.899999998509999788 ) ) ;
#1505 = LINE ( 'NONE', #3003, #2225 ) ;
#1506 = VERTEX_POINT ( 'NONE', #3762 ) ;
#1507 = COLOUR_RGB ( '',1.000000000000000000, 1.000000000000000000, 0.4980392156862745168 ) ;
#1508 = FACE_OUTER_BOUND ( 'NONE', #2439, .T. ) ;
#1509 = LINE ( 'NONE', #2280, #756 ) ;
#1510 = COLOUR_RGB ( '',1.000000000000000000, 1.000000000000000000, 0.4980392156862745168 ) ;
#1511 = FILL_AREA_STYLE_COLOUR ( '', #1471 ) ;
#1512 = CARTESIAN_POINT ( 'NONE',  ( 2.319999963343000182, -0.3200000000000000067, -2.899999998509999788 ) ) ;
#1513 = VECTOR ( 'NONE', #364, 1000.000000000000114 ) ;
#1514 = SHAPE_DEFINITION_REPRESENTATION ( #3322, #3830 ) ;
#1515 = FILL_AREA_STYLE ('',( #3659 ) ) ;
#1516 = VERTEX_POINT ( 'NONE', #114 ) ;
#1517 = PRESENTATION_LAYER_ASSIGNMENT (  '', '', ( #1073 ) ) ;
#1519 = EDGE_LOOP ( 'NONE', ( #312, #4444, #298, #521 ) ) ;
#1518 = ADVANCED_FACE ( 'NONE', ( #3398 ), #1151, .F. ) ;
#1520 = CARTESIAN_POINT ( 'NONE',  ( 5.399999923705999905, -0.3200000000000000067, -2.799999997020000020 ) ) ;
#1521 = ADVANCED_FACE ( 'NONE', ( #2321 ), #135, .T. ) ;
#1522 = ORIENTED_EDGE ( 'NONE', *, *, #4488, .F. ) ;
#1523 = PRESENTATION_LAYER_ASSIGNMENT (  '', '', ( #393 ) ) ;
#1524 = STYLED_ITEM ( 'NONE', ( #333 ), #1496 ) ;
#1525 = PRODUCT_DEFINITION_FORMATION_WITH_SPECIFIED_SOURCE ( 'ANY', '', #4061, .NOT_KNOWN. ) ;
#1526 = SURFACE_SIDE_STYLE ('',( #1129 ) ) ;
#1527 = EDGE_CURVE ( 'NONE', #110, #2191, #775, .T. ) ;
#1528 = EDGE_LOOP ( 'NONE', ( #3288, #4225, #257, #4599 ) ) ;
#1529 = STYLED_ITEM ( 'NONE', ( #1162 ), #2465 ) ;
#1530 = STYLED_ITEM ( 'NONE', ( #1012 ), #1908 ) ;
#1531 = DIRECTION ( 'NONE',  ( -0.0000000000000000000, 1.000000000000000000, 1.332267629549999902E-15 ) ) ;
#1532 = PLANE ( 'NONE',  #705 ) ;
#1533 = ORIENTED_EDGE ( 'NONE', *, *, #1159, .F. ) ;
#1534 =( NAMED_UNIT ( * ) SI_UNIT ( $, .STERADIAN. ) SOLID_ANGLE_UNIT ( ) );
#1535 = PRESENTATION_LAYER_ASSIGNMENT (  '', '', ( #3182 ) ) ;
#1536 = FILL_AREA_STYLE ('',( #4115 ) ) ;
#1537 = AXIS2_PLACEMENT_3D ( 'NONE', #2900, #1498, #758 ) ;
#1538 = PRESENTATION_STYLE_ASSIGNMENT (( #84 ) ) ;
#1539 = FILL_AREA_STYLE ('',( #3803 ) ) ;
#1540 = EDGE_LOOP ( 'NONE', ( #3030, #2257, #4725, #3316 ) ) ;
#1541 = UNCERTAINTY_MEASURE_WITH_UNIT (LENGTH_MEASURE( 1.000000000000000082E-05 ), #2307, 'distance_accuracy_value', 'NONE');
#1542 = SURFACE_SIDE_STYLE ('',( #949 ) ) ;
#1543 = DIRECTION ( 'NONE',  ( 0.0000000000000000000, -1.332267629549999902E-15, 1.000000000000000000 ) ) ;
#1544 = FACE_OUTER_BOUND ( 'NONE', #2818, .T. ) ;
#1545 = EDGE_LOOP ( 'NONE', ( #189, #2899, #738, #427 ) ) ;
#1546 = DIRECTION ( 'NONE',  ( 0.0000000000000000000, 0.0000000000000000000, -1.000000000000000000 ) ) ;
#1547 = EDGE_CURVE ( 'NONE', #4199, #1667, #4473, .T. ) ;
#1548 = SURFACE_SIDE_STYLE ('',( #527 ) ) ;
#1549 = EDGE_LOOP ( 'NONE', ( #760, #2767, #4126, #1784 ) ) ;
#1550 = DIRECTION ( 'NONE',  ( 1.000000000000000000, 0.0000000000000000000, -0.0000000000000000000 ) ) ;
#1551 = VECTOR ( 'NONE', #243, 1000.000000000000000 ) ;
#1552 = EDGE_CURVE ( 'NONE', #1814, #1457, #1679, .T. ) ;
#1553 = CARTESIAN_POINT ( 'NONE',  ( -0.3200000000000000067, 1.270000000000000018, 1.590000000000000080 ) ) ;
#1554 = VECTOR ( 'NONE', #2389, 1000.000000000000000 ) ;
#1555 = SURFACE_STYLE_USAGE ( .BOTH. , #3453 ) ;
#1556 =( NAMED_UNIT ( * ) SI_UNIT ( $, .STERADIAN. ) SOLID_ANGLE_UNIT ( ) );
#1557 = MECHANICAL_DESIGN_GEOMETRIC_PRESENTATION_REPRESENTATION (  '', ( #3912 ), #4144 ) ;
#1558 = CARTESIAN_POINT ( 'NONE',  ( 5.199999920726000369, -0.1199999970199999433, -3.000000000000000444 ) ) ;
#1559 = AXIS2_PLACEMENT_3D ( 'NONE', #648, #2098, #2952 ) ;
#1560 =( LENGTH_UNIT ( ) NAMED_UNIT ( * ) SI_UNIT ( .MILLI., .METRE. ) );
#1561 = LINE ( 'NONE', #4577, #1366 ) ;
#1562 = ORIENTED_EDGE ( 'NONE', *, *, #1155, .F. ) ;
#1563 = VECTOR ( 'NONE', #27, 1000.000000000000000 ) ;
#1564 = VERTEX_POINT ( 'NONE', #3383 ) ;
#1565 = FILL_AREA_STYLE_COLOUR ( '', #3270 ) ;
#1566 = CARTESIAN_POINT ( 'NONE',  ( -0.9699999880791249085, 1.519999999999998241, 2.515000000000125802 ) ) ;
#1567 = VERTEX_POINT ( 'NONE', #54 ) ;
#1568 = PRESENTATION_STYLE_ASSIGNMENT (( #2391 ) ) ;
#1569 = AXIS2_PLACEMENT_3D ( 'NONE', #2699, #1186, #3825 ) ;
#1570 = ORIENTED_EDGE ( 'NONE', *, *, #533, .T. ) ;
#1571 = PRESENTATION_STYLE_ASSIGNMENT (( #142 ) ) ;
#1572 = SURFACE_SIDE_STYLE ('',( #1248 ) ) ;
#1573 = DIRECTION ( 'NONE',  ( 0.0000000000000000000, 0.0000000000000000000, -1.000000000000000000 ) ) ;
#1574 = ORIENTED_EDGE ( 'NONE', *, *, #950, .T. ) ;
#1575 = EDGE_CURVE ( 'NONE', #2128, #3439, #4127, .T. ) ;
#1576 = DIRECTION ( 'NONE',  ( -0.0000000000000000000, 1.510616709811000052E-15, -1.000000000000000000 ) ) ;
#1577 = EDGE_CURVE ( 'NONE', #4341, #476, #290, .T. ) ;
#1578 =( NAMED_UNIT ( * ) SI_UNIT ( $, .STERADIAN. ) SOLID_ANGLE_UNIT ( ) );
#1579 = VECTOR ( 'NONE', #166, 1000.000000000000000 ) ;
#1580 = DIRECTION ( 'NONE',  ( 0.0000000000000000000, 0.0000000000000000000, 1.000000000000000000 ) ) ;
#1581 =( NAMED_UNIT ( * ) SI_UNIT ( $, .STERADIAN. ) SOLID_ANGLE_UNIT ( ) );
#1582 = FILL_AREA_STYLE_COLOUR ( '', #3402 ) ;
#1583 = AXIS2_PLACEMENT_3D ( 'NONE', #3850, #3805, #3870 ) ;
#1584 = VERTEX_POINT ( 'NONE', #2481 ) ;
#1585 = UNCERTAINTY_MEASURE_WITH_UNIT (LENGTH_MEASURE( 1.000000000000000082E-05 ), #2152, 'distance_accuracy_value', 'NONE');
#1586 = VERTEX_POINT ( 'NONE', #1664 ) ;
#1587 = CARTESIAN_POINT ( 'NONE',  ( 2.219999961852999970, 1.270000000000000018, 1.590000000000000080 ) ) ;
#1588 = CARTESIAN_POINT ( 'NONE',  ( 2.219999961852999970, 9.609999997019999185, 0.9499999999999999556 ) ) ;
#1589 = FACE_OUTER_BOUND ( 'NONE', #508, .T. ) ;
#1590 = VECTOR ( 'NONE', #2047, 1000.000000000000000 ) ;
#1591 = DIRECTION ( 'NONE',  ( 1.000000000000000000, -0.0000000000000000000, 0.0000000000000000000 ) ) ;
#1592 = VERTEX_POINT ( 'NONE', #2361 ) ;
#1593 = VECTOR ( 'NONE', #1038, 1000.000000000000000 ) ;
#1594 = STYLED_ITEM ( 'NONE', ( #4366 ), #2204 ) ;
#1595 = MECHANICAL_DESIGN_GEOMETRIC_PRESENTATION_REPRESENTATION (  '', ( #1524 ), #1920 ) ;
#1596 = PRODUCT_DEFINITION_FORMATION_WITH_SPECIFIED_SOURCE ( 'ANY', '', #3668, .NOT_KNOWN. ) ;
#1597 = FILL_AREA_STYLE ('',( #4548 ) ) ;
#1598 = ORIENTED_EDGE ( 'NONE', *, *, #3054, .T. ) ;
#1599 = DIRECTION ( 'NONE',  ( 0.0000000000000000000, 1.332267629549999902E-15, -1.000000000000000000 ) ) ;
#1600 = STYLED_ITEM ( 'NONE', ( #1487 ), #1847 ) ;
#1601 =( GEOMETRIC_REPRESENTATION_CONTEXT ( 3 ) GLOBAL_UNCERTAINTY_ASSIGNED_CONTEXT ( ( #2155 ) ) GLOBAL_UNIT_ASSIGNED_CONTEXT ( ( #3822, #122, #916 ) ) REPRESENTATION_CONTEXT ( 'NONE', 'WORKASPACE' ) );
#1602 = EDGE_CURVE ( 'NONE', #2292, #3950, #4384, .T. ) ;
#1603 = MECHANICAL_DESIGN_GEOMETRIC_PRESENTATION_REPRESENTATION (  '', ( #87 ), #1998 ) ;
#1604 = DIRECTION ( 'NONE',  ( 0.7071067811865474617, 0.0000000000000000000, -0.7071067811865474617 ) ) ;
#1605 =( NAMED_UNIT ( * ) PLANE_ANGLE_UNIT ( ) SI_UNIT ( $, .RADIAN. ) );
#1606 =( GEOMETRIC_REPRESENTATION_CONTEXT ( 3 ) GLOBAL_UNCERTAINTY_ASSIGNED_CONTEXT ( ( #2843 ) ) GLOBAL_UNIT_ASSIGNED_CONTEXT ( ( #1989, #3509, #507 ) ) REPRESENTATION_CONTEXT ( 'NONE', 'WORKASPACE' ) );
#1607 = MECHANICAL_DESIGN_GEOMETRIC_PRESENTATION_REPRESENTATION (  '', ( #2851 ), #845 ) ;
#1608 = EDGE_LOOP ( 'NONE', ( #1893, #2335, #1286, #209 ) ) ;
#1609 = EDGE_CURVE ( 'NONE', #1194, #4417, #3999, .T. ) ;
#1610 = VECTOR ( 'NONE', #1053, 1000.000000000000000 ) ;
#1611 = VERTEX_POINT ( 'NONE', #2392 ) ;
#1612 = VERTEX_POINT ( 'NONE', #4745 ) ;
#1613 =( LENGTH_UNIT ( ) NAMED_UNIT ( * ) SI_UNIT ( .MILLI., .METRE. ) );
#1614 = DIRECTION ( 'NONE',  ( 0.7071067811865474617, -0.0000000000000000000, 0.7071067811865474617 ) ) ;
#1615 =( GEOMETRIC_REPRESENTATION_CONTEXT ( 3 ) GLOBAL_UNCERTAINTY_ASSIGNED_CONTEXT ( ( #1356 ) ) GLOBAL_UNIT_ASSIGNED_CONTEXT ( ( #3346, #4388, #3681 ) ) REPRESENTATION_CONTEXT ( 'NONE', 'WORKASPACE' ) );
#1616 = SURFACE_SIDE_STYLE ('',( #3464 ) ) ;
#1617 =( GEOMETRIC_REPRESENTATION_CONTEXT ( 3 ) GLOBAL_UNCERTAINTY_ASSIGNED_CONTEXT ( ( #2354 ) ) GLOBAL_UNIT_ASSIGNED_CONTEXT ( ( #2971, #1885, #4506 ) ) REPRESENTATION_CONTEXT ( 'NONE', 'WORKASPACE' ) );
#1618 =( LENGTH_UNIT ( ) NAMED_UNIT ( * ) SI_UNIT ( .MILLI., .METRE. ) );
#1619 = VERTEX_POINT ( 'NONE', #2140 ) ;
#1620 = FACE_OUTER_BOUND ( 'NONE', #4344, .T. ) ;
#1621 = UNCERTAINTY_MEASURE_WITH_UNIT (LENGTH_MEASURE( 1.000000000000000082E-05 ), #2172, 'distance_accuracy_value', 'NONE');
#1622 = COLOUR_RGB ( '',1.000000000000000000, 1.000000000000000000, 0.4980392156862745168 ) ;
#1623 =( NAMED_UNIT ( * ) PLANE_ANGLE_UNIT ( ) SI_UNIT ( $, .RADIAN. ) );
#1624 = DIRECTION ( 'NONE',  ( -0.7071067811865474617, 0.0000000000000000000, -0.7071067811865474617 ) ) ;
#1625 = ORIENTED_EDGE ( 'NONE', *, *, #1462, .F. ) ;
#1626 = CARTESIAN_POINT ( 'NONE',  ( 5.199999920726000369, 9.810000000000000497, 1.150000002979999936 ) ) ;
#1627 = CARTESIAN_POINT ( 'NONE',  ( -0.3200000000000000067, -0.3200000000000000067, -2.799999997020000020 ) ) ;
#1628 = DIRECTION ( 'NONE',  ( -0.0000000000000000000, -0.0000000000000000000, -1.000000000000000000 ) ) ;
#1629 = CARTESIAN_POINT ( 'NONE',  ( 3.809999961852999828, 1.820000011921000027, 0.02500000000000000139 ) ) ;
#1630 = FILL_AREA_STYLE ('',( #3038 ) ) ;
#1631 = VECTOR ( 'NONE', #1185, 1000.000000000000000 ) ;
#1632 = ORIENTED_EDGE ( 'NONE', *, *, #3743, .T. ) ;
#1633 = UNCERTAINTY_MEASURE_WITH_UNIT (LENGTH_MEASURE( 1.000000000000000082E-05 ), #4168, 'distance_accuracy_value', 'NONE');
#1634 = PRESENTATION_LAYER_ASSIGNMENT (  '', '', ( #4076 ) ) ;
#1635 = ORIENTED_EDGE ( 'NONE', *, *, #2000, .T. ) ;
#1636 =( NAMED_UNIT ( * ) SI_UNIT ( $, .STERADIAN. ) SOLID_ANGLE_UNIT ( ) );
#1637 = LINE ( 'NONE', #4260, #1955 ) ;
#1638 = ORIENTED_EDGE ( 'NONE', *, *, #662, .F. ) ;
#1639 = EDGE_CURVE ( 'NONE', #3095, #3252, #1987, .T. ) ;
#1640 = EDGE_CURVE ( 'NONE', #592, #50, #1050, .T. ) ;
#1641 = VECTOR ( 'NONE', #1143, 1000.000000000000114 ) ;
#1642 = CARTESIAN_POINT ( 'NONE',  ( 4.959999926685999760, 0.1199999970200002070, -3.000000000000000444 ) ) ;
#1643 = LINE ( 'NONE', #208, #4272 ) ;
#1644 = ORIENTED_EDGE ( 'NONE', *, *, #3303, .F. ) ;
#1645 = EDGE_CURVE ( 'NONE', #843, #849, #3507, .T. ) ;
#1646 = SURFACE_STYLE_FILL_AREA ( #2444 ) ;
#1647 =( GEOMETRIC_REPRESENTATION_CONTEXT ( 3 ) GLOBAL_UNCERTAINTY_ASSIGNED_CONTEXT ( ( #823 ) ) GLOBAL_UNIT_ASSIGNED_CONTEXT ( ( #2236, #1958, #3431 ) ) REPRESENTATION_CONTEXT ( 'NONE', 'WORKASPACE' ) );
#1648 =( NAMED_UNIT ( * ) PLANE_ANGLE_UNIT ( ) SI_UNIT ( $, .RADIAN. ) );
#1649 = PLANE ( 'NONE',  #2846 ) ;
#1650 =( NAMED_UNIT ( * ) PLANE_ANGLE_UNIT ( ) SI_UNIT ( $, .RADIAN. ) );
#1651 =( NAMED_UNIT ( * ) SI_UNIT ( $, .STERADIAN. ) SOLID_ANGLE_UNIT ( ) );
#1652 = SURFACE_STYLE_USAGE ( .BOTH. , #1042 ) ;
#1653 = CYLINDRICAL_SURFACE ( 'NONE', #403, 0.9499999999999999556 ) ;
#1654 = CARTESIAN_POINT ( 'NONE',  ( -0.3200000000000000067, -0.1199999970200000127, -3.000000000000000000 ) ) ;
#1655 = FACE_OUTER_BOUND ( 'NONE', #3857, .T. ) ;
#1656 = EDGE_LOOP ( 'NONE', ( #4035, #1638, #4206, #3612, #303 ) ) ;
#1657 = VECTOR ( 'NONE', #280, 1000.000000000000000 ) ;
#1658 = VERTEX_POINT ( 'NONE', #3879 ) ;
#1659 = SURFACE_STYLE_FILL_AREA ( #4287 ) ;
#1660 = LINE ( 'NONE', #1000, #1870 ) ;
#1661 = VERTEX_POINT ( 'NONE', #3166 ) ;
#1662 = MECHANICAL_DESIGN_GEOMETRIC_PRESENTATION_REPRESENTATION (  '', ( #1203 ), #3940 ) ;
#1663 =( NAMED_UNIT ( * ) SI_UNIT ( $, .STERADIAN. ) SOLID_ANGLE_UNIT ( ) );
#1664 = CARTESIAN_POINT ( 'NONE',  ( 1.270000000000062634, 1.820000011921000693, 0.3250000119209377480 ) ) ;
#1665 = EDGE_CURVE ( 'NONE', #768, #1661, #167, .T. ) ;
#1666 = DIRECTION ( 'NONE',  ( -0.0000000000000000000, 1.000000000000000000, 0.0000000000000000000 ) ) ;
#1667 = VERTEX_POINT ( 'NONE', #1642 ) ;
#1668 = COLOUR_RGB ( '',0.09411764705882352811, 0.09411764705882352811, 0.09411764705882352811 ) ;
#1669 = DIRECTION ( 'NONE',  ( 0.0000000000000000000, 0.0000000000000000000, 1.000000000000000000 ) ) ;
#1670 = UNCERTAINTY_MEASURE_WITH_UNIT (LENGTH_MEASURE( 1.000000000000000082E-05 ), #640, 'distance_accuracy_value', 'NONE');
#1671 = EDGE_CURVE ( 'NONE', #2587, #619, #2891, .T. ) ;
#1672 = LINE ( 'NONE', #3176, #1928 ) ;
#1673 = CARTESIAN_POINT ( 'NONE',  ( 1.269999961853000015, 1.820000011921003136, 0.3250000119209999760 ) ) ;
#1674 = DIRECTION ( 'NONE',  ( 0.0000000000000000000, -0.0000000000000000000, 1.000000000000000000 ) ) ;
#1675 = AXIS2_PLACEMENT_3D ( 'NONE', #1719, #3535, #1669 ) ;
#1676 =( NAMED_UNIT ( * ) PLANE_ANGLE_UNIT ( ) SI_UNIT ( $, .RADIAN. ) );
#1677 = VECTOR ( 'NONE', #4280, 1000.000000000000000 ) ;
#1678 = CARTESIAN_POINT ( 'NONE',  ( 2.219999961852999970, 0.3200000000000000622, -6.186013787285977915E-16 ) ) ;
#1679 = CIRCLE ( 'NONE', #4428, 0.9499999999999999556 ) ;
#1680 =( LENGTH_UNIT ( ) NAMED_UNIT ( * ) SI_UNIT ( .MILLI., .METRE. ) );
#1681 = LINE ( 'NONE', #4716, #1346 ) ;
#1682 = PRESENTATION_STYLE_ASSIGNMENT (( #2093 ) ) ;
#1683 = ORIENTED_EDGE ( 'NONE', *, *, #3470, .F. ) ;
#1684 = UNCERTAINTY_MEASURE_WITH_UNIT (LENGTH_MEASURE( 1.000000000000000082E-05 ), #2821, 'distance_accuracy_value', 'NONE');
#1685 =( GEOMETRIC_REPRESENTATION_CONTEXT ( 3 ) GLOBAL_UNCERTAINTY_ASSIGNED_CONTEXT ( ( #3588 ) ) GLOBAL_UNIT_ASSIGNED_CONTEXT ( ( #3280, #1723, #1014 ) ) REPRESENTATION_CONTEXT ( 'NONE', 'WORKASPACE' ) );
#1686 = MECHANICAL_DESIGN_GEOMETRIC_PRESENTATION_REPRESENTATION (  '', ( #2376 ), #2955 ) ;
#1687 = CARTESIAN_POINT ( 'NONE',  ( -0.3200000000000000067, 1.270000000000000018, 0.9499999999999997335 ) ) ;
#1688 = STYLED_ITEM ( 'NONE', ( #1389 ), #3021 ) ;
#1689 = CARTESIAN_POINT ( 'NONE',  ( 0.1199999970199998184, 0.3200000000000000067, -3.000000000000000000 ) ) ;
#1690 = EDGE_LOOP ( 'NONE', ( #4350, #222, #2030, #2336 ) ) ;
#1691 = DIRECTION ( 'NONE',  ( -0.0000000000000000000, -1.000000000000000000, 0.0000000000000000000 ) ) ;
#1692 =( GEOMETRIC_REPRESENTATION_CONTEXT ( 3 ) GLOBAL_UNCERTAINTY_ASSIGNED_CONTEXT ( ( #1785 ) ) GLOBAL_UNIT_ASSIGNED_CONTEXT ( ( #2542, #32, #1105 ) ) REPRESENTATION_CONTEXT ( 'NONE', 'WORKASPACE' ) );
#1693 = CARTESIAN_POINT ( 'NONE',  ( 3.809999961853499872, 1.520000000000000018, 0.3250000119204999871 ) ) ;
#1694 = ORIENTED_EDGE ( 'NONE', *, *, #3772, .T. ) ;
#1695 = COLOUR_RGB ( '',0.09411764705882352811, 0.09411764705882352811, 0.09411764705882352811 ) ;
#1696 = FILL_AREA_STYLE ('',( #677 ) ) ;
#1697 = EDGE_CURVE ( 'NONE', #3266, #2146, #3561, .T. ) ;
#1698 = DIRECTION ( 'NONE',  ( -0.5773502691896261751, 0.5773502691896250649, -0.5773502691896261751 ) ) ;
#1699 = ORIENTED_EDGE ( 'NONE', *, *, #1671, .F. ) ;
#1700 = LINE ( 'NONE', #3208, #4339 ) ;
#1701 = EDGE_CURVE ( 'NONE', #4221, #1942, #2011, .T. ) ;
#1702 = EDGE_CURVE ( 'NONE', #626, #1942, #1282, .T. ) ;
#1703 =( NAMED_UNIT ( * ) SI_UNIT ( $, .STERADIAN. ) SOLID_ANGLE_UNIT ( ) );
#1704 = AXIS2_PLACEMENT_3D ( 'NONE', #1832, #1141, #3056 ) ;
#1705 = CARTESIAN_POINT ( 'NONE',  ( 3.509999949932124608, 1.520000000000000018, 0.02499999999987491048 ) ) ;
#1706 = CARTESIAN_POINT ( 'NONE',  ( 1.269999961853000015, 1.520000000000000018, 2.214999988079000115 ) ) ;
#1707 = STYLED_ITEM ( 'NONE', ( #3473 ), #3927 ) ;
#1708 = CARTESIAN_POINT ( 'NONE',  ( 1.270000000000000018, 1.820000011921000027, 0.02500000000000000139 ) ) ;
#1709 = FILL_AREA_STYLE_COLOUR ( '', #4367 ) ;
#1710 = STYLED_ITEM ( 'NONE', ( #3292 ), #4346 ) ;
#1711 = LINE ( 'NONE', #205, #3893 ) ;
#1712 = CARTESIAN_POINT ( 'NONE',  ( 3.809999923706000047, 1.820000011921002026, 0.9499999999999998446 ) ) ;
#1713 = FILL_AREA_STYLE_COLOUR ( '', #1875 ) ;
#1714 = CARTESIAN_POINT ( 'NONE',  ( 3.809999923706000047, 1.520000000000000018, 0.3250000119209999760 ) ) ;
#1715 = CARTESIAN_POINT ( 'NONE',  ( 3.809999923706000047, 1.520000000000000018, 0.3250000119209999205 ) ) ;
#1716 = ORIENTED_EDGE ( 'NONE', *, *, #1001, .F. ) ;
#1717 = AXIS2_PLACEMENT_3D ( 'NONE', #2705, #4597, #2655 ) ;
#1718 =( NAMED_UNIT ( * ) PLANE_ANGLE_UNIT ( ) SI_UNIT ( $, .RADIAN. ) );
#1719 = CARTESIAN_POINT ( 'NONE',  ( 0.3200000000000000067, -0.3200000000000000067, -3.000000000000000000 ) ) ;
#1720 = UNCERTAINTY_MEASURE_WITH_UNIT (LENGTH_MEASURE( 1.000000000000000082E-05 ), #4400, 'distance_accuracy_value', 'NONE');
#1721 = VECTOR ( 'NONE', #2857, 1000.000000000000000 ) ;
#1722 = SURFACE_SIDE_STYLE ('',( #3028 ) ) ;
#1723 =( NAMED_UNIT ( * ) PLANE_ANGLE_UNIT ( ) SI_UNIT ( $, .RADIAN. ) );
#1724 = ORIENTED_EDGE ( 'NONE', *, *, #1577, .F. ) ;
#1725 = DIRECTION ( 'NONE',  ( 0.0000000000000000000, 1.000000000000000000, 1.609823385705999920E-15 ) ) ;
#1726 = SURFACE_STYLE_FILL_AREA ( #3570 ) ;
#1727 =( LENGTH_UNIT ( ) NAMED_UNIT ( * ) SI_UNIT ( .MILLI., .METRE. ) );
#1728 = ADVANCED_FACE ( 'NONE', ( #1589 ), #4326, .F. ) ;
#1729 = LINE ( 'NONE', #1751, #3645 ) ;
#1730 = DIRECTION ( 'NONE',  ( 0.0000000000000000000, 0.0000000000000000000, 1.000000000000000000 ) ) ;
#1731 = DIRECTION ( 'NONE',  ( -0.0000000000000000000, -1.000000000000000000, 0.0000000000000000000 ) ) ;
#1732 = UNCERTAINTY_MEASURE_WITH_UNIT (LENGTH_MEASURE( 1.000000000000000082E-05 ), #4558, 'distance_accuracy_value', 'NONE');
#1733 =( LENGTH_UNIT ( ) NAMED_UNIT ( * ) SI_UNIT ( .MILLI., .METRE. ) );
#1734 = SURFACE_STYLE_FILL_AREA ( #3163 ) ;
#1735 = PLANE ( 'NONE',  #651 ) ;
#1736 = ORIENTED_EDGE ( 'NONE', *, *, #4096, .T. ) ;
#1737 = CARTESIAN_POINT ( 'NONE',  ( -0.3199999999999999512, 3.809999961852999384, 0.9499999999999999556 ) ) ;
#1738 =( NAMED_UNIT ( * ) PLANE_ANGLE_UNIT ( ) SI_UNIT ( $, .RADIAN. ) );
#1739 = STYLED_ITEM ( 'NONE', ( #3988 ), #481 ) ;
#1740 = CARTESIAN_POINT ( 'NONE',  ( 0.3200000000000000067, -0.3199999999999999512, -4.388850394221508810E-16 ) ) ;
#1741 = EDGE_LOOP ( 'NONE', ( #4396, #307, #532, #442, #1635 ) ) ;
#1742 = SHAPE_DEFINITION_REPRESENTATION ( #642, #3678 ) ;
#1743 = VECTOR ( 'NONE', #1475, 1000.000000000000000 ) ;
#1744 = DIRECTION ( 'NONE',  ( 0.0000000000000000000, 1.000000000000000000, -0.0000000000000000000 ) ) ;
#1745 = MECHANICAL_DESIGN_GEOMETRIC_PRESENTATION_REPRESENTATION (  '', ( #289 ), #4250 ) ;
#1746 = ORIENTED_EDGE ( 'NONE', *, *, #510, .F. ) ;
#1747 = CARTESIAN_POINT ( 'NONE',  ( 0.9699999880791245754, 1.519999999999998241, 2.515000000000125802 ) ) ;
#1748 = CARTESIAN_POINT ( 'NONE',  ( 5.399999923705999905, 1.270000000000000018, 1.590000000000000080 ) ) ;
#1749 = DIRECTION ( 'NONE',  ( 0.0000000000000000000, -1.000000000000000000, 0.0000000000000000000 ) ) ;
#1750 = VECTOR ( 'NONE', #106, 1000.000000000000000 ) ;
#1751 = CARTESIAN_POINT ( 'NONE',  ( 5.399999923705999905, 9.609999997019999185, 1.590000000000000080 ) ) ;
#1752 = PRESENTATION_LAYER_ASSIGNMENT (  '', '', ( #3872 ) ) ;
#1753 = CARTESIAN_POINT ( 'NONE',  ( 6.349999923706000082, 1.520000000000000018, 2.515000000000000124 ) ) ;
#1754 = VECTOR ( 'NONE', #1975, 1000.000000000000000 ) ;
#1755 = CARTESIAN_POINT ( 'NONE',  ( 3.809999961852999828, 1.520000000000000018, 2.214999988079000115 ) ) ;
#1756 = EDGE_CURVE ( 'NONE', #381, #1516, #3257, .T. ) ;
#1757 = COLOUR_RGB ( '',1.000000000000000000, 1.000000000000000000, 0.4980392156862745168 ) ;
#1758 =( GEOMETRIC_REPRESENTATION_CONTEXT ( 3 ) GLOBAL_UNCERTAINTY_ASSIGNED_CONTEXT ( ( #2017 ) ) GLOBAL_UNIT_ASSIGNED_CONTEXT ( ( #4173, #2690, #1917 ) ) REPRESENTATION_CONTEXT ( 'NONE', 'WORKASPACE' ) );
#1759 = SURFACE_STYLE_FILL_AREA ( #3264 ) ;
#1760 = FACE_OUTER_BOUND ( 'NONE', #4626, .T. ) ;
#1761 = ORIENTED_EDGE ( 'NONE', *, *, #867, .T. ) ;
#1762 = CARTESIAN_POINT ( 'NONE',  ( 2.219999961852999970, 1.270000000000000018, 1.589999999999999858 ) ) ;
#1763 = MECHANICAL_DESIGN_GEOMETRIC_PRESENTATION_REPRESENTATION (  '', ( #1084 ), #4042 ) ;
#1764 = EDGE_CURVE ( 'NONE', #1516, #3062, #1401, .T. ) ;
#1765 =( GEOMETRIC_REPRESENTATION_CONTEXT ( 3 ) GLOBAL_UNCERTAINTY_ASSIGNED_CONTEXT ( ( #1341 ) ) GLOBAL_UNIT_ASSIGNED_CONTEXT ( ( #458, #174, #3105 ) ) REPRESENTATION_CONTEXT ( 'NONE', 'WORKASPACE' ) );
#1766 = AXIS2_PLACEMENT_3D ( 'NONE', #4175, #1921, #2641 ) ;
#1767 = FACE_OUTER_BOUND ( 'NONE', #720, .T. ) ;
#1768 = CARTESIAN_POINT ( 'NONE',  ( 4.759999923706000224, 3.809999961852999384, 1.590000000000000080 ) ) ;
#1769 = CARTESIAN_POINT ( 'NONE',  ( -0.1199999970200000127, 9.810000000000000497, 0.9499999999999999556 ) ) ;
#1771 = UNCERTAINTY_MEASURE_WITH_UNIT (LENGTH_MEASURE( 1.000000000000000082E-05 ), #302, 'distance_accuracy_value', 'NONE');
#1770 =( GEOMETRIC_REPRESENTATION_CONTEXT ( 3 ) GLOBAL_UNCERTAINTY_ASSIGNED_CONTEXT ( ( #334 ) ) GLOBAL_UNIT_ASSIGNED_CONTEXT ( ( #1618, #552, #2272 ) ) REPRESENTATION_CONTEXT ( 'NONE', 'WORKASPACE' ) );
#1772 = CARTESIAN_POINT ( 'NONE',  ( 4.759999923706000224, 1.270000000000000018, -4.440892098500999885E-16 ) ) ;
#1773 = VECTOR ( 'NONE', #1813, 1000.000000000000000 ) ;
#1774 = CARTESIAN_POINT ( 'NONE',  ( -1.270000000000500062, 1.520000000000000018, 2.214999988079500159 ) ) ;
#1775 = ORIENTED_EDGE ( 'NONE', *, *, #3557, .T. ) ;
#1776 = CARTESIAN_POINT ( 'NONE',  ( -1.270000000000000018, 3.809999961852995831, 2.515000000000000124 ) ) ;
#1777 = DIRECTION ( 'NONE',  ( -0.0000000000000000000, 1.510616709811000052E-15, -1.000000000000000000 ) ) ;
#1778 = FACE_OUTER_BOUND ( 'NONE', #4648, .T. ) ;
#1779 = CARTESIAN_POINT ( 'NONE',  ( 2.219999961852999970, 0.2199999985099999888, -2.899999998509999788 ) ) ;
#1780 = DIRECTION ( 'NONE',  ( 0.7071067811865474617, 0.0000000000000000000, -0.7071067811865474617 ) ) ;
#1781 = PRODUCT ( 'PinArray', 'PinArray', '', ( #1031 ) ) ;
#1782 = LINE ( 'NONE', #850, #4072 ) ;
#1783 = SURFACE_SIDE_STYLE ('',( #1854 ) ) ;
#1784 = ORIENTED_EDGE ( 'NONE', *, *, #3746, .T. ) ;
#1785 = UNCERTAINTY_MEASURE_WITH_UNIT (LENGTH_MEASURE( 1.000000000000000082E-05 ), #2542, 'distance_accuracy_value', 'NONE');
#1786 = VECTOR ( 'NONE', #62, 1000.000000000000000 ) ;
#1787 = CARTESIAN_POINT ( 'NONE',  ( 2.759999960362999882, 9.709999998510001618, 0.9499999999999999556 ) ) ;
#1788 = DIRECTION ( 'NONE',  ( 0.7071067811865474617, -0.0000000000000000000, -0.7071067811865474617 ) ) ;
#1789 = FILL_AREA_STYLE ('',( #1473 ) ) ;
#1790 = PRESENTATION_STYLE_ASSIGNMENT (( #3658 ) ) ;
#1791 = VECTOR ( 'NONE', #3461, 1000.000000000000114 ) ;
#1792 = ORIENTED_EDGE ( 'NONE', *, *, #2969, .T. ) ;
#1793 = AXIS2_PLACEMENT_3D ( 'NONE', #1026, #3347, #3628 ) ;
#1794 = MANIFOLD_SOLID_BREP ( 'Imported2', #3294 ) ;
#1795 = EDGE_CURVE ( 'NONE', #327, #3977, #1043, .T. ) ;
#1796 = DIRECTION ( 'NONE',  ( 0.7071067811865474617, 0.0000000000000000000, -0.7071067811865474617 ) ) ;
#1797 = EDGE_CURVE ( 'NONE', #4565, #1421, #612, .T. ) ;
#1798 = EDGE_LOOP ( 'NONE', ( #2165, #3584, #1838, #4601 ) ) ;
#1799 = LINE ( 'NONE', #4104, #3183 ) ;
#1800 = LINE ( 'NONE', #3305, #168 ) ;
#1801 = VERTEX_POINT ( 'NONE', #3598 ) ;
#1802 = DIRECTION ( 'NONE',  ( -1.000000000000000000, 0.0000000000000000000, -0.0000000000000000000 ) ) ;
#1803 =( NAMED_UNIT ( * ) PLANE_ANGLE_UNIT ( ) SI_UNIT ( $, .RADIAN. ) );
#1804 = AXIS2_PLACEMENT_3D ( 'NONE', #1512, #3058, #3012 ) ;
#1805 = FILL_AREA_STYLE ('',( #3720 ) ) ;
#1806 = SURFACE_STYLE_FILL_AREA ( #2076 ) ;
#1807 = DIRECTION ( 'NONE',  ( 0.7071067811865474617, 0.7071067811865474617, 0.0000000000000000000 ) ) ;
#1808 = ORIENTED_EDGE ( 'NONE', *, *, #2943, .F. ) ;
#1809 = CARTESIAN_POINT ( 'NONE',  ( 3.809999923706000047, 3.809999961852995831, 2.515000000000000124 ) ) ;
#1810 = PRESENTATION_STYLE_ASSIGNMENT (( #2170 ) ) ;
#1811 = PRESENTATION_STYLE_ASSIGNMENT (( #1409 ) ) ;
#1812 = FACE_OUTER_BOUND ( 'NONE', #1690, .T. ) ;
#1813 = DIRECTION ( 'NONE',  ( -0.0000000000000000000, -0.0000000000000000000, 1.000000000000000000 ) ) ;
#1814 = VERTEX_POINT ( 'NONE', #263 ) ;
#1815 = SURFACE_SIDE_STYLE ('',( #2107 ) ) ;
#1816 = UNCERTAINTY_MEASURE_WITH_UNIT (LENGTH_MEASURE( 1.000000000000000082E-05 ), #1450, 'distance_accuracy_value', 'NONE');
#1817 = ADVANCED_FACE ( 'NONE', ( #1778 ), #1324, .F. ) ;
#1818 = ADVANCED_FACE ( 'NONE', ( #4496 ), #3365, .T. ) ;
#1819 = CARTESIAN_POINT ( 'NONE',  ( 0.1199999970200000404, 9.810000000000000497, 1.150000002979999936 ) ) ;
#1820 = ORIENTED_EDGE ( 'NONE', *, *, #3335, .T. ) ;
#1821 =( NAMED_UNIT ( * ) PLANE_ANGLE_UNIT ( ) SI_UNIT ( $, .RADIAN. ) );
#1822 = CIRCLE ( 'NONE', #3324, 1.590000000000000080 ) ;
#1823 = DIRECTION ( 'NONE',  ( 0.7071067811865475727, -0.7071067811865475727, 0.0000000000000000000 ) ) ;
#1824 = ADVANCED_FACE ( 'NONE', ( #3002 ), #3767, .F. ) ;
#1825 = SURFACE_SIDE_STYLE ('',( #683 ) ) ;
#1826 = AXIS2_PLACEMENT_3D ( 'NONE', #2164, #1490, #1807 ) ;
#1827 = CARTESIAN_POINT ( 'NONE',  ( -1.119999994040000058, 1.520000000000000018, 0.1750000059600000102 ) ) ;
#1828 = DIRECTION ( 'NONE',  ( 0.7071067811865474617, -0.7071067811865474617, 0.0000000000000000000 ) ) ;
#1829 = PRESENTATION_LAYER_ASSIGNMENT (  '', '', ( #1216 ) ) ;
#1830 = ORIENTED_EDGE ( 'NONE', *, *, #2914, .T. ) ;
#1831 = DIRECTION ( 'NONE',  ( 0.5773502691896237327, -0.5773502691896260641, 0.5773502691896272854 ) ) ;
#1832 = CARTESIAN_POINT ( 'NONE',  ( 1.270000000000000018, 1.520000000000000018, 2.515000000000000124 ) ) ;
#1833 = CIRCLE ( 'NONE', #4570, 0.9499999999999999556 ) ;
#1834 = CARTESIAN_POINT ( 'NONE',  ( -0.3200000000000000067, 0.3200000000000000622, -6.186013787285977915E-16 ) ) ;
#1835 =( NAMED_UNIT ( * ) PLANE_ANGLE_UNIT ( ) SI_UNIT ( $, .RADIAN. ) );
#1836 = VECTOR ( 'NONE', #4340, 1000.000000000000000 ) ;
#1837 = VECTOR ( 'NONE', #4222, 1000.000000000000000 ) ;
#1838 = ORIENTED_EDGE ( 'NONE', *, *, #1413, .T. ) ;
#1839 = DIRECTION ( 'NONE',  ( -0.0000000000000000000, 1.000000000000000000, 0.0000000000000000000 ) ) ;
#1840 = EDGE_LOOP ( 'NONE', ( #1428, #4121, #2177, #4517 ) ) ;
#1841 = FILL_AREA_STYLE_COLOUR ( '', #2938 ) ;
#1842 = VECTOR ( 'NONE', #943, 1000.000000000000000 ) ;
#1843 = AXIS2_PLACEMENT_3D ( 'NONE', #1502, #822, #3026 ) ;
#1844 = DIRECTION ( 'NONE',  ( 0.0000000000000000000, 1.000000000000000000, -0.0000000000000000000 ) ) ;
#1845 = ORIENTED_EDGE ( 'NONE', *, *, #3813, .F. ) ;
#1846 = COLOUR_RGB ( '',0.09411764705882352811, 0.09411764705882352811, 0.09411764705882352811 ) ;
#1847 = ADVANCED_FACE ( 'NONE', ( #1897 ), #3404, .F. ) ;
#1848 = DIRECTION ( 'NONE',  ( 0.0000000000000000000, 0.0000000000000000000, -1.000000000000000000 ) ) ;
#1849 =( GEOMETRIC_REPRESENTATION_CONTEXT ( 3 ) GLOBAL_UNCERTAINTY_ASSIGNED_CONTEXT ( ( #4618 ) ) GLOBAL_UNIT_ASSIGNED_CONTEXT ( ( #2008, #2053, #3221 ) ) REPRESENTATION_CONTEXT ( 'NONE', 'WORKASPACE' ) );
#1850 = DIRECTION ( 'NONE',  ( 0.0000000000000000000, 0.7071067811865474617, -0.7071067811865474617 ) ) ;
#1851 = ADVANCED_FACE ( 'NONE', ( #2347 ), #485, .T. ) ;
#1852 = SURFACE_SIDE_STYLE ('',( #3339 ) ) ;
#1853 = EDGE_CURVE ( 'NONE', #2300, #3272, #2372, .T. ) ;
#1854 = SURFACE_STYLE_FILL_AREA ( #287 ) ;
#1855 = PLANE ( 'NONE',  #1826 ) ;
#1856 = STYLED_ITEM ( 'NONE', ( #2428 ), #3418 ) ;
#1857 = ORIENTED_EDGE ( 'NONE', *, *, #4132, .T. ) ;
#1858 = PRESENTATION_STYLE_ASSIGNMENT (( #1470 ) ) ;
#1859 = MECHANICAL_DESIGN_GEOMETRIC_PRESENTATION_REPRESENTATION (  '', ( #4445 ), #2239 ) ;
#1860 = CARTESIAN_POINT ( 'NONE',  ( 1.269999961853000015, 1.520000000000000018, 2.214999988079000115 ) ) ;
#1861 = DIRECTION ( 'NONE',  ( -1.000000000000000000, 0.0000000000000000000, 0.0000000000000000000 ) ) ;
#1862 = FILL_AREA_STYLE_COLOUR ( '', #211 ) ;
#1863 = ORIENTED_EDGE ( 'NONE', *, *, #4074, .T. ) ;
#1864 = PRESENTATION_LAYER_ASSIGNMENT (  '', '', ( #2167 ) ) ;
#1865 = ORIENTED_EDGE ( 'NONE', *, *, #3054, .F. ) ;
#1866 = VECTOR ( 'NONE', #3520, 1000.000000000000114 ) ;
#1867 = CARTESIAN_POINT ( 'NONE',  ( 0.3200000000000002287, 9.609999997020000961, 0.9499999999999992895 ) ) ;
#1868 = ORIENTED_EDGE ( 'NONE', *, *, #1097, .F. ) ;
#1869 = DIRECTION ( 'NONE',  ( 0.0000000000000000000, 0.0000000000000000000, 1.000000000000000000 ) ) ;
#1870 = VECTOR ( 'NONE', #4696, 1000.000000000000000 ) ;
#1871 =( NAMED_UNIT ( * ) PLANE_ANGLE_UNIT ( ) SI_UNIT ( $, .RADIAN. ) );
#1872 = ORIENTED_EDGE ( 'NONE', *, *, #184, .T. ) ;
#1873 = FACE_OUTER_BOUND ( 'NONE', #2869, .T. ) ;
#1874 = DIRECTION ( 'NONE',  ( 0.0000000000000000000, 1.000000000000000000, 1.609823385705999920E-15 ) ) ;
#1875 = COLOUR_RGB ( '',0.09411764705882352811, 0.09411764705882352811, 0.09411764705882352811 ) ;
#1876 = FILL_AREA_STYLE_COLOUR ( '', #1997 ) ;
#1877 = VERTEX_POINT ( 'NONE', #2327 ) ;
#1878 = LINE ( 'NONE', #2965, #1631 ) ;
#1879 = DIRECTION ( 'NONE',  ( 0.0000000000000000000, 1.000000000000000000, 1.332267629549999902E-15 ) ) ;
#1880 = PRESENTATION_LAYER_ASSIGNMENT (  '', '', ( #3219 ) ) ;
#1881 = SURFACE_STYLE_USAGE ( .BOTH. , #4457 ) ;
#1882 = ORIENTED_EDGE ( 'NONE', *, *, #759, .F. ) ;
#1883 = EDGE_CURVE ( 'NONE', #3354, #1567, #76, .T. ) ;
#1884 = EDGE_CURVE ( 'NONE', #1658, #175, #4155, .T. ) ;
#1885 =( NAMED_UNIT ( * ) PLANE_ANGLE_UNIT ( ) SI_UNIT ( $, .RADIAN. ) );
#1886 = STYLED_ITEM ( 'NONE', ( #1136 ), #258 ) ;
#1887 = SURFACE_SIDE_STYLE ('',( #3753 ) ) ;
#1888 = CONTEXT_DEPENDENT_SHAPE_REPRESENTATION ( #3606, #3975 ) ;
#1889 =( NAMED_UNIT ( * ) SI_UNIT ( $, .STERADIAN. ) SOLID_ANGLE_UNIT ( ) );
#1890 = ORIENTED_EDGE ( 'NONE', *, *, #3712, .F. ) ;
#1891 = ORIENTED_EDGE ( 'NONE', *, *, #2180, .T. ) ;
#1892 = SURFACE_STYLE_USAGE ( .BOTH. , #1965 ) ;
#1893 = ORIENTED_EDGE ( 'NONE', *, *, #2288, .F. ) ;
#1894 = DIRECTION ( 'NONE',  ( -1.000000000000000000, 0.0000000000000000000, -0.0000000000000000000 ) ) ;
#1895 = VERTEX_POINT ( 'NONE', #915 ) ;
#1896 = CARTESIAN_POINT ( 'NONE',  ( 4.759999923706000224, 1.270000000000000018, 0.9499999999999995115 ) ) ;
#1897 = FACE_OUTER_BOUND ( 'NONE', #2206, .T. ) ;
#1898 = LINE ( 'NONE', #3367, #3413 ) ;
#1899 = ORIENTED_EDGE ( 'NONE', *, *, #3334, .T. ) ;
#1900 = PLANE ( 'NONE',  #1569 ) ;
#1901 = SURFACE_SIDE_STYLE ('',( #436 ) ) ;
#1902 = PRESENTATION_LAYER_ASSIGNMENT (  '', '', ( #2518 ) ) ;
#1903 = SURFACE_SIDE_STYLE ('',( #3773 ) ) ;
#1904 = CARTESIAN_POINT ( 'NONE',  ( 4.759999923706000224, 3.809999961852999828, 0.9499999999999999556 ) ) ;
#1905 =( NAMED_UNIT ( * ) PLANE_ANGLE_UNIT ( ) SI_UNIT ( $, .RADIAN. ) );
#1906 = STYLED_ITEM ( 'NONE', ( #1682 ), #888 ) ;
#1907 = EDGE_CURVE ( 'NONE', #2286, #4063, #3793, .T. ) ;
#1908 = ADVANCED_FACE ( 'NONE', ( #144 ), #1223, .F. ) ;
#1909 = ORIENTED_EDGE ( 'NONE', *, *, #4484, .F. ) ;
#1910 =( GEOMETRIC_REPRESENTATION_CONTEXT ( 3 ) GLOBAL_UNCERTAINTY_ASSIGNED_CONTEXT ( ( #2398 ) ) GLOBAL_UNIT_ASSIGNED_CONTEXT ( ( #2089, #2450, #2850 ) ) REPRESENTATION_CONTEXT ( 'NONE', 'WORKASPACE' ) );
#1911 = CARTESIAN_POINT ( 'NONE',  ( 1.569999973773749335, 3.809999961852999384, 2.515000000000251923 ) ) ;
#1912 = ORIENTED_EDGE ( 'NONE', *, *, #3173, .F. ) ;
#1913 = LINE ( 'NONE', #500, #40 ) ;
#1914 = ORIENTED_EDGE ( 'NONE', *, *, #147, .T. ) ;
#1915 = SURFACE_SIDE_STYLE ('',( #4149 ) ) ;
#1916 = ADVANCED_FACE ( 'NONE', ( #2845 ), #4735, .F. ) ;
#1917 =( NAMED_UNIT ( * ) SI_UNIT ( $, .STERADIAN. ) SOLID_ANGLE_UNIT ( ) );
#1918 = STYLED_ITEM ( 'NONE', ( #74 ), #4787 ) ;
#1919 = PRESENTATION_LAYER_ASSIGNMENT (  '', '', ( #1529 ) ) ;
#1920 =( GEOMETRIC_REPRESENTATION_CONTEXT ( 3 ) GLOBAL_UNCERTAINTY_ASSIGNED_CONTEXT ( ( #195 ) ) GLOBAL_UNIT_ASSIGNED_CONTEXT ( ( #3247, #4786, #4012 ) ) REPRESENTATION_CONTEXT ( 'NONE', 'WORKASPACE' ) );
#1921 = DIRECTION ( 'NONE',  ( 0.0000000000000000000, -1.000000000000000000, -1.618928404167999991E-15 ) ) ;
#1922 =( GEOMETRIC_REPRESENTATION_CONTEXT ( 3 ) GLOBAL_UNCERTAINTY_ASSIGNED_CONTEXT ( ( #1684 ) ) GLOBAL_UNIT_ASSIGNED_CONTEXT ( ( #2821, #655, #4011 ) ) REPRESENTATION_CONTEXT ( 'NONE', 'WORKASPACE' ) );
#1923 = ORIENTED_EDGE ( 'NONE', *, *, #3620, .F. ) ;
#1924 = CARTESIAN_POINT ( 'NONE',  ( 1.269999961853000015, 1.520000000000000018, 0.02500000000000000139 ) ) ;
#1926 = UNCERTAINTY_MEASURE_WITH_UNIT (LENGTH_MEASURE( 1.000000000000000082E-05 ), #3517, 'distance_accuracy_value', 'NONE');
#1925 = PRESENTATION_LAYER_ASSIGNMENT (  '', '', ( #4430 ) ) ;
#1927 = AXIS2_PLACEMENT_3D ( 'NONE', #1181, #2019, #1954 ) ;
#1928 = VECTOR ( 'NONE', #1698, 1000.000000000000000 ) ;
#1929 = FILL_AREA_STYLE_COLOUR ( '', #16 ) ;
#1930 = VERTEX_POINT ( 'NONE', #2617 ) ;
#1931 = PRESENTATION_LAYER_ASSIGNMENT (  '', '', ( #785 ) ) ;
#1932 = DIRECTION ( 'NONE',  ( -1.000000000000000000, -0.0000000000000000000, -0.0000000000000000000 ) ) ;
#1933 = VECTOR ( 'NONE', #1285, 1000.000000000000000 ) ;
#1934 = SURFACE_STYLE_USAGE ( .BOTH. , #4614 ) ;
#1935 = SURFACE_STYLE_USAGE ( .BOTH. , #1189 ) ;
#1936 = CARTESIAN_POINT ( 'NONE',  ( 3.809999923706000935, 3.809999961853000272, 0.3250000119210007532 ) ) ;
#1937 = UNCERTAINTY_MEASURE_WITH_UNIT (LENGTH_MEASURE( 1.000000000000000082E-05 ), #1613, 'distance_accuracy_value', 'NONE');
#1938 = PRESENTATION_LAYER_ASSIGNMENT (  '', '', ( #4059 ) ) ;
#1939 = ORIENTED_EDGE ( 'NONE', *, *, #1318, .F. ) ;
#1940 = SURFACE_STYLE_FILL_AREA ( #3093 ) ;
#1941 = CARTESIAN_POINT ( 'NONE',  ( 1.269999961853000015, 1.820000011921000027, 2.214999988079000115 ) ) ;
#1942 = VERTEX_POINT ( 'NONE', #3357 ) ;
#1943 = MANIFOLD_SOLID_BREP ( 'Imported2', #2099 ) ;
#1944 = SURFACE_STYLE_USAGE ( .BOTH. , #477 ) ;
#1945 = EDGE_CURVE ( 'NONE', #798, #513, #1799, .T. ) ;
#1946 = VECTOR ( 'NONE', #3010, 1000.000000000000000 ) ;
#1947 = ADVANCED_FACE ( 'NONE', ( #2569 ), #1420, .F. ) ;
#1948 = CARTESIAN_POINT ( 'NONE',  ( 1.569999973774000024, 1.520000000000000018, 0.02500000000000000139 ) ) ;
#1949 = ORIENTED_EDGE ( 'NONE', *, *, #3772, .F. ) ;
#1950 = SURFACE_STYLE_USAGE ( .BOTH. , #3819 ) ;
#1951 = CARTESIAN_POINT ( 'NONE',  ( 4.109999935627000056, 1.520000000000000018, 0.02500000000000001180 ) ) ;
#1952 = VECTOR ( 'NONE', #2713, 1000.000000000000000 ) ;
#1953 = ADVANCED_FACE ( 'NONE', ( #3423, #4563 ), #1988, .T. ) ;
#1954 = DIRECTION ( 'NONE',  ( 0.0000000000000000000, 0.0000000000000000000, 1.000000000000000000 ) ) ;
#1955 = VECTOR ( 'NONE', #3137, 1000.000000000000000 ) ;
#1956 = CARTESIAN_POINT ( 'NONE',  ( 2.219999961852999970, -0.3200000000000000067, -3.000000000000000000 ) ) ;
#1957 = SURFACE_STYLE_USAGE ( .BOTH. , #2726 ) ;
#1958 =( NAMED_UNIT ( * ) PLANE_ANGLE_UNIT ( ) SI_UNIT ( $, .RADIAN. ) );
#1959 = FILL_AREA_STYLE_COLOUR ( '', #4669 ) ;
#1960 = SURFACE_STYLE_USAGE ( .BOTH. , #4141 ) ;
#1961 = CARTESIAN_POINT ( 'NONE',  ( 3.809999923706000047, 1.519999999999999130, 2.214999988079000115 ) ) ;
#1962 = SURFACE_SIDE_STYLE ('',( #85 ) ) ;
#1963 = ORIENTED_EDGE ( 'NONE', *, *, #511, .F. ) ;
#1964 = ORIENTED_EDGE ( 'NONE', *, *, #2287, .F. ) ;
#1965 = SURFACE_SIDE_STYLE ('',( #1940 ) ) ;
#1966 = LINE ( 'NONE', #1941, #2720 ) ;
#1967 = EDGE_LOOP ( 'NONE', ( #2901, #470, #2993, #4299 ) ) ;
#1968 = MANIFOLD_SOLID_BREP ( 'Imported1', #3758 ) ;
#1969 = FILL_AREA_STYLE_COLOUR ( '', #2589 ) ;
#1970 = CARTESIAN_POINT ( 'NONE',  ( 4.759999923706000224, 9.810000000000000497, 0.9499999999999999556 ) ) ;
#1971 = FILL_AREA_STYLE_COLOUR ( '', #79 ) ;
#1972 = ORIENTED_EDGE ( 'NONE', *, *, #2942, .T. ) ;
#1973 = DIRECTION ( 'NONE',  ( 0.0000000000000000000, -1.510616709811000052E-15, 1.000000000000000000 ) ) ;
#1974 = VERTEX_POINT ( 'NONE', #2323 ) ;
#1975 = DIRECTION ( 'NONE',  ( 1.000000000000000000, 0.0000000000000000000, 0.0000000000000000000 ) ) ;
#1976 = SURFACE_STYLE_FILL_AREA ( #4159 ) ;
#1977 = LINE ( 'NONE', #4211, #4673 ) ;
#1978 = SURFACE_SIDE_STYLE ('',( #4615 ) ) ;
#1979 =( NAMED_UNIT ( * ) SI_UNIT ( $, .STERADIAN. ) SOLID_ANGLE_UNIT ( ) );
#1980 = SURFACE_STYLE_USAGE ( .BOTH. , #2332 ) ;
#1981 = VECTOR ( 'NONE', #859, 1000.000000000000000 ) ;
#1982 = COLOUR_RGB ( '',1.000000000000000000, 1.000000000000000000, 0.4980392156862745168 ) ;
#1983 = ORIENTED_EDGE ( 'NONE', *, *, #3175, .T. ) ;
#1984 = PRESENTATION_STYLE_ASSIGNMENT (( #522 ) ) ;
#1985 = DIRECTION ( 'NONE',  ( 0.0000000000000000000, 0.0000000000000000000, 1.000000000000000000 ) ) ;
#1986 = CARTESIAN_POINT ( 'NONE',  ( 0.9699999880792505857, 3.809999961852999828, 2.515000000000252367 ) ) ;
#1987 = LINE ( 'NONE', #1406, #4642 ) ;
#1988 = PLANE ( 'NONE',  #1766 ) ;
#1989 =( LENGTH_UNIT ( ) NAMED_UNIT ( * ) SI_UNIT ( .MILLI., .METRE. ) );
#1990 = VECTOR ( 'NONE', #4370, 1000.000000000000000 ) ;
#1991 = EDGE_LOOP ( 'NONE', ( #4578, #3533, #2794, #3903, #2312 ) ) ;
#1992 = PRESENTATION_LAYER_ASSIGNMENT (  '', '', ( #4355 ) ) ;
#1993 = CARTESIAN_POINT ( 'NONE',  ( -0.9699999880789998974, 1.520000000000000018, 2.515000000000000124 ) ) ;
#1994 = VERTEX_POINT ( 'NONE', #169 ) ;
#1995 = STYLED_ITEM ( 'NONE', ( #1066 ), #2437 ) ;
#1996 = PRESENTATION_STYLE_ASSIGNMENT (( #584 ) ) ;
#1997 = COLOUR_RGB ( '',1.000000000000000000, 1.000000000000000000, 0.4980392156862745168 ) ;
#1998 =( GEOMETRIC_REPRESENTATION_CONTEXT ( 3 ) GLOBAL_UNCERTAINTY_ASSIGNED_CONTEXT ( ( #2903 ) ) GLOBAL_UNIT_ASSIGNED_CONTEXT ( ( #3713, #4128, #2996 ) ) REPRESENTATION_CONTEXT ( 'NONE', 'WORKASPACE' ) );
#1999 = PRESENTATION_STYLE_ASSIGNMENT (( #1934 ) ) ;
#2000 = EDGE_CURVE ( 'NONE', #4565, #2110, #3447, .T. ) ;
#2001 = ADVANCED_FACE ( 'NONE', ( #505 ), #4223, .F. ) ;
#2002 = DIRECTION ( 'NONE',  ( -0.0000000000000000000, 0.0000000000000000000, 1.000000000000000000 ) ) ;
#2003 = CARTESIAN_POINT ( 'NONE',  ( 6.049999911785000073, 1.520000000000000018, 0.02500000000000000139 ) ) ;
#2004 = FILL_AREA_STYLE ('',( #1582 ) ) ;
#2005 = COLOUR_RGB ( '',0.09411764705882352811, 0.09411764705882352811, 0.09411764705882352811 ) ;
#2006 =( GEOMETRIC_REPRESENTATION_CONTEXT ( 3 ) GLOBAL_UNCERTAINTY_ASSIGNED_CONTEXT ( ( #1633 ) ) GLOBAL_UNIT_ASSIGNED_CONTEXT ( ( #4168, #445, #1213 ) ) REPRESENTATION_CONTEXT ( 'NONE', 'WORKASPACE' ) );
#2007 = EDGE_LOOP ( 'NONE', ( #4582, #2469, #3510, #1117 ) ) ;
#2008 =( LENGTH_UNIT ( ) NAMED_UNIT ( * ) SI_UNIT ( .MILLI., .METRE. ) );
#2009 = ORIENTED_EDGE ( 'NONE', *, *, #3693, .T. ) ;
#2010 = FILL_AREA_STYLE ('',( #1969 ) ) ;
#2011 = LINE ( 'NONE', #3141, #3341 ) ;
#2012 = DIRECTION ( 'NONE',  ( -1.000000000000000000, 0.0000000000000000000, 0.0000000000000000000 ) ) ;
#2013 = VECTOR ( 'NONE', #3550, 1000.000000000000000 ) ;
#2014 = DIRECTION ( 'NONE',  ( 0.0000000000000000000, -1.510616709811000052E-15, 1.000000000000000000 ) ) ;
#2015 = ORIENTED_EDGE ( 'NONE', *, *, #3693, .F. ) ;
#2016 =( NAMED_UNIT ( * ) SI_UNIT ( $, .STERADIAN. ) SOLID_ANGLE_UNIT ( ) );
#2017 = UNCERTAINTY_MEASURE_WITH_UNIT (LENGTH_MEASURE( 1.000000000000000082E-05 ), #4173, 'distance_accuracy_value', 'NONE');
#2018 = VECTOR ( 'NONE', #2675, 1000.000000000000000 ) ;
#2019 = DIRECTION ( 'NONE',  ( -1.000000000000000000, 0.0000000000000000000, 0.0000000000000000000 ) ) ;
#2020 = FACE_OUTER_BOUND ( 'NONE', #57, .T. ) ;
#2021 = COLOUR_RGB ( '',0.09411764705882352811, 0.09411764705882352811, 0.09411764705882352811 ) ;
#2022 = DIRECTION ( 'NONE',  ( 0.0000000000000000000, 0.0000000000000000000, 1.000000000000000000 ) ) ;
#2023 =( GEOMETRIC_REPRESENTATION_CONTEXT ( 3 ) GLOBAL_UNCERTAINTY_ASSIGNED_CONTEXT ( ( #644 ) ) GLOBAL_UNIT_ASSIGNED_CONTEXT ( ( #2415, #2433, #3924 ) ) REPRESENTATION_CONTEXT ( 'NONE', 'WORKASPACE' ) );
#2024 = FILL_AREA_STYLE ('',( #1959 ) ) ;
#2025 = DIRECTION ( 'NONE',  ( -0.0000000000000000000, -0.0000000000000000000, 1.000000000000000000 ) ) ;
#2026 = CARTESIAN_POINT ( 'NONE',  ( 2.859999961853000094, 0.3200000000000000067, -3.000000000000000000 ) ) ;
#2027 = CARTESIAN_POINT ( 'NONE',  ( 0.9699999880790000084, 1.520000000000000018, 2.515000000000000124 ) ) ;
#2028 = AXIS2_PLACEMENT_3D ( 'NONE', #2279, #3005, #42 ) ;
#2029 = SURFACE_SIDE_STYLE ('',( #3260 ) ) ;
#2030 = ORIENTED_EDGE ( 'NONE', *, *, #1358, .F. ) ;
#2031 = EDGE_CURVE ( 'NONE', #2696, #2997, #4699, .T. ) ;
#2032 = EDGE_CURVE ( 'NONE', #872, #2958, #1363, .T. ) ;
#2033 = ORIENTED_EDGE ( 'NONE', *, *, #1180, .F. ) ;
#2034 = CARTESIAN_POINT ( 'NONE',  ( 0.3199999999999998401, -0.3200000000000002287, -2.799999997020000020 ) ) ;
#2035 = DIRECTION ( 'NONE',  ( -1.000000000000000000, -0.0000000000000000000, -0.0000000000000000000 ) ) ;
#2036 = ORIENTED_EDGE ( 'NONE', *, *, #1577, .T. ) ;
#2037 = FACE_OUTER_BOUND ( 'NONE', #2578, .T. ) ;
#2038 = MECHANICAL_DESIGN_GEOMETRIC_PRESENTATION_REPRESENTATION (  '', ( #4544 ), #4079 ) ;
#2039 = FILL_AREA_STYLE ('',( #2762 ) ) ;
#2040 = EDGE_CURVE ( 'NONE', #3877, #1178, #1284, .T. ) ;
#2041 = MECHANICAL_DESIGN_GEOMETRIC_PRESENTATION_REPRESENTATION (  '', ( #1886 ), #353 ) ;
#2042 = PLANE ( 'NONE',  #2303 ) ;
#2043 = ORIENTED_EDGE ( 'NONE', *, *, #4273, .F. ) ;
#2044 = CARTESIAN_POINT ( 'NONE',  ( 2.419999964833000394, 9.810000000000000497, 1.389999997019999878 ) ) ;
#2045 =( GEOMETRIC_REPRESENTATION_CONTEXT ( 3 ) GLOBAL_UNCERTAINTY_ASSIGNED_CONTEXT ( ( #1926 ) ) GLOBAL_UNIT_ASSIGNED_CONTEXT ( ( #3517, #1650, #2046 ) ) REPRESENTATION_CONTEXT ( 'NONE', 'WORKASPACE' ) );
#2046 =( NAMED_UNIT ( * ) SI_UNIT ( $, .STERADIAN. ) SOLID_ANGLE_UNIT ( ) );
#2047 = DIRECTION ( 'NONE',  ( 1.000000000000000000, 0.0000000000000000000, 0.0000000000000000000 ) ) ;
#2048 = FACE_OUTER_BOUND ( 'NONE', #2624, .T. ) ;
#2049 = DIRECTION ( 'NONE',  ( 0.0000000000000000000, 1.554312234475000050E-15, -1.000000000000000000 ) ) ;
#2050 = DIRECTION ( 'NONE',  ( -1.000000000000000000, 0.0000000000000000000, -0.0000000000000000000 ) ) ;
#2051 = ORIENTED_EDGE ( 'NONE', *, *, #63, .T. ) ;
#2052 = PRODUCT_DEFINITION ( 'UNKNOWN', '', #1525, #2710 ) ;
#2053 =( NAMED_UNIT ( * ) PLANE_ANGLE_UNIT ( ) SI_UNIT ( $, .RADIAN. ) );
#2054 = CARTESIAN_POINT ( 'NONE',  ( 0.3200000000000000067, -0.2199999985099999888, -2.899999998509999788 ) ) ;
#2055 = EDGE_CURVE ( 'NONE', #1994, #872, #1309, .T. ) ;
#2056 = CARTESIAN_POINT ( 'NONE',  ( 0.1199999970199998878, -0.1199999970200003457, -3.000000000000000444 ) ) ;
#2057 = MECHANICAL_DESIGN_GEOMETRIC_PRESENTATION_REPRESENTATION (  '', ( #1906 ), #3631 ) ;
#2058 =( NAMED_UNIT ( * ) SI_UNIT ( $, .STERADIAN. ) SOLID_ANGLE_UNIT ( ) );
#2059 = EDGE_CURVE ( 'NONE', #3354, #2416, #1005, .T. ) ;
#2060 = LINE ( 'NONE', #3168, #3350 ) ;
#2061 = EDGE_CURVE ( 'NONE', #3036, #4394, #2764, .T. ) ;
#2062 = EDGE_LOOP ( 'NONE', ( #1414, #4091, #3641, #3504 ) ) ;
#2063 = APPLICATION_PROTOCOL_DEFINITION ( 'draft international standard', 'automotive_design', 1998, #3201 ) ;
#2064 = COLOUR_RGB ( '',0.09411764705882352811, 0.09411764705882352811, 0.09411764705882352811 ) ;
#2065 = CARTESIAN_POINT ( 'NONE',  ( 1.270000000000125251, 1.519999999999999796, 0.3250000119208749649 ) ) ;
#2066 = UNCERTAINTY_MEASURE_WITH_UNIT (LENGTH_MEASURE( 1.000000000000000082E-05 ), #2671, 'distance_accuracy_value', 'NONE');
#2067 = PRESENTATION_LAYER_ASSIGNMENT (  '', '', ( #2366 ) ) ;
#2068 = ORIENTED_EDGE ( 'NONE', *, *, #3175, .F. ) ;
#2069 = LINE ( 'NONE', #238, #1593 ) ;
#2070 =( GEOMETRIC_REPRESENTATION_CONTEXT ( 3 ) GLOBAL_UNCERTAINTY_ASSIGNED_CONTEXT ( ( #232 ) ) GLOBAL_UNIT_ASSIGNED_CONTEXT ( ( #804, #1738, #2792 ) ) REPRESENTATION_CONTEXT ( 'NONE', 'WORKASPACE' ) );
#2071 = COLOUR_RGB ( '',1.000000000000000000, 1.000000000000000000, 0.4980392156862745168 ) ;
#2072 = PRESENTATION_STYLE_ASSIGNMENT (( #2864 ) ) ;
#2073 = SURFACE_STYLE_USAGE ( .BOTH. , #967 ) ;
#2074 = DIRECTION ( 'NONE',  ( 0.0000000000000000000, 0.0000000000000000000, 1.000000000000000000 ) ) ;
#2075 = VECTOR ( 'NONE', #1531, 1000.000000000000000 ) ;
#2076 = FILL_AREA_STYLE ('',( #715 ) ) ;
#2077 = PLANE ( 'NONE',  #3790 ) ;
#2078 = AXIS2_PLACEMENT_3D ( 'NONE', #3492, #2276, #1624 ) ;
#2079 =( GEOMETRIC_REPRESENTATION_CONTEXT ( 3 ) GLOBAL_UNCERTAINTY_ASSIGNED_CONTEXT ( ( #1289 ) ) GLOBAL_UNIT_ASSIGNED_CONTEXT ( ( #137, #479, #2298 ) ) REPRESENTATION_CONTEXT ( 'NONE', 'WORKASPACE' ) );
#2080 = DIRECTION ( 'NONE',  ( 0.0000000000000000000, 1.000000000000000000, 1.554312234475000050E-15 ) ) ;
#2081 = CARTESIAN_POINT ( 'NONE',  ( 3.659999955893001644, 3.809999961853000716, 2.364999994040001940 ) ) ;
#2082 = SURFACE_SIDE_STYLE ('',( #627 ) ) ;
#2083 = ORIENTED_EDGE ( 'NONE', *, *, #3806, .T. ) ;
#2084 = FILL_AREA_STYLE_COLOUR ( '', #697 ) ;
#2085 = EDGE_CURVE ( 'NONE', #1194, #3950, #2101, .T. ) ;
#2086 = STYLED_ITEM ( 'NONE', ( #2751 ), #3622 ) ;
#2087 = CARTESIAN_POINT ( 'NONE',  ( 3.659999955892999868, 1.520000000000000018, 2.364999994040000164 ) ) ;
#2088 = ORIENTED_EDGE ( 'NONE', *, *, #2556, .F. ) ;
#2089 =( LENGTH_UNIT ( ) NAMED_UNIT ( * ) SI_UNIT ( .MILLI., .METRE. ) );
#2090 = DIRECTION ( 'NONE',  ( 0.0000000000000000000, 0.0000000000000000000, 1.000000000000000000 ) ) ;
#2091 = VECTOR ( 'NONE', #2685, 1000.000000000000000 ) ;
#2092 = LINE ( 'NONE', #3599, #928 ) ;
#2093 = SURFACE_STYLE_USAGE ( .BOTH. , #2029 ) ;
#2094 = CIRCLE ( 'NONE', #3211, 1.590000000000000080 ) ;
#2095 = FILL_AREA_STYLE ('',( #1709 ) ) ;
#2096 = DIRECTION ( 'NONE',  ( -1.000000000000000000, 0.0000000000000000000, -0.0000000000000000000 ) ) ;
#2097 = FACE_OUTER_BOUND ( 'NONE', #3170, .T. ) ;
#2098 = DIRECTION ( 'NONE',  ( -0.7071067811865475727, -9.398244244348984524E-16, 0.7071067811865475727 ) ) ;
#2099 = CLOSED_SHELL ( 'NONE', ( #1728, #777, #2141, #2868, #420, #3717, #979, #3231, #4572, #3232, #3415, #1205, #2437, #1908, #2878, #1817, #69, #1818 ) ) ;
#2100 = VECTOR ( 'NONE', #1576, 1000.000000000000000 ) ;
#2101 = LINE ( 'NONE', #2081, #778 ) ;
#2102 = EDGE_LOOP ( 'NONE', ( #2068, #3694, #4774, #4410 ) ) ;
#2103 = CARTESIAN_POINT ( 'NONE',  ( 2.419999964832999950, 9.810000000000000497, 1.389999997019999878 ) ) ;
#2104 = ORIENTED_EDGE ( 'NONE', *, *, #2832, .F. ) ;
#2105 = COLOUR_RGB ( '',0.09411764705882352811, 0.09411764705882352811, 0.09411764705882352811 ) ;
#2106 = DIRECTION ( 'NONE',  ( 0.0000000000000000000, 0.0000000000000000000, 1.000000000000000000 ) ) ;
#2107 = SURFACE_STYLE_FILL_AREA ( #4060 ) ;
#2108 = UNCERTAINTY_MEASURE_WITH_UNIT (LENGTH_MEASURE( 1.000000000000000082E-05 ), #1481, 'distance_accuracy_value', 'NONE');
#2109 = SURFACE_SIDE_STYLE ('',( #4013 ) ) ;
#2110 = VERTEX_POINT ( 'NONE', #2419 ) ;
#2111 = EDGE_CURVE ( 'NONE', #654, #4005, #3928, .T. ) ;
#2112 = DIRECTION ( 'NONE',  ( -0.7071067811865475727, 0.0000000000000000000, -0.7071067811865475727 ) ) ;
#2113 = EDGE_CURVE ( 'NONE', #1270, #4369, #4730, .T. ) ;
#2114 = DIRECTION ( 'NONE',  ( 1.000000000000000000, 0.0000000000000000000, -0.0000000000000000000 ) ) ;
#2115 = CARTESIAN_POINT ( 'NONE',  ( 3.509999949932125052, 1.519999999999998241, 2.515000000000125802 ) ) ;
#2116 = CARTESIAN_POINT ( 'NONE',  ( -0.3200000000000000067, 0.1199999970199998184, -3.000000000000000000 ) ) ;
#2117 = CARTESIAN_POINT ( 'NONE',  ( 3.809999923706000047, 1.820000011921003136, 0.3250000119209999760 ) ) ;
#2118 = SURFACE_STYLE_USAGE ( .BOTH. , #1048 ) ;
#2119 = DIRECTION ( 'NONE',  ( -0.7071067811865474617, 0.0000000000000000000, -0.7071067811865474617 ) ) ;
#2120 = DIRECTION ( 'NONE',  ( -1.000000000000000000, 0.0000000000000000000, -0.0000000000000000000 ) ) ;
#2121 = UNCERTAINTY_MEASURE_WITH_UNIT (LENGTH_MEASURE( 1.000000000000000082E-05 ), #2348, 'distance_accuracy_value', 'NONE');
#2122 = DIRECTION ( 'NONE',  ( 0.7071067811865474617, -0.7071067811865474617, 0.0000000000000000000 ) ) ;
#2123 = LINE ( 'NONE', #2894, #4441 ) ;
#2124 =( LENGTH_UNIT ( ) NAMED_UNIT ( * ) SI_UNIT ( .MILLI., .METRE. ) );
#2125 = SURFACE_STYLE_USAGE ( .BOTH. , #4751 ) ;
#2126 = PRESENTATION_LAYER_ASSIGNMENT (  '', '', ( #2275 ) ) ;
#2127 = CARTESIAN_POINT ( 'NONE',  ( 6.349999923706124427, 1.519999999999999796, 0.3250000119208747984 ) ) ;
#2128 = VERTEX_POINT ( 'NONE', #3907 ) ;
#2129 = SURFACE_STYLE_USAGE ( .BOTH. , #3959 ) ;
#2130 = CARTESIAN_POINT ( 'NONE',  ( 3.809999961853499872, 1.520000000000000018, 2.214999988079500159 ) ) ;
#2131 = VERTEX_POINT ( 'NONE', #3242 ) ;
#2132 = LINE ( 'NONE', #2934, #537 ) ;
#2133 = CARTESIAN_POINT ( 'NONE',  ( 2.859999961853000094, 9.609999997019999185, 0.9499999999999999556 ) ) ;
#2134 = STYLED_ITEM ( 'NONE', ( #609 ), #1205 ) ;
#2135 = FILL_AREA_STYLE ('',( #4279 ) ) ;
#2136 = DIRECTION ( 'NONE',  ( 0.7071067811865475727, -9.432969924854965098E-16, 0.7071067811865475727 ) ) ;
#2137 = SURFACE_SIDE_STYLE ('',( #687 ) ) ;
#2138 = SURFACE_STYLE_FILL_AREA ( #1115 ) ;
#2139 = VECTOR ( 'NONE', #1056, 1000.000000000000114 ) ;
#2140 = CARTESIAN_POINT ( 'NONE',  ( 5.399999923705999905, -0.3199999999999999512, -2.799999997020000020 ) ) ;
#2141 = ADVANCED_FACE ( 'NONE', ( #3609 ), #599, .F. ) ;
#2142 = ADVANCED_FACE ( 'NONE', ( #1767 ), #2221, .F. ) ;
#2143 = CARTESIAN_POINT ( 'NONE',  ( 2.859999961853000094, 1.270000000000000018, -4.440892098500999885E-16 ) ) ;
#2144 = SURFACE_SIDE_STYLE ('',( #4025 ) ) ;
#2145 = DIRECTION ( 'NONE',  ( -0.7071067811865475727, -9.398244244348984524E-16, 0.7071067811865475727 ) ) ;
#2146 = VERTEX_POINT ( 'NONE', #3733 ) ;
#2147 = STYLED_ITEM ( 'NONE', ( #4629 ), #2586 ) ;
#2148 =( NAMED_UNIT ( * ) SI_UNIT ( $, .STERADIAN. ) SOLID_ANGLE_UNIT ( ) );
#2149 = ORIENTED_EDGE ( 'NONE', *, *, #2173, .F. ) ;
#2150 = SURFACE_SIDE_STYLE ('',( #4395 ) ) ;
#2151 = ORIENTED_EDGE ( 'NONE', *, *, #443, .F. ) ;
#2152 =( LENGTH_UNIT ( ) NAMED_UNIT ( * ) SI_UNIT ( .MILLI., .METRE. ) );
#2153 = FILL_AREA_STYLE_COLOUR ( '', #3639 ) ;
#2155 = UNCERTAINTY_MEASURE_WITH_UNIT (LENGTH_MEASURE( 1.000000000000000082E-05 ), #3822, 'distance_accuracy_value', 'NONE');
#2154 = CIRCLE ( 'NONE', #2545, 0.9499999999999999556 ) ;
#2156 = VECTOR ( 'NONE', #3834, 1000.000000000000000 ) ;
#2157 =( NAMED_UNIT ( * ) SI_UNIT ( $, .STERADIAN. ) SOLID_ANGLE_UNIT ( ) );
#2158 = ORIENTED_EDGE ( 'NONE', *, *, #2375, .F. ) ;
#2159 =( NAMED_UNIT ( * ) PLANE_ANGLE_UNIT ( ) SI_UNIT ( $, .RADIAN. ) );
#2160 = CARTESIAN_POINT ( 'NONE',  ( 2.219999961852999970, 1.820000011921000693, 1.589999999999999414 ) ) ;
#2161 = VECTOR ( 'NONE', #4412, 1000.000000000000000 ) ;
#2162 = CARTESIAN_POINT ( 'NONE',  ( 2.859999961853000094, 1.820000011921000027, 2.214999988079000115 ) ) ;
#2163 = SURFACE_STYLE_USAGE ( .BOTH. , #2137 ) ;
#2164 = CARTESIAN_POINT ( 'NONE',  ( 2.319999963343000182, 9.709999998510001618, 1.590000000000000080 ) ) ;
#2165 = ORIENTED_EDGE ( 'NONE', *, *, #974, .F. ) ;
#2166 = UNCERTAINTY_MEASURE_WITH_UNIT (LENGTH_MEASURE( 1.000000000000000082E-05 ), #3145, 'distance_accuracy_value', 'NONE');
#2167 = STYLED_ITEM ( 'NONE', ( #4212 ), #3902 ) ;
#2168 = SURFACE_STYLE_USAGE ( .BOTH. , #1903 ) ;
#2169 = DIRECTION ( 'NONE',  ( 0.0000000000000000000, -1.000000000000000000, -0.0000000000000000000 ) ) ;
#2170 = SURFACE_STYLE_USAGE ( .BOTH. , #2560 ) ;
#2171 = PLANE ( 'NONE',  #1793 ) ;
#2172 =( LENGTH_UNIT ( ) NAMED_UNIT ( * ) SI_UNIT ( .MILLI., .METRE. ) );
#2173 = EDGE_CURVE ( 'NONE', #1930, #4535, #2927, .T. ) ;
#2174 = CARTESIAN_POINT ( 'NONE',  ( 0.2199999985099999888, 9.709999998510001618, 0.9499999999999999556 ) ) ;
#2175 = EDGE_CURVE ( 'NONE', #473, #2931, #4419, .T. ) ;
#2176 = FILL_AREA_STYLE ('',( #4468 ) ) ;
#2177 = ORIENTED_EDGE ( 'NONE', *, *, #2994, .F. ) ;
#2178 = LINE ( 'NONE', #884, #320 ) ;
#2179 = EDGE_LOOP ( 'NONE', ( #2572, #2926, #1694, #4148, #3780 ) ) ;
#2180 = EDGE_CURVE ( 'NONE', #872, #4798, #1452, .T. ) ;
#2181 =( NAMED_UNIT ( * ) SI_UNIT ( $, .STERADIAN. ) SOLID_ANGLE_UNIT ( ) );
#2182 = CLOSED_SHELL ( 'NONE', ( #2001, #1824, #1061, #472, #1521, #1419, #4787, #3839, #889, #4793, #1916, #2778, #4693, #2708, #20, #3451, #4465, #2565 ) ) ;
#2183 = FACE_OUTER_BOUND ( 'NONE', #2591, .T. ) ;
#2184 = ORIENTED_EDGE ( 'NONE', *, *, #1797, .T. ) ;
#2185 =( LENGTH_UNIT ( ) NAMED_UNIT ( * ) SI_UNIT ( .MILLI., .METRE. ) );
#2186 = CARTESIAN_POINT ( 'NONE',  ( 0.3200000000000000067, 9.609999997019999185, 0.9499999999999999556 ) ) ;
#2187 = PRESENTATION_STYLE_ASSIGNMENT (( #4478 ) ) ;
#2188 = DIRECTION ( 'NONE',  ( 0.5773502691896250649, -0.5773502691896262862, 0.5773502691896261751 ) ) ;
#2189 = PLANE ( 'NONE',  #429 ) ;
#2190 = LINE ( 'NONE', #3342, #530 ) ;
#2191 = VERTEX_POINT ( 'NONE', #400 ) ;
#2192 = ADVANCED_BREP_SHAPE_REPRESENTATION ( '', ( #241, #1794, #3438, #3256 ), #464 ) ;
#2193 = DIRECTION ( 'NONE',  ( -0.7071067811865474617, 0.0000000000000000000, -0.7071067811865474617 ) ) ;
#2194 = LINE ( 'NONE', #2509, #4522 ) ;
#2195 = LINE ( 'NONE', #1834, #1563 ) ;
#2196 = PRESENTATION_STYLE_ASSIGNMENT (( #3013 ) ) ;
#2197 = EDGE_CURVE ( 'NONE', #4196, #3523, #2898, .T. ) ;
#2198 = SURFACE_STYLE_FILL_AREA ( #30 ) ;
#2199 = ORIENTED_EDGE ( 'NONE', *, *, #3566, .T. ) ;
#2200 = CARTESIAN_POINT ( 'NONE',  ( 2.219999961852999970, 0.3200000000000000067, -3.000000000000000000 ) ) ;
#2201 = ORIENTED_EDGE ( 'NONE', *, *, #661, .F. ) ;
#2202 = UNCERTAINTY_MEASURE_WITH_UNIT (LENGTH_MEASURE( 1.000000000000000082E-05 ), #2407, 'distance_accuracy_value', 'NONE');
#2203 = AXIS2_PLACEMENT_3D ( 'NONE', #1215, #2663, #3140 ) ;
#2204 = ADVANCED_FACE ( 'NONE', ( #1812 ), #3323, .T. ) ;
#2205 = SURFACE_SIDE_STYLE ('',( #780 ) ) ;
#2206 = EDGE_LOOP ( 'NONE', ( #4010, #1225, #3831, #3129, #553, #1079, #2541, #2686 ) ) ;
#2207 = VECTOR ( 'NONE', #2119, 1000.000000000000114 ) ;
#2208 = SURFACE_STYLE_FILL_AREA ( #2574 ) ;
#2209 = FILL_AREA_STYLE ('',( #1132 ) ) ;
#2210 = LINE ( 'NONE', #3029, #460 ) ;
#2211 =( NAMED_UNIT ( * ) PLANE_ANGLE_UNIT ( ) SI_UNIT ( $, .RADIAN. ) );
#2212 = LINE ( 'NONE', #3287, #370 ) ;
#2213 = MECHANICAL_DESIGN_GEOMETRIC_PRESENTATION_REPRESENTATION (  '', ( #2678 ), #1910 ) ;
#2214 = ORIENTED_EDGE ( 'NONE', *, *, #2498, .T. ) ;
#2215 = VECTOR ( 'NONE', #1288, 999.9999999999998863 ) ;
#2216 = MECHANICAL_DESIGN_GEOMETRIC_PRESENTATION_REPRESENTATION (  '', ( #75 ), #698 ) ;
#2217 =( NAMED_UNIT ( * ) SI_UNIT ( $, .STERADIAN. ) SOLID_ANGLE_UNIT ( ) );
#2218 = ORIENTED_EDGE ( 'NONE', *, *, #2040, .F. ) ;
#2219 = VECTOR ( 'NONE', #2438, 1000.000000000000000 ) ;
#2220 = MECHANICAL_DESIGN_GEOMETRIC_PRESENTATION_REPRESENTATION (  '', ( #4186 ), #1758 ) ;
#2221 = PLANE ( 'NONE',  #617 ) ;
#2222 = CARTESIAN_POINT ( 'NONE',  ( -1.270000000000000018, 1.820000011921000027, 2.214999988079000115 ) ) ;
#2223 = ORIENTED_EDGE ( 'NONE', *, *, #3955, .F. ) ;
#2224 = DIRECTION ( 'NONE',  ( -1.000000000000000000, 0.0000000000000000000, -0.0000000000000000000 ) ) ;
#2225 = VECTOR ( 'NONE', #4067, 1000.000000000000000 ) ;
#2226 = FILL_AREA_STYLE ('',( #2932 ) ) ;
#2227 = ORIENTED_EDGE ( 'NONE', *, *, #974, .T. ) ;
#2228 = AXIS2_PLACEMENT_3D ( 'NONE', #2721, #1591, #4245 ) ;
#2229 =( LENGTH_UNIT ( ) NAMED_UNIT ( * ) SI_UNIT ( .MILLI., .METRE. ) );
#2230 = ADVANCED_FACE ( 'NONE', ( #2048 ), #834, .F. ) ;
#2231 = FILL_AREA_STYLE_COLOUR ( '', #29 ) ;
#2232 = VECTOR ( 'NONE', #902, 1000.000000000000000 ) ;
#2233 =( NAMED_UNIT ( * ) SI_UNIT ( $, .STERADIAN. ) SOLID_ANGLE_UNIT ( ) );
#2234 = DIRECTION ( 'NONE',  ( 0.0000000000000000000, 0.0000000000000000000, 1.000000000000000000 ) ) ;
#2235 = SURFACE_SIDE_STYLE ('',( #4455 ) ) ;
#2236 =( LENGTH_UNIT ( ) NAMED_UNIT ( * ) SI_UNIT ( .MILLI., .METRE. ) );
#2237 = CARTESIAN_POINT ( 'NONE',  ( 1.270000000000000018, 1.520000000000000018, 0.3250000119209999760 ) ) ;
#2238 = ORIENTED_EDGE ( 'NONE', *, *, #411, .T. ) ;
#2239 =( GEOMETRIC_REPRESENTATION_CONTEXT ( 3 ) GLOBAL_UNCERTAINTY_ASSIGNED_CONTEXT ( ( #4668 ) ) GLOBAL_UNIT_ASSIGNED_CONTEXT ( ( #348, #3374, #2601 ) ) REPRESENTATION_CONTEXT ( 'NONE', 'WORKASPACE' ) );
#2240 = LINE ( 'NONE', #4163, #2018 ) ;
#2241 = FILL_AREA_STYLE ('',( #793 ) ) ;
#2242 = ORIENTED_EDGE ( 'NONE', *, *, #4283, .F. ) ;
#2243 = STYLED_ITEM ( 'NONE', ( #1359 ), #3778 ) ;
#2244 = PLANE ( 'NONE',  #226 ) ;
#2245 = VECTOR ( 'NONE', #3417, 1000.000000000000000 ) ;
#2246 = ORIENTED_EDGE ( 'NONE', *, *, #4102, .F. ) ;
#2247 = SURFACE_SIDE_STYLE ('',( #2614 ) ) ;
#2248 = STYLED_ITEM ( 'NONE', ( #1538 ), #4429 ) ;
#2249 = FILL_AREA_STYLE ('',( #3487 ) ) ;
#2250 = EDGE_LOOP ( 'NONE', ( #1746, #1435, #2267, #1574 ) ) ;
#2251 = SURFACE_SIDE_STYLE ('',( #1131 ) ) ;
#2252 = PRESENTATION_STYLE_ASSIGNMENT (( #3070 ) ) ;
#2253 = UNCERTAINTY_MEASURE_WITH_UNIT (LENGTH_MEASURE( 1.000000000000000082E-05 ), #2124, 'distance_accuracy_value', 'NONE');
#2254 = CLOSED_SHELL ( 'NONE', ( #4553, #1008, #260, #570, #3902, #293, #3622, #2586, #1851, #4019, #96, #119, #2345, #2770, #2142, #4404, #1357, #596 ) ) ;
#2255 = CARTESIAN_POINT ( 'NONE',  ( -0.1199999970199998184, 9.810000000000000497, 1.389999997019999878 ) ) ;
#2257 = ORIENTED_EDGE ( 'NONE', *, *, #4755, .T. ) ;
#2256 = EDGE_CURVE ( 'NONE', #175, #4242, #3895, .T. ) ;
#2258 =( NAMED_UNIT ( * ) PLANE_ANGLE_UNIT ( ) SI_UNIT ( $, .RADIAN. ) );
#2259 = FILL_AREA_STYLE ('',( #4137 ) ) ;
#2260 = PLANE ( 'NONE',  #2763 ) ;
#2261 = FILL_AREA_STYLE ('',( #4092 ) ) ;
#2262 = EDGE_CURVE ( 'NONE', #2711, #2265, #3155, .T. ) ;
#2263 =( LENGTH_UNIT ( ) NAMED_UNIT ( * ) SI_UNIT ( .MILLI., .METRE. ) );
#2264 = DIRECTION ( 'NONE',  ( 1.000000000000000000, -0.0000000000000000000, -0.0000000000000000000 ) ) ;
#2265 = VERTEX_POINT ( 'NONE', #179 ) ;
#2266 = VECTOR ( 'NONE', #2775, 1000.000000000000000 ) ;
#2267 = ORIENTED_EDGE ( 'NONE', *, *, #3503, .T. ) ;
#2268 =( NAMED_UNIT ( * ) SI_UNIT ( $, .STERADIAN. ) SOLID_ANGLE_UNIT ( ) );
#2269 = DIRECTION ( 'NONE',  ( 0.0000000000000000000, 0.0000000000000000000, -1.000000000000000000 ) ) ;
#2270 = ORIENTED_EDGE ( 'NONE', *, *, #2806, .F. ) ;
#2271 =( NAMED_UNIT ( * ) PLANE_ANGLE_UNIT ( ) SI_UNIT ( $, .RADIAN. ) );
#2272 =( NAMED_UNIT ( * ) SI_UNIT ( $, .STERADIAN. ) SOLID_ANGLE_UNIT ( ) );
#2273 = ORIENTED_EDGE ( 'NONE', *, *, #2055, .F. ) ;
#2274 = DIRECTION ( 'NONE',  ( -0.7071067811865474617, -0.0000000000000000000, -0.7071067811865474617 ) ) ;
#2275 = STYLED_ITEM ( 'NONE', ( #4200 ), #596 ) ;
#2276 = DIRECTION ( 'NONE',  ( 0.7071067811865475727, 0.0000000000000000000, -0.7071067811865475727 ) ) ;
#2277 = ORIENTED_EDGE ( 'NONE', *, *, #4659, .T. ) ;
#2278 = AXIS2_PLACEMENT_3D ( 'NONE', #4482, #2145, #3706 ) ;
#2279 = CARTESIAN_POINT ( 'NONE',  ( 2.859999961853000094, 1.270000000000000018, -4.440892098500999885E-16 ) ) ;
#2280 = CARTESIAN_POINT ( 'NONE',  ( 3.809999961852999828, 3.809999961852999828, 0.02500000000000000139 ) ) ;
#2281 = CARTESIAN_POINT ( 'NONE',  ( 3.809999923706000047, 1.520000000000000018, 2.214999988079000115 ) ) ;
#2282 = SURFACE_STYLE_USAGE ( .BOTH. , #897 ) ;
#2283 = CARTESIAN_POINT ( 'NONE',  ( 2.859999961853000539, 9.609999997020000961, 1.590000000000000302 ) ) ;
#2284 =( GEOMETRIC_REPRESENTATION_CONTEXT ( 3 ) GLOBAL_UNCERTAINTY_ASSIGNED_CONTEXT ( ( #4536 ) ) GLOBAL_UNIT_ASSIGNED_CONTEXT ( ( #2497, #1803, #2937 ) ) REPRESENTATION_CONTEXT ( 'NONE', 'WORKASPACE' ) );
#2285 = ITEM_DEFINED_TRANSFORMATION ( 'NONE', 'NONE', #1222,  #3256 ) ;
#2286 = VERTEX_POINT ( 'NONE', #565 ) ;
#2287 = EDGE_CURVE ( 'NONE', #1801, #2421, #2658, .T. ) ;
#2288 = EDGE_CURVE ( 'NONE', #1338, #3676, #2752, .T. ) ;
#2289 = EDGE_LOOP ( 'NONE', ( #1015, #325, #3106, #2841 ) ) ;
#2290 = SURFACE_SIDE_STYLE ('',( #3063 ) ) ;
#2291 = DIRECTION ( 'NONE',  ( -1.000000000000000000, -0.0000000000000000000, -0.0000000000000000000 ) ) ;
#2292 = VERTEX_POINT ( 'NONE', #1911 ) ;
#2293 = CARTESIAN_POINT ( 'NONE',  ( 0.3200000000000000622, 9.609999997019999185, 1.590000000000000524 ) ) ;
#2294 = VECTOR ( 'NONE', #3685, 1000.000000000000000 ) ;
#2295 = MECHANICAL_DESIGN_GEOMETRIC_PRESENTATION_REPRESENTATION (  '', ( #3872 ), #223 ) ;
#2296 = MECHANICAL_DESIGN_GEOMETRIC_PRESENTATION_REPRESENTATION (  '', ( #2371 ), #157 ) ;
#2297 = VECTOR ( 'NONE', #4621, 1000.000000000000000 ) ;
#2298 =( NAMED_UNIT ( * ) SI_UNIT ( $, .STERADIAN. ) SOLID_ANGLE_UNIT ( ) );
#2299 = PRESENTATION_STYLE_ASSIGNMENT (( #3488 ) ) ;
#2300 = VERTEX_POINT ( 'NONE', #2350 ) ;
#2301 =( NAMED_UNIT ( * ) PLANE_ANGLE_UNIT ( ) SI_UNIT ( $, .RADIAN. ) );
#2302 = FILL_AREA_STYLE ('',( #3027 ) ) ;
#2303 = AXIS2_PLACEMENT_3D ( 'NONE', #3664, #772, #1796 ) ;
#2304 = LINE ( 'NONE', #4549, #86 ) ;
#2305 = AXIS2_PLACEMENT_3D ( 'NONE', #4521, #3763, #430 ) ;
#2306 = DIRECTION ( 'NONE',  ( -0.0000000000000000000, 1.000000000000000000, 0.0000000000000000000 ) ) ;
#2307 =( LENGTH_UNIT ( ) NAMED_UNIT ( * ) SI_UNIT ( .MILLI., .METRE. ) );
#2308 = LINE ( 'NONE', #1629, #4210 ) ;
#2309 = PRESENTATION_LAYER_ASSIGNMENT (  '', '', ( #942 ) ) ;
#2310 = SURFACE_STYLE_FILL_AREA ( #1539 ) ;
#2311 = PLANE ( 'NONE',  #1065 ) ;
#2312 = ORIENTED_EDGE ( 'NONE', *, *, #2564, .F. ) ;
#2313 = UNCERTAINTY_MEASURE_WITH_UNIT (LENGTH_MEASURE( 1.000000000000000082E-05 ), #467, 'distance_accuracy_value', 'NONE');
#2314 = SHAPE_REPRESENTATION ( 'PinArray', ( #3256 ), #4644 ) ;
#2315 = PRESENTATION_LAYER_ASSIGNMENT (  '', '', ( #177 ) ) ;
#2317 = ORIENTED_EDGE ( 'NONE', *, *, #332, .F. ) ;
#2316 = EDGE_CURVE ( 'NONE', #1338, #607, #3414, .T. ) ;
#2318 = CARTESIAN_POINT ( 'NONE',  ( 2.859999961853000094, 1.270000000000000018, 1.590000000000000080 ) ) ;
#2319 = CARTESIAN_POINT ( 'NONE',  ( 4.759999923706000224, 0.3200000000000002287, -2.799999997020000464 ) ) ;
#2320 = ORIENTED_EDGE ( 'NONE', *, *, #2742, .T. ) ;
#2321 = FACE_OUTER_BOUND ( 'NONE', #4107, .T. ) ;
#2322 = COLOUR_RGB ( '',0.09411764705882352811, 0.09411764705882352811, 0.09411764705882352811 ) ;
#2323 = CARTESIAN_POINT ( 'NONE',  ( 5.399999923705999905, -0.3199999999999999512, -4.388850394221508810E-16 ) ) ;
#2324 = DIRECTION ( 'NONE',  ( 0.0000000000000000000, 1.000000000000000000, 1.332267629549999902E-15 ) ) ;
#2325 = DIRECTION ( 'NONE',  ( -1.000000000000000000, 0.0000000000000000000, 0.0000000000000000000 ) ) ;
#2326 = VECTOR ( 'NONE', #1067, 1000.000000000000000 ) ;
#2327 = CARTESIAN_POINT ( 'NONE',  ( 6.049999911785125306, 1.520000000000000018, 0.02499999999987484803 ) ) ;
#2328 = PRESENTATION_LAYER_ASSIGNMENT (  '', '', ( #1112 ) ) ;
#2329 = ORIENTED_EDGE ( 'NONE', *, *, #4437, .T. ) ;
#2330 =( NAMED_UNIT ( * ) SI_UNIT ( $, .STERADIAN. ) SOLID_ANGLE_UNIT ( ) );
#2331 = FILL_AREA_STYLE_COLOUR ( '', #1982 ) ;
#2332 = SURFACE_SIDE_STYLE ('',( #4164 ) ) ;
#2333 = PRESENTATION_STYLE_ASSIGNMENT (( #3501 ) ) ;
#2334 = APPLICATION_CONTEXT ( 'automotive_design' ) ;
#2335 = ORIENTED_EDGE ( 'NONE', *, *, #2316, .T. ) ;
#2336 = ORIENTED_EDGE ( 'NONE', *, *, #2905, .T. ) ;
#2337 = CARTESIAN_POINT ( 'NONE',  ( 2.859999961853000094, 3.809999961852999828, 1.590000000000000080 ) ) ;
#2338 = SURFACE_STYLE_USAGE ( .BOTH. , #800 ) ;
#2339 = ORIENTED_EDGE ( 'NONE', *, *, #2262, .T. ) ;
#2340 =( NAMED_UNIT ( * ) PLANE_ANGLE_UNIT ( ) SI_UNIT ( $, .RADIAN. ) );
#2341 =( LENGTH_UNIT ( ) NAMED_UNIT ( * ) SI_UNIT ( .MILLI., .METRE. ) );
#2342 = PRESENTATION_STYLE_ASSIGNMENT (( #1268 ) ) ;
#2343 = EDGE_LOOP ( 'NONE', ( #3586, #3226, #3761, #4078 ) ) ;
#2344 =( NAMED_UNIT ( * ) PLANE_ANGLE_UNIT ( ) SI_UNIT ( $, .RADIAN. ) );
#2345 = ADVANCED_FACE ( 'NONE', ( #4537 ), #2244, .F. ) ;
#2346 = EDGE_CURVE ( 'NONE', #1612, #3430, #1402, .T. ) ;
#2347 = FACE_OUTER_BOUND ( 'NONE', #2990, .T. ) ;
#2348 =( LENGTH_UNIT ( ) NAMED_UNIT ( * ) SI_UNIT ( .MILLI., .METRE. ) );
#2349 =( GEOMETRIC_REPRESENTATION_CONTEXT ( 3 ) GLOBAL_UNCERTAINTY_ASSIGNED_CONTEXT ( ( #4651 ) ) GLOBAL_UNIT_ASSIGNED_CONTEXT ( ( #2360, #4541, #906 ) ) REPRESENTATION_CONTEXT ( 'NONE', 'WORKASPACE' ) );
#2350 = CARTESIAN_POINT ( 'NONE',  ( 6.049999911785125306, 1.519999999999998241, 2.515000000000125802 ) ) ;
#2351 = PLANE ( 'NONE',  #1583 ) ;
#2352 = STYLED_ITEM ( 'NONE', ( #2436 ), #685 ) ;
#2353 = EDGE_LOOP ( 'NONE', ( #886, #92, #4217, #983 ) ) ;
#2354 = UNCERTAINTY_MEASURE_WITH_UNIT (LENGTH_MEASURE( 1.000000000000000082E-05 ), #2971, 'distance_accuracy_value', 'NONE');
#2355 = STYLED_ITEM ( 'NONE', ( #3372 ), #979 ) ;
#2356 = ORIENTED_EDGE ( 'NONE', *, *, #47, .T. ) ;
#2357 = SURFACE_SIDE_STYLE ('',( #1659 ) ) ;
#2358 = CARTESIAN_POINT ( 'NONE',  ( 2.859999961853000094, 1.820000011921000471, 1.589999999999999414 ) ) ;
#2359 = ORIENTED_EDGE ( 'NONE', *, *, #4365, .F. ) ;
#2360 =( LENGTH_UNIT ( ) NAMED_UNIT ( * ) SI_UNIT ( .MILLI., .METRE. ) );
#2361 = CARTESIAN_POINT ( 'NONE',  ( 1.270000000000062634, 1.820000011921000249, 2.214999988079062732 ) ) ;
#2362 =( GEOMETRIC_REPRESENTATION_CONTEXT ( 3 ) GLOBAL_UNCERTAINTY_ASSIGNED_CONTEXT ( ( #109 ) ) GLOBAL_UNIT_ASSIGNED_CONTEXT ( ( #2592, #4451, #3618 ) ) REPRESENTATION_CONTEXT ( 'NONE', 'WORKASPACE' ) );
#2363 = DIRECTION ( 'NONE',  ( 6.645562236426607662E-16, 1.000000000000000000, 6.645562236426607662E-16 ) ) ;
#2364 = PLANE ( 'NONE',  #4122 ) ;
#2365 = ORIENTED_EDGE ( 'NONE', *, *, #63, .F. ) ;
#2366 = STYLED_ITEM ( 'NONE', ( #2800 ), #4607 ) ;
#2367 =( LENGTH_UNIT ( ) NAMED_UNIT ( * ) SI_UNIT ( .MILLI., .METRE. ) );
#2368 =( NAMED_UNIT ( * ) PLANE_ANGLE_UNIT ( ) SI_UNIT ( $, .RADIAN. ) );
#2369 =( GEOMETRIC_REPRESENTATION_CONTEXT ( 3 ) GLOBAL_UNCERTAINTY_ASSIGNED_CONTEXT ( ( #1771 ) ) GLOBAL_UNIT_ASSIGNED_CONTEXT ( ( #302, #4392, #326 ) ) REPRESENTATION_CONTEXT ( 'NONE', 'WORKASPACE' ) );
#2370 = PRESENTATION_LAYER_ASSIGNMENT (  '', '', ( #4343 ) ) ;
#2371 = STYLED_ITEM ( 'NONE', ( #3449 ), #2192 ) ;
#2372 = LINE ( 'NONE', #3452, #2075 ) ;
#2373 = FILL_AREA_STYLE ('',( #1929 ) ) ;
#2374 = CARTESIAN_POINT ( 'NONE',  ( 0.3200000000000000067, 1.270000000000000018, 0.9499999999999999556 ) ) ;
#2375 = EDGE_CURVE ( 'NONE', #2286, #3430, #284, .T. ) ;
#2376 = STYLED_ITEM ( 'NONE', ( #847 ), #1851 ) ;
#2377 = PLANE ( 'NONE',  #4106 ) ;
#2378 = PRESENTATION_LAYER_ASSIGNMENT (  '', '', ( #1229 ) ) ;
#2379 = STYLED_ITEM ( 'NONE', ( #3067 ), #1968 ) ;
#2380 = SURFACE_STYLE_USAGE ( .BOTH. , #4513 ) ;
#2381 = PRESENTATION_STYLE_ASSIGNMENT (( #1960 ) ) ;
#2382 = EDGE_CURVE ( 'NONE', #881, #161, #2092, .T. ) ;
#2383 = CARTESIAN_POINT ( 'NONE',  ( 2.859999961853000094, 1.820000011921000693, 0.9499999999999992895 ) ) ;
#2384 = VECTOR ( 'NONE', #1029, 1000.000000000000114 ) ;
#2385 = ORIENTED_EDGE ( 'NONE', *, *, #3116, .T. ) ;
#2386 = AXIS2_PLACEMENT_3D ( 'NONE', #2759, #572, #3923 ) ;
#2387 = VERTEX_POINT ( 'NONE', #2526 ) ;
#2388 = CARTESIAN_POINT ( 'NONE',  ( 5.399999923705999905, 1.270000000000000018, 1.589999999999999858 ) ) ;
#2389 = DIRECTION ( 'NONE',  ( -0.0000000000000000000, 1.000000000000000000, 0.0000000000000000000 ) ) ;
#2390 = EDGE_LOOP ( 'NONE', ( #132, #1265, #3633, #569, #3, #1249, #1775, #2756 ) ) ;
#2391 = SURFACE_STYLE_USAGE ( .BOTH. , #4586 ) ;
#2392 = CARTESIAN_POINT ( 'NONE',  ( 0.3200000000000000067, 0.3200000000000000067, -5.313452942893489393E-16 ) ) ;
#2393 = MECHANICAL_DESIGN_GEOMETRIC_PRESENTATION_REPRESENTATION (  '', ( #1468 ), #3109 ) ;
#2394 = FILL_AREA_STYLE ('',( #1387 ) ) ;
#2395 = PRESENTATION_LAYER_ASSIGNMENT (  '', '', ( #4752 ) ) ;
#2396 = ORIENTED_EDGE ( 'NONE', *, *, #1602, .F. ) ;
#2397 = LINE ( 'NONE', #961, #2945 ) ;
#2398 = UNCERTAINTY_MEASURE_WITH_UNIT (LENGTH_MEASURE( 1.000000000000000082E-05 ), #2089, 'distance_accuracy_value', 'NONE');
#2399 = COLOUR_RGB ( '',1.000000000000000000, 1.000000000000000000, 0.4980392156862745168 ) ;
#2400 = DIRECTION ( 'NONE',  ( 0.0000000000000000000, -1.000000000000000000, -0.0000000000000000000 ) ) ;
#2401 = FACE_OUTER_BOUND ( 'NONE', #571, .T. ) ;
#2402 = FILL_AREA_STYLE_COLOUR ( '', #2873 ) ;
#2403 = PRODUCT_DEFINITION ( 'UNKNOWN', '', #1596, #544 ) ;
#2404 = VECTOR ( 'NONE', #3581, 1000.000000000000000 ) ;
#2405 = EDGE_CURVE ( 'NONE', #3379, #3075, #4770, .T. ) ;
#2406 =( LENGTH_UNIT ( ) NAMED_UNIT ( * ) SI_UNIT ( .MILLI., .METRE. ) );
#2407 =( LENGTH_UNIT ( ) NAMED_UNIT ( * ) SI_UNIT ( .MILLI., .METRE. ) );
#2408 = FILL_AREA_STYLE ('',( #3185 ) ) ;
#2409 = CARTESIAN_POINT ( 'NONE',  ( 0.3200000000000000067, 0.3200000000000000067, -3.000000000000000000 ) ) ;
#2410 = FILL_AREA_STYLE_COLOUR ( '', #1368 ) ;
#2411 = EDGE_LOOP ( 'NONE', ( #2396, #1598, #3526, #3462 ) ) ;
#2412 = EDGE_CURVE ( 'NONE', #2532, #3676, #2454, .T. ) ;
#2413 = STYLED_ITEM ( 'NONE', ( #48 ), #20 ) ;
#2414 = LINE ( 'NONE', #593, #3666 ) ;
#2415 =( LENGTH_UNIT ( ) NAMED_UNIT ( * ) SI_UNIT ( .MILLI., .METRE. ) );
#2416 = VERTEX_POINT ( 'NONE', #1705 ) ;
#2417 = DIRECTION ( 'NONE',  ( 1.000000000000000000, 0.0000000000000000000, 0.0000000000000000000 ) ) ;
#2418 = MECHANICAL_DESIGN_GEOMETRIC_PRESENTATION_REPRESENTATION (  '', ( #4776 ), #963 ) ;
#2419 = CARTESIAN_POINT ( 'NONE',  ( -0.9699999880792493645, 3.809999961853000716, 0.02499999999975153347 ) ) ;
#2420 = LINE ( 'NONE', #3611, #3815 ) ;
#2421 = VERTEX_POINT ( 'NONE', #2115 ) ;
#2422 = PRESENTATION_STYLE_ASSIGNMENT (( #2129 ) ) ;
#2423 =( NAMED_UNIT ( * ) SI_UNIT ( $, .STERADIAN. ) SOLID_ANGLE_UNIT ( ) );
#2424 = ORIENTED_EDGE ( 'NONE', *, *, #3894, .F. ) ;
#2425 = FILL_AREA_STYLE_COLOUR ( '', #1337 ) ;
#2426 = CARTESIAN_POINT ( 'NONE',  ( -1.270000000000500062, 1.520000000000000018, 0.3250000119205000426 ) ) ;
#2427 = PLANE ( 'NONE',  #3410 ) ;
#2428 = PRESENTATION_STYLE_ASSIGNMENT (( #2073 ) ) ;
#2429 = DIRECTION ( 'NONE',  ( -1.000000000000000000, -0.0000000000000000000, -0.0000000000000000000 ) ) ;
#2430 = DIRECTION ( 'NONE',  ( 0.0000000000000000000, 0.0000000000000000000, 1.000000000000000000 ) ) ;
#2431 = DIRECTION ( 'NONE',  ( 0.0000000000000000000, 1.618928404167999991E-15, -1.000000000000000000 ) ) ;
#2432 = LINE ( 'NONE', #3945, #4447 ) ;
#2433 =( NAMED_UNIT ( * ) PLANE_ANGLE_UNIT ( ) SI_UNIT ( $, .RADIAN. ) );
#2434 = PRESENTATION_LAYER_ASSIGNMENT (  '', '', ( #2352 ) ) ;
#2435 = EDGE_CURVE ( 'NONE', #3139, #3957, #4406, .T. ) ;
#2436 = PRESENTATION_STYLE_ASSIGNMENT (( #3630 ) ) ;
#2437 = ADVANCED_FACE ( 'NONE', ( #4018 ), #4686, .T. ) ;
#2438 = DIRECTION ( 'NONE',  ( 0.0000000000000000000, -0.0000000000000000000, 1.000000000000000000 ) ) ;
#2439 = EDGE_LOOP ( 'NONE', ( #2606, #930, #3855, #1329 ) ) ;
#2440 = FILL_AREA_STYLE ('',( #4677 ) ) ;
#2441 = VERTEX_POINT ( 'NONE', #1375 ) ;
#2442 = DIRECTION ( 'NONE',  ( 1.000000000000000000, 0.0000000000000000000, 0.0000000000000000000 ) ) ;
#2443 = EDGE_CURVE ( 'NONE', #1930, #3095, #1729, .T. ) ;
#2444 = FILL_AREA_STYLE ('',( #2084 ) ) ;
#2445 = UNCERTAINTY_MEASURE_WITH_UNIT (LENGTH_MEASURE( 1.000000000000000082E-05 ), #3421, 'distance_accuracy_value', 'NONE');
#2446 = COLOUR_RGB ( '',0.09411764705882352811, 0.09411764705882352811, 0.09411764705882352811 ) ;
#2447 = FACE_OUTER_BOUND ( 'NONE', #1656, .T. ) ;
#2448 = ORIENTED_EDGE ( 'NONE', *, *, #47, .F. ) ;
#2449 = LINE ( 'NONE', #1627, #199 ) ;
#2450 =( NAMED_UNIT ( * ) PLANE_ANGLE_UNIT ( ) SI_UNIT ( $, .RADIAN. ) );
#2451 = MECHANICAL_DESIGN_GEOMETRIC_PRESENTATION_REPRESENTATION (  '', ( #4355 ), #2070 ) ;
#2452 = PRESENTATION_LAYER_ASSIGNMENT (  '', '', ( #306 ) ) ;
#2453 = CARTESIAN_POINT ( 'NONE',  ( 4.759999923706000224, 3.809999961852999828, 0.9499999999999999556 ) ) ;
#2454 = LINE ( 'NONE', #1044, #2948 ) ;
#2455 = DIRECTION ( 'NONE',  ( -0.5773502691896250649, -0.5773502691896262862, -0.5773502691896261751 ) ) ;
#2456 = SURFACE_STYLE_FILL_AREA ( #4616 ) ;
#2457 = PRESENTATION_STYLE_ASSIGNMENT (( #245 ) ) ;
#2458 = UNCERTAINTY_MEASURE_WITH_UNIT (LENGTH_MEASURE( 1.000000000000000082E-05 ), #3929, 'distance_accuracy_value', 'NONE');
#2459 =( GEOMETRIC_REPRESENTATION_CONTEXT ( 3 ) GLOBAL_UNCERTAINTY_ASSIGNED_CONTEXT ( ( #4317 ) ) GLOBAL_UNIT_ASSIGNED_CONTEXT ( ( #1342, #2825, #2423 ) ) REPRESENTATION_CONTEXT ( 'NONE', 'WORKASPACE' ) );
#2460 =( LENGTH_UNIT ( ) NAMED_UNIT ( * ) SI_UNIT ( .MILLI., .METRE. ) );
#2461 = SURFACE_STYLE_USAGE ( .BOTH. , #2863 ) ;
#2462 = VECTOR ( 'NONE', #4224, 1000.000000000000000 ) ;
#2463 = CARTESIAN_POINT ( 'NONE',  ( -0.3200000000000000067, 1.270000000000000018, -4.440892098500999885E-16 ) ) ;
#2464 = PLANE ( 'NONE',  #1559 ) ;
#2465 = ADVANCED_FACE ( 'NONE', ( #4134 ), #1532, .T. ) ;
#2466 = CARTESIAN_POINT ( 'NONE',  ( 2.219999961852999970, 1.270000000000000018, 0.9499999999999995115 ) ) ;
#2467 = ORIENTED_EDGE ( 'NONE', *, *, #4248, .T. ) ;
#2468 = DIRECTION ( 'NONE',  ( -0.7071067811865474617, 0.0000000000000000000, -0.7071067811865474617 ) ) ;
#2469 = ORIENTED_EDGE ( 'NONE', *, *, #2175, .T. ) ;
#2470 = AXIS2_PLACEMENT_3D ( 'NONE', #24, #3033, #722 ) ;
#2471 = LINE ( 'NONE', #4706, #4645 ) ;
#2472 = ORIENTED_EDGE ( 'NONE', *, *, #1412, .F. ) ;
#2473 = CARTESIAN_POINT ( 'NONE',  ( 1.270000000000124807, 1.519999999999998241, 2.214999988079124904 ) ) ;
#2474 = AXIS2_PLACEMENT_3D ( 'NONE', #4573, #3055, #2702 ) ;
#2475 = DIRECTION ( 'NONE',  ( 0.7071067811865475727, 9.432969924854965098E-16, -0.7071067811865475727 ) ) ;
#2476 = SURFACE_SIDE_STYLE ('',( #1374 ) ) ;
#2477 = DIRECTION ( 'NONE',  ( -1.000000000000000000, 0.0000000000000000000, -0.0000000000000000000 ) ) ;
#2478 = DIRECTION ( 'NONE',  ( -1.000000000000000000, 0.0000000000000000000, 0.0000000000000000000 ) ) ;
#2479 = LINE ( 'NONE', #971, #3691 ) ;
#2480 = CARTESIAN_POINT ( 'NONE',  ( 1.270000000000249152, 3.809999961853000716, 0.3250000119207507865 ) ) ;
#2481 = CARTESIAN_POINT ( 'NONE',  ( 2.219999961852999970, -0.3199999999999999512, -2.799999997020000020 ) ) ;
#2482 = VECTOR ( 'NONE', #4004, 1000.000000000000000 ) ;
#2483 = LINE ( 'NONE', #4001, #2013 ) ;
#2484 = CIRCLE ( 'NONE', #2028, 1.590000000000000080 ) ;
#2485 = DIRECTION ( 'NONE',  ( -0.0000000000000000000, -0.0000000000000000000, 1.000000000000000000 ) ) ;
#2486 = FILL_AREA_STYLE_COLOUR ( '', #4411 ) ;
#2487 = DIRECTION ( 'NONE',  ( 0.0000000000000000000, -1.510616709811000052E-15, 1.000000000000000000 ) ) ;
#2488 = ORIENTED_EDGE ( 'NONE', *, *, #2718, .F. ) ;
#2489 = ORIENTED_EDGE ( 'NONE', *, *, #1883, .T. ) ;
#2490 = MECHANICAL_DESIGN_GEOMETRIC_PRESENTATION_REPRESENTATION (  '', ( #3219 ), #4386 ) ;
#2491 = APPLICATION_PROTOCOL_DEFINITION ( 'draft international standard', 'automotive_design', 1998, #1361 ) ;
#2492 = UNCERTAINTY_MEASURE_WITH_UNIT (LENGTH_MEASURE( 1.000000000000000082E-05 ), #3349, 'distance_accuracy_value', 'NONE');
#2493 = SURFACE_STYLE_USAGE ( .BOTH. , #1035 ) ;
#2494 = ORIENTED_EDGE ( 'NONE', *, *, #866, .F. ) ;
#2495 = DIRECTION ( 'NONE',  ( -1.000000000000000000, 0.0000000000000000000, -0.0000000000000000000 ) ) ;
#2496 = STYLED_ITEM ( 'NONE', ( #3078 ), #293 ) ;
#2497 =( LENGTH_UNIT ( ) NAMED_UNIT ( * ) SI_UNIT ( .MILLI., .METRE. ) );
#2498 = EDGE_CURVE ( 'NONE', #1158, #1658, #2210, .T. ) ;
#2499 = ORIENTED_EDGE ( 'NONE', *, *, #3921, .F. ) ;
#2500 = FILL_AREA_STYLE ('',( #4278 ) ) ;
#2501 = CARTESIAN_POINT ( 'NONE',  ( 3.809999923706000047, 1.520000000000000018, 0.02500000000000000139 ) ) ;
#2502 = DIRECTION ( 'NONE',  ( 1.000000000000000000, 0.0000000000000000000, 0.0000000000000000000 ) ) ;
#2503 = PRESENTATION_STYLE_ASSIGNMENT (( #2118 ) ) ;
#2504 = CARTESIAN_POINT ( 'NONE',  ( 3.809999923706000047, 1.519999999999996909, 2.214999988079000115 ) ) ;
#2505 = EDGE_CURVE ( 'NONE', #1493, #4293, #1898, .T. ) ;
#2506 = CARTESIAN_POINT ( 'NONE',  ( 3.809999923706000047, 3.809999961852999828, 0.02500000000000000139 ) ) ;
#2507 = UNCERTAINTY_MEASURE_WITH_UNIT (LENGTH_MEASURE( 1.000000000000000082E-05 ), #2460, 'distance_accuracy_value', 'NONE');
#2508 = LINE ( 'NONE', #2920, #2883 ) ;
#2509 = CARTESIAN_POINT ( 'NONE',  ( 2.219999961852999970, 3.809999961852999828, 1.590000000000000080 ) ) ;
#2510 = PRESENTATION_STYLE_ASSIGNMENT (( #1433 ) ) ;
#2511 = FILL_AREA_STYLE ('',( #423 ) ) ;
#2512 = CARTESIAN_POINT ( 'NONE',  ( 1.569999973773875235, 1.520000000000000018, 0.02499999999987498334 ) ) ;
#2513 = VECTOR ( 'NONE', #4641, 1000.000000000000000 ) ;
#2514 = ORIENTED_EDGE ( 'NONE', *, *, #2935, .F. ) ;
#2515 = SURFACE_STYLE_USAGE ( .BOTH. , #2150 ) ;
#2516 = EDGE_LOOP ( 'NONE', ( #934, #4469, #2227, #3114 ) ) ;
#2517 = DIRECTION ( 'NONE',  ( 6.645562236426607662E-16, 1.000000000000000000, 6.645562236426607662E-16 ) ) ;
#2518 = STYLED_ITEM ( 'NONE', ( #2333 ), #808 ) ;
#2519 = SURFACE_SIDE_STYLE ('',( #3359 ) ) ;
#2520 = MECHANICAL_DESIGN_GEOMETRIC_PRESENTATION_REPRESENTATION (  '', ( #4718 ), #449 ) ;
#2521 = ORIENTED_EDGE ( 'NONE', *, *, #3983, .F. ) ;
#2522 = FACE_OUTER_BOUND ( 'NONE', #3901, .T. ) ;
#2523 = AXIS2_PLACEMENT_3D ( 'NONE', #3697, #1823, #764 ) ;
#2524 = CARTESIAN_POINT ( 'NONE',  ( 4.859999925195999992, 9.709999998510001618, 1.590000000000000080 ) ) ;
#2525 = EDGE_CURVE ( 'NONE', #3103, #3379, #824, .T. ) ;
#2526 = CARTESIAN_POINT ( 'NONE',  ( 3.809999923706000047, 1.820000011921000249, 2.214999988079000115 ) ) ;
#2527 = CARTESIAN_POINT ( 'NONE',  ( 3.809999923706000047, 1.820000011921000693, 0.3250000119210002536 ) ) ;
#2528 = CARTESIAN_POINT ( 'NONE',  ( 5.399999923705999905, -0.2199999985099999888, -2.899999998509999788 ) ) ;
#2529 = SURFACE_SIDE_STYLE ('',( #2138 ) ) ;
#2530 = FILL_AREA_STYLE ('',( #2985 ) ) ;
#2531 = PRESENTATION_LAYER_ASSIGNMENT (  '', '', ( #923 ) ) ;
#2532 = VERTEX_POINT ( 'NONE', #1445 ) ;
#2533 = VECTOR ( 'NONE', #3906, 1000.000000000000000 ) ;
#2534 = LINE ( 'NONE', #1025, #3363 ) ;
#2535 = AXIS2_PLACEMENT_3D ( 'NONE', #4029, #2842, #3981 ) ;
#2536 = ADVANCED_FACE ( 'NONE', ( #3405 ), #360, .T. ) ;
#2537 = PLANE ( 'NONE',  #4361 ) ;
#2538 = PRESENTATION_LAYER_ASSIGNMENT (  '', '', ( #2147 ) ) ;
#2539 = ORIENTED_EDGE ( 'NONE', *, *, #2871, .T. ) ;
#2540 = SURFACE_SIDE_STYLE ('',( #2582 ) ) ;
#2541 = ORIENTED_EDGE ( 'NONE', *, *, #2405, .F. ) ;
#2542 =( LENGTH_UNIT ( ) NAMED_UNIT ( * ) SI_UNIT ( .MILLI., .METRE. ) );
#2543 = VERTEX_POINT ( 'NONE', #1093 ) ;
#2544 = FACE_OUTER_BOUND ( 'NONE', #3014, .T. ) ;
#2546 = UNCERTAINTY_MEASURE_WITH_UNIT (LENGTH_MEASURE( 1.000000000000000082E-05 ), #519, 'distance_accuracy_value', 'NONE');
#2545 = AXIS2_PLACEMENT_3D ( 'NONE', #4314, #1364, #228 ) ;
#2547 = VECTOR ( 'NONE', #2712, 1000.000000000000000 ) ;
#2548 = SURFACE_STYLE_USAGE ( .BOTH. , #4424 ) ;
#2549 = ORIENTED_EDGE ( 'NONE', *, *, #4249, .F. ) ;
#2550 = PLANE ( 'NONE',  #995 ) ;
#2551 = SURFACE_STYLE_FILL_AREA ( #1088 ) ;
#2552 =( LENGTH_UNIT ( ) NAMED_UNIT ( * ) SI_UNIT ( .MILLI., .METRE. ) );
#2553 = COLOUR_RGB ( '',1.000000000000000000, 1.000000000000000000, 0.4980392156862745168 ) ;
#2554 = CARTESIAN_POINT ( 'NONE',  ( 1.269999961852499970, 1.520000000000000018, 2.214999988079500159 ) ) ;
#2555 = ORIENTED_EDGE ( 'NONE', *, *, #4526, .F. ) ;
#2556 = EDGE_CURVE ( 'NONE', #1506, #3266, #1505, .T. ) ;
#2557 = VECTOR ( 'NONE', #4723, 1000.000000000000000 ) ;
#2558 = LINE ( 'NONE', #1167, #3976 ) ;
#2559 = CARTESIAN_POINT ( 'NONE',  ( 4.109999935627000056, 1.520000000000000018, 2.515000000000000124 ) ) ;
#2560 = SURFACE_SIDE_STYLE ('',( #725 ) ) ;
#2561 =( NAMED_UNIT ( * ) PLANE_ANGLE_UNIT ( ) SI_UNIT ( $, .RADIAN. ) );
#2562 =( NAMED_UNIT ( * ) PLANE_ANGLE_UNIT ( ) SI_UNIT ( $, .RADIAN. ) );
#2563 = SURFACE_STYLE_FILL_AREA ( #1515 ) ;
#2564 = EDGE_CURVE ( 'NONE', #3476, #2441, #17, .T. ) ;
#2565 = ADVANCED_FACE ( 'NONE', ( #3889 ), #3515, .T. ) ;
#2566 = DIRECTION ( 'NONE',  ( -0.5773502691896259531, 0.5773502691896257311, 0.5773502691896256200 ) ) ;
#2567 = ORIENTED_EDGE ( 'NONE', *, *, #1237, .F. ) ;
#2568 = AXIS2_PLACEMENT_3D ( 'NONE', #4236, #4282, #219 ) ;
#2569 = FACE_OUTER_BOUND ( 'NONE', #2798, .T. ) ;
#2570 =( GEOMETRIC_REPRESENTATION_CONTEXT ( 3 ) GLOBAL_UNCERTAINTY_ASSIGNED_CONTEXT ( ( #2746 ) ) GLOBAL_UNIT_ASSIGNED_CONTEXT ( ( #4390, #2562, #3730 ) ) REPRESENTATION_CONTEXT ( 'NONE', 'WORKASPACE' ) );
#2571 = DIRECTION ( 'NONE',  ( -0.7071067811865475727, 9.398244244348984524E-16, -0.7071067811865475727 ) ) ;
#2572 = ORIENTED_EDGE ( 'NONE', *, *, #4220, .F. ) ;
#2573 = FILL_AREA_STYLE_COLOUR ( '', #4587 ) ;
#2574 = FILL_AREA_STYLE ('',( #1064 ) ) ;
#2575 = PRESENTATION_LAYER_ASSIGNMENT (  '', '', ( #4544 ) ) ;
#2576 = PRESENTATION_STYLE_ASSIGNMENT (( #3700 ) ) ;
#2577 = PRESENTATION_STYLE_ASSIGNMENT (( #1116 ) ) ;
#2578 = EDGE_LOOP ( 'NONE', ( #134, #3757, #3239, #4421 ) ) ;
#2579 = PRESENTATION_LAYER_ASSIGNMENT (  '', '', ( #2496 ) ) ;
#2580 = LINE ( 'NONE', #750, #1244 ) ;
#2581 = SURFACE_SIDE_STYLE ('',( #4073 ) ) ;
#2582 = SURFACE_STYLE_FILL_AREA ( #2176 ) ;
#2584 = ORIENTED_EDGE ( 'NONE', *, *, #2256, .F. ) ;
#2583 = EDGE_CURVE ( 'NONE', #881, #78, #3147, .T. ) ;
#2585 = CARTESIAN_POINT ( 'NONE',  ( 3.659999955892999868, 1.520000000000000018, 2.364999994040000164 ) ) ;
#2586 = ADVANCED_FACE ( 'NONE', ( #2020, #2747 ), #102, .T. ) ;
#2587 = VERTEX_POINT ( 'NONE', #3845 ) ;
#2588 = DIRECTION ( 'NONE',  ( 0.0000000000000000000, 1.000000000000000000, 0.0000000000000000000 ) ) ;
#2589 = COLOUR_RGB ( '',0.09411764705882352811, 0.09411764705882352811, 0.09411764705882352811 ) ;
#2590 = PLANE ( 'NONE',  #860 ) ;
#2591 = EDGE_LOOP ( 'NONE', ( #960, #3060, #2709, #4129 ) ) ;
#2592 =( LENGTH_UNIT ( ) NAMED_UNIT ( * ) SI_UNIT ( .MILLI., .METRE. ) );
#2593 = SURFACE_STYLE_USAGE ( .BOTH. , #1825 ) ;
#2594 = AXIS2_PLACEMENT_3D ( 'NONE', #416, #2890, #1828 ) ;
#2595 = DIRECTION ( 'NONE',  ( 0.7071067811865475727, -0.7071067811865475727, 0.0000000000000000000 ) ) ;
#2596 = FILL_AREA_STYLE ('',( #415 ) ) ;
#2597 = SURFACE_STYLE_FILL_AREA ( #4382 ) ;
#2598 = LINE ( 'NONE', #2504, #4331 ) ;
#2599 =( GEOMETRIC_REPRESENTATION_CONTEXT ( 3 ) GLOBAL_UNCERTAINTY_ASSIGNED_CONTEXT ( ( #6 ) ) GLOBAL_UNIT_ASSIGNED_CONTEXT ( ( #1090, #4017, #3672 ) ) REPRESENTATION_CONTEXT ( 'NONE', 'WORKASPACE' ) );
#2600 = ORIENTED_EDGE ( 'NONE', *, *, #4551, .F. ) ;
#2601 =( NAMED_UNIT ( * ) SI_UNIT ( $, .STERADIAN. ) SOLID_ANGLE_UNIT ( ) );
#2602 = VECTOR ( 'NONE', #2274, 1000.000000000000114 ) ;
#2603 = CARTESIAN_POINT ( 'NONE',  ( 2.859999961853000094, 9.609999997019999185, 0.9499999999999999556 ) ) ;
#2604 = DIRECTION ( 'NONE',  ( 0.0000000000000000000, -1.000000000000000000, -1.609823385705999920E-15 ) ) ;
#2605 = DIRECTION ( 'NONE',  ( 0.0000000000000000000, 0.7071067811865474617, 0.7071067811865474617 ) ) ;
#2606 = ORIENTED_EDGE ( 'NONE', *, *, #352, .F. ) ;
#2607 = VECTOR ( 'NONE', #2012, 1000.000000000000000 ) ;
#2608 =( GEOMETRIC_REPRESENTATION_CONTEXT ( 3 ) GLOBAL_UNCERTAINTY_ASSIGNED_CONTEXT ( ( #3690 ) ) GLOBAL_UNIT_ASSIGNED_CONTEXT ( ( #2341, #3484, #2790 ) ) REPRESENTATION_CONTEXT ( 'NONE', 'WORKASPACE' ) );
#2609 = CARTESIAN_POINT ( 'NONE',  ( 3.809999961852999828, 1.520000000000000018, 2.515000000000000124 ) ) ;
#2610 = ORIENTED_EDGE ( 'NONE', *, *, #3620, .T. ) ;
#2611 = LINE ( 'NONE', #2200, #792 ) ;
#2612 = STYLED_ITEM ( 'NONE', ( #539 ), #2345 ) ;
#2613 = ORIENTED_EDGE ( 'NONE', *, *, #1358, .T. ) ;
#2614 = SURFACE_STYLE_FILL_AREA ( #2664 ) ;
#2615 = COLOUR_RGB ( '',1.000000000000000000, 1.000000000000000000, 0.4980392156862745168 ) ;
#2616 = EDGE_CURVE ( 'NONE', #4480, #1814, #2304, .T. ) ;
#2617 = CARTESIAN_POINT ( 'NONE',  ( 4.759999923705999336, 9.609999997019999185, 1.590000000000000302 ) ) ;
#2618 = PRESENTATION_STYLE_ASSIGNMENT (( #3764 ) ) ;
#2619 = EDGE_LOOP ( 'NONE', ( #4540, #414, #3479, #4681 ) ) ;
#2620 =( GEOMETRIC_REPRESENTATION_CONTEXT ( 3 ) GLOBAL_UNCERTAINTY_ASSIGNED_CONTEXT ( ( #2458 ) ) GLOBAL_UNIT_ASSIGNED_CONTEXT ( ( #3929, #4009, #601 ) ) REPRESENTATION_CONTEXT ( 'NONE', 'WORKASPACE' ) );
#2621 = DIRECTION ( 'NONE',  ( -1.000000000000000000, 0.0000000000000000000, 0.0000000000000000000 ) ) ;
#2622 =( NAMED_UNIT ( * ) PLANE_ANGLE_UNIT ( ) SI_UNIT ( $, .RADIAN. ) );
#2623 =( LENGTH_UNIT ( ) NAMED_UNIT ( * ) SI_UNIT ( .MILLI., .METRE. ) );
#2624 = EDGE_LOOP ( 'NONE', ( #2514, #170, #2088, #3135 ) ) ;
#2625 = CARTESIAN_POINT ( 'NONE',  ( 6.349999923706000082, 1.820000011921000027, 0.02500000000000000139 ) ) ;
#2626 = SURFACE_STYLE_USAGE ( .BOTH. , #125 ) ;
#2627 = SURFACE_STYLE_USAGE ( .BOTH. , #150 ) ;
#2628 = STYLED_ITEM ( 'NONE', ( #387 ), #3438 ) ;
#2629 = DIRECTION ( 'NONE',  ( 0.0000000000000000000, 0.7071067811865474617, 0.7071067811865474617 ) ) ;
#2630 = SURFACE_STYLE_FILL_AREA ( #3774 ) ;
#2631 = DIRECTION ( 'NONE',  ( 0.0000000000000000000, -1.000000000000000000, -1.609823385705999920E-15 ) ) ;
#2632 =( NAMED_UNIT ( * ) PLANE_ANGLE_UNIT ( ) SI_UNIT ( $, .RADIAN. ) );
#2633 = ORIENTED_EDGE ( 'NONE', *, *, #3474, .F. ) ;
#2634 = AXIS2_PLACEMENT_3D ( 'NONE', #2143, #4022, #4438 ) ;
#2635 = CARTESIAN_POINT ( 'NONE',  ( 0.2199999985099999888, 0.3200000000000000067, -2.899999998509999788 ) ) ;
#2636 = ORIENTED_EDGE ( 'NONE', *, *, #3470, .T. ) ;
#2637 = MECHANICAL_DESIGN_GEOMETRIC_PRESENTATION_REPRESENTATION (  '', ( #4600 ), #649 ) ;
#2638 = ORIENTED_EDGE ( 'NONE', *, *, #4307, .F. ) ;
#2639 = SURFACE_STYLE_USAGE ( .BOTH. , #94 ) ;
#2640 = PRESENTATION_LAYER_ASSIGNMENT (  '', '', ( #1710 ) ) ;
#2641 = DIRECTION ( 'NONE',  ( 0.0000000000000000000, 1.618928404167999991E-15, -1.000000000000000000 ) ) ;
#2642 = ORIENTED_EDGE ( 'NONE', *, *, #1756, .F. ) ;
#2643 = MECHANICAL_DESIGN_GEOMETRIC_PRESENTATION_REPRESENTATION (  '', ( #4768 ), #656 ) ;
#2644 =( NAMED_UNIT ( * ) SI_UNIT ( $, .STERADIAN. ) SOLID_ANGLE_UNIT ( ) );
#2645 =( LENGTH_UNIT ( ) NAMED_UNIT ( * ) SI_UNIT ( .MILLI., .METRE. ) );
#2646 = UNCERTAINTY_MEASURE_WITH_UNIT (LENGTH_MEASURE( 1.000000000000000082E-05 ), #1446, 'distance_accuracy_value', 'NONE');
#2647 =( GEOMETRIC_REPRESENTATION_CONTEXT ( 3 ) GLOBAL_UNCERTAINTY_ASSIGNED_CONTEXT ( ( #2253 ) ) GLOBAL_UNIT_ASSIGNED_CONTEXT ( ( #2124, #1382, #4289 ) ) REPRESENTATION_CONTEXT ( 'NONE', 'WORKASPACE' ) );
#2648 = DIRECTION ( 'NONE',  ( -1.000000000000000000, 0.0000000000000000000, 0.0000000000000000000 ) ) ;
#2649 = ORIENTED_EDGE ( 'NONE', *, *, #4095, .F. ) ;
#2650 = EDGE_CURVE ( 'NONE', #1261, #1584, #486, .T. ) ;
#2651 = PLANE ( 'NONE',  #742 ) ;
#2652 = EDGE_CURVE ( 'NONE', #3420, #1506, #512, .T. ) ;
#2653 =( NAMED_UNIT ( * ) SI_UNIT ( $, .STERADIAN. ) SOLID_ANGLE_UNIT ( ) );
#2654 = DIRECTION ( 'NONE',  ( 1.000000000000000000, 0.0000000000000000000, 0.0000000000000000000 ) ) ;
#2655 = DIRECTION ( 'NONE',  ( -0.7071067811865474617, 0.0000000000000000000, -0.7071067811865474617 ) ) ;
#2656 = ORIENTED_EDGE ( 'NONE', *, *, #1609, .T. ) ;
#2657 = UNCERTAINTY_MEASURE_WITH_UNIT (LENGTH_MEASURE( 1.000000000000000082E-05 ), #4690, 'distance_accuracy_value', 'NONE');
#2658 = LINE ( 'NONE', #2609, #1677 ) ;
#2659 = ORIENTED_EDGE ( 'NONE', *, *, #4526, .T. ) ;
#2660 = DIRECTION ( 'NONE',  ( 0.0000000000000000000, 0.0000000000000000000, -1.000000000000000000 ) ) ;
#2661 = FILL_AREA_STYLE_COLOUR ( '', #1109 ) ;
#2662 = ORIENTED_EDGE ( 'NONE', *, *, #384, .T. ) ;
#2663 = DIRECTION ( 'NONE',  ( 0.0000000000000000000, -1.000000000000000000, 0.0000000000000000000 ) ) ;
#2664 = FILL_AREA_STYLE ('',( #3444 ) ) ;
#2665 = SURFACE_STYLE_USAGE ( .BOTH. , #4543 ) ;
#2666 =( NAMED_UNIT ( * ) SI_UNIT ( $, .STERADIAN. ) SOLID_ANGLE_UNIT ( ) );
#2667 = ORIENTED_EDGE ( 'NONE', *, *, #1001, .T. ) ;
#2668 =( NAMED_UNIT ( * ) PLANE_ANGLE_UNIT ( ) SI_UNIT ( $, .RADIAN. ) );
#2669 = FILL_AREA_STYLE_COLOUR ( '', #2064 ) ;
#2670 = COLOUR_RGB ( '',1.000000000000000000, 1.000000000000000000, 0.4980392156862745168 ) ;
#2671 =( LENGTH_UNIT ( ) NAMED_UNIT ( * ) SI_UNIT ( .MILLI., .METRE. ) );
#2672 = ORIENTED_EDGE ( 'NONE', *, *, #145, .F. ) ;
#2673 = CARTESIAN_POINT ( 'NONE',  ( 0.3200000000000000067, 1.270000000000000018, 1.589999999999999858 ) ) ;
#2674 = DIRECTION ( 'NONE',  ( -1.000000000000000000, -0.0000000000000000000, -0.0000000000000000000 ) ) ;
#2675 = DIRECTION ( 'NONE',  ( -1.000000000000000000, 0.0000000000000000000, -0.0000000000000000000 ) ) ;
#2676 = DIRECTION ( 'NONE',  ( 0.0000000000000000000, -1.609823385705999920E-15, 1.000000000000000000 ) ) ;
#2677 =( NAMED_UNIT ( * ) SI_UNIT ( $, .STERADIAN. ) SOLID_ANGLE_UNIT ( ) );
#2678 = STYLED_ITEM ( 'NONE', ( #4324 ), #1200 ) ;
#2679 = CARTESIAN_POINT ( 'NONE',  ( 2.219999961852999970, 0.3199999999999999512, -2.799999997020000020 ) ) ;
#2680 = ORIENTED_EDGE ( 'NONE', *, *, #3711, .T. ) ;
#2681 = ADVANCED_FACE ( 'NONE', ( #2447 ), #583, .T. ) ;
#2682 =( GEOMETRIC_REPRESENTATION_CONTEXT ( 3 ) GLOBAL_UNCERTAINTY_ASSIGNED_CONTEXT ( ( #2121 ) ) GLOBAL_UNIT_ASSIGNED_CONTEXT ( ( #2348, #3471, #2330 ) ) REPRESENTATION_CONTEXT ( 'NONE', 'WORKASPACE' ) );
#2683 = ORIENTED_EDGE ( 'NONE', *, *, #2040, .T. ) ;
#2684 = DIRECTION ( 'NONE',  ( 0.0000000000000000000, -1.000000000000000000, -1.332267629549999902E-15 ) ) ;
#2685 = DIRECTION ( 'NONE',  ( 0.0000000000000000000, 0.0000000000000000000, -1.000000000000000000 ) ) ;
#2686 = ORIENTED_EDGE ( 'NONE', *, *, #4687, .F. ) ;
#2687 = SURFACE_STYLE_FILL_AREA ( #2010 ) ;
#2688 = AXIS2_PLACEMENT_3D ( 'NONE', #937, #4624, #3224 ) ;
#2689 = VECTOR ( 'NONE', #2120, 1000.000000000000000 ) ;
#2690 =( NAMED_UNIT ( * ) PLANE_ANGLE_UNIT ( ) SI_UNIT ( $, .RADIAN. ) );
#2691 = VECTOR ( 'NONE', #3867, 999.9999999999998863 ) ;
#2692 = DIRECTION ( 'NONE',  ( 0.7071067811865474617, -0.0000000000000000000, -0.7071067811865474617 ) ) ;
#2693 = ORIENTED_EDGE ( 'NONE', *, *, #2914, .F. ) ;
#2694 =( LENGTH_UNIT ( ) NAMED_UNIT ( * ) SI_UNIT ( .MILLI., .METRE. ) );
#2695 = PRESENTATION_LAYER_ASSIGNMENT (  '', '', ( #4509 ) ) ;
#2696 = VERTEX_POINT ( 'NONE', #2847 ) ;
#2697 =( GEOMETRIC_REPRESENTATION_CONTEXT ( 3 ) GLOBAL_UNCERTAINTY_ASSIGNED_CONTEXT ( ( #3536 ) ) GLOBAL_UNIT_ASSIGNED_CONTEXT ( ( #3583, #578, #2058 ) ) REPRESENTATION_CONTEXT ( 'NONE', 'WORKASPACE' ) );
#2698 = FACE_OUTER_BOUND ( 'NONE', #1149, .T. ) ;
#2699 = CARTESIAN_POINT ( 'NONE',  ( -1.270000000000000018, 1.520000000000000018, 2.214999988079000115 ) ) ;
#2700 = PRESENTATION_STYLE_ASSIGNMENT (( #4182 ) ) ;
#2701 = COLOUR_RGB ( '',1.000000000000000000, 1.000000000000000000, 0.4980392156862745168 ) ;
#2702 = DIRECTION ( 'NONE',  ( 0.0000000000000000000, 0.0000000000000000000, -1.000000000000000000 ) ) ;
#2703 = CARTESIAN_POINT ( 'NONE',  ( -0.3200000000000000067, 9.810000000000000497, 0.9499999999999999556 ) ) ;
#2704 = PRESENTATION_LAYER_ASSIGNMENT (  '', '', ( #2628 ) ) ;
#2705 = CARTESIAN_POINT ( 'NONE',  ( 6.199999917746000122, 1.520000000000000018, 0.1750000059600000102 ) ) ;
#2706 = ITEM_DEFINED_TRANSFORMATION ( 'NONE', 'NONE', #2535,  #3256 ) ;
#2707 = PRESENTATION_STYLE_ASSIGNMENT (( #3059 ) ) ;
#2708 = ADVANCED_FACE ( 'NONE', ( #3614 ), #3640, .F. ) ;
#2709 = ORIENTED_EDGE ( 'NONE', *, *, #2256, .T. ) ;
#2710 = PRODUCT_DEFINITION_CONTEXT ( 'detailed design', #3454, 'design' ) ;
#2711 = VERTEX_POINT ( 'NONE', #4761 ) ;
#2712 = DIRECTION ( 'NONE',  ( -1.000000000000000000, 0.0000000000000000000, -0.0000000000000000000 ) ) ;
#2713 = DIRECTION ( 'NONE',  ( -0.0000000000000000000, -0.0000000000000000000, -1.000000000000000000 ) ) ;
#2714 = ORIENTED_EDGE ( 'NONE', *, *, #3990, .F. ) ;
#2715 = EDGE_CURVE ( 'NONE', #1612, #273, #311, .T. ) ;
#2716 = VECTOR ( 'NONE', #3728, 1000.000000000000114 ) ;
#2717 = FILL_AREA_STYLE ('',( #575 ) ) ;
#2718 = EDGE_CURVE ( 'NONE', #1564, #1592, #2471, .T. ) ;
#2719 = DIRECTION ( 'NONE',  ( -0.0000000000000000000, -1.000000000000000000, -0.0000000000000000000 ) ) ;
#2720 = VECTOR ( 'NONE', #2291, 1000.000000000000000 ) ;
#2721 = CARTESIAN_POINT ( 'NONE',  ( 2.219999961852999970, 1.270000000000000018, 1.590000000000000080 ) ) ;
#2722 = ORIENTED_EDGE ( 'NONE', *, *, #3687, .F. ) ;
#2723 = MECHANICAL_DESIGN_GEOMETRIC_PRESENTATION_REPRESENTATION (  '', ( #1710 ), #3045 ) ;
#2724 = AXIS2_PLACEMENT_3D ( 'NONE', #1226, #3077, #3890 ) ;
#2725 = EDGE_LOOP ( 'NONE', ( #4756, #832, #1190, #1500 ) ) ;
#2726 = SURFACE_SIDE_STYLE ('',( #534 ) ) ;
#2727 = CARTESIAN_POINT ( 'NONE',  ( 5.399999923705999905, 3.809999961852999828, 1.590000000000000080 ) ) ;
#2728 = SURFACE_STYLE_FILL_AREA ( #3797 ) ;
#2729 = DIRECTION ( 'NONE',  ( 0.0000000000000000000, 0.0000000000000000000, -1.000000000000000000 ) ) ;
#2730 =( NAMED_UNIT ( * ) PLANE_ANGLE_UNIT ( ) SI_UNIT ( $, .RADIAN. ) );
#2731 = MECHANICAL_DESIGN_GEOMETRIC_PRESENTATION_REPRESENTATION (  '', ( #2816 ), #2570 ) ;
#2732 = PLANE ( 'NONE',  #4151 ) ;
#2733 = LINE ( 'NONE', #440, #4799 ) ;
#2734 = ORIENTED_EDGE ( 'NONE', *, *, #154, .F. ) ;
#2735 =( GEOMETRIC_REPRESENTATION_CONTEXT ( 3 ) GLOBAL_UNCERTAINTY_ASSIGNED_CONTEXT ( ( #3001 ) ) GLOBAL_UNIT_ASSIGNED_CONTEXT ( ( #3623, #4408, #390 ) ) REPRESENTATION_CONTEXT ( 'NONE', 'WORKASPACE' ) );
#2736 = EDGE_LOOP ( 'NONE', ( #4269, #956, #255, #1761 ) ) ;
#2737 = LINE ( 'NONE', #1520, #2547 ) ;
#2738 = CARTESIAN_POINT ( 'NONE',  ( -0.3200000000000000067, 0.3200000000000000067, -3.000000000000000000 ) ) ;
#2739 = ORIENTED_EDGE ( 'NONE', *, *, #4283, .T. ) ;
#2740 = DIRECTION ( 'NONE',  ( 0.0000000000000000000, -1.000000000000000000, -0.0000000000000000000 ) ) ;
#2741 = EDGE_CURVE ( 'NONE', #3481, #1895, #1672, .T. ) ;
#2742 = EDGE_CURVE ( 'NONE', #2292, #4202, #4655, .T. ) ;
#2743 = ORIENTED_EDGE ( 'NONE', *, *, #1187, .F. ) ;
#2744 = FILL_AREA_STYLE ('',( #529 ) ) ;
#2745 = CARTESIAN_POINT ( 'NONE',  ( 0.3200000000000002287, 0.3199999999999998401, -2.799999997020000020 ) ) ;
#2746 = UNCERTAINTY_MEASURE_WITH_UNIT (LENGTH_MEASURE( 1.000000000000000082E-05 ), #4390, 'distance_accuracy_value', 'NONE');
#2747 = FACE_BOUND ( 'NONE', #821, .T. ) ;
#2748 = CARTESIAN_POINT ( 'NONE',  ( 2.219999961852999970, 1.820000011921001137, 0.9499999999999991784 ) ) ;
#2749 = FILL_AREA_STYLE_COLOUR ( '', #294 ) ;
#2750 = VECTOR ( 'NONE', #3529, 1000.000000000000000 ) ;
#2751 = PRESENTATION_STYLE_ASSIGNMENT (( #2282 ) ) ;
#2752 = LINE ( 'NONE', #817, #2691 ) ;
#2753 =( LENGTH_UNIT ( ) NAMED_UNIT ( * ) SI_UNIT ( .MILLI., .METRE. ) );
#2754 = DIRECTION ( 'NONE',  ( -0.0000000000000000000, -1.000000000000000000, -1.332267629549999902E-15 ) ) ;
#2755 = STYLED_ITEM ( 'NONE', ( #2707 ), #777 ) ;
#2756 = ORIENTED_EDGE ( 'NONE', *, *, #12, .F. ) ;
#2757 = UNCERTAINTY_MEASURE_WITH_UNIT (LENGTH_MEASURE( 1.000000000000000082E-05 ), #3265, 'distance_accuracy_value', 'NONE');
#2758 = ORIENTED_EDGE ( 'NONE', *, *, #3474, .T. ) ;
#2759 = CARTESIAN_POINT ( 'NONE',  ( -1.270000000000000018, 1.520000000000000018, 0.02500000000000000139 ) ) ;
#2760 = CARTESIAN_POINT ( 'NONE',  ( 3.659999955892998091, 3.809999961853000716, 0.1750000059600015367 ) ) ;
#2761 = DIRECTION ( 'NONE',  ( -0.7071067811865474617, -0.0000000000000000000, 0.7071067811865474617 ) ) ;
#2762 = FILL_AREA_STYLE_COLOUR ( '', #3956 ) ;
#2763 = AXIS2_PLACEMENT_3D ( 'NONE', #3151, #2777, #3572 ) ;
#2764 = LINE ( 'NONE', #2466, #2607 ) ;
#2765 = CARTESIAN_POINT ( 'NONE',  ( 0.3200000000000000622, 0.3199999999999999512, -2.799999997020000020 ) ) ;
#2766 =( GEOMETRIC_REPRESENTATION_CONTEXT ( 3 ) GLOBAL_UNCERTAINTY_ASSIGNED_CONTEXT ( ( #3933 ) ) GLOBAL_UNIT_ASSIGNED_CONTEXT ( ( #2229, #3104, #1246 ) ) REPRESENTATION_CONTEXT ( 'NONE', 'WORKASPACE' ) );
#2767 = ORIENTED_EDGE ( 'NONE', *, *, #1764, .T. ) ;
#2768 = CARTESIAN_POINT ( 'NONE',  ( 5.399999923705999905, 1.270000000000000018, -4.440892098500999885E-16 ) ) ;
#2769 = FILL_AREA_STYLE_COLOUR ( '', #4423 ) ;
#2770 = ADVANCED_FACE ( 'NONE', ( #2797 ), #606, .T. ) ;
#2771 = VECTOR ( 'NONE', #2692, 1000.000000000000114 ) ;
#2772 = VECTOR ( 'NONE', #936, 1000.000000000000000 ) ;
#2773 = CARTESIAN_POINT ( 'NONE',  ( 2.219999961852999970, 3.809999961852999828, 0.9499999999999999556 ) ) ;
#2774 = PRESENTATION_LAYER_ASSIGNMENT (  '', '', ( #1995 ) ) ;
#2775 = DIRECTION ( 'NONE',  ( 1.000000000000000000, -0.0000000000000000000, 0.0000000000000000000 ) ) ;
#2776 = VECTOR ( 'NONE', #3071, 1000.000000000000000 ) ;
#2777 = DIRECTION ( 'NONE',  ( 0.0000000000000000000, -1.554312234475000050E-15, 1.000000000000000000 ) ) ;
#2778 = ADVANCED_FACE ( 'NONE', ( #2183 ), #3692, .F. ) ;
#2779 = CARTESIAN_POINT ( 'NONE',  ( 2.219999961852999970, 1.270000000000000018, -4.440892098500999885E-16 ) ) ;
#2780 = DIRECTION ( 'NONE',  ( 1.000000000000000000, 0.0000000000000000000, -0.0000000000000000000 ) ) ;
#2781 =( LENGTH_UNIT ( ) NAMED_UNIT ( * ) SI_UNIT ( .MILLI., .METRE. ) );
#2782 = DIRECTION ( 'NONE',  ( 0.0000000000000000000, 1.000000000000000000, 0.0000000000000000000 ) ) ;
#2783 = CARTESIAN_POINT ( 'NONE',  ( 0.3199999999999999512, 1.820000011921000471, 1.589999999999999414 ) ) ;
#2784 = DIRECTION ( 'NONE',  ( -0.7071067811865475727, 9.398244244348984524E-16, -0.7071067811865475727 ) ) ;
#2785 = VECTOR ( 'NONE', #2819, 1000.000000000000000 ) ;
#2786 = ORIENTED_EDGE ( 'NONE', *, *, #1412, .T. ) ;
#2787 = DIRECTION ( 'NONE',  ( 1.000000000000000000, -0.0000000000000000000, 0.0000000000000000000 ) ) ;
#2788 = DIRECTION ( 'NONE',  ( 0.0000000000000000000, -0.7071067811865475727, -0.7071067811865475727 ) ) ;
#2789 = ORIENTED_EDGE ( 'NONE', *, *, #4685, .T. ) ;
#2790 =( NAMED_UNIT ( * ) SI_UNIT ( $, .STERADIAN. ) SOLID_ANGLE_UNIT ( ) );
#2791 = AXIS2_PLACEMENT_3D ( 'NONE', #2779, #947, #3542 ) ;
#2792 =( NAMED_UNIT ( * ) SI_UNIT ( $, .STERADIAN. ) SOLID_ANGLE_UNIT ( ) );
#2793 = AXIS2_PLACEMENT_3D ( 'NONE', #4140, #1188, #2629 ) ;
#2794 = ORIENTED_EDGE ( 'NONE', *, *, #3922, .T. ) ;
#2795 = PLANE ( 'NONE',  #1675 ) ;
#2796 = CIRCLE ( 'NONE', #2634, 0.9499999999999999556 ) ;
#2797 = FACE_OUTER_BOUND ( 'NONE', #1258, .T. ) ;
#2798 = EDGE_LOOP ( 'NONE', ( #2246, #762, #4485, #53 ) ) ;
#2799 = AXIS2_PLACEMENT_3D ( 'NONE', #3574, #4433, #641 ) ;
#2800 = PRESENTATION_STYLE_ASSIGNMENT (( #4229 ) ) ;
#2801 = FILL_AREA_STYLE ('',( #4658 ) ) ;
#2802 =( NAMED_UNIT ( * ) PLANE_ANGLE_UNIT ( ) SI_UNIT ( $, .RADIAN. ) );
#2803 = VECTOR ( 'NONE', #903, 1000.000000000000000 ) ;
#2804 = CARTESIAN_POINT ( 'NONE',  ( 2.219999961852999970, 0.3200000000000000067, -3.000000000000000000 ) ) ;
#2805 = EDGE_CURVE ( 'NONE', #1126, #1994, #358, .T. ) ;
#2806 = EDGE_CURVE ( 'NONE', #4221, #131, #1800, .T. ) ;
#2807 =( NAMED_UNIT ( * ) PLANE_ANGLE_UNIT ( ) SI_UNIT ( $, .RADIAN. ) );
#2808 = DIRECTION ( 'NONE',  ( -0.0000000000000000000, 0.0000000000000000000, 1.000000000000000000 ) ) ;
#2809 =( NAMED_UNIT ( * ) PLANE_ANGLE_UNIT ( ) SI_UNIT ( $, .RADIAN. ) );
#2810 = ORIENTED_EDGE ( 'NONE', *, *, #2525, .T. ) ;
#2811 = UNCERTAINTY_MEASURE_WITH_UNIT (LENGTH_MEASURE( 1.000000000000000082E-05 ), #4125, 'distance_accuracy_value', 'NONE');
#2812 = CARTESIAN_POINT ( 'NONE',  ( 4.759999923706000224, 9.810000000000000497, 1.150000002979999936 ) ) ;
#2813 = CARTESIAN_POINT ( 'NONE',  ( 2.859999961853000094, 1.270000000000000018, -4.440892098500999885E-16 ) ) ;
#2814 = SURFACE_STYLE_FILL_AREA ( #3164 ) ;
#2815 = SURFACE_SIDE_STYLE ('',( #4674 ) ) ;
#2816 = STYLED_ITEM ( 'NONE', ( #1811 ), #46 ) ;
#2817 = CARTESIAN_POINT ( 'NONE',  ( 2.419999964832999950, 9.810000000000000497, 0.9499999999999999556 ) ) ;
#2818 = EDGE_LOOP ( 'NONE', ( #3663, #1899, #1477, #4425 ) ) ;
#2819 = DIRECTION ( 'NONE',  ( 1.000000000000000000, 0.0000000000000000000, 0.0000000000000000000 ) ) ;
#2820 = VERTEX_POINT ( 'NONE', #4062 ) ;
#2821 =( LENGTH_UNIT ( ) NAMED_UNIT ( * ) SI_UNIT ( .MILLI., .METRE. ) );
#2822 =( LENGTH_UNIT ( ) NAMED_UNIT ( * ) SI_UNIT ( .MILLI., .METRE. ) );
#2823 = PRESENTATION_LAYER_ASSIGNMENT (  '', '', ( #4086 ) ) ;
#2824 = FILL_AREA_STYLE ('',( #4374 ) ) ;
#2825 =( NAMED_UNIT ( * ) PLANE_ANGLE_UNIT ( ) SI_UNIT ( $, .RADIAN. ) );
#2826 = VERTEX_POINT ( 'NONE', #1819 ) ;
#2827 = CARTESIAN_POINT ( 'NONE',  ( 3.809999961853248518, 3.809999961853000716, 0.3250000119207507310 ) ) ;
#2828 = CARTESIAN_POINT ( 'NONE',  ( 3.809999961853250294, 3.809999961852999384, 2.214999988079251025 ) ) ;
#2829 =( NAMED_UNIT ( * ) SI_UNIT ( $, .STERADIAN. ) SOLID_ANGLE_UNIT ( ) );
#2830 = DIRECTION ( 'NONE',  ( -0.7071067811865474617, 0.0000000000000000000, 0.7071067811865474617 ) ) ;
#2831 = FILL_AREA_STYLE_COLOUR ( '', #262 ) ;
#2832 = EDGE_CURVE ( 'NONE', #4524, #595, #4789, .T. ) ;
#2833 = ADVANCED_FACE ( 'NONE', ( #1438, #3738 ), #2590, .T. ) ;
#2834 =( NAMED_UNIT ( * ) PLANE_ANGLE_UNIT ( ) SI_UNIT ( $, .RADIAN. ) );
#2835 = SURFACE_SIDE_STYLE ('',( #594 ) ) ;
#2836 = ORIENTED_EDGE ( 'NONE', *, *, #4015, .F. ) ;
#2837 = COLOUR_RGB ( '',0.09411764705882352811, 0.09411764705882352811, 0.09411764705882352811 ) ;
#2838 = EDGE_CURVE ( 'NONE', #675, #1567, #4564, .T. ) ;
#2839 = MECHANICAL_DESIGN_GEOMETRIC_PRESENTATION_REPRESENTATION (  '', ( #3548 ), #4101 ) ;
#2840 = EDGE_LOOP ( 'NONE', ( #4604, #2739, #4258, #2642 ) ) ;
#2841 = ORIENTED_EDGE ( 'NONE', *, *, #4762, .F. ) ;
#2842 = DIRECTION ( 'NONE',  ( 0.0000000000000000000, 0.0000000000000000000, 1.000000000000000000 ) ) ;
#2843 = UNCERTAINTY_MEASURE_WITH_UNIT (LENGTH_MEASURE( 1.000000000000000082E-05 ), #1989, 'distance_accuracy_value', 'NONE');
#2844 = STYLED_ITEM ( 'NONE', ( #4081 ), #1419 ) ;
#2845 = FACE_OUTER_BOUND ( 'NONE', #2909, .T. ) ;
#2846 = AXIS2_PLACEMENT_3D ( 'NONE', #2374, #558, #2022 ) ;
#2847 = CARTESIAN_POINT ( 'NONE',  ( 0.9699999880791247975, 1.520000000000000018, 0.02499999999987495211 ) ) ;
#2848 = ORIENTED_EDGE ( 'NONE', *, *, #4659, .F. ) ;
#2849 = CARTESIAN_POINT ( 'NONE',  ( -1.270000000000000018, 1.520000000000000018, 2.515000000000000124 ) ) ;
#2850 =( NAMED_UNIT ( * ) SI_UNIT ( $, .STERADIAN. ) SOLID_ANGLE_UNIT ( ) );
#2851 = STYLED_ITEM ( 'NONE', ( #732 ), #2142 ) ;
#2852 = AXIS2_PLACEMENT_3D ( 'NONE', #1195, #3814, #1894 ) ;
#2853 = DIRECTION ( 'NONE',  ( -0.0000000000000000000, -0.0000000000000000000, 1.000000000000000000 ) ) ;
#2854 = VECTOR ( 'NONE', #4713, 1000.000000000000114 ) ;
#2855 = FACE_OUTER_BOUND ( 'NONE', #1991, .T. ) ;
#2856 = DIRECTION ( 'NONE',  ( 1.000000000000000000, 0.0000000000000000000, 0.0000000000000000000 ) ) ;
#2857 = DIRECTION ( 'NONE',  ( 1.000000000000000000, 0.0000000000000000000, 0.0000000000000000000 ) ) ;
#2858 = CARTESIAN_POINT ( 'NONE',  ( 2.219999961852999970, -0.1199999970200000127, -3.000000000000000000 ) ) ;
#2859 = UNCERTAINTY_MEASURE_WITH_UNIT (LENGTH_MEASURE( 1.000000000000000082E-05 ), #3424, 'distance_accuracy_value', 'NONE');
#2860 = VECTOR ( 'NONE', #1573, 1000.000000000000000 ) ;
#2861 = COLOUR_RGB ( '',1.000000000000000000, 1.000000000000000000, 0.4980392156862745168 ) ;
#2862 =( NAMED_UNIT ( * ) PLANE_ANGLE_UNIT ( ) SI_UNIT ( $, .RADIAN. ) );
#2863 = SURFACE_SIDE_STYLE ('',( #1734 ) ) ;
#2864 = SURFACE_STYLE_USAGE ( .BOTH. , #1381 ) ;
#2865 = ORIENTED_EDGE ( 'NONE', *, *, #2435, .F. ) ;
#2866 = PRESENTATION_STYLE_ASSIGNMENT (( #2125 ) ) ;
#2867 = SURFACE_STYLE_USAGE ( .BOTH. , #3708 ) ;
#2869 = EDGE_LOOP ( 'NONE', ( #424, #4672, #4476, #1469 ) ) ;
#2868 = ADVANCED_FACE ( 'NONE', ( #3068 ), #138, .F. ) ;
#2870 = DIRECTION ( 'NONE',  ( -0.7071067811865474617, 0.0000000000000000000, 0.7071067811865474617 ) ) ;
#2871 = EDGE_CURVE ( 'NONE', #3244, #626, #3102, .T. ) ;
#2872 = ORIENTED_EDGE ( 'NONE', *, *, #4437, .F. ) ;
#2873 = COLOUR_RGB ( '',0.09411764705882352811, 0.09411764705882352811, 0.09411764705882352811 ) ;
#2874 = PRODUCT_CONTEXT ( 'NONE', #3201, 'mechanical' ) ;
#2875 = CARTESIAN_POINT ( 'NONE',  ( 2.859999961853000094, 9.609999997020000961, 0.9499999999999992895 ) ) ;
#2876 = VECTOR ( 'NONE', #4436, 1000.000000000000000 ) ;
#2877 = FILL_AREA_STYLE_COLOUR ( '', #4047 ) ;
#2878 = ADVANCED_FACE ( 'NONE', ( #480 ), #2364, .T. ) ;
#2879 = ORIENTED_EDGE ( 'NONE', *, *, #4652, .T. ) ;
#2880 = LINE ( 'NONE', #988, #301 ) ;
#2881 = CARTESIAN_POINT ( 'NONE',  ( 4.959999926685999760, -0.3200000000000000067, -3.000000000000000000 ) ) ;
#2882 = SURFACE_STYLE_USAGE ( .BOTH. , #3362 ) ;
#2883 = VECTOR ( 'NONE', #4071, 1000.000000000000000 ) ;
#2884 = DIRECTION ( 'NONE',  ( 0.0000000000000000000, -1.000000000000000000, -1.618928404167999991E-15 ) ) ;
#2885 = COLOUR_RGB ( '',0.09411764705882352811, 0.09411764705882352811, 0.09411764705882352811 ) ;
#2886 = CARTESIAN_POINT ( 'NONE',  ( -1.119999994040001612, 3.809999961853000716, 2.364999994040001940 ) ) ;
#2887 = DIRECTION ( 'NONE',  ( 1.000000000000000000, 0.0000000000000000000, 0.0000000000000000000 ) ) ;
#2888 =( NAMED_UNIT ( * ) PLANE_ANGLE_UNIT ( ) SI_UNIT ( $, .RADIAN. ) );
#2889 = DIRECTION ( 'NONE',  ( -1.000000000000000000, 0.0000000000000000000, 0.0000000000000000000 ) ) ;
#2890 = DIRECTION ( 'NONE',  ( -0.7071067811865475727, -0.7071067811865475727, 0.0000000000000000000 ) ) ;
#2891 = LINE ( 'NONE', #2506, #2533 ) ;
#2892 = CARTESIAN_POINT ( 'NONE',  ( 4.759999923706000224, 0.3200000000000000067, -3.000000000000000000 ) ) ;
#2893 = VECTOR ( 'NONE', #2188, 1000.000000000000000 ) ;
#2894 = CARTESIAN_POINT ( 'NONE',  ( 3.959999929667001872, 3.809999961853000716, 0.1750000059600015367 ) ) ;
#2895 = DIRECTION ( 'NONE',  ( 0.0000000000000000000, -1.000000000000000000, -1.609823385705999920E-15 ) ) ;
#2896 =( NAMED_UNIT ( * ) SI_UNIT ( $, .STERADIAN. ) SOLID_ANGLE_UNIT ( ) );
#2897 = DIRECTION ( 'NONE',  ( -0.0000000000000000000, -1.000000000000000000, -1.332267629549999902E-15 ) ) ;
#2898 = LINE ( 'NONE', #1103, #4499 ) ;
#2899 = ORIENTED_EDGE ( 'NONE', *, *, #2505, .T. ) ;
#2900 = CARTESIAN_POINT ( 'NONE',  ( -0.2199999985099999888, -0.3200000000000000067, -2.899999998509999788 ) ) ;
#2901 = ORIENTED_EDGE ( 'NONE', *, *, #2055, .T. ) ;
#2902 = DIRECTION ( 'NONE',  ( 0.0000000000000000000, 0.0000000000000000000, 1.000000000000000000 ) ) ;
#2903 = UNCERTAINTY_MEASURE_WITH_UNIT (LENGTH_MEASURE( 1.000000000000000082E-05 ), #3713, 'distance_accuracy_value', 'NONE');
#2904 = EDGE_CURVE ( 'NONE', #273, #4063, #4701, .T. ) ;
#2905 = EDGE_CURVE ( 'NONE', #2960, #2532, #579, .T. ) ;
#2906 = VECTOR ( 'NONE', #3522, 1000.000000000000000 ) ;
#2907 = FILL_AREA_STYLE ('',( #4084 ) ) ;
#2908 = DIRECTION ( 'NONE',  ( 0.0000000000000000000, 0.0000000000000000000, 1.000000000000000000 ) ) ;
#2909 = EDGE_LOOP ( 'NONE', ( #365, #3524, #2848, #3385 ) ) ;
#2910 = DIRECTION ( 'NONE',  ( 1.000000000000000000, 0.0000000000000000000, 0.0000000000000000000 ) ) ;
#2911 = DIRECTION ( 'NONE',  ( 0.0000000000000000000, 0.0000000000000000000, 1.000000000000000000 ) ) ;
#2912 = COLOUR_RGB ( '',1.000000000000000000, 1.000000000000000000, 0.4980392156862745168 ) ;
#2913 = UNCERTAINTY_MEASURE_WITH_UNIT (LENGTH_MEASURE( 1.000000000000000082E-05 ), #541, 'distance_accuracy_value', 'NONE');
#2914 = EDGE_CURVE ( 'NONE', #4702, #273, #1643, .T. ) ;
#2915 = SURFACE_STYLE_USAGE ( .BOTH. , #41 ) ;
#2916 = DIRECTION ( 'NONE',  ( -0.0000000000000000000, 1.000000000000000000, 1.510616709811000052E-15 ) ) ;
#2917 = LINE ( 'NONE', #4409, #1513 ) ;
#2918 = ORIENTED_EDGE ( 'NONE', *, *, #4194, .F. ) ;
#2919 = UNCERTAINTY_MEASURE_WITH_UNIT (LENGTH_MEASURE( 1.000000000000000082E-05 ), #1370, 'distance_accuracy_value', 'NONE');
#2920 = CARTESIAN_POINT ( 'NONE',  ( 4.759999923706000224, 0.3200000000000000067, -4.336808689942017736E-16 ) ) ;
#2921 = CARTESIAN_POINT ( 'NONE',  ( -0.3200000000000000622, 9.609999997019999185, 1.590000000000000302 ) ) ;
#2922 = FILL_AREA_STYLE_COLOUR ( '', #3756 ) ;
#2923 = SURFACE_SIDE_STYLE ('',( #2988 ) ) ;
#2924 =( NAMED_UNIT ( * ) SI_UNIT ( $, .STERADIAN. ) SOLID_ANGLE_UNIT ( ) );
#2925 = PRESENTATION_LAYER_ASSIGNMENT (  '', '', ( #2995 ) ) ;
#2926 = ORIENTED_EDGE ( 'NONE', *, *, #2994, .T. ) ;
#2927 = LINE ( 'NONE', #3632, #380 ) ;
#2928 = AXIS2_PLACEMENT_3D ( 'NONE', #4118, #3392, #4440 ) ;
#2929 = ORIENTED_EDGE ( 'NONE', *, *, #3654, .T. ) ;
#2930 = PRESENTATION_STYLE_ASSIGNMENT (( #2515 ) ) ;
#2931 = VERTEX_POINT ( 'NONE', #1740 ) ;
#2932 = FILL_AREA_STYLE_COLOUR ( '', #1846 ) ;
#2933 = EDGE_LOOP ( 'NONE', ( #1340, #2043, #520, #1434 ) ) ;
#2934 = CARTESIAN_POINT ( 'NONE',  ( -0.3200000000000000067, 9.609999997019999185, 1.590000000000000080 ) ) ;
#2935 = EDGE_CURVE ( 'NONE', #4458, #703, #959, .T. ) ;
#2936 = CARTESIAN_POINT ( 'NONE',  ( 1.270000000000000018, 3.809999961852999828, 0.02500000000000000139 ) ) ;
#2937 =( NAMED_UNIT ( * ) SI_UNIT ( $, .STERADIAN. ) SOLID_ANGLE_UNIT ( ) );
#2938 = COLOUR_RGB ( '',1.000000000000000000, 1.000000000000000000, 0.4980392156862745168 ) ;
#2939 = PRESENTATION_LAYER_ASSIGNMENT (  '', '', ( #3555 ) ) ;
#2940 = SURFACE_STYLE_FILL_AREA ( #1113 ) ;
#2941 = PLANE ( 'NONE',  #4291 ) ;
#2942 = EDGE_CURVE ( 'NONE', #843, #2110, #2060, .T. ) ;
#2943 = EDGE_CURVE ( 'NONE', #3439, #185, #4342, .T. ) ;
#2944 = DIRECTION ( 'NONE',  ( 1.000000000000000000, 0.0000000000000000000, 0.0000000000000000000 ) ) ;
#2945 = VECTOR ( 'NONE', #3172, 1000.000000000000000 ) ;
#2946 = LINE ( 'NONE', #788, #835 ) ;
#2947 = ORIENTED_EDGE ( 'NONE', *, *, #3074, .F. ) ;
#2948 = VECTOR ( 'NONE', #2477, 1000.000000000000000 ) ;
#2949 =( GEOMETRIC_REPRESENTATION_CONTEXT ( 3 ) GLOBAL_UNCERTAINTY_ASSIGNED_CONTEXT ( ( #962 ) ) GLOBAL_UNIT_ASSIGNED_CONTEXT ( ( #3422, #868, #3066 ) ) REPRESENTATION_CONTEXT ( 'NONE', 'WORKASPACE' ) );
#2950 = CARTESIAN_POINT ( 'NONE',  ( -1.270000000000000018, 3.809999961852999828, 0.02500000000000000139 ) ) ;
#2951 = PLANE ( 'NONE',  #2964 ) ;
#2952 = DIRECTION ( 'NONE',  ( 0.7071067811865474617, 0.0000000000000000000, 0.7071067811865474617 ) ) ;
#2953 = SURFACE_STYLE_USAGE ( .BOTH. , #1101 ) ;
#2954 = AXIS2_PLACEMENT_3D ( 'NONE', #3400, #2571, #2959 ) ;
#2955 =( GEOMETRIC_REPRESENTATION_CONTEXT ( 3 ) GLOBAL_UNCERTAINTY_ASSIGNED_CONTEXT ( ( #2066 ) ) GLOBAL_UNIT_ASSIGNED_CONTEXT ( ( #2671, #1623, #4527 ) ) REPRESENTATION_CONTEXT ( 'NONE', 'WORKASPACE' ) );
#2956 = VECTOR ( 'NONE', #1844, 1000.000000000000000 ) ;
#2957 = VERTEX_POINT ( 'NONE', #2127 ) ;
#2958 = VERTEX_POINT ( 'NONE', #2103 ) ;
#2959 = DIRECTION ( 'NONE',  ( -0.7071067811865474617, 0.0000000000000000000, 0.7071067811865474617 ) ) ;
#2960 = VERTEX_POINT ( 'NONE', #2765 ) ;
#2961 = FACE_OUTER_BOUND ( 'NONE', #818, .T. ) ;
#2962 = LINE ( 'NONE', #2812, #2161 ) ;
#2963 = CARTESIAN_POINT ( 'NONE',  ( 6.349999923706000082, 1.520000000000000018, 2.214999988079000115 ) ) ;
#2964 = AXIS2_PLACEMENT_3D ( 'NONE', #1787, #4777, #2122 ) ;
#2965 = CARTESIAN_POINT ( 'NONE',  ( 1.270000000000500062, 1.520000000000000018, 2.214999988079500159 ) ) ;
#2966 = CARTESIAN_POINT ( 'NONE',  ( 2.859999961853000094, 3.809999961852999828, 0.9499999999999999556 ) ) ;
#2967 = DIRECTION ( 'NONE',  ( 6.645562236426607662E-16, -1.000000000000000000, -6.645562236426607662E-16 ) ) ;
#2968 = ORIENTED_EDGE ( 'NONE', *, *, #2970, .T. ) ;
#2969 = EDGE_CURVE ( 'NONE', #3439, #1930, #3243, .T. ) ;
#2970 = EDGE_CURVE ( 'NONE', #1611, #4458, #2154, .T. ) ;
#2971 =( LENGTH_UNIT ( ) NAMED_UNIT ( * ) SI_UNIT ( .MILLI., .METRE. ) );
#2972 = PLANE ( 'NONE',  #3521 ) ;
#2973 = CIRCLE ( 'NONE', #3590, 1.590000000000000080 ) ;
#2974 = FACE_OUTER_BOUND ( 'NONE', #1501, .T. ) ;
#2975 = EDGE_CURVE ( 'NONE', #1280, #654, #2420, .T. ) ;
#2976 = AXIS2_PLACEMENT_3D ( 'NONE', #1100, #297, #2895 ) ;
#2977 = DIRECTION ( 'NONE',  ( -1.000000000000000000, 0.0000000000000000000, 0.0000000000000000000 ) ) ;
#2978 = ORIENTED_EDGE ( 'NONE', *, *, #3589, .F. ) ;
#2979 = ORIENTED_EDGE ( 'NONE', *, *, #2412, .F. ) ;
#2980 = DIRECTION ( 'NONE',  ( 0.7071067811865474617, 0.0000000000000000000, 0.7071067811865474617 ) ) ;
#2981 = ORIENTED_EDGE ( 'NONE', *, *, #3368, .T. ) ;
#2982 = CARTESIAN_POINT ( 'NONE',  ( 2.659999958873000114, 0.1199999970199997767, -3.000000000000000444 ) ) ;
#2983 = FILL_AREA_STYLE_COLOUR ( '', #4348 ) ;
#2984 = CARTESIAN_POINT ( 'NONE',  ( 1.270000000000000018, 1.520000000000000018, 0.3250000119209999760 ) ) ;
#2985 = FILL_AREA_STYLE_COLOUR ( '', #1668 ) ;
#2986 = ORIENTED_EDGE ( 'NONE', *, *, #812, .F. ) ;
#2987 = CARTESIAN_POINT ( 'NONE',  ( 5.199999920726000369, 9.810000000000000497, 1.389999997019999878 ) ) ;
#2988 = SURFACE_STYLE_FILL_AREA ( #4750 ) ;
#2989 = EDGE_CURVE ( 'NONE', #2131, #3635, #4268, .T. ) ;
#2990 = EDGE_LOOP ( 'NONE', ( #2151, #1030, #192, #1644 ) ) ;
#2991 = EDGE_LOOP ( 'NONE', ( #498, #3833, #781, #3024 ) ) ;
#2992 = CARTESIAN_POINT ( 'NONE',  ( 5.399999923705999905, 1.270000000000000018, 0.9499999999999999556 ) ) ;
#2993 = ORIENTED_EDGE ( 'NONE', *, *, #4762, .T. ) ;
#2994 = EDGE_CURVE ( 'NONE', #224, #3635, #272, .T. ) ;
#2995 = STYLED_ITEM ( 'NONE', ( #3096 ), #535 ) ;
#2996 =( NAMED_UNIT ( * ) SI_UNIT ( $, .STERADIAN. ) SOLID_ANGLE_UNIT ( ) );
#2997 = VERTEX_POINT ( 'NONE', #982 ) ;
#2998 = SURFACE_SIDE_STYLE ('',( #455 ) ) ;
#2999 =( GEOMETRIC_REPRESENTATION_CONTEXT ( 3 ) GLOBAL_UNCERTAINTY_ASSIGNED_CONTEXT ( ( #2492 ) ) GLOBAL_UNIT_ASSIGNED_CONTEXT ( ( #3349, #2632, #2924 ) ) REPRESENTATION_CONTEXT ( 'NONE', 'WORKASPACE' ) );
#3000 = FACE_OUTER_BOUND ( 'NONE', #2991, .T. ) ;
#3001 = UNCERTAINTY_MEASURE_WITH_UNIT (LENGTH_MEASURE( 1.000000000000000082E-05 ), #3623, 'distance_accuracy_value', 'NONE');
#3002 = FACE_OUTER_BOUND ( 'NONE', #3052, .T. ) ;
#3003 = CARTESIAN_POINT ( 'NONE',  ( -0.3200000000000000067, 1.270000000000000018, 0.9499999999999999556 ) ) ;
#3004 = ORIENTED_EDGE ( 'NONE', *, *, #1443, .F. ) ;
#3005 = DIRECTION ( 'NONE',  ( -1.000000000000000000, 0.0000000000000000000, 0.0000000000000000000 ) ) ;
#3006 = DIRECTION ( 'NONE',  ( -0.0000000000000000000, 1.510616709811000052E-15, -1.000000000000000000 ) ) ;
#3007 = DIRECTION ( 'NONE',  ( 6.670117000593702191E-16, -1.000000000000000000, -6.670117000593702191E-16 ) ) ;
#3008 = STYLED_ITEM ( 'NONE', ( #1424 ), #1238 ) ;
#3009 = VECTOR ( 'NONE', #4757, 1000.000000000000000 ) ;
#3010 = DIRECTION ( 'NONE',  ( -1.000000000000000000, 0.0000000000000000000, -0.0000000000000000000 ) ) ;
#3011 = FACE_OUTER_BOUND ( 'NONE', #1138, .T. ) ;
#3012 = DIRECTION ( 'NONE',  ( -0.7071067811865474617, 0.0000000000000000000, 0.7071067811865474617 ) ) ;
#3013 = SURFACE_STYLE_USAGE ( .BOTH. , #753 ) ;
#3014 = EDGE_LOOP ( 'NONE', ( #2539, #3192, #4790, #3425 ) ) ;
#3015 = PRESENTATION_LAYER_ASSIGNMENT (  '', '', ( #4186 ) ) ;
#3016 = FACE_OUTER_BOUND ( 'NONE', #2411, .T. ) ;
#3017 = VECTOR ( 'NONE', #991, 1000.000000000000000 ) ;
#3018 = CARTESIAN_POINT ( 'NONE',  ( 2.219999961852999970, 3.809999961852999828, 1.590000000000000080 ) ) ;
#3019 = ORIENTED_EDGE ( 'NONE', *, *, #3048, .T. ) ;
#3020 = VECTOR ( 'NONE', #146, 1000.000000000000000 ) ;
#3021 = ADVANCED_FACE ( 'NONE', ( #4368 ), #2042, .T. ) ;
#3022 = EDGE_CURVE ( 'NONE', #1592, #1612, #1125, .T. ) ;
#3023 =( LENGTH_UNIT ( ) NAMED_UNIT ( * ) SI_UNIT ( .MILLI., .METRE. ) );
#3024 = ORIENTED_EDGE ( 'NONE', *, *, #3530, .T. ) ;
#3025 = MECHANICAL_DESIGN_GEOMETRIC_PRESENTATION_REPRESENTATION (  '', ( #1458 ), #1606 ) ;
#3026 = DIRECTION ( 'NONE',  ( 0.0000000000000000000, 0.7071067811865474617, -0.7071067811865474617 ) ) ;
#3027 = FILL_AREA_STYLE_COLOUR ( '', #3718 ) ;
#3028 = SURFACE_STYLE_FILL_AREA ( #4204 ) ;
#3029 = CARTESIAN_POINT ( 'NONE',  ( 4.759999923706000224, -0.3200000000000000067, -3.000000000000000000 ) ) ;
#3030 = ORIENTED_EDGE ( 'NONE', *, *, #3048, .F. ) ;
#3031 = FACE_OUTER_BOUND ( 'NONE', #39, .T. ) ;
#3032 =( LENGTH_UNIT ( ) NAMED_UNIT ( * ) SI_UNIT ( .MILLI., .METRE. ) );
#3033 = DIRECTION ( 'NONE',  ( 0.0000000000000000000, -0.7071067811865475727, -0.7071067811865475727 ) ) ;
#3034 = DIRECTION ( 'NONE',  ( -1.000000000000000000, 0.0000000000000000000, 0.0000000000000000000 ) ) ;
#3035 =( NAMED_UNIT ( * ) PLANE_ANGLE_UNIT ( ) SI_UNIT ( $, .RADIAN. ) );
#3036 = VERTEX_POINT ( 'NONE', #374 ) ;
#3037 = STYLED_ITEM ( 'NONE', ( #791 ), #3839 ) ;
#3038 = FILL_AREA_STYLE_COLOUR ( '', #3643 ) ;
#3039 = ORIENTED_EDGE ( 'NONE', *, *, #3985, .T. ) ;
#3040 = AXIS2_PLACEMENT_3D ( 'NONE', #4304, #4635, #491 ) ;
#3041 = LINE ( 'NONE', #4583, #95 ) ;
#3042 = PLANE ( 'NONE',  #3910 ) ;
#3043 = ORIENTED_EDGE ( 'NONE', *, *, #2405, .T. ) ;
#3044 = FILL_AREA_STYLE_COLOUR ( '', #2071 ) ;
#3045 =( GEOMETRIC_REPRESENTATION_CONTEXT ( 3 ) GLOBAL_UNCERTAINTY_ASSIGNED_CONTEXT ( ( #2757 ) ) GLOBAL_UNIT_ASSIGNED_CONTEXT ( ( #3265, #2561, #369 ) ) REPRESENTATION_CONTEXT ( 'NONE', 'WORKASPACE' ) );
#3046 =( LENGTH_UNIT ( ) NAMED_UNIT ( * ) SI_UNIT ( .MILLI., .METRE. ) );
#3047 = LINE ( 'NONE', #1197, #2602 ) ;
#3048 = EDGE_CURVE ( 'NONE', #1457, #1054, #304, .T. ) ;
#3049 = EDGE_CURVE ( 'NONE', #175, #4480, #3273, .T. ) ;
#3050 = MECHANICAL_DESIGN_GEOMETRIC_PRESENTATION_REPRESENTATION (  '', ( #2413 ), #663 ) ;
#3051 = DIRECTION ( 'NONE',  ( 0.0000000000000000000, -1.000000000000000000, -1.618928404167999991E-15 ) ) ;
#3052 = EDGE_LOOP ( 'NONE', ( #1808, #1792, #3162, #229 ) ) ;
#3053 = PLANE ( 'NONE',  #4179 ) ;
#3054 = EDGE_CURVE ( 'NONE', #2292, #1801, #701, .T. ) ;
#3055 = DIRECTION ( 'NONE',  ( 1.000000000000000000, -0.0000000000000000000, 0.0000000000000000000 ) ) ;
#3056 = DIRECTION ( 'NONE',  ( 0.0000000000000000000, -1.000000000000000000, -1.332267629549999902E-15 ) ) ;
#3057 = SURFACE_SIDE_STYLE ('',( #3084 ) ) ;
#3058 = DIRECTION ( 'NONE',  ( -0.7071067811865475727, 0.0000000000000000000, -0.7071067811865475727 ) ) ;
#3059 = SURFACE_STYLE_USAGE ( .BOTH. , #3776 ) ;
#3060 = ORIENTED_EDGE ( 'NONE', *, *, #3049, .F. ) ;
#3061 = UNCERTAINTY_MEASURE_WITH_UNIT (LENGTH_MEASURE( 1.000000000000000082E-05 ), #2645, 'distance_accuracy_value', 'NONE');
#3062 = VERTEX_POINT ( 'NONE', #1768 ) ;
#3063 = SURFACE_STYLE_FILL_AREA ( #3460 ) ;
#3064 = ORIENTED_EDGE ( 'NONE', *, *, #3082, .T. ) ;
#3065 = PLANE ( 'NONE',  #441 ) ;
#3066 =( NAMED_UNIT ( * ) SI_UNIT ( $, .STERADIAN. ) SOLID_ANGLE_UNIT ( ) );
#3067 = PRESENTATION_STYLE_ASSIGNMENT (( #3840 ) ) ;
#3068 = FACE_OUTER_BOUND ( 'NONE', #3198, .T. ) ;
#3069 = ORIENTED_EDGE ( 'NONE', *, *, #759, .T. ) ;
#3070 = SURFACE_STYLE_USAGE ( .BOTH. , #3450 ) ;
#3071 = DIRECTION ( 'NONE',  ( -1.000000000000000000, -0.0000000000000000000, -0.0000000000000000000 ) ) ;
#3072 = EDGE_CURVE ( 'NONE', #1270, #1930, #3686, .T. ) ;
#3073 = FILL_AREA_STYLE_COLOUR ( '', #3568 ) ;
#3075 = VERTEX_POINT ( 'NONE', #4443 ) ;
#3074 = EDGE_CURVE ( 'NONE', #2421, #2711, #354, .T. ) ;
#3076 = MECHANICAL_DESIGN_GEOMETRIC_PRESENTATION_REPRESENTATION (  '', ( #2352 ), #1441 ) ;
#3077 = DIRECTION ( 'NONE',  ( 0.0000000000000000000, -0.7071067811865475727, -0.7071067811865475727 ) ) ;
#3078 = PRESENTATION_STYLE_ASSIGNMENT (( #2626 ) ) ;
#3079 =( NAMED_UNIT ( * ) PLANE_ANGLE_UNIT ( ) SI_UNIT ( $, .RADIAN. ) );
#3080 = VECTOR ( 'NONE', #391, 999.9999999999998863 ) ;
#3081 =( LENGTH_UNIT ( ) NAMED_UNIT ( * ) SI_UNIT ( .MILLI., .METRE. ) );
#3082 = EDGE_CURVE ( 'NONE', #4798, #4511, #4098, .T. ) ;
#3083 = EDGE_CURVE ( 'NONE', #734, #2957, #1415, .T. ) ;
#3084 = SURFACE_STYLE_FILL_AREA ( #492 ) ;
#3085 =( NAMED_UNIT ( * ) SI_UNIT ( $, .STERADIAN. ) SOLID_ANGLE_UNIT ( ) );
#3086 = COLOUR_RGB ( '',0.09411764705882352811, 0.09411764705882352811, 0.09411764705882352811 ) ;
#3087 = CONTEXT_DEPENDENT_SHAPE_REPRESENTATION ( #3703, #1102 ) ;
#3088 = FILL_AREA_STYLE_COLOUR ( '', #1510 ) ;
#3089 = ORIENTED_EDGE ( 'NONE', *, *, #867, .F. ) ;
#3090 = VECTOR ( 'NONE', #3932, 1000.000000000000000 ) ;
#3091 = VECTOR ( 'NONE', #4274, 1000.000000000000000 ) ;
#3092 = EDGE_LOOP ( 'NONE', ( #1130, #113, #355, #3133, #417 ) ) ;
#3093 = FILL_AREA_STYLE ('',( #4602 ) ) ;
#3094 = DIRECTION ( 'NONE',  ( -1.000000000000000000, 0.0000000000000000000, -0.0000000000000000000 ) ) ;
#3095 = VERTEX_POINT ( 'NONE', #3381 ) ;
#3096 = PRESENTATION_STYLE_ASSIGNMENT (( #1266 ) ) ;
#3097 = VECTOR ( 'NONE', #699, 1000.000000000000114 ) ;
#3098 = MECHANICAL_DESIGN_GEOMETRIC_PRESENTATION_REPRESENTATION (  '', ( #306 ), #2608 ) ;
#3099 = SURFACE_STYLE_FILL_AREA ( #2039 ) ;
#3100 = PRESENTATION_LAYER_ASSIGNMENT (  '', '', ( #2371 ) ) ;
#3101 = AXIS2_PLACEMENT_3D ( 'NONE', #1779, #1351, #4327 ) ;
#3102 = LINE ( 'NONE', #4589, #2462 ) ;
#3103 = VERTEX_POINT ( 'NONE', #51 ) ;
#3104 =( NAMED_UNIT ( * ) PLANE_ANGLE_UNIT ( ) SI_UNIT ( $, .RADIAN. ) );
#3105 =( NAMED_UNIT ( * ) SI_UNIT ( $, .STERADIAN. ) SOLID_ANGLE_UNIT ( ) );
#3106 = ORIENTED_EDGE ( 'NONE', *, *, #97, .T. ) ;
#3107 = DIRECTION ( 'NONE',  ( 1.000000000000000000, 0.0000000000000000000, -0.0000000000000000000 ) ) ;
#3108 = FACE_OUTER_BOUND ( 'NONE', #2062, .T. ) ;
#3109 =( GEOMETRIC_REPRESENTATION_CONTEXT ( 3 ) GLOBAL_UNCERTAINTY_ASSIGNED_CONTEXT ( ( #3652 ) ) GLOBAL_UNIT_ASSIGNED_CONTEXT ( ( #3230, #1676, #1323 ) ) REPRESENTATION_CONTEXT ( 'NONE', 'WORKASPACE' ) );
#3110 = UNCERTAINTY_MEASURE_WITH_UNIT (LENGTH_MEASURE( 1.000000000000000082E-05 ), #944, 'distance_accuracy_value', 'NONE');
#3111 = ADVANCED_FACE ( 'NONE', ( #4784 ), #4470, .T. ) ;
#3112 = EDGE_CURVE ( 'NONE', #3139, #798, #2611, .T. ) ;
#3113 = DIRECTION ( 'NONE',  ( 0.7071067811865474617, -0.0000000000000000000, 0.7071067811865474617 ) ) ;
#3114 = ORIENTED_EDGE ( 'NONE', *, *, #1945, .T. ) ;
#3115 = DIRECTION ( 'NONE',  ( 1.000000000000000000, -0.0000000000000000000, -0.0000000000000000000 ) ) ;
#3116 = EDGE_CURVE ( 'NONE', #3252, #4535, #2178, .T. ) ;
#3117 = VECTOR ( 'NONE', #4516, 1000.000000000000000 ) ;
#3118 =( NAMED_UNIT ( * ) SI_UNIT ( $, .STERADIAN. ) SOLID_ANGLE_UNIT ( ) );
#3119 = FILL_AREA_STYLE ('',( #1217 ) ) ;
#3120 = ORIENTED_EDGE ( 'NONE', *, *, #948, .F. ) ;
#3121 = AXIS2_PLACEMENT_3D ( 'NONE', #1904, #2676, #2604 ) ;
#3122 = VECTOR ( 'NONE', #1047, 1000.000000000000000 ) ;
#3123 = DIRECTION ( 'NONE',  ( -1.000000000000000000, -0.0000000000000000000, -0.0000000000000000000 ) ) ;
#3124 = FILL_AREA_STYLE_COLOUR ( '', #2912 ) ;
#3125 = DIRECTION ( 'NONE',  ( 0.0000000000000000000, -1.510616709811000052E-15, 1.000000000000000000 ) ) ;
#3126 = PLANE ( 'NONE',  #2474 ) ;
#3127 = PLANE ( 'NONE',  #335 ) ;
#3128 = STYLED_ITEM ( 'NONE', ( #4237 ), #119 ) ;
#3129 = ORIENTED_EDGE ( 'NONE', *, *, #411, .F. ) ;
#3130 =( NAMED_UNIT ( * ) SI_UNIT ( $, .STERADIAN. ) SOLID_ANGLE_UNIT ( ) );
#3131 = DIRECTION ( 'NONE',  ( -0.7071067811865475727, -9.398244244348984524E-16, 0.7071067811865475727 ) ) ;
#3132 = FILL_AREA_STYLE ('',( #3088 ) ) ;
#3133 = ORIENTED_EDGE ( 'NONE', *, *, #4466, .F. ) ;
#3134 = VECTOR ( 'NONE', #2754, 1000.000000000000000 ) ;
#3135 = ORIENTED_EDGE ( 'NONE', *, *, #4581, .F. ) ;
#3136 = PRESENTATION_STYLE_ASSIGNMENT (( #2461 ) ) ;
#3137 = DIRECTION ( 'NONE',  ( -0.0000000000000000000, -0.0000000000000000000, -1.000000000000000000 ) ) ;
#3138 = ADVANCED_FACE ( 'NONE', ( #3016 ), #1262, .T. ) ;
#3139 = VERTEX_POINT ( 'NONE', #4240 ) ;
#3140 = DIRECTION ( 'NONE',  ( 0.0000000000000000000, -0.0000000000000000000, -1.000000000000000000 ) ) ;
#3141 = CARTESIAN_POINT ( 'NONE',  ( -1.270000000000000018, 3.809999961852997608, 1.590000000000000080 ) ) ;
#3142 = CARTESIAN_POINT ( 'NONE',  ( 4.759999923705998448, 9.609999997020000961, 0.9499999999999997335 ) ) ;
#3143 = EDGE_CURVE ( 'NONE', #1619, #1658, #2737, .T. ) ;
#3144 = ORIENTED_EDGE ( 'NONE', *, *, #384, .F. ) ;
#3145 =( LENGTH_UNIT ( ) NAMED_UNIT ( * ) SI_UNIT ( .MILLI., .METRE. ) );
#3146 = UNCERTAINTY_MEASURE_WITH_UNIT (LENGTH_MEASURE( 1.000000000000000082E-05 ), #678, 'distance_accuracy_value', 'NONE');
#3147 = LINE ( 'NONE', #2773, #3177 ) ;
#3148 = CARTESIAN_POINT ( 'NONE',  ( -0.3200000000000000067, 1.270000000000000018, 0.9499999999999995115 ) ) ;
#3149 = LINE ( 'NONE', #1294, #4393 ) ;
#3150 = COLOUR_RGB ( '',0.09411764705882352811, 0.09411764705882352811, 0.09411764705882352811 ) ;
#3151 = CARTESIAN_POINT ( 'NONE',  ( 3.809999961852999828, 1.520000000000000018, 0.3250000119209999760 ) ) ;
#3152 = PRESENTATION_STYLE_ASSIGNMENT (( #1652 ) ) ;
#3153 = VECTOR ( 'NONE', #2431, 1000.000000000000000 ) ;
#3154 =( NAMED_UNIT ( * ) SI_UNIT ( $, .STERADIAN. ) SOLID_ANGLE_UNIT ( ) );
#3155 = LINE ( 'NONE', #444, #3726 ) ;
#3156 = FACE_OUTER_BOUND ( 'NONE', #1741, .T. ) ;
#3157 = CARTESIAN_POINT ( 'NONE',  ( 2.859999961853000094, 3.809999961852999384, 0.9499999999999999556 ) ) ;
#3158 =( GEOMETRIC_REPRESENTATION_CONTEXT ( 3 ) GLOBAL_UNCERTAINTY_ASSIGNED_CONTEXT ( ( #1816 ) ) GLOBAL_UNIT_ASSIGNED_CONTEXT ( ( #1450, #4464, #1889 ) ) REPRESENTATION_CONTEXT ( 'NONE', 'WORKASPACE' ) );
#3159 = ORIENTED_EDGE ( 'NONE', *, *, #3446, .T. ) ;
#3160 = UNCERTAINTY_MEASURE_WITH_UNIT (LENGTH_MEASURE( 1.000000000000000082E-05 ), #3605, 'distance_accuracy_value', 'NONE');
#3161 = VECTOR ( 'NONE', #688, 1000.000000000000000 ) ;
#3162 = ORIENTED_EDGE ( 'NONE', *, *, #3072, .F. ) ;
#3163 = FILL_AREA_STYLE ('',( #4695 ) ) ;
#3164 = FILL_AREA_STYLE ('',( #1713 ) ) ;
#3165 = FACE_OUTER_BOUND ( 'NONE', #321, .T. ) ;
#3166 = CARTESIAN_POINT ( 'NONE',  ( 1.269999961852937620, 1.820000011921000249, 2.214999988079062732 ) ) ;
#3167 = CARTESIAN_POINT ( 'NONE',  ( 4.759999923706000224, 9.810000000000000497, 1.389999997020000100 ) ) ;
#3168 = CARTESIAN_POINT ( 'NONE',  ( -1.270000000000000018, 3.809999961852999828, 0.02500000000000000139 ) ) ;
#3169 = PRESENTATION_LAYER_ASSIGNMENT (  '', '', ( #4 ) ) ;
#3170 = EDGE_LOOP ( 'NONE', ( #3760, #4528, #1972, #3768, #1396, #2158, #2879, #3448 ) ) ;
#3171 = CARTESIAN_POINT ( 'NONE',  ( 0.0000000000000000000, 0.0000000000000000000, 0.0000000000000000000 ) ) ;
#3172 = DIRECTION ( 'NONE',  ( 0.0000000000000000000, 0.0000000000000000000, -1.000000000000000000 ) ) ;
#3173 = EDGE_CURVE ( 'NONE', #1178, #3244, #3781, .T. ) ;
#3174 = COLOUR_RGB ( '',0.09411764705882352811, 0.09411764705882352811, 0.09411764705882352811 ) ;
#3175 = EDGE_CURVE ( 'NONE', #1493, #4341, #474, .T. ) ;
#3176 = CARTESIAN_POINT ( 'NONE',  ( 2.859999961853000094, -0.3200000000000002287, -2.799999997019999576 ) ) ;
#3177 = VECTOR ( 'NONE', #3123, 1000.000000000000000 ) ;
#3178 = SURFACE_STYLE_FILL_AREA ( #4207 ) ;
#3179 = LINE ( 'NONE', #2727, #3939 ) ;
#3180 = MECHANICAL_DESIGN_GEOMETRIC_PRESENTATION_REPRESENTATION (  '', ( #1600 ), #1384 ) ;
#3181 = CARTESIAN_POINT ( 'NONE',  ( -0.3200000000000000067, 9.810000000000000497, 1.389999997020000100 ) ) ;
#3182 = STYLED_ITEM ( 'NONE', ( #4523 ), #2833 ) ;
#3183 = VECTOR ( 'NONE', #4760, 1000.000000000000000 ) ;
#3184 =( NAMED_UNIT ( * ) PLANE_ANGLE_UNIT ( ) SI_UNIT ( $, .RADIAN. ) );
#3185 = FILL_AREA_STYLE_COLOUR ( '', #2322 ) ;
#3186 =( NAMED_UNIT ( * ) SI_UNIT ( $, .STERADIAN. ) SOLID_ANGLE_UNIT ( ) );
#3187 = PRESENTATION_LAYER_ASSIGNMENT (  '', '', ( #1312 ) ) ;
#3188 = DIRECTION ( 'NONE',  ( 1.000000000000000000, 0.0000000000000000000, -0.0000000000000000000 ) ) ;
#3189 = MECHANICAL_DESIGN_GEOMETRIC_PRESENTATION_REPRESENTATION (  '', ( #478 ), #4439 ) ;
#3190 = DIRECTION ( 'NONE',  ( -0.5773502691896258421, 0.5773502691896257311, -0.5773502691896257311 ) ) ;
#3191 = LINE ( 'NONE', #2760, #494 ) ;
#3192 = ORIENTED_EDGE ( 'NONE', *, *, #1702, .T. ) ;
#3193 = DIRECTION ( 'NONE',  ( -0.0000000000000000000, 1.000000000000000000, 1.332267629549999902E-15 ) ) ;
#3194 = VECTOR ( 'NONE', #4003, 1000.000000000000000 ) ;
#3195 = CARTESIAN_POINT ( 'NONE',  ( 2.859999961853000094, 1.270000000000000018, 0.9499999999999999556 ) ) ;
#3196 = VERTEX_POINT ( 'NONE', #499 ) ;
#3197 = DIRECTION ( 'NONE',  ( 6.670117000593702191E-16, -1.000000000000000000, -6.670117000593702191E-16 ) ) ;
#3198 = EDGE_LOOP ( 'NONE', ( #2680, #4514, #900, #1909, #1081, #4320, #3852, #4732 ) ) ;
#3199 = PRESENTATION_STYLE_ASSIGNMENT (( #3490 ) ) ;
#3200 = UNCERTAINTY_MEASURE_WITH_UNIT (LENGTH_MEASURE( 1.000000000000000082E-05 ), #2623, 'distance_accuracy_value', 'NONE');
#3201 = APPLICATION_CONTEXT ( 'automotive_design' ) ;
#3202 = MECHANICAL_DESIGN_GEOMETRIC_PRESENTATION_REPRESENTATION (  '', ( #645 ), #1104 ) ;
#3203 =( NAMED_UNIT ( * ) SI_UNIT ( $, .STERADIAN. ) SOLID_ANGLE_UNIT ( ) );
#3204 = CARTESIAN_POINT ( 'NONE',  ( 1.419999967812998420, 3.809999961853000716, 2.364999994040001940 ) ) ;
#3205 = ORIENTED_EDGE ( 'NONE', *, *, #2616, .T. ) ;
#3206 = EDGE_CURVE ( 'NONE', #4511, #635, #162, .T. ) ;
#3207 = VECTOR ( 'NONE', #666, 1000.000000000000000 ) ;
#3208 = CARTESIAN_POINT ( 'NONE',  ( 0.3200000000000000067, 1.270000000000000018, 1.590000000000000080 ) ) ;
#3209 = EDGE_CURVE ( 'NONE', #1564, #574, #3041, .T. ) ;
#3210 = LINE ( 'NONE', #3181, #4802 ) ;
#3211 = AXIS2_PLACEMENT_3D ( 'NONE', #2463, #3480, #1985 ) ;
#3212 = SURFACE_STYLE_FILL_AREA ( #2135 ) ;
#3213 = FILL_AREA_STYLE_COLOUR ( '', #4114 ) ;
#3214 =( LENGTH_UNIT ( ) NAMED_UNIT ( * ) SI_UNIT ( .MILLI., .METRE. ) );
#3215 = DIRECTION ( 'NONE',  ( 0.7071067811865474617, 0.0000000000000000000, 0.7071067811865474617 ) ) ;
#3216 = LINE ( 'NONE', #1022, #3153 ) ;
#3217 = UNCERTAINTY_MEASURE_WITH_UNIT (LENGTH_MEASURE( 1.000000000000000082E-05 ), #3081, 'distance_accuracy_value', 'NONE');
#3218 = DIRECTION ( 'NONE',  ( 0.0000000000000000000, 0.0000000000000000000, -1.000000000000000000 ) ) ;
#3219 = STYLED_ITEM ( 'NONE', ( #813 ), #96 ) ;
#3220 = SURFACE_STYLE_USAGE ( .BOTH. , #999 ) ;
#3221 =( NAMED_UNIT ( * ) SI_UNIT ( $, .STERADIAN. ) SOLID_ANGLE_UNIT ( ) );
#3222 = LINE ( 'NONE', #933, #1554 ) ;
#3223 = CARTESIAN_POINT ( 'NONE',  ( 3.509999949931999819, 1.520000000000000018, 2.515000000000000124 ) ) ;
#3224 = DIRECTION ( 'NONE',  ( 0.0000000000000000000, 0.0000000000000000000, -1.000000000000000000 ) ) ;
#3225 = DIRECTION ( 'NONE',  ( 0.5773502691896279515, 0.5773502691896255090, 0.5773502691896238437 ) ) ;
#3226 = ORIENTED_EDGE ( 'NONE', *, *, #3116, .F. ) ;
#3227 = CARTESIAN_POINT ( 'NONE',  ( 6.349999923706000082, 1.520000000000000018, 0.3250000119209999760 ) ) ;
#3228 = SURFACE_SIDE_STYLE ('',( #279 ) ) ;
#3229 = FACE_OUTER_BOUND ( 'NONE', #1967, .T. ) ;
#3230 =( LENGTH_UNIT ( ) NAMED_UNIT ( * ) SI_UNIT ( .MILLI., .METRE. ) );
#3231 = ADVANCED_FACE ( 'NONE', ( #3853 ), #1192, .F. ) ;
#3232 = ADVANCED_FACE ( 'NONE', ( #3604 ), #248, .T. ) ;
#3233 = DIRECTION ( 'NONE',  ( 1.000000000000000000, 0.0000000000000000000, -0.0000000000000000000 ) ) ;
#3234 = SURFACE_SIDE_STYLE ('',( #1806 ) ) ;
#3235 = LINE ( 'NONE', #4666, #1721 ) ;
#3236 = CARTESIAN_POINT ( 'NONE',  ( 1.269999961853000015, 1.520000000000000018, 2.515000000000000124 ) ) ;
#3237 = EDGE_CURVE ( 'NONE', #4511, #50, #1711, .T. ) ;
#3238 =( NAMED_UNIT ( * ) SI_UNIT ( $, .STERADIAN. ) SOLID_ANGLE_UNIT ( ) );
#3239 = ORIENTED_EDGE ( 'NONE', *, *, #4132, .F. ) ;
#3240 = COLOUR_RGB ( '',1.000000000000000000, 1.000000000000000000, 0.4980392156862745168 ) ;
#3241 = CARTESIAN_POINT ( 'NONE',  ( 0.9699999880789998974, 1.520000000000000018, 0.02500000000000000139 ) ) ;
#3242 = CARTESIAN_POINT ( 'NONE',  ( 1.269999961852875003, 1.520000000000000018, 0.3250000119208749649 ) ) ;
#3243 = LINE ( 'NONE', #653, #1235 ) ;
#3244 = VERTEX_POINT ( 'NONE', #547 ) ;
#3245 = CARTESIAN_POINT ( 'NONE',  ( 0.0000000000000000000, 0.0000000000000000000, 0.0000000000000000000 ) ) ;
#3246 = VECTOR ( 'NONE', #3007, 1000.000000000000000 ) ;
#3247 =( LENGTH_UNIT ( ) NAMED_UNIT ( * ) SI_UNIT ( .MILLI., .METRE. ) );
#3248 = UNCERTAINTY_MEASURE_WITH_UNIT (LENGTH_MEASURE( 1.000000000000000082E-05 ), #1160, 'distance_accuracy_value', 'NONE');
#3249 = PRESENTATION_LAYER_ASSIGNMENT (  '', '', ( #4032 ) ) ;
#3250 = VECTOR ( 'NONE', #4402, 1000.000000000000000 ) ;
#3251 = SURFACE_STYLE_USAGE ( .BOTH. , #2109 ) ;
#3252 = VERTEX_POINT ( 'NONE', #2388 ) ;
#3253 = SURFACE_SIDE_STYLE ('',( #3616 ) ) ;
#3254 = SURFACE_SIDE_STYLE ('',( #2208 ) ) ;
#3255 = VECTOR ( 'NONE', #2429, 1000.000000000000000 ) ;
#3256 = AXIS2_PLACEMENT_3D ( 'NONE', #3171, #3534, #911 ) ;
#3257 = LINE ( 'NONE', #2453, #3255 ) ;
#3258 = CARTESIAN_POINT ( 'NONE',  ( 6.199999917746000122, 1.520000000000000018, 2.364999994040000164 ) ) ;
#3259 = FACE_OUTER_BOUND ( 'NONE', #4305, .T. ) ;
#3260 = SURFACE_STYLE_FILL_AREA ( #4743 ) ;
#3261 = CARTESIAN_POINT ( 'NONE',  ( 4.759999923706000224, 1.270000000000000018, 0.9499999999999999556 ) ) ;
#3262 = UNCERTAINTY_MEASURE_WITH_UNIT (LENGTH_MEASURE( 1.000000000000000082E-05 ), #976, 'distance_accuracy_value', 'NONE');
#3263 = MECHANICAL_DESIGN_GEOMETRIC_PRESENTATION_REPRESENTATION (  '', ( #1080 ), #1385 ) ;
#3264 = FILL_AREA_STYLE ('',( #4692 ) ) ;
#3265 =( LENGTH_UNIT ( ) NAMED_UNIT ( * ) SI_UNIT ( .MILLI., .METRE. ) );
#3266 = VERTEX_POINT ( 'NONE', #1687 ) ;
#3267 = ADVANCED_FACE ( 'NONE', ( #3875 ), #268, .F. ) ;
#3268 = CARTESIAN_POINT ( 'NONE',  ( 3.809999923706000047, 1.520000000000000018, 0.3250000119209999760 ) ) ;
#3269 = EDGE_CURVE ( 'NONE', #2532, #607, #3580, .T. ) ;
#3270 = COLOUR_RGB ( '',0.09411764705882352811, 0.09411764705882352811, 0.09411764705882352811 ) ;
#3271 =( NAMED_UNIT ( * ) PLANE_ANGLE_UNIT ( ) SI_UNIT ( $, .RADIAN. ) );
#3272 = VERTEX_POINT ( 'NONE', #955 ) ;
#3273 = LINE ( 'NONE', #4124, #1091 ) ;
#3274 = ORIENTED_EDGE ( 'NONE', *, *, #324, .F. ) ;
#3275 = COLOUR_RGB ( '',1.000000000000000000, 1.000000000000000000, 0.4980392156862745168 ) ;
#3276 = SURFACE_STYLE_FILL_AREA ( #1696 ) ;
#3277 = EDGE_CURVE ( 'NONE', #3036, #3874, #2414, .T. ) ;
#3278 = LINE ( 'NONE', #377, #919 ) ;
#3279 = FILL_AREA_STYLE_COLOUR ( '', #469 ) ;
#3280 =( LENGTH_UNIT ( ) NAMED_UNIT ( * ) SI_UNIT ( .MILLI., .METRE. ) );
#3281 = EDGE_LOOP ( 'NONE', ( #2978, #2184, #3069, #3396 ) ) ;
#3282 = SURFACE_STYLE_USAGE ( .BOTH. , #3228 ) ;
#3283 = DIRECTION ( 'NONE',  ( -0.0000000000000000000, -0.0000000000000000000, -1.000000000000000000 ) ) ;
#3284 = SURFACE_STYLE_FILL_AREA ( #1399 ) ;
#3285 = FILL_AREA_STYLE_COLOUR ( '', #706 ) ;
#3286 = CARTESIAN_POINT ( 'NONE',  ( -0.3200000000000000067, 1.820000011921000249, 1.590000000000000080 ) ) ;
#3287 = CARTESIAN_POINT ( 'NONE',  ( 6.199999917745998346, 3.809999961853000716, 0.1750000059600015367 ) ) ;
#3288 = ORIENTED_EDGE ( 'NONE', *, *, #1883, .F. ) ;
#3289 = CARTESIAN_POINT ( 'NONE',  ( 1.419999967813001529, 3.809999961853000716, 0.1750000059600015367 ) ) ;
#3290 = COLOUR_RGB ( '',0.09411764705882352811, 0.09411764705882352811, 0.09411764705882352811 ) ;
#3291 = PRESENTATION_STYLE_ASSIGNMENT (( #1099 ) ) ;
#3292 = PRESENTATION_STYLE_ASSIGNMENT (( #751 ) ) ;
#3293 = ORIENTED_EDGE ( 'NONE', *, *, #3237, .F. ) ;
#3294 = CLOSED_SHELL ( 'NONE', ( #4346, #2536, #3927, #3778, #481, #1290, #1496, #1953, #2465, #3021, #721, #685, #3267, #4431, #3296, #4364, #4520, #292 ) ) ;
#3295 = EDGE_CURVE ( 'NONE', #1009, #4202, #4670, .T. ) ;
#3296 = ADVANCED_FACE ( 'NONE', ( #3656 ), #1119, .F. ) ;
#3297 = ORIENTED_EDGE ( 'NONE', *, *, #3022, .T. ) ;
#3298 = CARTESIAN_POINT ( 'NONE',  ( 6.349999923706499239, 1.520000000000000018, 0.3250000119204998206 ) ) ;
#3299 = EDGE_LOOP ( 'NONE', ( #4736, #2979, #805, #819 ) ) ;
#3300 = PRESENTATION_LAYER_ASSIGNMENT (  '', '', ( #2816 ) ) ;
#3301 = CARTESIAN_POINT ( 'NONE',  ( 2.859999961853000094, 3.809999961852999384, 1.590000000000000080 ) ) ;
#3302 = UNCERTAINTY_MEASURE_WITH_UNIT (LENGTH_MEASURE( 1.000000000000000082E-05 ), #3974, 'distance_accuracy_value', 'NONE');
#3303 = EDGE_CURVE ( 'NONE', #4785, #3196, #2580, .T. ) ;
#3304 =( NAMED_UNIT ( * ) PLANE_ANGLE_UNIT ( ) SI_UNIT ( $, .RADIAN. ) );
#3305 = CARTESIAN_POINT ( 'NONE',  ( 0.3200000000000000067, 3.809999961852999828, 1.590000000000000080 ) ) ;
#3306 = ORIENTED_EDGE ( 'NONE', *, *, #4649, .T. ) ;
#3307 = CARTESIAN_POINT ( 'NONE',  ( 2.859999961853000094, 1.270000000000000018, 1.590000000000000080 ) ) ;
#3308 = SURFACE_STYLE_USAGE ( .BOTH. , #4016 ) ;
#3309 = UNCERTAINTY_MEASURE_WITH_UNIT (LENGTH_MEASURE( 1.000000000000000082E-05 ), #4329, 'distance_accuracy_value', 'NONE');
#3310 = CARTESIAN_POINT ( 'NONE',  ( -1.270000000000250706, 3.809999961852999828, 2.214999988079251025 ) ) ;
#3311 = SURFACE_STYLE_FILL_AREA ( #2209 ) ;
#3312 = CARTESIAN_POINT ( 'NONE',  ( 0.3200000000000000067, 3.809999961852999828, 0.9499999999999999556 ) ) ;
#3313 = PRESENTATION_STYLE_ASSIGNMENT (( #686 ) ) ;
#3314 = CARTESIAN_POINT ( 'NONE',  ( 6.349999923706000082, 1.520000000000000018, 0.02500000000000000139 ) ) ;
#3315 = LINE ( 'NONE', #3650, #3080 ) ;
#3316 = ORIENTED_EDGE ( 'NONE', *, *, #234, .F. ) ;
#3317 = UNCERTAINTY_MEASURE_WITH_UNIT (LENGTH_MEASURE( 1.000000000000000082E-05 ), #2753, 'distance_accuracy_value', 'NONE');
#3318 = CARTESIAN_POINT ( 'NONE',  ( 5.399999923705999905, 1.820000011921000249, 1.589999999999996749 ) ) ;
#3319 =( NAMED_UNIT ( * ) SI_UNIT ( $, .STERADIAN. ) SOLID_ANGLE_UNIT ( ) );
#3320 =( LENGTH_UNIT ( ) NAMED_UNIT ( * ) SI_UNIT ( .MILLI., .METRE. ) );
#3321 = CYLINDRICAL_SURFACE ( 'NONE', #4610, 1.590000000000000080 ) ;
#3322 = PRODUCT_DEFINITION_SHAPE ( 'NONE', 'NONE',  #2052 ) ;
#3323 = PLANE ( 'NONE',  #305 ) ;
#3324 = AXIS2_PLACEMENT_3D ( 'NONE', #830, #2264, #899 ) ;
#3325 = EDGE_LOOP ( 'NONE', ( #2472, #4678, #4420, #2273 ) ) ;
#3326 = CARTESIAN_POINT ( 'NONE',  ( 1.569999973774000024, 1.520000000000000018, 2.515000000000000124 ) ) ;
#3327 = ORIENTED_EDGE ( 'NONE', *, *, #1269, .T. ) ;
#3328 = AXIS2_PLACEMENT_3D ( 'NONE', #4530, #3864, #1252 ) ;
#3329 = FILL_AREA_STYLE_COLOUR ( '', #2615 ) ;
#3330 = ORIENTED_EDGE ( 'NONE', *, *, #357, .T. ) ;
#3331 = DIRECTION ( 'NONE',  ( 0.0000000000000000000, 1.332267629549999902E-15, -1.000000000000000000 ) ) ;
#3332 = SURFACE_STYLE_USAGE ( .BOTH. , #1915 ) ;
#3333 = FILL_AREA_STYLE_COLOUR ( '', #4418 ) ;
#3334 = EDGE_CURVE ( 'NONE', #78, #4293, #2194, .T. ) ;
#3335 = EDGE_CURVE ( 'NONE', #4166, #2826, #4023, .T. ) ;
#3336 =( GEOMETRIC_REPRESENTATION_CONTEXT ( 3 ) GLOBAL_UNCERTAINTY_ASSIGNED_CONTEXT ( ( #2166 ) ) GLOBAL_UNIT_ASSIGNED_CONTEXT ( ( #3145, #2668, #1287 ) ) REPRESENTATION_CONTEXT ( 'NONE', 'WORKASPACE' ) );
#3337 = SURFACE_STYLE_FILL_AREA ( #1805 ) ;
#3338 = DIRECTION ( 'NONE',  ( 0.0000000000000000000, 1.000000000000000000, 1.609823385705999920E-15 ) ) ;
#3339 = SURFACE_STYLE_FILL_AREA ( #2596 ) ;
#3340 =( LENGTH_UNIT ( ) NAMED_UNIT ( * ) SI_UNIT ( .MILLI., .METRE. ) );
#3341 = VECTOR ( 'NONE', #576, 1000.000000000000000 ) ;
#3342 = CARTESIAN_POINT ( 'NONE',  ( 5.399999923705999905, 3.809999961852999828, 0.9499999999999999556 ) ) ;
#3343 = ORIENTED_EDGE ( 'NONE', *, *, #206, .F. ) ;
#3344 = COLOUR_RGB ( '',0.09411764705882352811, 0.09411764705882352811, 0.09411764705882352811 ) ;
#3345 = VECTOR ( 'NONE', #173, 1000.000000000000000 ) ;
#3346 =( LENGTH_UNIT ( ) NAMED_UNIT ( * ) SI_UNIT ( .MILLI., .METRE. ) );
#3347 = DIRECTION ( 'NONE',  ( -0.0000000000000000000, 1.000000000000000000, 1.510616709811000052E-15 ) ) ;
#3348 = CARTESIAN_POINT ( 'NONE',  ( 2.859999961853000094, 9.609999997019999185, 1.590000000000000302 ) ) ;
#3349 =( LENGTH_UNIT ( ) NAMED_UNIT ( * ) SI_UNIT ( .MILLI., .METRE. ) );
#3350 = VECTOR ( 'NONE', #3559, 1000.000000000000000 ) ;
#3351 = COLOUR_RGB ( '',0.09411764705882352811, 0.09411764705882352811, 0.09411764705882352811 ) ;
#3352 = ORIENTED_EDGE ( 'NONE', *, *, #1907, .F. ) ;
#3353 = DIRECTION ( 'NONE',  ( -1.000000000000000000, -0.0000000000000000000, -0.0000000000000000000 ) ) ;
#3354 = VERTEX_POINT ( 'NONE', #323 ) ;
#3355 = SURFACE_SIDE_STYLE ('',( #356 ) ) ;
#3356 = UNCERTAINTY_MEASURE_WITH_UNIT (LENGTH_MEASURE( 1.000000000000000082E-05 ), #3701, 'distance_accuracy_value', 'NONE');
#3357 = CARTESIAN_POINT ( 'NONE',  ( -0.3199999999999999512, 3.809999961852999384, 1.590000000000000080 ) ) ;
#3358 = MECHANICAL_DESIGN_GEOMETRIC_PRESENTATION_REPRESENTATION (  '', ( #942 ), #637 ) ;
#3359 = SURFACE_STYLE_FILL_AREA ( #761 ) ;
#3360 = ORIENTED_EDGE ( 'NONE', *, *, #826, .T. ) ;
#3361 = FACE_OUTER_BOUND ( 'NONE', #4538, .T. ) ;
#3362 = SURFACE_SIDE_STYLE ('',( #3284 ) ) ;
#3363 = VECTOR ( 'NONE', #4051, 1000.000000000000000 ) ;
#3364 =( NAMED_UNIT ( * ) SI_UNIT ( $, .STERADIAN. ) SOLID_ANGLE_UNIT ( ) );
#3365 = PLANE ( 'NONE',  #4432 ) ;
#3366 = PRODUCT_RELATED_PRODUCT_CATEGORY ( 'part', '', ( #4061 ) ) ;
#3367 = CARTESIAN_POINT ( 'NONE',  ( 1.269999961853000015, 3.809999961852997608, 1.590000000000000080 ) ) ;
#3368 = EDGE_CURVE ( 'NONE', #4401, #619, #2123, .T. ) ;
#3369 = VECTOR ( 'NONE', #1604, 1000.000000000000114 ) ;
#3370 = SURFACE_STYLE_USAGE ( .BOTH. , #1852 ) ;
#3371 = FACE_OUTER_BOUND ( 'NONE', #904, .T. ) ;
#3372 = PRESENTATION_STYLE_ASSIGNMENT (( #1881 ) ) ;
#3373 = EDGE_LOOP ( 'NONE', ( #2365, #3505, #3812, #425 ) ) ;
#3374 =( NAMED_UNIT ( * ) PLANE_ANGLE_UNIT ( ) SI_UNIT ( $, .RADIAN. ) );
#3375 = FACE_OUTER_BOUND ( 'NONE', #1172, .T. ) ;
#3376 = SURFACE_STYLE_USAGE ( .BOTH. , #3057 ) ;
#3377 = COLOUR_RGB ( '',0.09411764705882352811, 0.09411764705882352811, 0.09411764705882352811 ) ;
#3378 = FILL_AREA_STYLE ('',( #1862 ) ) ;
#3379 = VERTEX_POINT ( 'NONE', #2921 ) ;
#3380 = EDGE_LOOP ( 'NONE', ( #4057, #2277, #2584, #1388, #4449, #2714, #2149, #459 ) ) ;
#3381 = CARTESIAN_POINT ( 'NONE',  ( 5.399999923706000793, 9.609999997019999185, 1.590000000000000302 ) ) ;
#3382 = ORIENTED_EDGE ( 'NONE', *, *, #562, .F. ) ;
#3383 = CARTESIAN_POINT ( 'NONE',  ( 1.270000000000250706, 3.809999961852999384, 2.214999988079251025 ) ) ;
#3384 = SURFACE_STYLE_FILL_AREA ( #2226 ) ;
#3385 = ORIENTED_EDGE ( 'NONE', *, *, #4755, .F. ) ;
#3386 =( NAMED_UNIT ( * ) SI_UNIT ( $, .STERADIAN. ) SOLID_ANGLE_UNIT ( ) );
#3387 = COLOUR_RGB ( '',0.09411764705882352811, 0.09411764705882352811, 0.09411764705882352811 ) ;
#3388 =( LENGTH_UNIT ( ) NAMED_UNIT ( * ) SI_UNIT ( .MILLI., .METRE. ) );
#3389 = SURFACE_STYLE_USAGE ( .BOTH. , #435 ) ;
#3390 = CARTESIAN_POINT ( 'NONE',  ( 0.3199999999999999512, 3.809999961852999384, 0.9499999999999999556 ) ) ;
#3391 = PLANE ( 'NONE',  #1717 ) ;
#3392 = DIRECTION ( 'NONE',  ( 0.7071067811865475727, 9.432969924854965098E-16, -0.7071067811865475727 ) ) ;
#3393 = ORIENTED_EDGE ( 'NONE', *, *, #233, .F. ) ;
#3394 = ADVANCED_FACE ( 'NONE', ( #4414, #1075 ), #2537, .T. ) ;
#3395 = DIRECTION ( 'NONE',  ( -1.000000000000000000, -0.0000000000000000000, -0.0000000000000000000 ) ) ;
#3396 = ORIENTED_EDGE ( 'NONE', *, *, #2346, .T. ) ;
#3397 = EDGE_LOOP ( 'NONE', ( #100, #3465, #4363, #453, #3205, #862, #3019, #2033 ) ) ;
#3398 = FACE_OUTER_BOUND ( 'NONE', #3908, .T. ) ;
#3399 = VECTOR ( 'NONE', #4518, 1000.000000000000000 ) ;
#3400 = CARTESIAN_POINT ( 'NONE',  ( 3.959999929667000096, 1.520000000000000018, 0.1750000059600000102 ) ) ;
#3401 = ORIENTED_EDGE ( 'NONE', *, *, #4337, .F. ) ;
#3402 = COLOUR_RGB ( '',0.09411764705882352811, 0.09411764705882352811, 0.09411764705882352811 ) ;
#3403 = DIRECTION ( 'NONE',  ( 0.0000000000000000000, 1.332267629549999902E-15, -1.000000000000000000 ) ) ;
#3404 = PLANE ( 'NONE',  #4734 ) ;
#3405 = FACE_OUTER_BOUND ( 'NONE', #2353, .T. ) ;
#3406 = ORIENTED_EDGE ( 'NONE', *, *, #1665, .F. ) ;
#3407 =( NAMED_UNIT ( * ) SI_UNIT ( $, .STERADIAN. ) SOLID_ANGLE_UNIT ( ) );
#3408 =( NAMED_UNIT ( * ) PLANE_ANGLE_UNIT ( ) SI_UNIT ( $, .RADIAN. ) );
#3409 =( LENGTH_UNIT ( ) NAMED_UNIT ( * ) SI_UNIT ( .MILLI., .METRE. ) );
#3410 = AXIS2_PLACEMENT_3D ( 'NONE', #1442, #1749, #13 ) ;
#3411 = CARTESIAN_POINT ( 'NONE',  ( 3.809999961853062000, 1.820000011921000249, 2.214999988079062732 ) ) ;
#3412 = EDGE_LOOP ( 'NONE', ( #1201, #250, #700, #2238 ) ) ;
#3413 = VECTOR ( 'NONE', #766, 1000.000000000000000 ) ;
#3414 = LINE ( 'NONE', #1654, #4504 ) ;
#3415 = ADVANCED_FACE ( 'NONE', ( #4378 ), #4662, .F. ) ;
#3416 = VECTOR ( 'NONE', #2025, 1000.000000000000000 ) ;
#3417 = DIRECTION ( 'NONE',  ( 0.0000000000000000000, -1.000000000000000000, -0.0000000000000000000 ) ) ;
#3418 = ADVANCED_FACE ( 'NONE', ( #1348 ), #4353, .T. ) ;
#3419 = MECHANICAL_DESIGN_GEOMETRIC_PRESENTATION_REPRESENTATION (  '', ( #1530 ), #4653 ) ;
#3420 = VERTEX_POINT ( 'NONE', #664 ) ;
#3421 =( LENGTH_UNIT ( ) NAMED_UNIT ( * ) SI_UNIT ( .MILLI., .METRE. ) );
#3422 =( LENGTH_UNIT ( ) NAMED_UNIT ( * ) SI_UNIT ( .MILLI., .METRE. ) );
#3423 = FACE_OUTER_BOUND ( 'NONE', #1491, .T. ) ;
#3424 =( LENGTH_UNIT ( ) NAMED_UNIT ( * ) SI_UNIT ( .MILLI., .METRE. ) );
#3425 = ORIENTED_EDGE ( 'NONE', *, *, #4049, .T. ) ;
#3426 = MECHANICAL_DESIGN_GEOMETRIC_PRESENTATION_REPRESENTATION (  '', ( #3182 ), #1770 ) ;
#3427 = CARTESIAN_POINT ( 'NONE',  ( 1.269999961853000015, 1.520000000000000018, 0.02500000000000000139 ) ) ;
#3428 = PRESENTATION_LAYER_ASSIGNMENT (  '', '', ( #4744 ) ) ;
#3429 = SURFACE_STYLE_USAGE ( .BOTH. , #4227 ) ;
#3430 = VERTEX_POINT ( 'NONE', #3310 ) ;
#3431 =( NAMED_UNIT ( * ) SI_UNIT ( $, .STERADIAN. ) SOLID_ANGLE_UNIT ( ) );
#3432 = PRESENTATION_STYLE_ASSIGNMENT (( #2627 ) ) ;
#3433 = PRESENTATION_LAYER_ASSIGNMENT (  '', '', ( #1468 ) ) ;
#3434 = MECHANICAL_DESIGN_GEOMETRIC_PRESENTATION_REPRESENTATION (  '', ( #177 ), #1322 ) ;
#3435 = DIRECTION ( 'NONE',  ( 0.0000000000000000000, 0.0000000000000000000, 1.000000000000000000 ) ) ;
#3436 = PRESENTATION_STYLE_ASSIGNMENT (( #3376 ) ) ;
#3437 = CARTESIAN_POINT ( 'NONE',  ( 2.219999961852999970, 3.809999961852999384, 0.9499999999999999556 ) ) ;
#3438 = MANIFOLD_SOLID_BREP ( 'Imported3', #2254 ) ;
#3439 = VERTEX_POINT ( 'NONE', #3972 ) ;
#3440 = ORIENTED_EDGE ( 'NONE', *, *, #4623, .T. ) ;
#3441 = MECHANICAL_DESIGN_GEOMETRIC_PRESENTATION_REPRESENTATION (  '', ( #1707 ), #3674 ) ;
#3442 = FILL_AREA_STYLE ('',( #2661 ) ) ;
#3443 = EDGE_LOOP ( 'NONE', ( #1863, #1037, #117, #3973 ) ) ;
#3444 = FILL_AREA_STYLE_COLOUR ( '', #846 ) ;
#3445 = COLOUR_RGB ( '',0.09411764705882352811, 0.09411764705882352811, 0.09411764705882352811 ) ;
#3446 = EDGE_CURVE ( 'NONE', #4557, #185, #2962, .T. ) ;
#3447 = LINE ( 'NONE', #1177, #2771 ) ;
#3448 = ORIENTED_EDGE ( 'NONE', *, *, #3209, .F. ) ;
#3449 = PRESENTATION_STYLE_ASSIGNMENT (( #1950 ) ) ;
#3450 = SURFACE_SIDE_STYLE ('',( #509 ) ) ;
#3451 = ADVANCED_FACE ( 'NONE', ( #4721 ), #1430, .F. ) ;
#3452 = CARTESIAN_POINT ( 'NONE',  ( 6.049999911785000073, 1.520000000000000018, 2.515000000000000124 ) ) ;
#3453 = SURFACE_SIDE_STYLE ('',( #197 ) ) ;
#3454 = APPLICATION_CONTEXT ( 'automotive_design' ) ;
#3455 =( LENGTH_UNIT ( ) NAMED_UNIT ( * ) SI_UNIT ( .MILLI., .METRE. ) );
#3456 = VECTOR ( 'NONE', #2808, 1000.000000000000000 ) ;
#3457 = ORIENTED_EDGE ( 'NONE', *, *, #731, .T. ) ;
#3458 = UNCERTAINTY_MEASURE_WITH_UNIT (LENGTH_MEASURE( 1.000000000000000082E-05 ), #1373, 'distance_accuracy_value', 'NONE');
#3459 = ORIENTED_EDGE ( 'NONE', *, *, #4459, .F. ) ;
#3460 = FILL_AREA_STYLE ('',( #1565 ) ) ;
#3461 = DIRECTION ( 'NONE',  ( -0.5773502691896246208, 0.5773502691896257311, 0.5773502691896269523 ) ) ;
#3462 = ORIENTED_EDGE ( 'NONE', *, *, #662, .T. ) ;
#3463 = CARTESIAN_POINT ( 'NONE',  ( 3.959999929667000096, 1.520000000000000018, 2.364999994040000164 ) ) ;
#3464 = SURFACE_STYLE_FILL_AREA ( #4150 ) ;
#3465 = ORIENTED_EDGE ( 'NONE', *, *, #4307, .T. ) ;
#3466 = MECHANICAL_DESIGN_GEOMETRIC_PRESENTATION_REPRESENTATION (  '', ( #2275 ), #1134 ) ;
#3467 = SURFACE_STYLE_FILL_AREA ( #2373 ) ;
#3468 = ORIENTED_EDGE ( 'NONE', *, *, #332, .T. ) ;
#3469 = STYLED_ITEM ( 'NONE', ( #3684 ), #721 ) ;
#3470 = EDGE_CURVE ( 'NONE', #513, #3481, #2534, .T. ) ;
#3471 =( NAMED_UNIT ( * ) PLANE_ANGLE_UNIT ( ) SI_UNIT ( $, .RADIAN. ) );
#3472 =( LENGTH_UNIT ( ) NAMED_UNIT ( * ) SI_UNIT ( .MILLI., .METRE. ) );
#3473 = PRESENTATION_STYLE_ASSIGNMENT (( #1255 ) ) ;
#3474 = EDGE_CURVE ( 'NONE', #3877, #626, #2483, .T. ) ;
#3475 = PRESENTATION_LAYER_ASSIGNMENT (  '', '', ( #2678 ) ) ;
#3476 = VERTEX_POINT ( 'NONE', #4309 ) ;
#3477 =( GEOMETRIC_REPRESENTATION_CONTEXT ( 3 ) GLOBAL_UNCERTAINTY_ASSIGNED_CONTEXT ( ( #3061 ) ) GLOBAL_UNIT_ASSIGNED_CONTEXT ( ( #2645, #4153, #3765 ) ) REPRESENTATION_CONTEXT ( 'NONE', 'WORKASPACE' ) );
#3478 = AXIS2_PLACEMENT_3D ( 'NONE', #4791, #2112, #1422 ) ;
#3479 = ORIENTED_EDGE ( 'NONE', *, *, #973, .F. ) ;
#3480 = DIRECTION ( 'NONE',  ( 1.000000000000000000, -0.0000000000000000000, -0.0000000000000000000 ) ) ;
#3481 = VERTEX_POINT ( 'NONE', #975 ) ;
#3482 = MECHANICAL_DESIGN_GEOMETRIC_PRESENTATION_REPRESENTATION (  '', ( #1594 ), #2369 ) ;
#3483 = AXIS2_PLACEMENT_3D ( 'NONE', #1243, #3115, #549 ) ;
#3484 =( NAMED_UNIT ( * ) PLANE_ANGLE_UNIT ( ) SI_UNIT ( $, .RADIAN. ) );
#3485 = PRESENTATION_LAYER_ASSIGNMENT (  '', '', ( #2612 ) ) ;
#3486 = PRESENTATION_LAYER_ASSIGNMENT (  '', '', ( #1600 ) ) ;
#3487 = FILL_AREA_STYLE_COLOUR ( '', #23 ) ;
#3488 = SURFACE_STYLE_USAGE ( .BOTH. , #1548 ) ;
#3489 = ORIENTED_EDGE ( 'NONE', *, *, #4459, .T. ) ;
#3490 = SURFACE_STYLE_USAGE ( .BOTH. , #4703 ) ;
#3491 = MECHANICAL_DESIGN_GEOMETRIC_PRESENTATION_REPRESENTATION (  '', ( #22 ), #3966 ) ;
#3492 = CARTESIAN_POINT ( 'NONE',  ( 5.299999922216000137, 0.3200000000000000067, -2.899999998509999788 ) ) ;
#3493 = ORIENTED_EDGE ( 'NONE', *, *, #357, .F. ) ;
#3494 = LINE ( 'NONE', #4567, #4184 ) ;
#3495 = LINE ( 'NONE', #3964, #2266 ) ;
#3496 = DIRECTION ( 'NONE',  ( 0.0000000000000000000, 0.0000000000000000000, 1.000000000000000000 ) ) ;
#3497 = PRESENTATION_LAYER_ASSIGNMENT (  '', '', ( #4055 ) ) ;
#3498 = EDGE_CURVE ( 'NONE', #4480, #4199, #2432, .T. ) ;
#3499 =( LENGTH_UNIT ( ) NAMED_UNIT ( * ) SI_UNIT ( .MILLI., .METRE. ) );
#3500 = DIRECTION ( 'NONE',  ( -1.000000000000000000, -0.0000000000000000000, -0.0000000000000000000 ) ) ;
#3501 = SURFACE_STYLE_USAGE ( .BOTH. , #1962 ) ;
#3502 = ORIENTED_EDGE ( 'NONE', *, *, #1159, .T. ) ;
#3503 = EDGE_CURVE ( 'NONE', #1592, #1586, #247, .T. ) ;
#3504 = ORIENTED_EDGE ( 'NONE', *, *, #1097, .T. ) ;
#3505 = ORIENTED_EDGE ( 'NONE', *, *, #234, .T. ) ;
#3506 = VECTOR ( 'NONE', #671, 1000.000000000000114 ) ;
#3507 = LINE ( 'NONE', #191, #4111 ) ;
#3508 = VECTOR ( 'NONE', #2455, 1000.000000000000000 ) ;
#3509 =( NAMED_UNIT ( * ) PLANE_ANGLE_UNIT ( ) SI_UNIT ( $, .RADIAN. ) );
#3510 = ORIENTED_EDGE ( 'NONE', *, *, #3955, .T. ) ;
#3511 = DIRECTION ( 'NONE',  ( 0.0000000000000000000, 0.0000000000000000000, 1.000000000000000000 ) ) ;
#3512 = DIRECTION ( 'NONE',  ( 0.0000000000000000000, -1.000000000000000000, -1.554312234475000050E-15 ) ) ;
#3513 = MECHANICAL_DESIGN_GEOMETRIC_PRESENTATION_REPRESENTATION (  '', ( #2248 ), #4379 ) ;
#3514 = MECHANICAL_DESIGN_GEOMETRIC_PRESENTATION_REPRESENTATION (  '', ( #4680 ), #1418 ) ;
#3515 = PLANE ( 'NONE',  #2078 ) ;
#3516 = LINE ( 'NONE', #3148, #3091 ) ;
#3517 =( LENGTH_UNIT ( ) NAMED_UNIT ( * ) SI_UNIT ( .MILLI., .METRE. ) );
#3518 = SURFACE_STYLE_FILL_AREA ( #2500 ) ;
#3519 = SURFACE_STYLE_FILL_AREA ( #1231 ) ;
#3520 = DIRECTION ( 'NONE',  ( 0.7071067811865474617, 0.0000000000000000000, -0.7071067811865474617 ) ) ;
#3521 = AXIS2_PLACEMENT_3D ( 'NONE', #9, #4117, #2605 ) ;
#3522 = DIRECTION ( 'NONE',  ( 0.0000000000000000000, 0.0000000000000000000, 1.000000000000000000 ) ) ;
#3523 = VERTEX_POINT ( 'NONE', #790 ) ;
#3524 = ORIENTED_EDGE ( 'NONE', *, *, #3771, .T. ) ;
#3525 = CARTESIAN_POINT ( 'NONE',  ( 5.399999923705999905, 1.270000000000000018, -4.440892098500999885E-16 ) ) ;
#3526 = ORIENTED_EDGE ( 'NONE', *, *, #2287, .T. ) ;
#3527 = AXIS2_PLACEMENT_3D ( 'NONE', #851, #1599, #1879 ) ;
#3528 = ADVANCED_FACE ( 'NONE', ( #748 ), #366, .F. ) ;
#3529 = DIRECTION ( 'NONE',  ( 0.0000000000000000000, 1.000000000000000000, 0.0000000000000000000 ) ) ;
#3530 = EDGE_CURVE ( 'NONE', #2997, #2110, #2558, .T. ) ;
#3531 = SURFACE_STYLE_USAGE ( .BOTH. , #4290 ) ;
#3532 = DIRECTION ( 'NONE',  ( -1.000000000000000000, 0.0000000000000000000, -0.0000000000000000000 ) ) ;
#3533 = ORIENTED_EDGE ( 'NONE', *, *, #1853, .F. ) ;
#3534 = DIRECTION ( 'NONE',  ( 0.0000000000000000000, 0.0000000000000000000, 1.000000000000000000 ) ) ;
#3535 = DIRECTION ( 'NONE',  ( 0.0000000000000000000, 1.000000000000000000, -0.0000000000000000000 ) ) ;
#3536 = UNCERTAINTY_MEASURE_WITH_UNIT (LENGTH_MEASURE( 1.000000000000000082E-05 ), #3583, 'distance_accuracy_value', 'NONE');
#3537 = DIRECTION ( 'NONE',  ( 0.7071067811865475727, -9.432969924854965098E-16, 0.7071067811865475727 ) ) ;
#3538 = FILL_AREA_STYLE_COLOUR ( '', #221 ) ;
#3539 = LINE ( 'NONE', #2426, #1429 ) ;
#3540 = STYLED_ITEM ( 'NONE', ( #1568 ), #570 ) ;
#3541 = DIRECTION ( 'NONE',  ( -0.0000000000000000000, 1.000000000000000000, 1.510616709811000052E-15 ) ) ;
#3542 = DIRECTION ( 'NONE',  ( 0.0000000000000000000, 0.0000000000000000000, 1.000000000000000000 ) ) ;
#3543 = AXIS2_PLACEMENT_3D ( 'NONE', #2174, #350, #814 ) ;
#3544 = SURFACE_SIDE_STYLE ('',( #3212 ) ) ;
#3545 = SURFACE_STYLE_FILL_AREA ( #1630 ) ;
#3546 =( NAMED_UNIT ( * ) PLANE_ANGLE_UNIT ( ) SI_UNIT ( $, .RADIAN. ) );
#3547 = DIRECTION ( 'NONE',  ( -1.000000000000000000, 0.0000000000000000000, 0.0000000000000000000 ) ) ;
#3548 = STYLED_ITEM ( 'NONE', ( #2577 ), #1008 ) ;
#3549 = ORIENTED_EDGE ( 'NONE', *, *, #1443, .T. ) ;
#3550 = DIRECTION ( 'NONE',  ( -1.000000000000000000, -0.0000000000000000000, -0.0000000000000000000 ) ) ;
#3551 = DIRECTION ( 'NONE',  ( -0.0000000000000000000, 1.000000000000000000, 0.0000000000000000000 ) ) ;
#3552 = CARTESIAN_POINT ( 'NONE',  ( 1.269999961852749104, 3.809999961852999828, 2.214999988079251025 ) ) ;
#3553 = ORIENTED_EDGE ( 'NONE', *, *, #324, .T. ) ;
#3554 = FILL_AREA_STYLE ('',( #1307 ) ) ;
#3555 = STYLED_ITEM ( 'NONE', ( #4064 ), #4727 ) ;
#3556 = ADVANCED_FACE ( 'NONE', ( #3751 ), #1118, .T. ) ;
#3557 = EDGE_CURVE ( 'NONE', #10, #3272, #4481, .T. ) ;
#3558 = CARTESIAN_POINT ( 'NONE',  ( 3.509999949931999819, 1.520000000000000018, 0.02500000000000000139 ) ) ;
#3559 = DIRECTION ( 'NONE',  ( -1.000000000000000000, -0.0000000000000000000, -0.0000000000000000000 ) ) ;
#3560 = VECTOR ( 'NONE', #3532, 1000.000000000000000 ) ;
#3561 = CIRCLE ( 'NONE', #3483, 0.9499999999999999556 ) ;
#3562 = ORIENTED_EDGE ( 'NONE', *, *, #2031, .F. ) ;
#3563 = APPLICATION_PROTOCOL_DEFINITION ( 'draft international standard', 'automotive_design', 1998, #276 ) ;
#3564 =( GEOMETRIC_REPRESENTATION_CONTEXT ( 3 ) GLOBAL_UNCERTAINTY_ASSIGNED_CONTEXT ( ( #1670 ) ) GLOBAL_UNIT_ASSIGNED_CONTEXT ( ( #640, #3621, #2829 ) ) REPRESENTATION_CONTEXT ( 'NONE', 'WORKASPACE' ) );
#3565 = VECTOR ( 'NONE', #3651, 1000.000000000000000 ) ;
#3566 = EDGE_CURVE ( 'NONE', #4785, #2820, #4800, .T. ) ;
#3567 = ORIENTED_EDGE ( 'NONE', *, *, #183, .F. ) ;
#3568 = COLOUR_RGB ( '',1.000000000000000000, 1.000000000000000000, 0.4980392156862745168 ) ;
#3569 = CARTESIAN_POINT ( 'NONE',  ( 4.759999923706000224, 1.820000011921001137, 0.9499999999999991784 ) ) ;
#3570 = FILL_AREA_STYLE ('',( #3124 ) ) ;
#3571 = STYLED_ITEM ( 'NONE', ( #4133 ), #1818 ) ;
#3572 = DIRECTION ( 'NONE',  ( 0.0000000000000000000, -1.000000000000000000, -1.554312234475000050E-15 ) ) ;
#3573 = CARTESIAN_POINT ( 'NONE',  ( 2.219999961852999970, 1.270000000000000018, 0.9499999999999999556 ) ) ;
#3574 = CARTESIAN_POINT ( 'NONE',  ( 4.759999923706000224, 1.270000000000000018, -4.440892098500999885E-16 ) ) ;
#3575 = FILL_AREA_STYLE_COLOUR ( '', #1257 ) ;
#3576 = FACE_OUTER_BOUND ( 'NONE', #2102, .T. ) ;
#3577 = SURFACE_SIDE_STYLE ('',( #591 ) ) ;
#3578 = SURFACE_STYLE_USAGE ( .BOTH. , #3603 ) ;
#3579 =( GEOMETRIC_REPRESENTATION_CONTEXT ( 3 ) GLOBAL_UNCERTAINTY_ASSIGNED_CONTEXT ( ( #3602 ) ) GLOBAL_UNIT_ASSIGNED_CONTEXT ( ( #990, #240, #1703 ) ) REPRESENTATION_CONTEXT ( 'NONE', 'WORKASPACE' ) );
#3580 = LINE ( 'NONE', #2034, #940 ) ;
#3581 = DIRECTION ( 'NONE',  ( -0.0000000000000000000, 0.0000000000000000000, 1.000000000000000000 ) ) ;
#3582 = ORIENTED_EDGE ( 'NONE', *, *, #2583, .T. ) ;
#3583 =( LENGTH_UNIT ( ) NAMED_UNIT ( * ) SI_UNIT ( .MILLI., .METRE. ) );
#3584 = ORIENTED_EDGE ( 'NONE', *, *, #1795, .T. ) ;
#3585 = VECTOR ( 'NONE', #2169, 1000.000000000000000 ) ;
#3586 = ORIENTED_EDGE ( 'NONE', *, *, #2173, .T. ) ;
#3587 = CARTESIAN_POINT ( 'NONE',  ( -0.1199999970199999433, -0.1199999970199999572, -3.000000000000000444 ) ) ;
#3588 = UNCERTAINTY_MEASURE_WITH_UNIT (LENGTH_MEASURE( 1.000000000000000082E-05 ), #3280, 'distance_accuracy_value', 'NONE');
#3589 = EDGE_CURVE ( 'NONE', #4565, #3430, #1140, .T. ) ;
#3590 = AXIS2_PLACEMENT_3D ( 'NONE', #343, #2478, #1730 ) ;
#3591 = PRESENTATION_STYLE_ASSIGNMENT (( #2493 ) ) ;
#3592 = ORIENTED_EDGE ( 'NONE', *, *, #3894, .T. ) ;
#3593 = PRESENTATION_LAYER_ASSIGNMENT (  '', '', ( #4142 ) ) ;
#3594 =( NAMED_UNIT ( * ) SI_UNIT ( $, .STERADIAN. ) SOLID_ANGLE_UNIT ( ) );
#3595 = EDGE_CURVE ( 'NONE', #4369, #3095, #3704, .T. ) ;
#3596 = ADVANCED_FACE ( 'NONE', ( #394 ), #1653, .F. ) ;
#3597 = AXIS2_PLACEMENT_3D ( 'NONE', #3525, #1306, #3876 ) ;
#3598 = CARTESIAN_POINT ( 'NONE',  ( 1.569999973773875235, 1.519999999999998241, 2.515000000000125802 ) ) ;
#3599 = CARTESIAN_POINT ( 'NONE',  ( 2.859999961853000094, 3.809999961852999828, 0.9499999999999999556 ) ) ;
#3600 = DIRECTION ( 'NONE',  ( 0.0000000000000000000, 0.0000000000000000000, 1.000000000000000000 ) ) ;
#3601 = CARTESIAN_POINT ( 'NONE',  ( 0.3200000000000000067, 1.270000000000000018, 0.9499999999999997335 ) ) ;
#3602 = UNCERTAINTY_MEASURE_WITH_UNIT (LENGTH_MEASURE( 1.000000000000000082E-05 ), #990, 'distance_accuracy_value', 'NONE');
#3603 = SURFACE_SIDE_STYLE ('',( #1759 ) ) ;
#3604 = FACE_OUTER_BOUND ( 'NONE', #548, .T. ) ;
#3605 =( LENGTH_UNIT ( ) NAMED_UNIT ( * ) SI_UNIT ( .MILLI., .METRE. ) );
#3606 =( REPRESENTATION_RELATIONSHIP ('NONE','NONE', #3678, #3830 ) REPRESENTATION_RELATIONSHIP_WITH_TRANSFORMATION ( #2285 )SHAPE_REPRESENTATION_RELATIONSHIP( ) );
#3607 = ORIENTED_EDGE ( 'NONE', *, *, #4551, .T. ) ;
#3608 =( NAMED_UNIT ( * ) SI_UNIT ( $, .STERADIAN. ) SOLID_ANGLE_UNIT ( ) );
#3609 = FACE_OUTER_BOUND ( 'NONE', #4239, .T. ) ;
#3610 = STYLED_ITEM ( 'NONE', ( #559 ), #420 ) ;
#3611 = CARTESIAN_POINT ( 'NONE',  ( 3.959999929667000096, 1.520000000000000018, 0.1750000059600000102 ) ) ;
#3612 = ORIENTED_EDGE ( 'NONE', *, *, #1464, .T. ) ;
#3613 = SURFACE_STYLE_USAGE ( .BOTH. , #1815 ) ;
#3614 = FACE_OUTER_BOUND ( 'NONE', #4640, .T. ) ;
#3615 = VERTEX_POINT ( 'NONE', #3866 ) ;
#3616 = SURFACE_STYLE_FILL_AREA ( #658 ) ;
#3617 = CARTESIAN_POINT ( 'NONE',  ( 4.109999935627000056, 1.520000000000000018, 0.02500000000000000139 ) ) ;
#3618 =( NAMED_UNIT ( * ) SI_UNIT ( $, .STERADIAN. ) SOLID_ANGLE_UNIT ( ) );
#3619 = CARTESIAN_POINT ( 'NONE',  ( -1.270000000000000018, 1.520000000000000018, 0.3250000119209999760 ) ) ;
#3620 = EDGE_CURVE ( 'NONE', #4417, #224, #2308, .T. ) ;
#3621 =( NAMED_UNIT ( * ) PLANE_ANGLE_UNIT ( ) SI_UNIT ( $, .RADIAN. ) );
#3622 = ADVANCED_FACE ( 'NONE', ( #563 ), #3126, .T. ) ;
#3623 =( LENGTH_UNIT ( ) NAMED_UNIT ( * ) SI_UNIT ( .MILLI., .METRE. ) );
#3624 = DIRECTION ( 'NONE',  ( 1.000000000000000000, 0.0000000000000000000, 0.0000000000000000000 ) ) ;
#3625 = AXIS2_PLACEMENT_3D ( 'NONE', #4612, #1274, #1674 ) ;
#3626 = CARTESIAN_POINT ( 'NONE',  ( 6.349999923706248772, 3.809999961853000716, 0.3250000119207507865 ) ) ;
#3627 = FILL_AREA_STYLE_COLOUR ( '', #1695 ) ;
#3628 = DIRECTION ( 'NONE',  ( 0.0000000000000000000, -1.510616709811000052E-15, 1.000000000000000000 ) ) ;
#3629 = CARTESIAN_POINT ( 'NONE',  ( 6.199999917746001898, 3.809999961853000716, 2.364999994040001940 ) ) ;
#3630 = SURFACE_STYLE_USAGE ( .BOTH. , #2815 ) ;
#3631 =( GEOMETRIC_REPRESENTATION_CONTEXT ( 3 ) GLOBAL_UNCERTAINTY_ASSIGNED_CONTEXT ( ( #4031 ) ) GLOBAL_UNIT_ASSIGNED_CONTEXT ( ( #1328, #2809, #568 ) ) REPRESENTATION_CONTEXT ( 'NONE', 'WORKASPACE' ) );
#3632 = CARTESIAN_POINT ( 'NONE',  ( 4.759999923706000224, 1.270000000000000018, 1.590000000000000080 ) ) ;
#3633 = ORIENTED_EDGE ( 'NONE', *, *, #1671, .T. ) ;
#3634 = CARTESIAN_POINT ( 'NONE',  ( 0.3200000000000000067, 0.3200000000000000067, -2.799999997020000020 ) ) ;
#3635 = VERTEX_POINT ( 'NONE', #1204 ) ;
#3636 = MECHANICAL_DESIGN_GEOMETRIC_PRESENTATION_REPRESENTATION (  '', ( #2134 ), #2599 ) ;
#3637 = CARTESIAN_POINT ( 'NONE',  ( 2.419999964833000394, -0.1199999970199999016, -3.000000000000000000 ) ) ;
#3638 = UNCERTAINTY_MEASURE_WITH_UNIT (LENGTH_MEASURE( 1.000000000000000082E-05 ), #3911, 'distance_accuracy_value', 'NONE');
#3639 = COLOUR_RGB ( '',0.09411764705882352811, 0.09411764705882352811, 0.09411764705882352811 ) ;
#3640 = PLANE ( 'NONE',  #313 ) ;
#3641 = ORIENTED_EDGE ( 'NONE', *, *, #623, .T. ) ;
#3642 = CARTESIAN_POINT ( 'NONE',  ( 1.270000000000000018, 1.520000000000000018, 2.515000000000000124 ) ) ;
#3643 = COLOUR_RGB ( '',1.000000000000000000, 1.000000000000000000, 0.4980392156862745168 ) ;
#3644 = AXIS2_PLACEMENT_3D ( 'NONE', #3931, #2106, #1313 ) ;
#3645 = VECTOR ( 'NONE', #3742, 1000.000000000000000 ) ;
#3646 = DIRECTION ( 'NONE',  ( 0.0000000000000000000, -1.510616709811000052E-15, 1.000000000000000000 ) ) ;
#3647 = MECHANICAL_DESIGN_GEOMETRIC_PRESENTATION_REPRESENTATION (  '', ( #3571 ), #4505 ) ;
#3648 = PRESENTATION_STYLE_ASSIGNMENT (( #2163 ) ) ;
#3649 = DIRECTION ( 'NONE',  ( 0.0000000000000000000, 0.0000000000000000000, 1.000000000000000000 ) ) ;
#3650 = CARTESIAN_POINT ( 'NONE',  ( 2.419999964832999950, 0.1199999970199998184, -3.000000000000000000 ) ) ;
#3651 = DIRECTION ( 'NONE',  ( 0.0000000000000000000, 0.0000000000000000000, 1.000000000000000000 ) ) ;
#3652 = UNCERTAINTY_MEASURE_WITH_UNIT (LENGTH_MEASURE( 1.000000000000000082E-05 ), #3230, 'distance_accuracy_value', 'NONE');
#3653 = AXIS2_PLACEMENT_3D ( 'NONE', #2087, #3537, #679 ) ;
#3654 = EDGE_CURVE ( 'NONE', #161, #447, #1977, .T. ) ;
#3655 = PRESENTATION_STYLE_ASSIGNMENT (( #4362 ) ) ;
#3656 = FACE_OUTER_BOUND ( 'NONE', #3986, .T. ) ;
#3657 = PRESENTATION_LAYER_ASSIGNMENT (  '', '', ( #1458 ) ) ;
#3658 = SURFACE_STYLE_USAGE ( .BOTH. , #2144 ) ;
#3659 = FILL_AREA_STYLE_COLOUR ( '', #3240 ) ;
#3660 = ORIENTED_EDGE ( 'NONE', *, *, #2505, .F. ) ;
#3661 = EDGE_CURVE ( 'NONE', #892, #2441, #4185, .T. ) ;
#3662 = VECTOR ( 'NONE', #2, 1000.000000000000000 ) ;
#3663 = ORIENTED_EDGE ( 'NONE', *, *, #598, .T. ) ;
#3664 = CARTESIAN_POINT ( 'NONE',  ( 1.119999994040000058, 1.520000000000000018, 2.364999994040000164 ) ) ;
#3665 = EDGE_LOOP ( 'NONE', ( #2810, #3039, #1483, #1562 ) ) ;
#3666 = VECTOR ( 'NONE', #3551, 1000.000000000000000 ) ;
#3667 = CARTESIAN_POINT ( 'NONE',  ( 5.399999923705999905, 1.270000000000000018, 0.9499999999999997335 ) ) ;
#3668 = PRODUCT ( 'User Library-Header_Male_RA_Low_3Pin', 'User Library-Header_Male_RA_Low_3Pin', '', ( #2874 ) ) ;
#3669 =( NAMED_UNIT ( * ) PLANE_ANGLE_UNIT ( ) SI_UNIT ( $, .RADIAN. ) );
#3670 = ORIENTED_EDGE ( 'NONE', *, *, #2113, .T. ) ;
#3671 = PLANE ( 'NONE',  #2203 ) ;
#3672 =( NAMED_UNIT ( * ) SI_UNIT ( $, .STERADIAN. ) SOLID_ANGLE_UNIT ( ) );
#3673 = VECTOR ( 'NONE', #1098, 1000.000000000000000 ) ;
#3674 =( GEOMETRIC_REPRESENTATION_CONTEXT ( 3 ) GLOBAL_UNCERTAINTY_ASSIGNED_CONTEXT ( ( #3317 ) ) GLOBAL_UNIT_ASSIGNED_CONTEXT ( ( #2753, #2730, #264 ) ) REPRESENTATION_CONTEXT ( 'NONE', 'WORKASPACE' ) );
#3675 = CARTESIAN_POINT ( 'NONE',  ( 1.270000000000000018, 1.520000000000000018, 0.02500000000000000139 ) ) ;
#3676 = VERTEX_POINT ( 'NONE', #879 ) ;
#3677 = COLOUR_RGB ( '',1.000000000000000000, 1.000000000000000000, 0.4980392156862745168 ) ;
#3678 = SHAPE_REPRESENTATION ( 'User Library-Header_Male_RA_Low_3Pin', ( #3644, #1222, #2535 ), #3801 ) ;
#3679 = SURFACE_STYLE_FILL_AREA ( #4532 ) ;
#3680 = FACE_OUTER_BOUND ( 'NONE', #3962, .T. ) ;
#3681 =( NAMED_UNIT ( * ) SI_UNIT ( $, .STERADIAN. ) SOLID_ANGLE_UNIT ( ) );
#3682 = SURFACE_SIDE_STYLE ('',( #4779 ) ) ;
#3683 = FACE_OUTER_BOUND ( 'NONE', #2007, .T. ) ;
#3684 = PRESENTATION_STYLE_ASSIGNMENT (( #2953 ) ) ;
#3685 = DIRECTION ( 'NONE',  ( 1.000000000000000000, -0.0000000000000000000, 0.0000000000000000000 ) ) ;
#3686 = LINE ( 'NONE', #4754, #1610 ) ;
#3687 = EDGE_CURVE ( 'NONE', #4707, #4702, #517, .T. ) ;
#3688 = ORIENTED_EDGE ( 'NONE', *, *, #2525, .F. ) ;
#3689 = LINE ( 'NONE', #2130, #3009 ) ;
#3690 = UNCERTAINTY_MEASURE_WITH_UNIT (LENGTH_MEASURE( 1.000000000000000082E-05 ), #2341, 'distance_accuracy_value', 'NONE');
#3691 = VECTOR ( 'NONE', #1731, 1000.000000000000000 ) ;
#3692 = PLANE ( 'NONE',  #4512 ) ;
#3693 = EDGE_CURVE ( 'NONE', #1261, #3936, #4596, .T. ) ;
#3694 = ORIENTED_EDGE ( 'NONE', *, *, #156, .T. ) ;
#3695 = FILL_AREA_STYLE_COLOUR ( '', #3150 ) ;
#3696 = MECHANICAL_DESIGN_GEOMETRIC_PRESENTATION_REPRESENTATION (  '', ( #894 ), #1647 ) ;
#3697 = CARTESIAN_POINT ( 'NONE',  ( -0.2199999985099999888, 9.709999998510001618, 1.590000000000000080 ) ) ;
#3698 = SURFACE_SIDE_STYLE ('',( #2940 ) ) ;
#3699 = DIRECTION ( 'NONE',  ( -0.7071067811865475727, 9.398244244348984524E-16, -0.7071067811865475727 ) ) ;
#3700 = SURFACE_STYLE_USAGE ( .BOTH. , #1783 ) ;
#3701 =( LENGTH_UNIT ( ) NAMED_UNIT ( * ) SI_UNIT ( .MILLI., .METRE. ) );
#3702 = ORIENTED_EDGE ( 'NONE', *, *, #3143, .F. ) ;
#3703 =( REPRESENTATION_RELATIONSHIP ('NONE','NONE', #3678, #2314 ) REPRESENTATION_RELATIONSHIP_WITH_TRANSFORMATION ( #2706 )SHAPE_REPRESENTATION_RELATIONSHIP( ) );
#3704 = LINE ( 'NONE', #2987, #730 ) ;
#3705 = PLANE ( 'NONE',  #1704 ) ;
#3706 = DIRECTION ( 'NONE',  ( 0.7071067811865474617, 0.0000000000000000000, 0.7071067811865474617 ) ) ;
#3707 = VECTOR ( 'NONE', #1777, 1000.000000000000000 ) ;
#3708 = SURFACE_SIDE_STYLE ('',( #2198 ) ) ;
#3709 = ORIENTED_EDGE ( 'NONE', *, *, #3654, .F. ) ;
#3710 = DIRECTION ( 'NONE',  ( 0.0000000000000000000, -0.7071067811865474617, -0.7071067811865474617 ) ) ;
#3711 = EDGE_CURVE ( 'NONE', #4798, #4394, #4002, .T. ) ;
#3712 = EDGE_CURVE ( 'NONE', #1009, #1567, #267, .T. ) ;
#3713 =( LENGTH_UNIT ( ) NAMED_UNIT ( * ) SI_UNIT ( .MILLI., .METRE. ) );
#3714 = ORIENTED_EDGE ( 'NONE', *, *, #533, .F. ) ;
#3715 = FILL_AREA_STYLE ('',( #1179 ) ) ;
#3716 = FACE_OUTER_BOUND ( 'NONE', #4590, .T. ) ;
#3717 = ADVANCED_FACE ( 'NONE', ( #3680 ), #2951, .F. ) ;
#3718 = COLOUR_RGB ( '',0.09411764705882352811, 0.09411764705882352811, 0.09411764705882352811 ) ;
#3719 = PRESENTATION_LAYER_ASSIGNMENT (  '', '', ( #1918 ) ) ;
#3720 = FILL_AREA_STYLE_COLOUR ( '', #160 ) ;
#3721 = SURFACE_STYLE_FILL_AREA ( #77 ) ;
#3722 = AXIS2_PLACEMENT_3D ( 'NONE', #3195, #2977, #4097 ) ;
#3723 =( NAMED_UNIT ( * ) PLANE_ANGLE_UNIT ( ) SI_UNIT ( $, .RADIAN. ) );
#3724 = DIRECTION ( 'NONE',  ( 0.7071067811865474617, -0.0000000000000000000, 0.7071067811865474617 ) ) ;
#3725 = EDGE_LOOP ( 'NONE', ( #2667, #1736, #1865, #2320, #2424 ) ) ;
#3726 = VECTOR ( 'NONE', #3395, 1000.000000000000000 ) ;
#3727 =( GEOMETRIC_REPRESENTATION_CONTEXT ( 3 ) GLOBAL_UNCERTAINTY_ASSIGNED_CONTEXT ( ( #3248 ) ) GLOBAL_UNIT_ASSIGNED_CONTEXT ( ( #1160, #2622, #1425 ) ) REPRESENTATION_CONTEXT ( 'NONE', 'WORKASPACE' ) );
#3728 = DIRECTION ( 'NONE',  ( -0.7071067811865474617, 0.0000000000000000000, -0.7071067811865474617 ) ) ;
#3729 =( NAMED_UNIT ( * ) PLANE_ANGLE_UNIT ( ) SI_UNIT ( $, .RADIAN. ) );
#3730 =( NAMED_UNIT ( * ) SI_UNIT ( $, .STERADIAN. ) SOLID_ANGLE_UNIT ( ) );
#3731 =( GEOMETRIC_REPRESENTATION_CONTEXT ( 3 ) GLOBAL_UNCERTAINTY_ASSIGNED_CONTEXT ( ( #3146 ) ) GLOBAL_UNIT_ASSIGNED_CONTEXT ( ( #678, #1648, #1293 ) ) REPRESENTATION_CONTEXT ( 'NONE', 'WORKASPACE' ) );
#3732 = MECHANICAL_DESIGN_GEOMETRIC_PRESENTATION_REPRESENTATION (  '', ( #7 ), #2697 ) ;
#3733 = CARTESIAN_POINT ( 'NONE',  ( -0.3200000000000000067, 0.3200000000000000067, -5.313452942893489393E-16 ) ) ;
#3734 = ORIENTED_EDGE ( 'NONE', *, *, #504, .F. ) ;
#3735 = CARTESIAN_POINT ( 'NONE',  ( 5.399999923705999905, 1.270000000000000018, -4.440892098500999885E-16 ) ) ;
#3736 =( GEOMETRIC_REPRESENTATION_CONTEXT ( 3 ) GLOBAL_UNCERTAINTY_ASSIGNED_CONTEXT ( ( #1732 ) ) GLOBAL_UNIT_ASSIGNED_CONTEXT ( ( #4558, #111, #2268 ) ) REPRESENTATION_CONTEXT ( 'NONE', 'WORKASPACE' ) );
#3737 = SURFACE_SIDE_STYLE ('',( #4033 ) ) ;
#3738 = FACE_OUTER_BOUND ( 'NONE', #1239, .T. ) ;
#3739 = VERTEX_POINT ( 'NONE', #3626 ) ;
#3740 = UNCERTAINTY_MEASURE_WITH_UNIT (LENGTH_MEASURE( 1.000000000000000082E-05 ), #1170, 'distance_accuracy_value', 'NONE');
#3741 = VECTOR ( 'NONE', #3218, 1000.000000000000000 ) ;
#3742 = DIRECTION ( 'NONE',  ( 1.000000000000000000, -0.0000000000000000000, 0.0000000000000000000 ) ) ;
#3743 = EDGE_CURVE ( 'NONE', #3957, #3036, #2796, .T. ) ;
#3744 = COLOUR_RGB ( '',1.000000000000000000, 1.000000000000000000, 0.4980392156862745168 ) ;
#3745 = SURFACE_STYLE_USAGE ( .BOTH. , #2235 ) ;
#3746 = EDGE_CURVE ( 'NONE', #2820, #4638, #1431, .T. ) ;
#3747 = FILL_AREA_STYLE_COLOUR ( '', #1350 ) ;
#3748 = SURFACE_STYLE_FILL_AREA ( #4434 ) ;
#3749 = ORIENTED_EDGE ( 'NONE', *, *, #4249, .T. ) ;
#3750 = CIRCLE ( 'NONE', #2799, 1.590000000000000080 ) ;
#3751 = FACE_OUTER_BOUND ( 'NONE', #4246, .T. ) ;
#3752 =( NAMED_UNIT ( * ) PLANE_ANGLE_UNIT ( ) SI_UNIT ( $, .RADIAN. ) );
#3753 = SURFACE_STYLE_FILL_AREA ( #2241 ) ;
#3754 = EDGE_CURVE ( 'NONE', #10, #2191, #4334, .T. ) ;
#3755 = FACE_OUTER_BOUND ( 'NONE', #1519, .T. ) ;
#3756 = COLOUR_RGB ( '',0.09411764705882352811, 0.09411764705882352811, 0.09411764705882352811 ) ;
#3757 = ORIENTED_EDGE ( 'NONE', *, *, #973, .T. ) ;
#3758 = CLOSED_SHELL ( 'NONE', ( #2230, #1947, #4607, #1847, #3896, #729, #1238, #1518, #3528, #46, #3596, #535, #3556, #1349, #2204, #4429, #3111, #4162 ) ) ;
#3759 = PRESENTATION_LAYER_ASSIGNMENT (  '', '', ( #958 ) ) ;
#3760 = ORIENTED_EDGE ( 'NONE', *, *, #510, .T. ) ;
#3761 = ORIENTED_EDGE ( 'NONE', *, *, #1639, .F. ) ;
#3762 = CARTESIAN_POINT ( 'NONE',  ( -0.3200000000000002842, 9.609999997019999185, 0.9499999999999998446 ) ) ;
#3763 = DIRECTION ( 'NONE',  ( 0.0000000000000000000, -0.7071067811865475727, 0.7071067811865475727 ) ) ;
#3764 = SURFACE_STYLE_USAGE ( .BOTH. , #2519 ) ;
#3765 =( NAMED_UNIT ( * ) SI_UNIT ( $, .STERADIAN. ) SOLID_ANGLE_UNIT ( ) );
#3766 = COLOUR_RGB ( '',0.09411764705882352811, 0.09411764705882352811, 0.09411764705882352811 ) ;
#3767 = PLANE ( 'NONE',  #466 ) ;
#3768 = ORIENTED_EDGE ( 'NONE', *, *, #2000, .F. ) ;
#3769 = SURFACE_STYLE_FILL_AREA ( #2259 ) ;
#3770 = FILL_AREA_STYLE ('',( #4569 ) ) ;
#3771 = EDGE_CURVE ( 'NONE', #1814, #4242, #2508, .T. ) ;
#3772 = EDGE_CURVE ( 'NONE', #3635, #2416, #295, .T. ) ;
#3773 = SURFACE_STYLE_FILL_AREA ( #2261 ) ;
#3774 = FILL_AREA_STYLE ('',( #1168 ) ) ;
#3775 = SURFACE_SIDE_STYLE ('',( #2310 ) ) ;
#3776 = SURFACE_SIDE_STYLE ('',( #1234 ) ) ;
#3777 = EDGE_LOOP ( 'NONE', ( #1891, #3064, #1214, #4783 ) ) ;
#3778 = ADVANCED_FACE ( 'NONE', ( #694 ), #3705, .T. ) ;
#3779 = DIRECTION ( 'NONE',  ( 0.0000000000000000000, 0.0000000000000000000, 1.000000000000000000 ) ) ;
#3780 = ORIENTED_EDGE ( 'NONE', *, *, #4194, .T. ) ;
#3781 = LINE ( 'NONE', #863, #2156 ) ;
#3782 = CARTESIAN_POINT ( 'NONE',  ( 1.419999967812999975, 1.520000000000000018, 2.364999994040000164 ) ) ;
#3783 = ORIENTED_EDGE ( 'NONE', *, *, #233, .T. ) ;
#3784 = AXIS2_PLACEMENT_3D ( 'NONE', #2849, #4352, #2911 ) ;
#3785 = LINE ( 'NONE', #2881, #3399 ) ;
#3786 = PRESENTATION_LAYER_ASSIGNMENT (  '', '', ( #1203 ) ) ;
#3787 = SURFACE_SIDE_STYLE ('',( #871 ) ) ;
#3788 = ORIENTED_EDGE ( 'NONE', *, *, #3711, .F. ) ;
#3789 = FILL_AREA_STYLE ('',( #2573 ) ) ;
#3790 = AXIS2_PLACEMENT_3D ( 'NONE', #1302, #2784, #4330 ) ;
#3791 = FACE_OUTER_BOUND ( 'NONE', #4113, .T. ) ;
#3792 = UNCERTAINTY_MEASURE_WITH_UNIT (LENGTH_MEASURE( 1.000000000000000082E-05 ), #3455, 'distance_accuracy_value', 'NONE');
#3793 = LINE ( 'NONE', #1993, #1227 ) ;
#3795 = ORIENTED_EDGE ( 'NONE', *, *, #3946, .F. ) ;
#3794 = APPLICATION_CONTEXT ( 'automotive_design' ) ;
#3796 = CARTESIAN_POINT ( 'NONE',  ( 2.219999961852999526, 9.609999997019999185, 1.590000000000000302 ) ) ;
#3797 = FILL_AREA_STYLE ('',( #2331 ) ) ;
#3798 = VECTOR ( 'NONE', #1628, 1000.000000000000000 ) ;
#3799 =( GEOMETRIC_REPRESENTATION_CONTEXT ( 3 ) GLOBAL_UNCERTAINTY_ASSIGNED_CONTEXT ( ( #833 ) ) GLOBAL_UNIT_ASSIGNED_CONTEXT ( ( #3885, #2368, #604 ) ) REPRESENTATION_CONTEXT ( 'NONE', 'WORKASPACE' ) );
#3800 = CARTESIAN_POINT ( 'NONE',  ( 5.399999923705999905, 1.270000000000000018, 0.9499999999999999556 ) ) ;
#3801 =( GEOMETRIC_REPRESENTATION_CONTEXT ( 3 ) GLOBAL_UNCERTAINTY_ASSIGNED_CONTEXT ( ( #1585 ) ) GLOBAL_UNIT_ASSIGNED_CONTEXT ( ( #2152, #1718, #4345 ) ) REPRESENTATION_CONTEXT ( 'NONE', 'WORKASPACE' ) );
#3802 = DIRECTION ( 'NONE',  ( 0.0000000000000000000, -1.510616709811000052E-15, 1.000000000000000000 ) ) ;
#3803 = FILL_AREA_STYLE_COLOUR ( '', #2105 ) ;
#3804 = PRODUCT_DEFINITION ( 'UNKNOWN', '', #1157, #4579 ) ;
#3805 = DIRECTION ( 'NONE',  ( 0.0000000000000000000, -0.7071067811865475727, 0.7071067811865475727 ) ) ;
#3806 = EDGE_CURVE ( 'NONE', #1877, #1280, #2240, .T. ) ;
#3807 = UNCERTAINTY_MEASURE_WITH_UNIT (LENGTH_MEASURE( 1.000000000000000082E-05 ), #4422, 'distance_accuracy_value', 'NONE');
#3808 = VECTOR ( 'NONE', #2980, 1000.000000000000114 ) ;
#3809 = ORIENTED_EDGE ( 'NONE', *, *, #3746, .F. ) ;
#3810 =( NAMED_UNIT ( * ) PLANE_ANGLE_UNIT ( ) SI_UNIT ( $, .RADIAN. ) );
#3811 = PRESENTATION_LAYER_ASSIGNMENT (  '', '', ( #1084 ) ) ;
#3812 = ORIENTED_EDGE ( 'NONE', *, *, #2943, .T. ) ;
#3813 = EDGE_CURVE ( 'NONE', #1212, #327, #4507, .T. ) ;
#3814 = DIRECTION ( 'NONE',  ( 0.0000000000000000000, 0.0000000000000000000, -1.000000000000000000 ) ) ;
#3815 = VECTOR ( 'NONE', #2870, 1000.000000000000114 ) ;
#3816 =( GEOMETRIC_REPRESENTATION_CONTEXT ( 3 ) GLOBAL_UNCERTAINTY_ASSIGNED_CONTEXT ( ( #2108 ) ) GLOBAL_UNIT_ASSIGNED_CONTEXT ( ( #1481, #3304, #2181 ) ) REPRESENTATION_CONTEXT ( 'NONE', 'WORKASPACE' ) );
#3817 = SURFACE_STYLE_FILL_AREA ( #2249 ) ;
#3818 = MECHANICAL_DESIGN_GEOMETRIC_PRESENTATION_REPRESENTATION (  '', ( #4744 ), #1692 ) ;
#3819 = SURFACE_SIDE_STYLE ('',( #844 ) ) ;
#3820 = CARTESIAN_POINT ( 'NONE',  ( 2.219999961852999970, -0.3199999999999999512, -4.388850394221508810E-16 ) ) ;
#3821 = SURFACE_STYLE_USAGE ( .BOTH. , #1572 ) ;
#3822 =( LENGTH_UNIT ( ) NAMED_UNIT ( * ) SI_UNIT ( .MILLI., .METRE. ) );
#3823 = ORIENTED_EDGE ( 'NONE', *, *, #2346, .F. ) ;
#3824 = FACE_OUTER_BOUND ( 'NONE', #2390, .T. ) ;
#3825 = DIRECTION ( 'NONE',  ( 0.0000000000000000000, 1.000000000000000000, 1.554312234475000050E-15 ) ) ;
#3826 = CARTESIAN_POINT ( 'NONE',  ( 1.270000000000500062, 1.520000000000000018, 0.3250000119205000426 ) ) ;
#3827 = DIRECTION ( 'NONE',  ( 6.670117000593702191E-16, 1.000000000000000000, 6.670117000593702191E-16 ) ) ;
#3828 = PLANE ( 'NONE',  #2568 ) ;
#3829 = CARTESIAN_POINT ( 'NONE',  ( 1.269999961852937620, 1.820000011921000693, 0.3250000119209377480 ) ) ;
#3830 = SHAPE_REPRESENTATION ( 'BodyArray', ( #3256 ), #464 ) ;
#3831 = ORIENTED_EDGE ( 'NONE', *, *, #4337, .T. ) ;
#3832 = MECHANICAL_DESIGN_GEOMETRIC_PRESENTATION_REPRESENTATION (  '', ( #2167 ), #409 ) ;
#3833 = ORIENTED_EDGE ( 'NONE', *, *, #632, .T. ) ;
#3834 = DIRECTION ( 'NONE',  ( -1.000000000000000000, -0.0000000000000000000, -0.0000000000000000000 ) ) ;
#3835 = DIRECTION ( 'NONE',  ( 6.645562236426607662E-16, -1.000000000000000000, -6.645562236426607662E-16 ) ) ;
#3836 = EDGE_LOOP ( 'NONE', ( #4176, #1437, #1365, #3592 ) ) ;
#3837 =( LENGTH_UNIT ( ) NAMED_UNIT ( * ) SI_UNIT ( .MILLI., .METRE. ) );
#3838 = CIRCLE ( 'NONE', #3597, 1.590000000000000080 ) ;
#3839 = ADVANCED_FACE ( 'NONE', ( #83 ), #421, .F. ) ;
#3840 = SURFACE_STYLE_USAGE ( .BOTH. , #115 ) ;
#3841 = ORIENTED_EDGE ( 'NONE', *, *, #4720, .T. ) ;
#3842 = PRESENTATION_LAYER_ASSIGNMENT (  '', '', ( #4768 ) ) ;
#3843 = SURFACE_STYLE_FILL_AREA ( #2302 ) ;
#3844 = EDGE_CURVE ( 'NONE', #1311, #2696, #4093, .T. ) ;
#3845 = CARTESIAN_POINT ( 'NONE',  ( 6.049999911785249651, 3.809999961853000272, 0.02499999999975138776 ) ) ;
#3846 = FACE_OUTER_BOUND ( 'NONE', #4099, .T. ) ;
#3847 = COLOUR_RGB ( '',0.09411764705882352811, 0.09411764705882352811, 0.09411764705882352811 ) ;
#3848 = LINE ( 'NONE', #970, #1866 ) ;
#3849 =( NAMED_UNIT ( * ) SI_UNIT ( $, .STERADIAN. ) SOLID_ANGLE_UNIT ( ) );
#3850 = CARTESIAN_POINT ( 'NONE',  ( 2.219999961852999970, 9.709999998510001618, 1.050000001489999946 ) ) ;
#3851 = ORIENTED_EDGE ( 'NONE', *, *, #2262, .F. ) ;
#3852 = ORIENTED_EDGE ( 'NONE', *, *, #3206, .F. ) ;
#3853 = FACE_OUTER_BOUND ( 'NONE', #4593, .T. ) ;
#3854 = PRESENTATION_STYLE_ASSIGNMENT (( #2338 ) ) ;
#3855 = ORIENTED_EDGE ( 'NONE', *, *, #1123, .F. ) ;
#3856 = SURFACE_STYLE_FILL_AREA ( #2717 ) ;
#3857 = EDGE_LOOP ( 'NONE', ( #1184, #2339, #1716, #2649 ) ) ;
#3858 = CARTESIAN_POINT ( 'NONE',  ( 2.219999961852999526, 9.609999997019999185, 0.9499999999999997335 ) ) ;
#3859 =( NAMED_UNIT ( * ) SI_UNIT ( $, .STERADIAN. ) SOLID_ANGLE_UNIT ( ) );
#3860 = DIRECTION ( 'NONE',  ( 0.0000000000000000000, 0.0000000000000000000, -1.000000000000000000 ) ) ;
#3861 = AXIS2_PLACEMENT_3D ( 'NONE', #4698, #2417, #957 ) ;
#3862 = CARTESIAN_POINT ( 'NONE',  ( -1.270000000000249152, 3.809999961853000272, 0.3250000119207507865 ) ) ;
#3863 = CARTESIAN_POINT ( 'NONE',  ( 5.199999920726000369, 0.3200000000000000067, -3.000000000000000000 ) ) ;
#3864 = DIRECTION ( 'NONE',  ( 0.0000000000000000000, 1.609823385705999920E-15, -1.000000000000000000 ) ) ;
#3865 = VECTOR ( 'NONE', #1932, 1000.000000000000000 ) ;
#3866 = CARTESIAN_POINT ( 'NONE',  ( 4.959999926685999760, -0.1199999970199998878, -3.000000000000000444 ) ) ;
#3867 = DIRECTION ( 'NONE',  ( -0.5773502691896257311, -0.5773502691896259531, 0.5773502691896256200 ) ) ;
#3868 = FILL_AREA_STYLE_COLOUR ( '', #506 ) ;
#3869 = VECTOR ( 'NONE', #4767, 1000.000000000000000 ) ;
#3870 = DIRECTION ( 'NONE',  ( 0.0000000000000000000, -0.7071067811865474617, -0.7071067811865474617 ) ) ;
#3871 = ORIENTED_EDGE ( 'NONE', *, *, #1123, .T. ) ;
#3872 = STYLED_ITEM ( 'NONE', ( #3199 ), #1357 ) ;
#3873 = MECHANICAL_DESIGN_GEOMETRIC_PRESENTATION_REPRESENTATION (  '', ( #152 ), #3336 ) ;
#3874 = VERTEX_POINT ( 'NONE', #2603 ) ;
#3875 = FACE_OUTER_BOUND ( 'NONE', #773, .T. ) ;
#3876 = DIRECTION ( 'NONE',  ( 0.0000000000000000000, 0.0000000000000000000, 1.000000000000000000 ) ) ;
#3877 = VERTEX_POINT ( 'NONE', #3390 ) ;
#3878 = VECTOR ( 'NONE', #2853, 1000.000000000000000 ) ;
#3879 = CARTESIAN_POINT ( 'NONE',  ( 4.759999923706000224, -0.3200000000000000067, -2.799999997020000464 ) ) ;
#3880 =( GEOMETRIC_REPRESENTATION_CONTEXT ( 3 ) GLOBAL_UNCERTAINTY_ASSIGNED_CONTEXT ( ( #1057 ) ) GLOBAL_UNIT_ASSIGNED_CONTEXT ( ( #2781, #1146, #4634 ) ) REPRESENTATION_CONTEXT ( 'NONE', 'WORKASPACE' ) );
#3881 = MECHANICAL_DESIGN_GEOMETRIC_PRESENTATION_REPRESENTATION (  '', ( #855 ), #3727 ) ;
#3882 = SURFACE_STYLE_USAGE ( .BOTH. , #909 ) ;
#3883 = FILL_AREA_STYLE_COLOUR ( '', #4354 ) ;
#3884 = VERTEX_POINT ( 'NONE', #1558 ) ;
#3885 =( LENGTH_UNIT ( ) NAMED_UNIT ( * ) SI_UNIT ( .MILLI., .METRE. ) );
#3886 = PRESENTATION_LAYER_ASSIGNMENT (  '', '', ( #1089 ) ) ;
#3887 = DIRECTION ( 'NONE',  ( 0.0000000000000000000, -1.000000000000000000, -1.332267629549999902E-15 ) ) ;
#3888 = VECTOR ( 'NONE', #1110, 1000.000000000000000 ) ;
#3889 = FACE_OUTER_BOUND ( 'NONE', #3980, .T. ) ;
#3890 = DIRECTION ( 'NONE',  ( 0.0000000000000000000, 0.7071067811865474617, -0.7071067811865474617 ) ) ;
#3891 = FACE_OUTER_BOUND ( 'NONE', #2343, .T. ) ;
#3892 = FILL_AREA_STYLE ('',( #2749 ) ) ;
#3893 = VECTOR ( 'NONE', #2787, 1000.000000000000000 ) ;
#3894 = EDGE_CURVE ( 'NONE', #1661, #4202, #4555, .T. ) ;
#3895 = LINE ( 'NONE', #4145, #3416 ) ;
#3896 = ADVANCED_FACE ( 'NONE', ( #3375 ), #1207, .T. ) ;
#3897 = MECHANICAL_DESIGN_GEOMETRIC_PRESENTATION_REPRESENTATION (  '', ( #1095 ), #1615 ) ;
#3898 =( LENGTH_UNIT ( ) NAMED_UNIT ( * ) SI_UNIT ( .MILLI., .METRE. ) );
#3899 = CARTESIAN_POINT ( 'NONE',  ( 2.859999961853000094, -0.3200000000000000067, -3.000000000000000000 ) ) ;
#3900 = LINE ( 'NONE', #1379, #1063 ) ;
#3901 = EDGE_LOOP ( 'NONE', ( #3343, #1059, #3401, #2356 ) ) ;
#3902 = ADVANCED_FACE ( 'NONE', ( #3108 ), #540, .T. ) ;
#3903 = ORIENTED_EDGE ( 'NONE', *, *, #3661, .T. ) ;
#3904 = EDGE_LOOP ( 'NONE', ( #254, #3089, #4619, #2015 ) ) ;
#3905 = DIRECTION ( 'NONE',  ( 0.0000000000000000000, -1.000000000000000000, -1.332267629549999902E-15 ) ) ;
#3906 = DIRECTION ( 'NONE',  ( -1.000000000000000000, -0.0000000000000000000, -0.0000000000000000000 ) ) ;
#3907 = CARTESIAN_POINT ( 'NONE',  ( 4.759999923706000224, 1.270000000000000018, 0.9499999999999997335 ) ) ;
#3908 = EDGE_LOOP ( 'NONE', ( #3043, #4085, #4313, #44 ) ) ;
#3909 = LINE ( 'NONE', #2875, #2139 ) ;
#3910 = AXIS2_PLACEMENT_3D ( 'NONE', #2054, #2788, #4310 ) ;
#3911 =( LENGTH_UNIT ( ) NAMED_UNIT ( * ) SI_UNIT ( .MILLI., .METRE. ) );
#3912 = STYLED_ITEM ( 'NONE', ( #951 ), #4431 ) ;
#3913 = FILL_AREA_STYLE ('',( #1367 ) ) ;
#3914 = LINE ( 'NONE', #3307, #454 ) ;
#3915 = FILL_AREA_STYLE_COLOUR ( '', #452 ) ;
#3916 = PRESENTATION_LAYER_ASSIGNMENT (  '', '', ( #2413 ) ) ;
#3917 =( NAMED_UNIT ( * ) PLANE_ANGLE_UNIT ( ) SI_UNIT ( $, .RADIAN. ) );
#3918 = DIRECTION ( 'NONE',  ( -0.0000000000000000000, 1.000000000000000000, 1.332267629549999902E-15 ) ) ;
#3919 = FILL_AREA_STYLE ('',( #2410 ) ) ;
#3920 = ORIENTED_EDGE ( 'NONE', *, *, #4102, .T. ) ;
#3921 = EDGE_CURVE ( 'NONE', #513, #3957, #4575, .T. ) ;
#3922 = EDGE_CURVE ( 'NONE', #2300, #892, #3848, .T. ) ;
#3923 = DIRECTION ( 'NONE',  ( 0.0000000000000000000, -1.510616709811000052E-15, 1.000000000000000000 ) ) ;
#3924 =( NAMED_UNIT ( * ) SI_UNIT ( $, .STERADIAN. ) SOLID_ANGLE_UNIT ( ) );
#3925 = SURFACE_STYLE_USAGE ( .BOTH. , #270 ) ;
#3926 = LINE ( 'NONE', #673, #2513 ) ;
#3927 = ADVANCED_FACE ( 'NONE', ( #1232 ), #3127, .T. ) ;
#3928 = LINE ( 'NONE', #1715, #702 ) ;
#3929 =( LENGTH_UNIT ( ) NAMED_UNIT ( * ) SI_UNIT ( .MILLI., .METRE. ) );
#3930 = ORIENTED_EDGE ( 'NONE', *, *, #3921, .T. ) ;
#3931 = CARTESIAN_POINT ( 'NONE',  ( 0.0000000000000000000, 0.0000000000000000000, 0.0000000000000000000 ) ) ;
#3932 = DIRECTION ( 'NONE',  ( -0.5773502691896268413, 0.5773502691896258421, -0.5773502691896246208 ) ) ;
#3933 = UNCERTAINTY_MEASURE_WITH_UNIT (LENGTH_MEASURE( 1.000000000000000082E-05 ), #2229, 'distance_accuracy_value', 'NONE');
#3934 = SURFACE_STYLE_USAGE ( .BOTH. , #1722 ) ;
#3935 = SURFACE_STYLE_USAGE ( .BOTH. , #1036 ) ;
#3936 = VERTEX_POINT ( 'NONE', #1020 ) ;
#3937 = CARTESIAN_POINT ( 'NONE',  ( 6.349999923706000082, 3.809999961852999828, 0.02500000000000000139 ) ) ;
#3938 = DIRECTION ( 'NONE',  ( -0.0000000000000000000, 1.000000000000000000, 0.0000000000000000000 ) ) ;
#3939 = VECTOR ( 'NONE', #4230, 1000.000000000000000 ) ;
#3940 =( GEOMETRIC_REPRESENTATION_CONTEXT ( 3 ) GLOBAL_UNCERTAINTY_ASSIGNED_CONTEXT ( ( #3302 ) ) GLOBAL_UNIT_ASSIGNED_CONTEXT ( ( #3974, #4338, #1663 ) ) REPRESENTATION_CONTEXT ( 'NONE', 'WORKASPACE' ) );
#3941 = CARTESIAN_POINT ( 'NONE',  ( 2.859999961853000094, 0.3200000000000000067, -5.313452942893489393E-16 ) ) ;
#3942 = LINE ( 'NONE', #2027, #4083 ) ;
#3943 = LINE ( 'NONE', #1753, #1208 ) ;
#3944 = PRESENTATION_LAYER_ASSIGNMENT (  '', '', ( #2355 ) ) ;
#3945 = CARTESIAN_POINT ( 'NONE',  ( 5.399999923705999905, 0.3199999999999998401, -2.799999997020000020 ) ) ;
#3946 = EDGE_CURVE ( 'NONE', #2532, #2931, #4742, .T. ) ;
#3947 = DIRECTION ( 'NONE',  ( 0.0000000000000000000, 0.0000000000000000000, 1.000000000000000000 ) ) ;
#3948 = CARTESIAN_POINT ( 'NONE',  ( 5.399999923705999905, 3.809999961852999384, 1.590000000000000080 ) ) ;
#3949 = EDGE_CURVE ( 'NONE', #4341, #161, #1376, .T. ) ;
#3950 = VERTEX_POINT ( 'NONE', #992 ) ;
#3951 = CARTESIAN_POINT ( 'NONE',  ( -1.270000000000000018, 1.520000000000000018, 0.02500000000000000139 ) ) ;
#3952 = EDGE_CURVE ( 'NONE', #4763, #4196, #4771, .T. ) ;
#3953 = CARTESIAN_POINT ( 'NONE',  ( -1.119999994040000058, 1.520000000000000018, 2.364999994040000164 ) ) ;
#3954 = VECTOR ( 'NONE', #4267, 1000.000000000000000 ) ;
#3955 = EDGE_CURVE ( 'NONE', #2931, #4524, #2973, .T. ) ;
#3956 = COLOUR_RGB ( '',1.000000000000000000, 1.000000000000000000, 0.4980392156862745168 ) ;
#3957 = VERTEX_POINT ( 'NONE', #3941 ) ;
#3958 = AXIS2_PLACEMENT_3D ( 'NONE', #2768, #2325, #3511 ) ;
#3959 = SURFACE_SIDE_STYLE ('',( #3276 ) ) ;
#3960 = VECTOR ( 'NONE', #4380, 1000.000000000000000 ) ;
#3961 = PRESENTATION_LAYER_ASSIGNMENT (  '', '', ( #1530 ) ) ;
#3962 = EDGE_LOOP ( 'NONE', ( #482, #680, #2786, #789 ) ) ;
#3963 = DIRECTION ( 'NONE',  ( 1.000000000000000000, -0.0000000000000000000, -0.0000000000000000000 ) ) ;
#3964 = CARTESIAN_POINT ( 'NONE',  ( 5.399999923705999905, -0.3200000000000000067, -4.336808689942017736E-16 ) ) ;
#3965 = PRESENTATION_LAYER_ASSIGNMENT (  '', '', ( #2379 ) ) ;
#3966 =( GEOMETRIC_REPRESENTATION_CONTEXT ( 3 ) GLOBAL_UNCERTAINTY_ASSIGNED_CONTEXT ( ( #1720 ) ) GLOBAL_UNIT_ASSIGNED_CONTEXT ( ( #4400, #1871, #2157 ) ) REPRESENTATION_CONTEXT ( 'NONE', 'WORKASPACE' ) );
#3967 = CARTESIAN_POINT ( 'NONE',  ( 4.759999923706000224, 3.809999961852999828, 1.590000000000000080 ) ) ;
#3968 = SURFACE_STYLE_USAGE ( .BOTH. , #4663 ) ;
#3969 = LINE ( 'NONE', #1045, #4372 ) ;
#3970 = FILL_AREA_STYLE_COLOUR ( '', #4782 ) ;
#3971 = PLANE ( 'NONE',  #2594 ) ;
#3972 = CARTESIAN_POINT ( 'NONE',  ( 4.759999923705999336, 9.609999997019999185, 0.9499999999999995115 ) ) ;
#3973 = ORIENTED_EDGE ( 'NONE', *, *, #1884, .T. ) ;
#3974 =( LENGTH_UNIT ( ) NAMED_UNIT ( * ) SI_UNIT ( .MILLI., .METRE. ) );
#3975 = PRODUCT_DEFINITION_SHAPE ( 'NONE', 'NONE',  #4803 ) ;
#3976 = VECTOR ( 'NONE', #4460, 1000.000000000000000 ) ;
#3977 = VERTEX_POINT ( 'NONE', #4714 ) ;
#3978 = AXIS2_PLACEMENT_3D ( 'NONE', #2703, #2782, #566 ) ;
#3979 = DIRECTION ( 'NONE',  ( -0.0000000000000000000, -0.0000000000000000000, 1.000000000000000000 ) ) ;
#3980 = EDGE_LOOP ( 'NONE', ( #2872, #3330, #602, #1040 ) ) ;
#3981 = DIRECTION ( 'NONE',  ( 1.000000000000000000, 0.0000000000000000000, 0.0000000000000000000 ) ) ;
#3982 = UNCERTAINTY_MEASURE_WITH_UNIT (LENGTH_MEASURE( 1.000000000000000082E-05 ), #4795, 'distance_accuracy_value', 'NONE');
#3983 = EDGE_CURVE ( 'NONE', #513, #1212, #4357, .T. ) ;
#3984 = PRESENTATION_LAYER_ASSIGNMENT (  '', '', ( #878 ) ) ;
#3985 = EDGE_CURVE ( 'NONE', #3379, #595, #1403, .T. ) ;
#3986 = EDGE_LOOP ( 'NONE', ( #2836, #657, #3562, #1111 ) ) ;
#3987 = FILL_AREA_STYLE_COLOUR ( '', #2446 ) ;
#3988 = PRESENTATION_STYLE_ASSIGNMENT (( #3332 ) ) ;
#3989 = LINE ( 'NONE', #1295, #3798 ) ;
#3990 = EDGE_CURVE ( 'NONE', #4535, #1158, #3750, .T. ) ;
#3991 = DIRECTION ( 'NONE',  ( -0.7071067811865474617, 0.0000000000000000000, -0.7071067811865474617 ) ) ;
#3992 = AXIS2_PLACEMENT_3D ( 'NONE', #2984, #4110, #1202 ) ;
#3993 = CARTESIAN_POINT ( 'NONE',  ( 2.419999964832999950, 0.3200000000000000067, -3.000000000000000000 ) ) ;
#3994 = CARTESIAN_POINT ( 'NONE',  ( 2.859999961853000094, 0.3199999999999998401, -2.799999997020000020 ) ) ;
#3995 = DIRECTION ( 'NONE',  ( 0.0000000000000000000, 0.7071067811865474617, -0.7071067811865474617 ) ) ;
#3996 = SURFACE_SIDE_STYLE ('',( #2456 ) ) ;
#3997 = CLOSED_SHELL ( 'NONE', ( #2833, #1260, #684, #3138, #808, #4727, #4156, #3394, #258, #2681, #3418, #18, #1264, #888, #1200, #4373, #1153, #120 ) ) ;
#3998 = CARTESIAN_POINT ( 'NONE',  ( 6.199999917746000122, 1.520000000000000018, 0.1750000059600000102 ) ) ;
#3999 = LINE ( 'NONE', #1755, #852 ) ;
#4000 = UNCERTAINTY_MEASURE_WITH_UNIT (LENGTH_MEASURE( 1.000000000000000082E-05 ), #3898, 'distance_accuracy_value', 'NONE');
#4001 = CARTESIAN_POINT ( 'NONE',  ( -0.3200000000000000067, 3.809999961852999828, 0.9499999999999999556 ) ) ;
#4002 = LINE ( 'NONE', #4052, #3585 ) ;
#4003 = DIRECTION ( 'NONE',  ( 0.0000000000000000000, -1.510616709811000052E-15, 1.000000000000000000 ) ) ;
#4004 = DIRECTION ( 'NONE',  ( -0.5773502691896252870, -0.5773502691896268413, 0.5773502691896252870 ) ) ;
#4005 = VERTEX_POINT ( 'NONE', #2527 ) ;
#4006 = LINE ( 'NONE', #3223, #4171 ) ;
#4007 = FILL_AREA_STYLE_COLOUR ( '', #996 ) ;
#4008 = MECHANICAL_DESIGN_GEOMETRIC_PRESENTATION_REPRESENTATION (  '', ( #3610 ), #587 ) ;
#4009 =( NAMED_UNIT ( * ) PLANE_ANGLE_UNIT ( ) SI_UNIT ( $, .RADIAN. ) );
#4010 = ORIENTED_EDGE ( 'NONE', *, *, #2556, .T. ) ;
#4011 =( NAMED_UNIT ( * ) SI_UNIT ( $, .STERADIAN. ) SOLID_ANGLE_UNIT ( ) );
#4012 =( NAMED_UNIT ( * ) SI_UNIT ( $, .STERADIAN. ) SOLID_ANGLE_UNIT ( ) );
#4013 = SURFACE_STYLE_FILL_AREA ( #3913 ) ;
#4014 = FILL_AREA_STYLE_COLOUR ( '', #4034 ) ;
#4015 = EDGE_CURVE ( 'NONE', #4781, #1311, #3969, .T. ) ;
#4016 = SURFACE_SIDE_STYLE ('',( #4300 ) ) ;
#4017 =( NAMED_UNIT ( * ) PLANE_ANGLE_UNIT ( ) SI_UNIT ( $, .RADIAN. ) );
#4018 = FACE_OUTER_BOUND ( 'NONE', #2516, .T. ) ;
#4019 = ADVANCED_FACE ( 'NONE', ( #2855 ), #2941, .T. ) ;
#4020 = CARTESIAN_POINT ( 'NONE',  ( -0.3200000000000000067, 3.809999961852999828, 1.590000000000000080 ) ) ;
#4021 = PRESENTATION_LAYER_ASSIGNMENT (  '', '', ( #3540 ) ) ;
#4022 = DIRECTION ( 'NONE',  ( -1.000000000000000000, 0.0000000000000000000, 0.0000000000000000000 ) ) ;
#4023 = LINE ( 'NONE', #1449, #399 ) ;
#4024 =( NAMED_UNIT ( * ) SI_UNIT ( $, .STERADIAN. ) SOLID_ANGLE_UNIT ( ) );
#4025 = SURFACE_STYLE_FILL_AREA ( #2511 ) ;
#4026 = CARTESIAN_POINT ( 'NONE',  ( 3.809999923706000047, 1.520000000000000018, 0.02500000000000000139 ) ) ;
#4027 = DIRECTION ( 'NONE',  ( 1.000000000000000000, 0.0000000000000000000, 0.0000000000000000000 ) ) ;
#4028 = ORIENTED_EDGE ( 'NONE', *, *, #1645, .T. ) ;
#4029 = CARTESIAN_POINT ( 'NONE',  ( 0.0000000000000000000, 0.0000000000000000000, 0.0000000000000000000 ) ) ;
#4030 =( NAMED_UNIT ( * ) SI_UNIT ( $, .STERADIAN. ) SOLID_ANGLE_UNIT ( ) );
#4031 = UNCERTAINTY_MEASURE_WITH_UNIT (LENGTH_MEASURE( 1.000000000000000082E-05 ), #1328, 'distance_accuracy_value', 'NONE');
#4032 = STYLED_ITEM ( 'NONE', ( #1571 ), #1290 ) ;
#4033 = SURFACE_STYLE_FILL_AREA ( #310 ) ;
#4034 = COLOUR_RGB ( '',1.000000000000000000, 1.000000000000000000, 0.4980392156862745168 ) ;
#4035 = ORIENTED_EDGE ( 'NONE', *, *, #2085, .T. ) ;
#4036 = FILL_AREA_STYLE ('',( #4014 ) ) ;
#4037 =( GEOMETRIC_REPRESENTATION_CONTEXT ( 3 ) GLOBAL_UNCERTAINTY_ASSIGNED_CONTEXT ( ( #2202 ) ) GLOBAL_UNIT_ASSIGNED_CONTEXT ( ( #2407, #65, #714 ) ) REPRESENTATION_CONTEXT ( 'NONE', 'WORKASPACE' ) );
#4038 = AXIS2_PLACEMENT_3D ( 'NONE', #4490, #802, #1546 ) ;
#4039 = AXIS2_PLACEMENT_3D ( 'NONE', #331, #2902, #4397 ) ;
#4040 =( LENGTH_UNIT ( ) NAMED_UNIT ( * ) SI_UNIT ( .MILLI., .METRE. ) );
#4041 = VECTOR ( 'NONE', #1316, 1000.000000000000114 ) ;
#4042 =( GEOMETRIC_REPRESENTATION_CONTEXT ( 3 ) GLOBAL_UNCERTAINTY_ASSIGNED_CONTEXT ( ( #1011 ) ) GLOBAL_UNIT_ASSIGNED_CONTEXT ( ( #2406, #3917, #217 ) ) REPRESENTATION_CONTEXT ( 'NONE', 'WORKASPACE' ) );
#4043 = CARTESIAN_POINT ( 'NONE',  ( 0.3200000000000000067, 9.609999997019999185, 1.590000000000000080 ) ) ;
#4044 = SURFACE_SIDE_STYLE ('',( #746 ) ) ;
#4045 = EDGE_LOOP ( 'NONE', ( #202, #3493, #1145, #4077 ) ) ;
#4046 = UNCERTAINTY_MEASURE_WITH_UNIT (LENGTH_MEASURE( 1.000000000000000082E-05 ), #2185, 'distance_accuracy_value', 'NONE');
#4047 = COLOUR_RGB ( '',1.000000000000000000, 1.000000000000000000, 0.4980392156862745168 ) ;
#4048 = PRESENTATION_LAYER_ASSIGNMENT (  '', '', ( #87 ) ) ;
#4049 = EDGE_CURVE ( 'NONE', #1173, #3244, #1352, .T. ) ;
#4050 = EDGE_CURVE ( 'NONE', #1974, #1619, #112, .T. ) ;
#4051 = DIRECTION ( 'NONE',  ( -0.0000000000000000000, -1.000000000000000000, 0.0000000000000000000 ) ) ;
#4052 = CARTESIAN_POINT ( 'NONE',  ( 2.219999961852999970, 1.270000000000000018, 0.9499999999999999556 ) ) ;
#4053 = FILL_AREA_STYLE_COLOUR ( '', #723 ) ;
#4054 = FILL_AREA_STYLE_COLOUR ( '', #1332 ) ;
#4055 = STYLED_ITEM ( 'NONE', ( #4515 ), #3231 ) ;
#4056 = CARTESIAN_POINT ( 'NONE',  ( 0.3200000000000000067, -0.3200000000000000067, -4.336808689942017736E-16 ) ) ;
#4057 = ORIENTED_EDGE ( 'NONE', *, *, #1575, .F. ) ;
#4058 = ORIENTED_EDGE ( 'NONE', *, *, #1155, .T. ) ;
#4059 = STYLED_ITEM ( 'NONE', ( #4360 ), #3451 ) ;
#4060 = FILL_AREA_STYLE ('',( #2153 ) ) ;
#4061 = PRODUCT ( 'BodyArray', 'BodyArray', '', ( #230 ) ) ;
#4062 = CARTESIAN_POINT ( 'NONE',  ( 4.759999923706000224, 1.820000011921000693, 1.589999999999999414 ) ) ;
#4063 = VERTEX_POINT ( 'NONE', #1566 ) ;
#4064 = PRESENTATION_STYLE_ASSIGNMENT (( #1397 ) ) ;
#4065 = CARTESIAN_POINT ( 'NONE',  ( 2.659999958872999670, 0.3200000000000000067, -3.000000000000000000 ) ) ;
#4066 = MECHANICAL_DESIGN_GEOMETRIC_PRESENTATION_REPRESENTATION (  '', ( #1478 ), #4215 ) ;
#4067 = DIRECTION ( 'NONE',  ( 0.0000000000000000000, -1.000000000000000000, -0.0000000000000000000 ) ) ;
#4068 = FACE_OUTER_BOUND ( 'NONE', #4435, .T. ) ;
#4069 = ORIENTED_EDGE ( 'NONE', *, *, #3595, .T. ) ;
#4070 = MECHANICAL_DESIGN_GEOMETRIC_PRESENTATION_REPRESENTATION (  '', ( #807 ), #4679 ) ;
#4071 = DIRECTION ( 'NONE',  ( -1.000000000000000000, -0.0000000000000000000, -0.0000000000000000000 ) ) ;
#4072 = VECTOR ( 'NONE', #2306, 1000.000000000000000 ) ;
#4073 = SURFACE_STYLE_FILL_AREA ( #1078 ) ;
#4074 = EDGE_CURVE ( 'NONE', #175, #1667, #4219, .T. ) ;
#4075 = CARTESIAN_POINT ( 'NONE',  ( 0.3200000000000002842, 9.609999997019999185, 0.9499999999999999556 ) ) ;
#4076 = STYLED_ITEM ( 'NONE', ( #978 ), #18 ) ;
#4077 = ORIENTED_EDGE ( 'NONE', *, *, #475, .F. ) ;
#4078 = ORIENTED_EDGE ( 'NONE', *, *, #2443, .F. ) ;
#4079 =( GEOMETRIC_REPRESENTATION_CONTEXT ( 3 ) GLOBAL_UNCERTAINTY_ASSIGNED_CONTEXT ( ( #3740 ) ) GLOBAL_UNIT_ASSIGNED_CONTEXT ( ( #1170, #1605, #3849 ) ) REPRESENTATION_CONTEXT ( 'NONE', 'WORKASPACE' ) );
#4080 = EDGE_CURVE ( 'NONE', #2416, #675, #1913, .T. ) ;
#4081 = PRESENTATION_STYLE_ASSIGNMENT (( #1010 ) ) ;
#4082 = UNCERTAINTY_MEASURE_WITH_UNIT (LENGTH_MEASURE( 1.000000000000000082E-05 ), #674, 'distance_accuracy_value', 'NONE');
#4083 = VECTOR ( 'NONE', #3918, 1000.000000000000000 ) ;
#4084 = FILL_AREA_STYLE_COLOUR ( '', #1386 ) ;
#4085 = ORIENTED_EDGE ( 'NONE', *, *, #4660, .F. ) ;
#4086 = STYLED_ITEM ( 'NONE', ( #1996 ), #351 ) ;
#4087 =( NAMED_UNIT ( * ) PLANE_ANGLE_UNIT ( ) SI_UNIT ( $, .RADIAN. ) );
#4088 = DIRECTION ( 'NONE',  ( -0.5773502691896266192, -0.5773502691896256200, 0.5773502691896250649 ) ) ;
#4089 = PRESENTATION_STYLE_ASSIGNMENT (( #3745 ) ) ;
#4090 =( NAMED_UNIT ( * ) PLANE_ANGLE_UNIT ( ) SI_UNIT ( $, .RADIAN. ) );
#4091 = ORIENTED_EDGE ( 'NONE', *, *, #661, .T. ) ;
#4092 = FILL_AREA_STYLE_COLOUR ( '', #2553 ) ;
#4093 = LINE ( 'NONE', #770, #2716 ) ;
#4094 = PLANE ( 'NONE',  #1804 ) ;
#4095 = EDGE_CURVE ( 'NONE', #4417, #1661, #1966, .T. ) ;
#4096 = EDGE_CURVE ( 'NONE', #2265, #1801, #91, .T. ) ;
#4097 = DIRECTION ( 'NONE',  ( 0.0000000000000000000, 0.0000000000000000000, 1.000000000000000000 ) ) ;
#4098 = LINE ( 'NONE', #329, #1773 ) ;
#4099 = EDGE_LOOP ( 'NONE', ( #2555, #1830, #836, #49 ) ) ;
#4100 = CARTESIAN_POINT ( 'NONE',  ( 4.759999923706000224, 0.1199999970199998184, -3.000000000000000000 ) ) ;
#4101 =( GEOMETRIC_REPRESENTATION_CONTEXT ( 3 ) GLOBAL_UNCERTAINTY_ASSIGNED_CONTEXT ( ( #379 ) ) GLOBAL_UNIT_ASSIGNED_CONTEXT ( ( #3032, #516, #2653 ) ) REPRESENTATION_CONTEXT ( 'NONE', 'WORKASPACE' ) );
#4102 = EDGE_CURVE ( 'NONE', #703, #2826, #837, .T. ) ;
#4103 = EDGE_CURVE ( 'NONE', #4196, #1338, #4487, .T. ) ;
#4104 = CARTESIAN_POINT ( 'NONE',  ( 2.219999961852999970, 0.3200000000000000067, -2.799999997020000020 ) ) ;
#4105 = PRESENTATION_STYLE_ASSIGNMENT (( #56 ) ) ;
#4106 = AXIS2_PLACEMENT_3D ( 'NONE', #660, #3541, #3125 ) ;
#4107 = EDGE_LOOP ( 'NONE', ( #3159, #2467, #3670, #3841 ) ) ;
#4108 = DIRECTION ( 'NONE',  ( 0.0000000000000000000, -0.7071067811865475727, -0.7071067811865475727 ) ) ;
#4109 = FILL_AREA_STYLE ('',( #2983 ) ) ;
#4110 = DIRECTION ( 'NONE',  ( 0.0000000000000000000, -1.554312234475000050E-15, 1.000000000000000000 ) ) ;
#4111 = VECTOR ( 'NONE', #1614, 1000.000000000000114 ) ;
#4112 = FACE_OUTER_BOUND ( 'NONE', #3777, .T. ) ;
#4113 = EDGE_LOOP ( 'NONE', ( #1964, #1070, #3851, #2947 ) ) ;
#4114 = COLOUR_RGB ( '',1.000000000000000000, 1.000000000000000000, 0.4980392156862745168 ) ;
#4115 = FILL_AREA_STYLE_COLOUR ( '', #3744 ) ;
#4116 =( NAMED_UNIT ( * ) PLANE_ANGLE_UNIT ( ) SI_UNIT ( $, .RADIAN. ) );
#4117 = DIRECTION ( 'NONE',  ( 0.0000000000000000000, 0.7071067811865475727, -0.7071067811865475727 ) ) ;
#4118 = CARTESIAN_POINT ( 'NONE',  ( 1.119999994040000058, 1.520000000000000018, 0.1750000059600000102 ) ) ;
#4119 = MECHANICAL_DESIGN_GEOMETRIC_PRESENTATION_REPRESENTATION (  '', ( #465 ), #1765 ) ;
#4120 = PRESENTATION_LAYER_ASSIGNMENT (  '', '', ( #624 ) ) ;
#4121 = ORIENTED_EDGE ( 'NONE', *, *, #2989, .T. ) ;
#4122 = AXIS2_PLACEMENT_3D ( 'NONE', #4625, #4731, #2468 ) ;
#4123 = DIRECTION ( 'NONE',  ( 1.000000000000000000, 0.0000000000000000000, -0.0000000000000000000 ) ) ;
#4124 = CARTESIAN_POINT ( 'NONE',  ( 4.759999923706000224, 0.3200000000000000067, -2.799999997020000020 ) ) ;
#4125 =( LENGTH_UNIT ( ) NAMED_UNIT ( * ) SI_UNIT ( .MILLI., .METRE. ) );
#4126 = ORIENTED_EDGE ( 'NONE', *, *, #4685, .F. ) ;
#4127 = LINE ( 'NONE', #3261, #2297 ) ;
#4128 =( NAMED_UNIT ( * ) PLANE_ANGLE_UNIT ( ) SI_UNIT ( $, .RADIAN. ) );
#4129 = ORIENTED_EDGE ( 'NONE', *, *, #3771, .F. ) ;
#4130 = CARTESIAN_POINT ( 'NONE',  ( 5.399999923705999905, 1.820000011921000471, 1.589999999999999414 ) ) ;
#4131 = PLANE ( 'NONE',  #1150 ) ;
#4132 = EDGE_CURVE ( 'NONE', #2387, #110, #4198, .T. ) ;
#4133 = PRESENTATION_STYLE_ASSIGNMENT (( #1092 ) ) ;
#4134 = FACE_OUTER_BOUND ( 'NONE', #103, .T. ) ;
#4135 = ORIENTED_EDGE ( 'NONE', *, *, #2935, .T. ) ;
#4136 =( GEOMETRIC_REPRESENTATION_CONTEXT ( 3 ) GLOBAL_UNCERTAINTY_ASSIGNED_CONTEXT ( ( #691 ) ) GLOBAL_UNIT_ASSIGNED_CONTEXT ( ( #3472, #538, #4251 ) ) REPRESENTATION_CONTEXT ( 'NONE', 'WORKASPACE' ) );
#4137 = FILL_AREA_STYLE_COLOUR ( '', #820 ) ;
#4138 = FACE_OUTER_BOUND ( 'NONE', #1840, .T. ) ;
#4139 = VECTOR ( 'NONE', #446, 1000.000000000000114 ) ;
#4140 = CARTESIAN_POINT ( 'NONE',  ( -0.3200000000000000067, 0.2199999985099999888, -2.899999998509999788 ) ) ;
#4141 = SURFACE_SIDE_STYLE ('',( #2630 ) ) ;
#4142 = STYLED_ITEM ( 'NONE', ( #2072 ), #4373 ) ;
#4143 = ORIENTED_EDGE ( 'NONE', *, *, #4050, .F. ) ;
#4144 =( GEOMETRIC_REPRESENTATION_CONTEXT ( 3 ) GLOBAL_UNCERTAINTY_ASSIGNED_CONTEXT ( ( #4000 ) ) GLOBAL_UNIT_ASSIGNED_CONTEXT ( ( #3898, #880, #1979 ) ) REPRESENTATION_CONTEXT ( 'NONE', 'WORKASPACE' ) );
#4145 = CARTESIAN_POINT ( 'NONE',  ( 4.759999923706000224, 0.3200000000000000067, -3.000000000000000000 ) ) ;
#4146 = ORIENTED_EDGE ( 'NONE', *, *, #4649, .F. ) ;
#4147 = DIRECTION ( 'NONE',  ( 1.000000000000000000, -0.0000000000000000000, 0.0000000000000000000 ) ) ;
#4148 = ORIENTED_EDGE ( 'NONE', *, *, #2059, .F. ) ;
#4149 = SURFACE_STYLE_FILL_AREA ( #681 ) ;
#4150 = FILL_AREA_STYLE ('',( #1971 ) ) ;
#4151 = AXIS2_PLACEMENT_3D ( 'NONE', #4576, #3131, #3215 ) ;
#4152 = ORIENTED_EDGE ( 'NONE', *, *, #3557, .F. ) ;
#4153 =( NAMED_UNIT ( * ) PLANE_ANGLE_UNIT ( ) SI_UNIT ( $, .RADIAN. ) );
#4154 = PRESENTATION_LAYER_ASSIGNMENT (  '', '', ( #1886 ) ) ;
#4155 = LINE ( 'NONE', #895, #3345 ) ;
#4156 = ADVANCED_FACE ( 'NONE', ( #1544 ), #4539, .T. ) ;
#4157 = SURFACE_STYLE_FILL_AREA ( #4109 ) ;
#4158 = EDGE_LOOP ( 'NONE', ( #747, #3393, #1416, #2659, #2488 ) ) ;
#4159 = FILL_AREA_STYLE ('',( #80 ) ) ;
#4160 = CARTESIAN_POINT ( 'NONE',  ( 3.809999923706000047, 1.820000011921000027, 2.214999988079000115 ) ) ;
#4161 = FILL_AREA_STYLE_COLOUR ( '', #1404 ) ;
#4162 = ADVANCED_FACE ( 'NONE', ( #864 ), #3042, .T. ) ;
#4163 = CARTESIAN_POINT ( 'NONE',  ( 3.809999923706000047, 1.520000000000000018, 0.02500000000000000139 ) ) ;
#4164 = SURFACE_STYLE_FILL_AREA ( #858 ) ;
#4165 =( LENGTH_UNIT ( ) NAMED_UNIT ( * ) SI_UNIT ( .MILLI., .METRE. ) );
#4166 = VERTEX_POINT ( 'NONE', #977 ) ;
#4167 = ORIENTED_EDGE ( 'NONE', *, *, #3295, .T. ) ;
#4168 =( LENGTH_UNIT ( ) NAMED_UNIT ( * ) SI_UNIT ( .MILLI., .METRE. ) );
#4169 = CARTESIAN_POINT ( 'NONE',  ( 5.399999923705999905, -0.3200000000000000067, -3.000000000000000000 ) ) ;
#4170 = ORIENTED_EDGE ( 'NONE', *, *, #3143, .T. ) ;
#4171 = VECTOR ( 'NONE', #3193, 1000.000000000000000 ) ;
#4172 = PLANE ( 'NONE',  #767 ) ;
#4173 =( LENGTH_UNIT ( ) NAMED_UNIT ( * ) SI_UNIT ( .MILLI., .METRE. ) );
#4174 = PRESENTATION_LAYER_ASSIGNMENT (  '', '', ( #831 ) ) ;
#4175 = CARTESIAN_POINT ( 'NONE',  ( -1.270000000000000018, 1.820000011921000027, 2.214999988079000115 ) ) ;
#4176 = ORIENTED_EDGE ( 'NONE', *, *, #3295, .F. ) ;
#4177 = DIRECTION ( 'NONE',  ( 0.0000000000000000000, 1.000000000000000000, 1.332267629549999902E-15 ) ) ;
#4178 = UNCERTAINTY_MEASURE_WITH_UNIT (LENGTH_MEASURE( 1.000000000000000082E-05 ), #1560, 'distance_accuracy_value', 'NONE');
#4179 = AXIS2_PLACEMENT_3D ( 'NONE', #4554, #3496, #3107 ) ;
#4180 = PRESENTATION_STYLE_ASSIGNMENT (( #1555 ) ) ;
#4181 = DIRECTION ( 'NONE',  ( 0.0000000000000000000, 0.0000000000000000000, -1.000000000000000000 ) ) ;
#4182 = SURFACE_STYLE_USAGE ( .BOTH. , #1901 ) ;
#4183 = MECHANICAL_DESIGN_GEOMETRIC_PRESENTATION_REPRESENTATION (  '', ( #1216 ), #3477 ) ;
#4184 = VECTOR ( 'NONE', #4630, 1000.000000000000000 ) ;
#4185 = LINE ( 'NONE', #490, #1325 ) ;
#4186 = STYLED_ITEM ( 'NONE', ( #4562 ), #1521 ) ;
#4187 = SURFACE_STYLE_FILL_AREA ( #1536 ) ;
#4188 = COLOUR_RGB ( '',0.7921568627450980005, 0.8196078431372548767, 0.9333333333333333481 ) ;
#4189 = FACE_OUTER_BOUND ( 'NONE', #2933, .T. ) ;
#4190 = FACE_OUTER_BOUND ( 'NONE', #4559, .T. ) ;
#4191 = LINE ( 'NONE', #130, #1981 ) ;
#4192 = EDGE_LOOP ( 'NONE', ( #4471, #1923, #4667, #3406 ) ) ;
#4193 = UNCERTAINTY_MEASURE_WITH_UNIT (LENGTH_MEASURE( 1.000000000000000082E-05 ), #118, 'distance_accuracy_value', 'NONE');
#4194 = EDGE_CURVE ( 'NONE', #3354, #4700, #3191, .T. ) ;
#4195 = EDGE_CURVE ( 'NONE', #4228, #381, #1637, .T. ) ;
#4196 = VERTEX_POINT ( 'NONE', #4336 ) ;
#4197 = AXIS2_PLACEMENT_3D ( 'NONE', #848, #3051, #4205 ) ;
#4198 = LINE ( 'NONE', #52, #4759 ) ;
#4199 = VERTEX_POINT ( 'NONE', #4603 ) ;
#4200 = PRESENTATION_STYLE_ASSIGNMENT (( #1944 ) ) ;
#4201 = VECTOR ( 'NONE', #2324, 1000.000000000000000 ) ;
#4202 = VERTEX_POINT ( 'NONE', #3552 ) ;
#4203 = VECTOR ( 'NONE', #1240, 1000.000000000000000 ) ;
#4204 = FILL_AREA_STYLE ('',( #557 ) ) ;
#4205 = DIRECTION ( 'NONE',  ( 0.0000000000000000000, 1.618928404167999991E-15, -1.000000000000000000 ) ) ;
#4206 = ORIENTED_EDGE ( 'NONE', *, *, #3074, .T. ) ;
#4207 = FILL_AREA_STYLE ('',( #3538 ) ) ;
#4208 = PLANE ( 'NONE',  #3527 ) ;
#4209 = LINE ( 'NONE', #4160, #3865 ) ;
#4210 = VECTOR ( 'NONE', #2729, 1000.000000000000000 ) ;
#4211 = CARTESIAN_POINT ( 'NONE',  ( 1.269999961853000015, 1.820000011921002026, 0.9499999999999998446 ) ) ;
#4212 = PRESENTATION_STYLE_ASSIGNMENT (( #201 ) ) ;
#4213 = SURFACE_STYLE_USAGE ( .BOTH. , #589 ) ;
#4214 = DIRECTION ( 'NONE',  ( 0.0000000000000000000, 1.000000000000000000, 1.609823385705999920E-15 ) ) ;
#4215 =( GEOMETRIC_REPRESENTATION_CONTEXT ( 3 ) GLOBAL_UNCERTAINTY_ASSIGNED_CONTEXT ( ( #4719 ) ) GLOBAL_UNIT_ASSIGNED_CONTEXT ( ( #3214, #285, #4797 ) ) REPRESENTATION_CONTEXT ( 'NONE', 'WORKASPACE' ) );
#4217 = ORIENTED_EDGE ( 'NONE', *, *, #2806, .T. ) ;
#4216 = PRODUCT_RELATED_PRODUCT_CATEGORY ( 'part', '', ( #1781 ) ) ;
#4218 = VECTOR ( 'NONE', #4671, 1000.000000000000000 ) ;
#4219 = LINE ( 'NONE', #2319, #3117 ) ;
#4220 = EDGE_CURVE ( 'NONE', #224, #4700, #3222, .T. ) ;
#4221 = VERTEX_POINT ( 'NONE', #573 ) ;
#4222 = DIRECTION ( 'NONE',  ( 0.0000000000000000000, 1.000000000000000000, -0.0000000000000000000 ) ) ;
#4223 = PLANE ( 'NONE',  #2688 ) ;
#4224 = DIRECTION ( 'NONE',  ( 0.0000000000000000000, 1.000000000000000000, 0.0000000000000000000 ) ) ;
#4225 = ORIENTED_EDGE ( 'NONE', *, *, #2059, .T. ) ;
#4226 =( GEOMETRIC_REPRESENTATION_CONTEXT ( 3 ) GLOBAL_UNCERTAINTY_ASSIGNED_CONTEXT ( ( #927 ) ) GLOBAL_UNIT_ASSIGNED_CONTEXT ( ( #1135, #4552, #1556 ) ) REPRESENTATION_CONTEXT ( 'NONE', 'WORKASPACE' ) );
#4227 = SURFACE_SIDE_STYLE ('',( #3467 ) ) ;
#4228 = VERTEX_POINT ( 'NONE', #3948 ) ;
#4229 = SURFACE_STYLE_USAGE ( .BOTH. , #148 ) ;
#4230 = DIRECTION ( 'NONE',  ( -0.0000000000000000000, -1.000000000000000000, -1.609823385705999920E-15 ) ) ;
#4231 = STYLED_ITEM ( 'NONE', ( #2576 ), #241 ) ;
#4232 = LINE ( 'NONE', #2281, #1750 ) ;
#4233 = DIRECTION ( 'NONE',  ( 1.000000000000000000, -0.0000000000000000000, 0.0000000000000000000 ) ) ;
#4234 = PRESENTATION_LAYER_ASSIGNMENT (  '', '', ( #4474 ) ) ;
#4235 = SURFACE_SIDE_STYLE ('',( #128 ) ) ;
#4236 = CARTESIAN_POINT ( 'NONE',  ( -0.3200000000000000067, 0.3200000000000000067, -3.000000000000000000 ) ) ;
#4237 = PRESENTATION_STYLE_ASSIGNMENT (( #468 ) ) ;
#4238 = FACE_OUTER_BOUND ( 'NONE', #3836, .T. ) ;
#4239 = EDGE_LOOP ( 'NONE', ( #1218, #1522, #2672, #1683, #3930, #1632, #392, #1963 ) ) ;
#4240 = CARTESIAN_POINT ( 'NONE',  ( 2.219999961852999970, 0.3200000000000000067, -5.313452942893489393E-16 ) ) ;
#4241 = CARTESIAN_POINT ( 'NONE',  ( 4.759999923706000224, 0.3200000000000000067, -4.878909776184769953E-16 ) ) ;
#4242 = VERTEX_POINT ( 'NONE', #4241 ) ;
#4243 = CARTESIAN_POINT ( 'NONE',  ( 2.859999961853000094, 1.820000011921000249, 1.589999999999996749 ) ) ;
#4244 = DIRECTION ( 'NONE',  ( 1.000000000000000000, 0.0000000000000000000, -0.0000000000000000000 ) ) ;
#4245 = DIRECTION ( 'NONE',  ( 0.0000000000000000000, 0.0000000000000000000, -1.000000000000000000 ) ) ;
#4246 = EDGE_LOOP ( 'NONE', ( #2613, #1007, #1343, #3457 ) ) ;
#4247 = PLANE ( 'NONE',  #376 ) ;
#4248 = EDGE_CURVE ( 'NONE', #185, #1270, #4288, .T. ) ;
#4249 = EDGE_CURVE ( 'NONE', #3196, #4638, #1263, .T. ) ;
#4250 =( GEOMETRIC_REPRESENTATION_CONTEXT ( 3 ) GLOBAL_UNCERTAINTY_ASSIGNED_CONTEXT ( ( #736 ) ) GLOBAL_UNIT_ASSIGNED_CONTEXT ( ( #3409, #1166, #1578 ) ) REPRESENTATION_CONTEXT ( 'NONE', 'WORKASPACE' ) );
#4251 =( NAMED_UNIT ( * ) SI_UNIT ( $, .STERADIAN. ) SOLID_ANGLE_UNIT ( ) );
#4252 = SURFACE_STYLE_USAGE ( .BOTH. , #1542 ) ;
#4253 = LINE ( 'NONE', #924, #4472 ) ;
#4254 = LINE ( 'NONE', #2858, #136 ) ;
#4255 = EDGE_LOOP ( 'NONE', ( #1335, #68, #3352, #1303, #3823 ) ) ;
#4256 = MECHANICAL_DESIGN_GEOMETRIC_PRESENTATION_REPRESENTATION (  '', ( #4032 ), #2766 ) ;
#4257 = PRESENTATION_LAYER_ASSIGNMENT (  '', '', ( #75 ) ) ;
#4258 = ORIENTED_EDGE ( 'NONE', *, *, #1764, .F. ) ;
#4259 = PRESENTATION_STYLE_ASSIGNMENT (( #931 ) ) ;
#4260 = CARTESIAN_POINT ( 'NONE',  ( 5.399999923705999905, 3.809999961852999828, 0.9499999999999999556 ) ) ;
#4261 = ORIENTED_EDGE ( 'NONE', *, *, #2871, .F. ) ;
#4262 = MECHANICAL_DESIGN_GEOMETRIC_PRESENTATION_REPRESENTATION (  '', ( #393 ), #3880 ) ;
#4263 = CARTESIAN_POINT ( 'NONE',  ( 1.269999961853000015, 3.809999961852995831, 2.515000000000000124 ) ) ;
#4264 = MECHANICAL_DESIGN_GEOMETRIC_PRESENTATION_REPRESENTATION (  '', ( #923 ), #1922 ) ;
#4265 = MECHANICAL_DESIGN_GEOMETRIC_PRESENTATION_REPRESENTATION (  '', ( #1529 ), #81 ) ;
#4266 = AXIS2_PLACEMENT_3D ( 'NONE', #2804, #2074, #3233 ) ;
#4267 = DIRECTION ( 'NONE',  ( -1.000000000000000000, -0.0000000000000000000, -0.0000000000000000000 ) ) ;
#4268 = LINE ( 'NONE', #4647, #2785 ) ;
#4269 = ORIENTED_EDGE ( 'NONE', *, *, #1413, .F. ) ;
#4270 = FILL_AREA_STYLE ('',( #2769 ) ) ;
#4271 = UNCERTAINTY_MEASURE_WITH_UNIT (LENGTH_MEASURE( 1.000000000000000082E-05 ), #3023, 'distance_accuracy_value', 'NONE');
#4272 = VECTOR ( 'NONE', #1339, 1000.000000000000000 ) ;
#4273 = EDGE_CURVE ( 'NONE', #607, #4763, #249, .T. ) ;
#4274 = DIRECTION ( 'NONE',  ( -1.000000000000000000, 0.0000000000000000000, 0.0000000000000000000 ) ) ;
#4275 = PLANE ( 'NONE',  #4709 ) ;
#4276 = LINE ( 'NONE', #1347, #4333 ) ;
#4277 = AXIS2_PLACEMENT_3D ( 'NONE', #133, #1543, #2684 ) ;
#4278 = FILL_AREA_STYLE_COLOUR ( '', #1017 ) ;
#4279 = FILL_AREA_STYLE_COLOUR ( '', #997 ) ;
#4280 = DIRECTION ( 'NONE',  ( 1.000000000000000000, 0.0000000000000000000, 0.0000000000000000000 ) ) ;
#4281 = FILL_AREA_STYLE ('',( #518 ) ) ;
#4282 = DIRECTION ( 'NONE',  ( 0.0000000000000000000, 0.0000000000000000000, 1.000000000000000000 ) ) ;
#4283 = EDGE_CURVE ( 'NONE', #4228, #3062, #1660, .T. ) ;
#4284 = DIRECTION ( 'NONE',  ( -0.0000000000000000000, -0.0000000000000000000, -1.000000000000000000 ) ) ;
#4285 = FACE_OUTER_BOUND ( 'NONE', #546, .T. ) ;
#4286 = ORIENTED_EDGE ( 'NONE', *, *, #2975, .T. ) ;
#4287 = FILL_AREA_STYLE ('',( #1305 ) ) ;
#4288 = LINE ( 'NONE', #523, #2404 ) ;
#4289 =( NAMED_UNIT ( * ) SI_UNIT ( $, .STERADIAN. ) SOLID_ANGLE_UNIT ( ) );
#4290 = SURFACE_SIDE_STYLE ('',( #3099 ) ) ;
#4291 = AXIS2_PLACEMENT_3D ( 'NONE', #3258, #2136, #1780 ) ;
#4292 = CARTESIAN_POINT ( 'NONE',  ( 2.219999961852999970, 9.810000000000000497, 1.150000002980000158 ) ) ;
#4293 = VERTEX_POINT ( 'NONE', #1360 ) ;
#4294 = APPLICATION_PROTOCOL_DEFINITION ( 'draft international standard', 'automotive_design', 1998, #3794 ) ;
#4295 = DIRECTION ( 'NONE',  ( -0.5773502691896268413, -0.5773502691896255090, 0.5773502691896250649 ) ) ;
#4296 = PRESENTATION_LAYER_ASSIGNMENT (  '', '', ( #2248 ) ) ;
#4297 = VECTOR ( 'NONE', #4181, 1000.000000000000000 ) ;
#4298 = PRESENTATION_STYLE_ASSIGNMENT (( #3251 ) ) ;
#4299 = ORIENTED_EDGE ( 'NONE', *, *, #2805, .T. ) ;
#4300 = SURFACE_STYLE_FILL_AREA ( #2801 ) ;
#4301 = SURFACE_SIDE_STYLE ('',( #214 ) ) ;
#4302 = SURFACE_STYLE_FILL_AREA ( #586 ) ;
#4303 = CARTESIAN_POINT ( 'NONE',  ( -1.270000000000000018, 1.520000000000000018, 2.214999988079000115 ) ) ;
#4304 = CARTESIAN_POINT ( 'NONE',  ( 3.809999923706000047, 1.520000000000000018, 2.515000000000000124 ) ) ;
#4305 = EDGE_LOOP ( 'NONE', ( #2359, #965, #2329, #4170 ) ) ;
#4306 = CIRCLE ( 'NONE', #754, 0.9499999999999999556 ) ;
#4307 = EDGE_CURVE ( 'NONE', #3252, #1974, #3838, .T. ) ;
#4308 = EDGE_CURVE ( 'NONE', #3075, #473, #2094, .T. ) ;
#4309 = CARTESIAN_POINT ( 'NONE',  ( 6.349999923706250549, 3.809999961852999384, 2.214999988079251025 ) ) ;
#4310 = DIRECTION ( 'NONE',  ( 0.0000000000000000000, 0.7071067811865474617, -0.7071067811865474617 ) ) ;
#4311 = MECHANICAL_DESIGN_GEOMETRIC_PRESENTATION_REPRESENTATION (  '', ( #2496 ), #123 ) ;
#4312 = LINE ( 'NONE', #225, #2750 ) ;
#4313 = ORIENTED_EDGE ( 'NONE', *, *, #2832, .T. ) ;
#4314 = CARTESIAN_POINT ( 'NONE',  ( 0.3200000000000000067, 1.270000000000000018, -4.440892098500999885E-16 ) ) ;
#4315 = ORIENTED_EDGE ( 'NONE', *, *, #2904, .F. ) ;
#4316 = LINE ( 'NONE', #531, #3090 ) ;
#4317 = UNCERTAINTY_MEASURE_WITH_UNIT (LENGTH_MEASURE( 1.000000000000000082E-05 ), #1342, 'distance_accuracy_value', 'NONE');
#4318 = SURFACE_STYLE_FILL_AREA ( #2824 ) ;
#4319 = FILL_AREA_STYLE_COLOUR ( '', #388 ) ;
#4320 = ORIENTED_EDGE ( 'NONE', *, *, #757, .F. ) ;
#4321 = DIRECTION ( 'NONE',  ( 1.000000000000000000, 0.0000000000000000000, 0.0000000000000000000 ) ) ;
#4322 = DIRECTION ( 'NONE',  ( 6.645562236426607662E-16, 1.000000000000000000, 6.645562236426607662E-16 ) ) ;
#4323 = PRESENTATION_LAYER_ASSIGNMENT (  '', '', ( #281 ) ) ;
#4324 = PRESENTATION_STYLE_ASSIGNMENT (( #585 ) ) ;
#4325 = MECHANICAL_DESIGN_GEOMETRIC_PRESENTATION_REPRESENTATION (  '', ( #2518 ), #605 ) ;
#4326 = PLANE ( 'NONE',  #779 ) ;
#4327 = DIRECTION ( 'NONE',  ( 0.0000000000000000000, 0.7071067811865474617, 0.7071067811865474617 ) ) ;
#4328 = CARTESIAN_POINT ( 'NONE',  ( 0.3200000000000000067, -0.3200000000000000067, -3.000000000000000000 ) ) ;
#4329 =( LENGTH_UNIT ( ) NAMED_UNIT ( * ) SI_UNIT ( .MILLI., .METRE. ) );
#4330 = DIRECTION ( 'NONE',  ( -0.7071067811865474617, 0.0000000000000000000, 0.7071067811865474617 ) ) ;
#4331 = VECTOR ( 'NONE', #4383, 1000.000000000000000 ) ;
#4332 = UNCERTAINTY_MEASURE_WITH_UNIT (LENGTH_MEASURE( 1.000000000000000082E-05 ), #2263, 'distance_accuracy_value', 'NONE');
#4333 = VECTOR ( 'NONE', #945, 1000.000000000000000 ) ;
#4334 = LINE ( 'NONE', #2559, #2557 ) ;
#4335 = DIRECTION ( 'NONE',  ( -1.000000000000000000, 0.0000000000000000000, 0.0000000000000000000 ) ) ;
#4336 = CARTESIAN_POINT ( 'NONE',  ( -0.1199999970199998878, 0.1199999970199997906, -3.000000000000000444 ) ) ;
#4337 = EDGE_CURVE ( 'NONE', #2146, #3523, #164, .T. ) ;
#4338 =( NAMED_UNIT ( * ) PLANE_ANGLE_UNIT ( ) SI_UNIT ( $, .RADIAN. ) );
#4339 = VECTOR ( 'NONE', #2495, 1000.000000000000000 ) ;
#4340 = DIRECTION ( 'NONE',  ( -0.0000000000000000000, -1.000000000000000000, -1.332267629549999902E-15 ) ) ;
#4341 = VERTEX_POINT ( 'NONE', #2358 ) ;
#4342 = LINE ( 'NONE', #3142, #89 ) ;
#4343 = STYLED_ITEM ( 'NONE', ( #242 ), #1794 ) ;
#4344 = EDGE_LOOP ( 'NONE', ( #501, #3502, #31, #3459 ) ) ;
#4345 =( NAMED_UNIT ( * ) SI_UNIT ( $, .STERADIAN. ) SOLID_ANGLE_UNIT ( ) );
#4346 = ADVANCED_FACE ( 'NONE', ( #4389, #2097 ), #2171, .T. ) ;
#4347 = DIRECTION ( 'NONE',  ( 0.0000000000000000000, 1.000000000000000000, 0.0000000000000000000 ) ) ;
#4348 = COLOUR_RGB ( '',0.09411764705882352811, 0.09411764705882352811, 0.09411764705882352811 ) ;
#4349 = DIRECTION ( 'NONE',  ( 0.0000000000000000000, 0.0000000000000000000, 1.000000000000000000 ) ) ;
#4350 = ORIENTED_EDGE ( 'NONE', *, *, #3269, .T. ) ;
#4351 =( NAMED_UNIT ( * ) SI_UNIT ( $, .STERADIAN. ) SOLID_ANGLE_UNIT ( ) );
#4352 = DIRECTION ( 'NONE',  ( -1.000000000000000000, 0.0000000000000000000, 0.0000000000000000000 ) ) ;
#4353 = PLANE ( 'NONE',  #1315 ) ;
#4354 = COLOUR_RGB ( '',1.000000000000000000, 1.000000000000000000, 0.4980392156862745168 ) ;
#4355 = STYLED_ITEM ( 'NONE', ( #450 ), #2001 ) ;
#4356 = SURFACE_STYLE_USAGE ( .BOTH. , #3544 ) ;
#4357 = LINE ( 'NONE', #3994, #3508 ) ;
#4358 = LINE ( 'NONE', #2003, #3134 ) ;
#4359 = CARTESIAN_POINT ( 'NONE',  ( 2.419999964832999950, 9.810000000000000497, 1.150000002979999714 ) ) ;
#4360 = PRESENTATION_STYLE_ASSIGNMENT (( #3578 ) ) ;
#4361 = AXIS2_PLACEMENT_3D ( 'NONE', #1400, #2884, #611 ) ;
#4362 = SURFACE_STYLE_USAGE ( .BOTH. , #322 ) ;
#4363 = ORIENTED_EDGE ( 'NONE', *, *, #4050, .T. ) ;
#4364 = ADVANCED_FACE ( 'NONE', ( #26 ), #726, .T. ) ;
#4365 = EDGE_CURVE ( 'NONE', #3615, #1658, #696, .T. ) ;
#4366 = PRESENTATION_STYLE_ASSIGNMENT (( #2867 ) ) ;
#4367 = COLOUR_RGB ( '',0.09411764705882352811, 0.09411764705882352811, 0.09411764705882352811 ) ;
#4368 = FACE_OUTER_BOUND ( 'NONE', #4158, .T. ) ;
#4369 = VERTEX_POINT ( 'NONE', #1120 ) ;
#4370 = DIRECTION ( 'NONE',  ( 0.0000000000000000000, -0.0000000000000000000, 1.000000000000000000 ) ) ;
#4371 = UNCERTAINTY_MEASURE_WITH_UNIT (LENGTH_MEASURE( 1.000000000000000082E-05 ), #3837, 'distance_accuracy_value', 'NONE');
#4372 = VECTOR ( 'NONE', #2887, 1000.000000000000000 ) ;
#4373 = ADVANCED_FACE ( 'NONE', ( #1760 ), #1735, .T. ) ;
#4374 = FILL_AREA_STYLE_COLOUR ( '', #2861 ) ;
#4375 = ORIENTED_EDGE ( 'NONE', *, *, #2564, .T. ) ;
#4376 = LINE ( 'NONE', #2133, #4627 ) ;
#4377 = PRESENTATION_STYLE_ASSIGNMENT (( #2882 ) ) ;
#4378 = FACE_OUTER_BOUND ( 'NONE', #108, .T. ) ;
#4379 =( GEOMETRIC_REPRESENTATION_CONTEXT ( 3 ) GLOBAL_UNCERTAINTY_ASSIGNED_CONTEXT ( ( #1304 ) ) GLOBAL_UNIT_ASSIGNED_CONTEXT ( ( #4665, #3546, #3130 ) ) REPRESENTATION_CONTEXT ( 'NONE', 'WORKASPACE' ) );
#4380 = DIRECTION ( 'NONE',  ( -0.0000000000000000000, -1.000000000000000000, -0.0000000000000000000 ) ) ;
#4381 = LINE ( 'NONE', #667, #3122 ) ;
#4382 = FILL_AREA_STYLE ('',( #4456 ) ) ;
#4383 = DIRECTION ( 'NONE',  ( -1.000000000000000000, -0.0000000000000000000, -0.0000000000000000000 ) ) ;
#4384 = LINE ( 'NONE', #4263, #2772 ) ;
#4385 = UNCERTAINTY_MEASURE_WITH_UNIT (LENGTH_MEASURE( 1.000000000000000082E-05 ), #4387, 'distance_accuracy_value', 'NONE');
#4386 =( GEOMETRIC_REPRESENTATION_CONTEXT ( 3 ) GLOBAL_UNCERTAINTY_ASSIGNED_CONTEXT ( ( #2913 ) ) GLOBAL_UNIT_ASSIGNED_CONTEXT ( ( #541, #1905, #2677 ) ) REPRESENTATION_CONTEXT ( 'NONE', 'WORKASPACE' ) );
#4387 =( LENGTH_UNIT ( ) NAMED_UNIT ( * ) SI_UNIT ( .MILLI., .METRE. ) );
#4388 =( NAMED_UNIT ( * ) PLANE_ANGLE_UNIT ( ) SI_UNIT ( $, .RADIAN. ) );
#4389 = FACE_BOUND ( 'NONE', #139, .T. ) ;
#4390 =( LENGTH_UNIT ( ) NAMED_UNIT ( * ) SI_UNIT ( .MILLI., .METRE. ) );
#4391 = PLANE ( 'NONE',  #2278 ) ;
#4392 =( NAMED_UNIT ( * ) PLANE_ANGLE_UNIT ( ) SI_UNIT ( $, .RADIAN. ) );
#4393 = VECTOR ( 'NONE', #176, 1000.000000000000000 ) ;
#4394 = VERTEX_POINT ( 'NONE', #396 ) ;
#4395 = SURFACE_STYLE_FILL_AREA ( #1436 ) ;
#4396 = ORIENTED_EDGE ( 'NONE', *, *, #3530, .F. ) ;
#4397 = DIRECTION ( 'NONE',  ( 1.000000000000000000, 0.0000000000000000000, 0.0000000000000000000 ) ) ;
#4398 = LINE ( 'NONE', #1769, #1990 ) ;
#4399 = PRESENTATION_STYLE_ASSIGNMENT (( #37 ) ) ;
#4400 =( LENGTH_UNIT ( ) NAMED_UNIT ( * ) SI_UNIT ( .MILLI., .METRE. ) );
#4401 = VERTEX_POINT ( 'NONE', #1936 ) ;
#4402 = DIRECTION ( 'NONE',  ( -0.0000000000000000000, 0.0000000000000000000, -1.000000000000000000 ) ) ;
#4403 = LINE ( 'NONE', #4065, #525 ) ;
#4404 = ADVANCED_FACE ( 'NONE', ( #3011 ), #1142, .T. ) ;
#4405 = EDGE_CURVE ( 'NONE', #4401, #2543, #857, .T. ) ;
#4406 = LINE ( 'NONE', #1678, #4580 ) ;
#4407 = MECHANICAL_DESIGN_GEOMETRIC_PRESENTATION_REPRESENTATION (  '', ( #2995 ), #905 ) ;
#4408 =( NAMED_UNIT ( * ) PLANE_ANGLE_UNIT ( ) SI_UNIT ( $, .RADIAN. ) );
#4409 = CARTESIAN_POINT ( 'NONE',  ( 1.419999967812999975, 1.520000000000000018, 0.1750000059600000102 ) ) ;
#4410 = ORIENTED_EDGE ( 'NONE', *, *, #3949, .F. ) ;
#4411 = COLOUR_RGB ( '',0.09411764705882352811, 0.09411764705882352811, 0.09411764705882352811 ) ;
#4412 = DIRECTION ( 'NONE',  ( -1.000000000000000000, -0.0000000000000000000, 0.0000000000000000000 ) ) ;
#4413 = CARTESIAN_POINT ( 'NONE',  ( 3.659999955892999868, 1.520000000000000018, 0.1750000059600000102 ) ) ;
#4414 = FACE_OUTER_BOUND ( 'NONE', #4192, .T. ) ;
#4415 = SURFACE_SIDE_STYLE ('',( #4749 ) ) ;
#4416 = VECTOR ( 'NONE', #2967, 1000.000000000000000 ) ;
#4417 = VERTEX_POINT ( 'NONE', #3411 ) ;
#4418 = COLOUR_RGB ( '',0.09411764705882352811, 0.09411764705882352811, 0.09411764705882352811 ) ;
#4419 = LINE ( 'NONE', #4056, #2294 ) ;
#4420 = ORIENTED_EDGE ( 'NONE', *, *, #2180, .F. ) ;
#4421 = ORIENTED_EDGE ( 'NONE', *, *, #1034, .F. ) ;
#4422 =( LENGTH_UNIT ( ) NAMED_UNIT ( * ) SI_UNIT ( .MILLI., .METRE. ) );
#4423 = COLOUR_RGB ( '',0.09411764705882352811, 0.09411764705882352811, 0.09411764705882352811 ) ;
#4424 = SURFACE_SIDE_STYLE ('',( #3384 ) ) ;
#4425 = ORIENTED_EDGE ( 'NONE', *, *, #1237, .T. ) ;
#4426 = LINE ( 'NONE', #608, #3250 ) ;
#4427 = MECHANICAL_DESIGN_GEOMETRIC_PRESENTATION_REPRESENTATION (  '', ( #2612 ), #4037 ) ;
#4428 = AXIS2_PLACEMENT_3D ( 'NONE', #3735, #404, #1869 ) ;
#4429 = ADVANCED_FACE ( 'NONE', ( #4189 ), #3828, .F. ) ;
#4430 = STYLED_ITEM ( 'NONE', ( #2618 ), #2770 ) ;
#4431 = ADVANCED_FACE ( 'NONE', ( #3156 ), #898, .T. ) ;
#4432 = AXIS2_PLACEMENT_3D ( 'NONE', #1504, #4108, #1850 ) ;
#4433 = DIRECTION ( 'NONE',  ( 1.000000000000000000, -0.0000000000000000000, -0.0000000000000000000 ) ) ;
#4434 = FILL_AREA_STYLE ('',( #1049 ) ) ;
#4435 = EDGE_LOOP ( 'NONE', ( #2789, #2242, #1390, #2199 ) ) ;
#4436 = DIRECTION ( 'NONE',  ( 0.0000000000000000000, -1.510616709811000052E-15, 1.000000000000000000 ) ) ;
#4437 = EDGE_CURVE ( 'NONE', #3884, #1619, #716, .T. ) ;
#4438 = DIRECTION ( 'NONE',  ( 0.0000000000000000000, 0.0000000000000000000, 1.000000000000000000 ) ) ;
#4439 =( GEOMETRIC_REPRESENTATION_CONTEXT ( 3 ) GLOBAL_UNCERTAINTY_ASSIGNED_CONTEXT ( ( #3262 ) ) GLOBAL_UNIT_ASSIGNED_CONTEXT ( ( #976, #187, #1636 ) ) REPRESENTATION_CONTEXT ( 'NONE', 'WORKASPACE' ) );
#4440 = DIRECTION ( 'NONE',  ( -0.7071067811865474617, 0.0000000000000000000, -0.7071067811865474617 ) ) ;
#4441 = VECTOR ( 'NONE', #1788, 1000.000000000000114 ) ;
#4442 = CARTESIAN_POINT ( 'NONE',  ( 2.419999964832999950, 9.810000000000000497, 1.150000002980000158 ) ) ;
#4443 = CARTESIAN_POINT ( 'NONE',  ( -0.3200000000000000067, 1.270000000000000018, 1.589999999999999858 ) ) ;
#4444 = ORIENTED_EDGE ( 'NONE', *, *, #1547, .T. ) ;
#4445 = STYLED_ITEM ( 'NONE', ( #1858 ), #3556 ) ;
#4446 = DIRECTION ( 'NONE',  ( 0.0000000000000000000, -0.7071067811865475727, 0.7071067811865475727 ) ) ;
#4447 = VECTOR ( 'NONE', #618, 1000.000000000000000 ) ;
#4448 = CARTESIAN_POINT ( 'NONE',  ( 0.3200000000000000067, 1.270000000000000018, 1.590000000000000080 ) ) ;
#4449 = ORIENTED_EDGE ( 'NONE', *, *, #2498, .F. ) ;
#4450 = CYLINDRICAL_SURFACE ( 'NONE', #3958, 1.590000000000000080 ) ;
#4451 =( NAMED_UNIT ( * ) PLANE_ANGLE_UNIT ( ) SI_UNIT ( $, .RADIAN. ) );
#4452 = DIRECTION ( 'NONE',  ( 0.7071067811865474617, 0.7071067811865474617, 0.0000000000000000000 ) ) ;
#4453 = MECHANICAL_DESIGN_GEOMETRIC_PRESENTATION_REPRESENTATION (  '', ( #878 ), #2023 ) ;
#4454 = SURFACE_STYLE_USAGE ( .BOTH. , #1133 ) ;
#4455 = SURFACE_STYLE_FILL_AREA ( #1465 ) ;
#4456 = FILL_AREA_STYLE_COLOUR ( '', #3847 ) ;
#4457 = SURFACE_SIDE_STYLE ('',( #3748 ) ) ;
#4458 = VERTEX_POINT ( 'NONE', #3601 ) ;
#4459 = EDGE_CURVE ( 'NONE', #4005, #734, #1094, .T. ) ;
#4460 = DIRECTION ( 'NONE',  ( 0.0000000000000000000, 1.000000000000000000, 1.332267629549999902E-15 ) ) ;
#4461 = COLOUR_RGB ( '',1.000000000000000000, 1.000000000000000000, 0.4980392156862745168 ) ;
#4462 = SURFACE_STYLE_FILL_AREA ( #4724 ) ;
#4463 = CARTESIAN_POINT ( 'NONE',  ( 0.3200000000000000067, 1.270000000000000018, -4.440892098500999885E-16 ) ) ;
#4464 =( NAMED_UNIT ( * ) PLANE_ANGLE_UNIT ( ) SI_UNIT ( $, .RADIAN. ) );
#4465 = ADVANCED_FACE ( 'NONE', ( #3259 ), #286, .T. ) ;
#4466 = EDGE_CURVE ( 'NONE', #1009, #768, #4381, .T. ) ;
#4467 = MECHANICAL_DESIGN_GEOMETRIC_PRESENTATION_REPRESENTATION (  '', ( #3128 ), #1041 ) ;
#4468 = FILL_AREA_STYLE_COLOUR ( '', #3351 ) ;
#4469 = ORIENTED_EDGE ( 'NONE', *, *, #3813, .T. ) ;
#4470 = PLANE ( 'NONE',  #1537 ) ;
#4471 = ORIENTED_EDGE ( 'NONE', *, *, #4605, .T. ) ;
#4472 = VECTOR ( 'NONE', #614, 1000.000000000000000 ) ;
#4473 = LINE ( 'NONE', #4100, #1298 ) ;
#4474 = STYLED_ITEM ( 'NONE', ( #2503 ), #260 ) ;
#4475 =( NAMED_UNIT ( * ) SI_UNIT ( $, .STERADIAN. ) SOLID_ANGLE_UNIT ( ) );
#4476 = ORIENTED_EDGE ( 'NONE', *, *, #3595, .F. ) ;
#4477 = CARTESIAN_POINT ( 'NONE',  ( 2.219999961852999970, 9.810000000000000497, 1.389999997020000100 ) ) ;
#4478 = SURFACE_STYLE_USAGE ( .BOTH. , #59 ) ;
#4479 = PLANE ( 'NONE',  #3992 ) ;
#4480 = VERTEX_POINT ( 'NONE', #319 ) ;
#4481 = LINE ( 'NONE', #1809, #561 ) ;
#4482 = CARTESIAN_POINT ( 'NONE',  ( -1.119999994040000058, 1.520000000000000018, 2.364999994040000164 ) ) ;
#4483 = PRESENTATION_STYLE_ASSIGNMENT (( #2380 ) ) ;
#4485 = ORIENTED_EDGE ( 'NONE', *, *, #2652, .F. ) ;
#4484 = EDGE_CURVE ( 'NONE', #1584, #798, #1782, .T. ) ;
#4486 = DIRECTION ( 'NONE',  ( 0.7071067811865474617, 0.0000000000000000000, -0.7071067811865474617 ) ) ;
#4487 = LINE ( 'NONE', #4584, #2245 ) ;
#4488 = EDGE_CURVE ( 'NONE', #3936, #592, #2484, .T. ) ;
#4489 = ORIENTED_EDGE ( 'NONE', *, *, #4687, .T. ) ;
#4490 = CARTESIAN_POINT ( 'NONE',  ( -0.3200000000000000067, 3.809999961852999828, 1.590000000000000080 ) ) ;
#4491 = CARTESIAN_POINT ( 'NONE',  ( 4.759999923706000224, 0.3200000000000000067, -3.000000000000000000 ) ) ;
#4492 = VECTOR ( 'NONE', #1848, 1000.000000000000000 ) ;
#4493 = ORIENTED_EDGE ( 'NONE', *, *, #623, .F. ) ;
#4494 = PRESENTATION_STYLE_ASSIGNMENT (( #806 ) ) ;
#4495 = VECTOR ( 'NONE', #4321, 1000.000000000000000 ) ;
#4496 = FACE_OUTER_BOUND ( 'NONE', #2736, .T. ) ;
#4497 = FILL_AREA_STYLE_COLOUR ( '', #3174 ) ;
#4498 = ORIENTED_EDGE ( 'NONE', *, *, #1945, .F. ) ;
#4499 = VECTOR ( 'NONE', #2566, 999.9999999999998863 ) ;
#4500 = CARTESIAN_POINT ( 'NONE',  ( 4.759999923706000224, 1.270000000000000018, 1.589999999999999858 ) ) ;
#4501 = LINE ( 'NONE', #3863, #55 ) ;
#4502 = PRESENTATION_LAYER_ASSIGNMENT (  '', '', ( #227 ) ) ;
#4503 = CARTESIAN_POINT ( 'NONE',  ( 2.659999958872999670, 9.810000000000000497, 1.389999997020000100 ) ) ;
#4504 = VECTOR ( 'NONE', #4123, 1000.000000000000000 ) ;
#4505 =( GEOMETRIC_REPRESENTATION_CONTEXT ( 3 ) GLOBAL_UNCERTAINTY_ASSIGNED_CONTEXT ( ( #1210 ) ) GLOBAL_UNIT_ASSIGNED_CONTEXT ( ( #2552, #4087, #2233 ) ) REPRESENTATION_CONTEXT ( 'NONE', 'WORKASPACE' ) );
#4506 =( NAMED_UNIT ( * ) SI_UNIT ( $, .STERADIAN. ) SOLID_ANGLE_UNIT ( ) );
#4507 = LINE ( 'NONE', #107, #1946 ) ;
#4508 = PLANE ( 'NONE',  #3543 ) ;
#4509 = STYLED_ITEM ( 'NONE', ( #4298 ), #2681 ) ;
#4510 = AXIS2_PLACEMENT_3D ( 'NONE', #633, #1744, #4349 ) ;
#4511 = VERTEX_POINT ( 'NONE', #3796 ) ;
#4512 = AXIS2_PLACEMENT_3D ( 'NONE', #4491, #1456, #708 ) ;
#4513 = SURFACE_SIDE_STYLE ('',( #3545 ) ) ;
#4514 = ORIENTED_EDGE ( 'NONE', *, *, #183, .T. ) ;
#4515 = PRESENTATION_STYLE_ASSIGNMENT (( #1892 ) ) ;
#4516 = DIRECTION ( 'NONE',  ( 0.5773502691896253980, -0.5773502691896266192, -0.5773502691896253980 ) ) ;
#4517 = ORIENTED_EDGE ( 'NONE', *, *, #4605, .F. ) ;
#4518 = DIRECTION ( 'NONE',  ( -0.0000000000000000000, -1.000000000000000000, -0.0000000000000000000 ) ) ;
#4519 = STYLED_ITEM ( 'NONE', ( #3136 ), #3267 ) ;
#4520 = ADVANCED_FACE ( 'NONE', ( #1508 ), #4479, .T. ) ;
#4521 = CARTESIAN_POINT ( 'NONE',  ( -0.3200000000000000067, 9.709999998510001618, 1.050000001489999946 ) ) ;
#4522 = VECTOR ( 'NONE', #2485, 1000.000000000000000 ) ;
#4523 = PRESENTATION_STYLE_ASSIGNMENT (( #2548 ) ) ;
#4524 = VERTEX_POINT ( 'NONE', #2673 ) ;
#4525 = UNCERTAINTY_MEASURE_WITH_UNIT (LENGTH_MEASURE( 1.000000000000000082E-05 ), #3340, 'distance_accuracy_value', 'NONE');
#4526 = EDGE_CURVE ( 'NONE', #4702, #1592, #1878, .T. ) ;
#4527 =( NAMED_UNIT ( * ) SI_UNIT ( $, .STERADIAN. ) SOLID_ANGLE_UNIT ( ) );
#4528 = ORIENTED_EDGE ( 'NONE', *, *, #1645, .F. ) ;
#4529 = STYLED_ITEM ( 'NONE', ( #3655 ), #3717 ) ;
#4530 = CARTESIAN_POINT ( 'NONE',  ( 5.399999923705999905, 3.809999961852999828, 1.590000000000000080 ) ) ;
#4531 = COLOUR_RGB ( '',0.09411764705882352811, 0.09411764705882352811, 0.09411764705882352811 ) ;
#4532 = FILL_AREA_STYLE ('',( #1511 ) ) ;
#4533 = MECHANICAL_DESIGN_GEOMETRIC_PRESENTATION_REPRESENTATION (  '', ( #1112 ), #338 ) ;
#4534 = FACE_OUTER_BOUND ( 'NONE', #3325, .T. ) ;
#4535 = VERTEX_POINT ( 'NONE', #4500 ) ;
#4536 = UNCERTAINTY_MEASURE_WITH_UNIT (LENGTH_MEASURE( 1.000000000000000082E-05 ), #2497, 'distance_accuracy_value', 'NONE');
#4537 = FACE_OUTER_BOUND ( 'NONE', #2619, .T. ) ;
#4538 = EDGE_LOOP ( 'NONE', ( #939, #2662, #2638, #2385 ) ) ;
#4539 = PLANE ( 'NONE',  #1250 ) ;
#4540 = ORIENTED_EDGE ( 'NONE', *, *, #826, .F. ) ;
#4541 =( NAMED_UNIT ( * ) PLANE_ANGLE_UNIT ( ) SI_UNIT ( $, .RADIAN. ) );
#4542 = VECTOR ( 'NONE', #2761, 1000.000000000000114 ) ;
#4543 = SURFACE_SIDE_STYLE ('',( #1267 ) ) ;
#4544 = STYLED_ITEM ( 'NONE', ( #1790 ), #69 ) ;
#4545 = ORIENTED_EDGE ( 'NONE', *, *, #3335, .F. ) ;
#4546 = SURFACE_STYLE_USAGE ( .BOTH. , #2251 ) ;
#4547 = CARTESIAN_POINT ( 'NONE',  ( 2.859999961853000094, 3.809999961852999828, 1.590000000000000080 ) ) ;
#4548 = FILL_AREA_STYLE_COLOUR ( '', #622 ) ;
#4549 = CARTESIAN_POINT ( 'NONE',  ( 5.399999923705999905, 0.3200000000000000067, -3.000000000000000000 ) ) ;
#4550 = MECHANICAL_DESIGN_GEOMETRIC_PRESENTATION_REPRESENTATION (  '', ( #4474 ), #968 ) ;
#4551 = EDGE_CURVE ( 'NONE', #2441, #734, #105, .T. ) ;
#4552 =( NAMED_UNIT ( * ) PLANE_ANGLE_UNIT ( ) SI_UNIT ( $, .RADIAN. ) );
#4553 = ADVANCED_FACE ( 'NONE', ( #786, #3824 ), #2651, .T. ) ;
#4554 = CARTESIAN_POINT ( 'NONE',  ( 4.759999923706000224, 1.270000000000000018, 0.9499999999999999556 ) ) ;
#4555 = LINE ( 'NONE', #1860, #1786 ) ;
#4556 =( NAMED_UNIT ( * ) PLANE_ANGLE_UNIT ( ) SI_UNIT ( $, .RADIAN. ) );
#4557 = VERTEX_POINT ( 'NONE', #1626 ) ;
#4558 =( LENGTH_UNIT ( ) NAMED_UNIT ( * ) SI_UNIT ( .MILLI., .METRE. ) );
#4559 = EDGE_LOOP ( 'NONE', ( #1857, #876, #413, #3327, #1868 ) ) ;
#4560 = PRESENTATION_LAYER_ASSIGNMENT (  '', '', ( #1739 ) ) ;
#4561 =( NAMED_UNIT ( * ) SI_UNIT ( $, .STERADIAN. ) SOLID_ANGLE_UNIT ( ) );
#4562 = PRESENTATION_STYLE_ASSIGNMENT (( #2639 ) ) ;
#4563 = FACE_BOUND ( 'NONE', #2725, .T. ) ;
#4564 = LINE ( 'NONE', #1948, #4201 ) ;
#4565 = VERTEX_POINT ( 'NONE', #3862 ) ;
#4566 = CARTESIAN_POINT ( 'NONE',  ( -0.1199999970199999016, 9.810000000000000497, 1.150000002980000158 ) ) ;
#4567 = CARTESIAN_POINT ( 'NONE',  ( -0.3200000000000000067, 9.609999997019999185, 0.9499999999999999556 ) ) ;
#4568 = DIRECTION ( 'NONE',  ( -0.0000000000000000000, 1.000000000000000000, 0.0000000000000000000 ) ) ;
#4569 = FILL_AREA_STYLE_COLOUR ( '', #3086 ) ;
#4570 = AXIS2_PLACEMENT_3D ( 'NONE', #4708, #3963, #1060 ) ;
#4571 = EDGE_CURVE ( 'NONE', #3476, #3739, #877, .T. ) ;
#4572 = ADVANCED_FACE ( 'NONE', ( #1273 ), #1319, .F. ) ;
#4573 = CARTESIAN_POINT ( 'NONE',  ( 4.759999923706000224, 3.809999961852999828, 1.590000000000000080 ) ) ;
#4574 = PRESENTATION_LAYER_ASSIGNMENT (  '', '', ( #7 ) ) ;
#4575 = LINE ( 'NONE', #2026, #737 ) ;
#4576 = CARTESIAN_POINT ( 'NONE',  ( 3.959999929667000096, 1.520000000000000018, 2.364999994040000164 ) ) ;
#4577 = CARTESIAN_POINT ( 'NONE',  ( -0.3200000000000000067, 0.3200000000000000067, -2.799999997020000020 ) ) ;
#4578 = ORIENTED_EDGE ( 'NONE', *, *, #12, .T. ) ;
#4579 = PRODUCT_DEFINITION_CONTEXT ( 'detailed design', #1361, 'design' ) ;
#4580 = VECTOR ( 'NONE', #969, 1000.000000000000000 ) ;
#4581 = EDGE_CURVE ( 'NONE', #703, #1506, #3494, .T. ) ;
#4582 = ORIENTED_EDGE ( 'NONE', *, *, #4308, .T. ) ;
#4583 = CARTESIAN_POINT ( 'NONE',  ( 1.119999994040001612, 3.809999961853000716, 2.364999994040001940 ) ) ;
#4584 = CARTESIAN_POINT ( 'NONE',  ( -0.1199999970200000127, 0.3200000000000000067, -3.000000000000000000 ) ) ;
#4585 = EDGE_LOOP ( 'NONE', ( #796, #1570, #2521, #2636 ) ) ;
#4586 = SURFACE_SIDE_STYLE ('',( #2687 ) ) ;
#4587 = COLOUR_RGB ( '',1.000000000000000000, 1.000000000000000000, 0.4980392156862745168 ) ;
#4588 = MECHANICAL_DESIGN_GEOMETRIC_PRESENTATION_REPRESENTATION (  '', ( #1308 ), #1393 ) ;
#4589 = CARTESIAN_POINT ( 'NONE',  ( -0.3200000000000000067, 3.809999961852999828, 0.9499999999999999556 ) ) ;
#4590 = EDGE_LOOP ( 'NONE', ( #543, #3660, #1983, #2036 ) ) ;
#4591 = PRESENTATION_LAYER_ASSIGNMENT (  '', '', ( #4519 ) ) ;
#4592 = MECHANICAL_DESIGN_GEOMETRIC_PRESENTATION_REPRESENTATION (  '', ( #2628 ), #4746 ) ;
#4593 = EDGE_LOOP ( 'NONE', ( #33, #883, #4609, #3293 ) ) ;
#4594 = CARTESIAN_POINT ( 'NONE',  ( -1.270000000000125251, 1.519999999999999130, 2.214999988079124904 ) ) ;
#4595 = PRESENTATION_LAYER_ASSIGNMENT (  '', '', ( #4445 ) ) ;
#4596 = LINE ( 'NONE', #1254, #874 ) ;
#4597 = DIRECTION ( 'NONE',  ( 0.7071067811865475727, 9.432969924854965098E-16, -0.7071067811865475727 ) ) ;
#4598 = CARTESIAN_POINT ( 'NONE',  ( 6.349999923706062255, 1.820000011921000693, 0.3250000119209377480 ) ) ;
#4599 = ORIENTED_EDGE ( 'NONE', *, *, #2838, .T. ) ;
#4600 = STYLED_ITEM ( 'NONE', ( #3854 ), #4156 ) ;
#4601 = ORIENTED_EDGE ( 'NONE', *, *, #4484, .T. ) ;
#4602 = FILL_AREA_STYLE_COLOUR ( '', #1461 ) ;
#4603 = CARTESIAN_POINT ( 'NONE',  ( 5.199999920726000369, 0.1199999970199998045, -3.000000000000000444 ) ) ;
#4604 = ORIENTED_EDGE ( 'NONE', *, *, #4195, .F. ) ;
#4605 = EDGE_CURVE ( 'NONE', #768, #224, #124, .T. ) ;
#4606 = SURFACE_SIDE_STYLE ('',( #2551 ) ) ;
#4607 = ADVANCED_FACE ( 'NONE', ( #2698 ), #1649, .F. ) ;
#4608 = AXIS2_PLACEMENT_3D ( 'NONE', #1827, #3699, #2830 ) ;
#4609 = ORIENTED_EDGE ( 'NONE', *, *, #1640, .T. ) ;
#4610 = AXIS2_PLACEMENT_3D ( 'NONE', #4463, #1861, #752 ) ;
#4611 =( NAMED_UNIT ( * ) SI_UNIT ( $, .STERADIAN. ) SOLID_ANGLE_UNIT ( ) );
#4612 = CARTESIAN_POINT ( 'NONE',  ( 2.219999961852999970, 9.810000000000000497, 0.9499999999999999556 ) ) ;
#4613 = VECTOR ( 'NONE', #4284, 1000.000000000000000 ) ;
#4614 = SURFACE_SIDE_STYLE ('',( #4633 ) ) ;
#4615 = SURFACE_STYLE_FILL_AREA ( #4281 ) ;
#4616 = FILL_AREA_STYLE ('',( #2831 ) ) ;
#4617 = ORIENTED_EDGE ( 'NONE', *, *, #2111, .T. ) ;
#4618 = UNCERTAINTY_MEASURE_WITH_UNIT (LENGTH_MEASURE( 1.000000000000000082E-05 ), #2008, 'distance_accuracy_value', 'NONE');
#4619 = ORIENTED_EDGE ( 'NONE', *, *, #145, .T. ) ;
#4620 = ORIENTED_EDGE ( 'NONE', *, *, #3949, .T. ) ;
#4621 = DIRECTION ( 'NONE',  ( 0.0000000000000000000, 1.000000000000000000, 0.0000000000000000000 ) ) ;
#4622 = EDGE_CURVE ( 'NONE', #4458, #3266, #3516, .T. ) ;
#4623 = EDGE_CURVE ( 'NONE', #592, #635, #3914, .T. ) ;
#4624 = DIRECTION ( 'NONE',  ( 1.000000000000000000, -0.0000000000000000000, 0.0000000000000000000 ) ) ;
#4625 = CARTESIAN_POINT ( 'NONE',  ( 2.759999960362999882, 0.3200000000000000067, -2.899999998509999788 ) ) ;
#4626 = EDGE_LOOP ( 'NONE', ( #165, #3582, #1279, #3709 ) ) ;
#4627 = VECTOR ( 'NONE', #3283, 1000.000000000000000 ) ;
#4628 = EDGE_CURVE ( 'NONE', #3615, #3884, #2069, .T. ) ;
#4629 = PRESENTATION_STYLE_ASSIGNMENT (( #3429 ) ) ;
#4630 = DIRECTION ( 'NONE',  ( -1.000000000000000000, -0.0000000000000000000, 0.0000000000000000000 ) ) ;
#4631 = CARTESIAN_POINT ( 'NONE',  ( 5.399999923705999905, 3.809999961852999384, 0.9499999999999999556 ) ) ;
#4632 = CARTESIAN_POINT ( 'NONE',  ( -0.3199999999999999512, 1.820000011921000693, 1.589999999999999414 ) ) ;
#4633 = SURFACE_STYLE_FILL_AREA ( #2024 ) ;
#4634 =( NAMED_UNIT ( * ) SI_UNIT ( $, .STERADIAN. ) SOLID_ANGLE_UNIT ( ) );
#4635 = DIRECTION ( 'NONE',  ( -1.000000000000000000, 0.0000000000000000000, 0.0000000000000000000 ) ) ;
#4636 = PRESENTATION_STYLE_ASSIGNMENT (( #265 ) ) ;
#4637 = CARTESIAN_POINT ( 'NONE',  ( 0.9699999880792491425, 3.809999961853000272, 0.02499999999975149531 ) ) ;
#4638 = VERTEX_POINT ( 'NONE', #3569 ) ;
#4639 = AXIS2_PLACEMENT_3D ( 'NONE', #3427, #1503, #1973 ) ;
#4640 = EDGE_LOOP ( 'NONE', ( #2214, #3702, #4143, #3144 ) ) ;
#4641 = DIRECTION ( 'NONE',  ( 0.0000000000000000000, 0.0000000000000000000, 1.000000000000000000 ) ) ;
#4642 = VECTOR ( 'NONE', #2719, 1000.000000000000000 ) ;
#4643 = PRESENTATION_STYLE_ASSIGNMENT (( #3531 ) ) ;
#4644 =( GEOMETRIC_REPRESENTATION_CONTEXT ( 3 ) GLOBAL_UNCERTAINTY_ASSIGNED_CONTEXT ( ( #1259 ) ) GLOBAL_UNIT_ASSIGNED_CONTEXT ( ( #2367, #2344, #554 ) ) REPRESENTATION_CONTEXT ( 'NONE', 'WORKASPACE' ) );
#4645 = VECTOR ( 'NONE', #2400, 1000.000000000000000 ) ;
#4646 = VECTOR ( 'NONE', #4769, 1000.000000000000000 ) ;
#4647 = CARTESIAN_POINT ( 'NONE',  ( 1.269999961853000015, 1.519999999999999574, 0.3250000119209999760 ) ) ;
#4648 = EDGE_LOOP ( 'NONE', ( #1845, #3714, #2494, #838 ) ) ;
#4649 = EDGE_CURVE ( 'NONE', #4063, #4707, #4738, .T. ) ;
#4651 = UNCERTAINTY_MEASURE_WITH_UNIT (LENGTH_MEASURE( 1.000000000000000082E-05 ), #2360, 'distance_accuracy_value', 'NONE');
#4650 = VECTOR ( 'NONE', #3197, 1000.000000000000000 ) ;
#4652 = EDGE_CURVE ( 'NONE', #2286, #574, #314, .T. ) ;
#4653 =( GEOMETRIC_REPRESENTATION_CONTEXT ( 3 ) GLOBAL_UNCERTAINTY_ASSIGNED_CONTEXT ( ( #3638 ) ) GLOBAL_UNIT_ASSIGNED_CONTEXT ( ( #3911, #1394, #3203 ) ) REPRESENTATION_CONTEXT ( 'NONE', 'WORKASPACE' ) );
#4654 = PRESENTATION_LAYER_ASSIGNMENT (  '', '', ( #1308 ) ) ;
#4655 = LINE ( 'NONE', #3204, #4041 ) ;
#4656 = EDGE_LOOP ( 'NONE', ( #3274, #1448, #901, #2734, #237 ) ) ;
#4657 = DIRECTION ( 'NONE',  ( 0.0000000000000000000, -1.510616709811000052E-15, 1.000000000000000000 ) ) ;
#4658 = FILL_AREA_STYLE_COLOUR ( '', #2670 ) ;
#4659 = EDGE_CURVE ( 'NONE', #2128, #4242, #1833, .T. ) ;
#4660 = EDGE_CURVE ( 'NONE', #4524, #3075, #1700, .T. ) ;
#4661 = COLOUR_RGB ( '',1.000000000000000000, 1.000000000000000000, 0.4980392156862745168 ) ;
#4662 = CYLINDRICAL_SURFACE ( 'NONE', #2791, 0.9499999999999999556 ) ;
#4663 = SURFACE_SIDE_STYLE ('',( #1426 ) ) ;
#4664 = MECHANICAL_DESIGN_GEOMETRIC_PRESENTATION_REPRESENTATION (  '', ( #4059 ), #946 ) ;
#4665 =( LENGTH_UNIT ( ) NAMED_UNIT ( * ) SI_UNIT ( .MILLI., .METRE. ) );
#4666 = CARTESIAN_POINT ( 'NONE',  ( -1.270000000000000018, 1.820000011921003136, 0.3250000119209999760 ) ) ;
#4667 = ORIENTED_EDGE ( 'NONE', *, *, #4095, .T. ) ;
#4668 = UNCERTAINTY_MEASURE_WITH_UNIT (LENGTH_MEASURE( 1.000000000000000082E-05 ), #348, 'distance_accuracy_value', 'NONE');
#4669 = COLOUR_RGB ( '',1.000000000000000000, 1.000000000000000000, 0.4980392156862745168 ) ;
#4670 = LINE ( 'NONE', #1333, #3194 ) ;
#4671 = DIRECTION ( 'NONE',  ( 0.0000000000000000000, 1.000000000000000000, 0.0000000000000000000 ) ) ;
#4672 = ORIENTED_EDGE ( 'NONE', *, *, #2443, .T. ) ;
#4673 = VECTOR ( 'NONE', #2674, 1000.000000000000000 ) ;
#4674 = SURFACE_STYLE_FILL_AREA ( #1336 ) ;
#4675 = PRESENTATION_LAYER_ASSIGNMENT (  '', '', ( #4600 ) ) ;
#4676 = ORIENTED_EDGE ( 'NONE', *, *, #154, .T. ) ;
#4677 = FILL_AREA_STYLE_COLOUR ( '', #2005 ) ;
#4678 = ORIENTED_EDGE ( 'NONE', *, *, #562, .T. ) ;
#4679 =( GEOMETRIC_REPRESENTATION_CONTEXT ( 3 ) GLOBAL_UNCERTAINTY_ASSIGNED_CONTEXT ( ( #4332 ) ) GLOBAL_UNIT_ASSIGNED_CONTEXT ( ( #2263, #4116, #1581 ) ) REPRESENTATION_CONTEXT ( 'NONE', 'WORKASPACE' ) );
#4680 = STYLED_ITEM ( 'NONE', ( #4089 ), #4553 ) ;
#4681 = ORIENTED_EDGE ( 'NONE', *, *, #3922, .F. ) ;
#4682 = FACE_OUTER_BOUND ( 'NONE', #3443, .T. ) ;
#4683 = SURFACE_SIDE_STYLE ('',( #1726 ) ) ;
#4684 = CARTESIAN_POINT ( 'NONE',  ( 0.3199999999999999512, 1.820000011921000693, 0.9499999999999992895 ) ) ;
#4685 = EDGE_CURVE ( 'NONE', #2820, #3062, #2880, .T. ) ;
#4686 = PLANE ( 'NONE',  #3101 ) ;
#4687 = EDGE_CURVE ( 'NONE', #1506, #3379, #2132, .T. ) ;
#4688 = FILL_AREA_STYLE ('',( #362 ) ) ;
#4689 = LINE ( 'NONE', #220, #4613 ) ;
#4690 =( LENGTH_UNIT ( ) NAMED_UNIT ( * ) SI_UNIT ( .MILLI., .METRE. ) );
#4691 = MECHANICAL_DESIGN_GEOMETRIC_PRESENTATION_REPRESENTATION (  '', ( #4231 ), #2735 ) ;
#4692 = FILL_AREA_STYLE_COLOUR ( '', #3275 ) ;
#4693 = ADVANCED_FACE ( 'NONE', ( #4682 ), #1016, .T. ) ;
#4694 = CARTESIAN_POINT ( 'NONE',  ( 4.759999923706000224, 1.820000011921000249, 1.590000000000000080 ) ) ;
#4695 = FILL_AREA_STYLE_COLOUR ( '', #634 ) ;
#4696 = DIRECTION ( 'NONE',  ( -1.000000000000000000, -0.0000000000000000000, -0.0000000000000000000 ) ) ;
#4697 = ORIENTED_EDGE ( 'NONE', *, *, #2742, .F. ) ;
#4698 = CARTESIAN_POINT ( 'NONE',  ( 3.809999961852999828, 1.520000000000000018, 0.02500000000000000139 ) ) ;
#4699 = LINE ( 'NONE', #3951, #3560 ) ;
#4700 = VERTEX_POINT ( 'NONE', #2827 ) ;
#4701 = LINE ( 'NONE', #3953, #2384 ) ;
#4702 = VERTEX_POINT ( 'NONE', #2473 ) ;
#4703 = SURFACE_SIDE_STYLE ('',( #912 ) ) ;
#4704 = UNCERTAINTY_MEASURE_WITH_UNIT (LENGTH_MEASURE( 1.000000000000000082E-05 ), #4165, 'distance_accuracy_value', 'NONE');
#4705 = PRODUCT_DEFINITION_SHAPE ( 'NONE', 'NONE',  #3804 ) ;
#4706 = CARTESIAN_POINT ( 'NONE',  ( 1.270000000000000018, 1.520000000000000018, 2.214999988079000115 ) ) ;
#4707 = VERTEX_POINT ( 'NONE', #1747 ) ;
#4708 = CARTESIAN_POINT ( 'NONE',  ( 4.759999923706000224, 1.270000000000000018, -4.440892098500999885E-16 ) ) ;
#4709 = AXIS2_PLACEMENT_3D ( 'NONE', #1748, #711, #1802 ) ;
#4710 = CARTESIAN_POINT ( 'NONE',  ( 3.809999923706000047, 1.519999999999999574, 0.3250000119209999760 ) ) ;
#4711 = PRESENTATION_LAYER_ASSIGNMENT (  '', '', ( #2755 ) ) ;
#4712 = FILL_AREA_STYLE ('',( #3285 ) ) ;
#4713 = DIRECTION ( 'NONE',  ( -0.7071067811865474617, -0.0000000000000000000, -0.7071067811865474617 ) ) ;
#4714 = CARTESIAN_POINT ( 'NONE',  ( 2.419999964832999950, -0.1199999970199999572, -3.000000000000000444 ) ) ;
#4715 = CARTESIAN_POINT ( 'NONE',  ( 5.199999920726000369, -0.1199999970199998184, -3.000000000000000000 ) ) ;
#4716 = CARTESIAN_POINT ( 'NONE',  ( -0.3200000000000000067, 9.810000000000000497, 1.150000002980000158 ) ) ;
#4717 = DIRECTION ( 'NONE',  ( 0.0000000000000000000, 0.0000000000000000000, 1.000000000000000000 ) ) ;
#4718 = STYLED_ITEM ( 'NONE', ( #2457 ), #889 ) ;
#4719 = UNCERTAINTY_MEASURE_WITH_UNIT (LENGTH_MEASURE( 1.000000000000000082E-05 ), #3214, 'distance_accuracy_value', 'NONE');
#4720 = EDGE_CURVE ( 'NONE', #4369, #4557, #4426, .T. ) ;
#4721 = FACE_OUTER_BOUND ( 'NONE', #4045, .T. ) ;
#4722 = STYLED_ITEM ( 'NONE', ( #2700 ), #1153 ) ;
#4723 = DIRECTION ( 'NONE',  ( 0.0000000000000000000, -1.000000000000000000, -1.332267629549999902E-15 ) ) ;
#4724 = FILL_AREA_STYLE ('',( #4054 ) ) ;
#4725 = ORIENTED_EDGE ( 'NONE', *, *, #1575, .T. ) ;
#4726 = LINE ( 'NONE', #1714, #207 ) ;
#4727 = ADVANCED_FACE ( 'NONE', ( #1087 ), #2550, .T. ) ;
#4728 = VECTOR ( 'NONE', #4347, 1000.000000000000000 ) ;
#4729 = VECTOR ( 'NONE', #1550, 1000.000000000000000 ) ;
#4730 = LINE ( 'NONE', #3167, #1451 ) ;
#4731 = DIRECTION ( 'NONE',  ( 0.7071067811865475727, 0.0000000000000000000, -0.7071067811865475727 ) ) ;
#4732 = ORIENTED_EDGE ( 'NONE', *, *, #3082, .F. ) ;
#4733 =( NAMED_UNIT ( * ) PLANE_ANGLE_UNIT ( ) SI_UNIT ( $, .RADIAN. ) );
#4734 = AXIS2_PLACEMENT_3D ( 'NONE', #1553, #457, #3860 ) ;
#4735 = CYLINDRICAL_SURFACE ( 'NONE', #4739, 0.9499999999999999556 ) ;
#4736 = ORIENTED_EDGE ( 'NONE', *, *, #1383, .T. ) ;
#4737 =( GEOMETRIC_REPRESENTATION_CONTEXT ( 3 ) GLOBAL_UNCERTAINTY_ASSIGNED_CONTEXT ( ( #4758 ) ) GLOBAL_UNIT_ASSIGNED_CONTEXT ( ( #405, #3669, #4475 ) ) REPRESENTATION_CONTEXT ( 'NONE', 'WORKASPACE' ) );
#4738 = LINE ( 'NONE', #3642, #378 ) ;
#4739 = AXIS2_PLACEMENT_3D ( 'NONE', #1772, #336, #4788 ) ;
#4740 = MECHANICAL_DESIGN_GEOMETRIC_PRESENTATION_REPRESENTATION (  '', ( #1688 ), #2620 ) ;
#4741 = DIRECTION ( 'NONE',  ( 0.0000000000000000000, -1.000000000000000000, -0.0000000000000000000 ) ) ;
#4742 = LINE ( 'NONE', #4328, #1330 ) ;
#4743 = FILL_AREA_STYLE ('',( #288 ) ) ;
#4744 = STYLED_ITEM ( 'NONE', ( #2930 ), #3111 ) ;
#4745 = CARTESIAN_POINT ( 'NONE',  ( -1.270000000000062634, 1.820000011921000249, 2.214999988079062732 ) ) ;
#4746 =( GEOMETRIC_REPRESENTATION_CONTEXT ( 3 ) GLOBAL_UNCERTAINTY_ASSIGNED_CONTEXT ( ( #291 ) ) GLOBAL_UNIT_ASSIGNED_CONTEXT ( ( #4040, #341, #3364 ) ) REPRESENTATION_CONTEXT ( 'NONE', 'WORKASPACE' ) );
#4747 = SURFACE_STYLE_FILL_AREA ( #2095 ) ;
#4748 = FILL_AREA_STYLE ('',( #4053 ) ) ;
#4749 = SURFACE_STYLE_FILL_AREA ( #647 ) ;
#4750 = FILL_AREA_STYLE ('',( #397 ) ) ;
#4751 = SURFACE_SIDE_STYLE ('',( #650 ) ) ;
#4752 = STYLED_ITEM ( 'NONE', ( #769 ), #3528 ) ;
#4753 = MECHANICAL_DESIGN_GEOMETRIC_PRESENTATION_REPRESENTATION (  '', ( #3037 ), #1176 ) ;
#4754 = CARTESIAN_POINT ( 'NONE',  ( 4.959999926685999760, 9.810000000000000497, 1.389999997019999878 ) ) ;
#4755 = EDGE_CURVE ( 'NONE', #1457, #2128, #763, .T. ) ;
#4756 = ORIENTED_EDGE ( 'NONE', *, *, #827, .T. ) ;
#4757 = DIRECTION ( 'NONE',  ( 6.670117000593702191E-16, 1.000000000000000000, 6.670117000593702191E-16 ) ) ;
#4758 = UNCERTAINTY_MEASURE_WITH_UNIT (LENGTH_MEASURE( 1.000000000000000082E-05 ), #405, 'distance_accuracy_value', 'NONE');
#4759 = VECTOR ( 'NONE', #3835, 1000.000000000000000 ) ;
#4760 = DIRECTION ( 'NONE',  ( 1.000000000000000000, 0.0000000000000000000, 0.0000000000000000000 ) ) ;
#4761 = CARTESIAN_POINT ( 'NONE',  ( 3.809999961853124617, 1.519999999999998241, 2.214999988079124904 ) ) ;
#4762 = EDGE_CURVE ( 'NONE', #2958, #1126, #739, .T. ) ;
#4763 = VERTEX_POINT ( 'NONE', #432 ) ;
#4764 = MECHANICAL_DESIGN_GEOMETRIC_PRESENTATION_REPRESENTATION (  '', ( #4142 ), #1182 ) ;
#4765 = DIRECTION ( 'NONE',  ( -1.000000000000000000, 0.0000000000000000000, -0.0000000000000000000 ) ) ;
#4766 = CARTESIAN_POINT ( 'NONE',  ( 2.859999961853000094, 0.3199999999999999512, -2.799999997020000020 ) ) ;
#4767 = DIRECTION ( 'NONE',  ( -0.0000000000000000000, -0.0000000000000000000, -1.000000000000000000 ) ) ;
#4768 = STYLED_ITEM ( 'NONE', ( #3648 ), #4465 ) ;
#4769 = DIRECTION ( 'NONE',  ( -0.0000000000000000000, -1.000000000000000000, 0.0000000000000000000 ) ) ;
#4770 = LINE ( 'NONE', #318, #3960 ) ;
#4771 = LINE ( 'NONE', #2116, #1551 ) ;
#4772 =( NAMED_UNIT ( * ) SI_UNIT ( $, .STERADIAN. ) SOLID_ANGLE_UNIT ( ) );
#4773 = DIRECTION ( 'NONE',  ( -0.7071067811865474617, 0.0000000000000000000, 0.7071067811865474617 ) ) ;
#4774 = ORIENTED_EDGE ( 'NONE', *, *, #2382, .T. ) ;
#4775 = UNCERTAINTY_MEASURE_WITH_UNIT (LENGTH_MEASURE( 1.000000000000000082E-05 ), #3499, 'distance_accuracy_value', 'NONE');
#4776 = STYLED_ITEM ( 'NONE', ( #4636 ), #120 ) ;
#4777 = DIRECTION ( 'NONE',  ( -0.7071067811865475727, -0.7071067811865475727, 0.0000000000000000000 ) ) ;
#4778 = CARTESIAN_POINT ( 'NONE',  ( -1.270000000000000018, 1.520000000000000018, 0.02500000000000000139 ) ) ;
#4779 = SURFACE_STYLE_FILL_AREA ( #1789 ) ;
#4780 =( NAMED_UNIT ( * ) PLANE_ANGLE_UNIT ( ) SI_UNIT ( $, .RADIAN. ) );
#4781 = VERTEX_POINT ( 'NONE', #407 ) ;
#4782 = COLOUR_RGB ( '',0.09411764705882352811, 0.09411764705882352811, 0.09411764705882352811 ) ;
#4783 = ORIENTED_EDGE ( 'NONE', *, *, #2032, .F. ) ;
#4784 = FACE_OUTER_BOUND ( 'NONE', #3412, .T. ) ;
#4785 = VERTEX_POINT ( 'NONE', #4130 ) ;
#4786 =( NAMED_UNIT ( * ) PLANE_ANGLE_UNIT ( ) SI_UNIT ( $, .RADIAN. ) );
#4787 = ADVANCED_FACE ( 'NONE', ( #1873 ), #1484, .F. ) ;
#4788 = DIRECTION ( 'NONE',  ( 0.0000000000000000000, 0.0000000000000000000, 1.000000000000000000 ) ) ;
#4789 = LINE ( 'NONE', #4448, #2956 ) ;
#4790 = ORIENTED_EDGE ( 'NONE', *, *, #385, .F. ) ;
#4791 = CARTESIAN_POINT ( 'NONE',  ( 4.859999925195999992, -0.3200000000000000067, -2.899999998509999788 ) ) ;
#4792 = PRESENTATION_STYLE_ASSIGNMENT (( #3308 ) ) ;
#4793 = ADVANCED_FACE ( 'NONE', ( #3361 ), #4450, .T. ) ;
#4794 =( NAMED_UNIT ( * ) SI_UNIT ( $, .STERADIAN. ) SOLID_ANGLE_UNIT ( ) );
#4795 =( LENGTH_UNIT ( ) NAMED_UNIT ( * ) SI_UNIT ( .MILLI., .METRE. ) );
#4796 = COLOUR_RGB ( '',0.09411764705882352811, 0.09411764705882352811, 0.09411764705882352811 ) ;
#4797 =( NAMED_UNIT ( * ) SI_UNIT ( $, .STERADIAN. ) SOLID_ANGLE_UNIT ( ) );
#4798 = VERTEX_POINT ( 'NONE', #3858 ) ;
#4799 = VECTOR ( 'NONE', #4214, 1000.000000000000000 ) ;
#4800 = LINE ( 'NONE', #3318, #34 ) ;
#4801 = DIRECTION ( 'NONE',  ( -0.0000000000000000000, 0.0000000000000000000, -1.000000000000000000 ) ) ;
#4802 = VECTOR ( 'NONE', #2114, 1000.000000000000000 ) ;
#4803 = NEXT_ASSEMBLY_USAGE_OCCURRENCE ( 'NAUO1', ' ', ' ', #2403, #2052, $ ) ;
#4804 = NEXT_ASSEMBLY_USAGE_OCCURRENCE ( 'NAUO2', ' ', ' ', #2403, #3804, $ ) ;
ENDSEC;
END-ISO-10303-21;
