ISO-10303-21;
HEADER;
FILE_DESCRIPTION (( 'STEP AP214' ),
    '1' );
FILE_NAME ('User Library-Header_Male_RA_Low_8Pin.STEP',
    '2026-02-04T13:49:53',
    ( '' ),
    ( '' ),
    'SwSTEP 2.0',
    'SolidWorks 2022',
    '' );
FILE_SCHEMA (( 'AUTOMOTIVE_DESIGN' ));
ENDSEC;

DATA;
#1 = SURFACE_SIDE_STYLE ('',( #9631 ) ) ;
#2 = APPLICATION_CONTEXT ( 'automotive_design' ) ;
#3 = CARTESIAN_POINT ( 'NONE',  ( 5.199999920726000369, -0.1199999970199998184, -3.000000000000000000 ) ) ;
#4 = PLANE ( 'NONE',  #8685 ) ;
#5 = EDGE_LOOP ( 'NONE', ( #6051, #7044, #387, #7123, #841 ) ) ;
#6 = CARTESIAN_POINT ( 'NONE',  ( 10.03999985039200027, -0.1199999970199999016, -3.000000000000000000 ) ) ;
#7 = ORIENTED_EDGE ( 'NONE', *, *, #8214, .T. ) ;
#8 = DIRECTION ( 'NONE',  ( 0.0000000000000000000, -0.7071067811865475727, -0.7071067811865475727 ) ) ;
#9 = ORIENTED_EDGE ( 'NONE', *, *, #11273, .T. ) ;
#10 = DIRECTION ( 'NONE',  ( 0.7071067811865474617, -0.0000000000000000000, 0.7071067811865474617 ) ) ;
#11 = ORIENTED_EDGE ( 'NONE', *, *, #8734, .T. ) ;
#12 =( LENGTH_UNIT ( ) NAMED_UNIT ( * ) SI_UNIT ( .MILLI., .METRE. ) );
#13 = VECTOR ( 'NONE', #3748, 1000.000000000000000 ) ;
#14 = UNCERTAINTY_MEASURE_WITH_UNIT (LENGTH_MEASURE( 1.000000000000000082E-05 ), #9842, 'distance_accuracy_value', 'NONE');
#15 = DIRECTION ( 'NONE',  ( -0.7071067811865474617, 0.0000000000000000000, 0.7071067811865474617 ) ) ;
#16 = SURFACE_SIDE_STYLE ('',( #8755 ) ) ;
#17 = ORIENTED_EDGE ( 'NONE', *, *, #7663, .T. ) ;
#18 = DIRECTION ( 'NONE',  ( -0.7071067811865475727, 9.398244244348984524E-16, -0.7071067811865475727 ) ) ;
#19 = PRESENTATION_LAYER_ASSIGNMENT (  '', '', ( #814 ) ) ;
#20 = VERTEX_POINT ( 'NONE', #3132 ) ;
#21 = ADVANCED_FACE ( 'NONE', ( #7014 ), #10994, .T. ) ;
#22 = PLANE ( 'NONE',  #9079 ) ;
#23 = ADVANCED_FACE ( 'NONE', ( #3196 ), #1158, .T. ) ;
#24 = COLOUR_RGB ( '',0.09411764705882352811, 0.09411764705882352811, 0.09411764705882352811 ) ;
#25 = ADVANCED_FACE ( 'NONE', ( #6894 ), #5868, .T. ) ;
#26 = DIRECTION ( 'NONE',  ( 0.0000000000000000000, -0.0000000000000000000, 1.000000000000000000 ) ) ;
#27 =( LENGTH_UNIT ( ) NAMED_UNIT ( * ) SI_UNIT ( .MILLI., .METRE. ) );
#28 = CARTESIAN_POINT ( 'NONE',  ( 16.20999975919712455, 1.520000000000000018, 0.02499999999987480293 ) ) ;
#29 = AXIS2_PLACEMENT_3D ( 'NONE', #5059, #1039, #2895 ) ;
#30 = DIRECTION ( 'NONE',  ( 0.0000000000000000000, 0.0000000000000000000, -1.000000000000000000 ) ) ;
#31 = VERTEX_POINT ( 'NONE', #1338 ) ;
#32 = ORIENTED_EDGE ( 'NONE', *, *, #2011, .F. ) ;
#33 =( GEOMETRIC_REPRESENTATION_CONTEXT ( 3 ) GLOBAL_UNCERTAINTY_ASSIGNED_CONTEXT ( ( #590 ) ) GLOBAL_UNIT_ASSIGNED_CONTEXT ( ( #4448, #10094, #9144 ) ) REPRESENTATION_CONTEXT ( 'NONE', 'WORKASPACE' ) );
#34 = CARTESIAN_POINT ( 'NONE',  ( 11.72999982118600037, 1.520000000000000018, 0.02499999999999983485 ) ) ;
#35 = PRESENTATION_STYLE_ASSIGNMENT (( #6669 ) ) ;
#36 = AXIS2_PLACEMENT_3D ( 'NONE', #2911, #8856, #5006 ) ;
#37 = ADVANCED_FACE ( 'NONE', ( #7197 ), #7144, .F. ) ;
#38 = DIRECTION ( 'NONE',  ( 0.0000000000000000000, 1.609823385705999920E-15, -1.000000000000000000 ) ) ;
#39 = SURFACE_STYLE_USAGE ( .BOTH. , #10764 ) ;
#40 =( NAMED_UNIT ( * ) PLANE_ANGLE_UNIT ( ) SI_UNIT ( $, .RADIAN. ) );
#41 = ORIENTED_EDGE ( 'NONE', *, *, #12565, .T. ) ;
#42 = LINE ( 'NONE', #11530, #8463 ) ;
#43 = EDGE_LOOP ( 'NONE', ( #9968, #9869, #1190, #3729 ) ) ;
#44 = COLOUR_RGB ( '',1.000000000000000000, 1.000000000000000000, 0.4980392156862745168 ) ;
#45 = STYLED_ITEM ( 'NONE', ( #12534 ), #5846 ) ;
#46 = ORIENTED_EDGE ( 'NONE', *, *, #5800, .T. ) ;
#47 = CARTESIAN_POINT ( 'NONE',  ( 14.91999977111800035, -0.1199999970200000127, -3.000000000000000000 ) ) ;
#48 = ORIENTED_EDGE ( 'NONE', *, *, #7298, .T. ) ;
#49 = MECHANICAL_DESIGN_GEOMETRIC_PRESENTATION_REPRESENTATION (  '', ( #6138 ), #7367 ) ;
#50 = SURFACE_STYLE_FILL_AREA ( #3850 ) ;
#51 = PLANE ( 'NONE',  #4375 ) ;
#52 = SURFACE_STYLE_USAGE ( .BOTH. , #6684 ) ;
#53 = LINE ( 'NONE', #1055, #202 ) ;
#54 = LINE ( 'NONE', #2666, #1180 ) ;
#55 = AXIS2_PLACEMENT_3D ( 'NONE', #11310, #10429, #12392 ) ;
#56 = EDGE_CURVE ( 'NONE', #1264, #1311, #4391, .T. ) ;
#57 = DIRECTION ( 'NONE',  ( -0.0000000000000000000, -0.0000000000000000000, 1.000000000000000000 ) ) ;
#58 = VECTOR ( 'NONE', #11858, 999.9999999999998863 ) ;
#59 = SURFACE_STYLE_FILL_AREA ( #4942 ) ;
#60 = DIRECTION ( 'NONE',  ( -0.0000000000000000000, -0.0000000000000000000, 1.000000000000000000 ) ) ;
#61 = ORIENTED_EDGE ( 'NONE', *, *, #7211, .F. ) ;
#62 = DIRECTION ( 'NONE',  ( -1.000000000000000000, 0.0000000000000000000, 0.0000000000000000000 ) ) ;
#63 = VERTEX_POINT ( 'NONE', #9347 ) ;
#64 = VERTEX_POINT ( 'NONE', #6250 ) ;
#65 = PRESENTATION_LAYER_ASSIGNMENT (  '', '', ( #663 ) ) ;
#66 = LINE ( 'NONE', #11494, #4979 ) ;
#67 = ORIENTED_EDGE ( 'NONE', *, *, #7840, .F. ) ;
#68 =( NAMED_UNIT ( * ) SI_UNIT ( $, .STERADIAN. ) SOLID_ANGLE_UNIT ( ) );
#69 = FACE_OUTER_BOUND ( 'NONE', #6101, .T. ) ;
#70 =( GEOMETRIC_REPRESENTATION_CONTEXT ( 3 ) GLOBAL_UNCERTAINTY_ASSIGNED_CONTEXT ( ( #6062 ) ) GLOBAL_UNIT_ASSIGNED_CONTEXT ( ( #3434, #3250, #8358 ) ) REPRESENTATION_CONTEXT ( 'NONE', 'WORKASPACE' ) );
#71 = EDGE_CURVE ( 'NONE', #487, #6113, #10046, .T. ) ;
#72 = UNCERTAINTY_MEASURE_WITH_UNIT (LENGTH_MEASURE( 1.000000000000000082E-05 ), #5803, 'distance_accuracy_value', 'NONE');
#73 = CARTESIAN_POINT ( 'NONE',  ( 2.859999961853000094, -0.3200000000000002287, -2.799999997019999576 ) ) ;
#74 =( GEOMETRIC_REPRESENTATION_CONTEXT ( 3 ) GLOBAL_UNCERTAINTY_ASSIGNED_CONTEXT ( ( #12307 ) ) GLOBAL_UNIT_ASSIGNED_CONTEXT ( ( #10598, #3806, #5711 ) ) REPRESENTATION_CONTEXT ( 'NONE', 'WORKASPACE' ) );
#75 = PLANE ( 'NONE',  #5684 ) ;
#76 = ORIENTED_EDGE ( 'NONE', *, *, #5351, .F. ) ;
#77 = DIRECTION ( 'NONE',  ( 0.0000000000000000000, -1.000000000000000000, 0.0000000000000000000 ) ) ;
#78 = UNCERTAINTY_MEASURE_WITH_UNIT (LENGTH_MEASURE( 1.000000000000000082E-05 ), #9099, 'distance_accuracy_value', 'NONE');
#79 = DIRECTION ( 'NONE',  ( 0.0000000000000000000, 1.554312234475000050E-15, -1.000000000000000000 ) ) ;
#80 = ORIENTED_EDGE ( 'NONE', *, *, #10523, .F. ) ;
#81 = SURFACE_STYLE_USAGE ( .BOTH. , #11881 ) ;
#82 = LINE ( 'NONE', #3941, #4151 ) ;
#83 = LINE ( 'NONE', #900, #8615 ) ;
#84 = CARTESIAN_POINT ( 'NONE',  ( 18.89999972701100006, 1.520000000000000018, 2.364999994040000164 ) ) ;
#85 = LINE ( 'NONE', #3621, #9899 ) ;
#86 = DIRECTION ( 'NONE',  ( 1.000000000000000000, -0.0000000000000000000, 0.0000000000000000000 ) ) ;
#87 =( NAMED_UNIT ( * ) PLANE_ANGLE_UNIT ( ) SI_UNIT ( $, .RADIAN. ) );
#88 = CARTESIAN_POINT ( 'NONE',  ( 1.270000000000000018, 1.520000000000000018, 2.515000000000000124 ) ) ;
#89 = DIRECTION ( 'NONE',  ( -0.7071067811865474617, 0.0000000000000000000, 0.7071067811865474617 ) ) ;
#90 = FACE_OUTER_BOUND ( 'NONE', #2781, .T. ) ;
#91 = VERTEX_POINT ( 'NONE', #6187 ) ;
#92 = ORIENTED_EDGE ( 'NONE', *, *, #2844, .T. ) ;
#93 =( NAMED_UNIT ( * ) SI_UNIT ( $, .STERADIAN. ) SOLID_ANGLE_UNIT ( ) );
#94 = SURFACE_STYLE_USAGE ( .BOTH. , #2770 ) ;
#95 =( NAMED_UNIT ( * ) PLANE_ANGLE_UNIT ( ) SI_UNIT ( $, .RADIAN. ) );
#96 = PRESENTATION_STYLE_ASSIGNMENT (( #11960 ) ) ;
#97 = EDGE_CURVE ( 'NONE', #9675, #5072, #9150, .T. ) ;
#98 = ADVANCED_FACE ( 'NONE', ( #4258 ), #4324, .T. ) ;
#99 =( NAMED_UNIT ( * ) PLANE_ANGLE_UNIT ( ) SI_UNIT ( $, .RADIAN. ) );
#100 =( NAMED_UNIT ( * ) SI_UNIT ( $, .STERADIAN. ) SOLID_ANGLE_UNIT ( ) );
#101 = ORIENTED_EDGE ( 'NONE', *, *, #4463, .T. ) ;
#102 = COLOUR_RGB ( '',0.09411764705882352811, 0.09411764705882352811, 0.09411764705882352811 ) ;
#103 =( LENGTH_UNIT ( ) NAMED_UNIT ( * ) SI_UNIT ( .MILLI., .METRE. ) );
#104 = ORIENTED_EDGE ( 'NONE', *, *, #11078, .T. ) ;
#105 = VECTOR ( 'NONE', #9829, 1000.000000000000114 ) ;
#106 = ORIENTED_EDGE ( 'NONE', *, *, #3705, .F. ) ;
#107 = DIRECTION ( 'NONE',  ( -1.000000000000000000, 0.0000000000000000000, 0.0000000000000000000 ) ) ;
#108 = VERTEX_POINT ( 'NONE', #11379 ) ;
#109 = FACE_OUTER_BOUND ( 'NONE', #571, .T. ) ;
#110 = CARTESIAN_POINT ( 'NONE',  ( 9.839999847412000733, 9.810000000000000497, 1.389999997020000100 ) ) ;
#111 =( NAMED_UNIT ( * ) PLANE_ANGLE_UNIT ( ) SI_UNIT ( $, .RADIAN. ) );
#112 = DIRECTION ( 'NONE',  ( 0.0000000000000000000, 1.000000000000000000, 1.332267629549999902E-15 ) ) ;
#113 = EDGE_CURVE ( 'NONE', #6525, #11126, #7581, .T. ) ;
#114 =( NAMED_UNIT ( * ) PLANE_ANGLE_UNIT ( ) SI_UNIT ( $, .RADIAN. ) );
#115 = VECTOR ( 'NONE', #9242, 1000.000000000000000 ) ;
#116 = CIRCLE ( 'NONE', #8878, 1.590000000000000080 ) ;
#117 = VECTOR ( 'NONE', #3610, 1000.000000000000000 ) ;
#118 = PRESENTATION_LAYER_ASSIGNMENT (  '', '', ( #8882 ) ) ;
#119 =( GEOMETRIC_REPRESENTATION_CONTEXT ( 3 ) GLOBAL_UNCERTAINTY_ASSIGNED_CONTEXT ( ( #11071 ) ) GLOBAL_UNIT_ASSIGNED_CONTEXT ( ( #7139, #6112, #4071 ) ) REPRESENTATION_CONTEXT ( 'NONE', 'WORKASPACE' ) );
#120 = LINE ( 'NONE', #6092, #8909 ) ;
#121 = LINE ( 'NONE', #3985, #3461 ) ;
#122 = CARTESIAN_POINT ( 'NONE',  ( 3.809999961852999828, 3.809999961852999828, 0.02500000000000000139 ) ) ;
#123 = ORIENTED_EDGE ( 'NONE', *, *, #7701, .F. ) ;
#124 = DIRECTION ( 'NONE',  ( 0.0000000000000000000, -1.000000000000000000, -1.554312234475000050E-15 ) ) ;
#125 = MECHANICAL_DESIGN_GEOMETRIC_PRESENTATION_REPRESENTATION (  '', ( #11129 ), #7034 ) ;
#126 = EDGE_LOOP ( 'NONE', ( #6362, #5783, #11930, #8336 ) ) ;
#127 = PRESENTATION_LAYER_ASSIGNMENT (  '', '', ( #5607 ) ) ;
#128 = CARTESIAN_POINT ( 'NONE',  ( 7.939999885558998827, 3.809999961852999828, 0.9499999999999999556 ) ) ;
#129 = VERTEX_POINT ( 'NONE', #9467 ) ;
#130 = FILL_AREA_STYLE_COLOUR ( '', #6750 ) ;
#131 =( NAMED_UNIT ( * ) SI_UNIT ( $, .STERADIAN. ) SOLID_ANGLE_UNIT ( ) );
#132 = LINE ( 'NONE', #1015, #2575 ) ;
#133 = STYLED_ITEM ( 'NONE', ( #1915 ), #12350 ) ;
#134 = CLOSED_SHELL ( 'NONE', ( #8444, #12383, #1261, #2086, #11646, #4812, #5051, #12057, #4411, #9360, #6598, #8875, #12442, #11965, #6765, #4878, #11321, #1474 ) ) ;
#135 =( NAMED_UNIT ( * ) SI_UNIT ( $, .STERADIAN. ) SOLID_ANGLE_UNIT ( ) );
#136 = PRESENTATION_LAYER_ASSIGNMENT (  '', '', ( #6442 ) ) ;
#137 = PRESENTATION_LAYER_ASSIGNMENT (  '', '', ( #10931 ) ) ;
#138 = MECHANICAL_DESIGN_GEOMETRIC_PRESENTATION_REPRESENTATION (  '', ( #10497 ), #1951 ) ;
#139 = ADVANCED_FACE ( 'NONE', ( #9593 ), #7705, .T. ) ;
#140 = MECHANICAL_DESIGN_GEOMETRIC_PRESENTATION_REPRESENTATION (  '', ( #3180 ), #5625 ) ;
#141 = ORIENTED_EDGE ( 'NONE', *, *, #5760, .F. ) ;
#142 = DIRECTION ( 'NONE',  ( 0.0000000000000000000, 0.0000000000000000000, 1.000000000000000000 ) ) ;
#143 = DIRECTION ( 'NONE',  ( -0.0000000000000000000, 1.000000000000000000, 1.510616709811000052E-15 ) ) ;
#144 = ORIENTED_EDGE ( 'NONE', *, *, #11401, .T. ) ;
#145 = CARTESIAN_POINT ( 'NONE',  ( 2.859999961853000094, 1.270000000000000018, 0.9499999999999997335 ) ) ;
#146 = SURFACE_STYLE_USAGE ( .BOTH. , #3825 ) ;
#147 = MECHANICAL_DESIGN_GEOMETRIC_PRESENTATION_REPRESENTATION (  '', ( #2167 ), #1957 ) ;
#148 = EDGE_CURVE ( 'NONE', #765, #5552, #6455, .T. ) ;
#149 = DIRECTION ( 'NONE',  ( 0.0000000000000000000, -0.0000000000000000000, 1.000000000000000000 ) ) ;
#150 = CARTESIAN_POINT ( 'NONE',  ( 7.299999885559000035, 1.270000000000000018, 1.590000000000000080 ) ) ;
#151 = PRESENTATION_LAYER_ASSIGNMENT (  '', '', ( #2989 ) ) ;
#152 = LINE ( 'NONE', #7970, #8176 ) ;
#153 = SURFACE_STYLE_FILL_AREA ( #4078 ) ;
#154 = COLOUR_RGB ( '',1.000000000000000000, 1.000000000000000000, 0.4980392156862745168 ) ;
#155 = DIRECTION ( 'NONE',  ( 0.0000000000000000000, 1.000000000000000000, 1.609823385705999920E-15 ) ) ;
#156 = ADVANCED_FACE ( 'NONE', ( #3562 ), #8431, .T. ) ;
#157 = AXIS2_PLACEMENT_3D ( 'NONE', #5970, #1153, #10671 ) ;
#158 = VECTOR ( 'NONE', #393, 1000.000000000000000 ) ;
#159 = CARTESIAN_POINT ( 'NONE',  ( 12.37999980926499966, 1.270000000000000018, 0.9499999999999995115 ) ) ;
#160 = VECTOR ( 'NONE', #2602, 1000.000000000000000 ) ;
#161 = FILL_AREA_STYLE ('',( #4081 ) ) ;
#162 = PRESENTATION_STYLE_ASSIGNMENT (( #2308 ) ) ;
#163 = EDGE_CURVE ( 'NONE', #5347, #4500, #696, .T. ) ;
#164 = DIRECTION ( 'NONE',  ( 1.000000000000000000, 0.0000000000000000000, -0.0000000000000000000 ) ) ;
#165 = COLOUR_RGB ( '',0.09411764705882352811, 0.09411764705882352811, 0.09411764705882352811 ) ;
#166 = ORIENTED_EDGE ( 'NONE', *, *, #7608, .F. ) ;
#167 = SURFACE_STYLE_FILL_AREA ( #2657 ) ;
#168 = ORIENTED_EDGE ( 'NONE', *, *, #2597, .F. ) ;
#169 =( NAMED_UNIT ( * ) PLANE_ANGLE_UNIT ( ) SI_UNIT ( $, .RADIAN. ) );
#170 = PRESENTATION_LAYER_ASSIGNMENT (  '', '', ( #6266 ) ) ;
#171 = CARTESIAN_POINT ( 'NONE',  ( 13.01999980926500200, 3.809999961852999828, 0.9499999999999999556 ) ) ;
#172 = EDGE_CURVE ( 'NONE', #6525, #12462, #11555, .T. ) ;
#173 = CARTESIAN_POINT ( 'NONE',  ( 3.809999961852999828, 1.520000000000000018, 0.3250000119209999760 ) ) ;
#174 = DIRECTION ( 'NONE',  ( -0.0000000000000000000, 1.000000000000000000, 1.332267629549999902E-15 ) ) ;
#175 = SURFACE_STYLE_USAGE ( .BOTH. , #2004 ) ;
#176 =( GEOMETRIC_REPRESENTATION_CONTEXT ( 3 ) GLOBAL_UNCERTAINTY_ASSIGNED_CONTEXT ( ( #1729 ) ) GLOBAL_UNIT_ASSIGNED_CONTEXT ( ( #7225, #6489, #612 ) ) REPRESENTATION_CONTEXT ( 'NONE', 'WORKASPACE' ) );
#177 = VECTOR ( 'NONE', #3923, 1000.000000000000000 ) ;
#178 = EDGE_CURVE ( 'NONE', #12470, #8308, #1840, .T. ) ;
#179 = SURFACE_SIDE_STYLE ('',( #8050 ) ) ;
#180 = CARTESIAN_POINT ( 'NONE',  ( 2.859999961853000094, 9.709999998510001618, 1.489999998510000090 ) ) ;
#181 = LINE ( 'NONE', #1604, #6234 ) ;
#182 = DIRECTION ( 'NONE',  ( 0.0000000000000000000, 0.0000000000000000000, 1.000000000000000000 ) ) ;
#183 = ORIENTED_EDGE ( 'NONE', *, *, #9013, .F. ) ;
#184 = STYLED_ITEM ( 'NONE', ( #12269 ), #10747 ) ;
#185 = ORIENTED_EDGE ( 'NONE', *, *, #7106, .T. ) ;
#186 = AXIS2_PLACEMENT_3D ( 'NONE', #5268, #4432, #9183 ) ;
#187 = LINE ( 'NONE', #6081, #5428 ) ;
#188 = ORIENTED_EDGE ( 'NONE', *, *, #8831, .F. ) ;
#189 = ADVANCED_FACE ( 'NONE', ( #10907 ), #2873, .T. ) ;
#190 = CARTESIAN_POINT ( 'NONE',  ( 14.91999977111800035, 3.809999961852999828, 0.9499999999999999556 ) ) ;
#191 = FACE_OUTER_BOUND ( 'NONE', #11729, .T. ) ;
#192 = DIRECTION ( 'NONE',  ( 0.0000000000000000000, -1.510616709811000052E-15, 1.000000000000000000 ) ) ;
#193 = FILL_AREA_STYLE_COLOUR ( '', #3888 ) ;
#194 = EDGE_CURVE ( 'NONE', #7310, #1662, #6762, .T. ) ;
#195 =( NAMED_UNIT ( * ) PLANE_ANGLE_UNIT ( ) SI_UNIT ( $, .RADIAN. ) );
#196 = DIRECTION ( 'NONE',  ( 0.0000000000000000000, 1.000000000000000000, 1.554312234475000050E-15 ) ) ;
#197 = PRESENTATION_STYLE_ASSIGNMENT (( #3295 ) ) ;
#198 = DIRECTION ( 'NONE',  ( -1.000000000000000000, -0.0000000000000000000, -0.0000000000000000000 ) ) ;
#199 = ORIENTED_EDGE ( 'NONE', *, *, #11192, .F. ) ;
#200 =( GEOMETRIC_REPRESENTATION_CONTEXT ( 3 ) GLOBAL_UNCERTAINTY_ASSIGNED_CONTEXT ( ( #4658 ) ) GLOBAL_UNIT_ASSIGNED_CONTEXT ( ( #8599, #4694, #12297 ) ) REPRESENTATION_CONTEXT ( 'NONE', 'WORKASPACE' ) );
#201 = ORIENTED_EDGE ( 'NONE', *, *, #840, .T. ) ;
#202 = VECTOR ( 'NONE', #12536, 1000.000000000000000 ) ;
#203 = VERTEX_POINT ( 'NONE', #1142 ) ;
#204 = DIRECTION ( 'NONE',  ( 0.0000000000000000000, 0.7071067811865474617, 0.7071067811865474617 ) ) ;
#205 = ORIENTED_EDGE ( 'NONE', *, *, #9619, .T. ) ;
#206 = SURFACE_STYLE_USAGE ( .BOTH. , #3123 ) ;
#207 = EDGE_CURVE ( 'NONE', #5900, #7469, #1905, .T. ) ;
#208 = DIRECTION ( 'NONE',  ( 0.0000000000000000000, 0.0000000000000000000, 1.000000000000000000 ) ) ;
#209 = EDGE_LOOP ( 'NONE', ( #709, #5089, #957, #2611 ) ) ;
#210 = FILL_AREA_STYLE_COLOUR ( '', #6023 ) ;
#211 = CARTESIAN_POINT ( 'NONE',  ( 6.649999897479999866, 1.520000000000000018, 0.02500000000000001180 ) ) ;
#212 = UNCERTAINTY_MEASURE_WITH_UNIT (LENGTH_MEASURE( 1.000000000000000082E-05 ), #564, 'distance_accuracy_value', 'NONE');
#213 = DIRECTION ( 'NONE',  ( -0.0000000000000000000, 1.000000000000000000, 0.0000000000000000000 ) ) ;
#214 = ORIENTED_EDGE ( 'NONE', *, *, #3899, .T. ) ;
#215 = LINE ( 'NONE', #1277, #5635 ) ;
#216 = CARTESIAN_POINT ( 'NONE',  ( 16.50999973297099999, 1.519999999999996909, 2.214999988079000115 ) ) ;
#217 =( LENGTH_UNIT ( ) NAMED_UNIT ( * ) SI_UNIT ( .MILLI., .METRE. ) );
#218 = AXIS2_PLACEMENT_3D ( 'NONE', #9538, #8688, #1908 ) ;
#219 = CARTESIAN_POINT ( 'NONE',  ( 1.270000000000500062, 1.520000000000000018, 2.214999988079500159 ) ) ;
#220 = FILL_AREA_STYLE_COLOUR ( '', #9362 ) ;
#221 = EDGE_CURVE ( 'NONE', #6901, #10991, #5778, .T. ) ;
#222 = FILL_AREA_STYLE ('',( #7188 ) ) ;
#223 = UNCERTAINTY_MEASURE_WITH_UNIT (LENGTH_MEASURE( 1.000000000000000082E-05 ), #11755, 'distance_accuracy_value', 'NONE');
#224 = LINE ( 'NONE', #10055, #5934 ) ;
#225 = CARTESIAN_POINT ( 'NONE',  ( 7.299999885558999146, 9.609999997020000961, 0.9499999999999997335 ) ) ;
#226 = VERTEX_POINT ( 'NONE', #8805 ) ;
#227 = ORIENTED_EDGE ( 'NONE', *, *, #10997, .F. ) ;
#228 = SURFACE_STYLE_FILL_AREA ( #2112 ) ;
#229 = MECHANICAL_DESIGN_GEOMETRIC_PRESENTATION_REPRESENTATION (  '', ( #8782 ), #9808 ) ;
#230 = PRODUCT_DEFINITION_SHAPE ( 'NONE', 'NONE',  #10557 ) ;
#231 = CARTESIAN_POINT ( 'NONE',  ( 17.65999973595100059, -0.1199999970199999016, -2.999999999999998668 ) ) ;
#232 = FILL_AREA_STYLE_COLOUR ( '', #4019 ) ;
#233 = DIRECTION ( 'NONE',  ( 0.0000000000000000000, 0.0000000000000000000, 1.000000000000000000 ) ) ;
#234 = PRESENTATION_LAYER_ASSIGNMENT (  '', '', ( #4899 ) ) ;
#235 = EDGE_CURVE ( 'NONE', #10335, #8126, #7950, .T. ) ;
#236 = DIRECTION ( 'NONE',  ( 0.0000000000000000000, 0.0000000000000000000, 1.000000000000000000 ) ) ;
#237 = LINE ( 'NONE', #10952, #4218 ) ;
#238 = LINE ( 'NONE', #12259, #11740 ) ;
#239 = CARTESIAN_POINT ( 'NONE',  ( 4.959999926685999760, -0.1199999970199998878, -3.000000000000000444 ) ) ;
#240 = ORIENTED_EDGE ( 'NONE', *, *, #9664, .T. ) ;
#241 = EDGE_LOOP ( 'NONE', ( #10732, #10634, #1393, #6820, #11534, #12490, #4224, #8537 ) ) ;
#242 = CARTESIAN_POINT ( 'NONE',  ( 17.45999973297099928, -0.3200000000000000067, -2.799999997020000020 ) ) ;
#243 = EDGE_LOOP ( 'NONE', ( #3173, #7334, #2945, #1220 ) ) ;
#244 = ADVANCED_FACE ( 'NONE', ( #69 ), #11672, .F. ) ;
#245 = AXIS2_PLACEMENT_3D ( 'NONE', #4126, #7000, #8948 ) ;
#246 = FILL_AREA_STYLE ('',( #10006 ) ) ;
#247 = CARTESIAN_POINT ( 'NONE',  ( 13.96999977111799929, 3.809999961852999828, 0.02500000000000000139 ) ) ;
#248 = FACE_OUTER_BOUND ( 'NONE', #1312, .T. ) ;
#249 = PRESENTATION_STYLE_ASSIGNMENT (( #3235 ) ) ;
#250 = PRESENTATION_LAYER_ASSIGNMENT (  '', '', ( #8583 ) ) ;
#251 =( NAMED_UNIT ( * ) PLANE_ANGLE_UNIT ( ) SI_UNIT ( $, .RADIAN. ) );
#252 = DIRECTION ( 'NONE',  ( -1.000000000000000000, 0.0000000000000000000, 0.0000000000000000000 ) ) ;
#253 = LINE ( 'NONE', #11979, #11675 ) ;
#254 = VECTOR ( 'NONE', #10834, 1000.000000000000000 ) ;
#255 = DIRECTION ( 'NONE',  ( 0.0000000000000000000, 0.7071067811865474617, -0.7071067811865474617 ) ) ;
#256 = FILL_AREA_STYLE_COLOUR ( '', #8250 ) ;
#257 = ORIENTED_EDGE ( 'NONE', *, *, #9278, .T. ) ;
#258 = PRESENTATION_STYLE_ASSIGNMENT (( #11863 ) ) ;
#259 = ORIENTED_EDGE ( 'NONE', *, *, #5060, .F. ) ;
#260 = LINE ( 'NONE', #9835, #7449 ) ;
#261 = ORIENTED_EDGE ( 'NONE', *, *, #6549, .F. ) ;
#262 = CARTESIAN_POINT ( 'NONE',  ( 5.399999923705999905, 1.270000000000000018, 0.9499999999999999556 ) ) ;
#263 = ORIENTED_EDGE ( 'NONE', *, *, #278, .F. ) ;
#264 = DIRECTION ( 'NONE',  ( -1.000000000000000000, -0.0000000000000000000, 0.0000000000000000000 ) ) ;
#265 =( LENGTH_UNIT ( ) NAMED_UNIT ( * ) SI_UNIT ( .MILLI., .METRE. ) );
#266 = DIRECTION ( 'NONE',  ( 1.000000000000000000, -0.0000000000000000000, 0.0000000000000000000 ) ) ;
#267 = VECTOR ( 'NONE', #10871, 1000.000000000000000 ) ;
#268 = VECTOR ( 'NONE', #8249, 1000.000000000000000 ) ;
#269 = CARTESIAN_POINT ( 'NONE',  ( 17.45999973297099928, 1.270000000000000018, 1.590000000000000080 ) ) ;
#270 = LINE ( 'NONE', #8101, #7814 ) ;
#271 = ORIENTED_EDGE ( 'NONE', *, *, #6123, .T. ) ;
#272 = LINE ( 'NONE', #4134, #9646 ) ;
#273 = VECTOR ( 'NONE', #3942, 1000.000000000000114 ) ;
#274 = PLANE ( 'NONE',  #12542 ) ;
#275 = VERTEX_POINT ( 'NONE', #3121 ) ;
#276 = CARTESIAN_POINT ( 'NONE',  ( 9.839999847412000733, -0.1199999970200000127, -3.000000000000000000 ) ) ;
#277 =( NAMED_UNIT ( * ) PLANE_ANGLE_UNIT ( ) SI_UNIT ( $, .RADIAN. ) );
#278 = EDGE_CURVE ( 'NONE', #3056, #3783, #7001, .T. ) ;
#279 = DIRECTION ( 'NONE',  ( -1.000000000000000000, 0.0000000000000000000, -0.0000000000000000000 ) ) ;
#280 = CARTESIAN_POINT ( 'NONE',  ( 11.42999980926500037, 1.519999999999996909, 2.214999988079000115 ) ) ;
#281 = CARTESIAN_POINT ( 'NONE',  ( 2.219999961852999970, 0.1199999970199998184, -3.000000000000000000 ) ) ;
#282 = EDGE_LOOP ( 'NONE', ( #1791, #7869, #2076, #10470 ) ) ;
#283 =( NAMED_UNIT ( * ) PLANE_ANGLE_UNIT ( ) SI_UNIT ( $, .RADIAN. ) );
#284 = ORIENTED_EDGE ( 'NONE', *, *, #3337, .F. ) ;
#285 = FILL_AREA_STYLE_COLOUR ( '', #2599 ) ;
#286 = CARTESIAN_POINT ( 'NONE',  ( 13.96999980926506169, 1.820000011921000693, 0.3250000119209376370 ) ) ;
#287 = SURFACE_SIDE_STYLE ('',( #6133 ) ) ;
#288 = DIRECTION ( 'NONE',  ( -0.5773502691896247319, -0.5773502691896256200, -0.5773502691896269523 ) ) ;
#289 = FILL_AREA_STYLE_COLOUR ( '', #11757 ) ;
#290 = FILL_AREA_STYLE ('',( #1241 ) ) ;
#291 = DIRECTION ( 'NONE',  ( -0.0000000000000000000, 1.000000000000000000, 1.510616709811000052E-15 ) ) ;
#292 = EDGE_CURVE ( 'NONE', #9885, #9460, #1395, .T. ) ;
#293 = VERTEX_POINT ( 'NONE', #9137 ) ;
#294 = SURFACE_STYLE_FILL_AREA ( #4040 ) ;
#295 = ORIENTED_EDGE ( 'NONE', *, *, #8288, .F. ) ;
#296 =( LENGTH_UNIT ( ) NAMED_UNIT ( * ) SI_UNIT ( .MILLI., .METRE. ) );
#297 = CARTESIAN_POINT ( 'NONE',  ( 5.399999923705999905, 1.820000011921000693, 0.9499999999999992895 ) ) ;
#298 = EDGE_CURVE ( 'NONE', #2993, #9648, #320, .T. ) ;
#299 = CARTESIAN_POINT ( 'NONE',  ( 2.859999961853000094, 1.270000000000000018, 0.9499999999999999556 ) ) ;
#300 = FILL_AREA_STYLE ('',( #3157 ) ) ;
#301 = EDGE_CURVE ( 'NONE', #5228, #9409, #5154, .T. ) ;
#302 = UNCERTAINTY_MEASURE_WITH_UNIT (LENGTH_MEASURE( 1.000000000000000082E-05 ), #5204, 'distance_accuracy_value', 'NONE');
#303 = CARTESIAN_POINT ( 'NONE',  ( 0.0000000000000000000, 0.0000000000000000000, 0.0000000000000000000 ) ) ;
#304 =( NAMED_UNIT ( * ) SI_UNIT ( $, .STERADIAN. ) SOLID_ANGLE_UNIT ( ) );
#305 = PRESENTATION_STYLE_ASSIGNMENT (( #6021 ) ) ;
#306 = STYLED_ITEM ( 'NONE', ( #8164 ), #4668 ) ;
#307 = PRESENTATION_LAYER_ASSIGNMENT (  '', '', ( #3947 ) ) ;
#308 = LINE ( 'NONE', #8152, #6653 ) ;
#309 =( NAMED_UNIT ( * ) SI_UNIT ( $, .STERADIAN. ) SOLID_ANGLE_UNIT ( ) );
#310 = DIRECTION ( 'NONE',  ( -0.0000000000000000000, -0.0000000000000000000, -1.000000000000000000 ) ) ;
#311 = ORIENTED_EDGE ( 'NONE', *, *, #2545, .F. ) ;
#312 = CARTESIAN_POINT ( 'NONE',  ( 11.42999984741200059, 1.520000000000000018, 0.3250000119209999760 ) ) ;
#313 = EDGE_LOOP ( 'NONE', ( #2448, #9505, #711, #11241 ) ) ;
#314 = EDGE_LOOP ( 'NONE', ( #2010, #8772, #11596, #3757 ) ) ;
#315 = MECHANICAL_DESIGN_GEOMETRIC_PRESENTATION_REPRESENTATION (  '', ( #5989 ), #10103 ) ;
#316 =( LENGTH_UNIT ( ) NAMED_UNIT ( * ) SI_UNIT ( .MILLI., .METRE. ) );
#317 = ORIENTED_EDGE ( 'NONE', *, *, #5966, .F. ) ;
#318 = SURFACE_STYLE_USAGE ( .BOTH. , #1141 ) ;
#319 = COLOUR_RGB ( '',0.09411764705882352811, 0.09411764705882352811, 0.09411764705882352811 ) ;
#320 = LINE ( 'NONE', #1318, #6251 ) ;
#321 = VECTOR ( 'NONE', #7736, 1000.000000000000000 ) ;
#322 =( NAMED_UNIT ( * ) PLANE_ANGLE_UNIT ( ) SI_UNIT ( $, .RADIAN. ) );
#323 = CARTESIAN_POINT ( 'NONE',  ( 13.96999977111799929, 1.520000000000000018, 0.02500000000000000139 ) ) ;
#324 = CARTESIAN_POINT ( 'NONE',  ( 13.01999980926500200, 1.270000000000000018, 1.590000000000000080 ) ) ;
#325 = FILL_AREA_STYLE_COLOUR ( '', #516 ) ;
#326 = STYLED_ITEM ( 'NONE', ( #1054 ), #4987 ) ;
#327 = PRESENTATION_LAYER_ASSIGNMENT (  '', '', ( #8659 ) ) ;
#328 = ORIENTED_EDGE ( 'NONE', *, *, #5655, .F. ) ;
#329 = LINE ( 'NONE', #8105, #11162 ) ;
#330 = AXIS2_PLACEMENT_3D ( 'NONE', #6944, #5029, #10910 ) ;
#331 = ADVANCED_FACE ( 'NONE', ( #2425 ), #577, .T. ) ;
#332 = DIRECTION ( 'NONE',  ( -1.000000000000000000, -0.0000000000000000000, -0.0000000000000000000 ) ) ;
#333 = STYLED_ITEM ( 'NONE', ( #9918 ), #9384 ) ;
#334 = UNCERTAINTY_MEASURE_WITH_UNIT (LENGTH_MEASURE( 1.000000000000000082E-05 ), #9104, 'distance_accuracy_value', 'NONE');
#335 = VERTEX_POINT ( 'NONE', #12101 ) ;
#336 = CARTESIAN_POINT ( 'NONE',  ( 6.649999897479999866, 1.520000000000000018, 0.02500000000000000139 ) ) ;
#337 = CARTESIAN_POINT ( 'NONE',  ( 4.859999925195999992, 9.709999998510001618, 1.590000000000000080 ) ) ;
#338 = EDGE_CURVE ( 'NONE', #2674, #996, #506, .T. ) ;
#339 = STYLED_ITEM ( 'NONE', ( #9943 ), #2040 ) ;
#340 = PRESENTATION_LAYER_ASSIGNMENT (  '', '', ( #5806 ) ) ;
#341 = COLOUR_RGB ( '',0.09411764705882352811, 0.09411764705882352811, 0.09411764705882352811 ) ;
#342 = PRESENTATION_LAYER_ASSIGNMENT (  '', '', ( #7243 ) ) ;
#343 = EDGE_CURVE ( 'NONE', #5171, #10977, #3432, .T. ) ;
#344 = PRESENTATION_LAYER_ASSIGNMENT (  '', '', ( #3180 ) ) ;
#345 = DIRECTION ( 'NONE',  ( 0.0000000000000000000, 0.0000000000000000000, 1.000000000000000000 ) ) ;
#346 = VERTEX_POINT ( 'NONE', #8016 ) ;
#347 = AXIS2_PLACEMENT_3D ( 'NONE', #2620, #1721, #6521 ) ;
#348 =( NAMED_UNIT ( * ) SI_UNIT ( $, .STERADIAN. ) SOLID_ANGLE_UNIT ( ) );
#349 = EDGE_CURVE ( 'NONE', #6327, #8908, #2480, .T. ) ;
#350 = EDGE_LOOP ( 'NONE', ( #4287, #9830, #3069, #11460 ) ) ;
#351 = DIRECTION ( 'NONE',  ( 0.0000000000000000000, -1.000000000000000000, -1.554312234475000050E-15 ) ) ;
#352 = EDGE_LOOP ( 'NONE', ( #3497, #10133, #3804, #443 ) ) ;
#353 = MECHANICAL_DESIGN_GEOMETRIC_PRESENTATION_REPRESENTATION (  '', ( #8502 ), #9535 ) ;
#354 = STYLED_ITEM ( 'NONE', ( #4758 ), #2111 ) ;
#355 =( GEOMETRIC_REPRESENTATION_CONTEXT ( 3 ) GLOBAL_UNCERTAINTY_ASSIGNED_CONTEXT ( ( #10192 ) ) GLOBAL_UNIT_ASSIGNED_CONTEXT ( ( #7062, #10085, #4180 ) ) REPRESENTATION_CONTEXT ( 'NONE', 'WORKASPACE' ) );
#356 = FILL_AREA_STYLE ('',( #7099 ) ) ;
#357 = CARTESIAN_POINT ( 'NONE',  ( 15.55999977111799915, 3.809999961852999384, 0.9499999999999999556 ) ) ;
#358 = VECTOR ( 'NONE', #10916, 1000.000000000000000 ) ;
#359 = PRESENTATION_LAYER_ASSIGNMENT (  '', '', ( #7272 ) ) ;
#360 = CARTESIAN_POINT ( 'NONE',  ( 10.47999984741199953, 3.809999961852999384, 1.590000000000000080 ) ) ;
#361 = UNCERTAINTY_MEASURE_WITH_UNIT (LENGTH_MEASURE( 1.000000000000000082E-05 ), #2630, 'distance_accuracy_value', 'NONE');
#362 = VECTOR ( 'NONE', #507, 1000.000000000000000 ) ;
#363 = VECTOR ( 'NONE', #5421, 1000.000000000000000 ) ;
#364 = FILL_AREA_STYLE_COLOUR ( '', #102 ) ;
#365 = FILL_AREA_STYLE ('',( #11009 ) ) ;
#366 = SURFACE_SIDE_STYLE ('',( #9108 ) ) ;
#367 = SURFACE_STYLE_FILL_AREA ( #10126 ) ;
#368 = VECTOR ( 'NONE', #12055, 999.9999999999998863 ) ;
#369 = SURFACE_STYLE_USAGE ( .BOTH. , #5258 ) ;
#370 = VERTEX_POINT ( 'NONE', #7246 ) ;
#371 = LINE ( 'NONE', #4285, #7904 ) ;
#372 = ORIENTED_EDGE ( 'NONE', *, *, #672, .T. ) ;
#373 = VECTOR ( 'NONE', #2587, 1000.000000000000000 ) ;
#374 = PRESENTATION_STYLE_ASSIGNMENT (( #6150 ) ) ;
#375 = FILL_AREA_STYLE_COLOUR ( '', #1733 ) ;
#376 = CARTESIAN_POINT ( 'NONE',  ( 7.939999885558998827, 9.609999997019999185, 1.590000000000000080 ) ) ;
#377 = VECTOR ( 'NONE', #1709, 1000.000000000000000 ) ;
#378 =( NAMED_UNIT ( * ) PLANE_ANGLE_UNIT ( ) SI_UNIT ( $, .RADIAN. ) );
#379 = DIRECTION ( 'NONE',  ( 1.000000000000000000, -0.0000000000000000000, 0.0000000000000000000 ) ) ;
#380 = FILL_AREA_STYLE ('',( #10967 ) ) ;
#381 = FILL_AREA_STYLE_COLOUR ( '', #12588 ) ;
#382 = COLOUR_RGB ( '',0.09411764705882352811, 0.09411764705882352811, 0.09411764705882352811 ) ;
#383 =( LENGTH_UNIT ( ) NAMED_UNIT ( * ) SI_UNIT ( .MILLI., .METRE. ) );
#384 = ADVANCED_FACE ( 'NONE', ( #6365 ), #3179, .F. ) ;
#385 = FACE_OUTER_BOUND ( 'NONE', #5423, .T. ) ;
#386 = EDGE_CURVE ( 'NONE', #1943, #2822, #5699, .T. ) ;
#387 = ORIENTED_EDGE ( 'NONE', *, *, #4844, .T. ) ;
#388 = PRESENTATION_LAYER_ASSIGNMENT (  '', '', ( #10976 ) ) ;
#389 = CARTESIAN_POINT ( 'NONE',  ( 3.809999961852999828, 1.520000000000000018, 2.515000000000000124 ) ) ;
#390 = ORIENTED_EDGE ( 'NONE', *, *, #301, .F. ) ;
#391 = CARTESIAN_POINT ( 'NONE',  ( 11.72999982118600037, 1.520000000000000018, 0.02500000000000000139 ) ) ;
#392 = CARTESIAN_POINT ( 'NONE',  ( -1.270000000000125251, 1.519999999999999130, 2.214999988079124904 ) ) ;
#393 = DIRECTION ( 'NONE',  ( -1.000000000000000000, -0.0000000000000000000, 0.0000000000000000000 ) ) ;
#394 = VECTOR ( 'NONE', #5627, 1000.000000000000000 ) ;
#395 = PRESENTATION_STYLE_ASSIGNMENT (( #9892 ) ) ;
#396 = PRESENTATION_LAYER_ASSIGNMENT (  '', '', ( #3822 ) ) ;
#397 = DIRECTION ( 'NONE',  ( -1.000000000000000000, 0.0000000000000000000, -0.0000000000000000000 ) ) ;
#398 = PLANE ( 'NONE',  #2478 ) ;
#399 = SURFACE_STYLE_FILL_AREA ( #1525 ) ;
#400 = VERTEX_POINT ( 'NONE', #6617 ) ;
#401 = FACE_OUTER_BOUND ( 'NONE', #11432, .T. ) ;
#402 = DIRECTION ( 'NONE',  ( 0.0000000000000000000, 0.0000000000000000000, 1.000000000000000000 ) ) ;
#403 = VERTEX_POINT ( 'NONE', #9629 ) ;
#404 = CARTESIAN_POINT ( 'NONE',  ( 12.37999980926499966, 1.270000000000000018, 0.9499999999999999556 ) ) ;
#405 = DIRECTION ( 'NONE',  ( -0.7071067811865474617, -0.0000000000000000000, -0.7071067811865474617 ) ) ;
#406 = SURFACE_STYLE_USAGE ( .BOTH. , #9151 ) ;
#407 = MECHANICAL_DESIGN_GEOMETRIC_PRESENTATION_REPRESENTATION (  '', ( #2835 ), #8752 ) ;
#408 = FACE_OUTER_BOUND ( 'NONE', #9081, .T. ) ;
#409 = SURFACE_STYLE_USAGE ( .BOTH. , #9154 ) ;
#410 = EDGE_LOOP ( 'NONE', ( #11270, #2383, #11013, #7241 ) ) ;
#411 =( NAMED_UNIT ( * ) SI_UNIT ( $, .STERADIAN. ) SOLID_ANGLE_UNIT ( ) );
#412 = DIRECTION ( 'NONE',  ( 1.000000000000000000, -0.0000000000000000000, -0.0000000000000000000 ) ) ;
#413 = ORIENTED_EDGE ( 'NONE', *, *, #6941, .F. ) ;
#414 = SURFACE_STYLE_FILL_AREA ( #9161 ) ;
#415 = ORIENTED_EDGE ( 'NONE', *, *, #1093, .T. ) ;
#416 = CARTESIAN_POINT ( 'NONE',  ( 1.270000000000125251, 1.519999999999999796, 0.3250000119208749649 ) ) ;
#417 =( LENGTH_UNIT ( ) NAMED_UNIT ( * ) SI_UNIT ( .MILLI., .METRE. ) );
#418 = CIRCLE ( 'NONE', #3660, 0.9499999999999999556 ) ;
#419 = FACE_OUTER_BOUND ( 'NONE', #7202, .T. ) ;
#420 = CARTESIAN_POINT ( 'NONE',  ( 15.55999977111799915, 1.270000000000000018, -4.440892098500999885E-16 ) ) ;
#421 = DIRECTION ( 'NONE',  ( -1.000000000000000000, -0.0000000000000000000, -0.0000000000000000000 ) ) ;
#422 = FILL_AREA_STYLE ('',( #1622 ) ) ;
#423 = ORIENTED_EDGE ( 'NONE', *, *, #11856, .F. ) ;
#424 = CARTESIAN_POINT ( 'NONE',  ( 10.47999984741199953, -0.3200000000000000067, -3.000000000000000000 ) ) ;
#425 = MECHANICAL_DESIGN_GEOMETRIC_PRESENTATION_REPRESENTATION (  '', ( #617 ), #8984 ) ;
#426 = PLANE ( 'NONE',  #928 ) ;
#427 = ORIENTED_EDGE ( 'NONE', *, *, #10489, .T. ) ;
#428 = PRESENTATION_STYLE_ASSIGNMENT (( #8144 ) ) ;
#429 = SURFACE_SIDE_STYLE ('',( #10961 ) ) ;
#430 = SURFACE_STYLE_FILL_AREA ( #9178 ) ;
#431 = CARTESIAN_POINT ( 'NONE',  ( 2.219999961852999970, 3.809999961852999828, 0.9499999999999999556 ) ) ;
#432 = CARTESIAN_POINT ( 'NONE',  ( -1.119999994040000058, 1.520000000000000018, 2.364999994040000164 ) ) ;
#433 = CARTESIAN_POINT ( 'NONE',  ( 5.399999923705999905, -0.2199999985099999888, -2.899999998509999788 ) ) ;
#434 = EDGE_CURVE ( 'NONE', #4041, #2376, #7057, .T. ) ;
#435 = DIRECTION ( 'NONE',  ( -0.5773502691896259531, -0.5773502691896259531, 0.5773502691896252870 ) ) ;
#436 = VECTOR ( 'NONE', #6526, 1000.000000000000000 ) ;
#437 = DIRECTION ( 'NONE',  ( -0.7071067811865475727, 0.0000000000000000000, -0.7071067811865475727 ) ) ;
#438 = SURFACE_STYLE_FILL_AREA ( #2275 ) ;
#439 = DIRECTION ( 'NONE',  ( 0.0000000000000000000, 1.000000000000000000, 1.332267629549999902E-15 ) ) ;
#440 = VERTEX_POINT ( 'NONE', #9511 ) ;
#441 = FILL_AREA_STYLE ('',( #10336 ) ) ;
#442 = COLOUR_RGB ( '',1.000000000000000000, 1.000000000000000000, 0.4980392156862745168 ) ;
#443 = ORIENTED_EDGE ( 'NONE', *, *, #2976, .F. ) ;
#444 =( NAMED_UNIT ( * ) SI_UNIT ( $, .STERADIAN. ) SOLID_ANGLE_UNIT ( ) );
#445 = EDGE_LOOP ( 'NONE', ( #1659, #1420, #3096, #781 ) ) ;
#446 = VECTOR ( 'NONE', #9269, 1000.000000000000000 ) ;
#447 = CARTESIAN_POINT ( 'NONE',  ( 0.1199999970199998878, 9.810000000000000497, 1.389999997020000100 ) ) ;
#448 = CARTESIAN_POINT ( 'NONE',  ( -0.3199999999999999512, 3.809999961852999384, 1.590000000000000080 ) ) ;
#449 =( LENGTH_UNIT ( ) NAMED_UNIT ( * ) SI_UNIT ( .MILLI., .METRE. ) );
#450 = SURFACE_STYLE_FILL_AREA ( #9195 ) ;
#451 = MECHANICAL_DESIGN_GEOMETRIC_PRESENTATION_REPRESENTATION (  '', ( #4712 ), #6339 ) ;
#452 = CARTESIAN_POINT ( 'NONE',  ( 2.859999961853000094, 3.809999961852999384, 1.590000000000000080 ) ) ;
#453 =( NAMED_UNIT ( * ) PLANE_ANGLE_UNIT ( ) SI_UNIT ( $, .RADIAN. ) );
#454 = PRESENTATION_LAYER_ASSIGNMENT (  '', '', ( #10035 ) ) ;
#455 = CARTESIAN_POINT ( 'NONE',  ( 18.09999973297100340, -0.3200000000000000067, -3.000000000000000000 ) ) ;
#456 = ORIENTED_EDGE ( 'NONE', *, *, #1431, .F. ) ;
#457 = SURFACE_SIDE_STYLE ('',( #10228 ) ) ;
#458 = PLANE ( 'NONE',  #8826 ) ;
#459 = UNCERTAINTY_MEASURE_WITH_UNIT (LENGTH_MEASURE( 1.000000000000000082E-05 ), #4338, 'distance_accuracy_value', 'NONE');
#460 =( LENGTH_UNIT ( ) NAMED_UNIT ( * ) SI_UNIT ( .MILLI., .METRE. ) );
#461 = ORIENTED_EDGE ( 'NONE', *, *, #4523, .F. ) ;
#462 = DIRECTION ( 'NONE',  ( 0.0000000000000000000, 0.0000000000000000000, -1.000000000000000000 ) ) ;
#463 = SURFACE_STYLE_FILL_AREA ( #6253 ) ;
#464 = ADVANCED_FACE ( 'NONE', ( #1827 ), #2532, .F. ) ;
#465 = CARTESIAN_POINT ( 'NONE',  ( 14.91999977111800035, 3.809999961852999828, 1.590000000000000080 ) ) ;
#466 = VECTOR ( 'NONE', #7093, 1000.000000000000000 ) ;
#467 = EDGE_LOOP ( 'NONE', ( #1702, #9588, #2422, #261 ) ) ;
#468 = UNCERTAINTY_MEASURE_WITH_UNIT (LENGTH_MEASURE( 1.000000000000000082E-05 ), #795, 'distance_accuracy_value', 'NONE');
#469 = LINE ( 'NONE', #7465, #6111 ) ;
#470 = CARTESIAN_POINT ( 'NONE',  ( 10.47999984741199953, 0.3200000000000000067, -2.799999997020000020 ) ) ;
#471 =( NAMED_UNIT ( * ) PLANE_ANGLE_UNIT ( ) SI_UNIT ( $, .RADIAN. ) );
#472 = ORIENTED_EDGE ( 'NONE', *, *, #10857, .T. ) ;
#473 = FILL_AREA_STYLE_COLOUR ( '', #24 ) ;
#474 = ORIENTED_EDGE ( 'NONE', *, *, #5767, .F. ) ;
#475 = CARTESIAN_POINT ( 'NONE',  ( 7.839999884069000835, 0.3200000000000000067, -2.899999998509999788 ) ) ;
#476 = VECTOR ( 'NONE', #6378, 1000.000000000000000 ) ;
#477 = CARTESIAN_POINT ( 'NONE',  ( 15.55999977111799915, 0.3200000000000000067, -4.388850394221508810E-16 ) ) ;
#478 = CARTESIAN_POINT ( 'NONE',  ( 15.55999977111799915, 3.809999961852999828, 0.9499999999999999556 ) ) ;
#479 = UNCERTAINTY_MEASURE_WITH_UNIT (LENGTH_MEASURE( 1.000000000000000082E-05 ), #7339, 'distance_accuracy_value', 'NONE');
#480 =( LENGTH_UNIT ( ) NAMED_UNIT ( * ) SI_UNIT ( .MILLI., .METRE. ) );
#481 = DIRECTION ( 'NONE',  ( -1.000000000000000000, 0.0000000000000000000, -0.0000000000000000000 ) ) ;
#482 = CARTESIAN_POINT ( 'NONE',  ( 0.3200000000000000067, 3.809999961852999828, 1.590000000000000080 ) ) ;
#483 =( NAMED_UNIT ( * ) PLANE_ANGLE_UNIT ( ) SI_UNIT ( $, .RADIAN. ) );
#484 = EDGE_LOOP ( 'NONE', ( #284, #5668, #5679, #9529 ) ) ;
#485 = LINE ( 'NONE', #424, #8135 ) ;
#486 = PRESENTATION_STYLE_ASSIGNMENT (( #9238 ) ) ;
#487 = VERTEX_POINT ( 'NONE', #7432 ) ;
#488 = LINE ( 'NONE', #1504, #3576 ) ;
#489 = SURFACE_STYLE_USAGE ( .BOTH. , #1441 ) ;
#490 = SURFACE_STYLE_USAGE ( .BOTH. , #11152 ) ;
#491 = CARTESIAN_POINT ( 'NONE',  ( 17.65999973595100059, -0.1199999970199999572, -2.999999999999999112 ) ) ;
#492 = EDGE_CURVE ( 'NONE', #3192, #2674, #1765, .T. ) ;
#493 = DIRECTION ( 'NONE',  ( 0.0000000000000000000, 0.0000000000000000000, 1.000000000000000000 ) ) ;
#494 = EDGE_CURVE ( 'NONE', #671, #12462, #627, .T. ) ;
#495 = SURFACE_STYLE_FILL_AREA ( #6221 ) ;
#496 = LINE ( 'NONE', #2415, #9644 ) ;
#497 = LINE ( 'NONE', #5142, #11901 ) ;
#498 = DIRECTION ( 'NONE',  ( -1.000000000000000000, 0.0000000000000000000, -0.0000000000000000000 ) ) ;
#499 = VERTEX_POINT ( 'NONE', #5651 ) ;
#500 = CARTESIAN_POINT ( 'NONE',  ( 2.419999964832999950, -0.1199999970199999572, -3.000000000000000444 ) ) ;
#501 = ORIENTED_EDGE ( 'NONE', *, *, #6295, .F. ) ;
#502 = ADVANCED_FACE ( 'NONE', ( #3618 ), #10462, .F. ) ;
#503 = ORIENTED_EDGE ( 'NONE', *, *, #71, .F. ) ;
#504 =( NAMED_UNIT ( * ) SI_UNIT ( $, .STERADIAN. ) SOLID_ANGLE_UNIT ( ) );
#505 = DIRECTION ( 'NONE',  ( 0.0000000000000000000, -1.000000000000000000, -1.609823385705999920E-15 ) ) ;
#506 = LINE ( 'NONE', #7311, #8916 ) ;
#507 = DIRECTION ( 'NONE',  ( -0.0000000000000000000, -0.0000000000000000000, -1.000000000000000000 ) ) ;
#508 = EDGE_CURVE ( 'NONE', #4706, #6857, #8855, .T. ) ;
#509 = FACE_OUTER_BOUND ( 'NONE', #4906, .T. ) ;
#510 =( NAMED_UNIT ( * ) SI_UNIT ( $, .STERADIAN. ) SOLID_ANGLE_UNIT ( ) );
#511 = SURFACE_STYLE_FILL_AREA ( #5588 ) ;
#512 = DIRECTION ( 'NONE',  ( 0.0000000000000000000, 1.000000000000000000, 1.609823385705999920E-15 ) ) ;
#513 = CARTESIAN_POINT ( 'NONE',  ( 0.9699999880792505857, 3.809999961852999828, 2.515000000000252367 ) ) ;
#514 = LINE ( 'NONE', #4378, #11345 ) ;
#515 = ORIENTED_EDGE ( 'NONE', *, *, #613, .F. ) ;
#516 = COLOUR_RGB ( '',0.09411764705882352811, 0.09411764705882352811, 0.09411764705882352811 ) ;
#517 =( GEOMETRIC_REPRESENTATION_CONTEXT ( 3 ) GLOBAL_UNCERTAINTY_ASSIGNED_CONTEXT ( ( #5786 ) ) GLOBAL_UNIT_ASSIGNED_CONTEXT ( ( #5996, #7101, #3032 ) ) REPRESENTATION_CONTEXT ( 'NONE', 'WORKASPACE' ) );
#518 = LINE ( 'NONE', #1410, #2977 ) ;
#519 = ORIENTED_EDGE ( 'NONE', *, *, #4281, .F. ) ;
#520 = SURFACE_STYLE_USAGE ( .BOTH. , #2298 ) ;
#521 = VECTOR ( 'NONE', #5186, 1000.000000000000000 ) ;
#522 = FILL_AREA_STYLE ('',( #11187 ) ) ;
#523 = ORIENTED_EDGE ( 'NONE', *, *, #8251, .T. ) ;
#524 = FACE_OUTER_BOUND ( 'NONE', #9415, .T. ) ;
#525 = VECTOR ( 'NONE', #6281, 1000.000000000000000 ) ;
#526 = VECTOR ( 'NONE', #7702, 999.9999999999998863 ) ;
#527 = EDGE_CURVE ( 'NONE', #7531, #11059, #53, .T. ) ;
#528 = DIRECTION ( 'NONE',  ( -1.000000000000000000, -0.0000000000000000000, 0.0000000000000000000 ) ) ;
#529 = PRESENTATION_LAYER_ASSIGNMENT (  '', '', ( #915 ) ) ;
#530 = VECTOR ( 'NONE', #1828, 1000.000000000000000 ) ;
#532 =( NAMED_UNIT ( * ) SI_UNIT ( $, .STERADIAN. ) SOLID_ANGLE_UNIT ( ) );
#531 = STYLED_ITEM ( 'NONE', ( #3823 ), #7004 ) ;
#533 = ORIENTED_EDGE ( 'NONE', *, *, #8074, .F. ) ;
#534 = EDGE_CURVE ( 'NONE', #11254, #9666, #3918, .T. ) ;
#535 =( NAMED_UNIT ( * ) SI_UNIT ( $, .STERADIAN. ) SOLID_ANGLE_UNIT ( ) );
#537 = EDGE_CURVE ( 'NONE', #5645, #6858, #5836, .T. ) ;
#536 = EDGE_LOOP ( 'NONE', ( #7868, #9049, #573, #17 ) ) ;
#538 = VERTEX_POINT ( 'NONE', #3793 ) ;
#539 = DIRECTION ( 'NONE',  ( 1.000000000000000000, -0.0000000000000000000, -0.0000000000000000000 ) ) ;
#540 = PRESENTATION_LAYER_ASSIGNMENT (  '', '', ( #326 ) ) ;
#541 = PRESENTATION_LAYER_ASSIGNMENT (  '', '', ( #12535 ) ) ;
#542 = COLOUR_RGB ( '',1.000000000000000000, 1.000000000000000000, 0.4980392156862745168 ) ;
#543 = VECTOR ( 'NONE', #12468, 1000.000000000000000 ) ;
#544 = COLOUR_RGB ( '',1.000000000000000000, 1.000000000000000000, 0.4980392156862745168 ) ;
#545 =( NAMED_UNIT ( * ) PLANE_ANGLE_UNIT ( ) SI_UNIT ( $, .RADIAN. ) );
#546 = EDGE_CURVE ( 'NONE', #11864, #1872, #4828, .T. ) ;
#547 = STYLED_ITEM ( 'NONE', ( #10073 ), #12236 ) ;
#548 = STYLED_ITEM ( 'NONE', ( #9210 ), #98 ) ;
#549 = FILL_AREA_STYLE ('',( #4220 ) ) ;
#550 = AXIS2_PLACEMENT_3D ( 'NONE', #1586, #3550, #3437 ) ;
#551 = COLOUR_RGB ( '',0.09411764705882352811, 0.09411764705882352811, 0.09411764705882352811 ) ;
#552 = LINE ( 'NONE', #4419, #1875 ) ;
#553 = PRESENTATION_STYLE_ASSIGNMENT (( #4342 ) ) ;
#554 = COLOUR_RGB ( '',0.09411764705882352811, 0.09411764705882352811, 0.09411764705882352811 ) ;
#555 = VERTEX_POINT ( 'NONE', #7802 ) ;
#556 =( LENGTH_UNIT ( ) NAMED_UNIT ( * ) SI_UNIT ( .MILLI., .METRE. ) );
#557 = FILL_AREA_STYLE_COLOUR ( '', #2968 ) ;
#558 = COLOUR_RGB ( '',1.000000000000000000, 1.000000000000000000, 0.4980392156862745168 ) ;
#559 = FILL_AREA_STYLE_COLOUR ( '', #4044 ) ;
#560 = LINE ( 'NONE', #1442, #7278 ) ;
#561 = COLOUR_RGB ( '',0.09411764705882352811, 0.09411764705882352811, 0.09411764705882352811 ) ;
#562 = MECHANICAL_DESIGN_GEOMETRIC_PRESENTATION_REPRESENTATION (  '', ( #6028 ), #10560 ) ;
#563 = SHAPE_DEFINITION_REPRESENTATION ( #11836, #8849 ) ;
#564 =( LENGTH_UNIT ( ) NAMED_UNIT ( * ) SI_UNIT ( .MILLI., .METRE. ) );
#565 = STYLED_ITEM ( 'NONE', ( #8818 ), #3984 ) ;
#566 = PLANE ( 'NONE',  #186 ) ;
#567 =( NAMED_UNIT ( * ) SI_UNIT ( $, .STERADIAN. ) SOLID_ANGLE_UNIT ( ) );
#568 = FILL_AREA_STYLE ('',( #11281 ) ) ;
#569 = MECHANICAL_DESIGN_GEOMETRIC_PRESENTATION_REPRESENTATION (  '', ( #2391 ), #5431 ) ;
#570 = PRESENTATION_LAYER_ASSIGNMENT (  '', '', ( #1166 ) ) ;
#571 = EDGE_LOOP ( 'NONE', ( #5091, #12594, #7559, #6225 ) ) ;
#572 = CARTESIAN_POINT ( 'NONE',  ( -0.9699999880791249085, 1.519999999999998241, 2.515000000000125802 ) ) ;
#573 = ORIENTED_EDGE ( 'NONE', *, *, #7803, .T. ) ;
#574 = SURFACE_SIDE_STYLE ('',( #10271 ) ) ;
#575 = ORIENTED_EDGE ( 'NONE', *, *, #494, .T. ) ;
#576 = VECTOR ( 'NONE', #9416, 1000.000000000000000 ) ;
#577 = PLANE ( 'NONE',  #5638 ) ;
#578 = PRESENTATION_LAYER_ASSIGNMENT (  '', '', ( #5858 ) ) ;
#579 = DIRECTION ( 'NONE',  ( 0.0000000000000000000, -1.000000000000000000, 0.0000000000000000000 ) ) ;
#580 = PRESENTATION_STYLE_ASSIGNMENT (( #8550 ) ) ;
#581 = CARTESIAN_POINT ( 'NONE',  ( 6.349999885558999857, 1.820000011921000027, 2.214999988079000115 ) ) ;
#582 = ORIENTED_EDGE ( 'NONE', *, *, #5456, .T. ) ;
#583 = UNCERTAINTY_MEASURE_WITH_UNIT (LENGTH_MEASURE( 1.000000000000000082E-05 ), #3674, 'distance_accuracy_value', 'NONE');
#584 = FILL_AREA_STYLE ('',( #9341 ) ) ;
#585 = ORIENTED_EDGE ( 'NONE', *, *, #5187, .F. ) ;
#586 =( LENGTH_UNIT ( ) NAMED_UNIT ( * ) SI_UNIT ( .MILLI., .METRE. ) );
#587 = VECTOR ( 'NONE', #2428, 1000.000000000000000 ) ;
#588 = VERTEX_POINT ( 'NONE', #5003 ) ;
#589 = AXIS2_PLACEMENT_3D ( 'NONE', #2623, #5545, #4586 ) ;
#590 = UNCERTAINTY_MEASURE_WITH_UNIT (LENGTH_MEASURE( 1.000000000000000082E-05 ), #4448, 'distance_accuracy_value', 'NONE');
#591 = EDGE_CURVE ( 'NONE', #1011, #8231, #11851, .T. ) ;
#592 = FACE_OUTER_BOUND ( 'NONE', #7427, .T. ) ;
#593 =( LENGTH_UNIT ( ) NAMED_UNIT ( * ) SI_UNIT ( .MILLI., .METRE. ) );
#594 = ORIENTED_EDGE ( 'NONE', *, *, #10900, .F. ) ;
#595 = CARTESIAN_POINT ( 'NONE',  ( 10.47999984741199953, 1.270000000000000018, 0.9499999999999997335 ) ) ;
#596 = FILL_AREA_STYLE_COLOUR ( '', #5240 ) ;
#597 = VERTEX_POINT ( 'NONE', #3101 ) ;
#598 = SURFACE_STYLE_FILL_AREA ( #12394 ) ;
#599 = VERTEX_POINT ( 'NONE', #8735 ) ;
#600 = PRESENTATION_STYLE_ASSIGNMENT (( #12208 ) ) ;
#601 = VECTOR ( 'NONE', #11081, 1000.000000000000000 ) ;
#602 = CARTESIAN_POINT ( 'NONE',  ( 6.349999885558999857, 1.520000000000000018, 0.3250000119210001426 ) ) ;
#603 = SURFACE_STYLE_USAGE ( .BOTH. , #2694 ) ;
#604 = ADVANCED_FACE ( 'NONE', ( #3975 ), #10836, .F. ) ;
#605 = UNCERTAINTY_MEASURE_WITH_UNIT (LENGTH_MEASURE( 1.000000000000000082E-05 ), #6417, 'distance_accuracy_value', 'NONE');
#606 = STYLED_ITEM ( 'NONE', ( #3028 ), #868 ) ;
#607 = LINE ( 'NONE', #11210, #7770 ) ;
#608 = ORIENTED_EDGE ( 'NONE', *, *, #11192, .T. ) ;
#609 = FILL_AREA_STYLE ('',( #2402 ) ) ;
#610 =( GEOMETRIC_REPRESENTATION_CONTEXT ( 3 ) GLOBAL_UNCERTAINTY_ASSIGNED_CONTEXT ( ( #9029 ) ) GLOBAL_UNIT_ASSIGNED_CONTEXT ( ( #2041, #4005, #4067 ) ) REPRESENTATION_CONTEXT ( 'NONE', 'WORKASPACE' ) );
#611 =( LENGTH_UNIT ( ) NAMED_UNIT ( * ) SI_UNIT ( .MILLI., .METRE. ) );
#612 =( NAMED_UNIT ( * ) SI_UNIT ( $, .STERADIAN. ) SOLID_ANGLE_UNIT ( ) );
#613 = EDGE_CURVE ( 'NONE', #2656, #1352, #2077, .T. ) ;
#614 = LINE ( 'NONE', #4492, #736 ) ;
#615 = PLANE ( 'NONE',  #7458 ) ;
#616 =( LENGTH_UNIT ( ) NAMED_UNIT ( * ) SI_UNIT ( .MILLI., .METRE. ) );
#617 = STYLED_ITEM ( 'NONE', ( #6022 ), #2187 ) ;
#618 = SURFACE_STYLE_USAGE ( .BOTH. , #3537 ) ;
#619 = ORIENTED_EDGE ( 'NONE', *, *, #6267, .T. ) ;
#620 =( NAMED_UNIT ( * ) SI_UNIT ( $, .STERADIAN. ) SOLID_ANGLE_UNIT ( ) );
#621 = EDGE_CURVE ( 'NONE', #1011, #6555, #10776, .T. ) ;
#622 = ORIENTED_EDGE ( 'NONE', *, *, #9556, .F. ) ;
#623 = FILL_AREA_STYLE_COLOUR ( '', #1766 ) ;
#624 = VERTEX_POINT ( 'NONE', #2909 ) ;
#625 = COLOUR_RGB ( '',0.09411764705882352811, 0.09411764705882352811, 0.09411764705882352811 ) ;
#626 = PLANE ( 'NONE',  #7569 ) ;
#627 = LINE ( 'NONE', #2601, #9948 ) ;
#628 = LINE ( 'NONE', #5581, #12157 ) ;
#629 = VECTOR ( 'NONE', #707, 1000.000000000000000 ) ;
#630 = SURFACE_SIDE_STYLE ('',( #7510 ) ) ;
#631 =( NAMED_UNIT ( * ) SI_UNIT ( $, .STERADIAN. ) SOLID_ANGLE_UNIT ( ) );
#632 = CARTESIAN_POINT ( 'NONE',  ( 9.839999847412000733, 9.609999997019999185, 0.9499999999999995115 ) ) ;
#633 = VECTOR ( 'NONE', #1625, 1000.000000000000000 ) ;
#634 = EDGE_LOOP ( 'NONE', ( #4265, #7471, #2701, #10272 ) ) ;
#635 = FILL_AREA_STYLE_COLOUR ( '', #3508 ) ;
#636 = VECTOR ( 'NONE', #5494, 1000.000000000000000 ) ;
#637 = FACE_OUTER_BOUND ( 'NONE', #1472, .T. ) ;
#638 = ORIENTED_EDGE ( 'NONE', *, *, #8263, .T. ) ;
#639 = FILL_AREA_STYLE_COLOUR ( '', #7147 ) ;
#640 =( NAMED_UNIT ( * ) PLANE_ANGLE_UNIT ( ) SI_UNIT ( $, .RADIAN. ) );
#641 = UNCERTAINTY_MEASURE_WITH_UNIT (LENGTH_MEASURE( 1.000000000000000082E-05 ), #12, 'distance_accuracy_value', 'NONE');
#642 = MECHANICAL_DESIGN_GEOMETRIC_PRESENTATION_REPRESENTATION (  '', ( #9015 ), #9014 ) ;
#643 = EDGE_CURVE ( 'NONE', #5000, #7541, #871, .T. ) ;
#644 = PLANE ( 'NONE',  #12524 ) ;
#645 = FILL_AREA_STYLE ('',( #10480 ) ) ;
#646 = ORIENTED_EDGE ( 'NONE', *, *, #12059, .F. ) ;
#647 = MECHANICAL_DESIGN_GEOMETRIC_PRESENTATION_REPRESENTATION (  '', ( #5555 ), #7387 ) ;
#648 = CARTESIAN_POINT ( 'NONE',  ( 16.65999973893200092, 3.809999961853000716, 0.1750000059600015367 ) ) ;
#649 = LINE ( 'NONE', #470, #4727 ) ;
#650 = PRESENTATION_LAYER_ASSIGNMENT (  '', '', ( #4296 ) ) ;
#651 =( LENGTH_UNIT ( ) NAMED_UNIT ( * ) SI_UNIT ( .MILLI., .METRE. ) );
#652 = ORIENTED_EDGE ( 'NONE', *, *, #492, .T. ) ;
#653 = ORIENTED_EDGE ( 'NONE', *, *, #56, .F. ) ;
#654 = LINE ( 'NONE', #8185, #1578 ) ;
#655 = VECTOR ( 'NONE', #3905, 1000.000000000000114 ) ;
#656 = ADVANCED_FACE ( 'NONE', ( #6151, #8990 ), #1195, .T. ) ;
#657 = SURFACE_SIDE_STYLE ('',( #9421 ) ) ;
#658 = VECTOR ( 'NONE', #1893, 1000.000000000000000 ) ;
#659 = FILL_AREA_STYLE_COLOUR ( '', #544 ) ;
#660 = LINE ( 'NONE', #9422, #5143 ) ;
#661 = ORIENTED_EDGE ( 'NONE', *, *, #2621, .F. ) ;
#662 = CARTESIAN_POINT ( 'NONE',  ( 10.47999984741199953, 0.3199999999999998401, -2.799999997020000020 ) ) ;
#663 = STYLED_ITEM ( 'NONE', ( #7320 ), #6564 ) ;
#664 = VECTOR ( 'NONE', #4187, 1000.000000000000000 ) ;
#665 = LINE ( 'NONE', #6546, #11128 ) ;
#666 = CARTESIAN_POINT ( 'NONE',  ( 13.96999980926524998, 3.809999961852999384, 2.214999988079251025 ) ) ;
#667 = CARTESIAN_POINT ( 'NONE',  ( 19.04999973297149651, 1.520000000000000018, 0.3250000119204978222 ) ) ;
#668 = CARTESIAN_POINT ( 'NONE',  ( 6.349999923706000082, 1.820000011921000027, 0.02500000000000000139 ) ) ;
#669 = EDGE_CURVE ( 'NONE', #1347, #3001, #5266, .T. ) ;
#670 = DIRECTION ( 'NONE',  ( 0.0000000000000000000, 1.000000000000000000, 0.0000000000000000000 ) ) ;
#671 = VERTEX_POINT ( 'NONE', #7048 ) ;
#672 = EDGE_CURVE ( 'NONE', #11165, #1468, #5314, .T. ) ;
#673 = VERTEX_POINT ( 'NONE', #2330 ) ;
#674 = CARTESIAN_POINT ( 'NONE',  ( 9.839999847412000733, 3.809999961852999828, 1.590000000000000080 ) ) ;
#675 = ORIENTED_EDGE ( 'NONE', *, *, #1230, .F. ) ;
#676 = CARTESIAN_POINT ( 'NONE',  ( 14.91999977111800035, 3.809999961852999828, 0.9499999999999999556 ) ) ;
#677 =( NAMED_UNIT ( * ) SI_UNIT ( $, .STERADIAN. ) SOLID_ANGLE_UNIT ( ) );
#678 = CARTESIAN_POINT ( 'NONE',  ( -0.3200000000000000067, 9.810000000000000497, 1.389999997020000100 ) ) ;
#679 = AXIS2_PLACEMENT_3D ( 'NONE', #1447, #4117, #9252 ) ;
#680 =( NAMED_UNIT ( * ) PLANE_ANGLE_UNIT ( ) SI_UNIT ( $, .RADIAN. ) );
#681 = EDGE_CURVE ( 'NONE', #1489, #10975, #9052, .T. ) ;
#682 = DIRECTION ( 'NONE',  ( -1.000000000000000000, -0.0000000000000000000, -0.0000000000000000000 ) ) ;
#683 = CARTESIAN_POINT ( 'NONE',  ( 13.01999980926500200, 9.609999997019999185, 1.590000000000000524 ) ) ;
#684 = CARTESIAN_POINT ( 'NONE',  ( 15.35999976813799961, 9.810000000000000497, 1.389999997019999878 ) ) ;
#685 = EDGE_CURVE ( 'NONE', #12324, #1800, #6085, .T. ) ;
#686 =( LENGTH_UNIT ( ) NAMED_UNIT ( * ) SI_UNIT ( .MILLI., .METRE. ) );
#687 = CARTESIAN_POINT ( 'NONE',  ( 1.269999961853000015, 1.520000000000000018, 0.02500000000000000139 ) ) ;
#688 = ORIENTED_EDGE ( 'NONE', *, *, #10151, .T. ) ;
#689 = PRESENTATION_STYLE_ASSIGNMENT (( #6626 ) ) ;
#690 = CARTESIAN_POINT ( 'NONE',  ( 7.499999888538999571, 9.810000000000000497, 1.389999997019999878 ) ) ;
#691 = EDGE_LOOP ( 'NONE', ( #11094, #6125, #5085, #10472 ) ) ;
#692 = EDGE_CURVE ( 'NONE', #1943, #9666, #1249, .T. ) ;
#693 = LINE ( 'NONE', #8495, #8258 ) ;
#694 = VERTEX_POINT ( 'NONE', #9118 ) ;
#695 = FACE_OUTER_BOUND ( 'NONE', #3305, .T. ) ;
#696 = LINE ( 'NONE', #7454, #5816 ) ;
#697 = LINE ( 'NONE', #4582, #11557 ) ;
#698 = UNCERTAINTY_MEASURE_WITH_UNIT (LENGTH_MEASURE( 1.000000000000000082E-05 ), #6160, 'distance_accuracy_value', 'NONE');
#699 =( NAMED_UNIT ( * ) PLANE_ANGLE_UNIT ( ) SI_UNIT ( $, .RADIAN. ) );
#700 = EDGE_CURVE ( 'NONE', #8833, #11126, #6213, .T. ) ;
#701 = VECTOR ( 'NONE', #12064, 1000.000000000000000 ) ;
#702 = STYLED_ITEM ( 'NONE', ( #8976 ), #11581 ) ;
#703 = DIRECTION ( 'NONE',  ( -1.000000000000000000, 0.0000000000000000000, 0.0000000000000000000 ) ) ;
#704 = VERTEX_POINT ( 'NONE', #4107 ) ;
#705 = UNCERTAINTY_MEASURE_WITH_UNIT (LENGTH_MEASURE( 1.000000000000000082E-05 ), #10953, 'distance_accuracy_value', 'NONE');
#706 = VECTOR ( 'NONE', #60, 1000.000000000000000 ) ;
#707 = DIRECTION ( 'NONE',  ( 6.645562236426607662E-16, -1.000000000000000000, -6.645562236426607662E-16 ) ) ;
#708 = PRESENTATION_STYLE_ASSIGNMENT (( #1851 ) ) ;
#709 = ORIENTED_EDGE ( 'NONE', *, *, #4261, .T. ) ;
#710 = CARTESIAN_POINT ( 'NONE',  ( 2.759999960362999882, 9.709999998510001618, 0.9499999999999999556 ) ) ;
#711 = ORIENTED_EDGE ( 'NONE', *, *, #8179, .F. ) ;
#712 = EDGE_CURVE ( 'NONE', #4057, #1896, #2406, .T. ) ;
#713 = MECHANICAL_DESIGN_GEOMETRIC_PRESENTATION_REPRESENTATION (  '', ( #4156 ), #6818 ) ;
#714 =( NAMED_UNIT ( * ) SI_UNIT ( $, .STERADIAN. ) SOLID_ANGLE_UNIT ( ) );
#715 =( NAMED_UNIT ( * ) SI_UNIT ( $, .STERADIAN. ) SOLID_ANGLE_UNIT ( ) );
#716 = FACE_OUTER_BOUND ( 'NONE', #12292, .T. ) ;
#717 = UNCERTAINTY_MEASURE_WITH_UNIT (LENGTH_MEASURE( 1.000000000000000082E-05 ), #11015, 'distance_accuracy_value', 'NONE');
#718 = EDGE_CURVE ( 'NONE', #4999, #11314, #3156, .T. ) ;
#719 = FILL_AREA_STYLE_COLOUR ( '', #8687 ) ;
#720 =( NAMED_UNIT ( * ) SI_UNIT ( $, .STERADIAN. ) SOLID_ANGLE_UNIT ( ) );
#721 = SURFACE_STYLE_FILL_AREA ( #6343 ) ;
#722 = VECTOR ( 'NONE', #1193, 1000.000000000000000 ) ;
#723 = STYLED_ITEM ( 'NONE', ( #10402 ), #12117 ) ;
#724 = DIRECTION ( 'NONE',  ( 1.000000000000000000, 0.0000000000000000000, 0.0000000000000000000 ) ) ;
#725 = ORIENTED_EDGE ( 'NONE', *, *, #3829, .T. ) ;
#726 = PRESENTATION_LAYER_ASSIGNMENT (  '', '', ( #1139 ) ) ;
#727 = CARTESIAN_POINT ( 'NONE',  ( 0.3200000000000000067, 9.709999998510001618, 1.489999998510000090 ) ) ;
#728 = LINE ( 'NONE', #10387, #1931 ) ;
#729 = SURFACE_STYLE_USAGE ( .BOTH. , #11406 ) ;
#730 = CARTESIAN_POINT ( 'NONE',  ( 9.839999847412000733, 0.3200000000000000067, -2.799999997020000020 ) ) ;
#731 = PLANE ( 'NONE',  #2603 ) ;
#732 = MECHANICAL_DESIGN_GEOMETRIC_PRESENTATION_REPRESENTATION (  '', ( #547 ), #12548 ) ;
#733 =( NAMED_UNIT ( * ) SI_UNIT ( $, .STERADIAN. ) SOLID_ANGLE_UNIT ( ) );
#734 = VECTOR ( 'NONE', #1328, 1000.000000000000000 ) ;
#735 = PRESENTATION_LAYER_ASSIGNMENT (  '', '', ( #10728 ) ) ;
#736 = VECTOR ( 'NONE', #8533, 1000.000000000000000 ) ;
#737 = VECTOR ( 'NONE', #1006, 1000.000000000000000 ) ;
#738 = VECTOR ( 'NONE', #213, 1000.000000000000000 ) ;
#739 = EDGE_CURVE ( 'NONE', #4006, #64, #4166, .T. ) ;
#740 =( NAMED_UNIT ( * ) SI_UNIT ( $, .STERADIAN. ) SOLID_ANGLE_UNIT ( ) );
#741 = FACE_OUTER_BOUND ( 'NONE', #1425, .T. ) ;
#742 =( NAMED_UNIT ( * ) SI_UNIT ( $, .STERADIAN. ) SOLID_ANGLE_UNIT ( ) );
#743 = VERTEX_POINT ( 'NONE', #9243 ) ;
#744 = LINE ( 'NONE', #3728, #7931 ) ;
#745 =( GEOMETRIC_REPRESENTATION_CONTEXT ( 3 ) GLOBAL_UNCERTAINTY_ASSIGNED_CONTEXT ( ( #6004 ) ) GLOBAL_UNIT_ASSIGNED_CONTEXT ( ( #4461, #10422, #11438 ) ) REPRESENTATION_CONTEXT ( 'NONE', 'WORKASPACE' ) );
#746 = ORIENTED_EDGE ( 'NONE', *, *, #873, .F. ) ;
#747 = CARTESIAN_POINT ( 'NONE',  ( -0.3200000000000000067, 0.3200000000000000067, -5.313452942893489393E-16 ) ) ;
#748 = EDGE_LOOP ( 'NONE', ( #8723, #8059, #9318, #9679, #10529 ) ) ;
#749 = PRESENTATION_LAYER_ASSIGNMENT (  '', '', ( #6236 ) ) ;
#750 = LINE ( 'NONE', #4630, #5120 ) ;
#751 = PRESENTATION_LAYER_ASSIGNMENT (  '', '', ( #11156 ) ) ;
#752 = DIRECTION ( 'NONE',  ( -1.000000000000000000, -0.0000000000000000000, -0.0000000000000000000 ) ) ;
#753 = LINE ( 'NONE', #1769, #8549 ) ;
#754 = DIRECTION ( 'NONE',  ( 0.7071067811865474617, 0.0000000000000000000, 0.7071067811865474617 ) ) ;
#755 = CARTESIAN_POINT ( 'NONE',  ( 9.189999859332997900, 3.809999961852999384, 2.515000000000001457 ) ) ;
#756 = STYLED_ITEM ( 'NONE', ( #7079 ), #12568 ) ;
#757 = ADVANCED_FACE ( 'NONE', ( #10136, #7114 ), #11020, .T. ) ;
#758 = MECHANICAL_DESIGN_GEOMETRIC_PRESENTATION_REPRESENTATION (  '', ( #3197 ), #11558 ) ;
#759 = EDGE_CURVE ( 'NONE', #4301, #7797, #3470, .T. ) ;
#760 = DIRECTION ( 'NONE',  ( 0.7071067811865475727, -0.7071067811865475727, 0.0000000000000000000 ) ) ;
#761 = DIRECTION ( 'NONE',  ( -1.000000000000000000, 0.0000000000000000000, -0.0000000000000000000 ) ) ;
#762 =( NAMED_UNIT ( * ) PLANE_ANGLE_UNIT ( ) SI_UNIT ( $, .RADIAN. ) );
#763 = AXIS2_PLACEMENT_3D ( 'NONE', #7154, #5873, #2381 ) ;
#764 =( NAMED_UNIT ( * ) PLANE_ANGLE_UNIT ( ) SI_UNIT ( $, .RADIAN. ) );
#765 = VERTEX_POINT ( 'NONE', #2584 ) ;
#766 = FACE_OUTER_BOUND ( 'NONE', #11649, .T. ) ;
#767 = ORIENTED_EDGE ( 'NONE', *, *, #11833, .T. ) ;
#768 = DIRECTION ( 'NONE',  ( 0.0000000000000000000, 0.0000000000000000000, 1.000000000000000000 ) ) ;
#769 = DIRECTION ( 'NONE',  ( 1.000000000000000000, -0.0000000000000000000, -0.0000000000000000000 ) ) ;
#770 = VERTEX_POINT ( 'NONE', #12339 ) ;
#771 = DIRECTION ( 'NONE',  ( 0.0000000000000000000, 0.7071067811865475727, -0.7071067811865475727 ) ) ;
#772 = STYLED_ITEM ( 'NONE', ( #10838 ), #10502 ) ;
#773 = EDGE_CURVE ( 'NONE', #2151, #2312, #9986, .T. ) ;
#774 = LINE ( 'NONE', #2682, #11931 ) ;
#775 = PRESENTATION_STYLE_ASSIGNMENT (( #9408 ) ) ;
#776 = ORIENTED_EDGE ( 'NONE', *, *, #12152, .F. ) ;
#777 =( GEOMETRIC_REPRESENTATION_CONTEXT ( 3 ) GLOBAL_UNCERTAINTY_ASSIGNED_CONTEXT ( ( #2098 ) ) GLOBAL_UNIT_ASSIGNED_CONTEXT ( ( #5995, #3960, #2115 ) ) REPRESENTATION_CONTEXT ( 'NONE', 'WORKASPACE' ) );
#778 = FILL_AREA_STYLE ('',( #7651 ) ) ;
#779 = PRESENTATION_STYLE_ASSIGNMENT (( #10734 ) ) ;
#780 = VECTOR ( 'NONE', #4696, 1000.000000000000000 ) ;
#781 = ORIENTED_EDGE ( 'NONE', *, *, #9601, .F. ) ;
#782 = ORIENTED_EDGE ( 'NONE', *, *, #10872, .F. ) ;
#783 = FILL_AREA_STYLE ('',( #9546 ) ) ;
#784 = DIRECTION ( 'NONE',  ( -0.5773502691896265082, 0.5773502691896253980, 0.5773502691896252870 ) ) ;
#785 = SURFACE_SIDE_STYLE ('',( #1737 ) ) ;
#786 = VECTOR ( 'NONE', #6780, 1000.000000000000000 ) ;
#787 = CARTESIAN_POINT ( 'NONE',  ( 11.57999981522599953, 1.520000000000000018, 0.1750000059600000102 ) ) ;
#788 = PRESENTATION_STYLE_ASSIGNMENT (( #1922 ) ) ;
#789 = LINE ( 'NONE', #8523, #12476 ) ;
#790 = CARTESIAN_POINT ( 'NONE',  ( 16.50999973297099999, 1.820000011921000693, 0.3250000119210002536 ) ) ;
#791 = VECTOR ( 'NONE', #8479, 1000.000000000000000 ) ;
#792 = DIRECTION ( 'NONE',  ( -0.0000000000000000000, -1.000000000000000000, 0.0000000000000000000 ) ) ;
#793 =( GEOMETRIC_REPRESENTATION_CONTEXT ( 3 ) GLOBAL_UNCERTAINTY_ASSIGNED_CONTEXT ( ( #7200 ) ) GLOBAL_UNIT_ASSIGNED_CONTEXT ( ( #8145, #4348, #7223 ) ) REPRESENTATION_CONTEXT ( 'NONE', 'WORKASPACE' ) );
#794 = EDGE_LOOP ( 'NONE', ( #10368, #882, #4643, #8118 ) ) ;
#795 =( LENGTH_UNIT ( ) NAMED_UNIT ( * ) SI_UNIT ( .MILLI., .METRE. ) );
#796 =( NAMED_UNIT ( * ) SI_UNIT ( $, .STERADIAN. ) SOLID_ANGLE_UNIT ( ) );
#797 = SURFACE_STYLE_USAGE ( .BOTH. , #1814 ) ;
#798 = PRESENTATION_STYLE_ASSIGNMENT (( #6608 ) ) ;
#799 = VECTOR ( 'NONE', #8639, 1000.000000000000000 ) ;
#800 = CARTESIAN_POINT ( 'NONE',  ( 3.509999949931999819, 1.520000000000000018, 2.515000000000000124 ) ) ;
#801 = SURFACE_STYLE_FILL_AREA ( #2709 ) ;
#802 = CARTESIAN_POINT ( 'NONE',  ( 16.20999975919724889, 3.809999961853000272, 0.02499999999975111714 ) ) ;
#803 = DIRECTION ( 'NONE',  ( 0.0000000000000000000, 0.0000000000000000000, 1.000000000000000000 ) ) ;
#804 = ORIENTED_EDGE ( 'NONE', *, *, #7855, .T. ) ;
#805 = PLANE ( 'NONE',  #4682 ) ;
#806 = ORIENTED_EDGE ( 'NONE', *, *, #881, .F. ) ;
#807 =( NAMED_UNIT ( * ) PLANE_ANGLE_UNIT ( ) SI_UNIT ( $, .RADIAN. ) );
#808 = ORIENTED_EDGE ( 'NONE', *, *, #9757, .F. ) ;
#809 = DIRECTION ( 'NONE',  ( 0.0000000000000000000, 0.0000000000000000000, 1.000000000000000000 ) ) ;
#810 =( LENGTH_UNIT ( ) NAMED_UNIT ( * ) SI_UNIT ( .MILLI., .METRE. ) );
#811 = SURFACE_STYLE_FILL_AREA ( #2663 ) ;
#812 = LINE ( 'NONE', #8737, #530 ) ;
#813 = CARTESIAN_POINT ( 'NONE',  ( 2.219999961852999970, 1.270000000000000018, 1.590000000000000080 ) ) ;
#814 = STYLED_ITEM ( 'NONE', ( #2215 ), #2196 ) ;
#815 = SURFACE_SIDE_STYLE ('',( #7570 ) ) ;
#816 = LINE ( 'NONE', #5658, #10302 ) ;
#817 = CARTESIAN_POINT ( 'NONE',  ( 10.47999984741199953, 3.809999961852999828, 0.9499999999999999556 ) ) ;
#818 = ORIENTED_EDGE ( 'NONE', *, *, #11667, .F. ) ;
#819 = AXIS2_PLACEMENT_3D ( 'NONE', #10214, #7183, #1449 ) ;
#820 = PLANE ( 'NONE',  #6232 ) ;
#821 = ORIENTED_EDGE ( 'NONE', *, *, #5060, .T. ) ;
#822 = LINE ( 'NONE', #10941, #5031 ) ;
#823 = SURFACE_STYLE_USAGE ( .BOTH. , #2870 ) ;
#824 = ORIENTED_EDGE ( 'NONE', *, *, #1646, .T. ) ;
#825 = SURFACE_SIDE_STYLE ('',( #9592 ) ) ;
#826 = FILL_AREA_STYLE_COLOUR ( '', #4395 ) ;
#827 =( NAMED_UNIT ( * ) PLANE_ANGLE_UNIT ( ) SI_UNIT ( $, .RADIAN. ) );
#828 = UNCERTAINTY_MEASURE_WITH_UNIT (LENGTH_MEASURE( 1.000000000000000082E-05 ), #6283, 'distance_accuracy_value', 'NONE');
#829 = PRESENTATION_STYLE_ASSIGNMENT (( #10727 ) ) ;
#830 = AXIS2_PLACEMENT_3D ( 'NONE', #4971, #8120, #11825 ) ;
#831 = ADVANCED_FACE ( 'NONE', ( #8529 ), #3717, .F. ) ;
#832 = ORIENTED_EDGE ( 'NONE', *, *, #11490, .T. ) ;
#833 = FACE_BOUND ( 'NONE', #3641, .T. ) ;
#834 = SURFACE_SIDE_STYLE ('',( #12572 ) ) ;
#835 = DIRECTION ( 'NONE',  ( 1.000000000000000000, 0.0000000000000000000, 0.0000000000000000000 ) ) ;
#836 = UNCERTAINTY_MEASURE_WITH_UNIT (LENGTH_MEASURE( 1.000000000000000082E-05 ), #8205, 'distance_accuracy_value', 'NONE');
#837 =( NAMED_UNIT ( * ) SI_UNIT ( $, .STERADIAN. ) SOLID_ANGLE_UNIT ( ) );
#838 = ORIENTED_EDGE ( 'NONE', *, *, #8611, .F. ) ;
#839 = SURFACE_SIDE_STYLE ('',( #4857 ) ) ;
#840 = EDGE_CURVE ( 'NONE', #2376, #8351, #12465, .T. ) ;
#841 = ORIENTED_EDGE ( 'NONE', *, *, #1693, .F. ) ;
#842 = CARTESIAN_POINT ( 'NONE',  ( 9.839999847412000733, 1.820000011921000693, 1.589999999999999414 ) ) ;
#843 = STYLED_ITEM ( 'NONE', ( #6437 ), #2813 ) ;
#844 = LINE ( 'NONE', #2934, #11057 ) ;
#845 = CARTESIAN_POINT ( 'NONE',  ( 10.47999984741199953, 1.270000000000000018, -4.440892098500999885E-16 ) ) ;
#846 = CARTESIAN_POINT ( 'NONE',  ( 1.270000000000000018, 3.809999961852999828, 0.02500000000000000139 ) ) ;
#847 = STYLED_ITEM ( 'NONE', ( #2017 ), #5967 ) ;
#848 = CARTESIAN_POINT ( 'NONE',  ( -0.3200000000000000067, 3.809999961852999828, 0.9499999999999999556 ) ) ;
#849 = SURFACE_STYLE_USAGE ( .BOTH. , #11402 ) ;
#850 =( NAMED_UNIT ( * ) SI_UNIT ( $, .STERADIAN. ) SOLID_ANGLE_UNIT ( ) );
#851 = SURFACE_SIDE_STYLE ('',( #6661 ) ) ;
#852 = PRESENTATION_STYLE_ASSIGNMENT (( #10569 ) ) ;
#853 = ORIENTED_EDGE ( 'NONE', *, *, #2427, .F. ) ;
#854 = CARTESIAN_POINT ( 'NONE',  ( 13.96999980926499951, 1.520000000000000018, 2.515000000000000124 ) ) ;
#855 = VECTOR ( 'NONE', #10701, 1000.000000000000000 ) ;
#856 = CARTESIAN_POINT ( 'NONE',  ( 13.01999980926500200, -0.3200000000000000067, -2.799999997020000020 ) ) ;
#857 = STYLED_ITEM ( 'NONE', ( #9224 ), #3404 ) ;
#858 = FILL_AREA_STYLE_COLOUR ( '', #11952 ) ;
#859 =( LENGTH_UNIT ( ) NAMED_UNIT ( * ) SI_UNIT ( .MILLI., .METRE. ) );
#860 = PRESENTATION_STYLE_ASSIGNMENT (( #11528 ) ) ;
#862 = ORIENTED_EDGE ( 'NONE', *, *, #643, .T. ) ;
#861 = ADVANCED_FACE ( 'NONE', ( #5367 ), #10389, .T. ) ;
#863 = DIRECTION ( 'NONE',  ( -0.0000000000000000000, 1.000000000000000000, 0.0000000000000000000 ) ) ;
#864 = ORIENTED_EDGE ( 'NONE', *, *, #5193, .T. ) ;
#865 =( GEOMETRIC_REPRESENTATION_CONTEXT ( 3 ) GLOBAL_UNCERTAINTY_ASSIGNED_CONTEXT ( ( #5544 ) ) GLOBAL_UNIT_ASSIGNED_CONTEXT ( ( #11579, #7778, #10752 ) ) REPRESENTATION_CONTEXT ( 'NONE', 'WORKASPACE' ) );
#866 = ORIENTED_EDGE ( 'NONE', *, *, #685, .T. ) ;
#867 = EDGE_LOOP ( 'NONE', ( #7980, #501, #11351, #10659, #41, #3631, #8987, #8607 ) ) ;
#868 = ADVANCED_FACE ( 'NONE', ( #4029 ), #5688, .T. ) ;
#869 = PLANE ( 'NONE',  #3369 ) ;
#870 = DIRECTION ( 'NONE',  ( -0.0000000000000000000, -1.000000000000000000, -1.332267629549999902E-15 ) ) ;
#871 = LINE ( 'NONE', #4752, #12612 ) ;
#872 = PRESENTATION_STYLE_ASSIGNMENT (( #10777 ) ) ;
#873 = EDGE_CURVE ( 'NONE', #4930, #3152, #8913, .T. ) ;
#874 = STYLED_ITEM ( 'NONE', ( #7009 ), #6502 ) ;
#875 =( NAMED_UNIT ( * ) PLANE_ANGLE_UNIT ( ) SI_UNIT ( $, .RADIAN. ) );
#876 = FILL_AREA_STYLE_COLOUR ( '', #6690 ) ;
#877 = PRESENTATION_STYLE_ASSIGNMENT (( #12545 ) ) ;
#878 = SURFACE_STYLE_USAGE ( .BOTH. , #9580 ) ;
#879 =( LENGTH_UNIT ( ) NAMED_UNIT ( * ) SI_UNIT ( .MILLI., .METRE. ) );
#880 = SURFACE_STYLE_USAGE ( .BOTH. , #2984 ) ;
#881 = EDGE_CURVE ( 'NONE', #2905, #3725, #11586, .T. ) ;
#882 = ORIENTED_EDGE ( 'NONE', *, *, #2072, .T. ) ;
#883 = VERTEX_POINT ( 'NONE', #3958 ) ;
#884 = PLANE ( 'NONE',  #9712 ) ;
#885 = ORIENTED_EDGE ( 'NONE', *, *, #1923, .F. ) ;
#886 = CARTESIAN_POINT ( 'NONE',  ( 7.299999885559000035, 1.270000000000000018, -4.440892098500999885E-16 ) ) ;
#887 = ORIENTED_EDGE ( 'NONE', *, *, #4606, .F. ) ;
#888 = CARTESIAN_POINT ( 'NONE',  ( 12.37999980926499966, 1.270000000000000018, -4.440892098500999885E-16 ) ) ;
#889 = SURFACE_STYLE_FILL_AREA ( #2924 ) ;
#890 = UNCERTAINTY_MEASURE_WITH_UNIT (LENGTH_MEASURE( 1.000000000000000082E-05 ), #9169, 'distance_accuracy_value', 'NONE');
#891 =( NAMED_UNIT ( * ) SI_UNIT ( $, .STERADIAN. ) SOLID_ANGLE_UNIT ( ) );
#892 = PLANE ( 'NONE',  #218 ) ;
#893 = ORIENTED_EDGE ( 'NONE', *, *, #194, .F. ) ;
#894 = CARTESIAN_POINT ( 'NONE',  ( 11.42999980926500037, 1.820000011921000027, 2.214999988079000115 ) ) ;
#895 = CARTESIAN_POINT ( 'NONE',  ( 14.11999977707900200, 1.520000000000000018, 0.1750000059600000102 ) ) ;
#896 = CARTESIAN_POINT ( 'NONE',  ( 16.80999974489200000, 1.520000000000000018, 0.02499999999999999792 ) ) ;
#897 = VERTEX_POINT ( 'NONE', #5744 ) ;
#898 = ORIENTED_EDGE ( 'NONE', *, *, #8150, .T. ) ;
#899 = DIRECTION ( 'NONE',  ( 0.0000000000000000000, -1.510616709811000052E-15, 1.000000000000000000 ) ) ;
#900 = CARTESIAN_POINT ( 'NONE',  ( 5.199999920726000369, 9.810000000000000497, 1.389999997019999878 ) ) ;
#901 = EDGE_CURVE ( 'NONE', #4930, #3731, #9669, .T. ) ;
#902 = FILL_AREA_STYLE_COLOUR ( '', #12454 ) ;
#903 = LINE ( 'NONE', #10680, #991 ) ;
#904 =( NAMED_UNIT ( * ) SI_UNIT ( $, .STERADIAN. ) SOLID_ANGLE_UNIT ( ) );
#905 = ADVANCED_FACE ( 'NONE', ( #10759 ), #6788, .T. ) ;
#906 = EDGE_CURVE ( 'NONE', #3614, #4535, #6268, .T. ) ;
#907 = DIRECTION ( 'NONE',  ( 0.7071067811865475727, 9.432969924854965098E-16, -0.7071067811865475727 ) ) ;
#908 = DIRECTION ( 'NONE',  ( 1.000000000000000000, -0.0000000000000000000, 0.0000000000000000000 ) ) ;
#909 =( NAMED_UNIT ( * ) SI_UNIT ( $, .STERADIAN. ) SOLID_ANGLE_UNIT ( ) );
#910 = FILL_AREA_STYLE ('',( #3712 ) ) ;
#911 = CARTESIAN_POINT ( 'NONE',  ( 2.659999958872999670, 9.810000000000000497, 1.389999997020000100 ) ) ;
#912 = EDGE_LOOP ( 'NONE', ( #9749, #10788, #2164, #3940 ) ) ;
#913 = PRESENTATION_STYLE_ASSIGNMENT (( #12405 ) ) ;
#914 = DIRECTION ( 'NONE',  ( 0.0000000000000000000, 1.000000000000000000, -0.0000000000000000000 ) ) ;
#915 = STYLED_ITEM ( 'NONE', ( #4496 ), #9790 ) ;
#916 = DIRECTION ( 'NONE',  ( -0.5773502691896240657, 0.5773502691896278405, -0.5773502691896253980 ) ) ;
#917 = FACE_OUTER_BOUND ( 'NONE', #11167, .T. ) ;
#918 =( LENGTH_UNIT ( ) NAMED_UNIT ( * ) SI_UNIT ( .MILLI., .METRE. ) );
#919 =( LENGTH_UNIT ( ) NAMED_UNIT ( * ) SI_UNIT ( .MILLI., .METRE. ) );
#920 = STYLED_ITEM ( 'NONE', ( #1649 ), #11205 ) ;
#921 = EDGE_CURVE ( 'NONE', #9675, #6771, #11895, .T. ) ;
#922 = VERTEX_POINT ( 'NONE', #6070 ) ;
#923 = ORIENTED_EDGE ( 'NONE', *, *, #3858, .F. ) ;
#924 = ORIENTED_EDGE ( 'NONE', *, *, #6666, .F. ) ;
#925 = LINE ( 'NONE', #6740, #9329 ) ;
#926 = EDGE_LOOP ( 'NONE', ( #12527, #8748, #11049, #1453 ) ) ;
#927 = VECTOR ( 'NONE', #9868, 1000.000000000000000 ) ;
#928 = AXIS2_PLACEMENT_3D ( 'NONE', #4286, #10254, #2464 ) ;
#929 = PRESENTATION_STYLE_ASSIGNMENT (( #8595 ) ) ;
#930 = CARTESIAN_POINT ( 'NONE',  ( -1.270000000000000018, 3.809999961852997608, 1.590000000000000080 ) ) ;
#931 = COLOUR_RGB ( '',0.09411764705882352811, 0.09411764705882352811, 0.09411764705882352811 ) ;
#932 = CARTESIAN_POINT ( 'NONE',  ( 1.269999961853000015, 1.520000000000000018, 0.02500000000000000139 ) ) ;
#933 = MECHANICAL_DESIGN_GEOMETRIC_PRESENTATION_REPRESENTATION (  '', ( #4798 ), #10518 ) ;
#934 = VECTOR ( 'NONE', #8225, 1000.000000000000000 ) ;
#935 = COLOUR_RGB ( '',1.000000000000000000, 1.000000000000000000, 0.4980392156862745168 ) ;
#936 = VECTOR ( 'NONE', #2843, 1000.000000000000000 ) ;
#937 = AXIS2_PLACEMENT_3D ( 'NONE', #787, #12330, #5628 ) ;
#938 =( GEOMETRIC_REPRESENTATION_CONTEXT ( 3 ) GLOBAL_UNCERTAINTY_ASSIGNED_CONTEXT ( ( #2393 ) ) GLOBAL_UNIT_ASSIGNED_CONTEXT ( ( #2866, #9697, #10654 ) ) REPRESENTATION_CONTEXT ( 'NONE', 'WORKASPACE' ) );
#939 = SURFACE_STYLE_USAGE ( .BOTH. , #1 ) ;
#940 = CARTESIAN_POINT ( 'NONE',  ( 9.839999847412000733, 0.3200000000000000067, -4.336808689942017736E-16 ) ) ;
#941 = SURFACE_STYLE_USAGE ( .BOTH. , #4757 ) ;
#942 = EDGE_CURVE ( 'NONE', #4237, #10335, #10117, .T. ) ;
#943 = SURFACE_STYLE_USAGE ( .BOTH. , #4700 ) ;
#944 = STYLED_ITEM ( 'NONE', ( #1601 ), #12442 ) ;
#945 = FILL_AREA_STYLE ('',( #6871 ) ) ;
#946 = MECHANICAL_DESIGN_GEOMETRIC_PRESENTATION_REPRESENTATION (  '', ( #548 ), #7658 ) ;
#947 = VERTEX_POINT ( 'NONE', #6132 ) ;
#948 = COLOUR_RGB ( '',0.09411764705882352811, 0.09411764705882352811, 0.09411764705882352811 ) ;
#949 = EDGE_CURVE ( 'NONE', #4933, #3081, #1290, .T. ) ;
#950 = FILL_AREA_STYLE_COLOUR ( '', #3519 ) ;
#951 = PRESENTATION_LAYER_ASSIGNMENT (  '', '', ( #6453 ) ) ;
#952 = VERTEX_POINT ( 'NONE', #416 ) ;
#953 = MECHANICAL_DESIGN_GEOMETRIC_PRESENTATION_REPRESENTATION (  '', ( #8700 ), #5226 ) ;
#954 = EDGE_CURVE ( 'NONE', #7768, #335, #2188, .T. ) ;
#955 = CARTESIAN_POINT ( 'NONE',  ( 8.889999847411999667, 1.520000000000000018, 2.515000000000000124 ) ) ;
#956 = ORIENTED_EDGE ( 'NONE', *, *, #7106, .F. ) ;
#957 = ORIENTED_EDGE ( 'NONE', *, *, #12558, .F. ) ;
#958 = DIRECTION ( 'NONE',  ( 0.0000000000000000000, 0.0000000000000000000, 1.000000000000000000 ) ) ;
#959 = SURFACE_STYLE_USAGE ( .BOTH. , #2152 ) ;
#960 =( NAMED_UNIT ( * ) SI_UNIT ( $, .STERADIAN. ) SOLID_ANGLE_UNIT ( ) );
#961 = VECTOR ( 'NONE', #5102, 1000.000000000000000 ) ;
#962 = STYLED_ITEM ( 'NONE', ( #3526 ), #9227 ) ;
#963 = VECTOR ( 'NONE', #12175, 1000.000000000000000 ) ;
#964 = PRESENTATION_LAYER_ASSIGNMENT (  '', '', ( #1161 ) ) ;
#965 = UNCERTAINTY_MEASURE_WITH_UNIT (LENGTH_MEASURE( 1.000000000000000082E-05 ), #9621, 'distance_accuracy_value', 'NONE');
#966 =( GEOMETRIC_REPRESENTATION_CONTEXT ( 3 ) GLOBAL_UNCERTAINTY_ASSIGNED_CONTEXT ( ( #12440 ) ) GLOBAL_UNIT_ASSIGNED_CONTEXT ( ( #10674, #12577, #10433 ) ) REPRESENTATION_CONTEXT ( 'NONE', 'WORKASPACE' ) );
#967 = CARTESIAN_POINT ( 'NONE',  ( 13.66999979734399950, 1.520000000000000018, 0.02500000000000000139 ) ) ;
#968 = ORIENTED_EDGE ( 'NONE', *, *, #1239, .T. ) ;
#969 = PLANE ( 'NONE',  #2583 ) ;
#970 =( NAMED_UNIT ( * ) PLANE_ANGLE_UNIT ( ) SI_UNIT ( $, .RADIAN. ) );
#971 = UNCERTAINTY_MEASURE_WITH_UNIT (LENGTH_MEASURE( 1.000000000000000082E-05 ), #3868, 'distance_accuracy_value', 'NONE');
#972 = SURFACE_STYLE_USAGE ( .BOTH. , #12575 ) ;
#973 = ORIENTED_EDGE ( 'NONE', *, *, #4093, .F. ) ;
#974 = DIRECTION ( 'NONE',  ( 1.000000000000000000, 0.0000000000000000000, 0.0000000000000000000 ) ) ;
#975 = SURFACE_STYLE_USAGE ( .BOTH. , #9722 ) ;
#976 = MECHANICAL_DESIGN_GEOMETRIC_PRESENTATION_REPRESENTATION (  '', ( #4416 ), #3803 ) ;
#977 = VECTOR ( 'NONE', #7390, 1000.000000000000000 ) ;
#978 =( NAMED_UNIT ( * ) PLANE_ANGLE_UNIT ( ) SI_UNIT ( $, .RADIAN. ) );
#979 = FILL_AREA_STYLE_COLOUR ( '', #2673 ) ;
#980 = DIRECTION ( 'NONE',  ( -0.7071067811865474617, 0.0000000000000000000, 0.7071067811865474617 ) ) ;
#981 = DIRECTION ( 'NONE',  ( 1.000000000000000000, 0.0000000000000000000, 0.0000000000000000000 ) ) ;
#982 = VECTOR ( 'NONE', #8339, 1000.000000000000000 ) ;
#983 = VECTOR ( 'NONE', #7174, 1000.000000000000000 ) ;
#984 = SURFACE_STYLE_USAGE ( .BOTH. , #3833 ) ;
#985 = SURFACE_STYLE_FILL_AREA ( #5927 ) ;
#986 = DIRECTION ( 'NONE',  ( 0.0000000000000000000, 0.0000000000000000000, 1.000000000000000000 ) ) ;
#987 = PLANE ( 'NONE',  #7255 ) ;
#988 = ORIENTED_EDGE ( 'NONE', *, *, #8242, .F. ) ;
#989 = ORIENTED_EDGE ( 'NONE', *, *, #11605, .T. ) ;
#990 = FILL_AREA_STYLE ('',( #8040 ) ) ;
#991 = VECTOR ( 'NONE', #9728, 1000.000000000000000 ) ;
#992 = EDGE_CURVE ( 'NONE', #1370, #5000, #5117, .T. ) ;
#993 = CARTESIAN_POINT ( 'NONE',  ( 10.47999984741199953, 9.609999997019999185, 0.9499999999999999556 ) ) ;
#994 = ORIENTED_EDGE ( 'NONE', *, *, #7308, .T. ) ;
#995 = ORIENTED_EDGE ( 'NONE', *, *, #7685, .F. ) ;
#996 = VERTEX_POINT ( 'NONE', #286 ) ;
#997 = VERTEX_POINT ( 'NONE', #6969 ) ;
#998 = LINE ( 'NONE', #4883, #3094 ) ;
#999 = EDGE_CURVE ( 'NONE', #6113, #226, #9097, .T. ) ;
#1000 =( LENGTH_UNIT ( ) NAMED_UNIT ( * ) SI_UNIT ( .MILLI., .METRE. ) );
#1001 =( NAMED_UNIT ( * ) SI_UNIT ( $, .STERADIAN. ) SOLID_ANGLE_UNIT ( ) );
#1002 = LINE ( 'NONE', #4886, #2604 ) ;
#1003 = CARTESIAN_POINT ( 'NONE',  ( 4.759999923706000224, 9.609999997019999185, 1.590000000000000080 ) ) ;
#1004 = EDGE_CURVE ( 'NONE', #6113, #12416, #8188, .T. ) ;
#1005 = CARTESIAN_POINT ( 'NONE',  ( 17.65999973595100059, 0.1199999970199998184, -3.000000000000000000 ) ) ;
#1006 = DIRECTION ( 'NONE',  ( -1.000000000000000000, 0.0000000000000000000, -0.0000000000000000000 ) ) ;
#1007 = ORIENTED_EDGE ( 'NONE', *, *, #949, .T. ) ;
#1008 = CARTESIAN_POINT ( 'NONE',  ( 7.299999885559000035, 3.809999961852999828, 0.9499999999999999556 ) ) ;
#1009 = EDGE_LOOP ( 'NONE', ( #10510, #6589, #1066, #3913, #11625, #11492, #3898, #11922 ) ) ;
#1010 = LINE ( 'NONE', #8011, #8058 ) ;
#1011 = VERTEX_POINT ( 'NONE', #2113 ) ;
#1012 = CARTESIAN_POINT ( 'NONE',  ( 11.42999984741212671, 1.519999999999998241, 2.214999988079124904 ) ) ;
#1013 = ORIENTED_EDGE ( 'NONE', *, *, #7880, .F. ) ;
#1014 = CARTESIAN_POINT ( 'NONE',  ( 0.3200000000000000067, 1.270000000000000018, 1.590000000000000080 ) ) ;
#1015 = CARTESIAN_POINT ( 'NONE',  ( 16.50999977111850114, 1.520000000000000018, 0.3250000119204978222 ) ) ;
#1016 = PLANE ( 'NONE',  #1137 ) ;
#1017 = DIRECTION ( 'NONE',  ( 1.000000000000000000, -0.0000000000000000000, -0.0000000000000000000 ) ) ;
#1018 = VERTEX_POINT ( 'NONE', #12075 ) ;
#1019 = FACE_OUTER_BOUND ( 'NONE', #3258, .T. ) ;
#1020 = PRESENTATION_STYLE_ASSIGNMENT (( #9784 ) ) ;
#1021 = AXIS2_PLACEMENT_3D ( 'NONE', #7841, #10568, #4672 ) ;
#1022 = ORIENTED_EDGE ( 'NONE', *, *, #12401, .F. ) ;
#1023 = FILL_AREA_STYLE_COLOUR ( '', #4620 ) ;
#1024 = SURFACE_STYLE_FILL_AREA ( #9789 ) ;
#1025 = ADVANCED_FACE ( 'NONE', ( #7206 ), #3216, .F. ) ;
#1026 = PLANE ( 'NONE',  #6158 ) ;
#1027 = CARTESIAN_POINT ( 'NONE',  ( 12.37999980926499966, 9.810000000000000497, 0.9499999999999999556 ) ) ;
#1028 = DIRECTION ( 'NONE',  ( 0.0000000000000000000, 0.0000000000000000000, 1.000000000000000000 ) ) ;
#1029 = PRESENTATION_LAYER_ASSIGNMENT (  '', '', ( #5906 ) ) ;
#1030 = DIRECTION ( 'NONE',  ( 0.0000000000000000000, -1.510616709811000052E-15, 1.000000000000000000 ) ) ;
#1031 =( LENGTH_UNIT ( ) NAMED_UNIT ( * ) SI_UNIT ( .MILLI., .METRE. ) );
#1032 = LINE ( 'NONE', #10751, #6736 ) ;
#1033 = CARTESIAN_POINT ( 'NONE',  ( 1.419999967812999975, 1.520000000000000018, 0.1750000059600000102 ) ) ;
#1034 = EDGE_CURVE ( 'NONE', #9990, #1823, #11451, .T. ) ;
#1035 = ORIENTED_EDGE ( 'NONE', *, *, #954, .F. ) ;
#1036 =( NAMED_UNIT ( * ) SI_UNIT ( $, .STERADIAN. ) SOLID_ANGLE_UNIT ( ) );
#1037 = VERTEX_POINT ( 'NONE', #602 ) ;
#1038 = AXIS2_PLACEMENT_3D ( 'NONE', #6830, #2103, #1988 ) ;
#1039 = DIRECTION ( 'NONE',  ( -1.000000000000000000, 0.0000000000000000000, 0.0000000000000000000 ) ) ;
#1040 = PLANE ( 'NONE',  #3014 ) ;
#1041 = COLOUR_RGB ( '',1.000000000000000000, 1.000000000000000000, 0.4980392156862745168 ) ;
#1042 = AXIS2_PLACEMENT_3D ( 'NONE', #9179, #3471, #10076 ) ;
#1043 =( LENGTH_UNIT ( ) NAMED_UNIT ( * ) SI_UNIT ( .MILLI., .METRE. ) );
#1044 = CARTESIAN_POINT ( 'NONE',  ( -1.270000000000000018, 3.809999961852999828, 0.02500000000000000139 ) ) ;
#1045 = ORIENTED_EDGE ( 'NONE', *, *, #292, .F. ) ;
#1046 = UNCERTAINTY_MEASURE_WITH_UNIT (LENGTH_MEASURE( 1.000000000000000082E-05 ), #5443, 'distance_accuracy_value', 'NONE');
#1047 = ORIENTED_EDGE ( 'NONE', *, *, #9932, .T. ) ;
#1048 = PRESENTATION_LAYER_ASSIGNMENT (  '', '', ( #45 ) ) ;
#1049 = ORIENTED_EDGE ( 'NONE', *, *, #692, .F. ) ;
#1050 = DIRECTION ( 'NONE',  ( 0.0000000000000000000, 1.000000000000000000, -0.0000000000000000000 ) ) ;
#1051 = ORIENTED_EDGE ( 'NONE', *, *, #2038, .T. ) ;
#1052 = VECTOR ( 'NONE', #7287, 1000.000000000000000 ) ;
#1053 = FILL_AREA_STYLE ('',( #3042 ) ) ;
#1054 = PRESENTATION_STYLE_ASSIGNMENT (( #5835 ) ) ;
#1055 = CARTESIAN_POINT ( 'NONE',  ( 7.939999885558998827, 1.270000000000000018, 1.589999999999999636 ) ) ;
#1056 =( LENGTH_UNIT ( ) NAMED_UNIT ( * ) SI_UNIT ( .MILLI., .METRE. ) );
#1057 = DIRECTION ( 'NONE',  ( -1.000000000000000000, -0.0000000000000000000, -0.0000000000000000000 ) ) ;
#1058 = EDGE_CURVE ( 'NONE', #9190, #7754, #11206, .T. ) ;
#1059 = FILL_AREA_STYLE_COLOUR ( '', #1331 ) ;
#1060 =( LENGTH_UNIT ( ) NAMED_UNIT ( * ) SI_UNIT ( .MILLI., .METRE. ) );
#1061 = PRESENTATION_LAYER_ASSIGNMENT (  '', '', ( #6370 ) ) ;
#1062 = DIRECTION ( 'NONE',  ( 1.000000000000000000, -0.0000000000000000000, -0.0000000000000000000 ) ) ;
#1063 = PRESENTATION_LAYER_ASSIGNMENT (  '', '', ( #7378 ) ) ;
#1064 = EDGE_CURVE ( 'NONE', #6184, #5918, #2638, .T. ) ;
#1065 =( NAMED_UNIT ( * ) SI_UNIT ( $, .STERADIAN. ) SOLID_ANGLE_UNIT ( ) );
#1066 = ORIENTED_EDGE ( 'NONE', *, *, #7073, .T. ) ;
#1067 = SURFACE_SIDE_STYLE ('',( #3927 ) ) ;
#1068 = ORIENTED_EDGE ( 'NONE', *, *, #7408, .T. ) ;
#1069 = FILL_AREA_STYLE ('',( #1135 ) ) ;
#1070 = ORIENTED_EDGE ( 'NONE', *, *, #5129, .F. ) ;
#1071 = VECTOR ( 'NONE', #2293, 1000.000000000000000 ) ;
#1072 = FILL_AREA_STYLE_COLOUR ( '', #5782 ) ;
#1073 = EDGE_LOOP ( 'NONE', ( #415, #10580, #8156, #11474 ) ) ;
#1074 = ADVANCED_FACE ( 'NONE', ( #3458 ), #4537, .F. ) ;
#1075 = DIRECTION ( 'NONE',  ( -0.5773502691896261751, 0.5773502691896250649, -0.5773502691896261751 ) ) ;
#1076 = FILL_AREA_STYLE ('',( #10855 ) ) ;
#1077 = ORIENTED_EDGE ( 'NONE', *, *, #10297, .F. ) ;
#1078 = CARTESIAN_POINT ( 'NONE',  ( 7.299999885559000035, 0.3200000000000000067, -3.000000000000000000 ) ) ;
#1079 = ADVANCED_FACE ( 'NONE', ( #11260 ), #2509, .F. ) ;
#1080 = CARTESIAN_POINT ( 'NONE',  ( 4.959999926685999760, -0.3200000000000000067, -3.000000000000000000 ) ) ;
#1081 = UNCERTAINTY_MEASURE_WITH_UNIT (LENGTH_MEASURE( 1.000000000000000082E-05 ), #9050, 'distance_accuracy_value', 'NONE');
#1082 = VERTEX_POINT ( 'NONE', #5733 ) ;
#1083 = CARTESIAN_POINT ( 'NONE',  ( 14.91999977111800035, 9.709999998510001618, 1.050000001489999946 ) ) ;
#1084 = DIRECTION ( 'NONE',  ( 0.0000000000000000000, 1.618928404167999991E-15, -1.000000000000000000 ) ) ;
#1085 = FILL_AREA_STYLE_COLOUR ( '', #7035 ) ;
#1086 = EDGE_CURVE ( 'NONE', #7797, #9446, #10985, .T. ) ;
#1087 = CARTESIAN_POINT ( 'NONE',  ( 1.270000000000124807, 1.519999999999998241, 2.214999988079124904 ) ) ;
#1088 = FACE_OUTER_BOUND ( 'NONE', #10420, .T. ) ;
#1089 = DIRECTION ( 'NONE',  ( -1.000000000000000000, 0.0000000000000000000, -0.0000000000000000000 ) ) ;
#1090 = VECTOR ( 'NONE', #9566, 1000.000000000000000 ) ;
#1091 = PLANE ( 'NONE',  #5798 ) ;
#1092 =( NAMED_UNIT ( * ) SI_UNIT ( $, .STERADIAN. ) SOLID_ANGLE_UNIT ( ) );
#1093 = EDGE_CURVE ( 'NONE', #5276, #6582, #9657, .T. ) ;
#1094 = EDGE_CURVE ( 'NONE', #8647, #10456, #83, .T. ) ;
#1095 = ORIENTED_EDGE ( 'NONE', *, *, #10102, .T. ) ;
#1096 = SURFACE_SIDE_STYLE ('',( #4623 ) ) ;
#1097 = VERTEX_POINT ( 'NONE', #3010 ) ;
#1098 = DIRECTION ( 'NONE',  ( -0.7071067811865474617, -0.0000000000000000000, -0.7071067811865474617 ) ) ;
#1099 = EDGE_CURVE ( 'NONE', #10335, #5933, #844, .T. ) ;
#1100 = CYLINDRICAL_SURFACE ( 'NONE', #29, 0.9499999999999999556 ) ;
#1101 = CARTESIAN_POINT ( 'NONE',  ( 1.419999967812999975, 1.520000000000000018, 2.364999994040000164 ) ) ;
#1102 = CARTESIAN_POINT ( 'NONE',  ( 3.809999923706000047, 1.820000011921000693, 0.3250000119210002536 ) ) ;
#1103 = COLOUR_RGB ( '',0.09411764705882352811, 0.09411764705882352811, 0.09411764705882352811 ) ;
#1104 = CIRCLE ( 'NONE', #2738, 1.590000000000000080 ) ;
#1105 = VERTEX_POINT ( 'NONE', #4666 ) ;
#1106 = VECTOR ( 'NONE', #10650, 1000.000000000000000 ) ;
#1107 = VERTEX_POINT ( 'NONE', #10678 ) ;
#1108 =( LENGTH_UNIT ( ) NAMED_UNIT ( * ) SI_UNIT ( .MILLI., .METRE. ) );
#1109 = ORIENTED_EDGE ( 'NONE', *, *, #349, .F. ) ;
#1110 =( NAMED_UNIT ( * ) SI_UNIT ( $, .STERADIAN. ) SOLID_ANGLE_UNIT ( ) );
#1111 = CARTESIAN_POINT ( 'NONE',  ( 2.219999961852999970, 9.810000000000000497, 0.9499999999999999556 ) ) ;
#1112 = SURFACE_STYLE_USAGE ( .BOTH. , #11975 ) ;
#1113 = CARTESIAN_POINT ( 'NONE',  ( 1.270000000000000018, 1.820000011921000027, 0.02500000000000000139 ) ) ;
#1114 = DIRECTION ( 'NONE',  ( 0.0000000000000000000, -0.0000000000000000000, 1.000000000000000000 ) ) ;
#1115 = CARTESIAN_POINT ( 'NONE',  ( 11.42999980926500037, 1.520000000000000018, 2.214999988079000115 ) ) ;
#1116 = VECTOR ( 'NONE', #12181, 1000.000000000000000 ) ;
#1117 = VECTOR ( 'NONE', #5167, 1000.000000000000000 ) ;
#1118 = SURFACE_STYLE_FILL_AREA ( #9877 ) ;
#1119 = SURFACE_SIDE_STYLE ('',( #5137 ) ) ;
#1120 = EDGE_CURVE ( 'NONE', #3431, #1105, #7071, .T. ) ;
#1121 = MECHANICAL_DESIGN_GEOMETRIC_PRESENTATION_REPRESENTATION (  '', ( #915 ), #7217 ) ;
#1122 =( GEOMETRIC_REPRESENTATION_CONTEXT ( 3 ) GLOBAL_UNCERTAINTY_ASSIGNED_CONTEXT ( ( #9020 ) ) GLOBAL_UNIT_ASSIGNED_CONTEXT ( ( #9454, #680, #9517 ) ) REPRESENTATION_CONTEXT ( 'NONE', 'WORKASPACE' ) );
#1123 =( NAMED_UNIT ( * ) PLANE_ANGLE_UNIT ( ) SI_UNIT ( $, .RADIAN. ) );
#1124 = VECTOR ( 'NONE', #10921, 1000.000000000000000 ) ;
#1125 = FILL_AREA_STYLE ('',( #10782 ) ) ;
#1126 = CARTESIAN_POINT ( 'NONE',  ( 3.809999923706000047, 3.809999961852999828, 0.02500000000000000139 ) ) ;
#1127 = CARTESIAN_POINT ( 'NONE',  ( 12.91999980777499957, 9.709999998510001618, 0.9499999999999999556 ) ) ;
#1128 = ORIENTED_EDGE ( 'NONE', *, *, #10607, .F. ) ;
#1129 = CARTESIAN_POINT ( 'NONE',  ( 15.55999977111800092, 9.609999997019999185, 1.590000000000000302 ) ) ;
#1130 = AXIS2_PLACEMENT_3D ( 'NONE', #2332, #5136, #11085 ) ;
#1131 = VECTOR ( 'NONE', #11369, 1000.000000000000114 ) ;
#1132 = AXIS2_PLACEMENT_3D ( 'NONE', #262, #8013, #11921 ) ;
#1133 = ORIENTED_EDGE ( 'NONE', *, *, #1457, .T. ) ;
#1134 = VECTOR ( 'NONE', #2231, 1000.000000000000114 ) ;
#1135 = FILL_AREA_STYLE_COLOUR ( '', #11956 ) ;
#1136 = EDGE_CURVE ( 'NONE', #10086, #8436, #9037, .T. ) ;
#1137 = AXIS2_PLACEMENT_3D ( 'NONE', #8684, #7710, #7820 ) ;
#1138 = MECHANICAL_DESIGN_GEOMETRIC_PRESENTATION_REPRESENTATION (  '', ( #3979 ), #8490 ) ;
#1139 = STYLED_ITEM ( 'NONE', ( #12402 ), #9338 ) ;
#1140 = ORIENTED_EDGE ( 'NONE', *, *, #11518, .T. ) ;
#1141 = SURFACE_SIDE_STYLE ('',( #1316 ) ) ;
#1142 = CARTESIAN_POINT ( 'NONE',  ( 11.12999983549112493, 1.519999999999998241, 2.515000000000125802 ) ) ;
#1143 = EDGE_CURVE ( 'NONE', #9032, #10691, #3760, .T. ) ;
#1144 =( GEOMETRIC_REPRESENTATION_CONTEXT ( 3 ) GLOBAL_UNCERTAINTY_ASSIGNED_CONTEXT ( ( #1081 ) ) GLOBAL_UNIT_ASSIGNED_CONTEXT ( ( #9050, #7929, #8929 ) ) REPRESENTATION_CONTEXT ( 'NONE', 'WORKASPACE' ) );
#1145 =( GEOMETRIC_REPRESENTATION_CONTEXT ( 3 ) GLOBAL_UNCERTAINTY_ASSIGNED_CONTEXT ( ( #9156 ) ) GLOBAL_UNIT_ASSIGNED_CONTEXT ( ( #11189, #5234, #6316 ) ) REPRESENTATION_CONTEXT ( 'NONE', 'WORKASPACE' ) );
#1146 = SURFACE_STYLE_USAGE ( .BOTH. , #4189 ) ;
#1147 =( GEOMETRIC_REPRESENTATION_CONTEXT ( 3 ) GLOBAL_UNCERTAINTY_ASSIGNED_CONTEXT ( ( #2680 ) ) GLOBAL_UNIT_ASSIGNED_CONTEXT ( ( #12424, #5657, #6805 ) ) REPRESENTATION_CONTEXT ( 'NONE', 'WORKASPACE' ) );
#1148 = AXIS2_PLACEMENT_3D ( 'NONE', #10444, #9424, #12148 ) ;
#1149 = STYLED_ITEM ( 'NONE', ( #4837 ), #9617 ) ;
#1150 = PRODUCT_DEFINITION_SHAPE ( 'NONE', 'NONE',  #12614 ) ;
#1151 = CARTESIAN_POINT ( 'NONE',  ( 3.809999961852999828, 1.520000000000000018, 2.515000000000000124 ) ) ;
#1152 = ORIENTED_EDGE ( 'NONE', *, *, #1086, .T. ) ;
#1153 = DIRECTION ( 'NONE',  ( 1.000000000000000000, -0.0000000000000000000, -0.0000000000000000000 ) ) ;
#1154 = LINE ( 'NONE', #11934, #738 ) ;
#1155 = ORIENTED_EDGE ( 'NONE', *, *, #4262, .F. ) ;
#1156 = LINE ( 'NONE', #216, #9888 ) ;
#1157 = AXIS2_PLACEMENT_3D ( 'NONE', #4392, #7327, #8314 ) ;
#1158 = PLANE ( 'NONE',  #4597 ) ;
#1159 = PRESENTATION_LAYER_ASSIGNMENT (  '', '', ( #1763 ) ) ;
#1160 = ADVANCED_FACE ( 'NONE', ( #3704 ), #12585, .T. ) ;
#1161 = STYLED_ITEM ( 'NONE', ( #2179 ), #7843 ) ;
#1162 = CARTESIAN_POINT ( 'NONE',  ( 2.419999964832999950, 9.810000000000000497, 1.150000002979999714 ) ) ;
#1163 = DIRECTION ( 'NONE',  ( 6.670117000593702191E-16, -1.000000000000000000, -6.670117000593702191E-16 ) ) ;
#1164 = MECHANICAL_DESIGN_GEOMETRIC_PRESENTATION_REPRESENTATION (  '', ( #565 ), #7866 ) ;
#1165 =( GEOMETRIC_REPRESENTATION_CONTEXT ( 3 ) GLOBAL_UNCERTAINTY_ASSIGNED_CONTEXT ( ( #10001 ) ) GLOBAL_UNIT_ASSIGNED_CONTEXT ( ( #5840, #5953, #10893 ) ) REPRESENTATION_CONTEXT ( 'NONE', 'WORKASPACE' ) );
#1166 = STYLED_ITEM ( 'NONE', ( #6562 ), #502 ) ;
#1167 = SURFACE_SIDE_STYLE ('',( #3314 ) ) ;
#1168 =( NAMED_UNIT ( * ) PLANE_ANGLE_UNIT ( ) SI_UNIT ( $, .RADIAN. ) );
#1169 = ADVANCED_FACE ( 'NONE', ( #9792 ), #1026, .T. ) ;
#1170 = SURFACE_STYLE_FILL_AREA ( #3268 ) ;
#1171 = DIRECTION ( 'NONE',  ( -0.0000000000000000000, -0.0000000000000000000, 1.000000000000000000 ) ) ;
#1172 = COLOUR_RGB ( '',1.000000000000000000, 1.000000000000000000, 0.4980392156862745168 ) ;
#1173 = EDGE_LOOP ( 'NONE', ( #11065, #3539, #3356, #8945 ) ) ;
#1174 = SURFACE_STYLE_USAGE ( .BOTH. , #5985 ) ;
#1175 = EDGE_LOOP ( 'NONE', ( #782, #5731, #1688, #7025, #10640 ) ) ;
#1176 =( LENGTH_UNIT ( ) NAMED_UNIT ( * ) SI_UNIT ( .MILLI., .METRE. ) );
#1177 = AXIS2_PLACEMENT_3D ( 'NONE', #886, #10600, #6519 ) ;
#1178 = CARTESIAN_POINT ( 'NONE',  ( 9.189999859332999677, 1.519999999999998241, 2.514999999999999680 ) ) ;
#1179 = COLOUR_RGB ( '',0.09411764705882352811, 0.09411764705882352811, 0.09411764705882352811 ) ;
#1180 = VECTOR ( 'NONE', #5762, 1000.000000000000000 ) ;
#1181 = FILL_AREA_STYLE ('',( #9938 ) ) ;
#1182 =( GEOMETRIC_REPRESENTATION_CONTEXT ( 3 ) GLOBAL_UNCERTAINTY_ASSIGNED_CONTEXT ( ( #965 ) ) GLOBAL_UNIT_ASSIGNED_CONTEXT ( ( #9621, #99, #8721 ) ) REPRESENTATION_CONTEXT ( 'NONE', 'WORKASPACE' ) );
#1183 = CARTESIAN_POINT ( 'NONE',  ( 14.91999977111800035, 1.270000000000000018, 0.9499999999999999556 ) ) ;
#1184 = CARTESIAN_POINT ( 'NONE',  ( 10.37999984592200242, 0.3200000000000000067, -2.899999998509999788 ) ) ;
#1185 = SURFACE_STYLE_FILL_AREA ( #3149 ) ;
#1186 = ORIENTED_EDGE ( 'NONE', *, *, #992, .T. ) ;
#1187 =( GEOMETRIC_REPRESENTATION_CONTEXT ( 3 ) GLOBAL_UNCERTAINTY_ASSIGNED_CONTEXT ( ( #7716 ) ) GLOBAL_UNIT_ASSIGNED_CONTEXT ( ( #1815, #2706, #5746 ) ) REPRESENTATION_CONTEXT ( 'NONE', 'WORKASPACE' ) );
#1188 = ORIENTED_EDGE ( 'NONE', *, *, #12219, .T. ) ;
#1189 = DIRECTION ( 'NONE',  ( -1.000000000000000000, 0.0000000000000000000, 0.0000000000000000000 ) ) ;
#1190 = ORIENTED_EDGE ( 'NONE', *, *, #5750, .T. ) ;
#1191 = STYLED_ITEM ( 'NONE', ( #10197 ), #3907 ) ;
#1192 = PLANE ( 'NONE',  #7656 ) ;
#1193 = DIRECTION ( 'NONE',  ( 1.000000000000000000, 0.0000000000000000000, -0.0000000000000000000 ) ) ;
#1194 = DIRECTION ( 'NONE',  ( -0.0000000000000000000, 1.000000000000000000, 1.510616709811000052E-15 ) ) ;
#1195 = PLANE ( 'NONE',  #4033 ) ;
#1196 = CARTESIAN_POINT ( 'NONE',  ( 5.399999923706000793, 9.609999997019999185, 1.590000000000000302 ) ) ;
#1197 = UNCERTAINTY_MEASURE_WITH_UNIT (LENGTH_MEASURE( 1.000000000000000082E-05 ), #2998, 'distance_accuracy_value', 'NONE');
#1198 = DIRECTION ( 'NONE',  ( -0.7071067811865475727, -9.398244244348984524E-16, 0.7071067811865475727 ) ) ;
#1199 = PRESENTATION_STYLE_ASSIGNMENT (( #8079 ) ) ;
#1200 = SURFACE_STYLE_USAGE ( .BOTH. , #8080 ) ;
#1201 =( LENGTH_UNIT ( ) NAMED_UNIT ( * ) SI_UNIT ( .MILLI., .METRE. ) );
#1202 = DIRECTION ( 'NONE',  ( 6.670117000593702191E-16, -1.000000000000000000, -6.670117000593702191E-16 ) ) ;
#1203 = ORIENTED_EDGE ( 'NONE', *, *, #3720, .T. ) ;
#1204 =( GEOMETRIC_REPRESENTATION_CONTEXT ( 3 ) GLOBAL_UNCERTAINTY_ASSIGNED_CONTEXT ( ( #10427 ) ) GLOBAL_UNIT_ASSIGNED_CONTEXT ( ( #4225, #12278, #11513 ) ) REPRESENTATION_CONTEXT ( 'NONE', 'WORKASPACE' ) );
#1205 = ORIENTED_EDGE ( 'NONE', *, *, #2588, .F. ) ;
#1206 = VECTOR ( 'NONE', #12028, 1000.000000000000000 ) ;
#1207 = EDGE_CURVE ( 'NONE', #11608, #4689, #5156, .T. ) ;
#1208 = PLANE ( 'NONE',  #6654 ) ;
#1209 = ORIENTED_EDGE ( 'NONE', *, *, #5517, .T. ) ;
#1210 = ORIENTED_EDGE ( 'NONE', *, *, #2015, .F. ) ;
#1211 = DIRECTION ( 'NONE',  ( 0.0000000000000000000, 0.0000000000000000000, 1.000000000000000000 ) ) ;
#1212 = AXIS2_PLACEMENT_3D ( 'NONE', #3599, #7415, #8578 ) ;
#1213 = LINE ( 'NONE', #8100, #3160 ) ;
#1214 = CARTESIAN_POINT ( 'NONE',  ( 6.349999923706000082, 1.520000000000000018, 0.3250000119209999760 ) ) ;
#1215 = ORIENTED_EDGE ( 'NONE', *, *, #2553, .F. ) ;
#1216 = CARTESIAN_POINT ( 'NONE',  ( 12.57999981224500097, -0.1199999970199999016, -3.000000000000000000 ) ) ;
#1217 = SURFACE_SIDE_STYLE ('',( #7958 ) ) ;
#1218 = UNCERTAINTY_MEASURE_WITH_UNIT (LENGTH_MEASURE( 1.000000000000000082E-05 ), #9759, 'distance_accuracy_value', 'NONE');
#1219 = UNCERTAINTY_MEASURE_WITH_UNIT (LENGTH_MEASURE( 1.000000000000000082E-05 ), #6683, 'distance_accuracy_value', 'NONE');
#1220 = ORIENTED_EDGE ( 'NONE', *, *, #6038, .T. ) ;
#1221 = LINE ( 'NONE', #404, #6814 ) ;
#1222 = STYLED_ITEM ( 'NONE', ( #6819 ), #1666 ) ;
#1223 = LINE ( 'NONE', #2169, #961 ) ;
#1224 = LINE ( 'NONE', #11173, #587 ) ;
#1225 = ADVANCED_FACE ( 'NONE', ( #10157, #12237 ), #6302, .T. ) ;
#1226 = FILL_AREA_STYLE ('',( #2374 ) ) ;
#1227 = UNCERTAINTY_MEASURE_WITH_UNIT (LENGTH_MEASURE( 1.000000000000000082E-05 ), #7824, 'distance_accuracy_value', 'NONE');
#1228 = PLANE ( 'NONE',  #830 ) ;
#1229 = LINE ( 'NONE', #6960, #267 ) ;
#1230 = EDGE_CURVE ( 'NONE', #1107, #3849, #6233, .T. ) ;
#1231 = LINE ( 'NONE', #7845, #4617 ) ;
#1232 = VERTEX_POINT ( 'NONE', #1459 ) ;
#1233 = ORIENTED_EDGE ( 'NONE', *, *, #11463, .T. ) ;
#1234 = VECTOR ( 'NONE', #8280, 1000.000000000000114 ) ;
#1235 =( LENGTH_UNIT ( ) NAMED_UNIT ( * ) SI_UNIT ( .MILLI., .METRE. ) );
#1236 =( GEOMETRIC_REPRESENTATION_CONTEXT ( 3 ) GLOBAL_UNCERTAINTY_ASSIGNED_CONTEXT ( ( #6816 ) ) GLOBAL_UNIT_ASSIGNED_CONTEXT ( ( #9797, #12589, #6898 ) ) REPRESENTATION_CONTEXT ( 'NONE', 'WORKASPACE' ) );
#1237 =( NAMED_UNIT ( * ) PLANE_ANGLE_UNIT ( ) SI_UNIT ( $, .RADIAN. ) );
#1238 =( NAMED_UNIT ( * ) PLANE_ANGLE_UNIT ( ) SI_UNIT ( $, .RADIAN. ) );
#1239 = EDGE_CURVE ( 'NONE', #9946, #6280, #2534, .T. ) ;
#1240 =( NAMED_UNIT ( * ) PLANE_ANGLE_UNIT ( ) SI_UNIT ( $, .RADIAN. ) );
#1241 = FILL_AREA_STYLE_COLOUR ( '', #8698 ) ;
#1242 = COLOUR_RGB ( '',1.000000000000000000, 1.000000000000000000, 0.4980392156862745168 ) ;
#1243 = EDGE_LOOP ( 'NONE', ( #4298, #3749, #4039, #9815 ) ) ;
#1244 = DIRECTION ( 'NONE',  ( -0.0000000000000000000, 1.000000000000000000, 0.0000000000000000000 ) ) ;
#1245 = ORIENTED_EDGE ( 'NONE', *, *, #10668, .T. ) ;
#1246 = VECTOR ( 'NONE', #7580, 1000.000000000000000 ) ;
#1247 = SURFACE_STYLE_FILL_AREA ( #4936 ) ;
#1248 = DIRECTION ( 'NONE',  ( -0.5773502691896268413, 0.5773502691896258421, -0.5773502691896246208 ) ) ;
#1249 = LINE ( 'NONE', #247, #2637 ) ;
#1250 =( NAMED_UNIT ( * ) SI_UNIT ( $, .STERADIAN. ) SOLID_ANGLE_UNIT ( ) );
#1251 = DIRECTION ( 'NONE',  ( 1.000000000000000000, -0.0000000000000000000, 0.0000000000000000000 ) ) ;
#1252 = EDGE_CURVE ( 'NONE', #2442, #11254, #9070, .T. ) ;
#1253 = LINE ( 'NONE', #8936, #8287 ) ;
#1254 = AXIS2_PLACEMENT_3D ( 'NONE', #3166, #62, #10785 ) ;
#1255 =( NAMED_UNIT ( * ) SI_UNIT ( $, .STERADIAN. ) SOLID_ANGLE_UNIT ( ) );
#1256 = AXIS2_PLACEMENT_3D ( 'NONE', #7047, #10008, #7996 ) ;
#1257 = DIRECTION ( 'NONE',  ( 0.0000000000000000000, -1.609823385705999920E-15, 1.000000000000000000 ) ) ;
#1258 = LINE ( 'NONE', #11913, #10729 ) ;
#1259 = ORIENTED_EDGE ( 'NONE', *, *, #5249, .F. ) ;
#1260 = AXIS2_PLACEMENT_3D ( 'NONE', #3527, #7545, #1557 ) ;
#1261 = ADVANCED_FACE ( 'NONE', ( #1398 ), #5280, .F. ) ;
#1262 = ORIENTED_EDGE ( 'NONE', *, *, #9813, .F. ) ;
#1263 = LINE ( 'NONE', #3172, #5010 ) ;
#1264 = VERTEX_POINT ( 'NONE', #3620 ) ;
#1265 = EDGE_CURVE ( 'NONE', #10843, #4999, #1707, .T. ) ;
#1266 = ORIENTED_EDGE ( 'NONE', *, *, #9209, .F. ) ;
#1267 = DIRECTION ( 'NONE',  ( -0.7071067811865474617, 0.0000000000000000000, 0.7071067811865474617 ) ) ;
#1268 = CARTESIAN_POINT ( 'NONE',  ( 4.759999923706000224, -0.1199999970200000127, -3.000000000000000000 ) ) ;
#1269 = VECTOR ( 'NONE', #9856, 1000.000000000000000 ) ;
#1270 = EDGE_CURVE ( 'NONE', #9834, #8852, #10588, .T. ) ;
#1271 = PLANE ( 'NONE',  #9676 ) ;
#1272 = EDGE_LOOP ( 'NONE', ( #6677, #5150, #3727, #10170 ) ) ;
#1273 = CARTESIAN_POINT ( 'NONE',  ( 6.349999923706500127, 1.520000000000000018, 2.214999988079499715 ) ) ;
#1274 = COLOUR_RGB ( '',0.09411764705882352811, 0.09411764705882352811, 0.09411764705882352811 ) ;
#1275 = AXIS2_PLACEMENT_3D ( 'NONE', #11759, #5792, #10033 ) ;
#1276 = ORIENTED_EDGE ( 'NONE', *, *, #7257, .T. ) ;
#1277 = CARTESIAN_POINT ( 'NONE',  ( 12.81999980628500069, 0.3200000000000000067, -2.999999999999998668 ) ) ;
#1278 = COLOUR_RGB ( '',0.09411764705882352811, 0.09411764705882352811, 0.09411764705882352811 ) ;
#1279 = DIRECTION ( 'NONE',  ( 1.000000000000000000, 0.0000000000000000000, 0.0000000000000000000 ) ) ;
#1280 =( REPRESENTATION_RELATIONSHIP ('NONE','NONE', #12268, #8849 ) REPRESENTATION_RELATIONSHIP_WITH_TRANSFORMATION ( #3474 )SHAPE_REPRESENTATION_RELATIONSHIP( ) );
#1281 = CARTESIAN_POINT ( 'NONE',  ( 15.55999977111799915, 0.3199999999999999512, -2.799999997020000020 ) ) ;
#1282 = ORIENTED_EDGE ( 'NONE', *, *, #11916, .T. ) ;
#1283 = DIRECTION ( 'NONE',  ( -0.0000000000000000000, 1.510616709811000052E-15, -1.000000000000000000 ) ) ;
#1284 = FACE_OUTER_BOUND ( 'NONE', #11800, .T. ) ;
#1285 = PLANE ( 'NONE',  #763 ) ;
#1286 = ORIENTED_EDGE ( 'NONE', *, *, #2289, .T. ) ;
#1287 = CARTESIAN_POINT ( 'NONE',  ( 16.50999977111800021, 1.520000000000000018, 0.3250000119209999760 ) ) ;
#1288 = ORIENTED_EDGE ( 'NONE', *, *, #6757, .F. ) ;
#1289 =( NAMED_UNIT ( * ) PLANE_ANGLE_UNIT ( ) SI_UNIT ( $, .RADIAN. ) );
#1290 = LINE ( 'NONE', #3334, #1883 ) ;
#1291 = DIRECTION ( 'NONE',  ( 0.0000000000000000000, 1.000000000000000000, -0.0000000000000000000 ) ) ;
#1292 =( NAMED_UNIT ( * ) PLANE_ANGLE_UNIT ( ) SI_UNIT ( $, .RADIAN. ) );
#1293 = EDGE_CURVE ( 'NONE', #3429, #3165, #11812, .T. ) ;
#1294 = DIRECTION ( 'NONE',  ( 0.0000000000000000000, -1.000000000000000000, -1.332267629549999902E-15 ) ) ;
#1295 = LINE ( 'NONE', #5068, #9500 ) ;
#1296 = EDGE_LOOP ( 'NONE', ( #3063, #9160, #12232, #6449 ) ) ;
#1297 = DIRECTION ( 'NONE',  ( -1.000000000000000000, -0.0000000000000000000, -0.0000000000000000000 ) ) ;
#1298 = ORIENTED_EDGE ( 'NONE', *, *, #7098, .F. ) ;
#1299 =( LENGTH_UNIT ( ) NAMED_UNIT ( * ) SI_UNIT ( .MILLI., .METRE. ) );
#1300 = FACE_OUTER_BOUND ( 'NONE', #3613, .T. ) ;
#1301 = DIRECTION ( 'NONE',  ( -0.0000000000000000000, 1.000000000000000000, 0.0000000000000000000 ) ) ;
#1302 = FILL_AREA_STYLE_COLOUR ( '', #1668 ) ;
#1303 =( NAMED_UNIT ( * ) SI_UNIT ( $, .STERADIAN. ) SOLID_ANGLE_UNIT ( ) );
#1304 = SURFACE_STYLE_USAGE ( .BOTH. , #2269 ) ;
#1305 =( GEOMETRIC_REPRESENTATION_CONTEXT ( 3 ) GLOBAL_UNCERTAINTY_ASSIGNED_CONTEXT ( ( #3128 ) ) GLOBAL_UNIT_ASSIGNED_CONTEXT ( ( #480, #3462, #7405 ) ) REPRESENTATION_CONTEXT ( 'NONE', 'WORKASPACE' ) );
#1306 = COLOUR_RGB ( '',1.000000000000000000, 1.000000000000000000, 0.4980392156862745168 ) ;
#1307 =( NAMED_UNIT ( * ) PLANE_ANGLE_UNIT ( ) SI_UNIT ( $, .RADIAN. ) );
#1308 = FILL_AREA_STYLE ('',( #7118 ) ) ;
#1309 =( LENGTH_UNIT ( ) NAMED_UNIT ( * ) SI_UNIT ( .MILLI., .METRE. ) );
#1310 = SURFACE_STYLE_FILL_AREA ( #3299 ) ;
#1311 = VERTEX_POINT ( 'NONE', #4633 ) ;
#1312 = EDGE_LOOP ( 'NONE', ( #9531, #9584, #3686, #1276 ) ) ;
#1313 = SURFACE_STYLE_FILL_AREA ( #1069 ) ;
#1314 = ORIENTED_EDGE ( 'NONE', *, *, #11100, .F. ) ;
#1315 = AXIS2_PLACEMENT_3D ( 'NONE', #1650, #760, #2724 ) ;
#1316 = SURFACE_STYLE_FILL_AREA ( #6231 ) ;
#1317 = VECTOR ( 'NONE', #8232, 1000.000000000000000 ) ;
#1318 = CARTESIAN_POINT ( 'NONE',  ( 2.419999964832999950, 9.810000000000000497, 1.150000002980000158 ) ) ;
#1319 = AXIS2_PLACEMENT_3D ( 'NONE', #4818, #7557, #12472 ) ;
#1320 =( NAMED_UNIT ( * ) SI_UNIT ( $, .STERADIAN. ) SOLID_ANGLE_UNIT ( ) );
#1321 = SURFACE_STYLE_USAGE ( .BOTH. , #3364 ) ;
#1322 = EDGE_CURVE ( 'NONE', #10903, #3372, #753, .T. ) ;
#1323 = EDGE_CURVE ( 'NONE', #11949, #3725, #11542, .T. ) ;
#1324 = FILL_AREA_STYLE ('',( #9199 ) ) ;
#1325 = SURFACE_STYLE_FILL_AREA ( #7133 ) ;
#1326 = STYLED_ITEM ( 'NONE', ( #3359 ), #12073 ) ;
#1327 = EDGE_CURVE ( 'NONE', #8231, #5072, #11365, .T. ) ;
#1328 = DIRECTION ( 'NONE',  ( -0.0000000000000000000, 1.000000000000000000, 0.0000000000000000000 ) ) ;
#1329 = ORIENTED_EDGE ( 'NONE', *, *, #3549, .F. ) ;
#1330 = STYLED_ITEM ( 'NONE', ( #829 ), #8791 ) ;
#1331 = COLOUR_RGB ( '',1.000000000000000000, 1.000000000000000000, 0.4980392156862745168 ) ;
#1332 = LINE ( 'NONE', #11750, #4113 ) ;
#1333 = MECHANICAL_DESIGN_GEOMETRIC_PRESENTATION_REPRESENTATION (  '', ( #333 ), #11133 ) ;
#1334 = UNCERTAINTY_MEASURE_WITH_UNIT (LENGTH_MEASURE( 1.000000000000000082E-05 ), #10113, 'distance_accuracy_value', 'NONE');
#1335 = MECHANICAL_DESIGN_GEOMETRIC_PRESENTATION_REPRESENTATION (  '', ( #531 ), #7838 ) ;
#1336 = ORIENTED_EDGE ( 'NONE', *, *, #12397, .F. ) ;
#1337 = DIRECTION ( 'NONE',  ( 0.0000000000000000000, -1.510616709811000052E-15, 1.000000000000000000 ) ) ;
#1338 = CARTESIAN_POINT ( 'NONE',  ( 2.859999961853000094, -0.3200000000000000067, -2.799999997020000020 ) ) ;
#1339 = CARTESIAN_POINT ( 'NONE',  ( 5.399999923705999905, 1.270000000000000018, 0.9499999999999999556 ) ) ;
#1340 = VECTOR ( 'NONE', #2328, 1000.000000000000000 ) ;
#1341 = CLOSED_SHELL ( 'NONE', ( #8633, #9164, #10036, #4802, #7352, #6931, #3907, #6202, #9604, #331, #2949, #2238, #6502, #3937, #11228, #9489, #6721, #8350 ) ) ;
#1342 =( GEOMETRIC_REPRESENTATION_CONTEXT ( 3 ) GLOBAL_UNCERTAINTY_ASSIGNED_CONTEXT ( ( #1906 ) ) GLOBAL_UNIT_ASSIGNED_CONTEXT ( ( #7380, #8362, #6507 ) ) REPRESENTATION_CONTEXT ( 'NONE', 'WORKASPACE' ) );
#1343 = VECTOR ( 'NONE', #11410, 1000.000000000000000 ) ;
#1344 = AXIS2_PLACEMENT_3D ( 'NONE', #1127, #10020, #4236 ) ;
#1345 = PRESENTATION_STYLE_ASSIGNMENT (( #6119 ) ) ;
#1346 = SURFACE_STYLE_FILL_AREA ( #2500 ) ;
#1347 = VERTEX_POINT ( 'NONE', #12362 ) ;
#1348 = SURFACE_SIDE_STYLE ('',( #8033 ) ) ;
#1349 = COLOUR_RGB ( '',1.000000000000000000, 1.000000000000000000, 0.4980392156862745168 ) ;
#1350 = FILL_AREA_STYLE_COLOUR ( '', #6670 ) ;
#1351 = MECHANICAL_DESIGN_GEOMETRIC_PRESENTATION_REPRESENTATION (  '', ( #5221 ), #4000 ) ;
#1352 = VERTEX_POINT ( 'NONE', #7621 ) ;
#1353 = FACE_OUTER_BOUND ( 'NONE', #10213, .T. ) ;
#1354 = VERTEX_POINT ( 'NONE', #11424 ) ;
#1355 =( NAMED_UNIT ( * ) PLANE_ANGLE_UNIT ( ) SI_UNIT ( $, .RADIAN. ) );
#1356 = AXIS2_PLACEMENT_3D ( 'NONE', #3089, #8978, #7038 ) ;
#1357 = COLOUR_RGB ( '',0.09411764705882352811, 0.09411764705882352811, 0.09411764705882352811 ) ;
#1358 =( GEOMETRIC_REPRESENTATION_CONTEXT ( 3 ) GLOBAL_UNCERTAINTY_ASSIGNED_CONTEXT ( ( #6337 ) ) GLOBAL_UNIT_ASSIGNED_CONTEXT ( ( #11355, #5328, #444 ) ) REPRESENTATION_CONTEXT ( 'NONE', 'WORKASPACE' ) );
#1359 = DIRECTION ( 'NONE',  ( 0.0000000000000000000, -1.000000000000000000, -1.332267629549999902E-15 ) ) ;
#1360 = ADVANCED_FACE ( 'NONE', ( #7566 ), #9451, .T. ) ;
#1361 = DIRECTION ( 'NONE',  ( -0.0000000000000000000, 0.0000000000000000000, 1.000000000000000000 ) ) ;
#1362 =( LENGTH_UNIT ( ) NAMED_UNIT ( * ) SI_UNIT ( .MILLI., .METRE. ) );
#1363 = AXIS2_PLACEMENT_3D ( 'NONE', #4951, #8871, #11868 ) ;
#1364 = UNCERTAINTY_MEASURE_WITH_UNIT (LENGTH_MEASURE( 1.000000000000000082E-05 ), #5086, 'distance_accuracy_value', 'NONE');
#1365 = MECHANICAL_DESIGN_GEOMETRIC_PRESENTATION_REPRESENTATION (  '', ( #4408 ), #9131 ) ;
#1366 = AXIS2_PLACEMENT_3D ( 'NONE', #5071, #3970, #3153 ) ;
#1367 = PLANE ( 'NONE',  #10098 ) ;
#1368 = DIRECTION ( 'NONE',  ( -0.0000000000000000000, 1.000000000000000000, 1.332267629549999902E-15 ) ) ;
#1369 = AXIS2_PLACEMENT_3D ( 'NONE', #6248, #9208, #9344 ) ;
#1370 = VERTEX_POINT ( 'NONE', #6277 ) ;
#1371 = CARTESIAN_POINT ( 'NONE',  ( 17.45999973297099928, 3.809999961852999828, 1.590000000000000080 ) ) ;
#1372 = ORIENTED_EDGE ( 'NONE', *, *, #5894, .T. ) ;
#1373 = MECHANICAL_DESIGN_GEOMETRIC_PRESENTATION_REPRESENTATION (  '', ( #5434 ), #176 ) ;
#1374 =( LENGTH_UNIT ( ) NAMED_UNIT ( * ) SI_UNIT ( .MILLI., .METRE. ) );
#1375 =( NAMED_UNIT ( * ) SI_UNIT ( $, .STERADIAN. ) SOLID_ANGLE_UNIT ( ) );
#1376 = SURFACE_SIDE_STYLE ('',( #8200 ) ) ;
#1377 = VECTOR ( 'NONE', #682, 1000.000000000000000 ) ;
#1378 = CARTESIAN_POINT ( 'NONE',  ( 19.04999973297099913, 1.520000000000000018, 2.515000000000000124 ) ) ;
#1379 =( NAMED_UNIT ( * ) SI_UNIT ( $, .STERADIAN. ) SOLID_ANGLE_UNIT ( ) );
#1380 = LINE ( 'NONE', #846, #1794 ) ;
#1381 = PLANE ( 'NONE',  #5223 ) ;
#1382 = VECTOR ( 'NONE', #9804, 1000.000000000000000 ) ;
#1383 =( LENGTH_UNIT ( ) NAMED_UNIT ( * ) SI_UNIT ( .MILLI., .METRE. ) );
#1384 = CARTESIAN_POINT ( 'NONE',  ( 5.399999923705999905, 1.270000000000000018, 1.589999999999999636 ) ) ;
#1385 = DIRECTION ( 'NONE',  ( 0.0000000000000000000, 1.332267629549999902E-15, -1.000000000000000000 ) ) ;
#1386 =( GEOMETRIC_REPRESENTATION_CONTEXT ( 3 ) GLOBAL_UNCERTAINTY_ASSIGNED_CONTEXT ( ( #6476 ) ) GLOBAL_UNIT_ASSIGNED_CONTEXT ( ( #2522, #11509, #8151 ) ) REPRESENTATION_CONTEXT ( 'NONE', 'WORKASPACE' ) );
#1387 = ORIENTED_EDGE ( 'NONE', *, *, #4281, .T. ) ;
#1388 = STYLED_ITEM ( 'NONE', ( #6854 ), #3854 ) ;
#1389 = SURFACE_SIDE_STYLE ('',( #2278 ) ) ;
#1390 = EDGE_CURVE ( 'NONE', #2453, #2671, #8141, .T. ) ;
#1391 = ORIENTED_EDGE ( 'NONE', *, *, #6824, .T. ) ;
#1392 = SURFACE_STYLE_USAGE ( .BOTH. , #10399 ) ;
#1393 = ORIENTED_EDGE ( 'NONE', *, *, #9594, .F. ) ;
#1394 = LINE ( 'NONE', #2600, #5526 ) ;
#1395 = LINE ( 'NONE', #10220, #11164 ) ;
#1396 = VECTOR ( 'NONE', #6270, 1000.000000000000000 ) ;
#1397 = FACE_OUTER_BOUND ( 'NONE', #10638, .T. ) ;
#1398 = FACE_OUTER_BOUND ( 'NONE', #9702, .T. ) ;
#1399 =( GEOMETRIC_REPRESENTATION_CONTEXT ( 3 ) GLOBAL_UNCERTAINTY_ASSIGNED_CONTEXT ( ( #2254 ) ) GLOBAL_UNIT_ASSIGNED_CONTEXT ( ( #12122, #3203, #9087 ) ) REPRESENTATION_CONTEXT ( 'NONE', 'WORKASPACE' ) );
#1400 = EDGE_CURVE ( 'NONE', #5188, #4933, #5308, .T. ) ;
#1401 = SURFACE_STYLE_USAGE ( .BOTH. , #4372 ) ;
#1402 = FILL_AREA_STYLE_COLOUR ( '', #4992 ) ;
#1403 = CARTESIAN_POINT ( 'NONE',  ( 10.47999984741199953, 3.809999961852999384, 0.9499999999999999556 ) ) ;
#1404 = CARTESIAN_POINT ( 'NONE',  ( 2.219999961852999970, 1.270000000000000018, -4.440892098500999885E-16 ) ) ;
#1405 = DIRECTION ( 'NONE',  ( 0.5773502691896246208, 0.5773502691896296168, 0.5773502691896230665 ) ) ;
#1406 = AXIS2_PLACEMENT_3D ( 'NONE', #932, #2128, #10702 ) ;
#1407 = LINE ( 'NONE', #7318, #934 ) ;
#1408 = ORIENTED_EDGE ( 'NONE', *, *, #11990, .T. ) ;
#1409 = PRESENTATION_STYLE_ASSIGNMENT (( #10166 ) ) ;
#1410 = CARTESIAN_POINT ( 'NONE',  ( 9.839999847412000733, 1.270000000000000018, 0.9499999999999999556 ) ) ;
#1411 = ORIENTED_EDGE ( 'NONE', *, *, #8449, .F. ) ;
#1412 = DIRECTION ( 'NONE',  ( -1.000000000000000000, 0.0000000000000000000, 0.0000000000000000000 ) ) ;
#1413 =( LENGTH_UNIT ( ) NAMED_UNIT ( * ) SI_UNIT ( .MILLI., .METRE. ) );
#1414 = SURFACE_SIDE_STYLE ('',( #8173 ) ) ;
#1415 = FILL_AREA_STYLE ('',( #2444 ) ) ;
#1416 = COLOUR_RGB ( '',0.09411764705882352811, 0.09411764705882352811, 0.09411764705882352811 ) ;
#1417 =( GEOMETRIC_REPRESENTATION_CONTEXT ( 3 ) GLOBAL_UNCERTAINTY_ASSIGNED_CONTEXT ( ( #11060 ) ) GLOBAL_UNIT_ASSIGNED_CONTEXT ( ( #4693, #3675, #10587 ) ) REPRESENTATION_CONTEXT ( 'NONE', 'WORKASPACE' ) );
#1418 = PLANE ( 'NONE',  #11400 ) ;
#1419 = DIRECTION ( 'NONE',  ( -0.0000000000000000000, 1.000000000000000000, 0.0000000000000000000 ) ) ;
#1420 = ORIENTED_EDGE ( 'NONE', *, *, #5671, .T. ) ;
#1421 = FILL_AREA_STYLE_COLOUR ( '', #4485 ) ;
#1422 = DIRECTION ( 'NONE',  ( -0.7071067811865474617, 0.0000000000000000000, 0.7071067811865474617 ) ) ;
#1423 = SURFACE_SIDE_STYLE ('',( #6465 ) ) ;
#1424 = ORIENTED_EDGE ( 'NONE', *, *, #3015, .T. ) ;
#1425 = EDGE_LOOP ( 'NONE', ( #8143, #8158, #10445, #10386 ) ) ;
#1426 = DIRECTION ( 'NONE',  ( 1.000000000000000000, 0.0000000000000000000, -0.0000000000000000000 ) ) ;
#1427 = EDGE_CURVE ( 'NONE', #11732, #7892, #371, .T. ) ;
#1428 = ADVANCED_FACE ( 'NONE', ( #10201 ), #3341, .F. ) ;
#1429 = FILL_AREA_STYLE ('',( #1494 ) ) ;
#1430 = PRESENTATION_STYLE_ASSIGNMENT (( #7210 ) ) ;
#1431 = EDGE_CURVE ( 'NONE', #3040, #7351, #485, .T. ) ;
#1432 = PRESENTATION_STYLE_ASSIGNMENT (( #10195 ) ) ;
#1433 = LINE ( 'NONE', #4341, #7226 ) ;
#1434 = SURFACE_STYLE_FILL_AREA ( #9172 ) ;
#1435 = ORIENTED_EDGE ( 'NONE', *, *, #9993, .F. ) ;
#1436 = CARTESIAN_POINT ( 'NONE',  ( 12.37999980926499966, -0.3200000000000000067, -2.799999997020000020 ) ) ;
#1437 = COLOUR_RGB ( '',1.000000000000000000, 1.000000000000000000, 0.4980392156862745168 ) ;
#1438 = DIRECTION ( 'NONE',  ( 0.7071067811865474617, 0.0000000000000000000, -0.7071067811865474617 ) ) ;
#1439 = ORIENTED_EDGE ( 'NONE', *, *, #8598, .F. ) ;
#1440 = CARTESIAN_POINT ( 'NONE',  ( 2.219999961852999970, 1.270000000000000018, 0.9499999999999999556 ) ) ;
#1441 = SURFACE_SIDE_STYLE ('',( #430 ) ) ;
#1442 = CARTESIAN_POINT ( 'NONE',  ( 11.27999984145199974, 3.809999961853000716, 0.1750000059600015367 ) ) ;
#1443 = PRESENTATION_LAYER_ASSIGNMENT (  '', '', ( #5902 ) ) ;
#1444 = DIRECTION ( 'NONE',  ( 1.000000000000000000, -0.0000000000000000000, -0.0000000000000000000 ) ) ;
#1445 = STYLED_ITEM ( 'NONE', ( #10999 ), #2485 ) ;
#1446 =( LENGTH_UNIT ( ) NAMED_UNIT ( * ) SI_UNIT ( .MILLI., .METRE. ) );
#1447 = CARTESIAN_POINT ( 'NONE',  ( 16.50999973297099999, 3.809999961852999828, 0.02500000000000000139 ) ) ;
#1448 = VERTEX_POINT ( 'NONE', #7353 ) ;
#1449 = DIRECTION ( 'NONE',  ( 0.7071067811865474617, 0.0000000000000000000, -0.7071067811865474617 ) ) ;
#1450 = PRESENTATION_LAYER_ASSIGNMENT (  '', '', ( #6943 ) ) ;
#1451 = ORIENTED_EDGE ( 'NONE', *, *, #2976, .T. ) ;
#1452 = SURFACE_STYLE_FILL_AREA ( #12293 ) ;
#1453 = ORIENTED_EDGE ( 'NONE', *, *, #8809, .F. ) ;
#1454 = PRESENTATION_LAYER_ASSIGNMENT (  '', '', ( #5912 ) ) ;
#1455 = DIRECTION ( 'NONE',  ( 1.000000000000000000, 0.0000000000000000000, 0.0000000000000000000 ) ) ;
#1456 =( NAMED_UNIT ( * ) PLANE_ANGLE_UNIT ( ) SI_UNIT ( $, .RADIAN. ) );
#1457 = EDGE_CURVE ( 'NONE', #3152, #5146, #12083, .T. ) ;
#1458 = LINE ( 'NONE', #3433, #5833 ) ;
#1459 = CARTESIAN_POINT ( 'NONE',  ( 7.299999885559000035, -0.3199999999999999512, -4.878909776184769953E-16 ) ) ;
#1460 = DIRECTION ( 'NONE',  ( -0.0000000000000000000, -0.0000000000000000000, -1.000000000000000000 ) ) ;
#1461 = PRESENTATION_STYLE_ASSIGNMENT (( #11366 ) ) ;
#1462 = VECTOR ( 'NONE', #8015, 1000.000000000000114 ) ;
#1463 = EDGE_CURVE ( 'NONE', #2789, #10110, #6405, .T. ) ;
#1464 = LINE ( 'NONE', #6434, #2131 ) ;
#1465 = LINE ( 'NONE', #5339, #446 ) ;
#1466 =( LENGTH_UNIT ( ) NAMED_UNIT ( * ) SI_UNIT ( .MILLI., .METRE. ) );
#1467 =( LENGTH_UNIT ( ) NAMED_UNIT ( * ) SI_UNIT ( .MILLI., .METRE. ) );
#1468 = VERTEX_POINT ( 'NONE', #8395 ) ;
#1469 = FILL_AREA_STYLE_COLOUR ( '', #2508 ) ;
#1470 = UNCERTAINTY_MEASURE_WITH_UNIT (LENGTH_MEASURE( 1.000000000000000082E-05 ), #7185, 'distance_accuracy_value', 'NONE');
#1471 = CARTESIAN_POINT ( 'NONE',  ( 5.399999923705999905, 1.270000000000000018, 1.589999999999999858 ) ) ;
#1472 = EDGE_LOOP ( 'NONE', ( #7573, #8182, #2439, #1298 ) ) ;
#1473 = LINE ( 'NONE', #3501, #977 ) ;
#1474 = ADVANCED_FACE ( 'NONE', ( #4344 ), #2325, .T. ) ;
#1475 = SURFACE_STYLE_FILL_AREA ( #6314 ) ;
#1476 = VERTEX_POINT ( 'NONE', #5502 ) ;
#1477 = FILL_AREA_STYLE ('',( #8312 ) ) ;
#1478 = AXIS2_PLACEMENT_3D ( 'NONE', #1101, #4985, #5061 ) ;
#1479 = EDGE_CURVE ( 'NONE', #7956, #3789, #2894, .T. ) ;
#1480 = EDGE_CURVE ( 'NONE', #6613, #6810, #12335, .T. ) ;
#1481 = VECTOR ( 'NONE', #1422, 1000.000000000000114 ) ;
#1482 = ORIENTED_EDGE ( 'NONE', *, *, #9389, .T. ) ;
#1483 = UNCERTAINTY_MEASURE_WITH_UNIT (LENGTH_MEASURE( 1.000000000000000082E-05 ), #616, 'distance_accuracy_value', 'NONE');
#1484 = LINE ( 'NONE', #5486, #5301 ) ;
#1485 = DIRECTION ( 'NONE',  ( 0.0000000000000000000, 0.0000000000000000000, -1.000000000000000000 ) ) ;
#1486 = FILL_AREA_STYLE ('',( #1350 ) ) ;
#1487 = ORIENTED_EDGE ( 'NONE', *, *, #2011, .T. ) ;
#1488 = FACE_OUTER_BOUND ( 'NONE', #11611, .T. ) ;
#1489 = VERTEX_POINT ( 'NONE', #2702 ) ;
#1490 = CARTESIAN_POINT ( 'NONE',  ( 4.759999923706000224, 0.3200000000000000067, -4.878909776184769953E-16 ) ) ;
#1491 = VECTOR ( 'NONE', #3065, 1000.000000000000000 ) ;
#1492 = DIRECTION ( 'NONE',  ( 0.0000000000000000000, -0.0000000000000000000, -1.000000000000000000 ) ) ;
#1493 = MECHANICAL_DESIGN_GEOMETRIC_PRESENTATION_REPRESENTATION (  '', ( #6587 ), #11483 ) ;
#1494 = FILL_AREA_STYLE_COLOUR ( '', #4103 ) ;
#1495 = PLANE ( 'NONE',  #11991 ) ;
#1496 = UNCERTAINTY_MEASURE_WITH_UNIT (LENGTH_MEASURE( 1.000000000000000082E-05 ), #11533, 'distance_accuracy_value', 'NONE');
#1497 = EDGE_CURVE ( 'NONE', #2965, #671, #5562, .T. ) ;
#1498 = DIRECTION ( 'NONE',  ( 0.0000000000000000000, 1.000000000000000000, 1.609823385705999920E-15 ) ) ;
#1499 =( NAMED_UNIT ( * ) PLANE_ANGLE_UNIT ( ) SI_UNIT ( $, .RADIAN. ) );
#1500 = EDGE_CURVE ( 'NONE', #6795, #8652, #10625, .T. ) ;
#1501 = ORIENTED_EDGE ( 'NONE', *, *, #178, .F. ) ;
#1502 = FILL_AREA_STYLE_COLOUR ( '', #7707 ) ;
#1503 = CARTESIAN_POINT ( 'NONE',  ( 16.35999976515800469, 1.520000000000000018, 2.364999994040000164 ) ) ;
#1504 = CARTESIAN_POINT ( 'NONE',  ( 10.47999984741199953, 3.809999961852999828, 0.9499999999999999556 ) ) ;
#1505 = PRESENTATION_STYLE_ASSIGNMENT (( #489 ) ) ;
#1506 = DIRECTION ( 'NONE',  ( 0.7071067811865474617, 0.0000000000000000000, 0.7071067811865474617 ) ) ;
#1507 = APPLICATION_PROTOCOL_DEFINITION ( 'draft international standard', 'automotive_design', 1998, #4773 ) ;
#1508 = SURFACE_STYLE_USAGE ( .BOTH. , #11157 ) ;
#1509 = MECHANICAL_DESIGN_GEOMETRIC_PRESENTATION_REPRESENTATION (  '', ( #6183 ), #2317 ) ;
#1510 = SURFACE_SIDE_STYLE ('',( #1635 ) ) ;
#1511 = SURFACE_STYLE_FILL_AREA ( #1572 ) ;
#1512 = ORIENTED_EDGE ( 'NONE', *, *, #1480, .F. ) ;
#1513 = ORIENTED_EDGE ( 'NONE', *, *, #7493, .T. ) ;
#1514 = ORIENTED_EDGE ( 'NONE', *, *, #6387, .F. ) ;
#1515 = DIRECTION ( 'NONE',  ( -1.000000000000000000, 0.0000000000000000000, -0.0000000000000000000 ) ) ;
#1516 = DIRECTION ( 'NONE',  ( 0.7071067811865474617, 0.0000000000000000000, -0.7071067811865474617 ) ) ;
#1517 = ADVANCED_FACE ( 'NONE', ( #11405, #6542 ), #11563, .T. ) ;
#1518 = FILL_AREA_STYLE ('',( #10275 ) ) ;
#1519 = PRESENTATION_LAYER_ASSIGNMENT (  '', '', ( #12317 ) ) ;
#1520 = PLANE ( 'NONE',  #4790 ) ;
#1521 = LINE ( 'NONE', #7252, #10530 ) ;
#1522 = CARTESIAN_POINT ( 'NONE',  ( 18.89999972701100006, 3.809999961853000716, 2.364999994040001940 ) ) ;
#1523 = PLANE ( 'NONE',  #1743 ) ;
#1524 =( NAMED_UNIT ( * ) SI_UNIT ( $, .STERADIAN. ) SOLID_ANGLE_UNIT ( ) );
#1525 = FILL_AREA_STYLE ('',( #9271 ) ) ;
#1526 = ORIENTED_EDGE ( 'NONE', *, *, #8482, .T. ) ;
#1527 = FACE_OUTER_BOUND ( 'NONE', #7561, .T. ) ;
#1528 = VERTEX_POINT ( 'NONE', #6705 ) ;
#1529 = DIRECTION ( 'NONE',  ( -0.0000000000000000000, 1.000000000000000000, 1.332267629549999902E-15 ) ) ;
#1530 = EDGE_LOOP ( 'NONE', ( #11919, #3095, #10786, #12251 ) ) ;
#1531 =( LENGTH_UNIT ( ) NAMED_UNIT ( * ) SI_UNIT ( .MILLI., .METRE. ) );
#1532 = EDGE_CURVE ( 'NONE', #5491, #11373, #418, .T. ) ;
#1533 = UNCERTAINTY_MEASURE_WITH_UNIT (LENGTH_MEASURE( 1.000000000000000082E-05 ), #1558, 'distance_accuracy_value', 'NONE');
#1534 = COLOUR_RGB ( '',1.000000000000000000, 1.000000000000000000, 0.4980392156862745168 ) ;
#1535 = FILL_AREA_STYLE ('',( #4527 ) ) ;
#1536 = COLOUR_RGB ( '',1.000000000000000000, 1.000000000000000000, 0.4980392156862745168 ) ;
#1537 = ORIENTED_EDGE ( 'NONE', *, *, #12391, .F. ) ;
#1538 = CARTESIAN_POINT ( 'NONE',  ( 4.759999923706000224, 0.3200000000000000067, -4.336808689942017736E-16 ) ) ;
#1539 = DIRECTION ( 'NONE',  ( -1.000000000000000000, 0.0000000000000000000, 0.0000000000000000000 ) ) ;
#1540 = CARTESIAN_POINT ( 'NONE',  ( -0.3200000000000000067, 0.3200000000000000067, -3.000000000000000000 ) ) ;
#1541 = ORIENTED_EDGE ( 'NONE', *, *, #613, .T. ) ;
#1542 = CARTESIAN_POINT ( 'NONE',  ( 11.42999980926500037, 1.520000000000000018, 2.515000000000000124 ) ) ;
#1543 = ORIENTED_EDGE ( 'NONE', *, *, #9471, .F. ) ;
#1544 = VECTOR ( 'NONE', #5941, 1000.000000000000000 ) ;
#1545 = VECTOR ( 'NONE', #512, 1000.000000000000000 ) ;
#1546 = VECTOR ( 'NONE', #8787, 1000.000000000000000 ) ;
#1547 = EDGE_CURVE ( 'NONE', #6582, #1884, #11619, .T. ) ;
#1548 = VECTOR ( 'NONE', #10037, 1000.000000000000114 ) ;
#1549 = VECTOR ( 'NONE', #1062, 1000.000000000000000 ) ;
#1550 = AXIS2_PLACEMENT_3D ( 'NONE', #4168, #7173, #2333 ) ;
#1551 = PLANE ( 'NONE',  #10309 ) ;
#1552 = EDGE_CURVE ( 'NONE', #538, #4301, #11385, .T. ) ;
#1553 = COLOUR_RGB ( '',1.000000000000000000, 1.000000000000000000, 0.4980392156862745168 ) ;
#1554 = STYLED_ITEM ( 'NONE', ( #11437 ), #139 ) ;
#1555 = SURFACE_STYLE_FILL_AREA ( #2459 ) ;
#1556 = VECTOR ( 'NONE', #9499, 1000.000000000000000 ) ;
#1557 = DIRECTION ( 'NONE',  ( 0.0000000000000000000, -1.510616709811000052E-15, 1.000000000000000000 ) ) ;
#1558 =( LENGTH_UNIT ( ) NAMED_UNIT ( * ) SI_UNIT ( .MILLI., .METRE. ) );
#1559 = EDGE_LOOP ( 'NONE', ( #328, #10398, #4469, #3847 ) ) ;
#1560 = FILL_AREA_STYLE_COLOUR ( '', #5670 ) ;
#1561 = FACE_OUTER_BOUND ( 'NONE', #10268, .T. ) ;
#1562 = LINE ( 'NONE', #9431, #1340 ) ;
#1563 = AXIS2_PLACEMENT_3D ( 'NONE', #1078, #77, #3002 ) ;
#1564 = SURFACE_STYLE_USAGE ( .BOTH. , #5507 ) ;
#1565 = VECTOR ( 'NONE', #2285, 1000.000000000000000 ) ;
#1566 =( NAMED_UNIT ( * ) SI_UNIT ( $, .STERADIAN. ) SOLID_ANGLE_UNIT ( ) );
#1567 = STYLED_ITEM ( 'NONE', ( #5232 ), #4104 ) ;
#1568 = DIRECTION ( 'NONE',  ( -0.0000000000000000000, 1.510616709811000052E-15, -1.000000000000000000 ) ) ;
#1569 = FILL_AREA_STYLE_COLOUR ( '', #12156 ) ;
#1570 = DIRECTION ( 'NONE',  ( 0.0000000000000000000, -0.0000000000000000000, 1.000000000000000000 ) ) ;
#1571 = AXIS2_PLACEMENT_3D ( 'NONE', #7172, #9181, #9054 ) ;
#1572 = FILL_AREA_STYLE ('',( #4360 ) ) ;
#1573 = ORIENTED_EDGE ( 'NONE', *, *, #9074, .F. ) ;
#1574 = STYLED_ITEM ( 'NONE', ( #3853 ), #10439 ) ;
#1575 = ORIENTED_EDGE ( 'NONE', *, *, #2707, .T. ) ;
#1576 = DIRECTION ( 'NONE',  ( 0.0000000000000000000, -1.000000000000000000, 0.0000000000000000000 ) ) ;
#1577 = ORIENTED_EDGE ( 'NONE', *, *, #4850, .F. ) ;
#1578 = VECTOR ( 'NONE', #9287, 1000.000000000000000 ) ;
#1579 = EDGE_CURVE ( 'NONE', #11307, #5276, #8504, .T. ) ;
#1580 =( LENGTH_UNIT ( ) NAMED_UNIT ( * ) SI_UNIT ( .MILLI., .METRE. ) );
#1581 = CARTESIAN_POINT ( 'NONE',  ( 15.55999977111799915, -0.3199999999999999512, -2.799999997020000020 ) ) ;
#1582 = CARTESIAN_POINT ( 'NONE',  ( 8.889999847411999667, 1.519999999999996909, 2.214999988079000115 ) ) ;
#1583 = PLANE ( 'NONE',  #7636 ) ;
#1584 = COLOUR_RGB ( '',1.000000000000000000, 1.000000000000000000, 0.4980392156862745168 ) ;
#1585 = SURFACE_STYLE_FILL_AREA ( #12240 ) ;
#1586 = CARTESIAN_POINT ( 'NONE',  ( 7.939999885558998827, -0.2199999985099999888, -2.899999998509999788 ) ) ;
#1587 = LINE ( 'NONE', #6568, #12522 ) ;
#1588 = VECTOR ( 'NONE', #6610, 1000.000000000000000 ) ;
#1589 = SURFACE_STYLE_USAGE ( .BOTH. , #10412 ) ;
#1590 = VERTEX_POINT ( 'NONE', #5546 ) ;
#1591 = FILL_AREA_STYLE ('',( #635 ) ) ;
#1592 = UNCERTAINTY_MEASURE_WITH_UNIT (LENGTH_MEASURE( 1.000000000000000082E-05 ), #8814, 'distance_accuracy_value', 'NONE');
#1593 = DIRECTION ( 'NONE',  ( 1.000000000000000000, 0.0000000000000000000, 0.0000000000000000000 ) ) ;
#1594 = ORIENTED_EDGE ( 'NONE', *, *, #8253, .T. ) ;
#1595 = CYLINDRICAL_SURFACE ( 'NONE', #4201, 1.590000000000000080 ) ;
#1596 = VECTOR ( 'NONE', #2510, 1000.000000000000000 ) ;
#1597 = PLANE ( 'NONE',  #6628 ) ;
#1598 = ORIENTED_EDGE ( 'NONE', *, *, #10865, .T. ) ;
#1599 = CARTESIAN_POINT ( 'NONE',  ( 13.01999980926500200, 1.270000000000000018, -4.440892098500999885E-16 ) ) ;
#1600 = VECTOR ( 'NONE', #2735, 1000.000000000000000 ) ;
#1601 = PRESENTATION_STYLE_ASSIGNMENT (( #7393 ) ) ;
#1602 = UNCERTAINTY_MEASURE_WITH_UNIT (LENGTH_MEASURE( 1.000000000000000082E-05 ), #1201, 'distance_accuracy_value', 'NONE');
#1603 = CARTESIAN_POINT ( 'NONE',  ( 11.27999984145200152, 1.520000000000000018, 0.1750000059600000102 ) ) ;
#1604 = CARTESIAN_POINT ( 'NONE',  ( 13.96999977111799929, 3.809999961852997608, 1.590000000000000080 ) ) ;
#1605 = ORIENTED_EDGE ( 'NONE', *, *, #4273, .F. ) ;
#1606 = UNCERTAINTY_MEASURE_WITH_UNIT (LENGTH_MEASURE( 1.000000000000000082E-05 ), #556, 'distance_accuracy_value', 'NONE');
#1607 = DIRECTION ( 'NONE',  ( 0.0000000000000000000, 0.0000000000000000000, -1.000000000000000000 ) ) ;
#1608 = LINE ( 'NONE', #12129, #3502 ) ;
#1609 = PRESENTATION_STYLE_ASSIGNMENT (( #4330 ) ) ;
#1610 = ORIENTED_EDGE ( 'NONE', *, *, #12582, .F. ) ;
#1611 = DIRECTION ( 'NONE',  ( -1.000000000000000000, 0.0000000000000000000, 0.0000000000000000000 ) ) ;
#1612 = ORIENTED_EDGE ( 'NONE', *, *, #4962, .T. ) ;
#1613 = PRESENTATION_LAYER_ASSIGNMENT (  '', '', ( #10188 ) ) ;
#1614 = DIRECTION ( 'NONE',  ( 0.7071067811865474617, -0.0000000000000000000, -0.7071067811865474617 ) ) ;
#1615 = EDGE_CURVE ( 'NONE', #8238, #2087, #4774, .T. ) ;
#1616 =( LENGTH_UNIT ( ) NAMED_UNIT ( * ) SI_UNIT ( .MILLI., .METRE. ) );
#1617 = UNCERTAINTY_MEASURE_WITH_UNIT (LENGTH_MEASURE( 1.000000000000000082E-05 ), #10141, 'distance_accuracy_value', 'NONE');
#1618 = ADVANCED_FACE ( 'NONE', ( #12388 ), #892, .F. ) ;
#1619 = FACE_OUTER_BOUND ( 'NONE', #12444, .T. ) ;
#1620 = LINE ( 'NONE', #11324, #2891 ) ;
#1621 = ADVANCED_FACE ( 'NONE', ( #11443 ), #5673, .T. ) ;
#1622 = FILL_AREA_STYLE_COLOUR ( '', #10531 ) ;
#1623 = ORIENTED_EDGE ( 'NONE', *, *, #4908, .F. ) ;
#1624 = SURFACE_SIDE_STYLE ('',( #3415 ) ) ;
#1625 = DIRECTION ( 'NONE',  ( -0.0000000000000000000, -1.000000000000000000, 0.0000000000000000000 ) ) ;
#1626 = FILL_AREA_STYLE_COLOUR ( '', #11727 ) ;
#1627 = FILL_AREA_STYLE ('',( #557 ) ) ;
#1628 = CARTESIAN_POINT ( 'NONE',  ( -1.270000000000000018, 1.820000011921000027, 2.214999988079000115 ) ) ;
#1629 = CARTESIAN_POINT ( 'NONE',  ( 6.199999917746000122, 1.520000000000000018, 0.1750000059600000102 ) ) ;
#1630 = CARTESIAN_POINT ( 'NONE',  ( -0.3200000000000000067, 3.809999961852999828, 1.590000000000000080 ) ) ;
#1631 = ADVANCED_FACE ( 'NONE', ( #10988 ), #75, .F. ) ;
#1632 = SURFACE_STYLE_FILL_AREA ( #12159 ) ;
#1633 = DIRECTION ( 'NONE',  ( -0.7071067811865474617, 0.0000000000000000000, 0.7071067811865474617 ) ) ;
#1634 = SURFACE_STYLE_FILL_AREA ( #10393 ) ;
#1635 = SURFACE_STYLE_FILL_AREA ( #9317 ) ;
#1636 = COLOUR_RGB ( '',1.000000000000000000, 1.000000000000000000, 0.4980392156862745168 ) ;
#1637 = FACE_OUTER_BOUND ( 'NONE', #536, .T. ) ;
#1638 = EDGE_LOOP ( 'NONE', ( #9692, #864, #3500, #5550 ) ) ;
#1639 = ORIENTED_EDGE ( 'NONE', *, *, #10643, .F. ) ;
#1640 = CARTESIAN_POINT ( 'NONE',  ( 7.939999885558998827, 1.270000000000000018, 1.589999999999999858 ) ) ;
#1641 = ORIENTED_EDGE ( 'NONE', *, *, #1293, .F. ) ;
#1642 = MECHANICAL_DESIGN_GEOMETRIC_PRESENTATION_REPRESENTATION (  '', ( #3465 ), #9404 ) ;
#1643 = SURFACE_STYLE_USAGE ( .BOTH. , #11288 ) ;
#1644 = PRESENTATION_STYLE_ASSIGNMENT (( #6505 ) ) ;
#1645 = CARTESIAN_POINT ( 'NONE',  ( 9.189999859333001453, 3.809999961853000716, 0.02500000000000194428 ) ) ;
#1646 = EDGE_CURVE ( 'NONE', #12606, #5228, #8975, .T. ) ;
#1647 = DIRECTION ( 'NONE',  ( -1.000000000000000000, -0.0000000000000000000, -0.0000000000000000000 ) ) ;
#1648 = COLOUR_RGB ( '',0.09411764705882352811, 0.09411764705882352811, 0.09411764705882352811 ) ;
#1649 = PRESENTATION_STYLE_ASSIGNMENT (( #2721 ) ) ;
#1650 = CARTESIAN_POINT ( 'NONE',  ( 17.55999973446100171, 9.709999998510001618, 1.590000000000000080 ) ) ;
#1651 = EDGE_CURVE ( 'NONE', #346, #883, #6095, .T. ) ;
#1652 = VECTOR ( 'NONE', #914, 1000.000000000000000 ) ;
#1653 = CARTESIAN_POINT ( 'NONE',  ( 13.96999977111799929, 1.820000011921002026, 0.9499999999999998446 ) ) ;
#1654 = PRESENTATION_STYLE_ASSIGNMENT (( #1589 ) ) ;
#1655 = ORIENTED_EDGE ( 'NONE', *, *, #6020, .F. ) ;
#1656 = EDGE_CURVE ( 'NONE', #2424, #4852, #9016, .T. ) ;
#1657 =( NAMED_UNIT ( * ) PLANE_ANGLE_UNIT ( ) SI_UNIT ( $, .RADIAN. ) );
#1658 = CARTESIAN_POINT ( 'NONE',  ( 15.55999977111799915, 1.270000000000000018, 1.589999999999999858 ) ) ;
#1659 = ORIENTED_EDGE ( 'NONE', *, *, #9766, .F. ) ;
#1660 = CARTESIAN_POINT ( 'NONE',  ( 19.04999973297150007, 1.520000000000000018, 2.214999988079500604 ) ) ;
#1661 = CARTESIAN_POINT ( 'NONE',  ( 12.37999980926499966, 3.809999961852999384, 0.9499999999999999556 ) ) ;
#1662 = VERTEX_POINT ( 'NONE', #2093 ) ;
#1663 =( LENGTH_UNIT ( ) NAMED_UNIT ( * ) SI_UNIT ( .MILLI., .METRE. ) );
#1664 =( NAMED_UNIT ( * ) SI_UNIT ( $, .STERADIAN. ) SOLID_ANGLE_UNIT ( ) );
#1665 = PRESENTATION_LAYER_ASSIGNMENT (  '', '', ( #4909 ) ) ;
#1666 = ADVANCED_FACE ( 'NONE', ( #3124, #8811 ), #5033, .T. ) ;
#1667 = UNCERTAINTY_MEASURE_WITH_UNIT (LENGTH_MEASURE( 1.000000000000000082E-05 ), #449, 'distance_accuracy_value', 'NONE');
#1668 = COLOUR_RGB ( '',0.09411764705882352811, 0.09411764705882352811, 0.09411764705882352811 ) ;
#1669 =( NAMED_UNIT ( * ) SI_UNIT ( $, .STERADIAN. ) SOLID_ANGLE_UNIT ( ) );
#1670 = ORIENTED_EDGE ( 'NONE', *, *, #10014, .F. ) ;
#1671 =( NAMED_UNIT ( * ) PLANE_ANGLE_UNIT ( ) SI_UNIT ( $, .RADIAN. ) );
#1672 = DIRECTION ( 'NONE',  ( 0.0000000000000000000, 0.0000000000000000000, 1.000000000000000000 ) ) ;
#1673 =( NAMED_UNIT ( * ) PLANE_ANGLE_UNIT ( ) SI_UNIT ( $, .RADIAN. ) );
#1674 = ORIENTED_EDGE ( 'NONE', *, *, #8288, .T. ) ;
#1675 = LINE ( 'NONE', #2452, #5602 ) ;
#1676 = ORIENTED_EDGE ( 'NONE', *, *, #10538, .F. ) ;
#1677 = LINE ( 'NONE', #2635, #3996 ) ;
#1678 = AXIS2_PLACEMENT_3D ( 'NONE', #12138, #10063, #7159 ) ;
#1679 = VERTEX_POINT ( 'NONE', #2160 ) ;
#1680 = PRESENTATION_STYLE_ASSIGNMENT (( #603 ) ) ;
#1681 = LINE ( 'NONE', #11454, #9765 ) ;
#1682 = VECTOR ( 'NONE', #5055, 1000.000000000000000 ) ;
#1683 = VECTOR ( 'NONE', #9933, 1000.000000000000000 ) ;
#1684 = COLOUR_RGB ( '',0.09411764705882352811, 0.09411764705882352811, 0.09411764705882352811 ) ;
#1685 = SURFACE_STYLE_USAGE ( .BOTH. , #7484 ) ;
#1686 = CARTESIAN_POINT ( 'NONE',  ( 6.349999923706062255, 1.820000011921000693, 0.3250000119209377480 ) ) ;
#1687 = SURFACE_STYLE_USAGE ( .BOTH. , #2461 ) ;
#1688 = ORIENTED_EDGE ( 'NONE', *, *, #8664, .T. ) ;
#1689 = CARTESIAN_POINT ( 'NONE',  ( 2.419999964832999950, 0.3200000000000000067, -3.000000000000000000 ) ) ;
#1690 = DIRECTION ( 'NONE',  ( 0.0000000000000000000, 0.7071067811865474617, -0.7071067811865474617 ) ) ;
#1691 = CARTESIAN_POINT ( 'NONE',  ( 17.89999972999099853, 9.810000000000000497, 0.9499999999999999556 ) ) ;
#1692 = EDGE_CURVE ( 'NONE', #3577, #400, #6044, .T. ) ;
#1693 = EDGE_CURVE ( 'NONE', #5665, #1107, #3371, .T. ) ;
#1694 = DIRECTION ( 'NONE',  ( 0.0000000000000000000, 0.7071067811865474617, -0.7071067811865474617 ) ) ;
#1695 = COLOUR_RGB ( '',0.09411764705882352811, 0.09411764705882352811, 0.09411764705882352811 ) ;
#1696 = CARTESIAN_POINT ( 'NONE',  ( 16.65999973893200092, 1.520000000000000018, 2.364999994040000164 ) ) ;
#1697 = SURFACE_SIDE_STYLE ('',( #3609 ) ) ;
#1698 = ORIENTED_EDGE ( 'NONE', *, *, #9522, .T. ) ;
#1699 = CARTESIAN_POINT ( 'NONE',  ( 0.1199999970199998878, -0.1199999970200003457, -3.000000000000000444 ) ) ;
#1700 = ORIENTED_EDGE ( 'NONE', *, *, #1746, .F. ) ;
#1701 = DIRECTION ( 'NONE',  ( 1.000000000000000000, 0.0000000000000000000, 0.0000000000000000000 ) ) ;
#1702 = ORIENTED_EDGE ( 'NONE', *, *, #12289, .F. ) ;
#1703 = DIRECTION ( 'NONE',  ( -1.000000000000000000, 0.0000000000000000000, -0.0000000000000000000 ) ) ;
#1704 = CARTESIAN_POINT ( 'NONE',  ( 3.509999949932248953, 3.809999961853000272, 0.02499999999975151613 ) ) ;
#1705 = ADVANCED_FACE ( 'NONE', ( #6242, #3442 ), #8304, .T. ) ;
#1706 = DIRECTION ( 'NONE',  ( 0.0000000000000000000, 0.0000000000000000000, -1.000000000000000000 ) ) ;
#1707 = LINE ( 'NONE', #5582, #5462 ) ;
#1708 = FILL_AREA_STYLE_COLOUR ( '', #2956 ) ;
#1709 = DIRECTION ( 'NONE',  ( -1.000000000000000000, -0.0000000000000000000, 0.0000000000000000000 ) ) ;
#1710 = FILL_AREA_STYLE_COLOUR ( '', #3150 ) ;
#1711 = DIRECTION ( 'NONE',  ( 0.0000000000000000000, -1.510616709811000052E-15, 1.000000000000000000 ) ) ;
#1712 = ORIENTED_EDGE ( 'NONE', *, *, #6401, .F. ) ;
#1713 = CARTESIAN_POINT ( 'NONE',  ( 4.759999923706000224, 1.270000000000000018, -4.440892098500999885E-16 ) ) ;
#1714 = PRESENTATION_STYLE_ASSIGNMENT (( #4705 ) ) ;
#1715 = ORIENTED_EDGE ( 'NONE', *, *, #8443, .T. ) ;
#1716 = DIRECTION ( 'NONE',  ( 1.000000000000000000, -0.0000000000000000000, -0.0000000000000000000 ) ) ;
#1717 =( NAMED_UNIT ( * ) PLANE_ANGLE_UNIT ( ) SI_UNIT ( $, .RADIAN. ) );
#1718 = EDGE_LOOP ( 'NONE', ( #995, #2838, #8085, #1109 ) ) ;
#1719 = SURFACE_SIDE_STYLE ('',( #10475 ) ) ;
#1720 = SURFACE_SIDE_STYLE ('',( #4649 ) ) ;
#1721 = DIRECTION ( 'NONE',  ( -1.000000000000000000, 0.0000000000000000000, 0.0000000000000000000 ) ) ;
#1722 = UNCERTAINTY_MEASURE_WITH_UNIT (LENGTH_MEASURE( 1.000000000000000082E-05 ), #7162, 'distance_accuracy_value', 'NONE');
#1723 = COLOUR_RGB ( '',0.09411764705882352811, 0.09411764705882352811, 0.09411764705882352811 ) ;
#1724 = ORIENTED_EDGE ( 'NONE', *, *, #4954, .F. ) ;
#1725 = UNCERTAINTY_MEASURE_WITH_UNIT (LENGTH_MEASURE( 1.000000000000000082E-05 ), #879, 'distance_accuracy_value', 'NONE');
#1726 = PRESENTATION_LAYER_ASSIGNMENT (  '', '', ( #1149 ) ) ;
#1727 = LINE ( 'NONE', #10551, #10027 ) ;
#1728 = SURFACE_STYLE_FILL_AREA ( #7535 ) ;
#1729 = UNCERTAINTY_MEASURE_WITH_UNIT (LENGTH_MEASURE( 1.000000000000000082E-05 ), #7225, 'distance_accuracy_value', 'NONE');
#1730 = VERTEX_POINT ( 'NONE', #8167 ) ;
#1731 = DIRECTION ( 'NONE',  ( -0.7071067811865474617, 0.0000000000000000000, 0.7071067811865474617 ) ) ;
#1732 = EDGE_LOOP ( 'NONE', ( #11450, #4960, #7783, #8409 ) ) ;
#1733 = COLOUR_RGB ( '',1.000000000000000000, 1.000000000000000000, 0.4980392156862745168 ) ;
#1734 = VECTOR ( 'NONE', #4182, 1000.000000000000000 ) ;
#1735 = DIRECTION ( 'NONE',  ( 0.0000000000000000000, 1.000000000000000000, 0.0000000000000000000 ) ) ;
#1736 = MECHANICAL_DESIGN_GEOMETRIC_PRESENTATION_REPRESENTATION (  '', ( #7826 ), #2753 ) ;
#1737 = SURFACE_STYLE_FILL_AREA ( #6535 ) ;
#1738 = CIRCLE ( 'NONE', #11119, 1.590000000000000080 ) ;
#1739 = UNCERTAINTY_MEASURE_WITH_UNIT (LENGTH_MEASURE( 1.000000000000000082E-05 ), #1060, 'distance_accuracy_value', 'NONE');
#1740 = FACE_OUTER_BOUND ( 'NONE', #209, .T. ) ;
#1741 = PRESENTATION_STYLE_ASSIGNMENT (( #1685 ) ) ;
#1742 = LINE ( 'NONE', #12145, #6776 ) ;
#1743 = AXIS2_PLACEMENT_3D ( 'NONE', #2539, #4447, #7382 ) ;
#1744 = MECHANICAL_DESIGN_GEOMETRIC_PRESENTATION_REPRESENTATION (  '', ( #9524 ), #3768 ) ;
#1745 = EDGE_LOOP ( 'NONE', ( #8452, #9187, #8672, #166 ) ) ;
#1746 = EDGE_CURVE ( 'NONE', #275, #11092, #12186, .T. ) ;
#1747 = COLOUR_RGB ( '',1.000000000000000000, 1.000000000000000000, 0.4980392156862745168 ) ;
#1748 =( GEOMETRIC_REPRESENTATION_CONTEXT ( 3 ) GLOBAL_UNCERTAINTY_ASSIGNED_CONTEXT ( ( #890 ) ) GLOBAL_UNIT_ASSIGNED_CONTEXT ( ( #9169, #1499, #12213 ) ) REPRESENTATION_CONTEXT ( 'NONE', 'WORKASPACE' ) );
#1749 = COLOUR_RGB ( '',0.09411764705882352811, 0.09411764705882352811, 0.09411764705882352811 ) ;
#1750 =( NAMED_UNIT ( * ) SI_UNIT ( $, .STERADIAN. ) SOLID_ANGLE_UNIT ( ) );
#1751 = FILL_AREA_STYLE_COLOUR ( '', #9372 ) ;
#1752 = MECHANICAL_DESIGN_GEOMETRIC_PRESENTATION_REPRESENTATION (  '', ( #10121 ), #8282 ) ;
#1753 = MECHANICAL_DESIGN_GEOMETRIC_PRESENTATION_REPRESENTATION (  '', ( #2972 ), #7242 ) ;
#1754 = MECHANICAL_DESIGN_GEOMETRIC_PRESENTATION_REPRESENTATION (  '', ( #7050 ), #7459 ) ;
#1755 = STYLED_ITEM ( 'NONE', ( #10639 ), #7649 ) ;
#1756 = FACE_OUTER_BOUND ( 'NONE', #12039, .T. ) ;
#1757 = SURFACE_SIDE_STYLE ('',( #4684 ) ) ;
#1758 = CARTESIAN_POINT ( 'NONE',  ( 2.859999961853000094, 1.270000000000000018, -4.440892098500999885E-16 ) ) ;
#1759 = ORIENTED_EDGE ( 'NONE', *, *, #4872, .T. ) ;
#1760 = VERTEX_POINT ( 'NONE', #12049 ) ;
#1761 = SURFACE_STYLE_FILL_AREA ( #12418 ) ;
#1762 = ORIENTED_EDGE ( 'NONE', *, *, #4246, .F. ) ;
#1763 = STYLED_ITEM ( 'NONE', ( #2779 ), #9198 ) ;
#1764 =( GEOMETRIC_REPRESENTATION_CONTEXT ( 3 ) GLOBAL_UNCERTAINTY_ASSIGNED_CONTEXT ( ( #9470 ) ) GLOBAL_UNIT_ASSIGNED_CONTEXT ( ( #5441, #11327, #11211 ) ) REPRESENTATION_CONTEXT ( 'NONE', 'WORKASPACE' ) );
#1765 = LINE ( 'NONE', #9382, #10553 ) ;
#1766 = COLOUR_RGB ( '',1.000000000000000000, 1.000000000000000000, 0.4980392156862745168 ) ;
#1767 = PLANE ( 'NONE',  #3799 ) ;
#1768 = PRESENTATION_LAYER_ASSIGNMENT (  '', '', ( #565 ) ) ;
#1769 = CARTESIAN_POINT ( 'NONE',  ( 14.91999977111800035, 9.609999997019999185, 1.590000000000000080 ) ) ;
#1770 = EDGE_CURVE ( 'NONE', #5459, #5695, #2434, .T. ) ;
#1771 = DIRECTION ( 'NONE',  ( -0.5773502691896253980, 0.5773502691896253980, 0.5773502691896266192 ) ) ;
#1772 = MECHANICAL_DESIGN_GEOMETRIC_PRESENTATION_REPRESENTATION (  '', ( #7270 ), #5025 ) ;
#1773 =( GEOMETRIC_REPRESENTATION_CONTEXT ( 3 ) GLOBAL_UNCERTAINTY_ASSIGNED_CONTEXT ( ( #7091 ) ) GLOBAL_UNIT_ASSIGNED_CONTEXT ( ( #11097, #11039, #3733 ) ) REPRESENTATION_CONTEXT ( 'NONE', 'WORKASPACE' ) );
#1774 = PRESENTATION_LAYER_ASSIGNMENT (  '', '', ( #7473 ) ) ;
#1775 = CARTESIAN_POINT ( 'NONE',  ( 4.759999923706000224, 3.809999961852999384, 0.9499999999999999556 ) ) ;
#1776 = EDGE_CURVE ( 'NONE', #8265, #1888, #1407, .T. ) ;
#1777 = LINE ( 'NONE', #10595, #1106 ) ;
#1778 = MECHANICAL_DESIGN_GEOMETRIC_PRESENTATION_REPRESENTATION (  '', ( #9941 ), #8931 ) ;
#1779 = ORIENTED_EDGE ( 'NONE', *, *, #8251, .F. ) ;
#1780 = VECTOR ( 'NONE', #9927, 1000.000000000000000 ) ;
#1781 = DIRECTION ( 'NONE',  ( -1.000000000000000000, 0.0000000000000000000, 0.0000000000000000000 ) ) ;
#1782 = ORIENTED_EDGE ( 'NONE', *, *, #3033, .F. ) ;
#1783 = CARTESIAN_POINT ( 'NONE',  ( -0.3200000000000000067, 3.809999961852999828, 0.9499999999999999556 ) ) ;
#1784 = PLANE ( 'NONE',  #3556 ) ;
#1785 = ORIENTED_EDGE ( 'NONE', *, *, #8204, .T. ) ;
#1786 = AXIS2_PLACEMENT_3D ( 'NONE', #1378, #3420, #7300 ) ;
#1787 = EDGE_CURVE ( 'NONE', #7397, #12334, #3315, .T. ) ;
#1788 = VECTOR ( 'NONE', #5393, 1000.000000000000000 ) ;
#1789 = UNCERTAINTY_MEASURE_WITH_UNIT (LENGTH_MEASURE( 1.000000000000000082E-05 ), #3859, 'distance_accuracy_value', 'NONE');
#1790 = FILL_AREA_STYLE_COLOUR ( '', #6426 ) ;
#1791 = ORIENTED_EDGE ( 'NONE', *, *, #1776, .F. ) ;
#1792 = DIRECTION ( 'NONE',  ( -0.7071067811865475727, 9.398244244348984524E-16, -0.7071067811865475727 ) ) ;
#1793 = LINE ( 'NONE', #3644, #9142 ) ;
#1794 = VECTOR ( 'NONE', #1568, 1000.000000000000000 ) ;
#1795 =( NAMED_UNIT ( * ) PLANE_ANGLE_UNIT ( ) SI_UNIT ( $, .RADIAN. ) );
#1796 = VERTEX_POINT ( 'NONE', #5284 ) ;
#1797 = SURFACE_STYLE_USAGE ( .BOTH. , #839 ) ;
#1798 = MECHANICAL_DESIGN_GEOMETRIC_PRESENTATION_REPRESENTATION (  '', ( #1191 ), #6691 ) ;
#1799 = FILL_AREA_STYLE ('',( #10558 ) ) ;
#1800 = VERTEX_POINT ( 'NONE', #3254 ) ;
#1801 = DIRECTION ( 'NONE',  ( 0.0000000000000000000, 1.618928404167999991E-15, -1.000000000000000000 ) ) ;
#1802 =( LENGTH_UNIT ( ) NAMED_UNIT ( * ) SI_UNIT ( .MILLI., .METRE. ) );
#1803 = EDGE_CURVE ( 'NONE', #4783, #4052, #5341, .T. ) ;
#1804 =( NAMED_UNIT ( * ) PLANE_ANGLE_UNIT ( ) SI_UNIT ( $, .RADIAN. ) );
#1805 = PLANE ( 'NONE',  #3176 ) ;
#1806 = ADVANCED_FACE ( 'NONE', ( #12110 ), #10164, .T. ) ;
#1807 = DIRECTION ( 'NONE',  ( 0.0000000000000000000, 1.000000000000000000, 1.609823385705999920E-15 ) ) ;
#1808 = EDGE_CURVE ( 'NONE', #3379, #11902, #5531, .T. ) ;
#1809 = VECTOR ( 'NONE', #10252, 1000.000000000000000 ) ;
#1810 = ORIENTED_EDGE ( 'NONE', *, *, #2353, .T. ) ;
#1811 = EDGE_CURVE ( 'NONE', #11608, #9834, #3628, .T. ) ;
#1812 = CARTESIAN_POINT ( 'NONE',  ( 18.09999973297100340, 9.609999997020000961, 0.9499999999999992895 ) ) ;
#1813 =( NAMED_UNIT ( * ) SI_UNIT ( $, .STERADIAN. ) SOLID_ANGLE_UNIT ( ) );
#1814 = SURFACE_SIDE_STYLE ('',( #8579 ) ) ;
#1815 =( LENGTH_UNIT ( ) NAMED_UNIT ( * ) SI_UNIT ( .MILLI., .METRE. ) );
#1816 = ADVANCED_FACE ( 'NONE', ( #6440 ), #2670, .F. ) ;
#1817 = LINE ( 'NONE', #800, #2766 ) ;
#1818 = CARTESIAN_POINT ( 'NONE',  ( 0.3200000000000000067, 1.270000000000000018, 0.9499999999999999556 ) ) ;
#1819 = DIRECTION ( 'NONE',  ( 0.0000000000000000000, 0.0000000000000000000, 1.000000000000000000 ) ) ;
#1820 = ORIENTED_EDGE ( 'NONE', *, *, #5988, .T. ) ;
#1821 = SURFACE_SIDE_STYLE ('',( #8724 ) ) ;
#1822 = ORIENTED_EDGE ( 'NONE', *, *, #7909, .T. ) ;
#1823 = VERTEX_POINT ( 'NONE', #9960 ) ;
#1824 = PRESENTATION_LAYER_ASSIGNMENT (  '', '', ( #7918 ) ) ;
#1825 = EDGE_LOOP ( 'NONE', ( #10685, #6856, #2260, #5044 ) ) ;
#1826 = SURFACE_SIDE_STYLE ('',( #5650 ) ) ;
#1827 = FACE_OUTER_BOUND ( 'NONE', #11844, .T. ) ;
#1828 = DIRECTION ( 'NONE',  ( -0.0000000000000000000, -1.000000000000000000, -0.0000000000000000000 ) ) ;
#1829 = DIRECTION ( 'NONE',  ( -0.0000000000000000000, 1.000000000000000000, 1.332267629549999902E-15 ) ) ;
#1830 =( LENGTH_UNIT ( ) NAMED_UNIT ( * ) SI_UNIT ( .MILLI., .METRE. ) );
#1831 = EDGE_LOOP ( 'NONE', ( #9810, #6995, #10670, #1035 ) ) ;
#1832 = ADVANCED_FACE ( 'NONE', ( #3239 ), #5322, .T. ) ;
#1833 = DIRECTION ( 'NONE',  ( 0.0000000000000000000, 1.000000000000000000, 1.332267629549999902E-15 ) ) ;
#1834 = ORIENTED_EDGE ( 'NONE', *, *, #5056, .F. ) ;
#1835 = CARTESIAN_POINT ( 'NONE',  ( 12.37999980926499966, 9.609999997019999185, 1.590000000000000080 ) ) ;
#1836 = PRESENTATION_LAYER_ASSIGNMENT (  '', '', ( #10016 ) ) ;
#1837 = FACE_OUTER_BOUND ( 'NONE', #1530, .T. ) ;
#1838 = ORIENTED_EDGE ( 'NONE', *, *, #10986, .F. ) ;
#1839 = FILL_AREA_STYLE_COLOUR ( '', #1041 ) ;
#1840 = LINE ( 'NONE', #4581, #7457 ) ;
#1841 = PRESENTATION_STYLE_ASSIGNMENT (( #9840 ) ) ;
#1842 = ADVANCED_FACE ( 'NONE', ( #12162, #3354 ), #10209, .T. ) ;
#1843 = EDGE_CURVE ( 'NONE', #5633, #2871, #11090, .T. ) ;
#1844 = AXIS2_PLACEMENT_3D ( 'NONE', #3715, #10572, #12595 ) ;
#1845 = UNCERTAINTY_MEASURE_WITH_UNIT (LENGTH_MEASURE( 1.000000000000000082E-05 ), #1309, 'distance_accuracy_value', 'NONE');
#1846 = VECTOR ( 'NONE', #10679, 1000.000000000000114 ) ;
#1847 = DIRECTION ( 'NONE',  ( -0.0000000000000000000, -1.000000000000000000, -1.609823385705999920E-15 ) ) ;
#1848 = EDGE_LOOP ( 'NONE', ( #10719, #8983, #7872, #5809 ) ) ;
#1849 = LINE ( 'NONE', #5723, #5703 ) ;
#1850 = CARTESIAN_POINT ( 'NONE',  ( 2.219999961852999970, -0.3200000000000000067, -2.799999997020000020 ) ) ;
#1851 = SURFACE_STYLE_USAGE ( .BOTH. , #2687 ) ;
#1852 = UNCERTAINTY_MEASURE_WITH_UNIT (LENGTH_MEASURE( 1.000000000000000082E-05 ), #6301, 'distance_accuracy_value', 'NONE');
#1853 = SURFACE_STYLE_FILL_AREA ( #12502 ) ;
#1854 = EDGE_LOOP ( 'NONE', ( #7614, #7825, #5274, #12356, #989 ) ) ;
#1855 = EDGE_CURVE ( 'NONE', #63, #370, #497, .T. ) ;
#1856 =( GEOMETRIC_REPRESENTATION_CONTEXT ( 3 ) GLOBAL_UNCERTAINTY_ASSIGNED_CONTEXT ( ( #10284 ) ) GLOBAL_UNIT_ASSIGNED_CONTEXT ( ( #2731, #2872, #8678 ) ) REPRESENTATION_CONTEXT ( 'NONE', 'WORKASPACE' ) );
#1857 = SURFACE_SIDE_STYLE ('',( #5788 ) ) ;
#1858 = EDGE_LOOP ( 'NONE', ( #2088, #1095, #2739, #3041, #7616 ) ) ;
#1859 = PLANE ( 'NONE',  #11353 ) ;
#1860 =( GEOMETRIC_REPRESENTATION_CONTEXT ( 3 ) GLOBAL_UNCERTAINTY_ASSIGNED_CONTEXT ( ( #12314 ) ) GLOBAL_UNIT_ASSIGNED_CONTEXT ( ( #611, #5446, #9305 ) ) REPRESENTATION_CONTEXT ( 'NONE', 'WORKASPACE' ) );
#1861 =( GEOMETRIC_REPRESENTATION_CONTEXT ( 3 ) GLOBAL_UNCERTAINTY_ASSIGNED_CONTEXT ( ( #5414 ) ) GLOBAL_UNIT_ASSIGNED_CONTEXT ( ( #4862, #6956, #9658 ) ) REPRESENTATION_CONTEXT ( 'NONE', 'WORKASPACE' ) );
#1862 = CARTESIAN_POINT ( 'NONE',  ( 1.269999961852499970, 1.520000000000000018, 2.214999988079500159 ) ) ;
#1863 = PLANE ( 'NONE',  #10632 ) ;
#1864 = DIRECTION ( 'NONE',  ( -0.5773502691896295058, 0.5773502691896295058, -0.5773502691896181815 ) ) ;
#1865 = EDGE_CURVE ( 'NONE', #9896, #5645, #4745, .T. ) ;
#1866 = FILL_AREA_STYLE_COLOUR ( '', #10174 ) ;
#1867 = COLOUR_RGB ( '',0.09411764705882352811, 0.09411764705882352811, 0.09411764705882352811 ) ;
#1868 = SURFACE_SIDE_STYLE ('',( #8571 ) ) ;
#1869 = CARTESIAN_POINT ( 'NONE',  ( 13.66999979734424819, 3.809999961853000272, 0.02499999999975144674 ) ) ;
#1870 = DIRECTION ( 'NONE',  ( 0.0000000000000000000, 0.0000000000000000000, -1.000000000000000000 ) ) ;
#1871 = COLOUR_RGB ( '',0.09411764705882352811, 0.09411764705882352811, 0.09411764705882352811 ) ;
#1872 = VERTEX_POINT ( 'NONE', #2339 ) ;
#1873 = AXIS2_PLACEMENT_3D ( 'NONE', #11122, #11389, #1485 ) ;
#1874 = DIRECTION ( 'NONE',  ( 6.645562236426607662E-16, 1.000000000000000000, 6.645562236426607662E-16 ) ) ;
#1875 = VECTOR ( 'NONE', #6601, 1000.000000000000000 ) ;
#1876 = SURFACE_STYLE_FILL_AREA ( #9564 ) ;
#1877 = EDGE_CURVE ( 'NONE', #2671, #9834, #4172, .T. ) ;
#1878 =( NAMED_UNIT ( * ) PLANE_ANGLE_UNIT ( ) SI_UNIT ( $, .RADIAN. ) );
#1879 = CARTESIAN_POINT ( 'NONE',  ( 13.01999980926500200, -0.3200000000000000067, -4.336808689942017736E-16 ) ) ;
#1880 =( NAMED_UNIT ( * ) SI_UNIT ( $, .STERADIAN. ) SOLID_ANGLE_UNIT ( ) );
#1881 = VERTEX_POINT ( 'NONE', #10145 ) ;
#1882 = STYLED_ITEM ( 'NONE', ( #689 ), #6598 ) ;
#1883 = VECTOR ( 'NONE', #1361, 1000.000000000000000 ) ;
#1884 = VERTEX_POINT ( 'NONE', #8153 ) ;
#1885 = AXIS2_PLACEMENT_3D ( 'NONE', #2272, #4357, #3163 ) ;
#1886 = ORIENTED_EDGE ( 'NONE', *, *, #8668, .F. ) ;
#1887 =( NAMED_UNIT ( * ) SI_UNIT ( $, .STERADIAN. ) SOLID_ANGLE_UNIT ( ) );
#1888 = VERTEX_POINT ( 'NONE', #6357 ) ;
#1889 = SURFACE_STYLE_USAGE ( .BOTH. , #7620 ) ;
#1890 = ADVANCED_FACE ( 'NONE', ( #7362 ), #8586, .T. ) ;
#1891 = LINE ( 'NONE', #4635, #4013 ) ;
#1892 = FILL_AREA_STYLE_COLOUR ( '', #6846 ) ;
#1893 = DIRECTION ( 'NONE',  ( 1.000000000000000000, 0.0000000000000000000, 0.0000000000000000000 ) ) ;
#1894 = FACE_OUTER_BOUND ( 'NONE', #7323, .T. ) ;
#1895 = DIRECTION ( 'NONE',  ( -1.000000000000000000, 0.0000000000000000000, 0.0000000000000000000 ) ) ;
#1896 = VERTEX_POINT ( 'NONE', #7304 ) ;
#1897 = FACE_OUTER_BOUND ( 'NONE', #5716, .T. ) ;
#1898 = ORIENTED_EDGE ( 'NONE', *, *, #7586, .T. ) ;
#1899 = ADVANCED_FACE ( 'NONE', ( #6553 ), #3663, .T. ) ;
#1900 = EDGE_LOOP ( 'NONE', ( #1700, #5426, #9258, #3321 ) ) ;
#1901 = CARTESIAN_POINT ( 'NONE',  ( 17.45999973297099928, 1.820000011921001137, 0.9499999999999991784 ) ) ;
#1902 =( NAMED_UNIT ( * ) PLANE_ANGLE_UNIT ( ) SI_UNIT ( $, .RADIAN. ) );
#1903 = ORIENTED_EDGE ( 'NONE', *, *, #492, .F. ) ;
#1904 = LINE ( 'NONE', #3870, #11848 ) ;
#1905 = LINE ( 'NONE', #9776, #10542 ) ;
#1906 = UNCERTAINTY_MEASURE_WITH_UNIT (LENGTH_MEASURE( 1.000000000000000082E-05 ), #7380, 'distance_accuracy_value', 'NONE');
#1907 =( NAMED_UNIT ( * ) PLANE_ANGLE_UNIT ( ) SI_UNIT ( $, .RADIAN. ) );
#1908 = DIRECTION ( 'NONE',  ( 0.0000000000000000000, 0.7071067811865474617, -0.7071067811865474617 ) ) ;
#1909 = EDGE_LOOP ( 'NONE', ( #6276, #4390, #11095, #503, #6886 ) ) ;
#1910 = FACE_OUTER_BOUND ( 'NONE', #12000, .T. ) ;
#1911 = ORIENTED_EDGE ( 'NONE', *, *, #9563, .T. ) ;
#1912 =( NAMED_UNIT ( * ) PLANE_ANGLE_UNIT ( ) SI_UNIT ( $, .RADIAN. ) );
#1913 = SURFACE_STYLE_USAGE ( .BOTH. , #1857 ) ;
#1914 = ORIENTED_EDGE ( 'NONE', *, *, #10527, .T. ) ;
#1915 = PRESENTATION_STYLE_ASSIGNMENT (( #2830 ) ) ;
#1916 = PRESENTATION_STYLE_ASSIGNMENT (( #8567 ) ) ;
#1917 = PLANE ( 'NONE',  #5306 ) ;
#1918 = DIRECTION ( 'NONE',  ( 0.0000000000000000000, 0.0000000000000000000, 1.000000000000000000 ) ) ;
#1919 = VECTOR ( 'NONE', #1419, 1000.000000000000000 ) ;
#1920 = MECHANICAL_DESIGN_GEOMETRIC_PRESENTATION_REPRESENTATION (  '', ( #702 ), #8649 ) ;
#1921 = CARTESIAN_POINT ( 'NONE',  ( 15.55999977111799915, 3.809999961852999828, 1.590000000000000080 ) ) ;
#1922 = SURFACE_STYLE_USAGE ( .BOTH. , #3711 ) ;
#1923 = EDGE_CURVE ( 'NONE', #1018, #4576, #7423, .T. ) ;
#1924 = ORIENTED_EDGE ( 'NONE', *, *, #10261, .F. ) ;
#1925 = ORIENTED_EDGE ( 'NONE', *, *, #4652, .T. ) ;
#1926 = CARTESIAN_POINT ( 'NONE',  ( 17.45999973297099928, -0.1199999970200000127, -3.000000000000000000 ) ) ;
#1927 = PRESENTATION_LAYER_ASSIGNMENT (  '', '', ( #8881 ) ) ;
#1928 = DIRECTION ( 'NONE',  ( 0.0000000000000000000, 0.0000000000000000000, -1.000000000000000000 ) ) ;
#1929 = EDGE_CURVE ( 'NONE', #5633, #1011, #2471, .T. ) ;
#1930 =( NAMED_UNIT ( * ) SI_UNIT ( $, .STERADIAN. ) SOLID_ANGLE_UNIT ( ) );
#1931 = VECTOR ( 'NONE', #4486, 1000.000000000000114 ) ;
#1932 = VECTOR ( 'NONE', #1703, 1000.000000000000000 ) ;
#1933 = VECTOR ( 'NONE', #528, 1000.000000000000000 ) ;
#1934 = PRESENTATION_LAYER_ASSIGNMENT (  '', '', ( #11332 ) ) ;
#1935 = FILL_AREA_STYLE ('',( #8843 ) ) ;
#1936 = CARTESIAN_POINT ( 'NONE',  ( 5.399999923705999905, 0.3200000000000000067, -4.388850394221508810E-16 ) ) ;
#1937 = EDGE_LOOP ( 'NONE', ( #5808, #9623, #8942, #11768 ) ) ;
#1938 = VECTOR ( 'NONE', #12108, 1000.000000000000000 ) ;
#1939 = DIRECTION ( 'NONE',  ( 0.0000000000000000000, 1.332267629549999902E-15, -1.000000000000000000 ) ) ;
#1940 = ORIENTED_EDGE ( 'NONE', *, *, #10644, .T. ) ;
#1941 = ORIENTED_EDGE ( 'NONE', *, *, #11138, .T. ) ;
#1942 = DIRECTION ( 'NONE',  ( -0.7071067811865475727, 9.398244244348984524E-16, -0.7071067811865475727 ) ) ;
#1943 = VERTEX_POINT ( 'NONE', #802 ) ;
#1944 = SURFACE_SIDE_STYLE ('',( #10700 ) ) ;
#1945 = DIRECTION ( 'NONE',  ( 0.0000000000000000000, 1.000000000000000000, -0.0000000000000000000 ) ) ;
#1946 = CARTESIAN_POINT ( 'NONE',  ( -1.270000000000000018, 1.820000011921000027, 2.214999988079000115 ) ) ;
#1947 = COLOUR_RGB ( '',1.000000000000000000, 1.000000000000000000, 0.4980392156862745168 ) ;
#1948 = STYLED_ITEM ( 'NONE', ( #3496 ), #1705 ) ;
#1949 = FILL_AREA_STYLE ('',( #6802 ) ) ;
#1950 =( GEOMETRIC_REPRESENTATION_CONTEXT ( 3 ) GLOBAL_UNCERTAINTY_ASSIGNED_CONTEXT ( ( #11446 ) ) GLOBAL_UNIT_ASSIGNED_CONTEXT ( ( #8935, #7933, #304 ) ) REPRESENTATION_CONTEXT ( 'NONE', 'WORKASPACE' ) );
#1951 =( GEOMETRIC_REPRESENTATION_CONTEXT ( 3 ) GLOBAL_UNCERTAINTY_ASSIGNED_CONTEXT ( ( #5603 ) ) GLOBAL_UNIT_ASSIGNED_CONTEXT ( ( #3925, #3802, #6752 ) ) REPRESENTATION_CONTEXT ( 'NONE', 'WORKASPACE' ) );
#1952 = VECTOR ( 'NONE', #1593, 1000.000000000000000 ) ;
#1953 = LINE ( 'NONE', #12543, #2133 ) ;
#1954 = CARTESIAN_POINT ( 'NONE',  ( 13.01999980926500200, 0.3199999999999999512, -2.799999997020000020 ) ) ;
#1955 = FILL_AREA_STYLE ('',( #8741 ) ) ;
#1956 = DIRECTION ( 'NONE',  ( 0.0000000000000000000, -1.000000000000000000, -1.609823385705999920E-15 ) ) ;
#1957 =( GEOMETRIC_REPRESENTATION_CONTEXT ( 3 ) GLOBAL_UNCERTAINTY_ASSIGNED_CONTEXT ( ( #3090 ) ) GLOBAL_UNIT_ASSIGNED_CONTEXT ( ( #10047, #277, #12004 ) ) REPRESENTATION_CONTEXT ( 'NONE', 'WORKASPACE' ) );
#1958 = SURFACE_SIDE_STYLE ('',( #8796 ) ) ;
#1959 = ORIENTED_EDGE ( 'NONE', *, *, #10690, .F. ) ;
#1960 = STYLED_ITEM ( 'NONE', ( #553 ), #9984 ) ;
#1961 = ADVANCED_FACE ( 'NONE', ( #6493 ), #10394, .F. ) ;
#1962 = EDGE_CURVE ( 'NONE', #5665, #1888, #10765, .T. ) ;
#1963 = VERTEX_POINT ( 'NONE', #4742 ) ;
#1964 = MECHANICAL_DESIGN_GEOMETRIC_PRESENTATION_REPRESENTATION (  '', ( #8919 ), #1358 ) ;
#1965 = CARTESIAN_POINT ( 'NONE',  ( 6.349999885558999857, 1.520000000000000018, 0.02500000000000000139 ) ) ;
#1966 = ORIENTED_EDGE ( 'NONE', *, *, #6332, .T. ) ;
#1967 = VERTEX_POINT ( 'NONE', #10825 ) ;
#1968 = PRESENTATION_STYLE_ASSIGNMENT (( #5600 ) ) ;
#1969 = DIRECTION ( 'NONE',  ( 0.7071067811865475727, 0.0000000000000000000, -0.7071067811865475727 ) ) ;
#1970 = CARTESIAN_POINT ( 'NONE',  ( 2.219999961852999526, 9.609999997019999185, 1.590000000000000302 ) ) ;
#1971 = STYLED_ITEM ( 'NONE', ( #1644 ), #464 ) ;
#1972 = VECTOR ( 'NONE', #8123, 1000.000000000000000 ) ;
#1973 = UNCERTAINTY_MEASURE_WITH_UNIT (LENGTH_MEASURE( 1.000000000000000082E-05 ), #9217, 'distance_accuracy_value', 'NONE');
#1974 = EDGE_CURVE ( 'NONE', #4576, #12294, #12526, .T. ) ;
#1975 = VECTOR ( 'NONE', #3322, 1000.000000000000000 ) ;
#1976 = CARTESIAN_POINT ( 'NONE',  ( 13.01999980926500200, 1.270000000000000018, 0.9499999999999999556 ) ) ;
#1977 = ORIENTED_EDGE ( 'NONE', *, *, #999, .T. ) ;
#1978 =( NAMED_UNIT ( * ) SI_UNIT ( $, .STERADIAN. ) SOLID_ANGLE_UNIT ( ) );
#1979 = UNCERTAINTY_MEASURE_WITH_UNIT (LENGTH_MEASURE( 1.000000000000000082E-05 ), #4858, 'distance_accuracy_value', 'NONE');
#1980 = FILL_AREA_STYLE_COLOUR ( '', #5993 ) ;
#1981 = VERTEX_POINT ( 'NONE', #12603 ) ;
#1982 = COLOUR_RGB ( '',0.09411764705882352811, 0.09411764705882352811, 0.09411764705882352811 ) ;
#1983 = CARTESIAN_POINT ( 'NONE',  ( 4.759999923706000224, 9.810000000000000497, 0.9499999999999999556 ) ) ;
#1984 = DIRECTION ( 'NONE',  ( -1.000000000000000000, 0.0000000000000000000, 0.0000000000000000000 ) ) ;
#1985 = VECTOR ( 'NONE', #1829, 1000.000000000000000 ) ;
#1986 = PRESENTATION_STYLE_ASSIGNMENT (( #10741 ) ) ;
#1987 =( LENGTH_UNIT ( ) NAMED_UNIT ( * ) SI_UNIT ( .MILLI., .METRE. ) );
#1988 = DIRECTION ( 'NONE',  ( -0.7071067811865474617, 0.0000000000000000000, -0.7071067811865474617 ) ) ;
#1989 = LINE ( 'NONE', #3073, #10780 ) ;
#1990 = CARTESIAN_POINT ( 'NONE',  ( 13.96999980926499951, 3.809999961852999828, 0.02500000000000000139 ) ) ;
#1991 = STYLED_ITEM ( 'NONE', ( #35 ), #10677 ) ;
#1992 = VECTOR ( 'NONE', #11824, 1000.000000000000000 ) ;
#1993 = LINE ( 'NONE', #1033, #8198 ) ;
#1994 =( GEOMETRIC_REPRESENTATION_CONTEXT ( 3 ) GLOBAL_UNCERTAINTY_ASSIGNED_CONTEXT ( ( #12567 ) ) GLOBAL_UNIT_ASSIGNED_CONTEXT ( ( #859, #8921, #11704 ) ) REPRESENTATION_CONTEXT ( 'NONE', 'WORKASPACE' ) );
#1995 = SURFACE_STYLE_USAGE ( .BOTH. , #6899 ) ;
#1996 = ORIENTED_EDGE ( 'NONE', *, *, #11117, .F. ) ;
#1997 = FACE_OUTER_BOUND ( 'NONE', #7236, .T. ) ;
#1998 = ORIENTED_EDGE ( 'NONE', *, *, #6473, .F. ) ;
#1999 = EDGE_CURVE ( 'NONE', #4689, #2822, #11782, .T. ) ;
#2000 = CARTESIAN_POINT ( 'NONE',  ( 1.569999973773749335, 3.809999961852999384, 2.515000000000251923 ) ) ;
#2001 = SURFACE_STYLE_FILL_AREA ( #12596 ) ;
#2002 = COLOUR_RGB ( '',1.000000000000000000, 1.000000000000000000, 0.4980392156862745168 ) ;
#2003 = DIRECTION ( 'NONE',  ( 1.000000000000000000, 0.0000000000000000000, -0.0000000000000000000 ) ) ;
#2004 = SURFACE_SIDE_STYLE ('',( #4215 ) ) ;
#2005 = EDGE_CURVE ( 'NONE', #8379, #12247, #6674, .T. ) ;
#2006 = LINE ( 'NONE', #3908, #9914 ) ;
#2007 = DIRECTION ( 'NONE',  ( -0.0000000000000000000, 1.000000000000000000, 1.510616709811000052E-15 ) ) ;
#2008 = EDGE_LOOP ( 'NONE', ( #3911, #8014, #10956, #2883, #11029, #6558, #7799, #5850 ) ) ;
#2009 = PLANE ( 'NONE',  #1319 ) ;
#2010 = ORIENTED_EDGE ( 'NONE', *, *, #10340, .T. ) ;
#2011 = EDGE_CURVE ( 'NONE', #4919, #4976, #9622, .T. ) ;
#2012 = VERTEX_POINT ( 'NONE', #1936 ) ;
#2013 =( NAMED_UNIT ( * ) SI_UNIT ( $, .STERADIAN. ) SOLID_ANGLE_UNIT ( ) );
#2014 = ORIENTED_EDGE ( 'NONE', *, *, #6545, .T. ) ;
#2015 = EDGE_CURVE ( 'NONE', #6963, #6799, #3782, .T. ) ;
#2016 = LINE ( 'NONE', #110, #722 ) ;
#2017 = PRESENTATION_STYLE_ASSIGNMENT (( #1112 ) ) ;
#2018 = VECTOR ( 'NONE', #1301, 1000.000000000000000 ) ;
#2019 = SURFACE_STYLE_FILL_AREA ( #1949 ) ;
#2020 =( NAMED_UNIT ( * ) PLANE_ANGLE_UNIT ( ) SI_UNIT ( $, .RADIAN. ) );
#2021 = FILL_AREA_STYLE_COLOUR ( '', #2801 ) ;
#2022 = DIRECTION ( 'NONE',  ( 0.0000000000000000000, 1.000000000000000000, 0.0000000000000000000 ) ) ;
#2023 = ADVANCED_FACE ( 'NONE', ( #9747, #11590 ), #6855, .T. ) ;
#2024 = FACE_OUTER_BOUND ( 'NONE', #1909, .T. ) ;
#2025 =( NAMED_UNIT ( * ) PLANE_ANGLE_UNIT ( ) SI_UNIT ( $, .RADIAN. ) );
#2026 = PLANE ( 'NONE',  #4969 ) ;
#2027 = ORIENTED_EDGE ( 'NONE', *, *, #8874, .T. ) ;
#2028 = EDGE_CURVE ( 'NONE', #6396, #1884, #4929, .T. ) ;
#2029 =( NAMED_UNIT ( * ) SI_UNIT ( $, .STERADIAN. ) SOLID_ANGLE_UNIT ( ) );
#2030 = ORIENTED_EDGE ( 'NONE', *, *, #4325, .T. ) ;
#2031 = CARTESIAN_POINT ( 'NONE',  ( 8.889999885559250359, 3.809999961853000716, 0.3250000119207507310 ) ) ;
#2032 = EDGE_CURVE ( 'NONE', #7325, #6934, #238, .T. ) ;
#2033 = LINE ( 'NONE', #5715, #10913 ) ;
#2034 = ORIENTED_EDGE ( 'NONE', *, *, #8128, .F. ) ;
#2035 = FILL_AREA_STYLE_COLOUR ( '', #3287 ) ;
#2036 = CARTESIAN_POINT ( 'NONE',  ( -1.119999994039998503, 3.809999961853000716, 0.1750000059600015367 ) ) ;
#2037 =( GEOMETRIC_REPRESENTATION_CONTEXT ( 3 ) GLOBAL_UNCERTAINTY_ASSIGNED_CONTEXT ( ( #5053 ) ) GLOBAL_UNIT_ASSIGNED_CONTEXT ( ( #12318, #4656, #8559 ) ) REPRESENTATION_CONTEXT ( 'NONE', 'WORKASPACE' ) );
#2038 = EDGE_CURVE ( 'NONE', #11613, #9062, #9109, .T. ) ;
#2039 = SURFACE_STYLE_USAGE ( .BOTH. , #7761 ) ;
#2040 = ADVANCED_FACE ( 'NONE', ( #10000 ), #5484, .T. ) ;
#2041 =( LENGTH_UNIT ( ) NAMED_UNIT ( * ) SI_UNIT ( .MILLI., .METRE. ) );
#2042 = ORIENTED_EDGE ( 'NONE', *, *, #6155, .T. ) ;
#2043 =( NAMED_UNIT ( * ) SI_UNIT ( $, .STERADIAN. ) SOLID_ANGLE_UNIT ( ) );
#2044 = LINE ( 'NONE', #1080, #6157 ) ;
#2045 = COLOUR_RGB ( '',0.09411764705882352811, 0.09411764705882352811, 0.09411764705882352811 ) ;
#2046 = ORIENTED_EDGE ( 'NONE', *, *, #5966, .T. ) ;
#2047 =( NAMED_UNIT ( * ) SI_UNIT ( $, .STERADIAN. ) SOLID_ANGLE_UNIT ( ) );
#2048 = DIRECTION ( 'NONE',  ( -0.5773502691896248429, -0.5773502691896263972, 0.5773502691896261751 ) ) ;
#2049 = COLOUR_RGB ( '',1.000000000000000000, 1.000000000000000000, 0.4980392156862745168 ) ;
#2050 = FILL_AREA_STYLE ('',( #979 ) ) ;
#2051 = MECHANICAL_DESIGN_GEOMETRIC_PRESENTATION_REPRESENTATION (  '', ( #3678 ), #9205 ) ;
#2052 =( LENGTH_UNIT ( ) NAMED_UNIT ( * ) SI_UNIT ( .MILLI., .METRE. ) );
#2053 = CARTESIAN_POINT ( 'NONE',  ( 14.91999977111800035, 0.3200000000000000067, -3.000000000000000000 ) ) ;
#2054 = CARTESIAN_POINT ( 'NONE',  ( 5.399999923705999905, 0.3199999999999998401, -2.799999997020000020 ) ) ;
#2055 =( NAMED_UNIT ( * ) SI_UNIT ( $, .STERADIAN. ) SOLID_ANGLE_UNIT ( ) );
#2056 = MECHANICAL_DESIGN_GEOMETRIC_PRESENTATION_REPRESENTATION (  '', ( #2467 ), #9417 ) ;
#2057 = CARTESIAN_POINT ( 'NONE',  ( 3.659999955893001644, 3.809999961853000716, 2.364999994040001940 ) ) ;
#2058 = ORIENTED_EDGE ( 'NONE', *, *, #11452, .F. ) ;
#2059 = PRESENTATION_STYLE_ASSIGNMENT (( #5932 ) ) ;
#2060 = ORIENTED_EDGE ( 'NONE', *, *, #4211, .T. ) ;
#2061 = DIRECTION ( 'NONE',  ( 0.0000000000000000000, 0.0000000000000000000, 1.000000000000000000 ) ) ;
#2062 = PRESENTATION_LAYER_ASSIGNMENT (  '', '', ( #6557 ) ) ;
#2063 = LINE ( 'NONE', #4986, #11909 ) ;
#2064 =( GEOMETRIC_REPRESENTATION_CONTEXT ( 3 ) GLOBAL_UNCERTAINTY_ASSIGNED_CONTEXT ( ( #7461 ) ) GLOBAL_UNIT_ASSIGNED_CONTEXT ( ( #12518, #2771, #4678 ) ) REPRESENTATION_CONTEXT ( 'NONE', 'WORKASPACE' ) );
#2065 = FILL_AREA_STYLE ('',( #10824 ) ) ;
#2066 = SURFACE_STYLE_FILL_AREA ( #3037 ) ;
#2067 = ORIENTED_EDGE ( 'NONE', *, *, #3858, .T. ) ;
#2068 = PRODUCT_DEFINITION_CONTEXT ( 'detailed design', #8462, 'design' ) ;
#2069 = PRESENTATION_STYLE_ASSIGNMENT (( #369 ) ) ;
#2070 = ORIENTED_EDGE ( 'NONE', *, *, #2496, .T. ) ;
#2071 = AXIS2_PLACEMENT_3D ( 'NONE', #7618, #3791, #8656 ) ;
#2072 = EDGE_CURVE ( 'NONE', #7978, #10975, #181, .T. ) ;
#2073 = ORIENTED_EDGE ( 'NONE', *, *, #4269, .T. ) ;
#2074 = ADVANCED_FACE ( 'NONE', ( #4036 ), #11011, .F. ) ;
#2075 = CARTESIAN_POINT ( 'NONE',  ( 12.37999980926499966, 1.270000000000000018, 0.9499999999999997335 ) ) ;
#2076 = ORIENTED_EDGE ( 'NONE', *, *, #7466, .T. ) ;
#2077 = LINE ( 'NONE', #5950, #9576 ) ;
#2078 =( NAMED_UNIT ( * ) PLANE_ANGLE_UNIT ( ) SI_UNIT ( $, .RADIAN. ) );
#2079 = FILL_AREA_STYLE ('',( #7116 ) ) ;
#2080 = DIRECTION ( 'NONE',  ( 0.0000000000000000000, 1.554312234475000050E-15, -1.000000000000000000 ) ) ;
#2081 = PRESENTATION_LAYER_ASSIGNMENT (  '', '', ( #5127 ) ) ;
#2082 = AXIS2_PLACEMENT_3D ( 'NONE', #8329, #5493, #9483 ) ;
#2083 =( NAMED_UNIT ( * ) SI_UNIT ( $, .STERADIAN. ) SOLID_ANGLE_UNIT ( ) );
#2084 = DIRECTION ( 'NONE',  ( 0.0000000000000000000, -0.7071067811865475727, -0.7071067811865475727 ) ) ;
#2085 = EDGE_LOOP ( 'NONE', ( #1372, #12377, #7680, #6948, #2042, #5057, #3343, #5293 ) ) ;
#2086 = ADVANCED_FACE ( 'NONE', ( #2118 ), #6509, .F. ) ;
#2087 = VERTEX_POINT ( 'NONE', #1775 ) ;
#2088 = ORIENTED_EDGE ( 'NONE', *, *, #1999, .F. ) ;
#2089 =( GEOMETRIC_REPRESENTATION_CONTEXT ( 3 ) GLOBAL_UNCERTAINTY_ASSIGNED_CONTEXT ( ( #2613 ) ) GLOBAL_UNIT_ASSIGNED_CONTEXT ( ( #5785, #970, #12501 ) ) REPRESENTATION_CONTEXT ( 'NONE', 'WORKASPACE' ) );
#2090 =( NAMED_UNIT ( * ) SI_UNIT ( $, .STERADIAN. ) SOLID_ANGLE_UNIT ( ) );
#2091 = ORIENTED_EDGE ( 'NONE', *, *, #591, .T. ) ;
#2092 = DIRECTION ( 'NONE',  ( 0.0000000000000000000, -1.000000000000000000, -0.0000000000000000000 ) ) ;
#2093 = CARTESIAN_POINT ( 'NONE',  ( 0.3200000000000000067, -0.3199999999999999512, -4.388850394221508810E-16 ) ) ;
#2094 = EDGE_LOOP ( 'NONE', ( #4876, #9637, #1424, #2060, #12496 ) ) ;
#2095 = LINE ( 'NONE', #6772, #8924 ) ;
#2096 = CARTESIAN_POINT ( 'NONE',  ( 8.889999847411999667, 1.520000000000000018, 0.02500000000000000139 ) ) ;
#2097 = UNCERTAINTY_MEASURE_WITH_UNIT (LENGTH_MEASURE( 1.000000000000000082E-05 ), #3416, 'distance_accuracy_value', 'NONE');
#2098 = UNCERTAINTY_MEASURE_WITH_UNIT (LENGTH_MEASURE( 1.000000000000000082E-05 ), #5995, 'distance_accuracy_value', 'NONE');
#2099 = DIRECTION ( 'NONE',  ( 0.0000000000000000000, 0.0000000000000000000, 1.000000000000000000 ) ) ;
#2100 = ORIENTED_EDGE ( 'NONE', *, *, #12601, .F. ) ;
#2101 = LINE ( 'NONE', #9905, #4830 ) ;
#2102 = DIRECTION ( 'NONE',  ( 0.0000000000000000000, 0.0000000000000000000, 1.000000000000000000 ) ) ;
#2103 = DIRECTION ( 'NONE',  ( 0.7071067811865475727, 9.432969924854965098E-16, -0.7071067811865475727 ) ) ;
#2104 = LINE ( 'NONE', #8895, #6278 ) ;
#2105 = FACE_OUTER_BOUND ( 'NONE', #11435, .T. ) ;
#2106 = DIRECTION ( 'NONE',  ( 0.7071067811865475727, -0.7071067811865475727, 0.0000000000000000000 ) ) ;
#2107 = FACE_BOUND ( 'NONE', #2986, .T. ) ;
#2108 = CARTESIAN_POINT ( 'NONE',  ( 1.269999961852937620, 1.820000011921000249, 2.214999988079062732 ) ) ;
#2109 = ORIENTED_EDGE ( 'NONE', *, *, #10872, .T. ) ;
#2110 = ORIENTED_EDGE ( 'NONE', *, *, #4022, .F. ) ;
#2111 = ADVANCED_FACE ( 'NONE', ( #11487 ), #7513, .T. ) ;
#2112 = FILL_AREA_STYLE ('',( #3026 ) ) ;
#2113 = CARTESIAN_POINT ( 'NONE',  ( 1.270000000000062634, 1.820000011921000249, 2.214999988079062732 ) ) ;
#2114 = LINE ( 'NONE', #231, #3505 ) ;
#2115 =( NAMED_UNIT ( * ) SI_UNIT ( $, .STERADIAN. ) SOLID_ANGLE_UNIT ( ) );
#2116 = EDGE_CURVE ( 'NONE', #6541, #10282, #12426, .T. ) ;
#2117 =( NAMED_UNIT ( * ) SI_UNIT ( $, .STERADIAN. ) SOLID_ANGLE_UNIT ( ) );
#2118 = FACE_OUTER_BOUND ( 'NONE', #4676, .T. ) ;
#2119 = COLOUR_RGB ( '',1.000000000000000000, 1.000000000000000000, 0.4980392156862745168 ) ;
#2120 = MECHANICAL_DESIGN_GEOMETRIC_PRESENTATION_REPRESENTATION (  '', ( #3947 ), #3147 ) ;
#2121 = ORIENTED_EDGE ( 'NONE', *, *, #3936, .F. ) ;
#2122 = COLOUR_RGB ( '',0.09411764705882352811, 0.09411764705882352811, 0.09411764705882352811 ) ;
#2123 = ORIENTED_EDGE ( 'NONE', *, *, #7456, .F. ) ;
#2124 = DIRECTION ( 'NONE',  ( 0.0000000000000000000, 0.0000000000000000000, 1.000000000000000000 ) ) ;
#2125 = EDGE_LOOP ( 'NONE', ( #6392, #3247, #2576, #5442 ) ) ;
#2126 = DIRECTION ( 'NONE',  ( -0.0000000000000000000, -1.000000000000000000, -1.332267629549999902E-15 ) ) ;
#2127 = LINE ( 'NONE', #3155, #10245 ) ;
#2128 = DIRECTION ( 'NONE',  ( -0.0000000000000000000, 1.000000000000000000, 1.510616709811000052E-15 ) ) ;
#2129 =( NAMED_UNIT ( * ) PLANE_ANGLE_UNIT ( ) SI_UNIT ( $, .RADIAN. ) );
#2130 = CARTESIAN_POINT ( 'NONE',  ( 18.09999973297100340, -0.3200000000000000067, -4.336808689942017736E-16 ) ) ;
#2131 = VECTOR ( 'NONE', #12425, 1000.000000000000000 ) ;
#2132 = STYLED_ITEM ( 'NONE', ( #10087 ), #12029 ) ;
#2133 = VECTOR ( 'NONE', #9764, 1000.000000000000000 ) ;
#2134 = SURFACE_SIDE_STYLE ('',( #9056 ) ) ;
#2135 = COLOUR_RGB ( '',0.09411764705882352811, 0.09411764705882352811, 0.09411764705882352811 ) ;
#2136 = PRESENTATION_STYLE_ASSIGNMENT (( #2337 ) ) ;
#2137 = SURFACE_SIDE_STYLE ('',( #5764 ) ) ;
#2138 = FILL_AREA_STYLE_COLOUR ( '', #7037 ) ;
#2139 = CARTESIAN_POINT ( 'NONE',  ( 12.37999980926499966, 3.809999961852999828, 0.9499999999999999556 ) ) ;
#2140 = ORIENTED_EDGE ( 'NONE', *, *, #5390, .T. ) ;
#2141 = MECHANICAL_DESIGN_GEOMETRIC_PRESENTATION_REPRESENTATION (  '', ( #11341 ), #10322 ) ;
#2142 = STYLED_ITEM ( 'NONE', ( #6406 ), #5239 ) ;
#2143 =( GEOMETRIC_REPRESENTATION_CONTEXT ( 3 ) GLOBAL_UNCERTAINTY_ASSIGNED_CONTEXT ( ( #1219 ) ) GLOBAL_UNIT_ASSIGNED_CONTEXT ( ( #6683, #4629, #9758 ) ) REPRESENTATION_CONTEXT ( 'NONE', 'WORKASPACE' ) );
#2144 = ORIENTED_EDGE ( 'NONE', *, *, #6574, .T. ) ;
#2145 = COLOUR_RGB ( '',0.09411764705882352811, 0.09411764705882352811, 0.09411764705882352811 ) ;
#2146 =( GEOMETRIC_REPRESENTATION_CONTEXT ( 3 ) GLOBAL_UNCERTAINTY_ASSIGNED_CONTEXT ( ( #11196 ) ) GLOBAL_UNIT_ASSIGNED_CONTEXT ( ( #9391, #764, #12304 ) ) REPRESENTATION_CONTEXT ( 'NONE', 'WORKASPACE' ) );
#2147 = CARTESIAN_POINT ( 'NONE',  ( 2.219999961852999970, 9.810000000000000497, 1.389999997020000100 ) ) ;
#2148 = VERTEX_POINT ( 'NONE', #12371 ) ;
#2149 = STYLED_ITEM ( 'NONE', ( #6972 ), #11546 ) ;
#2150 = VECTOR ( 'NONE', #4478, 1000.000000000000000 ) ;
#2151 = VERTEX_POINT ( 'NONE', #9690 ) ;
#2152 = SURFACE_SIDE_STYLE ('',( #11738 ) ) ;
#2153 = EDGE_CURVE ( 'NONE', #3429, #4935, #5530, .T. ) ;
#2154 = VECTOR ( 'NONE', #9395, 1000.000000000000000 ) ;
#2155 = COLOUR_RGB ( '',1.000000000000000000, 1.000000000000000000, 0.4980392156862745168 ) ;
#2156 = AXIS2_PLACEMENT_3D ( 'NONE', #4014, #9908, #899 ) ;
#2157 = ADVANCED_FACE ( 'NONE', ( #1894 ), #2668, .T. ) ;
#2158 = DIRECTION ( 'NONE',  ( 0.0000000000000000000, 0.0000000000000000000, 1.000000000000000000 ) ) ;
#2159 = AXIS2_PLACEMENT_3D ( 'NONE', #5577, #1942, #11475 ) ;
#2160 = CARTESIAN_POINT ( 'NONE',  ( 2.219999961852999970, 0.3199999999999999512, -2.799999997020000020 ) ) ;
#2161 = EDGE_LOOP ( 'NONE', ( #4243, #3143, #2248, #4024 ) ) ;
#2162 = SURFACE_STYLE_FILL_AREA ( #7957 ) ;
#2163 = FACE_OUTER_BOUND ( 'NONE', #9696, .T. ) ;
#2164 = ORIENTED_EDGE ( 'NONE', *, *, #10259, .F. ) ;
#2165 = FACE_OUTER_BOUND ( 'NONE', #6189, .T. ) ;
#2166 = FILL_AREA_STYLE ('',( #8959 ) ) ;
#2167 = STYLED_ITEM ( 'NONE', ( #5237 ), #12406 ) ;
#2168 = MECHANICAL_DESIGN_GEOMETRIC_PRESENTATION_REPRESENTATION (  '', ( #5629 ), #12551 ) ;
#2169 = CARTESIAN_POINT ( 'NONE',  ( 7.939999885558998827, -0.3200000000000000067, -2.799999997020000020 ) ) ;
#2170 = PRESENTATION_LAYER_ASSIGNMENT (  '', '', ( #6028 ) ) ;
#2171 = DIRECTION ( 'NONE',  ( 0.0000000000000000000, 1.000000000000000000, 0.0000000000000000000 ) ) ;
#2172 =( NAMED_UNIT ( * ) PLANE_ANGLE_UNIT ( ) SI_UNIT ( $, .RADIAN. ) );
#2173 = STYLED_ITEM ( 'NONE', ( #6448 ), #4087 ) ;
#2174 = DIRECTION ( 'NONE',  ( 1.000000000000000000, 0.0000000000000000000, -0.0000000000000000000 ) ) ;
#2175 =( GEOMETRIC_REPRESENTATION_CONTEXT ( 3 ) GLOBAL_UNCERTAINTY_ASSIGNED_CONTEXT ( ( #8846 ) ) GLOBAL_UNIT_ASSIGNED_CONTEXT ( ( #2978, #8994, #8000 ) ) REPRESENTATION_CONTEXT ( 'NONE', 'WORKASPACE' ) );
#2176 = PRESENTATION_LAYER_ASSIGNMENT (  '', '', ( #2403 ) ) ;
#2177 = FILL_AREA_STYLE_COLOUR ( '', #11442 ) ;
#2178 = DIRECTION ( 'NONE',  ( 0.0000000000000000000, 0.0000000000000000000, 1.000000000000000000 ) ) ;
#2179 = PRESENTATION_STYLE_ASSIGNMENT (( #7094 ) ) ;
#2180 = PRESENTATION_LAYER_ASSIGNMENT (  '', '', ( #4416 ) ) ;
#2181 = ORIENTED_EDGE ( 'NONE', *, *, #7991, .F. ) ;
#2182 = FACE_BOUND ( 'NONE', #4060, .T. ) ;
#2183 = VERTEX_POINT ( 'NONE', #4050 ) ;
#2184 = DIRECTION ( 'NONE',  ( 1.000000000000000000, 0.0000000000000000000, -0.0000000000000000000 ) ) ;
#2185 = CIRCLE ( 'NONE', #9545, 1.590000000000000080 ) ;
#2186 = PRESENTATION_STYLE_ASSIGNMENT (( #4027 ) ) ;
#2187 = ADVANCED_FACE ( 'NONE', ( #3051 ), #5013, .F. ) ;
#2188 = LINE ( 'NONE', #9995, #9642 ) ;
#2189 = CARTESIAN_POINT ( 'NONE',  ( 12.37999980926499966, -0.3200000000000000067, -3.000000000000000000 ) ) ;
#2190 = SURFACE_STYLE_USAGE ( .BOTH. , #3031 ) ;
#2191 = AXIS2_PLACEMENT_3D ( 'NONE', #2841, #8718, #10499 ) ;
#2192 =( LENGTH_UNIT ( ) NAMED_UNIT ( * ) SI_UNIT ( .MILLI., .METRE. ) );
#2193 = PRESENTATION_LAYER_ASSIGNMENT (  '', '', ( #10773 ) ) ;
#2194 = EDGE_CURVE ( 'NONE', #3614, #7892, #2982, .T. ) ;
#2195 = PLANE ( 'NONE',  #6471 ) ;
#2196 = ADVANCED_FACE ( 'NONE', ( #10711 ), #5847, .T. ) ;
#2197 = SURFACE_STYLE_USAGE ( .BOTH. , #7213 ) ;
#2198 =( NAMED_UNIT ( * ) SI_UNIT ( $, .STERADIAN. ) SOLID_ANGLE_UNIT ( ) );
#2199 = UNCERTAINTY_MEASURE_WITH_UNIT (LENGTH_MEASURE( 1.000000000000000082E-05 ), #10706, 'distance_accuracy_value', 'NONE');
#2200 = ORIENTED_EDGE ( 'NONE', *, *, #8933, .T. ) ;
#2201 = VECTOR ( 'NONE', #26, 1000.000000000000000 ) ;
#2202 = FILL_AREA_STYLE_COLOUR ( '', #7668 ) ;
#2203 = ORIENTED_EDGE ( 'NONE', *, *, #12376, .F. ) ;
#2204 = DIRECTION ( 'NONE',  ( 0.0000000000000000000, -0.7071067811865474617, -0.7071067811865474617 ) ) ;
#2205 = SURFACE_STYLE_USAGE ( .BOTH. , #429 ) ;
#2206 =( NAMED_UNIT ( * ) SI_UNIT ( $, .STERADIAN. ) SOLID_ANGLE_UNIT ( ) );
#2207 = SURFACE_STYLE_USAGE ( .BOTH. , #1376 ) ;
#2208 = EDGE_CURVE ( 'NONE', #952, #1311, #121, .T. ) ;
#2209 = PLANE ( 'NONE',  #9550 ) ;
#2210 = UNCERTAINTY_MEASURE_WITH_UNIT (LENGTH_MEASURE( 1.000000000000000082E-05 ), #103, 'distance_accuracy_value', 'NONE');
#2211 = CARTESIAN_POINT ( 'NONE',  ( 7.939999885558998827, 1.270000000000000018, 0.9499999999999997335 ) ) ;
#2212 = CARTESIAN_POINT ( 'NONE',  ( 5.399999923705999905, -0.3199999999999999512, -4.388850394221508810E-16 ) ) ;
#2213 = SURFACE_STYLE_FILL_AREA ( #3162 ) ;
#2214 = CARTESIAN_POINT ( 'NONE',  ( 12.37999980926499966, 1.270000000000000018, 1.589999999999999858 ) ) ;
#2215 = PRESENTATION_STYLE_ASSIGNMENT (( #6991 ) ) ;
#2216 = ORIENTED_EDGE ( 'NONE', *, *, #4278, .T. ) ;
#2217 = PLANE ( 'NONE',  #6171 ) ;
#2218 = VECTOR ( 'NONE', #2516, 1000.000000000000000 ) ;
#2219 = ORIENTED_EDGE ( 'NONE', *, *, #2427, .T. ) ;
#2220 = SURFACE_STYLE_FILL_AREA ( #9006 ) ;
#2221 = EDGE_LOOP ( 'NONE', ( #227, #11016, #1573, #7548 ) ) ;
#2222 = ORIENTED_EDGE ( 'NONE', *, *, #5249, .T. ) ;
#2223 = PLANE ( 'NONE',  #11040 ) ;
#2224 = PRESENTATION_STYLE_ASSIGNMENT (( #10983 ) ) ;
#2225 = CARTESIAN_POINT ( 'NONE',  ( 17.55999973446100171, -0.3200000000000000067, -2.899999998509999788 ) ) ;
#2226 = CARTESIAN_POINT ( 'NONE',  ( 10.47999984741199953, 1.270000000000000018, 1.589999999999999636 ) ) ;
#2227 = MECHANICAL_DESIGN_GEOMETRIC_PRESENTATION_REPRESENTATION (  '', ( #4462 ), #2697 ) ;
#2228 = LINE ( 'NONE', #3252, #2556 ) ;
#2229 = SURFACE_STYLE_USAGE ( .BOTH. , #7005 ) ;
#2230 = EDGE_CURVE ( 'NONE', #1590, #5918, #9881, .T. ) ;
#2231 = DIRECTION ( 'NONE',  ( 0.5773502691896232886, -0.5773502691896269523, 0.5773502691896269523 ) ) ;
#2232 = ORIENTED_EDGE ( 'NONE', *, *, #3723, .F. ) ;
#2233 =( NAMED_UNIT ( * ) PLANE_ANGLE_UNIT ( ) SI_UNIT ( $, .RADIAN. ) );
#2234 = UNCERTAINTY_MEASURE_WITH_UNIT (LENGTH_MEASURE( 1.000000000000000082E-05 ), #6575, 'distance_accuracy_value', 'NONE');
#2235 = ORIENTED_EDGE ( 'NONE', *, *, #1230, .T. ) ;
#2236 =( NAMED_UNIT ( * ) PLANE_ANGLE_UNIT ( ) SI_UNIT ( $, .RADIAN. ) );
#2237 = SURFACE_STYLE_FILL_AREA ( #6954 ) ;
#2238 = ADVANCED_FACE ( 'NONE', ( #7939 ), #11161, .T. ) ;
#2239 = SURFACE_STYLE_FILL_AREA ( #7087 ) ;
#2240 = VECTOR ( 'NONE', #4590, 1000.000000000000000 ) ;
#2241 = ADVANCED_FACE ( 'NONE', ( #3298 ), #9253, .T. ) ;
#2242 = SURFACE_SIDE_STYLE ('',( #463 ) ) ;
#2243 = DIRECTION ( 'NONE',  ( 0.0000000000000000000, -1.510616709811000052E-15, 1.000000000000000000 ) ) ;
#2244 = DIRECTION ( 'NONE',  ( 0.0000000000000000000, -1.609823385705999920E-15, 1.000000000000000000 ) ) ;
#2245 = LINE ( 'NONE', #6121, #2463 ) ;
#2246 =( LENGTH_UNIT ( ) NAMED_UNIT ( * ) SI_UNIT ( .MILLI., .METRE. ) );
#2247 = DIRECTION ( 'NONE',  ( 0.0000000000000000000, -1.000000000000000000, -0.0000000000000000000 ) ) ;
#2248 = ORIENTED_EDGE ( 'NONE', *, *, #4446, .F. ) ;
#2249 = ORIENTED_EDGE ( 'NONE', *, *, #11033, .F. ) ;
#2250 = PLANE ( 'NONE',  #10366 ) ;
#2251 = PRESENTATION_STYLE_ASSIGNMENT (( #8187 ) ) ;
#2252 = CARTESIAN_POINT ( 'NONE',  ( 16.50999973297099999, 1.820000011921003136, 0.3250000119209999760 ) ) ;
#2253 = DIRECTION ( 'NONE',  ( 0.0000000000000000000, 0.0000000000000000000, 1.000000000000000000 ) ) ;
#2254 = UNCERTAINTY_MEASURE_WITH_UNIT (LENGTH_MEASURE( 1.000000000000000082E-05 ), #12122, 'distance_accuracy_value', 'NONE');
#2255 = PRESENTATION_STYLE_ASSIGNMENT (( #7104 ) ) ;
#2256 = FILL_AREA_STYLE ('',( #11010 ) ) ;
#2257 = SURFACE_STYLE_USAGE ( .BOTH. , #3223 ) ;
#2258 = VECTOR ( 'NONE', #784, 999.9999999999998863 ) ;
#2259 = DIRECTION ( 'NONE',  ( 6.645562236426607662E-16, -1.000000000000000000, -6.645562236426607662E-16 ) ) ;
#2260 = ORIENTED_EDGE ( 'NONE', *, *, #901, .F. ) ;
#2261 = VERTEX_POINT ( 'NONE', #8277 ) ;
#2262 = EDGE_CURVE ( 'NONE', #12416, #11165, #8154, .T. ) ;
#2263 = PRESENTATION_LAYER_ASSIGNMENT (  '', '', ( #2881 ) ) ;
#2264 = SURFACE_SIDE_STYLE ('',( #1247 ) ) ;
#2265 = PRESENTATION_STYLE_ASSIGNMENT (( #2205 ) ) ;
#2266 = CARTESIAN_POINT ( 'NONE',  ( 4.759999923706000224, 1.270000000000000018, 1.590000000000000080 ) ) ;
#2267 = EDGE_CURVE ( 'NONE', #9239, #9599, #6600, .T. ) ;
#2268 = EDGE_CURVE ( 'NONE', #7151, #1800, #12036, .T. ) ;
#2269 = SURFACE_SIDE_STYLE ('',( #10080 ) ) ;
#2270 = SURFACE_SIDE_STYLE ('',( #11088 ) ) ;
#2271 = VECTOR ( 'NONE', #12230, 1000.000000000000000 ) ;
#2272 = CARTESIAN_POINT ( 'NONE',  ( 8.889999885558999893, 1.520000000000000018, 2.515000000000000124 ) ) ;
#2273 = DIRECTION ( 'NONE',  ( -1.000000000000000000, 0.0000000000000000000, 0.0000000000000000000 ) ) ;
#2274 = STYLED_ITEM ( 'NONE', ( #8733 ), #5854 ) ;
#2275 = FILL_AREA_STYLE ('',( #4604 ) ) ;
#2276 =( NAMED_UNIT ( * ) SI_UNIT ( $, .STERADIAN. ) SOLID_ANGLE_UNIT ( ) );
#2277 = ORIENTED_EDGE ( 'NONE', *, *, #3386, .F. ) ;
#2278 = SURFACE_STYLE_FILL_AREA ( #8212 ) ;
#2279 = PRESENTATION_LAYER_ASSIGNMENT (  '', '', ( #11467 ) ) ;
#2280 = ORIENTED_EDGE ( 'NONE', *, *, #6118, .T. ) ;
#2281 = CARTESIAN_POINT ( 'NONE',  ( 1.270000000000000018, 1.520000000000000018, 0.3250000119209999760 ) ) ;
#2282 = ORIENTED_EDGE ( 'NONE', *, *, #1656, .F. ) ;
#2283 = FILL_AREA_STYLE_COLOUR ( '', #12121 ) ;
#2284 = FILL_AREA_STYLE_COLOUR ( '', #11645 ) ;
#2285 = DIRECTION ( 'NONE',  ( -0.0000000000000000000, 0.0000000000000000000, 1.000000000000000000 ) ) ;
#2286 = AXIS2_PLACEMENT_3D ( 'NONE', #3520, #11315, #1492 ) ;
#2287 = STYLED_ITEM ( 'NONE', ( #3656 ), #3597 ) ;
#2288 =( NAMED_UNIT ( * ) SI_UNIT ( $, .STERADIAN. ) SOLID_ANGLE_UNIT ( ) );
#2289 = EDGE_CURVE ( 'NONE', #897, #6541, #7180, .T. ) ;
#2290 =( LENGTH_UNIT ( ) NAMED_UNIT ( * ) SI_UNIT ( .MILLI., .METRE. ) );
#2291 = ORIENTED_EDGE ( 'NONE', *, *, #6099, .F. ) ;
#2292 = CARTESIAN_POINT ( 'NONE',  ( 13.01999980926500200, 0.3200000000000000067, -5.313452942893489393E-16 ) ) ;
#2293 = DIRECTION ( 'NONE',  ( -0.0000000000000000000, -1.000000000000000000, 0.0000000000000000000 ) ) ;
#2294 =( GEOMETRIC_REPRESENTATION_CONTEXT ( 3 ) GLOBAL_UNCERTAINTY_ASSIGNED_CONTEXT ( ( #11932 ) ) GLOBAL_UNIT_ASSIGNED_CONTEXT ( ( #8307, #1657, #10414 ) ) REPRESENTATION_CONTEXT ( 'NONE', 'WORKASPACE' ) );
#2295 = AXIS2_PLACEMENT_3D ( 'NONE', #7374, #11099, #5219 ) ;
#2296 = PRESENTATION_STYLE_ASSIGNMENT (( #6050 ) ) ;
#2297 = EDGE_LOOP ( 'NONE', ( #3611, #10696, #7164, #4121 ) ) ;
#2298 = SURFACE_SIDE_STYLE ('',( #12192 ) ) ;
#2299 = MECHANICAL_DESIGN_GEOMETRIC_PRESENTATION_REPRESENTATION (  '', ( #7775 ), #4534 ) ;
#2300 = DIRECTION ( 'NONE',  ( 0.0000000000000000000, 0.0000000000000000000, 1.000000000000000000 ) ) ;
#2301 = DIRECTION ( 'NONE',  ( 0.0000000000000000000, 0.0000000000000000000, 1.000000000000000000 ) ) ;
#2302 = LINE ( 'NONE', #1339, #4601 ) ;
#2303 = FILL_AREA_STYLE_COLOUR ( '', #4854 ) ;
#2304 = DIRECTION ( 'NONE',  ( -0.0000000000000000000, -0.0000000000000000000, -1.000000000000000000 ) ) ;
#2305 = ADVANCED_FACE ( 'NONE', ( #11091 ), #2340, .T. ) ;
#2306 = ORIENTED_EDGE ( 'NONE', *, *, #4442, .F. ) ;
#2307 = DIRECTION ( 'NONE',  ( -1.000000000000000000, 0.0000000000000000000, -0.0000000000000000000 ) ) ;
#2308 = SURFACE_STYLE_USAGE ( .BOTH. , #3140 ) ;
#2309 = FACE_OUTER_BOUND ( 'NONE', #1243, .T. ) ;
#2310 = ORIENTED_EDGE ( 'NONE', *, *, #8317, .T. ) ;
#2311 = FILL_AREA_STYLE ('',( #473 ) ) ;
#2312 = VERTEX_POINT ( 'NONE', #9662 ) ;
#2313 = FACE_OUTER_BOUND ( 'NONE', #7023, .T. ) ;
#2314 = SURFACE_STYLE_FILL_AREA ( #7157 ) ;
#2315 = DIRECTION ( 'NONE',  ( 1.000000000000000000, 0.0000000000000000000, 0.0000000000000000000 ) ) ;
#2316 = CARTESIAN_POINT ( 'NONE',  ( 16.50999973297099999, 1.820000011921000027, 2.515000000000000124 ) ) ;
#2317 =( GEOMETRIC_REPRESENTATION_CONTEXT ( 3 ) GLOBAL_UNCERTAINTY_ASSIGNED_CONTEXT ( ( #1483 ) ) GLOBAL_UNIT_ASSIGNED_CONTEXT ( ( #616, #4685, #2524 ) ) REPRESENTATION_CONTEXT ( 'NONE', 'WORKASPACE' ) );
#2318 = LINE ( 'NONE', #4412, #268 ) ;
#2319 = CARTESIAN_POINT ( 'NONE',  ( 18.09999973297100340, -0.3200000000000000067, -3.000000000000000000 ) ) ;
#2320 = EDGE_CURVE ( 'NONE', #1823, #6858, #8709, .T. ) ;
#2321 = DIRECTION ( 'NONE',  ( -0.7071067811865474617, -0.0000000000000000000, -0.7071067811865474617 ) ) ;
#2322 = DIRECTION ( 'NONE',  ( -1.000000000000000000, -0.0000000000000000000, -0.0000000000000000000 ) ) ;
#2323 = FACE_OUTER_BOUND ( 'NONE', #3271, .T. ) ;
#2324 = EDGE_LOOP ( 'NONE', ( #10058, #6997, #263, #7669 ) ) ;
#2325 = PLANE ( 'NONE',  #4239 ) ;
#2326 =( LENGTH_UNIT ( ) NAMED_UNIT ( * ) SI_UNIT ( .MILLI., .METRE. ) );
#2327 = ORIENTED_EDGE ( 'NONE', *, *, #9279, .F. ) ;
#2328 = DIRECTION ( 'NONE',  ( 0.0000000000000000000, -1.510616709811000052E-15, 1.000000000000000000 ) ) ;
#2329 = LINE ( 'NONE', #6083, #2544 ) ;
#2330 = CARTESIAN_POINT ( 'NONE',  ( 6.349999923706124427, 1.519999999999999796, 0.3250000119208747984 ) ) ;
#2331 = FACE_OUTER_BOUND ( 'NONE', #2008, .T. ) ;
#2332 = CARTESIAN_POINT ( 'NONE',  ( 0.0000000000000000000, 0.0000000000000000000, 0.0000000000000000000 ) ) ;
#2333 = DIRECTION ( 'NONE',  ( 0.0000000000000000000, 0.0000000000000000000, 1.000000000000000000 ) ) ;
#2334 = FILL_AREA_STYLE ('',( #12224 ) ) ;
#2335 = MECHANICAL_DESIGN_GEOMETRIC_PRESENTATION_REPRESENTATION (  '', ( #12316 ), #4150 ) ;
#2336 = COLOUR_RGB ( '',1.000000000000000000, 1.000000000000000000, 0.4980392156862745168 ) ;
#2337 = SURFACE_STYLE_USAGE ( .BOTH. , #4171 ) ;
#2338 = COLOUR_RGB ( '',0.09411764705882352811, 0.09411764705882352811, 0.09411764705882352811 ) ;
#2339 = CARTESIAN_POINT ( 'NONE',  ( 1.569999973773750668, 3.809999961853000716, 0.02499999999975149878 ) ) ;
#2340 = PLANE ( 'NONE',  #1021 ) ;
#2341 =( NAMED_UNIT ( * ) SI_UNIT ( $, .STERADIAN. ) SOLID_ANGLE_UNIT ( ) );
#2342 = ORIENTED_EDGE ( 'NONE', *, *, #3592, .T. ) ;
#2343 = VERTEX_POINT ( 'NONE', #4793 ) ;
#2344 =( LENGTH_UNIT ( ) NAMED_UNIT ( * ) SI_UNIT ( .MILLI., .METRE. ) );
#2345 = EDGE_LOOP ( 'NONE', ( #9133, #3938, #12025, #10581, #10938, #824, #9714, #1779 ) ) ;
#2346 = PRESENTATION_LAYER_ASSIGNMENT (  '', '', ( #5989 ) ) ;
#2347 =( LENGTH_UNIT ( ) NAMED_UNIT ( * ) SI_UNIT ( .MILLI., .METRE. ) );
#2348 = PRESENTATION_LAYER_ASSIGNMENT (  '', '', ( #9895 ) ) ;
#2349 =( GEOMETRIC_REPRESENTATION_CONTEXT ( 3 ) GLOBAL_UNCERTAINTY_ASSIGNED_CONTEXT ( ( #3563 ) ) GLOBAL_UNIT_ASSIGNED_CONTEXT ( ( #9677, #6144, #8057 ) ) REPRESENTATION_CONTEXT ( 'NONE', 'WORKASPACE' ) );
#2350 = DIRECTION ( 'NONE',  ( 0.0000000000000000000, 0.0000000000000000000, -1.000000000000000000 ) ) ;
#2351 = DIRECTION ( 'NONE',  ( 0.0000000000000000000, 0.0000000000000000000, -1.000000000000000000 ) ) ;
#2352 = CARTESIAN_POINT ( 'NONE',  ( 7.939999885558998827, 1.270000000000000018, 1.590000000000000080 ) ) ;
#2353 = EDGE_CURVE ( 'NONE', #12166, #10653, #3019, .T. ) ;
#2354 = EDGE_CURVE ( 'NONE', #9062, #6727, #1032, .T. ) ;
#2355 = VECTOR ( 'NONE', #1297, 1000.000000000000000 ) ;
#2356 =( LENGTH_UNIT ( ) NAMED_UNIT ( * ) SI_UNIT ( .MILLI., .METRE. ) );
#2357 = DIRECTION ( 'NONE',  ( 0.0000000000000000000, 0.0000000000000000000, 1.000000000000000000 ) ) ;
#2358 = FILL_AREA_STYLE_COLOUR ( '', #5210 ) ;
#2359 = ORIENTED_EDGE ( 'NONE', *, *, #8030, .T. ) ;
#2360 = STYLED_ITEM ( 'NONE', ( #8224 ), #8821 ) ;
#2361 = PRESENTATION_LAYER_ASSIGNMENT (  '', '', ( #10115 ) ) ;
#2362 = FILL_AREA_STYLE_COLOUR ( '', #6976 ) ;
#2363 = STYLED_ITEM ( 'NONE', ( #9732 ), #9360 ) ;
#2364 = UNCERTAINTY_MEASURE_WITH_UNIT (LENGTH_MEASURE( 1.000000000000000082E-05 ), #11127, 'distance_accuracy_value', 'NONE');
#2365 = AXIS2_PLACEMENT_3D ( 'NONE', #4780, #5865, #7767 ) ;
#2366 = SURFACE_SIDE_STYLE ('',( #4959 ) ) ;
#2367 = ORIENTED_EDGE ( 'NONE', *, *, #3762, .T. ) ;
#2368 = FILL_AREA_STYLE_COLOUR ( '', #4188 ) ;
#2369 = CLOSED_SHELL ( 'NONE', ( #6904, #8593, #6217, #5543, #8967, #1832, #3671, #1517, #10747, #156, #9338, #9075, #9984, #6340, #5967, #5757, #6919, #10176 ) ) ;
#2370 = VECTOR ( 'NONE', #10409, 1000.000000000000000 ) ;
#2371 = STYLED_ITEM ( 'NONE', ( #4808 ), #11486 ) ;
#2372 = VECTOR ( 'NONE', #6163, 1000.000000000000000 ) ;
#2373 = PRESENTATION_LAYER_ASSIGNMENT (  '', '', ( #7043 ) ) ;
#2374 = FILL_AREA_STYLE_COLOUR ( '', #2002 ) ;
#2375 = PRESENTATION_STYLE_ASSIGNMENT (( #5292 ) ) ;
#2376 = VERTEX_POINT ( 'NONE', #4731 ) ;
#2377 = UNCERTAINTY_MEASURE_WITH_UNIT (LENGTH_MEASURE( 1.000000000000000082E-05 ), #5812, 'distance_accuracy_value', 'NONE');
#2378 = DIRECTION ( 'NONE',  ( 0.7071067811865474617, 0.7071067811865474617, 0.0000000000000000000 ) ) ;
#2379 = CARTESIAN_POINT ( 'NONE',  ( 15.55999977111800092, 9.609999997019999185, 0.9499999999999999556 ) ) ;
#2380 =( GEOMETRIC_REPRESENTATION_CONTEXT ( 3 ) GLOBAL_UNCERTAINTY_ASSIGNED_CONTEXT ( ( #5886 ) ) GLOBAL_UNIT_ASSIGNED_CONTEXT ( ( #9280, #5480, #12254 ) ) REPRESENTATION_CONTEXT ( 'NONE', 'WORKASPACE' ) );
#2381 = DIRECTION ( 'NONE',  ( 0.0000000000000000000, -1.000000000000000000, -1.332267629549999902E-15 ) ) ;
#2382 = AXIS2_PLACEMENT_3D ( 'NONE', #11113, #10173, #2301 ) ;
#2383 = ORIENTED_EDGE ( 'NONE', *, *, #7586, .F. ) ;
#2384 = CARTESIAN_POINT ( 'NONE',  ( 6.349999885558999857, 3.809999961852999828, 0.02500000000000000139 ) ) ;
#2385 = EDGE_LOOP ( 'NONE', ( #5034, #8286, #8178, #9782 ) ) ;
#2386 = SURFACE_STYLE_FILL_AREA ( #2507 ) ;
#2387 = AXIS2_PLACEMENT_3D ( 'NONE', #7496, #437, #6289 ) ;
#2388 = VECTOR ( 'NONE', #8525, 1000.000000000000000 ) ;
#2389 =( GEOMETRIC_REPRESENTATION_CONTEXT ( 3 ) GLOBAL_UNCERTAINTY_ASSIGNED_CONTEXT ( ( #4153 ) ) GLOBAL_UNIT_ASSIGNED_CONTEXT ( ( #2344, #10216, #9257 ) ) REPRESENTATION_CONTEXT ( 'NONE', 'WORKASPACE' ) );
#2390 = CYLINDRICAL_SURFACE ( 'NONE', #1678, 0.9499999999999999556 ) ;
#2391 = STYLED_ITEM ( 'NONE', ( #8934 ), #2980 ) ;
#2392 = VECTOR ( 'NONE', #11233, 1000.000000000000000 ) ;
#2393 = UNCERTAINTY_MEASURE_WITH_UNIT (LENGTH_MEASURE( 1.000000000000000082E-05 ), #2866, 'distance_accuracy_value', 'NONE');
#2394 = COLOUR_RGB ( '',1.000000000000000000, 1.000000000000000000, 0.4980392156862745168 ) ;
#2395 = AXIS2_PLACEMENT_3D ( 'NONE', #4879, #9048, #5890 ) ;
#2396 = DIRECTION ( 'NONE',  ( -1.000000000000000000, 0.0000000000000000000, -0.0000000000000000000 ) ) ;
#2397 =( NAMED_UNIT ( * ) SI_UNIT ( $, .STERADIAN. ) SOLID_ANGLE_UNIT ( ) );
#2398 = SURFACE_STYLE_FILL_AREA ( #422 ) ;
#2399 = ADVANCED_FACE ( 'NONE', ( #8634 ), #7777, .T. ) ;
#2400 = ORIENTED_EDGE ( 'NONE', *, *, #235, .T. ) ;
#2401 = CARTESIAN_POINT ( 'NONE',  ( 2.419999964833000394, 9.810000000000000497, 1.389999997019999878 ) ) ;
#2402 = FILL_AREA_STYLE_COLOUR ( '', #5997 ) ;
#2403 = STYLED_ITEM ( 'NONE', ( #9822 ), #10401 ) ;
#2404 =( NAMED_UNIT ( * ) PLANE_ANGLE_UNIT ( ) SI_UNIT ( $, .RADIAN. ) );
#2405 = CARTESIAN_POINT ( 'NONE',  ( 16.50999977111850470, 1.520000000000000018, 2.214999988079500604 ) ) ;
#2406 = LINE ( 'NONE', #12155, #2433 ) ;
#2407 = VECTOR ( 'NONE', #4507, 1000.000000000000000 ) ;
#2408 = FILL_AREA_STYLE ('',( #1302 ) ) ;
#2409 = PLANE ( 'NONE',  #2191 ) ;
#2410 = AXIS2_PLACEMENT_3D ( 'NONE', #12378, #4577, #768 ) ;
#2411 = PRESENTATION_STYLE_ASSIGNMENT (( #3475 ) ) ;
#2412 = CARTESIAN_POINT ( 'NONE',  ( 2.219999961852999970, 0.3200000000000000067, -5.313452942893489393E-16 ) ) ;
#2413 = PRESENTATION_STYLE_ASSIGNMENT (( #6355 ) ) ;
#2414 =( GEOMETRIC_REPRESENTATION_CONTEXT ( 3 ) GLOBAL_UNCERTAINTY_ASSIGNED_CONTEXT ( ( #78 ) ) GLOBAL_UNIT_ASSIGNED_CONTEXT ( ( #9099, #1238, #10946 ) ) REPRESENTATION_CONTEXT ( 'NONE', 'WORKASPACE' ) );
#2415 = CARTESIAN_POINT ( 'NONE',  ( 6.349999885558999857, 1.520000000000000018, 2.214999988079000115 ) ) ;
#2416 = DIRECTION ( 'NONE',  ( 0.0000000000000000000, 1.618928404167999991E-15, -1.000000000000000000 ) ) ;
#2417 = LINE ( 'NONE', #11350, #117 ) ;
#2418 = MECHANICAL_DESIGN_GEOMETRIC_PRESENTATION_REPRESENTATION (  '', ( #10770 ), #11190 ) ;
#2419 = EDGE_LOOP ( 'NONE', ( #7182, #3897, #2359, #808 ) ) ;
#2420 =( NAMED_UNIT ( * ) SI_UNIT ( $, .STERADIAN. ) SOLID_ANGLE_UNIT ( ) );
#2421 = EDGE_CURVE ( 'NONE', #6771, #7397, #12512, .T. ) ;
#2422 = ORIENTED_EDGE ( 'NONE', *, *, #6884, .F. ) ;
#2423 = LINE ( 'NONE', #3484, #3591 ) ;
#2424 = VERTEX_POINT ( 'NONE', #1869 ) ;
#2425 = FACE_OUTER_BOUND ( 'NONE', #5, .T. ) ;
#2426 = CARTESIAN_POINT ( 'NONE',  ( -1.270000000000000018, 3.809999961852999828, 0.02500000000000000139 ) ) ;
#2427 = EDGE_CURVE ( 'NONE', #5831, #4500, #10683, .T. ) ;
#2428 = DIRECTION ( 'NONE',  ( -1.000000000000000000, 0.0000000000000000000, 0.0000000000000000000 ) ) ;
#2429 = LINE ( 'NONE', #6304, #6479 ) ;
#2430 = PLANE ( 'NONE',  #5212 ) ;
#2431 = SURFACE_SIDE_STYLE ('',( #3495 ) ) ;
#2432 = SURFACE_STYLE_USAGE ( .BOTH. , #1167 ) ;
#2433 = VECTOR ( 'NONE', #3418, 1000.000000000000000 ) ;
#2434 = LINE ( 'NONE', #8103, #3579 ) ;
#2435 = ORIENTED_EDGE ( 'NONE', *, *, #8214, .F. ) ;
#2436 = DIRECTION ( 'NONE',  ( -1.000000000000000000, -0.0000000000000000000, -0.0000000000000000000 ) ) ;
#2437 = DIRECTION ( 'NONE',  ( 0.0000000000000000000, -0.0000000000000000000, 1.000000000000000000 ) ) ;
#2438 = PRESENTATION_STYLE_ASSIGNMENT (( #5287 ) ) ;
#2439 = ORIENTED_EDGE ( 'NONE', *, *, #4872, .F. ) ;
#2440 = LINE ( 'NONE', #11302, #1975 ) ;
#2441 = FACE_OUTER_BOUND ( 'NONE', #926, .T. ) ;
#2442 = VERTEX_POINT ( 'NONE', #28 ) ;
#2443 = DIRECTION ( 'NONE',  ( -0.0000000000000000000, -1.000000000000000000, -1.332267629549999902E-15 ) ) ;
#2444 = FILL_AREA_STYLE_COLOUR ( '', #7859 ) ;
#2445 = PRODUCT_RELATED_PRODUCT_CATEGORY ( 'part', '', ( #3067 ) ) ;
#2446 = EDGE_CURVE ( 'NONE', #11373, #1347, #3834, .T. ) ;
#2447 = DIRECTION ( 'NONE',  ( -0.0000000000000000000, 1.000000000000000000, 1.510616709811000052E-15 ) ) ;
#2448 = ORIENTED_EDGE ( 'NONE', *, *, #7880, .T. ) ;
#2449 = CARTESIAN_POINT ( 'NONE',  ( 2.859999961853000094, 1.270000000000000018, -4.440892098500999885E-16 ) ) ;
#2450 = CARTESIAN_POINT ( 'NONE',  ( 1.269999961853000015, 1.520000000000000018, 0.3250000119209999760 ) ) ;
#2451 = ORIENTED_EDGE ( 'NONE', *, *, #6088, .F. ) ;
#2452 = CARTESIAN_POINT ( 'NONE',  ( 10.03999985039200027, 9.810000000000000497, 1.389999997019999878 ) ) ;
#2453 = VERTEX_POINT ( 'NONE', #3950 ) ;
#2454 = LINE ( 'NONE', #6329, #5440 ) ;
#2455 = DIRECTION ( 'NONE',  ( 1.000000000000000000, -0.0000000000000000000, -0.0000000000000000000 ) ) ;
#2456 = FILL_AREA_STYLE_COLOUR ( '', #1584 ) ;
#2457 =( GEOMETRIC_REPRESENTATION_CONTEXT ( 3 ) GLOBAL_UNCERTAINTY_ASSIGNED_CONTEXT ( ( #72 ) ) GLOBAL_UNIT_ASSIGNED_CONTEXT ( ( #5803, #11636, #850 ) ) REPRESENTATION_CONTEXT ( 'NONE', 'WORKASPACE' ) );
#2458 = PLANE ( 'NONE',  #7205 ) ;
#2459 = FILL_AREA_STYLE ('',( #12142 ) ) ;
#2460 = COLOUR_RGB ( '',0.09411764705882352811, 0.09411764705882352811, 0.09411764705882352811 ) ;
#2461 = SURFACE_SIDE_STYLE ('',( #1434 ) ) ;
#2462 = ORIENTED_EDGE ( 'NONE', *, *, #10297, .T. ) ;
#2463 = VECTOR ( 'NONE', #1283, 1000.000000000000000 ) ;
#2464 = DIRECTION ( 'NONE',  ( 0.0000000000000000000, 0.7071067811865474617, 0.7071067811865474617 ) ) ;
#2465 = FILL_AREA_STYLE ('',( #7169 ) ) ;
#2466 = LINE ( 'NONE', #5508, #10971 ) ;
#2467 = STYLED_ITEM ( 'NONE', ( #2186 ), #5460 ) ;
#2468 = FACE_OUTER_BOUND ( 'NONE', #3444, .T. ) ;
#2469 = LINE ( 'NONE', #12090, #6882 ) ;
#2470 = CARTESIAN_POINT ( 'NONE',  ( 11.42999980926500037, 1.520000000000000018, 0.3250000119209999760 ) ) ;
#2471 = LINE ( 'NONE', #10506, #1090 ) ;
#2472 = CARTESIAN_POINT ( 'NONE',  ( 15.35999976813799961, 9.810000000000000497, 0.9499999999999999556 ) ) ;
#2473 = ADVANCED_FACE ( 'NONE', ( #9030 ), #3328, .F. ) ;
#2474 = EDGE_LOOP ( 'NONE', ( #7058, #8026, #11489, #832 ) ) ;
#2475 = VECTOR ( 'NONE', #7508, 1000.000000000000000 ) ;
#2476 = ORIENTED_EDGE ( 'NONE', *, *, #5930, .F. ) ;
#2477 = ORIENTED_EDGE ( 'NONE', *, *, #12216, .F. ) ;
#2478 = AXIS2_PLACEMENT_3D ( 'NONE', #2484, #3439, #4315 ) ;
#2479 = DIRECTION ( 'NONE',  ( -0.0000000000000000000, 0.0000000000000000000, 1.000000000000000000 ) ) ;
#2480 = LINE ( 'NONE', #10155, #158 ) ;
#2481 = SURFACE_STYLE_USAGE ( .BOTH. , #4505 ) ;
#2482 = CARTESIAN_POINT ( 'NONE',  ( 4.759999923706000224, 0.3200000000000000067, -3.000000000000000000 ) ) ;
#2483 = COLOUR_RGB ( '',0.09411764705882352811, 0.09411764705882352811, 0.09411764705882352811 ) ;
#2484 = CARTESIAN_POINT ( 'NONE',  ( 17.45999973297099928, 0.2199999985099999888, -2.899999998509999788 ) ) ;
#2485 = ADVANCED_FACE ( 'NONE', ( #10054 ), #1228, .F. ) ;
#2486 = CARTESIAN_POINT ( 'NONE',  ( 3.809999961853062000, 1.820000011921000693, 0.3250000119209377480 ) ) ;
#2487 = DIRECTION ( 'NONE',  ( -0.7071067811865474617, -0.0000000000000000000, 0.7071067811865474617 ) ) ;
#2488 = ORIENTED_EDGE ( 'NONE', *, *, #7504, .T. ) ;
#2489 = UNCERTAINTY_MEASURE_WITH_UNIT (LENGTH_MEASURE( 1.000000000000000082E-05 ), #9335, 'distance_accuracy_value', 'NONE');
#2490 = CARTESIAN_POINT ( 'NONE',  ( -1.270000000000500062, 1.520000000000000018, 0.3250000119205000426 ) ) ;
#2491 = VERTEX_POINT ( 'NONE', #3207 ) ;
#2492 =( LENGTH_UNIT ( ) NAMED_UNIT ( * ) SI_UNIT ( .MILLI., .METRE. ) );
#2493 =( GEOMETRIC_REPRESENTATION_CONTEXT ( 3 ) GLOBAL_UNCERTAINTY_ASSIGNED_CONTEXT ( ( #3498 ) ) GLOBAL_UNIT_ASSIGNED_CONTEXT ( ( #2246, #5247, #5487 ) ) REPRESENTATION_CONTEXT ( 'NONE', 'WORKASPACE' ) );
#2494 = ORIENTED_EDGE ( 'NONE', *, *, #5701, .T. ) ;
#2495 = PRESENTATION_STYLE_ASSIGNMENT (( #7392 ) ) ;
#2496 = EDGE_CURVE ( 'NONE', #4512, #10287, #3077, .T. ) ;
#2497 = PRESENTATION_LAYER_ASSIGNMENT (  '', '', ( #4300 ) ) ;
#2498 = UNCERTAINTY_MEASURE_WITH_UNIT (LENGTH_MEASURE( 1.000000000000000082E-05 ), #1616, 'distance_accuracy_value', 'NONE');
#2499 = VECTOR ( 'NONE', #11061, 1000.000000000000000 ) ;
#2500 = FILL_AREA_STYLE ('',( #10106 ) ) ;
#2501 = EDGE_LOOP ( 'NONE', ( #1977, #8061, #4388, #2902 ) ) ;
#2502 = FACE_OUTER_BOUND ( 'NONE', #9947, .T. ) ;
#2503 = CARTESIAN_POINT ( 'NONE',  ( 5.399999923705999905, 3.809999961852999828, 0.9499999999999999556 ) ) ;
#2504 = ORIENTED_EDGE ( 'NONE', *, *, #12059, .T. ) ;
#2505 =( NAMED_UNIT ( * ) SI_UNIT ( $, .STERADIAN. ) SOLID_ANGLE_UNIT ( ) );
#2506 = EDGE_LOOP ( 'NONE', ( #4775, #3807, #11666, #4405 ) ) ;
#2507 = FILL_AREA_STYLE ('',( #9358 ) ) ;
#2508 = COLOUR_RGB ( '',1.000000000000000000, 1.000000000000000000, 0.4980392156862745168 ) ;
#2509 = PLANE ( 'NONE',  #1275 ) ;
#2510 = DIRECTION ( 'NONE',  ( -1.000000000000000000, -0.0000000000000000000, -0.0000000000000000000 ) ) ;
#2511 = CARTESIAN_POINT ( 'NONE',  ( 5.399999923705999905, 3.809999961852999828, 1.590000000000000080 ) ) ;
#2512 = DIRECTION ( 'NONE',  ( -0.0000000000000000000, 1.000000000000000000, 1.332267629549999902E-15 ) ) ;
#2513 = DIRECTION ( 'NONE',  ( -0.0000000000000000000, -0.0000000000000000000, 1.000000000000000000 ) ) ;
#2514 = SURFACE_STYLE_FILL_AREA ( #7486 ) ;
#2515 = VERTEX_POINT ( 'NONE', #5108 ) ;
#2516 = DIRECTION ( 'NONE',  ( -0.0000000000000000000, 1.000000000000000000, 0.0000000000000000000 ) ) ;
#2517 = CARTESIAN_POINT ( 'NONE',  ( 8.889999847411999667, 3.809999961852997608, 1.590000000000000080 ) ) ;
#2518 = DIRECTION ( 'NONE',  ( -1.000000000000000000, -0.0000000000000000000, -0.0000000000000000000 ) ) ;
#2519 = CARTESIAN_POINT ( 'NONE',  ( 10.47999984741199953, -0.3200000000000000067, -2.799999997020000020 ) ) ;
#2520 = EDGE_CURVE ( 'NONE', #2692, #9062, #3139, .T. ) ;
#2521 = EDGE_CURVE ( 'NONE', #5775, #400, #2245, .T. ) ;
#2522 =( LENGTH_UNIT ( ) NAMED_UNIT ( * ) SI_UNIT ( .MILLI., .METRE. ) );
#2523 = CARTESIAN_POINT ( 'NONE',  ( 2.859999961853000094, -0.3200000000000000067, -3.000000000000000000 ) ) ;
#2524 =( NAMED_UNIT ( * ) SI_UNIT ( $, .STERADIAN. ) SOLID_ANGLE_UNIT ( ) );
#2525 = FILL_AREA_STYLE ('',( #5514 ) ) ;
#2526 = EDGE_LOOP ( 'NONE', ( #10757, #5768, #8124, #653, #8677 ) ) ;
#2527 = FACE_OUTER_BOUND ( 'NONE', #11736, .T. ) ;
#2528 = ORIENTED_EDGE ( 'NONE', *, *, #11130, .T. ) ;
#2529 = DIRECTION ( 'NONE',  ( 0.0000000000000000000, -1.000000000000000000, -1.332267629549999902E-15 ) ) ;
#2530 = ORIENTED_EDGE ( 'NONE', *, *, #6536, .F. ) ;
#2531 =( NAMED_UNIT ( * ) SI_UNIT ( $, .STERADIAN. ) SOLID_ANGLE_UNIT ( ) );
#2532 = PLANE ( 'NONE',  #5026 ) ;
#2533 = LINE ( 'NONE', #678, #9336 ) ;
#2534 = LINE ( 'NONE', #1268, #12484 ) ;
#2535 = MECHANICAL_DESIGN_GEOMETRIC_PRESENTATION_REPRESENTATION (  '', ( #12317 ), #4767 ) ;
#2536 = CARTESIAN_POINT ( 'NONE',  ( 15.55999977111799915, 9.609999997020000961, 0.9499999999999992895 ) ) ;
#2537 = LINE ( 'NONE', #10351, #8052 ) ;
#2538 = CARTESIAN_POINT ( 'NONE',  ( 1.269999961853000015, 1.820000011921003136, 0.3250000119209999760 ) ) ;
#2539 = CARTESIAN_POINT ( 'NONE',  ( 5.399999923705999905, 9.709999998510001618, 1.489999998510000090 ) ) ;
#2540 = SURFACE_STYLE_USAGE ( .BOTH. , #12244 ) ;
#2541 = FILL_AREA_STYLE_COLOUR ( '', #2338 ) ;
#2542 = DIRECTION ( 'NONE',  ( 0.7071067811865474617, 0.0000000000000000000, -0.7071067811865474617 ) ) ;
#2543 = VERTEX_POINT ( 'NONE', #5172 ) ;
#2544 = VECTOR ( 'NONE', #4229, 1000.000000000000000 ) ;
#2545 = EDGE_CURVE ( 'NONE', #11430, #7469, #9090, .T. ) ;
#2546 = VERTEX_POINT ( 'NONE', #3267 ) ;
#2547 = LINE ( 'NONE', #6185, #9143 ) ;
#2548 = AXIS2_PLACEMENT_3D ( 'NONE', #6676, #1939, #6612 ) ;
#2549 =( NAMED_UNIT ( * ) SI_UNIT ( $, .STERADIAN. ) SOLID_ANGLE_UNIT ( ) );
#2550 = ORIENTED_EDGE ( 'NONE', *, *, #1094, .F. ) ;
#2551 = CARTESIAN_POINT ( 'NONE',  ( 1.270000000000000018, 1.520000000000000018, 2.515000000000000124 ) ) ;
#2552 = PRESENTATION_STYLE_ASSIGNMENT (( #4522 ) ) ;
#2553 = EDGE_CURVE ( 'NONE', #5379, #11732, #10108, .T. ) ;
#2554 = EDGE_CURVE ( 'NONE', #487, #3789, #11309, .T. ) ;
#2555 = MECHANICAL_DESIGN_GEOMETRIC_PRESENTATION_REPRESENTATION (  '', ( #326 ), #7430 ) ;
#2556 = VECTOR ( 'NONE', #2092, 1000.000000000000000 ) ;
#2557 =( GEOMETRIC_REPRESENTATION_CONTEXT ( 3 ) GLOBAL_UNCERTAINTY_ASSIGNED_CONTEXT ( ( #8387 ) ) GLOBAL_UNIT_ASSIGNED_CONTEXT ( ( #9925, #5113, #11950 ) ) REPRESENTATION_CONTEXT ( 'NONE', 'WORKASPACE' ) );
#2558 = ORIENTED_EDGE ( 'NONE', *, *, #7135, .F. ) ;
#2559 =( NAMED_UNIT ( * ) SI_UNIT ( $, .STERADIAN. ) SOLID_ANGLE_UNIT ( ) );
#2560 = DIRECTION ( 'NONE',  ( 0.0000000000000000000, 0.0000000000000000000, 1.000000000000000000 ) ) ;
#2561 = ORIENTED_EDGE ( 'NONE', *, *, #2032, .F. ) ;
#2562 = DIRECTION ( 'NONE',  ( 0.0000000000000000000, 0.0000000000000000000, 1.000000000000000000 ) ) ;
#2563 = ORIENTED_EDGE ( 'NONE', *, *, #8004, .T. ) ;
#2564 = DIRECTION ( 'NONE',  ( 0.0000000000000000000, 0.0000000000000000000, 1.000000000000000000 ) ) ;
#2565 =( GEOMETRIC_REPRESENTATION_CONTEXT ( 3 ) GLOBAL_UNCERTAINTY_ASSIGNED_CONTEXT ( ( #4254 ) ) GLOBAL_UNIT_ASSIGNED_CONTEXT ( ( #2326, #7166, #11079 ) ) REPRESENTATION_CONTEXT ( 'NONE', 'WORKASPACE' ) );
#2566 =( GEOMETRIC_REPRESENTATION_CONTEXT ( 3 ) GLOBAL_UNCERTAINTY_ASSIGNED_CONTEXT ( ( #1046 ) ) GLOBAL_UNIT_ASSIGNED_CONTEXT ( ( #5443, #2404, #5265 ) ) REPRESENTATION_CONTEXT ( 'NONE', 'WORKASPACE' ) );
#2567 = MECHANICAL_DESIGN_GEOMETRIC_PRESENTATION_REPRESENTATION (  '', ( #10931 ), #1950 ) ;
#2568 = MECHANICAL_DESIGN_GEOMETRIC_PRESENTATION_REPRESENTATION (  '', ( #2363 ), #9711 ) ;
#2569 =( LENGTH_UNIT ( ) NAMED_UNIT ( * ) SI_UNIT ( .MILLI., .METRE. ) );
#2570 = STYLED_ITEM ( 'NONE', ( #6576 ), #7329 ) ;
#2571 = CARTESIAN_POINT ( 'NONE',  ( 10.47999984741199953, 0.3200000000000000067, -4.388850394221508810E-16 ) ) ;
#2572 = PRESENTATION_LAYER_ASSIGNMENT (  '', '', ( #9936 ) ) ;
#2573 = DIRECTION ( 'NONE',  ( 0.0000000000000000000, 0.0000000000000000000, -1.000000000000000000 ) ) ;
#2574 = PRESENTATION_LAYER_ASSIGNMENT (  '', '', ( #8069 ) ) ;
#2575 = VECTOR ( 'NONE', #4898, 1000.000000000000000 ) ;
#2576 = ORIENTED_EDGE ( 'NONE', *, *, #1004, .T. ) ;
#2577 = CARTESIAN_POINT ( 'NONE',  ( 4.759999923705998448, 9.609999997020000961, 0.9499999999999997335 ) ) ;
#2578 = VECTOR ( 'NONE', #3683, 1000.000000000000000 ) ;
#2579 = EDGE_CURVE ( 'NONE', #12334, #5610, #12261, .T. ) ;
#2580 = DIRECTION ( 'NONE',  ( 0.0000000000000000000, 0.0000000000000000000, -1.000000000000000000 ) ) ;
#2581 = LINE ( 'NONE', #1691, #9694 ) ;
#2582 = PLANE ( 'NONE',  #2156 ) ;
#2583 = AXIS2_PLACEMENT_3D ( 'NONE', #11105, #6244, #4133 ) ;
#2584 = CARTESIAN_POINT ( 'NONE',  ( 13.01999980926500200, -0.3199999999999999512, -4.388850394221508810E-16 ) ) ;
#2585 = STYLED_ITEM ( 'NONE', ( #12019 ), #9221 ) ;
#2586 = DIRECTION ( 'NONE',  ( -0.5773502691896276184, -0.5773502691896276184, 0.5773502691896220673 ) ) ;
#2587 = DIRECTION ( 'NONE',  ( -1.000000000000000000, 0.0000000000000000000, -0.0000000000000000000 ) ) ;
#2588 = EDGE_CURVE ( 'NONE', #4006, #10086, #3643, .T. ) ;
#2589 = ADVANCED_FACE ( 'NONE', ( #2502 ), #5419, .T. ) ;
#2590 =( GEOMETRIC_REPRESENTATION_CONTEXT ( 3 ) GLOBAL_UNCERTAINTY_ASSIGNED_CONTEXT ( ( #3745 ) ) GLOBAL_UNIT_ASSIGNED_CONTEXT ( ( #2492, #6382, #4321 ) ) REPRESENTATION_CONTEXT ( 'NONE', 'WORKASPACE' ) );
#2591 = FILL_AREA_STYLE_COLOUR ( '', #11394 ) ;
#2592 = DIRECTION ( 'NONE',  ( 0.0000000000000000000, -1.000000000000000000, -0.0000000000000000000 ) ) ;
#2593 = CARTESIAN_POINT ( 'NONE',  ( 16.50999973297099999, 1.520000000000000018, 0.02500000000000000139 ) ) ;
#2594 = ORIENTED_EDGE ( 'NONE', *, *, #12530, .F. ) ;
#2595 = AXIS2_PLACEMENT_3D ( 'NONE', #6922, #10890, #8991 ) ;
#2596 = ORIENTED_EDGE ( 'NONE', *, *, #4844, .F. ) ;
#2597 = EDGE_CURVE ( 'NONE', #2674, #6963, #7335, .T. ) ;
#2598 = ORIENTED_EDGE ( 'NONE', *, *, #3292, .F. ) ;
#2599 = COLOUR_RGB ( '',1.000000000000000000, 1.000000000000000000, 0.4980392156862745168 ) ;
#2600 = CARTESIAN_POINT ( 'NONE',  ( 7.299999885559000035, 3.809999961852999828, 1.590000000000000080 ) ) ;
#2601 = CARTESIAN_POINT ( 'NONE',  ( 1.269999961853000015, 1.820000011921002026, 0.9499999999999998446 ) ) ;
#2602 = DIRECTION ( 'NONE',  ( 0.0000000000000000000, -1.510616709811000052E-15, 1.000000000000000000 ) ) ;
#2603 = AXIS2_PLACEMENT_3D ( 'NONE', #11521, #4615, #1928 ) ;
#2604 = VECTOR ( 'NONE', #8793, 1000.000000000000000 ) ;
#2605 = DIRECTION ( 'NONE',  ( 1.000000000000000000, -0.0000000000000000000, -0.0000000000000000000 ) ) ;
#2606 = PRESENTATION_LAYER_ASSIGNMENT (  '', '', ( #3221 ) ) ;
#2607 = CARTESIAN_POINT ( 'NONE',  ( 16.50999977111812456, 1.519999999999998241, 2.214999988079124904 ) ) ;
#2608 =( NAMED_UNIT ( * ) PLANE_ANGLE_UNIT ( ) SI_UNIT ( $, .RADIAN. ) );
#2609 = CARTESIAN_POINT ( 'NONE',  ( -0.1199999970199999016, 9.810000000000000497, 1.150000002979999714 ) ) ;
#2610 = FILL_AREA_STYLE_COLOUR ( '', #4598 ) ;
#2611 = ORIENTED_EDGE ( 'NONE', *, *, #2268, .T. ) ;
#2612 = LINE ( 'NONE', #11106, #7989 ) ;
#2613 = UNCERTAINTY_MEASURE_WITH_UNIT (LENGTH_MEASURE( 1.000000000000000082E-05 ), #5785, 'distance_accuracy_value', 'NONE');
#2614 = CARTESIAN_POINT ( 'NONE',  ( 14.91999977111800035, 0.3200000000000000067, -2.799999997020000020 ) ) ;
#2615 = ORIENTED_EDGE ( 'NONE', *, *, #681, .T. ) ;
#2616 = VECTOR ( 'NONE', #1864, 1000.000000000000227 ) ;
#2617 = CARTESIAN_POINT ( 'NONE',  ( 16.50999977111800021, 1.520000000000000018, 2.515000000000000124 ) ) ;
#2618 =( LENGTH_UNIT ( ) NAMED_UNIT ( * ) SI_UNIT ( .MILLI., .METRE. ) );
#2619 = STYLED_ITEM ( 'NONE', ( #9028 ), #8633 ) ;
#2620 = CARTESIAN_POINT ( 'NONE',  ( 16.50999973297099999, 1.520000000000000018, 2.515000000000000124 ) ) ;
#2621 = EDGE_CURVE ( 'NONE', #8231, #5610, #469, .T. ) ;
#2622 = UNCERTAINTY_MEASURE_WITH_UNIT (LENGTH_MEASURE( 1.000000000000000082E-05 ), #1362, 'distance_accuracy_value', 'NONE');
#2623 = CARTESIAN_POINT ( 'NONE',  ( 10.47999984741199953, 1.270000000000000018, 0.9499999999999999556 ) ) ;
#2624 = SURFACE_SIDE_STYLE ('',( #2683 ) ) ;
#2625 = ORIENTED_EDGE ( 'NONE', *, *, #5851, .F. ) ;
#2626 = UNCERTAINTY_MEASURE_WITH_UNIT (LENGTH_MEASURE( 1.000000000000000082E-05 ), #4923, 'distance_accuracy_value', 'NONE');
#2627 = DIRECTION ( 'NONE',  ( -0.5773502691896332806, -0.5773502691896219563, -0.5773502691896219563 ) ) ;
#2628 = SURFACE_STYLE_USAGE ( .BOTH. , #7398 ) ;
#2629 = EDGE_CURVE ( 'NONE', #6613, #1679, #4401, .T. ) ;
#2630 =( LENGTH_UNIT ( ) NAMED_UNIT ( * ) SI_UNIT ( .MILLI., .METRE. ) );
#2632 = EDGE_CURVE ( 'NONE', #2012, #4471, #4532, .T. ) ;
#2631 = ORIENTED_EDGE ( 'NONE', *, *, #7383, .F. ) ;
#2633 = PRESENTATION_STYLE_ASSIGNMENT (( #10485 ) ) ;
#2634 = ORIENTED_EDGE ( 'NONE', *, *, #3670, .F. ) ;
#2635 = CARTESIAN_POINT ( 'NONE',  ( 6.349999885558999857, 1.820000011921003136, 0.3250000119209999760 ) ) ;
#2636 = ORIENTED_EDGE ( 'NONE', *, *, #11250, .F. ) ;
#2637 = VECTOR ( 'NONE', #10075, 1000.000000000000000 ) ;
#2638 = LINE ( 'NONE', #3651, #8417 ) ;
#2639 = LINE ( 'NONE', #5626, #2258 ) ;
#2640 = LINE ( 'NONE', #12329, #3227 ) ;
#2641 = UNCERTAINTY_MEASURE_WITH_UNIT (LENGTH_MEASURE( 1.000000000000000082E-05 ), #460, 'distance_accuracy_value', 'NONE');
#2642 =( NAMED_UNIT ( * ) PLANE_ANGLE_UNIT ( ) SI_UNIT ( $, .RADIAN. ) );
#2643 = FILL_AREA_STYLE ('',( #8209 ) ) ;
#2644 = FILL_AREA_STYLE_COLOUR ( '', #5130 ) ;
#2645 = PRESENTATION_STYLE_ASSIGNMENT (( #11403 ) ) ;
#2646 = ORIENTED_EDGE ( 'NONE', *, *, #7211, .T. ) ;
#2647 =( NAMED_UNIT ( * ) PLANE_ANGLE_UNIT ( ) SI_UNIT ( $, .RADIAN. ) );
#2648 = DIRECTION ( 'NONE',  ( -0.0000000000000000000, 0.0000000000000000000, -1.000000000000000000 ) ) ;
#2649 =( NAMED_UNIT ( * ) PLANE_ANGLE_UNIT ( ) SI_UNIT ( $, .RADIAN. ) );
#2650 = PLANE ( 'NONE',  #4509 ) ;
#2651 = LINE ( 'NONE', #7417, #2803 ) ;
#2652 = PRESENTATION_STYLE_ASSIGNMENT (( #6927 ) ) ;
#2653 = LINE ( 'NONE', #8535, #9455 ) ;
#2654 = AXIS2_PLACEMENT_3D ( 'NONE', #10783, #8862, #5955 ) ;
#2655 = PLANE ( 'NONE',  #2548 ) ;
#2656 = VERTEX_POINT ( 'NONE', #7279 ) ;
#2657 = FILL_AREA_STYLE ('',( #7366 ) ) ;
#2658 = ORIENTED_EDGE ( 'NONE', *, *, #1843, .F. ) ;
#2659 = CARTESIAN_POINT ( 'NONE',  ( -0.3200000000000000067, 1.820000011921000249, 1.590000000000000080 ) ) ;
#2660 = ORIENTED_EDGE ( 'NONE', *, *, #773, .F. ) ;
#2661 = DIRECTION ( 'NONE',  ( -1.000000000000000000, 0.0000000000000000000, 0.0000000000000000000 ) ) ;
#2662 = DIRECTION ( 'NONE',  ( 0.0000000000000000000, -1.609823385705999920E-15, 1.000000000000000000 ) ) ;
#2663 = FILL_AREA_STYLE ('',( #8597 ) ) ;
#2664 =( NAMED_UNIT ( * ) SI_UNIT ( $, .STERADIAN. ) SOLID_ANGLE_UNIT ( ) );
#2665 = CARTESIAN_POINT ( 'NONE',  ( 4.759999923706000224, 1.270000000000000018, 0.9499999999999999556 ) ) ;
#2666 = CARTESIAN_POINT ( 'NONE',  ( 15.55999977111799915, -0.3200000000000000067, -2.799999997020000020 ) ) ;
#2667 = CARTESIAN_POINT ( 'NONE',  ( 4.759999923706000224, -0.3200000000000000067, -2.799999997020000464 ) ) ;
#2668 = PLANE ( 'NONE',  #6105 ) ;
#2669 = DIRECTION ( 'NONE',  ( -0.0000000000000000000, 1.000000000000000000, 1.510616709811000052E-15 ) ) ;
#2670 = PLANE ( 'NONE',  #4179 ) ;
#2671 = VERTEX_POINT ( 'NONE', #10370 ) ;
#2672 = DIRECTION ( 'NONE',  ( 0.0000000000000000000, 0.0000000000000000000, 1.000000000000000000 ) ) ;
#2673 = COLOUR_RGB ( '',1.000000000000000000, 1.000000000000000000, 0.4980392156862745168 ) ;
#2674 = VERTEX_POINT ( 'NONE', #4592 ) ;
#2675 = FACE_OUTER_BOUND ( 'NONE', #5561, .T. ) ;
#2676 = LINE ( 'NONE', #12194, #7026 ) ;
#2677 = FILL_AREA_STYLE_COLOUR ( '', #5410 ) ;
#2678 = DIRECTION ( 'NONE',  ( -0.0000000000000000000, -1.000000000000000000, 0.0000000000000000000 ) ) ;
#2679 = COLOUR_RGB ( '',0.09411764705882352811, 0.09411764705882352811, 0.09411764705882352811 ) ;
#2680 = UNCERTAINTY_MEASURE_WITH_UNIT (LENGTH_MEASURE( 1.000000000000000082E-05 ), #12424, 'distance_accuracy_value', 'NONE');
#2681 = PRESENTATION_LAYER_ASSIGNMENT (  '', '', ( #8186 ) ) ;
#2682 = CARTESIAN_POINT ( 'NONE',  ( 2.419999964832999950, 9.810000000000000497, 0.9499999999999999556 ) ) ;
#2683 = SURFACE_STYLE_FILL_AREA ( #645 ) ;
#2684 = ORIENTED_EDGE ( 'NONE', *, *, #4681, .F. ) ;
#2685 = CARTESIAN_POINT ( 'NONE',  ( 7.739999882579000179, 9.810000000000000497, 1.389999997020000100 ) ) ;
#2686 = CARTESIAN_POINT ( 'NONE',  ( 17.89999972999099853, 0.1199999970199997767, -3.000000000000000444 ) ) ;
#2687 = SURFACE_SIDE_STYLE ('',( #10552 ) ) ;
#2688 = FILL_AREA_STYLE ('',( #9479 ) ) ;
#2689 = ORIENTED_EDGE ( 'NONE', *, *, #5737, .F. ) ;
#2690 =( LENGTH_UNIT ( ) NAMED_UNIT ( * ) SI_UNIT ( .MILLI., .METRE. ) );
#2691 = PRESENTATION_LAYER_ASSIGNMENT (  '', '', ( #6138 ) ) ;
#2692 = VERTEX_POINT ( 'NONE', #6259 ) ;
#2693 = CARTESIAN_POINT ( 'NONE',  ( 17.65999973595100059, 9.810000000000000497, 1.389999997019999878 ) ) ;
#2694 = SURFACE_SIDE_STYLE ('',( #3706 ) ) ;
#2695 = CARTESIAN_POINT ( 'NONE',  ( 3.809999923706000047, 3.809999961852999828, 0.02500000000000000139 ) ) ;
#2696 = COLOUR_RGB ( '',0.09411764705882352811, 0.09411764705882352811, 0.09411764705882352811 ) ;
#2697 =( GEOMETRIC_REPRESENTATION_CONTEXT ( 3 ) GLOBAL_UNCERTAINTY_ASSIGNED_CONTEXT ( ( #2377 ) ) GLOBAL_UNIT_ASSIGNED_CONTEXT ( ( #5812, #9741, #4869 ) ) REPRESENTATION_CONTEXT ( 'NONE', 'WORKASPACE' ) );
#2698 = VECTOR ( 'NONE', #5898, 1000.000000000000000 ) ;
#2699 = DIRECTION ( 'NONE',  ( -0.7071067811865474617, 0.0000000000000000000, -0.7071067811865474617 ) ) ;
#2700 = FILL_AREA_STYLE ('',( #8769 ) ) ;
#2701 = ORIENTED_EDGE ( 'NONE', *, *, #7073, .F. ) ;
#2702 = CARTESIAN_POINT ( 'NONE',  ( 14.91999977111800035, 1.820000011921000693, 1.589999999999999414 ) ) ;
#2703 = VECTOR ( 'NONE', #9649, 1000.000000000000000 ) ;
#2704 =( NAMED_UNIT ( * ) PLANE_ANGLE_UNIT ( ) SI_UNIT ( $, .RADIAN. ) );
#2705 = CARTESIAN_POINT ( 'NONE',  ( 13.96999977111799929, 1.520000000000000018, 0.3250000119210012528 ) ) ;
#2706 =( NAMED_UNIT ( * ) PLANE_ANGLE_UNIT ( ) SI_UNIT ( $, .RADIAN. ) );
#2707 = EDGE_CURVE ( 'NONE', #12395, #3869, #10237, .T. ) ;
#2708 =( LENGTH_UNIT ( ) NAMED_UNIT ( * ) SI_UNIT ( .MILLI., .METRE. ) );
#2709 = FILL_AREA_STYLE ('',( #858 ) ) ;
#2710 = DIRECTION ( 'NONE',  ( -0.7071067811865475727, -9.398244244348984524E-16, 0.7071067811865475727 ) ) ;
#2711 = CARTESIAN_POINT ( 'NONE',  ( 0.3200000000000000067, 3.809999961852999828, 0.9499999999999999556 ) ) ;
#2712 = ORIENTED_EDGE ( 'NONE', *, *, #1808, .T. ) ;
#2713 = CARTESIAN_POINT ( 'NONE',  ( 18.89999972701100006, 1.520000000000000018, 0.1750000059600000102 ) ) ;
#2714 = ORIENTED_EDGE ( 'NONE', *, *, #7479, .T. ) ;
#2715 = FACE_OUTER_BOUND ( 'NONE', #12265, .T. ) ;
#2716 = VERTEX_POINT ( 'NONE', #12390 ) ;
#2717 = CARTESIAN_POINT ( 'NONE',  ( 17.45999973297099928, 3.809999961852999384, 1.590000000000000080 ) ) ;
#2718 = SURFACE_STYLE_FILL_AREA ( #8475 ) ;
#2719 = DIRECTION ( 'NONE',  ( 0.7071067811865475727, -9.432969924854965098E-16, 0.7071067811865475727 ) ) ;
#2720 = SURFACE_SIDE_STYLE ('',( #10464 ) ) ;
#2721 = SURFACE_STYLE_USAGE ( .BOTH. , #630 ) ;
#2722 = CARTESIAN_POINT ( 'NONE',  ( 4.959999926685999760, -0.1199999970199999016, -3.000000000000000000 ) ) ;
#2723 = FILL_AREA_STYLE_COLOUR ( '', #4181 ) ;
#2724 = DIRECTION ( 'NONE',  ( 0.7071067811865474617, 0.7071067811865474617, 0.0000000000000000000 ) ) ;
#2725 = SURFACE_STYLE_USAGE ( .BOTH. , #4638 ) ;
#2726 = LINE ( 'NONE', #6624, #5585 ) ;
#2727 = ORIENTED_EDGE ( 'NONE', *, *, #9597, .F. ) ;
#2728 = VERTEX_POINT ( 'NONE', #595 ) ;
#2729 = DIRECTION ( 'NONE',  ( 0.5773502691896265082, -0.5773502691896253980, 0.5773502691896252870 ) ) ;
#2730 = LINE ( 'NONE', #3742, #2947 ) ;
#2731 =( LENGTH_UNIT ( ) NAMED_UNIT ( * ) SI_UNIT ( .MILLI., .METRE. ) );
#2732 = FILL_AREA_STYLE ('',( #4651 ) ) ;
#2733 = EDGE_CURVE ( 'NONE', #12267, #8283, #4467, .T. ) ;
#2734 = UNCERTAINTY_MEASURE_WITH_UNIT (LENGTH_MEASURE( 1.000000000000000082E-05 ), #5975, 'distance_accuracy_value', 'NONE');
#2735 = DIRECTION ( 'NONE',  ( -1.000000000000000000, 0.0000000000000000000, -0.0000000000000000000 ) ) ;
#2736 = EDGE_CURVE ( 'NONE', #4237, #6345, #1484, .T. ) ;
#2737 = MECHANICAL_DESIGN_GEOMETRIC_PRESENTATION_REPRESENTATION (  '', ( #4562 ), #8868 ) ;
#2738 = AXIS2_PLACEMENT_3D ( 'NONE', #11627, #11505, #5729 ) ;
#2739 = ORIENTED_EDGE ( 'NONE', *, *, #6387, .T. ) ;
#2740 = STYLED_ITEM ( 'NONE', ( #7056 ), #9652 ) ;
#2741 = CARTESIAN_POINT ( 'NONE',  ( 3.959999929667000096, 1.520000000000000018, 0.1750000059600000102 ) ) ;
#2742 = LINE ( 'NONE', #3752, #7281 ) ;
#2743 = UNCERTAINTY_MEASURE_WITH_UNIT (LENGTH_MEASURE( 1.000000000000000082E-05 ), #11343, 'distance_accuracy_value', 'NONE');
#2744 =( LENGTH_UNIT ( ) NAMED_UNIT ( * ) SI_UNIT ( .MILLI., .METRE. ) );
#2745 = ORIENTED_EDGE ( 'NONE', *, *, #1999, .T. ) ;
#2746 =( NAMED_UNIT ( * ) SI_UNIT ( $, .STERADIAN. ) SOLID_ANGLE_UNIT ( ) );
#2747 = CARTESIAN_POINT ( 'NONE',  ( 16.50999977111806416, 1.820000011921000249, 2.214999988079062732 ) ) ;
#2748 = ORIENTED_EDGE ( 'NONE', *, *, #178, .T. ) ;
#2749 = EDGE_CURVE ( 'NONE', #8197, #12606, #9411, .T. ) ;
#2750 = PRESENTATION_STYLE_ASSIGNMENT (( #8763 ) ) ;
#2751 = STYLED_ITEM ( 'NONE', ( #9345 ), #11802 ) ;
#2752 = LINE ( 'NONE', #3585, #4900 ) ;
#2753 =( GEOMETRIC_REPRESENTATION_CONTEXT ( 3 ) GLOBAL_UNCERTAINTY_ASSIGNED_CONTEXT ( ( #7051 ) ) GLOBAL_UNIT_ASSIGNED_CONTEXT ( ( #10694, #3726, #8847 ) ) REPRESENTATION_CONTEXT ( 'NONE', 'WORKASPACE' ) );
#2754 = LINE ( 'NONE', #2832, #2616 ) ;
#2755 = MECHANICAL_DESIGN_GEOMETRIC_PRESENTATION_REPRESENTATION (  '', ( #11334 ), #10724 ) ;
#2756 = DIRECTION ( 'NONE',  ( -0.7071067811865475727, 9.398244244348984524E-16, -0.7071067811865475727 ) ) ;
#2757 = FILL_AREA_STYLE ('',( #11510 ) ) ;
#2758 = DIRECTION ( 'NONE',  ( 0.0000000000000000000, -1.000000000000000000, -1.554312234475000050E-15 ) ) ;
#2759 =( GEOMETRIC_REPRESENTATION_CONTEXT ( 3 ) GLOBAL_UNCERTAINTY_ASSIGNED_CONTEXT ( ( #3224 ) ) GLOBAL_UNIT_ASSIGNED_CONTEXT ( ( #6180, #9018, #3188 ) ) REPRESENTATION_CONTEXT ( 'NONE', 'WORKASPACE' ) );
#2760 =( GEOMETRIC_REPRESENTATION_CONTEXT ( 3 ) GLOBAL_UNCERTAINTY_ASSIGNED_CONTEXT ( ( #11182 ) ) GLOBAL_UNIT_ASSIGNED_CONTEXT ( ( #9994, #4611, #4406 ) ) REPRESENTATION_CONTEXT ( 'NONE', 'WORKASPACE' ) );
#2761 = CIRCLE ( 'NONE', #10717, 1.590000000000000080 ) ;
#2762 = CLOSED_SHELL ( 'NONE', ( #10675, #5575, #12277, #6063, #1890, #11205, #8806, #8642, #831, #2932, #37, #2074, #25, #12568, #1806, #1428, #11293, #9215 ) ) ;
#2763 = AXIS2_PLACEMENT_3D ( 'NONE', #3553, #11298, #7442 ) ;
#2764 = ORIENTED_EDGE ( 'NONE', *, *, #5372, .F. ) ;
#2765 = AXIS2_PLACEMENT_3D ( 'NONE', #8810, #4003, #15 ) ;
#2766 = VECTOR ( 'NONE', #8777, 1000.000000000000000 ) ;
#2767 = PRESENTATION_LAYER_ASSIGNMENT (  '', '', ( #7231 ) ) ;
#2768 = COLOUR_RGB ( '',1.000000000000000000, 1.000000000000000000, 0.4980392156862745168 ) ;
#2769 =( NAMED_UNIT ( * ) SI_UNIT ( $, .STERADIAN. ) SOLID_ANGLE_UNIT ( ) );
#2770 = SURFACE_SIDE_STYLE ('',( #4738 ) ) ;
#2771 =( NAMED_UNIT ( * ) PLANE_ANGLE_UNIT ( ) SI_UNIT ( $, .RADIAN. ) );
#2772 = FILL_AREA_STYLE ('',( #5639 ) ) ;
#2773 = PRODUCT_DEFINITION_FORMATION_WITH_SPECIFIED_SOURCE ( 'ANY', '', #7936, .NOT_KNOWN. ) ;
#2774 = VECTOR ( 'NONE', #2443, 1000.000000000000000 ) ;
#2775 = CIRCLE ( 'NONE', #7039, 0.9499999999999999556 ) ;
#2776 = COLOUR_RGB ( '',1.000000000000000000, 1.000000000000000000, 0.4980392156862745168 ) ;
#2777 = ADVANCED_FACE ( 'NONE', ( #9475, #833 ), #6647, .T. ) ;
#2778 = PRESENTATION_LAYER_ASSIGNMENT (  '', '', ( #7864 ) ) ;
#2779 = PRESENTATION_STYLE_ASSIGNMENT (( #7609 ) ) ;
#2780 = CARTESIAN_POINT ( 'NONE',  ( 11.42999980926500037, 1.520000000000000018, 2.214999988079000115 ) ) ;
#2781 = EDGE_LOOP ( 'NONE', ( #8244, #3649, #10481, #5165 ) ) ;
#2782 = SURFACE_SIDE_STYLE ('',( #4687 ) ) ;
#2783 = VERTEX_POINT ( 'NONE', #2685 ) ;
#2784 = STYLED_ITEM ( 'NONE', ( #8234 ), #12434 ) ;
#2785 = EDGE_CURVE ( 'NONE', #5146, #8197, #9540, .T. ) ;
#2786 = ORIENTED_EDGE ( 'NONE', *, *, #10249, .F. ) ;
#2787 = EDGE_CURVE ( 'NONE', #7340, #2183, #1849, .T. ) ;
#2788 =( NAMED_UNIT ( * ) SI_UNIT ( $, .STERADIAN. ) SOLID_ANGLE_UNIT ( ) );
#2789 = VERTEX_POINT ( 'NONE', #12446 ) ;
#2790 = STYLED_ITEM ( 'NONE', ( #2652 ), #9094 ) ;
#2791 = VECTOR ( 'NONE', #11556, 1000.000000000000000 ) ;
#2792 = DIRECTION ( 'NONE',  ( 1.000000000000000000, 0.0000000000000000000, 0.0000000000000000000 ) ) ;
#2793 =( NAMED_UNIT ( * ) PLANE_ANGLE_UNIT ( ) SI_UNIT ( $, .RADIAN. ) );
#2794 =( GEOMETRIC_REPRESENTATION_CONTEXT ( 3 ) GLOBAL_UNCERTAINTY_ASSIGNED_CONTEXT ( ( #717 ) ) GLOBAL_UNIT_ASSIGNED_CONTEXT ( ( #11015, #10004, #2013 ) ) REPRESENTATION_CONTEXT ( 'NONE', 'WORKASPACE' ) );
#2795 = SURFACE_STYLE_FILL_AREA ( #1518 ) ;
#2796 = VECTOR ( 'NONE', #3130, 1000.000000000000000 ) ;
#2797 = SURFACE_STYLE_USAGE ( .BOTH. , #2720 ) ;
#2798 =( NAMED_UNIT ( * ) SI_UNIT ( $, .STERADIAN. ) SOLID_ANGLE_UNIT ( ) );
#2799 = EDGE_CURVE ( 'NONE', #64, #9544, #1727, .T. ) ;
#2800 = LINE ( 'NONE', #9767, #4636 ) ;
#2801 = COLOUR_RGB ( '',0.7921568627450980005, 0.8196078431372548767, 0.9333333333333333481 ) ;
#2802 = PLANE ( 'NONE',  #4771 ) ;
#2803 = VECTOR ( 'NONE', #4350, 1000.000000000000000 ) ;
#2804 = ADVANCED_FACE ( 'NONE', ( #11296 ), #398, .T. ) ;
#2805 =( LENGTH_UNIT ( ) NAMED_UNIT ( * ) SI_UNIT ( .MILLI., .METRE. ) );
#2806 = LINE ( 'NONE', #11725, #12346 ) ;
#2807 = VECTOR ( 'NONE', #3699, 1000.000000000000000 ) ;
#2808 = EDGE_LOOP ( 'NONE', ( #8246, #9005, #893, #1288, #8560, #7060, #10200, #6778 ) ) ;
#2809 = VECTOR ( 'NONE', #10473, 1000.000000000000000 ) ;
#2810 = LINE ( 'NONE', #5593, #10129 ) ;
#2811 = ORIENTED_EDGE ( 'NONE', *, *, #5923, .T. ) ;
#2812 = DIRECTION ( 'NONE',  ( 6.670117000593702191E-16, 1.000000000000000000, 6.670117000593702191E-16 ) ) ;
#2813 = ADVANCED_FACE ( 'NONE', ( #8166 ), #8422, .F. ) ;
#2814 = ORIENTED_EDGE ( 'NONE', *, *, #9744, .T. ) ;
#2815 =( LENGTH_UNIT ( ) NAMED_UNIT ( * ) SI_UNIT ( .MILLI., .METRE. ) );
#2816 = MECHANICAL_DESIGN_GEOMETRIC_PRESENTATION_REPRESENTATION (  '', ( #1991 ), #7489 ) ;
#2817 = CARTESIAN_POINT ( 'NONE',  ( 17.45999973297099928, 0.3200000000000000067, -3.000000000000000000 ) ) ;
#2818 = VECTOR ( 'NONE', #1030, 1000.000000000000000 ) ;
#2819 = UNCERTAINTY_MEASURE_WITH_UNIT (LENGTH_MEASURE( 1.000000000000000082E-05 ), #3781, 'distance_accuracy_value', 'NONE');
#2820 = MECHANICAL_DESIGN_GEOMETRIC_PRESENTATION_REPRESENTATION (  '', ( #3221 ), #9963 ) ;
#2821 = DIRECTION ( 'NONE',  ( 0.0000000000000000000, 1.618928404167999991E-15, -1.000000000000000000 ) ) ;
#2822 = VERTEX_POINT ( 'NONE', #9202 ) ;
#2823 = COLOUR_RGB ( '',1.000000000000000000, 1.000000000000000000, 0.4980392156862745168 ) ;
#2824 = LINE ( 'NONE', #1850, #2703 ) ;
#2825 = CARTESIAN_POINT ( 'NONE',  ( 14.91999977111800035, 0.3200000000000002287, -2.799999997020000908 ) ) ;
#2826 = PRESENTATION_LAYER_ASSIGNMENT (  '', '', ( #2619 ) ) ;
#2827 = ORIENTED_EDGE ( 'NONE', *, *, #8598, .T. ) ;
#2828 =( NAMED_UNIT ( * ) PLANE_ANGLE_UNIT ( ) SI_UNIT ( $, .RADIAN. ) );
#2829 = ORIENTED_EDGE ( 'NONE', *, *, #3800, .T. ) ;
#2830 = SURFACE_STYLE_USAGE ( .BOTH. , #4965 ) ;
#2831 = DIRECTION ( 'NONE',  ( 0.0000000000000000000, 1.332267629549999902E-15, -1.000000000000000000 ) ) ;
#2832 = CARTESIAN_POINT ( 'NONE',  ( 18.09999973297100340, 9.609999997019999185, 1.590000000000000302 ) ) ;
#2833 = LINE ( 'NONE', #9729, #3016 ) ;
#2834 = FILL_AREA_STYLE_COLOUR ( '', #11050 ) ;
#2835 = STYLED_ITEM ( 'NONE', ( #913 ), #1517 ) ;
#2836 =( NAMED_UNIT ( * ) SI_UNIT ( $, .STERADIAN. ) SOLID_ANGLE_UNIT ( ) );
#2837 = VECTOR ( 'NONE', #4290, 1000.000000000000000 ) ;
#2838 = ORIENTED_EDGE ( 'NONE', *, *, #10934, .T. ) ;
#2839 = CARTESIAN_POINT ( 'NONE',  ( 2.859999961853000094, 1.820000011921000027, 2.214999988079000115 ) ) ;
#2840 = CARTESIAN_POINT ( 'NONE',  ( 8.889999847411999667, 1.520000000000000018, 2.214999988078998783 ) ) ;
#2841 = CARTESIAN_POINT ( 'NONE',  ( 9.839999847412000733, 1.270000000000000018, 1.590000000000000080 ) ) ;
#2842 = STYLED_ITEM ( 'NONE', ( #8337 ), #861 ) ;
#2843 = DIRECTION ( 'NONE',  ( -0.0000000000000000000, -0.0000000000000000000, -1.000000000000000000 ) ) ;
#2844 = EDGE_CURVE ( 'NONE', #3001, #4057, #8301, .T. ) ;
#2845 = CARTESIAN_POINT ( 'NONE',  ( 12.57999981224500097, 9.810000000000000497, 1.389999997019999878 ) ) ;
#2846 = ORIENTED_EDGE ( 'NONE', *, *, #10397, .T. ) ;
#2847 = SURFACE_STYLE_USAGE ( .BOTH. , #2782 ) ;
#2848 = VERTEX_POINT ( 'NONE', #11177 ) ;
#2849 = VERTEX_POINT ( 'NONE', #10223 ) ;
#2850 = DIRECTION ( 'NONE',  ( -1.000000000000000000, 0.0000000000000000000, -0.0000000000000000000 ) ) ;
#2851 = ORIENTED_EDGE ( 'NONE', *, *, #5971, .T. ) ;
#2852 = SURFACE_SIDE_STYLE ('',( #10514 ) ) ;
#2853 =( NAMED_UNIT ( * ) PLANE_ANGLE_UNIT ( ) SI_UNIT ( $, .RADIAN. ) );
#2854 = CARTESIAN_POINT ( 'NONE',  ( 4.109999935627000944, 3.809999961853000716, 0.02500000000000159039 ) ) ;
#2855 = FILL_AREA_STYLE ('',( #5615 ) ) ;
#2856 = SURFACE_STYLE_FILL_AREA ( #3676 ) ;
#2857 = FACE_OUTER_BOUND ( 'NONE', #7295, .T. ) ;
#2858 = LINE ( 'NONE', #3, #177 ) ;
#2859 = VECTOR ( 'NONE', #8522, 1000.000000000000000 ) ;
#2860 = EDGE_CURVE ( 'NONE', #9507, #8238, #1465, .T. ) ;
#2861 = DIRECTION ( 'NONE',  ( -1.000000000000000000, 0.0000000000000000000, 0.0000000000000000000 ) ) ;
#2862 = DIRECTION ( 'NONE',  ( -1.000000000000000000, -0.0000000000000000000, -0.0000000000000000000 ) ) ;
#2863 = PRESENTATION_STYLE_ASSIGNMENT (( #880 ) ) ;
#2864 = ORIENTED_EDGE ( 'NONE', *, *, #9367, .F. ) ;
#2865 = ORIENTED_EDGE ( 'NONE', *, *, #9364, .T. ) ;
#2866 =( LENGTH_UNIT ( ) NAMED_UNIT ( * ) SI_UNIT ( .MILLI., .METRE. ) );
#2867 = ORIENTED_EDGE ( 'NONE', *, *, #8022, .F. ) ;
#2868 = DIRECTION ( 'NONE',  ( 0.7071067811865474617, -0.7071067811865474617, 0.0000000000000000000 ) ) ;
#2869 = VECTOR ( 'NONE', #4204, 1000.000000000000000 ) ;
#2870 = SURFACE_SIDE_STYLE ('',( #11612 ) ) ;
#2871 = VERTEX_POINT ( 'NONE', #513 ) ;
#2872 =( NAMED_UNIT ( * ) PLANE_ANGLE_UNIT ( ) SI_UNIT ( $, .RADIAN. ) );
#2873 = PLANE ( 'NONE',  #3393 ) ;
#2874 = VECTOR ( 'NONE', #11462, 1000.000000000000114 ) ;
#2875 = EDGE_CURVE ( 'NONE', #3785, #599, #4376, .T. ) ;
#2876 = UNCERTAINTY_MEASURE_WITH_UNIT (LENGTH_MEASURE( 1.000000000000000082E-05 ), #586, 'distance_accuracy_value', 'NONE');
#2877 = STYLED_ITEM ( 'NONE', ( #8365 ), #2804 ) ;
#2878 = UNCERTAINTY_MEASURE_WITH_UNIT (LENGTH_MEASURE( 1.000000000000000082E-05 ), #2951, 'distance_accuracy_value', 'NONE');
#2879 = SURFACE_STYLE_FILL_AREA ( #10801 ) ;
#2880 = ORIENTED_EDGE ( 'NONE', *, *, #9231, .F. ) ;
#2881 = STYLED_ITEM ( 'NONE', ( #8094 ), #5700 ) ;
#2882 = CARTESIAN_POINT ( 'NONE',  ( 17.65999973595100059, 9.810000000000000497, 0.9499999999999999556 ) ) ;
#2883 = ORIENTED_EDGE ( 'NONE', *, *, #8841, .F. ) ;
#2884 = MECHANICAL_DESIGN_GEOMETRIC_PRESENTATION_REPRESENTATION (  '', ( #9027 ), #1860 ) ;
#2885 = SURFACE_SIDE_STYLE ('',( #11631 ) ) ;
#2886 = FILL_AREA_STYLE ('',( #1866 ) ) ;
#2887 = VECTOR ( 'NONE', #6932, 1000.000000000000000 ) ;
#2888 =( GEOMETRIC_REPRESENTATION_CONTEXT ( 3 ) GLOBAL_UNCERTAINTY_ASSIGNED_CONTEXT ( ( #5286 ) ) GLOBAL_UNIT_ASSIGNED_CONTEXT ( ( #6984, #6839, #2941 ) ) REPRESENTATION_CONTEXT ( 'NONE', 'WORKASPACE' ) );
#2889 =( NAMED_UNIT ( * ) PLANE_ANGLE_UNIT ( ) SI_UNIT ( $, .RADIAN. ) );
#2890 = SURFACE_SIDE_STYLE ('',( #8635 ) ) ;
#2891 = VECTOR ( 'NONE', #12214, 1000.000000000000000 ) ;
#2892 =( NAMED_UNIT ( * ) PLANE_ANGLE_UNIT ( ) SI_UNIT ( $, .RADIAN. ) );
#2893 = VERTEX_POINT ( 'NONE', #2571 ) ;
#2894 = LINE ( 'NONE', #11461, #5872 ) ;
#2895 = DIRECTION ( 'NONE',  ( 0.0000000000000000000, 0.0000000000000000000, 1.000000000000000000 ) ) ;
#2896 = COLOUR_RGB ( '',0.09411764705882352811, 0.09411764705882352811, 0.09411764705882352811 ) ;
#2897 = DIRECTION ( 'NONE',  ( 6.645562236426607662E-16, -1.000000000000000000, -6.645562236426607662E-16 ) ) ;
#2898 =( GEOMETRIC_REPRESENTATION_CONTEXT ( 3 ) GLOBAL_UNCERTAINTY_ASSIGNED_CONTEXT ( ( #7709 ) ) GLOBAL_UNIT_ASSIGNED_CONTEXT ( ( #9553, #8573, #4732 ) ) REPRESENTATION_CONTEXT ( 'NONE', 'WORKASPACE' ) );
#2899 = EDGE_CURVE ( 'NONE', #8126, #6345, #2752, .T. ) ;
#2900 = EDGE_CURVE ( 'NONE', #1760, #2012, #7403, .T. ) ;
#2901 = PRESENTATION_STYLE_ASSIGNMENT (( #39 ) ) ;
#2902 = ORIENTED_EDGE ( 'NONE', *, *, #1004, .F. ) ;
#2903 =( GEOMETRIC_REPRESENTATION_CONTEXT ( 3 ) GLOBAL_UNCERTAINTY_ASSIGNED_CONTEXT ( ( #9394 ) ) GLOBAL_UNIT_ASSIGNED_CONTEXT ( ( #8955, #7827, #10097 ) ) REPRESENTATION_CONTEXT ( 'NONE', 'WORKASPACE' ) );
#2904 = ORIENTED_EDGE ( 'NONE', *, *, #5380, .T. ) ;
#2905 = VERTEX_POINT ( 'NONE', #8447 ) ;
#2906 = ORIENTED_EDGE ( 'NONE', *, *, #2520, .T. ) ;
#2907 = CARTESIAN_POINT ( 'NONE',  ( 17.65999973595100059, 9.810000000000000497, 1.150000002979999714 ) ) ;
#2908 = CARTESIAN_POINT ( 'NONE',  ( 6.649999897479999866, 1.519999999999998241, 2.514999999999999680 ) ) ;
#2909 = CARTESIAN_POINT ( 'NONE',  ( 7.939999885558998827, 3.809999961852999384, 0.9499999999999999556 ) ) ;
#2910 = EDGE_CURVE ( 'NONE', #370, #11783, #11453, .T. ) ;
#2911 = CARTESIAN_POINT ( 'NONE',  ( 4.759999923706000224, 3.809999961852999828, 1.590000000000000080 ) ) ;
#2912 = VECTOR ( 'NONE', #11665, 1000.000000000000000 ) ;
#2913 = DIRECTION ( 'NONE',  ( -0.5773502691896260641, -0.5773502691896251759, 0.5773502691896260641 ) ) ;
#2914 = FACE_OUTER_BOUND ( 'NONE', #5751, .T. ) ;
#2915 = DIRECTION ( 'NONE',  ( -0.0000000000000000000, 0.0000000000000000000, 1.000000000000000000 ) ) ;
#2916 = LINE ( 'NONE', #3736, #10929 ) ;
#2917 = LINE ( 'NONE', #1005, #58 ) ;
#2918 =( NAMED_UNIT ( * ) PLANE_ANGLE_UNIT ( ) SI_UNIT ( $, .RADIAN. ) );
#2919 = ORIENTED_EDGE ( 'NONE', *, *, #2942, .T. ) ;
#2920 = ORIENTED_EDGE ( 'NONE', *, *, #4680, .T. ) ;
#2921 = ORIENTED_EDGE ( 'NONE', *, *, #8004, .F. ) ;
#2922 = SURFACE_STYLE_FILL_AREA ( #12560 ) ;
#2923 = DIRECTION ( 'NONE',  ( -0.7071067811865474617, 0.0000000000000000000, -0.7071067811865474617 ) ) ;
#2924 = FILL_AREA_STYLE ('',( #4768 ) ) ;
#2925 = EDGE_CURVE ( 'NONE', #5000, #5146, #2639, .T. ) ;
#2926 = FILL_AREA_STYLE_COLOUR ( '', #6723 ) ;
#2927 = ORIENTED_EDGE ( 'NONE', *, *, #11519, .F. ) ;
#2928 = CARTESIAN_POINT ( 'NONE',  ( 7.299999885559000035, 1.820000011921000693, 1.589999999999999414 ) ) ;
#2929 = PLANE ( 'NONE',  #8044 ) ;
#2930 = ORIENTED_EDGE ( 'NONE', *, *, #6545, .F. ) ;
#2931 = FILL_AREA_STYLE ('',( #1023 ) ) ;
#2932 = ADVANCED_FACE ( 'NONE', ( #4474 ), #7661, .T. ) ;
#2933 = CARTESIAN_POINT ( 'NONE',  ( 4.759999923705999336, 9.609999997019999185, 1.590000000000000302 ) ) ;
#2934 = CARTESIAN_POINT ( 'NONE',  ( 18.09999973297100340, -0.3200000000000000067, -2.799999997020000020 ) ) ;
#2935 = VECTOR ( 'NONE', #6908, 1000.000000000000000 ) ;
#2936 = VECTOR ( 'NONE', #12489, 1000.000000000000000 ) ;
#2937 = EDGE_CURVE ( 'NONE', #5347, #7768, #6655, .T. ) ;
#2938 = SURFACE_STYLE_FILL_AREA ( #222 ) ;
#2939 = CARTESIAN_POINT ( 'NONE',  ( 7.939999885558998827, 1.270000000000000018, 0.9499999999999999556 ) ) ;
#2940 = SURFACE_STYLE_FILL_AREA ( #12590 ) ;
#2941 =( NAMED_UNIT ( * ) SI_UNIT ( $, .STERADIAN. ) SOLID_ANGLE_UNIT ( ) );
#2942 = EDGE_CURVE ( 'NONE', #4919, #7045, #6397, .T. ) ;
#2943 = EDGE_LOOP ( 'NONE', ( #5489, #8636, #8565, #5856 ) ) ;
#2944 = PLANE ( 'NONE',  #7330 ) ;
#2945 = ORIENTED_EDGE ( 'NONE', *, *, #4063, .T. ) ;
#2946 = VECTOR ( 'NONE', #12369, 1000.000000000000114 ) ;
#2947 = VECTOR ( 'NONE', #4764, 1000.000000000000000 ) ;
#2948 = SURFACE_SIDE_STYLE ('',( #5990 ) ) ;
#2949 = ADVANCED_FACE ( 'NONE', ( #4725 ), #8629, .T. ) ;
#2950 = CARTESIAN_POINT ( 'NONE',  ( 11.42999980926500037, 1.520000000000000018, 0.02500000000000000139 ) ) ;
#2951 =( LENGTH_UNIT ( ) NAMED_UNIT ( * ) SI_UNIT ( .MILLI., .METRE. ) );
#2952 = LINE ( 'NONE', #993, #936 ) ;
#2953 = COLOUR_RGB ( '',1.000000000000000000, 1.000000000000000000, 0.4980392156862745168 ) ;
#2954 = MECHANICAL_DESIGN_GEOMETRIC_PRESENTATION_REPRESENTATION (  '', ( #1326 ), #12134 ) ;
#2955 = FILL_AREA_STYLE_COLOUR ( '', #4603 ) ;
#2956 = COLOUR_RGB ( '',0.09411764705882352811, 0.09411764705882352811, 0.09411764705882352811 ) ;
#2957 = DIRECTION ( 'NONE',  ( 1.000000000000000000, 0.0000000000000000000, -0.0000000000000000000 ) ) ;
#2959 = ORIENTED_EDGE ( 'NONE', *, *, #9141, .T. ) ;
#2958 = EDGE_CURVE ( 'NONE', #3614, #8880, #9912, .T. ) ;
#2960 = MECHANICAL_DESIGN_GEOMETRIC_PRESENTATION_REPRESENTATION (  '', ( #3567 ), #10721 ) ;
#2961 = UNCERTAINTY_MEASURE_WITH_UNIT (LENGTH_MEASURE( 1.000000000000000082E-05 ), #1374, 'distance_accuracy_value', 'NONE');
#2962 =( NAMED_UNIT ( * ) SI_UNIT ( $, .STERADIAN. ) SOLID_ANGLE_UNIT ( ) );
#2963 = ORIENTED_EDGE ( 'NONE', *, *, #2015, .T. ) ;
#2964 = VERTEX_POINT ( 'NONE', #11632 ) ;
#2965 = VERTEX_POINT ( 'NONE', #3944 ) ;
#2966 = PRODUCT_DEFINITION ( 'UNKNOWN', '', #4393, #2068 ) ;
#2967 = DIRECTION ( 'NONE',  ( 0.0000000000000000000, -0.7071067811865474617, -0.7071067811865474617 ) ) ;
#2968 = COLOUR_RGB ( '',1.000000000000000000, 1.000000000000000000, 0.4980392156862745168 ) ;
#2969 =( LENGTH_UNIT ( ) NAMED_UNIT ( * ) SI_UNIT ( .MILLI., .METRE. ) );
#2970 = AXIS2_PLACEMENT_3D ( 'NONE', #6055, #1984, #2102 ) ;
#2971 = AXIS2_PLACEMENT_3D ( 'NONE', #581, #7384, #10095 ) ;
#2972 = STYLED_ITEM ( 'NONE', ( #197 ), #9034 ) ;
#2973 = PLANE ( 'NONE',  #36 ) ;
#2974 = SURFACE_SIDE_STYLE ('',( #4885 ) ) ;
#2975 = VECTOR ( 'NONE', #9496, 1000.000000000000000 ) ;
#2976 = EDGE_CURVE ( 'NONE', #2261, #9507, #152, .T. ) ;
#2977 = VECTOR ( 'NONE', #9275, 1000.000000000000000 ) ;
#2978 =( LENGTH_UNIT ( ) NAMED_UNIT ( * ) SI_UNIT ( .MILLI., .METRE. ) );
#2979 = DIRECTION ( 'NONE',  ( 0.0000000000000000000, 0.7071067811865474617, -0.7071067811865474617 ) ) ;
#2980 = ADVANCED_BREP_SHAPE_REPRESENTATION ( '', ( #7993, #12350, #3597, #8018, #3857, #7796, #3623, #8060, #5828 ), #1165 ) ;
#2981 = LINE ( 'NONE', #7694, #1549 ) ;
#2982 = LINE ( 'NONE', #10974, #5687 ) ;
#2983 = MECHANICAL_DESIGN_GEOMETRIC_PRESENTATION_REPRESENTATION (  '', ( #3195 ), #12163 ) ;
#2984 = SURFACE_SIDE_STYLE ('',( #7629 ) ) ;
#2985 = ADVANCED_FACE ( 'NONE', ( #1088 ), #1917, .F. ) ;
#2986 = EDGE_LOOP ( 'NONE', ( #12319, #472, #7450, #1996 ) ) ;
#2987 = STYLED_ITEM ( 'NONE', ( #8643 ), #9164 ) ;
#2988 = ORIENTED_EDGE ( 'NONE', *, *, #2785, .F. ) ;
#2989 = STYLED_ITEM ( 'NONE', ( #7428 ), #7546 ) ;
#2990 = DIRECTION ( 'NONE',  ( -0.0000000000000000000, 1.000000000000000000, 0.0000000000000000000 ) ) ;
#2991 = ORIENTED_EDGE ( 'NONE', *, *, #9278, .F. ) ;
#2992 = CARTESIAN_POINT ( 'NONE',  ( 7.939999885558998827, 1.270000000000000018, -4.440892098500999885E-16 ) ) ;
#2993 = VERTEX_POINT ( 'NONE', #1162 ) ;
#2994 =( LENGTH_UNIT ( ) NAMED_UNIT ( * ) SI_UNIT ( .MILLI., .METRE. ) );
#2995 =( LENGTH_UNIT ( ) NAMED_UNIT ( * ) SI_UNIT ( .MILLI., .METRE. ) );
#2996 = COLOUR_RGB ( '',0.7921568627450980005, 0.8196078431372548767, 0.9333333333333333481 ) ;
#2997 = UNCERTAINTY_MEASURE_WITH_UNIT (LENGTH_MEASURE( 1.000000000000000082E-05 ), #5994, 'distance_accuracy_value', 'NONE');
#2998 =( LENGTH_UNIT ( ) NAMED_UNIT ( * ) SI_UNIT ( .MILLI., .METRE. ) );
#2999 = ADVANCED_FACE ( 'NONE', ( #12586 ), #1863, .T. ) ;
#3000 = SURFACE_STYLE_USAGE ( .BOTH. , #16 ) ;
#3001 = VERTEX_POINT ( 'NONE', #5734 ) ;
#3002 = DIRECTION ( 'NONE',  ( 0.0000000000000000000, -0.0000000000000000000, -1.000000000000000000 ) ) ;
#3003 = DIRECTION ( 'NONE',  ( 0.0000000000000000000, 1.000000000000000000, 0.0000000000000000000 ) ) ;
#3004 = PLANE ( 'NONE',  #7030 ) ;
#3005 = ORIENTED_EDGE ( 'NONE', *, *, #4912, .T. ) ;
#3006 = FILL_AREA_STYLE_COLOUR ( '', #2145 ) ;
#3007 = AXIS2_PLACEMENT_3D ( 'NONE', #8322, #8690, #12448 ) ;
#3008 = SURFACE_STYLE_USAGE ( .BOTH. , #9656 ) ;
#3009 = STYLED_ITEM ( 'NONE', ( #3741 ), #4256 ) ;
#3010 = CARTESIAN_POINT ( 'NONE',  ( 5.399999923706000793, 9.609999997019999185, 0.9499999999999999556 ) ) ;
#3011 = LINE ( 'NONE', #84, #4085 ) ;
#3012 = LINE ( 'NONE', #7835, #9971 ) ;
#3013 = CARTESIAN_POINT ( 'NONE',  ( 1.269999961853000015, 3.809999961852999828, 0.02500000000000000139 ) ) ;
#3014 = AXIS2_PLACEMENT_3D ( 'NONE', #10820, #8046, #12016 ) ;
#3015 = EDGE_CURVE ( 'NONE', #3125, #6441, #3011, .T. ) ;
#3016 = VECTOR ( 'NONE', #981, 1000.000000000000000 ) ;
#3017 = EDGE_CURVE ( 'NONE', #1476, #10843, #5924, .T. ) ;
#3018 = PLANE ( 'NONE',  #12336 ) ;
#3019 = LINE ( 'NONE', #6783, #4476 ) ;
#3020 = CARTESIAN_POINT ( 'NONE',  ( 6.349999923706000082, 1.520000000000000018, 0.3250000119209999760 ) ) ;
#3021 = CARTESIAN_POINT ( 'NONE',  ( 8.739999879599000820, 1.520000000000000018, 2.364999994040000164 ) ) ;
#3022 = LINE ( 'NONE', #3141, #4409 ) ;
#3023 = EDGE_LOOP ( 'NONE', ( #8756, #2462, #12503, #1886 ) ) ;
#3024 = ORIENTED_EDGE ( 'NONE', *, *, #2554, .F. ) ;
#3025 = DIRECTION ( 'NONE',  ( 0.7071067811865474617, -0.0000000000000000000, -0.7071067811865474617 ) ) ;
#3026 = FILL_AREA_STYLE_COLOUR ( '', #442 ) ;
#3027 = AXIS2_PLACEMENT_3D ( 'NONE', #7598, #8630, #4667 ) ;
#3028 = PRESENTATION_STYLE_ASSIGNMENT (( #94 ) ) ;
#3029 = MECHANICAL_DESIGN_GEOMETRIC_PRESENTATION_REPRESENTATION (  '', ( #9973 ), #6061 ) ;
#3030 = SURFACE_SIDE_STYLE ('',( #8973 ) ) ;
#3031 = SURFACE_SIDE_STYLE ('',( #3218 ) ) ;
#3032 =( NAMED_UNIT ( * ) SI_UNIT ( $, .STERADIAN. ) SOLID_ANGLE_UNIT ( ) );
#3033 = EDGE_CURVE ( 'NONE', #996, #2543, #6057, .T. ) ;
#3034 = VECTOR ( 'NONE', #112, 1000.000000000000000 ) ;
#3035 = CARTESIAN_POINT ( 'NONE',  ( 16.50999973297099999, 3.809999961852999828, 0.02500000000000000139 ) ) ;
#3036 = CARTESIAN_POINT ( 'NONE',  ( 7.299999885559000035, 3.809999961852999384, 1.590000000000000080 ) ) ;
#3037 = FILL_AREA_STYLE ('',( #5884 ) ) ;
#3038 = ORIENTED_EDGE ( 'NONE', *, *, #1207, .T. ) ;
#3039 = ORIENTED_EDGE ( 'NONE', *, *, #7997, .F. ) ;
#3040 = VERTEX_POINT ( 'NONE', #7804 ) ;
#3041 = ORIENTED_EDGE ( 'NONE', *, *, #5879, .F. ) ;
#3042 = FILL_AREA_STYLE_COLOUR ( '', #10337 ) ;
#3043 = FILL_AREA_STYLE ('',( #9818 ) ) ;
#3044 = STYLED_ITEM ( 'NONE', ( #4422 ), #1428 ) ;
#3045 = FILL_AREA_STYLE_COLOUR ( '', #1867 ) ;
#3046 =( NAMED_UNIT ( * ) PLANE_ANGLE_UNIT ( ) SI_UNIT ( $, .RADIAN. ) );
#3047 =( GEOMETRIC_REPRESENTATION_CONTEXT ( 3 ) GLOBAL_UNCERTAINTY_ASSIGNED_CONTEXT ( ( #5418 ) ) GLOBAL_UNIT_ASSIGNED_CONTEXT ( ( #12220, #2649, #3903 ) ) REPRESENTATION_CONTEXT ( 'NONE', 'WORKASPACE' ) );
#3048 = DIRECTION ( 'NONE',  ( 6.645562236426607662E-16, -1.000000000000000000, -6.645562236426607662E-16 ) ) ;
#3049 = SURFACE_SIDE_STYLE ('',( #3982 ) ) ;
#3050 = CARTESIAN_POINT ( 'NONE',  ( 10.47999984741199953, -0.2199999985099999888, -2.899999998509999788 ) ) ;
#3051 = FACE_OUTER_BOUND ( 'NONE', #6192, .T. ) ;
#3052 = ORIENTED_EDGE ( 'NONE', *, *, #10143, .T. ) ;
#3053 = SURFACE_STYLE_FILL_AREA ( #10022 ) ;
#3054 = EDGE_LOOP ( 'NONE', ( #3005, #474, #183, #3427 ) ) ;
#3055 = DIRECTION ( 'NONE',  ( -0.0000000000000000000, -1.000000000000000000, 0.0000000000000000000 ) ) ;
#3056 = VERTEX_POINT ( 'NONE', #6014 ) ;
#3057 =( NAMED_UNIT ( * ) PLANE_ANGLE_UNIT ( ) SI_UNIT ( $, .RADIAN. ) );
#3058 = EDGE_LOOP ( 'NONE', ( #2123, #7167, #4146, #3740 ) ) ;
#3059 = SURFACE_STYLE_FILL_AREA ( #6104 ) ;
#3060 = DIRECTION ( 'NONE',  ( 0.0000000000000000000, 0.0000000000000000000, -1.000000000000000000 ) ) ;
#3061 = STYLED_ITEM ( 'NONE', ( #10814 ), #6904 ) ;
#3062 = SURFACE_STYLE_USAGE ( .BOTH. , #5095 ) ;
#3063 = ORIENTED_EDGE ( 'NONE', *, *, #4063, .F. ) ;
#3064 = CARTESIAN_POINT ( 'NONE',  ( 9.839999847412000733, -0.3200000000000000067, -2.799999997020000020 ) ) ;
#3065 = DIRECTION ( 'NONE',  ( 6.670117000593702191E-16, 1.000000000000000000, 6.670117000593702191E-16 ) ) ;
#3066 = STYLED_ITEM ( 'NONE', ( #1741 ), #2238 ) ;
#3067 = PRODUCT ( 'PinArray', 'PinArray', '', ( #8148 ) ) ;
#3068 = LINE ( 'NONE', #4137, #9916 ) ;
#3069 = ORIENTED_EDGE ( 'NONE', *, *, #1865, .T. ) ;
#3070 = DIRECTION ( 'NONE',  ( -1.000000000000000000, 0.0000000000000000000, -0.0000000000000000000 ) ) ;
#3071 = SURFACE_STYLE_FILL_AREA ( #2166 ) ;
#3072 = ADVANCED_FACE ( 'NONE', ( #11716 ), #2973, .T. ) ;
#3073 = CARTESIAN_POINT ( 'NONE',  ( 6.349999885558999857, 1.520000000000000018, 0.3250000119210005867 ) ) ;
#3074 = VECTOR ( 'NONE', #3892, 1000.000000000000000 ) ;
#3075 = DIRECTION ( 'NONE',  ( -0.0000000000000000000, 1.000000000000000000, 0.0000000000000000000 ) ) ;
#3076 = LINE ( 'NONE', #8828, #11944 ) ;
#3077 = LINE ( 'NONE', #6959, #12238 ) ;
#3078 = DIRECTION ( 'NONE',  ( 0.0000000000000000000, -1.000000000000000000, -1.554312234475000050E-15 ) ) ;
#3079 = LINE ( 'NONE', #225, #3409 ) ;
#3080 = ORIENTED_EDGE ( 'NONE', *, *, #12020, .T. ) ;
#3081 = VERTEX_POINT ( 'NONE', #10703 ) ;
#3082 = PRESENTATION_STYLE_ASSIGNMENT (( #4148 ) ) ;
#3083 = AXIS2_PLACEMENT_3D ( 'NONE', #894, #4777, #6707 ) ;
#3084 = DIRECTION ( 'NONE',  ( -1.000000000000000000, -0.0000000000000000000, -0.0000000000000000000 ) ) ;
#3085 = DIRECTION ( 'NONE',  ( 1.000000000000000000, 0.0000000000000000000, 0.0000000000000000000 ) ) ;
#3086 = MECHANICAL_DESIGN_GEOMETRIC_PRESENTATION_REPRESENTATION (  '', ( #8388 ), #1856 ) ;
#3087 =( GEOMETRIC_REPRESENTATION_CONTEXT ( 3 ) GLOBAL_UNCERTAINTY_ASSIGNED_CONTEXT ( ( #828 ) ) GLOBAL_UNIT_ASSIGNED_CONTEXT ( ( #6283, #378, #11217 ) ) REPRESENTATION_CONTEXT ( 'NONE', 'WORKASPACE' ) );
#3088 = CARTESIAN_POINT ( 'NONE',  ( 6.349999885558999857, 1.519999999999996909, 2.214999988079000115 ) ) ;
#3089 = CARTESIAN_POINT ( 'NONE',  ( 3.809999923706000047, 3.809999961852999828, 0.02500000000000000139 ) ) ;
#3090 = UNCERTAINTY_MEASURE_WITH_UNIT (LENGTH_MEASURE( 1.000000000000000082E-05 ), #10047, 'distance_accuracy_value', 'NONE');
#3091 = FILL_AREA_STYLE ('',( #6913 ) ) ;
#3092 = ADVANCED_FACE ( 'NONE', ( #248 ), #10837, .T. ) ;
#3093 = ORIENTED_EDGE ( 'NONE', *, *, #6549, .T. ) ;
#3094 = VECTOR ( 'NONE', #5580, 1000.000000000000000 ) ;
#3095 = ORIENTED_EDGE ( 'NONE', *, *, #11814, .F. ) ;
#3096 = ORIENTED_EDGE ( 'NONE', *, *, #1400, .T. ) ;
#3097 = VECTOR ( 'NONE', #174, 1000.000000000000000 ) ;
#3098 = DIRECTION ( 'NONE',  ( 0.0000000000000000000, -0.7071067811865475727, 0.7071067811865475727 ) ) ;
#3099 = PLANE ( 'NONE',  #6358 ) ;
#3100 = ADVANCED_FACE ( 'NONE', ( #5133 ), #9053, .T. ) ;
#3101 = CARTESIAN_POINT ( 'NONE',  ( 11.12999983549125105, 3.809999961853000272, 0.02499999999975144674 ) ) ;
#3102 = SURFACE_STYLE_USAGE ( .BOTH. , #9955 ) ;
#3103 = FACE_OUTER_BOUND ( 'NONE', #2506, .T. ) ;
#3104 = UNCERTAINTY_MEASURE_WITH_UNIT (LENGTH_MEASURE( 1.000000000000000082E-05 ), #7544, 'distance_accuracy_value', 'NONE');
#3105 = SURFACE_STYLE_USAGE ( .BOTH. , #3049 ) ;
#3106 = DIRECTION ( 'NONE',  ( 0.0000000000000000000, -0.0000000000000000000, 1.000000000000000000 ) ) ;
#3107 = FILL_AREA_STYLE_COLOUR ( '', #7896 ) ;
#3108 = AXIS2_PLACEMENT_3D ( 'NONE', #2449, #1539, #1672 ) ;
#3109 = STYLED_ITEM ( 'NONE', ( #2750 ), #1160 ) ;
#3110 = FILL_AREA_STYLE_COLOUR ( '', #1684 ) ;
#3111 = COLOUR_RGB ( '',1.000000000000000000, 1.000000000000000000, 0.4980392156862745168 ) ;
#3112 =( NAMED_UNIT ( * ) SI_UNIT ( $, .STERADIAN. ) SOLID_ANGLE_UNIT ( ) );
#3113 = CARTESIAN_POINT ( 'NONE',  ( 14.26999978303900107, 3.809999961853000716, 0.02500000000000194428 ) ) ;
#3114 = LINE ( 'NONE', #9964, #2271 ) ;
#3115 = ORIENTED_EDGE ( 'NONE', *, *, #9425, .F. ) ;
#3116 = DIRECTION ( 'NONE',  ( 1.000000000000000000, 0.0000000000000000000, 0.0000000000000000000 ) ) ;
#3117 = ORIENTED_EDGE ( 'NONE', *, *, #8175, .T. ) ;
#3118 = STYLED_ITEM ( 'NONE', ( #4253 ), #6570 ) ;
#3119 = SURFACE_STYLE_USAGE ( .BOTH. , #11866 ) ;
#3120 = ORIENTED_EDGE ( 'NONE', *, *, #11429, .F. ) ;
#3121 = CARTESIAN_POINT ( 'NONE',  ( 7.739999882579000179, -0.1199999970199999433, -3.000000000000000444 ) ) ;
#3122 = COLOUR_RGB ( '',1.000000000000000000, 1.000000000000000000, 0.4980392156862745168 ) ;
#3123 = SURFACE_SIDE_STYLE ('',( #11995 ) ) ;
#3124 = FACE_BOUND ( 'NONE', #4208, .T. ) ;
#3125 = VERTEX_POINT ( 'NONE', #12087 ) ;
#3126 = EDGE_CURVE ( 'NONE', #3926, #5171, #10206, .T. ) ;
#3127 =( NAMED_UNIT ( * ) SI_UNIT ( $, .STERADIAN. ) SOLID_ANGLE_UNIT ( ) );
#3128 = UNCERTAINTY_MEASURE_WITH_UNIT (LENGTH_MEASURE( 1.000000000000000082E-05 ), #480, 'distance_accuracy_value', 'NONE');
#3129 = ORIENTED_EDGE ( 'NONE', *, *, #621, .T. ) ;
#3130 = DIRECTION ( 'NONE',  ( 1.000000000000000000, 0.0000000000000000000, 0.0000000000000000000 ) ) ;
#3131 = PRESENTATION_STYLE_ASSIGNMENT (( #5233 ) ) ;
#3132 = CARTESIAN_POINT ( 'NONE',  ( 1.269999961852875003, 1.520000000000000018, 0.3250000119208749649 ) ) ;
#3133 = ADVANCED_FACE ( 'NONE', ( #12030 ), #4428, .T. ) ;
#3134 = EDGE_CURVE ( 'NONE', #8193, #4041, #4349, .T. ) ;
#3135 = LINE ( 'NONE', #4967, #11796 ) ;
#3136 = COLOUR_RGB ( '',0.09411764705882352811, 0.09411764705882352811, 0.09411764705882352811 ) ;
#3137 =( LENGTH_UNIT ( ) NAMED_UNIT ( * ) SI_UNIT ( .MILLI., .METRE. ) );
#3138 = UNCERTAINTY_MEASURE_WITH_UNIT (LENGTH_MEASURE( 1.000000000000000082E-05 ), #2969, 'distance_accuracy_value', 'NONE');
#3139 = LINE ( 'NONE', #7092, #6321 ) ;
#3140 = SURFACE_SIDE_STYLE ('',( #1170 ) ) ;
#3141 = CARTESIAN_POINT ( 'NONE',  ( 4.759999923706000224, 9.810000000000000497, 1.389999997020000100 ) ) ;
#3142 = ADVANCED_FACE ( 'NONE', ( #6214 ), #8338, .T. ) ;
#3143 = ORIENTED_EDGE ( 'NONE', *, *, #3993, .F. ) ;
#3144 = CARTESIAN_POINT ( 'NONE',  ( 3.809999923706000047, 1.520000000000000018, 0.02500000000000000139 ) ) ;
#3145 = ORIENTED_EDGE ( 'NONE', *, *, #1120, .T. ) ;
#3146 = CARTESIAN_POINT ( 'NONE',  ( 4.759999923706000224, 1.270000000000000018, -4.440892098500999885E-16 ) ) ;
#3147 =( GEOMETRIC_REPRESENTATION_CONTEXT ( 3 ) GLOBAL_UNCERTAINTY_ASSIGNED_CONTEXT ( ( #1979 ) ) GLOBAL_UNIT_ASSIGNED_CONTEXT ( ( #4858, #10737, #9720 ) ) REPRESENTATION_CONTEXT ( 'NONE', 'WORKASPACE' ) );
#3148 = DIRECTION ( 'NONE',  ( 0.0000000000000000000, 0.0000000000000000000, -1.000000000000000000 ) ) ;
#3149 = FILL_AREA_STYLE ('',( #9170 ) ) ;
#3150 = COLOUR_RGB ( '',0.09411764705882352811, 0.09411764705882352811, 0.09411764705882352811 ) ;
#3151 = COLOUR_RGB ( '',1.000000000000000000, 1.000000000000000000, 0.4980392156862745168 ) ;
#3152 = VERTEX_POINT ( 'NONE', #7357 ) ;
#3153 = DIRECTION ( 'NONE',  ( 0.0000000000000000000, 0.0000000000000000000, -1.000000000000000000 ) ) ;
#3154 = EDGE_LOOP ( 'NONE', ( #4543, #7735, #2550, #9752 ) ) ;
#3155 = CARTESIAN_POINT ( 'NONE',  ( -1.270000000000000018, 3.809999961852999828, 0.02500000000000000139 ) ) ;
#3156 = LINE ( 'NONE', #376, #7708 ) ;
#3157 = FILL_AREA_STYLE_COLOUR ( '', #5712 ) ;
#3158 =( GEOMETRIC_REPRESENTATION_CONTEXT ( 3 ) GLOBAL_UNCERTAINTY_ASSIGNED_CONTEXT ( ( #6182 ) ) GLOBAL_UNIT_ASSIGNED_CONTEXT ( ( #5433, #6338, #3524 ) ) REPRESENTATION_CONTEXT ( 'NONE', 'WORKASPACE' ) );
#3159 = ADVANCED_FACE ( 'NONE', ( #11277 ), #4231, .T. ) ;
#3160 = VECTOR ( 'NONE', #11994, 1000.000000000000000 ) ;
#3161 = PRESENTATION_LAYER_ASSIGNMENT (  '', '', ( #12528 ) ) ;
#3162 = FILL_AREA_STYLE ('',( #10970 ) ) ;
#3163 = DIRECTION ( 'NONE',  ( 0.0000000000000000000, -1.000000000000000000, -1.332267629549999902E-15 ) ) ;
#3164 = SURFACE_SIDE_STYLE ('',( #6992 ) ) ;
#3165 = VERTEX_POINT ( 'NONE', #9435 ) ;
#3166 = CARTESIAN_POINT ( 'NONE',  ( -0.3200000000000000067, 1.270000000000000018, -4.440892098500999885E-16 ) ) ;
#3167 = VECTOR ( 'NONE', #6794, 1000.000000000000000 ) ;
#3168 = MECHANICAL_DESIGN_GEOMETRIC_PRESENTATION_REPRESENTATION (  '', ( #8472 ), #3158 ) ;
#3169 = ORIENTED_EDGE ( 'NONE', *, *, #9740, .T. ) ;
#3170 = CLOSED_SHELL ( 'NONE', ( #1842, #3142, #10699, #10591, #12447, #9671, #10330, #11638, #7747, #12406, #6841, #3828, #604, #8383, #1816, #4569, #10892, #8384 ) ) ;
#3171 = STYLED_ITEM ( 'NONE', ( #10897 ), #1842 ) ;
#3172 = CARTESIAN_POINT ( 'NONE',  ( 11.42999984741200059, 1.520000000000000018, 2.515000000000000124 ) ) ;
#3173 = ORIENTED_EDGE ( 'NONE', *, *, #10644, .F. ) ;
#3174 = VECTOR ( 'NONE', #57, 1000.000000000000000 ) ;
#3175 = VECTOR ( 'NONE', #7229, 1000.000000000000000 ) ;
#3176 = AXIS2_PLACEMENT_3D ( 'NONE', #7483, #907, #2699 ) ;
#3177 = LINE ( 'NONE', #7065, #3767 ) ;
#3178 = ORIENTED_EDGE ( 'NONE', *, *, #12530, .T. ) ;
#3179 = PLANE ( 'NONE',  #6466 ) ;
#3180 = STYLED_ITEM ( 'NONE', ( #3499 ), #7313 ) ;
#3181 = CARTESIAN_POINT ( 'NONE',  ( 13.96999977111799929, 1.520000000000000018, 2.214999988079000115 ) ) ;
#3182 = VECTOR ( 'NONE', #6983, 1000.000000000000000 ) ;
#3183 = STYLED_ITEM ( 'NONE', ( #4520 ), #156 ) ;
#3184 = SURFACE_STYLE_FILL_AREA ( #1324 ) ;
#3185 = AXIS2_PLACEMENT_3D ( 'NONE', #7867, #291, #9046 ) ;
#3186 = PRESENTATION_LAYER_ASSIGNMENT (  '', '', ( #8700 ) ) ;
#3187 = EDGE_LOOP ( 'NONE', ( #4781, #523, #5853, #1314 ) ) ;
#3188 =( NAMED_UNIT ( * ) SI_UNIT ( $, .STERADIAN. ) SOLID_ANGLE_UNIT ( ) );
#3189 = ADVANCED_FACE ( 'NONE', ( #12340 ), #8640, .T. ) ;
#3190 = DIRECTION ( 'NONE',  ( 0.0000000000000000000, -1.510616709811000052E-15, 1.000000000000000000 ) ) ;
#3191 = LINE ( 'NONE', #7083, #5216 ) ;
#3192 = VERTEX_POINT ( 'NONE', #666 ) ;
#3193 = SURFACE_STYLE_FILL_AREA ( #2931 ) ;
#3194 = DIRECTION ( 'NONE',  ( -1.000000000000000000, 0.0000000000000000000, 0.0000000000000000000 ) ) ;
#3195 = STYLED_ITEM ( 'NONE', ( #6887 ), #12499 ) ;
#3196 = FACE_OUTER_BOUND ( 'NONE', #4743, .T. ) ;
#3197 = STYLED_ITEM ( 'NONE', ( #4245 ), #331 ) ;
#3198 =( GEOMETRIC_REPRESENTATION_CONTEXT ( 3 ) GLOBAL_UNCERTAINTY_ASSIGNED_CONTEXT ( ( #4110 ) ) GLOBAL_UNIT_ASSIGNED_CONTEXT ( ( #8920, #4034, #11841 ) ) REPRESENTATION_CONTEXT ( 'NONE', 'WORKASPACE' ) );
#3199 = PRESENTATION_LAYER_ASSIGNMENT (  '', '', ( #4408 ) ) ;
#3200 =( NAMED_UNIT ( * ) SI_UNIT ( $, .STERADIAN. ) SOLID_ANGLE_UNIT ( ) );
#3201 = VECTOR ( 'NONE', #4973, 1000.000000000000000 ) ;
#3202 = MECHANICAL_DESIGN_GEOMETRIC_PRESENTATION_REPRESENTATION (  '', ( #1567 ), #5839 ) ;
#3203 =( NAMED_UNIT ( * ) PLANE_ANGLE_UNIT ( ) SI_UNIT ( $, .RADIAN. ) );
#3204 = AXIS2_PLACEMENT_3D ( 'NONE', #303, #493, #6154 ) ;
#3205 = LINE ( 'NONE', #280, #3545 ) ;
#3206 = VECTOR ( 'NONE', #6015, 1000.000000000000114 ) ;
#3207 = CARTESIAN_POINT ( 'NONE',  ( 5.399999923705999905, 3.809999961852999384, 0.9499999999999999556 ) ) ;
#3208 = DIRECTION ( 'NONE',  ( 0.0000000000000000000, -1.554312234475000050E-15, 1.000000000000000000 ) ) ;
#3209 = EDGE_CURVE ( 'NONE', #31, #9061, #8531, .T. ) ;
#3210 = SURFACE_SIDE_STYLE ('',( #11947 ) ) ;
#3211 = ORIENTED_EDGE ( 'NONE', *, *, #1532, .F. ) ;
#3212 = VERTEX_POINT ( 'NONE', #10498 ) ;
#3213 = EDGE_CURVE ( 'NONE', #8140, #4206, #7491, .T. ) ;
#3214 = CIRCLE ( 'NONE', #1177, 0.9499999999999999556 ) ;
#3215 = CARTESIAN_POINT ( 'NONE',  ( 13.01999980926500200, 1.820000011921000471, 1.589999999999999414 ) ) ;
#3216 = PLANE ( 'NONE',  #2082 ) ;
#3217 = FACE_OUTER_BOUND ( 'NONE', #7739, .T. ) ;
#3218 = SURFACE_STYLE_FILL_AREA ( #8133 ) ;
#3219 = PRESENTATION_LAYER_ASSIGNMENT (  '', '', ( #8726 ) ) ;
#3220 = CARTESIAN_POINT ( 'NONE',  ( -0.3200000000000000067, 1.270000000000000018, 0.9499999999999999556 ) ) ;
#3221 = STYLED_ITEM ( 'NONE', ( #6673 ), #3873 ) ;
#3222 = SURFACE_STYLE_USAGE ( .BOTH. , #8137 ) ;
#3223 = SURFACE_SIDE_STYLE ('',( #11968 ) ) ;
#3224 = UNCERTAINTY_MEASURE_WITH_UNIT (LENGTH_MEASURE( 1.000000000000000082E-05 ), #6180, 'distance_accuracy_value', 'NONE');
#3225 = FILL_AREA_STYLE ('',( #11012 ) ) ;
#3226 = EDGE_LOOP ( 'NONE', ( #8159, #1282, #10940, #9216 ) ) ;
#3227 = VECTOR ( 'NONE', #980, 1000.000000000000114 ) ;
#3228 = MECHANICAL_DESIGN_GEOMETRIC_PRESENTATION_REPRESENTATION (  '', ( #8740 ), #6495 ) ;
#3229 = FACE_OUTER_BOUND ( 'NONE', #10217, .T. ) ;
#3230 = VERTEX_POINT ( 'NONE', #730 ) ;
#3231 = SURFACE_STYLE_USAGE ( .BOTH. , #6920 ) ;
#3232 = DIRECTION ( 'NONE',  ( 0.0000000000000000000, 0.0000000000000000000, -1.000000000000000000 ) ) ;
#3233 = SURFACE_SIDE_STYLE ('',( #11019 ) ) ;
#3234 = CARTESIAN_POINT ( 'NONE',  ( 3.809999923706000047, 1.820000011921000027, 2.214999988079000115 ) ) ;
#3235 = SURFACE_STYLE_USAGE ( .BOTH. , #3290 ) ;
#3236 = SURFACE_SIDE_STYLE ('',( #10840 ) ) ;
#3237 = EDGE_CURVE ( 'NONE', #9190, #108, #4614, .T. ) ;
#3238 = CARTESIAN_POINT ( 'NONE',  ( 8.889999847411999667, 1.519999999999999130, 2.214999988078999671 ) ) ;
#3239 = FACE_OUTER_BOUND ( 'NONE', #7962, .T. ) ;
#3240 =( LENGTH_UNIT ( ) NAMED_UNIT ( * ) SI_UNIT ( .MILLI., .METRE. ) );
#3241 = LINE ( 'NONE', #5083, #2372 ) ;
#3242 = ORIENTED_EDGE ( 'NONE', *, *, #1252, .F. ) ;
#3243 = CARTESIAN_POINT ( 'NONE',  ( 7.499999888538999571, -0.1199999970199998878, -2.999999999999999556 ) ) ;
#3244 = ORIENTED_EDGE ( 'NONE', *, *, #7968, .F. ) ;
#3245 = STYLED_ITEM ( 'NONE', ( #6408 ), #831 ) ;
#3246 = FACE_OUTER_BOUND ( 'NONE', #5251, .T. ) ;
#3247 = ORIENTED_EDGE ( 'NONE', *, *, #71, .T. ) ;
#3248 = EDGE_CURVE ( 'NONE', #8424, #2671, #6488, .T. ) ;
#3249 = CARTESIAN_POINT ( 'NONE',  ( 1.270000000000250706, 3.809999961852999384, 2.214999988079251025 ) ) ;
#3250 =( NAMED_UNIT ( * ) PLANE_ANGLE_UNIT ( ) SI_UNIT ( $, .RADIAN. ) );
#3251 = ADVANCED_FACE ( 'NONE', ( #11407 ), #2650, .F. ) ;
#3252 = CARTESIAN_POINT ( 'NONE',  ( -0.3200000000000000067, 1.270000000000000018, 0.9499999999999999556 ) ) ;
#3253 =( NAMED_UNIT ( * ) SI_UNIT ( $, .STERADIAN. ) SOLID_ANGLE_UNIT ( ) );
#3254 = CARTESIAN_POINT ( 'NONE',  ( 4.759999923706000224, 1.270000000000000018, 1.589999999999999858 ) ) ;
#3255 = ORIENTED_EDGE ( 'NONE', *, *, #11364, .F. ) ;
#3256 = LINE ( 'NONE', #1273, #1491 ) ;
#3257 = UNCERTAINTY_MEASURE_WITH_UNIT (LENGTH_MEASURE( 1.000000000000000082E-05 ), #6508, 'distance_accuracy_value', 'NONE');
#3258 = EDGE_LOOP ( 'NONE', ( #8369, #7700, #9282, #6808 ) ) ;
#3259 = SURFACE_STYLE_USAGE ( .BOTH. , #11111 ) ;
#3260 = PLANE ( 'NONE',  #10693 ) ;
#3261 = MECHANICAL_DESIGN_GEOMETRIC_PRESENTATION_REPRESENTATION (  '', ( #4259 ), #11216 ) ;
#3262 = EDGE_CURVE ( 'NONE', #10624, #5933, #2114, .T. ) ;
#3263 = CARTESIAN_POINT ( 'NONE',  ( 8.889999847411999667, 3.809999961852999828, 0.02500000000000000139 ) ) ;
#3264 = PRESENTATION_LAYER_ASSIGNMENT (  '', '', ( #8774 ) ) ;
#3265 = ORIENTED_EDGE ( 'NONE', *, *, #1323, .T. ) ;
#3266 = UNCERTAINTY_MEASURE_WITH_UNIT (LENGTH_MEASURE( 1.000000000000000082E-05 ), #2618, 'distance_accuracy_value', 'NONE');
#3267 = CARTESIAN_POINT ( 'NONE',  ( 0.3199999999999999512, 3.809999961852999384, 1.590000000000000080 ) ) ;
#3268 = FILL_AREA_STYLE ('',( #7911 ) ) ;
#3269 = EDGE_LOOP ( 'NONE', ( #11846, #1959, #12310, #3039 ) ) ;
#3270 = DIRECTION ( 'NONE',  ( -0.0000000000000000000, 1.000000000000000000, 1.510616709811000052E-15 ) ) ;
#3271 = EDGE_LOOP ( 'NONE', ( #1051, #5710, #4842, #4202 ) ) ;
#3272 = PLANE ( 'NONE',  #8524 ) ;
#3273 = STYLED_ITEM ( 'NONE', ( #11829 ), #6919 ) ;
#3274 =( NAMED_UNIT ( * ) SI_UNIT ( $, .STERADIAN. ) SOLID_ANGLE_UNIT ( ) );
#3275 = PRESENTATION_LAYER_ASSIGNMENT (  '', '', ( #8782 ) ) ;
#3276 =( NAMED_UNIT ( * ) SI_UNIT ( $, .STERADIAN. ) SOLID_ANGLE_UNIT ( ) );
#3277 = DIRECTION ( 'NONE',  ( -1.000000000000000000, 0.0000000000000000000, 0.0000000000000000000 ) ) ;
#3278 = UNCERTAINTY_MEASURE_WITH_UNIT (LENGTH_MEASURE( 1.000000000000000082E-05 ), #9443, 'distance_accuracy_value', 'NONE');
#3279 = FACE_OUTER_BOUND ( 'NONE', #6873, .T. ) ;
#3280 = SURFACE_STYLE_USAGE ( .BOTH. , #366 ) ;
#3281 = PRESENTATION_STYLE_ASSIGNMENT (( #12021 ) ) ;
#3282 = FACE_BOUND ( 'NONE', #5515, .T. ) ;
#3283 = ORIENTED_EDGE ( 'NONE', *, *, #9586, .T. ) ;
#3284 =( NAMED_UNIT ( * ) PLANE_ANGLE_UNIT ( ) SI_UNIT ( $, .RADIAN. ) );
#3285 = SURFACE_SIDE_STYLE ('',( #7413 ) ) ;
#3286 = ORIENTED_EDGE ( 'NONE', *, *, #921, .F. ) ;
#3287 = COLOUR_RGB ( '',0.09411764705882352811, 0.09411764705882352811, 0.09411764705882352811 ) ;
#3288 = FILL_AREA_STYLE ('',( #5313 ) ) ;
#3289 = CARTESIAN_POINT ( 'NONE',  ( 6.499999891520000794, 1.520000000000000018, 2.364999994040000164 ) ) ;
#3290 = SURFACE_SIDE_STYLE ('',( #8147 ) ) ;
#3291 = STYLED_ITEM ( 'NONE', ( #5315 ), #3142 ) ;
#3292 = EDGE_CURVE ( 'NONE', #9655, #3152, #7787, .T. ) ;
#3293 = SHAPE_REPRESENTATION_RELATIONSHIP ( 'NONE' , 'NONE' ,  #8849, #2980 ) ;
#3294 = LINE ( 'NONE', #8344, #983 ) ;
#3295 = SURFACE_STYLE_USAGE ( .BOTH. , #2270 ) ;
#3296 =( NAMED_UNIT ( * ) PLANE_ANGLE_UNIT ( ) SI_UNIT ( $, .RADIAN. ) );
#3297 =( GEOMETRIC_REPRESENTATION_CONTEXT ( 3 ) GLOBAL_UNCERTAINTY_ASSIGNED_CONTEXT ( ( #583 ) ) GLOBAL_UNIT_ASSIGNED_CONTEXT ( ( #3674, #2793, #6745 ) ) REPRESENTATION_CONTEXT ( 'NONE', 'WORKASPACE' ) );
#3298 = FACE_OUTER_BOUND ( 'NONE', #11669, .T. ) ;
#3299 = FILL_AREA_STYLE ('',( #8082 ) ) ;
#3300 = ORIENTED_EDGE ( 'NONE', *, *, #4908, .T. ) ;
#3301 = DIRECTION ( 'NONE',  ( -0.0000000000000000000, -1.000000000000000000, -1.332267629549999902E-15 ) ) ;
#3302 = VECTOR ( 'NONE', #12076, 1000.000000000000000 ) ;
#3303 = ORIENTED_EDGE ( 'NONE', *, *, #5046, .F. ) ;
#3304 = LINE ( 'NONE', #674, #3385 ) ;
#3305 = EDGE_LOOP ( 'NONE', ( #3965, #4824, #6911, #11004 ) ) ;
#3306 = CARTESIAN_POINT ( 'NONE',  ( 11.12999983549112493, 1.520000000000000018, 0.02499999999987496946 ) ) ;
#3307 = CARTESIAN_POINT ( 'NONE',  ( 4.759999923706000224, 9.609999997019999185, 0.9499999999999999556 ) ) ;
#3308 = FILL_AREA_STYLE ('',( #6300 ) ) ;
#3309 = DIRECTION ( 'NONE',  ( 0.0000000000000000000, 0.0000000000000000000, -1.000000000000000000 ) ) ;
#3310 = VECTOR ( 'NONE', #8768, 1000.000000000000114 ) ;
#3311 = STYLED_ITEM ( 'NONE', ( #11134 ), #1025 ) ;
#3312 = COLOUR_RGB ( '',0.09411764705882352811, 0.09411764705882352811, 0.09411764705882352811 ) ;
#3313 = CARTESIAN_POINT ( 'NONE',  ( -0.3200000000000000067, 0.3200000000000000067, -3.000000000000000000 ) ) ;
#3314 = SURFACE_STYLE_FILL_AREA ( #4970 ) ;
#3315 = LINE ( 'NONE', #6108, #1548 ) ;
#3316 = VERTEX_POINT ( 'NONE', #34 ) ;
#3317 = SURFACE_SIDE_STYLE ('',( #9077 ) ) ;
#3318 = CARTESIAN_POINT ( 'NONE',  ( 14.91999977111800035, 9.810000000000000497, 1.389999997020000100 ) ) ;
#3319 = VECTOR ( 'NONE', #11681, 1000.000000000000114 ) ;
#3320 = LINE ( 'NONE', #8956, #4600 ) ;
#3321 = ORIENTED_EDGE ( 'NONE', *, *, #7534, .T. ) ;
#3322 = DIRECTION ( 'NONE',  ( 0.0000000000000000000, 1.000000000000000000, -0.0000000000000000000 ) ) ;
#3323 = SURFACE_STYLE_USAGE ( .BOTH. , #11883 ) ;
#3324 = CARTESIAN_POINT ( 'NONE',  ( 15.11999977409799811, -0.1199999970199998878, -3.000000000000000444 ) ) ;
#3325 = MECHANICAL_DESIGN_GEOMETRIC_PRESENTATION_REPRESENTATION (  '', ( #8836 ), #8396 ) ;
#3326 = EDGE_CURVE ( 'NONE', #9256, #947, #6071, .T. ) ;
#3327 = ORIENTED_EDGE ( 'NONE', *, *, #5004, .F. ) ;
#3328 = PLANE ( 'NONE',  #11635 ) ;
#3329 = LINE ( 'NONE', #7976, #1269 ) ;
#3330 = EDGE_CURVE ( 'NONE', #11035, #11914, #12598, .T. ) ;
#3331 = ORIENTED_EDGE ( 'NONE', *, *, #2289, .F. ) ;
#3332 = ORIENTED_EDGE ( 'NONE', *, *, #11847, .T. ) ;
#3333 = PLANE ( 'NONE',  #7275 ) ;
#3334 = CARTESIAN_POINT ( 'NONE',  ( 4.959999926685999760, 9.810000000000000497, 1.590000000000000080 ) ) ;
#3335 = CARTESIAN_POINT ( 'NONE',  ( 8.889999847411999667, 1.520000000000000018, 0.3250000119210012528 ) ) ;
#3336 = FILL_AREA_STYLE ('',( #9291 ) ) ;
#3337 = EDGE_CURVE ( 'NONE', #6845, #10026, #3843, .T. ) ;
#3338 = PLANE ( 'NONE',  #8272 ) ;
#3339 = DIRECTION ( 'NONE',  ( 0.0000000000000000000, 1.000000000000000000, 1.609823385705999920E-15 ) ) ;
#3340 = ORIENTED_EDGE ( 'NONE', *, *, #4054, .F. ) ;
#3341 = PLANE ( 'NONE',  #6285 ) ;
#3342 = FILL_AREA_STYLE_COLOUR ( '', #8048 ) ;
#3343 = ORIENTED_EDGE ( 'NONE', *, *, #1776, .T. ) ;
#3344 = ADVANCED_FACE ( 'NONE', ( #917 ), #4924, .T. ) ;
#3345 = SURFACE_SIDE_STYLE ('',( #10138 ) ) ;
#3346 = FACE_OUTER_BOUND ( 'NONE', #243, .T. ) ;
#3347 = SHAPE_DEFINITION_REPRESENTATION ( #4086, #4914 ) ;
#3348 = DIRECTION ( 'NONE',  ( 0.0000000000000000000, 1.000000000000000000, 0.0000000000000000000 ) ) ;
#3349 = CARTESIAN_POINT ( 'NONE',  ( 17.65999973595100059, 0.3200000000000000067, -3.000000000000000000 ) ) ;
#3350 = PRESENTATION_LAYER_ASSIGNMENT (  '', '', ( #12316 ) ) ;
#3351 = AXIS2_PLACEMENT_3D ( 'NONE', #5976, #3194, #2300 ) ;
#3352 = CARTESIAN_POINT ( 'NONE',  ( 17.45999973297099928, 1.270000000000000018, 0.9499999999999999556 ) ) ;
#3353 = PRESENTATION_STYLE_ASSIGNMENT (( #5201 ) ) ;
#3354 = FACE_OUTER_BOUND ( 'NONE', #5594, .T. ) ;
#3355 = DIRECTION ( 'NONE',  ( -1.000000000000000000, -0.0000000000000000000, -0.0000000000000000000 ) ) ;
#3356 = ORIENTED_EDGE ( 'NONE', *, *, #4954, .T. ) ;
#3357 = EDGE_CURVE ( 'NONE', #203, #1888, #8839, .T. ) ;
#3358 = ORIENTED_EDGE ( 'NONE', *, *, #8943, .T. ) ;
#3359 = PRESENTATION_STYLE_ASSIGNMENT (( #1643 ) ) ;
#3360 =( NAMED_UNIT ( * ) PLANE_ANGLE_UNIT ( ) SI_UNIT ( $, .RADIAN. ) );
#3361 = CARTESIAN_POINT ( 'NONE',  ( 18.09999973297100340, 1.820000011921000249, 1.589999999999996749 ) ) ;
#3362 = DIRECTION ( 'NONE',  ( -0.0000000000000000000, -0.0000000000000000000, 1.000000000000000000 ) ) ;
#3363 =( GEOMETRIC_REPRESENTATION_CONTEXT ( 3 ) GLOBAL_UNCERTAINTY_ASSIGNED_CONTEXT ( ( #4661 ) ) GLOBAL_UNIT_ASSIGNED_CONTEXT ( ( #8222, #5104, #11886 ) ) REPRESENTATION_CONTEXT ( 'NONE', 'WORKASPACE' ) );
#3364 = SURFACE_SIDE_STYLE ('',( #5391 ) ) ;
#3365 = LINE ( 'NONE', #7906, #7692 ) ;
#3366 = SURFACE_SIDE_STYLE ('',( #7437 ) ) ;
#3367 = STYLED_ITEM ( 'NONE', ( #12309 ), #5158 ) ;
#3368 = DIRECTION ( 'NONE',  ( -1.000000000000000000, 0.0000000000000000000, 0.0000000000000000000 ) ) ;
#3369 = AXIS2_PLACEMENT_3D ( 'NONE', #4750, #3916, #5834 ) ;
#3370 = FILL_AREA_STYLE_COLOUR ( '', #11543 ) ;
#3371 = LINE ( 'NONE', #12246, #5999 ) ;
#3372 = VERTEX_POINT ( 'NONE', #4031 ) ;
#3373 = PRESENTATION_LAYER_ASSIGNMENT (  '', '', ( #1330 ) ) ;
#3374 = AXIS2_PLACEMENT_3D ( 'NONE', #6733, #10762, #5747 ) ;
#3375 = DIRECTION ( 'NONE',  ( 0.0000000000000000000, 0.0000000000000000000, -1.000000000000000000 ) ) ;
#3376 = UNCERTAINTY_MEASURE_WITH_UNIT (LENGTH_MEASURE( 1.000000000000000082E-05 ), #5224, 'distance_accuracy_value', 'NONE');
#3377 = MECHANICAL_DESIGN_GEOMETRIC_PRESENTATION_REPRESENTATION (  '', ( #9527 ), #7650 ) ;
#3378 = PLANE ( 'NONE',  #6848 ) ;
#3379 = VERTEX_POINT ( 'NONE', #7917 ) ;
#3380 = LINE ( 'NONE', #5348, #12569 ) ;
#3381 = SURFACE_STYLE_FILL_AREA ( #522 ) ;
#3382 = STYLED_ITEM ( 'NONE', ( #877 ), #9008 ) ;
#3383 = COLOUR_RGB ( '',0.09411764705882352811, 0.09411764705882352811, 0.09411764705882352811 ) ;
#3384 =( GEOMETRIC_REPRESENTATION_CONTEXT ( 3 ) GLOBAL_UNCERTAINTY_ASSIGNED_CONTEXT ( ( #302 ) ) GLOBAL_UNIT_ASSIGNED_CONTEXT ( ( #5204, #9882, #2276 ) ) REPRESENTATION_CONTEXT ( 'NONE', 'WORKASPACE' ) );
#3385 = VECTOR ( 'NONE', #9322, 1000.000000000000000 ) ;
#3386 = EDGE_CURVE ( 'NONE', #12462, #7078, #2318, .T. ) ;
#3387 =( NAMED_UNIT ( * ) PLANE_ANGLE_UNIT ( ) SI_UNIT ( $, .RADIAN. ) );
#3388 = FACE_OUTER_BOUND ( 'NONE', #5087, .T. ) ;
#3389 = ORIENTED_EDGE ( 'NONE', *, *, #1120, .F. ) ;
#3390 = UNCERTAINTY_MEASURE_WITH_UNIT (LENGTH_MEASURE( 1.000000000000000082E-05 ), #2569, 'distance_accuracy_value', 'NONE');
#3391 = SURFACE_SIDE_STYLE ('',( #10183 ) ) ;
#3392 = CARTESIAN_POINT ( 'NONE',  ( 4.109999935627000056, 1.519999999999998241, 2.514999999999999680 ) ) ;
#3393 = AXIS2_PLACEMENT_3D ( 'NONE', #10723, #1969, #2923 ) ;
#3394 = EDGE_LOOP ( 'NONE', ( #8947, #4746, #4025, #10959, #3244 ) ) ;
#3395 = SURFACE_STYLE_USAGE ( .BOTH. , #6529 ) ;
#3396 = ORIENTED_EDGE ( 'NONE', *, *, #537, .F. ) ;
#3397 = CARTESIAN_POINT ( 'NONE',  ( 0.2199999985099999888, 9.709999998510001618, 0.9499999999999999556 ) ) ;
#3398 = PRESENTATION_LAYER_ASSIGNMENT (  '', '', ( #2790 ) ) ;
#3399 = COLOUR_RGB ( '',0.09411764705882352811, 0.09411764705882352811, 0.09411764705882352811 ) ;
#3400 = VECTOR ( 'NONE', #11936, 1000.000000000000000 ) ;
#3401 = SURFACE_STYLE_FILL_AREA ( #783 ) ;
#3402 = FACE_OUTER_BOUND ( 'NONE', #6918, .T. ) ;
#3403 = CARTESIAN_POINT ( 'NONE',  ( 15.55999977111799915, 9.609999997019999185, 1.590000000000000080 ) ) ;
#3404 = ADVANCED_FACE ( 'NONE', ( #3402 ), #2390, .F. ) ;
#3405 = COLOUR_RGB ( '',0.09411764705882352811, 0.09411764705882352811, 0.09411764705882352811 ) ;
#3406 = EDGE_CURVE ( 'NONE', #8647, #1981, #5359, .T. ) ;
#3407 = UNCERTAINTY_MEASURE_WITH_UNIT (LENGTH_MEASURE( 1.000000000000000082E-05 ), #6890, 'distance_accuracy_value', 'NONE');
#3408 = AXIS2_PLACEMENT_3D ( 'NONE', #8220, #266, #3060 ) ;
#3409 = VECTOR ( 'NONE', #11001, 1000.000000000000000 ) ;
#3410 = CARTESIAN_POINT ( 'NONE',  ( 10.47999984741199953, 1.820000011921000471, 1.589999999999999414 ) ) ;
#3411 =( NAMED_UNIT ( * ) SI_UNIT ( $, .STERADIAN. ) SOLID_ANGLE_UNIT ( ) );
#3412 = VECTOR ( 'NONE', #1426, 1000.000000000000000 ) ;
#3413 = CARTESIAN_POINT ( 'NONE',  ( 7.299999885559000035, 3.809999961852999828, 1.590000000000000080 ) ) ;
#3414 = EDGE_LOOP ( 'NONE', ( #5015, #11287, #8366, #6528 ) ) ;
#3415 = SURFACE_STYLE_FILL_AREA ( #6346 ) ;
#3416 =( LENGTH_UNIT ( ) NAMED_UNIT ( * ) SI_UNIT ( .MILLI., .METRE. ) );
#3417 = VECTOR ( 'NONE', #11153, 1000.000000000000000 ) ;
#3418 = DIRECTION ( 'NONE',  ( -0.0000000000000000000, 0.0000000000000000000, 1.000000000000000000 ) ) ;
#3419 =( GEOMETRIC_REPRESENTATION_CONTEXT ( 3 ) GLOBAL_UNCERTAINTY_ASSIGNED_CONTEXT ( ( #12211 ) ) GLOBAL_UNIT_ASSIGNED_CONTEXT ( ( #651, #471, #535 ) ) REPRESENTATION_CONTEXT ( 'NONE', 'WORKASPACE' ) );
#3420 = DIRECTION ( 'NONE',  ( 0.0000000000000000000, -1.332267629549999902E-15, 1.000000000000000000 ) ) ;
#3421 = MECHANICAL_DESIGN_GEOMETRIC_PRESENTATION_REPRESENTATION (  '', ( #10379 ), #12183 ) ;
#3422 = EDGE_CURVE ( 'NONE', #11865, #10991, #12015, .T. ) ;
#3423 = DIRECTION ( 'NONE',  ( -0.7071067811865474617, 0.0000000000000000000, -0.7071067811865474617 ) ) ;
#3424 = SURFACE_STYLE_FILL_AREA ( #12035 ) ;
#3425 = DIRECTION ( 'NONE',  ( 1.000000000000000000, 0.0000000000000000000, 0.0000000000000000000 ) ) ;
#3426 = COLOUR_RGB ( '',1.000000000000000000, 1.000000000000000000, 0.4980392156862745168 ) ;
#3427 = ORIENTED_EDGE ( 'NONE', *, *, #10806, .F. ) ;
#3428 =( NAMED_UNIT ( * ) PLANE_ANGLE_UNIT ( ) SI_UNIT ( $, .RADIAN. ) );
#3429 = VERTEX_POINT ( 'NONE', #477 ) ;
#3430 = CARTESIAN_POINT ( 'NONE',  ( 2.219999961852999970, 0.3200000000000000067, -3.000000000000000000 ) ) ;
#3431 = VERTEX_POINT ( 'NONE', #7208 ) ;
#3432 = LINE ( 'NONE', #3361, #2392 ) ;
#3433 = CARTESIAN_POINT ( 'NONE',  ( 17.45999973297099928, 9.810000000000000497, 1.150000002980000158 ) ) ;
#3434 =( LENGTH_UNIT ( ) NAMED_UNIT ( * ) SI_UNIT ( .MILLI., .METRE. ) );
#3435 = SURFACE_STYLE_FILL_AREA ( #5524 ) ;
#3436 = PLANE ( 'NONE',  #11777 ) ;
#3437 = DIRECTION ( 'NONE',  ( 0.0000000000000000000, 0.7071067811865474617, -0.7071067811865474617 ) ) ;
#3438 = PRESENTATION_STYLE_ASSIGNMENT (( #8298 ) ) ;
#3439 = DIRECTION ( 'NONE',  ( 0.0000000000000000000, 0.7071067811865475727, -0.7071067811865475727 ) ) ;
#3440 = FILL_AREA_STYLE ('',( #6511 ) ) ;
#3441 = VECTOR ( 'NONE', #7299, 1000.000000000000114 ) ;
#3442 = FACE_BOUND ( 'NONE', #1073, .T. ) ;
#3443 = ORIENTED_EDGE ( 'NONE', *, *, #172, .F. ) ;
#3444 = EDGE_LOOP ( 'NONE', ( #6211, #12071, #1513, #638 ) ) ;
#3445 =( LENGTH_UNIT ( ) NAMED_UNIT ( * ) SI_UNIT ( .MILLI., .METRE. ) );
#3446 = FILL_AREA_STYLE_COLOUR ( '', #12353 ) ;
#3447 = PLANE ( 'NONE',  #2765 ) ;
#3448 = LINE ( 'NONE', #5244, #701 ) ;
#3449 = EDGE_LOOP ( 'NONE', ( #11867, #4596, #8760, #11104 ) ) ;
#3450 =( NAMED_UNIT ( * ) SI_UNIT ( $, .STERADIAN. ) SOLID_ANGLE_UNIT ( ) );
#3451 = SURFACE_SIDE_STYLE ('',( #11123 ) ) ;
#3452 = AXIS2_PLACEMENT_3D ( 'NONE', #11929, #9713, #11747 ) ;
#3453 = ORIENTED_EDGE ( 'NONE', *, *, #3549, .T. ) ;
#3454 = VERTEX_POINT ( 'NONE', #357 ) ;
#3455 = FILL_AREA_STYLE_COLOUR ( '', #4353 ) ;
#3456 = EDGE_CURVE ( 'NONE', #9460, #12207, #11959, .T. ) ;
#3457 = EDGE_CURVE ( 'NONE', #10691, #7385, #7977, .T. ) ;
#3458 = FACE_OUTER_BOUND ( 'NONE', #8800, .T. ) ;
#3459 =( NAMED_UNIT ( * ) SI_UNIT ( $, .STERADIAN. ) SOLID_ANGLE_UNIT ( ) );
#3460 =( NAMED_UNIT ( * ) SI_UNIT ( $, .STERADIAN. ) SOLID_ANGLE_UNIT ( ) );
#3461 = VECTOR ( 'NONE', #7884, 1000.000000000000114 ) ;
#3462 =( NAMED_UNIT ( * ) PLANE_ANGLE_UNIT ( ) SI_UNIT ( $, .RADIAN. ) );
#3463 = CARTESIAN_POINT ( 'NONE',  ( 2.219999961852999970, 9.810000000000000497, 1.150000002980000158 ) ) ;
#3464 = DIRECTION ( 'NONE',  ( -0.0000000000000000000, 1.510616709811000052E-15, -1.000000000000000000 ) ) ;
#3465 = STYLED_ITEM ( 'NONE', ( #4268 ), #6907 ) ;
#3466 = DIRECTION ( 'NONE',  ( -1.000000000000000000, -0.0000000000000000000, -0.0000000000000000000 ) ) ;
#3467 = ORIENTED_EDGE ( 'NONE', *, *, #7328, .T. ) ;
#3468 = CARTESIAN_POINT ( 'NONE',  ( 9.839999847412000733, 0.3200000000000000067, -3.000000000000000000 ) ) ;
#3469 = LINE ( 'NONE', #1371, #6828 ) ;
#3470 = LINE ( 'NONE', #12407, #12209 ) ;
#3471 = DIRECTION ( 'NONE',  ( 0.0000000000000000000, 1.609823385705999920E-15, -1.000000000000000000 ) ) ;
#3472 = FILL_AREA_STYLE ('',( #12222 ) ) ;
#3473 =( GEOMETRIC_REPRESENTATION_CONTEXT ( 3 ) GLOBAL_UNCERTAINTY_ASSIGNED_CONTEXT ( ( #6951 ) ) GLOBAL_UNIT_ASSIGNED_CONTEXT ( ( #1235, #5811, #10686 ) ) REPRESENTATION_CONTEXT ( 'NONE', 'WORKASPACE' ) );
#3474 = ITEM_DEFINED_TRANSFORMATION ( 'NONE', 'NONE', #3204,  #5828 ) ;
#3475 = SURFACE_STYLE_USAGE ( .BOTH. , #5371 ) ;
#3476 = LINE ( 'NONE', #6288, #7289 ) ;
#3477 = EDGE_CURVE ( 'NONE', #8654, #1354, #6269, .T. ) ;
#3478 =( NAMED_UNIT ( * ) SI_UNIT ( $, .STERADIAN. ) SOLID_ANGLE_UNIT ( ) );
#3479 = PRESENTATION_STYLE_ASSIGNMENT (( #618 ) ) ;
#3480 = ORIENTED_EDGE ( 'NONE', *, *, #5345, .F. ) ;
#3481 = PLANE ( 'NONE',  #11832 ) ;
#3482 = MECHANICAL_DESIGN_GEOMETRIC_PRESENTATION_REPRESENTATION (  '', ( #6557 ), #9219 ) ;
#3483 = ORIENTED_EDGE ( 'NONE', *, *, #1265, .F. ) ;
#3484 = CARTESIAN_POINT ( 'NONE',  ( 7.939999885558998827, 0.3200000000000000067, -2.799999997020000020 ) ) ;
#3485 = ORIENTED_EDGE ( 'NONE', *, *, #11990, .F. ) ;
#3486 =( NAMED_UNIT ( * ) SI_UNIT ( $, .STERADIAN. ) SOLID_ANGLE_UNIT ( ) );
#3487 = FILL_AREA_STYLE_COLOUR ( '', #11464 ) ;
#3488 =( LENGTH_UNIT ( ) NAMED_UNIT ( * ) SI_UNIT ( .MILLI., .METRE. ) );
#3489 = FILL_AREA_STYLE ('',( #12103 ) ) ;
#3490 = ADVANCED_FACE ( 'NONE', ( #3217 ), #10190, .T. ) ;
#3491 = DIRECTION ( 'NONE',  ( -0.5773502691896219563, 0.5773502691896270633, 0.5773502691896282846 ) ) ;
#3492 = VECTOR ( 'NONE', #4043, 1000.000000000000114 ) ;
#3493 = CARTESIAN_POINT ( 'NONE',  ( 3.809999923705999603, 3.809999961852999828, 2.214999988079001003 ) ) ;
#3494 = LINE ( 'NONE', #8421, #1131 ) ;
#3495 = SURFACE_STYLE_FILL_AREA ( #6306 ) ;
#3496 = PRESENTATION_STYLE_ASSIGNMENT (( #9145 ) ) ;
#3497 = ORIENTED_EDGE ( 'NONE', *, *, #5238, .T. ) ;
#3498 = UNCERTAINTY_MEASURE_WITH_UNIT (LENGTH_MEASURE( 1.000000000000000082E-05 ), #2246, 'distance_accuracy_value', 'NONE');
#3499 = PRESENTATION_STYLE_ASSIGNMENT (( #8368 ) ) ;
#3500 = ORIENTED_EDGE ( 'NONE', *, *, #6732, .F. ) ;
#3501 = CARTESIAN_POINT ( 'NONE',  ( 13.01999980926500200, 9.609999997019999185, 1.590000000000000302 ) ) ;
#3502 = VECTOR ( 'NONE', #5420, 1000.000000000000000 ) ;
#3503 = CARTESIAN_POINT ( 'NONE',  ( 6.349999885558999857, 1.520000000000000018, 2.515000000000000124 ) ) ;
#3504 =( LENGTH_UNIT ( ) NAMED_UNIT ( * ) SI_UNIT ( .MILLI., .METRE. ) );
#3505 = VECTOR ( 'NONE', #9934, 1000.000000000000000 ) ;
#3506 = UNCERTAINTY_MEASURE_WITH_UNIT (LENGTH_MEASURE( 1.000000000000000082E-05 ), #686, 'distance_accuracy_value', 'NONE');
#3507 = EDGE_CURVE ( 'NONE', #9603, #9256, #1620, .T. ) ;
#3508 = COLOUR_RGB ( '',0.09411764705882352811, 0.09411764705882352811, 0.09411764705882352811 ) ;
#3509 = DIRECTION ( 'NONE',  ( 0.0000000000000000000, -1.000000000000000000, 0.0000000000000000000 ) ) ;
#3510 = UNCERTAINTY_MEASURE_WITH_UNIT (LENGTH_MEASURE( 1.000000000000000082E-05 ), #5302, 'distance_accuracy_value', 'NONE');
#3511 = DIRECTION ( 'NONE',  ( -1.000000000000000000, -0.0000000000000000000, -0.0000000000000000000 ) ) ;
#3512 = CARTESIAN_POINT ( 'NONE',  ( 5.199999920726000369, -0.1199999970199999433, -3.000000000000000444 ) ) ;
#3513 = LINE ( 'NONE', #3571, #363 ) ;
#3514 = VERTEX_POINT ( 'NONE', #5498 ) ;
#3515 = PRESENTATION_STYLE_ASSIGNMENT (( #6468 ) ) ;
#3516 = ORIENTED_EDGE ( 'NONE', *, *, #1811, .F. ) ;
#3517 = EDGE_CURVE ( 'NONE', #4512, #1354, #552, .T. ) ;
#3518 = ADVANCED_FACE ( 'NONE', ( #9366 ), #8335, .F. ) ;
#3519 = COLOUR_RGB ( '',1.000000000000000000, 1.000000000000000000, 0.4980392156862745168 ) ;
#3520 = CARTESIAN_POINT ( 'NONE',  ( 12.37999980926499966, 0.3200000000000000067, -3.000000000000000000 ) ) ;
#3521 =( LENGTH_UNIT ( ) NAMED_UNIT ( * ) SI_UNIT ( .MILLI., .METRE. ) );
#3522 =( NAMED_UNIT ( * ) PLANE_ANGLE_UNIT ( ) SI_UNIT ( $, .RADIAN. ) );
#3523 = UNCERTAINTY_MEASURE_WITH_UNIT (LENGTH_MEASURE( 1.000000000000000082E-05 ), #12491, 'distance_accuracy_value', 'NONE');
#3524 =( NAMED_UNIT ( * ) SI_UNIT ( $, .STERADIAN. ) SOLID_ANGLE_UNIT ( ) );
#3525 = EDGE_CURVE ( 'NONE', #6315, #10655, #789, .T. ) ;
#3526 = PRESENTATION_STYLE_ASSIGNMENT (( #10196 ) ) ;
#3527 = CARTESIAN_POINT ( 'NONE',  ( 6.349999885558999857, 1.520000000000000018, 0.02500000000000000139 ) ) ;
#3528 = ORIENTED_EDGE ( 'NONE', *, *, #1808, .F. ) ;
#3529 = STYLED_ITEM ( 'NONE', ( #11349 ), #1890 ) ;
#3530 = PLANE ( 'NONE',  #5698 ) ;
#3531 = SURFACE_STYLE_FILL_AREA ( #12281 ) ;
#3532 = DIRECTION ( 'NONE',  ( 0.7071067811865474617, 0.0000000000000000000, 0.7071067811865474617 ) ) ;
#3533 = CARTESIAN_POINT ( 'NONE',  ( 11.42999984741212671, 1.519999999999999796, 0.3250000119208750760 ) ) ;
#3534 =( NAMED_UNIT ( * ) PLANE_ANGLE_UNIT ( ) SI_UNIT ( $, .RADIAN. ) );
#3535 = DIRECTION ( 'NONE',  ( 0.0000000000000000000, 1.000000000000000000, 0.0000000000000000000 ) ) ;
#3536 = CARTESIAN_POINT ( 'NONE',  ( 2.859999961853000094, 3.809999961852999828, 0.9499999999999999556 ) ) ;
#3537 = SURFACE_SIDE_STYLE ('',( #4621 ) ) ;
#3538 = ORIENTED_EDGE ( 'NONE', *, *, #2072, .F. ) ;
#3539 = ORIENTED_EDGE ( 'NONE', *, *, #5730, .T. ) ;
#3540 = DIRECTION ( 'NONE',  ( -0.0000000000000000000, -1.000000000000000000, 0.0000000000000000000 ) ) ;
#3541 = VERTEX_POINT ( 'NONE', #4479 ) ;
#3542 = PRESENTATION_STYLE_ASSIGNMENT (( #9260 ) ) ;
#3543 = EDGE_CURVE ( 'NONE', #6328, #1730, #607, .T. ) ;
#3544 = FILL_AREA_STYLE_COLOUR ( '', #10544 ) ;
#3545 = VECTOR ( 'NONE', #10294, 1000.000000000000000 ) ;
#3546 =( GEOMETRIC_REPRESENTATION_CONTEXT ( 3 ) GLOBAL_UNCERTAINTY_ASSIGNED_CONTEXT ( ( #5677 ) ) GLOBAL_UNIT_ASSIGNED_CONTEXT ( ( #6186, #8172, #9083 ) ) REPRESENTATION_CONTEXT ( 'NONE', 'WORKASPACE' ) );
#3547 =( NAMED_UNIT ( * ) PLANE_ANGLE_UNIT ( ) SI_UNIT ( $, .RADIAN. ) );
#3548 = FACE_OUTER_BOUND ( 'NONE', #8348, .T. ) ;
#3549 = EDGE_CURVE ( 'NONE', #3869, #3577, #11267, .T. ) ;
#3550 = DIRECTION ( 'NONE',  ( 0.0000000000000000000, -0.7071067811865475727, -0.7071067811865475727 ) ) ;
#3551 = CARTESIAN_POINT ( 'NONE',  ( 13.96999980926549867, 1.520000000000000018, 2.214999988079501048 ) ) ;
#3552 = LINE ( 'NONE', #8423, #8872 ) ;
#3553 = CARTESIAN_POINT ( 'NONE',  ( 9.839999847412000733, 0.2199999985099999888, -2.899999998509999788 ) ) ;
#3554 = EDGE_LOOP ( 'NONE', ( #9357, #9, #8505, #11628 ) ) ;
#3555 = COLOUR_RGB ( '',1.000000000000000000, 1.000000000000000000, 0.4980392156862745168 ) ;
#3556 = AXIS2_PLACEMENT_3D ( 'NONE', #6102, #3997, #7891 ) ;
#3557 = ORIENTED_EDGE ( 'NONE', *, *, #6924, .F. ) ;
#3558 = DIRECTION ( 'NONE',  ( 0.0000000000000000000, 0.0000000000000000000, 1.000000000000000000 ) ) ;
#3559 = COLOUR_RGB ( '',0.09411764705882352811, 0.09411764705882352811, 0.09411764705882352811 ) ;
#3560 = PLANE ( 'NONE',  #8032 ) ;
#3561 = SURFACE_SIDE_STYLE ('',( #4648 ) ) ;
#3562 = FACE_OUTER_BOUND ( 'NONE', #5789, .T. ) ;
#3563 = UNCERTAINTY_MEASURE_WITH_UNIT (LENGTH_MEASURE( 1.000000000000000082E-05 ), #9677, 'distance_accuracy_value', 'NONE');
#3564 = VECTOR ( 'NONE', #9174, 1000.000000000000000 ) ;
#3565 = MECHANICAL_DESIGN_GEOMETRIC_PRESENTATION_REPRESENTATION (  '', ( #4787 ), #9695 ) ;
#3566 = MECHANICAL_DESIGN_GEOMETRIC_PRESENTATION_REPRESENTATION (  '', ( #1330 ), #6001 ) ;
#3567 = STYLED_ITEM ( 'NONE', ( #7910 ), #9403 ) ;
#3568 = MECHANICAL_DESIGN_GEOMETRIC_PRESENTATION_REPRESENTATION (  '', ( #4170 ), #7641 ) ;
#3569 = SURFACE_STYLE_USAGE ( .BOTH. , #5548 ) ;
#3570 = FILL_AREA_STYLE ('',( #8321 ) ) ;
#3571 = CARTESIAN_POINT ( 'NONE',  ( 19.04999973297099913, 1.520000000000000018, 2.214999988079000115 ) ) ;
#3572 = ORIENTED_EDGE ( 'NONE', *, *, #12343, .F. ) ;
#3573 = FILL_AREA_STYLE ('',( #8439 ) ) ;
#3574 = ORIENTED_EDGE ( 'NONE', *, *, #7298, .F. ) ;
#3575 =( NAMED_UNIT ( * ) PLANE_ANGLE_UNIT ( ) SI_UNIT ( $, .RADIAN. ) );
#3576 = VECTOR ( 'NONE', #12283, 1000.000000000000000 ) ;
#3577 = VERTEX_POINT ( 'NONE', #1686 ) ;
#3578 = CLOSED_SHELL ( 'NONE', ( #2023, #3891, #7649, #139, #5604, #9790, #10167, #757, #21, #6767, #2196, #5364, #12303, #7546, #6398, #4526, #7474, #905 ) ) ;
#3579 = VECTOR ( 'NONE', #10226, 1000.000000000000000 ) ;
#3580 = MECHANICAL_DESIGN_GEOMETRIC_PRESENTATION_REPRESENTATION (  '', ( #10728 ), #5621 ) ;
#3581 = CIRCLE ( 'NONE', #9312, 0.9499999999999999556 ) ;
#3582 = PRESENTATION_LAYER_ASSIGNMENT (  '', '', ( #10497 ) ) ;
#3583 = SURFACE_STYLE_FILL_AREA ( #5357 ) ;
#3584 = PRESENTATION_LAYER_ASSIGNMENT (  '', '', ( #2570 ) ) ;
#3585 = CARTESIAN_POINT ( 'NONE',  ( 17.89999972999099853, 0.3200000000000000067, -3.000000000000001332 ) ) ;
#3586 = FILL_AREA_STYLE_COLOUR ( '', #2823 ) ;
#3587 = EDGE_CURVE ( 'NONE', #1760, #12247, #660, .T. ) ;
#3588 = VECTOR ( 'NONE', #405, 1000.000000000000114 ) ;
#3589 = PRESENTATION_LAYER_ASSIGNMENT (  '', '', ( #6457 ) ) ;
#3590 = SURFACE_SIDE_STYLE ('',( #438 ) ) ;
#3591 = VECTOR ( 'NONE', #3540, 1000.000000000000000 ) ;
#3592 = EDGE_CURVE ( 'NONE', #10653, #1823, #1742, .T. ) ;
#3593 = ORIENTED_EDGE ( 'NONE', *, *, #11776, .F. ) ;
#3594 = DIRECTION ( 'NONE',  ( -0.5773502691896265082, -0.5773502691896253980, -0.5773502691896252870 ) ) ;
#3595 = SURFACE_STYLE_USAGE ( .BOTH. , #11516 ) ;
#3596 = CARTESIAN_POINT ( 'NONE',  ( 12.57999981224500097, 0.1199999970199998045, -3.000000000000000444 ) ) ;
#3597 = MANIFOLD_SOLID_BREP ( 'Imported3', #5807 ) ;
#3598 = VECTOR ( 'NONE', #11817, 1000.000000000000000 ) ;
#3599 = CARTESIAN_POINT ( 'NONE',  ( 10.37999984592200242, 9.709999998510001618, 0.9499999999999999556 ) ) ;
#3600 = AXIS2_PLACEMENT_3D ( 'NONE', #5438, #10124, #6203 ) ;
#3601 = SURFACE_SIDE_STYLE ('',( #8400 ) ) ;
#3602 = FACE_OUTER_BOUND ( 'NONE', #241, .T. ) ;
#3603 = AXIS2_PLACEMENT_3D ( 'NONE', #2225, #10032, #1267 ) ;
#3604 = COLOUR_RGB ( '',1.000000000000000000, 1.000000000000000000, 0.4980392156862745168 ) ;
#3605 = LINE ( 'NONE', #5567, #2975 ) ;
#3606 = COLOUR_RGB ( '',1.000000000000000000, 1.000000000000000000, 0.4980392156862745168 ) ;
#3607 = SURFACE_SIDE_STYLE ('',( #4293 ) ) ;
#3608 =( NAMED_UNIT ( * ) SI_UNIT ( $, .STERADIAN. ) SOLID_ANGLE_UNIT ( ) );
#3609 = SURFACE_STYLE_FILL_AREA ( #5453 ) ;
#3610 = DIRECTION ( 'NONE',  ( -1.000000000000000000, 0.0000000000000000000, -0.0000000000000000000 ) ) ;
#3611 = ORIENTED_EDGE ( 'NONE', *, *, #1770, .F. ) ;
#3612 = MECHANICAL_DESIGN_GEOMETRIC_PRESENTATION_REPRESENTATION (  '', ( #6861 ), #4622 ) ;
#3613 = EDGE_LOOP ( 'NONE', ( #11199, #7239, #9558, #3860 ) ) ;
#3614 = VERTEX_POINT ( 'NONE', #11690 ) ;
#3615 = VECTOR ( 'NONE', #3025, 1000.000000000000114 ) ;
#3616 = DIRECTION ( 'NONE',  ( 0.0000000000000000000, 0.0000000000000000000, -1.000000000000000000 ) ) ;
#3617 = DIRECTION ( 'NONE',  ( 0.0000000000000000000, -1.000000000000000000, -1.554312234475000050E-15 ) ) ;
#3618 = FACE_OUTER_BOUND ( 'NONE', #6079, .T. ) ;
#3619 = ADVANCED_FACE ( 'NONE', ( #5928 ), #10384, .T. ) ;
#3620 = CARTESIAN_POINT ( 'NONE',  ( 0.9699999880792491425, 3.809999961853000272, 0.02499999999975149531 ) ) ;
#3621 = CARTESIAN_POINT ( 'NONE',  ( 14.91999977111800035, 1.820000011921000249, 1.590000000000000080 ) ) ;
#3622 = STYLED_ITEM ( 'NONE', ( #798 ), #10675 ) ;
#3623 = MANIFOLD_SOLID_BREP ( 'Imported7', #5620 ) ;
#3624 = AXIS2_PLACEMENT_3D ( 'NONE', #4941, #2756, #10262 ) ;
#3625 = CARTESIAN_POINT ( 'NONE',  ( 9.839999847412000733, 0.3200000000000002287, -2.799999997019999576 ) ) ;
#3626 = SURFACE_STYLE_FILL_AREA ( #6751 ) ;
#3627 = PRESENTATION_STYLE_ASSIGNMENT (( #10280 ) ) ;
#3628 = LINE ( 'NONE', #11372, #9911 ) ;
#3629 = ORIENTED_EDGE ( 'NONE', *, *, #7909, .F. ) ;
#3630 = SURFACE_STYLE_FILL_AREA ( #10471 ) ;
#3631 = ORIENTED_EDGE ( 'NONE', *, *, #9890, .T. ) ;
#3632 = LINE ( 'NONE', #7522, #7075 ) ;
#3633 = PRESENTATION_LAYER_ASSIGNMENT (  '', '', ( #4226 ) ) ;
#3634 = ORIENTED_EDGE ( 'NONE', *, *, #1390, .T. ) ;
#3635 = DIRECTION ( 'NONE',  ( 0.0000000000000000000, -1.332267629549999902E-15, 1.000000000000000000 ) ) ;
#3636 = DIRECTION ( 'NONE',  ( 0.7071067811865474617, 0.0000000000000000000, -0.7071067811865474617 ) ) ;
#3637 = LINE ( 'NONE', #7527, #7455 ) ;
#3638 = UNCERTAINTY_MEASURE_WITH_UNIT (LENGTH_MEASURE( 1.000000000000000082E-05 ), #9376, 'distance_accuracy_value', 'NONE');
#3639 = CARTESIAN_POINT ( 'NONE',  ( 10.27999984443199999, 0.1199999970199998461, -3.000000000000000444 ) ) ;
#3640 = DIRECTION ( 'NONE',  ( -1.000000000000000000, -0.0000000000000000000, -0.0000000000000000000 ) ) ;
#3641 = EDGE_LOOP ( 'NONE', ( #7575, #8353, #4403, #776 ) ) ;
#3642 = UNCERTAINTY_MEASURE_WITH_UNIT (LENGTH_MEASURE( 1.000000000000000082E-05 ), #1531, 'distance_accuracy_value', 'NONE');
#3643 = LINE ( 'NONE', #5353, #10827 ) ;
#3644 = CARTESIAN_POINT ( 'NONE',  ( 17.45999973297099928, -0.3200000000000000067, -3.000000000000000000 ) ) ;
#3645 = UNCERTAINTY_MEASURE_WITH_UNIT (LENGTH_MEASURE( 1.000000000000000082E-05 ), #1413, 'distance_accuracy_value', 'NONE');
#3646 = VERTEX_POINT ( 'NONE', #4865 ) ;
#3647 = DIRECTION ( 'NONE',  ( -0.7071067811865475727, -0.7071067811865475727, 0.0000000000000000000 ) ) ;
#3648 = EDGE_CURVE ( 'NONE', #11864, #20, #1993, .T. ) ;
#3649 = ORIENTED_EDGE ( 'NONE', *, *, #5046, .T. ) ;
#3650 = VECTOR ( 'NONE', #10888, 1000.000000000000000 ) ;
#3651 = CARTESIAN_POINT ( 'NONE',  ( 3.959999929667001872, 3.809999961853000716, 0.1750000059600015367 ) ) ;
#3652 = CARTESIAN_POINT ( 'NONE',  ( -0.3200000000000000067, 9.609999997019999185, 0.9499999999999999556 ) ) ;
#3653 = CARTESIAN_POINT ( 'NONE',  ( 18.09999973297100340, 1.270000000000000018, -4.440892098500999885E-16 ) ) ;
#3654 = UNCERTAINTY_MEASURE_WITH_UNIT (LENGTH_MEASURE( 1.000000000000000082E-05 ), #6900, 'distance_accuracy_value', 'NONE');
#3655 =( NAMED_UNIT ( * ) SI_UNIT ( $, .STERADIAN. ) SOLID_ANGLE_UNIT ( ) );
#3656 = PRESENTATION_STYLE_ASSIGNMENT (( #12403 ) ) ;
#3657 = FILL_AREA_STYLE_COLOUR ( '', #2776 ) ;
#3658 = ORIENTED_EDGE ( 'NONE', *, *, #4544, .T. ) ;
#3659 = CARTESIAN_POINT ( 'NONE',  ( 9.839999847412000733, 3.809999961852999384, 1.590000000000000080 ) ) ;
#3660 = AXIS2_PLACEMENT_3D ( 'NONE', #7711, #703, #10549 ) ;
#3661 = LINE ( 'NONE', #6791, #8271 ) ;
#3662 = FILL_AREA_STYLE ('',( #2955 ) ) ;
#3663 = PLANE ( 'NONE',  #7192 ) ;
#3664 = PRESENTATION_LAYER_ASSIGNMENT (  '', '', ( #6926 ) ) ;
#3665 = FILL_AREA_STYLE ('',( #5826 ) ) ;
#3666 = SURFACE_SIDE_STYLE ('',( #167 ) ) ;
#3667 = ORIENTED_EDGE ( 'NONE', *, *, #11702, .F. ) ;
#3668 = DIRECTION ( 'NONE',  ( 0.0000000000000000000, 0.0000000000000000000, -1.000000000000000000 ) ) ;
#3669 = ORIENTED_EDGE ( 'NONE', *, *, #6915, .F. ) ;
#3670 = EDGE_CURVE ( 'NONE', #1760, #10459, #10811, .T. ) ;
#3671 = ADVANCED_FACE ( 'NONE', ( #6928 ), #7938, .T. ) ;
#3672 =( GEOMETRIC_REPRESENTATION_CONTEXT ( 3 ) GLOBAL_UNCERTAINTY_ASSIGNED_CONTEXT ( ( #605 ) ) GLOBAL_UNIT_ASSIGNED_CONTEXT ( ( #6417, #3428, #620 ) ) REPRESENTATION_CONTEXT ( 'NONE', 'WORKASPACE' ) );
#3673 = FILL_AREA_STYLE_COLOUR ( '', #4796 ) ;
#3674 =( LENGTH_UNIT ( ) NAMED_UNIT ( * ) SI_UNIT ( .MILLI., .METRE. ) );
#3675 =( NAMED_UNIT ( * ) PLANE_ANGLE_UNIT ( ) SI_UNIT ( $, .RADIAN. ) );
#3676 = FILL_AREA_STYLE ('',( #12421 ) ) ;
#3677 = CARTESIAN_POINT ( 'NONE',  ( -1.270000000000000018, 1.520000000000000018, 2.214999988079000115 ) ) ;
#3678 = STYLED_ITEM ( 'NONE', ( #7532 ), #2589 ) ;
#3679 = DIRECTION ( 'NONE',  ( 1.000000000000000000, 0.0000000000000000000, 0.0000000000000000000 ) ) ;
#3680 =( NAMED_UNIT ( * ) PLANE_ANGLE_UNIT ( ) SI_UNIT ( $, .RADIAN. ) );
#3681 = LINE ( 'NONE', #2538, #5781 ) ;
#3682 = VECTOR ( 'NONE', #4212, 1000.000000000000000 ) ;
#3683 = DIRECTION ( 'NONE',  ( -1.000000000000000000, -0.0000000000000000000, -0.0000000000000000000 ) ) ;
#3684 = DIRECTION ( 'NONE',  ( 0.0000000000000000000, -1.609823385705999920E-15, 1.000000000000000000 ) ) ;
#3685 = EDGE_CURVE ( 'NONE', #8436, #1679, #10648, .T. ) ;
#3686 = ORIENTED_EDGE ( 'NONE', *, *, #10261, .T. ) ;
#3687 = SURFACE_STYLE_USAGE ( .BOTH. , #12552 ) ;
#3688 = CARTESIAN_POINT ( 'NONE',  ( 0.3200000000000000067, -0.2199999985099999888, -2.899999998509999788 ) ) ;
#3689 = ORIENTED_EDGE ( 'NONE', *, *, #1692, .T. ) ;
#3690 = LINE ( 'NONE', #8494, #2809 ) ;
#3691 = LINE ( 'NONE', #12593, #8295 ) ;
#3692 = UNCERTAINTY_MEASURE_WITH_UNIT (LENGTH_MEASURE( 1.000000000000000082E-05 ), #1043, 'distance_accuracy_value', 'NONE');
#3693 = COLOUR_RGB ( '',0.09411764705882352811, 0.09411764705882352811, 0.09411764705882352811 ) ;
#3694 = DIRECTION ( 'NONE',  ( 6.670117000593702191E-16, -1.000000000000000000, -6.670117000593702191E-16 ) ) ;
#3695 = FILL_AREA_STYLE ('',( #8435 ) ) ;
#3696 = EDGE_LOOP ( 'NONE', ( #5352, #4497, #7400, #2880 ) ) ;
#3697 = DIRECTION ( 'NONE',  ( -0.7071067811865474617, 0.0000000000000000000, 0.7071067811865474617 ) ) ;
#3698 = VECTOR ( 'NONE', #8930, 1000.000000000000000 ) ;
#3699 = DIRECTION ( 'NONE',  ( 0.5773502691896240657, -0.5773502691896278405, -0.5773502691896253980 ) ) ;
#3700 = EDGE_LOOP ( 'NONE', ( #12604, #8279, #10069, #4270 ) ) ;
#3701 = DIRECTION ( 'NONE',  ( 1.000000000000000000, -0.0000000000000000000, 0.0000000000000000000 ) ) ;
#3702 = PRESENTATION_LAYER_ASSIGNMENT (  '', '', ( #6768 ) ) ;
#3703 = ORIENTED_EDGE ( 'NONE', *, *, #5424, .T. ) ;
#3704 = FACE_OUTER_BOUND ( 'NONE', #9146, .T. ) ;
#3705 = EDGE_CURVE ( 'NONE', #4800, #952, #6749, .T. ) ;
#3706 = SURFACE_STYLE_FILL_AREA ( #10491 ) ;
#3707 = LINE ( 'NONE', #11575, #8116 ) ;
#3708 = COLOUR_RGB ( '',0.09411764705882352811, 0.09411764705882352811, 0.09411764705882352811 ) ;
#3709 = MECHANICAL_DESIGN_GEOMETRIC_PRESENTATION_REPRESENTATION (  '', ( #2287 ), #2898 ) ;
#3710 = EDGE_CURVE ( 'NONE', #8104, #8308, #2917, .T. ) ;
#3711 = SURFACE_SIDE_STYLE ('',( #985 ) ) ;
#3712 = FILL_AREA_STYLE_COLOUR ( '', #4309 ) ;
#3713 = ORIENTED_EDGE ( 'NONE', *, *, #4128, .T. ) ;
#3714 = VECTOR ( 'NONE', #5863, 1000.000000000000000 ) ;
#3715 = CARTESIAN_POINT ( 'NONE',  ( -1.119999994040000058, 1.520000000000000018, 2.364999994040000164 ) ) ;
#3716 = ADVANCED_FACE ( 'NONE', ( #9826 ), #10896, .T. ) ;
#3717 = PLANE ( 'NONE',  #1212 ) ;
#3718 = FILL_AREA_STYLE ('',( #12466 ) ) ;
#3719 = DIRECTION ( 'NONE',  ( 1.000000000000000000, -0.0000000000000000000, 0.0000000000000000000 ) ) ;
#3720 = EDGE_CURVE ( 'NONE', #8833, #11532, #8207, .T. ) ;
#3721 = CARTESIAN_POINT ( 'NONE',  ( 2.859999961853000094, 3.809999961852999384, 0.9499999999999999556 ) ) ;
#3722 = SURFACE_SIDE_STYLE ('',( #801 ) ) ;
#3723 = EDGE_CURVE ( 'NONE', #1352, #7045, #496, .T. ) ;
#3724 = SURFACE_SIDE_STYLE ('',( #2066 ) ) ;
#3725 = VERTEX_POINT ( 'NONE', #3238 ) ;
#3726 =( NAMED_UNIT ( * ) PLANE_ANGLE_UNIT ( ) SI_UNIT ( $, .RADIAN. ) );
#3727 = ORIENTED_EDGE ( 'NONE', *, *, #11870, .F. ) ;
#3728 = CARTESIAN_POINT ( 'NONE',  ( 9.839999847412000733, 3.809999961852999828, 1.590000000000000080 ) ) ;
#3729 = ORIENTED_EDGE ( 'NONE', *, *, #9611, .F. ) ;
#3730 = PLANE ( 'NONE',  #8911 ) ;
#3731 = VERTEX_POINT ( 'NONE', #5141 ) ;
#3732 =( NAMED_UNIT ( * ) PLANE_ANGLE_UNIT ( ) SI_UNIT ( $, .RADIAN. ) );
#3733 =( NAMED_UNIT ( * ) SI_UNIT ( $, .STERADIAN. ) SOLID_ANGLE_UNIT ( ) );
#3734 = DIRECTION ( 'NONE',  ( -0.0000000000000000000, -0.0000000000000000000, 1.000000000000000000 ) ) ;
#3735 = PLANE ( 'NONE',  #11578 ) ;
#3736 = CARTESIAN_POINT ( 'NONE',  ( 11.42999980926500037, 1.520000000000000018, 0.3250000119209999760 ) ) ;
#3737 = FACE_OUTER_BOUND ( 'NONE', #1559, .T. ) ;
#3738 = EDGE_LOOP ( 'NONE', ( #2904, #7429, #5696, #11476 ) ) ;
#3739 = EDGE_CURVE ( 'NONE', #10884, #293, #11222, .T. ) ;
#3740 = ORIENTED_EDGE ( 'NONE', *, *, #1547, .F. ) ;
#3741 = PRESENTATION_STYLE_ASSIGNMENT (( #11433 ) ) ;
#3742 = CARTESIAN_POINT ( 'NONE',  ( 12.37999980926499966, 0.3200000000000000622, -6.186013787285977915E-16 ) ) ;
#3743 = CARTESIAN_POINT ( 'NONE',  ( 8.739999879599002597, 3.809999961853000716, 2.364999994040001940 ) ) ;
#3744 = DIRECTION ( 'NONE',  ( 1.000000000000000000, -0.0000000000000000000, 0.0000000000000000000 ) ) ;
#3745 = UNCERTAINTY_MEASURE_WITH_UNIT (LENGTH_MEASURE( 1.000000000000000082E-05 ), #2492, 'distance_accuracy_value', 'NONE');
#3746 = PRESENTATION_STYLE_ASSIGNMENT (( #2039 ) ) ;
#3747 = MECHANICAL_DESIGN_GEOMETRIC_PRESENTATION_REPRESENTATION (  '', ( #10292 ), #4763 ) ;
#3748 = DIRECTION ( 'NONE',  ( 0.0000000000000000000, 1.000000000000000000, 0.0000000000000000000 ) ) ;
#3749 = ORIENTED_EDGE ( 'NONE', *, *, #4246, .T. ) ;
#3750 = PRESENTATION_LAYER_ASSIGNMENT (  '', '', ( #9290 ) ) ;
#3751 = DIRECTION ( 'NONE',  ( -0.0000000000000000000, 1.000000000000000000, 0.0000000000000000000 ) ) ;
#3752 = CARTESIAN_POINT ( 'NONE',  ( 6.349999923706000082, 1.520000000000000018, 2.214999988079000115 ) ) ;
#3753 = UNCERTAINTY_MEASURE_WITH_UNIT (LENGTH_MEASURE( 1.000000000000000082E-05 ), #12172, 'distance_accuracy_value', 'NONE');
#3754 = ORIENTED_EDGE ( 'NONE', *, *, #12492, .T. ) ;
#3755 = SURFACE_STYLE_FILL_AREA ( #5614 ) ;
#3756 = SURFACE_STYLE_FILL_AREA ( #1799 ) ;
#3757 = ORIENTED_EDGE ( 'NONE', *, *, #5004, .T. ) ;
#3758 =( LENGTH_UNIT ( ) NAMED_UNIT ( * ) SI_UNIT ( .MILLI., .METRE. ) );
#3759 = PRESENTATION_LAYER_ASSIGNMENT (  '', '', ( #7631 ) ) ;
#3760 = LINE ( 'NONE', #2226, #9237 ) ;
#3761 =( GEOMETRIC_REPRESENTATION_CONTEXT ( 3 ) GLOBAL_UNCERTAINTY_ASSIGNED_CONTEXT ( ( #7960 ) ) GLOBAL_UNIT_ASSIGNED_CONTEXT ( ( #4389, #1717, #4517 ) ) REPRESENTATION_CONTEXT ( 'NONE', 'WORKASPACE' ) );
#3762 = EDGE_CURVE ( 'NONE', #7797, #4328, #5270, .T. ) ;
#3763 = AXIS2_PLACEMENT_3D ( 'NONE', #3050, #4695, #2979 ) ;
#3764 = AXIS2_PLACEMENT_3D ( 'NONE', #1287, #9092, #351 ) ;
#3765 =( LENGTH_UNIT ( ) NAMED_UNIT ( * ) SI_UNIT ( .MILLI., .METRE. ) );
#3766 = AXIS2_PLACEMENT_3D ( 'NONE', #1111, #4105, #8853 ) ;
#3767 = VECTOR ( 'NONE', #10028, 1000.000000000000000 ) ;
#3768 =( GEOMETRIC_REPRESENTATION_CONTEXT ( 3 ) GLOBAL_UNCERTAINTY_ASSIGNED_CONTEXT ( ( #10053 ) ) GLOBAL_UNIT_ASSIGNED_CONTEXT ( ( #4859, #8761, #3886 ) ) REPRESENTATION_CONTEXT ( 'NONE', 'WORKASPACE' ) );
#3769 = STYLED_ITEM ( 'NONE', ( #11911 ), #1832 ) ;
#3770 = ORIENTED_EDGE ( 'NONE', *, *, #10321, .T. ) ;
#3771 = COLOUR_RGB ( '',1.000000000000000000, 1.000000000000000000, 0.4980392156862745168 ) ;
#3772 = STYLED_ITEM ( 'NONE', ( #8706 ), #9293 ) ;
#3773 = VECTOR ( 'NONE', #5960, 1000.000000000000000 ) ;
#3774 = MANIFOLD_SOLID_BREP ( 'Imported3', #1341 ) ;
#3775 = EDGE_CURVE ( 'NONE', #11532, #671, #253, .T. ) ;
#3776 = DIRECTION ( 'NONE',  ( -1.000000000000000000, 0.0000000000000000000, -0.0000000000000000000 ) ) ;
#3777 = VECTOR ( 'NONE', #5732, 1000.000000000000000 ) ;
#3778 =( GEOMETRIC_REPRESENTATION_CONTEXT ( 3 ) GLOBAL_UNCERTAINTY_ASSIGNED_CONTEXT ( ( #3266 ) ) GLOBAL_UNIT_ASSIGNED_CONTEXT ( ( #2618, #4711, #3812 ) ) REPRESENTATION_CONTEXT ( 'NONE', 'WORKASPACE' ) );
#3779 = SURFACE_STYLE_USAGE ( .BOTH. , #6671 ) ;
#3780 = PRESENTATION_LAYER_ASSIGNMENT (  '', '', ( #2972 ) ) ;
#3781 =( LENGTH_UNIT ( ) NAMED_UNIT ( * ) SI_UNIT ( .MILLI., .METRE. ) );
#3782 = LINE ( 'NONE', #2780, #6435 ) ;
#3783 = VERTEX_POINT ( 'NONE', #10972 ) ;
#3784 = LINE ( 'NONE', #12605, #321 ) ;
#3785 = VERTEX_POINT ( 'NONE', #2470 ) ;
#3786 = STYLED_ITEM ( 'NONE', ( #2552 ), #12447 ) ;
#3787 = EDGE_LOOP ( 'NONE', ( #6559, #12398, #1541, #6532 ) ) ;
#3788 = SURFACE_STYLE_FILL_AREA ( #9754 ) ;
#3789 = VERTEX_POINT ( 'NONE', #8005 ) ;
#3790 = PRESENTATION_LAYER_ASSIGNMENT (  '', '', ( #5017 ) ) ;
#3791 = DIRECTION ( 'NONE',  ( -0.7071067811865475727, 0.0000000000000000000, -0.7071067811865475727 ) ) ;
#3792 = EDGE_CURVE ( 'NONE', #5459, #11752, #12034, .T. ) ;
#3793 = CARTESIAN_POINT ( 'NONE',  ( 3.809999961853124617, 1.519999999999998241, 2.214999988079124904 ) ) ;
#3794 =( GEOMETRIC_REPRESENTATION_CONTEXT ( 3 ) GLOBAL_UNCERTAINTY_ASSIGNED_CONTEXT ( ( #3654 ) ) GLOBAL_UNIT_ASSIGNED_CONTEXT ( ( #6900, #8905, #7022 ) ) REPRESENTATION_CONTEXT ( 'NONE', 'WORKASPACE' ) );
#3795 = FILL_AREA_STYLE_COLOUR ( '', #4203 ) ;
#3796 = DIRECTION ( 'NONE',  ( -1.000000000000000000, -0.0000000000000000000, -0.0000000000000000000 ) ) ;
#3797 = MANIFOLD_SOLID_BREP ( 'Imported8', #11742 ) ;
#3798 = PLANE ( 'NONE',  #5400 ) ;
#3799 = AXIS2_PLACEMENT_3D ( 'NONE', #6153, #11021, #11793 ) ;
#3800 = EDGE_CURVE ( 'NONE', #743, #1730, #2653, .T. ) ;
#3801 = DIRECTION ( 'NONE',  ( 1.000000000000000000, -0.0000000000000000000, 0.0000000000000000000 ) ) ;
#3802 =( NAMED_UNIT ( * ) PLANE_ANGLE_UNIT ( ) SI_UNIT ( $, .RADIAN. ) );
#3803 =( GEOMETRIC_REPRESENTATION_CONTEXT ( 3 ) GLOBAL_UNCERTAINTY_ASSIGNED_CONTEXT ( ( #10307 ) ) GLOBAL_UNIT_ASSIGNED_CONTEXT ( ( #11292, #10277, #631 ) ) REPRESENTATION_CONTEXT ( 'NONE', 'WORKASPACE' ) );
#3804 = ORIENTED_EDGE ( 'NONE', *, *, #2860, .F. ) ;
#3805 =( GEOMETRIC_REPRESENTATION_CONTEXT ( 3 ) GLOBAL_UNCERTAINTY_ASSIGNED_CONTEXT ( ( #2364 ) ) GLOBAL_UNIT_ASSIGNED_CONTEXT ( ( #11127, #3575, #11256 ) ) REPRESENTATION_CONTEXT ( 'NONE', 'WORKASPACE' ) );
#3806 =( NAMED_UNIT ( * ) PLANE_ANGLE_UNIT ( ) SI_UNIT ( $, .RADIAN. ) );
#3807 = ORIENTED_EDGE ( 'NONE', *, *, #8074, .T. ) ;
#3808 = VERTEX_POINT ( 'NONE', #2214 ) ;
#3809 = FILL_AREA_STYLE ('',( #5595 ) ) ;
#3810 = CARTESIAN_POINT ( 'NONE',  ( 0.3200000000000002287, 0.3199999999999998401, -2.799999997020000020 ) ) ;
#3811 = ORIENTED_EDGE ( 'NONE', *, *, #11070, .T. ) ;
#3812 =( NAMED_UNIT ( * ) SI_UNIT ( $, .STERADIAN. ) SOLID_ANGLE_UNIT ( ) );
#3813 = DIRECTION ( 'NONE',  ( 0.0000000000000000000, 0.0000000000000000000, 1.000000000000000000 ) ) ;
#3814 = VECTOR ( 'NONE', #12423, 1000.000000000000000 ) ;
#3815 = STYLED_ITEM ( 'NONE', ( #2901 ), #3857 ) ;
#3816 = CARTESIAN_POINT ( 'NONE',  ( 13.96999977111799929, 1.820000011921000027, 2.214999988079000115 ) ) ;
#3817 = EDGE_LOOP ( 'NONE', ( #9474, #10241, #10802, #4177 ) ) ;
#3818 = SURFACE_SIDE_STYLE ('',( #4853 ) ) ;
#3819 = MECHANICAL_DESIGN_GEOMETRIC_PRESENTATION_REPRESENTATION (  '', ( #4226 ), #4434 ) ;
#3820 = FILL_AREA_STYLE ('',( #4903 ) ) ;
#3821 = LINE ( 'NONE', #2536, #12581 ) ;
#3822 = STYLED_ITEM ( 'NONE', ( #5799 ), #8606 ) ;
#3823 = PRESENTATION_STYLE_ASSIGNMENT (( #972 ) ) ;
#3824 = VERTEX_POINT ( 'NONE', #7556 ) ;
#3825 = SURFACE_SIDE_STYLE ('',( #3756 ) ) ;
#3826 = VERTEX_POINT ( 'NONE', #7498 ) ;
#3827 =( NAMED_UNIT ( * ) PLANE_ANGLE_UNIT ( ) SI_UNIT ( $, .RADIAN. ) );
#3828 = ADVANCED_FACE ( 'NONE', ( #11527 ), #10453, .T. ) ;
#3829 = EDGE_CURVE ( 'NONE', #2783, #11314, #9316, .T. ) ;
#3830 = DIRECTION ( 'NONE',  ( 0.5773502691896237327, -0.5773502691896260641, 0.5773502691896272854 ) ) ;
#3831 = CARTESIAN_POINT ( 'NONE',  ( 16.80999974489200000, 3.809999961852999384, 2.515000000000001901 ) ) ;
#3832 = FILL_AREA_STYLE ('',( #11576 ) ) ;
#3833 = SURFACE_SIDE_STYLE ('',( #10567 ) ) ;
#3834 = LINE ( 'NONE', #2939, #3074 ) ;
#3835 = FILL_AREA_STYLE ('',( #2834 ) ) ;
#3836 = SURFACE_SIDE_STYLE ('',( #4797 ) ) ;
#3837 = COLOUR_RGB ( '',0.09411764705882352811, 0.09411764705882352811, 0.09411764705882352811 ) ;
#3838 = EDGE_CURVE ( 'NONE', #31, #8351, #5644, .T. ) ;
#3839 = ORIENTED_EDGE ( 'NONE', *, *, #4671, .F. ) ;
#3840 = CARTESIAN_POINT ( 'NONE',  ( 3.809999923706000047, 1.820000011921000249, 2.214999988079000115 ) ) ;
#3841 = MANIFOLD_SOLID_BREP ( 'Imported1', #4379 ) ;
#3842 = SURFACE_STYLE_USAGE ( .BOTH. , #8838 ) ;
#3843 = LINE ( 'NONE', #5813, #6569 ) ;
#3844 = PRESENTATION_LAYER_ASSIGNMENT (  '', '', ( #2842 ) ) ;
#3845 =( NAMED_UNIT ( * ) PLANE_ANGLE_UNIT ( ) SI_UNIT ( $, .RADIAN. ) );
#3846 = ORIENTED_EDGE ( 'NONE', *, *, #3899, .F. ) ;
#3847 = ORIENTED_EDGE ( 'NONE', *, *, #2267, .F. ) ;
#3848 = FACE_OUTER_BOUND ( 'NONE', #7792, .T. ) ;
#3849 = VERTEX_POINT ( 'NONE', #8405 ) ;
#3850 = FILL_AREA_STYLE ('',( #3673 ) ) ;
#3851 = SURFACE_STYLE_FILL_AREA ( #7801 ) ;
#3852 = SURFACE_SIDE_STYLE ('',( #7876 ) ) ;
#3853 = PRESENTATION_STYLE_ASSIGNMENT (( #1889 ) ) ;
#3854 = ADVANCED_FACE ( 'NONE', ( #741 ), #11348, .F. ) ;
#3855 = DIRECTION ( 'NONE',  ( -0.0000000000000000000, 0.0000000000000000000, 1.000000000000000000 ) ) ;
#3856 = CARTESIAN_POINT ( 'NONE',  ( 17.45999973297099928, 3.809999961852999828, 0.9499999999999999556 ) ) ;
#3857 = MANIFOLD_SOLID_BREP ( 'Imported5', #9910 ) ;
#3858 = EDGE_CURVE ( 'NONE', #6280, #10459, #10633, .T. ) ;
#3859 =( LENGTH_UNIT ( ) NAMED_UNIT ( * ) SI_UNIT ( .MILLI., .METRE. ) );
#3860 = ORIENTED_EDGE ( 'NONE', *, *, #4453, .T. ) ;
#3861 = LINE ( 'NONE', #6, #4506 ) ;
#3862 = EDGE_CURVE ( 'NONE', #997, #370, #4741, .T. ) ;
#3863 = AXIS2_PLACEMENT_3D ( 'NONE', #2384, #3270, #11064 ) ;
#3864 = VERTEX_POINT ( 'NONE', #3036 ) ;
#3865 = DIRECTION ( 'NONE',  ( 0.0000000000000000000, 0.7071067811865474617, -0.7071067811865474617 ) ) ;
#3866 = ORIENTED_EDGE ( 'NONE', *, *, #2958, .T. ) ;
#3867 = COLOUR_RGB ( '',0.09411764705882352811, 0.09411764705882352811, 0.09411764705882352811 ) ;
#3868 =( LENGTH_UNIT ( ) NAMED_UNIT ( * ) SI_UNIT ( .MILLI., .METRE. ) );
#3869 = VERTEX_POINT ( 'NONE', #1102 ) ;
#3870 = CARTESIAN_POINT ( 'NONE',  ( 4.759999923706000224, 0.3200000000000000067, -3.000000000000000000 ) ) ;
#3871 = LINE ( 'NONE', #8873, #8087 ) ;
#3872 = EDGE_CURVE ( 'NONE', #9655, #765, #7677, .T. ) ;
#3873 = ADVANCED_FACE ( 'NONE', ( #11589 ), #11842, .T. ) ;
#3874 = CIRCLE ( 'NONE', #10622, 0.9499999999999999556 ) ;
#3875 = UNCERTAINTY_MEASURE_WITH_UNIT (LENGTH_MEASURE( 1.000000000000000082E-05 ), #7602, 'distance_accuracy_value', 'NONE');
#3876 = FILL_AREA_STYLE_COLOUR ( '', #8476 ) ;
#3877 = STYLED_ITEM ( 'NONE', ( #9420 ), #2949 ) ;
#3878 = EDGE_LOOP ( 'NONE', ( #6032, #7261, #12012, #3995 ) ) ;
#3879 =( NAMED_UNIT ( * ) SI_UNIT ( $, .STERADIAN. ) SOLID_ANGLE_UNIT ( ) );
#3880 = FACE_OUTER_BOUND ( 'NONE', #6679, .T. ) ;
#3881 = PLANE ( 'NONE',  #2365 ) ;
#3882 = VERTEX_POINT ( 'NONE', #10125 ) ;
#3883 = DIRECTION ( 'NONE',  ( -0.7071067811865475727, 9.398244244348984524E-16, -0.7071067811865475727 ) ) ;
#3884 =( GEOMETRIC_REPRESENTATION_CONTEXT ( 3 ) GLOBAL_UNCERTAINTY_ASSIGNED_CONTEXT ( ( #9273 ) ) GLOBAL_UNIT_ASSIGNED_CONTEXT ( ( #2347, #10850, #2531 ) ) REPRESENTATION_CONTEXT ( 'NONE', 'WORKASPACE' ) );
#3885 = PRESENTATION_STYLE_ASSIGNMENT (( #1913 ) ) ;
#3886 =( NAMED_UNIT ( * ) SI_UNIT ( $, .STERADIAN. ) SOLID_ANGLE_UNIT ( ) );
#3887 = LINE ( 'NONE', #150, #5409 ) ;
#3888 = COLOUR_RGB ( '',1.000000000000000000, 1.000000000000000000, 0.4980392156862745168 ) ;
#3889 = FILL_AREA_STYLE ('',( #902 ) ) ;
#3890 = LINE ( 'NONE', #8765, #6060 ) ;
#3891 = ADVANCED_FACE ( 'NONE', ( #8138 ), #8053, .T. ) ;
#3892 = DIRECTION ( 'NONE',  ( -0.0000000000000000000, 1.000000000000000000, 0.0000000000000000000 ) ) ;
#3893 = FILL_AREA_STYLE ('',( #6838 ) ) ;
#3894 = PRESENTATION_STYLE_ASSIGNMENT (( #1995 ) ) ;
#3895 = PRODUCT_RELATED_PRODUCT_CATEGORY ( 'part', '', ( #7936 ) ) ;
#3896 = LINE ( 'NONE', #12514, #8918 ) ;
#3897 = ORIENTED_EDGE ( 'NONE', *, *, #4583, .T. ) ;
#3898 = ORIENTED_EDGE ( 'NONE', *, *, #8122, .T. ) ;
#3899 = EDGE_CURVE ( 'NONE', #7611, #10884, #237, .T. ) ;
#3900 = PLANE ( 'NONE',  #8382 ) ;
#3901 = MANIFOLD_SOLID_BREP ( 'Imported6', #7846 ) ;
#3902 = AXIS2_PLACEMENT_3D ( 'NONE', #6784, #9736, #986 ) ;
#3903 =( NAMED_UNIT ( * ) SI_UNIT ( $, .STERADIAN. ) SOLID_ANGLE_UNIT ( ) );
#3904 = COLOUR_RGB ( '',1.000000000000000000, 1.000000000000000000, 0.4980392156862745168 ) ;
#3905 = DIRECTION ( 'NONE',  ( -0.7071067811865474617, -0.0000000000000000000, -0.7071067811865474617 ) ) ;
#3906 = MECHANICAL_DESIGN_GEOMETRIC_PRESENTATION_REPRESENTATION (  '', ( #6149 ), #865 ) ;
#3907 = ADVANCED_FACE ( 'NONE', ( #7107 ), #10487, .T. ) ;
#3908 = CARTESIAN_POINT ( 'NONE',  ( 10.47999984741199953, -0.3200000000000000067, -4.336808689942017736E-16 ) ) ;
#3909 = DIRECTION ( 'NONE',  ( 0.0000000000000000000, 0.0000000000000000000, -1.000000000000000000 ) ) ;
#3910 =( NAMED_UNIT ( * ) PLANE_ANGLE_UNIT ( ) SI_UNIT ( $, .RADIAN. ) );
#3911 = ORIENTED_EDGE ( 'NONE', *, *, #8442, .F. ) ;
#3912 = CARTESIAN_POINT ( 'NONE',  ( 0.1199999970200000404, 9.810000000000000497, 1.150000002979999936 ) ) ;
#3913 = ORIENTED_EDGE ( 'NONE', *, *, #10051, .F. ) ;
#3914 = ORIENTED_EDGE ( 'NONE', *, *, #11519, .T. ) ;
#3915 = ORIENTED_EDGE ( 'NONE', *, *, #5345, .T. ) ;
#3916 = DIRECTION ( 'NONE',  ( 0.0000000000000000000, -1.000000000000000000, 0.0000000000000000000 ) ) ;
#3917 = SURFACE_STYLE_USAGE ( .BOTH. , #1826 ) ;
#3918 = LINE ( 'NONE', #5895, #3034 ) ;
#3919 = PRESENTATION_STYLE_ASSIGNMENT (( #3102 ) ) ;
#3920 =( NAMED_UNIT ( * ) PLANE_ANGLE_UNIT ( ) SI_UNIT ( $, .RADIAN. ) );
#3921 = FILL_AREA_STYLE ('',( #4111 ) ) ;
#3922 = PLANE ( 'NONE',  #3763 ) ;
#3923 = DIRECTION ( 'NONE',  ( 0.5773502691896250649, -0.5773502691896262862, 0.5773502691896261751 ) ) ;
#3924 =( NAMED_UNIT ( * ) SI_UNIT ( $, .STERADIAN. ) SOLID_ANGLE_UNIT ( ) );
#3925 =( LENGTH_UNIT ( ) NAMED_UNIT ( * ) SI_UNIT ( .MILLI., .METRE. ) );
#3926 = VERTEX_POINT ( 'NONE', #9481 ) ;
#3927 = SURFACE_STYLE_FILL_AREA ( #9831 ) ;
#3928 = ORIENTED_EDGE ( 'NONE', *, *, #692, .T. ) ;
#3929 = SURFACE_STYLE_FILL_AREA ( #8608 ) ;
#3930 = EDGE_LOOP ( 'NONE', ( #1286, #7501, #199, #3340 ) ) ;
#3931 = DIRECTION ( 'NONE',  ( -1.000000000000000000, 0.0000000000000000000, 0.0000000000000000000 ) ) ;
#3932 = ORIENTED_EDGE ( 'NONE', *, *, #11082, .T. ) ;
#3933 = SURFACE_SIDE_STYLE ('',( #2922 ) ) ;
#3934 = FILL_AREA_STYLE ('',( #9703 ) ) ;
#3935 = DIRECTION ( 'NONE',  ( 0.0000000000000000000, 0.7071067811865474617, -0.7071067811865474617 ) ) ;
#3936 = EDGE_CURVE ( 'NONE', #2656, #7611, #1677, .T. ) ;
#3937 = ADVANCED_FACE ( 'NONE', ( #7540 ), #9718, .T. ) ;
#3938 = ORIENTED_EDGE ( 'NONE', *, *, #148, .F. ) ;
#3939 =( LENGTH_UNIT ( ) NAMED_UNIT ( * ) SI_UNIT ( .MILLI., .METRE. ) );
#3940 = ORIENTED_EDGE ( 'NONE', *, *, #5767, .T. ) ;
#3941 = CARTESIAN_POINT ( 'NONE',  ( 7.499999888538999571, -0.1199999970199999016, -2.999999999999999556 ) ) ;
#3942 = DIRECTION ( 'NONE',  ( 0.7071067811865474617, -0.0000000000000000000, -0.7071067811865474617 ) ) ;
#3943 = ADVANCED_FACE ( 'NONE', ( #12451 ), #6650, .F. ) ;
#3944 = CARTESIAN_POINT ( 'NONE',  ( 2.859999961853000094, 1.820000011921000471, 1.589999999999999414 ) ) ;
#3945 = CARTESIAN_POINT ( 'NONE',  ( 12.57999981224500097, 9.810000000000000497, 0.9499999999999999556 ) ) ;
#3946 = VECTOR ( 'NONE', #2158, 1000.000000000000000 ) ;
#3947 = STYLED_ITEM ( 'NONE', ( #3885 ), #11646 ) ;
#3948 = DIRECTION ( 'NONE',  ( 0.0000000000000000000, 0.0000000000000000000, -1.000000000000000000 ) ) ;
#3949 = STYLED_ITEM ( 'NONE', ( #3627 ), #9432 ) ;
#3950 = CARTESIAN_POINT ( 'NONE',  ( 13.96999977111800106, 3.809999961853000272, 0.3250000119210009197 ) ) ;
#3951 = LINE ( 'NONE', #2057, #9737 ) ;
#3952 = ORIENTED_EDGE ( 'NONE', *, *, #5517, .F. ) ;
#3953 =( NAMED_UNIT ( * ) SI_UNIT ( $, .STERADIAN. ) SOLID_ANGLE_UNIT ( ) );
#3954 = EDGE_LOOP ( 'NONE', ( #317, #4856, #9378, #767 ) ) ;
#3955 = VECTOR ( 'NONE', #5939, 1000.000000000000114 ) ;
#3956 = AXIS2_PLACEMENT_3D ( 'NONE', #9640, #4895, #8803 ) ;
#3957 = VECTOR ( 'NONE', #12288, 1000.000000000000114 ) ;
#3958 = CARTESIAN_POINT ( 'NONE',  ( 9.839999847412000733, 0.3200000000000000067, -4.878909776184769953E-16 ) ) ;
#3959 = CARTESIAN_POINT ( 'NONE',  ( 16.65999973893200092, 3.809999961853000716, 2.364999994040001940 ) ) ;
#3960 =( NAMED_UNIT ( * ) PLANE_ANGLE_UNIT ( ) SI_UNIT ( $, .RADIAN. ) );
#3961 = LINE ( 'NONE', #11778, #2935 ) ;
#3962 = STYLED_ITEM ( 'NONE', ( #8456 ), #5051 ) ;
#3963 = CARTESIAN_POINT ( 'NONE',  ( 11.27999984145200152, 1.520000000000000018, 2.364999994040000164 ) ) ;
#3964 = DIRECTION ( 'NONE',  ( 0.0000000000000000000, 1.000000000000000000, -0.0000000000000000000 ) ) ;
#3965 = ORIENTED_EDGE ( 'NONE', *, *, #1646, .F. ) ;
#3966 = UNCERTAINTY_MEASURE_WITH_UNIT (LENGTH_MEASURE( 1.000000000000000082E-05 ), #4069, 'distance_accuracy_value', 'NONE');
#3967 =( NAMED_UNIT ( * ) PLANE_ANGLE_UNIT ( ) SI_UNIT ( $, .RADIAN. ) );
#3968 = ORIENTED_EDGE ( 'NONE', *, *, #12461, .F. ) ;
#3969 = EDGE_LOOP ( 'NONE', ( #5018, #5408, #7945, #1387 ) ) ;
#3970 = DIRECTION ( 'NONE',  ( 1.000000000000000000, -0.0000000000000000000, 0.0000000000000000000 ) ) ;
#3971 = EDGE_LOOP ( 'NONE', ( #2400, #11986, #11903, #9001 ) ) ;
#3972 = SURFACE_STYLE_USAGE ( .BOTH. , #11973 ) ;
#3973 = SURFACE_SIDE_STYLE ('',( #3851 ) ) ;
#3974 = AXIS2_PLACEMENT_3D ( 'NONE', #10256, #11276, #8398 ) ;
#3975 = FACE_OUTER_BOUND ( 'NONE', #1296, .T. ) ;
#3976 = MECHANICAL_DESIGN_GEOMETRIC_PRESENTATION_REPRESENTATION (  '', ( #6442 ), #1147 ) ;
#3977 = DIRECTION ( 'NONE',  ( 0.0000000000000000000, 1.000000000000000000, 0.0000000000000000000 ) ) ;
#3978 = CARTESIAN_POINT ( 'NONE',  ( -0.3199999999999999512, 1.820000011921000693, 1.589999999999999414 ) ) ;
#3979 = STYLED_ITEM ( 'NONE', ( #6287 ), #11395 ) ;
#3980 = COLOUR_RGB ( '',0.09411764705882352811, 0.09411764705882352811, 0.09411764705882352811 ) ;
#3981 = PRESENTATION_LAYER_ASSIGNMENT (  '', '', ( #9527 ) ) ;
#3982 = SURFACE_STYLE_FILL_AREA ( #3921 ) ;
#3983 = DIRECTION ( 'NONE',  ( -1.000000000000000000, 0.0000000000000000000, 0.0000000000000000000 ) ) ;
#3984 = MANIFOLD_SOLID_BREP ( 'Imported7', #10325 ) ;
#3985 = CARTESIAN_POINT ( 'NONE',  ( 1.119999994040000058, 1.520000000000000018, 0.1750000059600000102 ) ) ;
#3986 = VECTOR ( 'NONE', #6116, 1000.000000000000000 ) ;
#3987 = LINE ( 'NONE', #7885, #7209 ) ;
#3988 = AXIS2_PLACEMENT_3D ( 'NONE', #2551, #10361, #8679 ) ;
#3989 = ORIENTED_EDGE ( 'NONE', *, *, #7695, .F. ) ;
#3990 = MECHANICAL_DESIGN_GEOMETRIC_PRESENTATION_REPRESENTATION (  '', ( #1960 ), #1764 ) ;
#3991 = ORIENTED_EDGE ( 'NONE', *, *, #2900, .T. ) ;
#3992 = AXIS2_PLACEMENT_3D ( 'NONE', #2281, #8090, #9134 ) ;
#3993 = EDGE_CURVE ( 'NONE', #3731, #1370, #215, .T. ) ;
#3994 = DIRECTION ( 'NONE',  ( 1.000000000000000000, 0.0000000000000000000, 0.0000000000000000000 ) ) ;
#3995 = ORIENTED_EDGE ( 'NONE', *, *, #1327, .T. ) ;
#3996 = VECTOR ( 'NONE', #974, 1000.000000000000000 ) ;
#3997 = DIRECTION ( 'NONE',  ( 0.0000000000000000000, 0.7071067811865475727, -0.7071067811865475727 ) ) ;
#3998 = EDGE_LOOP ( 'NONE', ( #4364, #10555, #8428, #608 ) ) ;
#3999 = PLANE ( 'NONE',  #4616 ) ;
#4000 =( GEOMETRIC_REPRESENTATION_CONTEXT ( 3 ) GLOBAL_UNCERTAINTY_ASSIGNED_CONTEXT ( ( #4266 ) ) GLOBAL_UNIT_ASSIGNED_CONTEXT ( ( #265, #7758, #131 ) ) REPRESENTATION_CONTEXT ( 'NONE', 'WORKASPACE' ) );
#4001 =( GEOMETRIC_REPRESENTATION_CONTEXT ( 3 ) GLOBAL_UNCERTAINTY_ASSIGNED_CONTEXT ( ( #641 ) ) GLOBAL_UNIT_ASSIGNED_CONTEXT ( ( #12, #7818, #960 ) ) REPRESENTATION_CONTEXT ( 'NONE', 'WORKASPACE' ) );
#4002 = VECTOR ( 'NONE', #10373, 1000.000000000000000 ) ;
#4003 = DIRECTION ( 'NONE',  ( -0.7071067811865475727, 9.398244244348984524E-16, -0.7071067811865475727 ) ) ;
#4004 = CIRCLE ( 'NONE', #2410, 0.9499999999999999556 ) ;
#4005 =( NAMED_UNIT ( * ) PLANE_ANGLE_UNIT ( ) SI_UNIT ( $, .RADIAN. ) );
#4006 = VERTEX_POINT ( 'NONE', #145 ) ;
#4007 = LINE ( 'NONE', #7899, #3598 ) ;
#4008 = CARTESIAN_POINT ( 'NONE',  ( 19.04999973297112703, 1.519999999999998241, 2.214999988079124904 ) ) ;
#4009 = UNCERTAINTY_MEASURE_WITH_UNIT (LENGTH_MEASURE( 1.000000000000000082E-05 ), #11425, 'distance_accuracy_value', 'NONE');
#4010 = CARTESIAN_POINT ( 'NONE',  ( 15.55999977111799915, -0.3200000000000000067, -3.000000000000000000 ) ) ;
#4011 = ORIENTED_EDGE ( 'NONE', *, *, #12376, .T. ) ;
#4012 = CARTESIAN_POINT ( 'NONE',  ( 16.20999975919724889, 3.809999961852999828, 2.515000000000252367 ) ) ;
#4013 = VECTOR ( 'NONE', #2915, 1000.000000000000000 ) ;
#4014 = CARTESIAN_POINT ( 'NONE',  ( -1.270000000000000018, 1.520000000000000018, 0.02500000000000000139 ) ) ;
#4015 =( GEOMETRIC_REPRESENTATION_CONTEXT ( 3 ) GLOBAL_UNCERTAINTY_ASSIGNED_CONTEXT ( ( #8229 ) ) GLOBAL_UNIT_ASSIGNED_CONTEXT ( ( #8673, #12311, #10418 ) ) REPRESENTATION_CONTEXT ( 'NONE', 'WORKASPACE' ) );
#4016 =( NAMED_UNIT ( * ) PLANE_ANGLE_UNIT ( ) SI_UNIT ( $, .RADIAN. ) );
#4017 = CARTESIAN_POINT ( 'NONE',  ( 7.939999885558998827, -0.3199999999999999512, -2.799999997020000020 ) ) ;
#4018 = CARTESIAN_POINT ( 'NONE',  ( 1.270000000000000018, 1.520000000000000018, 0.3250000119209999760 ) ) ;
#4019 = COLOUR_RGB ( '',0.09411764705882352811, 0.09411764705882352811, 0.09411764705882352811 ) ;
#4020 = STYLED_ITEM ( 'NONE', ( #4352 ), #8384 ) ;
#4021 = CARTESIAN_POINT ( 'NONE',  ( -0.9699999880792493645, 3.809999961853000716, 0.02499999999975153347 ) ) ;
#4022 = EDGE_CURVE ( 'NONE', #4072, #8411, #5166, .T. ) ;
#4023 = SURFACE_SIDE_STYLE ('',( #9031 ) ) ;
#4024 = ORIENTED_EDGE ( 'NONE', *, *, #643, .F. ) ;
#4025 = ORIENTED_EDGE ( 'NONE', *, *, #5123, .T. ) ;
#4026 = FILL_AREA_STYLE ('',( #4921 ) ) ;
#4027 = SURFACE_STYLE_USAGE ( .BOTH. , #2948 ) ;
#4028 = VECTOR ( 'NONE', #8569, 1000.000000000000000 ) ;
#4029 = FACE_OUTER_BOUND ( 'NONE', #12037, .T. ) ;
#4030 = VECTOR ( 'NONE', #3075, 1000.000000000000000 ) ;
#4031 = CARTESIAN_POINT ( 'NONE',  ( 14.91999977111799858, 9.609999997019999185, 1.590000000000000302 ) ) ;
#4032 = SURFACE_STYLE_USAGE ( .BOTH. , #6137 ) ;
#4033 = AXIS2_PLACEMENT_3D ( 'NONE', #3234, #10205, #5076 ) ;
#4034 =( NAMED_UNIT ( * ) PLANE_ANGLE_UNIT ( ) SI_UNIT ( $, .RADIAN. ) );
#4035 = SURFACE_STYLE_FILL_AREA ( #1935 ) ;
#4036 = FACE_OUTER_BOUND ( 'NONE', #10099, .T. ) ;
#4037 = LINE ( 'NONE', #11970, #521 ) ;
#4038 = ORIENTED_EDGE ( 'NONE', *, *, #2116, .F. ) ;
#4039 = ORIENTED_EDGE ( 'NONE', *, *, #3237, .F. ) ;
#4040 = FILL_AREA_STYLE ('',( #9871 ) ) ;
#4041 = VERTEX_POINT ( 'NONE', #11685 ) ;
#4042 =( NAMED_UNIT ( * ) SI_UNIT ( $, .STERADIAN. ) SOLID_ANGLE_UNIT ( ) );
#4043 = DIRECTION ( 'NONE',  ( -0.7071067811865474617, 0.0000000000000000000, 0.7071067811865474617 ) ) ;
#4044 = COLOUR_RGB ( '',0.09411764705882352811, 0.09411764705882352811, 0.09411764705882352811 ) ;
#4045 = SURFACE_STYLE_USAGE ( .BOTH. , #9821 ) ;
#4046 = SHAPE_REPRESENTATION_RELATIONSHIP ( 'NONE' , 'NONE' ,  #4914, #8616 ) ;
#4047 = ADVANCED_FACE ( 'NONE', ( #8027 ), #5919, .F. ) ;
#4048 = SURFACE_STYLE_USAGE ( .BOTH. , #7882 ) ;
#4049 = DIRECTION ( 'NONE',  ( -0.0000000000000000000, 1.000000000000000000, 1.510616709811000052E-15 ) ) ;
#4050 = CARTESIAN_POINT ( 'NONE',  ( 18.09999973297100340, 9.609999997019999185, 0.9499999999999999556 ) ) ;
#4051 = CARTESIAN_POINT ( 'NONE',  ( 12.37999980926499966, -0.3199999999999999512, -4.388850394221508810E-16 ) ) ;
#4052 = VERTEX_POINT ( 'NONE', #4012 ) ;
#4053 = CARTESIAN_POINT ( 'NONE',  ( 2.219999961852999970, 1.270000000000000018, 1.590000000000000080 ) ) ;
#4054 = EDGE_CURVE ( 'NONE', #897, #1489, #7903, .T. ) ;
#4055 = VERTEX_POINT ( 'NONE', #6953 ) ;
#4056 = SURFACE_SIDE_STYLE ('',( #1313 ) ) ;
#4057 = VERTEX_POINT ( 'NONE', #10863 ) ;
#4058 = EDGE_CURVE ( 'NONE', #597, #12050, #2101, .T. ) ;
#4059 = PLANE ( 'NONE',  #1132 ) ;
#4060 = EDGE_LOOP ( 'NONE', ( #5211, #9812, #141, #12229 ) ) ;
#4061 = CARTESIAN_POINT ( 'NONE',  ( -1.270000000000000018, 1.520000000000000018, 2.515000000000000124 ) ) ;
#4062 =( NAMED_UNIT ( * ) PLANE_ANGLE_UNIT ( ) SI_UNIT ( $, .RADIAN. ) );
#4063 = EDGE_CURVE ( 'NONE', #1468, #3125, #8958, .T. ) ;
#4064 = DIRECTION ( 'NONE',  ( 0.0000000000000000000, -0.0000000000000000000, -1.000000000000000000 ) ) ;
#4065 = FACE_OUTER_BOUND ( 'NONE', #4821, .T. ) ;
#4066 = COLOUR_RGB ( '',1.000000000000000000, 1.000000000000000000, 0.4980392156862745168 ) ;
#4067 =( NAMED_UNIT ( * ) SI_UNIT ( $, .STERADIAN. ) SOLID_ANGLE_UNIT ( ) );
#4068 = EDGE_LOOP ( 'NONE', ( #5231, #2306, #2110, #12531 ) ) ;
#4069 =( LENGTH_UNIT ( ) NAMED_UNIT ( * ) SI_UNIT ( .MILLI., .METRE. ) );
#4070 = VECTOR ( 'NONE', #12128, 1000.000000000000000 ) ;
#4071 =( NAMED_UNIT ( * ) SI_UNIT ( $, .STERADIAN. ) SOLID_ANGLE_UNIT ( ) );
#4072 = VERTEX_POINT ( 'NONE', #7013 ) ;
#4073 = DIRECTION ( 'NONE',  ( -1.000000000000000000, -0.0000000000000000000, -0.0000000000000000000 ) ) ;
#4074 =( NAMED_UNIT ( * ) SI_UNIT ( $, .STERADIAN. ) SOLID_ANGLE_UNIT ( ) );
#4075 = CARTESIAN_POINT ( 'NONE',  ( 9.839999847412000733, 0.3200000000000000067, -2.799999997020000020 ) ) ;
#4076 = VECTOR ( 'NONE', #7670, 1000.000000000000000 ) ;
#4077 = CARTESIAN_POINT ( 'NONE',  ( 3.959999929666998320, 3.809999961853000716, 2.364999994040001940 ) ) ;
#4078 = FILL_AREA_STYLE ('',( #220 ) ) ;
#4079 = SURFACE_SIDE_STYLE ('',( #10050 ) ) ;
#4080 =( NAMED_UNIT ( * ) PLANE_ANGLE_UNIT ( ) SI_UNIT ( $, .RADIAN. ) );
#4081 = FILL_AREA_STYLE_COLOUR ( '', #3867 ) ;
#4082 =( GEOMETRIC_REPRESENTATION_CONTEXT ( 3 ) GLOBAL_UNCERTAINTY_ASSIGNED_CONTEXT ( ( #6445 ) ) GLOBAL_UNIT_ASSIGNED_CONTEXT ( ( #2815, #8749, #7067 ) ) REPRESENTATION_CONTEXT ( 'NONE', 'WORKASPACE' ) );
#4083 = VERTEX_POINT ( 'NONE', #10923 ) ;
#4084 = ORIENTED_EDGE ( 'NONE', *, *, #669, .T. ) ;
#4085 = VECTOR ( 'NONE', #6896, 1000.000000000000114 ) ;
#4086 = PRODUCT_DEFINITION_SHAPE ( 'NONE', 'NONE',  #6942 ) ;
#4087 = ADVANCED_FACE ( 'NONE', ( #2165 ), #1595, .T. ) ;
#4088 = DIRECTION ( 'NONE',  ( 1.000000000000000000, -0.0000000000000000000, -0.0000000000000000000 ) ) ;
#4089 = PRESENTATION_STYLE_ASSIGNMENT (( #11896 ) ) ;
#4090 = CARTESIAN_POINT ( 'NONE',  ( 16.80999974489200000, 1.520000000000000018, 2.515000000000000124 ) ) ;
#4091 = VECTOR ( 'NONE', #870, 1000.000000000000000 ) ;
#4092 = SURFACE_STYLE_FILL_AREA ( #1181 ) ;
#4093 = EDGE_CURVE ( 'NONE', #1448, #2261, #3380, .T. ) ;
#4094 =( GEOMETRIC_REPRESENTATION_CONTEXT ( 3 ) GLOBAL_UNCERTAINTY_ASSIGNED_CONTEXT ( ( #8618 ) ) GLOBAL_UNIT_ASSIGNED_CONTEXT ( ( #9495, #7416, #6547 ) ) REPRESENTATION_CONTEXT ( 'NONE', 'WORKASPACE' ) );
#4095 = DIRECTION ( 'NONE',  ( -1.000000000000000000, -0.0000000000000000000, -0.0000000000000000000 ) ) ;
#4096 = SURFACE_STYLE_FILL_AREA ( #9171 ) ;
#4097 = UNCERTAINTY_MEASURE_WITH_UNIT (LENGTH_MEASURE( 1.000000000000000082E-05 ), #11181, 'distance_accuracy_value', 'NONE');
#4098 = VERTEX_POINT ( 'NONE', #12115 ) ;
#4099 = PRESENTATION_LAYER_ASSIGNMENT (  '', '', ( #11877 ) ) ;
#4100 = ORIENTED_EDGE ( 'NONE', *, *, #1136, .F. ) ;
#4101 = SURFACE_SIDE_STYLE ('',( #294 ) ) ;
#4102 = ORIENTED_EDGE ( 'NONE', *, *, #4554, .T. ) ;
#4103 = COLOUR_RGB ( '',1.000000000000000000, 1.000000000000000000, 0.4980392156862745168 ) ;
#4104 = ADVANCED_FACE ( 'NONE', ( #9149 ), #11245, .T. ) ;
#4105 = DIRECTION ( 'NONE',  ( 0.0000000000000000000, 1.000000000000000000, 0.0000000000000000000 ) ) ;
#4106 = DIRECTION ( 'NONE',  ( 0.0000000000000000000, -1.510616709811000052E-15, 1.000000000000000000 ) ) ;
#4107 = CARTESIAN_POINT ( 'NONE',  ( -0.3200000000000000067, -0.3199999999999999512, -4.388850394221508810E-16 ) ) ;
#4108 = PRESENTATION_STYLE_ASSIGNMENT (( #4045 ) ) ;
#4109 = LINE ( 'NONE', #11977, #3206 ) ;
#4110 = UNCERTAINTY_MEASURE_WITH_UNIT (LENGTH_MEASURE( 1.000000000000000082E-05 ), #8920, 'distance_accuracy_value', 'NONE');
#4111 = FILL_AREA_STYLE_COLOUR ( '', #2996 ) ;
#4112 = EDGE_CURVE ( 'NONE', #8197, #1370, #4457, .T. ) ;
#4113 = VECTOR ( 'NONE', #3003, 1000.000000000000000 ) ;
#4114 = COLOUR_RGB ( '',1.000000000000000000, 1.000000000000000000, 0.4980392156862745168 ) ;
#4115 = DIRECTION ( 'NONE',  ( 0.0000000000000000000, -1.510616709811000052E-15, 1.000000000000000000 ) ) ;
#4116 = DIRECTION ( 'NONE',  ( -0.0000000000000000000, -1.000000000000000000, 0.0000000000000000000 ) ) ;
#4117 = DIRECTION ( 'NONE',  ( -0.0000000000000000000, 1.000000000000000000, 1.510616709811000052E-15 ) ) ;
#4118 = PRESENTATION_LAYER_ASSIGNMENT (  '', '', ( #10255 ) ) ;
#4119 = DIRECTION ( 'NONE',  ( 0.0000000000000000000, -1.000000000000000000, -1.332267629549999902E-15 ) ) ;
#4120 = DIRECTION ( 'NONE',  ( 1.000000000000000000, 0.0000000000000000000, 0.0000000000000000000 ) ) ;
#4121 = ORIENTED_EDGE ( 'NONE', *, *, #11514, .T. ) ;
#4122 = ORIENTED_EDGE ( 'NONE', *, *, #10523, .T. ) ;
#4123 = PRESENTATION_STYLE_ASSIGNMENT (( #10847 ) ) ;
#4124 = ORIENTED_EDGE ( 'NONE', *, *, #6295, .T. ) ;
#4125 = ORIENTED_EDGE ( 'NONE', *, *, #4161, .F. ) ;
#4126 = CARTESIAN_POINT ( 'NONE',  ( 13.01999980926500200, 3.809999961852999828, 1.590000000000000080 ) ) ;
#4127 = PRESENTATION_STYLE_ASSIGNMENT (( #9970 ) ) ;
#4128 = EDGE_CURVE ( 'NONE', #8193, #6845, #2440, .T. ) ;
#4129 = FACE_OUTER_BOUND ( 'NONE', #3969, .T. ) ;
#4130 = EDGE_CURVE ( 'NONE', #7385, #6797, #7195, .T. ) ;
#4131 =( NAMED_UNIT ( * ) SI_UNIT ( $, .STERADIAN. ) SOLID_ANGLE_UNIT ( ) );
#4132 = ORIENTED_EDGE ( 'NONE', *, *, #2421, .F. ) ;
#4133 = DIRECTION ( 'NONE',  ( 0.0000000000000000000, 0.0000000000000000000, 1.000000000000000000 ) ) ;
#4134 = CARTESIAN_POINT ( 'NONE',  ( 11.42999980926500037, 1.820000011921002026, 0.9499999999999998446 ) ) ;
#4135 = UNCERTAINTY_MEASURE_WITH_UNIT (LENGTH_MEASURE( 1.000000000000000082E-05 ), #4972, 'distance_accuracy_value', 'NONE');
#4136 = UNCERTAINTY_MEASURE_WITH_UNIT (LENGTH_MEASURE( 1.000000000000000082E-05 ), #4692, 'distance_accuracy_value', 'NONE');
#4137 = CARTESIAN_POINT ( 'NONE',  ( 8.889999885559499049, 1.520000000000000018, 2.214999988079501048 ) ) ;
#4138 = ORIENTED_EDGE ( 'NONE', *, *, #9619, .F. ) ;
#4139 = FILL_AREA_STYLE ('',( #9082 ) ) ;
#4140 =( NAMED_UNIT ( * ) PLANE_ANGLE_UNIT ( ) SI_UNIT ( $, .RADIAN. ) );
#4141 = SURFACE_SIDE_STYLE ('',( #8820 ) ) ;
#4142 = CARTESIAN_POINT ( 'NONE',  ( -0.1199999970199999433, -0.1199999970199999572, -3.000000000000000444 ) ) ;
#4143 = UNCERTAINTY_MEASURE_WITH_UNIT (LENGTH_MEASURE( 1.000000000000000082E-05 ), #1987, 'distance_accuracy_value', 'NONE');
#4144 =( LENGTH_UNIT ( ) NAMED_UNIT ( * ) SI_UNIT ( .MILLI., .METRE. ) );
#4145 = CARTESIAN_POINT ( 'NONE',  ( 8.889999847411999667, 3.809999961852999828, 0.02500000000000000139 ) ) ;
#4146 = ORIENTED_EDGE ( 'NONE', *, *, #6166, .F. ) ;
#4147 = ORIENTED_EDGE ( 'NONE', *, *, #9601, .T. ) ;
#4148 = SURFACE_STYLE_USAGE ( .BOTH. , #11831 ) ;
#4149 = EDGE_CURVE ( 'NONE', #8851, #7754, #1473, .T. ) ;
#4150 =( GEOMETRIC_REPRESENTATION_CONTEXT ( 3 ) GLOBAL_UNCERTAINTY_ASSIGNED_CONTEXT ( ( #459 ) ) GLOBAL_UNIT_ASSIGNED_CONTEXT ( ( #4338, #8254, #8389 ) ) REPRESENTATION_CONTEXT ( 'NONE', 'WORKASPACE' ) );
#4151 = VECTOR ( 'NONE', #2048, 1000.000000000000000 ) ;
#4152 = FILL_AREA_STYLE_COLOUR ( '', #382 ) ;
#4153 = UNCERTAINTY_MEASURE_WITH_UNIT (LENGTH_MEASURE( 1.000000000000000082E-05 ), #2344, 'distance_accuracy_value', 'NONE');
#4154 = DIRECTION ( 'NONE',  ( 0.0000000000000000000, -1.332267629549999902E-15, 1.000000000000000000 ) ) ;
#4155 = SURFACE_STYLE_FILL_AREA ( #6141 ) ;
#4156 = STYLED_ITEM ( 'NONE', ( #2265 ), #4878 ) ;
#4157 = VECTOR ( 'NONE', #10980, 1000.000000000000000 ) ;
#4158 =( NAMED_UNIT ( * ) SI_UNIT ( $, .STERADIAN. ) SOLID_ANGLE_UNIT ( ) );
#4159 = ORIENTED_EDGE ( 'NONE', *, *, #3422, .T. ) ;
#4160 = VECTOR ( 'NONE', #10455, 1000.000000000000000 ) ;
#4161 = EDGE_CURVE ( 'NONE', #5900, #293, #2547, .T. ) ;
#4162 = PRESENTATION_STYLE_ASSIGNMENT (( #7871 ) ) ;
#4163 = ORIENTED_EDGE ( 'NONE', *, *, #11814, .T. ) ;
#4164 = DIRECTION ( 'NONE',  ( 0.0000000000000000000, 0.0000000000000000000, 1.000000000000000000 ) ) ;
#4165 = PLANE ( 'NONE',  #10044 ) ;
#4166 = LINE ( 'NONE', #299, #2018 ) ;
#4167 =( LENGTH_UNIT ( ) NAMED_UNIT ( * ) SI_UNIT ( .MILLI., .METRE. ) );
#4168 = CARTESIAN_POINT ( 'NONE',  ( 18.09999973297100340, 1.270000000000000018, 0.9499999999999999556 ) ) ;
#4169 = STYLED_ITEM ( 'NONE', ( #3746 ), #8762 ) ;
#4170 = STYLED_ITEM ( 'NONE', ( #11200 ), #6981 ) ;
#4171 = SURFACE_SIDE_STYLE ('',( #8861 ) ) ;
#4172 = LINE ( 'NONE', #11980, #6390 ) ;
#4173 =( NAMED_UNIT ( * ) PLANE_ANGLE_UNIT ( ) SI_UNIT ( $, .RADIAN. ) );
#4174 = ORIENTED_EDGE ( 'NONE', *, *, #5586, .F. ) ;
#4175 = DIRECTION ( 'NONE',  ( 0.0000000000000000000, -1.554312234475000050E-15, 1.000000000000000000 ) ) ;
#4176 = PRESENTATION_LAYER_ASSIGNMENT (  '', '', ( #10121 ) ) ;
#4177 = ORIENTED_EDGE ( 'NONE', *, *, #8545, .T. ) ;
#4178 = CLOSED_SHELL ( 'NONE', ( #7294, #1079, #9227, #6693, #4927, #3943, #1025, #11072, #3854, #12499, #2813, #7537, #10376, #9893, #3490, #3251, #5854, #5435 ) ) ;
#4179 = AXIS2_PLACEMENT_3D ( 'NONE', #4571, #10469, #6094 ) ;
#4180 =( NAMED_UNIT ( * ) SI_UNIT ( $, .STERADIAN. ) SOLID_ANGLE_UNIT ( ) );
#4181 = COLOUR_RGB ( '',1.000000000000000000, 1.000000000000000000, 0.4980392156862745168 ) ;
#4182 = DIRECTION ( 'NONE',  ( 0.0000000000000000000, 0.0000000000000000000, -1.000000000000000000 ) ) ;
#4183 = ORIENTED_EDGE ( 'NONE', *, *, #1552, .T. ) ;
#4184 = PRESENTATION_STYLE_ASSIGNMENT (( #318 ) ) ;
#4185 = FILL_AREA_STYLE_COLOUR ( '', #9937 ) ;
#4186 = COLOUR_RGB ( '',1.000000000000000000, 1.000000000000000000, 0.4980392156862745168 ) ;
#4187 = DIRECTION ( 'NONE',  ( -1.000000000000000000, 0.0000000000000000000, -0.0000000000000000000 ) ) ;
#4188 = COLOUR_RGB ( '',0.09411764705882352811, 0.09411764705882352811, 0.09411764705882352811 ) ;
#4189 = SURFACE_SIDE_STYLE ('',( #6106 ) ) ;
#4190 = COLOUR_RGB ( '',0.09411764705882352811, 0.09411764705882352811, 0.09411764705882352811 ) ;
#4191 =( NAMED_UNIT ( * ) PLANE_ANGLE_UNIT ( ) SI_UNIT ( $, .RADIAN. ) );
#4192 = VERTEX_POINT ( 'NONE', #7634 ) ;
#4193 = LINE ( 'NONE', #6309, #9730 ) ;
#4194 = LINE ( 'NONE', #8023, #8620 ) ;
#4195 = ORIENTED_EDGE ( 'NONE', *, *, #3872, .F. ) ;
#4196 = DIRECTION ( 'NONE',  ( -0.0000000000000000000, -1.000000000000000000, -1.332267629549999902E-15 ) ) ;
#4197 = AXIS2_PLACEMENT_3D ( 'NONE', #11046, #9977, #12051 ) ;
#4198 = COLOUR_RGB ( '',1.000000000000000000, 1.000000000000000000, 0.4980392156862745168 ) ;
#4199 =( GEOMETRIC_REPRESENTATION_CONTEXT ( 3 ) GLOBAL_UNCERTAINTY_ASSIGNED_CONTEXT ( ( #1852 ) ) GLOBAL_UNIT_ASSIGNED_CONTEXT ( ( #6301, #11423, #2664 ) ) REPRESENTATION_CONTEXT ( 'NONE', 'WORKASPACE' ) );
#4200 = DIRECTION ( 'NONE',  ( 0.7071067811865475727, -0.7071067811865475727, 0.0000000000000000000 ) ) ;
#4201 = AXIS2_PLACEMENT_3D ( 'NONE', #10232, #1412, #8370 ) ;
#4202 = ORIENTED_EDGE ( 'NONE', *, *, #9805, .T. ) ;
#4203 = COLOUR_RGB ( '',0.09411764705882352811, 0.09411764705882352811, 0.09411764705882352811 ) ;
#4204 = DIRECTION ( 'NONE',  ( -0.0000000000000000000, 1.510616709811000052E-15, -1.000000000000000000 ) ) ;
#4205 = DIRECTION ( 'NONE',  ( -0.0000000000000000000, -1.000000000000000000, -1.609823385705999920E-15 ) ) ;
#4206 = VERTEX_POINT ( 'NONE', #1901 ) ;
#4207 = LINE ( 'NONE', #8125, #8884 ) ;
#4208 = EDGE_LOOP ( 'NONE', ( #7712, #240, #2058, #1435 ) ) ;
#4209 = LINE ( 'NONE', #10816, #3615 ) ;
#4210 = PRESENTATION_LAYER_ASSIGNMENT (  '', '', ( #9957 ) ) ;
#4211 = EDGE_CURVE ( 'NONE', #6441, #9066, #11553, .T. ) ;
#4212 = DIRECTION ( 'NONE',  ( -0.0000000000000000000, -0.0000000000000000000, -1.000000000000000000 ) ) ;
#4213 = SURFACE_STYLE_FILL_AREA ( #356 ) ;
#4214 = CARTESIAN_POINT ( 'NONE',  ( 9.839999847412000733, 1.270000000000000018, -4.440892098500999885E-16 ) ) ;
#4215 = SURFACE_STYLE_FILL_AREA ( #7983 ) ;
#4216 = MECHANICAL_DESIGN_GEOMETRIC_PRESENTATION_REPRESENTATION (  '', ( #5050 ), #6880 ) ;
#4217 = STYLED_ITEM ( 'NONE', ( #10015 ), #8350 ) ;
#4218 = VECTOR ( 'NONE', #9232, 1000.000000000000000 ) ;
#4219 = EDGE_CURVE ( 'NONE', #1476, #7995, #3214, .T. ) ;
#4220 = FILL_AREA_STYLE_COLOUR ( '', #1103 ) ;
#4221 = SURFACE_STYLE_USAGE ( .BOTH. , #5940 ) ;
#4222 = FILL_AREA_STYLE_COLOUR ( '', #5859 ) ;
#4223 = FILL_AREA_STYLE_COLOUR ( '', #2155 ) ;
#4224 = ORIENTED_EDGE ( 'NONE', *, *, #10285, .F. ) ;
#4225 =( LENGTH_UNIT ( ) NAMED_UNIT ( * ) SI_UNIT ( .MILLI., .METRE. ) );
#4226 = STYLED_ITEM ( 'NONE', ( #9484 ), #11072 ) ;
#4227 = LINE ( 'NONE', #2517, #2355 ) ;
#4228 = EDGE_LOOP ( 'NONE', ( #11144, #6649, #8496, #9276, #3991, #1822, #8614, #9525 ) ) ;
#4229 = DIRECTION ( 'NONE',  ( 0.0000000000000000000, -1.510616709811000052E-15, 1.000000000000000000 ) ) ;
#4230 = FILL_AREA_STYLE_COLOUR ( '', #11204 ) ;
#4231 = PLANE ( 'NONE',  #12257 ) ;
#4232 = PLANE ( 'NONE',  #1550 ) ;
#4233 = CARTESIAN_POINT ( 'NONE',  ( 6.349999885558999857, 1.520000000000000018, 0.02500000000000000139 ) ) ;
#4234 = CARTESIAN_POINT ( 'NONE',  ( 13.96999977111799929, 1.520000000000000018, 0.02500000000000000139 ) ) ;
#4235 = DIRECTION ( 'NONE',  ( 0.0000000000000000000, 0.0000000000000000000, -1.000000000000000000 ) ) ;
#4236 = DIRECTION ( 'NONE',  ( 0.7071067811865474617, -0.7071067811865474617, 0.0000000000000000000 ) ) ;
#4237 = VERTEX_POINT ( 'NONE', #10656 ) ;
#4238 =( LENGTH_UNIT ( ) NAMED_UNIT ( * ) SI_UNIT ( .MILLI., .METRE. ) );
#4239 = AXIS2_PLACEMENT_3D ( 'NONE', #8453, #11642, #4545 ) ;
#4240 = ORIENTED_EDGE ( 'NONE', *, *, #2028, .T. ) ;
#4241 = PRESENTATION_LAYER_ASSIGNMENT (  '', '', ( #7301 ) ) ;
#4242 = SURFACE_SIDE_STYLE ('',( #2220 ) ) ;
#4243 = ORIENTED_EDGE ( 'NONE', *, *, #992, .F. ) ;
#4244 = FACE_OUTER_BOUND ( 'NONE', #6652, .T. ) ;
#4245 = PRESENTATION_STYLE_ASSIGNMENT (( #5278 ) ) ;
#4246 = EDGE_CURVE ( 'NONE', #10610, #108, #12495, .T. ) ;
#4247 =( LENGTH_UNIT ( ) NAMED_UNIT ( * ) SI_UNIT ( .MILLI., .METRE. ) );
#4248 = EDGE_CURVE ( 'NONE', #7078, #11126, #6698, .T. ) ;
#4249 =( NAMED_UNIT ( * ) PLANE_ANGLE_UNIT ( ) SI_UNIT ( $, .RADIAN. ) );
#4250 = FILL_AREA_STYLE ('',( #12302 ) ) ;
#4251 = SURFACE_SIDE_STYLE ('',( #399 ) ) ;
#4252 = ORIENTED_EDGE ( 'NONE', *, *, #7969, .T. ) ;
#4253 = PRESENTATION_STYLE_ASSIGNMENT (( #12052 ) ) ;
#4254 = UNCERTAINTY_MEASURE_WITH_UNIT (LENGTH_MEASURE( 1.000000000000000082E-05 ), #2326, 'distance_accuracy_value', 'NONE');
#4255 = CARTESIAN_POINT ( 'NONE',  ( 6.349999885558999857, 3.809999961852999828, 2.214999988079001003 ) ) ;
#4256 = ADVANCED_FACE ( 'NONE', ( #2675 ), #12433, .F. ) ;
#4257 = DIRECTION ( 'NONE',  ( 0.0000000000000000000, -1.000000000000000000, -0.0000000000000000000 ) ) ;
#4258 = FACE_OUTER_BOUND ( 'NONE', #3787, .T. ) ;
#4259 = STYLED_ITEM ( 'NONE', ( #4955 ), #1631 ) ;
#4260 = DIRECTION ( 'NONE',  ( -0.0000000000000000000, 1.000000000000000000, 0.0000000000000000000 ) ) ;
#4261 = EDGE_CURVE ( 'NONE', #1800, #10697, #2185, .T. ) ;
#4262 = EDGE_CURVE ( 'NONE', #7795, #2716, #5536, .T. ) ;
#4263 = MECHANICAL_DESIGN_GEOMETRIC_PRESENTATION_REPRESENTATION (  '', ( #3066 ), #9196 ) ;
#4264 = SURFACE_STYLE_FILL_AREA ( #11194 ) ;
#4265 = ORIENTED_EDGE ( 'NONE', *, *, #9833, .T. ) ;
#4266 = UNCERTAINTY_MEASURE_WITH_UNIT (LENGTH_MEASURE( 1.000000000000000082E-05 ), #265, 'distance_accuracy_value', 'NONE');
#4267 = ORIENTED_EDGE ( 'NONE', *, *, #3262, .F. ) ;
#4268 = PRESENTATION_STYLE_ASSIGNMENT (( #1174 ) ) ;
#4269 = EDGE_CURVE ( 'NONE', #2546, #7795, #7451, .T. ) ;
#4270 = ORIENTED_EDGE ( 'NONE', *, *, #10049, .T. ) ;
#4271 = PRESENTATION_STYLE_ASSIGNMENT (( #6265 ) ) ;
#4272 = FILL_AREA_STYLE_COLOUR ( '', #5304 ) ;
#4273 = EDGE_CURVE ( 'NONE', #403, #4935, #4004, .T. ) ;
#4274 = DIRECTION ( 'NONE',  ( -1.000000000000000000, 0.0000000000000000000, -0.0000000000000000000 ) ) ;
#4275 = CARTESIAN_POINT ( 'NONE',  ( -0.3200000000000000067, 1.270000000000000018, 1.590000000000000080 ) ) ;
#4276 = CARTESIAN_POINT ( 'NONE',  ( 7.299999885558999146, 9.609999997019999185, 0.9499999999999995115 ) ) ;
#4277 = UNCERTAINTY_MEASURE_WITH_UNIT (LENGTH_MEASURE( 1.000000000000000082E-05 ), #5038, 'distance_accuracy_value', 'NONE');
#4278 = EDGE_CURVE ( 'NONE', #8424, #4466, #3690, .T. ) ;
#4279 = AXIS2_PLACEMENT_3D ( 'NONE', #11436, #771, #11066 ) ;
#4280 = CARTESIAN_POINT ( 'NONE',  ( 4.109999935627000056, 1.520000000000000018, 0.02500000000000001180 ) ) ;
#4281 = EDGE_CURVE ( 'NONE', #7595, #947, #3632, .T. ) ;
#4282 = CARTESIAN_POINT ( 'NONE',  ( 9.839999847412000733, 0.3200000000000000067, -3.000000000000000000 ) ) ;
#4283 = MECHANICAL_DESIGN_GEOMETRIC_PRESENTATION_REPRESENTATION (  '', ( #5912 ), #10839 ) ;
#4284 = EDGE_LOOP ( 'NONE', ( #9148, #862, #11845, #1133 ) ) ;
#4285 = CARTESIAN_POINT ( 'NONE',  ( 3.959999929667000096, 1.520000000000000018, 2.364999994040000164 ) ) ;
#4286 = CARTESIAN_POINT ( 'NONE',  ( 7.299999885559000035, 0.2199999985099999888, -2.899999998509999788 ) ) ;
#4287 = ORIENTED_EDGE ( 'NONE', *, *, #773, .T. ) ;
#4288 = SURFACE_SIDE_STYLE ('',( #9370 ) ) ;
#4289 = DIRECTION ( 'NONE',  ( 0.0000000000000000000, -1.000000000000000000, -0.0000000000000000000 ) ) ;
#4290 = DIRECTION ( 'NONE',  ( -0.0000000000000000000, -1.000000000000000000, -0.0000000000000000000 ) ) ;
#4291 = CARTESIAN_POINT ( 'NONE',  ( 0.0000000000000000000, 0.0000000000000000000, 0.0000000000000000000 ) ) ;
#4292 = CARTESIAN_POINT ( 'NONE',  ( 10.27999984443199999, -0.1199999970199999433, -3.000000000000000444 ) ) ;
#4293 = SURFACE_STYLE_FILL_AREA ( #8274 ) ;
#4294 = SURFACE_STYLE_FILL_AREA ( #1308 ) ;
#4295 = DIRECTION ( 'NONE',  ( 0.0000000000000000000, 1.332267629549999902E-15, -1.000000000000000000 ) ) ;
#4296 = STYLED_ITEM ( 'NONE', ( #3894 ), #6089 ) ;
#4297 = SURFACE_STYLE_FILL_AREA ( #2643 ) ;
#4298 = ORIENTED_EDGE ( 'NONE', *, *, #7364, .T. ) ;
#4299 = SURFACE_STYLE_FILL_AREA ( #441 ) ;
#4300 = STYLED_ITEM ( 'NONE', ( #10760 ), #3251 ) ;
#4301 = VERTEX_POINT ( 'NONE', #4644 ) ;
#4302 =( NAMED_UNIT ( * ) SI_UNIT ( $, .STERADIAN. ) SOLID_ANGLE_UNIT ( ) );
#4303 = ORIENTED_EDGE ( 'NONE', *, *, #2632, .T. ) ;
#4304 = FILL_AREA_STYLE_COLOUR ( '', #11326 ) ;
#4305 = LINE ( 'NONE', #9192, #2475 ) ;
#4306 = SURFACE_SIDE_STYLE ('',( #5386 ) ) ;
#4307 = EDGE_CURVE ( 'NONE', #8411, #7351, #7576, .T. ) ;
#4308 = SURFACE_STYLE_USAGE ( .BOTH. , #8097 ) ;
#4309 = COLOUR_RGB ( '',0.09411764705882352811, 0.09411764705882352811, 0.09411764705882352811 ) ;
#4310 = MECHANICAL_DESIGN_GEOMETRIC_PRESENTATION_REPRESENTATION (  '', ( #5541 ), #6781 ) ;
#4311 = PRESENTATION_STYLE_ASSIGNMENT (( #6957 ) ) ;
#4312 = MECHANICAL_DESIGN_GEOMETRIC_PRESENTATION_REPRESENTATION (  '', ( #8819 ), #7584 ) ;
#4313 =( NAMED_UNIT ( * ) SI_UNIT ( $, .STERADIAN. ) SOLID_ANGLE_UNIT ( ) );
#4314 = FILL_AREA_STYLE_COLOUR ( '', #6215 ) ;
#4315 = DIRECTION ( 'NONE',  ( 0.0000000000000000000, 0.7071067811865474617, 0.7071067811865474617 ) ) ;
#4316 = SURFACE_SIDE_STYLE ('',( #2938 ) ) ;
#4317 = ORIENTED_EDGE ( 'NONE', *, *, #5238, .F. ) ;
#4318 = FILL_AREA_STYLE ('',( #5229 ) ) ;
#4319 = DIRECTION ( 'NONE',  ( 0.0000000000000000000, 1.000000000000000000, -0.0000000000000000000 ) ) ;
#4320 = EDGE_LOOP ( 'NONE', ( #2563, #7633, #1598, #9346 ) ) ;
#4321 =( NAMED_UNIT ( * ) SI_UNIT ( $, .STERADIAN. ) SOLID_ANGLE_UNIT ( ) );
#4322 = CARTESIAN_POINT ( 'NONE',  ( 5.399999923705999905, -0.3200000000000000067, -2.799999997020000020 ) ) ;
#4323 = EDGE_CURVE ( 'NONE', #7310, #12294, #6630, .T. ) ;
#4324 = PLANE ( 'NONE',  #9923 ) ;
#4325 = EDGE_CURVE ( 'NONE', #6810, #743, #822, .T. ) ;
#4326 = SURFACE_STYLE_USAGE ( .BOTH. , #2242 ) ;
#4327 = DIRECTION ( 'NONE',  ( 0.0000000000000000000, -1.000000000000000000, -1.609823385705999920E-15 ) ) ;
#4328 = VERTEX_POINT ( 'NONE', #9801 ) ;
#4329 = DIRECTION ( 'NONE',  ( -1.000000000000000000, 0.0000000000000000000, 0.0000000000000000000 ) ) ;
#4330 = SURFACE_STYLE_USAGE ( .BOTH. , #3451 ) ;
#4331 = ORIENTED_EDGE ( 'NONE', *, *, #11634, .F. ) ;
#4332 = CARTESIAN_POINT ( 'NONE',  ( 11.42999980926500037, 1.820000011921000249, 2.214999988079000115 ) ) ;
#4333 = ORIENTED_EDGE ( 'NONE', *, *, #2553, .T. ) ;
#4334 = CARTESIAN_POINT ( 'NONE',  ( 12.37999980926499966, -0.1199999970200000127, -3.000000000000000000 ) ) ;
#4335 = EDGE_CURVE ( 'NONE', #8265, #129, #9861, .T. ) ;
#4336 = DIRECTION ( 'NONE',  ( 0.0000000000000000000, 1.000000000000000000, 1.554312234475000050E-15 ) ) ;
#4337 = PRESENTATION_LAYER_ASSIGNMENT (  '', '', ( #6183 ) ) ;
#4338 =( LENGTH_UNIT ( ) NAMED_UNIT ( * ) SI_UNIT ( .MILLI., .METRE. ) );
#4339 = LINE ( 'NONE', #11322, #9515 ) ;
#4340 = DIRECTION ( 'NONE',  ( 0.0000000000000000000, 1.609823385705999920E-15, -1.000000000000000000 ) ) ;
#4341 = CARTESIAN_POINT ( 'NONE',  ( -0.3200000000000000067, -0.3200000000000000067, -2.799999997020000020 ) ) ;
#4342 = SURFACE_STYLE_USAGE ( .BOTH. , #7350 ) ;
#4343 = ORIENTED_EDGE ( 'NONE', *, *, #4058, .T. ) ;
#4344 = FACE_OUTER_BOUND ( 'NONE', #10873, .T. ) ;
#4345 = DIRECTION ( 'NONE',  ( -1.000000000000000000, 0.0000000000000000000, -0.0000000000000000000 ) ) ;
#4346 = ORIENTED_EDGE ( 'NONE', *, *, #11419, .F. ) ;
#4347 = SURFACE_STYLE_FILL_AREA ( #1627 ) ;
#4348 =( NAMED_UNIT ( * ) PLANE_ANGLE_UNIT ( ) SI_UNIT ( $, .RADIAN. ) );
#4349 = LINE ( 'NONE', #6350, #7158 ) ;
#4350 = DIRECTION ( 'NONE',  ( 1.000000000000000000, 0.0000000000000000000, 0.0000000000000000000 ) ) ;
#4351 = FILL_AREA_STYLE_COLOUR ( '', #7444 ) ;
#4352 = PRESENTATION_STYLE_ASSIGNMENT (( #5449 ) ) ;
#4353 = COLOUR_RGB ( '',0.09411764705882352811, 0.09411764705882352811, 0.09411764705882352811 ) ;
#4354 = PRESENTATION_LAYER_ASSIGNMENT (  '', '', ( #2149 ) ) ;
#4355 = SURFACE_SIDE_STYLE ('',( #6414 ) ) ;
#4356 = MECHANICAL_DESIGN_GEOMETRIC_PRESENTATION_REPRESENTATION (  '', ( #2740 ), #3384 ) ;
#4357 = DIRECTION ( 'NONE',  ( 0.0000000000000000000, -1.332267629549999902E-15, 1.000000000000000000 ) ) ;
#4358 = SURFACE_STYLE_FILL_AREA ( #8276 ) ;
#4359 = DIRECTION ( 'NONE',  ( 1.000000000000000000, 0.0000000000000000000, 0.0000000000000000000 ) ) ;
#4360 = FILL_AREA_STYLE_COLOUR ( '', #6415 ) ;
#4361 = EDGE_LOOP ( 'NONE', ( #11874, #1186, #4702, #8380 ) ) ;
#4362 = CARTESIAN_POINT ( 'NONE',  ( 11.57999981522599775, 3.809999961853000716, 2.364999994040001940 ) ) ;
#4363 = ORIENTED_EDGE ( 'NONE', *, *, #1811, .T. ) ;
#4364 = ORIENTED_EDGE ( 'NONE', *, *, #12343, .T. ) ;
#4365 = FILL_AREA_STYLE ('',( #4304 ) ) ;
#4366 = PRESENTATION_LAYER_ASSIGNMENT (  '', '', ( #2751 ) ) ;
#4367 = DIRECTION ( 'NONE',  ( 0.0000000000000000000, 0.0000000000000000000, -1.000000000000000000 ) ) ;
#4368 = VECTOR ( 'NONE', #9441, 1000.000000000000000 ) ;
#4369 = FILL_AREA_STYLE ('',( #3544 ) ) ;
#4370 = STYLED_ITEM ( 'NONE', ( #4634 ), #11258 ) ;
#4371 = CARTESIAN_POINT ( 'NONE',  ( 14.26999978303900107, 1.520000000000000018, 0.02500000000000018874 ) ) ;
#4372 = SURFACE_SIDE_STYLE ('',( #1585 ) ) ;
#4373 = CARTESIAN_POINT ( 'NONE',  ( 6.199999917746000122, 1.520000000000000018, 0.1750000059600000102 ) ) ;
#4374 = SURFACE_SIDE_STYLE ('',( #511 ) ) ;
#4375 = AXIS2_PLACEMENT_3D ( 'NONE', #11714, #3098, #2967 ) ;
#4376 = LINE ( 'NONE', #7316, #10435 ) ;
#4377 = PRESENTATION_LAYER_ASSIGNMENT (  '', '', ( #723 ) ) ;
#4378 = CARTESIAN_POINT ( 'NONE',  ( -0.3200000000000000067, -0.1199999970200000127, -3.000000000000000000 ) ) ;
#4379 = CLOSED_SHELL ( 'NONE', ( #9954, #4524, #9617, #1621, #7659, #11486, #9193, #1225, #1899, #2589, #8791, #3344, #11677, #8762, #502, #3100, #861, #6994 ) ) ;
#4380 = EDGE_CURVE ( 'NONE', #20, #7319, #4977, .T. ) ;
#4381 = DIRECTION ( 'NONE',  ( 0.0000000000000000000, -1.000000000000000000, -0.0000000000000000000 ) ) ;
#4382 = ORIENTED_EDGE ( 'NONE', *, *, #3330, .F. ) ;
#4383 = PRESENTATION_LAYER_ASSIGNMENT (  '', '', ( #8270 ) ) ;
#4384 = CARTESIAN_POINT ( 'NONE',  ( 14.91999977111800035, 9.810000000000000497, 0.9499999999999999556 ) ) ;
#4385 = UNCERTAINTY_MEASURE_WITH_UNIT (LENGTH_MEASURE( 1.000000000000000082E-05 ), #4519, 'distance_accuracy_value', 'NONE');
#4386 = PRESENTATION_LAYER_ASSIGNMENT (  '', '', ( #5405 ) ) ;
#4387 = SURFACE_SIDE_STYLE ('',( #12308 ) ) ;
#4388 = ORIENTED_EDGE ( 'NONE', *, *, #9040, .T. ) ;
#4389 =( LENGTH_UNIT ( ) NAMED_UNIT ( * ) SI_UNIT ( .MILLI., .METRE. ) );
#4390 = ORIENTED_EDGE ( 'NONE', *, *, #5956, .T. ) ;
#4391 = LINE ( 'NONE', #10233, #2774 ) ;
#4392 = CARTESIAN_POINT ( 'NONE',  ( 4.859999925195999992, -0.3200000000000000067, -2.899999998509999788 ) ) ;
#4393 = PRODUCT_DEFINITION_FORMATION_WITH_SPECIFIED_SOURCE ( 'ANY', '', #3067, .NOT_KNOWN. ) ;
#4394 = PRESENTATION_LAYER_ASSIGNMENT (  '', '', ( #11341 ) ) ;
#4395 = COLOUR_RGB ( '',0.09411764705882352811, 0.09411764705882352811, 0.09411764705882352811 ) ;
#4396 =( GEOMETRIC_REPRESENTATION_CONTEXT ( 3 ) GLOBAL_UNCERTAINTY_ASSIGNED_CONTEXT ( ( #9596 ) ) GLOBAL_UNIT_ASSIGNED_CONTEXT ( ( #7627, #3680, #7748 ) ) REPRESENTATION_CONTEXT ( 'NONE', 'WORKASPACE' ) );
#4397 = MECHANICAL_DESIGN_GEOMETRIC_PRESENTATION_REPRESENTATION (  '', ( #6457 ), #10740 ) ;
#4398 = CARTESIAN_POINT ( 'NONE',  ( 19.04999973297099913, 1.520000000000000018, 0.3250000119209999760 ) ) ;
#4399 = ORIENTED_EDGE ( 'NONE', *, *, #10049, .F. ) ;
#4400 = UNCERTAINTY_MEASURE_WITH_UNIT (LENGTH_MEASURE( 1.000000000000000082E-05 ), #11337, 'distance_accuracy_value', 'NONE');
#4401 = LINE ( 'NONE', #8320, #11236 ) ;
#4402 = DIRECTION ( 'NONE',  ( -0.0000000000000000000, -0.0000000000000000000, 1.000000000000000000 ) ) ;
#4403 = ORIENTED_EDGE ( 'NONE', *, *, #6330, .F. ) ;
#4404 = CARTESIAN_POINT ( 'NONE',  ( 7.299999885559000035, 1.270000000000000018, -4.440892098500999885E-16 ) ) ;
#4405 = ORIENTED_EDGE ( 'NONE', *, *, #8841, .T. ) ;
#4406 =( NAMED_UNIT ( * ) SI_UNIT ( $, .STERADIAN. ) SOLID_ANGLE_UNIT ( ) );
#4407 = PRESENTATION_LAYER_ASSIGNMENT (  '', '', ( #9534 ) ) ;
#4408 = STYLED_ITEM ( 'NONE', ( #395 ), #10176 ) ;
#4409 = VECTOR ( 'NONE', #164, 1000.000000000000000 ) ;
#4410 = COLOUR_RGB ( '',0.09411764705882352811, 0.09411764705882352811, 0.09411764705882352811 ) ;
#4411 = ADVANCED_FACE ( 'NONE', ( #6069 ), #2250, .F. ) ;
#4412 = CARTESIAN_POINT ( 'NONE',  ( 2.219999961852999970, 3.809999961852999828, 0.9499999999999999556 ) ) ;
#4413 = CARTESIAN_POINT ( 'NONE',  ( 15.11999977409799989, 9.810000000000000497, 1.150000002979999936 ) ) ;
#4414 = UNCERTAINTY_MEASURE_WITH_UNIT (LENGTH_MEASURE( 1.000000000000000082E-05 ), #10239, 'distance_accuracy_value', 'NONE');
#4415 = EDGE_CURVE ( 'NONE', #2453, #9666, #4209, .T. ) ;
#4416 = STYLED_ITEM ( 'NONE', ( #1461 ), #8060 ) ;
#4417 = PRESENTATION_STYLE_ASSIGNMENT (( #6341 ) ) ;
#4418 = SURFACE_SIDE_STYLE ('',( #1555 ) ) ;
#4419 = CARTESIAN_POINT ( 'NONE',  ( 8.889999847411999667, 1.520000000000000018, 0.3250000119209999760 ) ) ;
#4420 = PRESENTATION_LAYER_ASSIGNMENT (  '', '', ( #6874 ) ) ;
#4421 = ORIENTED_EDGE ( 'NONE', *, *, #5230, .T. ) ;
#4422 = PRESENTATION_STYLE_ASSIGNMENT (( #11271 ) ) ;
#4423 = CARTESIAN_POINT ( 'NONE',  ( 5.399999923705999905, 1.820000011921000027, 2.214999988079000115 ) ) ;
#4424 = ADVANCED_FACE ( 'NONE', ( #8127 ), #3272, .T. ) ;
#4425 = CARTESIAN_POINT ( 'NONE',  ( 12.37999980926499966, 1.270000000000000018, 1.590000000000000080 ) ) ;
#4426 = SURFACE_STYLE_FILL_AREA ( #7490 ) ;
#4427 = MECHANICAL_DESIGN_GEOMETRIC_PRESENTATION_REPRESENTATION (  '', ( #8112 ), #10574 ) ;
#4428 = PLANE ( 'NONE',  #11043 ) ;
#4429 = CARTESIAN_POINT ( 'NONE',  ( 19.04999973297124782, 3.809999961853000716, 0.3250000119207495652 ) ) ;
#4430 = COLOUR_RGB ( '',0.09411764705882352811, 0.09411764705882352811, 0.09411764705882352811 ) ;
#4431 = PRODUCT_CONTEXT ( 'NONE', #10031, 'mechanical' ) ;
#4432 = DIRECTION ( 'NONE',  ( 0.0000000000000000000, 1.554312234475000050E-15, -1.000000000000000000 ) ) ;
#4433 = SURFACE_STYLE_USAGE ( .BOTH. , #4355 ) ;
#4434 =( GEOMETRIC_REPRESENTATION_CONTEXT ( 3 ) GLOBAL_UNCERTAINTY_ASSIGNED_CONTEXT ( ( #10672 ) ) GLOBAL_UNIT_ASSIGNED_CONTEXT ( ( #1802, #2172, #6832 ) ) REPRESENTATION_CONTEXT ( 'NONE', 'WORKASPACE' ) );
#4435 = FILL_AREA_STYLE_COLOUR ( '', #3136 ) ;
#4436 = PLANE ( 'NONE',  #9088 ) ;
#4437 = ORIENTED_EDGE ( 'NONE', *, *, #11847, .F. ) ;
#4438 = CARTESIAN_POINT ( 'NONE',  ( 3.509999949931999819, 1.520000000000000018, 0.02500000000000000139 ) ) ;
#4439 = PRESENTATION_STYLE_ASSIGNMENT (( #10341 ) ) ;
#4440 = EDGE_LOOP ( 'NONE', ( #8541, #10615, #2530, #5175 ) ) ;
#4441 = CARTESIAN_POINT ( 'NONE',  ( 9.839999847412000733, 9.609999997019999185, 1.590000000000000302 ) ) ;
#4442 = EDGE_CURVE ( 'NONE', #8411, #8652, #6470, .T. ) ;
#4443 = LINE ( 'NONE', #10408, #2407 ) ;
#4444 = SURFACE_SIDE_STYLE ('',( #9334 ) ) ;
#4445 = ADVANCED_FACE ( 'NONE', ( #2313 ), #3333, .F. ) ;
#4446 = EDGE_CURVE ( 'NONE', #7541, #3731, #5427, .T. ) ;
#4447 = DIRECTION ( 'NONE',  ( 0.0000000000000000000, -0.7071067811865475727, -0.7071067811865475727 ) ) ;
#4448 =( LENGTH_UNIT ( ) NAMED_UNIT ( * ) SI_UNIT ( .MILLI., .METRE. ) );
#4449 = VECTOR ( 'NONE', #10313, 999.9999999999998863 ) ;
#4450 = PRESENTATION_LAYER_ASSIGNMENT (  '', '', ( #8753 ) ) ;
#4451 = PRESENTATION_STYLE_ASSIGNMENT (( #5159 ) ) ;
#4452 = ORIENTED_EDGE ( 'NONE', *, *, #10224, .F. ) ;
#4453 = EDGE_CURVE ( 'NONE', #10026, #9544, #8327, .T. ) ;
#4454 = LINE ( 'NONE', #3318, #7175 ) ;
#4455 = SURFACE_SIDE_STYLE ('',( #8492 ) ) ;
#4456 = ORIENTED_EDGE ( 'NONE', *, *, #5456, .F. ) ;
#4457 = LINE ( 'NONE', #12252, #368 ) ;
#4458 = DIRECTION ( 'NONE',  ( -0.0000000000000000000, -1.000000000000000000, -0.0000000000000000000 ) ) ;
#4459 = ORIENTED_EDGE ( 'NONE', *, *, #10051, .T. ) ;
#4460 =( NAMED_UNIT ( * ) SI_UNIT ( $, .STERADIAN. ) SOLID_ANGLE_UNIT ( ) );
#4461 =( LENGTH_UNIT ( ) NAMED_UNIT ( * ) SI_UNIT ( .MILLI., .METRE. ) );
#4462 = STYLED_ITEM ( 'NONE', ( #5878 ), #905 ) ;
#4463 = EDGE_CURVE ( 'NONE', #704, #1662, #2454, .T. ) ;
#4464 = UNCERTAINTY_MEASURE_WITH_UNIT (LENGTH_MEASURE( 1.000000000000000082E-05 ), #11798, 'distance_accuracy_value', 'NONE');
#4465 = FILL_AREA_STYLE ('',( #9472 ) ) ;
#4466 = VERTEX_POINT ( 'NONE', #8381 ) ;
#4467 = LINE ( 'NONE', #8507, #5503 ) ;
#4468 = CARTESIAN_POINT ( 'NONE',  ( 19.04999973297125138, 3.809999961852999384, 2.214999988079251469 ) ) ;
#4469 = ORIENTED_EDGE ( 'NONE', *, *, #5272, .T. ) ;
#4470 = SURFACE_SIDE_STYLE ('',( #12206 ) ) ;
#4471 = VERTEX_POINT ( 'NONE', #1490 ) ;
#4472 = CARTESIAN_POINT ( 'NONE',  ( 2.659999958873000114, 9.810000000000000497, 0.9499999999999999556 ) ) ;
#4473 =( LENGTH_UNIT ( ) NAMED_UNIT ( * ) SI_UNIT ( .MILLI., .METRE. ) );
#4474 = FACE_OUTER_BOUND ( 'NONE', #10718, .T. ) ;
#4475 = LINE ( 'NONE', #3403, #7086 ) ;
#4476 = VECTOR ( 'NONE', #6660, 1000.000000000000000 ) ;
#4477 = CARTESIAN_POINT ( 'NONE',  ( 7.299999885559000035, 9.709999998510001618, 1.050000001489999946 ) ) ;
#4478 = DIRECTION ( 'NONE',  ( 0.0000000000000000000, 0.0000000000000000000, -1.000000000000000000 ) ) ;
#4479 = CARTESIAN_POINT ( 'NONE',  ( 11.72999982118599860, 3.809999961852999384, 2.515000000000001901 ) ) ;
#4480 = STYLED_ITEM ( 'NONE', ( #8407 ), #6767 ) ;
#4481 = DIRECTION ( 'NONE',  ( 0.0000000000000000000, -1.510616709811000052E-15, 1.000000000000000000 ) ) ;
#4482 = EDGE_CURVE ( 'NONE', #10697, #8379, #654, .T. ) ;
#4483 = ORIENTED_EDGE ( 'NONE', *, *, #8893, .T. ) ;
#4484 =( NAMED_UNIT ( * ) SI_UNIT ( $, .STERADIAN. ) SOLID_ANGLE_UNIT ( ) );
#4485 = COLOUR_RGB ( '',0.09411764705882352811, 0.09411764705882352811, 0.09411764705882352811 ) ;
#4486 = DIRECTION ( 'NONE',  ( -0.7071067811865474617, -0.0000000000000000000, 0.7071067811865474617 ) ) ;
#4487 = EDGE_CURVE ( 'NONE', #3212, #7365, #8720, .T. ) ;
#4488 = SURFACE_STYLE_FILL_AREA ( #7356 ) ;
#4489 = ADVANCED_FACE ( 'NONE', ( #12326 ), #8136, .T. ) ;
#4490 = CARTESIAN_POINT ( 'NONE',  ( 12.57999981224500097, 9.810000000000000497, 1.389999997019999878 ) ) ;
#4491 = LINE ( 'NONE', #6284, #8937 ) ;
#4492 = CARTESIAN_POINT ( 'NONE',  ( 13.96999977111799929, 1.820000011921003136, 0.3250000119209999760 ) ) ;
#4493 =( NAMED_UNIT ( * ) SI_UNIT ( $, .STERADIAN. ) SOLID_ANGLE_UNIT ( ) );
#4494 = COLOUR_RGB ( '',1.000000000000000000, 1.000000000000000000, 0.4980392156862745168 ) ;
#4495 = CARTESIAN_POINT ( 'NONE',  ( 9.839999847412000733, 9.810000000000000497, 0.9499999999999999556 ) ) ;
#4496 = PRESENTATION_STYLE_ASSIGNMENT (( #6494 ) ) ;
#4497 = ORIENTED_EDGE ( 'NONE', *, *, #7098, .T. ) ;
#4498 = PLANE ( 'NONE',  #10821 ) ;
#4499 = VECTOR ( 'NONE', #11737, 1000.000000000000114 ) ;
#4500 = VERTEX_POINT ( 'NONE', #11265 ) ;
#4501 = DIRECTION ( 'NONE',  ( 0.0000000000000000000, -0.0000000000000000000, -1.000000000000000000 ) ) ;
#4502 = EDGE_LOOP ( 'NONE', ( #3593, #9653, #3932, #3968, #3145 ) ) ;
#4503 = DIRECTION ( 'NONE',  ( -1.000000000000000000, -0.0000000000000000000, -0.0000000000000000000 ) ) ;
#4504 = LINE ( 'NONE', #5388, #963 ) ;
#4505 = SURFACE_SIDE_STYLE ('',( #3435 ) ) ;
#4506 = VECTOR ( 'NONE', #4703, 1000.000000000000000 ) ;
#4507 = DIRECTION ( 'NONE',  ( -1.000000000000000000, -0.0000000000000000000, 0.0000000000000000000 ) ) ;
#4508 = VECTOR ( 'NONE', #1807, 1000.000000000000000 ) ;
#4509 = AXIS2_PLACEMENT_3D ( 'NONE', #4870, #2061, #2003 ) ;
#4510 = DIRECTION ( 'NONE',  ( -0.0000000000000000000, -1.000000000000000000, 0.0000000000000000000 ) ) ;
#4511 = DIRECTION ( 'NONE',  ( -1.000000000000000000, -0.0000000000000000000, -0.0000000000000000000 ) ) ;
#4512 = VERTEX_POINT ( 'NONE', #6140 ) ;
#4513 = DIRECTION ( 'NONE',  ( -0.5773502691896259531, -0.5773502691896259531, 0.5773502691896252870 ) ) ;
#4514 = ORIENTED_EDGE ( 'NONE', *, *, #7803, .F. ) ;
#4515 = DIRECTION ( 'NONE',  ( 1.000000000000000000, -0.0000000000000000000, -0.0000000000000000000 ) ) ;
#4516 = STYLED_ITEM ( 'NONE', ( #9555 ), #6098 ) ;
#4517 =( NAMED_UNIT ( * ) SI_UNIT ( $, .STERADIAN. ) SOLID_ANGLE_UNIT ( ) );
#4518 = ORIENTED_EDGE ( 'NONE', *, *, #8483, .F. ) ;
#4519 =( LENGTH_UNIT ( ) NAMED_UNIT ( * ) SI_UNIT ( .MILLI., .METRE. ) );
#4520 = PRESENTATION_STYLE_ASSIGNMENT (( #6634 ) ) ;
#4521 = VECTOR ( 'NONE', #12136, 1000.000000000000227 ) ;
#4522 = SURFACE_STYLE_USAGE ( .BOTH. , #8374 ) ;
#4523 = EDGE_CURVE ( 'NONE', #1963, #8852, #8334, .T. ) ;
#4524 = ADVANCED_FACE ( 'NONE', ( #9230 ), #2458, .T. ) ;
#4525 = UNCERTAINTY_MEASURE_WITH_UNIT (LENGTH_MEASURE( 1.000000000000000082E-05 ), #10965, 'distance_accuracy_value', 'NONE');
#4526 = ADVANCED_FACE ( 'NONE', ( #3279 ), #1367, .T. ) ;
#4527 = FILL_AREA_STYLE_COLOUR ( '', #9568 ) ;
#4528 = STYLED_ITEM ( 'NONE', ( #1020 ), #6398 ) ;
#4529 = PRESENTATION_LAYER_ASSIGNMENT (  '', '', ( #3109 ) ) ;
#4530 = ORIENTED_EDGE ( 'NONE', *, *, #11096, .T. ) ;
#4531 = UNCERTAINTY_MEASURE_WITH_UNIT (LENGTH_MEASURE( 1.000000000000000082E-05 ), #7119, 'distance_accuracy_value', 'NONE');
#4532 = LINE ( 'NONE', #1538, #12032 ) ;
#4533 = CARTESIAN_POINT ( 'NONE',  ( 14.91999977111800035, 0.3200000000000000067, -3.000000000000000000 ) ) ;
#4534 =( GEOMETRIC_REPRESENTATION_CONTEXT ( 3 ) GLOBAL_UNCERTAINTY_ASSIGNED_CONTEXT ( ( #6704 ) ) GLOBAL_UNIT_ASSIGNED_CONTEXT ( ( #383, #3296, #7233 ) ) REPRESENTATION_CONTEXT ( 'NONE', 'WORKASPACE' ) );
#4535 = VERTEX_POINT ( 'NONE', #11945 ) ;
#4536 = PLANE ( 'NONE',  #11531 ) ;
#4537 = PLANE ( 'NONE',  #2286 ) ;
#4538 = DIRECTION ( 'NONE',  ( -0.0000000000000000000, 0.0000000000000000000, 1.000000000000000000 ) ) ;
#4539 = DIRECTION ( 'NONE',  ( 0.0000000000000000000, 0.7071067811865474617, -0.7071067811865474617 ) ) ;
#4540 = UNCERTAINTY_MEASURE_WITH_UNIT (LENGTH_MEASURE( 1.000000000000000082E-05 ), #2052, 'distance_accuracy_value', 'NONE');
#4541 = SURFACE_STYLE_USAGE ( .BOTH. , #10248 ) ;
#4542 = PLANE ( 'NONE',  #9120 ) ;
#4543 = ORIENTED_EDGE ( 'NONE', *, *, #5372, .T. ) ;
#4544 = EDGE_CURVE ( 'NONE', #11902, #4896, #3205, .T. ) ;
#4545 = DIRECTION ( 'NONE',  ( -0.7071067811865474617, 0.0000000000000000000, -0.7071067811865474617 ) ) ;
#4546 = COLOUR_RGB ( '',1.000000000000000000, 1.000000000000000000, 0.4980392156862745168 ) ;
#4547 = CARTESIAN_POINT ( 'NONE',  ( 0.1199999970200002347, 0.1199999970199998461, -3.000000000000000444 ) ) ;
#4548 = LINE ( 'NONE', #6486, #11927 ) ;
#4549 = CARTESIAN_POINT ( 'NONE',  ( 6.199999917746001898, 3.809999961853000716, 2.364999994040001940 ) ) ;
#4550 = DIRECTION ( 'NONE',  ( 0.0000000000000000000, 0.0000000000000000000, -1.000000000000000000 ) ) ;
#4551 = DIRECTION ( 'NONE',  ( 0.0000000000000000000, 0.0000000000000000000, 1.000000000000000000 ) ) ;
#4552 = SURFACE_STYLE_FILL_AREA ( #568 ) ;
#4553 = SURFACE_STYLE_USAGE ( .BOTH. , #1510 ) ;
#4554 = EDGE_CURVE ( 'NONE', #226, #10655, #10179, .T. ) ;
#4555 = ORIENTED_EDGE ( 'NONE', *, *, #1770, .T. ) ;
#4556 = SURFACE_STYLE_USAGE ( .BOTH. , #1096 ) ;
#4557 = VERTEX_POINT ( 'NONE', #1281 ) ;
#4558 = ORIENTED_EDGE ( 'NONE', *, *, #12430, .T. ) ;
#4559 = PLANE ( 'NONE',  #6566 ) ;
#4560 = CARTESIAN_POINT ( 'NONE',  ( 9.839999847412000733, 1.270000000000000018, 1.590000000000000080 ) ) ;
#4561 = DIRECTION ( 'NONE',  ( 1.000000000000000000, 0.0000000000000000000, -0.0000000000000000000 ) ) ;
#4562 = STYLED_ITEM ( 'NONE', ( #2375 ), #4569 ) ;
#4563 = AXIS2_PLACEMENT_3D ( 'NONE', #1983, #10804, #5867 ) ;
#4564 = DIRECTION ( 'NONE',  ( -0.0000000000000000000, 1.000000000000000000, 1.510616709811000052E-15 ) ) ;
#4565 = AXIS2_PLACEMENT_3D ( 'NONE', #11428, #2669, #1711 ) ;
#4566 = CARTESIAN_POINT ( 'NONE',  ( 17.65999973595100059, 0.1199999970199998045, -3.000000000000000444 ) ) ;
#4567 = FILL_AREA_STYLE_COLOUR ( '', #935 ) ;
#4568 = DIRECTION ( 'NONE',  ( 0.7071067811865475727, -9.432969924854965098E-16, 0.7071067811865475727 ) ) ;
#4569 = ADVANCED_FACE ( 'NONE', ( #6391 ), #8177, .T. ) ;
#4570 = SURFACE_STYLE_FILL_AREA ( #9337 ) ;
#4571 = CARTESIAN_POINT ( 'NONE',  ( 16.50999973297099999, 1.520000000000000018, 0.02500000000000000139 ) ) ;
#4572 = ORIENTED_EDGE ( 'NONE', *, *, #4770, .T. ) ;
#4573 = AXIS2_PLACEMENT_3D ( 'NONE', #5065, #4154, #4698 ) ;
#4574 = VECTOR ( 'NONE', #1529, 1000.000000000000000 ) ;
#4575 = CARTESIAN_POINT ( 'NONE',  ( 17.45999973297099928, 0.3200000000000000067, -2.799999997020000020 ) ) ;
#4576 = VERTEX_POINT ( 'NONE', #4142 ) ;
#4577 = DIRECTION ( 'NONE',  ( 1.000000000000000000, -0.0000000000000000000, -0.0000000000000000000 ) ) ;
#4578 = AXIS2_PLACEMENT_3D ( 'NONE', #1758, #9567, #803 ) ;
#4579 = DIRECTION ( 'NONE',  ( 0.7071067811865475727, 9.432969924854965098E-16, -0.7071067811865475727 ) ) ;
#4580 = CYLINDRICAL_SURFACE ( 'NONE', #9012, 0.9499999999999999556 ) ;
#4581 = CARTESIAN_POINT ( 'NONE',  ( 17.45999973297099928, 0.3200000000000000067, -3.000000000000000000 ) ) ;
#4582 = CARTESIAN_POINT ( 'NONE',  ( -0.3200000000000000067, 0.1199999970199998184, -3.000000000000000000 ) ) ;
#4583 = EDGE_CURVE ( 'NONE', #6739, #6264, #8237, .T. ) ;
#4584 = UNCERTAINTY_MEASURE_WITH_UNIT (LENGTH_MEASURE( 1.000000000000000082E-05 ), #5968, 'distance_accuracy_value', 'NONE');
#4585 = VECTOR ( 'NONE', #2792, 1000.000000000000000 ) ;
#4586 = DIRECTION ( 'NONE',  ( 0.0000000000000000000, 0.0000000000000000000, 1.000000000000000000 ) ) ;
#4587 =( GEOMETRIC_REPRESENTATION_CONTEXT ( 3 ) GLOBAL_UNCERTAINTY_ASSIGNED_CONTEXT ( ( #11382 ) ) GLOBAL_UNIT_ASSIGNED_CONTEXT ( ( #10547, #10796, #4313 ) ) REPRESENTATION_CONTEXT ( 'NONE', 'WORKASPACE' ) );
#4588 = COLOUR_RGB ( '',0.09411764705882352811, 0.09411764705882352811, 0.09411764705882352811 ) ;
#4589 = COLOUR_RGB ( '',0.09411764705882352811, 0.09411764705882352811, 0.09411764705882352811 ) ;
#4590 = DIRECTION ( 'NONE',  ( 6.670117000593702191E-16, 1.000000000000000000, 6.670117000593702191E-16 ) ) ;
#4591 = EDGE_LOOP ( 'NONE', ( #4452, #12389, #1966, #11180 ) ) ;
#4592 = CARTESIAN_POINT ( 'NONE',  ( 13.96999980926506169, 1.820000011921000249, 2.214999988079062732 ) ) ;
#4593 = CARTESIAN_POINT ( 'NONE',  ( 7.299999885559000035, 0.3200000000000000067, -4.878909776184769953E-16 ) ) ;
#4594 = ORIENTED_EDGE ( 'NONE', *, *, #8449, .T. ) ;
#4595 =( GEOMETRIC_REPRESENTATION_CONTEXT ( 3 ) GLOBAL_UNCERTAINTY_ASSIGNED_CONTEXT ( ( #7923 ) ) GLOBAL_UNIT_ASSIGNED_CONTEXT ( ( #10805, #3827, #11687 ) ) REPRESENTATION_CONTEXT ( 'NONE', 'WORKASPACE' ) );
#4596 = ORIENTED_EDGE ( 'NONE', *, *, #9708, .T. ) ;
#4597 = AXIS2_PLACEMENT_3D ( 'NONE', #5977, #4964, #149 ) ;
#4598 = COLOUR_RGB ( '',0.09411764705882352811, 0.09411764705882352811, 0.09411764705882352811 ) ;
#4599 = SURFACE_STYLE_USAGE ( .BOTH. , #9289 ) ;
#4600 = VECTOR ( 'NONE', #11819, 1000.000000000000000 ) ;
#4601 = VECTOR ( 'NONE', #4260, 1000.000000000000000 ) ;
#4602 =( NAMED_UNIT ( * ) PLANE_ANGLE_UNIT ( ) SI_UNIT ( $, .RADIAN. ) );
#4603 = COLOUR_RGB ( '',0.09411764705882352811, 0.09411764705882352811, 0.09411764705882352811 ) ;
#4604 = FILL_AREA_STYLE_COLOUR ( '', #2045 ) ;
#4605 = SURFACE_SIDE_STYLE ('',( #721 ) ) ;
#4606 = EDGE_CURVE ( 'NONE', #2343, #4301, #3448, .T. ) ;
#4607 =( NAMED_UNIT ( * ) PLANE_ANGLE_UNIT ( ) SI_UNIT ( $, .RADIAN. ) );
#4608 = VECTOR ( 'NONE', #3668, 1000.000000000000000 ) ;
#4609 = VERTEX_POINT ( 'NONE', #7199 ) ;
#4610 = DIRECTION ( 'NONE',  ( 1.000000000000000000, 0.0000000000000000000, 0.0000000000000000000 ) ) ;
#4611 =( NAMED_UNIT ( * ) PLANE_ANGLE_UNIT ( ) SI_UNIT ( $, .RADIAN. ) );
#4612 = VECTOR ( 'NONE', #9897, 1000.000000000000000 ) ;
#4613 =( GEOMETRIC_REPRESENTATION_CONTEXT ( 3 ) GLOBAL_UNCERTAINTY_ASSIGNED_CONTEXT ( ( #9539 ) ) GLOBAL_UNIT_ASSIGNED_CONTEXT ( ( #2995, #10792, #9839 ) ) REPRESENTATION_CONTEXT ( 'NONE', 'WORKASPACE' ) );
#4614 = LINE ( 'NONE', #4490, #8808 ) ;
#4615 = DIRECTION ( 'NONE',  ( 1.000000000000000000, -0.0000000000000000000, 0.0000000000000000000 ) ) ;
#4616 = AXIS2_PLACEMENT_3D ( 'NONE', #4953, #8751, #3935 ) ;
#4617 = VECTOR ( 'NONE', #2247, 1000.000000000000000 ) ;
#4618 = ADVANCED_FACE ( 'NONE', ( #3388 ), #11251, .F. ) ;
#4619 = CARTESIAN_POINT ( 'NONE',  ( 12.37999980926499966, 1.270000000000000018, -4.440892098500999885E-16 ) ) ;
#4620 = COLOUR_RGB ( '',1.000000000000000000, 1.000000000000000000, 0.4980392156862745168 ) ;
#4621 = SURFACE_STYLE_FILL_AREA ( #2525 ) ;
#4622 =( GEOMETRIC_REPRESENTATION_CONTEXT ( 3 ) GLOBAL_UNCERTAINTY_ASSIGNED_CONTEXT ( ( #11566 ) ) GLOBAL_UNIT_ASSIGNED_CONTEXT ( ( #5702, #2020, #4753 ) ) REPRESENTATION_CONTEXT ( 'NONE', 'WORKASPACE' ) );
#4623 = SURFACE_STYLE_FILL_AREA ( #7782 ) ;
#4624 = ORIENTED_EDGE ( 'NONE', *, *, #11468, .T. ) ;
#4625 = VECTOR ( 'NONE', #9284, 1000.000000000000000 ) ;
#4626 = DIRECTION ( 'NONE',  ( 1.000000000000000000, -0.0000000000000000000, 0.0000000000000000000 ) ) ;
#4627 = ORIENTED_EDGE ( 'NONE', *, *, #9425, .T. ) ;
#4628 =( GEOMETRIC_REPRESENTATION_CONTEXT ( 3 ) GLOBAL_UNCERTAINTY_ASSIGNED_CONTEXT ( ( #9147 ) ) GLOBAL_UNIT_ASSIGNED_CONTEXT ( ( #1176, #169, #93 ) ) REPRESENTATION_CONTEXT ( 'NONE', 'WORKASPACE' ) );
#4629 =( NAMED_UNIT ( * ) PLANE_ANGLE_UNIT ( ) SI_UNIT ( $, .RADIAN. ) );
#4630 = CARTESIAN_POINT ( 'NONE',  ( 9.039999853373000605, 1.520000000000000018, 2.364999994040000164 ) ) ;
#4631 = DIRECTION ( 'NONE',  ( 0.0000000000000000000, 0.0000000000000000000, 1.000000000000000000 ) ) ;
#4632 = LINE ( 'NONE', #7248, #362 ) ;
#4633 = CARTESIAN_POINT ( 'NONE',  ( 0.9699999880791247975, 1.520000000000000018, 0.02499999999987495211 ) ) ;
#4634 = PRESENTATION_STYLE_ASSIGNMENT (( #12299 ) ) ;
#4635 = CARTESIAN_POINT ( 'NONE',  ( 18.09999973297100340, 0.3200000000000000067, -3.000000000000000000 ) ) ;
#4636 = VECTOR ( 'NONE', #11603, 1000.000000000000000 ) ;
#4637 = SURFACE_STYLE_FILL_AREA ( #12367 ) ;
#4638 = SURFACE_SIDE_STYLE ('',( #3626 ) ) ;
#4639 = PLANE ( 'NONE',  #6200 ) ;
#4640 = ORIENTED_EDGE ( 'NONE', *, *, #2262, .T. ) ;
#4641 = LINE ( 'NONE', #12375, #2912 ) ;
#4642 = EDGE_CURVE ( 'NONE', #4759, #4706, #5093, .T. ) ;
#4643 = ORIENTED_EDGE ( 'NONE', *, *, #8632, .F. ) ;
#4644 = CARTESIAN_POINT ( 'NONE',  ( 3.809999961853062000, 1.820000011921000249, 2.214999988079062732 ) ) ;
#4645 = VECTOR ( 'NONE', #7250, 1000.000000000000000 ) ;
#4646 = DIRECTION ( 'NONE',  ( 0.0000000000000000000, 0.0000000000000000000, 1.000000000000000000 ) ) ;
#4647 = ORIENTED_EDGE ( 'NONE', *, *, #7908, .T. ) ;
#4648 = SURFACE_STYLE_FILL_AREA ( #10060 ) ;
#4649 = SURFACE_STYLE_FILL_AREA ( #9402 ) ;
#4650 =( GEOMETRIC_REPRESENTATION_CONTEXT ( 3 ) GLOBAL_UNCERTAINTY_ASSIGNED_CONTEXT ( ( #4669 ) ) GLOBAL_UNIT_ASSIGNED_CONTEXT ( ( #27, #6836, #7972 ) ) REPRESENTATION_CONTEXT ( 'NONE', 'WORKASPACE' ) );
#4651 = FILL_AREA_STYLE_COLOUR ( '', #558 ) ;
#4652 = EDGE_CURVE ( 'NONE', #6858, #2183, #270, .T. ) ;
#4653 = VECTOR ( 'NONE', #6985, 1000.000000000000000 ) ;
#4654 = UNCERTAINTY_MEASURE_WITH_UNIT (LENGTH_MEASURE( 1.000000000000000082E-05 ), #2690, 'distance_accuracy_value', 'NONE');
#4655 = PRESENTATION_STYLE_ASSIGNMENT (( #5483 ) ) ;
#4656 =( NAMED_UNIT ( * ) PLANE_ANGLE_UNIT ( ) SI_UNIT ( $, .RADIAN. ) );
#4657 = EDGE_LOOP ( 'NONE', ( #11529, #6096, #11594, #8727 ) ) ;
#4658 = UNCERTAINTY_MEASURE_WITH_UNIT (LENGTH_MEASURE( 1.000000000000000082E-05 ), #8599, 'distance_accuracy_value', 'NONE');
#4659 = SURFACE_SIDE_STYLE ('',( #10482 ) ) ;
#4660 = EDGE_CURVE ( 'NONE', #6844, #6963, #7953, .T. ) ;
#4661 = UNCERTAINTY_MEASURE_WITH_UNIT (LENGTH_MEASURE( 1.000000000000000082E-05 ), #8222, 'distance_accuracy_value', 'NONE');
#4662 = ORIENTED_EDGE ( 'NONE', *, *, #7308, .F. ) ;
#4663 = ADVANCED_FACE ( 'NONE', ( #12047 ), #1271, .T. ) ;
#4664 = AXIS2_PLACEMENT_3D ( 'NONE', #9577, #7435, #10521 ) ;
#4665 = ORIENTED_EDGE ( 'NONE', *, *, #8036, .F. ) ;
#4666 = CARTESIAN_POINT ( 'NONE',  ( 6.649999897480000755, 3.809999961853000716, 0.02500000000000159039 ) ) ;
#4667 = DIRECTION ( 'NONE',  ( 0.0000000000000000000, -1.000000000000000000, -1.554312234475000050E-15 ) ) ;
#4668 = ADVANCED_FACE ( 'NONE', ( #4065 ), #6237, .F. ) ;
#4669 = UNCERTAINTY_MEASURE_WITH_UNIT (LENGTH_MEASURE( 1.000000000000000082E-05 ), #27, 'distance_accuracy_value', 'NONE');
#4670 = FILL_AREA_STYLE_COLOUR ( '', #9313 ) ;
#4671 = EDGE_CURVE ( 'NONE', #4944, #6311, #6623, .T. ) ;
#4672 = DIRECTION ( 'NONE',  ( -0.7071067811865474617, 0.0000000000000000000, -0.7071067811865474617 ) ) ;
#4673 = SURFACE_STYLE_USAGE ( .BOTH. , #7291 ) ;
#4674 = CARTESIAN_POINT ( 'NONE',  ( 6.349999885558999857, 1.520000000000000018, 2.214999988079000115 ) ) ;
#4675 = FACE_OUTER_BOUND ( 'NONE', #10772, .T. ) ;
#4676 = EDGE_LOOP ( 'NONE', ( #866, #9175, #12505, #8038 ) ) ;
#4677 = VECTOR ( 'NONE', #2862, 1000.000000000000000 ) ;
#4678 =( NAMED_UNIT ( * ) SI_UNIT ( $, .STERADIAN. ) SOLID_ANGLE_UNIT ( ) );
#4679 = FILL_AREA_STYLE_COLOUR ( '', #9750 ) ;
#4680 = EDGE_CURVE ( 'NONE', #4930, #765, #1464, .T. ) ;
#4681 = EDGE_CURVE ( 'NONE', #9990, #3646, #5528, .T. ) ;
#4682 = AXIS2_PLACEMENT_3D ( 'NONE', #11125, #10111, #5298 ) ;
#4683 = FILL_AREA_STYLE_COLOUR ( '', #948 ) ;
#4684 = SURFACE_STYLE_FILL_AREA ( #8464 ) ;
#4685 =( NAMED_UNIT ( * ) PLANE_ANGLE_UNIT ( ) SI_UNIT ( $, .RADIAN. ) );
#4686 = MECHANICAL_DESIGN_GEOMETRIC_PRESENTATION_REPRESENTATION (  '', ( #814 ), #9802 ) ;
#4687 = SURFACE_STYLE_FILL_AREA ( #7794 ) ;
#4688 = ORIENTED_EDGE ( 'NONE', *, *, #10538, .T. ) ;
#4689 = VERTEX_POINT ( 'NONE', #11295 ) ;
#4690 = CARTESIAN_POINT ( 'NONE',  ( 8.889999885559062065, 1.820000011921000693, 0.3250000119209376370 ) ) ;
#4691 = EDGE_LOOP ( 'NONE', ( #4333, #9352, #8168, #3866, #12529 ) ) ;
#4692 =( LENGTH_UNIT ( ) NAMED_UNIT ( * ) SI_UNIT ( .MILLI., .METRE. ) );
#4693 =( LENGTH_UNIT ( ) NAMED_UNIT ( * ) SI_UNIT ( .MILLI., .METRE. ) );
#4694 =( NAMED_UNIT ( * ) PLANE_ANGLE_UNIT ( ) SI_UNIT ( $, .RADIAN. ) );
#4695 = DIRECTION ( 'NONE',  ( 0.0000000000000000000, -0.7071067811865475727, -0.7071067811865475727 ) ) ;
#4696 = DIRECTION ( 'NONE',  ( -0.0000000000000000000, -1.000000000000000000, -0.0000000000000000000 ) ) ;
#4697 = FILL_AREA_STYLE ('',( #2723 ) ) ;
#4698 = DIRECTION ( 'NONE',  ( 0.0000000000000000000, -1.000000000000000000, -1.332267629549999902E-15 ) ) ;
#4699 = VECTOR ( 'NONE', #3084, 1000.000000000000000 ) ;
#4700 = SURFACE_SIDE_STYLE ('',( #9581 ) ) ;
#4701 = FILL_AREA_STYLE ('',( #5899 ) ) ;
#4702 = ORIENTED_EDGE ( 'NONE', *, *, #2925, .T. ) ;
#4703 = DIRECTION ( 'NONE',  ( -0.5773502691896260641, -0.5773502691896251759, 0.5773502691896260641 ) ) ;
#4704 = EDGE_CURVE ( 'NONE', #6315, #4998, #10278, .T. ) ;
#4705 = SURFACE_STYLE_USAGE ( .BOTH. , #10535 ) ;
#4706 = VERTEX_POINT ( 'NONE', #7381 ) ;
#4707 = DIRECTION ( 'NONE',  ( -0.7071067811865475727, -0.7071067811865475727, 0.0000000000000000000 ) ) ;
#4708 =( NAMED_UNIT ( * ) PLANE_ANGLE_UNIT ( ) SI_UNIT ( $, .RADIAN. ) );
#4709 = ORIENTED_EDGE ( 'NONE', *, *, #12018, .T. ) ;
#4710 = DIRECTION ( 'NONE',  ( -0.0000000000000000000, -0.0000000000000000000, 1.000000000000000000 ) ) ;
#4711 =( NAMED_UNIT ( * ) PLANE_ANGLE_UNIT ( ) SI_UNIT ( $, .RADIAN. ) );
#4712 = STYLED_ITEM ( 'NONE', ( #1968 ), #5554 ) ;
#4713 = PRESENTATION_LAYER_ASSIGNMENT (  '', '', ( #5316 ) ) ;
#4714 = ORIENTED_EDGE ( 'NONE', *, *, #3248, .T. ) ;
#4715 = DIRECTION ( 'NONE',  ( 1.000000000000000000, 0.0000000000000000000, 0.0000000000000000000 ) ) ;
#4716 = FILL_AREA_STYLE_COLOUR ( '', #4922 ) ;
#4717 =( GEOMETRIC_REPRESENTATION_CONTEXT ( 3 ) GLOBAL_UNCERTAINTY_ASSIGNED_CONTEXT ( ( #9019 ) ) GLOBAL_UNIT_ASSIGNED_CONTEXT ( ( #12592, #4794, #11637 ) ) REPRESENTATION_CONTEXT ( 'NONE', 'WORKASPACE' ) );
#4718 = LINE ( 'NONE', #2825, #2807 ) ;
#4719 = EDGE_CURVE ( 'NONE', #8440, #6739, #9267, .T. ) ;
#4720 =( NAMED_UNIT ( * ) PLANE_ANGLE_UNIT ( ) SI_UNIT ( $, .RADIAN. ) );
#4721 = ORIENTED_EDGE ( 'NONE', *, *, #7418, .F. ) ;
#4722 =( NAMED_UNIT ( * ) PLANE_ANGLE_UNIT ( ) SI_UNIT ( $, .RADIAN. ) );
#4723 = EDGE_LOOP ( 'NONE', ( #5325, #1336, #6384, #5662 ) ) ;
#4724 = FILL_AREA_STYLE ('',( #11823 ) ) ;
#4725 = FACE_OUTER_BOUND ( 'NONE', #1175, .T. ) ;
#4726 = LINE ( 'NONE', #9609, #4028 ) ;
#4727 = VECTOR ( 'NONE', #5549, 1000.000000000000000 ) ;
#4728 = AXIS2_PLACEMENT_3D ( 'NONE', #6829, #2831, #6718 ) ;
#4729 = AXIS2_PLACEMENT_3D ( 'NONE', #3020, #11511, #2758 ) ;
#4730 = FILL_AREA_STYLE ('',( #719 ) ) ;
#4731 = CARTESIAN_POINT ( 'NONE',  ( 2.219999961852999970, -0.3199999999999999512, -4.388850394221508810E-16 ) ) ;
#4732 =( NAMED_UNIT ( * ) SI_UNIT ( $, .STERADIAN. ) SOLID_ANGLE_UNIT ( ) );
#4733 = DIRECTION ( 'NONE',  ( 0.0000000000000000000, 1.554312234475000050E-15, -1.000000000000000000 ) ) ;
#4734 = EDGE_CURVE ( 'NONE', #3230, #6297, #12301, .T. ) ;
#4735 = ORIENTED_EDGE ( 'NONE', *, *, #9906, .T. ) ;
#4736 = DIRECTION ( 'NONE',  ( 0.0000000000000000000, 1.000000000000000000, 1.332267629549999902E-15 ) ) ;
#4737 = LINE ( 'NONE', #1812, #9004 ) ;
#4738 = SURFACE_STYLE_FILL_AREA ( #7916 ) ;
#4739 = EDGE_CURVE ( 'NONE', #7319, #9444, #3681, .T. ) ;
#4740 = SURFACE_STYLE_FILL_AREA ( #3662 ) ;
#4741 = LINE ( 'NONE', #1818, #7285 ) ;
#4742 = CARTESIAN_POINT ( 'NONE',  ( 14.26999978303900107, 3.809999961852999384, 2.515000000000001457 ) ) ;
#4743 = EDGE_LOOP ( 'NONE', ( #92, #6978, #3178, #3052 ) ) ;
#4744 = LINE ( 'NONE', #2711, #8661 ) ;
#4745 = CIRCLE ( 'NONE', #9057, 1.590000000000000080 ) ;
#4746 = ORIENTED_EDGE ( 'NONE', *, *, #7069, .F. ) ;
#4747 = ORIENTED_EDGE ( 'NONE', *, *, #8770, .F. ) ;
#4748 = SURFACE_STYLE_USAGE ( .BOTH. , #9572 ) ;
#4749 = VERTEX_POINT ( 'NONE', #7571 ) ;
#4750 = CARTESIAN_POINT ( 'NONE',  ( 17.45999973297099928, 0.3200000000000000067, -3.000000000000000000 ) ) ;
#4751 = CARTESIAN_POINT ( 'NONE',  ( 11.42999984741200059, 3.809999961852999828, 0.02500000000000000139 ) ) ;
#4752 = CARTESIAN_POINT ( 'NONE',  ( 12.57999981224500097, 0.3200000000000000067, -3.000000000000000000 ) ) ;
#4753 =( NAMED_UNIT ( * ) SI_UNIT ( $, .STERADIAN. ) SOLID_ANGLE_UNIT ( ) );
#4754 = CARTESIAN_POINT ( 'NONE',  ( 4.759999923706000224, 1.270000000000000018, 0.9499999999999999556 ) ) ;
#4755 = FILL_AREA_STYLE ('',( #876 ) ) ;
#4756 =( LENGTH_UNIT ( ) NAMED_UNIT ( * ) SI_UNIT ( .MILLI., .METRE. ) );
#4757 = SURFACE_SIDE_STYLE ('',( #11662 ) ) ;
#4758 = PRESENTATION_STYLE_ASSIGNMENT (( #2725 ) ) ;
#4759 = VERTEX_POINT ( 'NONE', #2667 ) ;
#4760 = FILL_AREA_STYLE_COLOUR ( '', #11679 ) ;
#4761 = ORIENTED_EDGE ( 'NONE', *, *, #4323, .T. ) ;
#4762 = ORIENTED_EDGE ( 'NONE', *, *, #5671, .F. ) ;
#4763 =( GEOMETRIC_REPRESENTATION_CONTEXT ( 3 ) GLOBAL_UNCERTAINTY_ASSIGNED_CONTEXT ( ( #5404 ) ) GLOBAL_UNIT_ASSIGNED_CONTEXT ( ( #10092, #10911, #3253 ) ) REPRESENTATION_CONTEXT ( 'NONE', 'WORKASPACE' ) );
#4764 = DIRECTION ( 'NONE',  ( 1.000000000000000000, -0.0000000000000000000, -0.0000000000000000000 ) ) ;
#4765 = EDGE_LOOP ( 'NONE', ( #11303, #4688, #3286, #7613, #12217 ) ) ;
#4766 = DIRECTION ( 'NONE',  ( -1.000000000000000000, 0.0000000000000000000, 0.0000000000000000000 ) ) ;
#4767 =( GEOMETRIC_REPRESENTATION_CONTEXT ( 3 ) GLOBAL_UNCERTAINTY_ASSIGNED_CONTEXT ( ( #6823 ) ) GLOBAL_UNIT_ASSIGNED_CONTEXT ( ( #10614, #2828, #11686 ) ) REPRESENTATION_CONTEXT ( 'NONE', 'WORKASPACE' ) );
#4768 = FILL_AREA_STYLE_COLOUR ( '', #561 ) ;
#4769 = UNCERTAINTY_MEASURE_WITH_UNIT (LENGTH_MEASURE( 1.000000000000000082E-05 ), #2356, 'distance_accuracy_value', 'NONE');
#4770 = EDGE_CURVE ( 'NONE', #8833, #2965, #1587, .T. ) ;
#4771 = AXIS2_PLACEMENT_3D ( 'NONE', #1183, #236, #8663 ) ;
#4772 = STYLED_ITEM ( 'NONE', ( #5477 ), #11862 ) ;
#4773 = APPLICATION_CONTEXT ( 'automotive_design' ) ;
#4774 = LINE ( 'NONE', #6524, #13 ) ;
#4775 = ORIENTED_EDGE ( 'NONE', *, *, #7991, .T. ) ;
#4776 = VECTOR ( 'NONE', #6291, 999.9999999999998863 ) ;
#4777 = DIRECTION ( 'NONE',  ( 0.0000000000000000000, -1.000000000000000000, -1.618928404167999991E-15 ) ) ;
#4778 = FACE_OUTER_BOUND ( 'NONE', #5355, .T. ) ;
#4779 = DIRECTION ( 'NONE',  ( 0.0000000000000000000, 0.0000000000000000000, 1.000000000000000000 ) ) ;
#4780 = CARTESIAN_POINT ( 'NONE',  ( 3.809999923706000047, 1.520000000000000018, 2.214999988079000115 ) ) ;
#4781 = ORIENTED_EDGE ( 'NONE', *, *, #4149, .F. ) ;
#4782 = CARTESIAN_POINT ( 'NONE',  ( 7.299999885559000035, 0.3200000000000000622, -2.799999997020000020 ) ) ;
#4783 = VERTEX_POINT ( 'NONE', #10468 ) ;
#4784 = LINE ( 'NONE', #9851, #6840 ) ;
#4785 = MECHANICAL_DESIGN_GEOMETRIC_PRESENTATION_REPRESENTATION (  '', ( #3962 ), #5605 ) ;
#4786 = CARTESIAN_POINT ( 'NONE',  ( 2.219999961852999970, 1.270000000000000018, -4.440892098500999885E-16 ) ) ;
#4787 = STYLED_ITEM ( 'NONE', ( #11170 ), #12109 ) ;
#4788 = SURFACE_STYLE_USAGE ( .BOTH. , #5794 ) ;
#4789 = CARTESIAN_POINT ( 'NONE',  ( 3.809999961853124173, 1.519999999999999796, 0.3250000119208748539 ) ) ;
#4790 = AXIS2_PLACEMENT_3D ( 'NONE', #8359, #4564, #6431 ) ;
#4791 = FACE_OUTER_BOUND ( 'NONE', #11230, .T. ) ;
#4792 =( NAMED_UNIT ( * ) SI_UNIT ( $, .STERADIAN. ) SOLID_ANGLE_UNIT ( ) );
#4793 = CARTESIAN_POINT ( 'NONE',  ( 3.809999961853250294, 3.809999961852999384, 2.214999988079251025 ) ) ;
#4794 =( NAMED_UNIT ( * ) PLANE_ANGLE_UNIT ( ) SI_UNIT ( $, .RADIAN. ) );
#4795 = COLOUR_RGB ( '',0.09411764705882352811, 0.09411764705882352811, 0.09411764705882352811 ) ;
#4796 = COLOUR_RGB ( '',1.000000000000000000, 1.000000000000000000, 0.4980392156862745168 ) ;
#4797 = SURFACE_STYLE_FILL_AREA ( #2700 ) ;
#4798 = STYLED_ITEM ( 'NONE', ( #8889 ), #25 ) ;
#4799 = MECHANICAL_DESIGN_GEOMETRIC_PRESENTATION_REPRESENTATION (  '', ( #1948 ), #9709 ) ;
#4800 = VERTEX_POINT ( 'NONE', #10410 ) ;
#4801 = AXIS2_PLACEMENT_3D ( 'NONE', #11978, #3348, #3106 ) ;
#4802 = ADVANCED_FACE ( 'NONE', ( #5395 ), #7439, .T. ) ;
#4803 = FILL_AREA_STYLE_COLOUR ( '', #11449 ) ;
#4804 = DIRECTION ( 'NONE',  ( 0.0000000000000000000, 1.000000000000000000, 1.332267629549999902E-15 ) ) ;
#4805 = CARTESIAN_POINT ( 'NONE',  ( 0.3200000000000000067, 0.3200000000000000067, -3.000000000000000000 ) ) ;
#4806 = SURFACE_STYLE_USAGE ( .BOTH. , #10575 ) ;
#4807 = EDGE_CURVE ( 'NONE', #9460, #11783, #816, .T. ) ;
#4808 = PRESENTATION_STYLE_ASSIGNMENT (( #3779 ) ) ;
#4809 =( GEOMETRIC_REPRESENTATION_CONTEXT ( 3 ) GLOBAL_UNCERTAINTY_ASSIGNED_CONTEXT ( ( #5135 ) ) GLOBAL_UNIT_ASSIGNED_CONTEXT ( ( #11347, #11280, #12091 ) ) REPRESENTATION_CONTEXT ( 'NONE', 'WORKASPACE' ) );
#4810 = MECHANICAL_DESIGN_GEOMETRIC_PRESENTATION_REPRESENTATION (  '', ( #11154 ), #9724 ) ;
#4811 = MECHANICAL_DESIGN_GEOMETRIC_PRESENTATION_REPRESENTATION (  '', ( #6453 ), #10943 ) ;
#4812 = ADVANCED_FACE ( 'NONE', ( #10593 ), #5707, .F. ) ;
#4813 = COLOUR_RGB ( '',0.09411764705882352811, 0.09411764705882352811, 0.09411764705882352811 ) ;
#4814 = DIRECTION ( 'NONE',  ( 0.0000000000000000000, -1.000000000000000000, 0.0000000000000000000 ) ) ;
#4815 = AXIS2_PLACEMENT_3D ( 'NONE', #7696, #4568, #10649 ) ;
#4816 = CARTESIAN_POINT ( 'NONE',  ( 12.37999980926499966, 1.270000000000000018, 0.9499999999999999556 ) ) ;
#4817 = ORIENTED_EDGE ( 'NONE', *, *, #3685, .F. ) ;
#4818 = CARTESIAN_POINT ( 'NONE',  ( 7.299999885559000035, 3.809999961852999828, 0.9499999999999999556 ) ) ;
#4819 = EDGE_LOOP ( 'NONE', ( #5250, #7084, #4665, #1329 ) ) ;
#4820 = ADVANCED_FACE ( 'NONE', ( #12546 ), #2802, .F. ) ;
#4821 = EDGE_LOOP ( 'NONE', ( #1810, #2342, #8870, #4331 ) ) ;
#4822 = MECHANICAL_DESIGN_GEOMETRIC_PRESENTATION_REPRESENTATION (  '', ( #7272 ), #1773 ) ;
#4823 = CARTESIAN_POINT ( 'NONE',  ( 1.269999961853000015, 1.520000000000000018, 2.515000000000000124 ) ) ;
#4824 = ORIENTED_EDGE ( 'NONE', *, *, #11873, .F. ) ;
#4825 = STYLED_ITEM ( 'NONE', ( #1841 ), #10167 ) ;
#4826 = CARTESIAN_POINT ( 'NONE',  ( 14.91999977111800035, 0.3200000000000000067, -4.878909776184769953E-16 ) ) ;
#4827 = CARTESIAN_POINT ( 'NONE',  ( 1.119999994039998503, 3.809999961853000716, 0.1750000059600015367 ) ) ;
#4828 = LINE ( 'NONE', #6013, #6512 ) ;
#4829 = AXIS2_PLACEMENT_3D ( 'NONE', #4823, #1189, #2124 ) ;
#4830 = VECTOR ( 'NONE', #5040, 1000.000000000000000 ) ;
#4831 =( NAMED_UNIT ( * ) PLANE_ANGLE_UNIT ( ) SI_UNIT ( $, .RADIAN. ) );
#4832 = LINE ( 'NONE', #7693, #5647 ) ;
#4833 = AXIS2_PLACEMENT_3D ( 'NONE', #5914, #11621, #142 ) ;
#4834 = CARTESIAN_POINT ( 'NONE',  ( 13.01999980926500200, 1.270000000000000018, -4.440892098500999885E-16 ) ) ;
#4835 = COLOUR_RGB ( '',1.000000000000000000, 1.000000000000000000, 0.4980392156862745168 ) ;
#4836 = PRESENTATION_STYLE_ASSIGNMENT (( #943 ) ) ;
#4837 = PRESENTATION_STYLE_ASSIGNMENT (( #5709 ) ) ;
#4838 =( GEOMETRIC_REPRESENTATION_CONTEXT ( 3 ) GLOBAL_UNCERTAINTY_ASSIGNED_CONTEXT ( ( #6599 ) ) GLOBAL_UNIT_ASSIGNED_CONTEXT ( ( #9197, #10348, #6371 ) ) REPRESENTATION_CONTEXT ( 'NONE', 'WORKASPACE' ) );
#4839 = ORIENTED_EDGE ( 'NONE', *, *, #12216, .T. ) ;
#4840 = AXIS2_PLACEMENT_3D ( 'NONE', #8441, #539, #2564 ) ;
#4841 =( NAMED_UNIT ( * ) SI_UNIT ( $, .STERADIAN. ) SOLID_ANGLE_UNIT ( ) );
#4842 = ORIENTED_EDGE ( 'NONE', *, *, #11667, .T. ) ;
#4843 = ORIENTED_EDGE ( 'NONE', *, *, #9055, .F. ) ;
#4844 = EDGE_CURVE ( 'NONE', #203, #11949, #7920, .T. ) ;
#4845 = ORIENTED_EDGE ( 'NONE', *, *, #2942, .F. ) ;
#4846 = PRESENTATION_STYLE_ASSIGNMENT (( #959 ) ) ;
#4847 = MECHANICAL_DESIGN_GEOMETRIC_PRESENTATION_REPRESENTATION (  '', ( #8726 ), #8331 ) ;
#4848 = PRESENTATION_LAYER_ASSIGNMENT (  '', '', ( #6883 ) ) ;
#4849 = EDGE_CURVE ( 'NONE', #5692, #7425, #11840, .T. ) ;
#4850 = EDGE_CURVE ( 'NONE', #3824, #7611, #10950, .T. ) ;
#4851 = DIRECTION ( 'NONE',  ( -0.0000000000000000000, -1.000000000000000000, -1.332267629549999902E-15 ) ) ;
#4852 = VERTEX_POINT ( 'NONE', #7046 ) ;
#4853 = SURFACE_STYLE_FILL_AREA ( #7713 ) ;
#4854 = COLOUR_RGB ( '',0.09411764705882352811, 0.09411764705882352811, 0.09411764705882352811 ) ;
#4855 = DIRECTION ( 'NONE',  ( 0.0000000000000000000, -0.7071067811865475727, -0.7071067811865475727 ) ) ;
#4856 = ORIENTED_EDGE ( 'NONE', *, *, #56, .T. ) ;
#4857 = SURFACE_STYLE_FILL_AREA ( #7594 ) ;
#4858 =( LENGTH_UNIT ( ) NAMED_UNIT ( * ) SI_UNIT ( .MILLI., .METRE. ) );
#4859 =( LENGTH_UNIT ( ) NAMED_UNIT ( * ) SI_UNIT ( .MILLI., .METRE. ) );
#4860 = EDGE_CURVE ( 'NONE', #3431, #7045, #2329, .T. ) ;
#4861 = DIRECTION ( 'NONE',  ( 0.0000000000000000000, 0.0000000000000000000, 1.000000000000000000 ) ) ;
#4862 =( LENGTH_UNIT ( ) NAMED_UNIT ( * ) SI_UNIT ( .MILLI., .METRE. ) );
#4863 = CARTESIAN_POINT ( 'NONE',  ( 14.91999977111799858, 9.609999997019999185, 0.9499999999999995115 ) ) ;
#4864 =( NAMED_UNIT ( * ) SI_UNIT ( $, .STERADIAN. ) SOLID_ANGLE_UNIT ( ) );
#4865 = CARTESIAN_POINT ( 'NONE',  ( 17.89999972999099853, 9.810000000000002274, 1.389999997020000100 ) ) ;
#4866 = MECHANICAL_DESIGN_GEOMETRIC_PRESENTATION_REPRESENTATION (  '', ( #10794 ), #200 ) ;
#4867 = DIRECTION ( 'NONE',  ( 0.0000000000000000000, -1.510616709811000052E-15, 1.000000000000000000 ) ) ;
#4868 = EDGE_LOOP ( 'NONE', ( #427, #5112, #3303, #1391, #1210 ) ) ;
#4869 =( NAMED_UNIT ( * ) SI_UNIT ( $, .STERADIAN. ) SOLID_ANGLE_UNIT ( ) );
#4870 = CARTESIAN_POINT ( 'NONE',  ( 2.219999961852999970, 0.3200000000000000067, -3.000000000000000000 ) ) ;
#4871 = SURFACE_STYLE_FILL_AREA ( #2772 ) ;
#4872 = EDGE_CURVE ( 'NONE', #9648, #10086, #11149, .T. ) ;
#4873 = ORIENTED_EDGE ( 'NONE', *, *, #7069, .T. ) ;
#4874 = CARTESIAN_POINT ( 'NONE',  ( 7.299999885559000035, -0.3200000000000000067, -2.799999997020000020 ) ) ;
#4875 = ORIENTED_EDGE ( 'NONE', *, *, #12152, .T. ) ;
#4876 = ORIENTED_EDGE ( 'NONE', *, *, #4704, .T. ) ;
#4877 = AXIS2_PLACEMENT_3D ( 'NONE', #6947, #1017, #10797 ) ;
#4878 = ADVANCED_FACE ( 'NONE', ( #10007 ), #7222, .F. ) ;
#4879 = CARTESIAN_POINT ( 'NONE',  ( 10.47999984741199953, 1.270000000000000018, -4.440892098500999885E-16 ) ) ;
#4880 = EDGE_LOOP ( 'NONE', ( #8233, #5942, #5697, #11506 ) ) ;
#4881 = CARTESIAN_POINT ( 'NONE',  ( 3.809999923706000047, 1.820000011921000027, 2.214999988079000115 ) ) ;
#4882 = CARTESIAN_POINT ( 'NONE',  ( 4.959999926685999760, 9.810000000000000497, 1.150000002979999936 ) ) ;
#4883 = CARTESIAN_POINT ( 'NONE',  ( 18.09999973297100340, 1.820000011921000027, 2.214999988079000115 ) ) ;
#4884 = DIRECTION ( 'NONE',  ( 0.0000000000000000000, 1.000000000000000000, 1.332267629549999902E-15 ) ) ;
#4885 = SURFACE_STYLE_FILL_AREA ( #8736 ) ;
#4886 = CARTESIAN_POINT ( 'NONE',  ( 13.01999980926500200, 9.609999997019999185, 0.9499999999999999556 ) ) ;
#4887 = PRESENTATION_LAYER_ASSIGNMENT (  '', '', ( #5897 ) ) ;
#4888 = PRESENTATION_STYLE_ASSIGNMENT (( #9825 ) ) ;
#4889 = SURFACE_STYLE_USAGE ( .BOTH. , #1067 ) ;
#4890 = MECHANICAL_DESIGN_GEOMETRIC_PRESENTATION_REPRESENTATION (  '', ( #3273 ), #2557 ) ;
#4891 = VERTEX_POINT ( 'NONE', #8064 ) ;
#4892 = DIRECTION ( 'NONE',  ( 0.0000000000000000000, 1.332267629549999902E-15, -1.000000000000000000 ) ) ;
#4893 = EDGE_LOOP ( 'NONE', ( #1439, #104, #6530, #3331 ) ) ;
#4894 = VECTOR ( 'NONE', #12202, 1000.000000000000114 ) ;
#4895 = DIRECTION ( 'NONE',  ( 0.0000000000000000000, 1.000000000000000000, -0.0000000000000000000 ) ) ;
#4896 = VERTEX_POINT ( 'NONE', #11018 ) ;
#4897 = FACE_OUTER_BOUND ( 'NONE', #5473, .T. ) ;
#4898 = DIRECTION ( 'NONE',  ( 6.670117000593702191E-16, -1.000000000000000000, -6.670117000593702191E-16 ) ) ;
#4899 = STYLED_ITEM ( 'NONE', ( #11644 ), #5364 ) ;
#4900 = VECTOR ( 'NONE', #1735, 1000.000000000000000 ) ;
#4901 = VERTEX_POINT ( 'NONE', #297 ) ;
#4902 = SURFACE_STYLE_USAGE ( .BOTH. , #6046 ) ;
#4903 = FILL_AREA_STYLE_COLOUR ( '', #10867 ) ;
#4904 = UNCERTAINTY_MEASURE_WITH_UNIT (LENGTH_MEASURE( 1.000000000000000082E-05 ), #11480, 'distance_accuracy_value', 'NONE');
#4905 = FACE_OUTER_BOUND ( 'NONE', #6515, .T. ) ;
#4906 = EDGE_LOOP ( 'NONE', ( #9770, #4843, #6646, #5963 ) ) ;
#4907 =( LENGTH_UNIT ( ) NAMED_UNIT ( * ) SI_UNIT ( .MILLI., .METRE. ) );
#4908 = EDGE_CURVE ( 'NONE', #5058, #11608, #11974, .T. ) ;
#4909 = STYLED_ITEM ( 'NONE', ( #7639 ), #5597 ) ;
#4910 = PRESENTATION_STYLE_ASSIGNMENT (( #975 ) ) ;
#4911 = FILL_AREA_STYLE_COLOUR ( '', #11741 ) ;
#4912 = EDGE_CURVE ( 'NONE', #3372, #3212, #10204, .T. ) ;
#4913 = CARTESIAN_POINT ( 'NONE',  ( 16.50999973297099999, 1.519999999999999130, 2.214999988079000115 ) ) ;
#4914 = SHAPE_REPRESENTATION ( 'BodyArray', ( #5828 ), #2175 ) ;
#4915 = LINE ( 'NONE', #10808, #7684 ) ;
#4916 = VECTOR ( 'NONE', #11289, 1000.000000000000000 ) ;
#4917 = PRESENTATION_LAYER_ASSIGNMENT (  '', '', ( #857 ) ) ;
#4918 = FILL_AREA_STYLE ('',( #6065 ) ) ;
#4919 = VERTEX_POINT ( 'NONE', #10074 ) ;
#4920 = ORIENTED_EDGE ( 'NONE', *, *, #1497, .T. ) ;
#4921 = FILL_AREA_STYLE_COLOUR ( '', #12386 ) ;
#4922 = COLOUR_RGB ( '',0.09411764705882352811, 0.09411764705882352811, 0.09411764705882352811 ) ;
#4923 =( LENGTH_UNIT ( ) NAMED_UNIT ( * ) SI_UNIT ( .MILLI., .METRE. ) );
#4924 = PLANE ( 'NONE',  #1478 ) ;
#4925 = FILL_AREA_STYLE ('',( #10876 ) ) ;
#4926 = PRESENTATION_LAYER_ASSIGNMENT (  '', '', ( #8819 ) ) ;
#4927 = ADVANCED_FACE ( 'NONE', ( #1300 ), #5192, .T. ) ;
#4928 =( NAMED_UNIT ( * ) PLANE_ANGLE_UNIT ( ) SI_UNIT ( $, .RADIAN. ) );
#4929 = LINE ( 'NONE', #8844, #927 ) ;
#4930 = VERTEX_POINT ( 'NONE', #5001 ) ;
#4931 = FILL_AREA_STYLE_COLOUR ( '', #7421 ) ;
#4932 = EDGE_LOOP ( 'NONE', ( #9298, #10613, #10180, #9033 ) ) ;
#4933 = VERTEX_POINT ( 'NONE', #4882 ) ;
#4934 = PRESENTATION_STYLE_ASSIGNMENT (( #7927 ) ) ;
#4935 = VERTEX_POINT ( 'NONE', #4826 ) ;
#4936 = FILL_AREA_STYLE ('',( #9817 ) ) ;
#4937 = CARTESIAN_POINT ( 'NONE',  ( 4.759999923706000224, 0.3200000000000002287, -2.799999997020000464 ) ) ;
#4938 = CARTESIAN_POINT ( 'NONE',  ( 14.91999977111800035, 1.270000000000000018, 1.590000000000000080 ) ) ;
#4939 = AXIS2_PLACEMENT_3D ( 'NONE', #312, #4175, #124 ) ;
#4940 = SURFACE_STYLE_USAGE ( .BOTH. , #11658 ) ;
#4941 = CARTESIAN_POINT ( 'NONE',  ( 16.65999973893200092, 1.520000000000000018, 0.1750000059600000102 ) ) ;
#4942 = FILL_AREA_STYLE ('',( #5144 ) ) ;
#4943 = CARTESIAN_POINT ( 'NONE',  ( 7.299999885559000035, 0.3200000000000000067, -3.000000000000000000 ) ) ;
#4944 = VERTEX_POINT ( 'NONE', #9951 ) ;
#4945 = PRESENTATION_STYLE_ASSIGNMENT (( #4889 ) ) ;
#4946 = ORIENTED_EDGE ( 'NONE', *, *, #2579, .F. ) ;
#4947 = ORIENTED_EDGE ( 'NONE', *, *, #2520, .F. ) ;
#4948 = SURFACE_SIDE_STYLE ('',( #11807 ) ) ;
#4949 = ORIENTED_EDGE ( 'NONE', *, *, #6099, .T. ) ;
#4950 = CARTESIAN_POINT ( 'NONE',  ( 9.839999847412000733, 9.609999997019999185, 1.590000000000000080 ) ) ;
#4951 = CARTESIAN_POINT ( 'NONE',  ( 13.01999980926500200, 9.709999998510001618, 1.489999998510000090 ) ) ;
#4952 =( GEOMETRIC_REPRESENTATION_CONTEXT ( 3 ) GLOBAL_UNCERTAINTY_ASSIGNED_CONTEXT ( ( #9283 ) ) GLOBAL_UNIT_ASSIGNED_CONTEXT ( ( #4995, #40, #100 ) ) REPRESENTATION_CONTEXT ( 'NONE', 'WORKASPACE' ) );
#4953 = CARTESIAN_POINT ( 'NONE',  ( 13.01999980926500200, -0.2199999985099999888, -2.899999998509999788 ) ) ;
#4954 = EDGE_CURVE ( 'NONE', #11286, #5347, #2016, .T. ) ;
#4955 = PRESENTATION_STYLE_ASSIGNMENT (( #3062 ) ) ;
#4956 = ORIENTED_EDGE ( 'NONE', *, *, #6979, .F. ) ;
#4957 = PLANE ( 'NONE',  #1563 ) ;
#4958 = FILL_AREA_STYLE_COLOUR ( '', #1274 ) ;
#4959 = SURFACE_STYLE_FILL_AREA ( #5917 ) ;
#4960 = ORIENTED_EDGE ( 'NONE', *, *, #9071, .T. ) ;
#4961 = DIRECTION ( 'NONE',  ( 0.0000000000000000000, -0.7071067811865475727, 0.7071067811865475727 ) ) ;
#4962 = EDGE_CURVE ( 'NONE', #8804, #538, #5893, .T. ) ;
#4963 = FACE_OUTER_BOUND ( 'NONE', #7992, .T. ) ;
#4964 = DIRECTION ( 'NONE',  ( 0.0000000000000000000, 1.000000000000000000, 0.0000000000000000000 ) ) ;
#4965 = SURFACE_SIDE_STYLE ('',( #11572 ) ) ;
#4966 = CARTESIAN_POINT ( 'NONE',  ( 7.939999885558998827, 1.270000000000000018, 0.9499999999999999556 ) ) ;
#4967 = CARTESIAN_POINT ( 'NONE',  ( 12.81999980628500069, 9.810000000000000497, 0.9499999999999999556 ) ) ;
#4968 = PRESENTATION_LAYER_ASSIGNMENT (  '', '', ( #702 ) ) ;
#4969 = AXIS2_PLACEMENT_3D ( 'NONE', #11860, #4120, #8008 ) ;
#4970 = FILL_AREA_STYLE ('',( #3370 ) ) ;
#4971 = CARTESIAN_POINT ( 'NONE',  ( 3.809999923706000047, 1.520000000000000018, 0.02500000000000000139 ) ) ;
#4972 =( LENGTH_UNIT ( ) NAMED_UNIT ( * ) SI_UNIT ( .MILLI., .METRE. ) );
#4973 = DIRECTION ( 'NONE',  ( 0.0000000000000000000, 0.0000000000000000000, 1.000000000000000000 ) ) ;
#4974 = ORIENTED_EDGE ( 'NONE', *, *, #9055, .T. ) ;
#4975 = SURFACE_STYLE_FILL_AREA ( #10396 ) ;
#4976 = VERTEX_POINT ( 'NONE', #2908 ) ;
#4977 = LINE ( 'NONE', #6966, #1780 ) ;
#4978 = COLOUR_RGB ( '',1.000000000000000000, 1.000000000000000000, 0.4980392156862745168 ) ;
#4979 = VECTOR ( 'NONE', #7815, 1000.000000000000000 ) ;
#4980 = LINE ( 'NONE', #171, #3682 ) ;
#4981 = VECTOR ( 'NONE', #7881, 1000.000000000000000 ) ;
#4982 = DIRECTION ( 'NONE',  ( 0.0000000000000000000, -1.000000000000000000, -1.554312234475000050E-15 ) ) ;
#4983 = PRODUCT ( 'User Library-Header_Male_RA_Low_8Pin', 'User Library-Header_Male_RA_Low_8Pin', '', ( #12089 ) ) ;
#4984 = PRESENTATION_LAYER_ASSIGNMENT (  '', '', ( #531 ) ) ;
#4985 = DIRECTION ( 'NONE',  ( -0.7071067811865475727, -9.398244244348984524E-16, 0.7071067811865475727 ) ) ;
#4986 = CARTESIAN_POINT ( 'NONE',  ( 1.419999967813001529, 3.809999961853000716, 0.1750000059600015367 ) ) ;
#4987 = ADVANCED_FACE ( 'NONE', ( #7741 ), #51, .F. ) ;
#4988 = VECTOR ( 'NONE', #12084, 1000.000000000000000 ) ;
#4989 = COLOUR_RGB ( '',1.000000000000000000, 1.000000000000000000, 0.4980392156862745168 ) ;
#4990 = AXIS2_PLACEMENT_3D ( 'NONE', #8111, #7326, #12195 ) ;
#4991 =( NAMED_UNIT ( * ) SI_UNIT ( $, .STERADIAN. ) SOLID_ANGLE_UNIT ( ) );
#4992 = COLOUR_RGB ( '',1.000000000000000000, 1.000000000000000000, 0.4980392156862745168 ) ;
#4993 = EDGE_CURVE ( 'NONE', #9113, #12576, #5949, .T. ) ;
#4994 = SURFACE_STYLE_USAGE ( .BOTH. , #6793 ) ;
#4995 =( LENGTH_UNIT ( ) NAMED_UNIT ( * ) SI_UNIT ( .MILLI., .METRE. ) );
#4996 = UNCERTAINTY_MEASURE_WITH_UNIT (LENGTH_MEASURE( 1.000000000000000082E-05 ), #3939, 'distance_accuracy_value', 'NONE');
#4997 = SURFACE_SIDE_STYLE ('',( #11784 ) ) ;
#4998 = VERTEX_POINT ( 'NONE', #5074 ) ;
#4999 = VERTEX_POINT ( 'NONE', #9494 ) ;
#5000 = VERTEX_POINT ( 'NONE', #3596 ) ;
#5001 = CARTESIAN_POINT ( 'NONE',  ( 13.01999980926500022, -0.3200000000000000622, -2.799999997020000020 ) ) ;
#5002 = CARTESIAN_POINT ( 'NONE',  ( 7.299999885559000035, -0.3199999999999999512, -2.799999997020000020 ) ) ;
#5003 = CARTESIAN_POINT ( 'NONE',  ( 12.81999980628499891, 9.810000000000000497, 1.150000002979999936 ) ) ;
#5004 = EDGE_CURVE ( 'NONE', #3646, #1082, #2581, .T. ) ;
#5005 = COLOUR_RGB ( '',0.09411764705882352811, 0.09411764705882352811, 0.09411764705882352811 ) ;
#5006 = DIRECTION ( 'NONE',  ( 0.0000000000000000000, 0.0000000000000000000, -1.000000000000000000 ) ) ;
#5007 = LINE ( 'NONE', #2130, #6869 ) ;
#5008 = VECTOR ( 'NONE', #3466, 1000.000000000000000 ) ;
#5009 = STYLED_ITEM ( 'NONE', ( #5145 ), #9671 ) ;
#5010 = VECTOR ( 'NONE', #3116, 1000.000000000000000 ) ;
#5011 = SURFACE_SIDE_STYLE ('',( #1118 ) ) ;
#5012 = FACE_OUTER_BOUND ( 'NONE', #12494, .T. ) ;
#5013 = PLANE ( 'NONE',  #9398 ) ;
#5014 = PLANE ( 'NONE',  #1344 ) ;
#5015 = ORIENTED_EDGE ( 'NONE', *, *, #5032, .T. ) ;
#5016 = MECHANICAL_DESIGN_GEOMETRIC_PRESENTATION_REPRESENTATION (  '', ( #2790 ), #4809 ) ;
#5017 = STYLED_ITEM ( 'NONE', ( #5332 ), #10330 ) ;
#5018 = ORIENTED_EDGE ( 'NONE', *, *, #3326, .F. ) ;
#5019 = ORIENTED_EDGE ( 'NONE', *, *, #3517, .T. ) ;
#5020 = MECHANICAL_DESIGN_GEOMETRIC_PRESENTATION_REPRESENTATION (  '', ( #11158 ), #966 ) ;
#5021 = CARTESIAN_POINT ( 'NONE',  ( -0.3200000000000000067, 0.2199999985099999888, -2.899999998509999788 ) ) ;
#5022 = ORIENTED_EDGE ( 'NONE', *, *, #5272, .F. ) ;
#5023 = CARTESIAN_POINT ( 'NONE',  ( 18.09999973297100340, -0.3200000000000002287, -2.799999997019998244 ) ) ;
#5024 = DIRECTION ( 'NONE',  ( 0.0000000000000000000, 1.554312234475000050E-15, -1.000000000000000000 ) ) ;
#5025 =( GEOMETRIC_REPRESENTATION_CONTEXT ( 3 ) GLOBAL_UNCERTAINTY_ASSIGNED_CONTEXT ( ( #2199 ) ) GLOBAL_UNIT_ASSIGNED_CONTEXT ( ( #10706, #2078, #6987 ) ) REPRESENTATION_CONTEXT ( 'NONE', 'WORKASPACE' ) );
#5026 = AXIS2_PLACEMENT_3D ( 'NONE', #10517, #11538, #5464 ) ;
#5027 = PRESENTATION_LAYER_ASSIGNMENT (  '', '', ( #1574 ) ) ;
#5028 = MECHANICAL_DESIGN_GEOMETRIC_PRESENTATION_REPRESENTATION (  '', ( #8099 ), #4838 ) ;
#5029 = DIRECTION ( 'NONE',  ( 0.0000000000000000000, -0.7071067811865475727, -0.7071067811865475727 ) ) ;
#5030 = DIRECTION ( 'NONE',  ( -0.0000000000000000000, 1.000000000000000000, 0.0000000000000000000 ) ) ;
#5031 = VECTOR ( 'NONE', #2184, 1000.000000000000000 ) ;
#5032 = EDGE_CURVE ( 'NONE', #6844, #996, #665, .T. ) ;
#5033 = PLANE ( 'NONE',  #7724 ) ;
#5034 = ORIENTED_EDGE ( 'NONE', *, *, #4307, .F. ) ;
#5035 = LINE ( 'NONE', #7008, #358 ) ;
#5036 = DIRECTION ( 'NONE',  ( -0.0000000000000000000, -1.000000000000000000, -0.0000000000000000000 ) ) ;
#5037 = UNCERTAINTY_MEASURE_WITH_UNIT (LENGTH_MEASURE( 1.000000000000000082E-05 ), #593, 'distance_accuracy_value', 'NONE');
#5038 =( LENGTH_UNIT ( ) NAMED_UNIT ( * ) SI_UNIT ( .MILLI., .METRE. ) );
#5039 = ORIENTED_EDGE ( 'NONE', *, *, #6915, .T. ) ;
#5040 = DIRECTION ( 'NONE',  ( -0.0000000000000000000, -1.000000000000000000, -1.332267629549999902E-15 ) ) ;
#5041 = AXIS2_PLACEMENT_3D ( 'NONE', #8658, #11717, #5838 ) ;
#5042 = CARTESIAN_POINT ( 'NONE',  ( 1.269999961853000015, 1.520000000000000018, 0.02500000000000000139 ) ) ;
#5043 = EDGE_CURVE ( 'NONE', #3192, #3826, #728, .T. ) ;
#5044 = ORIENTED_EDGE ( 'NONE', *, *, #873, .T. ) ;
#5045 = MECHANICAL_DESIGN_GEOMETRIC_PRESENTATION_REPRESENTATION (  '', ( #11976 ), #3419 ) ;
#5046 = EDGE_CURVE ( 'NONE', #3541, #9836, #4548, .T. ) ;
#5047 = DIRECTION ( 'NONE',  ( 0.7071067811865474617, 0.7071067811865474617, 0.0000000000000000000 ) ) ;
#5048 = LINE ( 'NONE', #10930, #4645 ) ;
#5049 = SURFACE_STYLE_USAGE ( .BOTH. , #4079 ) ;
#5050 = STYLED_ITEM ( 'NONE', ( #10629 ), #10682 ) ;
#5051 = ADVANCED_FACE ( 'NONE', ( #5565 ), #1523, .F. ) ;
#5052 = DIRECTION ( 'NONE',  ( 0.0000000000000000000, 0.0000000000000000000, 1.000000000000000000 ) ) ;
#5053 = UNCERTAINTY_MEASURE_WITH_UNIT (LENGTH_MEASURE( 1.000000000000000082E-05 ), #12318, 'distance_accuracy_value', 'NONE');
#5054 = COLOUR_RGB ( '',0.09411764705882352811, 0.09411764705882352811, 0.09411764705882352811 ) ;
#5055 = DIRECTION ( 'NONE',  ( 0.0000000000000000000, -1.510616709811000052E-15, 1.000000000000000000 ) ) ;
#5056 = EDGE_CURVE ( 'NONE', #11902, #2674, #8364, .T. ) ;
#5057 = ORIENTED_EDGE ( 'NONE', *, *, #4335, .F. ) ;
#5058 = VERTEX_POINT ( 'NONE', #2607 ) ;
#5059 = CARTESIAN_POINT ( 'NONE',  ( 7.299999885559000035, 1.270000000000000018, -4.440892098500999885E-16 ) ) ;
#5060 = EDGE_CURVE ( 'NONE', #5459, #4328, #3494, .T. ) ;
#5061 = DIRECTION ( 'NONE',  ( 0.7071067811865474617, 0.0000000000000000000, 0.7071067811865474617 ) ) ;
#5062 = FACE_OUTER_BOUND ( 'NONE', #4893, .T. ) ;
#5063 = VECTOR ( 'NONE', #3594, 999.9999999999998863 ) ;
#5064 = MECHANICAL_DESIGN_GEOMETRIC_PRESENTATION_REPRESENTATION (  '', ( #10188 ), #10795 ) ;
#5065 = CARTESIAN_POINT ( 'NONE',  ( 11.42999984741200059, 1.520000000000000018, 2.515000000000000124 ) ) ;
#5066 = LINE ( 'NONE', #6000, #8501 ) ;
#5067 = SURFACE_STYLE_USAGE ( .BOTH. , #7041 ) ;
#5068 = CARTESIAN_POINT ( 'NONE',  ( 0.3199999999999998401, -0.3200000000000002287, -2.799999997020000020 ) ) ;
#5069 = ORIENTED_EDGE ( 'NONE', *, *, #148, .T. ) ;
#5070 = ORIENTED_EDGE ( 'NONE', *, *, #3213, .T. ) ;
#5071 = CARTESIAN_POINT ( 'NONE',  ( -0.3200000000000000067, 1.270000000000000018, 1.590000000000000080 ) ) ;
#5072 = VERTEX_POINT ( 'NONE', #5469 ) ;
#5073 = SURFACE_STYLE_FILL_AREA ( #1053 ) ;
#5074 = CARTESIAN_POINT ( 'NONE',  ( 18.74999972105025137, 3.809999961852999828, 2.515000000000251479 ) ) ;
#5075 = LINE ( 'NONE', #9874, #9226 ) ;
#5076 = DIRECTION ( 'NONE',  ( 0.0000000000000000000, 1.618928404167999991E-15, -1.000000000000000000 ) ) ;
#5077 = PRESENTATION_LAYER_ASSIGNMENT (  '', '', ( #606 ) ) ;
#5078 = FILL_AREA_STYLE_COLOUR ( '', #4835 ) ;
#5079 = EDGE_CURVE ( 'NONE', #6396, #3864, #12182, .T. ) ;
#5080 =( NAMED_UNIT ( * ) SI_UNIT ( $, .STERADIAN. ) SOLID_ANGLE_UNIT ( ) );
#5081 = CARTESIAN_POINT ( 'NONE',  ( 17.45999973297099928, 1.270000000000000018, -4.440892098500999885E-16 ) ) ;
#5082 = FILL_AREA_STYLE ('',( #11027 ) ) ;
#5083 = CARTESIAN_POINT ( 'NONE',  ( 9.839999847412000733, 3.809999961852999828, 0.9499999999999999556 ) ) ;
#5084 = VECTOR ( 'NONE', #3640, 1000.000000000000000 ) ;
#5085 = ORIENTED_EDGE ( 'NONE', *, *, #3126, .T. ) ;
#5086 =( LENGTH_UNIT ( ) NAMED_UNIT ( * ) SI_UNIT ( .MILLI., .METRE. ) );
#5087 = EDGE_LOOP ( 'NONE', ( #4011, #5861, #11284, #10152 ) ) ;
#5088 = FILL_AREA_STYLE_COLOUR ( '', #9727 ) ;
#5089 = ORIENTED_EDGE ( 'NONE', *, *, #4482, .T. ) ;
#5090 =( NAMED_UNIT ( * ) SI_UNIT ( $, .STERADIAN. ) SOLID_ANGLE_UNIT ( ) );
#5091 = ORIENTED_EDGE ( 'NONE', *, *, #5369, .F. ) ;
#5092 = FACE_OUTER_BOUND ( 'NONE', #7915, .T. ) ;
#5093 = LINE ( 'NONE', #9073, #7010 ) ;
#5094 = PRESENTATION_LAYER_ASSIGNMENT (  '', '', ( #3465 ) ) ;
#5095 = SURFACE_SIDE_STYLE ('',( #5860 ) ) ;
#5096 = VERTEX_POINT ( 'NONE', #1403 ) ;
#5097 = DIRECTION ( 'NONE',  ( -1.000000000000000000, 0.0000000000000000000, 0.0000000000000000000 ) ) ;
#5098 = COLOUR_RGB ( '',0.09411764705882352811, 0.09411764705882352811, 0.09411764705882352811 ) ;
#5099 = ORIENTED_EDGE ( 'NONE', *, *, #6401, .T. ) ;
#5100 =( NAMED_UNIT ( * ) SI_UNIT ( $, .STERADIAN. ) SOLID_ANGLE_UNIT ( ) );
#5101 = DIRECTION ( 'NONE',  ( -0.0000000000000000000, 1.000000000000000000, 1.510616709811000052E-15 ) ) ;
#5102 = DIRECTION ( 'NONE',  ( -1.000000000000000000, 0.0000000000000000000, -0.0000000000000000000 ) ) ;
#5103 = PRESENTATION_LAYER_ASSIGNMENT (  '', '', ( #7342 ) ) ;
#5104 =( NAMED_UNIT ( * ) PLANE_ANGLE_UNIT ( ) SI_UNIT ( $, .RADIAN. ) );
#5105 = STYLED_ITEM ( 'NONE', ( #1680 ), #2932 ) ;
#5106 = SURFACE_STYLE_FILL_AREA ( #1226 ) ;
#5107 = ADVANCED_FACE ( 'NONE', ( #9200 ), #1551, .F. ) ;
#5108 = CARTESIAN_POINT ( 'NONE',  ( -0.3200000000000000067, 1.270000000000000018, 0.9499999999999997335 ) ) ;
#5109 = FILL_AREA_STYLE ('',( #7201 ) ) ;
#5110 = VECTOR ( 'NONE', #11038, 1000.000000000000000 ) ;
#5111 = LINE ( 'NONE', #8832, #6474 ) ;
#5112 = ORIENTED_EDGE ( 'NONE', *, *, #9751, .T. ) ;
#5113 =( NAMED_UNIT ( * ) PLANE_ANGLE_UNIT ( ) SI_UNIT ( $, .RADIAN. ) );
#5114 = ORIENTED_EDGE ( 'NONE', *, *, #10509, .F. ) ;
#5115 = SURFACE_STYLE_FILL_AREA ( #6903 ) ;
#5116 = VECTOR ( 'NONE', #2171, 1000.000000000000000 ) ;
#5117 = LINE ( 'NONE', #9036, #7582 ) ;
#5118 = DIRECTION ( 'NONE',  ( 0.0000000000000000000, -0.0000000000000000000, 1.000000000000000000 ) ) ;
#5119 = CARTESIAN_POINT ( 'NONE',  ( 3.809999961852999828, 1.820000011921000027, 0.02500000000000000139 ) ) ;
#5120 = VECTOR ( 'NONE', #8543, 1000.000000000000114 ) ;
#5121 = SURFACE_STYLE_FILL_AREA ( #7031 ) ;
#5122 = COLOUR_RGB ( '',1.000000000000000000, 1.000000000000000000, 0.4980392156862745168 ) ;
#5123 = EDGE_CURVE ( 'NONE', #12097, #6377, #6274, .T. ) ;
#5124 = DIRECTION ( 'NONE',  ( 0.0000000000000000000, -1.510616709811000052E-15, 1.000000000000000000 ) ) ;
#5125 =( LENGTH_UNIT ( ) NAMED_UNIT ( * ) SI_UNIT ( .MILLI., .METRE. ) );
#5126 = VERTEX_POINT ( 'NONE', #12147 ) ;
#5127 = STYLED_ITEM ( 'NONE', ( #5173 ), #6202 ) ;
#5128 = ORIENTED_EDGE ( 'NONE', *, *, #9906, .F. ) ;
#5129 = EDGE_CURVE ( 'NONE', #12294, #9603, #1433, .T. ) ;
#5130 = COLOUR_RGB ( '',1.000000000000000000, 1.000000000000000000, 0.4980392156862745168 ) ;
#5131 =( LENGTH_UNIT ( ) NAMED_UNIT ( * ) SI_UNIT ( .MILLI., .METRE. ) );
#5132 = DIRECTION ( 'NONE',  ( -1.000000000000000000, -0.0000000000000000000, -0.0000000000000000000 ) ) ;
#5133 = FACE_OUTER_BOUND ( 'NONE', #5945, .T. ) ;
#5134 =( LENGTH_UNIT ( ) NAMED_UNIT ( * ) SI_UNIT ( .MILLI., .METRE. ) );
#5135 = UNCERTAINTY_MEASURE_WITH_UNIT (LENGTH_MEASURE( 1.000000000000000082E-05 ), #11347, 'distance_accuracy_value', 'NONE');
#5136 = DIRECTION ( 'NONE',  ( 0.0000000000000000000, 0.0000000000000000000, 1.000000000000000000 ) ) ;
#5137 = SURFACE_STYLE_FILL_AREA ( #2079 ) ;
#5138 = CIRCLE ( 'NONE', #6586, 0.9499999999999999556 ) ;
#5139 = AXIS2_PLACEMENT_3D ( 'NONE', #4786, #6779, #4861 ) ;
#5140 = CARTESIAN_POINT ( 'NONE',  ( 19.04999973297106308, 1.820000011921000249, 2.214999988079062732 ) ) ;
#5141 = CARTESIAN_POINT ( 'NONE',  ( 12.81999980628500069, -0.1199999970200003457, -2.999999999999999112 ) ) ;
#5142 = CARTESIAN_POINT ( 'NONE',  ( 0.3200000000000000067, 9.609999997019999185, 0.9499999999999999556 ) ) ;
#5143 = VECTOR ( 'NONE', #7407, 1000.000000000000000 ) ;
#5144 = FILL_AREA_STYLE_COLOUR ( '', #6313 ) ;
#5145 = PRESENTATION_STYLE_ASSIGNMENT (( #7181 ) ) ;
#5146 = VERTEX_POINT ( 'NONE', #9297 ) ;
#5147 =( LENGTH_UNIT ( ) NAMED_UNIT ( * ) SI_UNIT ( .MILLI., .METRE. ) );
#5148 = ORIENTED_EDGE ( 'NONE', *, *, #1239, .F. ) ;
#5149 = DIRECTION ( 'NONE',  ( 6.645562236426607662E-16, 1.000000000000000000, 6.645562236426607662E-16 ) ) ;
#5150 = ORIENTED_EDGE ( 'NONE', *, *, #4849, .T. ) ;
#5151 =( GEOMETRIC_REPRESENTATION_CONTEXT ( 3 ) GLOBAL_UNCERTAINTY_ASSIGNED_CONTEXT ( ( #2234 ) ) GLOBAL_UNIT_ASSIGNED_CONTEXT ( ( #6575, #6809, #4841 ) ) REPRESENTATION_CONTEXT ( 'NONE', 'WORKASPACE' ) );
#5152 = EDGE_LOOP ( 'NONE', ( #9844, #295, #10251, #1451 ) ) ;
#5153 =( NAMED_UNIT ( * ) SI_UNIT ( $, .STERADIAN. ) SOLID_ANGLE_UNIT ( ) );
#5154 = LINE ( 'NONE', #6174, #11763 ) ;
#5155 = LINE ( 'NONE', #9069, #1565 ) ;
#5156 = LINE ( 'NONE', #12044, #10466 ) ;
#5157 = PLANE ( 'NONE',  #11733 ) ;
#5158 = ADVANCED_FACE ( 'NONE', ( #12069 ), #10132, .F. ) ;
#5159 = SURFACE_STYLE_USAGE ( .BOTH. , #10281 ) ;
#5160 = ORIENTED_EDGE ( 'NONE', *, *, #685, .F. ) ;
#5161 = FILL_AREA_STYLE_COLOUR ( '', #10957 ) ;
#5162 = DIRECTION ( 'NONE',  ( -0.0000000000000000000, 1.000000000000000000, 1.510616709811000052E-15 ) ) ;
#5163 = UNCERTAINTY_MEASURE_WITH_UNIT (LENGTH_MEASURE( 1.000000000000000082E-05 ), #7549, 'distance_accuracy_value', 'NONE');
#5164 = FILL_AREA_STYLE_COLOUR ( '', #8273 ) ;
#5165 = ORIENTED_EDGE ( 'NONE', *, *, #8203, .T. ) ;
#5166 = LINE ( 'NONE', #276, #3400 ) ;
#5167 = DIRECTION ( 'NONE',  ( -1.000000000000000000, -0.0000000000000000000, -0.0000000000000000000 ) ) ;
#5168 = FILL_AREA_STYLE_COLOUR ( '', #1947 ) ;
#5169 = EDGE_CURVE ( 'NONE', #11783, #11865, #7354, .T. ) ;
#5170 =( LENGTH_UNIT ( ) NAMED_UNIT ( * ) SI_UNIT ( .MILLI., .METRE. ) );
#5171 = VERTEX_POINT ( 'NONE', #6210 ) ;
#5172 = CARTESIAN_POINT ( 'NONE',  ( 13.96999980926524820, 3.809999961853000716, 0.3250000119207507310 ) ) ;
#5173 = PRESENTATION_STYLE_ASSIGNMENT (( #9920 ) ) ;
#5174 = ORIENTED_EDGE ( 'NONE', *, *, #4248, .F. ) ;
#5175 = ORIENTED_EDGE ( 'NONE', *, *, #5123, .F. ) ;
#5176 = DIRECTION ( 'NONE',  ( 0.7071067811865474617, -0.7071067811865474617, 0.0000000000000000000 ) ) ;
#5177 = CARTESIAN_POINT ( 'NONE',  ( 15.11999977409799811, 0.1199999970200002763, -3.000000000000000444 ) ) ;
#5178 = DIRECTION ( 'NONE',  ( 1.000000000000000000, 0.0000000000000000000, 0.0000000000000000000 ) ) ;
#5179 = AXIS2_PLACEMENT_3D ( 'NONE', #3220, #233, #7985 ) ;
#5180 = CARTESIAN_POINT ( 'NONE',  ( 5.199999920726000369, 9.810000000000000497, 0.9499999999999999556 ) ) ;
#5181 = CARTESIAN_POINT ( 'NONE',  ( -1.270000000000000018, 1.820000011921002026, 0.9499999999999998446 ) ) ;
#5182 = UNCERTAINTY_MEASURE_WITH_UNIT (LENGTH_MEASURE( 1.000000000000000082E-05 ), #6696, 'distance_accuracy_value', 'NONE');
#5183 = SURFACE_STYLE_FILL_AREA ( #7348 ) ;
#5184 =( NAMED_UNIT ( * ) SI_UNIT ( $, .STERADIAN. ) SOLID_ANGLE_UNIT ( ) );
#5185 = PRESENTATION_LAYER_ASSIGNMENT (  '', '', ( #4156 ) ) ;
#5186 = DIRECTION ( 'NONE',  ( -0.0000000000000000000, -1.000000000000000000, 0.0000000000000000000 ) ) ;
#5187 = EDGE_CURVE ( 'NONE', #11591, #5329, #4227, .T. ) ;
#5188 = VERTEX_POINT ( 'NONE', #8196 ) ;
#5189 =( GEOMETRIC_REPRESENTATION_CONTEXT ( 3 ) GLOBAL_UNCERTAINTY_ASSIGNED_CONTEXT ( ( #8993 ) ) GLOBAL_UNIT_ASSIGNED_CONTEXT ( ( #10899, #4173, #2341 ) ) REPRESENTATION_CONTEXT ( 'NONE', 'WORKASPACE' ) );
#5190 = CARTESIAN_POINT ( 'NONE',  ( 13.01999980926500200, 1.270000000000000018, 0.9499999999999997335 ) ) ;
#5191 = ORIENTED_EDGE ( 'NONE', *, *, #6389, .F. ) ;
#5192 = PLANE ( 'NONE',  #3766 ) ;
#5193 = EDGE_CURVE ( 'NONE', #11893, #12191, #3469, .T. ) ;
#5194 = DIRECTION ( 'NONE',  ( -0.5773502691896219563, 0.5773502691896270633, 0.5773502691896282846 ) ) ;
#5195 = DIRECTION ( 'NONE',  ( 0.0000000000000000000, -1.000000000000000000, -1.609823385705999920E-15 ) ) ;
#5196 = VECTOR ( 'NONE', #12242, 1000.000000000000000 ) ;
#5197 = MECHANICAL_DESIGN_GEOMETRIC_PRESENTATION_REPRESENTATION (  '', ( #11331 ), #6642 ) ;
#5198 = MECHANICAL_DESIGN_GEOMETRIC_PRESENTATION_REPRESENTATION (  '', ( #4370 ), #7836 ) ;
#5199 =( NAMED_UNIT ( * ) SI_UNIT ( $, .STERADIAN. ) SOLID_ANGLE_UNIT ( ) );
#5200 = DIRECTION ( 'NONE',  ( 0.7071067811865474617, 0.0000000000000000000, 0.7071067811865474617 ) ) ;
#5201 = SURFACE_STYLE_USAGE ( .BOTH. , #5321 ) ;
#5202 = DIRECTION ( 'NONE',  ( -0.7071067811865474617, -0.0000000000000000000, 0.7071067811865474617 ) ) ;
#5203 = CARTESIAN_POINT ( 'NONE',  ( 13.96999980926499951, 1.520000000000000018, 0.02500000000000000139 ) ) ;
#5204 =( LENGTH_UNIT ( ) NAMED_UNIT ( * ) SI_UNIT ( .MILLI., .METRE. ) );
#5205 = ORIENTED_EDGE ( 'NONE', *, *, #4523, .T. ) ;
#5206 = LINE ( 'NONE', #389, #11439 ) ;
#5207 = AXIS2_PLACEMENT_3D ( 'NONE', #4291, #5370, #7302 ) ;
#5208 = EDGE_CURVE ( 'NONE', #6810, #9061, #7219, .T. ) ;
#5209 = ORIENTED_EDGE ( 'NONE', *, *, #1064, .F. ) ;
#5210 = COLOUR_RGB ( '',1.000000000000000000, 1.000000000000000000, 0.4980392156862745168 ) ;
#5211 = ORIENTED_EDGE ( 'NONE', *, *, #7760, .F. ) ;
#5212 = AXIS2_PLACEMENT_3D ( 'NONE', #2482, #579, #9388 ) ;
#5213 = PRESENTATION_LAYER_ASSIGNMENT (  '', '', ( #5009 ) ) ;
#5214 = LINE ( 'NONE', #5962, #1734 ) ;
#5215 = DIRECTION ( 'NONE',  ( -0.5773502691896246208, -0.5773502691896257311, -0.5773502691896269523 ) ) ;
#5216 = VECTOR ( 'NONE', #10358, 1000.000000000000000 ) ;
#5217 = SURFACE_STYLE_FILL_AREA ( #5279 ) ;
#5218 = EDGE_CURVE ( 'NONE', #11816, #5058, #12218, .T. ) ;
#5219 = DIRECTION ( 'NONE',  ( 0.0000000000000000000, 1.618928404167999991E-15, -1.000000000000000000 ) ) ;
#5220 = AXIS2_PLACEMENT_3D ( 'NONE', #9211, #11114, #7015 ) ;
#5221 = STYLED_ITEM ( 'NONE', ( #4127 ), #189 ) ;
#5222 = SURFACE_STYLE_USAGE ( .BOTH. , #10034 ) ;
#5223 = AXIS2_PLACEMENT_3D ( 'NONE', #3352, #4551, #9315 ) ;
#5224 =( LENGTH_UNIT ( ) NAMED_UNIT ( * ) SI_UNIT ( .MILLI., .METRE. ) );
#5225 = VECTOR ( 'NONE', #9777, 1000.000000000000000 ) ;
#5226 =( GEOMETRIC_REPRESENTATION_CONTEXT ( 3 ) GLOBAL_UNCERTAINTY_ASSIGNED_CONTEXT ( ( #1496 ) ) GLOBAL_UNIT_ASSIGNED_CONTEXT ( ( #11533, #8470, #2788 ) ) REPRESENTATION_CONTEXT ( 'NONE', 'WORKASPACE' ) );
#5227 = CARTESIAN_POINT ( 'NONE',  ( 7.739999882579000179, -0.1199999970199998184, -3.000000000000000000 ) ) ;
#5228 = VERTEX_POINT ( 'NONE', #5190 ) ;
#5229 = FILL_AREA_STYLE_COLOUR ( '', #8269 ) ;
#5230 = EDGE_CURVE ( 'NONE', #3926, #12191, #5365, .T. ) ;
#5231 = ORIENTED_EDGE ( 'NONE', *, *, #9610, .F. ) ;
#5232 = PRESENTATION_STYLE_ASSIGNMENT (( #520 ) ) ;
#5233 = SURFACE_STYLE_USAGE ( .BOTH. , #7196 ) ;
#5234 =( NAMED_UNIT ( * ) PLANE_ANGLE_UNIT ( ) SI_UNIT ( $, .RADIAN. ) );
#5235 = PRESENTATION_LAYER_ASSIGNMENT (  '', '', ( #1971 ) ) ;
#5236 = COLOUR_RGB ( '',1.000000000000000000, 1.000000000000000000, 0.4980392156862745168 ) ;
#5237 = PRESENTATION_STYLE_ASSIGNMENT (( #406 ) ) ;
#5238 = EDGE_CURVE ( 'NONE', #2261, #4901, #5309, .T. ) ;
#5239 = ADVANCED_FACE ( 'NONE', ( #1561 ), #426, .T. ) ;
#5240 = COLOUR_RGB ( '',0.09411764705882352811, 0.09411764705882352811, 0.09411764705882352811 ) ;
#5241 = ADVANCED_FACE ( 'NONE', ( #12280 ), #3530, .F. ) ;
#5242 = PRESENTATION_LAYER_ASSIGNMENT (  '', '', ( #1567 ) ) ;
#5243 = DIRECTION ( 'NONE',  ( 1.000000000000000000, 0.0000000000000000000, -0.0000000000000000000 ) ) ;
#5244 = CARTESIAN_POINT ( 'NONE',  ( 3.809999961852999828, 1.520000000000000018, 2.214999988079000115 ) ) ;
#5245 = ORIENTED_EDGE ( 'NONE', *, *, #2844, .F. ) ;
#5246 = AXIS2_PLACEMENT_3D ( 'NONE', #10519, #2719, #12482 ) ;
#5247 =( NAMED_UNIT ( * ) PLANE_ANGLE_UNIT ( ) SI_UNIT ( $, .RADIAN. ) );
#5248 = PRESENTATION_LAYER_ASSIGNMENT (  '', '', ( #11976 ) ) ;
#5249 = EDGE_CURVE ( 'NONE', #9234, #5918, #7606, .T. ) ;
#5250 = ORIENTED_EDGE ( 'NONE', *, *, #2707, .F. ) ;
#5251 = EDGE_LOOP ( 'NONE', ( #11861, #10107, #12114, #4873 ) ) ;
#5252 =( NAMED_UNIT ( * ) SI_UNIT ( $, .STERADIAN. ) SOLID_ANGLE_UNIT ( ) );
#5253 = SURFACE_SIDE_STYLE ('',( #11957 ) ) ;
#5254 = SURFACE_STYLE_USAGE ( .BOTH. , #8132 ) ;
#5255 = PRESENTATION_LAYER_ASSIGNMENT (  '', '', ( #5050 ) ) ;
#5256 = VECTOR ( 'NONE', #9247, 1000.000000000000000 ) ;
#5257 = DIRECTION ( 'NONE',  ( 0.0000000000000000000, 1.609823385705999920E-15, -1.000000000000000000 ) ) ;
#5258 = SURFACE_SIDE_STYLE ('',( #10828 ) ) ;
#5259 = EDGE_LOOP ( 'NONE', ( #6227, #1233, #6296, #11413, #2598, #11664, #4437, #1762 ) ) ;
#5260 = EDGE_CURVE ( 'NONE', #4557, #2848, #11584, .T. ) ;
#5261 = DIRECTION ( 'NONE',  ( -0.7071067811865474617, 0.0000000000000000000, -0.7071067811865474617 ) ) ;
#5262 = PRESENTATION_LAYER_ASSIGNMENT (  '', '', ( #7497 ) ) ;
#5263 = PRESENTATION_LAYER_ASSIGNMENT (  '', '', ( #8740 ) ) ;
#5264 = EDGE_LOOP ( 'NONE', ( #6030, #2073, #6738, #11620 ) ) ;
#5265 =( NAMED_UNIT ( * ) SI_UNIT ( $, .STERADIAN. ) SOLID_ANGLE_UNIT ( ) );
#5266 = LINE ( 'NONE', #11150, #7905 ) ;
#5267 = PLANE ( 'NONE',  #4801 ) ;
#5268 = CARTESIAN_POINT ( 'NONE',  ( 16.50999973297099999, 1.520000000000000018, 2.214999988079000115 ) ) ;
#5269 = FILL_AREA_STYLE_COLOUR ( '', #8697 ) ;
#5270 = LINE ( 'NONE', #6093, #11882 ) ;
#5271 = DIRECTION ( 'NONE',  ( -1.000000000000000000, 0.0000000000000000000, 0.0000000000000000000 ) ) ;
#5272 = EDGE_CURVE ( 'NONE', #5096, #9599, #5504, .T. ) ;
#5273 = SURFACE_STYLE_USAGE ( .BOTH. , #3164 ) ;
#5274 = ORIENTED_EDGE ( 'NONE', *, *, #4380, .T. ) ;
#5275 = ORIENTED_EDGE ( 'NONE', *, *, #3134, .F. ) ;
#5276 = VERTEX_POINT ( 'NONE', #9668 ) ;
#5277 = CARTESIAN_POINT ( 'NONE',  ( 10.03999985039200027, 9.810000000000000497, 1.590000000000000080 ) ) ;
#5278 = SURFACE_STYLE_USAGE ( .BOTH. , #4306 ) ;
#5279 = FILL_AREA_STYLE ('',( #11098 ) ) ;
#5280 = PLANE ( 'NONE',  #10987 ) ;
#5281 = FILL_AREA_STYLE ('',( #1402 ) ) ;
#5282 = DIRECTION ( 'NONE',  ( 0.0000000000000000000, 0.0000000000000000000, -1.000000000000000000 ) ) ;
#5283 = DIRECTION ( 'NONE',  ( 0.0000000000000000000, 0.0000000000000000000, 1.000000000000000000 ) ) ;
#5284 = CARTESIAN_POINT ( 'NONE',  ( 11.42999984741225106, 3.809999961853000716, 0.3250000119207508975 ) ) ;
#5285 = EDGE_LOOP ( 'NONE', ( #1408, #7813, #10187, #5378 ) ) ;
#5286 = UNCERTAINTY_MEASURE_WITH_UNIT (LENGTH_MEASURE( 1.000000000000000082E-05 ), #6984, 'distance_accuracy_value', 'NONE');
#5287 = SURFACE_STYLE_USAGE ( .BOTH. , #4387 ) ;
#5288 = ORIENTED_EDGE ( 'NONE', *, *, #3456, .F. ) ;
#5289 =( NAMED_UNIT ( * ) SI_UNIT ( $, .STERADIAN. ) SOLID_ANGLE_UNIT ( ) );
#5290 = CARTESIAN_POINT ( 'NONE',  ( 7.299999885559000035, 1.270000000000000018, 0.9499999999999999556 ) ) ;
#5291 = AXIS2_PLACEMENT_3D ( 'NONE', #5203, #4359, #4235 ) ;
#5292 = SURFACE_STYLE_USAGE ( .BOTH. , #6120 ) ;
#5293 = ORIENTED_EDGE ( 'NONE', *, *, #1962, .F. ) ;
#5294 = DIRECTION ( 'NONE',  ( 0.7071067811865475727, -9.432969924854965098E-16, 0.7071067811865475727 ) ) ;
#5295 = FILL_AREA_STYLE_COLOUR ( '', #2896 ) ;
#5296 = SURFACE_STYLE_USAGE ( .BOTH. , #1423 ) ;
#5297 = ORIENTED_EDGE ( 'NONE', *, *, #8242, .T. ) ;
#5298 = DIRECTION ( 'NONE',  ( 0.0000000000000000000, -1.510616709811000052E-15, 1.000000000000000000 ) ) ;
#5299 = SURFACE_SIDE_STYLE ('',( #2386 ) ) ;
#5300 = STYLED_ITEM ( 'NONE', ( #2059 ), #6841 ) ;
#5301 = VECTOR ( 'NONE', #2627, 1000.000000000000114 ) ;
#5302 =( LENGTH_UNIT ( ) NAMED_UNIT ( * ) SI_UNIT ( .MILLI., .METRE. ) );
#5303 = UNCERTAINTY_MEASURE_WITH_UNIT (LENGTH_MEASURE( 1.000000000000000082E-05 ), #5147, 'distance_accuracy_value', 'NONE');
#5304 = COLOUR_RGB ( '',0.09411764705882352811, 0.09411764705882352811, 0.09411764705882352811 ) ;
#5305 = PLANE ( 'NONE',  #937 ) ;
#5306 = AXIS2_PLACEMENT_3D ( 'NONE', #4966, #8702, #5978 ) ;
#5307 = VERTEX_POINT ( 'NONE', #5564 ) ;
#5308 = LINE ( 'NONE', #2577, #10996 ) ;
#5309 = LINE ( 'NONE', #4423, #4988 ) ;
#5310 = ORIENTED_EDGE ( 'NONE', *, *, #5056, .T. ) ;
#5311 = MECHANICAL_DESIGN_GEOMETRIC_PRESENTATION_REPRESENTATION (  '', ( #4909 ), #4082 ) ;
#5312 = CARTESIAN_POINT ( 'NONE',  ( 5.399999923705999905, -0.3199999999999999512, -2.799999997020000020 ) ) ;
#5313 = FILL_AREA_STYLE_COLOUR ( '', #6205 ) ;
#5314 = LINE ( 'NONE', #8067, #3441 ) ;
#5315 = PRESENTATION_STYLE_ASSIGNMENT (( #8267 ) ) ;
#5316 = STYLED_ITEM ( 'NONE', ( #12284 ), #3189 ) ;
#5317 = CARTESIAN_POINT ( 'NONE',  ( 4.759999923706000224, -0.3200000000000000067, -3.000000000000000000 ) ) ;
#5318 = EDGE_CURVE ( 'NONE', #5552, #8851, #9428, .T. ) ;
#5319 = CARTESIAN_POINT ( 'NONE',  ( 6.349999885558999857, 3.809999961852995831, 2.515000000000000124 ) ) ;
#5320 = FILL_AREA_STYLE ('',( #1569 ) ) ;
#5321 = SURFACE_SIDE_STYLE ('',( #4294 ) ) ;
#5322 = PLANE ( 'NONE',  #12538 ) ;
#5323 = MECHANICAL_DESIGN_GEOMETRIC_PRESENTATION_REPRESENTATION (  '', ( #2274 ), #9625 ) ;
#5324 = CARTESIAN_POINT ( 'NONE',  ( 4.759999923706000224, 1.270000000000000018, 0.9499999999999997335 ) ) ;
#5325 = ORIENTED_EDGE ( 'NONE', *, *, #8419, .T. ) ;
#5326 = DIRECTION ( 'NONE',  ( 1.000000000000000000, 0.0000000000000000000, 0.0000000000000000000 ) ) ;
#5327 = ORIENTED_EDGE ( 'NONE', *, *, #7263, .F. ) ;
#5328 =( NAMED_UNIT ( * ) PLANE_ANGLE_UNIT ( ) SI_UNIT ( $, .RADIAN. ) );
#5329 = VERTEX_POINT ( 'NONE', #3659 ) ;
#5330 = FACE_OUTER_BOUND ( 'NONE', #12290, .T. ) ;
#5331 = LINE ( 'NONE', #5277, #7951 ) ;
#5332 = PRESENTATION_STYLE_ASSIGNMENT (( #10221 ) ) ;
#5333 = PRESENTATION_STYLE_ASSIGNMENT (( #4308 ) ) ;
#5334 = PRESENTATION_LAYER_ASSIGNMENT (  '', '', ( #10859 ) ) ;
#5335 = FACE_OUTER_BOUND ( 'NONE', #2419, .T. ) ;
#5336 = VECTOR ( 'NONE', #3423, 1000.000000000000114 ) ;
#5337 = CARTESIAN_POINT ( 'NONE',  ( 15.11999977409799989, -0.3200000000000000067, -3.000000000000000000 ) ) ;
#5338 = DIRECTION ( 'NONE',  ( 1.000000000000000000, 0.0000000000000000000, 0.0000000000000000000 ) ) ;
#5339 = CARTESIAN_POINT ( 'NONE',  ( 4.759999923706000224, 1.820000011921000249, 1.590000000000000080 ) ) ;
#5340 = DIRECTION ( 'NONE',  ( -0.7071067811865474617, 0.0000000000000000000, -0.7071067811865474617 ) ) ;
#5341 = LINE ( 'NONE', #11240, #6640 ) ;
#5342 = VERTEX_POINT ( 'NONE', #4547 ) ;
#5343 = CARTESIAN_POINT ( 'NONE',  ( 6.349999923706000082, 1.520000000000000018, 0.02500000000000000139 ) ) ;
#5344 = AXIS2_PLACEMENT_3D ( 'NONE', #5343, #9340, #3375 ) ;
#5345 = EDGE_CURVE ( 'NONE', #10459, #6857, #9560, .T. ) ;
#5346 = DIRECTION ( 'NONE',  ( 0.7071067811865474617, -0.0000000000000000000, 0.7071067811865474617 ) ) ;
#5347 = VERTEX_POINT ( 'NONE', #9492 ) ;
#5348 = CARTESIAN_POINT ( 'NONE',  ( 5.399999923705999905, 3.809999961852999828, 1.590000000000000080 ) ) ;
#5349 = SURFACE_STYLE_USAGE ( .BOTH. , #8430 ) ;
#5350 = SURFACE_STYLE_USAGE ( .BOTH. , #1414 ) ;
#5351 = EDGE_CURVE ( 'NONE', #9836, #3379, #10496, .T. ) ;
#5352 = ORIENTED_EDGE ( 'NONE', *, *, #2799, .F. ) ;
#5353 = CARTESIAN_POINT ( 'NONE',  ( 2.219999961852999970, 1.270000000000000018, 0.9499999999999995115 ) ) ;
#5354 = CARTESIAN_POINT ( 'NONE',  ( 18.09999973297100340, 3.809999961852999828, 0.9499999999999999556 ) ) ;
#5355 = EDGE_LOOP ( 'NONE', ( #106, #838, #4518, #9967 ) ) ;
#5356 = ORIENTED_EDGE ( 'NONE', *, *, #7466, .F. ) ;
#5357 = FILL_AREA_STYLE ('',( #10303 ) ) ;
#5358 = PRESENTATION_LAYER_ASSIGNMENT (  '', '', ( #3529 ) ) ;
#5359 = LINE ( 'NONE', #5180, #1052 ) ;
#5360 = LINE ( 'NONE', #8386, #6492 ) ;
#5361 = DIRECTION ( 'NONE',  ( 0.7071067811865475727, 0.0000000000000000000, -0.7071067811865475727 ) ) ;
#5362 = DIRECTION ( 'NONE',  ( 0.7071067811865474617, 0.0000000000000000000, -0.7071067811865474617 ) ) ;
#5363 = ORIENTED_EDGE ( 'NONE', *, *, #10072, .T. ) ;
#5364 = ADVANCED_FACE ( 'NONE', ( #8527 ), #12464, .T. ) ;
#5365 = LINE ( 'NONE', #9303, #8891 ) ;
#5366 = FACE_OUTER_BOUND ( 'NONE', #10185, .T. ) ;
#5367 = FACE_OUTER_BOUND ( 'NONE', #3449, .T. ) ;
#5368 = PLANE ( 'NONE',  #1786 ) ;
#5369 = EDGE_CURVE ( 'NONE', #2183, #1082, #4737, .T. ) ;
#5370 = DIRECTION ( 'NONE',  ( 0.0000000000000000000, 0.0000000000000000000, 1.000000000000000000 ) ) ;
#5371 = SURFACE_SIDE_STYLE ('',( #1632 ) ) ;
#5372 = EDGE_CURVE ( 'NONE', #3081, #12324, #8638, .T. ) ;
#5373 = DIRECTION ( 'NONE',  ( 0.0000000000000000000, 1.000000000000000000, 0.0000000000000000000 ) ) ;
#5374 =( GEOMETRIC_REPRESENTATION_CONTEXT ( 3 ) GLOBAL_UNCERTAINTY_ASSIGNED_CONTEXT ( ( #5037 ) ) GLOBAL_UNIT_ASSIGNED_CONTEXT ( ( #593, #4249, #2288 ) ) REPRESENTATION_CONTEXT ( 'NONE', 'WORKASPACE' ) );
#5375 =( NAMED_UNIT ( * ) SI_UNIT ( $, .STERADIAN. ) SOLID_ANGLE_UNIT ( ) );
#5376 = VECTOR ( 'NONE', #7235, 1000.000000000000000 ) ;
#5377 = FACE_OUTER_BOUND ( 'NONE', #3954, .T. ) ;
#5378 = ORIENTED_EDGE ( 'NONE', *, *, #840, .F. ) ;
#5379 = VERTEX_POINT ( 'NONE', #3840 ) ;
#5380 = EDGE_CURVE ( 'NONE', #1823, #2151, #6787, .T. ) ;
#5381 = FACE_OUTER_BOUND ( 'NONE', #11641, .T. ) ;
#5382 = ORIENTED_EDGE ( 'NONE', *, *, #4642, .F. ) ;
#5383 = SURFACE_SIDE_STYLE ('',( #10273 ) ) ;
#5384 = LINE ( 'NONE', #8414, #12045 ) ;
#5385 = STYLED_ITEM ( 'NONE', ( #12436 ), #12013 ) ;
#5386 = SURFACE_STYLE_FILL_AREA ( #3308 ) ;
#5387 = MECHANICAL_DESIGN_GEOMETRIC_PRESENTATION_REPRESENTATION (  '', ( #9095 ), #11540 ) ;
#5388 = CARTESIAN_POINT ( 'NONE',  ( 17.45999973297099928, 1.270000000000000018, 0.9499999999999995115 ) ) ;
#5389 = PRESENTATION_LAYER_ASSIGNMENT (  '', '', ( #920 ) ) ;
#5390 = EDGE_CURVE ( 'NONE', #5900, #1105, #10758, .T. ) ;
#5391 = SURFACE_STYLE_FILL_AREA ( #3489 ) ;
#5392 =( GEOMETRIC_REPRESENTATION_CONTEXT ( 3 ) GLOBAL_UNCERTAINTY_ASSIGNED_CONTEXT ( ( #8252 ) ) GLOBAL_UNIT_ASSIGNED_CONTEXT ( ( #2744, #4720, #8624 ) ) REPRESENTATION_CONTEXT ( 'NONE', 'WORKASPACE' ) );
#5393 = DIRECTION ( 'NONE',  ( -0.0000000000000000000, -1.000000000000000000, -0.0000000000000000000 ) ) ;
#5394 = LINE ( 'NONE', #6567, #2370 ) ;
#5395 = FACE_OUTER_BOUND ( 'NONE', #282, .T. ) ;
#5396 = SURFACE_STYLE_USAGE ( .BOTH. , #2431 ) ;
#5397 = AXIS2_PLACEMENT_3D ( 'NONE', #8413, #3616, #12233 ) ;
#5398 =( NAMED_UNIT ( * ) SI_UNIT ( $, .STERADIAN. ) SOLID_ANGLE_UNIT ( ) );
#5399 = ORIENTED_EDGE ( 'NONE', *, *, #8408, .F. ) ;
#5400 = AXIS2_PLACEMENT_3D ( 'NONE', #4233, #4049, #4115 ) ;
#5401 = VECTOR ( 'NONE', #9182, 1000.000000000000000 ) ;
#5402 = LINE ( 'NONE', #7386, #7588 ) ;
#5403 =( GEOMETRIC_REPRESENTATION_CONTEXT ( 3 ) GLOBAL_UNCERTAINTY_ASSIGNED_CONTEXT ( ( #3104 ) ) GLOBAL_UNIT_ASSIGNED_CONTEXT ( ( #7544, #6537, #4864 ) ) REPRESENTATION_CONTEXT ( 'NONE', 'WORKASPACE' ) );
#5404 = UNCERTAINTY_MEASURE_WITH_UNIT (LENGTH_MEASURE( 1.000000000000000082E-05 ), #10092, 'distance_accuracy_value', 'NONE');
#5405 = STYLED_ITEM ( 'NONE', ( #2296 ), #7076 ) ;
#5406 = PLANE ( 'NONE',  #12347 ) ;
#5407 = ORIENTED_EDGE ( 'NONE', *, *, #163, .F. ) ;
#5408 = ORIENTED_EDGE ( 'NONE', *, *, #3507, .F. ) ;
#5409 = VECTOR ( 'NONE', #6717, 1000.000000000000000 ) ;
#5410 = COLOUR_RGB ( '',0.09411764705882352811, 0.09411764705882352811, 0.09411764705882352811 ) ;
#5411 = AXIS2_PLACEMENT_3D ( 'NONE', #6609, #38, #12602 ) ;
#5412 = PRESENTATION_LAYER_ASSIGNMENT (  '', '', ( #7863 ) ) ;
#5413 = EDGE_CURVE ( 'NONE', #10624, #8126, #11696, .T. ) ;
#5414 = UNCERTAINTY_MEASURE_WITH_UNIT (LENGTH_MEASURE( 1.000000000000000082E-05 ), #4862, 'distance_accuracy_value', 'NONE');
#5415 = PRESENTATION_STYLE_ASSIGNMENT (( #7462 ) ) ;
#5416 = PRESENTATION_STYLE_ASSIGNMENT (( #409 ) ) ;
#5417 = EDGE_LOOP ( 'NONE', ( #2786, #4343, #8010, #11255 ) ) ;
#5418 = UNCERTAINTY_MEASURE_WITH_UNIT (LENGTH_MEASURE( 1.000000000000000082E-05 ), #12220, 'distance_accuracy_value', 'NONE');
#5419 = PLANE ( 'NONE',  #6543 ) ;
#5420 = DIRECTION ( 'NONE',  ( 0.0000000000000000000, 0.0000000000000000000, -1.000000000000000000 ) ) ;
#5421 = DIRECTION ( 'NONE',  ( 0.0000000000000000000, -1.000000000000000000, -0.0000000000000000000 ) ) ;
#5422 = VECTOR ( 'NONE', #10851, 1000.000000000000000 ) ;
#5424 = EDGE_CURVE ( 'NONE', #4891, #2692, #8912, .T. ) ;
#5423 = EDGE_LOOP ( 'NONE', ( #12127, #6761, #6578, #11391 ) ) ;
#5425 = DIRECTION ( 'NONE',  ( 0.0000000000000000000, 0.0000000000000000000, 1.000000000000000000 ) ) ;
#5426 = ORIENTED_EDGE ( 'NONE', *, *, #7418, .T. ) ;
#5427 = LINE ( 'NONE', #4334, #3412 ) ;
#5428 = VECTOR ( 'NONE', #1244, 1000.000000000000000 ) ;
#5429 = VECTOR ( 'NONE', #3070, 1000.000000000000000 ) ;
#5430 = CARTESIAN_POINT ( 'NONE',  ( 9.839999847412000733, 3.809999961852999384, 0.9499999999999999556 ) ) ;
#5431 =( GEOMETRIC_REPRESENTATION_CONTEXT ( 3 ) GLOBAL_UNCERTAINTY_ASSIGNED_CONTEXT ( ( #10881 ) ) GLOBAL_UNIT_ASSIGNED_CONTEXT ( ( #11854, #7053, #1379 ) ) REPRESENTATION_CONTEXT ( 'NONE', 'WORKASPACE' ) );
#5432 = UNCERTAINTY_MEASURE_WITH_UNIT (LENGTH_MEASURE( 1.000000000000000082E-05 ), #8183, 'distance_accuracy_value', 'NONE');
#5433 =( LENGTH_UNIT ( ) NAMED_UNIT ( * ) SI_UNIT ( .MILLI., .METRE. ) );
#5434 = STYLED_ITEM ( 'NONE', ( #11218 ), #10591 ) ;
#5435 = ADVANCED_FACE ( 'NONE', ( #9992 ), #3900, .T. ) ;
#5436 = COLOUR_RGB ( '',1.000000000000000000, 1.000000000000000000, 0.4980392156862745168 ) ;
#5437 = SURFACE_SIDE_STYLE ('',( #6399 ) ) ;
#5438 = CARTESIAN_POINT ( 'NONE',  ( 2.859999961853000094, 1.270000000000000018, 0.9499999999999999556 ) ) ;
#5439 = CARTESIAN_POINT ( 'NONE',  ( 2.759999960362999882, 0.3200000000000000067, -2.899999998509999788 ) ) ;
#5440 = VECTOR ( 'NONE', #10242, 1000.000000000000000 ) ;
#5441 =( LENGTH_UNIT ( ) NAMED_UNIT ( * ) SI_UNIT ( .MILLI., .METRE. ) );
#5442 = ORIENTED_EDGE ( 'NONE', *, *, #5737, .T. ) ;
#5443 =( LENGTH_UNIT ( ) NAMED_UNIT ( * ) SI_UNIT ( .MILLI., .METRE. ) );
#5444 = DIRECTION ( 'NONE',  ( 0.0000000000000000000, 0.0000000000000000000, 1.000000000000000000 ) ) ;
#5445 = VECTOR ( 'NONE', #6689, 1000.000000000000000 ) ;
#5446 =( NAMED_UNIT ( * ) PLANE_ANGLE_UNIT ( ) SI_UNIT ( $, .RADIAN. ) );
#5447 = MECHANICAL_DESIGN_GEOMETRIC_PRESENTATION_REPRESENTATION (  '', ( #10773 ), #12591 ) ;
#5448 = CARTESIAN_POINT ( 'NONE',  ( 6.199999917746000122, 1.520000000000000018, 2.364999994040000164 ) ) ;
#5449 = SURFACE_STYLE_USAGE ( .BOTH. , #7361 ) ;
#5450 = CARTESIAN_POINT ( 'NONE',  ( 11.57999981522599953, 1.520000000000000018, 0.1750000059600000102 ) ) ;
#5451 = PRESENTATION_LAYER_ASSIGNMENT (  '', '', ( #10984 ) ) ;
#5452 = SURFACE_STYLE_USAGE ( .BOTH. , #10265 ) ;
#5453 = FILL_AREA_STYLE ('',( #4435 ) ) ;
#5454 = VECTOR ( 'NONE', #8115, 1000.000000000000000 ) ;
#5455 = ORIENTED_EDGE ( 'NONE', *, *, #10898, .T. ) ;
#5456 = EDGE_CURVE ( 'NONE', #9698, #4471, #3874, .T. ) ;
#5457 = EDGE_LOOP ( 'NONE', ( #8488, #201, #4124, #8970 ) ) ;
#5458 = PRESENTATION_STYLE_ASSIGNMENT (( #11731 ) ) ;
#5459 = VERTEX_POINT ( 'NONE', #2000 ) ;
#5460 = ADVANCED_FACE ( 'NONE', ( #7981 ), #1100, .F. ) ;
#5461 = PLANE ( 'NONE',  #10926 ) ;
#5462 = VECTOR ( 'NONE', #9514, 1000.000000000000000 ) ;
#5463 = SURFACE_SIDE_STYLE ('',( #6561 ) ) ;
#5464 = DIRECTION ( 'NONE',  ( 0.0000000000000000000, -1.510616709811000052E-15, 1.000000000000000000 ) ) ;
#5465 = CARTESIAN_POINT ( 'NONE',  ( 8.889999847411999667, 3.809999961852999828, 0.02500000000000000139 ) ) ;
#5466 = PRESENTATION_STYLE_ASSIGNMENT (( #2797 ) ) ;
#5467 = SURFACE_SIDE_STYLE ('',( #12363 ) ) ;
#5468 = DIRECTION ( 'NONE',  ( -0.0000000000000000000, -0.0000000000000000000, -1.000000000000000000 ) ) ;
#5469 = CARTESIAN_POINT ( 'NONE',  ( -1.270000000000250706, 3.809999961852999828, 2.214999988079251025 ) ) ;
#5470 =( NAMED_UNIT ( * ) PLANE_ANGLE_UNIT ( ) SI_UNIT ( $, .RADIAN. ) );
#5471 = LINE ( 'NONE', #11488, #5623 ) ;
#5472 = PRESENTATION_LAYER_ASSIGNMENT (  '', '', ( #3245 ) ) ;
#5473 = EDGE_LOOP ( 'NONE', ( #2864, #9323, #413, #11169 ) ) ;
#5474 = SURFACE_STYLE_FILL_AREA ( #1591 ) ;
#5475 = DIRECTION ( 'NONE',  ( -0.0000000000000000000, 0.0000000000000000000, -1.000000000000000000 ) ) ;
#5476 = ORIENTED_EDGE ( 'NONE', *, *, #8996, .F. ) ;
#5477 = PRESENTATION_STYLE_ASSIGNMENT (( #5349 ) ) ;
#5478 = PLANE ( 'NONE',  #6331 ) ;
#5479 = DIRECTION ( 'NONE',  ( -1.000000000000000000, 0.0000000000000000000, 0.0000000000000000000 ) ) ;
#5480 =( NAMED_UNIT ( * ) PLANE_ANGLE_UNIT ( ) SI_UNIT ( $, .RADIAN. ) );
#5481 = UNCERTAINTY_MEASURE_WITH_UNIT (LENGTH_MEASURE( 1.000000000000000082E-05 ), #11580, 'distance_accuracy_value', 'NONE');
#5482 = EDGE_CURVE ( 'NONE', #1881, #3514, #4980, .T. ) ;
#5483 = SURFACE_STYLE_USAGE ( .BOTH. , #8376 ) ;
#5484 = PLANE ( 'NONE',  #9719 ) ;
#5485 = ORIENTED_EDGE ( 'NONE', *, *, #1692, .F. ) ;
#5486 = CARTESIAN_POINT ( 'NONE',  ( 18.09999973297100340, 0.3199999999999998401, -2.799999997020000020 ) ) ;
#5487 =( NAMED_UNIT ( * ) SI_UNIT ( $, .STERADIAN. ) SOLID_ANGLE_UNIT ( ) );
#5488 = PRESENTATION_LAYER_ASSIGNMENT (  '', '', ( #4259 ) ) ;
#5489 = ORIENTED_EDGE ( 'NONE', *, *, #9611, .T. ) ;
#5490 = CARTESIAN_POINT ( 'NONE',  ( 8.889999847411999667, 1.520000000000000018, 0.02500000000000000139 ) ) ;
#5491 = VERTEX_POINT ( 'NONE', #7097 ) ;
#5492 = DIRECTION ( 'NONE',  ( 0.7071067811865475727, 0.0000000000000000000, -0.7071067811865475727 ) ) ;
#5493 = DIRECTION ( 'NONE',  ( 0.7071067811865475727, -0.7071067811865475727, 0.0000000000000000000 ) ) ;
#5494 = DIRECTION ( 'NONE',  ( -0.0000000000000000000, 0.0000000000000000000, -1.000000000000000000 ) ) ;
#5495 = DIRECTION ( 'NONE',  ( 0.0000000000000000000, -0.7071067811865475727, -0.7071067811865475727 ) ) ;
#5496 = ADVANCED_FACE ( 'NONE', ( #9466 ), #7453, .T. ) ;
#5497 = FACE_OUTER_BOUND ( 'NONE', #867, .T. ) ;
#5498 = CARTESIAN_POINT ( 'NONE',  ( 13.01999980926500200, 3.809999961852999384, 0.9499999999999999556 ) ) ;
#5499 = VECTOR ( 'NONE', #10186, 1000.000000000000000 ) ;
#5500 = PRESENTATION_STYLE_ASSIGNMENT (( #1687 ) ) ;
#5501 = ORIENTED_EDGE ( 'NONE', *, *, #8859, .T. ) ;
#5502 = CARTESIAN_POINT ( 'NONE',  ( 7.299999885559000035, 1.270000000000000018, 0.9499999999999997335 ) ) ;
#5503 = VECTOR ( 'NONE', #1607, 1000.000000000000000 ) ;
#5504 = LINE ( 'NONE', #10447, #633 ) ;
#5505 = SURFACE_SIDE_STYLE ('',( #3531 ) ) ;
#5506 = PLANE ( 'NONE',  #9921 ) ;
#5507 = SURFACE_SIDE_STYLE ('',( #4426 ) ) ;
#5508 = CARTESIAN_POINT ( 'NONE',  ( 16.50999973297099999, 3.809999961852995831, 2.515000000000000124 ) ) ;
#5509 = EDGE_CURVE ( 'NONE', #1037, #10884, #11378, .T. ) ;
#5510 = MECHANICAL_DESIGN_GEOMETRIC_PRESENTATION_REPRESENTATION (  '', ( #3877 ), #11853 ) ;
#5511 = PRESENTATION_STYLE_ASSIGNMENT (( #4433 ) ) ;
#5512 = SURFACE_SIDE_STYLE ('',( #1634 ) ) ;
#5513 = DIRECTION ( 'NONE',  ( -1.000000000000000000, 0.0000000000000000000, 0.0000000000000000000 ) ) ;
#5514 = FILL_AREA_STYLE_COLOUR ( '', #5991 ) ;
#5515 = EDGE_LOOP ( 'NONE', ( #11680, #8621, #5174, #5538 ) ) ;
#5516 = CARTESIAN_POINT ( 'NONE',  ( 2.859999961853000094, 9.609999997019999185, 1.590000000000000302 ) ) ;
#5517 = EDGE_CURVE ( 'NONE', #1528, #11816, #9532, .T. ) ;
#5518 = ORIENTED_EDGE ( 'NONE', *, *, #5208, .T. ) ;
#5519 = VERTEX_POINT ( 'NONE', #5177 ) ;
#5520 =( NAMED_UNIT ( * ) PLANE_ANGLE_UNIT ( ) SI_UNIT ( $, .RADIAN. ) );
#5521 = FILL_AREA_STYLE ('',( #3487 ) ) ;
#5522 = LINE ( 'NONE', #4560, #10149 ) ;
#5523 = CARTESIAN_POINT ( 'NONE',  ( 13.81999980330500044, 1.520000000000000018, 0.1750000059600000102 ) ) ;
#5524 = FILL_AREA_STYLE ('',( #1708 ) ) ;
#5525 = MECHANICAL_DESIGN_GEOMETRIC_PRESENTATION_REPRESENTATION (  '', ( #6134 ), #8426 ) ;
#5526 = VECTOR ( 'NONE', #6504, 1000.000000000000000 ) ;
#5527 = PRESENTATION_STYLE_ASSIGNMENT (( #12300 ) ) ;
#5528 = LINE ( 'NONE', #6374, #1116 ) ;
#5529 = AXIS2_PLACEMENT_3D ( 'NONE', #4214, #2455, #6336 ) ;
#5530 = LINE ( 'NONE', #11427, #4677 ) ;
#5531 = LINE ( 'NONE', #7517, #10123 ) ;
#5532 = SURFACE_SIDE_STYLE ('',( #5474 ) ) ;
#5533 = UNCERTAINTY_MEASURE_WITH_UNIT (LENGTH_MEASURE( 1.000000000000000082E-05 ), #8971, 'distance_accuracy_value', 'NONE');
#5534 = LINE ( 'NONE', #4575, #7247 ) ;
#5535 = VERTEX_POINT ( 'NONE', #3215 ) ;
#5536 = LINE ( 'NONE', #1783, #10562 ) ;
#5537 = VECTOR ( 'NONE', #4205, 1000.000000000000000 ) ;
#5538 = ORIENTED_EDGE ( 'NONE', *, *, #8084, .F. ) ;
#5539 = CARTESIAN_POINT ( 'NONE',  ( 16.50999977111800021, 1.520000000000000018, 2.515000000000000124 ) ) ;
#5540 = DIRECTION ( 'NONE',  ( 0.5773502691896253980, -0.5773502691896253980, 0.5773502691896266192 ) ) ;
#5541 = STYLED_ITEM ( 'NONE', ( #6334 ), #1074 ) ;
#5542 = AXIS2_PLACEMENT_3D ( 'NONE', #11604, #3801, #8795 ) ;
#5543 = ADVANCED_FACE ( 'NONE', ( #10114 ), #5478, .T. ) ;
#5544 = UNCERTAINTY_MEASURE_WITH_UNIT (LENGTH_MEASURE( 1.000000000000000082E-05 ), #11579, 'distance_accuracy_value', 'NONE');
#5545 = DIRECTION ( 'NONE',  ( -1.000000000000000000, 0.0000000000000000000, 0.0000000000000000000 ) ) ;
#5546 = CARTESIAN_POINT ( 'NONE',  ( 6.049999911785249651, 3.809999961853000272, 0.02499999999975138776 ) ) ;
#5547 = ORIENTED_EDGE ( 'NONE', *, *, #6533, .T. ) ;
#5548 = SURFACE_SIDE_STYLE ('',( #12321 ) ) ;
#5549 = DIRECTION ( 'NONE',  ( -0.0000000000000000000, -1.000000000000000000, 0.0000000000000000000 ) ) ;
#5550 = ORIENTED_EDGE ( 'NONE', *, *, #10713, .T. ) ;
#5551 = DIRECTION ( 'NONE',  ( 0.0000000000000000000, 1.000000000000000000, 1.332267629549999902E-15 ) ) ;
#5552 = VERTEX_POINT ( 'NONE', #9401 ) ;
#5553 = ORIENTED_EDGE ( 'NONE', *, *, #1746, .T. ) ;
#5554 = ADVANCED_FACE ( 'NONE', ( #695 ), #4580, .F. ) ;
#5555 = STYLED_ITEM ( 'NONE', ( #4945 ), #6693 ) ;
#5556 = DIRECTION ( 'NONE',  ( 0.0000000000000000000, 0.0000000000000000000, 1.000000000000000000 ) ) ;
#5557 =( LENGTH_UNIT ( ) NAMED_UNIT ( * ) SI_UNIT ( .MILLI., .METRE. ) );
#5558 = UNCERTAINTY_MEASURE_WITH_UNIT (LENGTH_MEASURE( 1.000000000000000082E-05 ), #6773, 'distance_accuracy_value', 'NONE');
#5559 = SURFACE_STYLE_USAGE ( .BOTH. , #3590 ) ;
#5560 = DIRECTION ( 'NONE',  ( 0.0000000000000000000, 1.000000000000000000, 1.332267629549999902E-15 ) ) ;
#5561 = EDGE_LOOP ( 'NONE', ( #12354, #1925, #10038, #3327 ) ) ;
#5562 = LINE ( 'NONE', #2839, #8340 ) ;
#5563 = MECHANICAL_DESIGN_GEOMETRIC_PRESENTATION_REPRESENTATION (  '', ( #3529 ), #7002 ) ;
#5564 = CARTESIAN_POINT ( 'NONE',  ( 1.270000000000249152, 3.809999961853000716, 0.3250000119207507865 ) ) ;
#5565 = FACE_OUTER_BOUND ( 'NONE', #3154, .T. ) ;
#5566 =( NAMED_UNIT ( * ) SI_UNIT ( $, .STERADIAN. ) SOLID_ANGLE_UNIT ( ) );
#5567 = CARTESIAN_POINT ( 'NONE',  ( 12.37999980926499966, 3.809999961852999828, 1.590000000000000080 ) ) ;
#5568 = EDGE_CURVE ( 'NONE', #10653, #5126, #11614, .T. ) ;
#5569 = FILL_AREA_STYLE ('',( #4683 ) ) ;
#5570 = DIRECTION ( 'NONE',  ( 0.5773502691896219563, -0.5773502691896270633, 0.5773502691896282846 ) ) ;
#5571 = FILL_AREA_STYLE_COLOUR ( '', #4546 ) ;
#5572 = CARTESIAN_POINT ( 'NONE',  ( 11.57999981522599953, 1.520000000000000018, 2.364999994040000164 ) ) ;
#5573 = EDGE_LOOP ( 'NONE', ( #9189, #582, #4174, #5382, #6103, #11415, #5160, #5476 ) ) ;
#5574 =( NAMED_UNIT ( * ) PLANE_ANGLE_UNIT ( ) SI_UNIT ( $, .RADIAN. ) );
#5575 = ADVANCED_FACE ( 'NONE', ( #4897 ), #6633, .F. ) ;
#5576 = ORIENTED_EDGE ( 'NONE', *, *, #759, .F. ) ;
#5577 = CARTESIAN_POINT ( 'NONE',  ( -1.119999994040000058, 1.520000000000000018, 0.1750000059600000102 ) ) ;
#5578 = EDGE_LOOP ( 'NONE', ( #205, #10083, #11880, #10434 ) ) ;
#5579 = PRESENTATION_STYLE_ASSIGNMENT (( #9574 ) ) ;
#5580 = DIRECTION ( 'NONE',  ( 0.0000000000000000000, 1.618928404167999991E-15, -1.000000000000000000 ) ) ;
#5581 = CARTESIAN_POINT ( 'NONE',  ( 2.219999961852999970, 9.609999997019999185, 1.590000000000000080 ) ) ;
#5582 = CARTESIAN_POINT ( 'NONE',  ( 7.299999885559000035, 9.609999997019999185, 1.590000000000000080 ) ) ;
#5583 = MECHANICAL_DESIGN_GEOMETRIC_PRESENTATION_REPRESENTATION (  '', ( #8024 ), #1305 ) ;
#5584 = VECTOR ( 'NONE', #1084, 1000.000000000000000 ) ;
#5585 = VECTOR ( 'NONE', #5340, 1000.000000000000114 ) ;
#5586 = EDGE_CURVE ( 'NONE', #4706, #4471, #1904, .T. ) ;
#5587 = CARTESIAN_POINT ( 'NONE',  ( 12.37999980926499966, 9.609999997019999185, 0.9499999999999999556 ) ) ;
#5588 = FILL_AREA_STYLE ('',( #1710 ) ) ;
#5589 = EDGE_CURVE ( 'NONE', #11430, #6934, #7704, .T. ) ;
#5590 = VERTEX_POINT ( 'NONE', #10791 ) ;
#5591 = CARTESIAN_POINT ( 'NONE',  ( 2.419999964832999950, 0.1199999970199998045, -3.000000000000000444 ) ) ;
#5592 = VECTOR ( 'NONE', #10, 1000.000000000000114 ) ;
#5593 = CARTESIAN_POINT ( 'NONE',  ( 13.96999980926549867, 1.520000000000000018, 0.3250000119204991544 ) ) ;
#5594 = EDGE_LOOP ( 'NONE', ( #10722, #2327, #2280, #3024, #7136, #4382, #1940, #7829 ) ) ;
#5595 = FILL_AREA_STYLE_COLOUR ( '', #12584 ) ;
#5596 =( GEOMETRIC_REPRESENTATION_CONTEXT ( 3 ) GLOBAL_UNCERTAINTY_ASSIGNED_CONTEXT ( ( #10365 ) ) GLOBAL_UNIT_ASSIGNED_CONTEXT ( ( #8278, #7305, #10211 ) ) REPRESENTATION_CONTEXT ( 'NONE', 'WORKASPACE' ) );
#5597 = ADVANCED_FACE ( 'NONE', ( #6701 ), #5776, .T. ) ;
#5598 = CARTESIAN_POINT ( 'NONE',  ( 8.739999879599000820, 1.520000000000000018, 0.1750000059600000102 ) ) ;
#5599 = ORIENTED_EDGE ( 'NONE', *, *, #5218, .T. ) ;
#5600 = SURFACE_STYLE_USAGE ( .BOTH. , #1719 ) ;
#5601 =( LENGTH_UNIT ( ) NAMED_UNIT ( * ) SI_UNIT ( .MILLI., .METRE. ) );
#5602 = VECTOR ( 'NONE', #8325, 1000.000000000000227 ) ;
#5603 = UNCERTAINTY_MEASURE_WITH_UNIT (LENGTH_MEASURE( 1.000000000000000082E-05 ), #3925, 'distance_accuracy_value', 'NONE');
#5604 = ADVANCED_FACE ( 'NONE', ( #10030 ), #7893, .T. ) ;
#5605 =( GEOMETRIC_REPRESENTATION_CONTEXT ( 3 ) GLOBAL_UNCERTAINTY_ASSIGNED_CONTEXT ( ( #3257 ) ) GLOBAL_UNIT_ASSIGNED_CONTEXT ( ( #6508, #6375, #10279 ) ) REPRESENTATION_CONTEXT ( 'NONE', 'WORKASPACE' ) );
#5606 = PRESENTATION_LAYER_ASSIGNMENT (  '', '', ( #11129 ) ) ;
#5607 = STYLED_ITEM ( 'NONE', ( #11938 ), #21 ) ;
#5608 = PRESENTATION_LAYER_ASSIGNMENT (  '', '', ( #9095 ) ) ;
#5609 =( GEOMETRIC_REPRESENTATION_CONTEXT ( 3 ) GLOBAL_UNCERTAINTY_ASSIGNED_CONTEXT ( ( #4009 ) ) GLOBAL_UNIT_ASSIGNED_CONTEXT ( ( #11425, #3547, #12177 ) ) REPRESENTATION_CONTEXT ( 'NONE', 'WORKASPACE' ) );
#5610 = VERTEX_POINT ( 'NONE', #392 ) ;
#5611 = DIRECTION ( 'NONE',  ( -0.5773502691896237327, 0.5773502691896260641, 0.5773502691896272854 ) ) ;
#5612 = PRESENTATION_STYLE_ASSIGNMENT (( #7468 ) ) ;
#5613 = ORIENTED_EDGE ( 'NONE', *, *, #5193, .F. ) ;
#5614 = FILL_AREA_STYLE ('',( #5727 ) ) ;
#5615 = FILL_AREA_STYLE_COLOUR ( '', #11804 ) ;
#5616 = PRODUCT_RELATED_PRODUCT_CATEGORY ( 'part', '', ( #4983 ) ) ;
#5617 = VECTOR ( 'NONE', #10579, 1000.000000000000114 ) ;
#5618 = VECTOR ( 'NONE', #6827, 1000.000000000000000 ) ;
#5619 = ORIENTED_EDGE ( 'NONE', *, *, #1400, .F. ) ;
#5620 = CLOSED_SHELL ( 'NONE', ( #11581, #4987, #8341, #7676, #3092, #4445, #8081, #9261, #5241, #4087, #6686, #8825, #12029, #384, #11469, #11546, #2040, #7329 ) ) ;
#5621 =( GEOMETRIC_REPRESENTATION_CONTEXT ( 3 ) GLOBAL_UNCERTAINTY_ASSIGNED_CONTEXT ( ( #7932 ) ) GLOBAL_UNIT_ASSIGNED_CONTEXT ( ( #9519, #7512, #510 ) ) REPRESENTATION_CONTEXT ( 'NONE', 'WORKASPACE' ) );
#5622 = EDGE_CURVE ( 'NONE', #6498, #1037, #7949, .T. ) ;
#5623 = VECTOR ( 'NONE', #4510, 1000.000000000000000 ) ;
#5624 =( NAMED_UNIT ( * ) SI_UNIT ( $, .STERADIAN. ) SOLID_ANGLE_UNIT ( ) );
#5625 =( GEOMETRIC_REPRESENTATION_CONTEXT ( 3 ) GLOBAL_UNCERTAINTY_ASSIGNED_CONTEXT ( ( #12078 ) ) GLOBAL_UNIT_ASSIGNED_CONTEXT ( ( #7388, #9587, #12431 ) ) REPRESENTATION_CONTEXT ( 'NONE', 'WORKASPACE' ) );
#5626 = CARTESIAN_POINT ( 'NONE',  ( 12.57999981224500097, 0.1199999970199998184, -3.000000000000000000 ) ) ;
#5627 = DIRECTION ( 'NONE',  ( 1.000000000000000000, -0.0000000000000000000, 0.0000000000000000000 ) ) ;
#5628 = DIRECTION ( 'NONE',  ( -0.7071067811865474617, 0.0000000000000000000, 0.7071067811865474617 ) ) ;
#5629 = STYLED_ITEM ( 'NONE', ( #6734 ), #9193 ) ;
#5630 = DIRECTION ( 'NONE',  ( 0.0000000000000000000, 1.000000000000000000, 1.554312234475000050E-15 ) ) ;
#5631 = CARTESIAN_POINT ( 'NONE',  ( 15.55999977111799915, -0.3199999999999999512, -4.388850394221508810E-16 ) ) ;
#5632 = AXIS2_PLACEMENT_3D ( 'NONE', #3430, #1576, #4501 ) ;
#5633 = VERTEX_POINT ( 'NONE', #3249 ) ;
#5634 = FILL_AREA_STYLE_COLOUR ( '', #11598 ) ;
#5635 = VECTOR ( 'NONE', #9023, 1000.000000000000000 ) ;
#5636 = SURFACE_STYLE_FILL_AREA ( #8714 ) ;
#5637 = PRESENTATION_LAYER_ASSIGNMENT (  '', '', ( #756 ) ) ;
#5638 = AXIS2_PLACEMENT_3D ( 'NONE', #9328, #11924, #1516 ) ;
#5639 = FILL_AREA_STYLE_COLOUR ( '', #1179 ) ;
#5640 = AXIS2_PLACEMENT_3D ( 'NONE', #11712, #107, #10771 ) ;
#5641 = DIRECTION ( 'NONE',  ( -0.0000000000000000000, -1.000000000000000000, 0.0000000000000000000 ) ) ;
#5642 = EDGE_CURVE ( 'NONE', #8908, #5831, #6033, .T. ) ;
#5643 = SURFACE_STYLE_USAGE ( .BOTH. , #7732 ) ;
#5644 = LINE ( 'NONE', #2523, #1588 ) ;
#5645 = VERTEX_POINT ( 'NONE', #11809 ) ;
#5646 = ORIENTED_EDGE ( 'NONE', *, *, #7456, .T. ) ;
#5647 = VECTOR ( 'NONE', #3679, 1000.000000000000000 ) ;
#5648 = FILL_AREA_STYLE_COLOUR ( '', #4813 ) ;
#5649 = ORIENTED_EDGE ( 'NONE', *, *, #10698, .F. ) ;
#5650 = SURFACE_STYLE_FILL_AREA ( #8788 ) ;
#5651 = CARTESIAN_POINT ( 'NONE',  ( 6.349999923706063143, 1.820000011921000249, 2.214999988079062732 ) ) ;
#5652 = DIRECTION ( 'NONE',  ( 0.7071067811865475727, 9.432969924854965098E-16, -0.7071067811865475727 ) ) ;
#5653 = MECHANICAL_DESIGN_GEOMETRIC_PRESENTATION_REPRESENTATION (  '', ( #6678 ), #777 ) ;
#5654 = LINE ( 'NONE', #813, #780 ) ;
#5655 = EDGE_CURVE ( 'NONE', #11591, #9239, #5964, .T. ) ;
#5656 = MECHANICAL_DESIGN_GEOMETRIC_PRESENTATION_REPRESENTATION (  '', ( #4020 ), #6056 ) ;
#5657 =( NAMED_UNIT ( * ) PLANE_ANGLE_UNIT ( ) SI_UNIT ( $, .RADIAN. ) );
#5658 = CARTESIAN_POINT ( 'NONE',  ( -0.1199999970199999016, 9.810000000000000497, 1.150000002980000158 ) ) ;
#5659 = COLOUR_RGB ( '',1.000000000000000000, 1.000000000000000000, 0.4980392156862745168 ) ;
#5660 = FILL_AREA_STYLE ('',( #5765 ) ) ;
#5661 = PLANE ( 'NONE',  #6230 ) ;
#5662 = ORIENTED_EDGE ( 'NONE', *, *, #10156, .F. ) ;
#5663 = SURFACE_STYLE_FILL_AREA ( #7519 ) ;
#5664 =( NAMED_UNIT ( * ) PLANE_ANGLE_UNIT ( ) SI_UNIT ( $, .RADIAN. ) );
#5665 = VERTEX_POINT ( 'NONE', #9011 ) ;
#5666 = DIRECTION ( 'NONE',  ( -1.000000000000000000, 0.0000000000000000000, -0.0000000000000000000 ) ) ;
#5667 = SURFACE_SIDE_STYLE ('',( #7757 ) ) ;
#5668 = ORIENTED_EDGE ( 'NONE', *, *, #12005, .T. ) ;
#5669 = DIRECTION ( 'NONE',  ( 0.7071067811865474617, 0.7071067811865474617, 0.0000000000000000000 ) ) ;
#5670 = COLOUR_RGB ( '',1.000000000000000000, 1.000000000000000000, 0.4980392156862745168 ) ;
#5671 = EDGE_CURVE ( 'NONE', #1097, #5188, #10982, .T. ) ;
#5672 = APPLICATION_CONTEXT ( 'automotive_design' ) ;
#5673 = PLANE ( 'NONE',  #8361 ) ;
#5674 = ORIENTED_EDGE ( 'NONE', *, *, #7637, .T. ) ;
#5675 =( NAMED_UNIT ( * ) SI_UNIT ( $, .STERADIAN. ) SOLID_ANGLE_UNIT ( ) );
#5676 = SURFACE_SIDE_STYLE ('',( #1728 ) ) ;
#5677 = UNCERTAINTY_MEASURE_WITH_UNIT (LENGTH_MEASURE( 1.000000000000000082E-05 ), #6186, 'distance_accuracy_value', 'NONE');
#5678 = DIRECTION ( 'NONE',  ( 0.0000000000000000000, 0.7071067811865474617, -0.7071067811865474617 ) ) ;
#5679 = ORIENTED_EDGE ( 'NONE', *, *, #2799, .T. ) ;
#5680 = LINE ( 'NONE', #2882, #7623 ) ;
#5681 = EDGE_LOOP ( 'NONE', ( #7487, #1911, #32, #2919, #2232 ) ) ;
#5682 = CARTESIAN_POINT ( 'NONE',  ( 7.939999885558998827, 1.820000011921000027, 2.214999988079000115 ) ) ;
#5683 = DIRECTION ( 'NONE',  ( -0.7071067811865474617, -0.0000000000000000000, -0.7071067811865474617 ) ) ;
#5684 = AXIS2_PLACEMENT_3D ( 'NONE', #1976, #8019, #208 ) ;
#5685 = CARTESIAN_POINT ( 'NONE',  ( 10.47999984741199953, 1.270000000000000018, 1.590000000000000080 ) ) ;
#5686 = ORIENTED_EDGE ( 'NONE', *, *, #6166, .T. ) ;
#5687 = VECTOR ( 'NONE', #4119, 1000.000000000000000 ) ;
#5688 = PLANE ( 'NONE',  #11813 ) ;
#5689 = PRESENTATION_STYLE_ASSIGNMENT (( #10688 ) ) ;
#5690 = LINE ( 'NONE', #7555, #1556 ) ;
#5691 = CARTESIAN_POINT ( 'NONE',  ( -0.1199999970199998184, -0.1199999970199999016, -3.000000000000000000 ) ) ;
#5692 = VERTEX_POINT ( 'NONE', #7129 ) ;
#5693 = VECTOR ( 'NONE', #11388, 1000.000000000000000 ) ;
#5694 = PRESENTATION_STYLE_ASSIGNMENT (( #11650 ) ) ;
#5695 = VERTEX_POINT ( 'NONE', #11923 ) ;
#5696 = ORIENTED_EDGE ( 'NONE', *, *, #537, .T. ) ;
#5697 = ORIENTED_EDGE ( 'NONE', *, *, #9471, .T. ) ;
#5698 = AXIS2_PLACEMENT_3D ( 'NONE', #727, #5743, #1690 ) ;
#5699 = LINE ( 'NONE', #9449, #12564 ) ;
#5700 = ADVANCED_FACE ( 'NONE', ( #4244 ), #2223, .T. ) ;
#5701 = EDGE_CURVE ( 'NONE', #11613, #4891, #6299, .T. ) ;
#5702 =( LENGTH_UNIT ( ) NAMED_UNIT ( * ) SI_UNIT ( .MILLI., .METRE. ) );
#5703 = VECTOR ( 'NONE', #3751, 1000.000000000000000 ) ;
#5704 = PRESENTATION_STYLE_ASSIGNMENT (( #939 ) ) ;
#5705 = CARTESIAN_POINT ( 'NONE',  ( 4.759999923706000224, 1.820000011921001137, 0.9499999999999991784 ) ) ;
#5706 = LINE ( 'NONE', #9579, #9106 ) ;
#5707 = PLANE ( 'NONE',  #11115 ) ;
#5708 = AXIS2_PLACEMENT_3D ( 'NONE', #7816, #6879, #5669 ) ;
#5709 = SURFACE_STYLE_USAGE ( .BOTH. , #1958 ) ;
#5710 = ORIENTED_EDGE ( 'NONE', *, *, #2354, .T. ) ;
#5711 =( NAMED_UNIT ( * ) SI_UNIT ( $, .STERADIAN. ) SOLID_ANGLE_UNIT ( ) );
#5712 = COLOUR_RGB ( '',0.09411764705882352811, 0.09411764705882352811, 0.09411764705882352811 ) ;
#5713 = CARTESIAN_POINT ( 'NONE',  ( 18.09999973297100340, 1.270000000000000018, 0.9499999999999997335 ) ) ;
#5714 = ORIENTED_EDGE ( 'NONE', *, *, #5750, .F. ) ;
#5715 = CARTESIAN_POINT ( 'NONE',  ( -0.3200000000000000067, 1.270000000000000018, 0.9499999999999995115 ) ) ;
#5716 = EDGE_LOOP ( 'NONE', ( #12450, #519, #10769, #7503 ) ) ;
#5717 = PRESENTATION_STYLE_ASSIGNMENT (( #10602 ) ) ;
#5718 = STYLED_ITEM ( 'NONE', ( #11792 ), #6063 ) ;
#5719 = AXIS2_PLACEMENT_3D ( 'NONE', #431, #9244, #5195 ) ;
#5720 = SURFACE_SIDE_STYLE ('',( #10666 ) ) ;
#5721 = PRESENTATION_STYLE_ASSIGNMENT (( #10609 ) ) ;
#5722 = ORIENTED_EDGE ( 'NONE', *, *, #1390, .F. ) ;
#5723 = CARTESIAN_POINT ( 'NONE',  ( 18.09999973297100340, 1.270000000000000018, 0.9499999999999999556 ) ) ;
#5724 = DIRECTION ( 'NONE',  ( 0.0000000000000000000, -1.000000000000000000, -0.0000000000000000000 ) ) ;
#5725 = PRESENTATION_STYLE_ASSIGNMENT (( #11503 ) ) ;
#5726 = ORIENTED_EDGE ( 'NONE', *, *, #8317, .F. ) ;
#5727 = FILL_AREA_STYLE_COLOUR ( '', #154 ) ;
#5728 = MECHANICAL_DESIGN_GEOMETRIC_PRESENTATION_REPRESENTATION (  '', ( #11467 ), #12467 ) ;
#5729 = DIRECTION ( 'NONE',  ( 0.0000000000000000000, 0.0000000000000000000, 1.000000000000000000 ) ) ;
#5730 = EDGE_CURVE ( 'NONE', #335, #11286, #5331, .T. ) ;
#5731 = ORIENTED_EDGE ( 'NONE', *, *, #8716, .T. ) ;
#5732 = DIRECTION ( 'NONE',  ( 0.0000000000000000000, 1.618928404167999991E-15, -1.000000000000000000 ) ) ;
#5733 = CARTESIAN_POINT ( 'NONE',  ( 17.89999972999099853, 9.810000000000002274, 1.150000002979999936 ) ) ;
#5734 = CARTESIAN_POINT ( 'NONE',  ( 7.739999882579000179, 9.810000000000000497, 1.150000002979999936 ) ) ;
#5735 = PRESENTATION_LAYER_ASSIGNMENT (  '', '', ( #3118 ) ) ;
#5736 = VECTOR ( 'NONE', #10189, 1000.000000000000000 ) ;
#5737 = EDGE_CURVE ( 'NONE', #12416, #11914, #4305, .T. ) ;
#5738 = FACE_OUTER_BOUND ( 'NONE', #1858, .T. ) ;
#5739 = CARTESIAN_POINT ( 'NONE',  ( 10.47999984741199953, 9.609999997019999185, 1.590000000000000080 ) ) ;
#5740 = FILL_AREA_STYLE_COLOUR ( '', #6971 ) ;
#5741 =( LENGTH_UNIT ( ) NAMED_UNIT ( * ) SI_UNIT ( .MILLI., .METRE. ) );
#5742 = ORIENTED_EDGE ( 'NONE', *, *, #11250, .T. ) ;
#5743 = DIRECTION ( 'NONE',  ( 0.0000000000000000000, -0.7071067811865475727, -0.7071067811865475727 ) ) ;
#5744 = CARTESIAN_POINT ( 'NONE',  ( 15.55999977111799915, 1.820000011921000471, 1.589999999999999414 ) ) ;
#5745 = FILL_AREA_STYLE_COLOUR ( '', #3693 ) ;
#5746 =( NAMED_UNIT ( * ) SI_UNIT ( $, .STERADIAN. ) SOLID_ANGLE_UNIT ( ) );
#5747 = DIRECTION ( 'NONE',  ( 0.0000000000000000000, 1.000000000000000000, 1.332267629549999902E-15 ) ) ;
#5748 = FACE_OUTER_BOUND ( 'NONE', #7811, .T. ) ;
#5749 = DIRECTION ( 'NONE',  ( -0.0000000000000000000, 1.000000000000000000, 0.0000000000000000000 ) ) ;
#5751 = EDGE_LOOP ( 'NONE', ( #7155, #8576, #9626, #1914 ) ) ;
#5750 = EDGE_CURVE ( 'NONE', #10903, #10813, #5384, .T. ) ;
#5752 = VECTOR ( 'NONE', #2592, 1000.000000000000000 ) ;
#5753 = ORIENTED_EDGE ( 'NONE', *, *, #1143, .T. ) ;
#5754 = VERTEX_POINT ( 'NONE', #448 ) ;
#5755 = PRESENTATION_STYLE_ASSIGNMENT (( #5830 ) ) ;
#5756 = EDGE_LOOP ( 'NONE', ( #9976, #6461, #11404, #11003 ) ) ;
#5757 = ADVANCED_FACE ( 'NONE', ( #11361 ), #626, .T. ) ;
#5758 = CARTESIAN_POINT ( 'NONE',  ( -0.1199999970200002208, 9.810000000000000497, 1.389999997019999878 ) ) ;
#5759 = LINE ( 'NONE', #6618, #8313 ) ;
#5760 = EDGE_CURVE ( 'NONE', #4083, #3864, #1394, .T. ) ;
#5761 = PLANE ( 'NONE',  #10315 ) ;
#5762 = DIRECTION ( 'NONE',  ( -1.000000000000000000, 0.0000000000000000000, -0.0000000000000000000 ) ) ;
#5763 = FILL_AREA_STYLE ('',( #1892 ) ) ;
#5764 = SURFACE_STYLE_FILL_AREA ( #6990 ) ;
#5765 = FILL_AREA_STYLE_COLOUR ( '', #7728 ) ;
#5766 = DIRECTION ( 'NONE',  ( -1.000000000000000000, -0.0000000000000000000, 0.0000000000000000000 ) ) ;
#5767 = EDGE_CURVE ( 'NONE', #7306, #3212, #8355, .T. ) ;
#5768 = ORIENTED_EDGE ( 'NONE', *, *, #9638, .T. ) ;
#5769 = SURFACE_SIDE_STYLE ('',( #10715 ) ) ;
#5770 = ORIENTED_EDGE ( 'NONE', *, *, #921, .T. ) ;
#5771 = DIRECTION ( 'NONE',  ( 6.670117000593702191E-16, -1.000000000000000000, -6.670117000593702191E-16 ) ) ;
#5772 = ORIENTED_EDGE ( 'NONE', *, *, #5129, .T. ) ;
#5773 = COLOUR_RGB ( '',1.000000000000000000, 1.000000000000000000, 0.4980392156862745168 ) ;
#5774 = FILL_AREA_STYLE ('',( #11554 ) ) ;
#5775 = VERTEX_POINT ( 'NONE', #8474 ) ;
#5776 = PLANE ( 'NONE',  #245 ) ;
#5777 = COLOUR_RGB ( '',0.09411764705882352811, 0.09411764705882352811, 0.09411764705882352811 ) ;
#5778 = LINE ( 'NONE', #1014, #8511 ) ;
#5779 = UNCERTAINTY_MEASURE_WITH_UNIT (LENGTH_MEASURE( 1.000000000000000082E-05 ), #10710, 'distance_accuracy_value', 'NONE');
#5780 = FACE_OUTER_BOUND ( 'NONE', #8625, .T. ) ;
#5781 = VECTOR ( 'NONE', #5338, 1000.000000000000000 ) ;
#5782 = COLOUR_RGB ( '',1.000000000000000000, 1.000000000000000000, 0.4980392156862745168 ) ;
#5783 = ORIENTED_EDGE ( 'NONE', *, *, #10367, .T. ) ;
#5784 = SURFACE_STYLE_USAGE ( .BOTH. , #3818 ) ;
#5785 =( LENGTH_UNIT ( ) NAMED_UNIT ( * ) SI_UNIT ( .MILLI., .METRE. ) );
#5786 = UNCERTAINTY_MEASURE_WITH_UNIT (LENGTH_MEASURE( 1.000000000000000082E-05 ), #5996, 'distance_accuracy_value', 'NONE');
#5787 = VERTEX_POINT ( 'NONE', #12359 ) ;
#5788 = SURFACE_STYLE_FILL_AREA ( #7655 ) ;
#5789 = EDGE_LOOP ( 'NONE', ( #9091, #423, #5599, #3300, #11748 ) ) ;
#5790 = SURFACE_STYLE_FILL_AREA ( #4724 ) ;
#5791 = MECHANICAL_DESIGN_GEOMETRIC_PRESENTATION_REPRESENTATION (  '', ( #3367 ), #2760 ) ;
#5792 = DIRECTION ( 'NONE',  ( 0.0000000000000000000, -0.7071067811865475727, 0.7071067811865475727 ) ) ;
#5793 = COLOUR_RGB ( '',1.000000000000000000, 1.000000000000000000, 0.4980392156862745168 ) ;
#5794 = SURFACE_SIDE_STYLE ('',( #6719 ) ) ;
#5795 = MECHANICAL_DESIGN_GEOMETRIC_PRESENTATION_REPRESENTATION (  '', ( #4169 ), #9512 ) ;
#5796 =( NAMED_UNIT ( * ) PLANE_ANGLE_UNIT ( ) SI_UNIT ( $, .RADIAN. ) );
#5797 = MECHANICAL_DESIGN_GEOMETRIC_PRESENTATION_REPRESENTATION (  '', ( #11332 ), #11745 ) ;
#5798 = AXIS2_PLACEMENT_3D ( 'NONE', #455, #11102, #5052 ) ;
#5799 = PRESENTATION_STYLE_ASSIGNMENT (( #10619 ) ) ;
#5800 = EDGE_CURVE ( 'NONE', #2965, #6525, #8218, .T. ) ;
#5801 = EDGE_CURVE ( 'NONE', #4901, #8238, #10403, .T. ) ;
#5802 =( LENGTH_UNIT ( ) NAMED_UNIT ( * ) SI_UNIT ( .MILLI., .METRE. ) );
#5803 =( LENGTH_UNIT ( ) NAMED_UNIT ( * ) SI_UNIT ( .MILLI., .METRE. ) );
#5804 = PRESENTATION_STYLE_ASSIGNMENT (( #7725 ) ) ;
#5805 = FACE_OUTER_BOUND ( 'NONE', #1272, .T. ) ;
#5806 = STYLED_ITEM ( 'NONE', ( #6895 ), #12303 ) ;
#5807 = CLOSED_SHELL ( 'NONE', ( #10677, #2473, #8606, #4618, #23, #5107, #2187, #2985, #12607, #11155, #5460, #12498, #9975, #10704, #5239, #8628, #8835, #4424 ) ) ;
#5808 = ORIENTED_EDGE ( 'NONE', *, *, #7408, .F. ) ;
#5809 = ORIENTED_EDGE ( 'NONE', *, *, #12401, .T. ) ;
#5810 =( GEOMETRIC_REPRESENTATION_CONTEXT ( 3 ) GLOBAL_UNCERTAINTY_ASSIGNED_CONTEXT ( ( #9785 ) ) GLOBAL_UNIT_ASSIGNED_CONTEXT ( ( #2708, #9672, #1930 ) ) REPRESENTATION_CONTEXT ( 'NONE', 'WORKASPACE' ) );
#5811 =( NAMED_UNIT ( * ) PLANE_ANGLE_UNIT ( ) SI_UNIT ( $, .RADIAN. ) );
#5812 =( LENGTH_UNIT ( ) NAMED_UNIT ( * ) SI_UNIT ( .MILLI., .METRE. ) );
#5813 = CARTESIAN_POINT ( 'NONE',  ( 2.859999961853000539, 9.609999997020000961, 1.590000000000000302 ) ) ;
#5814 = SURFACE_SIDE_STYLE ('',( #12599 ) ) ;
#5815 = MECHANICAL_DESIGN_GEOMETRIC_PRESENTATION_REPRESENTATION (  '', ( #944 ), #2380 ) ;
#5816 = VECTOR ( 'NONE', #5540, 1000.000000000000000 ) ;
#5817 = FACE_OUTER_BOUND ( 'NONE', #7368, .T. ) ;
#5818 = PRESENTATION_LAYER_ASSIGNMENT (  '', '', ( #5629 ) ) ;
#5819 = AXIS2_PLACEMENT_3D ( 'NONE', #3413, #10199, #10385 ) ;
#5820 = MECHANICAL_DESIGN_GEOMETRIC_PRESENTATION_REPRESENTATION (  '', ( #354 ), #8077 ) ;
#5821 = VECTOR ( 'NONE', #6935, 1000.000000000000000 ) ;
#5822 = PLANE ( 'NONE',  #7253 ) ;
#5823 = DIRECTION ( 'NONE',  ( 0.0000000000000000000, -0.7071067811865475727, -0.7071067811865475727 ) ) ;
#5824 = CARTESIAN_POINT ( 'NONE',  ( 16.50999977111800021, 1.520000000000000018, 0.3250000119209999760 ) ) ;
#5825 = EDGE_LOOP ( 'NONE', ( #3989, #11693, #6363, #9605 ) ) ;
#5826 = FILL_AREA_STYLE_COLOUR ( '', #3559 ) ;
#5827 = EDGE_LOOP ( 'NONE', ( #1998, #7111, #1215, #2477 ) ) ;
#5828 = AXIS2_PLACEMENT_3D ( 'NONE', #6019, #6803, #7744 ) ;
#5829 = EDGE_LOOP ( 'NONE', ( #8867, #7, #924, #7184 ) ) ;
#5830 = SURFACE_STYLE_USAGE ( .BOTH. , #7615 ) ;
#5831 = VERTEX_POINT ( 'NONE', #4441 ) ;
#5832 = PRESENTATION_LAYER_ASSIGNMENT (  '', '', ( #2585 ) ) ;
#5833 = VECTOR ( 'NONE', #752, 1000.000000000000000 ) ;
#5834 = DIRECTION ( 'NONE',  ( 0.0000000000000000000, -0.0000000000000000000, -1.000000000000000000 ) ) ;
#5835 = SURFACE_STYLE_USAGE ( .BOTH. , #1944 ) ;
#5836 = LINE ( 'NONE', #7930, #12006 ) ;
#5837 = SURFACE_STYLE_USAGE ( .BOTH. , #7878 ) ;
#5838 = DIRECTION ( 'NONE',  ( 0.0000000000000000000, 0.7071067811865474617, 0.7071067811865474617 ) ) ;
#5839 =( GEOMETRIC_REPRESENTATION_CONTEXT ( 3 ) GLOBAL_UNCERTAINTY_ASSIGNED_CONTEXT ( ( #2876 ) ) GLOBAL_UNIT_ASSIGNED_CONTEXT ( ( #586, #11185, #10360 ) ) REPRESENTATION_CONTEXT ( 'NONE', 'WORKASPACE' ) );
#5840 =( LENGTH_UNIT ( ) NAMED_UNIT ( * ) SI_UNIT ( .MILLI., .METRE. ) );
#5841 = LINE ( 'NONE', #6687, #6833 ) ;
#5842 = CARTESIAN_POINT ( 'NONE',  ( 13.01999980926500200, 9.609999997020000961, 0.9499999999999992895 ) ) ;
#5843 = SURFACE_SIDE_STYLE ('',( #7807 ) ) ;
#5844 = MECHANICAL_DESIGN_GEOMETRIC_PRESENTATION_REPRESENTATION (  '', ( #10566 ), #12381 ) ;
#5845 =( NAMED_UNIT ( * ) SI_UNIT ( $, .STERADIAN. ) SOLID_ANGLE_UNIT ( ) );
#5846 = ADVANCED_FACE ( 'NONE', ( #12234 ), #4559, .F. ) ;
#5847 = PLANE ( 'NONE',  #2654 ) ;
#5848 =( NAMED_UNIT ( * ) PLANE_ANGLE_UNIT ( ) SI_UNIT ( $, .RADIAN. ) );
#5849 = VECTOR ( 'NONE', #12364, 1000.000000000000000 ) ;
#5850 = ORIENTED_EDGE ( 'NONE', *, *, #1322, .F. ) ;
#5851 = EDGE_CURVE ( 'NONE', #1264, #5307, #10586, .T. ) ;
#5852 = MECHANICAL_DESIGN_GEOMETRIC_PRESENTATION_REPRESENTATION (  '', ( #6874 ), #3805 ) ;
#5853 = ORIENTED_EDGE ( 'NONE', *, *, #8235, .T. ) ;
#5854 = ADVANCED_FACE ( 'NONE', ( #11478 ), #9760, .T. ) ;
#5855 = CARTESIAN_POINT ( 'NONE',  ( 1.269999961852937620, 1.820000011921000693, 0.3250000119209377480 ) ) ;
#5856 = ORIENTED_EDGE ( 'NONE', *, *, #9757, .T. ) ;
#5857 =( NAMED_UNIT ( * ) SI_UNIT ( $, .STERADIAN. ) SOLID_ANGLE_UNIT ( ) );
#5858 = STYLED_ITEM ( 'NONE', ( #11087 ), #8444 ) ;
#5859 = COLOUR_RGB ( '',0.09411764705882352811, 0.09411764705882352811, 0.09411764705882352811 ) ;
#5860 = SURFACE_STYLE_FILL_AREA ( #1076 ) ;
#5861 = ORIENTED_EDGE ( 'NONE', *, *, #527, .F. ) ;
#5862 = AXIS2_PLACEMENT_3D ( 'NONE', #3653, #11508, #1918 ) ;
#5863 = DIRECTION ( 'NONE',  ( -1.000000000000000000, 0.0000000000000000000, 0.0000000000000000000 ) ) ;
#5864 = COLOUR_RGB ( '',1.000000000000000000, 1.000000000000000000, 0.4980392156862745168 ) ;
#5865 = DIRECTION ( 'NONE',  ( 0.0000000000000000000, 1.554312234475000050E-15, -1.000000000000000000 ) ) ;
#5866 = EDGE_LOOP ( 'NONE', ( #9356, #7156, #3242, #1514 ) ) ;
#5867 = DIRECTION ( 'NONE',  ( 0.0000000000000000000, -0.0000000000000000000, 1.000000000000000000 ) ) ;
#5868 = PLANE ( 'NONE',  #4990 ) ;
#5869 = CARTESIAN_POINT ( 'NONE',  ( 13.01999980926500200, 1.820000011921000027, 2.214999988079000115 ) ) ;
#5870 =( LENGTH_UNIT ( ) NAMED_UNIT ( * ) SI_UNIT ( .MILLI., .METRE. ) );
#5871 = LINE ( 'NONE', #8704, #1992 ) ;
#5872 = VECTOR ( 'NONE', #4736, 1000.000000000000000 ) ;
#5873 = DIRECTION ( 'NONE',  ( 0.0000000000000000000, -1.332267629549999902E-15, 1.000000000000000000 ) ) ;
#5874 = ORIENTED_EDGE ( 'NONE', *, *, #6824, .F. ) ;
#5875 = SURFACE_SIDE_STYLE ('',( #4975 ) ) ;
#5876 = EDGE_LOOP ( 'NONE', ( #7605, #11830, #9738, #6741 ) ) ;
#5877 =( NAMED_UNIT ( * ) SI_UNIT ( $, .STERADIAN. ) SOLID_ANGLE_UNIT ( ) );
#5878 = PRESENTATION_STYLE_ASSIGNMENT (( #3842 ) ) ;
#5879 = EDGE_CURVE ( 'NONE', #1943, #2442, #11340, .T. ) ;
#5880 = SURFACE_STYLE_USAGE ( .BOTH. , #6906 ) ;
#5881 = LINE ( 'NONE', #8582, #543 ) ;
#5882 =( NAMED_UNIT ( * ) PLANE_ANGLE_UNIT ( ) SI_UNIT ( $, .RADIAN. ) );
#5883 =( NAMED_UNIT ( * ) SI_UNIT ( $, .STERADIAN. ) SOLID_ANGLE_UNIT ( ) );
#5884 = FILL_AREA_STYLE_COLOUR ( '', #4795 ) ;
#5885 = VERTEX_POINT ( 'NONE', #1704 ) ;
#5886 = UNCERTAINTY_MEASURE_WITH_UNIT (LENGTH_MEASURE( 1.000000000000000082E-05 ), #9280, 'distance_accuracy_value', 'NONE');
#5887 = PLANE ( 'NONE',  #9898 ) ;
#5888 = EDGE_LOOP ( 'NONE', ( #3952, #2636, #10300, #10130 ) ) ;
#5889 = ORIENTED_EDGE ( 'NONE', *, *, #3386, .T. ) ;
#5890 = DIRECTION ( 'NONE',  ( 0.0000000000000000000, 0.0000000000000000000, 1.000000000000000000 ) ) ;
#5891 = EDGE_LOOP ( 'NONE', ( #3332, #188, #7475, #8667 ) ) ;
#5892 = LINE ( 'NONE', #190, #3182 ) ;
#5893 = LINE ( 'NONE', #9682, #10716 ) ;
#5894 = EDGE_CURVE ( 'NONE', #5665, #1796, #6615, .T. ) ;
#5895 = CARTESIAN_POINT ( 'NONE',  ( 14.26999978303900107, 1.520000000000000018, 0.02500000000000000139 ) ) ;
#5896 = CARTESIAN_POINT ( 'NONE',  ( 7.939999885559000603, 9.609999997019999185, 1.590000000000000302 ) ) ;
#5897 = STYLED_ITEM ( 'NONE', ( #12094 ), #2241 ) ;
#5898 = DIRECTION ( 'NONE',  ( 0.0000000000000000000, -0.0000000000000000000, -1.000000000000000000 ) ) ;
#5899 = FILL_AREA_STYLE_COLOUR ( '', #11517 ) ;
#5900 = VERTEX_POINT ( 'NONE', #7689 ) ;
#5901 = PLANE ( 'NONE',  #4939 ) ;
#5902 = STYLED_ITEM ( 'NONE', ( #11694 ), #6875 ) ;
#5903 = ORIENTED_EDGE ( 'NONE', *, *, #4415, .F. ) ;
#5904 = LINE ( 'NONE', #9063, #11346 ) ;
#5905 = ORIENTED_EDGE ( 'NONE', *, *, #3209, .T. ) ;
#5906 = STYLED_ITEM ( 'NONE', ( #6190 ), #2473 ) ;
#5907 = CARTESIAN_POINT ( 'NONE',  ( 12.37999980926499966, 1.820000011921001137, 0.9499999999999991784 ) ) ;
#5908 = FILL_AREA_STYLE ('',( #2035 ) ) ;
#5909 = LINE ( 'NONE', #2036, #8299 ) ;
#5910 = VECTOR ( 'NONE', #12517, 1000.000000000000000 ) ;
#5911 = SURFACE_STYLE_USAGE ( .BOTH. , #5720 ) ;
#5912 = STYLED_ITEM ( 'NONE', ( #10743 ), #2985 ) ;
#5913 = ORIENTED_EDGE ( 'NONE', *, *, #4554, .F. ) ;
#5914 = CARTESIAN_POINT ( 'NONE',  ( 2.859999961853000094, 1.270000000000000018, -4.440892098500999885E-16 ) ) ;
#5915 = CARTESIAN_POINT ( 'NONE',  ( 0.3200000000000002287, 9.609999997020000961, 0.9499999999999992895 ) ) ;
#5916 = UNCERTAINTY_MEASURE_WITH_UNIT (LENGTH_MEASURE( 1.000000000000000082E-05 ), #296, 'distance_accuracy_value', 'NONE');
#5917 = FILL_AREA_STYLE ('',( #10735 ) ) ;
#5918 = VERTEX_POINT ( 'NONE', #2854 ) ;
#5919 = PLANE ( 'NONE',  #8092 ) ;
#5920 = LINE ( 'NONE', #9850, #5584 ) ;
#5921 = SURFACE_SIDE_STYLE ('',( #1024 ) ) ;
#5922 = LINE ( 'NONE', #5869, #3777 ) ;
#5923 = EDGE_CURVE ( 'NONE', #2546, #5754, #10642, .T. ) ;
#5924 = LINE ( 'NONE', #8894, #5116 ) ;
#5925 = SURFACE_SIDE_STYLE ('',( #153 ) ) ;
#5926 =( NAMED_UNIT ( * ) PLANE_ANGLE_UNIT ( ) SI_UNIT ( $, .RADIAN. ) );
#5927 = FILL_AREA_STYLE ('',( #12459 ) ) ;
#5928 = FACE_OUTER_BOUND ( 'NONE', #4819, .T. ) ;
#5929 = CARTESIAN_POINT ( 'NONE',  ( 7.939999885558998827, 3.809999961852999828, 0.9499999999999999556 ) ) ;
#5930 = EDGE_CURVE ( 'NONE', #5171, #8140, #998, .T. ) ;
#5931 = ORIENTED_EDGE ( 'NONE', *, *, #3477, .F. ) ;
#5932 = SURFACE_STYLE_USAGE ( .BOTH. , #3666 ) ;
#5933 = VERTEX_POINT ( 'NONE', #9509 ) ;
#5934 = VECTOR ( 'NONE', #10109, 1000.000000000000000 ) ;
#5935 = FILL_AREA_STYLE_COLOUR ( '', #10596 ) ;
#5936 = VECTOR ( 'NONE', #6197, 1000.000000000000000 ) ;
#5937 = FILL_AREA_STYLE ('',( #7856 ) ) ;
#5938 = CARTESIAN_POINT ( 'NONE',  ( 7.939999885558998827, -0.3200000000000000067, -3.000000000000000000 ) ) ;
#5939 = DIRECTION ( 'NONE',  ( 0.7071067811865474617, 0.0000000000000000000, -0.7071067811865474617 ) ) ;
#5940 = SURFACE_SIDE_STYLE ('',( #9867 ) ) ;
#5941 = DIRECTION ( 'NONE',  ( 0.0000000000000000000, -1.000000000000000000, -1.332267629549999902E-15 ) ) ;
#5942 = ORIENTED_EDGE ( 'NONE', *, *, #6790, .T. ) ;
#5943 = AXIS2_PLACEMENT_3D ( 'NONE', #10858, #143, #11047 ) ;
#5944 = ORIENTED_EDGE ( 'NONE', *, *, #5043, .F. ) ;
#5945 = EDGE_LOOP ( 'NONE', ( #12151, #11785, #2277, #7277 ) ) ;
#5946 = PLANE ( 'NONE',  #1366 ) ;
#5947 = ORIENTED_EDGE ( 'NONE', *, *, #12565, .F. ) ;
#5948 = SURFACE_STYLE_FILL_AREA ( #246 ) ;
#5949 = LINE ( 'NONE', #9873, #7033 ) ;
#5950 = CARTESIAN_POINT ( 'NONE',  ( 6.349999885558999857, 1.820000011921000027, 2.515000000000000124 ) ) ;
#5951 =( NAMED_UNIT ( * ) PLANE_ANGLE_UNIT ( ) SI_UNIT ( $, .RADIAN. ) );
#5952 = EDGE_CURVE ( 'NONE', #3725, #10714, #750, .T. ) ;
#5953 =( NAMED_UNIT ( * ) PLANE_ANGLE_UNIT ( ) SI_UNIT ( $, .RADIAN. ) );
#5954 = SURFACE_STYLE_USAGE ( .BOTH. , #1119 ) ;
#5955 = DIRECTION ( 'NONE',  ( -0.7071067811865474617, 0.0000000000000000000, -0.7071067811865474617 ) ) ;
#5956 = EDGE_CURVE ( 'NONE', #7956, #10342, #12420, .T. ) ;
#5957 = EDGE_LOOP ( 'NONE', ( #12432, #2561, #4949, #6500, #7066 ) ) ;
#5958 =( NAMED_UNIT ( * ) PLANE_ANGLE_UNIT ( ) SI_UNIT ( $, .RADIAN. ) );
#5959 = VERTEX_POINT ( 'NONE', #10962 ) ;
#5960 = DIRECTION ( 'NONE',  ( 0.0000000000000000000, 0.0000000000000000000, 1.000000000000000000 ) ) ;
#5961 = ORIENTED_EDGE ( 'NONE', *, *, #3792, .F. ) ;
#5962 = CARTESIAN_POINT ( 'NONE',  ( 19.04999973297099913, 1.820000011921000027, 0.02500000000000000139 ) ) ;
#5963 = ORIENTED_EDGE ( 'NONE', *, *, #8664, .F. ) ;
#5964 = LINE ( 'NONE', #9969, #5110 ) ;
#5965 = CARTESIAN_POINT ( 'NONE',  ( 0.3200000000000000067, -0.3200000000000000067, -3.000000000000000000 ) ) ;
#5966 = EDGE_CURVE ( 'NONE', #1264, #6164, #2127, .T. ) ;
#5967 = ADVANCED_FACE ( 'NONE', ( #9051 ), #3099, .F. ) ;
#5968 =( LENGTH_UNIT ( ) NAMED_UNIT ( * ) SI_UNIT ( .MILLI., .METRE. ) );
#5969 = VERTEX_POINT ( 'NONE', #5002 ) ;
#5970 = CARTESIAN_POINT ( 'NONE',  ( 5.399999923705999905, 1.270000000000000018, -4.440892098500999885E-16 ) ) ;
#5971 = EDGE_CURVE ( 'NONE', #63, #12065, #5075, .T. ) ;
#5972 = FILL_AREA_STYLE ('',( #4958 ) ) ;
#5973 =( NAMED_UNIT ( * ) SI_UNIT ( $, .STERADIAN. ) SOLID_ANGLE_UNIT ( ) );
#5974 = ORIENTED_EDGE ( 'NONE', *, *, #5390, .F. ) ;
#5975 =( LENGTH_UNIT ( ) NAMED_UNIT ( * ) SI_UNIT ( .MILLI., .METRE. ) );
#5976 = CARTESIAN_POINT ( 'NONE',  ( 17.45999973297099928, 1.270000000000000018, -4.440892098500999885E-16 ) ) ;
#5977 = CARTESIAN_POINT ( 'NONE',  ( 7.299999885559000035, 9.810000000000000497, 0.9499999999999999556 ) ) ;
#5978 = DIRECTION ( 'NONE',  ( 0.0000000000000000000, 0.0000000000000000000, 1.000000000000000000 ) ) ;
#5979 = AXIS2_PLACEMENT_3D ( 'NONE', #2352, #5282, #397 ) ;
#5980 = DIRECTION ( 'NONE',  ( -1.000000000000000000, 0.0000000000000000000, -0.0000000000000000000 ) ) ;
#5981 = CARTESIAN_POINT ( 'NONE',  ( 11.42999980926500037, 3.809999961852999828, 0.02500000000000000139 ) ) ;
#5982 = SURFACE_SIDE_STYLE ('',( #11000 ) ) ;
#5983 = LINE ( 'NONE', #5929, #1972 ) ;
#5984 = ORIENTED_EDGE ( 'NONE', *, *, #8204, .F. ) ;
#5985 = SURFACE_SIDE_STYLE ('',( #414 ) ) ;
#5986 = ORIENTED_EDGE ( 'NONE', *, *, #12313, .F. ) ;
#5987 = CARTESIAN_POINT ( 'NONE',  ( 9.039999853372998828, 3.809999961853000716, 2.364999994040001940 ) ) ;
#5988 = EDGE_CURVE ( 'NONE', #1881, #5535, #8065, .T. ) ;
#5989 = STYLED_ITEM ( 'NONE', ( #3438 ), #4802 ) ;
#5990 = SURFACE_STYLE_FILL_AREA ( #990 ) ;
#5991 = COLOUR_RGB ( '',0.09411764705882352811, 0.09411764705882352811, 0.09411764705882352811 ) ;
#5992 = AXIS2_PLACEMENT_3D ( 'NONE', #7377, #9385, #9264 ) ;
#5993 = COLOUR_RGB ( '',0.09411764705882352811, 0.09411764705882352811, 0.09411764705882352811 ) ;
#5994 =( LENGTH_UNIT ( ) NAMED_UNIT ( * ) SI_UNIT ( .MILLI., .METRE. ) );
#5995 =( LENGTH_UNIT ( ) NAMED_UNIT ( * ) SI_UNIT ( .MILLI., .METRE. ) );
#5996 =( LENGTH_UNIT ( ) NAMED_UNIT ( * ) SI_UNIT ( .MILLI., .METRE. ) );
#5997 = COLOUR_RGB ( '',1.000000000000000000, 1.000000000000000000, 0.4980392156862745168 ) ;
#5998 = MECHANICAL_DESIGN_GEOMETRIC_PRESENTATION_REPRESENTATION (  '', ( #8659 ), #10324 ) ;
#5999 = VECTOR ( 'NONE', #4381, 1000.000000000000000 ) ;
#6000 = CARTESIAN_POINT ( 'NONE',  ( 9.189999859332999677, 1.520000000000000018, 2.515000000000000124 ) ) ;
#6001 =( GEOMETRIC_REPRESENTATION_CONTEXT ( 3 ) GLOBAL_UNCERTAINTY_ASSIGNED_CONTEXT ( ( #1197 ) ) GLOBAL_UNIT_ASSIGNED_CONTEXT ( ( #2998, #1907, #135 ) ) REPRESENTATION_CONTEXT ( 'NONE', 'WORKASPACE' ) );
#6002 = PRESENTATION_LAYER_ASSIGNMENT (  '', '', ( #2371 ) ) ;
#6003 = DIRECTION ( 'NONE',  ( 0.0000000000000000000, -0.0000000000000000000, -1.000000000000000000 ) ) ;
#6004 = UNCERTAINTY_MEASURE_WITH_UNIT (LENGTH_MEASURE( 1.000000000000000082E-05 ), #4461, 'distance_accuracy_value', 'NONE');
#6005 =( LENGTH_UNIT ( ) NAMED_UNIT ( * ) SI_UNIT ( .MILLI., .METRE. ) );
#6006 = VECTOR ( 'NONE', #6380, 1000.000000000000000 ) ;
#6007 = ORIENTED_EDGE ( 'NONE', *, *, #4269, .F. ) ;
#6008 = EDGE_LOOP ( 'NONE', ( #3211, #2814, #12325, #10215 ) ) ;
#6009 = LINE ( 'NONE', #6917, #8711 ) ;
#6010 = ORIENTED_EDGE ( 'NONE', *, *, #1693, .T. ) ;
#6011 =( LENGTH_UNIT ( ) NAMED_UNIT ( * ) SI_UNIT ( .MILLI., .METRE. ) );
#6012 = MECHANICAL_DESIGN_GEOMETRIC_PRESENTATION_REPRESENTATION (  '', ( #11940 ), #1144 ) ;
#6013 = CARTESIAN_POINT ( 'NONE',  ( 1.569999973774000024, 1.520000000000000018, 0.02500000000000000139 ) ) ;
#6014 = CARTESIAN_POINT ( 'NONE',  ( 12.37999980926499966, 1.820000011921000693, 1.589999999999999414 ) ) ;
#6015 = DIRECTION ( 'NONE',  ( -0.7071067811865474617, 0.0000000000000000000, -0.7071067811865474617 ) ) ;
#6016 = COLOUR_RGB ( '',1.000000000000000000, 1.000000000000000000, 0.4980392156862745168 ) ;
#6017 = UNCERTAINTY_MEASURE_WITH_UNIT (LENGTH_MEASURE( 1.000000000000000082E-05 ), #7515, 'distance_accuracy_value', 'NONE');
#6018 =( GEOMETRIC_REPRESENTATION_CONTEXT ( 3 ) GLOBAL_UNCERTAINTY_ASSIGNED_CONTEXT ( ( #8134 ) ) GLOBAL_UNIT_ASSIGNED_CONTEXT ( ( #7369, #6499, #4302 ) ) REPRESENTATION_CONTEXT ( 'NONE', 'WORKASPACE' ) );
#6019 = CARTESIAN_POINT ( 'NONE',  ( 0.0000000000000000000, 0.0000000000000000000, 0.0000000000000000000 ) ) ;
#6020 = EDGE_CURVE ( 'NONE', #9032, #3040, #10853, .T. ) ;
#6021 = SURFACE_STYLE_USAGE ( .BOTH. , #2134 ) ;
#6022 = PRESENTATION_STYLE_ASSIGNMENT (( #11799 ) ) ;
#6023 = COLOUR_RGB ( '',1.000000000000000000, 1.000000000000000000, 0.4980392156862745168 ) ;
#6024 = ORIENTED_EDGE ( 'NONE', *, *, #12516, .F. ) ;
#6025 = COLOUR_RGB ( '',1.000000000000000000, 1.000000000000000000, 0.4980392156862745168 ) ;
#6026 = MECHANICAL_DESIGN_GEOMETRIC_PRESENTATION_REPRESENTATION (  '', ( #7473 ), #4001 ) ;
#6027 = ORIENTED_EDGE ( 'NONE', *, *, #4719, .F. ) ;
#6028 = STYLED_ITEM ( 'NONE', ( #4162 ), #7747 ) ;
#6029 = DIRECTION ( 'NONE',  ( 1.000000000000000000, 0.0000000000000000000, -0.0000000000000000000 ) ) ;
#6030 = ORIENTED_EDGE ( 'NONE', *, *, #6139, .F. ) ;
#6031 = PLANE ( 'NONE',  #10304 ) ;
#6032 = ORIENTED_EDGE ( 'NONE', *, *, #10291, .F. ) ;
#6033 = LINE ( 'NONE', #4950, #7750 ) ;
#6034 = FILL_AREA_STYLE ('',( #8949 ) ) ;
#6035 =( NAMED_UNIT ( * ) SI_UNIT ( $, .STERADIAN. ) SOLID_ANGLE_UNIT ( ) );
#6036 = PRESENTATION_LAYER_ASSIGNMENT (  '', '', ( #2391 ) ) ;
#6037 = COLOUR_RGB ( '',0.09411764705882352811, 0.09411764705882352811, 0.09411764705882352811 ) ;
#6038 = EDGE_CURVE ( 'NONE', #3125, #4998, #8989, .T. ) ;
#6039 = PRESENTATION_LAYER_ASSIGNMENT (  '', '', ( #772 ) ) ;
#6040 = VECTOR ( 'NONE', #1771, 1000.000000000000000 ) ;
#6041 =( NAMED_UNIT ( * ) PLANE_ANGLE_UNIT ( ) SI_UNIT ( $, .RADIAN. ) );
#6042 = FILL_AREA_STYLE ('',( #325 ) ) ;
#6043 = MECHANICAL_DESIGN_GEOMETRIC_PRESENTATION_REPRESENTATION (  '', ( #6266 ), #7887 ) ;
#6044 = LINE ( 'NONE', #1214, #734 ) ;
#6045 = EDGE_LOOP ( 'NONE', ( #257, #10597, #12040, #9924 ) ) ;
#6046 = SURFACE_SIDE_STYLE ('',( #2162 ) ) ;
#6047 = PLANE ( 'NONE',  #11887 ) ;
#6048 = UNCERTAINTY_MEASURE_WITH_UNIT (LENGTH_MEASURE( 1.000000000000000082E-05 ), #1663, 'distance_accuracy_value', 'NONE');
#6049 = UNCERTAINTY_MEASURE_WITH_UNIT (LENGTH_MEASURE( 1.000000000000000082E-05 ), #316, 'distance_accuracy_value', 'NONE');
#6050 = SURFACE_STYLE_USAGE ( .BOTH. , #9080 ) ;
#6051 = ORIENTED_EDGE ( 'NONE', *, *, #1962, .T. ) ;
#6052 = SURFACE_STYLE_FILL_AREA ( #4139 ) ;
#6053 = AXIS2_PLACEMENT_3D ( 'NONE', #478, #3277, #9225 ) ;
#6054 = LINE ( 'NONE', #9907, #7207 ) ;
#6055 = CARTESIAN_POINT ( 'NONE',  ( 0.3200000000000000067, 3.809999961852999828, 0.9499999999999999556 ) ) ;
#6056 =( GEOMETRIC_REPRESENTATION_CONTEXT ( 3 ) GLOBAL_UNCERTAINTY_ASSIGNED_CONTEXT ( ( #1617 ) ) GLOBAL_UNIT_ASSIGNED_CONTEXT ( ( #10141, #1804, #4493 ) ) REPRESENTATION_CONTEXT ( 'NONE', 'WORKASPACE' ) );
#6057 = LINE ( 'NONE', #11885, #11248 ) ;
#6058 = LINE ( 'NONE', #3945, #2201 ) ;
#6059 = FACE_OUTER_BOUND ( 'NONE', #2085, .T. ) ;
#6060 = VECTOR ( 'NONE', #1163, 1000.000000000000000 ) ;
#6061 =( GEOMETRIC_REPRESENTATION_CONTEXT ( 3 ) GLOBAL_UNCERTAINTY_ASSIGNED_CONTEXT ( ( #11961 ) ) GLOBAL_UNIT_ASSIGNED_CONTEXT ( ( #7395, #11249, #7529 ) ) REPRESENTATION_CONTEXT ( 'NONE', 'WORKASPACE' ) );
#6062 = UNCERTAINTY_MEASURE_WITH_UNIT (LENGTH_MEASURE( 1.000000000000000082E-05 ), #3434, 'distance_accuracy_value', 'NONE');
#6063 = ADVANCED_FACE ( 'NONE', ( #191 ), #4165, .F. ) ;
#6064 = CARTESIAN_POINT ( 'NONE',  ( 8.889999885558999893, 1.520000000000000018, 0.3250000119209999760 ) ) ;
#6065 = FILL_AREA_STYLE_COLOUR ( '', #3604 ) ;
#6066 = ORIENTED_EDGE ( 'NONE', *, *, #718, .T. ) ;
#6067 = SURFACE_SIDE_STYLE ('',( #10939 ) ) ;
#6068 = ORIENTED_EDGE ( 'NONE', *, *, #7534, .F. ) ;
#6069 = FACE_OUTER_BOUND ( 'NONE', #126, .T. ) ;
#6070 = CARTESIAN_POINT ( 'NONE',  ( 18.09999973297100340, 3.809999961852999384, 0.9499999999999999556 ) ) ;
#6071 = LINE ( 'NONE', #4805, #11263 ) ;
#6072 = PRESENTATION_STYLE_ASSIGNMENT (( #2190 ) ) ;
#6073 = DIRECTION ( 'NONE',  ( 1.000000000000000000, 0.0000000000000000000, -0.0000000000000000000 ) ) ;
#6074 = PRESENTATION_LAYER_ASSIGNMENT (  '', '', ( #2835 ) ) ;
#6075 = MECHANICAL_DESIGN_GEOMETRIC_PRESENTATION_REPRESENTATION (  '', ( #8753 ), #793 ) ;
#6076 = FILL_AREA_STYLE_COLOUR ( '', #3555 ) ;
#6077 = CARTESIAN_POINT ( 'NONE',  ( 15.55999977111799915, 1.270000000000000018, 1.590000000000000080 ) ) ;
#6078 = PRESENTATION_STYLE_ASSIGNMENT (( #2197 ) ) ;
#6079 = EDGE_LOOP ( 'NONE', ( #10886, #8907, #1543, #6756 ) ) ;
#6080 =( REPRESENTATION_RELATIONSHIP ('NONE','NONE', #12268, #4914 ) REPRESENTATION_RELATIONSHIP_WITH_TRANSFORMATION ( #7228 )SHAPE_REPRESENTATION_RELATIONSHIP( ) );
#6081 = CARTESIAN_POINT ( 'NONE',  ( 10.47999984741199953, 1.270000000000000018, 0.9499999999999999556 ) ) ;
#6082 = ORIENTED_EDGE ( 'NONE', *, *, #9563, .F. ) ;
#6083 = CARTESIAN_POINT ( 'NONE',  ( 6.349999885558999857, 3.809999961852999828, 0.02500000000000000139 ) ) ;
#6084 = CARTESIAN_POINT ( 'NONE',  ( 13.96999977111799929, 1.520000000000000018, 0.02500000000000000139 ) ) ;
#6085 = LINE ( 'NONE', #2266, #2837 ) ;
#6086 =( LENGTH_UNIT ( ) NAMED_UNIT ( * ) SI_UNIT ( .MILLI., .METRE. ) );
#6087 = SURFACE_STYLE_USAGE ( .BOTH. , #7879 ) ;
#6088 = EDGE_CURVE ( 'NONE', #9507, #2849, #6662, .T. ) ;
#6089 = ADVANCED_FACE ( 'NONE', ( #5805 ), #11765, .T. ) ;
#6090 =( LENGTH_UNIT ( ) NAMED_UNIT ( * ) SI_UNIT ( .MILLI., .METRE. ) );
#6091 = PLANE ( 'NONE',  #10374 ) ;
#6092 = CARTESIAN_POINT ( 'NONE',  ( 9.039999853373000605, 1.520000000000000018, 0.1750000059600000102 ) ) ;
#6093 = CARTESIAN_POINT ( 'NONE',  ( 1.269999961853000015, 1.520000000000000018, 2.214999988079000115 ) ) ;
#6094 = DIRECTION ( 'NONE',  ( 0.0000000000000000000, -1.510616709811000052E-15, 1.000000000000000000 ) ) ;
#6095 = CIRCLE ( 'NONE', #4877, 0.9499999999999999556 ) ;
#6096 = ORIENTED_EDGE ( 'NONE', *, *, #6129, .T. ) ;
#6097 = DIRECTION ( 'NONE',  ( 0.0000000000000000000, 0.0000000000000000000, -1.000000000000000000 ) ) ;
#6098 = ADVANCED_FACE ( 'NONE', ( #7603 ), #9663, .T. ) ;
#6099 = EDGE_CURVE ( 'NONE', #7325, #5692, #7779, .T. ) ;
#6100 = LINE ( 'NONE', #7126, #3773 ) ;
#6101 = EDGE_LOOP ( 'NONE', ( #11246, #1188, #9400, #7109 ) ) ;
#6102 = CARTESIAN_POINT ( 'NONE',  ( 12.37999980926499966, 0.2199999985099999888, -2.899999998509999788 ) ) ;
#6103 = ORIENTED_EDGE ( 'NONE', *, *, #11380, .F. ) ;
#6104 = FILL_AREA_STYLE ('',( #130 ) ) ;
#6105 = AXIS2_PLACEMENT_3D ( 'NONE', #2139, #1257, #1956 ) ;
#6106 = SURFACE_STYLE_FILL_AREA ( #5281 ) ;
#6107 = COLOUR_RGB ( '',0.09411764705882352811, 0.09411764705882352811, 0.09411764705882352811 ) ;
#6108 = CARTESIAN_POINT ( 'NONE',  ( 1.119999994040000058, 1.520000000000000018, 2.364999994040000164 ) ) ;
#6109 = ORIENTED_EDGE ( 'NONE', *, *, #4660, .T. ) ;
#6110 =( NAMED_UNIT ( * ) SI_UNIT ( $, .STERADIAN. ) SOLID_ANGLE_UNIT ( ) );
#6111 = VECTOR ( 'NONE', #10182, 1000.000000000000000 ) ;
#6112 =( NAMED_UNIT ( * ) PLANE_ANGLE_UNIT ( ) SI_UNIT ( $, .RADIAN. ) );
#6113 = VERTEX_POINT ( 'NONE', #790 ) ;
#6114 = CARTESIAN_POINT ( 'NONE',  ( 1.569999973773875235, 1.519999999999998241, 2.515000000000125802 ) ) ;
#6115 = FILL_AREA_STYLE ('',( #5168 ) ) ;
#6116 = DIRECTION ( 'NONE',  ( 6.670117000593702191E-16, 1.000000000000000000, 6.670117000593702191E-16 ) ) ;
#6117 = PRESENTATION_LAYER_ASSIGNMENT (  '', '', ( #2467 ) ) ;
#6118 = EDGE_CURVE ( 'NONE', #9113, #3789, #7021, .T. ) ;
#6119 = SURFACE_STYLE_USAGE ( .BOTH. , #10998 ) ;
#6120 = SURFACE_SIDE_STYLE ('',( #4264 ) ) ;
#6121 = CARTESIAN_POINT ( 'NONE',  ( 6.349999923706000082, 3.809999961852999828, 0.02500000000000000139 ) ) ;
#6122 = COLOUR_RGB ( '',1.000000000000000000, 1.000000000000000000, 0.4980392156862745168 ) ;
#6123 = EDGE_CURVE ( 'NONE', #2515, #7595, #8194, .T. ) ;
#6124 =( LENGTH_UNIT ( ) NAMED_UNIT ( * ) SI_UNIT ( .MILLI., .METRE. ) );
#6125 = ORIENTED_EDGE ( 'NONE', *, *, #5230, .F. ) ;
#6126 = PLANE ( 'NONE',  #3764 ) ;
#6127 = ORIENTED_EDGE ( 'NONE', *, *, #1865, .F. ) ;
#6128 = DIRECTION ( 'NONE',  ( -0.7071067811865475727, -0.7071067811865475727, 0.0000000000000000000 ) ) ;
#6129 = EDGE_CURVE ( 'NONE', #1730, #6613, #11890, .T. ) ;
#6130 = PRESENTATION_LAYER_ASSIGNMENT (  '', '', ( #9015 ) ) ;
#6131 =( NAMED_UNIT ( * ) PLANE_ANGLE_UNIT ( ) SI_UNIT ( $, .RADIAN. ) );
#6132 = CARTESIAN_POINT ( 'NONE',  ( 0.3200000000000000067, 0.3200000000000000067, -5.313452942893489393E-16 ) ) ;
#6133 = SURFACE_STYLE_FILL_AREA ( #4925 ) ;
#6134 = STYLED_ITEM ( 'NONE', ( #11609 ), #6686 ) ;
#6135 = ADVANCED_FACE ( 'NONE', ( #12009 ), #8901, .T. ) ;
#6136 = MECHANICAL_DESIGN_GEOMETRIC_PRESENTATION_REPRESENTATION (  '', ( #847 ), #6764 ) ;
#6137 = SURFACE_SIDE_STYLE ('',( #4092 ) ) ;
#6138 = STYLED_ITEM ( 'NONE', ( #11136 ), #3490 ) ;
#6139 = EDGE_CURVE ( 'NONE', #2546, #4055, #9989, .T. ) ;
#6140 = CARTESIAN_POINT ( 'NONE',  ( 8.889999847412001444, 3.809999961853000272, 0.3250000119210009197 ) ) ;
#6141 = FILL_AREA_STYLE ('',( #289 ) ) ;
#6142 = SURFACE_STYLE_FILL_AREA ( #8979 ) ;
#6143 = PRESENTATION_STYLE_ASSIGNMENT (( #2257 ) ) ;
#6144 =( NAMED_UNIT ( * ) PLANE_ANGLE_UNIT ( ) SI_UNIT ( $, .RADIAN. ) );
#6145 = ORIENTED_EDGE ( 'NONE', *, *, #9279, .T. ) ;
#6146 = MECHANICAL_DESIGN_GEOMETRIC_PRESENTATION_REPRESENTATION (  '', ( #3109 ), #12063 ) ;
#6147 = SURFACE_STYLE_FILL_AREA ( #10958 ) ;
#6148 = ORIENTED_EDGE ( 'NONE', *, *, #10291, .T. ) ;
#6149 = STYLED_ITEM ( 'NONE', ( #5804 ), #3623 ) ;
#6150 = SURFACE_STYLE_USAGE ( .BOTH. , #2264 ) ;
#6151 = FACE_OUTER_BOUND ( 'NONE', #10426, .T. ) ;
#6152 = PRESENTATION_STYLE_ASSIGNMENT (( #490 ) ) ;
#6153 = CARTESIAN_POINT ( 'NONE',  ( 6.499999891520000794, 1.520000000000000018, 0.1750000059600000102 ) ) ;
#6154 = DIRECTION ( 'NONE',  ( 1.000000000000000000, 0.0000000000000000000, 0.0000000000000000000 ) ) ;
#6155 = EDGE_CURVE ( 'NONE', #4512, #129, #6191, .T. ) ;
#6156 = PRESENTATION_STYLE_ASSIGNMENT (( #4048 ) ) ;
#6157 = VECTOR ( 'NONE', #5036, 1000.000000000000000 ) ;
#6158 = AXIS2_PLACEMENT_3D ( 'NONE', #7249, #8161, #10091 ) ;
#6159 =( LENGTH_UNIT ( ) NAMED_UNIT ( * ) SI_UNIT ( .MILLI., .METRE. ) );
#6160 =( LENGTH_UNIT ( ) NAMED_UNIT ( * ) SI_UNIT ( .MILLI., .METRE. ) );
#6161 = VECTOR ( 'NONE', #9059, 1000.000000000000000 ) ;
#6162 = FILL_AREA_STYLE_COLOUR ( '', #1636 ) ;
#6163 = DIRECTION ( 'NONE',  ( 0.0000000000000000000, 1.000000000000000000, 0.0000000000000000000 ) ) ;
#6164 = VERTEX_POINT ( 'NONE', #4021 ) ;
#6165 = DIRECTION ( 'NONE',  ( 0.0000000000000000000, 0.7071067811865475727, -0.7071067811865475727 ) ) ;
#6166 = EDGE_CURVE ( 'NONE', #1884, #4083, #3329, .T. ) ;
#6167 = EDGE_LOOP ( 'NONE', ( #10240, #12111, #1266, #12556, #2249 ) ) ;
#6168 = LINE ( 'NONE', #391, #5821 ) ;
#6169 = ORIENTED_EDGE ( 'NONE', *, *, #7823, .T. ) ;
#6170 = EDGE_CURVE ( 'NONE', #9675, #2871, #1229, .T. ) ;
#6171 = AXIS2_PLACEMENT_3D ( 'NONE', #4053, #7124, #6097 ) ;
#6172 = SURFACE_STYLE_FILL_AREA ( #7947 ) ;
#6173 = DIRECTION ( 'NONE',  ( -1.000000000000000000, 0.0000000000000000000, 0.0000000000000000000 ) ) ;
#6174 = CARTESIAN_POINT ( 'NONE',  ( 13.01999980926500200, 1.270000000000000018, 0.9499999999999999556 ) ) ;
#6175 = LINE ( 'NONE', #5465, #11963 ) ;
#6176 = EDGE_CURVE ( 'NONE', #10456, #7151, #224, .T. ) ;
#6177 =( NAMED_UNIT ( * ) PLANE_ANGLE_UNIT ( ) SI_UNIT ( $, .RADIAN. ) );
#6178 = CARTESIAN_POINT ( 'NONE',  ( 3.959999929667000096, 1.520000000000000018, 2.364999994040000164 ) ) ;
#6179 = ORIENTED_EDGE ( 'NONE', *, *, #10285, .T. ) ;
#6180 =( LENGTH_UNIT ( ) NAMED_UNIT ( * ) SI_UNIT ( .MILLI., .METRE. ) );
#6181 = CARTESIAN_POINT ( 'NONE',  ( 15.55999977111799915, 1.820000011921000693, 0.9499999999999992895 ) ) ;
#6182 = UNCERTAINTY_MEASURE_WITH_UNIT (LENGTH_MEASURE( 1.000000000000000082E-05 ), #5433, 'distance_accuracy_value', 'NONE');
#6183 = STYLED_ITEM ( 'NONE', ( #7499 ), #1899 ) ;
#6184 = VERTEX_POINT ( 'NONE', #8034 ) ;
#6185 = CARTESIAN_POINT ( 'NONE',  ( 8.589999873637999883, 1.520000000000000018, 0.02500000000000000139 ) ) ;
#6186 =( LENGTH_UNIT ( ) NAMED_UNIT ( * ) SI_UNIT ( .MILLI., .METRE. ) );
#6187 = CARTESIAN_POINT ( 'NONE',  ( -0.3199999999999999512, 1.820000011921001137, 0.9499999999999991784 ) ) ;
#6188 =( NAMED_UNIT ( * ) SI_UNIT ( $, .STERADIAN. ) SOLID_ANGLE_UNIT ( ) );
#6189 = EDGE_LOOP ( 'NONE', ( #2200, #101, #6520, #8211 ) ) ;
#6190 = PRESENTATION_STYLE_ASSIGNMENT (( #11121 ) ) ;
#6191 = LINE ( 'NONE', #4145, #1682 ) ;
#6192 = EDGE_LOOP ( 'NONE', ( #2646, #6066, #6982, #2594 ) ) ;
#6193 =( NAMED_UNIT ( * ) SI_UNIT ( $, .STERADIAN. ) SOLID_ANGLE_UNIT ( ) );
#6194 = ORIENTED_EDGE ( 'NONE', *, *, #2910, .T. ) ;
#6195 = SURFACE_SIDE_STYLE ('',( #8834 ) ) ;
#6196 = CARTESIAN_POINT ( 'NONE',  ( 6.349999885558999857, 1.519999999999999574, 0.3250000119209999760 ) ) ;
#6197 = DIRECTION ( 'NONE',  ( 0.0000000000000000000, -1.000000000000000000, -1.332267629549999902E-15 ) ) ;
#6198 = MECHANICAL_DESIGN_GEOMETRIC_PRESENTATION_REPRESENTATION (  '', ( #8248 ), #11108 ) ;
#6199 = SURFACE_STYLE_USAGE ( .BOTH. , #8045 ) ;
#6200 = AXIS2_PLACEMENT_3D ( 'NONE', #11370, #3684, #6376 ) ;
#6201 = FACE_OUTER_BOUND ( 'NONE', #11892, .T. ) ;
#6202 = ADVANCED_FACE ( 'NONE', ( #1284, #2107 ), #7152, .T. ) ;
#6203 = DIRECTION ( 'NONE',  ( 0.0000000000000000000, 0.0000000000000000000, 1.000000000000000000 ) ) ;
#6204 =( LENGTH_UNIT ( ) NAMED_UNIT ( * ) SI_UNIT ( .MILLI., .METRE. ) );
#6205 = COLOUR_RGB ( '',1.000000000000000000, 1.000000000000000000, 0.4980392156862745168 ) ;
#6206 = MECHANICAL_DESIGN_GEOMETRIC_PRESENTATION_REPRESENTATION (  '', ( #9895 ), #9498 ) ;
#6207 = PLANE ( 'NONE',  #1148 ) ;
#6208 = ORIENTED_EDGE ( 'NONE', *, *, #12397, .T. ) ;
#6209 = DIRECTION ( 'NONE',  ( 0.7071067811865474617, 0.0000000000000000000, 0.7071067811865474617 ) ) ;
#6210 = CARTESIAN_POINT ( 'NONE',  ( 18.09999973297100340, 1.820000011921000471, 1.589999999999999414 ) ) ;
#6211 = ORIENTED_EDGE ( 'NONE', *, *, #6560, .F. ) ;
#6212 = FACE_OUTER_BOUND ( 'NONE', #1718, .T. ) ;
#6213 = LINE ( 'NONE', #7170, #1206 ) ;
#6214 = FACE_OUTER_BOUND ( 'NONE', #691, .T. ) ;
#6215 = COLOUR_RGB ( '',1.000000000000000000, 1.000000000000000000, 0.4980392156862745168 ) ;
#6216 = PRESENTATION_LAYER_ASSIGNMENT (  '', '', ( #4787 ) ) ;
#6217 = ADVANCED_FACE ( 'NONE', ( #9412 ), #9354, .T. ) ;
#6218 = DIRECTION ( 'NONE',  ( 0.0000000000000000000, 0.7071067811865474617, -0.7071067811865474617 ) ) ;
#6219 = PRESENTATION_LAYER_ASSIGNMENT (  '', '', ( #4169 ) ) ;
#6220 =( GEOMETRIC_REPRESENTATION_CONTEXT ( 3 ) GLOBAL_UNCERTAINTY_ASSIGNED_CONTEXT ( ( #9542 ) ) GLOBAL_UNIT_ASSIGNED_CONTEXT ( ( #6923, #875, #1001 ) ) REPRESENTATION_CONTEXT ( 'NONE', 'WORKASPACE' ) );
#6221 = FILL_AREA_STYLE ('',( #8404 ) ) ;
#6222 = COLOUR_RGB ( '',1.000000000000000000, 1.000000000000000000, 0.4980392156862745168 ) ;
#6223 = COLOUR_RGB ( '',0.09411764705882352811, 0.09411764705882352811, 0.09411764705882352811 ) ;
#6224 = SURFACE_SIDE_STYLE ('',( #10442 ) ) ;
#6225 = ORIENTED_EDGE ( 'NONE', *, *, #10340, .F. ) ;
#6226 = STYLED_ITEM ( 'NONE', ( #9241 ), #12256 ) ;
#6227 = ORIENTED_EDGE ( 'NONE', *, *, #11699, .T. ) ;
#6228 = ORIENTED_EDGE ( 'NONE', *, *, #8150, .F. ) ;
#6229 = AXIS2_PLACEMENT_3D ( 'NONE', #5448, #9373, #6550 ) ;
#6230 = AXIS2_PLACEMENT_3D ( 'NONE', #817, #1895, #6807 ) ;
#6231 = FILL_AREA_STYLE ('',( #2284 ) ) ;
#6232 = AXIS2_PLACEMENT_3D ( 'NONE', #3688, #8, #3865 ) ;
#6233 = LINE ( 'NONE', #9139, #6977 ) ;
#6234 = VECTOR ( 'NONE', #421, 1000.000000000000000 ) ;
#6235 = MECHANICAL_DESIGN_GEOMETRIC_PRESENTATION_REPRESENTATION (  '', ( #2784 ), #745 ) ;
#6236 = STYLED_ITEM ( 'NONE', ( #10823 ), #9215 ) ;
#6237 = PLANE ( 'NONE',  #1315 ) ;
#6238 = VECTOR ( 'NONE', #792, 1000.000000000000000 ) ;
#6239 = PRESENTATION_STYLE_ASSIGNMENT (( #8300 ) ) ;
#6240 = DIRECTION ( 'NONE',  ( -1.000000000000000000, 0.0000000000000000000, 0.0000000000000000000 ) ) ;
#6241 = PRESENTATION_LAYER_ASSIGNMENT (  '', '', ( #1755 ) ) ;
#6242 = FACE_OUTER_BOUND ( 'NONE', #8609, .T. ) ;
#6243 = ORIENTED_EDGE ( 'NONE', *, *, #4130, .T. ) ;
#6244 = DIRECTION ( 'NONE',  ( 0.0000000000000000000, 1.000000000000000000, -0.0000000000000000000 ) ) ;
#6245 = SURFACE_STYLE_USAGE ( .BOTH. , #5532 ) ;
#6246 = CARTESIAN_POINT ( 'NONE',  ( -1.270000000000000018, 1.520000000000000018, 0.3250000119209999760 ) ) ;
#6247 = ORIENTED_EDGE ( 'NONE', *, *, #3705, .T. ) ;
#6248 = CARTESIAN_POINT ( 'NONE',  ( 7.939999885558998827, 3.809999961852999828, 1.590000000000000080 ) ) ;
#6249 = MECHANICAL_DESIGN_GEOMETRIC_PRESENTATION_REPRESENTATION (  '', ( #12365 ), #2759 ) ;
#6250 = CARTESIAN_POINT ( 'NONE',  ( 2.859999961853000094, 9.609999997019999185, 0.9499999999999999556 ) ) ;
#6251 = VECTOR ( 'NONE', #5215, 1000.000000000000114 ) ;
#6252 =( GEOMETRIC_REPRESENTATION_CONTEXT ( 3 ) GLOBAL_UNCERTAINTY_ASSIGNED_CONTEXT ( ( #8432 ) ) GLOBAL_UNIT_ASSIGNED_CONTEXT ( ( #4247, #322, #1320 ) ) REPRESENTATION_CONTEXT ( 'NONE', 'WORKASPACE' ) );
#6253 = FILL_AREA_STYLE ('',( #2368 ) ) ;
#6254 = COLOUR_RGB ( '',0.09411764705882352811, 0.09411764705882352811, 0.09411764705882352811 ) ;
#6255 =( GEOMETRIC_REPRESENTATION_CONTEXT ( 3 ) GLOBAL_UNCERTAINTY_ASSIGNED_CONTEXT ( ( #10546 ) ) GLOBAL_UNIT_ASSIGNED_CONTEXT ( ( #4907, #6892, #2047 ) ) REPRESENTATION_CONTEXT ( 'NONE', 'WORKASPACE' ) );
#6256 =( NAMED_UNIT ( * ) PLANE_ANGLE_UNIT ( ) SI_UNIT ( $, .RADIAN. ) );
#6257 = ORIENTED_EDGE ( 'NONE', *, *, #9993, .T. ) ;
#6258 = MECHANICAL_DESIGN_GEOMETRIC_PRESENTATION_REPRESENTATION (  '', ( #2403 ), #7072 ) ;
#6259 = CARTESIAN_POINT ( 'NONE',  ( 7.739999882579000179, 0.1199999970199998045, -3.000000000000000444 ) ) ;
#6260 = LINE ( 'NONE', #10371, #1481 ) ;
#6261 = PRESENTATION_LAYER_ASSIGNMENT (  '', '', ( #9348 ) ) ;
#6262 = ORIENTED_EDGE ( 'NONE', *, *, #1855, .T. ) ;
#6263 =( NAMED_UNIT ( * ) PLANE_ANGLE_UNIT ( ) SI_UNIT ( $, .RADIAN. ) );
#6264 = VERTEX_POINT ( 'NONE', #2379 ) ;
#6265 = SURFACE_STYLE_USAGE ( .BOTH. , #6195 ) ;
#6266 = STYLED_ITEM ( 'NONE', ( #600 ), #4445 ) ;
#6267 = EDGE_CURVE ( 'NONE', #11254, #8424, #6260, .T. ) ;
#6268 = LINE ( 'NONE', #11006, #9442 ) ;
#6269 = LINE ( 'NONE', #3335, #3302 ) ;
#6270 = DIRECTION ( 'NONE',  ( 0.0000000000000000000, 0.0000000000000000000, 1.000000000000000000 ) ) ;
#6271 = COLOUR_RGB ( '',1.000000000000000000, 1.000000000000000000, 0.4980392156862745168 ) ;
#6272 = DIRECTION ( 'NONE',  ( 0.0000000000000000000, 1.000000000000000000, 1.609823385705999920E-15 ) ) ;
#6273 = DIRECTION ( 'NONE',  ( 0.7071067811865474617, -0.0000000000000000000, 0.7071067811865474617 ) ) ;
#6274 = LINE ( 'NONE', #10198, #11325 ) ;
#6275 = CARTESIAN_POINT ( 'NONE',  ( 12.37999980926499966, 3.809999961852999828, 0.9499999999999999556 ) ) ;
#6276 = ORIENTED_EDGE ( 'NONE', *, *, #1479, .F. ) ;
#6277 = CARTESIAN_POINT ( 'NONE',  ( 12.81999980628500069, 0.1199999970199998045, -2.999999999999999112 ) ) ;
#6278 = VECTOR ( 'NONE', #279, 1000.000000000000000 ) ;
#6279 = PRESENTATION_LAYER_ASSIGNMENT (  '', '', ( #6889 ) ) ;
#6280 = VERTEX_POINT ( 'NONE', #3512 ) ;
#6281 = DIRECTION ( 'NONE',  ( 6.670117000593702191E-16, 1.000000000000000000, 6.670117000593702191E-16 ) ) ;
#6282 = FILL_AREA_STYLE ('',( #11215 ) ) ;
#6283 =( LENGTH_UNIT ( ) NAMED_UNIT ( * ) SI_UNIT ( .MILLI., .METRE. ) );
#6284 = CARTESIAN_POINT ( 'NONE',  ( 14.91999977111800035, 0.1199999970199998184, -3.000000000000000000 ) ) ;
#6285 = AXIS2_PLACEMENT_3D ( 'NONE', #3468, #9235, #11213 ) ;
#6286 = APPLICATION_PROTOCOL_DEFINITION ( 'draft international standard', 'automotive_design', 1998, #10031 ) ;
#6287 = PRESENTATION_STYLE_ASSIGNMENT (( #1508 ) ) ;
#6288 = CARTESIAN_POINT ( 'NONE',  ( 15.11999977409799989, 9.810000000000000497, 1.389999997019999878 ) ) ;
#6289 = DIRECTION ( 'NONE',  ( -0.7071067811865474617, 0.0000000000000000000, 0.7071067811865474617 ) ) ;
#6290 =( NAMED_UNIT ( * ) SI_UNIT ( $, .STERADIAN. ) SOLID_ANGLE_UNIT ( ) );
#6291 = DIRECTION ( 'NONE',  ( -0.5773502691896266192, -0.5773502691896256200, 0.5773502691896250649 ) ) ;
#6292 = ORIENTED_EDGE ( 'NONE', *, *, #7861, .T. ) ;
#6293 = PLANE ( 'NONE',  #819 ) ;
#6294 = VECTOR ( 'NONE', #1647, 1000.000000000000000 ) ;
#6295 = EDGE_CURVE ( 'NONE', #8351, #8193, #8612, .T. ) ;
#6296 = ORIENTED_EDGE ( 'NONE', *, *, #10128, .T. ) ;
#6297 = VERTEX_POINT ( 'NONE', #9218 ) ;
#6298 = CARTESIAN_POINT ( 'NONE',  ( 13.01999980926500200, -0.3200000000000000067, -3.000000000000000000 ) ) ;
#6299 = LINE ( 'NONE', #10219, #6348 ) ;
#6300 = FILL_AREA_STYLE_COLOUR ( '', #3405 ) ;
#6301 =( LENGTH_UNIT ( ) NAMED_UNIT ( * ) SI_UNIT ( .MILLI., .METRE. ) );
#6302 = PLANE ( 'NONE',  #2295 ) ;
#6303 = FACE_OUTER_BOUND ( 'NONE', #7007, .T. ) ;
#6304 = CARTESIAN_POINT ( 'NONE',  ( 6.349999923706499239, 1.520000000000000018, 0.3250000119204998206 ) ) ;
#6305 = DIRECTION ( 'NONE',  ( -0.7071067811865475727, -9.398244244348984524E-16, 0.7071067811865475727 ) ) ;
#6306 = FILL_AREA_STYLE ('',( #12048 ) ) ;
#6307 = DIRECTION ( 'NONE',  ( 1.000000000000000000, 0.0000000000000000000, -0.0000000000000000000 ) ) ;
#6308 = ORIENTED_EDGE ( 'NONE', *, *, #11730, .T. ) ;
#6309 = CARTESIAN_POINT ( 'NONE',  ( -0.1199999970199999016, 0.1199999970199998184, -3.000000000000000000 ) ) ;
#6310 = DIRECTION ( 'NONE',  ( -0.5773502691896239547, -0.5773502691896280625, 0.5773502691896252870 ) ) ;
#6311 = VERTEX_POINT ( 'NONE', #6325 ) ;
#6312 = CARTESIAN_POINT ( 'NONE',  ( 9.839999847412000733, -0.3200000000000000067, -3.000000000000000000 ) ) ;
#6313 = COLOUR_RGB ( '',0.09411764705882352811, 0.09411764705882352811, 0.09411764705882352811 ) ;
#6314 = FILL_AREA_STYLE ('',( #7391 ) ) ;
#6315 = VERTEX_POINT ( 'NONE', #4468 ) ;
#6316 =( NAMED_UNIT ( * ) SI_UNIT ( $, .STERADIAN. ) SOLID_ANGLE_UNIT ( ) );
#6317 = CARTESIAN_POINT ( 'NONE',  ( 3.809999923706000047, 1.520000000000000018, 0.3250000119209999760 ) ) ;
#6318 = MECHANICAL_DESIGN_GEOMETRIC_PRESENTATION_REPRESENTATION (  '', ( #4480 ), #12439 ) ;
#6319 = FACE_BOUND ( 'NONE', #467, .T. ) ;
#6320 = EDGE_CURVE ( 'NONE', #6795, #7351, #649, .T. ) ;
#6321 = VECTOR ( 'NONE', #2307, 1000.000000000000000 ) ;
#6322 = ORIENTED_EDGE ( 'NONE', *, *, #3710, .T. ) ;
#6323 = UNCERTAINTY_MEASURE_WITH_UNIT (LENGTH_MEASURE( 1.000000000000000082E-05 ), #1383, 'distance_accuracy_value', 'NONE');
#6324 = DIRECTION ( 'NONE',  ( 0.7071067811865474617, 0.0000000000000000000, -0.7071067811865474617 ) ) ;
#6325 = CARTESIAN_POINT ( 'NONE',  ( 11.72999982118600215, 3.809999961853000716, 0.02500000000000123651 ) ) ;
#6326 =( NAMED_UNIT ( * ) SI_UNIT ( $, .STERADIAN. ) SOLID_ANGLE_UNIT ( ) );
#6327 = VERTEX_POINT ( 'NONE', #8241 ) ;
#6328 = VERTEX_POINT ( 'NONE', #12262 ) ;
#6329 = CARTESIAN_POINT ( 'NONE',  ( 0.3200000000000000067, -0.3200000000000000067, -4.336808689942017736E-16 ) ) ;
#6330 = EDGE_CURVE ( 'NONE', #3056, #11983, #1608, .T. ) ;
#6331 = AXIS2_PLACEMENT_3D ( 'NONE', #5539, #3635, #1359 ) ;
#6332 = EDGE_CURVE ( 'NONE', #4609, #4935, #10238, .T. ) ;
#6333 =( GEOMETRIC_REPRESENTATION_CONTEXT ( 3 ) GLOBAL_UNCERTAINTY_ASSIGNED_CONTEXT ( ( #6459 ) ) GLOBAL_UNIT_ASSIGNED_CONTEXT ( ( #9855, #1168, #1092 ) ) REPRESENTATION_CONTEXT ( 'NONE', 'WORKASPACE' ) );
#6334 = PRESENTATION_STYLE_ASSIGNMENT (( #6597 ) ) ;
#6335 = APPLICATION_CONTEXT ( 'automotive_design' ) ;
#6336 = DIRECTION ( 'NONE',  ( 0.0000000000000000000, 0.0000000000000000000, 1.000000000000000000 ) ) ;
#6337 = UNCERTAINTY_MEASURE_WITH_UNIT (LENGTH_MEASURE( 1.000000000000000082E-05 ), #11355, 'distance_accuracy_value', 'NONE');
#6338 =( NAMED_UNIT ( * ) PLANE_ANGLE_UNIT ( ) SI_UNIT ( $, .RADIAN. ) );
#6339 =( GEOMETRIC_REPRESENTATION_CONTEXT ( 3 ) GLOBAL_UNCERTAINTY_ASSIGNED_CONTEXT ( ( #7447 ) ) GLOBAL_UNIT_ASSIGNED_CONTEXT ( ( #2994, #6813, #68 ) ) REPRESENTATION_CONTEXT ( 'NONE', 'WORKASPACE' ) );
#6340 = ADVANCED_FACE ( 'NONE', ( #12322 ), #7467, .T. ) ;
#6341 = SURFACE_STYLE_USAGE ( .BOTH. , #12079 ) ;
#6342 = CARTESIAN_POINT ( 'NONE',  ( 0.3200000000000000622, 0.3199999999999999512, -2.799999997020000020 ) ) ;
#6343 = FILL_AREA_STYLE ('',( #2644 ) ) ;
#6344 = PRESENTATION_LAYER_ASSIGNMENT (  '', '', ( #843 ) ) ;
#6345 = VERTEX_POINT ( 'NONE', #2686 ) ;
#6346 = FILL_AREA_STYLE ('',( #1560 ) ) ;
#6347 = SURFACE_SIDE_STYLE ('',( #10202 ) ) ;
#6348 = VECTOR ( 'NONE', #1455, 1000.000000000000000 ) ;
#6349 = DIRECTION ( 'NONE',  ( 1.000000000000000000, -0.0000000000000000000, 0.0000000000000000000 ) ) ;
#6350 = CARTESIAN_POINT ( 'NONE',  ( 2.859999961853000094, 1.270000000000000018, 1.590000000000000080 ) ) ;
#6351 = DIRECTION ( 'NONE',  ( 0.7071067811865474617, 0.0000000000000000000, 0.7071067811865474617 ) ) ;
#6352 = AXIS2_PLACEMENT_3D ( 'NONE', #12408, #7551, #3532 ) ;
#6353 = APPLICATION_PROTOCOL_DEFINITION ( 'draft international standard', 'automotive_design', 1998, #5672 ) ;
#6354 = SURFACE_STYLE_USAGE ( .BOTH. , #11220 ) ;
#6355 = SURFACE_STYLE_USAGE ( .BOTH. , #3607 ) ;
#6356 =( NAMED_UNIT ( * ) PLANE_ANGLE_UNIT ( ) SI_UNIT ( $, .RADIAN. ) );
#6357 = CARTESIAN_POINT ( 'NONE',  ( 11.12999983549125105, 3.809999961852999828, 2.515000000000251923 ) ) ;
#6358 = AXIS2_PLACEMENT_3D ( 'NONE', #6084, #1194, #4106 ) ;
#6359 = DIRECTION ( 'NONE',  ( -0.5773502691896237327, 0.5773502691896260641, 0.5773502691896272854 ) ) ;
#6360 = EDGE_LOOP ( 'NONE', ( #973, #9860, #6614, #4317 ) ) ;
#6361 = COLOUR_RGB ( '',0.09411764705882352811, 0.09411764705882352811, 0.09411764705882352811 ) ;
#6362 = ORIENTED_EDGE ( 'NONE', *, *, #1094, .T. ) ;
#6363 = ORIENTED_EDGE ( 'NONE', *, *, #1651, .F. ) ;
#6364 =( NAMED_UNIT ( * ) PLANE_ANGLE_UNIT ( ) SI_UNIT ( $, .RADIAN. ) );
#6365 = FACE_OUTER_BOUND ( 'NONE', #6045, .T. ) ;
#6366 = ADVANCED_FACE ( 'NONE', ( #3880 ), #8758, .T. ) ;
#6367 = PLANE ( 'NONE',  #5041 ) ;
#6368 =( LENGTH_UNIT ( ) NAMED_UNIT ( * ) SI_UNIT ( .MILLI., .METRE. ) );
#6369 = AXIS2_PLACEMENT_3D ( 'NONE', #6064, #3208, #3078 ) ;
#6370 = STYLED_ITEM ( 'NONE', ( #10436 ), #1079 ) ;
#6371 =( NAMED_UNIT ( * ) SI_UNIT ( $, .STERADIAN. ) SOLID_ANGLE_UNIT ( ) );
#6372 = EDGE_CURVE ( 'NONE', #5959, #9698, #7764, .T. ) ;
#6373 = FACE_OUTER_BOUND ( 'NONE', #9772, .T. ) ;
#6374 = CARTESIAN_POINT ( 'NONE',  ( 17.45999973297099928, 9.810000000000000497, 1.389999997020000100 ) ) ;
#6375 =( NAMED_UNIT ( * ) PLANE_ANGLE_UNIT ( ) SI_UNIT ( $, .RADIAN. ) );
#6376 = DIRECTION ( 'NONE',  ( 0.0000000000000000000, -1.000000000000000000, -1.609823385705999920E-15 ) ) ;
#6377 = VERTEX_POINT ( 'NONE', #7652 ) ;
#6378 = DIRECTION ( 'NONE',  ( -1.000000000000000000, -0.0000000000000000000, -0.0000000000000000000 ) ) ;
#6379 = MECHANICAL_DESIGN_GEOMETRIC_PRESENTATION_REPRESENTATION (  '', ( #4528 ), #10657 ) ;
#6380 = DIRECTION ( 'NONE',  ( 6.645562236426607662E-16, 1.000000000000000000, 6.645562236426607662E-16 ) ) ;
#6381 = EDGE_LOOP ( 'NONE', ( #9980, #1203, #10651, #8588 ) ) ;
#6382 =( NAMED_UNIT ( * ) PLANE_ANGLE_UNIT ( ) SI_UNIT ( $, .RADIAN. ) );
#6383 =( NAMED_UNIT ( * ) PLANE_ANGLE_UNIT ( ) SI_UNIT ( $, .RADIAN. ) );
#6384 = ORIENTED_EDGE ( 'NONE', *, *, #8893, .F. ) ;
#6385 = CARTESIAN_POINT ( 'NONE',  ( 16.50999973297099999, 1.520000000000000018, 0.3250000119209999760 ) ) ;
#6386 = FILL_AREA_STYLE ('',( #3446 ) ) ;
#6387 = EDGE_CURVE ( 'NONE', #4466, #2442, #6592, .T. ) ;
#6388 = LINE ( 'NONE', #1603, #12597 ) ;
#6389 = EDGE_CURVE ( 'NONE', #9061, #1679, #2824, .T. ) ;
#6390 = VECTOR ( 'NONE', #9125, 1000.000000000000000 ) ;
#6391 = FACE_OUTER_BOUND ( 'NONE', #5829, .T. ) ;
#6392 = ORIENTED_EDGE ( 'NONE', *, *, #9212, .F. ) ;
#6393 = CARTESIAN_POINT ( 'NONE',  ( 11.42999980926500037, 1.820000011921000027, 2.214999988079000115 ) ) ;
#6394 = SURFACE_STYLE_USAGE ( .BOTH. , #3391 ) ;
#6395 = ORIENTED_EDGE ( 'NONE', *, *, #1615, .F. ) ;
#6396 = VERTEX_POINT ( 'NONE', #2928 ) ;
#6397 = LINE ( 'NONE', #11317, #7343 ) ;
#6398 = ADVANCED_FACE ( 'NONE', ( #4778 ), #11622, .F. ) ;
#6399 = SURFACE_STYLE_FILL_AREA ( #9294 ) ;
#6400 = LINE ( 'NONE', #10383, #2150 ) ;
#6401 = EDGE_CURVE ( 'NONE', #11314, #1347, #10799, .T. ) ;
#6402 = DIRECTION ( 'NONE',  ( 1.000000000000000000, 0.0000000000000000000, 0.0000000000000000000 ) ) ;
#6403 = DIRECTION ( 'NONE',  ( -0.0000000000000000000, 1.000000000000000000, 1.510616709811000052E-15 ) ) ;
#6404 = ORIENTED_EDGE ( 'NONE', *, *, #12002, .T. ) ;
#6405 = LINE ( 'NONE', #2401, #4449 ) ;
#6406 = PRESENTATION_STYLE_ASSIGNMENT (( #10070 ) ) ;
#6407 = PLANE ( 'NONE',  #3974 ) ;
#6408 = PRESENTATION_STYLE_ASSIGNMENT (( #729 ) ) ;
#6409 = FILL_AREA_STYLE ('',( #7171 ) ) ;
#6410 = DIRECTION ( 'NONE',  ( 0.0000000000000000000, 0.0000000000000000000, -1.000000000000000000 ) ) ;
#6411 = LINE ( 'NONE', #5319, #5256 ) ;
#6412 = STYLED_ITEM ( 'NONE', ( #10878 ), #4812 ) ;
#6413 = MECHANICAL_DESIGN_GEOMETRIC_PRESENTATION_REPRESENTATION (  '', ( #5385 ), #9685 ) ;
#6414 = SURFACE_STYLE_FILL_AREA ( #5320 ) ;
#6415 = COLOUR_RGB ( '',0.09411764705882352811, 0.09411764705882352811, 0.09411764705882352811 ) ;
#6416 = ORIENTED_EDGE ( 'NONE', *, *, #3330, .T. ) ;
#6417 =( LENGTH_UNIT ( ) NAMED_UNIT ( * ) SI_UNIT ( .MILLI., .METRE. ) );
#6418 = ORIENTED_EDGE ( 'NONE', *, *, #1431, .T. ) ;
#6419 = ORIENTED_EDGE ( 'NONE', *, *, #10968, .F. ) ;
#6420 = PRESENTATION_LAYER_ASSIGNMENT (  '', '', ( #8472 ) ) ;
#6421 = FILL_AREA_STYLE ('',( #12295 ) ) ;
#6422 = FILL_AREA_STYLE_COLOUR ( '', #2679 ) ;
#6423 = MECHANICAL_DESIGN_GEOMETRIC_PRESENTATION_REPRESENTATION (  '', ( #8682 ), #10725 ) ;
#6424 = DIRECTION ( 'NONE',  ( 1.000000000000000000, -0.0000000000000000000, -0.0000000000000000000 ) ) ;
#6425 = EDGE_CURVE ( 'NONE', #947, #997, #5138, .T. ) ;
#6426 = COLOUR_RGB ( '',0.09411764705882352811, 0.09411764705882352811, 0.09411764705882352811 ) ;
#6427 = CARTESIAN_POINT ( 'NONE',  ( 8.889999847411999667, 1.519999999999999574, 0.3250000119209999760 ) ) ;
#6428 = COLOUR_RGB ( '',1.000000000000000000, 1.000000000000000000, 0.4980392156862745168 ) ;
#6429 =( NAMED_UNIT ( * ) PLANE_ANGLE_UNIT ( ) SI_UNIT ( $, .RADIAN. ) );
#6430 = MECHANICAL_DESIGN_GEOMETRIC_PRESENTATION_REPRESENTATION (  '', ( #9516 ), #119 ) ;
#6431 = DIRECTION ( 'NONE',  ( 0.0000000000000000000, -1.510616709811000052E-15, 1.000000000000000000 ) ) ;
#6432 = DIRECTION ( 'NONE',  ( 6.670117000593702191E-16, -1.000000000000000000, -6.670117000593702191E-16 ) ) ;
#6433 = SURFACE_STYLE_USAGE ( .BOTH. , #9266 ) ;
#6434 = CARTESIAN_POINT ( 'NONE',  ( 13.01999980926500200, -0.3200000000000000067, -3.000000000000000000 ) ) ;
#6435 = VECTOR ( 'NONE', #3964, 1000.000000000000000 ) ;
#6436 = STYLED_ITEM ( 'NONE', ( #486 ), #5241 ) ;
#6437 = PRESENTATION_STYLE_ASSIGNMENT (( #5396 ) ) ;
#6438 = PRESENTATION_LAYER_ASSIGNMENT (  '', '', ( #547 ) ) ;
#6439 = MECHANICAL_DESIGN_GEOMETRIC_PRESENTATION_REPRESENTATION (  '', ( #12344 ), #6843 ) ;
#6440 = FACE_OUTER_BOUND ( 'NONE', #1937, .T. ) ;
#6441 = VERTEX_POINT ( 'NONE', #4008 ) ;
#6442 = STYLED_ITEM ( 'NONE', ( #4888 ), #8967 ) ;
#6443 = STYLED_ITEM ( 'NONE', ( #5689 ), #11469 ) ;
#6444 = VECTOR ( 'NONE', #1405, 1000.000000000000114 ) ;
#6445 = UNCERTAINTY_MEASURE_WITH_UNIT (LENGTH_MEASURE( 1.000000000000000082E-05 ), #2815, 'distance_accuracy_value', 'NONE');
#6446 =( NAMED_UNIT ( * ) PLANE_ANGLE_UNIT ( ) SI_UNIT ( $, .RADIAN. ) );
#6447 = ORIENTED_EDGE ( 'NONE', *, *, #2230, .T. ) ;
#6448 = PRESENTATION_STYLE_ASSIGNMENT (( #3259 ) ) ;
#6449 = ORIENTED_EDGE ( 'NONE', *, *, #3015, .F. ) ;
#6450 =( NAMED_UNIT ( * ) SI_UNIT ( $, .STERADIAN. ) SOLID_ANGLE_UNIT ( ) );
#6451 = DIRECTION ( 'NONE',  ( -1.000000000000000000, 0.0000000000000000000, 0.0000000000000000000 ) ) ;
#6452 = EDGE_CURVE ( 'NONE', #6857, #9946, #2044, .T. ) ;
#6453 = STYLED_ITEM ( 'NONE', ( #3281 ), #2074 ) ;
#6454 = COLOUR_RGB ( '',0.09411764705882352811, 0.09411764705882352811, 0.09411764705882352811 ) ;
#6455 = CIRCLE ( 'NONE', #10937, 1.590000000000000080 ) ;
#6456 = MECHANICAL_DESIGN_GEOMETRIC_PRESENTATION_REPRESENTATION (  '', ( #1763 ), #10739 ) ;
#6457 = STYLED_ITEM ( 'NONE', ( #852 ), #10093 ) ;
#6458 =( GEOMETRIC_REPRESENTATION_CONTEXT ( 3 ) GLOBAL_UNCERTAINTY_ASSIGNED_CONTEXT ( ( #10440 ) ) GLOBAL_UNIT_ASSIGNED_CONTEXT ( ( #12478, #807, #1887 ) ) REPRESENTATION_CONTEXT ( 'NONE', 'WORKASPACE' ) );
#6459 = UNCERTAINTY_MEASURE_WITH_UNIT (LENGTH_MEASURE( 1.000000000000000082E-05 ), #9855, 'distance_accuracy_value', 'NONE');
#6460 = SURFACE_STYLE_FILL_AREA ( #1535 ) ;
#6461 = ORIENTED_EDGE ( 'NONE', *, *, #9141, .F. ) ;
#6462 = UNCERTAINTY_MEASURE_WITH_UNIT (LENGTH_MEASURE( 1.000000000000000082E-05 ), #4473, 'distance_accuracy_value', 'NONE');
#6463 = CARTESIAN_POINT ( 'NONE',  ( 3.809999923706000047, 1.520000000000000018, 0.3250000119209999205 ) ) ;
#6464 =( GEOMETRIC_REPRESENTATION_CONTEXT ( 3 ) GLOBAL_UNCERTAINTY_ASSIGNED_CONTEXT ( ( #7793 ) ) GLOBAL_UNIT_ASSIGNED_CONTEXT ( ( #6955, #9084, #3200 ) ) REPRESENTATION_CONTEXT ( 'NONE', 'WORKASPACE' ) );
#6465 = SURFACE_STYLE_FILL_AREA ( #1486 ) ;
#6466 = AXIS2_PLACEMENT_3D ( 'NONE', #11479, #8415, #4631 ) ;
#6467 = ORIENTED_EDGE ( 'NONE', *, *, #11305, .F. ) ;
#6468 = SURFACE_STYLE_USAGE ( .BOTH. , #6594 ) ;
#6469 = ORIENTED_EDGE ( 'NONE', *, *, #8943, .F. ) ;
#6470 = LINE ( 'NONE', #7472, #11779 ) ;
#6471 = AXIS2_PLACEMENT_3D ( 'NONE', #6077, #9999, #481 ) ;
#6472 = AXIS2_PLACEMENT_3D ( 'NONE', #6506, #8291, #9383 ) ;
#6473 = EDGE_CURVE ( 'NONE', #6377, #499, #3256, .T. ) ;
#6474 = VECTOR ( 'NONE', #1171, 1000.000000000000000 ) ;
#6475 = FACE_OUTER_BOUND ( 'NONE', #11124, .T. ) ;
#6476 = UNCERTAINTY_MEASURE_WITH_UNIT (LENGTH_MEASURE( 1.000000000000000082E-05 ), #2522, 'distance_accuracy_value', 'NONE');
#6477 = MECHANICAL_DESIGN_GEOMETRIC_PRESENTATION_REPRESENTATION (  '', ( #1574 ), #11381 ) ;
#6478 = EDGE_CURVE ( 'NONE', #370, #9885, #6950, .T. ) ;
#6479 = VECTOR ( 'NONE', #6432, 1000.000000000000000 ) ;
#6480 = SURFACE_STYLE_FILL_AREA ( #9365 ) ;
#6481 = CARTESIAN_POINT ( 'NONE',  ( 3.809999923706000047, 1.820000011921003136, 0.3250000119209999760 ) ) ;
#6482 = VECTOR ( 'NONE', #1098, 1000.000000000000114 ) ;
#6483 = ORIENTED_EDGE ( 'NONE', *, *, #9074, .T. ) ;
#6484 = FILL_AREA_STYLE ('',( #1502 ) ) ;
#6485 = COLOUR_RGB ( '',1.000000000000000000, 1.000000000000000000, 0.4980392156862745168 ) ;
#6486 = CARTESIAN_POINT ( 'NONE',  ( 11.72999982118600037, 1.520000000000000018, 2.515000000000000124 ) ) ;
#6487 = FILL_AREA_STYLE ('',( #10318 ) ) ;
#6488 = LINE ( 'NONE', #2705, #12061 ) ;
#6489 =( NAMED_UNIT ( * ) PLANE_ANGLE_UNIT ( ) SI_UNIT ( $, .RADIAN. ) );
#6490 = LINE ( 'NONE', #9246, #1343 ) ;
#6491 =( NAMED_UNIT ( * ) PLANE_ANGLE_UNIT ( ) SI_UNIT ( $, .RADIAN. ) );
#6492 = VECTOR ( 'NONE', #7404, 1000.000000000000000 ) ;
#6493 = FACE_OUTER_BOUND ( 'NONE', #9129, .T. ) ;
#6494 = SURFACE_STYLE_USAGE ( .BOTH. , #9377 ) ;
#6495 =( GEOMETRIC_REPRESENTATION_CONTEXT ( 3 ) GLOBAL_UNCERTAINTY_ASSIGNED_CONTEXT ( ( #4540 ) ) GLOBAL_UNIT_ASSIGNED_CONTEXT ( ( #2052, #5926, #904 ) ) REPRESENTATION_CONTEXT ( 'NONE', 'WORKASPACE' ) );
#6496 = EDGE_LOOP ( 'NONE', ( #1537, #7216, #661, #7886 ) ) ;
#6497 = CARTESIAN_POINT ( 'NONE',  ( 4.959999926685999760, 0.1199999970200002070, -3.000000000000000444 ) ) ;
#6498 = VERTEX_POINT ( 'NONE', #211 ) ;
#6499 =( NAMED_UNIT ( * ) PLANE_ANGLE_UNIT ( ) SI_UNIT ( $, .RADIAN. ) );
#6500 = ORIENTED_EDGE ( 'NONE', *, *, #7102, .T. ) ;
#6501 = EDGE_CURVE ( 'NONE', #6328, #31, #10919, .T. ) ;
#6502 = ADVANCED_FACE ( 'NONE', ( #10040 ), #6047, .F. ) ;
#6503 =( NAMED_UNIT ( * ) SI_UNIT ( $, .STERADIAN. ) SOLID_ANGLE_UNIT ( ) );
#6504 = DIRECTION ( 'NONE',  ( -0.0000000000000000000, -0.0000000000000000000, 1.000000000000000000 ) ) ;
#6505 = SURFACE_STYLE_USAGE ( .BOTH. , #12481 ) ;
#6506 = CARTESIAN_POINT ( 'NONE',  ( 15.55999977111799915, 1.270000000000000018, -4.440892098500999885E-16 ) ) ;
#6507 =( NAMED_UNIT ( * ) SI_UNIT ( $, .STERADIAN. ) SOLID_ANGLE_UNIT ( ) );
#6508 =( LENGTH_UNIT ( ) NAMED_UNIT ( * ) SI_UNIT ( .MILLI., .METRE. ) );
#6509 = PLANE ( 'NONE',  #9121 ) ;
#6510 = AXIS2_PLACEMENT_3D ( 'NONE', #5523, #5652, #5261 ) ;
#6511 = FILL_AREA_STYLE_COLOUR ( '', #4588 ) ;
#6512 = VECTOR ( 'NONE', #4884, 1000.000000000000000 ) ;
#6513 = EDGE_CURVE ( 'NONE', #2964, #11983, #272, .T. ) ;
#6514 = SURFACE_STYLE_FILL_AREA ( #6572 ) ;
#6515 = EDGE_LOOP ( 'NONE', ( #8471, #2846, #11593, #5576 ) ) ;
#6516 = FACE_OUTER_BOUND ( 'NONE', #2943, .T. ) ;
#6517 = CARTESIAN_POINT ( 'NONE',  ( 0.1199999970200000127, 9.810000000000000497, 0.9499999999999999556 ) ) ;
#6518 = ORIENTED_EDGE ( 'NONE', *, *, #9805, .F. ) ;
#6519 = DIRECTION ( 'NONE',  ( 0.0000000000000000000, 0.0000000000000000000, 1.000000000000000000 ) ) ;
#6520 = ORIENTED_EDGE ( 'NONE', *, *, #12140, .T. ) ;
#6521 = DIRECTION ( 'NONE',  ( 0.0000000000000000000, 0.0000000000000000000, 1.000000000000000000 ) ) ;
#6522 = UNCERTAINTY_MEASURE_WITH_UNIT (LENGTH_MEASURE( 1.000000000000000082E-05 ), #10852, 'distance_accuracy_value', 'NONE');
#6523 = CARTESIAN_POINT ( 'NONE',  ( 8.889999847411999667, 1.520000000000000018, 0.3250000119210003091 ) ) ;
#6524 = CARTESIAN_POINT ( 'NONE',  ( 4.759999923706000224, 3.809999961852999828, 0.9499999999999999556 ) ) ;
#6525 = VERTEX_POINT ( 'NONE', #8106 ) ;
#6526 = DIRECTION ( 'NONE',  ( -0.0000000000000000000, 0.0000000000000000000, 1.000000000000000000 ) ) ;
#6527 = MECHANICAL_DESIGN_GEOMETRIC_PRESENTATION_REPRESENTATION (  '', ( #1222 ), #610 ) ;
#6528 = ORIENTED_EDGE ( 'NONE', *, *, #4660, .F. ) ;
#6529 = SURFACE_SIDE_STYLE ('',( #7470 ) ) ;
#6530 = ORIENTED_EDGE ( 'NONE', *, *, #10968, .T. ) ;
#6531 = SURFACE_SIDE_STYLE ('',( #3755 ) ) ;
#6532 = ORIENTED_EDGE ( 'NONE', *, *, #3723, .T. ) ;
#6533 = EDGE_CURVE ( 'NONE', #4944, #6799, #4194, .T. ) ;
#6534 = FILL_AREA_STYLE_COLOUR ( '', #7743 ) ;
#6535 = FILL_AREA_STYLE ('',( #3586 ) ) ;
#6536 = EDGE_CURVE ( 'NONE', #6377, #11732, #11998, .T. ) ;
#6537 =( NAMED_UNIT ( * ) PLANE_ANGLE_UNIT ( ) SI_UNIT ( $, .RADIAN. ) );
#6538 = CARTESIAN_POINT ( 'NONE',  ( 9.039999853373000605, 1.520000000000000018, 2.364999994040000164 ) ) ;
#6539 = FILL_AREA_STYLE_COLOUR ( '', #8402 ) ;
#6540 = PRESENTATION_LAYER_ASSIGNMENT (  '', '', ( #4480 ) ) ;
#6541 = VERTEX_POINT ( 'NONE', #6181 ) ;
#6542 = FACE_BOUND ( 'NONE', #3930, .T. ) ;
#6543 = AXIS2_PLACEMENT_3D ( 'NONE', #8240, #5294, #6324 ) ;
#6544 = CARTESIAN_POINT ( 'NONE',  ( 15.55999977111799915, 0.3199999999999998401, -2.799999997020000020 ) ) ;
#6545 = EDGE_CURVE ( 'NONE', #6878, #5342, #1332, .T. ) ;
#6546 = CARTESIAN_POINT ( 'NONE',  ( 11.42999980926500037, 1.820000011921003136, 0.3250000119209999760 ) ) ;
#6547 =( NAMED_UNIT ( * ) SI_UNIT ( $, .STERADIAN. ) SOLID_ANGLE_UNIT ( ) );
#6548 = LINE ( 'NONE', #667, #982 ) ;
#6549 = EDGE_CURVE ( 'NONE', #5096, #10815, #12306, .T. ) ;
#6550 = DIRECTION ( 'NONE',  ( 0.7071067811865474617, 0.0000000000000000000, -0.7071067811865474617 ) ) ;
#6551 = FACE_OUTER_BOUND ( 'NONE', #10830, .T. ) ;
#6552 = EDGE_CURVE ( 'NONE', #10582, #8440, #4454, .T. ) ;
#6553 = FACE_OUTER_BOUND ( 'NONE', #6381, .T. ) ;
#6554 = LINE ( 'NONE', #8466, #10504 ) ;
#6555 = VERTEX_POINT ( 'NONE', #8169 ) ;
#6556 =( NAMED_UNIT ( * ) PLANE_ANGLE_UNIT ( ) SI_UNIT ( $, .RADIAN. ) );
#6557 = STYLED_ITEM ( 'NONE', ( #4184 ), #5604 ) ;
#6558 = ORIENTED_EDGE ( 'NONE', *, *, #4487, .F. ) ;
#6559 = ORIENTED_EDGE ( 'NONE', *, *, #4860, .F. ) ;
#6560 = EDGE_CURVE ( 'NONE', #12419, #8324, #5402, .T. ) ;
#6561 = SURFACE_STYLE_FILL_AREA ( #12100 ) ;
#6562 = PRESENTATION_STYLE_ASSIGNMENT (( #8544 ) ) ;
#6563 = PLANE ( 'NONE',  #11368 ) ;
#6564 = ADVANCED_FACE ( 'NONE', ( #401 ), #12248, .T. ) ;
#6565 = LINE ( 'NONE', #10467, #3814 ) ;
#6566 = AXIS2_PLACEMENT_3D ( 'NONE', #10515, #1945, #7564 ) ;
#6567 = CARTESIAN_POINT ( 'NONE',  ( 6.349999885558999857, 1.820000011921000027, 2.214999988079000115 ) ) ;
#6568 = CARTESIAN_POINT ( 'NONE',  ( 2.859999961853000094, 3.809999961852999828, 1.590000000000000080 ) ) ;
#6569 = VECTOR ( 'NONE', #7729, 999.9999999999998863 ) ;
#6570 = ADVANCED_FACE ( 'NONE', ( #6516 ), #458, .T. ) ;
#6571 = CARTESIAN_POINT ( 'NONE',  ( 1.269999961852875003, 1.519999999999999130, 2.214999988079124904 ) ) ;
#6572 = FILL_AREA_STYLE ('',( #2610 ) ) ;
#6573 = EDGE_LOOP ( 'NONE', ( #1128, #7506, #8226, #533 ) ) ;
#6574 = EDGE_CURVE ( 'NONE', #6901, #63, #2612, .T. ) ;
#6575 =( LENGTH_UNIT ( ) NAMED_UNIT ( * ) SI_UNIT ( .MILLI., .METRE. ) );
#6576 = PRESENTATION_STYLE_ASSIGNMENT (( #12493 ) ) ;
#6577 = SURFACE_STYLE_USAGE ( .BOTH. , #9342 ) ;
#6578 = ORIENTED_EDGE ( 'NONE', *, *, #9778, .T. ) ;
#6579 = DIRECTION ( 'NONE',  ( -1.000000000000000000, -0.0000000000000000000, -0.0000000000000000000 ) ) ;
#6580 = MECHANICAL_DESIGN_GEOMETRIC_PRESENTATION_REPRESENTATION (  '', ( #4516 ), #9440 ) ;
#6581 = CARTESIAN_POINT ( 'NONE',  ( -0.3200000000000000622, 9.609999997019999185, 1.590000000000000302 ) ) ;
#6582 = VERTEX_POINT ( 'NONE', #12112 ) ;
#6583 = COLOUR_RGB ( '',1.000000000000000000, 1.000000000000000000, 0.4980392156862745168 ) ;
#6584 = UNCERTAINTY_MEASURE_WITH_UNIT (LENGTH_MEASURE( 1.000000000000000082E-05 ), #5870, 'distance_accuracy_value', 'NONE');
#6585 = DIRECTION ( 'NONE',  ( 0.0000000000000000000, 0.0000000000000000000, -1.000000000000000000 ) ) ;
#6586 = AXIS2_PLACEMENT_3D ( 'NONE', #7900, #5097, #11818 ) ;
#6587 = STYLED_ITEM ( 'NONE', ( #11235 ), #1225 ) ;
#6588 =( NAMED_UNIT ( * ) PLANE_ANGLE_UNIT ( ) SI_UNIT ( $, .RADIAN. ) );
#6589 = ORIENTED_EDGE ( 'NONE', *, *, #10259, .T. ) ;
#6590 = UNCERTAINTY_MEASURE_WITH_UNIT (LENGTH_MEASURE( 1.000000000000000082E-05 ), #11470, 'distance_accuracy_value', 'NONE');
#6591 = SURFACE_STYLE_USAGE ( .BOTH. , #4659 ) ;
#6592 = LINE ( 'NONE', #8689, #3319 ) ;
#6593 = UNCERTAINTY_MEASURE_WITH_UNIT (LENGTH_MEASURE( 1.000000000000000082E-05 ), #9876, 'distance_accuracy_value', 'NONE');
#6594 = SURFACE_SIDE_STYLE ('',( #598 ) ) ;
#6595 = ORIENTED_EDGE ( 'NONE', *, *, #8809, .T. ) ;
#6596 = ORIENTED_EDGE ( 'NONE', *, *, #11022, .T. ) ;
#6597 = SURFACE_STYLE_USAGE ( .BOTH. , #7344 ) ;
#6598 = ADVANCED_FACE ( 'NONE', ( #7265 ), #10229, .F. ) ;
#6599 = UNCERTAINTY_MEASURE_WITH_UNIT (LENGTH_MEASURE( 1.000000000000000082E-05 ), #9197, 'distance_accuracy_value', 'NONE');
#6600 = LINE ( 'NONE', #9552, #11835 ) ;
#6601 = DIRECTION ( 'NONE',  ( -0.0000000000000000000, -1.000000000000000000, 0.0000000000000000000 ) ) ;
#6602 =( LENGTH_UNIT ( ) NAMED_UNIT ( * ) SI_UNIT ( .MILLI., .METRE. ) );
#6603 = ORIENTED_EDGE ( 'NONE', *, *, #11699, .F. ) ;
#6604 =( NAMED_UNIT ( * ) PLANE_ANGLE_UNIT ( ) SI_UNIT ( $, .RADIAN. ) );
#6605 =( NAMED_UNIT ( * ) SI_UNIT ( $, .STERADIAN. ) SOLID_ANGLE_UNIT ( ) );
#6606 = EDGE_CURVE ( 'NONE', #4072, #6797, #3861, .T. ) ;
#6607 = FILL_AREA_STYLE_COLOUR ( '', #10450 ) ;
#6608 = SURFACE_STYLE_USAGE ( .BOTH. , #11278 ) ;
#6609 = CARTESIAN_POINT ( 'NONE',  ( 10.47999984741199953, 3.809999961852999828, 1.590000000000000080 ) ) ;
#6610 = DIRECTION ( 'NONE',  ( 0.0000000000000000000, 0.0000000000000000000, 1.000000000000000000 ) ) ;
#6611 = CARTESIAN_POINT ( 'NONE',  ( -0.1199999970200000127, 0.3200000000000000067, -3.000000000000000000 ) ) ;
#6612 = DIRECTION ( 'NONE',  ( 0.0000000000000000000, 1.000000000000000000, 1.332267629549999902E-15 ) ) ;
#6613 = VERTEX_POINT ( 'NONE', #5591 ) ;
#6614 = ORIENTED_EDGE ( 'NONE', *, *, #9434, .T. ) ;
#6615 = LINE ( 'NONE', #4751, #7964 ) ;
#6616 = ADVANCED_FACE ( 'NONE', ( #8552 ), #7699, .T. ) ;
#6617 = CARTESIAN_POINT ( 'NONE',  ( 6.349999923706248772, 3.809999961853000716, 0.3250000119207507865 ) ) ;
#6618 = CARTESIAN_POINT ( 'NONE',  ( 14.91999977111800035, 9.609999997019999185, 0.9499999999999999556 ) ) ;
#6619 = PRESENTATION_LAYER_ASSIGNMENT (  '', '', ( #11908 ) ) ;
#6620 = MECHANICAL_DESIGN_GEOMETRIC_PRESENTATION_REPRESENTATION (  '', ( #9491 ), #3546 ) ;
#6621 = MECHANICAL_DESIGN_GEOMETRIC_PRESENTATION_REPRESENTATION (  '', ( #3949 ), #6847 ) ;
#6622 = DIRECTION ( 'NONE',  ( -0.5773502691896252870, -0.5773502691896268413, 0.5773502691896252870 ) ) ;
#6623 = LINE ( 'NONE', #8420, #2946 ) ;
#6624 = CARTESIAN_POINT ( 'NONE',  ( 18.89999972701100006, 1.520000000000000018, 0.1750000059600000102 ) ) ;
#6625 = EDGE_LOOP ( 'NONE', ( #3480, #923, #5148, #8592 ) ) ;
#6626 = SURFACE_STYLE_USAGE ( .BOTH. , #5769 ) ;
#6627 = MECHANICAL_DESIGN_GEOMETRIC_PRESENTATION_REPRESENTATION (  '', ( #306 ), #7017 ) ;
#6628 = AXIS2_PLACEMENT_3D ( 'NONE', #7523, #9399, #8310 ) ;
#6629 = EDGE_LOOP ( 'NONE', ( #1610, #11709, #10096, #5772 ) ) ;
#6630 = LINE ( 'NONE', #10537, #9350 ) ;
#6631 = STYLED_ITEM ( 'NONE', ( #8858 ), #11321 ) ;
#6632 = ORIENTED_EDGE ( 'NONE', *, *, #527, .T. ) ;
#6633 = PLANE ( 'NONE',  #5708 ) ;
#6634 = SURFACE_STYLE_USAGE ( .BOTH. , #1720 ) ;
#6635 = VECTOR ( 'NONE', #9847, 1000.000000000000000 ) ;
#6636 = SURFACE_SIDE_STYLE ('',( #889 ) ) ;
#6637 = UNCERTAINTY_MEASURE_WITH_UNIT (LENGTH_MEASURE( 1.000000000000000082E-05 ), #12511, 'distance_accuracy_value', 'NONE');
#6638 = COLOUR_RGB ( '',1.000000000000000000, 1.000000000000000000, 0.4980392156862745168 ) ;
#6639 = MECHANICAL_DESIGN_GEOMETRIC_PRESENTATION_REPRESENTATION (  '', ( #723 ), #7832 ) ;
#6640 = VECTOR ( 'NONE', #2487, 1000.000000000000114 ) ;
#6641 = CARTESIAN_POINT ( 'NONE',  ( 3.509999949932125052, 1.519999999999998241, 2.515000000000125802 ) ) ;
#6642 =( GEOMETRIC_REPRESENTATION_CONTEXT ( 3 ) GLOBAL_UNCERTAINTY_ASSIGNED_CONTEXT ( ( #12385 ) ) GLOBAL_UNIT_ASSIGNED_CONTEXT ( ( #7952, #6177, #7074 ) ) REPRESENTATION_CONTEXT ( 'NONE', 'WORKASPACE' ) );
#6643 = PRESENTATION_LAYER_ASSIGNMENT (  '', '', ( #6443 ) ) ;
#6644 = VECTOR ( 'NONE', #2322, 1000.000000000000000 ) ;
#6645 = MECHANICAL_DESIGN_GEOMETRIC_PRESENTATION_REPRESENTATION (  '', ( #5405 ), #10730 ) ;
#6646 = ORIENTED_EDGE ( 'NONE', *, *, #8645, .F. ) ;
#6647 = PLANE ( 'NONE',  #3083 ) ;
#6648 = FACE_OUTER_BOUND ( 'NONE', #5827, .T. ) ;
#6649 = ORIENTED_EDGE ( 'NONE', *, *, #12558, .T. ) ;
#6650 = PLANE ( 'NONE',  #10954 ) ;
#6651 = FILL_AREA_STYLE_COLOUR ( '', #2336 ) ;
#6652 = EDGE_LOOP ( 'NONE', ( #9343, #9017, #8626, #6753 ) ) ;
#6653 = VECTOR ( 'NONE', #252, 1000.000000000000000 ) ;
#6654 = AXIS2_PLACEMENT_3D ( 'NONE', #8285, #9379, #2529 ) ;
#6655 = LINE ( 'NONE', #10564, #636 ) ;
#6656 = PRESENTATION_LAYER_ASSIGNMENT (  '', '', ( #2167 ) ) ;
#6657 = SURFACE_STYLE_FILL_AREA ( #2757 ) ;
#6658 = MECHANICAL_DESIGN_GEOMETRIC_PRESENTATION_REPRESENTATION (  '', ( #8069 ), #7666 ) ;
#6659 = COLOUR_RGB ( '',1.000000000000000000, 1.000000000000000000, 0.4980392156862745168 ) ;
#6660 = DIRECTION ( 'NONE',  ( -0.5773502691896253980, -0.5773502691896253980, -0.5773502691896266192 ) ) ;
#6661 = SURFACE_STYLE_FILL_AREA ( #3893 ) ;
#6662 = LINE ( 'NONE', #10753, #4508 ) ;
#6663 = DIRECTION ( 'NONE',  ( -0.0000000000000000000, 1.000000000000000000, 0.0000000000000000000 ) ) ;
#6664 = VECTOR ( 'NONE', #10298, 1000.000000000000000 ) ;
#6665 = EDGE_LOOP ( 'NONE', ( #2558, #214, #9887, #4125, #9286 ) ) ;
#6666 = EDGE_CURVE ( 'NONE', #4206, #11893, #4641, .T. ) ;
#6667 = CARTESIAN_POINT ( 'NONE',  ( 13.01999980926500200, 1.270000000000000018, 1.590000000000000080 ) ) ;
#6668 = MECHANICAL_DESIGN_GEOMETRIC_PRESENTATION_REPRESENTATION (  '', ( #1166 ), #1417 ) ;
#6669 = SURFACE_STYLE_USAGE ( .BOTH. , #5814 ) ;
#6670 = COLOUR_RGB ( '',1.000000000000000000, 1.000000000000000000, 0.4980392156862745168 ) ;
#6671 = SURFACE_SIDE_STYLE ('',( #1876 ) ) ;
#6672 = DIRECTION ( 'NONE',  ( 0.0000000000000000000, -0.0000000000000000000, -1.000000000000000000 ) ) ;
#6673 = PRESENTATION_STYLE_ASSIGNMENT (( #4994 ) ) ;
#6674 = LINE ( 'NONE', #7734, #3167 ) ;
#6675 = EDGE_LOOP ( 'NONE', ( #1526, #10862, #4627, #3839, #5547, #5874, #10904, #5944 ) ) ;
#6676 = CARTESIAN_POINT ( 'NONE',  ( -1.270000000000000018, 1.520000000000000018, 0.02500000000000000139 ) ) ;
#6677 = ORIENTED_EDGE ( 'NONE', *, *, #7102, .F. ) ;
#6678 = STYLED_ITEM ( 'NONE', ( #96 ), #10704 ) ;
#6679 = EDGE_LOOP ( 'NONE', ( #1259, #9571, #1575, #3557, #9678 ) ) ;
#6680 = AXIS2_PLACEMENT_3D ( 'NONE', #9794, #86, #3948 ) ;
#6681 = CARTESIAN_POINT ( 'NONE',  ( 1.270000000000000018, 1.520000000000000018, 0.02500000000000000139 ) ) ;
#6682 = VECTOR ( 'NONE', #5570, 1000.000000000000000 ) ;
#6683 =( LENGTH_UNIT ( ) NAMED_UNIT ( * ) SI_UNIT ( .MILLI., .METRE. ) );
#6684 = SURFACE_SIDE_STYLE ('',( #7372 ) ) ;
#6685 = DIRECTION ( 'NONE',  ( 0.0000000000000000000, 1.000000000000000000, -0.0000000000000000000 ) ) ;
#6686 = ADVANCED_FACE ( 'NONE', ( #1897 ), #12429, .F. ) ;
#6687 = CARTESIAN_POINT ( 'NONE',  ( 1.419999967812999975, 1.520000000000000018, 2.364999994040000164 ) ) ;
#6688 = MECHANICAL_DESIGN_GEOMETRIC_PRESENTATION_REPRESENTATION (  '', ( #184 ), #11577 ) ;
#6689 = DIRECTION ( 'NONE',  ( -1.000000000000000000, -0.0000000000000000000, -0.0000000000000000000 ) ) ;
#6690 = COLOUR_RGB ( '',1.000000000000000000, 1.000000000000000000, 0.4980392156862745168 ) ;
#6691 =( GEOMETRIC_REPRESENTATION_CONTEXT ( 3 ) GLOBAL_UNCERTAINTY_ASSIGNED_CONTEXT ( ( #9536 ) ) GLOBAL_UNIT_ASSIGNED_CONTEXT ( ( #10879, #4722, #9654 ) ) REPRESENTATION_CONTEXT ( 'NONE', 'WORKASPACE' ) );
#6692 = FILL_AREA_STYLE_COLOUR ( '', #4190 ) ;
#6693 = ADVANCED_FACE ( 'NONE', ( #10902 ), #2217, .F. ) ;
#6694 = LINE ( 'NONE', #7697, #105 ) ;
#6695 = EDGE_LOOP ( 'NONE', ( #11564, #2930, #622, #885 ) ) ;
#6696 =( LENGTH_UNIT ( ) NAMED_UNIT ( * ) SI_UNIT ( .MILLI., .METRE. ) );
#6697 = ORIENTED_EDGE ( 'NONE', *, *, #10489, .F. ) ;
#6698 = LINE ( 'NONE', #12557, #9554 ) ;
#6699 = PRESENTATION_STYLE_ASSIGNMENT (( #9701 ) ) ;
#6700 = EDGE_LOOP ( 'NONE', ( #5913, #1245, #1698, #8553, #6145 ) ) ;
#6701 = FACE_OUTER_BOUND ( 'NONE', #10413, .T. ) ;
#6702 = CARTESIAN_POINT ( 'NONE',  ( 2.219999961852999970, 1.820000011921000249, 1.590000000000000080 ) ) ;
#6703 = FACE_OUTER_BOUND ( 'NONE', #313, .T. ) ;
#6704 = UNCERTAINTY_MEASURE_WITH_UNIT (LENGTH_MEASURE( 1.000000000000000082E-05 ), #383, 'distance_accuracy_value', 'NONE');
#6705 = CARTESIAN_POINT ( 'NONE',  ( 14.26999978303900107, 1.519999999999998241, 2.514999999999999680 ) ) ;
#6706 = ORIENTED_EDGE ( 'NONE', *, *, #11605, .F. ) ;
#6707 = DIRECTION ( 'NONE',  ( 0.0000000000000000000, 1.618928404167999991E-15, -1.000000000000000000 ) ) ;
#6708 =( LENGTH_UNIT ( ) NAMED_UNIT ( * ) SI_UNIT ( .MILLI., .METRE. ) );
#6709 =( LENGTH_UNIT ( ) NAMED_UNIT ( * ) SI_UNIT ( .MILLI., .METRE. ) );
#6710 = UNCERTAINTY_MEASURE_WITH_UNIT (LENGTH_MEASURE( 1.000000000000000082E-05 ), #11735, 'distance_accuracy_value', 'NONE');
#6711 = CARTESIAN_POINT ( 'NONE',  ( 1.269999961853000015, 1.520000000000000018, 2.214999988079000115 ) ) ;
#6712 = EDGE_LOOP ( 'NONE', ( #5931, #3770, #11803, #80 ) ) ;
#6713 = PRESENTATION_STYLE_ASSIGNMENT (( #11393 ) ) ;
#6714 = PLANE ( 'NONE',  #4563 ) ;
#6715 = ORIENTED_EDGE ( 'NONE', *, *, #3762, .F. ) ;
#6716 = VECTOR ( 'NONE', #916, 1000.000000000000000 ) ;
#6717 = DIRECTION ( 'NONE',  ( -0.0000000000000000000, -1.000000000000000000, -0.0000000000000000000 ) ) ;
#6718 = DIRECTION ( 'NONE',  ( 0.0000000000000000000, 1.000000000000000000, 1.332267629549999902E-15 ) ) ;
#6719 = SURFACE_STYLE_FILL_AREA ( #3889 ) ;
#6720 = DIRECTION ( 'NONE',  ( -0.0000000000000000000, -1.000000000000000000, 0.0000000000000000000 ) ) ;
#6721 = ADVANCED_FACE ( 'NONE', ( #9002 ), #5901, .T. ) ;
#6722 = SURFACE_STYLE_FILL_AREA ( #3832 ) ;
#6723 = COLOUR_RGB ( '',0.09411764705882352811, 0.09411764705882352811, 0.09411764705882352811 ) ;
#6724 = CARTESIAN_POINT ( 'NONE',  ( 11.42999980926500037, 1.520000000000000018, 2.214999988079000115 ) ) ;
#6725 = SURFACE_STYLE_USAGE ( .BOTH. , #7842 ) ;
#6726 = EDGE_CURVE ( 'NONE', #624, #4083, #11985, .T. ) ;
#6727 = VERTEX_POINT ( 'NONE', #3243 ) ;
#6728 = CARTESIAN_POINT ( 'NONE',  ( 4.959999926685999760, 9.810000000000000497, 1.389999997019999878 ) ) ;
#6729 = COLOUR_RGB ( '',0.09411764705882352811, 0.09411764705882352811, 0.09411764705882352811 ) ;
#6730 = CARTESIAN_POINT ( 'NONE',  ( 16.50999973297099999, 1.820000011921002026, 0.9499999999999998446 ) ) ;
#6731 = LINE ( 'NONE', #5119, #12193 ) ;
#6732 = EDGE_CURVE ( 'NONE', #10977, #12191, #8798, .T. ) ;
#6733 = CARTESIAN_POINT ( 'NONE',  ( 1.269999961853000015, 1.520000000000000018, 0.02500000000000000139 ) ) ;
#6734 = PRESENTATION_STYLE_ASSIGNMENT (( #10577 ) ) ;
#6735 = EDGE_LOOP ( 'NONE', ( #8184, #8939, #6596, #2684 ) ) ;
#6736 = VECTOR ( 'NONE', #11764, 1000.000000000000000 ) ;
#6737 = LINE ( 'NONE', #4874, #9687 ) ;
#6738 = ORIENTED_EDGE ( 'NONE', *, *, #9813, .T. ) ;
#6739 = VERTEX_POINT ( 'NONE', #1129 ) ;
#6740 = CARTESIAN_POINT ( 'NONE',  ( 0.3200000000000000067, 9.609999997019999185, 1.590000000000000080 ) ) ;
#6741 = ORIENTED_EDGE ( 'NONE', *, *, #7608, .T. ) ;
#6742 = VECTOR ( 'NONE', #4610, 1000.000000000000000 ) ;
#6743 = DIRECTION ( 'NONE',  ( 1.000000000000000000, 0.0000000000000000000, -0.0000000000000000000 ) ) ;
#6744 =( NAMED_UNIT ( * ) SI_UNIT ( $, .STERADIAN. ) SOLID_ANGLE_UNIT ( ) );
#6745 =( NAMED_UNIT ( * ) SI_UNIT ( $, .STERADIAN. ) SOLID_ANGLE_UNIT ( ) );
#6746 =( NAMED_UNIT ( * ) PLANE_ANGLE_UNIT ( ) SI_UNIT ( $, .RADIAN. ) );
#6747 =( GEOMETRIC_REPRESENTATION_CONTEXT ( 3 ) GLOBAL_UNCERTAINTY_ASSIGNED_CONTEXT ( ( #12198 ) ) GLOBAL_UNIT_ASSIGNED_CONTEXT ( ( #3521, #7477, #7597 ) ) REPRESENTATION_CONTEXT ( 'NONE', 'WORKASPACE' ) );
#6748 = CARTESIAN_POINT ( 'NONE',  ( 2.859999961853000094, 1.270000000000000018, 1.589999999999999858 ) ) ;
#6749 = LINE ( 'NONE', #7749, #658 ) ;
#6750 = COLOUR_RGB ( '',0.09411764705882352811, 0.09411764705882352811, 0.09411764705882352811 ) ;
#6751 = FILL_AREA_STYLE ('',( #6692 ) ) ;
#6752 =( NAMED_UNIT ( * ) SI_UNIT ( $, .STERADIAN. ) SOLID_ANGLE_UNIT ( ) );
#6753 = ORIENTED_EDGE ( 'NONE', *, *, #5032, .F. ) ;
#6754 = SURFACE_STYLE_USAGE ( .BOTH. , #8669 ) ;
#6755 =( GEOMETRIC_REPRESENTATION_CONTEXT ( 3 ) GLOBAL_UNCERTAINTY_ASSIGNED_CONTEXT ( ( #8754 ) ) GLOBAL_UNIT_ASSIGNED_CONTEXT ( ( #1056, #5951, #8070 ) ) REPRESENTATION_CONTEXT ( 'NONE', 'WORKASPACE' ) );
#6756 = ORIENTED_EDGE ( 'NONE', *, *, #10478, .F. ) ;
#6757 = EDGE_CURVE ( 'NONE', #9256, #7310, #3114, .T. ) ;
#6758 = ORIENTED_EDGE ( 'NONE', *, *, #7135, .T. ) ;
#6759 = CARTESIAN_POINT ( 'NONE',  ( 4.759999923706000224, 1.270000000000000018, -4.440892098500999885E-16 ) ) ;
#6760 = PLANE ( 'NONE',  #3956 ) ;
#6761 = ORIENTED_EDGE ( 'NONE', *, *, #4993, .T. ) ;
#6762 = LINE ( 'NONE', #5965, #10350 ) ;
#6763 = FACE_OUTER_BOUND ( 'NONE', #1825, .T. ) ;
#6764 =( GEOMETRIC_REPRESENTATION_CONTEXT ( 3 ) GLOBAL_UNCERTAINTY_ASSIGNED_CONTEXT ( ( #9901 ) ) GLOBAL_UNIT_ASSIGNED_CONTEXT ( ( #6921, #111, #2206 ) ) REPRESENTATION_CONTEXT ( 'NONE', 'WORKASPACE' ) );
#6765 = ADVANCED_FACE ( 'NONE', ( #2527 ), #4498, .T. ) ;
#6766 = UNCERTAINTY_MEASURE_WITH_UNIT (LENGTH_MEASURE( 1.000000000000000082E-05 ), #10411, 'distance_accuracy_value', 'NONE');
#6767 = ADVANCED_FACE ( 'NONE', ( #11093 ), #6293, .T. ) ;
#6768 = STYLED_ITEM ( 'NONE', ( #12331 ), #3518 ) ;
#6769 =( NAMED_UNIT ( * ) PLANE_ANGLE_UNIT ( ) SI_UNIT ( $, .RADIAN. ) );
#6770 = CARTESIAN_POINT ( 'NONE',  ( 6.349999885558999857, 1.820000011921002026, 0.9499999999999998446 ) ) ;
#6771 = VERTEX_POINT ( 'NONE', #572 ) ;
#6772 = CARTESIAN_POINT ( 'NONE',  ( 7.299999885559000035, 9.810000000000000497, 1.389999997020000100 ) ) ;
#6773 =( LENGTH_UNIT ( ) NAMED_UNIT ( * ) SI_UNIT ( .MILLI., .METRE. ) );
#6774 = ORIENTED_EDGE ( 'NONE', *, *, #12601, .T. ) ;
#6775 = FILL_AREA_STYLE_COLOUR ( '', #4410 ) ;
#6776 = VECTOR ( 'NONE', #2513, 1000.000000000000000 ) ;
#6777 = FACE_OUTER_BOUND ( 'NONE', #2501, .T. ) ;
#6778 = ORIENTED_EDGE ( 'NONE', *, *, #1855, .F. ) ;
#6779 = DIRECTION ( 'NONE',  ( 1.000000000000000000, -0.0000000000000000000, -0.0000000000000000000 ) ) ;
#6780 = DIRECTION ( 'NONE',  ( 0.0000000000000000000, -1.510616709811000052E-15, 1.000000000000000000 ) ) ;
#6781 =( GEOMETRIC_REPRESENTATION_CONTEXT ( 3 ) GLOBAL_UNCERTAINTY_ASSIGNED_CONTEXT ( ( #6462 ) ) GLOBAL_UNIT_ASSIGNED_CONTEXT ( ( #4473, #10243, #5624 ) ) REPRESENTATION_CONTEXT ( 'NONE', 'WORKASPACE' ) );
#6782 =( GEOMETRIC_REPRESENTATION_CONTEXT ( 3 ) GLOBAL_UNCERTAINTY_ASSIGNED_CONTEXT ( ( #698 ) ) GLOBAL_UNIT_ASSIGNED_CONTEXT ( ( #6160, #6356, #309 ) ) REPRESENTATION_CONTEXT ( 'NONE', 'WORKASPACE' ) );
#6783 = CARTESIAN_POINT ( 'NONE',  ( 17.65999973595100059, 9.810000000000000497, 1.150000002980000158 ) ) ;
#6784 = CARTESIAN_POINT ( 'NONE',  ( 7.939999885558998827, 3.809999961852999828, 0.9499999999999999556 ) ) ;
#6785 = EDGE_LOOP ( 'NONE', ( #9488, #8373, #4363, #10790 ) ) ;
#6786 = VECTOR ( 'NONE', #9884, 1000.000000000000000 ) ;
#6787 = LINE ( 'NONE', #11834, #8786 ) ;
#6788 = PLANE ( 'NONE',  #6970 ) ;
#6789 =( LENGTH_UNIT ( ) NAMED_UNIT ( * ) SI_UNIT ( .MILLI., .METRE. ) );
#6790 = EDGE_CURVE ( 'NONE', #5885, #694, #11285, .T. ) ;
#6791 = CARTESIAN_POINT ( 'NONE',  ( 13.01999980926500200, 0.3200000000000000067, -2.799999997020000020 ) ) ;
#6792 = EDGE_CURVE ( 'NONE', #11752, #8804, #5206, .T. ) ;
#6793 = SURFACE_SIDE_STYLE ('',( #11648 ) ) ;
#6794 = DIRECTION ( 'NONE',  ( -0.0000000000000000000, -0.0000000000000000000, -1.000000000000000000 ) ) ;
#6795 = VERTEX_POINT ( 'NONE', #8157 ) ;
#6796 = PRESENTATION_LAYER_ASSIGNMENT (  '', '', ( #12298 ) ) ;
#6797 = VERTEX_POINT ( 'NONE', #12038 ) ;
#6798 = ORIENTED_EDGE ( 'NONE', *, *, #7791, .T. ) ;
#6799 = VERTEX_POINT ( 'NONE', #8349 ) ;
#6800 =( NAMED_UNIT ( * ) PLANE_ANGLE_UNIT ( ) SI_UNIT ( $, .RADIAN. ) );
#6801 = DIRECTION ( 'NONE',  ( 0.0000000000000000000, -1.000000000000000000, -0.0000000000000000000 ) ) ;
#6802 = FILL_AREA_STYLE_COLOUR ( '', #9423 ) ;
#6803 = DIRECTION ( 'NONE',  ( 0.0000000000000000000, 0.0000000000000000000, 1.000000000000000000 ) ) ;
#6804 = LINE ( 'NONE', #5842, #6040 ) ;
#6805 =( NAMED_UNIT ( * ) SI_UNIT ( $, .STERADIAN. ) SOLID_ANGLE_UNIT ( ) );
#6806 = SURFACE_STYLE_USAGE ( .BOTH. , #2137 ) ;
#6807 = DIRECTION ( 'NONE',  ( 0.0000000000000000000, 0.0000000000000000000, 1.000000000000000000 ) ) ;
#6808 = ORIENTED_EDGE ( 'NONE', *, *, #9744, .F. ) ;
#6809 =( NAMED_UNIT ( * ) PLANE_ANGLE_UNIT ( ) SI_UNIT ( $, .RADIAN. ) );
#6810 = VERTEX_POINT ( 'NONE', #500 ) ;
#6811 = CARTESIAN_POINT ( 'NONE',  ( 10.47999984741199953, -0.3199999999999999512, -2.799999997020000020 ) ) ;
#6812 =( NAMED_UNIT ( * ) SI_UNIT ( $, .STERADIAN. ) SOLID_ANGLE_UNIT ( ) );
#6813 =( NAMED_UNIT ( * ) PLANE_ANGLE_UNIT ( ) SI_UNIT ( $, .RADIAN. ) );
#6814 = VECTOR ( 'NONE', #4257, 1000.000000000000000 ) ;
#6815 = DIRECTION ( 'NONE',  ( 1.000000000000000000, 0.0000000000000000000, -0.0000000000000000000 ) ) ;
#6816 = UNCERTAINTY_MEASURE_WITH_UNIT (LENGTH_MEASURE( 1.000000000000000082E-05 ), #9797, 'distance_accuracy_value', 'NONE');
#6817 = SURFACE_STYLE_FILL_AREA ( #11815 ) ;
#6818 =( GEOMETRIC_REPRESENTATION_CONTEXT ( 3 ) GLOBAL_UNCERTAINTY_ASSIGNED_CONTEXT ( ( #7959 ) ) GLOBAL_UNIT_ASSIGNED_CONTEXT ( ( #5131, #9177, #1375 ) ) REPRESENTATION_CONTEXT ( 'NONE', 'WORKASPACE' ) );
#6819 = PRESENTATION_STYLE_ASSIGNMENT (( #3000 ) ) ;
#6820 = ORIENTED_EDGE ( 'NONE', *, *, #12520, .F. ) ;
#6821 = FACE_OUTER_BOUND ( 'NONE', #5457, .T. ) ;
#6822 = PRESENTATION_LAYER_ASSIGNMENT (  '', '', ( #11318 ) ) ;
#6823 = UNCERTAINTY_MEASURE_WITH_UNIT (LENGTH_MEASURE( 1.000000000000000082E-05 ), #10614, 'distance_accuracy_value', 'NONE');
#6824 = EDGE_CURVE ( 'NONE', #3541, #6799, #11227, .T. ) ;
#6825 = ORIENTED_EDGE ( 'NONE', *, *, #4325, .F. ) ;
#6826 = FACE_OUTER_BOUND ( 'NONE', #12170, .T. ) ;
#6827 = DIRECTION ( 'NONE',  ( 0.0000000000000000000, 1.000000000000000000, 0.0000000000000000000 ) ) ;
#6828 = VECTOR ( 'NONE', #9114, 1000.000000000000000 ) ;
#6829 = CARTESIAN_POINT ( 'NONE',  ( 3.809999923706000047, 1.520000000000000018, 0.02500000000000000139 ) ) ;
#6830 = CARTESIAN_POINT ( 'NONE',  ( 11.27999984145200152, 1.520000000000000018, 0.1750000059600000102 ) ) ;
#6831 = COLOUR_RGB ( '',0.09411764705882352811, 0.09411764705882352811, 0.09411764705882352811 ) ;
#6832 =( NAMED_UNIT ( * ) SI_UNIT ( $, .STERADIAN. ) SOLID_ANGLE_UNIT ( ) );
#6833 = VECTOR ( 'NONE', #11795, 1000.000000000000114 ) ;
#6834 = VECTOR ( 'NONE', #8966, 1000.000000000000000 ) ;
#6835 = PRESENTATION_LAYER_ASSIGNMENT (  '', '', ( #7436 ) ) ;
#6836 =( NAMED_UNIT ( * ) PLANE_ANGLE_UNIT ( ) SI_UNIT ( $, .RADIAN. ) );
#6837 = FACE_OUTER_BOUND ( 'NONE', #6573, .T. ) ;
#6838 = FILL_AREA_STYLE_COLOUR ( '', #3111 ) ;
#6839 =( NAMED_UNIT ( * ) PLANE_ANGLE_UNIT ( ) SI_UNIT ( $, .RADIAN. ) );
#6840 = VECTOR ( 'NONE', #11629, 1000.000000000000000 ) ;
#6841 = ADVANCED_FACE ( 'NONE', ( #12167 ), #3481, .T. ) ;
#6842 = SURFACE_STYLE_USAGE ( .BOTH. , #3836 ) ;
#6843 =( GEOMETRIC_REPRESENTATION_CONTEXT ( 3 ) GLOBAL_UNCERTAINTY_ASSIGNED_CONTEXT ( ( #9410 ) ) GLOBAL_UNIT_ASSIGNED_CONTEXT ( ( #1467, #4191, #11044 ) ) REPRESENTATION_CONTEXT ( 'NONE', 'WORKASPACE' ) );
#6844 = VERTEX_POINT ( 'NONE', #7558 ) ;
#6845 = VERTEX_POINT ( 'NONE', #5516 ) ;
#6846 = COLOUR_RGB ( '',0.09411764705882352811, 0.09411764705882352811, 0.09411764705882352811 ) ;
#6847 =( GEOMETRIC_REPRESENTATION_CONTEXT ( 3 ) GLOBAL_UNCERTAINTY_ASSIGNED_CONTEXT ( ( #6766 ) ) GLOBAL_UNIT_ASSIGNED_CONTEXT ( ( #10411, #7317, #1524 ) ) REPRESENTATION_CONTEXT ( 'NONE', 'WORKASPACE' ) );
#6848 = AXIS2_PLACEMENT_3D ( 'NONE', #12190, #7322, #11183 ) ;
#6849 =( NAMED_UNIT ( * ) PLANE_ANGLE_UNIT ( ) SI_UNIT ( $, .RADIAN. ) );
#6850 = PRESENTATION_LAYER_ASSIGNMENT (  '', '', ( #5221 ) ) ;
#6851 = DIRECTION ( 'NONE',  ( 0.7071067811865475727, 0.0000000000000000000, -0.7071067811865475727 ) ) ;
#6852 = AXIS2_PLACEMENT_3D ( 'NONE', #10142, #1198, #5200 ) ;
#6853 = AXIS2_PLACEMENT_3D ( 'NONE', #7726, #11459, #4867 ) ;
#6854 = PRESENTATION_STYLE_ASSIGNMENT (( #9501 ) ) ;
#6855 = PLANE ( 'NONE',  #10526 ) ;
#6856 = ORIENTED_EDGE ( 'NONE', *, *, #4446, .T. ) ;
#6857 = VERTEX_POINT ( 'NONE', #6497 ) ;
#6858 = VERTEX_POINT ( 'NONE', #8538 ) ;
#6859 = SURFACE_SIDE_STYLE ('',( #6147 ) ) ;
#6860 = ORIENTED_EDGE ( 'NONE', *, *, #1323, .F. ) ;
#6861 = STYLED_ITEM ( 'NONE', ( #872 ), #10376 ) ;
#6862 = CARTESIAN_POINT ( 'NONE',  ( 13.01999980926500200, 9.609999997019999185, 1.590000000000000080 ) ) ;
#6863 =( NAMED_UNIT ( * ) PLANE_ANGLE_UNIT ( ) SI_UNIT ( $, .RADIAN. ) );
#6864 = DIRECTION ( 'NONE',  ( -0.0000000000000000000, 1.000000000000000000, 1.510616709811000052E-15 ) ) ;
#6865 = AXIS2_PLACEMENT_3D ( 'NONE', #7337, #11311, #2560 ) ;
#6866 = DIRECTION ( 'NONE',  ( -1.000000000000000000, -0.0000000000000000000, 0.0000000000000000000 ) ) ;
#6867 = LINE ( 'NONE', #10779, #12124 ) ;
#6868 = FACE_OUTER_BOUND ( 'NONE', #12205, .T. ) ;
#6869 = VECTOR ( 'NONE', #379, 1000.000000000000000 ) ;
#6870 = FILL_AREA_STYLE_COLOUR ( '', #1437 ) ;
#6871 = FILL_AREA_STYLE_COLOUR ( '', #3980 ) ;
#6872 = MECHANICAL_DESIGN_GEOMETRIC_PRESENTATION_REPRESENTATION (  '', ( #12384 ), #7673 ) ;
#6873 = EDGE_LOOP ( 'NONE', ( #1262, #10432, #1013, #9962 ) ) ;
#6874 = STYLED_ITEM ( 'NONE', ( #4271 ), #4424 ) ;
#6875 = ADVANCED_FACE ( 'NONE', ( #7502 ), #2944, .F. ) ;
#6876 = EDGE_LOOP ( 'NONE', ( #2504, #6939, #6418, #9904, #7389, #10676, #9413, #7756 ) ) ;
#6877 = CARTESIAN_POINT ( 'NONE',  ( 0.9699999880791245754, 1.519999999999998241, 2.515000000000125802 ) ) ;
#6878 = VERTEX_POINT ( 'NONE', #1699 ) ;
#6879 = DIRECTION ( 'NONE',  ( 0.7071067811865475727, -0.7071067811865475727, 0.0000000000000000000 ) ) ;
#6880 =( GEOMETRIC_REPRESENTATION_CONTEXT ( 3 ) GLOBAL_UNCERTAINTY_ASSIGNED_CONTEXT ( ( #10554 ) ) GLOBAL_UNIT_ASSIGNED_CONTEXT ( ( #9616, #8776, #7552 ) ) REPRESENTATION_CONTEXT ( 'NONE', 'WORKASPACE' ) );
#6881 = DIRECTION ( 'NONE',  ( -0.0000000000000000000, 0.0000000000000000000, -1.000000000000000000 ) ) ;
#6882 = VECTOR ( 'NONE', #5373, 1000.000000000000000 ) ;
#6883 = STYLED_ITEM ( 'NONE', ( #9439 ), #3841 ) ;
#6884 = EDGE_CURVE ( 'NONE', #10815, #5329, #744, .T. ) ;
#6885 = LINE ( 'NONE', #73, #8041 ) ;
#6886 = ORIENTED_EDGE ( 'NONE', *, *, #2554, .T. ) ;
#6887 = PRESENTATION_STYLE_ASSIGNMENT (( #5784 ) ) ;
#6888 = DIRECTION ( 'NONE',  ( -0.0000000000000000000, -0.0000000000000000000, -1.000000000000000000 ) ) ;
#6889 = STYLED_ITEM ( 'NONE', ( #1345 ), #8628 ) ;
#6890 =( LENGTH_UNIT ( ) NAMED_UNIT ( * ) SI_UNIT ( .MILLI., .METRE. ) );
#6891 = ORIENTED_EDGE ( 'NONE', *, *, #11894, .F. ) ;
#6892 =( NAMED_UNIT ( * ) PLANE_ANGLE_UNIT ( ) SI_UNIT ( $, .RADIAN. ) );
#6893 = CARTESIAN_POINT ( 'NONE',  ( 9.189999859332999677, 1.520000000000000018, 0.02500000000000018874 ) ) ;
#6894 = FACE_OUTER_BOUND ( 'NONE', #3554, .T. ) ;
#6895 = PRESENTATION_STYLE_ASSIGNMENT (( #3008 ) ) ;
#6896 = DIRECTION ( 'NONE',  ( 0.7071067811865474617, 0.0000000000000000000, -0.7071067811865474617 ) ) ;
#6897 = DIRECTION ( 'NONE',  ( 0.0000000000000000000, 0.0000000000000000000, 1.000000000000000000 ) ) ;
#6898 =( NAMED_UNIT ( * ) SI_UNIT ( $, .STERADIAN. ) SOLID_ANGLE_UNIT ( ) );
#6899 = SURFACE_SIDE_STYLE ('',( #9798 ) ) ;
#6900 =( LENGTH_UNIT ( ) NAMED_UNIT ( * ) SI_UNIT ( .MILLI., .METRE. ) );
#6901 = VERTEX_POINT ( 'NONE', #10756 ) ;
#6902 = ORIENTED_EDGE ( 'NONE', *, *, #5413, .F. ) ;
#6903 = FILL_AREA_STYLE ('',( #285 ) ) ;
#6904 = ADVANCED_FACE ( 'NONE', ( #9570, #1997 ), #805, .T. ) ;
#6905 = DIRECTION ( 'NONE',  ( 1.000000000000000000, 0.0000000000000000000, -0.0000000000000000000 ) ) ;
#6906 = SURFACE_SIDE_STYLE ('',( #9862 ) ) ;
#6907 = ADVANCED_FACE ( 'NONE', ( #2182, #1353 ), #7203, .T. ) ;
#6908 = DIRECTION ( 'NONE',  ( -0.0000000000000000000, -1.000000000000000000, -1.332267629549999902E-15 ) ) ;
#6909 = FILL_AREA_STYLE ('',( #6076 ) ) ;
#6910 = PLANE ( 'NONE',  #8707 ) ;
#6911 = ORIENTED_EDGE ( 'NONE', *, *, #11463, .F. ) ;
#6912 = UNCERTAINTY_MEASURE_WITH_UNIT (LENGTH_MEASURE( 1.000000000000000082E-05 ), #4167, 'distance_accuracy_value', 'NONE');
#6913 = FILL_AREA_STYLE_COLOUR ( '', #6016 ) ;
#6914 = ORIENTED_EDGE ( 'NONE', *, *, #9229, .T. ) ;
#6915 = EDGE_CURVE ( 'NONE', #2148, #9234, #6964, .T. ) ;
#6916 = EDGE_LOOP ( 'NONE', ( #5714, #10570, #5399, #6467 ) ) ;
#6917 = CARTESIAN_POINT ( 'NONE',  ( 3.809999923706000047, 1.520000000000000018, 2.214999988079000115 ) ) ;
#6918 = EDGE_LOOP ( 'NONE', ( #1641, #8469, #1605, #11655 ) ) ;
#6919 = ADVANCED_FACE ( 'NONE', ( #7024 ), #6126, .T. ) ;
#6920 = SURFACE_SIDE_STYLE ('',( #5073 ) ) ;
#6921 =( LENGTH_UNIT ( ) NAMED_UNIT ( * ) SI_UNIT ( .MILLI., .METRE. ) );
#6922 = CARTESIAN_POINT ( 'NONE',  ( 15.01999977260799923, -0.3200000000000000067, -2.899999998509999788 ) ) ;
#6923 =( LENGTH_UNIT ( ) NAMED_UNIT ( * ) SI_UNIT ( .MILLI., .METRE. ) );
#6924 = EDGE_CURVE ( 'NONE', #6184, #3869, #4207, .T. ) ;
#6925 = CARTESIAN_POINT ( 'NONE',  ( 0.3200000000000000067, 1.270000000000000018, 0.9499999999999999556 ) ) ;
#6926 = STYLED_ITEM ( 'NONE', ( #4836 ), #2157 ) ;
#6927 = SURFACE_STYLE_USAGE ( .BOTH. , #7177 ) ;
#6928 = FACE_OUTER_BOUND ( 'NONE', #3998, .T. ) ;
#6929 = CARTESIAN_POINT ( 'NONE',  ( -0.3200000000000000067, 0.3199999999999999512, -2.799999997020000020 ) ) ;
#6930 = ORIENTED_EDGE ( 'NONE', *, *, #8996, .T. ) ;
#6931 = ADVANCED_FACE ( 'NONE', ( #10431 ), #4536, .T. ) ;
#6932 = DIRECTION ( 'NONE',  ( -1.000000000000000000, -0.0000000000000000000, -0.0000000000000000000 ) ) ;
#6933 =( GEOMETRIC_REPRESENTATION_CONTEXT ( 3 ) GLOBAL_UNCERTAINTY_ASSIGNED_CONTEXT ( ( #7346 ) ) GLOBAL_UNIT_ASSIGNED_CONTEXT ( ( #7848, #5574, #1036 ) ) REPRESENTATION_CONTEXT ( 'NONE', 'WORKASPACE' ) );
#6934 = VERTEX_POINT ( 'NONE', #7401 ) ;
#6935 = DIRECTION ( 'NONE',  ( 0.0000000000000000000, 1.000000000000000000, 1.332267629549999902E-15 ) ) ;
#6936 = EDGE_LOOP ( 'NONE', ( #9926, #2030, #4747, #5905 ) ) ;
#6937 =( GEOMETRIC_REPRESENTATION_CONTEXT ( 3 ) GLOBAL_UNCERTAINTY_ASSIGNED_CONTEXT ( ( #10665 ) ) GLOBAL_UNIT_ASSIGNED_CONTEXT ( ( #4144, #9919, #411 ) ) REPRESENTATION_CONTEXT ( 'NONE', 'WORKASPACE' ) );
#6938 =( NAMED_UNIT ( * ) SI_UNIT ( $, .STERADIAN. ) SOLID_ANGLE_UNIT ( ) );
#6939 = ORIENTED_EDGE ( 'NONE', *, *, #6020, .T. ) ;
#6940 = DIRECTION ( 'NONE',  ( -1.000000000000000000, 0.0000000000000000000, -0.0000000000000000000 ) ) ;
#6941 = EDGE_CURVE ( 'NONE', #11286, #5831, #1675, .T. ) ;
#6942 = PRODUCT_DEFINITION ( 'UNKNOWN', '', #2773, #7042 ) ;
#6943 = STYLED_ITEM ( 'NONE', ( #2251 ), #5543 ) ;
#6944 = CARTESIAN_POINT ( 'NONE',  ( 10.47999984741199953, 9.709999998510001618, 1.489999998510000090 ) ) ;
#6945 = ADVANCED_FACE ( 'NONE', ( #1488 ), #7538, .T. ) ;
#6946 = MECHANICAL_DESIGN_GEOMETRIC_PRESENTATION_REPRESENTATION (  '', ( #843 ), #12249 ) ;
#6947 = CARTESIAN_POINT ( 'NONE',  ( 9.839999847412000733, 1.270000000000000018, -4.440892098500999885E-16 ) ) ;
#6948 = ORIENTED_EDGE ( 'NONE', *, *, #2496, .F. ) ;
#6949 = DIRECTION ( 'NONE',  ( 1.000000000000000000, 0.0000000000000000000, -0.0000000000000000000 ) ) ;
#6950 = LINE ( 'NONE', #5915, #7375 ) ;
#6951 = UNCERTAINTY_MEASURE_WITH_UNIT (LENGTH_MEASURE( 1.000000000000000082E-05 ), #1235, 'distance_accuracy_value', 'NONE');
#6952 = ORIENTED_EDGE ( 'NONE', *, *, #9003, .T. ) ;
#6953 = CARTESIAN_POINT ( 'NONE',  ( 0.3199999999999999512, 1.820000011921000471, 1.589999999999999414 ) ) ;
#6954 = FILL_AREA_STYLE ('',( #7965 ) ) ;
#6955 =( LENGTH_UNIT ( ) NAMED_UNIT ( * ) SI_UNIT ( .MILLI., .METRE. ) );
#6956 =( NAMED_UNIT ( * ) PLANE_ANGLE_UNIT ( ) SI_UNIT ( $, .RADIAN. ) );
#6957 = SURFACE_STYLE_USAGE ( .BOTH. , #5925 ) ;
#6958 = CARTESIAN_POINT ( 'NONE',  ( 15.55999977111799915, 3.809999961852999828, 1.590000000000000080 ) ) ;
#6959 = CARTESIAN_POINT ( 'NONE',  ( 9.039999853373002381, 3.809999961853000716, 0.1750000059600015367 ) ) ;
#6960 = CARTESIAN_POINT ( 'NONE',  ( -1.270000000000000018, 3.809999961852995831, 2.515000000000000124 ) ) ;
#6961 = MECHANICAL_DESIGN_GEOMETRIC_PRESENTATION_REPRESENTATION (  '', ( #6768 ), #10048 ) ;
#6962 = CARTESIAN_POINT ( 'NONE',  ( 0.3199999999999999512, 3.809999961852999384, 0.9499999999999999556 ) ) ;
#6963 = VERTEX_POINT ( 'NONE', #4332 ) ;
#6964 = LINE ( 'NONE', #3144, #5499 ) ;
#6965 = EDGE_LOOP ( 'NONE', ( #8785, #6798, #3038, #2745 ) ) ;
#6966 = CARTESIAN_POINT ( 'NONE',  ( 1.269999961852499970, 1.520000000000000018, 0.3250000119205000426 ) ) ;
#6967 = PRESENTATION_STYLE_ASSIGNMENT (( #9931 ) ) ;
#6968 = COLOUR_RGB ( '',0.09411764705882352811, 0.09411764705882352811, 0.09411764705882352811 ) ;
#6969 = CARTESIAN_POINT ( 'NONE',  ( 0.3200000000000000067, 1.270000000000000018, 0.9499999999999997335 ) ) ;
#6970 = AXIS2_PLACEMENT_3D ( 'NONE', #8043, #10062, #4336 ) ;
#6971 = COLOUR_RGB ( '',0.09411764705882352811, 0.09411764705882352811, 0.09411764705882352811 ) ;
#6972 = PRESENTATION_STYLE_ASSIGNMENT (( #10948 ) ) ;
#6973 = FACE_OUTER_BOUND ( 'NONE', #2385, .T. ) ;
#6974 =( NAMED_UNIT ( * ) PLANE_ANGLE_UNIT ( ) SI_UNIT ( $, .RADIAN. ) );
#6975 = SURFACE_SIDE_STYLE ('',( #367 ) ) ;
#6976 = COLOUR_RGB ( '',1.000000000000000000, 1.000000000000000000, 0.4980392156862745168 ) ;
#6977 = VECTOR ( 'NONE', #2350, 1000.000000000000000 ) ;
#6978 = ORIENTED_EDGE ( 'NONE', *, *, #712, .T. ) ;
#6979 = EDGE_CURVE ( 'NONE', #11059, #1232, #1738, .T. ) ;
#6980 = ORIENTED_EDGE ( 'NONE', *, *, #8734, .F. ) ;
#6981 = ADVANCED_FACE ( 'NONE', ( #12132 ), #9414, .F. ) ;
#6982 = ORIENTED_EDGE ( 'NONE', *, *, #3829, .F. ) ;
#6983 = DIRECTION ( 'NONE',  ( -1.000000000000000000, -0.0000000000000000000, -0.0000000000000000000 ) ) ;
#6984 =( LENGTH_UNIT ( ) NAMED_UNIT ( * ) SI_UNIT ( .MILLI., .METRE. ) );
#6985 = DIRECTION ( 'NONE',  ( 0.0000000000000000000, 0.0000000000000000000, -1.000000000000000000 ) ) ;
#6986 = PLANE ( 'NONE',  #2595 ) ;
#6987 =( NAMED_UNIT ( * ) SI_UNIT ( $, .STERADIAN. ) SOLID_ANGLE_UNIT ( ) );
#6988 = PRESENTATION_STYLE_ASSIGNMENT (( #5954 ) ) ;
#6989 = FILL_AREA_STYLE ('',( #381 ) ) ;
#6990 = FILL_AREA_STYLE ('',( #3110 ) ) ;
#6991 = SURFACE_STYLE_USAGE ( .BOTH. , #8007 ) ;
#6992 = SURFACE_STYLE_FILL_AREA ( #10842 ) ;
#6993 = ORIENTED_EDGE ( 'NONE', *, *, #5260, .F. ) ;
#6994 = ADVANCED_FACE ( 'NONE', ( #4905 ), #3004, .T. ) ;
#6995 = ORIENTED_EDGE ( 'NONE', *, *, #349, .T. ) ;
#6996 = PLANE ( 'NONE',  #3992 ) ;
#6997 = ORIENTED_EDGE ( 'NONE', *, *, #11452, .T. ) ;
#6998 = PRESENTATION_STYLE_ASSIGNMENT (( #3119 ) ) ;
#6999 = ORIENTED_EDGE ( 'NONE', *, *, #10151, .F. ) ;
#7000 = DIRECTION ( 'NONE',  ( 0.0000000000000000000, 1.609823385705999920E-15, -1.000000000000000000 ) ) ;
#7001 = LINE ( 'NONE', #11171, #7870 ) ;
#7002 =( GEOMETRIC_REPRESENTATION_CONTEXT ( 3 ) GLOBAL_UNCERTAINTY_ASSIGNED_CONTEXT ( ( #6590 ) ) GLOBAL_UNIT_ASSIGNED_CONTEXT ( ( #11470, #12287, #742 ) ) REPRESENTATION_CONTEXT ( 'NONE', 'WORKASPACE' ) );
#7003 =( NAMED_UNIT ( * ) SI_UNIT ( $, .STERADIAN. ) SOLID_ANGLE_UNIT ( ) );
#7004 = ADVANCED_FACE ( 'NONE', ( #6648 ), #3881, .T. ) ;
#7005 = SURFACE_SIDE_STYLE ('',( #1325 ) ) ;
#7006 = DIRECTION ( 'NONE',  ( -0.0000000000000000000, 1.000000000000000000, 1.510616709811000052E-15 ) ) ;
#7007 = EDGE_LOOP ( 'NONE', ( #9569, #10378, #9064, #6632 ) ) ;
#7008 = CARTESIAN_POINT ( 'NONE',  ( 2.859999961853000094, 0.3200000000000000067, -3.000000000000000000 ) ) ;
#7009 = PRESENTATION_STYLE_ASSIGNMENT (( #9900 ) ) ;
#7010 = VECTOR ( 'NONE', #5030, 1000.000000000000000 ) ;
#7011 = LINE ( 'NONE', #4010, #1124 ) ;
#7012 = ORIENTED_EDGE ( 'NONE', *, *, #5380, .F. ) ;
#7013 = CARTESIAN_POINT ( 'NONE',  ( 10.03999985039200027, -0.1199999970199998878, -3.000000000000000444 ) ) ;
#7014 = FACE_OUTER_BOUND ( 'NONE', #5264, .T. ) ;
#7015 = DIRECTION ( 'NONE',  ( 0.7071067811865474617, 0.0000000000000000000, -0.7071067811865474617 ) ) ;
#7016 = DIRECTION ( 'NONE',  ( -0.0000000000000000000, 1.000000000000000000, 0.0000000000000000000 ) ) ;
#7017 =( GEOMETRIC_REPRESENTATION_CONTEXT ( 3 ) GLOBAL_UNCERTAINTY_ASSIGNED_CONTEXT ( ( #3376 ) ) GLOBAL_UNIT_ASSIGNED_CONTEXT ( ( #5224, #453, #8485 ) ) REPRESENTATION_CONTEXT ( 'NONE', 'WORKASPACE' ) );
#7018 = VECTOR ( 'NONE', #9100, 1000.000000000000000 ) ;
#7019 = CARTESIAN_POINT ( 'NONE',  ( -1.119999994040000058, 1.520000000000000018, 0.1750000059600000102 ) ) ;
#7020 = FILL_AREA_STYLE ('',( #2177 ) ) ;
#7021 = LINE ( 'NONE', #9158, #466 ) ;
#7022 =( NAMED_UNIT ( * ) SI_UNIT ( $, .STERADIAN. ) SOLID_ANGLE_UNIT ( ) );
#7023 = EDGE_LOOP ( 'NONE', ( #8171, #6262, #7926, #9680 ) ) ;
#7024 = FACE_OUTER_BOUND ( 'NONE', #7189, .T. ) ;
#7025 = ORIENTED_EDGE ( 'NONE', *, *, #4058, .F. ) ;
#7026 = VECTOR ( 'NONE', #11377, 1000.000000000000000 ) ;
#7027 = DIRECTION ( 'NONE',  ( -0.0000000000000000000, -1.000000000000000000, -0.0000000000000000000 ) ) ;
#7028 = PRESENTATION_LAYER_ASSIGNMENT (  '', '', ( #11131 ) ) ;
#7029 = MECHANICAL_DESIGN_GEOMETRIC_PRESENTATION_REPRESENTATION (  '', ( #10115 ), #6220 ) ;
#7030 = AXIS2_PLACEMENT_3D ( 'NONE', #6711, #79, #10612 ) ;
#7031 = FILL_AREA_STYLE ('',( #11838 ) ) ;
#7032 = VECTOR ( 'NONE', #8646, 999.9999999999998863 ) ;
#7033 = VECTOR ( 'NONE', #2126, 1000.000000000000000 ) ;
#7034 =( GEOMETRIC_REPRESENTATION_CONTEXT ( 3 ) GLOBAL_UNCERTAINTY_ASSIGNED_CONTEXT ( ( #4136 ) ) GLOBAL_UNIT_ASSIGNED_CONTEXT ( ( #4692, #3732, #10584 ) ) REPRESENTATION_CONTEXT ( 'NONE', 'WORKASPACE' ) );
#7035 = COLOUR_RGB ( '',1.000000000000000000, 1.000000000000000000, 0.4980392156862745168 ) ;
#7036 = ADVANCED_FACE ( 'NONE', ( #11683 ), #2929, .F. ) ;
#7037 = COLOUR_RGB ( '',0.09411764705882352811, 0.09411764705882352811, 0.09411764705882352811 ) ;
#7038 = DIRECTION ( 'NONE',  ( 0.0000000000000000000, -1.510616709811000052E-15, 1.000000000000000000 ) ) ;
#7039 = AXIS2_PLACEMENT_3D ( 'NONE', #5081, #12033, #8078 ) ;
#7040 = PRESENTATION_LAYER_ASSIGNMENT (  '', '', ( #3979 ) ) ;
#7041 = SURFACE_SIDE_STYLE ('',( #1185 ) ) ;
#7042 = PRODUCT_DEFINITION_CONTEXT ( 'detailed design', #2, 'design' ) ;
#7043 = STYLED_ITEM ( 'NONE', ( #2438 ), #7294 ) ;
#7044 = ORIENTED_EDGE ( 'NONE', *, *, #3357, .F. ) ;
#7045 = VERTEX_POINT ( 'NONE', #4255 ) ;
#7046 = CARTESIAN_POINT ( 'NONE',  ( 13.66999979734412562, 1.520000000000000018, 0.02499999999987496946 ) ) ;
#7047 = CARTESIAN_POINT ( 'NONE',  ( 10.47999984741199953, 1.270000000000000018, -4.440892098500999885E-16 ) ) ;
#7048 = CARTESIAN_POINT ( 'NONE',  ( 2.859999961853000094, 1.820000011921000693, 0.9499999999999992895 ) ) ;
#7049 = FILL_AREA_STYLE ('',( #193 ) ) ;
#7050 = STYLED_ITEM ( 'NONE', ( #5500 ), #9982 ) ;
#7051 = UNCERTAINTY_MEASURE_WITH_UNIT (LENGTH_MEASURE( 1.000000000000000082E-05 ), #10694, 'distance_accuracy_value', 'NONE');
#7052 = VECTOR ( 'NONE', #2850, 1000.000000000000000 ) ;
#7053 =( NAMED_UNIT ( * ) PLANE_ANGLE_UNIT ( ) SI_UNIT ( $, .RADIAN. ) );
#7054 = FACE_OUTER_BOUND ( 'NONE', #4284, .T. ) ;
#7055 = VECTOR ( 'NONE', #10925, 1000.000000000000000 ) ;
#7056 = PRESENTATION_STYLE_ASSIGNMENT (( #5273 ) ) ;
#7057 = CIRCLE ( 'NONE', #8083, 1.590000000000000080 ) ;
#7058 = ORIENTED_EDGE ( 'NONE', *, *, #901, .T. ) ;
#7059 = MECHANICAL_DESIGN_GEOMETRIC_PRESENTATION_REPRESENTATION (  '', ( #6236 ), #3198 ) ;
#7060 = ORIENTED_EDGE ( 'NONE', *, *, #6425, .T. ) ;
#7061 = PRESENTATION_LAYER_ASSIGNMENT (  '', '', ( #12566 ) ) ;
#7062 =( LENGTH_UNIT ( ) NAMED_UNIT ( * ) SI_UNIT ( .MILLI., .METRE. ) );
#7063 = ORIENTED_EDGE ( 'NONE', *, *, #9469, .T. ) ;
#7064 = COLOUR_RGB ( '',0.09411764705882352811, 0.09411764705882352811, 0.09411764705882352811 ) ;
#7065 = CARTESIAN_POINT ( 'NONE',  ( 10.47999984741199953, 1.270000000000000018, 1.590000000000000080 ) ) ;
#7066 = ORIENTED_EDGE ( 'NONE', *, *, #11130, .F. ) ;
#7067 =( NAMED_UNIT ( * ) SI_UNIT ( $, .STERADIAN. ) SOLID_ANGLE_UNIT ( ) );
#7068 = SURFACE_STYLE_FILL_AREA ( #8160 ) ;
#7069 = EDGE_CURVE ( 'NONE', #12097, #4535, #8170, .T. ) ;
#7070 = PRESENTATION_STYLE_ASSIGNMENT (( #8950 ) ) ;
#7071 = LINE ( 'NONE', #12455, #273 ) ;
#7072 =( GEOMETRIC_REPRESENTATION_CONTEXT ( 3 ) GLOBAL_UNCERTAINTY_ASSIGNED_CONTEXT ( ( #4904 ) ) GLOBAL_UNIT_ASSIGNED_CONTEXT ( ( #11480, #3920, #9630 ) ) REPRESENTATION_CONTEXT ( 'NONE', 'WORKASPACE' ) );
#7073 = EDGE_CURVE ( 'NONE', #10052, #10289, #7011, .T. ) ;
#7074 =( NAMED_UNIT ( * ) SI_UNIT ( $, .STERADIAN. ) SOLID_ANGLE_UNIT ( ) );
#7075 = VECTOR ( 'NONE', #1716, 1000.000000000000000 ) ;
#7076 = ADVANCED_FACE ( 'NONE', ( #2163 ), #274, .T. ) ;
#7077 =( NAMED_UNIT ( * ) PLANE_ANGLE_UNIT ( ) SI_UNIT ( $, .RADIAN. ) );
#7078 = VERTEX_POINT ( 'NONE', #7901 ) ;
#7079 = PRESENTATION_STYLE_ASSIGNMENT (( #8227 ) ) ;
#7080 = CARTESIAN_POINT ( 'NONE',  ( 3.809999923706000047, 1.519999999999996909, 2.214999988079000115 ) ) ;
#7081 = UNCERTAINTY_MEASURE_WITH_UNIT (LENGTH_MEASURE( 1.000000000000000082E-05 ), #8425, 'distance_accuracy_value', 'NONE');
#7082 = UNCERTAINTY_MEASURE_WITH_UNIT (LENGTH_MEASURE( 1.000000000000000082E-05 ), #6090, 'distance_accuracy_value', 'NONE');
#7083 = CARTESIAN_POINT ( 'NONE',  ( 15.35999976813799961, 0.3200000000000000067, -3.000000000000000000 ) ) ;
#7084 = ORIENTED_EDGE ( 'NONE', *, *, #12516, .T. ) ;
#7085 = SURFACE_SIDE_STYLE ('',( #3193 ) ) ;
#7086 = VECTOR ( 'NONE', #8330, 1000.000000000000000 ) ;
#7087 = FILL_AREA_STYLE ('',( #9025 ) ) ;
#7088 = CARTESIAN_POINT ( 'NONE',  ( 10.47999984741199953, 9.609999997020000961, 0.9499999999999992895 ) ) ;
#7089 = AXIS2_PLACEMENT_3D ( 'NONE', #180, #5823, #8644 ) ;
#7090 = VECTOR ( 'NONE', #12510, 1000.000000000000000 ) ;
#7091 = UNCERTAINTY_MEASURE_WITH_UNIT (LENGTH_MEASURE( 1.000000000000000082E-05 ), #11097, 'distance_accuracy_value', 'NONE');
#7092 = CARTESIAN_POINT ( 'NONE',  ( 7.299999885559000035, 0.1199999970199998184, -3.000000000000000000 ) ) ;
#7093 = DIRECTION ( 'NONE',  ( -1.000000000000000000, -0.0000000000000000000, -0.0000000000000000000 ) ) ;
#7094 = SURFACE_STYLE_USAGE ( .BOTH. , #3210 ) ;
#7095 = ORIENTED_EDGE ( 'NONE', *, *, #1252, .T. ) ;
#7096 = EDGE_LOOP ( 'NONE', ( #8394, #8467, #48, #5327, #688 ) ) ;
#7097 = CARTESIAN_POINT ( 'NONE',  ( 7.939999885558998827, 0.3200000000000000067, -4.388850394221508810E-16 ) ) ;
#7098 = EDGE_CURVE ( 'NONE', #64, #9648, #3320, .T. ) ;
#7099 = FILL_AREA_STYLE_COLOUR ( '', #4114 ) ;
#7100 = SURFACE_STYLE_FILL_AREA ( #1429 ) ;
#7101 =( NAMED_UNIT ( * ) PLANE_ANGLE_UNIT ( ) SI_UNIT ( $, .RADIAN. ) );
#7102 = EDGE_CURVE ( 'NONE', #5692, #3824, #3068, .T. ) ;
#7103 = VECTOR ( 'NONE', #7690, 1000.000000000000000 ) ;
#7104 = SURFACE_STYLE_USAGE ( .BOTH. , #5437 ) ;
#7105 = DIRECTION ( 'NONE',  ( 0.7071067811865475727, 0.0000000000000000000, -0.7071067811865475727 ) ) ;
#7106 = EDGE_CURVE ( 'NONE', #1354, #2905, #7193, .T. ) ;
#7107 = FACE_OUTER_BOUND ( 'NONE', #5578, .T. ) ;
#7108 = CARTESIAN_POINT ( 'NONE',  ( -0.2199999985099999888, -0.3200000000000000067, -2.899999998509999788 ) ) ;
#7109 = ORIENTED_EDGE ( 'NONE', *, *, #1058, .F. ) ;
#7110 =( NAMED_UNIT ( * ) PLANE_ANGLE_UNIT ( ) SI_UNIT ( $, .RADIAN. ) );
#7111 = ORIENTED_EDGE ( 'NONE', *, *, #6536, .T. ) ;
#7112 = CARTESIAN_POINT ( 'NONE',  ( 14.91999977111800035, 1.270000000000000018, 1.590000000000000080 ) ) ;
#7113 = FILL_AREA_STYLE ('',( #11850 ) ) ;
#7114 = FACE_BOUND ( 'NONE', #1745, .T. ) ;
#7115 = VECTOR ( 'NONE', #6349, 1000.000000000000000 ) ;
#7116 = FILL_AREA_STYLE_COLOUR ( '', #3771 ) ;
#7117 = FACE_OUTER_BOUND ( 'NONE', #11671, .T. ) ;
#7118 = FILL_AREA_STYLE_COLOUR ( '', #1278 ) ;
#7119 =( LENGTH_UNIT ( ) NAMED_UNIT ( * ) SI_UNIT ( .MILLI., .METRE. ) );
#7120 = CARTESIAN_POINT ( 'NONE',  ( 16.50999973297099999, 1.520000000000000018, 2.214999988079000115 ) ) ;
#7121 = CARTESIAN_POINT ( 'NONE',  ( 2.219999961852999526, 9.609999997019999185, 0.9499999999999997335 ) ) ;
#7122 = MECHANICAL_DESIGN_GEOMETRIC_PRESENTATION_REPRESENTATION (  '', ( #7918 ), #7536 ) ;
#7123 = ORIENTED_EDGE ( 'NONE', *, *, #11702, .T. ) ;
#7124 = DIRECTION ( 'NONE',  ( 1.000000000000000000, -0.0000000000000000000, 0.0000000000000000000 ) ) ;
#7125 = ORIENTED_EDGE ( 'NONE', *, *, #10143, .F. ) ;
#7126 = CARTESIAN_POINT ( 'NONE',  ( -1.270000000000000018, 1.820000011921000027, 2.515000000000000124 ) ) ;
#7127 = EDGE_LOOP ( 'NONE', ( #9220, #619, #4714, #5722, #11787 ) ) ;
#7128 = SURFACE_STYLE_USAGE ( .BOTH. , #4948 ) ;
#7129 = CARTESIAN_POINT ( 'NONE',  ( 8.889999885559126014, 1.519999999999998241, 2.214999988079125348 ) ) ;
#7130 = SURFACE_SIDE_STYLE ('',( #5217 ) ) ;
#7131 = AXIS2_PLACEMENT_3D ( 'NONE', #6538, #11457, #10210 ) ;
#7132 = DIRECTION ( 'NONE',  ( 1.000000000000000000, -0.0000000000000000000, 0.0000000000000000000 ) ) ;
#7133 = FILL_AREA_STYLE ('',( #11174 ) ) ;
#7134 =( GEOMETRIC_REPRESENTATION_CONTEXT ( 3 ) GLOBAL_UNCERTAINTY_ASSIGNED_CONTEXT ( ( #3278 ) ) GLOBAL_UNIT_ASSIGNED_CONTEXT ( ( #9443, #6263, #6193 ) ) REPRESENTATION_CONTEXT ( 'NONE', 'WORKASPACE' ) );
#7135 = EDGE_CURVE ( 'NONE', #7611, #7469, #1154, .T. ) ;
#7136 = ORIENTED_EDGE ( 'NONE', *, *, #9212, .T. ) ;
#7137 = DIRECTION ( 'NONE',  ( -1.000000000000000000, -0.0000000000000000000, -0.0000000000000000000 ) ) ;
#7138 = VECTOR ( 'NONE', #10428, 1000.000000000000000 ) ;
#7139 =( LENGTH_UNIT ( ) NAMED_UNIT ( * ) SI_UNIT ( .MILLI., .METRE. ) );
#7140 = EDGE_LOOP ( 'NONE', ( #3169, #5674, #2851, #1924 ) ) ;
#7141 = FILL_AREA_STYLE ('',( #7268 ) ) ;
#7142 = CARTESIAN_POINT ( 'NONE',  ( -0.3200000000000002842, 9.609999997019999185, 0.9499999999999998446 ) ) ;
#7143 = EDGE_CURVE ( 'NONE', #4749, #2848, #3191, .T. ) ;
#7144 = CYLINDRICAL_SURFACE ( 'NONE', #2382, 0.9499999999999999556 ) ;
#7145 = EDGE_CURVE ( 'NONE', #4609, #4557, #7520, .T. ) ;
#7146 = PLANE ( 'NONE',  #5220 ) ;
#7147 = COLOUR_RGB ( '',1.000000000000000000, 1.000000000000000000, 0.4980392156862745168 ) ;
#7148 = PRESENTATION_LAYER_ASSIGNMENT (  '', '', ( #5105 ) ) ;
#7149 = FACE_OUTER_BOUND ( 'NONE', #6876, .T. ) ;
#7150 = DIRECTION ( 'NONE',  ( 0.0000000000000000000, -1.609823385705999920E-15, 1.000000000000000000 ) ) ;
#7151 = VERTEX_POINT ( 'NONE', #1471 ) ;
#7152 = PLANE ( 'NONE',  #55 ) ;
#7153 = AXIS2_PLACEMENT_3D ( 'NONE', #4061, #6173, #10154 ) ;
#7154 = CARTESIAN_POINT ( 'NONE',  ( 13.96999980926499951, 1.520000000000000018, 2.515000000000000124 ) ) ;
#7155 = ORIENTED_EDGE ( 'NONE', *, *, #6606, .F. ) ;
#7156 = ORIENTED_EDGE ( 'NONE', *, *, #6267, .F. ) ;
#7157 = FILL_AREA_STYLE ('',( #11272 ) ) ;
#7158 = VECTOR ( 'NONE', #11083, 1000.000000000000000 ) ;
#7159 = DIRECTION ( 'NONE',  ( 0.0000000000000000000, 0.0000000000000000000, 1.000000000000000000 ) ) ;
#7160 = SURFACE_SIDE_STYLE ('',( #9166 ) ) ;
#7161 = MECHANICAL_DESIGN_GEOMETRIC_PRESENTATION_REPRESENTATION (  '', ( #45 ), #3297 ) ;
#7162 =( LENGTH_UNIT ( ) NAMED_UNIT ( * ) SI_UNIT ( .MILLI., .METRE. ) );
#7163 = CARTESIAN_POINT ( 'NONE',  ( 18.09999973297100340, -0.3199999999999999512, -4.388850394221508810E-16 ) ) ;
#7164 = ORIENTED_EDGE ( 'NONE', *, *, #6792, .T. ) ;
#7165 = VECTOR ( 'NONE', #9419, 1000.000000000000000 ) ;
#7166 =( NAMED_UNIT ( * ) PLANE_ANGLE_UNIT ( ) SI_UNIT ( $, .RADIAN. ) );
#7167 = ORIENTED_EDGE ( 'NONE', *, *, #6726, .T. ) ;
#7168 = STYLED_ITEM ( 'NONE', ( #10621 ), #3619 ) ;
#7169 = FILL_AREA_STYLE_COLOUR ( '', #931 ) ;
#7170 = CARTESIAN_POINT ( 'NONE',  ( 1.269999961853000015, 3.809999961852997608, 1.590000000000000080 ) ) ;
#7171 = FILL_AREA_STYLE_COLOUR ( '', #1871 ) ;
#7172 = CARTESIAN_POINT ( 'NONE',  ( 0.0000000000000000000, 0.0000000000000000000, 0.0000000000000000000 ) ) ;
#7173 = DIRECTION ( 'NONE',  ( -1.000000000000000000, 0.0000000000000000000, 0.0000000000000000000 ) ) ;
#7174 = DIRECTION ( 'NONE',  ( 0.0000000000000000000, 0.0000000000000000000, -1.000000000000000000 ) ) ;
#7175 = VECTOR ( 'NONE', #10283, 1000.000000000000000 ) ;
#7176 = PRESENTATION_LAYER_ASSIGNMENT (  '', '', ( #6587 ) ) ;
#7177 = SURFACE_SIDE_STYLE ('',( #2213 ) ) ;
#7178 = SURFACE_STYLE_FILL_AREA ( #5082 ) ;
#7179 = DIRECTION ( 'NONE',  ( 0.0000000000000000000, 0.0000000000000000000, 1.000000000000000000 ) ) ;
#7180 = LINE ( 'NONE', #11981, #8570 ) ;
#7181 = SURFACE_STYLE_USAGE ( .BOTH. , #7940 ) ;
#7182 = ORIENTED_EDGE ( 'NONE', *, *, #4719, .T. ) ;
#7183 = DIRECTION ( 'NONE',  ( 0.7071067811865475727, -9.432969924854965098E-16, 0.7071067811865475727 ) ) ;
#7184 = ORIENTED_EDGE ( 'NONE', *, *, #3213, .F. ) ;
#7185 =( LENGTH_UNIT ( ) NAMED_UNIT ( * ) SI_UNIT ( .MILLI., .METRE. ) );
#7186 = SURFACE_SIDE_STYLE ('',( #7068 ) ) ;
#7187 = DIRECTION ( 'NONE',  ( -1.000000000000000000, 0.0000000000000000000, -0.0000000000000000000 ) ) ;
#7188 = FILL_AREA_STYLE_COLOUR ( '', #9096 ) ;
#7189 = EDGE_LOOP ( 'NONE', ( #10559, #2216, #10874, #4346 ) ) ;
#7190 = FILL_AREA_STYLE ('',( #5161 ) ) ;
#7191 =( NAMED_UNIT ( * ) SI_UNIT ( $, .STERADIAN. ) SOLID_ANGLE_UNIT ( ) );
#7192 = AXIS2_PLACEMENT_3D ( 'NONE', #3536, #5513, #11223 ) ;
#7193 = LINE ( 'NONE', #10990, #11746 ) ;
#7194 = ORIENTED_EDGE ( 'NONE', *, *, #9866, .F. ) ;
#7195 = LINE ( 'NONE', #6312, #8518 ) ;
#7196 = SURFACE_SIDE_STYLE ('',( #3071 ) ) ;
#7197 = FACE_OUTER_BOUND ( 'NONE', #5825, .T. ) ;
#7198 = LINE ( 'NONE', #7088, #7055 ) ;
#7199 = CARTESIAN_POINT ( 'NONE',  ( 14.91999977111800035, 0.3200000000000000622, -2.799999997020000464 ) ) ;
#7200 = UNCERTAINTY_MEASURE_WITH_UNIT (LENGTH_MEASURE( 1.000000000000000082E-05 ), #8145, 'distance_accuracy_value', 'NONE');
#7201 = FILL_AREA_STYLE_COLOUR ( '', #6968 ) ;
#7202 = EDGE_LOOP ( 'NONE', ( #4159, #8260, #2144, #9807 ) ) ;
#7203 = PLANE ( 'NONE',  #3863 ) ;
#7204 = EDGE_LOOP ( 'NONE', ( #10488, #4624, #4558, #9255 ) ) ;
#7205 = AXIS2_PLACEMENT_3D ( 'NONE', #11209, #10247, #6272 ) ;
#7206 = FACE_OUTER_BOUND ( 'NONE', #3023, .T. ) ;
#7207 = VECTOR ( 'NONE', #11937, 1000.000000000000000 ) ;
#7208 = CARTESIAN_POINT ( 'NONE',  ( 6.349999885559001633, 3.809999961853000272, 0.3250000119210008642 ) ) ;
#7209 = VECTOR ( 'NONE', #9691, 1000.000000000000000 ) ;
#7210 = SURFACE_STYLE_USAGE ( .BOTH. , #657 ) ;
#7211 = EDGE_CURVE ( 'NONE', #1896, #4999, #11243, .T. ) ;
#7212 = SURFACE_SIDE_STYLE ('',( #9168 ) ) ;
#7213 = SURFACE_SIDE_STYLE ('',( #6142 ) ) ;
#7214 = MECHANICAL_DESIGN_GEOMETRIC_PRESENTATION_REPRESENTATION (  '', ( #8256 ), #9894 ) ;
#7215 = MECHANICAL_DESIGN_GEOMETRIC_PRESENTATION_REPRESENTATION (  '', ( #2751 ), #3761 ) ;
#7216 = ORIENTED_EDGE ( 'NONE', *, *, #2579, .T. ) ;
#7217 =( GEOMETRIC_REPRESENTATION_CONTEXT ( 3 ) GLOBAL_UNCERTAINTY_ASSIGNED_CONTEXT ( ( #11907 ) ) GLOBAL_UNIT_ASSIGNED_CONTEXT ( ( #12164, #8587, #2962 ) ) REPRESENTATION_CONTEXT ( 'NONE', 'WORKASPACE' ) );
#7218 =( GEOMETRIC_REPRESENTATION_CONTEXT ( 3 ) GLOBAL_UNCERTAINTY_ASSIGNED_CONTEXT ( ( #479 ) ) GLOBAL_UNIT_ASSIGNED_CONTEXT ( ( #7339, #8513, #2505 ) ) REPRESENTATION_CONTEXT ( 'NONE', 'WORKASPACE' ) );
#7219 = LINE ( 'NONE', #12024, #9508 ) ;
#7220 = ORIENTED_EDGE ( 'NONE', *, *, #1532, .T. ) ;
#7221 = EDGE_CURVE ( 'NONE', #1590, #400, #10416, .T. ) ;
#7222 = PLANE ( 'NONE',  #9296 ) ;
#7223 =( NAMED_UNIT ( * ) SI_UNIT ( $, .STERADIAN. ) SOLID_ANGLE_UNIT ( ) );
#7224 = CARTESIAN_POINT ( 'NONE',  ( 18.09999973297100340, 3.809999961852999828, 1.590000000000000080 ) ) ;
#7225 =( LENGTH_UNIT ( ) NAMED_UNIT ( * ) SI_UNIT ( .MILLI., .METRE. ) );
#7226 = VECTOR ( 'NONE', #8257, 1000.000000000000000 ) ;
#7227 = PRESENTATION_LAYER_ASSIGNMENT (  '', '', ( #9524 ) ) ;
#7228 = ITEM_DEFINED_TRANSFORMATION ( 'NONE', 'NONE', #1130,  #5828 ) ;
#7229 = DIRECTION ( 'NONE',  ( 0.0000000000000000000, 0.0000000000000000000, -1.000000000000000000 ) ) ;
#7230 = FACE_OUTER_BOUND ( 'NONE', #9465, .T. ) ;
#7231 = STYLED_ITEM ( 'NONE', ( #9295 ), #9261 ) ;
#7232 = LINE ( 'NONE', #5450, #10543 ) ;
#7233 =( NAMED_UNIT ( * ) SI_UNIT ( $, .STERADIAN. ) SOLID_ANGLE_UNIT ( ) );
#7234 =( NAMED_UNIT ( * ) PLANE_ANGLE_UNIT ( ) SI_UNIT ( $, .RADIAN. ) );
#7235 = DIRECTION ( 'NONE',  ( -1.000000000000000000, -0.0000000000000000000, -0.0000000000000000000 ) ) ;
#7236 = EDGE_LOOP ( 'NONE', ( #11548, #10024, #3928, #5903, #10395, #461, #7063, #9748 ) ) ;
#7237 = SURFACE_STYLE_USAGE ( .BOTH. , #1389 ) ;
#7238 = PRESENTATION_LAYER_ASSIGNMENT (  '', '', ( #133 ) ) ;
#7239 = ORIENTED_EDGE ( 'NONE', *, *, #8668, .T. ) ;
#7240 = FILL_AREA_STYLE ('',( #623 ) ) ;
#7241 = ORIENTED_EDGE ( 'NONE', *, *, #2632, .F. ) ;
#7242 =( GEOMETRIC_REPRESENTATION_CONTEXT ( 3 ) GLOBAL_UNCERTAINTY_ASSIGNED_CONTEXT ( ( #8681 ) ) GLOBAL_UNIT_ASSIGNED_CONTEXT ( ( #6159, #8998, #10017 ) ) REPRESENTATION_CONTEXT ( 'NONE', 'WORKASPACE' ) );
#7243 = STYLED_ITEM ( 'NONE', ( #2411 ), #11418 ) ;
#7244 = SURFACE_STYLE_FILL_AREA ( #11232 ) ;
#7245 = CARTESIAN_POINT ( 'NONE',  ( 2.859999961853000094, 1.820000011921000249, 1.589999999999996749 ) ) ;
#7246 = CARTESIAN_POINT ( 'NONE',  ( 0.3200000000000002842, 9.609999997019999185, 0.9499999999999999556 ) ) ;
#7247 = VECTOR ( 'NONE', #10286, 1000.000000000000000 ) ;
#7248 = CARTESIAN_POINT ( 'NONE',  ( 5.399999923705999905, 9.609999997019999185, 0.9499999999999999556 ) ) ;
#7249 = CARTESIAN_POINT ( 'NONE',  ( 15.45999976962800027, 0.3200000000000000067, -2.899999998509999788 ) ) ;
#7250 = DIRECTION ( 'NONE',  ( -0.0000000000000000000, -0.0000000000000000000, -1.000000000000000000 ) ) ;
#7251 = FILL_AREA_STYLE_COLOUR ( '', #9745 ) ;
#7252 = CARTESIAN_POINT ( 'NONE',  ( 14.91999977111800035, -0.3200000000000000067, -2.799999997020000020 ) ) ;
#7253 = AXIS2_PLACEMENT_3D ( 'NONE', #10503, #9673, #3909 ) ;
#7254 = DIRECTION ( 'NONE',  ( 0.7071067811865474617, 0.0000000000000000000, 0.7071067811865474617 ) ) ;
#7255 = AXIS2_PLACEMENT_3D ( 'NONE', #10494, #724, #30 ) ;
#7256 = FILL_AREA_STYLE ('',( #4314 ) ) ;
#7257 = EDGE_CURVE ( 'NONE', #12065, #9885, #11431, .T. ) ;
#7258 = DIRECTION ( 'NONE',  ( -1.000000000000000000, -0.0000000000000000000, 0.0000000000000000000 ) ) ;
#7259 = VECTOR ( 'NONE', #3055, 1000.000000000000000 ) ;
#7260 = FILL_AREA_STYLE ('',( #2358 ) ) ;
#7261 = ORIENTED_EDGE ( 'NONE', *, *, #7263, .T. ) ;
#7262 = CARTESIAN_POINT ( 'NONE',  ( 18.74999972105012702, 1.520000000000000018, 0.02499999999987496946 ) ) ;
#7263 = EDGE_CURVE ( 'NONE', #3882, #4098, #8427, .T. ) ;
#7264 = STYLED_ITEM ( 'NONE', ( #11568 ), #3937 ) ;
#7265 = FACE_OUTER_BOUND ( 'NONE', #9991, .T. ) ;
#7266 = LINE ( 'NONE', #2490, #6006 ) ;
#7267 = ORIENTED_EDGE ( 'NONE', *, *, #9781, .T. ) ;
#7268 = FILL_AREA_STYLE_COLOUR ( '', #3606 ) ;
#7269 = CARTESIAN_POINT ( 'NONE',  ( 16.20999975919700020, 1.520000000000000018, 2.515000000000000124 ) ) ;
#7270 = STYLED_ITEM ( 'NONE', ( #10778 ), #8616 ) ;
#7271 =( NAMED_UNIT ( * ) PLANE_ANGLE_UNIT ( ) SI_UNIT ( $, .RADIAN. ) );
#7272 = STYLED_ITEM ( 'NONE', ( #2224 ), #384 ) ;
#7273 = PRESENTATION_LAYER_ASSIGNMENT (  '', '', ( #4825 ) ) ;
#7274 = EDGE_CURVE ( 'NONE', #346, #8908, #518, .T. ) ;
#7275 = AXIS2_PLACEMENT_3D ( 'NONE', #3397, #11202, #7341 ) ;
#7276 = CARTESIAN_POINT ( 'NONE',  ( 7.299999885559000035, 0.3200000000000000067, -3.000000000000000000 ) ) ;
#7277 = ORIENTED_EDGE ( 'NONE', *, *, #494, .F. ) ;
#7278 = VECTOR ( 'NONE', #12285, 1000.000000000000114 ) ;
#7279 = CARTESIAN_POINT ( 'NONE',  ( 6.349999885558999857, 1.820000011921000693, 0.3250000119210003091 ) ) ;
#7280 = FILL_AREA_STYLE ('',( #5295 ) ) ;
#7281 = VECTOR ( 'NONE', #5724, 1000.000000000000000 ) ;
#7282 = ORIENTED_EDGE ( 'NONE', *, *, #5800, .F. ) ;
#7283 = DIRECTION ( 'NONE',  ( 0.0000000000000000000, 1.332267629549999902E-15, -1.000000000000000000 ) ) ;
#7284 = ORIENTED_EDGE ( 'NONE', *, *, #11518, .F. ) ;
#7285 = VECTOR ( 'NONE', #7921, 1000.000000000000000 ) ;
#7286 =( NAMED_UNIT ( * ) PLANE_ANGLE_UNIT ( ) SI_UNIT ( $, .RADIAN. ) );
#7287 = DIRECTION ( 'NONE',  ( -0.0000000000000000000, 0.0000000000000000000, -1.000000000000000000 ) ) ;
#7288 = PRESENTATION_LAYER_ASSIGNMENT (  '', '', ( #184 ) ) ;
#7289 = VECTOR ( 'NONE', #435, 999.9999999999998863 ) ;
#7290 =( NAMED_UNIT ( * ) SI_UNIT ( $, .STERADIAN. ) SOLID_ANGLE_UNIT ( ) );
#7291 = SURFACE_SIDE_STYLE ('',( #8391 ) ) ;
#7292 = DIRECTION ( 'NONE',  ( 0.0000000000000000000, -0.7071067811865475727, 0.7071067811865475727 ) ) ;
#7293 = FACE_OUTER_BOUND ( 'NONE', #5888, .T. ) ;
#7294 = ADVANCED_FACE ( 'NONE', ( #637 ), #3378, .F. ) ;
#7295 = EDGE_LOOP ( 'NONE', ( #5726, #968, #1785, #4163 ) ) ;
#7296 = SURFACE_STYLE_USAGE ( .BOTH. , #1624 ) ;
#7297 = DIRECTION ( 'NONE',  ( 0.0000000000000000000, -1.000000000000000000, -1.609823385705999920E-15 ) ) ;
#7298 = EDGE_CURVE ( 'NONE', #4800, #4098, #7266, .T. ) ;
#7299 = DIRECTION ( 'NONE',  ( 0.7071067811865474617, 0.0000000000000000000, 0.7071067811865474617 ) ) ;
#7300 = DIRECTION ( 'NONE',  ( 0.0000000000000000000, -1.000000000000000000, -1.332267629549999902E-15 ) ) ;
#7301 = STYLED_ITEM ( 'NONE', ( #1505 ), #757 ) ;
#7302 = DIRECTION ( 'NONE',  ( 1.000000000000000000, 0.0000000000000000000, 0.0000000000000000000 ) ) ;
#7303 = PLANE ( 'NONE',  #6680 ) ;
#7304 = CARTESIAN_POINT ( 'NONE',  ( 7.499999888538999571, 9.810000000000000497, 1.389999997019999878 ) ) ;
#7305 =( NAMED_UNIT ( * ) PLANE_ANGLE_UNIT ( ) SI_UNIT ( $, .RADIAN. ) );
#7306 = VERTEX_POINT ( 'NONE', #1658 ) ;
#7307 =( NAMED_UNIT ( * ) PLANE_ANGLE_UNIT ( ) SI_UNIT ( $, .RADIAN. ) );
#7308 = EDGE_CURVE ( 'NONE', #8308, #4237, #5534, .T. ) ;
#7309 = ORIENTED_EDGE ( 'NONE', *, *, #9469, .F. ) ;
#7310 = VERTEX_POINT ( 'NONE', #9462 ) ;
#7311 = CARTESIAN_POINT ( 'NONE',  ( 13.96999980926499951, 1.820000011921000027, 0.02500000000000000139 ) ) ;
#7312 = CARTESIAN_POINT ( 'NONE',  ( 18.09999973297100340, 1.270000000000000018, 1.590000000000000080 ) ) ;
#7313 = ADVANCED_FACE ( 'NONE', ( #1527 ), #5406, .T. ) ;
#7314 = VECTOR ( 'NONE', #1847, 1000.000000000000000 ) ;
#7315 = DIRECTION ( 'NONE',  ( -0.0000000000000000000, 1.000000000000000000, 0.0000000000000000000 ) ) ;
#7316 = CARTESIAN_POINT ( 'NONE',  ( 11.42999980926500037, 1.519999999999999574, 0.3250000119209999760 ) ) ;
#7317 =( NAMED_UNIT ( * ) PLANE_ANGLE_UNIT ( ) SI_UNIT ( $, .RADIAN. ) );
#7318 = CARTESIAN_POINT ( 'NONE',  ( 8.889999847411999667, 3.809999961852995831, 2.515000000000000124 ) ) ;
#7319 = VERTEX_POINT ( 'NONE', #5855 ) ;
#7320 = PRESENTATION_STYLE_ASSIGNMENT (( #6245 ) ) ;
#7321 = UNCERTAINTY_MEASURE_WITH_UNIT (LENGTH_MEASURE( 1.000000000000000082E-05 ), #6011, 'distance_accuracy_value', 'NONE');
#7322 = DIRECTION ( 'NONE',  ( 0.0000000000000000000, 0.0000000000000000000, 1.000000000000000000 ) ) ;
#7323 = EDGE_LOOP ( 'NONE', ( #7717, #6257, #7941, #12352 ) ) ;
#7324 = DIRECTION ( 'NONE',  ( -0.7071067811865474617, 0.0000000000000000000, -0.7071067811865474617 ) ) ;
#7325 = VERTEX_POINT ( 'NONE', #7632 ) ;
#7326 = DIRECTION ( 'NONE',  ( -0.7071067811865475727, 0.0000000000000000000, -0.7071067811865475727 ) ) ;
#7327 = DIRECTION ( 'NONE',  ( -0.7071067811865475727, 0.0000000000000000000, -0.7071067811865475727 ) ) ;
#7328 = EDGE_CURVE ( 'NONE', #996, #599, #2810, .T. ) ;
#7329 = ADVANCED_FACE ( 'NONE', ( #766 ), #820, .T. ) ;
#7330 = AXIS2_PLACEMENT_3D ( 'NONE', #10457, #11352, #9504 ) ;
#7331 = UNCERTAINTY_MEASURE_WITH_UNIT (LENGTH_MEASURE( 1.000000000000000082E-05 ), #6789, 'distance_accuracy_value', 'NONE');
#7332 = CARTESIAN_POINT ( 'NONE',  ( 5.199999920726000369, 9.810000000000000497, 1.389999997020000100 ) ) ;
#7333 = PRESENTATION_LAYER_ASSIGNMENT (  '', '', ( #1445 ) ) ;
#7334 = ORIENTED_EDGE ( 'NONE', *, *, #10698, .T. ) ;
#7335 = LINE ( 'NONE', #6393, #4070 ) ;
#7336 = PRESENTATION_STYLE_ASSIGNMENT (( #6394 ) ) ;
#7337 = CARTESIAN_POINT ( 'NONE',  ( 5.399999923705999905, 1.270000000000000018, -4.440892098500999885E-16 ) ) ;
#7338 = ORIENTED_EDGE ( 'NONE', *, *, #3017, .F. ) ;
#7339 =( LENGTH_UNIT ( ) NAMED_UNIT ( * ) SI_UNIT ( .MILLI., .METRE. ) );
#7340 = VERTEX_POINT ( 'NONE', #5713 ) ;
#7341 = DIRECTION ( 'NONE',  ( 0.7071067811865474617, -0.7071067811865474617, 0.0000000000000000000 ) ) ;
#7342 = STYLED_ITEM ( 'NONE', ( #6967 ), #5435 ) ;
#7343 = VECTOR ( 'NONE', #5683, 1000.000000000000114 ) ;
#7344 = SURFACE_SIDE_STYLE ('',( #3401 ) ) ;
#7345 = SURFACE_STYLE_USAGE ( .BOTH. , #7160 ) ;
#7346 = UNCERTAINTY_MEASURE_WITH_UNIT (LENGTH_MEASURE( 1.000000000000000082E-05 ), #7848, 'distance_accuracy_value', 'NONE');
#7347 = PRESENTATION_LAYER_ASSIGNMENT (  '', '', ( #4712 ) ) ;
#7348 = FILL_AREA_STYLE ('',( #3455 ) ) ;
#7349 = FILL_AREA_STYLE ('',( #6539 ) ) ;
#7350 = SURFACE_SIDE_STYLE ('',( #2398 ) ) ;
#7351 = VERTEX_POINT ( 'NONE', #6811 ) ;
#7352 = ADVANCED_FACE ( 'NONE', ( #7755 ), #884, .T. ) ;
#7353 = CARTESIAN_POINT ( 'NONE',  ( 5.399999923705999905, 3.809999961852999384, 1.590000000000000080 ) ) ;
#7354 = LINE ( 'NONE', #10317, #3564 ) ;
#7355 = MECHANICAL_DESIGN_GEOMETRIC_PRESENTATION_REPRESENTATION (  '', ( #5718 ), #2888 ) ;
#7356 = FILL_AREA_STYLE ('',( #1751 ) ) ;
#7357 = CARTESIAN_POINT ( 'NONE',  ( 12.37999980926499966, -0.3199999999999999512, -2.799999997020000020 ) ) ;
#7358 = SURFACE_STYLE_FILL_AREA ( #3472 ) ;
#7359 = AXIS2_PLACEMENT_3D ( 'NONE', #10889, #3977, #1114 ) ;
#7360 = CONTEXT_DEPENDENT_SHAPE_REPRESENTATION ( #1280, #1150 ) ;
#7361 = SURFACE_SIDE_STYLE ('',( #495 ) ) ;
#7362 = FACE_OUTER_BOUND ( 'NONE', #1173, .T. ) ;
#7363 =( GEOMETRIC_REPRESENTATION_CONTEXT ( 3 ) GLOBAL_UNCERTAINTY_ASSIGNED_CONTEXT ( ( #4135 ) ) GLOBAL_UNIT_ASSIGNED_CONTEXT ( ( #4972, #11826, #2055 ) ) REPRESENTATION_CONTEXT ( 'NONE', 'WORKASPACE' ) );
#7364 = EDGE_CURVE ( 'NONE', #1967, #10610, #1010, .T. ) ;
#7365 = VERTEX_POINT ( 'NONE', #10025 ) ;
#7366 = FILL_AREA_STYLE_COLOUR ( '', #2460 ) ;
#7367 =( GEOMETRIC_REPRESENTATION_CONTEXT ( 3 ) GLOBAL_UNCERTAINTY_ASSIGNED_CONTEXT ( ( #10424 ) ) GLOBAL_UNIT_ASSIGNED_CONTEXT ( ( #417, #545, #3459 ) ) REPRESENTATION_CONTEXT ( 'NONE', 'WORKASPACE' ) );
#7368 = EDGE_LOOP ( 'NONE', ( #4735, #2014, #6891, #11582 ) ) ;
#7369 =( LENGTH_UNIT ( ) NAMED_UNIT ( * ) SI_UNIT ( .MILLI., .METRE. ) );
#7370 = ORIENTED_EDGE ( 'NONE', *, *, #2446, .F. ) ;
#7371 = FACE_OUTER_BOUND ( 'NONE', #3738, .T. ) ;
#7372 = SURFACE_STYLE_FILL_AREA ( #5521 ) ;
#7373 = LINE ( 'NONE', #7312, #10750 ) ;
#7374 = CARTESIAN_POINT ( 'NONE',  ( 1.269999961853000015, 1.820000011921000027, 2.214999988079000115 ) ) ;
#7375 = VECTOR ( 'NONE', #8883, 1000.000000000000114 ) ;
#7376 = PRESENTATION_LAYER_ASSIGNMENT (  '', '', ( #5541 ) ) ;
#7377 = CARTESIAN_POINT ( 'NONE',  ( 9.839999847412000733, 9.709999998510001618, 1.050000001489999946 ) ) ;
#7378 = STYLED_ITEM ( 'NONE', ( #9769 ), #3671 ) ;
#7379 = DIRECTION ( 'NONE',  ( 0.7071067811865474617, 0.7071067811865474617, 0.0000000000000000000 ) ) ;
#7380 =( LENGTH_UNIT ( ) NAMED_UNIT ( * ) SI_UNIT ( .MILLI., .METRE. ) );
#7381 = CARTESIAN_POINT ( 'NONE',  ( 4.759999923706000224, 0.3200000000000000067, -2.799999997020000464 ) ) ;
#7382 = DIRECTION ( 'NONE',  ( 0.0000000000000000000, 0.7071067811865474617, -0.7071067811865474617 ) ) ;
#7383 = EDGE_CURVE ( 'NONE', #4098, #8231, #6100, .T. ) ;
#7384 = DIRECTION ( 'NONE',  ( 0.0000000000000000000, -1.000000000000000000, -1.618928404167999991E-15 ) ) ;
#7385 = VERTEX_POINT ( 'NONE', #8944 ) ;
#7386 = CARTESIAN_POINT ( 'NONE',  ( 15.11999977409799989, -0.1199999970199999016, -3.000000000000000000 ) ) ;
#7387 =( GEOMETRIC_REPRESENTATION_CONTEXT ( 3 ) GLOBAL_UNCERTAINTY_ASSIGNED_CONTEXT ( ( #1364 ) ) GLOBAL_UNIT_ASSIGNED_CONTEXT ( ( #5086, #11801, #7942 ) ) REPRESENTATION_CONTEXT ( 'NONE', 'WORKASPACE' ) );
#7388 =( LENGTH_UNIT ( ) NAMED_UNIT ( * ) SI_UNIT ( .MILLI., .METRE. ) );
#7389 = ORIENTED_EDGE ( 'NONE', *, *, #11364, .T. ) ;
#7390 = DIRECTION ( 'NONE',  ( -0.5773502691896278405, 0.5773502691896278405, -0.5773502691896216232 ) ) ;
#7391 = FILL_AREA_STYLE_COLOUR ( '', #3151 ) ;
#7392 = SURFACE_STYLE_USAGE ( .BOTH. , #12058 ) ;
#7393 = SURFACE_STYLE_USAGE ( .BOTH. , #10363 ) ;
#7394 = UNCERTAINTY_MEASURE_WITH_UNIT (LENGTH_MEASURE( 1.000000000000000082E-05 ), #1031, 'distance_accuracy_value', 'NONE');
#7395 =( LENGTH_UNIT ( ) NAMED_UNIT ( * ) SI_UNIT ( .MILLI., .METRE. ) );
#7396 =( NAMED_UNIT ( * ) PLANE_ANGLE_UNIT ( ) SI_UNIT ( $, .RADIAN. ) );
#7397 = VERTEX_POINT ( 'NONE', #6877 ) ;
#7398 = SURFACE_SIDE_STYLE ('',( #12203 ) ) ;
#7399 = PLANE ( 'NONE',  #7877 ) ;
#7400 = ORIENTED_EDGE ( 'NONE', *, *, #298, .F. ) ;
#7401 = CARTESIAN_POINT ( 'NONE',  ( 8.589999873638250349, 3.809999961852999828, 2.515000000000252367 ) ) ;
#7402 = MECHANICAL_DESIGN_GEOMETRIC_PRESENTATION_REPRESENTATION (  '', ( #3171 ), #8446 ) ;
#7403 = LINE ( 'NONE', #7542, #10626 ) ;
#7404 = DIRECTION ( 'NONE',  ( -0.0000000000000000000, 1.000000000000000000, 0.0000000000000000000 ) ) ;
#7405 =( NAMED_UNIT ( * ) SI_UNIT ( $, .STERADIAN. ) SOLID_ANGLE_UNIT ( ) );
#7406 = PLANE ( 'NONE',  #3600 ) ;
#7407 = DIRECTION ( 'NONE',  ( -0.0000000000000000000, -1.000000000000000000, 0.0000000000000000000 ) ) ;
#7408 = EDGE_CURVE ( 'NONE', #10342, #8771, #260, .T. ) ;
#7409 = PLANE ( 'NONE',  #5819 ) ;
#7410 = ORIENTED_EDGE ( 'NONE', *, *, #343, .F. ) ;
#7411 = PRESENTATION_STYLE_ASSIGNMENT (( #7296 ) ) ;
#7412 =( GEOMETRIC_REPRESENTATION_CONTEXT ( 3 ) GLOBAL_UNCERTAINTY_ASSIGNED_CONTEXT ( ( #334 ) ) GLOBAL_UNIT_ASSIGNED_CONTEXT ( ( #9104, #10122, #7290 ) ) REPRESENTATION_CONTEXT ( 'NONE', 'WORKASPACE' ) );
#7413 = SURFACE_STYLE_FILL_AREA ( #609 ) ;
#7414 = CARTESIAN_POINT ( 'NONE',  ( 4.759999923706000224, 3.809999961852999828, 0.9499999999999999556 ) ) ;
#7415 = DIRECTION ( 'NONE',  ( -0.7071067811865475727, -0.7071067811865475727, 0.0000000000000000000 ) ) ;
#7416 =( NAMED_UNIT ( * ) PLANE_ANGLE_UNIT ( ) SI_UNIT ( $, .RADIAN. ) );
#7417 = CARTESIAN_POINT ( 'NONE',  ( 8.889999847411999667, 1.820000011921003136, 0.3250000119209999760 ) ) ;
#7418 = EDGE_CURVE ( 'NONE', #275, #2692, #5904, .T. ) ;
#7419 = FACE_OUTER_BOUND ( 'NONE', #3394, .T. ) ;
#7420 = PRESENTATION_LAYER_ASSIGNMENT (  '', '', ( #6412 ) ) ;
#7421 = COLOUR_RGB ( '',1.000000000000000000, 1.000000000000000000, 0.4980392156862745168 ) ;
#7422 = DIRECTION ( 'NONE',  ( 0.7071067811865474617, 0.0000000000000000000, 0.7071067811865474617 ) ) ;
#7423 = LINE ( 'NONE', #6611, #5752 ) ;
#7424 = CARTESIAN_POINT ( 'NONE',  ( -0.1199999970199998184, 9.810000000000000497, 1.389999997019999878 ) ) ;
#7425 = VERTEX_POINT ( 'NONE', #9886 ) ;
#7426 = CARTESIAN_POINT ( 'NONE',  ( 4.759999923706000224, 0.2199999985099999888, -2.899999998509999788 ) ) ;
#7427 = EDGE_LOOP ( 'NONE', ( #311, #2528, #11195, #6758 ) ) ;
#7428 = PRESENTATION_STYLE_ASSIGNMENT (( #1392 ) ) ;
#7429 = ORIENTED_EDGE ( 'NONE', *, *, #10372, .F. ) ;
#7430 =( GEOMETRIC_REPRESENTATION_CONTEXT ( 3 ) GLOBAL_UNCERTAINTY_ASSIGNED_CONTEXT ( ( #1218 ) ) GLOBAL_UNIT_ASSIGNED_CONTEXT ( ( #9759, #2853, #6744 ) ) REPRESENTATION_CONTEXT ( 'NONE', 'WORKASPACE' ) );
#7431 = LINE ( 'NONE', #7800, #4585 ) ;
#7432 = CARTESIAN_POINT ( 'NONE',  ( 16.50999973297099999, 3.809999961853000272, 0.3250000119210007532 ) ) ;
#7433 =( GEOMETRIC_REPRESENTATION_CONTEXT ( 3 ) GLOBAL_UNCERTAINTY_ASSIGNED_CONTEXT ( ( #4584 ) ) GLOBAL_UNIT_ASSIGNED_CONTEXT ( ( #5968, #6041, #11925 ) ) REPRESENTATION_CONTEXT ( 'NONE', 'WORKASPACE' ) );
#7434 = DIRECTION ( 'NONE',  ( 1.000000000000000000, -0.0000000000000000000, 0.0000000000000000000 ) ) ;
#7435 = DIRECTION ( 'NONE',  ( -1.000000000000000000, 0.0000000000000000000, 0.0000000000000000000 ) ) ;
#7436 = STYLED_ITEM ( 'NONE', ( #5725 ), #6994 ) ;
#7437 = SURFACE_STYLE_FILL_AREA ( #10222 ) ;
#7438 = FACE_OUTER_BOUND ( 'NONE', #410, .T. ) ;
#7439 = PLANE ( 'NONE',  #4573 ) ;
#7440 = PRESENTATION_LAYER_ASSIGNMENT (  '', '', ( #339 ) ) ;
#7441 = SURFACE_STYLE_FILL_AREA ( #4250 ) ;
#7442 = DIRECTION ( 'NONE',  ( 0.0000000000000000000, 0.7071067811865474617, 0.7071067811865474617 ) ) ;
#7443 = ORIENTED_EDGE ( 'NONE', *, *, #3507, .T. ) ;
#7444 = COLOUR_RGB ( '',1.000000000000000000, 1.000000000000000000, 0.4980392156862745168 ) ;
#7445 =( NAMED_UNIT ( * ) PLANE_ANGLE_UNIT ( ) SI_UNIT ( $, .RADIAN. ) );
#7446 =( GEOMETRIC_REPRESENTATION_CONTEXT ( 3 ) GLOBAL_UNCERTAINTY_ASSIGNED_CONTEXT ( ( #1789 ) ) GLOBAL_UNIT_ASSIGNED_CONTEXT ( ( #3859, #5848, #1065 ) ) REPRESENTATION_CONTEXT ( 'NONE', 'WORKASPACE' ) );
#7447 = UNCERTAINTY_MEASURE_WITH_UNIT (LENGTH_MEASURE( 1.000000000000000082E-05 ), #2994, 'distance_accuracy_value', 'NONE');
#7448 = EDGE_CURVE ( 'NONE', #10342, #6113, #10787, .T. ) ;
#7449 = VECTOR ( 'NONE', #3994, 1000.000000000000000 ) ;
#7450 = ORIENTED_EDGE ( 'NONE', *, *, #2733, .F. ) ;
#7451 = LINE ( 'NONE', #9464, #8316 ) ;
#7452 = CARTESIAN_POINT ( 'NONE',  ( 1.569999973773875235, 1.520000000000000018, 0.02499999999987498334 ) ) ;
#7453 = PLANE ( 'NONE',  #4279 ) ;
#7454 = CARTESIAN_POINT ( 'NONE',  ( 10.27999984443199999, 9.810000000000000497, 1.389999997019999878 ) ) ;
#7455 = VECTOR ( 'NONE', #2678, 1000.000000000000000 ) ;
#7456 = EDGE_CURVE ( 'NONE', #624, #6582, #11805, .T. ) ;
#7457 = VECTOR ( 'NONE', #9889, 1000.000000000000000 ) ;
#7458 = AXIS2_PLACEMENT_3D ( 'NONE', #9250, #4814, #6672 ) ;
#7459 =( GEOMETRIC_REPRESENTATION_CONTEXT ( 3 ) GLOBAL_UNCERTAINTY_ASSIGNED_CONTEXT ( ( #1533 ) ) GLOBAL_UNIT_ASSIGNED_CONTEXT ( ( #1558, #483, #9368 ) ) REPRESENTATION_CONTEXT ( 'NONE', 'WORKASPACE' ) );
#7460 = VECTOR ( 'NONE', #11987, 1000.000000000000114 ) ;
#7461 = UNCERTAINTY_MEASURE_WITH_UNIT (LENGTH_MEASURE( 1.000000000000000082E-05 ), #12518, 'distance_accuracy_value', 'NONE');
#7462 = SURFACE_STYLE_USAGE ( .BOTH. , #11384 ) ;
#7463 = ORIENTED_EDGE ( 'NONE', *, *, #9940, .F. ) ;
#7464 = UNCERTAINTY_MEASURE_WITH_UNIT (LENGTH_MEASURE( 1.000000000000000082E-05 ), #5601, 'distance_accuracy_value', 'NONE');
#7465 = CARTESIAN_POINT ( 'NONE',  ( -1.270000000000500062, 1.520000000000000018, 2.214999988079500159 ) ) ;
#7466 = EDGE_CURVE ( 'NONE', #10714, #203, #1263, .T. ) ;
#7467 = PLANE ( 'NONE',  #10454 ) ;
#7468 = SURFACE_STYLE_USAGE ( .BOTH. , #5676 ) ;
#7469 = VERTEX_POINT ( 'NONE', #2031 ) ;
#7470 = SURFACE_STYLE_FILL_AREA ( #3573 ) ;
#7471 = ORIENTED_EDGE ( 'NONE', *, *, #8263, .F. ) ;
#7472 = CARTESIAN_POINT ( 'NONE',  ( 10.27999984443199999, 0.3200000000000000067, -3.000000000000000000 ) ) ;
#7473 = STYLED_ITEM ( 'NONE', ( #10541 ), #10135 ) ;
#7474 = ADVANCED_FACE ( 'NONE', ( #11918 ), #6996, .T. ) ;
#7475 = ORIENTED_EDGE ( 'NONE', *, *, #5318, .T. ) ;
#7476 = PRESENTATION_LAYER_ASSIGNMENT (  '', '', ( #11964 ) ) ;
#7477 =( NAMED_UNIT ( * ) PLANE_ANGLE_UNIT ( ) SI_UNIT ( $, .RADIAN. ) );
#7478 = CARTESIAN_POINT ( 'NONE',  ( 17.45999973297099928, 1.820000011921000693, 1.589999999999999414 ) ) ;
#7479 = EDGE_CURVE ( 'NONE', #3316, #6311, #6168, .T. ) ;
#7480 = UNCERTAINTY_MEASURE_WITH_UNIT (LENGTH_MEASURE( 1.000000000000000082E-05 ), #4238, 'distance_accuracy_value', 'NONE');
#7481 = VECTOR ( 'NONE', #6351, 1000.000000000000114 ) ;
#7482 = VECTOR ( 'NONE', #9578, 1000.000000000000000 ) ;
#7483 = CARTESIAN_POINT ( 'NONE',  ( 16.35999976515800469, 1.520000000000000018, 0.1750000059600000102 ) ) ;
#7484 = SURFACE_SIDE_STYLE ('',( #4297 ) ) ;
#7485 = VECTOR ( 'NONE', #9589, 1000.000000000000000 ) ;
#7486 = FILL_AREA_STYLE ('',( #12333 ) ) ;
#7487 = ORIENTED_EDGE ( 'NONE', *, *, #11870, .T. ) ;
#7488 = EDGE_CURVE ( 'NONE', #2789, #10026, #10978, .T. ) ;
#7489 =( GEOMETRIC_REPRESENTATION_CONTEXT ( 3 ) GLOBAL_UNCERTAINTY_ASSIGNED_CONTEXT ( ( #2878 ) ) GLOBAL_UNIT_ASSIGNED_CONTEXT ( ( #2951, #11698, #5566 ) ) REPRESENTATION_CONTEXT ( 'NONE', 'WORKASPACE' ) );
#7490 = FILL_AREA_STYLE ('',( #559 ) ) ;
#7491 = LINE ( 'NONE', #6730, #9437 ) ;
#7492 = FILL_AREA_STYLE_COLOUR ( '', #1982 ) ;
#7493 = EDGE_CURVE ( 'NONE', #4749, #10289, #11034, .T. ) ;
#7494 = LINE ( 'NONE', #5317, #9107 ) ;
#7495 = ADVANCED_FACE ( 'NONE', ( #3246 ), #1208, .T. ) ;
#7496 = CARTESIAN_POINT ( 'NONE',  ( 12.47999981075500031, -0.3200000000000000067, -2.899999998509999788 ) ) ;
#7497 = STYLED_ITEM ( 'NONE', ( #1430 ), #10892 ) ;
#7498 = CARTESIAN_POINT ( 'NONE',  ( 13.66999979734425175, 3.809999961852999828, 2.515000000000251923 ) ) ;
#7499 = PRESENTATION_STYLE_ASSIGNMENT (( #11282 ) ) ;
#7500 = MECHANICAL_DESIGN_GEOMETRIC_PRESENTATION_REPRESENTATION (  '', ( #3822 ), #4650 ) ;
#7501 = ORIENTED_EDGE ( 'NONE', *, *, #2116, .T. ) ;
#7502 = FACE_OUTER_BOUND ( 'NONE', #1009, .T. ) ;
#7503 = ORIENTED_EDGE ( 'NONE', *, *, #11916, .F. ) ;
#7504 = EDGE_CURVE ( 'NONE', #12267, #5329, #3304, .T. ) ;
#7505 = LINE ( 'NONE', #11416, #11363 ) ;
#7506 = ORIENTED_EDGE ( 'NONE', *, *, #7143, .F. ) ;
#7507 = MECHANICAL_DESIGN_GEOMETRIC_PRESENTATION_REPRESENTATION (  '', ( #10264 ), #11794 ) ;
#7508 = DIRECTION ( 'NONE',  ( 0.0000000000000000000, 1.000000000000000000, -0.0000000000000000000 ) ) ;
#7509 = FILL_AREA_STYLE ('',( #11481 ) ) ;
#7510 = SURFACE_STYLE_FILL_AREA ( #12422 ) ;
#7511 = LINE ( 'NONE', #5587, #377 ) ;
#7512 =( NAMED_UNIT ( * ) PLANE_ANGLE_UNIT ( ) SI_UNIT ( $, .RADIAN. ) );
#7513 = PLANE ( 'NONE',  #4815 ) ;
#7514 = MECHANICAL_DESIGN_GEOMETRIC_PRESENTATION_REPRESENTATION (  '', ( #3044 ), #9371 ) ;
#7515 =( LENGTH_UNIT ( ) NAMED_UNIT ( * ) SI_UNIT ( .MILLI., .METRE. ) );
#7516 = AXIS2_PLACEMENT_3D ( 'NONE', #11657, #6864, #192 ) ;
#7517 = CARTESIAN_POINT ( 'NONE',  ( 13.81999980330500044, 1.520000000000000018, 2.364999994040000164 ) ) ;
#7518 = ORIENTED_EDGE ( 'NONE', *, *, #11070, .F. ) ;
#7519 = FILL_AREA_STYLE ('',( #950 ) ) ;
#7520 = LINE ( 'NONE', #2614, #1952 ) ;
#7521 = ORIENTED_EDGE ( 'NONE', *, *, #4219, .T. ) ;
#7522 = CARTESIAN_POINT ( 'NONE',  ( -0.3200000000000000067, 0.3200000000000000622, -6.186013787285977915E-16 ) ) ;
#7523 = CARTESIAN_POINT ( 'NONE',  ( 12.37999980926499966, 9.709999998510001618, 1.050000001489999946 ) ) ;
#7524 = EDGE_LOOP ( 'NONE', ( #3283, #7518, #11244, #6706, #4594, #259, #4555, #9627 ) ) ;
#7525 = FILL_AREA_STYLE ('',( #8497 ) ) ;
#7526 = DIRECTION ( 'NONE',  ( 0.0000000000000000000, 0.0000000000000000000, 1.000000000000000000 ) ) ;
#7527 = CARTESIAN_POINT ( 'NONE',  ( 6.349999885558999857, 1.520000000000000018, 0.3250000119209999760 ) ) ;
#7528 = UNCERTAINTY_MEASURE_WITH_UNIT (LENGTH_MEASURE( 1.000000000000000082E-05 ), #9375, 'distance_accuracy_value', 'NONE');
#7529 =( NAMED_UNIT ( * ) SI_UNIT ( $, .STERADIAN. ) SOLID_ANGLE_UNIT ( ) );
#7530 = SURFACE_STYLE_FILL_AREA ( #3695 ) ;
#7531 = VERTEX_POINT ( 'NONE', #1640 ) ;
#7532 = PRESENTATION_STYLE_ASSIGNMENT (( #3569 ) ) ;
#7533 =( NAMED_UNIT ( * ) PLANE_ANGLE_UNIT ( ) SI_UNIT ( $, .RADIAN. ) );
#7534 = EDGE_CURVE ( 'NONE', #4891, #11092, #2423, .T. ) ;
#7535 = FILL_AREA_STYLE ('',( #7715 ) ) ;
#7536 =( GEOMETRIC_REPRESENTATION_CONTEXT ( 3 ) GLOBAL_UNCERTAINTY_ASSIGNED_CONTEXT ( ( #8239 ) ) GLOBAL_UNIT_ASSIGNED_CONTEXT ( ( #10669, #6588, #1669 ) ) REPRESENTATION_CONTEXT ( 'NONE', 'WORKASPACE' ) );
#7537 = ADVANCED_FACE ( 'NONE', ( #5381 ), #12169, .F. ) ;
#7538 = PLANE ( 'NONE',  #12337 ) ;
#7539 = ORIENTED_EDGE ( 'NONE', *, *, #8443, .F. ) ;
#7540 = FACE_OUTER_BOUND ( 'NONE', #11996, .T. ) ;
#7541 = VERTEX_POINT ( 'NONE', #9445 ) ;
#7542 = CARTESIAN_POINT ( 'NONE',  ( 5.399999923705999905, 0.3200000000000000067, -3.000000000000000000 ) ) ;
#7543 = PRESENTATION_LAYER_ASSIGNMENT (  '', '', ( #3066 ) ) ;
#7544 =( LENGTH_UNIT ( ) NAMED_UNIT ( * ) SI_UNIT ( .MILLI., .METRE. ) );
#7545 = DIRECTION ( 'NONE',  ( -0.0000000000000000000, 1.000000000000000000, 1.510616709811000052E-15 ) ) ;
#7546 = ADVANCED_FACE ( 'NONE', ( #8215 ), #8410, .T. ) ;
#7547 = FILL_AREA_STYLE ('',( #3657 ) ) ;
#7548 = ORIENTED_EDGE ( 'NONE', *, *, #10316, .F. ) ;
#7549 =( LENGTH_UNIT ( ) NAMED_UNIT ( * ) SI_UNIT ( .MILLI., .METRE. ) );
#7550 = CARTESIAN_POINT ( 'NONE',  ( 17.45999973297099928, 1.270000000000000018, -4.440892098500999885E-16 ) ) ;
#7551 = DIRECTION ( 'NONE',  ( -0.7071067811865475727, -9.398244244348984524E-16, 0.7071067811865475727 ) ) ;
#7552 =( NAMED_UNIT ( * ) SI_UNIT ( $, .STERADIAN. ) SOLID_ANGLE_UNIT ( ) );
#7553 = VECTOR ( 'NONE', #2315, 1000.000000000000000 ) ;
#7554 = PLANE ( 'NONE',  #3374 ) ;
#7555 = CARTESIAN_POINT ( 'NONE',  ( 15.55999977111799915, -0.3200000000000000067, -4.336808689942017736E-16 ) ) ;
#7556 = CARTESIAN_POINT ( 'NONE',  ( 8.889999885559062065, 1.820000011921000249, 2.214999988079062732 ) ) ;
#7557 = DIRECTION ( 'NONE',  ( 0.0000000000000000000, -1.609823385705999920E-15, 1.000000000000000000 ) ) ;
#7558 = CARTESIAN_POINT ( 'NONE',  ( 11.42999980926500037, 1.820000011921000693, 0.3250000119210002536 ) ) ;
#7559 = ORIENTED_EDGE ( 'NONE', *, *, #2353, .F. ) ;
#7560 = DIRECTION ( 'NONE',  ( 0.0000000000000000000, 0.0000000000000000000, -1.000000000000000000 ) ) ;
#7561 = EDGE_LOOP ( 'NONE', ( #5974, #10829, #144, #8591 ) ) ;
#7562 = MECHANICAL_DESIGN_GEOMETRIC_PRESENTATION_REPRESENTATION (  '', ( #8799 ), #6755 ) ;
#7563 = SURFACE_SIDE_STYLE ('',( #50 ) ) ;
#7564 = DIRECTION ( 'NONE',  ( 0.0000000000000000000, 0.0000000000000000000, 1.000000000000000000 ) ) ;
#7565 = SURFACE_SIDE_STYLE ('',( #2795 ) ) ;
#7566 = FACE_OUTER_BOUND ( 'NONE', #12305, .T. ) ;
#7567 =( LENGTH_UNIT ( ) NAMED_UNIT ( * ) SI_UNIT ( .MILLI., .METRE. ) );
#7568 = CARTESIAN_POINT ( 'NONE',  ( 17.45999973297099928, 0.3199999999999999512, -2.799999997020000020 ) ) ;
#7569 = AXIS2_PLACEMENT_3D ( 'NONE', #676, #2662, #505 ) ;
#7570 = SURFACE_STYLE_FILL_AREA ( #4697 ) ;
#7571 = CARTESIAN_POINT ( 'NONE',  ( 15.35999976813800139, -0.1199999970199999433, -3.000000000000000444 ) ) ;
#7572 = CARTESIAN_POINT ( 'NONE',  ( 4.759999923706000224, 1.820000011921000693, 1.589999999999999414 ) ) ;
#7573 = ORIENTED_EDGE ( 'NONE', *, *, #739, .F. ) ;
#7574 = FILL_AREA_STYLE_COLOUR ( '', #4186 ) ;
#7575 = ORIENTED_EDGE ( 'NONE', *, *, #12313, .T. ) ;
#7576 = LINE ( 'NONE', #11493, #10763 ) ;
#7577 = AXIS2_PLACEMENT_3D ( 'NONE', #8180, #412, #2178 ) ;
#7578 = LINE ( 'NONE', #9590, #11316 ) ;
#7579 = ORIENTED_EDGE ( 'NONE', *, *, #7493, .F. ) ;
#7580 = DIRECTION ( 'NONE',  ( 0.0000000000000000000, -1.000000000000000000, -0.0000000000000000000 ) ) ;
#7581 = LINE ( 'NONE', #8498, #9321 ) ;
#7582 = VECTOR ( 'NONE', #4274, 1000.000000000000000 ) ;
#7583 =( NAMED_UNIT ( * ) PLANE_ANGLE_UNIT ( ) SI_UNIT ( $, .RADIAN. ) );
#7584 =( GEOMETRIC_REPRESENTATION_CONTEXT ( 3 ) GLOBAL_UNCERTAINTY_ASSIGNED_CONTEXT ( ( #5779 ) ) GLOBAL_UNIT_ASSIGNED_CONTEXT ( ( #10710, #7808, #9251 ) ) REPRESENTATION_CONTEXT ( 'NONE', 'WORKASPACE' ) );
#7585 = UNCERTAINTY_MEASURE_WITH_UNIT (LENGTH_MEASURE( 1.000000000000000082E-05 ), #11458, 'distance_accuracy_value', 'NONE');
#7586 = EDGE_CURVE ( 'NONE', #4706, #1760, #7505, .T. ) ;
#7587 = LINE ( 'NONE', #11499, #1933 ) ;
#7588 = VECTOR ( 'NONE', #6310, 1000.000000000000000 ) ;
#7589 = ORIENTED_EDGE ( 'NONE', *, *, #10806, .T. ) ;
#7590 = FILL_AREA_STYLE ('',( #4716 ) ) ;
#7591 = FILL_AREA_STYLE_COLOUR ( '', #10964 ) ;
#7592 = UNCERTAINTY_MEASURE_WITH_UNIT (LENGTH_MEASURE( 1.000000000000000082E-05 ), #5557, 'distance_accuracy_value', 'NONE');
#7593 = ORIENTED_EDGE ( 'NONE', *, *, #1877, .T. ) ;
#7594 = FILL_AREA_STYLE ('',( #6775 ) ) ;
#7595 = VERTEX_POINT ( 'NONE', #747 ) ;
#7596 = SURFACE_STYLE_FILL_AREA ( #8699 ) ;
#7597 =( NAMED_UNIT ( * ) SI_UNIT ( $, .STERADIAN. ) SOLID_ANGLE_UNIT ( ) );
#7598 = CARTESIAN_POINT ( 'NONE',  ( 19.04999973297099913, 1.520000000000000018, 0.3250000119209999760 ) ) ;
#7599 = UNCERTAINTY_MEASURE_WITH_UNIT (LENGTH_MEASURE( 1.000000000000000082E-05 ), #6709, 'distance_accuracy_value', 'NONE');
#7600 = CARTESIAN_POINT ( 'NONE',  ( 13.96999977111799929, 1.520000000000000018, 0.3250000119210003091 ) ) ;
#7601 = CYLINDRICAL_SURFACE ( 'NONE', #10331, 1.590000000000000080 ) ;
#7602 =( LENGTH_UNIT ( ) NAMED_UNIT ( * ) SI_UNIT ( .MILLI., .METRE. ) );
#7603 = FACE_OUTER_BOUND ( 'NONE', #8517, .T. ) ;
#7604 = SURFACE_SIDE_STYLE ('',( #8575 ) ) ;
#7605 = ORIENTED_EDGE ( 'NONE', *, *, #8179, .T. ) ;
#7606 = LINE ( 'NONE', #10627, #4076 ) ;
#7607 = CARTESIAN_POINT ( 'NONE',  ( 2.859999961853000094, -0.3200000000000000067, -4.336808689942017736E-16 ) ) ;
#7608 = EDGE_CURVE ( 'NONE', #4055, #10486, #11595, .T. ) ;
#7609 = SURFACE_STYLE_USAGE ( .BOTH. , #3722 ) ;
#7610 = CARTESIAN_POINT ( 'NONE',  ( 6.649999897479999866, 1.520000000000000018, 2.515000000000000124 ) ) ;
#7611 = VERTEX_POINT ( 'NONE', #4690 ) ;
#7612 = DIRECTION ( 'NONE',  ( 1.000000000000000000, 0.0000000000000000000, 0.0000000000000000000 ) ) ;
#7613 = ORIENTED_EDGE ( 'NONE', *, *, #97, .T. ) ;
#7614 = ORIENTED_EDGE ( 'NONE', *, *, #546, .F. ) ;
#7615 = SURFACE_SIDE_STYLE ('',( #3788 ) ) ;
#7616 = ORIENTED_EDGE ( 'NONE', *, *, #386, .T. ) ;
#7617 = FACE_OUTER_BOUND ( 'NONE', #11188, .T. ) ;
#7618 = CARTESIAN_POINT ( 'NONE',  ( 2.319999963343000182, -0.3200000000000000067, -2.899999998509999788 ) ) ;
#7619 = DIRECTION ( 'NONE',  ( 0.7071067811865474617, -0.0000000000000000000, 0.7071067811865474617 ) ) ;
#7620 = SURFACE_SIDE_STYLE ('',( #2856 ) ) ;
#7621 = CARTESIAN_POINT ( 'NONE',  ( 6.349999885558999857, 1.820000011921000249, 2.214999988079000115 ) ) ;
#7622 = AXIS2_PLACEMENT_3D ( 'NONE', #11058, #7150, #4327 ) ;
#7623 = VECTOR ( 'NONE', #9788, 1000.000000000000000 ) ;
#7624 = LINE ( 'NONE', #10589, #4981 ) ;
#7625 = VECTOR ( 'NONE', #2259, 1000.000000000000000 ) ;
#7626 = LINE ( 'NONE', #3856, #8315 ) ;
#7627 =( LENGTH_UNIT ( ) NAMED_UNIT ( * ) SI_UNIT ( .MILLI., .METRE. ) );
#7628 = DIRECTION ( 'NONE',  ( 0.0000000000000000000, -0.7071067811865475727, 0.7071067811865475727 ) ) ;
#7629 = SURFACE_STYLE_FILL_AREA ( #4701 ) ;
#7630 = ORIENTED_EDGE ( 'NONE', *, *, #4860, .T. ) ;
#7631 = STYLED_ITEM ( 'NONE', ( #12611 ), #4927 ) ;
#7632 = CARTESIAN_POINT ( 'NONE',  ( 8.589999873638124228, 1.519999999999998241, 2.515000000000125802 ) ) ;
#7633 = ORIENTED_EDGE ( 'NONE', *, *, #1099, .F. ) ;
#7634 = CARTESIAN_POINT ( 'NONE',  ( 3.809999961853248518, 3.809999961853000716, 0.3250000119207507310 ) ) ;
#7635 = VECTOR ( 'NONE', #3694, 1000.000000000000000 ) ;
#7636 = AXIS2_PLACEMENT_3D ( 'NONE', #8660, #8792, #10645 ) ;
#7637 = EDGE_CURVE ( 'NONE', #11865, #63, #925, .T. ) ;
#7638 = CARTESIAN_POINT ( 'NONE',  ( 13.96999980926512386, 1.519999999999998241, 2.214999988079125348 ) ) ;
#7639 = PRESENTATION_STYLE_ASSIGNMENT (( #10660 ) ) ;
#7640 = CARTESIAN_POINT ( 'NONE',  ( 16.35999976515800469, 1.520000000000000018, 2.364999994040000164 ) ) ;
#7641 =( GEOMETRIC_REPRESENTATION_CONTEXT ( 3 ) GLOBAL_UNCERTAINTY_ASSIGNED_CONTEXT ( ( #3407 ) ) GLOBAL_UNIT_ASSIGNED_CONTEXT ( ( #6890, #1795, #837 ) ) REPRESENTATION_CONTEXT ( 'NONE', 'WORKASPACE' ) );
#7642 = CARTESIAN_POINT ( 'NONE',  ( 16.50999977111800021, 3.809999961852999828, 0.02500000000000000139 ) ) ;
#7643 = EDGE_CURVE ( 'NONE', #10486, #91, #8729, .T. ) ;
#7644 = AXIS2_PLACEMENT_3D ( 'NONE', #11274, #2580, #4345 ) ;
#7645 =( GEOMETRIC_REPRESENTATION_CONTEXT ( 3 ) GLOBAL_UNCERTAINTY_ASSIGNED_CONTEXT ( ( #8119 ) ) GLOBAL_UNIT_ASSIGNED_CONTEXT ( ( #217, #10924, #4074 ) ) REPRESENTATION_CONTEXT ( 'NONE', 'WORKASPACE' ) );
#7646 = SURFACE_STYLE_FILL_AREA ( #11618 ) ;
#7647 = COLOUR_RGB ( '',0.09411764705882352811, 0.09411764705882352811, 0.09411764705882352811 ) ;
#7648 = COLOUR_RGB ( '',1.000000000000000000, 1.000000000000000000, 0.4980392156862745168 ) ;
#7649 = ADVANCED_FACE ( 'NONE', ( #2715 ), #3730, .T. ) ;
#7650 =( GEOMETRIC_REPRESENTATION_CONTEXT ( 3 ) GLOBAL_UNCERTAINTY_ASSIGNED_CONTEXT ( ( #5182 ) ) GLOBAL_UNIT_ASSIGNED_CONTEXT ( ( #6696, #5664, #9528 ) ) REPRESENTATION_CONTEXT ( 'NONE', 'WORKASPACE' ) );
#7651 = FILL_AREA_STYLE_COLOUR ( '', #1648 ) ;
#7652 = CARTESIAN_POINT ( 'NONE',  ( 6.349999923706125315, 1.519999999999998241, 2.214999988079124904 ) ) ;
#7653 = FILL_AREA_STYLE ('',( #7591 ) ) ;
#7654 = ORIENTED_EDGE ( 'NONE', *, *, #11290, .T. ) ;
#7655 = FILL_AREA_STYLE ('',( #6651 ) ) ;
#7656 = AXIS2_PLACEMENT_3D ( 'NONE', #4425, #11214, #9176 ) ;
#7657 = ORIENTED_EDGE ( 'NONE', *, *, #9773, .T. ) ;
#7658 =( GEOMETRIC_REPRESENTATION_CONTEXT ( 3 ) GLOBAL_UNCERTAINTY_ASSIGNED_CONTEXT ( ( #3642 ) ) GLOBAL_UNIT_ASSIGNED_CONTEXT ( ( #1531, #7271, #4460 ) ) REPRESENTATION_CONTEXT ( 'NONE', 'WORKASPACE' ) );
#7659 = ADVANCED_FACE ( 'NONE', ( #3848 ), #10511, .T. ) ;
#7660 = AXIS2_PLACEMENT_3D ( 'NONE', #11367, #2605, #8603 ) ;
#7661 = CYLINDRICAL_SURFACE ( 'NONE', #9418, 1.590000000000000080 ) ;
#7662 = CARTESIAN_POINT ( 'NONE',  ( -0.3200000000000000067, 1.270000000000000018, 1.589999999999999858 ) ) ;
#7663 = EDGE_CURVE ( 'NONE', #5379, #8880, #6009, .T. ) ;
#7664 = DIRECTION ( 'NONE',  ( -0.0000000000000000000, 1.510616709811000052E-15, -1.000000000000000000 ) ) ;
#7665 = PRESENTATION_LAYER_ASSIGNMENT (  '', '', ( #8695 ) ) ;
#7666 =( GEOMETRIC_REPRESENTATION_CONTEXT ( 3 ) GLOBAL_UNCERTAINTY_ASSIGNED_CONTEXT ( ( #7528 ) ) GLOBAL_UNIT_ASSIGNED_CONTEXT ( ( #9375, #12225, #5375 ) ) REPRESENTATION_CONTEXT ( 'NONE', 'WORKASPACE' ) );
#7667 =( NAMED_UNIT ( * ) SI_UNIT ( $, .STERADIAN. ) SOLID_ANGLE_UNIT ( ) );
#7668 = COLOUR_RGB ( '',1.000000000000000000, 1.000000000000000000, 0.4980392156862745168 ) ;
#7669 = ORIENTED_EDGE ( 'NONE', *, *, #6330, .T. ) ;
#7670 = DIRECTION ( 'NONE',  ( 0.0000000000000000000, 1.000000000000000000, 1.332267629549999902E-15 ) ) ;
#7671 =( GEOMETRIC_REPRESENTATION_CONTEXT ( 3 ) GLOBAL_UNCERTAINTY_ASSIGNED_CONTEXT ( ( #4097 ) ) GLOBAL_UNIT_ASSIGNED_CONTEXT ( ( #11181, #2233, #6110 ) ) REPRESENTATION_CONTEXT ( 'NONE', 'WORKASPACE' ) );
#7672 = MECHANICAL_DESIGN_GEOMETRIC_PRESENTATION_REPRESENTATION (  '', ( #772 ), #9743 ) ;
#7673 =( GEOMETRIC_REPRESENTATION_CONTEXT ( 3 ) GLOBAL_UNCERTAINTY_ASSIGNED_CONTEXT ( ( #361 ) ) GLOBAL_UNIT_ASSIGNED_CONTEXT ( ( #2630, #1673, #9477 ) ) REPRESENTATION_CONTEXT ( 'NONE', 'WORKASPACE' ) );
#7674 = DIRECTION ( 'NONE',  ( 0.0000000000000000000, 0.0000000000000000000, 1.000000000000000000 ) ) ;
#7675 = VECTOR ( 'NONE', #2812, 1000.000000000000000 ) ;
#7676 = ADVANCED_FACE ( 'NONE', ( #9949 ), #5946, .F. ) ;
#7677 = LINE ( 'NONE', #1879, #8114 ) ;
#7678 = ORIENTED_EDGE ( 'NONE', *, *, #9890, .F. ) ;
#7679 = CARTESIAN_POINT ( 'NONE',  ( 13.96999977111799929, 1.820000011921000249, 2.214999988079000115 ) ) ;
#7680 = ORIENTED_EDGE ( 'NONE', *, *, #10249, .T. ) ;
#7681 = MECHANICAL_DESIGN_GEOMETRIC_PRESENTATION_REPRESENTATION (  '', ( #8528 ), #2414 ) ;
#7682 = EDGE_CURVE ( 'NONE', #12419, #4749, #8986, .T. ) ;
#7683 = EDGE_LOOP ( 'NONE', ( #6024, #594, #3669, #12131 ) ) ;
#7684 = VECTOR ( 'NONE', #5980, 1000.000000000000000 ) ;
#7685 = EDGE_CURVE ( 'NONE', #2728, #6327, #187, .T. ) ;
#7686 = ORIENTED_EDGE ( 'NONE', *, *, #6501, .T. ) ;
#7687 = COLOUR_RGB ( '',0.09411764705882352811, 0.09411764705882352811, 0.09411764705882352811 ) ;
#7688 = LINE ( 'NONE', #4881, #1546 ) ;
#7689 = CARTESIAN_POINT ( 'NONE',  ( 8.589999873638250349, 3.809999961853000272, 0.02499999999975127674 ) ) ;
#7690 = DIRECTION ( 'NONE',  ( 0.5773502691896253980, -0.5773502691896266192, -0.5773502691896253980 ) ) ;
#7691 = PLANE ( 'NONE',  #5246 ) ;
#7692 = VECTOR ( 'NONE', #1460, 1000.000000000000000 ) ;
#7693 = CARTESIAN_POINT ( 'NONE',  ( 8.889999885558999893, 1.520000000000000018, 2.515000000000000124 ) ) ;
#7694 = CARTESIAN_POINT ( 'NONE',  ( 2.219999961852999970, 0.3200000000000000622, -6.186013787285977915E-16 ) ) ;
#7695 = EDGE_CURVE ( 'NONE', #2893, #2728, #11371, .T. ) ;
#7696 = CARTESIAN_POINT ( 'NONE',  ( 13.81999980330500044, 1.520000000000000018, 2.364999994040000164 ) ) ;
#7697 = CARTESIAN_POINT ( 'NONE',  ( 6.499999891520000794, 1.520000000000000018, 2.364999994040000164 ) ) ;
#7698 = ORIENTED_EDGE ( 'NONE', *, *, #6170, .T. ) ;
#7699 = CYLINDRICAL_SURFACE ( 'NONE', #9461, 1.590000000000000080 ) ;
#7700 = ORIENTED_EDGE ( 'NONE', *, *, #5701, .F. ) ;
#7701 = EDGE_CURVE ( 'NONE', #5933, #8308, #7994, .T. ) ;
#7702 = DIRECTION ( 'NONE',  ( -0.5773502691896257311, -0.5773502691896258421, -0.5773502691896257311 ) ) ;
#7703 = ORIENTED_EDGE ( 'NONE', *, *, #8594, .T. ) ;
#7704 = LINE ( 'NONE', #3743, #4499 ) ;
#7705 = PLANE ( 'NONE',  #3988 ) ;
#7706 = SURFACE_STYLE_FILL_AREA ( #8680 ) ;
#7707 = COLOUR_RGB ( '',1.000000000000000000, 1.000000000000000000, 0.4980392156862745168 ) ;
#7708 = VECTOR ( 'NONE', #10009, 1000.000000000000000 ) ;
#7709 = UNCERTAINTY_MEASURE_WITH_UNIT (LENGTH_MEASURE( 1.000000000000000082E-05 ), #9553, 'distance_accuracy_value', 'NONE');
#7710 = DIRECTION ( 'NONE',  ( 0.7071067811865475727, 9.432969924854965098E-16, -0.7071067811865475727 ) ) ;
#7711 = CARTESIAN_POINT ( 'NONE',  ( 7.939999885558998827, 1.270000000000000018, -4.440892098500999885E-16 ) ) ;
#7712 = ORIENTED_EDGE ( 'NONE', *, *, #5482, .F. ) ;
#7713 = FILL_AREA_STYLE ('',( #9715 ) ) ;
#7714 = SURFACE_STYLE_FILL_AREA ( #3820 ) ;
#7715 = FILL_AREA_STYLE_COLOUR ( '', #1172 ) ;
#7716 = UNCERTAINTY_MEASURE_WITH_UNIT (LENGTH_MEASURE( 1.000000000000000082E-05 ), #1815, 'distance_accuracy_value', 'NONE');
#7717 = ORIENTED_EDGE ( 'NONE', *, *, #9932, .F. ) ;
#7718 = ORIENTED_EDGE ( 'NONE', *, *, #6552, .F. ) ;
#7719 = VECTOR ( 'NONE', #2897, 1000.000000000000000 ) ;
#7720 = FILL_AREA_STYLE_COLOUR ( '', #6583 ) ;
#7721 = SURFACE_SIDE_STYLE ('',( #10866 ) ) ;
#7722 = PLANE ( 'NONE',  #11399 ) ;
#7723 = LINE ( 'NONE', #1990, #8530 ) ;
#7724 = AXIS2_PLACEMENT_3D ( 'NONE', #8953, #7006, #10914 ) ;
#7725 = SURFACE_STYLE_USAGE ( .BOTH. , #851 ) ;
#7726 = CARTESIAN_POINT ( 'NONE',  ( 3.809999923706000047, 1.520000000000000018, 0.02500000000000000139 ) ) ;
#7727 = ORIENTED_EDGE ( 'NONE', *, *, #11033, .T. ) ;
#7728 = COLOUR_RGB ( '',0.09411764705882352811, 0.09411764705882352811, 0.09411764705882352811 ) ;
#7729 = DIRECTION ( 'NONE',  ( -0.5773502691896270633, 0.5773502691896257311, -0.5773502691896246208 ) ) ;
#7730 = FACE_OUTER_BOUND ( 'NONE', #12082, .T. ) ;
#7731 =( NAMED_UNIT ( * ) PLANE_ANGLE_UNIT ( ) SI_UNIT ( $, .RADIAN. ) );
#7732 = SURFACE_SIDE_STYLE ('',( #9746 ) ) ;
#7733 = DIRECTION ( 'NONE',  ( -0.0000000000000000000, 1.000000000000000000, 0.0000000000000000000 ) ) ;
#7734 = CARTESIAN_POINT ( 'NONE',  ( 5.399999923705999905, -0.3200000000000000067, -3.000000000000000000 ) ) ;
#7735 = ORIENTED_EDGE ( 'NONE', *, *, #12409, .T. ) ;
#7736 = DIRECTION ( 'NONE',  ( 0.0000000000000000000, 0.0000000000000000000, -1.000000000000000000 ) ) ;
#7737 = ORIENTED_EDGE ( 'NONE', *, *, #3262, .T. ) ;
#7738 = ORIENTED_EDGE ( 'NONE', *, *, #2038, .F. ) ;
#7739 = EDGE_LOOP ( 'NONE', ( #10849, #2829, #8696, #7686 ) ) ;
#7740 = VECTOR ( 'NONE', #6905, 1000.000000000000000 ) ;
#7741 = FACE_OUTER_BOUND ( 'NONE', #10508, .T. ) ;
#7742 = FACE_OUTER_BOUND ( 'NONE', #4502, .T. ) ;
#7743 = COLOUR_RGB ( '',0.09411764705882352811, 0.09411764705882352811, 0.09411764705882352811 ) ;
#7744 = DIRECTION ( 'NONE',  ( 1.000000000000000000, 0.0000000000000000000, 0.0000000000000000000 ) ) ;
#7745 = SURFACE_STYLE_FILL_AREA ( #9686 ) ;
#7746 = DIRECTION ( 'NONE',  ( -1.000000000000000000, -0.0000000000000000000, -0.0000000000000000000 ) ) ;
#7747 = ADVANCED_FACE ( 'NONE', ( #3229 ), #7798, .T. ) ;
#7748 =( NAMED_UNIT ( * ) SI_UNIT ( $, .STERADIAN. ) SOLID_ANGLE_UNIT ( ) );
#7749 = CARTESIAN_POINT ( 'NONE',  ( -1.270000000000000018, 1.519999999999999574, 0.3250000119209999760 ) ) ;
#7750 = VECTOR ( 'NONE', #12043, 1000.000000000000000 ) ;
#7751 = SURFACE_SIDE_STYLE ('',( #11724 ) ) ;
#7752 = VERTEX_POINT ( 'NONE', #2075 ) ;
#7753 = MECHANICAL_DESIGN_GEOMETRIC_PRESENTATION_REPRESENTATION (  '', ( #10035 ), #7967 ) ;
#7754 = VERTEX_POINT ( 'NONE', #10056 ) ;
#7755 = FACE_OUTER_BOUND ( 'NONE', #9155, .T. ) ;
#7756 = ORIENTED_EDGE ( 'NONE', *, *, #11468, .F. ) ;
#7757 = SURFACE_STYLE_FILL_AREA ( #5774 ) ;
#7758 =( NAMED_UNIT ( * ) PLANE_ANGLE_UNIT ( ) SI_UNIT ( $, .RADIAN. ) );
#7759 = CARTESIAN_POINT ( 'NONE',  ( 7.939999885558998827, -0.3200000000000000067, -4.336808689942017736E-16 ) ) ;
#7760 = EDGE_CURVE ( 'NONE', #11307, #624, #5983, .T. ) ;
#7761 = SURFACE_SIDE_STYLE ('',( #7646 ) ) ;
#7762 = ORIENTED_EDGE ( 'NONE', *, *, #3685, .T. ) ;
#7763 =( NAMED_UNIT ( * ) PLANE_ANGLE_UNIT ( ) SI_UNIT ( $, .RADIAN. ) );
#7764 = LINE ( 'NONE', #9602, #3714 ) ;
#7765 = AXIS2_PLACEMENT_3D ( 'NONE', #4674, #4733, #5630 ) ;
#7766 = COLOUR_RGB ( '',1.000000000000000000, 1.000000000000000000, 0.4980392156862745168 ) ;
#7767 = DIRECTION ( 'NONE',  ( 0.0000000000000000000, 1.000000000000000000, 1.554312234475000050E-15 ) ) ;
#7768 = VERTEX_POINT ( 'NONE', #11827 ) ;
#7769 = EDGE_CURVE ( 'NONE', #3081, #8647, #3022, .T. ) ;
#7770 = VECTOR ( 'NONE', #12274, 1000.000000000000000 ) ;
#7771 = SURFACE_SIDE_STYLE ('',( #5790 ) ) ;
#7772 = FILL_AREA_STYLE ('',( #7720 ) ) ;
#7773 = PRESENTATION_LAYER_ASSIGNMENT (  '', '', ( #874 ) ) ;
#7774 = LINE ( 'NONE', #4018, #4030 ) ;
#7775 = STYLED_ITEM ( 'NONE', ( #3353 ), #3797 ) ;
#7776 = LINE ( 'NONE', #159, #1938 ) ;
#7777 = PLANE ( 'NONE',  #12443 ) ;
#7778 =( NAMED_UNIT ( * ) PLANE_ANGLE_UNIT ( ) SI_UNIT ( $, .RADIAN. ) );
#7779 = LINE ( 'NONE', #3021, #3310 ) ;
#7780 = LINE ( 'NONE', #10754, #2388 ) ;
#7781 = ORIENTED_EDGE ( 'NONE', *, *, #3800, .F. ) ;
#7782 = FILL_AREA_STYLE ('',( #11414 ) ) ;
#7783 = ORIENTED_EDGE ( 'NONE', *, *, #8442, .T. ) ;
#7784 = MECHANICAL_DESIGN_GEOMETRIC_PRESENTATION_REPRESENTATION (  '', ( #1882 ), #74 ) ;
#7785 = DIRECTION ( 'NONE',  ( 0.0000000000000000000, -0.7071067811865475727, -0.7071067811865475727 ) ) ;
#7786 = DIRECTION ( 'NONE',  ( 0.0000000000000000000, 1.332267629549999902E-15, -1.000000000000000000 ) ) ;
#7787 = LINE ( 'NONE', #2189, #9636 ) ;
#7788 = FILL_AREA_STYLE ('',( #4679 ) ) ;
#7789 = DIRECTION ( 'NONE',  ( 1.000000000000000000, -0.0000000000000000000, 0.0000000000000000000 ) ) ;
#7790 = EDGE_CURVE ( 'NONE', #2343, #5695, #3951, .T. ) ;
#7791 = EDGE_CURVE ( 'NONE', #4783, #11608, #1231, .T. ) ;
#7792 = EDGE_LOOP ( 'NONE', ( #1411, #6292, #12099, #2367 ) ) ;
#7793 = UNCERTAINTY_MEASURE_WITH_UNIT (LENGTH_MEASURE( 1.000000000000000082E-05 ), #6955, 'distance_accuracy_value', 'NONE');
#7794 = FILL_AREA_STYLE ('',( #4931 ) ) ;
#7795 = VERTEX_POINT ( 'NONE', #6962 ) ;
#7796 = MANIFOLD_SOLID_BREP ( 'Imported6', #10927 ) ;
#7797 = VERTEX_POINT ( 'NONE', #2108 ) ;
#7798 = PLANE ( 'NONE',  #5640 ) ;
#7799 = ORIENTED_EDGE ( 'NONE', *, *, #4912, .F. ) ;
#7800 = CARTESIAN_POINT ( 'NONE',  ( 6.349999923706000082, 1.520000000000000018, 2.515000000000000124 ) ) ;
#7801 = FILL_AREA_STYLE ('',( #375 ) ) ;
#7802 = CARTESIAN_POINT ( 'NONE',  ( 2.859999961853000094, 0.3200000000000000067, -5.313452942893489393E-16 ) ) ;
#7803 = EDGE_CURVE ( 'NONE', #3869, #5379, #10936, .T. ) ;
#7804 = CARTESIAN_POINT ( 'NONE',  ( 10.47999984741199953, -0.3199999999999999512, -4.388850394221508810E-16 ) ) ;
#7805 = CARTESIAN_POINT ( 'NONE',  ( 1.269999961853000015, 1.519999999999996909, 2.214999988079000115 ) ) ;
#7806 = LINE ( 'NONE', #8547, #5445 ) ;
#7807 = SURFACE_STYLE_FILL_AREA ( #1955 ) ;
#7808 =( NAMED_UNIT ( * ) PLANE_ANGLE_UNIT ( ) SI_UNIT ( $, .RADIAN. ) );
#7809 = LINE ( 'NONE', #9582, #737 ) ;
#7810 = ORIENTED_EDGE ( 'NONE', *, *, #3587, .T. ) ;
#7811 = EDGE_LOOP ( 'NONE', ( #5889, #7913, #12133, #11504 ) ) ;
#7812 = SURFACE_STYLE_FILL_AREA ( #8801 ) ;
#7813 = ORIENTED_EDGE ( 'NONE', *, *, #3209, .F. ) ;
#7814 = VECTOR ( 'NONE', #11042, 1000.000000000000000 ) ;
#7815 = DIRECTION ( 'NONE',  ( 0.0000000000000000000, 0.0000000000000000000, -1.000000000000000000 ) ) ;
#7816 = CARTESIAN_POINT ( 'NONE',  ( 9.939999848901999613, 9.709999998510001618, 1.590000000000000080 ) ) ;
#7817 = AXIS2_PLACEMENT_3D ( 'NONE', #11008, #2253, #6073 ) ;
#7818 =( NAMED_UNIT ( * ) PLANE_ANGLE_UNIT ( ) SI_UNIT ( $, .RADIAN. ) );
#7819 = UNCERTAINTY_MEASURE_WITH_UNIT (LENGTH_MEASURE( 1.000000000000000082E-05 ), #6086, 'distance_accuracy_value', 'NONE');
#7820 = DIRECTION ( 'NONE',  ( -0.7071067811865474617, 0.0000000000000000000, -0.7071067811865474617 ) ) ;
#7821 =( GEOMETRIC_REPRESENTATION_CONTEXT ( 3 ) GLOBAL_UNCERTAINTY_ASSIGNED_CONTEXT ( ( #10415 ) ) GLOBAL_UNIT_ASSIGNED_CONTEXT ( ( #1830, #1240, #10822 ) ) REPRESENTATION_CONTEXT ( 'NONE', 'WORKASPACE' ) );
#7822 = PRESENTATION_LAYER_ASSIGNMENT (  '', '', ( #4772 ) ) ;
#7823 = EDGE_CURVE ( 'NONE', #10843, #4057, #3079, .T. ) ;
#7824 =( LENGTH_UNIT ( ) NAMED_UNIT ( * ) SI_UNIT ( .MILLI., .METRE. ) );
#7825 = ORIENTED_EDGE ( 'NONE', *, *, #3648, .T. ) ;
#7826 = STYLED_ITEM ( 'NONE', ( #5694 ), #9811 ) ;
#7827 =( NAMED_UNIT ( * ) PLANE_ANGLE_UNIT ( ) SI_UNIT ( $, .RADIAN. ) );
#7828 = UNCERTAINTY_MEASURE_WITH_UNIT (LENGTH_MEASURE( 1.000000000000000082E-05 ), #8354, 'distance_accuracy_value', 'NONE');
#7829 = ORIENTED_EDGE ( 'NONE', *, *, #4704, .F. ) ;
#7830 = PRESENTATION_STYLE_ASSIGNMENT (( #146 ) ) ;
#7831 = PRESENTATION_LAYER_ASSIGNMENT (  '', '', ( #3962 ) ) ;
#7832 =( GEOMETRIC_REPRESENTATION_CONTEXT ( 3 ) GLOBAL_UNCERTAINTY_ASSIGNED_CONTEXT ( ( #7828 ) ) GLOBAL_UNIT_ASSIGNED_CONTEXT ( ( #8354, #5520, #3486 ) ) REPRESENTATION_CONTEXT ( 'NONE', 'WORKASPACE' ) );
#7833 =( NAMED_UNIT ( * ) SI_UNIT ( $, .STERADIAN. ) SOLID_ANGLE_UNIT ( ) );
#7834 = VECTOR ( 'NONE', #7187, 1000.000000000000000 ) ;
#7835 = CARTESIAN_POINT ( 'NONE',  ( 8.889999885558999893, 1.520000000000000018, 2.214999988079000115 ) ) ;
#7836 =( GEOMETRIC_REPRESENTATION_CONTEXT ( 3 ) GLOBAL_UNCERTAINTY_ASSIGNED_CONTEXT ( ( #9651 ) ) GLOBAL_UNIT_ASSIGNED_CONTEXT ( ( #7567, #4831, #2798 ) ) REPRESENTATION_CONTEXT ( 'NONE', 'WORKASPACE' ) );
#7837 = VECTOR ( 'NONE', #6273, 1000.000000000000114 ) ;
#7838 =( GEOMETRIC_REPRESENTATION_CONTEXT ( 3 ) GLOBAL_UNCERTAINTY_ASSIGNED_CONTEXT ( ( #5558 ) ) GLOBAL_UNIT_ASSIGNED_CONTEXT ( ( #6773, #11751, #9716 ) ) REPRESENTATION_CONTEXT ( 'NONE', 'WORKASPACE' ) );
#7839 = PRESENTATION_STYLE_ASSIGNMENT (( #9661 ) ) ;
#7840 = EDGE_CURVE ( 'NONE', #2087, #2849, #5111, .T. ) ;
#7841 = CARTESIAN_POINT ( 'NONE',  ( 12.91999980777499957, 0.3200000000000000067, -2.899999998509999788 ) ) ;
#7842 = SURFACE_SIDE_STYLE ('',( #2940 ) ) ;
#7843 = ADVANCED_FACE ( 'NONE', ( #90 ), #1285, .T. ) ;
#7844 = PRESENTATION_LAYER_ASSIGNMENT (  '', '', ( #11940 ) ) ;
#7845 = CARTESIAN_POINT ( 'NONE',  ( 16.50999977111800021, 1.520000000000000018, 2.214999988079000115 ) ) ;
#7846 = CLOSED_SHELL ( 'NONE', ( #9198, #4489, #6564, #7495, #9693, #1160, #3072, #656, #7874, #11418, #3159, #4663, #10011, #6366, #2485, #12256, #3619, #7004 ) ) ;
#7847 = EDGE_LOOP ( 'NONE', ( #1759, #8923, #7762, #5191, #3485, #8985, #8216, #1077 ) ) ;
#7848 =( LENGTH_UNIT ( ) NAMED_UNIT ( * ) SI_UNIT ( .MILLI., .METRE. ) );
#7849 = ORIENTED_EDGE ( 'NONE', *, *, #906, .T. ) ;
#7850 = MECHANICAL_DESIGN_GEOMETRIC_PRESENTATION_REPRESENTATION (  '', ( #3382 ), #4396 ) ;
#7851 = COLOUR_RGB ( '',0.09411764705882352811, 0.09411764705882352811, 0.09411764705882352811 ) ;
#7852 = MECHANICAL_DESIGN_GEOMETRIC_PRESENTATION_REPRESENTATION (  '', ( #1149 ), #7446 ) ;
#7853 = VECTOR ( 'NONE', #4513, 999.9999999999998863 ) ;
#7854 = CARTESIAN_POINT ( 'NONE',  ( 7.939999885558998827, 0.3199999999999998401, -2.799999997020000020 ) ) ;
#7855 = EDGE_CURVE ( 'NONE', #7595, #9603, #9355, .T. ) ;
#7856 = FILL_AREA_STYLE_COLOUR ( '', #6361 ) ;
#7857 = LINE ( 'NONE', #8915, #9561 ) ;
#7858 = COLOUR_RGB ( '',1.000000000000000000, 1.000000000000000000, 0.4980392156862745168 ) ;
#7859 = COLOUR_RGB ( '',0.09411764705882352811, 0.09411764705882352811, 0.09411764705882352811 ) ;
#7860 = PRESENTATION_LAYER_ASSIGNMENT (  '', '', ( #548 ) ) ;
#7861 = EDGE_CURVE ( 'NONE', #440, #7319, #8243, .T. ) ;
#7862 = MECHANICAL_DESIGN_GEOMETRIC_PRESENTATION_REPRESENTATION (  '', ( #2987 ), #11357 ) ;
#7863 = STYLED_ITEM ( 'NONE', ( #2645 ), #10011 ) ;
#7864 = STYLED_ITEM ( 'NONE', ( #4123 ), #7474 ) ;
#7865 = EDGE_LOOP ( 'NONE', ( #9950, #11711, #61, #11356 ) ) ;
#7866 =( GEOMETRIC_REPRESENTATION_CONTEXT ( 3 ) GLOBAL_UNCERTAINTY_ASSIGNED_CONTEXT ( ( #2734 ) ) GLOBAL_UNIT_ASSIGNED_CONTEXT ( ( #5975, #2236, #5100 ) ) REPRESENTATION_CONTEXT ( 'NONE', 'WORKASPACE' ) );
#7867 = CARTESIAN_POINT ( 'NONE',  ( 1.269999961853000015, 3.809999961852999828, 0.02500000000000000139 ) ) ;
#7868 = ORIENTED_EDGE ( 'NONE', *, *, #10898, .F. ) ;
#7869 = ORIENTED_EDGE ( 'NONE', *, *, #9209, .T. ) ;
#7870 = VECTOR ( 'NONE', #8219, 1000.000000000000000 ) ;
#7871 = SURFACE_STYLE_USAGE ( .BOTH. , #4101 ) ;
#7872 = ORIENTED_EDGE ( 'NONE', *, *, #4734, .F. ) ;
#7873 = AXIS2_PLACEMENT_3D ( 'NONE', #3181, #5024, #9972 ) ;
#7874 = ADVANCED_FACE ( 'NONE', ( #12323 ), #7399, .T. ) ;
#7875 = CARTESIAN_POINT ( 'NONE',  ( 16.65999973893200092, 1.520000000000000018, 0.1750000059600000102 ) ) ;
#7876 = SURFACE_STYLE_FILL_AREA ( #2855 ) ;
#7877 = AXIS2_PLACEMENT_3D ( 'NONE', #2503, #12070, #8438 ) ;
#7878 = SURFACE_SIDE_STYLE ('',( #2019 ) ) ;
#7879 = SURFACE_SIDE_STYLE ('',( #10010 ) ) ;
#7880 = EDGE_CURVE ( 'NONE', #91, #2716, #12264, .T. ) ;
#7881 = DIRECTION ( 'NONE',  ( -1.000000000000000000, -0.0000000000000000000, -0.0000000000000000000 ) ) ;
#7882 = SURFACE_SIDE_STYLE ('',( #12544 ) ) ;
#7883 = DIRECTION ( 'NONE',  ( -1.000000000000000000, -0.0000000000000000000, -0.0000000000000000000 ) ) ;
#7884 = DIRECTION ( 'NONE',  ( -0.7071067811865474617, 0.0000000000000000000, -0.7071067811865474617 ) ) ;
#7885 = CARTESIAN_POINT ( 'NONE',  ( 4.759999923706000224, 9.810000000000000497, 1.150000002979999936 ) ) ;
#7886 = ORIENTED_EDGE ( 'NONE', *, *, #591, .F. ) ;
#7887 =( GEOMETRIC_REPRESENTATION_CONTEXT ( 3 ) GLOBAL_UNCERTAINTY_ASSIGNED_CONTEXT ( ( #1334 ) ) GLOBAL_UNIT_ASSIGNED_CONTEXT ( ( #10113, #1355, #5252 ) ) REPRESENTATION_CONTEXT ( 'NONE', 'WORKASPACE' ) );
#7888 = ORIENTED_EDGE ( 'NONE', *, *, #5930, .T. ) ;
#7889 = CARTESIAN_POINT ( 'NONE',  ( 16.50999973297099999, 1.520000000000000018, 0.3250000119209999205 ) ) ;
#7890 = ORIENTED_EDGE ( 'NONE', *, *, #6533, .F. ) ;
#7891 = DIRECTION ( 'NONE',  ( 0.0000000000000000000, 0.7071067811865474617, 0.7071067811865474617 ) ) ;
#7892 = VERTEX_POINT ( 'NONE', #3392 ) ;
#7893 = PLANE ( 'NONE',  #7153 ) ;
#7894 = PRESENTATION_LAYER_ASSIGNMENT (  '', '', ( #8528 ) ) ;
#7895 = CARTESIAN_POINT ( 'NONE',  ( 12.37999980926499966, 0.3200000000000000067, -3.000000000000000000 ) ) ;
#7896 = COLOUR_RGB ( '',0.09411764705882352811, 0.09411764705882352811, 0.09411764705882352811 ) ;
#7897 = MECHANICAL_DESIGN_GEOMETRIC_PRESENTATION_REPRESENTATION (  '', ( #6883 ), #11191 ) ;
#7898 = ORIENTED_EDGE ( 'NONE', *, *, #3525, .F. ) ;
#7899 = CARTESIAN_POINT ( 'NONE',  ( 3.809999923706000047, 1.519999999999999574, 0.3250000119209999760 ) ) ;
#7900 = CARTESIAN_POINT ( 'NONE',  ( 0.3200000000000000067, 1.270000000000000018, -4.440892098500999885E-16 ) ) ;
#7901 = CARTESIAN_POINT ( 'NONE',  ( 2.219999961852999970, 3.809999961852999384, 0.9499999999999999556 ) ) ;
#7902 = EDGE_LOOP ( 'NONE', ( #6419, #9339, #3572, #4038 ) ) ;
#7903 = LINE ( 'NONE', #11821, #5429 ) ;
#7904 = VECTOR ( 'NONE', #6209, 1000.000000000000114 ) ;
#7905 = VECTOR ( 'NONE', #5194, 1000.000000000000000 ) ;
#7906 = CARTESIAN_POINT ( 'NONE',  ( 5.399999923705999905, 3.809999961852999828, 0.9499999999999999556 ) ) ;
#7907 = LINE ( 'NONE', #3013, #2818 ) ;
#7908 = EDGE_CURVE ( 'NONE', #6315, #9066, #3513, .T. ) ;
#7909 = EDGE_CURVE ( 'NONE', #2012, #5959, #11168, .T. ) ;
#7910 = PRESENTATION_STYLE_ASSIGNMENT (( #10809 ) ) ;
#7911 = FILL_AREA_STYLE_COLOUR ( '', #2696 ) ;
#7912 = CARTESIAN_POINT ( 'NONE',  ( 3.809999923706000047, 1.820000011921000027, 2.515000000000000124 ) ) ;
#7913 = ORIENTED_EDGE ( 'NONE', *, *, #4248, .T. ) ;
#7914 = SURFACE_STYLE_USAGE ( .BOTH. , #6067 ) ;
#7915 = EDGE_LOOP ( 'NONE', ( #1623, #1594, #7463, #3516 ) ) ;
#7916 = FILL_AREA_STYLE ('',( #5935 ) ) ;
#7917 = CARTESIAN_POINT ( 'NONE',  ( 13.66999979734412562, 1.519999999999998241, 2.515000000000125802 ) ) ;
#7918 = STYLED_ITEM ( 'NONE', ( #5721 ), #1618 ) ;
#7919 = EDGE_CURVE ( 'NONE', #3926, #922, #10184, .T. ) ;
#7920 = LINE ( 'NONE', #3963, #3955 ) ;
#7921 = DIRECTION ( 'NONE',  ( -0.0000000000000000000, 1.000000000000000000, 0.0000000000000000000 ) ) ;
#7922 = FILL_AREA_STYLE_COLOUR ( '', #7858 ) ;
#7923 = UNCERTAINTY_MEASURE_WITH_UNIT (LENGTH_MEASURE( 1.000000000000000082E-05 ), #10805, 'distance_accuracy_value', 'NONE');
#7924 = ORIENTED_EDGE ( 'NONE', *, *, #621, .F. ) ;
#7925 = MECHANICAL_DESIGN_GEOMETRIC_PRESENTATION_REPRESENTATION (  '', ( #8774 ), #2457 ) ;
#7926 = ORIENTED_EDGE ( 'NONE', *, *, #6478, .T. ) ;
#7927 = SURFACE_STYLE_USAGE ( .BOTH. , #6859 ) ;
#7928 = ORIENTED_EDGE ( 'NONE', *, *, #1058, .T. ) ;
#7929 =( NAMED_UNIT ( * ) PLANE_ANGLE_UNIT ( ) SI_UNIT ( $, .RADIAN. ) );
#7930 = CARTESIAN_POINT ( 'NONE',  ( 18.09999973297100340, 1.270000000000000018, 1.590000000000000080 ) ) ;
#7931 = VECTOR ( 'NONE', #12417, 1000.000000000000000 ) ;
#7932 = UNCERTAINTY_MEASURE_WITH_UNIT (LENGTH_MEASURE( 1.000000000000000082E-05 ), #9519, 'distance_accuracy_value', 'NONE');
#7933 =( NAMED_UNIT ( * ) PLANE_ANGLE_UNIT ( ) SI_UNIT ( $, .RADIAN. ) );
#7934 =( NAMED_UNIT ( * ) SI_UNIT ( $, .STERADIAN. ) SOLID_ANGLE_UNIT ( ) );
#7935 = MECHANICAL_DESIGN_GEOMETRIC_PRESENTATION_REPRESENTATION (  '', ( #10016 ), #1236 ) ;
#7936 = PRODUCT ( 'BodyArray', 'BodyArray', '', ( #4431 ) ) ;
#7937 = FILL_AREA_STYLE ('',( #8003 ) ) ;
#7938 = PLANE ( 'NONE',  #5542 ) ;
#7939 = FACE_OUTER_BOUND ( 'NONE', #6167, .T. ) ;
#7940 = SURFACE_SIDE_STYLE ('',( #1310 ) ) ;
#7941 = ORIENTED_EDGE ( 'NONE', *, *, #8129, .F. ) ;
#7942 =( NAMED_UNIT ( * ) SI_UNIT ( $, .STERADIAN. ) SOLID_ANGLE_UNIT ( ) );
#7943 = MECHANICAL_DESIGN_GEOMETRIC_PRESENTATION_REPRESENTATION (  '', ( #7342 ), #3473 ) ;
#7944 = ORIENTED_EDGE ( 'NONE', *, *, #9040, .F. ) ;
#7945 = ORIENTED_EDGE ( 'NONE', *, *, #7855, .F. ) ;
#7946 = VECTOR ( 'NONE', #7258, 1000.000000000000000 ) ;
#7947 = FILL_AREA_STYLE ('',( #2283 ) ) ;
#7948 = ORIENTED_EDGE ( 'NONE', *, *, #9556, .T. ) ;
#7949 = LINE ( 'NONE', #10905, #1462 ) ;
#7950 = LINE ( 'NONE', #5023, #5422 ) ;
#7951 = VECTOR ( 'NONE', #2479, 1000.000000000000000 ) ;
#7952 =( LENGTH_UNIT ( ) NAMED_UNIT ( * ) SI_UNIT ( .MILLI., .METRE. ) );
#7953 = LINE ( 'NONE', #11872, #3946 ) ;
#7954 = ADVANCED_FACE ( 'NONE', ( #2309 ), #11062, .F. ) ;
#7955 = VECTOR ( 'NONE', #11398, 1000.000000000000000 ) ;
#7956 = VERTEX_POINT ( 'NONE', #896 ) ;
#7957 = FILL_AREA_STYLE ('',( #210 ) ) ;
#7958 = SURFACE_STYLE_FILL_AREA ( #5972 ) ;
#7959 = UNCERTAINTY_MEASURE_WITH_UNIT (LENGTH_MEASURE( 1.000000000000000082E-05 ), #5131, 'distance_accuracy_value', 'NONE');
#7960 = UNCERTAINTY_MEASURE_WITH_UNIT (LENGTH_MEASURE( 1.000000000000000082E-05 ), #4389, 'distance_accuracy_value', 'NONE');
#7961 = DIRECTION ( 'NONE',  ( 0.7071067811865475727, -0.7071067811865475727, 0.0000000000000000000 ) ) ;
#7962 = EDGE_LOOP ( 'NONE', ( #1049, #9089, #7095, #10915 ) ) ;
#7963 = CARTESIAN_POINT ( 'NONE',  ( 19.04999973297099913, 1.520000000000000018, 2.515000000000000124 ) ) ;
#7964 = VECTOR ( 'NONE', #11537, 1000.000000000000000 ) ;
#7965 = FILL_AREA_STYLE_COLOUR ( '', #10906 ) ;
#7966 = FILL_AREA_STYLE ('',( #3006 ) ) ;
#7967 =( GEOMETRIC_REPRESENTATION_CONTEXT ( 3 ) GLOBAL_UNCERTAINTY_ASSIGNED_CONTEXT ( ( #4525 ) ) GLOBAL_UNIT_ASSIGNED_CONTEXT ( ( #10965, #2129, #1250 ) ) REPRESENTATION_CONTEXT ( 'NONE', 'WORKASPACE' ) );
#7968 = EDGE_CURVE ( 'NONE', #5775, #499, #2742, .T. ) ;
#7969 = EDGE_CURVE ( 'NONE', #4098, #6555, #8510, .T. ) ;
#7970 = CARTESIAN_POINT ( 'NONE',  ( 5.399999923705999905, 1.820000011921000249, 1.589999999999996749 ) ) ;
#7971 = CARTESIAN_POINT ( 'NONE',  ( 7.939999885558998827, 1.270000000000000018, -4.440892098500999885E-16 ) ) ;
#7972 =( NAMED_UNIT ( * ) SI_UNIT ( $, .STERADIAN. ) SOLID_ANGLE_UNIT ( ) );
#7973 = COLOUR_RGB ( '',1.000000000000000000, 1.000000000000000000, 0.4980392156862745168 ) ;
#7974 = FACE_OUTER_BOUND ( 'NONE', #5756, .T. ) ;
#7975 = DIRECTION ( 'NONE',  ( 0.7071067811865474617, -0.0000000000000000000, -0.7071067811865474617 ) ) ;
#7976 = CARTESIAN_POINT ( 'NONE',  ( 7.299999885559000035, 3.809999961852999828, 0.9499999999999999556 ) ) ;
#7977 = CIRCLE ( 'NONE', #5529, 1.590000000000000080 ) ;
#7978 = VERTEX_POINT ( 'NONE', #11565 ) ;
#7979 = FILL_AREA_STYLE_COLOUR ( '', #625 ) ;
#7980 = ORIENTED_EDGE ( 'NONE', *, *, #4128, .F. ) ;
#7981 = FACE_OUTER_BOUND ( 'NONE', #6008, .T. ) ;
#7982 = MECHANICAL_DESIGN_GEOMETRIC_PRESENTATION_REPRESENTATION (  '', ( #3311 ), #12473 ) ;
#7983 = FILL_AREA_STYLE ('',( #232 ) ) ;
#7984 =( GEOMETRIC_REPRESENTATION_CONTEXT ( 3 ) GLOBAL_UNCERTAINTY_ASSIGNED_CONTEXT ( ( #3875 ) ) GLOBAL_UNIT_ASSIGNED_CONTEXT ( ( #7602, #2889, #909 ) ) REPRESENTATION_CONTEXT ( 'NONE', 'WORKASPACE' ) );
#7985 = DIRECTION ( 'NONE',  ( 1.000000000000000000, 0.0000000000000000000, -0.0000000000000000000 ) ) ;
#7986 = FILL_AREA_STYLE_COLOUR ( '', #4978 ) ;
#7987 = PRESENTATION_STYLE_ASSIGNMENT (( #5067 ) ) ;
#7988 =( NAMED_UNIT ( * ) PLANE_ANGLE_UNIT ( ) SI_UNIT ( $, .RADIAN. ) );
#7989 = VECTOR ( 'NONE', #4319, 1000.000000000000000 ) ;
#7990 = SURFACE_STYLE_USAGE ( .BOTH. , #4997 ) ;
#7991 = EDGE_CURVE ( 'NONE', #4609, #5519, #4718, .T. ) ;
#7992 = EDGE_LOOP ( 'NONE', ( #9320, #10057, #8539, #9380 ) ) ;
#7993 = MANIFOLD_SOLID_BREP ( 'Imported1', #4178 ) ;
#7994 = LINE ( 'NONE', #242, #10949 ) ;
#7995 = VERTEX_POINT ( 'NONE', #4593 ) ;
#7996 = DIRECTION ( 'NONE',  ( 0.0000000000000000000, 0.0000000000000000000, 1.000000000000000000 ) ) ;
#7997 = EDGE_CURVE ( 'NONE', #7319, #7797, #11624, .T. ) ;
#7998 = SURFACE_STYLE_FILL_AREA ( #300 ) ;
#7999 =( NAMED_UNIT ( * ) SI_UNIT ( $, .STERADIAN. ) SOLID_ANGLE_UNIT ( ) );
#8000 =( NAMED_UNIT ( * ) SI_UNIT ( $, .STERADIAN. ) SOLID_ANGLE_UNIT ( ) );
#8001 =( NAMED_UNIT ( * ) PLANE_ANGLE_UNIT ( ) SI_UNIT ( $, .RADIAN. ) );
#8002 = PLANE ( 'NONE',  #3624 ) ;
#8003 = FILL_AREA_STYLE_COLOUR ( '', #9928 ) ;
#8004 = EDGE_CURVE ( 'NONE', #2312, #5933, #1793, .T. ) ;
#8005 = CARTESIAN_POINT ( 'NONE',  ( 16.80999974489200000, 3.809999961853000716, 0.02500000000000134753 ) ) ;
#8006 = CARTESIAN_POINT ( 'NONE',  ( 1.119999994040001612, 3.809999961853000716, 2.364999994040001940 ) ) ;
#8007 = SURFACE_SIDE_STYLE ('',( #59 ) ) ;
#8008 = DIRECTION ( 'NONE',  ( 0.0000000000000000000, 0.0000000000000000000, -1.000000000000000000 ) ) ;
#8009 = ORIENTED_EDGE ( 'NONE', *, *, #10128, .F. ) ;
#8010 = ORIENTED_EDGE ( 'NONE', *, *, #8645, .T. ) ;
#8011 = CARTESIAN_POINT ( 'NONE',  ( 12.57999981224500097, 9.810000000000000497, 1.150000002980000158 ) ) ;
#8012 = ORIENTED_EDGE ( 'NONE', *, *, #2958, .F. ) ;
#8013 = DIRECTION ( 'NONE',  ( -1.000000000000000000, 0.0000000000000000000, 0.0000000000000000000 ) ) ;
#8014 = ORIENTED_EDGE ( 'NONE', *, *, #4273, .T. ) ;
#8015 = DIRECTION ( 'NONE',  ( -0.7071067811865474617, 0.0000000000000000000, 0.7071067811865474617 ) ) ;
#8016 = CARTESIAN_POINT ( 'NONE',  ( 9.839999847412000733, 1.270000000000000018, 0.9499999999999997335 ) ) ;
#8017 =( NAMED_UNIT ( * ) PLANE_ANGLE_UNIT ( ) SI_UNIT ( $, .RADIAN. ) );
#8018 = MANIFOLD_SOLID_BREP ( 'Imported4', #2762 ) ;
#8019 = DIRECTION ( 'NONE',  ( -1.000000000000000000, 0.0000000000000000000, 0.0000000000000000000 ) ) ;
#8020 = EDGE_LOOP ( 'NONE', ( #8377, #6483, #2748, #123, #2921, #2660, #7012, #9076 ) ) ;
#8021 = FACE_OUTER_BOUND ( 'NONE', #9207, .T. ) ;
#8022 = EDGE_CURVE ( 'NONE', #2183, #10653, #4443, .T. ) ;
#8023 = CARTESIAN_POINT ( 'NONE',  ( 11.42999980926500037, 3.809999961852999828, 0.02500000000000000139 ) ) ;
#8024 = STYLED_ITEM ( 'NONE', ( #1432 ), #4526 ) ;
#8025 = CARTESIAN_POINT ( 'NONE',  ( 13.01999980926500200, 3.809999961852999828, 0.9499999999999999556 ) ) ;
#8026 = ORIENTED_EDGE ( 'NONE', *, *, #3993, .T. ) ;
#8027 = FACE_OUTER_BOUND ( 'NONE', #43, .T. ) ;
#8028 = CYLINDRICAL_SURFACE ( 'NONE', #3351, 0.9499999999999999556 ) ;
#8029 = SURFACE_STYLE_USAGE ( .BOTH. , #4141 ) ;
#8030 = EDGE_CURVE ( 'NONE', #6264, #9203, #3821, .T. ) ;
#8031 = VECTOR ( 'NONE', #4095, 1000.000000000000000 ) ;
#8032 = AXIS2_PLACEMENT_3D ( 'NONE', #5598, #4579, #7324 ) ;
#8033 = SURFACE_STYLE_FILL_AREA ( #7020 ) ;
#8034 = CARTESIAN_POINT ( 'NONE',  ( 3.809999923706000935, 3.809999961853000272, 0.3250000119210007532 ) ) ;
#8035 = FILL_AREA_STYLE ('',( #10812 ) ) ;
#8036 = EDGE_CURVE ( 'NONE', #3577, #673, #2429, .T. ) ;
#8037 = ORIENTED_EDGE ( 'NONE', *, *, #2899, .F. ) ;
#8038 = ORIENTED_EDGE ( 'NONE', *, *, #12409, .F. ) ;
#8039 = VECTOR ( 'NONE', #1438, 1000.000000000000114 ) ;
#8040 = FILL_AREA_STYLE_COLOUR ( '', #11639 ) ;
#8041 = VECTOR ( 'NONE', #1075, 1000.000000000000000 ) ;
#8042 = COLOUR_RGB ( '',1.000000000000000000, 1.000000000000000000, 0.4980392156862745168 ) ;
#8043 = CARTESIAN_POINT ( 'NONE',  ( -1.270000000000000018, 1.520000000000000018, 2.214999988079000115 ) ) ;
#8044 = AXIS2_PLACEMENT_3D ( 'NONE', #8108, #7961, #11879 ) ;
#8045 = SURFACE_SIDE_STYLE ('',( #10244 ) ) ;
#8046 = DIRECTION ( 'NONE',  ( 1.000000000000000000, 0.0000000000000000000, 0.0000000000000000000 ) ) ;
#8047 =( NAMED_UNIT ( * ) SI_UNIT ( $, .STERADIAN. ) SOLID_ANGLE_UNIT ( ) );
#8048 = COLOUR_RGB ( '',1.000000000000000000, 1.000000000000000000, 0.4980392156862745168 ) ;
#8049 = MECHANICAL_DESIGN_GEOMETRIC_PRESENTATION_REPRESENTATION (  '', ( #6226 ), #2566 ) ;
#8050 = SURFACE_STYLE_FILL_AREA ( #6909 ) ;
#8051 = STYLED_ITEM ( 'NONE', ( #1654 ), #1816 ) ;
#8052 = VECTOR ( 'NONE', #5468, 1000.000000000000000 ) ;
#8053 = PLANE ( 'NONE',  #9359 ) ;
#8054 = SURFACE_STYLE_USAGE ( .BOTH. , #6975 ) ;
#8055 = MECHANICAL_DESIGN_GEOMETRIC_PRESENTATION_REPRESENTATION (  '', ( #3772 ), #5403 ) ;
#8056 = UNCERTAINTY_MEASURE_WITH_UNIT (LENGTH_MEASURE( 1.000000000000000082E-05 ), #1299, 'distance_accuracy_value', 'NONE');
#8057 =( NAMED_UNIT ( * ) SI_UNIT ( $, .STERADIAN. ) SOLID_ANGLE_UNIT ( ) );
#8058 = VECTOR ( 'NONE', #8866, 1000.000000000000000 ) ;
#8059 = ORIENTED_EDGE ( 'NONE', *, *, #9229, .F. ) ;
#8060 = MANIFOLD_SOLID_BREP ( 'Imported8', #134 ) ;
#8061 = ORIENTED_EDGE ( 'NONE', *, *, #12020, .F. ) ;
#8062 =( GEOMETRIC_REPRESENTATION_CONTEXT ( 3 ) GLOBAL_UNCERTAINTY_ASSIGNED_CONTEXT ( ( #705 ) ) GLOBAL_UNIT_ASSIGNED_CONTEXT ( ( #10953, #7396, #2198 ) ) REPRESENTATION_CONTEXT ( 'NONE', 'WORKASPACE' ) );
#8063 = FACE_OUTER_BOUND ( 'NONE', #5259, .T. ) ;
#8064 = CARTESIAN_POINT ( 'NONE',  ( 7.939999885558998827, 0.3199999999999999512, -2.799999997020000020 ) ) ;
#8065 = LINE ( 'NONE', #8854, #3698 ) ;
#8066 = VECTOR ( 'NONE', #1279, 1000.000000000000000 ) ;
#8067 = CARTESIAN_POINT ( 'NONE',  ( 16.65999973893200092, 1.520000000000000018, 2.364999994040000164 ) ) ;
#8068 = PRESENTATION_LAYER_ASSIGNMENT (  '', '', ( #1554 ) ) ;
#8069 = STYLED_ITEM ( 'NONE', ( #5511 ), #9163 ) ;
#8070 =( NAMED_UNIT ( * ) SI_UNIT ( $, .STERADIAN. ) SOLID_ANGLE_UNIT ( ) );
#8071 = LINE ( 'NONE', #1115, #11775 ) ;
#8072 = AXIS2_PLACEMENT_3D ( 'NONE', #2817, #3813, #6815 ) ;
#8073 = MECHANICAL_DESIGN_GEOMETRIC_PRESENTATION_REPRESENTATION (  '', ( #10343 ), #9725 ) ;
#8074 = EDGE_CURVE ( 'NONE', #5519, #12419, #9265, .T. ) ;
#8075 =( NAMED_UNIT ( * ) PLANE_ANGLE_UNIT ( ) SI_UNIT ( $, .RADIAN. ) );
#8076 = CARTESIAN_POINT ( 'NONE',  ( 10.47999984741199953, 0.3200000000000000067, -3.000000000000000000 ) ) ;
#8077 =( GEOMETRIC_REPRESENTATION_CONTEXT ( 3 ) GLOBAL_UNCERTAINTY_ASSIGNED_CONTEXT ( ( #9780 ) ) GLOBAL_UNIT_ASSIGNED_CONTEXT ( ( #2805, #8665, #10594 ) ) REPRESENTATION_CONTEXT ( 'NONE', 'WORKASPACE' ) );
#8078 = DIRECTION ( 'NONE',  ( 0.0000000000000000000, 0.0000000000000000000, 1.000000000000000000 ) ) ;
#8079 = SURFACE_STYLE_USAGE ( .BOTH. , #9184 ) ;
#8080 = SURFACE_SIDE_STYLE ('',( #3424 ) ) ;
#8081 = ADVANCED_FACE ( 'NONE', ( #3548 ), #3436, .F. ) ;
#8082 = FILL_AREA_STYLE_COLOUR ( '', #10533 ) ;
#8083 = AXIS2_PLACEMENT_3D ( 'NONE', #8356, #6424, #12296 ) ;
#8084 = EDGE_CURVE ( 'NONE', #11532, #7078, #9386, .T. ) ;
#8085 = ORIENTED_EDGE ( 'NONE', *, *, #7274, .T. ) ;
#8086 = PRESENTATION_LAYER_ASSIGNMENT (  '', '', ( #962 ) ) ;
#8087 = VECTOR ( 'NONE', #6881, 1000.000000000000000 ) ;
#8088 = ORIENTED_EDGE ( 'NONE', *, *, #207, .F. ) ;
#8089 =( GEOMETRIC_REPRESENTATION_CONTEXT ( 3 ) GLOBAL_UNCERTAINTY_ASSIGNED_CONTEXT ( ( #11455 ) ) GLOBAL_UNIT_ASSIGNED_CONTEXT ( ( #6124, #11891, #348 ) ) REPRESENTATION_CONTEXT ( 'NONE', 'WORKASPACE' ) );
#8090 = DIRECTION ( 'NONE',  ( 0.0000000000000000000, -1.554312234475000050E-15, 1.000000000000000000 ) ) ;
#8091 = ORIENTED_EDGE ( 'NONE', *, *, #5260, .T. ) ;
#8092 = AXIS2_PLACEMENT_3D ( 'NONE', #1083, #4961, #8888 ) ;
#8093 =( LENGTH_UNIT ( ) NAMED_UNIT ( * ) SI_UNIT ( .MILLI., .METRE. ) );
#8094 = PRESENTATION_STYLE_ASSIGNMENT (( #10088 ) ) ;
#8095 =( LENGTH_UNIT ( ) NAMED_UNIT ( * ) SI_UNIT ( .MILLI., .METRE. ) );
#8096 = FILL_AREA_STYLE ('',( #10090 ) ) ;
#8097 = SURFACE_SIDE_STYLE ('',( #450 ) ) ;
#8098 = COLOUR_RGB ( '',1.000000000000000000, 1.000000000000000000, 0.4980392156862745168 ) ;
#8099 = STYLED_ITEM ( 'NONE', ( #8294 ), #8081 ) ;
#8100 = CARTESIAN_POINT ( 'NONE',  ( 12.37999980926499966, 9.810000000000000497, 1.150000002980000158 ) ) ;
#8101 = CARTESIAN_POINT ( 'NONE',  ( 18.09999973297100340, 9.609999997019999185, 0.9499999999999999556 ) ) ;
#8102 = AXIS2_PLACEMENT_3D ( 'NONE', #11376, #4707, #2868 ) ;
#8103 = CARTESIAN_POINT ( 'NONE',  ( 1.269999961853000015, 3.809999961852995831, 2.515000000000000124 ) ) ;
#8104 = VERTEX_POINT ( 'NONE', #4566 ) ;
#8105 = CARTESIAN_POINT ( 'NONE',  ( 4.759999923706000224, 3.809999961852999828, 0.9499999999999999556 ) ) ;
#8106 = CARTESIAN_POINT ( 'NONE',  ( 2.219999961852999970, 1.820000011921000693, 1.589999999999999414 ) ) ;
#8107 = UNCERTAINTY_MEASURE_WITH_UNIT (LENGTH_MEASURE( 1.000000000000000082E-05 ), #6708, 'distance_accuracy_value', 'NONE');
#8108 = CARTESIAN_POINT ( 'NONE',  ( 15.01999977260799923, 9.709999998510001618, 1.590000000000000080 ) ) ;
#8109 = SURFACE_STYLE_FILL_AREA ( #7141 ) ;
#8110 = DIRECTION ( 'NONE',  ( 0.0000000000000000000, 1.000000000000000000, 1.332267629549999902E-15 ) ) ;
#8111 = CARTESIAN_POINT ( 'NONE',  ( 9.939999848901999613, -0.3200000000000000067, -2.899999998509999788 ) ) ;
#8112 = STYLED_ITEM ( 'NONE', ( #6156 ), #8341 ) ;
#8113 = LINE ( 'NONE', #4075, #8066 ) ;
#8114 = VECTOR ( 'NONE', #9674, 1000.000000000000000 ) ;
#8115 = DIRECTION ( 'NONE',  ( -0.0000000000000000000, -0.0000000000000000000, 1.000000000000000000 ) ) ;
#8116 = VECTOR ( 'NONE', #6720, 1000.000000000000000 ) ;
#8117 = AXIS2_PLACEMENT_3D ( 'NONE', #7276, #345, #2174 ) ;
#8118 = ORIENTED_EDGE ( 'NONE', *, *, #12231, .F. ) ;
#8119 = UNCERTAINTY_MEASURE_WITH_UNIT (LENGTH_MEASURE( 1.000000000000000082E-05 ), #217, 'distance_accuracy_value', 'NONE');
#8120 = DIRECTION ( 'NONE',  ( -0.0000000000000000000, 1.000000000000000000, 1.510616709811000052E-15 ) ) ;
#8121 = CARTESIAN_POINT ( 'NONE',  ( 0.3200000000000000067, 3.809999961852999828, 1.590000000000000080 ) ) ;
#8122 = EDGE_CURVE ( 'NONE', #3165, #6264, #8481, .T. ) ;
#8123 = DIRECTION ( 'NONE',  ( -0.0000000000000000000, -0.0000000000000000000, -1.000000000000000000 ) ) ;
#8124 = ORIENTED_EDGE ( 'NONE', *, *, #2208, .T. ) ;
#8125 = CARTESIAN_POINT ( 'NONE',  ( 3.809999923706000047, 1.520000000000000018, 0.3250000119209999760 ) ) ;
#8126 = VERTEX_POINT ( 'NONE', #12105 ) ;
#8127 = FACE_OUTER_BOUND ( 'NONE', #1900, .T. ) ;
#8128 = EDGE_CURVE ( 'NONE', #9409, #10610, #7511, .T. ) ;
#8129 = EDGE_CURVE ( 'NONE', #11983, #11808, #9688, .T. ) ;
#8130 = SURFACE_STYLE_USAGE ( .BOTH. , #3561 ) ;
#8131 = SURFACE_SIDE_STYLE ('',( #4213 ) ) ;
#8132 = SURFACE_SIDE_STYLE ('',( #7100 ) ) ;
#8133 = FILL_AREA_STYLE ('',( #4152 ) ) ;
#8134 = UNCERTAINTY_MEASURE_WITH_UNIT (LENGTH_MEASURE( 1.000000000000000082E-05 ), #7369, 'distance_accuracy_value', 'NONE');
#8135 = VECTOR ( 'NONE', #8261, 1000.000000000000000 ) ;
#8136 = PLANE ( 'NONE',  #9490 ) ;
#8137 = SURFACE_SIDE_STYLE ('',( #4155 ) ) ;
#8138 = FACE_OUTER_BOUND ( 'NONE', #5876, .T. ) ;
#8139 = SURFACE_SIDE_STYLE ('',( #4096 ) ) ;
#8140 = VERTEX_POINT ( 'NONE', #12485 ) ;
#8141 = LINE ( 'NONE', #11330, #1809 ) ;
#8142 = DIRECTION ( 'NONE',  ( -1.000000000000000000, -0.0000000000000000000, -0.0000000000000000000 ) ) ;
#8143 = ORIENTED_EDGE ( 'NONE', *, *, #1463, .T. ) ;
#8144 = SURFACE_STYLE_USAGE ( .BOTH. , #10134 ) ;
#8145 =( LENGTH_UNIT ( ) NAMED_UNIT ( * ) SI_UNIT ( .MILLI., .METRE. ) );
#8146 = DIRECTION ( 'NONE',  ( -0.0000000000000000000, -1.000000000000000000, -1.609823385705999920E-15 ) ) ;
#8147 = SURFACE_STYLE_FILL_AREA ( #12031 ) ;
#8148 = PRODUCT_CONTEXT ( 'NONE', #6335, 'mechanical' ) ;
#8149 =( NAMED_UNIT ( * ) SI_UNIT ( $, .STERADIAN. ) SOLID_ANGLE_UNIT ( ) );
#8150 = EDGE_CURVE ( 'NONE', #4237, #5590, #1891, .T. ) ;
#8151 =( NAMED_UNIT ( * ) SI_UNIT ( $, .STERADIAN. ) SOLID_ANGLE_UNIT ( ) );
#8152 = CARTESIAN_POINT ( 'NONE',  ( 14.91999977111800035, 1.270000000000000018, 0.9499999999999995115 ) ) ;
#8153 = CARTESIAN_POINT ( 'NONE',  ( 7.299999885559000035, 1.820000011921001137, 0.9499999999999991784 ) ) ;
#8154 = LINE ( 'NONE', #7120, #2859 ) ;
#8155 = CARTESIAN_POINT ( 'NONE',  ( 1.270000000000500062, 1.520000000000000018, 0.3250000119205000426 ) ) ;
#8156 = ORIENTED_EDGE ( 'NONE', *, *, #2028, .F. ) ;
#8157 = CARTESIAN_POINT ( 'NONE',  ( 10.47999984741199953, 0.3199999999999999512, -2.799999997020000020 ) ) ;
#8158 = ORIENTED_EDGE ( 'NONE', *, *, #10986, .T. ) ;
#8159 = ORIENTED_EDGE ( 'NONE', *, *, #3862, .F. ) ;
#8160 = FILL_AREA_STYLE ('',( #4185 ) ) ;
#8161 = DIRECTION ( 'NONE',  ( 0.7071067811865475727, 0.0000000000000000000, -0.7071067811865475727 ) ) ;
#8162 = PRESENTATION_LAYER_ASSIGNMENT (  '', '', ( #617 ) ) ;
#8163 = EDGE_CURVE ( 'NONE', #2893, #883, #11544, .T. ) ;
#8164 = PRESENTATION_STYLE_ASSIGNMENT (( #2229 ) ) ;
#8165 = PRESENTATION_LAYER_ASSIGNMENT (  '', '', ( #5300 ) ) ;
#8166 = FACE_OUTER_BOUND ( 'NONE', #9173, .T. ) ;
#8167 = CARTESIAN_POINT ( 'NONE',  ( 2.659999958873000114, 0.1199999970199997767, -3.000000000000000444 ) ) ;
#8168 = ORIENTED_EDGE ( 'NONE', *, *, #2194, .F. ) ;
#8169 = CARTESIAN_POINT ( 'NONE',  ( 1.270000000000062634, 1.820000011921000693, 0.3250000119209377480 ) ) ;
#8170 = LINE ( 'NONE', #9021, #6635 ) ;
#8171 = ORIENTED_EDGE ( 'NONE', *, *, #5971, .F. ) ;
#8172 =( NAMED_UNIT ( * ) PLANE_ANGLE_UNIT ( ) SI_UNIT ( $, .RADIAN. ) );
#8173 = SURFACE_STYLE_FILL_AREA ( #1477 ) ;
#8174 =( GEOMETRIC_REPRESENTATION_CONTEXT ( 3 ) GLOBAL_UNCERTAINTY_ASSIGNED_CONTEXT ( ( #4385 ) ) GLOBAL_UNIT_ASSIGNED_CONTEXT ( ( #4519, #1289, #3274 ) ) REPRESENTATION_CONTEXT ( 'NONE', 'WORKASPACE' ) );
#8175 = EDGE_CURVE ( 'NONE', #4976, #7325, #4832, .T. ) ;
#8176 = VECTOR ( 'NONE', #10807, 1000.000000000000000 ) ;
#8177 = PLANE ( 'NONE',  #7622 ) ;
#8178 = ORIENTED_EDGE ( 'NONE', *, *, #1500, .F. ) ;
#8179 = EDGE_CURVE ( 'NONE', #10486, #5754, #8739, .T. ) ;
#8180 = CARTESIAN_POINT ( 'NONE',  ( -0.3200000000000000067, 1.270000000000000018, -4.440892098500999885E-16 ) ) ;
#8181 =( NAMED_UNIT ( * ) PLANE_ANGLE_UNIT ( ) SI_UNIT ( $, .RADIAN. ) );
#8182 = ORIENTED_EDGE ( 'NONE', *, *, #2588, .T. ) ;
#8183 =( LENGTH_UNIT ( ) NAMED_UNIT ( * ) SI_UNIT ( .MILLI., .METRE. ) );
#8184 = ORIENTED_EDGE ( 'NONE', *, *, #1034, .T. ) ;
#8185 = CARTESIAN_POINT ( 'NONE',  ( 5.399999923705999905, -0.3200000000000000067, -4.336808689942017736E-16 ) ) ;
#8186 = STYLED_ITEM ( 'NONE', ( #11338 ), #3159 ) ;
#8187 = SURFACE_STYLE_USAGE ( .BOTH. , #5253 ) ;
#8188 = LINE ( 'NONE', #2316, #5736 ) ;
#8189 = DIRECTION ( 'NONE',  ( -0.0000000000000000000, -1.000000000000000000, -0.0000000000000000000 ) ) ;
#8190 = PRESENTATION_STYLE_ASSIGNMENT (( #7345 ) ) ;
#8191 = VECTOR ( 'NONE', #5118, 1000.000000000000000 ) ;
#8192 = FILL_AREA_STYLE_COLOUR ( '', #551 ) ;
#8193 = VERTEX_POINT ( 'NONE', #6748 ) ;
#8194 = CIRCLE ( 'NONE', #7577, 0.9499999999999999556 ) ;
#8195 = PRESENTATION_LAYER_ASSIGNMENT (  '', '', ( #11878 ) ) ;
#8196 = CARTESIAN_POINT ( 'NONE',  ( 4.759999923705999336, 9.609999997019999185, 0.9499999999999995115 ) ) ;
#8197 = VERTEX_POINT ( 'NONE', #1954 ) ;
#8198 = VECTOR ( 'NONE', #89, 1000.000000000000114 ) ;
#8199 = CARTESIAN_POINT ( 'NONE',  ( 4.759999923706000224, 0.3200000000000000067, -3.000000000000000000 ) ) ;
#8200 = SURFACE_STYLE_FILL_AREA ( #6282 ) ;
#8201 = DIRECTION ( 'NONE',  ( -0.7071067811865475727, -9.398244244348984524E-16, 0.7071067811865475727 ) ) ;
#8202 = SURFACE_STYLE_FILL_AREA ( #10320 ) ;
#8203 = EDGE_CURVE ( 'NONE', #3379, #3826, #10646, .T. ) ;
#8204 = EDGE_CURVE ( 'NONE', #6280, #12247, #2858, .T. ) ;
#8205 =( LENGTH_UNIT ( ) NAMED_UNIT ( * ) SI_UNIT ( .MILLI., .METRE. ) );
#8206 = LINE ( 'NONE', #3349, #8951 ) ;
#8207 = LINE ( 'NONE', #10144, #10864 ) ;
#8208 = FILL_AREA_STYLE_COLOUR ( '', #9310 ) ;
#8209 = FILL_AREA_STYLE_COLOUR ( '', #6729 ) ;
#8210 = CARTESIAN_POINT ( 'NONE',  ( -0.9699999880792505857, 3.809999961852999384, 2.515000000000251923 ) ) ;
#8211 = ORIENTED_EDGE ( 'NONE', *, *, #221, .T. ) ;
#8212 = FILL_AREA_STYLE ('',( #10269 ) ) ;
#8213 = EDGE_LOOP ( 'NONE', ( #12260, #6010, #2235, #2109 ) ) ;
#8214 = EDGE_CURVE ( 'NONE', #922, #11893, #7626, .T. ) ;
#8215 = FACE_OUTER_BOUND ( 'NONE', #7096, .T. ) ;
#8216 = ORIENTED_EDGE ( 'NONE', *, *, #8332, .F. ) ;
#8217 =( LENGTH_UNIT ( ) NAMED_UNIT ( * ) SI_UNIT ( .MILLI., .METRE. ) );
#8218 = LINE ( 'NONE', #7245, #10449 ) ;
#8219 = DIRECTION ( 'NONE',  ( 0.0000000000000000000, 1.000000000000000000, 1.609823385705999920E-15 ) ) ;
#8220 = CARTESIAN_POINT ( 'NONE',  ( -0.3200000000000000067, 3.809999961852999828, 1.590000000000000080 ) ) ;
#8221 = DIRECTION ( 'NONE',  ( 1.000000000000000000, 0.0000000000000000000, -0.0000000000000000000 ) ) ;
#8222 =( LENGTH_UNIT ( ) NAMED_UNIT ( * ) SI_UNIT ( .MILLI., .METRE. ) );
#8223 = CARTESIAN_POINT ( 'NONE',  ( 15.55999977111799915, 1.270000000000000018, 0.9499999999999999556 ) ) ;
#8224 = PRESENTATION_STYLE_ASSIGNMENT (( #1146 ) ) ;
#8225 = DIRECTION ( 'NONE',  ( 1.000000000000000000, 0.0000000000000000000, 0.0000000000000000000 ) ) ;
#8226 = ORIENTED_EDGE ( 'NONE', *, *, #7682, .F. ) ;
#8227 = SURFACE_STYLE_USAGE ( .BOTH. , #3317 ) ;
#8228 = SURFACE_STYLE_FILL_AREA ( #9393 ) ;
#8229 = UNCERTAINTY_MEASURE_WITH_UNIT (LENGTH_MEASURE( 1.000000000000000082E-05 ), #8673, 'distance_accuracy_value', 'NONE');
#8230 = AXIS2_PLACEMENT_3D ( 'NONE', #4816, #1819, #2957 ) ;
#8231 = VERTEX_POINT ( 'NONE', #11659 ) ;
#8232 = DIRECTION ( 'NONE',  ( -1.000000000000000000, 0.0000000000000000000, -0.0000000000000000000 ) ) ;
#8233 = ORIENTED_EDGE ( 'NONE', *, *, #10918, .F. ) ;
#8234 = PRESENTATION_STYLE_ASSIGNMENT (( #4326 ) ) ;
#8235 = EDGE_CURVE ( 'NONE', #9409, #588, #6804, .T. ) ;
#8236 = DIRECTION ( 'NONE',  ( -0.7071067811865474617, 0.0000000000000000000, 0.7071067811865474617 ) ) ;
#8237 = LINE ( 'NONE', #12126, #12113 ) ;
#8238 = VERTEX_POINT ( 'NONE', #5705 ) ;
#8239 = UNCERTAINTY_MEASURE_WITH_UNIT (LENGTH_MEASURE( 1.000000000000000082E-05 ), #10669, 'distance_accuracy_value', 'NONE');
#8240 = CARTESIAN_POINT ( 'NONE',  ( 3.659999955892999868, 1.520000000000000018, 2.364999994040000164 ) ) ;
#8241 = CARTESIAN_POINT ( 'NONE',  ( 10.47999984741200130, 9.609999997019999185, 0.9499999999999999556 ) ) ;
#8242 = EDGE_CURVE ( 'NONE', #6727, #275, #2800, .T. ) ;
#8243 = LINE ( 'NONE', #2450, #8303 ) ;
#8244 = ORIENTED_EDGE ( 'NONE', *, *, #8564, .F. ) ;
#8245 = DIRECTION ( 'NONE',  ( 1.000000000000000000, -0.0000000000000000000, -0.0000000000000000000 ) ) ;
#8246 = ORIENTED_EDGE ( 'NONE', *, *, #6574, .F. ) ;
#8247 = DIRECTION ( 'NONE',  ( -0.7071067811865474617, 0.0000000000000000000, -0.7071067811865474617 ) ) ;
#8248 = STYLED_ITEM ( 'NONE', ( #10172 ), #11700 ) ;
#8249 = DIRECTION ( 'NONE',  ( 0.0000000000000000000, 1.000000000000000000, 0.0000000000000000000 ) ) ;
#8250 = COLOUR_RGB ( '',1.000000000000000000, 1.000000000000000000, 0.4980392156862745168 ) ;
#8251 = EDGE_CURVE ( 'NONE', #8851, #9409, #1002, .T. ) ;
#8252 = UNCERTAINTY_MEASURE_WITH_UNIT (LENGTH_MEASURE( 1.000000000000000082E-05 ), #2744, 'distance_accuracy_value', 'NONE');
#8253 = EDGE_CURVE ( 'NONE', #5058, #10002, #7806, .T. ) ;
#8254 =( NAMED_UNIT ( * ) PLANE_ANGLE_UNIT ( ) SI_UNIT ( $, .RADIAN. ) );
#8255 =( LENGTH_UNIT ( ) NAMED_UNIT ( * ) SI_UNIT ( .MILLI., .METRE. ) );
#8256 = STYLED_ITEM ( 'NONE', ( #12487 ), #4820 ) ;
#8257 = DIRECTION ( 'NONE',  ( -0.0000000000000000000, 1.000000000000000000, 0.0000000000000000000 ) ) ;
#8258 = VECTOR ( 'NONE', #10474, 1000.000000000000000 ) ;
#8259 = CARTESIAN_POINT ( 'NONE',  ( 13.96999977111799929, 1.519999999999999130, 2.214999988078999671 ) ) ;
#8260 = ORIENTED_EDGE ( 'NONE', *, *, #221, .F. ) ;
#8261 = DIRECTION ( 'NONE',  ( -0.0000000000000000000, -0.0000000000000000000, -1.000000000000000000 ) ) ;
#8262 = VECTOR ( 'NONE', #754, 1000.000000000000114 ) ;
#8263 = EDGE_CURVE ( 'NONE', #10289, #8324, #54, .T. ) ;
#8264 = MECHANICAL_DESIGN_GEOMETRIC_PRESENTATION_REPRESENTATION (  '', ( #7436 ), #5392 ) ;
#8265 = VERTEX_POINT ( 'NONE', #755 ) ;
#8266 = CARTESIAN_POINT ( 'NONE',  ( 14.91999977111800035, 3.809999961852999828, 1.590000000000000080 ) ) ;
#8267 = SURFACE_STYLE_USAGE ( .BOTH. , #3345 ) ;
#8268 = CARTESIAN_POINT ( 'NONE',  ( 15.11999977409799989, 9.810000000000000497, 1.389999997019999878 ) ) ;
#8269 = COLOUR_RGB ( '',1.000000000000000000, 1.000000000000000000, 0.4980392156862745168 ) ;
#8270 = STYLED_ITEM ( 'NONE', ( #5527 ), #8835 ) ;
#8271 = VECTOR ( 'NONE', #5641, 1000.000000000000000 ) ;
#8272 = AXIS2_PLACEMENT_3D ( 'NONE', #11140, #2573, #2396 ) ;
#8273 = COLOUR_RGB ( '',0.09411764705882352811, 0.09411764705882352811, 0.09411764705882352811 ) ;
#8274 = FILL_AREA_STYLE ('',( #5269 ) ) ;
#8275 = CARTESIAN_POINT ( 'NONE',  ( 1.569999973774000024, 1.520000000000000018, 2.515000000000000124 ) ) ;
#8276 = FILL_AREA_STYLE ('',( #8208 ) ) ;
#8277 = CARTESIAN_POINT ( 'NONE',  ( 5.399999923705999905, 1.820000011921000471, 1.589999999999999414 ) ) ;
#8278 =( LENGTH_UNIT ( ) NAMED_UNIT ( * ) SI_UNIT ( .MILLI., .METRE. ) );
#8279 = ORIENTED_EDGE ( 'NONE', *, *, #4606, .T. ) ;
#8280 = DIRECTION ( 'NONE',  ( -0.7071067811865474617, -0.0000000000000000000, -0.7071067811865474617 ) ) ;
#8281 = VECTOR ( 'NONE', #11074, 1000.000000000000000 ) ;
#8282 =( GEOMETRIC_REPRESENTATION_CONTEXT ( 3 ) GLOBAL_UNCERTAINTY_ASSIGNED_CONTEXT ( ( #2961 ) ) GLOBAL_UNIT_ASSIGNED_CONTEXT ( ( #1374, #11148, #12153 ) ) REPRESENTATION_CONTEXT ( 'NONE', 'WORKASPACE' ) );
#8283 = VERTEX_POINT ( 'NONE', #9632 ) ;
#8284 = VECTOR ( 'NONE', #12119, 1000.000000000000000 ) ;
#8285 = CARTESIAN_POINT ( 'NONE',  ( 6.349999923706000082, 1.520000000000000018, 2.515000000000000124 ) ) ;
#8286 = ORIENTED_EDGE ( 'NONE', *, *, #4442, .T. ) ;
#8287 = VECTOR ( 'NONE', #7883, 1000.000000000000000 ) ;
#8288 = EDGE_CURVE ( 'NONE', #1448, #2849, #6565, .T. ) ;
#8289 =( NAMED_UNIT ( * ) SI_UNIT ( $, .STERADIAN. ) SOLID_ANGLE_UNIT ( ) );
#8290 = PRESENTATION_LAYER_ASSIGNMENT (  '', '', ( #8919 ) ) ;
#8291 = DIRECTION ( 'NONE',  ( 1.000000000000000000, -0.0000000000000000000, -0.0000000000000000000 ) ) ;
#8292 = FILL_AREA_STYLE_COLOUR ( '', #3122 ) ;
#8293 = FILL_AREA_STYLE ('',( #8480 ) ) ;
#8294 = PRESENTATION_STYLE_ASSIGNMENT (( #1401 ) ) ;
#8295 = VECTOR ( 'NONE', #11749, 1000.000000000000114 ) ;
#8296 = FILL_AREA_STYLE_COLOUR ( '', #1747 ) ;
#8297 =( GEOMETRIC_REPRESENTATION_CONTEXT ( 3 ) GLOBAL_UNCERTAINTY_ASSIGNED_CONTEXT ( ( #4464 ) ) GLOBAL_UNIT_ASSIGNED_CONTEXT ( ( #11798, #1307, #2083 ) ) REPRESENTATION_CONTEXT ( 'NONE', 'WORKASPACE' ) );
#8298 = SURFACE_STYLE_USAGE ( .BOTH. , #4374 ) ;
#8299 = VECTOR ( 'NONE', #11811, 1000.000000000000114 ) ;
#8300 = SURFACE_STYLE_USAGE ( .BOTH. , #11101 ) ;
#8301 = LINE ( 'NONE', #12107, #7946 ) ;
#8302 = DIRECTION ( 'NONE',  ( -1.000000000000000000, 0.0000000000000000000, -0.0000000000000000000 ) ) ;
#8303 = VECTOR ( 'NONE', #12204, 1000.000000000000000 ) ;
#8304 = PLANE ( 'NONE',  #2971 ) ;
#8305 = EDGE_LOOP ( 'NONE', ( #11988, #1674, #67, #2100 ) ) ;
#8306 = STYLED_ITEM ( 'NONE', ( #10803 ), #4047 ) ;
#8307 =( LENGTH_UNIT ( ) NAMED_UNIT ( * ) SI_UNIT ( .MILLI., .METRE. ) );
#8308 = VERTEX_POINT ( 'NONE', #7568 ) ;
#8309 = DIRECTION ( 'NONE',  ( -0.0000000000000000000, -1.000000000000000000, -1.609823385705999920E-15 ) ) ;
#8310 = DIRECTION ( 'NONE',  ( 0.0000000000000000000, -0.7071067811865474617, -0.7071067811865474617 ) ) ;
#8311 = VECTOR ( 'NONE', #2913, 1000.000000000000000 ) ;
#8312 = FILL_AREA_STYLE_COLOUR ( '', #12549 ) ;
#8313 = VECTOR ( 'NONE', #6866, 1000.000000000000000 ) ;
#8314 = DIRECTION ( 'NONE',  ( -0.7071067811865474617, 0.0000000000000000000, 0.7071067811865474617 ) ) ;
#8315 = VECTOR ( 'NONE', #7746, 1000.000000000000000 ) ;
#8316 = VECTOR ( 'NONE', #9530, 1000.000000000000000 ) ;
#8317 = EDGE_CURVE ( 'NONE', #9946, #4759, #11484, .T. ) ;
#8318 = FACE_OUTER_BOUND ( 'NONE', #1854, .T. ) ;
#8319 = ORIENTED_EDGE ( 'NONE', *, *, #4642, .T. ) ;
#8320 = CARTESIAN_POINT ( 'NONE',  ( 2.419999964832999950, 0.1199999970199998184, -3.000000000000000000 ) ) ;
#8321 = FILL_AREA_STYLE_COLOUR ( '', #9633 ) ;
#8322 = CARTESIAN_POINT ( 'NONE',  ( 12.47999981075500031, 9.709999998510001618, 1.590000000000000080 ) ) ;
#8323 = MECHANICAL_DESIGN_GEOMETRIC_PRESENTATION_REPRESENTATION (  '', ( #5858 ), #1386 ) ;
#8324 = VERTEX_POINT ( 'NONE', #10524 ) ;
#8325 = DIRECTION ( 'NONE',  ( -0.5773502691896242878, -0.5773502691896292838, 0.5773502691896236216 ) ) ;
#8326 = ORIENTED_EDGE ( 'NONE', *, *, #278, .T. ) ;
#8327 = LINE ( 'NONE', #4472, #576 ) ;
#8328 = MECHANICAL_DESIGN_GEOMETRIC_PRESENTATION_REPRESENTATION (  '', ( #1388 ), #1994 ) ;
#8329 = CARTESIAN_POINT ( 'NONE',  ( 2.319999963343000182, 9.709999998510001618, 1.590000000000000080 ) ) ;
#8330 = DIRECTION ( 'NONE',  ( 1.000000000000000000, -0.0000000000000000000, 0.0000000000000000000 ) ) ;
#8331 =( GEOMETRIC_REPRESENTATION_CONTEXT ( 3 ) GLOBAL_UNCERTAINTY_ASSIGNED_CONTEXT ( ( #8885 ) ) GLOBAL_UNIT_ASSIGNED_CONTEXT ( ( #11208, #3522, #3460 ) ) REPRESENTATION_CONTEXT ( 'NONE', 'WORKASPACE' ) );
#8332 = EDGE_CURVE ( 'NONE', #10110, #4041, #5654, .T. ) ;
#8333 = PRESENTATION_LAYER_ASSIGNMENT (  '', '', ( #1191 ) ) ;
#8334 = LINE ( 'NONE', #12272, #11706 ) ;
#8335 = PLANE ( 'NONE',  #1260 ) ;
#8336 = ORIENTED_EDGE ( 'NONE', *, *, #3406, .F. ) ;
#8337 = PRESENTATION_STYLE_ASSIGNMENT (( #1564 ) ) ;
#8338 = PLANE ( 'NONE',  #1042 ) ;
#8339 = DIRECTION ( 'NONE',  ( 6.670117000593702191E-16, -1.000000000000000000, -6.670117000593702191E-16 ) ) ;
#8340 = VECTOR ( 'NONE', #9427, 1000.000000000000000 ) ;
#8341 = ADVANCED_FACE ( 'NONE', ( #8601 ), #3735, .F. ) ;
#8342 = MECHANICAL_DESIGN_GEOMETRIC_PRESENTATION_REPRESENTATION (  '', ( #7301 ), #12410 ) ;
#8343 = APPLICATION_PROTOCOL_DEFINITION ( 'draft international standard', 'automotive_design', 1998, #2 ) ;
#8344 = CARTESIAN_POINT ( 'NONE',  ( 7.299999885559000035, -0.3200000000000000067, -3.000000000000000000 ) ) ;
#8345 =( NAMED_UNIT ( * ) PLANE_ANGLE_UNIT ( ) SI_UNIT ( $, .RADIAN. ) );
#8346 = SURFACE_SIDE_STYLE ('',( #12226 ) ) ;
#8347 = DIRECTION ( 'NONE',  ( 0.0000000000000000000, 0.0000000000000000000, 1.000000000000000000 ) ) ;
#8348 = EDGE_LOOP ( 'NONE', ( #9755, #12023, #8925, #5288 ) ) ;
#8349 = CARTESIAN_POINT ( 'NONE',  ( 11.42999980926499859, 3.809999961852999828, 2.214999988079001003 ) ) ;
#8350 = ADVANCED_FACE ( 'NONE', ( #7117 ), #6091, .T. ) ;
#8351 = VERTEX_POINT ( 'NONE', #9123 ) ;
#8352 = COLOUR_RGB ( '',0.09411764705882352811, 0.09411764705882352811, 0.09411764705882352811 ) ;
#8353 = ORIENTED_EDGE ( 'NONE', *, *, #6513, .T. ) ;
#8354 =( LENGTH_UNIT ( ) NAMED_UNIT ( * ) SI_UNIT ( .MILLI., .METRE. ) );
#8355 = LINE ( 'NONE', #10274, #4916 ) ;
#8356 = CARTESIAN_POINT ( 'NONE',  ( 2.219999961852999970, 1.270000000000000018, -4.440892098500999885E-16 ) ) ;
#8357 = DIRECTION ( 'NONE',  ( -1.000000000000000000, 0.0000000000000000000, -0.0000000000000000000 ) ) ;
#8358 =( NAMED_UNIT ( * ) SI_UNIT ( $, .STERADIAN. ) SOLID_ANGLE_UNIT ( ) );
#8359 = CARTESIAN_POINT ( 'NONE',  ( 8.889999847411999667, 1.520000000000000018, 0.02500000000000000139 ) ) ;
#8360 = DIRECTION ( 'NONE',  ( 0.7071067811865475727, -0.7071067811865475727, 0.0000000000000000000 ) ) ;
#8361 = AXIS2_PLACEMENT_3D ( 'NONE', #1151, #10731, #9843 ) ;
#8362 =( NAMED_UNIT ( * ) PLANE_ANGLE_UNIT ( ) SI_UNIT ( $, .RADIAN. ) );
#8363 =( NAMED_UNIT ( * ) PLANE_ANGLE_UNIT ( ) SI_UNIT ( $, .RADIAN. ) );
#8364 = LINE ( 'NONE', #3551, #5196 ) ;
#8365 = PRESENTATION_STYLE_ASSIGNMENT (( #2540 ) ) ;
#8366 = ORIENTED_EDGE ( 'NONE', *, *, #2597, .T. ) ;
#8367 = UNCERTAINTY_MEASURE_WITH_UNIT (LENGTH_MEASURE( 1.000000000000000082E-05 ), #3765, 'distance_accuracy_value', 'NONE');
#8368 = SURFACE_STYLE_USAGE ( .BOTH. , #4455 ) ;
#8369 = ORIENTED_EDGE ( 'NONE', *, *, #12332, .F. ) ;
#8370 = DIRECTION ( 'NONE',  ( 0.0000000000000000000, 0.0000000000000000000, 1.000000000000000000 ) ) ;
#8371 = MECHANICAL_DESIGN_GEOMETRIC_PRESENTATION_REPRESENTATION (  '', ( #6926 ), #11623 ) ;
#8372 = SURFACE_STYLE_USAGE ( .BOTH. , #9277 ) ;
#8373 = ORIENTED_EDGE ( 'NONE', *, *, #1207, .F. ) ;
#8374 = SURFACE_SIDE_STYLE ('',( #11247 ) ) ;
#8375 = UNCERTAINTY_MEASURE_WITH_UNIT (LENGTH_MEASURE( 1.000000000000000082E-05 ), #8742, 'distance_accuracy_value', 'NONE');
#8376 = SURFACE_SIDE_STYLE ('',( #10235 ) ) ;
#8377 = ORIENTED_EDGE ( 'NONE', *, *, #5568, .T. ) ;
#8378 = FILL_AREA_STYLE ('',( #1421 ) ) ;
#8379 = VERTEX_POINT ( 'NONE', #2212 ) ;
#8380 = ORIENTED_EDGE ( 'NONE', *, *, #2785, .T. ) ;
#8381 = CARTESIAN_POINT ( 'NONE',  ( 16.50999977111812456, 1.519999999999999796, 0.3250000119208743543 ) ) ;
#8382 = AXIS2_PLACEMENT_3D ( 'NONE', #10875, #7785, #8837 ) ;
#8383 = ADVANCED_FACE ( 'NONE', ( #2024 ), #8002, .T. ) ;
#8384 = ADVANCED_FACE ( 'NONE', ( #7230 ), #566, .T. ) ;
#8385 = PRESENTATION_LAYER_ASSIGNMENT (  '', '', ( #2877 ) ) ;
#8386 = CARTESIAN_POINT ( 'NONE',  ( 11.42999984741200059, 1.520000000000000018, 0.3250000119209999760 ) ) ;
#8387 = UNCERTAINTY_MEASURE_WITH_UNIT (LENGTH_MEASURE( 1.000000000000000082E-05 ), #9925, 'distance_accuracy_value', 'NONE');
#8388 = STYLED_ITEM ( 'NONE', ( #5717 ), #5575 ) ;
#8389 =( NAMED_UNIT ( * ) SI_UNIT ( $, .STERADIAN. ) SOLID_ANGLE_UNIT ( ) );
#8390 = LINE ( 'NONE', #12273, #7837 ) ;
#8391 = SURFACE_STYLE_FILL_AREA ( #7349 ) ;
#8392 = VECTOR ( 'NONE', #8146, 1000.000000000000000 ) ;
#8393 = LINE ( 'NONE', #6275, #5008 ) ;
#8394 = ORIENTED_EDGE ( 'NONE', *, *, #11833, .F. ) ;
#8395 = CARTESIAN_POINT ( 'NONE',  ( 16.80999974489200000, 1.519999999999998241, 2.515000000000000568 ) ) ;
#8396 =( GEOMETRIC_REPRESENTATION_CONTEXT ( 3 ) GLOBAL_UNCERTAINTY_ASSIGNED_CONTEXT ( ( #5303 ) ) GLOBAL_UNIT_ASSIGNED_CONTEXT ( ( #5147, #5958, #8941 ) ) REPRESENTATION_CONTEXT ( 'NONE', 'WORKASPACE' ) );
#8397 = DIRECTION ( 'NONE',  ( 0.0000000000000000000, -1.000000000000000000, -1.332267629549999902E-15 ) ) ;
#8398 = DIRECTION ( 'NONE',  ( 1.000000000000000000, 0.0000000000000000000, -0.0000000000000000000 ) ) ;
#8399 =( LENGTH_UNIT ( ) NAMED_UNIT ( * ) SI_UNIT ( .MILLI., .METRE. ) );
#8400 = SURFACE_STYLE_FILL_AREA ( #9670 ) ;
#8401 = CARTESIAN_POINT ( 'NONE',  ( 12.37999980926499788, 9.609999997019999185, 0.9499999999999998446 ) ) ;
#8402 = COLOUR_RGB ( '',0.09411764705882352811, 0.09411764705882352811, 0.09411764705882352811 ) ;
#8403 = PLANE ( 'NONE',  #9710 ) ;
#8404 = FILL_AREA_STYLE_COLOUR ( '', #9961 ) ;
#8405 = CARTESIAN_POINT ( 'NONE',  ( 11.42999984741206454, 1.820000011921000693, 0.3250000119209378591 ) ) ;
#8406 = DIRECTION ( 'NONE',  ( -1.000000000000000000, 0.0000000000000000000, 0.0000000000000000000 ) ) ;
#8407 = PRESENTATION_STYLE_ASSIGNMENT (( #7237 ) ) ;
#8408 = EDGE_CURVE ( 'NONE', #10582, #3372, #3476, .T. ) ;
#8409 = ORIENTED_EDGE ( 'NONE', *, *, #10425, .F. ) ;
#8410 = PLANE ( 'NONE',  #2159 ) ;
#8411 = VERTEX_POINT ( 'NONE', #4292 ) ;
#8412 = EDGE_CURVE ( 'NONE', #5633, #5307, #1380, .T. ) ;
#8413 = CARTESIAN_POINT ( 'NONE',  ( 18.09999973297100340, 1.270000000000000018, 1.590000000000000080 ) ) ;
#8414 = CARTESIAN_POINT ( 'NONE',  ( 14.91999977111799858, 9.609999997020000961, 0.9499999999999997335 ) ) ;
#8415 = DIRECTION ( 'NONE',  ( 0.0000000000000000000, 1.000000000000000000, -0.0000000000000000000 ) ) ;
#8416 = CARTESIAN_POINT ( 'NONE',  ( 18.09999973297100340, -0.3200000000000000622, -2.799999997019999576 ) ) ;
#8417 = VECTOR ( 'NONE', #1614, 1000.000000000000114 ) ;
#8418 = PRESENTATION_STYLE_ASSIGNMENT (( #2481 ) ) ;
#8419 = EDGE_CURVE ( 'NONE', #1232, #5969, #3294, .T. ) ;
#8420 = CARTESIAN_POINT ( 'NONE',  ( 11.57999981522600130, 3.809999961853000716, 0.1750000059600015367 ) ) ;
#8421 = CARTESIAN_POINT ( 'NONE',  ( 1.419999967812998420, 3.809999961853000716, 2.364999994040001940 ) ) ;
#8422 = CYLINDRICAL_SURFACE ( 'NONE', #11643, 0.9499999999999999556 ) ;
#8423 = CARTESIAN_POINT ( 'NONE',  ( 13.96999977111799929, 3.809999961852995831, 2.515000000000000124 ) ) ;
#8424 = VERTEX_POINT ( 'NONE', #7600 ) ;
#8425 =( LENGTH_UNIT ( ) NAMED_UNIT ( * ) SI_UNIT ( .MILLI., .METRE. ) );
#8426 =( GEOMETRIC_REPRESENTATION_CONTEXT ( 3 ) GLOBAL_UNCERTAINTY_ASSIGNED_CONTEXT ( ( #3523 ) ) GLOBAL_UNIT_ASSIGNED_CONTEXT ( ( #12491, #11550, #2029 ) ) REPRESENTATION_CONTEXT ( 'NONE', 'WORKASPACE' ) );
#8427 = LINE ( 'NONE', #6246, #2154 ) ;
#8428 = ORIENTED_EDGE ( 'NONE', *, *, #681, .F. ) ;
#8429 = SURFACE_STYLE_FILL_AREA ( #3809 ) ;
#8430 = SURFACE_SIDE_STYLE ('',( #1475 ) ) ;
#8431 = PLANE ( 'NONE',  #11948 ) ;
#8432 = UNCERTAINTY_MEASURE_WITH_UNIT (LENGTH_MEASURE( 1.000000000000000082E-05 ), #4247, 'distance_accuracy_value', 'NONE');
#8433 = CARTESIAN_POINT ( 'NONE',  ( 8.889999885558999893, 1.520000000000000018, 0.02500000000000000139 ) ) ;
#8434 = EDGE_CURVE ( 'NONE', #4919, #6934, #6411, .T. ) ;
#8435 = FILL_AREA_STYLE_COLOUR ( '', #11007 ) ;
#8436 = VERTEX_POINT ( 'NONE', #2412 ) ;
#8437 = CARTESIAN_POINT ( 'NONE',  ( 13.01999980926500200, 0.3200000000000000067, -3.000000000000000000 ) ) ;
#8438 = DIRECTION ( 'NONE',  ( 0.0000000000000000000, 0.0000000000000000000, 1.000000000000000000 ) ) ;
#8439 = FILL_AREA_STYLE_COLOUR ( '', #11739 ) ;
#8440 = VERTEX_POINT ( 'NONE', #12161 ) ;
#8441 = CARTESIAN_POINT ( 'NONE',  ( 14.91999977111800035, 1.270000000000000018, -4.440892098500999885E-16 ) ) ;
#8442 = EDGE_CURVE ( 'NONE', #403, #10903, #2469, .T. ) ;
#8443 = EDGE_CURVE ( 'NONE', #8104, #10624, #8206, .T. ) ;
#8444 = ADVANCED_FACE ( 'NONE', ( #11159 ), #7303, .F. ) ;
#8445 =( NAMED_UNIT ( * ) SI_UNIT ( $, .STERADIAN. ) SOLID_ANGLE_UNIT ( ) );
#8446 =( GEOMETRIC_REPRESENTATION_CONTEXT ( 3 ) GLOBAL_UNCERTAINTY_ASSIGNED_CONTEXT ( ( #4531 ) ) GLOBAL_UNIT_ASSIGNED_CONTEXT ( ( #7119, #7234, #1255 ) ) REPRESENTATION_CONTEXT ( 'NONE', 'WORKASPACE' ) );
#8447 = CARTESIAN_POINT ( 'NONE',  ( 8.889999847411999667, 1.820000011921000249, 2.214999988079000115 ) ) ;
#8448 =( NAMED_UNIT ( * ) SI_UNIT ( $, .STERADIAN. ) SOLID_ANGLE_UNIT ( ) );
#8449 = EDGE_CURVE ( 'NONE', #440, #4328, #7907, .T. ) ;
#8450 = LINE ( 'NONE', #3463, #6644 ) ;
#8451 = FACE_OUTER_BOUND ( 'NONE', #4440, .T. ) ;
#8452 = ORIENTED_EDGE ( 'NONE', *, *, #11676, .T. ) ;
#8453 = CARTESIAN_POINT ( 'NONE',  ( 5.299999922216000137, 0.3200000000000000067, -2.899999998509999788 ) ) ;
#8454 = PRESENTATION_LAYER_ASSIGNMENT (  '', '', ( #8024 ) ) ;
#8455 = CARTESIAN_POINT ( 'NONE',  ( 4.759999923706000224, 0.1199999970199998184, -3.000000000000000000 ) ) ;
#8456 = PRESENTATION_STYLE_ASSIGNMENT (( #9429 ) ) ;
#8457 = DIRECTION ( 'NONE',  ( 0.7071067811865475727, 9.432969924854965098E-16, -0.7071067811865475727 ) ) ;
#8458 = LINE ( 'NONE', #4549, #10158 ) ;
#8459 = CARTESIAN_POINT ( 'NONE',  ( 8.889999885559252135, 3.809999961852999384, 2.214999988079251025 ) ) ;
#8460 = VECTOR ( 'NONE', #9458, 1000.000000000000114 ) ;
#8461 = MECHANICAL_DESIGN_GEOMETRIC_PRESENTATION_REPRESENTATION (  '', ( #4772 ), #10104 ) ;
#8462 = APPLICATION_CONTEXT ( 'automotive_design' ) ;
#8463 = VECTOR ( 'NONE', #7612, 1000.000000000000000 ) ;
#8464 = FILL_AREA_STYLE ('',( #12414 ) ) ;
#8465 = PRESENTATION_STYLE_ASSIGNMENT (( #4553 ) ) ;
#8466 = CARTESIAN_POINT ( 'NONE',  ( 1.269999961853000015, 1.519999999999999574, 0.3250000119209999760 ) ) ;
#8467 = ORIENTED_EDGE ( 'NONE', *, *, #8611, .T. ) ;
#8468 = DIRECTION ( 'NONE',  ( 0.7071067811865475727, 9.432969924854965098E-16, -0.7071067811865475727 ) ) ;
#8469 = ORIENTED_EDGE ( 'NONE', *, *, #2153, .T. ) ;
#8470 =( NAMED_UNIT ( * ) PLANE_ANGLE_UNIT ( ) SI_UNIT ( $, .RADIAN. ) );
#8471 = ORIENTED_EDGE ( 'NONE', *, *, #1552, .F. ) ;
#8472 = STYLED_ITEM ( 'NONE', ( #6239 ), #5107 ) ;
#8473 = FILL_AREA_STYLE_COLOUR ( '', #9510 ) ;
#8474 = CARTESIAN_POINT ( 'NONE',  ( 6.349999923706250549, 3.809999961852999384, 2.214999988079251025 ) ) ;
#8475 = FILL_AREA_STYLE ('',( #10404 ) ) ;
#8476 = COLOUR_RGB ( '',1.000000000000000000, 1.000000000000000000, 0.4980392156862745168 ) ;
#8477 = DIRECTION ( 'NONE',  ( 1.000000000000000000, 0.0000000000000000000, 0.0000000000000000000 ) ) ;
#8478 = AXIS2_PLACEMENT_3D ( 'NONE', #7971, #12104, #1028 ) ;
#8479 = DIRECTION ( 'NONE',  ( 0.0000000000000000000, 1.000000000000000000, -0.0000000000000000000 ) ) ;
#8480 = FILL_AREA_STYLE_COLOUR ( '', #10720 ) ;
#8481 = LINE ( 'NONE', #8223, #5849 ) ;
#8482 = EDGE_CURVE ( 'NONE', #3192, #2543, #7723, .T. ) ;
#8483 = EDGE_CURVE ( 'NONE', #1311, #770, #4915, .T. ) ;
#8484 = DIRECTION ( 'NONE',  ( -0.7071067811865474617, 0.0000000000000000000, -0.7071067811865474617 ) ) ;
#8485 =( NAMED_UNIT ( * ) SI_UNIT ( $, .STERADIAN. ) SOLID_ANGLE_UNIT ( ) );
#8486 =( NAMED_UNIT ( * ) PLANE_ANGLE_UNIT ( ) SI_UNIT ( $, .RADIAN. ) );
#8487 = PRESENTATION_LAYER_ASSIGNMENT (  '', '', ( #1948 ) ) ;
#8488 = ORIENTED_EDGE ( 'NONE', *, *, #434, .T. ) ;
#8489 = AXIS2_PLACEMENT_3D ( 'NONE', #4834, #10525, #11545 ) ;
#8490 =( GEOMETRIC_REPRESENTATION_CONTEXT ( 3 ) GLOBAL_UNCERTAINTY_ASSIGNED_CONTEXT ( ( #212 ) ) GLOBAL_UNIT_ASSIGNED_CONTEXT ( ( #564, #3534, #733 ) ) REPRESENTATION_CONTEXT ( 'NONE', 'WORKASPACE' ) );
#8491 = VECTOR ( 'NONE', #5346, 1000.000000000000114 ) ;
#8492 = SURFACE_STYLE_FILL_AREA ( #584 ) ;
#8493 = EDGE_LOOP ( 'NONE', ( #6007, #2811, #1639, #1155 ) ) ;
#8494 = CARTESIAN_POINT ( 'NONE',  ( 13.96999977111799929, 1.519999999999999574, 0.3250000119209999760 ) ) ;
#8495 = CARTESIAN_POINT ( 'NONE',  ( 6.349999885558999857, 1.520000000000000018, 2.214999988078999227 ) ) ;
#8496 = ORIENTED_EDGE ( 'NONE', *, *, #2005, .T. ) ;
#8497 = FILL_AREA_STYLE_COLOUR ( '', #6122 ) ;
#8498 = CARTESIAN_POINT ( 'NONE',  ( 2.219999961852999970, 3.809999961852999828, 1.590000000000000080 ) ) ;
#8499 = FACE_OUTER_BOUND ( 'NONE', #2125, .T. ) ;
#8500 = MECHANICAL_DESIGN_GEOMETRIC_PRESENTATION_REPRESENTATION (  '', ( #9936 ), #12563 ) ;
#8501 = VECTOR ( 'NONE', #1294, 1000.000000000000000 ) ;
#8502 = STYLED_ITEM ( 'NONE', ( #11900 ), #9975 ) ;
#8503 = UNCERTAINTY_MEASURE_WITH_UNIT (LENGTH_MEASURE( 1.000000000000000082E-05 ), #10505, 'distance_accuracy_value', 'NONE');
#8504 = LINE ( 'NONE', #12570, #7314 ) ;
#8505 = ORIENTED_EDGE ( 'NONE', *, *, #6606, .T. ) ;
#8506 = UNCERTAINTY_MEASURE_WITH_UNIT (LENGTH_MEASURE( 1.000000000000000082E-05 ), #5125, 'distance_accuracy_value', 'NONE');
#8507 = CARTESIAN_POINT ( 'NONE',  ( 9.839999847412000733, 1.820000011921000249, 1.590000000000000080 ) ) ;
#8508 =( NAMED_UNIT ( * ) PLANE_ANGLE_UNIT ( ) SI_UNIT ( $, .RADIAN. ) );
#8509 = CIRCLE ( 'NONE', #157, 1.590000000000000080 ) ;
#8510 = LINE ( 'NONE', #11445, #10160 ) ;
#8511 = VECTOR ( 'NONE', #6940, 1000.000000000000000 ) ;
#8512 = UNCERTAINTY_MEASURE_WITH_UNIT (LENGTH_MEASURE( 1.000000000000000082E-05 ), #2192, 'distance_accuracy_value', 'NONE');
#8513 =( NAMED_UNIT ( * ) PLANE_ANGLE_UNIT ( ) SI_UNIT ( $, .RADIAN. ) );
#8514 = ORIENTED_EDGE ( 'NONE', *, *, #5043, .T. ) ;
#8515 = CARTESIAN_POINT ( 'NONE',  ( 9.039999853373000605, 1.520000000000000018, 0.1750000059600000102 ) ) ;
#8516 =( GEOMETRIC_REPRESENTATION_CONTEXT ( 3 ) GLOBAL_UNCERTAINTY_ASSIGNED_CONTEXT ( ( #1667 ) ) GLOBAL_UNIT_ASSIGNED_CONTEXT ( ( #449, #4062, #6035 ) ) REPRESENTATION_CONTEXT ( 'NONE', 'WORKASPACE' ) );
#8517 = EDGE_LOOP ( 'NONE', ( #10695, #8526, #5646, #11501 ) ) ;
#8518 = VECTOR ( 'NONE', #462, 1000.000000000000000 ) ;
#8519 = DIRECTION ( 'NONE',  ( 0.0000000000000000000, 1.000000000000000000, -0.0000000000000000000 ) ) ;
#8520 = UNCERTAINTY_MEASURE_WITH_UNIT (LENGTH_MEASURE( 1.000000000000000082E-05 ), #11313, 'distance_accuracy_value', 'NONE');
#8521 = VECTOR ( 'NONE', #8662, 1000.000000000000000 ) ;
#8522 = DIRECTION ( 'NONE',  ( 6.645562236426607662E-16, -1.000000000000000000, -6.645562236426607662E-16 ) ) ;
#8523 = CARTESIAN_POINT ( 'NONE',  ( 19.04999973297099913, 3.809999961852999828, 0.02500000000000000139 ) ) ;
#8524 = AXIS2_PLACEMENT_3D ( 'NONE', #475, #5492, #8247 ) ;
#8525 = DIRECTION ( 'NONE',  ( 1.000000000000000000, -0.0000000000000000000, -0.0000000000000000000 ) ) ;
#8526 = ORIENTED_EDGE ( 'NONE', *, *, #7760, .T. ) ;
#8527 = FACE_OUTER_BOUND ( 'NONE', #4765, .T. ) ;
#8528 = STYLED_ITEM ( 'NONE', ( #6072 ), #10699 ) ;
#8529 = FACE_OUTER_BOUND ( 'NONE', #7204, .T. ) ;
#8530 = VECTOR ( 'NONE', #7664, 1000.000000000000000 ) ;
#8531 = LINE ( 'NONE', #11466, #11257 ) ;
#8532 = MECHANICAL_DESIGN_GEOMETRIC_PRESENTATION_REPRESENTATION (  '', ( #3815 ), #1182 ) ;
#8533 = DIRECTION ( 'NONE',  ( 1.000000000000000000, 0.0000000000000000000, 0.0000000000000000000 ) ) ;
#8534 =( NAMED_UNIT ( * ) SI_UNIT ( $, .STERADIAN. ) SOLID_ANGLE_UNIT ( ) );
#8535 = CARTESIAN_POINT ( 'NONE',  ( 2.659999958872999670, 0.3200000000000000067, -3.000000000000000000 ) ) ;
#8536 = PRESENTATION_LAYER_ASSIGNMENT (  '', '', ( #9973 ) ) ;
#8537 = ORIENTED_EDGE ( 'NONE', *, *, #5642, .F. ) ;
#8538 = CARTESIAN_POINT ( 'NONE',  ( 18.09999973297100340, 9.609999997019999185, 1.590000000000000302 ) ) ;
#8539 = ORIENTED_EDGE ( 'NONE', *, *, #10397, .F. ) ;
#8540 = FILL_AREA_STYLE_COLOUR ( '', #10534 ) ;
#8541 = ORIENTED_EDGE ( 'NONE', *, *, #12137, .F. ) ;
#8542 = LINE ( 'NONE', #6862, #10516 ) ;
#8543 = DIRECTION ( 'NONE',  ( 0.7071067811865474617, 0.0000000000000000000, 0.7071067811865474617 ) ) ;
#8544 = SURFACE_STYLE_USAGE ( .BOTH. , #9575 ) ;
#8545 = EDGE_CURVE ( 'NONE', #5276, #6396, #5871, .T. ) ;
#8546 = FILL_AREA_STYLE_COLOUR ( '', #8042 ) ;
#8547 = CARTESIAN_POINT ( 'NONE',  ( 13.96999977111799929, 1.519999999999996909, 2.214999988079000115 ) ) ;
#8548 = DIRECTION ( 'NONE',  ( -0.0000000000000000000, -1.000000000000000000, 0.0000000000000000000 ) ) ;
#8549 = VECTOR ( 'NONE', #3734, 1000.000000000000000 ) ;
#8550 = SURFACE_STYLE_USAGE ( .BOTH. , #11297 ) ;
#8551 = ORIENTED_EDGE ( 'NONE', *, *, #235, .F. ) ;
#8552 = FACE_OUTER_BOUND ( 'NONE', #350, .T. ) ;
#8553 = ORIENTED_EDGE ( 'NONE', *, *, #4993, .F. ) ;
#8554 = FILL_AREA_STYLE_COLOUR ( '', #1534 ) ;
#8555 = ORIENTED_EDGE ( 'NONE', *, *, #2446, .T. ) ;
#8556 = SURFACE_STYLE_USAGE ( .BOTH. , #11497 ) ;
#8557 = CARTESIAN_POINT ( 'NONE',  ( 2.219999961852999970, 1.820000011921001137, 0.9499999999999991784 ) ) ;
#8558 = LINE ( 'NONE', #12441, #7635 ) ;
#8559 =( NAMED_UNIT ( * ) SI_UNIT ( $, .STERADIAN. ) SOLID_ANGLE_UNIT ( ) );
#8560 = ORIENTED_EDGE ( 'NONE', *, *, #3326, .T. ) ;
#8561 = PRESENTATION_STYLE_ASSIGNMENT (( #6591 ) ) ;
#8562 = DIRECTION ( 'NONE',  ( -0.7071067811865474617, 0.0000000000000000000, 0.7071067811865474617 ) ) ;
#8563 = EDGE_LOOP ( 'NONE', ( #5356, #12479, #6860, #2596 ) ) ;
#8564 = EDGE_CURVE ( 'NONE', #3541, #3826, #2833, .T. ) ;
#8565 = ORIENTED_EDGE ( 'NONE', *, *, #6552, .T. ) ;
#8566 =( GEOMETRIC_REPRESENTATION_CONTEXT ( 3 ) GLOBAL_UNCERTAINTY_ASSIGNED_CONTEXT ( ( #9042 ) ) GLOBAL_UNIT_ASSIGNED_CONTEXT ( ( #12475, #6556, #3953 ) ) REPRESENTATION_CONTEXT ( 'NONE', 'WORKASPACE' ) );
#8567 = SURFACE_STYLE_USAGE ( .BOTH. , #2885 ) ;
#8568 = DIRECTION ( 'NONE',  ( 1.000000000000000000, 0.0000000000000000000, 0.0000000000000000000 ) ) ;
#8569 = DIRECTION ( 'NONE',  ( -1.000000000000000000, 0.0000000000000000000, 0.0000000000000000000 ) ) ;
#8570 = VECTOR ( 'NONE', #2416, 1000.000000000000000 ) ;
#8571 = SURFACE_STYLE_FILL_AREA ( #4730 ) ;
#8572 = DIRECTION ( 'NONE',  ( 1.000000000000000000, -0.0000000000000000000, 0.0000000000000000000 ) ) ;
#8573 =( NAMED_UNIT ( * ) PLANE_ANGLE_UNIT ( ) SI_UNIT ( $, .RADIAN. ) );
#8574 = COLOUR_RGB ( '',0.09411764705882352811, 0.09411764705882352811, 0.09411764705882352811 ) ;
#8575 = SURFACE_STYLE_FILL_AREA ( #7547 ) ;
#8576 = ORIENTED_EDGE ( 'NONE', *, *, #4022, .T. ) ;
#8577 = VECTOR ( 'NONE', #908, 1000.000000000000000 ) ;
#8578 = DIRECTION ( 'NONE',  ( 0.7071067811865474617, -0.7071067811865474617, 0.0000000000000000000 ) ) ;
#8579 = SURFACE_STYLE_FILL_AREA ( #3718 ) ;
#8580 = PLANE ( 'NONE',  #9353 ) ;
#8581 = MECHANICAL_DESIGN_GEOMETRIC_PRESENTATION_REPRESENTATION (  '', ( #6943 ), #11839 ) ;
#8582 = CARTESIAN_POINT ( 'NONE',  ( 17.45999973297099928, 0.1199999970199998184, -3.000000000000000000 ) ) ;
#8583 = STYLED_ITEM ( 'NONE', ( #9852 ), #2999 ) ;
#8584 = PLANE ( 'NONE',  #5411 ) ;
#8585 =( NAMED_UNIT ( * ) PLANE_ANGLE_UNIT ( ) SI_UNIT ( $, .RADIAN. ) );
#8586 = PLANE ( 'NONE',  #9274 ) ;
#8587 =( NAMED_UNIT ( * ) PLANE_ANGLE_UNIT ( ) SI_UNIT ( $, .RADIAN. ) );
#8588 = ORIENTED_EDGE ( 'NONE', *, *, #1497, .F. ) ;
#8589 = FILL_AREA_STYLE_COLOUR ( '', #6107 ) ;
#8590 = MECHANICAL_DESIGN_GEOMETRIC_PRESENTATION_REPRESENTATION (  '', ( #11456 ), #11653 ) ;
#8591 = ORIENTED_EDGE ( 'NONE', *, *, #11776, .T. ) ;
#8592 = ORIENTED_EDGE ( 'NONE', *, *, #6452, .F. ) ;
#8593 = ADVANCED_FACE ( 'NONE', ( #4791 ), #10745, .T. ) ;
#8594 = EDGE_CURVE ( 'NONE', #6555, #5307, #7774, .T. ) ;
#8595 = SURFACE_STYLE_USAGE ( .BOTH. , #2852 ) ;
#8596 =( NAMED_UNIT ( * ) SI_UNIT ( $, .STERADIAN. ) SOLID_ANGLE_UNIT ( ) );
#8597 = FILL_AREA_STYLE_COLOUR ( '', #6037 ) ;
#8598 = EDGE_CURVE ( 'NONE', #7978, #897, #8631, .T. ) ;
#8599 =( LENGTH_UNIT ( ) NAMED_UNIT ( * ) SI_UNIT ( .MILLI., .METRE. ) );
#8600 = LINE ( 'NONE', #4754, #10917 ) ;
#8601 = FACE_OUTER_BOUND ( 'NONE', #2808, .T. ) ;
#8602 = COLOUR_RGB ( '',1.000000000000000000, 1.000000000000000000, 0.4980392156862745168 ) ;
#8603 = DIRECTION ( 'NONE',  ( 0.0000000000000000000, 0.0000000000000000000, 1.000000000000000000 ) ) ;
#8604 = FILL_AREA_STYLE ('',( #7986 ) ) ;
#8605 =( GEOMETRIC_REPRESENTATION_CONTEXT ( 3 ) GLOBAL_UNCERTAINTY_ASSIGNED_CONTEXT ( ( #2997 ) ) GLOBAL_UNIT_ASSIGNED_CONTEXT ( ( #5994, #11773, #8775 ) ) REPRESENTATION_CONTEXT ( 'NONE', 'WORKASPACE' ) );
#8606 = ADVANCED_FACE ( 'NONE', ( #2105 ), #9917, .F. ) ;
#8607 = ORIENTED_EDGE ( 'NONE', *, *, #12005, .F. ) ;
#8608 = FILL_AREA_STYLE ('',( #7574 ) ) ;
#8609 = EDGE_LOOP ( 'NONE', ( #9047, #1577, #2027, #515 ) ) ;
#8610 = SURFACE_SIDE_STYLE ('',( #8429 ) ) ;
#8611 = EDGE_CURVE ( 'NONE', #770, #4800, #11888, .T. ) ;
#8612 = CIRCLE ( 'NONE', #3108, 1.590000000000000080 ) ;
#8613 = FILL_AREA_STYLE ('',( #8554 ) ) ;
#8614 = ORIENTED_EDGE ( 'NONE', *, *, #12412, .T. ) ;
#8615 = VECTOR ( 'NONE', #3830, 1000.000000000000114 ) ;
#8616 = ADVANCED_BREP_SHAPE_REPRESENTATION ( '', ( #3841, #12434, #3774, #12227, #12117, #3901, #3984, #3797, #5828 ), #2175 ) ;
#8617 = COLOUR_RGB ( '',0.09411764705882352811, 0.09411764705882352811, 0.09411764705882352811 ) ;
#8618 = UNCERTAINTY_MEASURE_WITH_UNIT (LENGTH_MEASURE( 1.000000000000000082E-05 ), #9495, 'distance_accuracy_value', 'NONE');
#8619 = FILL_AREA_STYLE ('',( #3876 ) ) ;
#8620 = VECTOR ( 'NONE', #3190, 1000.000000000000000 ) ;
#8621 = ORIENTED_EDGE ( 'NONE', *, *, #700, .T. ) ;
#8622 =( LENGTH_UNIT ( ) NAMED_UNIT ( * ) SI_UNIT ( .MILLI., .METRE. ) );
#8623 = UNCERTAINTY_MEASURE_WITH_UNIT (LENGTH_MEASURE( 1.000000000000000082E-05 ), #8093, 'distance_accuracy_value', 'NONE');
#8624 =( NAMED_UNIT ( * ) SI_UNIT ( $, .STERADIAN. ) SOLID_ANGLE_UNIT ( ) );
#8625 = EDGE_LOOP ( 'NONE', ( #10981, #2219, #5407, #1724 ) ) ;
#8626 = ORIENTED_EDGE ( 'NONE', *, *, #7328, .F. ) ;
#8627 = CARTESIAN_POINT ( 'NONE',  ( 14.91999977111800035, 3.809999961852999828, 0.9499999999999999556 ) ) ;
#8628 = ADVANCED_FACE ( 'NONE', ( #408 ), #9214, .F. ) ;
#8629 = PLANE ( 'NONE',  #1038 ) ;
#8630 = DIRECTION ( 'NONE',  ( 0.0000000000000000000, -1.554312234475000050E-15, 1.000000000000000000 ) ) ;
#8631 = LINE ( 'NONE', #6958, #7090 ) ;
#8632 = EDGE_CURVE ( 'NONE', #12404, #10975, #8965, .T. ) ;
#8633 = ADVANCED_FACE ( 'NONE', ( #6319, #6059 ), #1418, .T. ) ;
#8634 = FACE_OUTER_BOUND ( 'NONE', #10550, .T. ) ;
#8635 = SURFACE_STYLE_FILL_AREA ( #910 ) ;
#8636 = ORIENTED_EDGE ( 'NONE', *, *, #11305, .T. ) ;
#8637 = FILL_AREA_STYLE ('',( #5634 ) ) ;
#8638 = LINE ( 'NONE', #6728, #5910 ) ;
#8639 = DIRECTION ( 'NONE',  ( -1.000000000000000000, 0.0000000000000000000, -0.0000000000000000000 ) ) ;
#8640 = PLANE ( 'NONE',  #6352 ) ;
#8641 = CARTESIAN_POINT ( 'NONE',  ( 12.37999980926499966, 3.809999961852999828, 1.590000000000000080 ) ) ;
#8642 = ADVANCED_FACE ( 'NONE', ( #7149 ), #11055, .F. ) ;
#8643 = PRESENTATION_STYLE_ASSIGNMENT (( #5643 ) ) ;
#8645 = EDGE_CURVE ( 'NONE', #12050, #11610, #12387, .T. ) ;
#8644 = DIRECTION ( 'NONE',  ( 0.0000000000000000000, 0.7071067811865474617, -0.7071067811865474617 ) ) ;
#8646 = DIRECTION ( 'NONE',  ( -0.5773502691896257311, -0.5773502691896259531, 0.5773502691896256200 ) ) ;
#8647 = VERTEX_POINT ( 'NONE', #7332 ) ;
#8648 = MECHANICAL_DESIGN_GEOMETRIC_PRESENTATION_REPRESENTATION (  '', ( #12509 ), #7412 ) ;
#8649 =( GEOMETRIC_REPRESENTATION_CONTEXT ( 3 ) GLOBAL_UNCERTAINTY_ASSIGNED_CONTEXT ( ( #8512 ) ) GLOBAL_UNIT_ASSIGNED_CONTEXT ( ( #2192, #1292, #8047 ) ) REPRESENTATION_CONTEXT ( 'NONE', 'WORKASPACE' ) );
#8650 = DIRECTION ( 'NONE',  ( -0.0000000000000000000, -1.000000000000000000, 0.0000000000000000000 ) ) ;
#8651 = EDGE_LOOP ( 'NONE', ( #12580, #5742, #11201, #5205, #11713 ) ) ;
#8652 = VERTEX_POINT ( 'NONE', #3639 ) ;
#8653 = DIRECTION ( 'NONE',  ( 1.000000000000000000, 0.0000000000000000000, 0.0000000000000000000 ) ) ;
#8654 = VERTEX_POINT ( 'NONE', #6523 ) ;
#8655 = CARTESIAN_POINT ( 'NONE',  ( 12.37999980926499966, 0.3200000000000000067, -3.000000000000000000 ) ) ;
#8656 = DIRECTION ( 'NONE',  ( -0.7071067811865474617, 0.0000000000000000000, 0.7071067811865474617 ) ) ;
#8657 = PRESENTATION_STYLE_ASSIGNMENT (( #9761 ) ) ;
#8658 = CARTESIAN_POINT ( 'NONE',  ( 2.219999961852999970, 0.2199999985099999888, -2.899999998509999788 ) ) ;
#8659 = STYLED_ITEM ( 'NONE', ( #6998 ), #12057 ) ;
#8660 = CARTESIAN_POINT ( 'NONE',  ( 15.45999976962800027, 9.709999998510001618, 0.9499999999999999556 ) ) ;
#8661 = VECTOR ( 'NONE', #8650, 1000.000000000000000 ) ;
#8662 = DIRECTION ( 'NONE',  ( 0.0000000000000000000, 1.000000000000000000, 1.609823385705999920E-15 ) ) ;
#8663 = DIRECTION ( 'NONE',  ( 1.000000000000000000, 0.0000000000000000000, -0.0000000000000000000 ) ) ;
#8664 = EDGE_CURVE ( 'NONE', #10636, #12050, #6388, .T. ) ;
#8665 =( NAMED_UNIT ( * ) PLANE_ANGLE_UNIT ( ) SI_UNIT ( $, .RADIAN. ) );
#8666 = CARTESIAN_POINT ( 'NONE',  ( 10.47999984741199953, 1.820000011921000693, 0.9499999999999992895 ) ) ;
#8667 = ORIENTED_EDGE ( 'NONE', *, *, #12219, .F. ) ;
#8668 = EDGE_CURVE ( 'NONE', #2993, #2789, #774, .T. ) ;
#8669 = SURFACE_SIDE_STYLE ('',( #5663 ) ) ;
#8670 = EDGE_LOOP ( 'NONE', ( #5686, #10299, #8865, #4240 ) ) ;
#8671 = DIRECTION ( 'NONE',  ( -1.000000000000000000, 0.0000000000000000000, 0.0000000000000000000 ) ) ;
#8672 = ORIENTED_EDGE ( 'NONE', *, *, #7643, .F. ) ;
#8673 =( LENGTH_UNIT ( ) NAMED_UNIT ( * ) SI_UNIT ( .MILLI., .METRE. ) );
#8674 = MECHANICAL_DESIGN_GEOMETRIC_PRESENTATION_REPRESENTATION (  '', ( #2360 ), #7433 ) ;
#8675 = PRESENTATION_LAYER_ASSIGNMENT (  '', '', ( #6631 ) ) ;
#8676 = DIRECTION ( 'NONE',  ( -0.0000000000000000000, -0.0000000000000000000, -1.000000000000000000 ) ) ;
#8677 = ORIENTED_EDGE ( 'NONE', *, *, #5851, .T. ) ;
#8678 =( NAMED_UNIT ( * ) SI_UNIT ( $, .STERADIAN. ) SOLID_ANGLE_UNIT ( ) );
#8679 = DIRECTION ( 'NONE',  ( 0.0000000000000000000, -1.000000000000000000, -1.332267629549999902E-15 ) ) ;
#8680 = FILL_AREA_STYLE ('',( #9643 ) ) ;
#8681 = UNCERTAINTY_MEASURE_WITH_UNIT (LENGTH_MEASURE( 1.000000000000000082E-05 ), #6159, 'distance_accuracy_value', 'NONE');
#8682 = STYLED_ITEM ( 'NONE', ( #11791 ), #12221 ) ;
#8683 = MECHANICAL_DESIGN_GEOMETRIC_PRESENTATION_REPRESENTATION (  '', ( #3769 ), #11942 ) ;
#8684 = CARTESIAN_POINT ( 'NONE',  ( 3.659999955892999868, 1.520000000000000018, 0.1750000059600000102 ) ) ;
#8685 = AXIS2_PLACEMENT_3D ( 'NONE', #12486, #2861, #8794 ) ;
#8686 =( GEOMETRIC_REPRESENTATION_CONTEXT ( 3 ) GLOBAL_UNCERTAINTY_ASSIGNED_CONTEXT ( ( #2743 ) ) GLOBAL_UNIT_ASSIGNED_CONTEXT ( ( #11343, #10392, #1566 ) ) REPRESENTATION_CONTEXT ( 'NONE', 'WORKASPACE' ) );
#8687 = COLOUR_RGB ( '',0.09411764705882352811, 0.09411764705882352811, 0.09411764705882352811 ) ;
#8688 = DIRECTION ( 'NONE',  ( 0.0000000000000000000, -0.7071067811865475727, -0.7071067811865475727 ) ) ;
#8689 = CARTESIAN_POINT ( 'NONE',  ( 16.35999976515800469, 1.520000000000000018, 0.1750000059600000102 ) ) ;
#8690 = DIRECTION ( 'NONE',  ( 0.7071067811865475727, -0.7071067811865475727, 0.0000000000000000000 ) ) ;
#8691 = FILL_AREA_STYLE_COLOUR ( '', #2135 ) ;
#8692 = ORIENTED_EDGE ( 'NONE', *, *, #669, .F. ) ;
#8693 = DIRECTION ( 'NONE',  ( 0.0000000000000000000, 0.0000000000000000000, -1.000000000000000000 ) ) ;
#8694 = DIRECTION ( 'NONE',  ( 0.7071067811865474617, -0.0000000000000000000, -0.7071067811865474617 ) ) ;
#8695 = STYLED_ITEM ( 'NONE', ( #1986 ), #12383 ) ;
#8696 = ORIENTED_EDGE ( 'NONE', *, *, #3543, .F. ) ;
#8697 = COLOUR_RGB ( '',1.000000000000000000, 1.000000000000000000, 0.4980392156862745168 ) ;
#8698 = COLOUR_RGB ( '',1.000000000000000000, 1.000000000000000000, 0.4980392156862745168 ) ;
#8699 = FILL_AREA_STYLE ('',( #12506 ) ) ;
#8700 = STYLED_ITEM ( 'NONE', ( #5755 ), #7659 ) ;
#8701 = ADVANCED_FACE ( 'NONE', ( #592 ), #644, .T. ) ;
#8702 = DIRECTION ( 'NONE',  ( -1.000000000000000000, 0.0000000000000000000, 0.0000000000000000000 ) ) ;
#8703 = CARTESIAN_POINT ( 'NONE',  ( 8.889999847411999667, 1.520000000000000018, 2.214999988079000115 ) ) ;
#8704 = CARTESIAN_POINT ( 'NONE',  ( 7.939999885558998827, 1.820000011921000249, 1.589999999999996749 ) ) ;
#8705 =( GEOMETRIC_REPRESENTATION_CONTEXT ( 3 ) GLOBAL_UNCERTAINTY_ASSIGNED_CONTEXT ( ( #8981 ) ) GLOBAL_UNIT_ASSIGNED_CONTEXT ( ( #3504, #7583, #1664 ) ) REPRESENTATION_CONTEXT ( 'NONE', 'WORKASPACE' ) );
#8706 = PRESENTATION_STYLE_ASSIGNMENT (( #984 ) ) ;
#8707 = AXIS2_PLACEMENT_3D ( 'NONE', #1184, #7105, #11967 ) ;
#8708 = VECTOR ( 'NONE', #3744, 1000.000000000000000 ) ;
#8709 = LINE ( 'NONE', #9612, #10003 ) ;
#8710 = CARTESIAN_POINT ( 'NONE',  ( 2.219999961852999970, 1.270000000000000018, 0.9499999999999997335 ) ) ;
#8711 = VECTOR ( 'NONE', #1050, 1000.000000000000000 ) ;
#8712 = EDGE_LOOP ( 'NONE', ( #8850, #11695, #2451, #10359 ) ) ;
#8713 =( GEOMETRIC_REPRESENTATION_CONTEXT ( 3 ) GLOBAL_UNCERTAINTY_ASSIGNED_CONTEXT ( ( #4654 ) ) GLOBAL_UNIT_ASSIGNED_CONTEXT ( ( #2690, #1912, #2746 ) ) REPRESENTATION_CONTEXT ( 'NONE', 'WORKASPACE' ) );
#8714 = FILL_AREA_STYLE ('',( #4803 ) ) ;
#8715 = FILL_AREA_STYLE_COLOUR ( '', #8352 ) ;
#8716 = EDGE_CURVE ( 'NONE', #3849, #10636, #8558, .T. ) ;
#8717 = DIRECTION ( 'NONE',  ( -0.0000000000000000000, 0.0000000000000000000, 1.000000000000000000 ) ) ;
#8718 = DIRECTION ( 'NONE',  ( 1.000000000000000000, -0.0000000000000000000, 0.0000000000000000000 ) ) ;
#8719 = CARTESIAN_POINT ( 'NONE',  ( 0.2199999985099999888, 0.3200000000000000067, -2.899999998509999788 ) ) ;
#8720 = CIRCLE ( 'NONE', #4840, 1.590000000000000080 ) ;
#8721 =( NAMED_UNIT ( * ) SI_UNIT ( $, .STERADIAN. ) SOLID_ANGLE_UNIT ( ) );
#8722 =( LENGTH_UNIT ( ) NAMED_UNIT ( * ) SI_UNIT ( .MILLI., .METRE. ) );
#8723 = ORIENTED_EDGE ( 'NONE', *, *, #1843, .T. ) ;
#8724 = SURFACE_STYLE_FILL_AREA ( #3665 ) ;
#8725 = ORIENTED_EDGE ( 'NONE', *, *, #949, .F. ) ;
#8726 = STYLED_ITEM ( 'NONE', ( #8190 ), #10835 ) ;
#8727 = ORIENTED_EDGE ( 'NONE', *, *, #9866, .T. ) ;
#8728 = PRESENTATION_LAYER_ASSIGNMENT (  '', '', ( #10770 ) ) ;
#8729 = LINE ( 'NONE', #2659, #4608 ) ;
#8730 = ORIENTED_EDGE ( 'NONE', *, *, #11615, .T. ) ;
#8731 = LINE ( 'NONE', #11477, #1932 ) ;
#8732 = DIRECTION ( 'NONE',  ( 0.7071067811865474617, 0.0000000000000000000, -0.7071067811865474617 ) ) ;
#8733 = PRESENTATION_STYLE_ASSIGNMENT (( #3917 ) ) ;
#8734 = EDGE_CURVE ( 'NONE', #1347, #10843, #7587, .T. ) ;
#8735 = CARTESIAN_POINT ( 'NONE',  ( 13.96999980926512386, 1.519999999999999796, 0.3250000119208747429 ) ) ;
#8736 = FILL_AREA_STYLE ('',( #3795 ) ) ;
#8737 = CARTESIAN_POINT ( 'NONE',  ( 10.03999985039200027, -0.3200000000000000067, -3.000000000000000000 ) ) ;
#8738 =( GEOMETRIC_REPRESENTATION_CONTEXT ( 3 ) GLOBAL_UNCERTAINTY_ASSIGNED_CONTEXT ( ( #7592 ) ) GLOBAL_UNIT_ASSIGNED_CONTEXT ( ( #5557, #5796, #12587 ) ) REPRESENTATION_CONTEXT ( 'NONE', 'WORKASPACE' ) );
#8739 = LINE ( 'NONE', #10590, #8521 ) ;
#8740 = STYLED_ITEM ( 'NONE', ( #7839 ), #8593 ) ;
#8741 = FILL_AREA_STYLE_COLOUR ( '', #5005 ) ;
#8742 =( LENGTH_UNIT ( ) NAMED_UNIT ( * ) SI_UNIT ( .MILLI., .METRE. ) );
#8743 =( NAMED_UNIT ( * ) SI_UNIT ( $, .STERADIAN. ) SOLID_ANGLE_UNIT ( ) );
#8744 = ORIENTED_EDGE ( 'NONE', *, *, #3406, .T. ) ;
#8745 = VECTOR ( 'NONE', #6685, 1000.000000000000000 ) ;
#8746 = EDGE_LOOP ( 'NONE', ( #8091, #12474, #2181, #9463 ) ) ;
#8747 = CARTESIAN_POINT ( 'NONE',  ( 17.45999973297099928, 3.809999961852999384, 0.9499999999999999556 ) ) ;
#8748 = ORIENTED_EDGE ( 'NONE', *, *, #8128, .T. ) ;
#8749 =( NAMED_UNIT ( * ) PLANE_ANGLE_UNIT ( ) SI_UNIT ( $, .RADIAN. ) );
#8750 = DIRECTION ( 'NONE',  ( 0.7071067811865474617, -0.0000000000000000000, 0.7071067811865474617 ) ) ;
#8751 = DIRECTION ( 'NONE',  ( 0.0000000000000000000, -0.7071067811865475727, -0.7071067811865475727 ) ) ;
#8752 =( GEOMETRIC_REPRESENTATION_CONTEXT ( 3 ) GLOBAL_UNCERTAINTY_ASSIGNED_CONTEXT ( ( #468 ) ) GLOBAL_UNIT_ASSIGNED_CONTEXT ( ( #795, #12463, #10571 ) ) REPRESENTATION_CONTEXT ( 'NONE', 'WORKASPACE' ) );
#8753 = STYLED_ITEM ( 'NONE', ( #10963 ), #656 ) ;
#8754 = UNCERTAINTY_MEASURE_WITH_UNIT (LENGTH_MEASURE( 1.000000000000000082E-05 ), #1056, 'distance_accuracy_value', 'NONE');
#8755 = SURFACE_STYLE_FILL_AREA ( #8879 ) ;
#8756 = ORIENTED_EDGE ( 'NONE', *, *, #298, .T. ) ;
#8757 =( NAMED_UNIT ( * ) PLANE_ANGLE_UNIT ( ) SI_UNIT ( $, .RADIAN. ) );
#8758 = PLANE ( 'NONE',  #11482 ) ;
#8759 = UNCERTAINTY_MEASURE_WITH_UNIT (LENGTH_MEASURE( 1.000000000000000082E-05 ), #8217, 'distance_accuracy_value', 'NONE');
#8760 = ORIENTED_EDGE ( 'NONE', *, *, #11096, .F. ) ;
#8761 =( NAMED_UNIT ( * ) PLANE_ANGLE_UNIT ( ) SI_UNIT ( $, .RADIAN. ) );
#8762 = ADVANCED_FACE ( 'NONE', ( #8318 ), #3447, .T. ) ;
#8763 = SURFACE_STYLE_USAGE ( .BOTH. , #11507 ) ;
#8764 = SURFACE_STYLE_USAGE ( .BOTH. , #7721 ) ;
#8765 = CARTESIAN_POINT ( 'NONE',  ( 3.809999961853499872, 1.520000000000000018, 0.3250000119204999871 ) ) ;
#8766 = MECHANICAL_DESIGN_GEOMETRIC_PRESENTATION_REPRESENTATION (  '', ( #11616 ), #2037 ) ;
#8767 =( NAMED_UNIT ( * ) SI_UNIT ( $, .STERADIAN. ) SOLID_ANGLE_UNIT ( ) );
#8768 = DIRECTION ( 'NONE',  ( 0.7071067811865474617, 0.0000000000000000000, -0.7071067811865474617 ) ) ;
#8769 = FILL_AREA_STYLE_COLOUR ( '', #1357 ) ;
#8770 = EDGE_CURVE ( 'NONE', #31, #743, #6885, .T. ) ;
#8771 = VERTEX_POINT ( 'NONE', #9645 ) ;
#8772 = ORIENTED_EDGE ( 'NONE', *, *, #11634, .T. ) ;
#8773 = DIRECTION ( 'NONE',  ( 0.0000000000000000000, 0.0000000000000000000, 1.000000000000000000 ) ) ;
#8774 = STYLED_ITEM ( 'NONE', ( #9735 ), #2305 ) ;
#8775 =( NAMED_UNIT ( * ) SI_UNIT ( $, .STERADIAN. ) SOLID_ANGLE_UNIT ( ) );
#8776 =( NAMED_UNIT ( * ) PLANE_ANGLE_UNIT ( ) SI_UNIT ( $, .RADIAN. ) );
#8777 = DIRECTION ( 'NONE',  ( -0.0000000000000000000, 1.000000000000000000, 1.332267629549999902E-15 ) ) ;
#8778 = MECHANICAL_DESIGN_GEOMETRIC_PRESENTATION_REPRESENTATION (  '', ( #9201 ), #3672 ) ;
#8779 =( NAMED_UNIT ( * ) PLANE_ANGLE_UNIT ( ) SI_UNIT ( $, .RADIAN. ) );
#8780 = CARTESIAN_POINT ( 'NONE',  ( 11.27999984145200330, 3.809999961853000716, 2.364999994040001940 ) ) ;
#8781 = ORIENTED_EDGE ( 'NONE', *, *, #5169, .F. ) ;
#8782 = STYLED_ITEM ( 'NONE', ( #8561 ), #2777 ) ;
#8783 = EDGE_LOOP ( 'NONE', ( #4920, #575, #3443, #7282 ) ) ;
#8784 =( NAMED_UNIT ( * ) SI_UNIT ( $, .STERADIAN. ) SOLID_ANGLE_UNIT ( ) );
#8785 = ORIENTED_EDGE ( 'NONE', *, *, #10161, .F. ) ;
#8786 = VECTOR ( 'NONE', #7027, 1000.000000000000000 ) ;
#8787 = DIRECTION ( 'NONE',  ( -1.000000000000000000, -0.0000000000000000000, -0.0000000000000000000 ) ) ;
#8788 = FILL_AREA_STYLE ('',( #11656 ) ) ;
#8789 = SURFACE_STYLE_FILL_AREA ( #7049 ) ;
#8790 = SURFACE_STYLE_USAGE ( .BOTH. , #2974 ) ;
#8791 = ADVANCED_FACE ( 'NONE', ( #11561 ), #1016, .T. ) ;
#8792 = DIRECTION ( 'NONE',  ( -0.7071067811865475727, -0.7071067811865475727, 0.0000000000000000000 ) ) ;
#8793 = DIRECTION ( 'NONE',  ( -0.0000000000000000000, -0.0000000000000000000, -1.000000000000000000 ) ) ;
#8794 = DIRECTION ( 'NONE',  ( 0.0000000000000000000, 0.0000000000000000000, 1.000000000000000000 ) ) ;
#8795 = DIRECTION ( 'NONE',  ( 0.0000000000000000000, 0.0000000000000000000, -1.000000000000000000 ) ) ;
#8796 = SURFACE_STYLE_FILL_AREA ( #945 ) ;
#8797 = ORIENTED_EDGE ( 'NONE', *, *, #11082, .F. ) ;
#8798 = LINE ( 'NONE', #10844, #6786 ) ;
#8799 = STYLED_ITEM ( 'NONE', ( #9762 ), #3100 ) ;
#8800 = EDGE_LOOP ( 'NONE', ( #9965, #2988, #8009, #12072 ) ) ;
#8801 = FILL_AREA_STYLE ('',( #11491 ) ) ;
#8802 = EDGE_LOOP ( 'NONE', ( #9010, #7589, #6027, #7718 ) ) ;
#8803 = DIRECTION ( 'NONE',  ( 0.0000000000000000000, 0.0000000000000000000, 1.000000000000000000 ) ) ;
#8804 = VERTEX_POINT ( 'NONE', #6641 ) ;
#8805 = CARTESIAN_POINT ( 'NONE',  ( 19.04999973297105953, 1.820000011921000693, 0.3250000119209374705 ) ) ;
#8806 = ADVANCED_FACE ( 'NONE', ( #5780 ), #10608, .F. ) ;
#8807 = PRESENTATION_LAYER_ASSIGNMENT (  '', '', ( #2274 ) ) ;
#8808 = VECTOR ( 'NONE', #2586, 1000.000000000000000 ) ;
#8809 = EDGE_CURVE ( 'NONE', #588, #1967, #1213, .T. ) ;
#8810 = CARTESIAN_POINT ( 'NONE',  ( 1.419999967812999975, 1.520000000000000018, 0.1750000059600000102 ) ) ;
#8811 = FACE_OUTER_BOUND ( 'NONE', #6675, .T. ) ;
#8812 = ORIENTED_EDGE ( 'NONE', *, *, #7143, .T. ) ;
#8813 = EDGE_CURVE ( 'NONE', #11783, #2515, #2228, .T. ) ;
#8814 =( LENGTH_UNIT ( ) NAMED_UNIT ( * ) SI_UNIT ( .MILLI., .METRE. ) );
#8815 =( GEOMETRIC_REPRESENTATION_CONTEXT ( 3 ) GLOBAL_UNCERTAINTY_ASSIGNED_CONTEXT ( ( #8107 ) ) GLOBAL_UNIT_ASSIGNED_CONTEXT ( ( #6708, #9541, #1978 ) ) REPRESENTATION_CONTEXT ( 'NONE', 'WORKASPACE' ) );
#8816 = SURFACE_SIDE_STYLE ('',( #1853 ) ) ;
#8817 = ORIENTED_EDGE ( 'NONE', *, *, #7221, .T. ) ;
#8818 = PRESENTATION_STYLE_ASSIGNMENT (( #81 ) ) ;
#8819 = STYLED_ITEM ( 'NONE', ( #9689 ), #3716 ) ;
#8820 = SURFACE_STYLE_FILL_AREA ( #7966 ) ;
#8821 = ADVANCED_FACE ( 'NONE', ( #9974 ), #11871, .F. ) ;
#8822 = SURFACE_STYLE_FILL_AREA ( #6487 ) ;
#8823 = DIRECTION ( 'NONE',  ( 0.0000000000000000000, -0.0000000000000000000, 1.000000000000000000 ) ) ;
#8824 = DIRECTION ( 'NONE',  ( 0.0000000000000000000, 0.0000000000000000000, -1.000000000000000000 ) ) ;
#8825 = ADVANCED_FACE ( 'NONE', ( #4129 ), #5157, .F. ) ;
#8826 = AXIS2_PLACEMENT_3D ( 'NONE', #4384, #11374, #2437 ) ;
#8827 = SURFACE_STYLE_FILL_AREA ( #2886 ) ;
#8828 = CARTESIAN_POINT ( 'NONE',  ( 11.42999980926500037, 1.520000000000000018, 0.3250000119209999205 ) ) ;
#8829 = DIRECTION ( 'NONE',  ( 1.000000000000000000, 0.0000000000000000000, 0.0000000000000000000 ) ) ;
#8830 =( NAMED_UNIT ( * ) PLANE_ANGLE_UNIT ( ) SI_UNIT ( $, .RADIAN. ) );
#8831 = EDGE_CURVE ( 'NONE', #5552, #3808, #9072, .T. ) ;
#8832 = CARTESIAN_POINT ( 'NONE',  ( 4.759999923706000224, 3.809999961852999828, 1.590000000000000080 ) ) ;
#8833 = VERTEX_POINT ( 'NONE', #452 ) ;
#8834 = SURFACE_STYLE_FILL_AREA ( #4026 ) ;
#8835 = ADVANCED_FACE ( 'NONE', ( #6373 ), #12241, .T. ) ;
#8836 = STYLED_ITEM ( 'NONE', ( #258 ), #6721 ) ;
#8837 = DIRECTION ( 'NONE',  ( 0.0000000000000000000, 0.7071067811865474617, -0.7071067811865474617 ) ) ;
#8838 = SURFACE_SIDE_STYLE ('',( #2001 ) ) ;
#8839 = LINE ( 'NONE', #8914, #3097 ) ;
#8840 = CARTESIAN_POINT ( 'NONE',  ( 9.839999847412000733, 1.270000000000000018, 1.589999999999999858 ) ) ;
#8841 = EDGE_CURVE ( 'NONE', #8324, #4609, #1521, .T. ) ;
#8842 = FILL_AREA_STYLE_COLOUR ( '', #7851 ) ;
#8843 = FILL_AREA_STYLE_COLOUR ( '', #5659 ) ;
#8844 = CARTESIAN_POINT ( 'NONE',  ( 7.299999885559000035, 1.820000011921000249, 1.590000000000000080 ) ) ;
#8845 = ORIENTED_EDGE ( 'NONE', *, *, #4211, .F. ) ;
#8846 = UNCERTAINTY_MEASURE_WITH_UNIT (LENGTH_MEASURE( 1.000000000000000082E-05 ), #2978, 'distance_accuracy_value', 'NONE');
#8847 =( NAMED_UNIT ( * ) SI_UNIT ( $, .STERADIAN. ) SOLID_ANGLE_UNIT ( ) );
#8848 = MECHANICAL_DESIGN_GEOMETRIC_PRESENTATION_REPRESENTATION (  '', ( #12298 ), #4952 ) ;
#8849 = SHAPE_REPRESENTATION ( 'PinArray', ( #5828 ), #1165 ) ;
#8850 = ORIENTED_EDGE ( 'NONE', *, *, #1615, .T. ) ;
#8851 = VERTEX_POINT ( 'NONE', #683 ) ;
#8852 = VERTEX_POINT ( 'NONE', #9457 ) ;
#8853 = DIRECTION ( 'NONE',  ( 0.0000000000000000000, -0.0000000000000000000, 1.000000000000000000 ) ) ;
#8854 = CARTESIAN_POINT ( 'NONE',  ( 13.01999980926500200, 3.809999961852999828, 1.590000000000000080 ) ) ;
#8855 = LINE ( 'NONE', #4937, #7103 ) ;
#8856 = DIRECTION ( 'NONE',  ( 1.000000000000000000, -0.0000000000000000000, 0.0000000000000000000 ) ) ;
#8857 = FILL_AREA_STYLE ('',( #5078 ) ) ;
#8858 = PRESENTATION_STYLE_ASSIGNMENT (( #4940 ) ) ;
#8859 = EDGE_CURVE ( 'NONE', #673, #2148, #12106, .T. ) ;
#8860 = FILL_AREA_STYLE ('',( #3107 ) ) ;
#8861 = SURFACE_STYLE_FILL_AREA ( #7937 ) ;
#8862 = DIRECTION ( 'NONE',  ( 0.7071067811865475727, 9.432969924854965098E-16, -0.7071067811865475727 ) ) ;
#8863 = LINE ( 'NONE', #122, #2936 ) ;
#8864 = EDGE_LOOP ( 'NONE', ( #7309, #4709, #1209, #11828 ) ) ;
#8865 = ORIENTED_EDGE ( 'NONE', *, *, #5079, .F. ) ;
#8866 = DIRECTION ( 'NONE',  ( -0.5773502691896253980, -0.5773502691896253980, -0.5773502691896266192 ) ) ;
#8867 = ORIENTED_EDGE ( 'NONE', *, *, #11290, .F. ) ;
#8868 =( GEOMETRIC_REPRESENTATION_CONTEXT ( 3 ) GLOBAL_UNCERTAINTY_ASSIGNED_CONTEXT ( ( #11048 ) ) GLOBAL_UNIT_ASSIGNED_CONTEXT ( ( #5170, #6256, #532 ) ) REPRESENTATION_CONTEXT ( 'NONE', 'WORKASPACE' ) );
#8869 = LINE ( 'NONE', #12042, #4157 ) ;
#8870 = ORIENTED_EDGE ( 'NONE', *, *, #1034, .F. ) ;
#8871 = DIRECTION ( 'NONE',  ( 0.0000000000000000000, -0.7071067811865475727, -0.7071067811865475727 ) ) ;
#8872 = VECTOR ( 'NONE', #12427, 1000.000000000000000 ) ;
#8873 = CARTESIAN_POINT ( 'NONE',  ( 7.739999882579000179, 9.810000000000000497, 0.9499999999999999556 ) ) ;
#8874 = EDGE_CURVE ( 'NONE', #3824, #1352, #5394, .T. ) ;
#8875 = ADVANCED_FACE ( 'NONE', ( #7438 ), #2430, .F. ) ;
#8876 = FILL_AREA_STYLE_COLOUR ( '', #6831 ) ;
#8877 = VECTOR ( 'NONE', #9520, 1000.000000000000000 ) ;
#8878 = AXIS2_PLACEMENT_3D ( 'NONE', #2992, #769, #4646 ) ;
#8879 = FILL_AREA_STYLE ('',( #2926 ) ) ;
#8880 = VERTEX_POINT ( 'NONE', #3493 ) ;
#8881 = STYLED_ITEM ( 'NONE', ( #10635 ), #9893 ) ;
#8882 = STYLED_ITEM ( 'NONE', ( #8418 ), #11228 ) ;
#8883 = DIRECTION ( 'NONE',  ( -0.5773502691896246208, 0.5773502691896257311, 0.5773502691896269523 ) ) ;
#8884 = VECTOR ( 'NONE', #12266, 1000.000000000000000 ) ;
#8885 = UNCERTAINTY_MEASURE_WITH_UNIT (LENGTH_MEASURE( 1.000000000000000082E-05 ), #11208, 'distance_accuracy_value', 'NONE');
#8886 = PRESENTATION_STYLE_ASSIGNMENT (( #10041 ) ) ;
#8887 = ORIENTED_EDGE ( 'NONE', *, *, #4652, .F. ) ;
#8888 = DIRECTION ( 'NONE',  ( 0.0000000000000000000, -0.7071067811865474617, -0.7071067811865474617 ) ) ;
#8889 = PRESENTATION_STYLE_ASSIGNMENT (( #9983 ) ) ;
#8890 =( NAMED_UNIT ( * ) PLANE_ANGLE_UNIT ( ) SI_UNIT ( $, .RADIAN. ) );
#8891 = VECTOR ( 'NONE', #8142, 1000.000000000000000 ) ;
#8892 = PRESENTATION_LAYER_ASSIGNMENT (  '', '', ( #1326 ) ) ;
#8893 = EDGE_CURVE ( 'NONE', #5787, #11092, #2537, .T. ) ;
#8894 = CARTESIAN_POINT ( 'NONE',  ( 7.299999885559000035, 1.270000000000000018, 0.9499999999999999556 ) ) ;
#8895 = CARTESIAN_POINT ( 'NONE',  ( 10.47999984741199953, 1.820000011921000249, 1.589999999999996749 ) ) ;
#8896 =( GEOMETRIC_REPRESENTATION_CONTEXT ( 3 ) GLOBAL_UNCERTAINTY_ASSIGNED_CONTEXT ( ( #11682 ) ) GLOBAL_UNIT_ASSIGNED_CONTEXT ( ( #918, #7731, #10500 ) ) REPRESENTATION_CONTEXT ( 'NONE', 'WORKASPACE' ) );
#8897 = MECHANICAL_DESIGN_GEOMETRIC_PRESENTATION_REPRESENTATION (  '', ( #7231 ), #1748 ) ;
#8898 = COLOUR_RGB ( '',0.09411764705882352811, 0.09411764705882352811, 0.09411764705882352811 ) ;
#8899 = DIRECTION ( 'NONE',  ( 0.0000000000000000000, 1.609823385705999920E-15, -1.000000000000000000 ) ) ;
#8900 = CARTESIAN_POINT ( 'NONE',  ( 7.399999887048999803, 9.709999998510001618, 1.590000000000000080 ) ) ;
#8901 = PLANE ( 'NONE',  #6369 ) ;
#8902 = PRODUCT_DEFINITION_FORMATION_WITH_SPECIFIED_SOURCE ( 'ANY', '', #4983, .NOT_KNOWN. ) ;
#8903 = VECTOR ( 'NONE', #5749, 1000.000000000000000 ) ;
#8904 = MECHANICAL_DESIGN_GEOMETRIC_PRESENTATION_REPRESENTATION (  '', ( #133 ), #10935 ) ;
#8905 =( NAMED_UNIT ( * ) PLANE_ANGLE_UNIT ( ) SI_UNIT ( $, .RADIAN. ) );
#8906 = PRESENTATION_LAYER_ASSIGNMENT (  '', '', ( #9103 ) ) ;
#8907 = ORIENTED_EDGE ( 'NONE', *, *, #3648, .F. ) ;
#8908 = VERTEX_POINT ( 'NONE', #632 ) ;
#8909 = VECTOR ( 'NONE', #10081, 1000.000000000000114 ) ;
#8910 = PRESENTATION_LAYER_ASSIGNMENT (  '', '', ( #7050 ) ) ;
#8911 = AXIS2_PLACEMENT_3D ( 'NONE', #6681, #8653, #7560 ) ;
#8912 = LINE ( 'NONE', #7854, #11031 ) ;
#8913 = LINE ( 'NONE', #856, #799 ) ;
#8914 = CARTESIAN_POINT ( 'NONE',  ( 11.12999983549100058, 1.520000000000000018, 2.515000000000000124 ) ) ;
#8915 = CARTESIAN_POINT ( 'NONE',  ( 17.45999973297099928, 1.820000011921000249, 1.590000000000000080 ) ) ;
#8916 = VECTOR ( 'NONE', #4367, 1000.000000000000000 ) ;
#8917 = MECHANICAL_DESIGN_GEOMETRIC_PRESENTATION_REPRESENTATION (  '', ( #9534 ), #10942 ) ;
#8918 = VECTOR ( 'NONE', #6663, 1000.000000000000000 ) ;
#8919 = STYLED_ITEM ( 'NONE', ( #5458 ), #7495 ) ;
#8920 =( LENGTH_UNIT ( ) NAMED_UNIT ( * ) SI_UNIT ( .MILLI., .METRE. ) );
#8921 =( NAMED_UNIT ( * ) PLANE_ANGLE_UNIT ( ) SI_UNIT ( $, .RADIAN. ) );
#8922 = DIRECTION ( 'NONE',  ( -0.5773502691896258421, 0.5773502691896257311, -0.5773502691896257311 ) ) ;
#8923 = ORIENTED_EDGE ( 'NONE', *, *, #1136, .T. ) ;
#8924 = VECTOR ( 'NONE', #6949, 1000.000000000000000 ) ;
#8925 = ORIENTED_EDGE ( 'NONE', *, *, #9740, .F. ) ;
#8926 = STYLED_ITEM ( 'NONE', ( #4846 ), #244 ) ;
#8927 = EDGE_LOOP ( 'NONE', ( #10338, #12500, #5518, #10231 ) ) ;
#8928 = VECTOR ( 'NONE', #8477, 1000.000000000000000 ) ;
#8929 =( NAMED_UNIT ( * ) SI_UNIT ( $, .STERADIAN. ) SOLID_ANGLE_UNIT ( ) );
#8930 = DIRECTION ( 'NONE',  ( -0.0000000000000000000, -1.000000000000000000, -1.609823385705999920E-15 ) ) ;
#8931 =( GEOMETRIC_REPRESENTATION_CONTEXT ( 3 ) GLOBAL_UNCERTAINTY_ASSIGNED_CONTEXT ( ( #4414 ) ) GLOBAL_UNIT_ASSIGNED_CONTEXT ( ( #10239, #8181, #6326 ) ) REPRESENTATION_CONTEXT ( 'NONE', 'WORKASPACE' ) );
#8932 = COLOUR_RGB ( '',1.000000000000000000, 1.000000000000000000, 0.4980392156862745168 ) ;
#8933 = EDGE_CURVE ( 'NONE', #10991, #704, #12345, .T. ) ;
#8934 = PRESENTATION_STYLE_ASSIGNMENT (( #10966 ) ) ;
#8935 =( LENGTH_UNIT ( ) NAMED_UNIT ( * ) SI_UNIT ( .MILLI., .METRE. ) );
#8936 = CARTESIAN_POINT ( 'NONE',  ( 16.50999973297099999, 1.820000011921000027, 2.214999988079000115 ) ) ;
#8937 = VECTOR ( 'NONE', #11408, 1000.000000000000000 ) ;
#8938 = PRESENTATION_LAYER_ASSIGNMENT (  '', '', ( #8099 ) ) ;
#8939 = ORIENTED_EDGE ( 'NONE', *, *, #2320, .T. ) ;
#8940 = AXIS2_PLACEMENT_3D ( 'NONE', #420, #12080, #11073 ) ;
#8941 =( NAMED_UNIT ( * ) SI_UNIT ( $, .STERADIAN. ) SOLID_ANGLE_UNIT ( ) );
#8942 = ORIENTED_EDGE ( 'NONE', *, *, #9778, .F. ) ;
#8943 = EDGE_CURVE ( 'NONE', #8436, #555, #2981, .T. ) ;
#8944 = CARTESIAN_POINT ( 'NONE',  ( 9.839999847412000733, -0.3199999999999999512, -4.878909776184769953E-16 ) ) ;
#8945 = ORIENTED_EDGE ( 'NONE', *, *, #2937, .T. ) ;
#8946 = DIRECTION ( 'NONE',  ( 0.0000000000000000000, 0.7071067811865475727, -0.7071067811865475727 ) ) ;
#8947 = ORIENTED_EDGE ( 'NONE', *, *, #10509, .T. ) ;
#8948 = DIRECTION ( 'NONE',  ( 0.0000000000000000000, 1.000000000000000000, 1.609823385705999920E-15 ) ) ;
#8949 = FILL_AREA_STYLE_COLOUR ( '', #9119 ) ;
#8950 = SURFACE_STYLE_USAGE ( .BOTH. , #7130 ) ;
#8951 = VECTOR ( 'NONE', #10565, 1000.000000000000000 ) ;
#8952 = AXIS2_PLACEMENT_3D ( 'NONE', #11626, #3701, #8693 ) ;
#8953 = CARTESIAN_POINT ( 'NONE',  ( 11.42999980926500037, 3.809999961852999828, 0.02500000000000000139 ) ) ;
#8954 = ORIENTED_EDGE ( 'NONE', *, *, #2521, .F. ) ;
#8955 =( LENGTH_UNIT ( ) NAMED_UNIT ( * ) SI_UNIT ( .MILLI., .METRE. ) );
#8956 = CARTESIAN_POINT ( 'NONE',  ( 2.219999961852999970, 9.609999997019999185, 0.9499999999999999556 ) ) ;
#8957 = ORIENTED_EDGE ( 'NONE', *, *, #9594, .T. ) ;
#8958 = LINE ( 'NONE', #7963, #2796 ) ;
#8959 = FILL_AREA_STYLE_COLOUR ( '', #1723 ) ;
#8960 = CARTESIAN_POINT ( 'NONE',  ( 14.91999977111800035, 3.809999961852999384, 0.9499999999999999556 ) ) ;
#8961 = PRESENTATION_LAYER_ASSIGNMENT (  '', '', ( #10193 ) ) ;
#8962 = AXIS2_PLACEMENT_3D ( 'NONE', #1628, #9433, #10257 ) ;
#8963 = DIRECTION ( 'NONE',  ( 0.0000000000000000000, 1.000000000000000000, 0.0000000000000000000 ) ) ;
#8964 = DIRECTION ( 'NONE',  ( -0.0000000000000000000, 0.0000000000000000000, -1.000000000000000000 ) ) ;
#8965 = LINE ( 'NONE', #465, #5454 ) ;
#8966 = DIRECTION ( 'NONE',  ( -1.000000000000000000, -0.0000000000000000000, -0.0000000000000000000 ) ) ;
#8967 = ADVANCED_FACE ( 'NONE', ( #6868 ), #4, .T. ) ;
#8968 = AXIS2_PLACEMENT_3D ( 'NONE', #173, #10819, #4982 ) ;
#8969 = ORIENTED_EDGE ( 'NONE', *, *, #8434, .T. ) ;
#8970 = ORIENTED_EDGE ( 'NONE', *, *, #3134, .T. ) ;
#8971 =( LENGTH_UNIT ( ) NAMED_UNIT ( * ) SI_UNIT ( .MILLI., .METRE. ) );
#8972 = CARTESIAN_POINT ( 'NONE',  ( 18.09999973297100340, 0.3200000000000000067, -2.799999997020000020 ) ) ;
#8973 = SURFACE_STYLE_FILL_AREA ( #5937 ) ;
#8974 = PLANE ( 'NONE',  #6053 ) ;
#8975 = CIRCLE ( 'NONE', #3452, 0.9499999999999999556 ) ;
#8976 = PRESENTATION_STYLE_ASSIGNMENT (( #4032 ) ) ;
#8977 =( NAMED_UNIT ( * ) SI_UNIT ( $, .STERADIAN. ) SOLID_ANGLE_UNIT ( ) );
#8978 = DIRECTION ( 'NONE',  ( -0.0000000000000000000, 1.000000000000000000, 1.510616709811000052E-15 ) ) ;
#8979 = FILL_AREA_STYLE ('',( #4222 ) ) ;
#8980 = CARTESIAN_POINT ( 'NONE',  ( 7.299999885559000035, 0.3200000000000002287, -2.799999997019999576 ) ) ;
#8981 = UNCERTAINTY_MEASURE_WITH_UNIT (LENGTH_MEASURE( 1.000000000000000082E-05 ), #3504, 'distance_accuracy_value', 'NONE');
#8982 = LINE ( 'NONE', #9111, #7625 ) ;
#8983 = ORIENTED_EDGE ( 'NONE', *, *, #9610, .T. ) ;
#8984 =( GEOMETRIC_REPRESENTATION_CONTEXT ( 3 ) GLOBAL_UNCERTAINTY_ASSIGNED_CONTEXT ( ( #1602 ) ) GLOBAL_UNIT_ASSIGNED_CONTEXT ( ( #1201, #2918, #3112 ) ) REPRESENTATION_CONTEXT ( 'NONE', 'WORKASPACE' ) );
#8985 = ORIENTED_EDGE ( 'NONE', *, *, #434, .F. ) ;
#8986 = LINE ( 'NONE', #47, #11767 ) ;
#8987 = ORIENTED_EDGE ( 'NONE', *, *, #739, .T. ) ;
#8988 = PLANE ( 'NONE',  #9707 ) ;
#8989 = LINE ( 'NONE', #11904, #254 ) ;
#8990 = FACE_BOUND ( 'NONE', #352, .T. ) ;
#8991 = DIRECTION ( 'NONE',  ( -0.7071067811865474617, 0.0000000000000000000, 0.7071067811865474617 ) ) ;
#8992 = MECHANICAL_DESIGN_GEOMETRIC_PRESENTATION_REPRESENTATION (  '', ( #3061 ), #7134 ) ;
#8993 = UNCERTAINTY_MEASURE_WITH_UNIT (LENGTH_MEASURE( 1.000000000000000082E-05 ), #10899, 'distance_accuracy_value', 'NONE');
#8994 =( NAMED_UNIT ( * ) PLANE_ANGLE_UNIT ( ) SI_UNIT ( $, .RADIAN. ) );
#8995 = SURFACE_STYLE_USAGE ( .BOTH. , #3236 ) ;
#8996 = EDGE_CURVE ( 'NONE', #5188, #12324, #10709, .T. ) ;
#8997 = MECHANICAL_DESIGN_GEOMETRIC_PRESENTATION_REPRESENTATION (  '', ( #1445 ), #6333 ) ;
#8998 =( NAMED_UNIT ( * ) PLANE_ANGLE_UNIT ( ) SI_UNIT ( $, .RADIAN. ) );
#8999 = CARTESIAN_POINT ( 'NONE',  ( 7.939999885558998827, 9.709999998510001618, 1.489999998510000090 ) ) ;
#9000 = FACE_OUTER_BOUND ( 'NONE', #3187, .T. ) ;
#9001 = ORIENTED_EDGE ( 'NONE', *, *, #942, .T. ) ;
#9002 = FACE_OUTER_BOUND ( 'NONE', #6712, .T. ) ;
#9003 = EDGE_CURVE ( 'NONE', #4944, #6844, #2916, .T. ) ;
#9004 = VECTOR ( 'NONE', #9615, 1000.000000000000000 ) ;
#9005 = ORIENTED_EDGE ( 'NONE', *, *, #12140, .F. ) ;
#9006 = FILL_AREA_STYLE ('',( #5088 ) ) ;
#9007 = ORIENTED_EDGE ( 'NONE', *, *, #1099, .T. ) ;
#9008 = ADVANCED_FACE ( 'NONE', ( #11722 ), #10781, .T. ) ;
#9009 = VECTOR ( 'NONE', #4715, 1000.000000000000000 ) ;
#9010 = ORIENTED_EDGE ( 'NONE', *, *, #8408, .T. ) ;
#9011 = CARTESIAN_POINT ( 'NONE',  ( 11.42999984741225106, 3.809999961852999384, 2.214999988079251025 ) ) ;
#9012 = AXIS2_PLACEMENT_3D ( 'NONE', #888, #4766, #958 ) ;
#9013 = EDGE_CURVE ( 'NONE', #6739, #7306, #5706, .T. ) ;
#9014 =( GEOMETRIC_REPRESENTATION_CONTEXT ( 3 ) GLOBAL_UNCERTAINTY_ASSIGNED_CONTEXT ( ( #7819 ) ) GLOBAL_UNIT_ASSIGNED_CONTEXT ( ( #6086, #114, #11905 ) ) REPRESENTATION_CONTEXT ( 'NONE', 'WORKASPACE' ) );
#9015 = STYLED_ITEM ( 'NONE', ( #3919 ), #3072 ) ;
#9016 = LINE ( 'NONE', #967, #10605 ) ;
#9017 = ORIENTED_EDGE ( 'NONE', *, *, #2875, .T. ) ;
#9018 =( NAMED_UNIT ( * ) PLANE_ANGLE_UNIT ( ) SI_UNIT ( $, .RADIAN. ) );
#9019 = UNCERTAINTY_MEASURE_WITH_UNIT (LENGTH_MEASURE( 1.000000000000000082E-05 ), #12592, 'distance_accuracy_value', 'NONE');
#9020 = UNCERTAINTY_MEASURE_WITH_UNIT (LENGTH_MEASURE( 1.000000000000000082E-05 ), #9454, 'distance_accuracy_value', 'NONE');
#9021 = CARTESIAN_POINT ( 'NONE',  ( 6.049999911785000073, 1.520000000000000018, 2.515000000000000124 ) ) ;
#9022 = EDGE_LOOP ( 'NONE', ( #7888, #5070, #10922, #7410 ) ) ;
#9023 = DIRECTION ( 'NONE',  ( 0.0000000000000000000, 1.000000000000000000, 0.0000000000000000000 ) ) ;
#9024 = CARTESIAN_POINT ( 'NONE',  ( 8.889999847411999667, 1.820000011921000027, 2.214999988079000115 ) ) ;
#9025 = FILL_AREA_STYLE_COLOUR ( '', #10726 ) ;
#9026 = SURFACE_STYLE_FILL_AREA ( #1415 ) ;
#9027 = STYLED_ITEM ( 'NONE', ( #6152 ), #3133 ) ;
#9028 = PRESENTATION_STYLE_ASSIGNMENT (( #5049 ) ) ;
#9029 = UNCERTAINTY_MEASURE_WITH_UNIT (LENGTH_MEASURE( 1.000000000000000082E-05 ), #2041, 'distance_accuracy_value', 'NONE');
#9030 = FACE_OUTER_BOUND ( 'NONE', #7865, .T. ) ;
#9031 = SURFACE_STYLE_FILL_AREA ( #4918 ) ;
#9032 = VERTEX_POINT ( 'NONE', #10592 ) ;
#9033 = ORIENTED_EDGE ( 'NONE', *, *, #3739, .F. ) ;
#9034 = ADVANCED_FACE ( 'NONE', ( #11661 ), #3798, .F. ) ;
#9035 = PRESENTATION_LAYER_ASSIGNMENT (  '', '', ( #1882 ) ) ;
#9036 = CARTESIAN_POINT ( 'NONE',  ( 12.37999980926499966, 0.1199999970199998184, -3.000000000000000000 ) ) ;
#9037 = CIRCLE ( 'NONE', #5139, 0.9499999999999999556 ) ;
#9038 = CARTESIAN_POINT ( 'NONE',  ( 4.759999923706000224, -0.3199999999999999512, -4.878909776184769953E-16 ) ) ;
#9039 = MECHANICAL_DESIGN_GEOMETRIC_PRESENTATION_REPRESENTATION (  '', ( #7168 ), #7984 ) ;
#9040 = EDGE_CURVE ( 'NONE', #9066, #12416, #1253, .T. ) ;
#9041 = PLANE ( 'NONE',  #5179 ) ;
#9042 = UNCERTAINTY_MEASURE_WITH_UNIT (LENGTH_MEASURE( 1.000000000000000082E-05 ), #12475, 'distance_accuracy_value', 'NONE');
#9043 =( NAMED_UNIT ( * ) PLANE_ANGLE_UNIT ( ) SI_UNIT ( $, .RADIAN. ) );
#9044 = DIRECTION ( 'NONE',  ( -0.7071067811865475727, 0.0000000000000000000, -0.7071067811865475727 ) ) ;
#9045 = AXIS2_PLACEMENT_3D ( 'NONE', #1713, #1781, #10652 ) ;
#9046 = DIRECTION ( 'NONE',  ( 0.0000000000000000000, -1.510616709811000052E-15, 1.000000000000000000 ) ) ;
#9047 = ORIENTED_EDGE ( 'NONE', *, *, #3936, .T. ) ;
#9048 = DIRECTION ( 'NONE',  ( -1.000000000000000000, 0.0000000000000000000, 0.0000000000000000000 ) ) ;
#9049 = ORIENTED_EDGE ( 'NONE', *, *, #6924, .T. ) ;
#9050 =( LENGTH_UNIT ( ) NAMED_UNIT ( * ) SI_UNIT ( .MILLI., .METRE. ) );
#9051 = FACE_OUTER_BOUND ( 'NONE', #5866, .T. ) ;
#9052 = LINE ( 'NONE', #8266, #601 ) ;
#9053 = PLANE ( 'NONE',  #5719 ) ;
#9054 = DIRECTION ( 'NONE',  ( 1.000000000000000000, 0.0000000000000000000, 0.0000000000000000000 ) ) ;
#9055 = EDGE_CURVE ( 'NONE', #11610, #8654, #120, .T. ) ;
#9056 = SURFACE_STYLE_FILL_AREA ( #8860 ) ;
#9057 = AXIS2_PLACEMENT_3D ( 'NONE', #11028, #2273, #7179 ) ;
#9058 = FACE_OUTER_BOUND ( 'NONE', #8651, .T. ) ;
#9059 = DIRECTION ( 'NONE',  ( 0.0000000000000000000, -1.000000000000000000, -1.332267629549999902E-15 ) ) ;
#9060 =( NAMED_UNIT ( * ) PLANE_ANGLE_UNIT ( ) SI_UNIT ( $, .RADIAN. ) );
#9061 = VERTEX_POINT ( 'NONE', #10895 ) ;
#9062 = VERTEX_POINT ( 'NONE', #10841 ) ;
#9063 = CARTESIAN_POINT ( 'NONE',  ( 7.739999882579000179, 0.3200000000000000067, -3.000000000000000000 ) ) ;
#9064 = ORIENTED_EDGE ( 'NONE', *, *, #12002, .F. ) ;
#9065 = FILL_AREA_STYLE ('',( #1072 ) ) ;
#9066 = VERTEX_POINT ( 'NONE', #5140 ) ;
#9067 = SURFACE_SIDE_STYLE ('',( #3059 ) ) ;
#9068 = DIRECTION ( 'NONE',  ( -0.0000000000000000000, 1.000000000000000000, 0.0000000000000000000 ) ) ;
#9069 = CARTESIAN_POINT ( 'NONE',  ( 15.55999977111799915, 0.3200000000000000067, -3.000000000000000000 ) ) ;
#9070 = LINE ( 'NONE', #323, #664 ) ;
#9071 = EDGE_CURVE ( 'NONE', #3165, #403, #308, .T. ) ;
#9072 = LINE ( 'NONE', #324, #7834 ) ;
#9073 = CARTESIAN_POINT ( 'NONE',  ( 4.759999923706000224, -0.3200000000000000067, -2.799999997020000020 ) ) ;
#9074 = EDGE_CURVE ( 'NONE', #5126, #12470, #2775, .T. ) ;
#9075 = ADVANCED_FACE ( 'NONE', ( #9058 ), #9958, .T. ) ;
#9076 = ORIENTED_EDGE ( 'NONE', *, *, #3592, .F. ) ;
#9077 = SURFACE_STYLE_FILL_AREA ( #7190 ) ;
#9078 = DIRECTION ( 'NONE',  ( 0.0000000000000000000, -1.510616709811000052E-15, 1.000000000000000000 ) ) ;
#9079 = AXIS2_PLACEMENT_3D ( 'NONE', #11753, #11569, #12504 ) ;
#9080 = SURFACE_SIDE_STYLE ('',( #10861 ) ) ;
#9081 = EDGE_LOOP ( 'NONE', ( #4947, #4721, #988, #9162 ) ) ;
#9082 = FILL_AREA_STYLE_COLOUR ( '', #10356 ) ;
#9083 =( NAMED_UNIT ( * ) SI_UNIT ( $, .STERADIAN. ) SOLID_ANGLE_UNIT ( ) );
#9084 =( NAMED_UNIT ( * ) PLANE_ANGLE_UNIT ( ) SI_UNIT ( $, .RADIAN. ) );
#9085 = PRESENTATION_LAYER_ASSIGNMENT (  '', '', ( #8256 ) ) ;
#9086 = VECTOR ( 'NONE', #8110, 1000.000000000000000 ) ;
#9087 =( NAMED_UNIT ( * ) SI_UNIT ( $, .STERADIAN. ) SOLID_ANGLE_UNIT ( ) );
#9088 = AXIS2_PLACEMENT_3D ( 'NONE', #11225, #8406, #8347 ) ;
#9089 = ORIENTED_EDGE ( 'NONE', *, *, #5879, .T. ) ;
#9090 = LINE ( 'NONE', #12008, #2869 ) ;
#9091 = ORIENTED_EDGE ( 'NONE', *, *, #1803, .T. ) ;
#9092 = DIRECTION ( 'NONE',  ( 0.0000000000000000000, -1.554312234475000050E-15, 1.000000000000000000 ) ) ;
#9093 = ORIENTED_EDGE ( 'NONE', *, *, #12412, .F. ) ;
#9094 = ADVANCED_FACE ( 'NONE', ( #7054 ), #9124, .T. ) ;
#9095 = STYLED_ITEM ( 'NONE', ( #4655 ), #8701 ) ;
#9096 = COLOUR_RGB ( '',1.000000000000000000, 1.000000000000000000, 0.4980392156862745168 ) ;
#9097 = LINE ( 'NONE', #2252, #10860 ) ;
#9098 = FILL_AREA_STYLE_COLOUR ( '', #5122 ) ;
#9099 =( LENGTH_UNIT ( ) NAMED_UNIT ( * ) SI_UNIT ( .MILLI., .METRE. ) );
#9100 = DIRECTION ( 'NONE',  ( -1.000000000000000000, -0.0000000000000000000, -0.0000000000000000000 ) ) ;
#9101 = MECHANICAL_DESIGN_GEOMETRIC_PRESENTATION_REPRESENTATION (  '', ( #339 ), #8062 ) ;
#9102 = MECHANICAL_DESIGN_GEOMETRIC_PRESENTATION_REPRESENTATION (  '', ( #5806 ), #4595 ) ;
#9103 = STYLED_ITEM ( 'NONE', ( #2495 ), #37 ) ;
#9104 =( LENGTH_UNIT ( ) NAMED_UNIT ( * ) SI_UNIT ( .MILLI., .METRE. ) );
#9105 = PRESENTATION_LAYER_ASSIGNMENT (  '', '', ( #12344 ) ) ;
#9106 = VECTOR ( 'NONE', #9634, 1000.000000000000000 ) ;
#9107 = VECTOR ( 'NONE', #4550, 1000.000000000000000 ) ;
#9108 = SURFACE_STYLE_FILL_AREA ( #2256 ) ;
#9109 = LINE ( 'NONE', #8980, #8281 ) ;
#9110 = PRESENTATION_LAYER_ASSIGNMENT (  '', '', ( #3949 ) ) ;
#9111 = CARTESIAN_POINT ( 'NONE',  ( 13.96999977111799929, 1.520000000000000018, 2.214999988078998783 ) ) ;
#9112 = VECTOR ( 'NONE', #5475, 1000.000000000000000 ) ;
#9113 = VERTEX_POINT ( 'NONE', #11221 ) ;
#9114 = DIRECTION ( 'NONE',  ( -0.0000000000000000000, -0.0000000000000000000, 1.000000000000000000 ) ) ;
#9115 = ORIENTED_EDGE ( 'NONE', *, *, #8419, .F. ) ;
#9116 =( NAMED_UNIT ( * ) PLANE_ANGLE_UNIT ( ) SI_UNIT ( $, .RADIAN. ) );
#9117 = CARTESIAN_POINT ( 'NONE',  ( 8.889999885558999893, 1.820000011921000027, 0.02500000000000000139 ) ) ;
#9118 = CARTESIAN_POINT ( 'NONE',  ( 3.509999949932124608, 1.520000000000000018, 0.02499999999987491048 ) ) ;
#9119 = COLOUR_RGB ( '',1.000000000000000000, 1.000000000000000000, 0.4980392156862745168 ) ;
#9120 = AXIS2_PLACEMENT_3D ( 'NONE', #9233, #6403, #4481 ) ;
#9121 = AXIS2_PLACEMENT_3D ( 'NONE', #11547, #12488, #761 ) ;
#9122 = FACE_OUTER_BOUND ( 'NONE', #314, .T. ) ;
#9123 = CARTESIAN_POINT ( 'NONE',  ( 2.859999961853000094, -0.3199999999999999512, -4.388850394221508810E-16 ) ) ;
#9124 = PLANE ( 'NONE',  #2387 ) ;
#9125 = DIRECTION ( 'NONE',  ( 0.0000000000000000000, 0.0000000000000000000, 1.000000000000000000 ) ) ;
#9126 =( NAMED_UNIT ( * ) SI_UNIT ( $, .STERADIAN. ) SOLID_ANGLE_UNIT ( ) );
#9127 = PRESENTATION_LAYER_ASSIGNMENT (  '', '', ( #7270 ) ) ;
#9128 = PLANE ( 'NONE',  #10306 ) ;
#9129 = EDGE_LOOP ( 'NONE', ( #390, #1482, #6603, #2034 ) ) ;
#9130 =( GEOMETRIC_REPRESENTATION_CONTEXT ( 3 ) GLOBAL_UNCERTAINTY_ASSIGNED_CONTEXT ( ( #10477 ) ) GLOBAL_UNIT_ASSIGNED_CONTEXT ( ( #8255, #11266, #10308 ) ) REPRESENTATION_CONTEXT ( 'NONE', 'WORKASPACE' ) );
#9131 =( GEOMETRIC_REPRESENTATION_CONTEXT ( 3 ) GLOBAL_UNCERTAINTY_ASSIGNED_CONTEXT ( ( #6522 ) ) GLOBAL_UNIT_ASSIGNED_CONTEXT ( ( #10852, #8017, #7003 ) ) REPRESENTATION_CONTEXT ( 'NONE', 'WORKASPACE' ) );
#9132 = ADVANCED_FACE ( 'NONE', ( #6551 ), #1381, .F. ) ;
#9133 = ORIENTED_EDGE ( 'NONE', *, *, #5318, .F. ) ;
#9134 = DIRECTION ( 'NONE',  ( 0.0000000000000000000, -1.000000000000000000, -1.554312234475000050E-15 ) ) ;
#9135 = ORIENTED_EDGE ( 'NONE', *, *, #9751, .F. ) ;
#9136 =( NAMED_UNIT ( * ) PLANE_ANGLE_UNIT ( ) SI_UNIT ( $, .RADIAN. ) );
#9137 = CARTESIAN_POINT ( 'NONE',  ( 8.589999873638124228, 1.520000000000000018, 0.02499999999987488272 ) ) ;
#9138 = PLANE ( 'NONE',  #7873 ) ;
#9139 = CARTESIAN_POINT ( 'NONE',  ( 11.42999984741200059, 1.820000011921000027, 0.02500000000000000139 ) ) ;
#9140 = PRESENTATION_LAYER_ASSIGNMENT (  '', '', ( #6861 ) ) ;
#9141 = EDGE_CURVE ( 'NONE', #3316, #3785, #7232, .T. ) ;
#9142 = VECTOR ( 'NONE', #12573, 1000.000000000000000 ) ;
#9143 = VECTOR ( 'NONE', #4196, 1000.000000000000000 ) ;
#9144 =( NAMED_UNIT ( * ) SI_UNIT ( $, .STERADIAN. ) SOLID_ANGLE_UNIT ( ) );
#9145 = SURFACE_STYLE_USAGE ( .BOTH. , #4251 ) ;
#9146 = EDGE_LOOP ( 'NONE', ( #12571, #9799, #5039, #2222 ) ) ;
#9147 = UNCERTAINTY_MEASURE_WITH_UNIT (LENGTH_MEASURE( 1.000000000000000082E-05 ), #1176, 'distance_accuracy_value', 'NONE');
#9148 = ORIENTED_EDGE ( 'NONE', *, *, #2925, .F. ) ;
#9149 = FACE_OUTER_BOUND ( 'NONE', #3817, .T. ) ;
#9150 = LINE ( 'NONE', #10290, #3588 ) ;
#9151 = SURFACE_SIDE_STYLE ('',( #9026 ) ) ;
#9152 = CIRCLE ( 'NONE', #5862, 0.9499999999999999556 ) ;
#9153 = MECHANICAL_DESIGN_GEOMETRIC_PRESENTATION_REPRESENTATION (  '', ( #2619 ), #1399 ) ;
#9154 = SURFACE_SIDE_STYLE ('',( #1346 ) ) ;
#9155 = EDGE_LOOP ( 'NONE', ( #9482, #5019, #185, #7727 ) ) ;
#9156 = UNCERTAINTY_MEASURE_WITH_UNIT (LENGTH_MEASURE( 1.000000000000000082E-05 ), #11189, 'distance_accuracy_value', 'NONE');
#9157 = CARTESIAN_POINT ( 'NONE',  ( 3.809999923706000047, 1.520000000000000018, 2.214999988079000115 ) ) ;
#9158 = CARTESIAN_POINT ( 'NONE',  ( 16.50999973297099999, 3.809999961852999828, 0.02500000000000000139 ) ) ;
#9159 = CARTESIAN_POINT ( 'NONE',  ( -0.3200000000000000067, 3.809999961852999828, 0.9499999999999999556 ) ) ;
#9160 = ORIENTED_EDGE ( 'NONE', *, *, #672, .F. ) ;
#9161 = FILL_AREA_STYLE ('',( #7979 ) ) ;
#9162 = ORIENTED_EDGE ( 'NONE', *, *, #2354, .F. ) ;
#9163 = ADVANCED_FACE ( 'NONE', ( #11160 ), #615, .F. ) ;
#9164 = ADVANCED_FACE ( 'NONE', ( #1756 ), #8584, .T. ) ;
#9165 = DIRECTION ( 'NONE',  ( 1.000000000000000000, 0.0000000000000000000, 0.0000000000000000000 ) ) ;
#9166 = SURFACE_STYLE_FILL_AREA ( #12210 ) ;
#9167 = EDGE_CURVE ( 'NONE', #7365, #10052, #5690, .T. ) ;
#9168 = SURFACE_STYLE_FILL_AREA ( #549 ) ;
#9169 =( LENGTH_UNIT ( ) NAMED_UNIT ( * ) SI_UNIT ( .MILLI., .METRE. ) );
#9170 = FILL_AREA_STYLE_COLOUR ( '', #7687 ) ;
#9171 = FILL_AREA_STYLE ('',( #7922 ) ) ;
#9172 = FILL_AREA_STYLE ('',( #8192 ) ) ;
#9173 = EDGE_LOOP ( 'NONE', ( #7678, #6469, #4100, #1205 ) ) ;
#9174 = DIRECTION ( 'NONE',  ( -0.0000000000000000000, -0.0000000000000000000, 1.000000000000000000 ) ) ;
#9175 = ORIENTED_EDGE ( 'NONE', *, *, #2268, .F. ) ;
#9176 = DIRECTION ( 'NONE',  ( 0.0000000000000000000, 0.0000000000000000000, -1.000000000000000000 ) ) ;
#9177 =( NAMED_UNIT ( * ) PLANE_ANGLE_UNIT ( ) SI_UNIT ( $, .RADIAN. ) );
#9178 = FILL_AREA_STYLE ('',( #4230 ) ) ;
#9179 = CARTESIAN_POINT ( 'NONE',  ( 18.09999973297100340, 3.809999961852999828, 1.590000000000000080 ) ) ;
#9180 = LINE ( 'NONE', #2519, #373 ) ;
#9181 = DIRECTION ( 'NONE',  ( 0.0000000000000000000, 0.0000000000000000000, 1.000000000000000000 ) ) ;
#9182 = DIRECTION ( 'NONE',  ( -0.0000000000000000000, 0.0000000000000000000, 1.000000000000000000 ) ) ;
#9183 = DIRECTION ( 'NONE',  ( 0.0000000000000000000, 1.000000000000000000, 1.554312234475000050E-15 ) ) ;
#9184 = SURFACE_SIDE_STYLE ('',( #7178 ) ) ;
#9185 =( NAMED_UNIT ( * ) PLANE_ANGLE_UNIT ( ) SI_UNIT ( $, .RADIAN. ) );
#9186 = COLOUR_RGB ( '',0.09411764705882352811, 0.09411764705882352811, 0.09411764705882352811 ) ;
#9187 = ORIENTED_EDGE ( 'NONE', *, *, #11583, .T. ) ;
#9188 = SURFACE_SIDE_STYLE ('',( #4299 ) ) ;
#9189 = ORIENTED_EDGE ( 'NONE', *, *, #11264, .F. ) ;
#9190 = VERTEX_POINT ( 'NONE', #2845 ) ;
#9191 = SURFACE_STYLE_USAGE ( .BOTH. , #9326 ) ;
#9192 = CARTESIAN_POINT ( 'NONE',  ( 16.50999973297099999, 1.520000000000000018, 2.214999988079000115 ) ) ;
#9193 = ADVANCED_FACE ( 'NONE', ( #5748 ), #5822, .T. ) ;
#9194 = SURFACE_STYLE_FILL_AREA ( #8096 ) ;
#9195 = FILL_AREA_STYLE ('',( #8292 ) ) ;
#9196 =( GEOMETRIC_REPRESENTATION_CONTEXT ( 3 ) GLOBAL_UNCERTAINTY_ASSIGNED_CONTEXT ( ( #11678 ) ) GLOBAL_UNIT_ASSIGNED_CONTEXT ( ( #3240, #9185, #9126 ) ) REPRESENTATION_CONTEXT ( 'NONE', 'WORKASPACE' ) );
#9197 =( LENGTH_UNIT ( ) NAMED_UNIT ( * ) SI_UNIT ( .MILLI., .METRE. ) );
#9198 = ADVANCED_FACE ( 'NONE', ( #10452, #11703 ), #12413, .T. ) ;
#9199 = FILL_AREA_STYLE_COLOUR ( '', #542 ) ;
#9200 = FACE_OUTER_BOUND ( 'NONE', #11063, .T. ) ;
#9201 = STYLED_ITEM ( 'NONE', ( #9319 ), #6765 ) ;
#9202 = CARTESIAN_POINT ( 'NONE',  ( 16.50999977111824890, 3.809999961853000716, 0.3250000119207495652 ) ) ;
#9203 = VERTEX_POINT ( 'NONE', #10066 ) ;
#9204 = LINE ( 'NONE', #1216, #8311 ) ;
#9205 =( GEOMETRIC_REPRESENTATION_CONTEXT ( 3 ) GLOBAL_UNCERTAINTY_ASSIGNED_CONTEXT ( ( #1973 ) ) GLOBAL_UNIT_ASSIGNED_CONTEXT ( ( #9217, #1671, #3450 ) ) REPRESENTATION_CONTEXT ( 'NONE', 'WORKASPACE' ) );
#9206 = CARTESIAN_POINT ( 'NONE',  ( 6.199999917745998346, 3.809999961853000716, 0.1750000059600015367 ) ) ;
#9207 = EDGE_LOOP ( 'NONE', ( #725, #5099, #4084, #7125 ) ) ;
#9208 = DIRECTION ( 'NONE',  ( 0.0000000000000000000, 1.609823385705999920E-15, -1.000000000000000000 ) ) ;
#9209 = EDGE_CURVE ( 'NONE', #8265, #10714, #5066, .T. ) ;
#9210 = PRESENTATION_STYLE_ASSIGNMENT (( #5350 ) ) ;
#9211 = CARTESIAN_POINT ( 'NONE',  ( 18.89999972701100006, 1.520000000000000018, 2.364999994040000164 ) ) ;
#9212 = EDGE_CURVE ( 'NONE', #487, #11914, #10951, .T. ) ;
#9213 = COLOUR_RGB ( '',1.000000000000000000, 1.000000000000000000, 0.4980392156862745168 ) ;
#9214 = PLANE ( 'NONE',  #8117 ) ;
#9215 = ADVANCED_FACE ( 'NONE', ( #6973 ), #6910, .T. ) ;
#9216 = ORIENTED_EDGE ( 'NONE', *, *, #2910, .F. ) ;
#9217 =( LENGTH_UNIT ( ) NAMED_UNIT ( * ) SI_UNIT ( .MILLI., .METRE. ) );
#9218 = CARTESIAN_POINT ( 'NONE',  ( 10.03999985039200027, 0.1199999970200001653, -3.000000000000000444 ) ) ;
#9219 =( GEOMETRIC_REPRESENTATION_CONTEXT ( 3 ) GLOBAL_UNCERTAINTY_ASSIGNED_CONTEXT ( ( #1470 ) ) GLOBAL_UNIT_ASSIGNED_CONTEXT ( ( #7185, #11989, #5153 ) ) REPRESENTATION_CONTEXT ( 'NONE', 'WORKASPACE' ) );
#9220 = ORIENTED_EDGE ( 'NONE', *, *, #534, .F. ) ;
#9221 = ADVANCED_FACE ( 'NONE', ( #11781 ), #2195, .F. ) ;
#9222 = ORIENTED_EDGE ( 'NONE', *, *, #338, .T. ) ;
#9223 = PRESENTATION_LAYER_ASSIGNMENT (  '', '', ( #9027 ) ) ;
#9224 = PRESENTATION_STYLE_ASSIGNMENT (( #6199 ) ) ;
#9225 = DIRECTION ( 'NONE',  ( 0.0000000000000000000, 0.0000000000000000000, 1.000000000000000000 ) ) ;
#9226 = VECTOR ( 'NONE', #1248, 1000.000000000000000 ) ;
#9227 = ADVANCED_FACE ( 'NONE', ( #5497 ), #7406, .F. ) ;
#9228 = AXIS2_PLACEMENT_3D ( 'NONE', #5439, #5361, #10443 ) ;
#9229 = EDGE_CURVE ( 'NONE', #7397, #2871, #4339, .T. ) ;
#9230 = FACE_OUTER_BOUND ( 'NONE', #11567, .T. ) ;
#9231 = EDGE_CURVE ( 'NONE', #9544, #2993, #8450, .T. ) ;
#9232 = DIRECTION ( 'NONE',  ( 6.670117000593702191E-16, -1.000000000000000000, -6.670117000593702191E-16 ) ) ;
#9233 = CARTESIAN_POINT ( 'NONE',  ( 13.96999977111799929, 1.520000000000000018, 0.02500000000000000139 ) ) ;
#9234 = VERTEX_POINT ( 'NONE', #4280 ) ;
#9235 = DIRECTION ( 'NONE',  ( 0.0000000000000000000, 0.0000000000000000000, 1.000000000000000000 ) ) ;
#9236 = MECHANICAL_DESIGN_GEOMETRIC_PRESENTATION_REPRESENTATION (  '', ( #5127 ), #2493 ) ;
#9237 = VECTOR ( 'NONE', #9726, 1000.000000000000000 ) ;
#9238 = SURFACE_STYLE_USAGE ( .BOTH. , #6347 ) ;
#9239 = VERTEX_POINT ( 'NONE', #3410 ) ;
#9240 = MECHANICAL_DESIGN_GEOMETRIC_PRESENTATION_REPRESENTATION (  '', ( #7378 ), #11663 ) ;
#9241 = PRESENTATION_STYLE_ASSIGNMENT (( #12086 ) ) ;
#9242 = DIRECTION ( 'NONE',  ( -0.0000000000000000000, -1.000000000000000000, -0.0000000000000000000 ) ) ;
#9243 = CARTESIAN_POINT ( 'NONE',  ( 2.659999958872999670, -0.1199999970200003180, -3.000000000000000444 ) ) ;
#9244 = DIRECTION ( 'NONE',  ( 0.0000000000000000000, -1.609823385705999920E-15, 1.000000000000000000 ) ) ;
#9245 = CARTESIAN_POINT ( 'NONE',  ( 17.45999973297099928, 9.609999997019999185, 0.9499999999999998446 ) ) ;
#9246 = CARTESIAN_POINT ( 'NONE',  ( 6.349999885558999857, 1.520000000000000018, 0.02500000000000000139 ) ) ;
#9247 = DIRECTION ( 'NONE',  ( 1.000000000000000000, 0.0000000000000000000, 0.0000000000000000000 ) ) ;
#9248 = PRESENTATION_LAYER_ASSIGNMENT (  '', '', ( #12062 ) ) ;
#9249 = MECHANICAL_DESIGN_GEOMETRIC_PRESENTATION_REPRESENTATION (  '', ( #11878 ), #70 ) ;
#9250 = CARTESIAN_POINT ( 'NONE',  ( 14.91999977111800035, 0.3200000000000000067, -3.000000000000000000 ) ) ;
#9251 =( NAMED_UNIT ( * ) SI_UNIT ( $, .STERADIAN. ) SOLID_ANGLE_UNIT ( ) );
#9252 = DIRECTION ( 'NONE',  ( 0.0000000000000000000, -1.510616709811000052E-15, 1.000000000000000000 ) ) ;
#9253 = PLANE ( 'NONE',  #5291 ) ;
#9254 = LINE ( 'NONE', #12415, #5376 ) ;
#9255 = ORIENTED_EDGE ( 'NONE', *, *, #2937, .F. ) ;
#9256 = VERTEX_POINT ( 'NONE', #6342 ) ;
#9257 =( NAMED_UNIT ( * ) SI_UNIT ( $, .STERADIAN. ) SOLID_ANGLE_UNIT ( ) );
#9258 = ORIENTED_EDGE ( 'NONE', *, *, #5424, .F. ) ;
#9259 = SURFACE_STYLE_FILL_AREA ( #6421 ) ;
#9260 = SURFACE_STYLE_USAGE ( .BOTH. , #5463 ) ;
#9261 = ADVANCED_FACE ( 'NONE', ( #419 ), #3338, .F. ) ;
#9262 = CARTESIAN_POINT ( 'NONE',  ( 16.50999973297099999, 1.520000000000000018, 0.3250000119209999760 ) ) ;
#9263 =( LENGTH_UNIT ( ) NAMED_UNIT ( * ) SI_UNIT ( .MILLI., .METRE. ) );
#9264 = DIRECTION ( 'NONE',  ( 0.0000000000000000000, -0.7071067811865474617, -0.7071067811865474617 ) ) ;
#9265 = LINE ( 'NONE', #5337, #1788 ) ;
#9266 = SURFACE_SIDE_STYLE ('',( #4637 ) ) ;
#9267 = LINE ( 'NONE', #684, #8877 ) ;
#9268 = CARTESIAN_POINT ( 'NONE',  ( 7.299999885559000035, 3.809999961852999828, 1.590000000000000080 ) ) ;
#9269 = DIRECTION ( 'NONE',  ( 0.0000000000000000000, 0.0000000000000000000, -1.000000000000000000 ) ) ;
#9270 = CARTESIAN_POINT ( 'NONE',  ( 2.659999958873000114, 9.810000000000000497, 1.150000002979999936 ) ) ;
#9271 = FILL_AREA_STYLE_COLOUR ( '', #341 ) ;
#9272 = SURFACE_SIDE_STYLE ('',( #8228 ) ) ;
#9273 = UNCERTAINTY_MEASURE_WITH_UNIT (LENGTH_MEASURE( 1.000000000000000082E-05 ), #2347, 'distance_accuracy_value', 'NONE');
#9274 = AXIS2_PLACEMENT_3D ( 'NONE', #4495, #670, #1570 ) ;
#9275 = DIRECTION ( 'NONE',  ( 0.0000000000000000000, 1.000000000000000000, 0.0000000000000000000 ) ) ;
#9276 = ORIENTED_EDGE ( 'NONE', *, *, #3587, .F. ) ;
#9277 = SURFACE_SIDE_STYLE ('',( #3381 ) ) ;
#9278 = EDGE_CURVE ( 'NONE', #704, #12294, #6400, .T. ) ;
#9279 = EDGE_CURVE ( 'NONE', #9113, #10655, #8390, .T. ) ;
#9280 =( LENGTH_UNIT ( ) NAMED_UNIT ( * ) SI_UNIT ( .MILLI., .METRE. ) );
#9281 = DIRECTION ( 'NONE',  ( 0.0000000000000000000, -1.000000000000000000, -1.609823385705999920E-15 ) ) ;
#9282 = ORIENTED_EDGE ( 'NONE', *, *, #9597, .T. ) ;
#9283 = UNCERTAINTY_MEASURE_WITH_UNIT (LENGTH_MEASURE( 1.000000000000000082E-05 ), #4995, 'distance_accuracy_value', 'NONE');
#9284 = DIRECTION ( 'NONE',  ( -0.0000000000000000000, -0.0000000000000000000, -1.000000000000000000 ) ) ;
#9285 = ORIENTED_EDGE ( 'NONE', *, *, #3457, .T. ) ;
#9286 = ORIENTED_EDGE ( 'NONE', *, *, #207, .T. ) ;
#9287 = DIRECTION ( 'NONE',  ( 1.000000000000000000, -0.0000000000000000000, 0.0000000000000000000 ) ) ;
#9288 = PRESENTATION_LAYER_ASSIGNMENT (  '', '', ( #10292 ) ) ;
#9289 = SURFACE_SIDE_STYLE ('',( #3583 ) ) ;
#9290 = STYLED_ITEM ( 'NONE', ( #2069 ), #9954 ) ;
#9291 = FILL_AREA_STYLE_COLOUR ( '', #11585 ) ;
#9292 = UNCERTAINTY_MEASURE_WITH_UNIT (LENGTH_MEASURE( 1.000000000000000082E-05 ), #1108, 'distance_accuracy_value', 'NONE');
#9293 = ADVANCED_FACE ( 'NONE', ( #1619 ), #5305, .T. ) ;
#9294 = FILL_AREA_STYLE ('',( #364 ) ) ;
#9295 = PRESENTATION_STYLE_ASSIGNMENT (( #4541 ) ) ;
#9296 = AXIS2_PLACEMENT_3D ( 'NONE', #8199, #4164, #12027 ) ;
#9297 = CARTESIAN_POINT ( 'NONE',  ( 12.37999980926499966, 0.3199999999999999512, -2.799999997020000020 ) ) ;
#9298 = ORIENTED_EDGE ( 'NONE', *, *, #5509, .F. ) ;
#9299 = DIRECTION ( 'NONE',  ( 0.5773502691896279515, 0.5773502691896255090, 0.5773502691896238437 ) ) ;
#9300 = MECHANICAL_DESIGN_GEOMETRIC_PRESENTATION_REPRESENTATION (  '', ( #11131 ), #4587 ) ;
#9301 = MECHANICAL_DESIGN_GEOMETRIC_PRESENTATION_REPRESENTATION (  '', ( #6631 ), #9513 ) ;
#9302 = PRESENTATION_LAYER_ASSIGNMENT (  '', '', ( #4170 ) ) ;
#9303 = CARTESIAN_POINT ( 'NONE',  ( 16.50999973297099999, 3.809999961852997608, 1.590000000000000080 ) ) ;
#9304 =( NAMED_UNIT ( * ) PLANE_ANGLE_UNIT ( ) SI_UNIT ( $, .RADIAN. ) );
#9305 =( NAMED_UNIT ( * ) SI_UNIT ( $, .STERADIAN. ) SOLID_ANGLE_UNIT ( ) );
#9306 = DIRECTION ( 'NONE',  ( -0.7071067811865474617, -0.0000000000000000000, 0.7071067811865474617 ) ) ;
#9307 = PRESENTATION_LAYER_ASSIGNMENT (  '', '', ( #2142 ) ) ;
#9308 = MECHANICAL_DESIGN_GEOMETRIC_PRESENTATION_REPRESENTATION (  '', ( #5607 ), #7645 ) ;
#9309 = APPLICATION_PROTOCOL_DEFINITION ( 'draft international standard', 'automotive_design', 1998, #8462 ) ;
#9310 = COLOUR_RGB ( '',0.09411764705882352811, 0.09411764705882352811, 0.09411764705882352811 ) ;
#9311 = PRESENTATION_LAYER_ASSIGNMENT (  '', '', ( #12539 ) ) ;
#9312 = AXIS2_PLACEMENT_3D ( 'NONE', #4619, #1444, #7674 ) ;
#9313 = COLOUR_RGB ( '',0.09411764705882352811, 0.09411764705882352811, 0.09411764705882352811 ) ;
#9314 =( GEOMETRIC_REPRESENTATION_CONTEXT ( 3 ) GLOBAL_UNCERTAINTY_ASSIGNED_CONTEXT ( ( #2641 ) ) GLOBAL_UNIT_ASSIGNED_CONTEXT ( ( #460, #6446, #10230 ) ) REPRESENTATION_CONTEXT ( 'NONE', 'WORKASPACE' ) );
#9315 = DIRECTION ( 'NONE',  ( 1.000000000000000000, 0.0000000000000000000, -0.0000000000000000000 ) ) ;
#9316 = LINE ( 'NONE', #12469, #6682 ) ;
#9317 = FILL_AREA_STYLE ('',( #10266 ) ) ;
#9318 = ORIENTED_EDGE ( 'NONE', *, *, #1787, .T. ) ;
#9319 = PRESENTATION_STYLE_ASSIGNMENT (( #12291 ) ) ;
#9320 = ORIENTED_EDGE ( 'NONE', *, *, #6792, .F. ) ;
#9321 = VECTOR ( 'NONE', #9641, 1000.000000000000000 ) ;
#9322 = DIRECTION ( 'NONE',  ( 0.0000000000000000000, 1.000000000000000000, 1.609823385705999920E-15 ) ) ;
#9323 = ORIENTED_EDGE ( 'NONE', *, *, #5642, .T. ) ;
#9324 = VECTOR ( 'NONE', #8484, 1000.000000000000114 ) ;
#9325 = PRESENTATION_LAYER_ASSIGNMENT (  '', '', ( #11154 ) ) ;
#9326 = SURFACE_SIDE_STYLE ('',( #9259 ) ) ;
#9327 = CARTESIAN_POINT ( 'NONE',  ( 3.809999923706000047, 1.820000011921002026, 0.9499999999999998446 ) ) ;
#9328 = CARTESIAN_POINT ( 'NONE',  ( 11.27999984145200152, 1.520000000000000018, 2.364999994040000164 ) ) ;
#9329 = VECTOR ( 'NONE', #4626, 1000.000000000000000 ) ;
#9330 = DIRECTION ( 'NONE',  ( 1.000000000000000000, 0.0000000000000000000, -0.0000000000000000000 ) ) ;
#9331 = CARTESIAN_POINT ( 'NONE',  ( -0.2199999985099999888, 9.709999998510001618, 1.590000000000000080 ) ) ;
#9332 = PRESENTATION_LAYER_ASSIGNMENT (  '', '', ( #944 ) ) ;
#9333 = MECHANICAL_DESIGN_GEOMETRIC_PRESENTATION_REPRESENTATION (  '', ( #8926 ), #4613 ) ;
#9334 = SURFACE_STYLE_FILL_AREA ( #12180 ) ;
#9335 =( LENGTH_UNIT ( ) NAMED_UNIT ( * ) SI_UNIT ( .MILLI., .METRE. ) );
#9336 = VECTOR ( 'NONE', #9330, 1000.000000000000000 ) ;
#9337 = FILL_AREA_STYLE ('',( #2541 ) ) ;
#9338 = ADVANCED_FACE ( 'NONE', ( #5738 ), #1805, .T. ) ;
#9339 = ORIENTED_EDGE ( 'NONE', *, *, #12231, .T. ) ;
#9340 = DIRECTION ( 'NONE',  ( 1.000000000000000000, 0.0000000000000000000, 0.0000000000000000000 ) ) ;
#9341 = FILL_AREA_STYLE_COLOUR ( '', #1749 ) ;
#9342 = SURFACE_SIDE_STYLE ('',( #2314 ) ) ;
#9343 = ORIENTED_EDGE ( 'NONE', *, *, #9364, .F. ) ;
#9344 = DIRECTION ( 'NONE',  ( 0.0000000000000000000, 1.000000000000000000, 1.609823385705999920E-15 ) ) ;
#9345 = PRESENTATION_STYLE_ASSIGNMENT (( #8372 ) ) ;
#9346 = ORIENTED_EDGE ( 'NONE', *, *, #10458, .F. ) ;
#9347 = CARTESIAN_POINT ( 'NONE',  ( 0.3200000000000000622, 9.609999997019999185, 1.590000000000000524 ) ) ;
#9348 = STYLED_ITEM ( 'NONE', ( #708 ), #7993 ) ;
#9349 = UNCERTAINTY_MEASURE_WITH_UNIT (LENGTH_MEASURE( 1.000000000000000082E-05 ), #5741, 'distance_accuracy_value', 'NONE');
#9350 = VECTOR ( 'NONE', #5666, 1000.000000000000000 ) ;
#9351 = CARTESIAN_POINT ( 'NONE',  ( 8.889999847411999667, 1.520000000000000018, 0.02500000000000000139 ) ) ;
#9352 = ORIENTED_EDGE ( 'NONE', *, *, #1427, .T. ) ;
#9353 = AXIS2_PLACEMENT_3D ( 'NONE', #8641, #3719, #12519 ) ;
#9354 = PLANE ( 'NONE',  #1873 ) ;
#9355 = LINE ( 'NONE', #1540, #6664 ) ;
#9356 = ORIENTED_EDGE ( 'NONE', *, *, #4278, .F. ) ;
#9357 = ORIENTED_EDGE ( 'NONE', *, *, #4734, .T. ) ;
#9358 = FILL_AREA_STYLE_COLOUR ( '', #8932 ) ;
#9359 = AXIS2_PLACEMENT_3D ( 'NONE', #482, #4340, #3339 ) ;
#9360 = ADVANCED_FACE ( 'NONE', ( #1740 ), #7601, .T. ) ;
#9361 = LINE ( 'NONE', #11069, #1596 ) ;
#9362 = COLOUR_RGB ( '',1.000000000000000000, 1.000000000000000000, 0.4980392156862745168 ) ;
#9363 = MECHANICAL_DESIGN_GEOMETRIC_PRESENTATION_REPRESENTATION (  '', ( #6889 ), #11993 ) ;
#9364 = EDGE_CURVE ( 'NONE', #3785, #6844, #3076, .T. ) ;
#9365 = FILL_AREA_STYLE ('',( #659 ) ) ;
#9366 = FACE_OUTER_BOUND ( 'NONE', #9614, .T. ) ;
#9367 = EDGE_CURVE ( 'NONE', #8908, #335, #10749, .T. ) ;
#9368 =( NAMED_UNIT ( * ) SI_UNIT ( $, .STERADIAN. ) SOLID_ANGLE_UNIT ( ) );
#9369 = EDGE_LOOP ( 'NONE', ( #10236, #4421, #5613, #2435 ) ) ;
#9370 = SURFACE_STYLE_FILL_AREA ( #2465 ) ;
#9371 =( GEOMETRIC_REPRESENTATION_CONTEXT ( 3 ) GLOBAL_UNCERTAINTY_ASSIGNED_CONTEXT ( ( #1606 ) ) GLOBAL_UNIT_ASSIGNED_CONTEXT ( ( #556, #3284, #4484 ) ) REPRESENTATION_CONTEXT ( 'NONE', 'WORKASPACE' ) );
#9372 = COLOUR_RGB ( '',1.000000000000000000, 1.000000000000000000, 0.4980392156862745168 ) ;
#9373 = DIRECTION ( 'NONE',  ( 0.7071067811865475727, -9.432969924854965098E-16, 0.7071067811865475727 ) ) ;
#9374 = SURFACE_STYLE_FILL_AREA ( #2334 ) ;
#9375 =( LENGTH_UNIT ( ) NAMED_UNIT ( * ) SI_UNIT ( .MILLI., .METRE. ) );
#9376 =( LENGTH_UNIT ( ) NAMED_UNIT ( * ) SI_UNIT ( .MILLI., .METRE. ) );
#9377 = SURFACE_SIDE_STYLE ('',( #1511 ) ) ;
#9378 = ORIENTED_EDGE ( 'NONE', *, *, #8483, .T. ) ;
#9379 = DIRECTION ( 'NONE',  ( 0.0000000000000000000, -1.332267629549999902E-15, 1.000000000000000000 ) ) ;
#9380 = ORIENTED_EDGE ( 'NONE', *, *, #4962, .F. ) ;
#9381 = DIRECTION ( 'NONE',  ( 0.0000000000000000000, 1.000000000000000000, -0.0000000000000000000 ) ) ;
#9382 = CARTESIAN_POINT ( 'NONE',  ( 13.96999980926499951, 1.520000000000000018, 2.214999988079000115 ) ) ;
#9383 = DIRECTION ( 'NONE',  ( 0.0000000000000000000, 0.0000000000000000000, 1.000000000000000000 ) ) ;
#9384 = ADVANCED_FACE ( 'NONE', ( #11688 ), #1091, .F. ) ;
#9385 = DIRECTION ( 'NONE',  ( 0.0000000000000000000, -0.7071067811865475727, 0.7071067811865475727 ) ) ;
#9386 = LINE ( 'NONE', #9456, #1377 ) ;
#9387 = AXIS2_PLACEMENT_3D ( 'NONE', #3816, #11500, #2821 ) ;
#9388 = DIRECTION ( 'NONE',  ( 0.0000000000000000000, -0.0000000000000000000, -1.000000000000000000 ) ) ;
#9389 = EDGE_CURVE ( 'NONE', #5228, #7752, #7776, .T. ) ;
#9390 =( NAMED_UNIT ( * ) SI_UNIT ( $, .STERADIAN. ) SOLID_ANGLE_UNIT ( ) );
#9391 =( LENGTH_UNIT ( ) NAMED_UNIT ( * ) SI_UNIT ( .MILLI., .METRE. ) );
#9392 = ORIENTED_EDGE ( 'NONE', *, *, #8482, .F. ) ;
#9393 = FILL_AREA_STYLE ('',( #2362 ) ) ;
#9394 = UNCERTAINTY_MEASURE_WITH_UNIT (LENGTH_MEASURE( 1.000000000000000082E-05 ), #8955, 'distance_accuracy_value', 'NONE');
#9395 = DIRECTION ( 'NONE',  ( -0.0000000000000000000, -1.000000000000000000, 0.0000000000000000000 ) ) ;
#9396 = ORIENTED_EDGE ( 'NONE', *, *, #11264, .T. ) ;
#9397 = FILL_AREA_STYLE ('',( #12001 ) ) ;
#9398 = AXIS2_PLACEMENT_3D ( 'NONE', #8999, #2084, #255 ) ;
#9399 = DIRECTION ( 'NONE',  ( 0.0000000000000000000, -0.7071067811865475727, 0.7071067811865475727 ) ) ;
#9400 = ORIENTED_EDGE ( 'NONE', *, *, #4149, .T. ) ;
#9401 = CARTESIAN_POINT ( 'NONE',  ( 13.01999980926500200, 1.270000000000000018, 1.589999999999999858 ) ) ;
#9402 = FILL_AREA_STYLE ('',( #2677 ) ) ;
#9403 = ADVANCED_FACE ( 'NONE', ( #6837 ), #3018, .F. ) ;
#9404 =( GEOMETRIC_REPRESENTATION_CONTEXT ( 3 ) GLOBAL_UNCERTAINTY_ASSIGNED_CONTEXT ( ( #5432 ) ) GLOBAL_UNIT_ASSIGNED_CONTEXT ( ( #8183, #283, #12011 ) ) REPRESENTATION_CONTEXT ( 'NONE', 'WORKASPACE' ) );
#9405 = UNCERTAINTY_MEASURE_WITH_UNIT (LENGTH_MEASURE( 1.000000000000000082E-05 ), #8622, 'distance_accuracy_value', 'NONE');
#9406 =( NAMED_UNIT ( * ) SI_UNIT ( $, .STERADIAN. ) SOLID_ANGLE_UNIT ( ) );
#9407 = MECHANICAL_DESIGN_GEOMETRIC_PRESENTATION_REPRESENTATION (  '', ( #5906 ), #6937 ) ;
#9408 = SURFACE_STYLE_USAGE ( .BOTH. , #2624 ) ;
#9409 = VERTEX_POINT ( 'NONE', #9854 ) ;
#9410 = UNCERTAINTY_MEASURE_WITH_UNIT (LENGTH_MEASURE( 1.000000000000000082E-05 ), #1467, 'distance_accuracy_value', 'NONE');
#9411 = LINE ( 'NONE', #8437, #436 ) ;
#9412 = FACE_OUTER_BOUND ( 'NONE', #6965, .T. ) ;
#9413 = ORIENTED_EDGE ( 'NONE', *, *, #7685, .T. ) ;
#9414 = PLANE ( 'NONE',  #11135 ) ;
#9415 = EDGE_LOOP ( 'NONE', ( #9872, #11473, #2310, #8319 ) ) ;
#9416 = DIRECTION ( 'NONE',  ( -0.0000000000000000000, 0.0000000000000000000, -1.000000000000000000 ) ) ;
#9417 =( GEOMETRIC_REPRESENTATION_CONTEXT ( 3 ) GLOBAL_UNCERTAINTY_ASSIGNED_CONTEXT ( ( #5533 ) ) GLOBAL_UNIT_ASSIGNED_CONTEXT ( ( #8971, #6849, #5877 ) ) REPRESENTATION_CONTEXT ( 'NONE', 'WORKASPACE' ) );
#9418 = AXIS2_PLACEMENT_3D ( 'NONE', #845, #9608, #5556 ) ;
#9419 = DIRECTION ( 'NONE',  ( 1.000000000000000000, 0.0000000000000000000, -0.0000000000000000000 ) ) ;
#9420 = PRESENTATION_STYLE_ASSIGNMENT (( #10305 ) ) ;
#9421 = SURFACE_STYLE_FILL_AREA ( #3336 ) ;
#9422 = CARTESIAN_POINT ( 'NONE',  ( 5.399999923705999905, 0.3200000000000000067, -2.799999997020000020 ) ) ;
#9423 = COLOUR_RGB ( '',0.09411764705882352811, 0.09411764705882352811, 0.09411764705882352811 ) ;
#9424 = DIRECTION ( 'NONE',  ( -0.7071067811865475727, 0.0000000000000000000, -0.7071067811865475727 ) ) ;
#9425 = EDGE_CURVE ( 'NONE', #2424, #6311, #10869, .T. ) ;
#9426 = ORIENTED_EDGE ( 'NONE', *, *, #9434, .F. ) ;
#9427 = DIRECTION ( 'NONE',  ( 0.0000000000000000000, 1.618928404167999991E-15, -1.000000000000000000 ) ) ;
#9428 = LINE ( 'NONE', #6667, #1652 ) ;
#9429 = SURFACE_STYLE_USAGE ( .BOTH. , #5505 ) ;
#9430 = MECHANICAL_DESIGN_GEOMETRIC_PRESENTATION_REPRESENTATION (  '', ( #4296 ), #4717 ) ;
#9431 = CARTESIAN_POINT ( 'NONE',  ( 13.96999977111799929, 3.809999961852999828, 0.02500000000000000139 ) ) ;
#9432 = ADVANCED_FACE ( 'NONE', ( #7974 ), #11889, .F. ) ;
#9433 = DIRECTION ( 'NONE',  ( 0.0000000000000000000, -1.000000000000000000, -1.618928404167999991E-15 ) ) ;
#9434 = EDGE_CURVE ( 'NONE', #2491, #4901, #5471, .T. ) ;
#9435 = CARTESIAN_POINT ( 'NONE',  ( 15.55999977111799915, 1.270000000000000018, 0.9499999999999997335 ) ) ;
#9436 = DIRECTION ( 'NONE',  ( 1.000000000000000000, 0.0000000000000000000, 0.0000000000000000000 ) ) ;
#9437 = VECTOR ( 'NONE', #10628, 1000.000000000000000 ) ;
#9438 = PLANE ( 'NONE',  #6229 ) ;
#9439 = PRESENTATION_STYLE_ASSIGNMENT (( #5452 ) ) ;
#9440 =( GEOMETRIC_REPRESENTATION_CONTEXT ( 3 ) GLOBAL_UNCERTAINTY_ASSIGNED_CONTEXT ( ( #8367 ) ) GLOBAL_UNIT_ASSIGNED_CONTEXT ( ( #3765, #8830, #7667 ) ) REPRESENTATION_CONTEXT ( 'NONE', 'WORKASPACE' ) );
#9441 = DIRECTION ( 'NONE',  ( -0.0000000000000000000, 0.0000000000000000000, -1.000000000000000000 ) ) ;
#9442 = VECTOR ( 'NONE', #3085, 1000.000000000000000 ) ;
#9443 =( LENGTH_UNIT ( ) NAMED_UNIT ( * ) SI_UNIT ( .MILLI., .METRE. ) );
#9444 = VERTEX_POINT ( 'NONE', #2486 ) ;
#9445 = CARTESIAN_POINT ( 'NONE',  ( 12.57999981224500097, -0.1199999970199999572, -3.000000000000000444 ) ) ;
#9446 = VERTEX_POINT ( 'NONE', #6571 ) ;
#9447 = PLANE ( 'NONE',  #5397 ) ;
#9448 = DIRECTION ( 'NONE',  ( 0.0000000000000000000, -1.554312234475000050E-15, 1.000000000000000000 ) ) ;
#9449 = CARTESIAN_POINT ( 'NONE',  ( 16.35999976515800469, 3.809999961853000716, 0.1750000059600015367 ) ) ;
#9450 = SURFACE_STYLE_FILL_AREA ( #4369 ) ;
#9451 = PLANE ( 'NONE',  #6510 ) ;
#9452 = VECTOR ( 'NONE', #7137, 1000.000000000000000 ) ;
#9453 = PRESENTATION_LAYER_ASSIGNMENT (  '', '', ( #10264 ) ) ;
#9454 =( LENGTH_UNIT ( ) NAMED_UNIT ( * ) SI_UNIT ( .MILLI., .METRE. ) );
#9455 = VECTOR ( 'NONE', #3535, 1000.000000000000000 ) ;
#9456 = CARTESIAN_POINT ( 'NONE',  ( 2.219999961852999970, 3.809999961852999828, 0.9499999999999999556 ) ) ;
#9457 = CARTESIAN_POINT ( 'NONE',  ( 13.96999977111799929, 3.809999961852999828, 2.214999988079001003 ) ) ;
#9458 = DIRECTION ( 'NONE',  ( -0.7071067811865474617, -0.0000000000000000000, 0.7071067811865474617 ) ) ;
#9459 = SURFACE_SIDE_STYLE ('',( #10528 ) ) ;
#9460 = VERTEX_POINT ( 'NONE', #2609 ) ;
#9461 = AXIS2_PLACEMENT_3D ( 'NONE', #9526, #10532, #2672 ) ;
#9462 = CARTESIAN_POINT ( 'NONE',  ( 0.3199999999999999512, -0.3200000000000000622, -2.799999997020000020 ) ) ;
#9463 = ORIENTED_EDGE ( 'NONE', *, *, #7145, .T. ) ;
#9464 = CARTESIAN_POINT ( 'NONE',  ( 0.3200000000000000067, 3.809999961852999828, 0.9499999999999999556 ) ) ;
#9465 = EDGE_LOOP ( 'NONE', ( #8845, #10355, #12550, #7944 ) ) ;
#9466 = FACE_OUTER_BOUND ( 'NONE', #8746, .T. ) ;
#9467 = CARTESIAN_POINT ( 'NONE',  ( 8.889999847411999667, 3.809999961852999828, 2.214999988079001003 ) ) ;
#9468 = PLANE ( 'NONE',  #347 ) ;
#9469 = EDGE_CURVE ( 'NONE', #1963, #4052, #3552, .T. ) ;
#9470 = UNCERTAINTY_MEASURE_WITH_UNIT (LENGTH_MEASURE( 1.000000000000000082E-05 ), #5441, 'distance_accuracy_value', 'NONE');
#9471 = EDGE_CURVE ( 'NONE', #694, #11864, #12245, .T. ) ;
#9472 = FILL_AREA_STYLE_COLOUR ( '', #7647 ) ;
#9473 = CARTESIAN_POINT ( 'NONE',  ( 3.809999961853499872, 1.520000000000000018, 2.214999988079500159 ) ) ;
#9474 = ORIENTED_EDGE ( 'NONE', *, *, #5079, .T. ) ;
#9475 = FACE_OUTER_BOUND ( 'NONE', #3414, .T. ) ;
#9476 = PRESENTATION_STYLE_ASSIGNMENT (( #2628 ) ) ;
#9477 =( NAMED_UNIT ( * ) SI_UNIT ( $, .STERADIAN. ) SOLID_ANGLE_UNIT ( ) );
#9478 = ORIENTED_EDGE ( 'NONE', *, *, #7790, .T. ) ;
#9479 = FILL_AREA_STYLE_COLOUR ( '', #6223 ) ;
#9480 = ORIENTED_EDGE ( 'NONE', *, *, #5482, .T. ) ;
#9481 = CARTESIAN_POINT ( 'NONE',  ( 18.09999973297100340, 3.809999961852999384, 1.590000000000000080 ) ) ;
#9482 = ORIENTED_EDGE ( 'NONE', *, *, #6155, .F. ) ;
#9483 = DIRECTION ( 'NONE',  ( 0.7071067811865474617, 0.7071067811865474617, 0.0000000000000000000 ) ) ;
#9484 = PRESENTATION_STYLE_ASSIGNMENT (( #10438 ) ) ;
#9485 = DIRECTION ( 'NONE',  ( 0.0000000000000000000, 1.618928404167999991E-15, -1.000000000000000000 ) ) ;
#9486 =( NAMED_UNIT ( * ) PLANE_ANGLE_UNIT ( ) SI_UNIT ( $, .RADIAN. ) );
#9487 = LINE ( 'NONE', #9557, #6238 ) ;
#9488 = ORIENTED_EDGE ( 'NONE', *, *, #11419, .T. ) ;
#9489 = ADVANCED_FACE ( 'NONE', ( #9523 ), #4639, .T. ) ;
#9490 = AXIS2_PLACEMENT_3D ( 'NONE', #2511, #5257, #1498 ) ;
#9491 = STYLED_ITEM ( 'NONE', ( #3131 ), #11677 ) ;
#9492 = CARTESIAN_POINT ( 'NONE',  ( 10.27999984443200177, 9.810000000000002274, 1.389999997020000100 ) ) ;
#9493 = PRESENTATION_LAYER_ASSIGNMENT (  '', '', ( #10100 ) ) ;
#9494 = CARTESIAN_POINT ( 'NONE',  ( 7.299999885558999146, 9.609999997019999185, 1.590000000000000302 ) ) ;
#9495 =( LENGTH_UNIT ( ) NAMED_UNIT ( * ) SI_UNIT ( .MILLI., .METRE. ) );
#9496 = DIRECTION ( 'NONE',  ( -0.0000000000000000000, -0.0000000000000000000, 1.000000000000000000 ) ) ;
#9497 = VECTOR ( 'NONE', #11426, 1000.000000000000000 ) ;
#9498 =( GEOMETRIC_REPRESENTATION_CONTEXT ( 3 ) GLOBAL_UNCERTAINTY_ASSIGNED_CONTEXT ( ( #6710 ) ) GLOBAL_UNIT_ASSIGNED_CONTEXT ( ( #11735, #1902, #6812 ) ) REPRESENTATION_CONTEXT ( 'NONE', 'WORKASPACE' ) );
#9499 = DIRECTION ( 'NONE',  ( 1.000000000000000000, -0.0000000000000000000, 0.0000000000000000000 ) ) ;
#9500 = VECTOR ( 'NONE', #8922, 999.9999999999998863 ) ;
#9501 = SURFACE_STYLE_USAGE ( .BOTH. , #5512 ) ;
#9502 = LINE ( 'NONE', #2472, #4368 ) ;
#9503 = ORIENTED_EDGE ( 'NONE', *, *, #1270, .T. ) ;
#9504 = DIRECTION ( 'NONE',  ( 0.0000000000000000000, 0.0000000000000000000, 1.000000000000000000 ) ) ;
#9505 = ORIENTED_EDGE ( 'NONE', *, *, #10643, .T. ) ;
#9506 = CARTESIAN_POINT ( 'NONE',  ( 0.3200000000000000067, 1.820000011921000249, 1.589999999999996749 ) ) ;
#9507 = VERTEX_POINT ( 'NONE', #7572 ) ;
#9508 = VECTOR ( 'NONE', #11335, 1000.000000000000000 ) ;
#9509 = CARTESIAN_POINT ( 'NONE',  ( 17.45999973297099928, -0.3199999999999998401, -2.799999997020000020 ) ) ;
#9510 = COLOUR_RGB ( '',1.000000000000000000, 1.000000000000000000, 0.4980392156862745168 ) ;
#9511 = CARTESIAN_POINT ( 'NONE',  ( 1.269999961852750658, 3.809999961853000272, 0.3250000119207507865 ) ) ;
#9512 =( GEOMETRIC_REPRESENTATION_CONTEXT ( 3 ) GLOBAL_UNCERTAINTY_ASSIGNED_CONTEXT ( ( #14 ) ) GLOBAL_UNIT_ASSIGNED_CONTEXT ( ( #9842, #6769, #891 ) ) REPRESENTATION_CONTEXT ( 'NONE', 'WORKASPACE' ) );
#9513 =( GEOMETRIC_REPRESENTATION_CONTEXT ( 3 ) GLOBAL_UNCERTAINTY_ASSIGNED_CONTEXT ( ( #7082 ) ) GLOBAL_UNIT_ASSIGNED_CONTEXT ( ( #6090, #8001, #9878 ) ) REPRESENTATION_CONTEXT ( 'NONE', 'WORKASPACE' ) );
#9514 = DIRECTION ( 'NONE',  ( -0.0000000000000000000, -0.0000000000000000000, 1.000000000000000000 ) ) ;
#9515 = VECTOR ( 'NONE', #2512, 1000.000000000000000 ) ;
#9516 = STYLED_ITEM ( 'NONE', ( #8886 ), #7036 ) ;
#9517 =( NAMED_UNIT ( * ) SI_UNIT ( $, .STERADIAN. ) SOLID_ANGLE_UNIT ( ) );
#9518 = CARTESIAN_POINT ( 'NONE',  ( 13.66999979734399950, 1.520000000000000018, 2.515000000000000124 ) ) ;
#9519 =( LENGTH_UNIT ( ) NAMED_UNIT ( * ) SI_UNIT ( .MILLI., .METRE. ) );
#9520 = DIRECTION ( 'NONE',  ( 0.5773502691896219563, -0.5773502691896270633, 0.5773502691896282846 ) ) ;
#9521 =( NAMED_UNIT ( * ) SI_UNIT ( $, .STERADIAN. ) SOLID_ANGLE_UNIT ( ) );
#9522 = EDGE_CURVE ( 'NONE', #8771, #12576, #2726, .T. ) ;
#9523 = FACE_OUTER_BOUND ( 'NONE', #10071, .T. ) ;
#9524 = STYLED_ITEM ( 'NONE', ( #4910 ), #23 ) ;
#9525 = ORIENTED_EDGE ( 'NONE', *, *, #10367, .F. ) ;
#9526 = CARTESIAN_POINT ( 'NONE',  ( 18.09999973297100340, 1.270000000000000018, -4.440892098500999885E-16 ) ) ;
#9527 = STYLED_ITEM ( 'NONE', ( #1714 ), #7352 ) ;
#9528 =( NAMED_UNIT ( * ) SI_UNIT ( $, .STERADIAN. ) SOLID_ANGLE_UNIT ( ) );
#9529 = ORIENTED_EDGE ( 'NONE', *, *, #4453, .F. ) ;
#9530 = DIRECTION ( 'NONE',  ( -0.0000000000000000000, -0.0000000000000000000, -1.000000000000000000 ) ) ;
#9531 = ORIENTED_EDGE ( 'NONE', *, *, #292, .T. ) ;
#9532 = LINE ( 'NONE', #2617, #10832 ) ;
#9533 = VECTOR ( 'NONE', #11884, 1000.000000000000000 ) ;
#9534 = STYLED_ITEM ( 'NONE', ( #2413 ), #9132 ) ;
#9535 =( GEOMETRIC_REPRESENTATION_CONTEXT ( 3 ) GLOBAL_UNCERTAINTY_ASSIGNED_CONTEXT ( ( #10013 ) ) GLOBAL_UNIT_ASSIGNED_CONTEXT ( ( #6005, #3967, #4158 ) ) REPRESENTATION_CONTEXT ( 'NONE', 'WORKASPACE' ) );
#9536 = UNCERTAINTY_MEASURE_WITH_UNIT (LENGTH_MEASURE( 1.000000000000000082E-05 ), #10879, 'distance_accuracy_value', 'NONE');
#9537 = AXIS2_PLACEMENT_3D ( 'NONE', #8515, #3883, #1731 ) ;
#9538 = CARTESIAN_POINT ( 'NONE',  ( 18.09999973297100340, 9.709999998510001618, 1.489999998510000090 ) ) ;
#9539 = UNCERTAINTY_MEASURE_WITH_UNIT (LENGTH_MEASURE( 1.000000000000000082E-05 ), #2995, 'distance_accuracy_value', 'NONE');
#9540 = LINE ( 'NONE', #9600, #9009 ) ;
#9541 =( NAMED_UNIT ( * ) PLANE_ANGLE_UNIT ( ) SI_UNIT ( $, .RADIAN. ) );
#9542 = UNCERTAINTY_MEASURE_WITH_UNIT (LENGTH_MEASURE( 1.000000000000000082E-05 ), #6923, 'distance_accuracy_value', 'NONE');
#9543 = CIRCLE ( 'NONE', #6472, 1.590000000000000080 ) ;
#9544 = VERTEX_POINT ( 'NONE', #9270 ) ;
#9545 = AXIS2_PLACEMENT_3D ( 'NONE', #6759, #4515, #3558 ) ;
#9546 = FILL_AREA_STYLE_COLOUR ( '', #3904 ) ;
#9547 = FILL_AREA_STYLE_COLOUR ( '', #9213 ) ;
#9548 = CARTESIAN_POINT ( 'NONE',  ( 14.91999977111800035, 3.809999961852999384, 1.590000000000000080 ) ) ;
#9549 = UNCERTAINTY_MEASURE_WITH_UNIT (LENGTH_MEASURE( 1.000000000000000082E-05 ), #9879, 'distance_accuracy_value', 'NONE');
#9550 = AXIS2_PLACEMENT_3D ( 'NONE', #4938, #1251, #6410 ) ;
#9551 = FILL_AREA_STYLE ('',( #4670 ) ) ;
#9552 = CARTESIAN_POINT ( 'NONE',  ( 10.47999984741199953, 1.820000011921000027, 2.214999988079000115 ) ) ;
#9553 =( LENGTH_UNIT ( ) NAMED_UNIT ( * ) SI_UNIT ( .MILLI., .METRE. ) );
#9554 = VECTOR ( 'NONE', #9639, 1000.000000000000000 ) ;
#9555 = PRESENTATION_STYLE_ASSIGNMENT (( #12513 ) ) ;
#9556 = EDGE_CURVE ( 'NONE', #4576, #6878, #514, .T. ) ;
#9557 = CARTESIAN_POINT ( 'NONE',  ( 15.55999977111799915, 0.3200000000000000067, -2.799999997020000020 ) ) ;
#9558 = ORIENTED_EDGE ( 'NONE', *, *, #7488, .T. ) ;
#9559 = DIRECTION ( 'NONE',  ( 0.0000000000000000000, -1.000000000000000000, -0.0000000000000000000 ) ) ;
#9560 = LINE ( 'NONE', #8455, #12243 ) ;
#9561 = VECTOR ( 'NONE', #11774, 1000.000000000000000 ) ;
#9562 = AXIS2_PLACEMENT_3D ( 'NONE', #1696, #2710, #7422 ) ;
#9563 = EDGE_CURVE ( 'NONE', #7425, #4976, #6694, .T. ) ;
#9564 = FILL_AREA_STYLE ('',( #8842 ) ) ;
#9565 = SURFACE_SIDE_STYLE ('',( #4740 ) ) ;
#9566 = DIRECTION ( 'NONE',  ( 0.0000000000000000000, -1.000000000000000000, -0.0000000000000000000 ) ) ;
#9567 = DIRECTION ( 'NONE',  ( -1.000000000000000000, 0.0000000000000000000, 0.0000000000000000000 ) ) ;
#9568 = COLOUR_RGB ( '',1.000000000000000000, 1.000000000000000000, 0.4980392156862745168 ) ;
#9569 = ORIENTED_EDGE ( 'NONE', *, *, #6979, .T. ) ;
#9570 = FACE_BOUND ( 'NONE', #794, .T. ) ;
#9571 = ORIENTED_EDGE ( 'NONE', *, *, #10900, .T. ) ;
#9572 = SURFACE_SIDE_STYLE ('',( #1761 ) ) ;
#9573 = ORIENTED_EDGE ( 'NONE', *, *, #97, .F. ) ;
#9574 = SURFACE_STYLE_USAGE ( .BOTH. , #7563 ) ;
#9575 = SURFACE_SIDE_STYLE ('',( #811 ) ) ;
#9576 = VECTOR ( 'NONE', #9875, 1000.000000000000000 ) ;
#9577 = CARTESIAN_POINT ( 'NONE',  ( 15.55999977111799915, 1.270000000000000018, -4.440892098500999885E-16 ) ) ;
#9578 = DIRECTION ( 'NONE',  ( 0.0000000000000000000, 1.000000000000000000, 0.0000000000000000000 ) ) ;
#9579 = CARTESIAN_POINT ( 'NONE',  ( 15.55999977111799915, 1.270000000000000018, 1.590000000000000080 ) ) ;
#9580 = SURFACE_SIDE_STYLE ('',( #11780 ) ) ;
#9581 = SURFACE_STYLE_FILL_AREA ( #5660 ) ;
#9582 = CARTESIAN_POINT ( 'NONE',  ( 9.839999847412000733, 0.1199999970199998184, -3.000000000000000000 ) ) ;
#9583 =( GEOMETRIC_REPRESENTATION_CONTEXT ( 3 ) GLOBAL_UNCERTAINTY_ASSIGNED_CONTEXT ( ( #10933 ) ) GLOBAL_UNIT_ASSIGNED_CONTEXT ( ( #8399, #2704, #6605 ) ) REPRESENTATION_CONTEXT ( 'NONE', 'WORKASPACE' ) );
#9584 = ORIENTED_EDGE ( 'NONE', *, *, #3456, .T. ) ;
#9585 = PRESENTATION_STYLE_ASSIGNMENT (( #6754 ) ) ;
#9586 = EDGE_CURVE ( 'NONE', #2343, #4192, #8863, .T. ) ;
#9587 =( NAMED_UNIT ( * ) PLANE_ANGLE_UNIT ( ) SI_UNIT ( $, .RADIAN. ) );
#9588 = ORIENTED_EDGE ( 'NONE', *, *, #5187, .T. ) ;
#9589 = DIRECTION ( 'NONE',  ( -0.0000000000000000000, -0.0000000000000000000, 1.000000000000000000 ) ) ;
#9590 = CARTESIAN_POINT ( 'NONE',  ( 2.859999961853000094, 9.609999997019999185, 0.9499999999999999556 ) ) ;
#9591 = EDGE_LOOP ( 'NONE', ( #7898, #4647, #3080, #4102 ) ) ;
#9592 = SURFACE_STYLE_FILL_AREA ( #5908 ) ;
#9593 = FACE_OUTER_BOUND ( 'NONE', #12007, .T. ) ;
#9594 = EDGE_CURVE ( 'NONE', #3230, #883, #1777, .T. ) ;
#9595 = PRESENTATION_LAYER_ASSIGNMENT (  '', '', ( #11616 ) ) ;
#9596 = UNCERTAINTY_MEASURE_WITH_UNIT (LENGTH_MEASURE( 1.000000000000000082E-05 ), #7627, 'distance_accuracy_value', 'NONE');
#9597 = EDGE_CURVE ( 'NONE', #11613, #7995, #11606, .T. ) ;
#9598 = SURFACE_SIDE_STYLE ('',( #6817 ) ) ;
#9599 = VERTEX_POINT ( 'NONE', #8666 ) ;
#9600 = CARTESIAN_POINT ( 'NONE',  ( 12.37999980926499966, 0.3200000000000000067, -2.799999997020000020 ) ) ;
#9601 = EDGE_CURVE ( 'NONE', #1981, #4933, #3987, .T. ) ;
#9602 = CARTESIAN_POINT ( 'NONE',  ( 4.759999923706000224, 1.270000000000000018, 0.9499999999999995115 ) ) ;
#9603 = VERTEX_POINT ( 'NONE', #6929 ) ;
#9604 = ADVANCED_FACE ( 'NONE', ( #3737 ), #5661, .T. ) ;
#9605 = ORIENTED_EDGE ( 'NONE', *, *, #10934, .F. ) ;
#9606 = PRESENTATION_LAYER_ASSIGNMENT (  '', '', ( #3061 ) ) ;
#9607 = DIRECTION ( 'NONE',  ( 6.645562236426607662E-16, -1.000000000000000000, -6.645562236426607662E-16 ) ) ;
#9608 = DIRECTION ( 'NONE',  ( -1.000000000000000000, 0.0000000000000000000, 0.0000000000000000000 ) ) ;
#9609 = CARTESIAN_POINT ( 'NONE',  ( 9.839999847412000733, 1.270000000000000018, 0.9499999999999995115 ) ) ;
#9610 = EDGE_CURVE ( 'NONE', #8652, #6297, #7809, .T. ) ;
#9611 = EDGE_CURVE ( 'NONE', #9203, #10813, #2806, .T. ) ;
#9612 = CARTESIAN_POINT ( 'NONE',  ( 18.09999973297100340, 9.609999997019999185, 1.590000000000000080 ) ) ;
#9613 = PRESENTATION_LAYER_ASSIGNMENT (  '', '', ( #9816 ) ) ;
#9614 = EDGE_LOOP ( 'NONE', ( #10848, #6082, #10784, #2291 ) ) ;
#9615 = DIRECTION ( 'NONE',  ( -0.5773502691896320593, 0.5773502691896219563, 0.5773502691896232886 ) ) ;
#9616 =( LENGTH_UNIT ( ) NAMED_UNIT ( * ) SI_UNIT ( .MILLI., .METRE. ) );
#9617 = ADVANCED_FACE ( 'NONE', ( #10712 ), #2026, .T. ) ;
#9618 = FACE_OUTER_BOUND ( 'NONE', #6695, .T. ) ;
#9619 = EDGE_CURVE ( 'NONE', #8283, #10815, #3241, .T. ) ;
#9620 = MECHANICAL_DESIGN_GEOMETRIC_PRESENTATION_REPRESENTATION (  '', ( #8583 ), #1861 ) ;
#9621 =( LENGTH_UNIT ( ) NAMED_UNIT ( * ) SI_UNIT ( .MILLI., .METRE. ) );
#9622 = LINE ( 'NONE', #7610, #1544 ) ;
#9623 = ORIENTED_EDGE ( 'NONE', *, *, #5956, .F. ) ;
#9624 = EDGE_LOOP ( 'NONE', ( #8797, #10084, #3846, #2121 ) ) ;
#9625 =( GEOMETRIC_REPRESENTATION_CONTEXT ( 3 ) GLOBAL_UNCERTAINTY_ASSIGNED_CONTEXT ( ( #12053 ) ) GLOBAL_UNIT_ASSIGNED_CONTEXT ( ( #810, #6800, #8596 ) ) REPRESENTATION_CONTEXT ( 'NONE', 'WORKASPACE' ) );
#9626 = ORIENTED_EDGE ( 'NONE', *, *, #4307, .T. ) ;
#9627 = ORIENTED_EDGE ( 'NONE', *, *, #7790, .F. ) ;
#9628 = MECHANICAL_DESIGN_GEOMETRIC_PRESENTATION_REPRESENTATION (  '', ( #3291 ), #3087 ) ;
#9629 = CARTESIAN_POINT ( 'NONE',  ( 14.91999977111800035, 1.270000000000000018, 0.9499999999999997335 ) ) ;
#9630 =( NAMED_UNIT ( * ) SI_UNIT ( $, .STERADIAN. ) SOLID_ANGLE_UNIT ( ) );
#9631 = SURFACE_STYLE_FILL_AREA ( #11720 ) ;
#9632 = CARTESIAN_POINT ( 'NONE',  ( 9.839999847412000733, 1.820000011921001137, 0.9499999999999991784 ) ) ;
#9633 = COLOUR_RGB ( '',0.09411764705882352811, 0.09411764705882352811, 0.09411764705882352811 ) ;
#9634 = DIRECTION ( 'NONE',  ( -0.0000000000000000000, -1.000000000000000000, -0.0000000000000000000 ) ) ;
#9635 = DIRECTION ( 'NONE',  ( 0.0000000000000000000, -0.7071067811865474617, -0.7071067811865474617 ) ) ;
#9636 = VECTOR ( 'NONE', #9803, 1000.000000000000000 ) ;
#9637 = ORIENTED_EDGE ( 'NONE', *, *, #6038, .F. ) ;
#9638 = EDGE_CURVE ( 'NONE', #6555, #952, #12095, .T. ) ;
#9639 = DIRECTION ( 'NONE',  ( -0.0000000000000000000, -0.0000000000000000000, 1.000000000000000000 ) ) ;
#9640 = CARTESIAN_POINT ( 'NONE',  ( 5.399999923705999905, -0.3200000000000000067, -3.000000000000000000 ) ) ;
#9641 = DIRECTION ( 'NONE',  ( 0.0000000000000000000, 1.000000000000000000, 1.609823385705999920E-15 ) ) ;
#9642 = VECTOR ( 'NONE', #11067, 1000.000000000000000 ) ;
#9643 = FILL_AREA_STYLE_COLOUR ( '', #6659 ) ;
#9644 = VECTOR ( 'NONE', #10018, 1000.000000000000000 ) ;
#9645 = CARTESIAN_POINT ( 'NONE',  ( 19.04999973297112348, 1.519999999999999796, 0.3250000119208743543 ) ) ;
#9646 = VECTOR ( 'NONE', #332, 1000.000000000000000 ) ;
#9647 = SURFACE_SIDE_STYLE ('',( #7530 ) ) ;
#9648 = VERTEX_POINT ( 'NONE', #7121 ) ;
#9649 = DIRECTION ( 'NONE',  ( -0.0000000000000000000, 1.000000000000000000, 0.0000000000000000000 ) ) ;
#9650 =( NAMED_UNIT ( * ) SI_UNIT ( $, .STERADIAN. ) SOLID_ANGLE_UNIT ( ) );
#9651 = UNCERTAINTY_MEASURE_WITH_UNIT (LENGTH_MEASURE( 1.000000000000000082E-05 ), #7567, 'distance_accuracy_value', 'NONE');
#9652 = ADVANCED_FACE ( 'NONE', ( #9000 ), #5014, .F. ) ;
#9653 = ORIENTED_EDGE ( 'NONE', *, *, #5622, .T. ) ;
#9654 =( NAMED_UNIT ( * ) SI_UNIT ( $, .STERADIAN. ) SOLID_ANGLE_UNIT ( ) );
#9655 = VERTEX_POINT ( 'NONE', #4051 ) ;
#9656 = SURFACE_SIDE_STYLE ('',( #8822 ) ) ;
#9657 = LINE ( 'NONE', #5682, #10662 ) ;
#9658 =( NAMED_UNIT ( * ) SI_UNIT ( $, .STERADIAN. ) SOLID_ANGLE_UNIT ( ) );
#9659 = LINE ( 'NONE', #2695, #786 ) ;
#9660 = VECTOR ( 'NONE', #5202, 1000.000000000000114 ) ;
#9661 = SURFACE_STYLE_USAGE ( .BOTH. , #11761 ) ;
#9662 = CARTESIAN_POINT ( 'NONE',  ( 17.45999973297099928, -0.3199999999999999512, -4.388850394221508810E-16 ) ) ;
#9663 = PLANE ( 'NONE',  #3902 ) ;
#9664 = EDGE_CURVE ( 'NONE', #1881, #3783, #1258, .T. ) ;
#9665 = FACE_OUTER_BOUND ( 'NONE', #8213, .T. ) ;
#9666 = VERTEX_POINT ( 'NONE', #3113 ) ;
#9667 = SURFACE_STYLE_FILL_AREA ( #8637 ) ;
#9668 = CARTESIAN_POINT ( 'NONE',  ( 7.939999885558998827, 1.820000011921000471, 1.589999999999999414 ) ) ;
#9669 = LINE ( 'NONE', #11697, #6716 ) ;
#9670 = FILL_AREA_STYLE ('',( #5745 ) ) ;
#9671 = ADVANCED_FACE ( 'NONE', ( #385 ), #9128, .T. ) ;
#9672 =( NAMED_UNIT ( * ) PLANE_ANGLE_UNIT ( ) SI_UNIT ( $, .RADIAN. ) );
#9673 = DIRECTION ( 'NONE',  ( 1.000000000000000000, -0.0000000000000000000, 0.0000000000000000000 ) ) ;
#9674 = DIRECTION ( 'NONE',  ( 1.000000000000000000, -0.0000000000000000000, 0.0000000000000000000 ) ) ;
#9675 = VERTEX_POINT ( 'NONE', #8210 ) ;
#9676 = AXIS2_PLACEMENT_3D ( 'NONE', #6178, #6305, #7254 ) ;
#9677 =( LENGTH_UNIT ( ) NAMED_UNIT ( * ) SI_UNIT ( .MILLI., .METRE. ) );
#9678 = ORIENTED_EDGE ( 'NONE', *, *, #1064, .T. ) ;
#9679 = ORIENTED_EDGE ( 'NONE', *, *, #12391, .T. ) ;
#9680 = ORIENTED_EDGE ( 'NONE', *, *, #7257, .F. ) ;
#9681 = FILL_AREA_STYLE ('',( #11597 ) ) ;
#9682 = CARTESIAN_POINT ( 'NONE',  ( 3.659999955892999868, 1.520000000000000018, 2.364999994040000164 ) ) ;
#9683 = CARTESIAN_POINT ( 'NONE',  ( 16.20999975919700020, 1.520000000000000018, 0.02500000000000000139 ) ) ;
#9684 = VECTOR ( 'NONE', #4289, 1000.000000000000000 ) ;
#9685 =( GEOMETRIC_REPRESENTATION_CONTEXT ( 3 ) GLOBAL_UNCERTAINTY_ASSIGNED_CONTEXT ( ( #971 ) ) GLOBAL_UNIT_ASSIGNED_CONTEXT ( ( #3868, #4708, #2090 ) ) REPRESENTATION_CONTEXT ( 'NONE', 'WORKASPACE' ) );
#9686 = FILL_AREA_STYLE ('',( #9824 ) ) ;
#9687 = VECTOR ( 'NONE', #863, 1000.000000000000000 ) ;
#9688 = LINE ( 'NONE', #10708, #7482 ) ;
#9689 = PRESENTATION_STYLE_ASSIGNMENT (( #6806 ) ) ;
#9690 = CARTESIAN_POINT ( 'NONE',  ( 17.45999973297099928, 1.270000000000000018, 1.589999999999999858 ) ) ;
#9691 = DIRECTION ( 'NONE',  ( -1.000000000000000000, -0.0000000000000000000, 0.0000000000000000000 ) ) ;
#9692 = ORIENTED_EDGE ( 'NONE', *, *, #6666, .T. ) ;
#9693 = ADVANCED_FACE ( 'NONE', ( #1637 ), #4436, .T. ) ;
#9694 = VECTOR ( 'NONE', #2648, 1000.000000000000000 ) ;
#9695 =( GEOMETRIC_REPRESENTATION_CONTEXT ( 3 ) GLOBAL_UNCERTAINTY_ASSIGNED_CONTEXT ( ( #8759 ) ) GLOBAL_UNIT_ASSIGNED_CONTEXT ( ( #8217, #12358, #6503 ) ) REPRESENTATION_CONTEXT ( 'NONE', 'WORKASPACE' ) );
#9696 = EDGE_LOOP ( 'NONE', ( #12276, #9480, #1047, #5986 ) ) ;
#9697 =( NAMED_UNIT ( * ) PLANE_ANGLE_UNIT ( ) SI_UNIT ( $, .RADIAN. ) );
#9698 = VERTEX_POINT ( 'NONE', #5324 ) ;
#9699 = AXIS2_PLACEMENT_3D ( 'NONE', #269, #7132, #2351 ) ;
#9700 = PRESENTATION_LAYER_ASSIGNMENT (  '', '', ( #333 ) ) ;
#9701 = SURFACE_STYLE_USAGE ( .BOTH. , #5667 ) ;
#9702 = EDGE_LOOP ( 'NONE', ( #9093, #11080, #9396, #4762 ) ) ;
#9703 = FILL_AREA_STYLE_COLOUR ( '', #4198 ) ;
#9704 = PLANE ( 'NONE',  #8072 ) ;
#9705 = UNCERTAINTY_MEASURE_WITH_UNIT (LENGTH_MEASURE( 1.000000000000000082E-05 ), #919, 'distance_accuracy_value', 'NONE');
#9706 = PRESENTATION_LAYER_ASSIGNMENT (  '', '', ( #6436 ) ) ;
#9707 = AXIS2_PLACEMENT_3D ( 'NONE', #11849, #11017, #2204 ) ;
#9708 = EDGE_CURVE ( 'NONE', #20, #10979, #6554, .T. ) ;
#9709 =( GEOMETRIC_REPRESENTATION_CONTEXT ( 3 ) GLOBAL_UNCERTAINTY_ASSIGNED_CONTEXT ( ( #11946 ) ) GLOBAL_UNIT_ASSIGNED_CONTEXT ( ( #2290, #11103, #5398 ) ) REPRESENTATION_CONTEXT ( 'NONE', 'WORKASPACE' ) );
#9710 = AXIS2_PLACEMENT_3D ( 'NONE', #11219, #12223, #1694 ) ;
#9711 =( GEOMETRIC_REPRESENTATION_CONTEXT ( 3 ) GLOBAL_UNCERTAINTY_ASSIGNED_CONTEXT ( ( #6637 ) ) GLOBAL_UNIT_ASSIGNED_CONTEXT ( ( #12511, #2642, #4792 ) ) REPRESENTATION_CONTEXT ( 'NONE', 'WORKASPACE' ) );
#9712 = AXIS2_PLACEMENT_3D ( 'NONE', #955, #8671, #12555 ) ;
#9713 = DIRECTION ( 'NONE',  ( -1.000000000000000000, 0.0000000000000000000, 0.0000000000000000000 ) ) ;
#9714 = ORIENTED_EDGE ( 'NONE', *, *, #301, .T. ) ;
#9715 = FILL_AREA_STYLE_COLOUR ( '', #1349 ) ;
#9716 =( NAMED_UNIT ( * ) SI_UNIT ( $, .STERADIAN. ) SOLID_ANGLE_UNIT ( ) );
#9717 = ORIENTED_EDGE ( 'NONE', *, *, #11259, .T. ) ;
#9718 = PLANE ( 'NONE',  #9537 ) ;
#9719 = AXIS2_PLACEMENT_3D ( 'NONE', #7108, #9044, #10067 ) ;
#9720 =( NAMED_UNIT ( * ) SI_UNIT ( $, .STERADIAN. ) SOLID_ANGLE_UNIT ( ) );
#9721 = MECHANICAL_DESIGN_GEOMETRIC_PRESENTATION_REPRESENTATION (  '', ( #8695 ), #6464 ) ;
#9722 = SURFACE_SIDE_STYLE ('',( #2239 ) ) ;
#9723 = PRESENTATION_LAYER_ASSIGNMENT (  '', '', ( #2987 ) ) ;
#9724 =( GEOMETRIC_REPRESENTATION_CONTEXT ( 3 ) GLOBAL_UNCERTAINTY_ASSIGNED_CONTEXT ( ( #12255 ) ) GLOBAL_UNIT_ASSIGNED_CONTEXT ( ( #6602, #4607, #11640 ) ) REPRESENTATION_CONTEXT ( 'NONE', 'WORKASPACE' ) );
#9725 =( GEOMETRIC_REPRESENTATION_CONTEXT ( 3 ) GLOBAL_UNCERTAINTY_ASSIGNED_CONTEXT ( ( #1725 ) ) GLOBAL_UNIT_ASSIGNED_CONTEXT ( ( #879, #2608, #8743 ) ) REPRESENTATION_CONTEXT ( 'NONE', 'WORKASPACE' ) );
#9726 = DIRECTION ( 'NONE',  ( -1.000000000000000000, 0.0000000000000000000, 0.0000000000000000000 ) ) ;
#9727 = COLOUR_RGB ( '',0.09411764705882352811, 0.09411764705882352811, 0.09411764705882352811 ) ;
#9728 = DIRECTION ( 'NONE',  ( -1.000000000000000000, -0.0000000000000000000, -0.0000000000000000000 ) ) ;
#9729 = CARTESIAN_POINT ( 'NONE',  ( 11.42999980926500037, 3.809999961852995831, 2.515000000000000124 ) ) ;
#9730 = VECTOR ( 'NONE', #10039, 999.9999999999998863 ) ;
#9731 = PRESENTATION_LAYER_ASSIGNMENT (  '', '', ( #3197 ) ) ;
#9732 = PRESENTATION_STYLE_ASSIGNMENT (( #849 ) ) ;
#9733 = MECHANICAL_DESIGN_GEOMETRIC_PRESENTATION_REPRESENTATION (  '', ( #962 ), #9130 ) ;
#9734 = MECHANICAL_DESIGN_GEOMETRIC_PRESENTATION_REPRESENTATION (  '', ( #5017 ), #4199 ) ;
#9735 = PRESENTATION_STYLE_ASSIGNMENT (( #10810 ) ) ;
#9736 = DIRECTION ( 'NONE',  ( -1.000000000000000000, 0.0000000000000000000, 0.0000000000000000000 ) ) ;
#9737 = VECTOR ( 'NONE', #9857, 1000.000000000000114 ) ;
#9738 = ORIENTED_EDGE ( 'NONE', *, *, #6139, .T. ) ;
#9739 = ORIENTED_EDGE ( 'NONE', *, *, #2545, .T. ) ;
#9740 = EDGE_CURVE ( 'NONE', #12207, #11865, #10334, .T. ) ;
#9741 =( NAMED_UNIT ( * ) PLANE_ANGLE_UNIT ( ) SI_UNIT ( $, .RADIAN. ) );
#9742 = FACE_OUTER_BOUND ( 'NONE', #2324, .T. ) ;
#9743 =( GEOMETRIC_REPRESENTATION_CONTEXT ( 3 ) GLOBAL_UNCERTAINTY_ASSIGNED_CONTEXT ( ( #10800 ) ) GLOBAL_UNIT_ASSIGNED_CONTEXT ( ( #5134, #11906, #11852 ) ) REPRESENTATION_CONTEXT ( 'NONE', 'WORKASPACE' ) );
#9744 = EDGE_CURVE ( 'NONE', #5491, #7995, #9254, .T. ) ;
#9745 = COLOUR_RGB ( '',1.000000000000000000, 1.000000000000000000, 0.4980392156862745168 ) ;
#9746 = SURFACE_STYLE_FILL_AREA ( #5569 ) ;
#9747 = FACE_BOUND ( 'NONE', #8493, .T. ) ;
#9748 = ORIENTED_EDGE ( 'NONE', *, *, #1803, .F. ) ;
#9749 = ORIENTED_EDGE ( 'NONE', *, *, #4487, .T. ) ;
#9750 = COLOUR_RGB ( '',1.000000000000000000, 1.000000000000000000, 0.4980392156862745168 ) ;
#9751 = EDGE_CURVE ( 'NONE', #4896, #9836, #12228, .T. ) ;
#9752 = ORIENTED_EDGE ( 'NONE', *, *, #7769, .F. ) ;
#9753 = VECTOR ( 'NONE', #6622, 1000.000000000000000 ) ;
#9754 = FILL_AREA_STYLE ('',( #5648 ) ) ;
#9755 = ORIENTED_EDGE ( 'NONE', *, *, #4807, .T. ) ;
#9756 = PRESENTATION_LAYER_ASSIGNMENT (  '', '', ( #10379 ) ) ;
#9757 = EDGE_CURVE ( 'NONE', #8440, #9203, #9502, .T. ) ;
#9758 =( NAMED_UNIT ( * ) SI_UNIT ( $, .STERADIAN. ) SOLID_ANGLE_UNIT ( ) );
#9759 =( LENGTH_UNIT ( ) NAMED_UNIT ( * ) SI_UNIT ( .MILLI., .METRE. ) );
#9760 = PLANE ( 'NONE',  #2071 ) ;
#9761 = SURFACE_STYLE_USAGE ( .BOTH. , #3852 ) ;
#9762 = PRESENTATION_STYLE_ASSIGNMENT (( #5837 ) ) ;
#9763 = LINE ( 'NONE', #7805, #12178 ) ;
#9764 = DIRECTION ( 'NONE',  ( -0.0000000000000000000, -1.000000000000000000, 0.0000000000000000000 ) ) ;
#9765 = VECTOR ( 'NONE', #10492, 1000.000000000000114 ) ;
#9766 = EDGE_CURVE ( 'NONE', #1097, #1981, #12351, .T. ) ;
#9767 = CARTESIAN_POINT ( 'NONE',  ( 7.299999885559000035, -0.1199999970200000127, -3.000000000000000000 ) ) ;
#9768 = AXIS2_PLACEMENT_3D ( 'NONE', #5290, #10177, #5243 ) ;
#9769 = PRESENTATION_STYLE_ASSIGNMENT (( #941 ) ) ;
#9770 = ORIENTED_EDGE ( 'NONE', *, *, #10321, .F. ) ;
#9771 = SURFACE_SIDE_STYLE ('',( #3053 ) ) ;
#9772 = EDGE_LOOP ( 'NONE', ( #818, #5297, #5553, #6208 ) ) ;
#9773 = EDGE_CURVE ( 'NONE', #4852, #3316, #2417, .T. ) ;
#9774 = LINE ( 'NONE', #10601, #5592 ) ;
#9775 = ORIENTED_EDGE ( 'NONE', *, *, #4054, .T. ) ;
#9776 = CARTESIAN_POINT ( 'NONE',  ( 8.739999879598999044, 3.809999961853000716, 0.1750000059600015367 ) ) ;
#9777 = DIRECTION ( 'NONE',  ( 0.0000000000000000000, -0.0000000000000000000, -1.000000000000000000 ) ) ;
#9778 = EDGE_CURVE ( 'NONE', #12576, #7956, #11412, .T. ) ;
#9779 = MECHANICAL_DESIGN_GEOMETRIC_PRESENTATION_REPRESENTATION (  '', ( #10193 ), #1204 ) ;
#9780 = UNCERTAINTY_MEASURE_WITH_UNIT (LENGTH_MEASURE( 1.000000000000000082E-05 ), #2805, 'distance_accuracy_value', 'NONE');
#9781 = EDGE_CURVE ( 'NONE', #11314, #7531, #11283, .T. ) ;
#9782 = ORIENTED_EDGE ( 'NONE', *, *, #6320, .T. ) ;
#9783 = LINE ( 'NONE', #3064, #4612 ) ;
#9784 = SURFACE_STYLE_USAGE ( .BOTH. , #10483 ) ;
#9785 = UNCERTAINTY_MEASURE_WITH_UNIT (LENGTH_MEASURE( 1.000000000000000082E-05 ), #2708, 'distance_accuracy_value', 'NONE');
#9786 = CARTESIAN_POINT ( 'NONE',  ( 15.55999977111799915, 9.709999998510001618, 1.489999998510000090 ) ) ;
#9787 = EDGE_LOOP ( 'NONE', ( #12201, #2625, #2046, #6999, #6148, #9573, #7698, #2658 ) ) ;
#9788 = DIRECTION ( 'NONE',  ( 0.0000000000000000000, -0.0000000000000000000, 1.000000000000000000 ) ) ;
#9789 = FILL_AREA_STYLE ('',( #1085 ) ) ;
#9790 = ADVANCED_FACE ( 'NONE', ( #5377 ), #2655, .T. ) ;
#9791 = FILL_AREA_STYLE ('',( #4911 ) ) ;
#9792 = FACE_OUTER_BOUND ( 'NONE', #10148, .T. ) ;
#9793 = CYLINDRICAL_SURFACE ( 'NONE', #8478, 1.590000000000000080 ) ;
#9794 = CARTESIAN_POINT ( 'NONE',  ( 4.759999923706000224, 1.270000000000000018, 1.590000000000000080 ) ) ;
#9795 = COLOUR_RGB ( '',1.000000000000000000, 1.000000000000000000, 0.4980392156862745168 ) ;
#9796 = CARTESIAN_POINT ( 'NONE',  ( 5.399999923705999905, 1.270000000000000018, -4.440892098500999885E-16 ) ) ;
#9797 =( LENGTH_UNIT ( ) NAMED_UNIT ( * ) SI_UNIT ( .MILLI., .METRE. ) );
#9798 = SURFACE_STYLE_FILL_AREA ( #3835 ) ;
#9799 = ORIENTED_EDGE ( 'NONE', *, *, #11601, .T. ) ;
#9800 = ORIENTED_EDGE ( 'NONE', *, *, #3126, .F. ) ;
#9801 = CARTESIAN_POINT ( 'NONE',  ( 1.269999961852749104, 3.809999961852999828, 2.214999988079251025 ) ) ;
#9802 =( GEOMETRIC_REPRESENTATION_CONTEXT ( 3 ) GLOBAL_UNCERTAINTY_ASSIGNED_CONTEXT ( ( #11304 ) ) GLOBAL_UNIT_ASSIGNED_CONTEXT ( ( #11912, #2025, #3924 ) ) REPRESENTATION_CONTEXT ( 'NONE', 'WORKASPACE' ) );
#9803 = DIRECTION ( 'NONE',  ( 0.0000000000000000000, 0.0000000000000000000, -1.000000000000000000 ) ) ;
#9804 = DIRECTION ( 'NONE',  ( 0.0000000000000000000, -1.000000000000000000, -1.332267629549999902E-15 ) ) ;
#9805 = EDGE_CURVE ( 'NONE', #5969, #11613, #6737, .T. ) ;
#9806 = DIRECTION ( 'NONE',  ( 0.0000000000000000000, -1.510616709811000052E-15, 1.000000000000000000 ) ) ;
#9807 = ORIENTED_EDGE ( 'NONE', *, *, #7637, .F. ) ;
#9808 =( GEOMETRIC_REPRESENTATION_CONTEXT ( 3 ) GLOBAL_UNCERTAINTY_ASSIGNED_CONTEXT ( ( #9405 ) ) GLOBAL_UNIT_ASSIGNED_CONTEXT ( ( #8622, #11502, #5675 ) ) REPRESENTATION_CONTEXT ( 'NONE', 'WORKASPACE' ) );
#9809 = FACE_OUTER_BOUND ( 'NONE', #3058, .T. ) ;
#9810 = ORIENTED_EDGE ( 'NONE', *, *, #12430, .F. ) ;
#9811 = ADVANCED_FACE ( 'NONE', ( #9809 ), #2009, .T. ) ;
#9812 = ORIENTED_EDGE ( 'NONE', *, *, #11294, .T. ) ;
#9813 = EDGE_CURVE ( 'NONE', #7795, #10005, #4744, .T. ) ;
#9814 = DIRECTION ( 'NONE',  ( 1.000000000000000000, 0.0000000000000000000, -0.0000000000000000000 ) ) ;
#9815 = ORIENTED_EDGE ( 'NONE', *, *, #11138, .F. ) ;
#9816 = STYLED_ITEM ( 'NONE', ( #10421 ), #5496 ) ;
#9817 = FILL_AREA_STYLE_COLOUR ( '', #6454 ) ;
#9818 = FILL_AREA_STYLE_COLOUR ( '', #6638 ) ;
#9819 = SURFACE_STYLE_USAGE ( .BOTH. , #3233 ) ;
#9820 = DIRECTION ( 'NONE',  ( 0.0000000000000000000, 1.000000000000000000, -0.0000000000000000000 ) ) ;
#9821 = SURFACE_SIDE_STYLE ('',( #8789 ) ) ;
#9822 = PRESENTATION_STYLE_ASSIGNMENT (( #8790 ) ) ;
#9823 = PRODUCT_DEFINITION_SHAPE ( 'NONE', 'NONE',  #12613 ) ;
#9824 = FILL_AREA_STYLE_COLOUR ( '', #1536 ) ;
#9825 = SURFACE_STYLE_USAGE ( .BOTH. , #5843 ) ;
#9826 = FACE_OUTER_BOUND ( 'NONE', #12477, .T. ) ;
#9827 = PRESENTATION_LAYER_ASSIGNMENT (  '', '', ( #11456 ) ) ;
#9828 = FILL_AREA_STYLE ('',( #6870 ) ) ;
#9829 = DIRECTION ( 'NONE',  ( 0.7071067811865474617, 0.0000000000000000000, 0.7071067811865474617 ) ) ;
#9830 = ORIENTED_EDGE ( 'NONE', *, *, #10458, .T. ) ;
#9831 = FILL_AREA_STYLE ('',( #11915 ) ) ;
#9832 = MECHANICAL_DESIGN_GEOMETRIC_PRESENTATION_REPRESENTATION (  '', ( #8186 ), #2064 ) ;
#9833 = EDGE_CURVE ( 'NONE', #7365, #8324, #3784, .T. ) ;
#9834 = VERTEX_POINT ( 'NONE', #7679 ) ;
#9835 = CARTESIAN_POINT ( 'NONE',  ( 16.50999973297099999, 1.519999999999999574, 0.3250000119209999760 ) ) ;
#9836 = VERTEX_POINT ( 'NONE', #11708 ) ;
#9837 = FACE_OUTER_BOUND ( 'NONE', #10495, .T. ) ;
#9838 = ORIENTED_EDGE ( 'NONE', *, *, #11955, .T. ) ;
#9839 =( NAMED_UNIT ( * ) SI_UNIT ( $, .STERADIAN. ) SOLID_ANGLE_UNIT ( ) );
#9840 = SURFACE_STYLE_USAGE ( .BOTH. , #6636 ) ;
#9841 = PRESENTATION_LAYER_ASSIGNMENT (  '', '', ( #5718 ) ) ;
#9842 =( LENGTH_UNIT ( ) NAMED_UNIT ( * ) SI_UNIT ( .MILLI., .METRE. ) );
#9843 = DIRECTION ( 'NONE',  ( 0.0000000000000000000, -1.000000000000000000, -1.332267629549999902E-15 ) ) ;
#9844 = ORIENTED_EDGE ( 'NONE', *, *, #6088, .T. ) ;
#9845 = MECHANICAL_DESIGN_GEOMETRIC_PRESENTATION_REPRESENTATION (  '', ( #11056 ), #7363 ) ;
#9846 = MECHANICAL_DESIGN_GEOMETRIC_PRESENTATION_REPRESENTATION (  '', ( #6370 ), #11472 ) ;
#9847 = DIRECTION ( 'NONE',  ( -0.0000000000000000000, 1.000000000000000000, 1.332267629549999902E-15 ) ) ;
#9848 = ORIENTED_EDGE ( 'NONE', *, *, #8412, .F. ) ;
#9849 = PRESENTATION_LAYER_ASSIGNMENT (  '', '', ( #6149 ) ) ;
#9850 = CARTESIAN_POINT ( 'NONE',  ( 0.3199999999999999512, 1.820000011921000027, 2.214999988079000115 ) ) ;
#9851 = CARTESIAN_POINT ( 'NONE',  ( 7.939999885558998827, 0.3200000000000000067, -3.000000000000000000 ) ) ;
#9852 = PRESENTATION_STYLE_ASSIGNMENT (( #4788 ) ) ;
#9853 = MECHANICAL_DESIGN_GEOMETRIC_PRESENTATION_REPRESENTATION (  '', ( #874 ), #2903 ) ;
#9854 = CARTESIAN_POINT ( 'NONE',  ( 13.01999980926500200, 9.609999997019999185, 0.9499999999999999556 ) ) ;
#9855 =( LENGTH_UNIT ( ) NAMED_UNIT ( * ) SI_UNIT ( .MILLI., .METRE. ) );
#9856 = DIRECTION ( 'NONE',  ( 0.0000000000000000000, 1.000000000000000000, 0.0000000000000000000 ) ) ;
#9857 = DIRECTION ( 'NONE',  ( -0.7071067811865474617, -0.0000000000000000000, 0.7071067811865474617 ) ) ;
#9858 = ORIENTED_EDGE ( 'NONE', *, *, #8163, .F. ) ;
#9859 = DIRECTION ( 'NONE',  ( -0.7071067811865474617, 0.0000000000000000000, -0.7071067811865474617 ) ) ;
#9860 = ORIENTED_EDGE ( 'NONE', *, *, #11086, .T. ) ;
#9861 = LINE ( 'NONE', #5987, #6482 ) ;
#9862 = SURFACE_STYLE_FILL_AREA ( #10945 ) ;
#9863 = LINE ( 'NONE', #4090, #1382 ) ;
#9864 = SURFACE_SIDE_STYLE ('',( #5121 ) ) ;
#9865 = SURFACE_STYLE_USAGE ( .BOTH. , #179 ) ;
#9866 = EDGE_CURVE ( 'NONE', #1679, #6328, #42, .T. ) ;
#9867 = SURFACE_STYLE_FILL_AREA ( #365 ) ;
#9868 = DIRECTION ( 'NONE',  ( 0.0000000000000000000, 0.0000000000000000000, -1.000000000000000000 ) ) ;
#9869 = ORIENTED_EDGE ( 'NONE', *, *, #10425, .T. ) ;
#9870 = EDGE_LOOP ( 'NONE', ( #8514, #12559, #2712, #5310, #1903 ) ) ;
#9871 = FILL_AREA_STYLE_COLOUR ( '', #165 ) ;
#9872 = ORIENTED_EDGE ( 'NONE', *, *, #508, .T. ) ;
#9873 = CARTESIAN_POINT ( 'NONE',  ( 18.74999972104999912, 1.520000000000000018, 0.02500000000000000139 ) ) ;
#9874 = CARTESIAN_POINT ( 'NONE',  ( 0.3200000000000006173, 9.609999997020000961, 1.590000000000000302 ) ) ;
#9875 = DIRECTION ( 'NONE',  ( 0.0000000000000000000, 0.0000000000000000000, 1.000000000000000000 ) ) ;
#9876 =( LENGTH_UNIT ( ) NAMED_UNIT ( * ) SI_UNIT ( .MILLI., .METRE. ) );
#9877 = FILL_AREA_STYLE ('',( #2021 ) ) ;
#9878 =( NAMED_UNIT ( * ) SI_UNIT ( $, .STERADIAN. ) SOLID_ANGLE_UNIT ( ) );
#9879 =( LENGTH_UNIT ( ) NAMED_UNIT ( * ) SI_UNIT ( .MILLI., .METRE. ) );
#9880 = DIRECTION ( 'NONE',  ( -0.5773502691896250649, -0.5773502691896262862, -0.5773502691896261751 ) ) ;
#9881 = LINE ( 'NONE', #1126, #11014 ) ;
#9882 =( NAMED_UNIT ( * ) PLANE_ANGLE_UNIT ( ) SI_UNIT ( $, .RADIAN. ) );
#9883 = ORIENTED_EDGE ( 'NONE', *, *, #1929, .T. ) ;
#9884 = DIRECTION ( 'NONE',  ( 0.0000000000000000000, 1.000000000000000000, 1.609823385705999920E-15 ) ) ;
#9885 = VERTEX_POINT ( 'NONE', #3912 ) ;
#9886 = CARTESIAN_POINT ( 'NONE',  ( 6.349999885558999857, 1.519999999999999130, 2.214999988079000115 ) ) ;
#9887 = ORIENTED_EDGE ( 'NONE', *, *, #3739, .T. ) ;
#9888 = VECTOR ( 'NONE', #4073, 1000.000000000000000 ) ;
#9889 = DIRECTION ( 'NONE',  ( 0.0000000000000000000, -0.0000000000000000000, -1.000000000000000000 ) ) ;
#9890 = EDGE_CURVE ( 'NONE', #555, #4006, #11525, .T. ) ;
#9891 = PRESENTATION_LAYER_ASSIGNMENT (  '', '', ( #2740 ) ) ;
#9892 = SURFACE_STYLE_USAGE ( .BOTH. , #11992 ) ;
#9893 = ADVANCED_FACE ( 'NONE', ( #11592 ), #5887, .F. ) ;
#9894 =( GEOMETRIC_REPRESENTATION_CONTEXT ( 3 ) GLOBAL_UNCERTAINTY_ASSIGNED_CONTEXT ( ( #10168 ) ) GLOBAL_UNIT_ASSIGNED_CONTEXT ( ( #4756, #11966, #9942 ) ) REPRESENTATION_CONTEXT ( 'NONE', 'WORKASPACE' ) );
#9895 = STYLED_ITEM ( 'NONE', ( #6699 ), #11965 ) ;
#9896 = VERTEX_POINT ( 'NONE', #7163 ) ;
#9897 = DIRECTION ( 'NONE',  ( -0.0000000000000000000, 1.000000000000000000, 0.0000000000000000000 ) ) ;
#9898 = AXIS2_PLACEMENT_3D ( 'NONE', #10068, #10955, #182 ) ;
#9899 = VECTOR ( 'NONE', #10407, 1000.000000000000000 ) ;
#9900 = SURFACE_STYLE_USAGE ( .BOTH. , #1217 ) ;
#9901 = UNCERTAINTY_MEASURE_WITH_UNIT (LENGTH_MEASURE( 1.000000000000000082E-05 ), #6921, 'distance_accuracy_value', 'NONE');
#9902 = UNCERTAINTY_MEASURE_WITH_UNIT (LENGTH_MEASURE( 1.000000000000000082E-05 ), #11137, 'distance_accuracy_value', 'NONE');
#9903 = DIRECTION ( 'NONE',  ( 6.670117000593702191E-16, 1.000000000000000000, 6.670117000593702191E-16 ) ) ;
#9904 = ORIENTED_EDGE ( 'NONE', *, *, #6320, .F. ) ;
#9905 = CARTESIAN_POINT ( 'NONE',  ( 11.12999983549100058, 1.520000000000000018, 0.02500000000000000139 ) ) ;
#9906 = EDGE_CURVE ( 'NONE', #7310, #6878, #1295, .T. ) ;
#9907 = CARTESIAN_POINT ( 'NONE',  ( 11.42999984741250152, 1.520000000000000018, 2.214999988079499715 ) ) ;
#9908 = DIRECTION ( 'NONE',  ( -0.0000000000000000000, 1.000000000000000000, 1.510616709811000052E-15 ) ) ;
#9909 = COLOUR_RGB ( '',1.000000000000000000, 1.000000000000000000, 0.4980392156862745168 ) ;
#9910 = CLOSED_SHELL ( 'NONE', ( #1961, #11862, #1631, #12236, #2999, #9652, #7954, #5158, #244, #9008, #5554, #1074, #12013, #12109, #2305, #12184, #9094, #10135 ) ) ;
#9911 = VECTOR ( 'NONE', #4511, 1000.000000000000000 ) ;
#9912 = LINE ( 'NONE', #4077, #1846 ) ;
#9913 = DIRECTION ( 'NONE',  ( 6.645562236426607662E-16, 1.000000000000000000, 6.645562236426607662E-16 ) ) ;
#9914 = VECTOR ( 'NONE', #7789, 1000.000000000000000 ) ;
#9915 = PRESENTATION_LAYER_ASSIGNMENT (  '', '', ( #3772 ) ) ;
#9916 = VECTOR ( 'NONE', #9903, 1000.000000000000000 ) ;
#9917 = PLANE ( 'NONE',  #9768 ) ;
#9918 = PRESENTATION_STYLE_ASSIGNMENT (( #2432 ) ) ;
#9919 =( NAMED_UNIT ( * ) PLANE_ANGLE_UNIT ( ) SI_UNIT ( $, .RADIAN. ) );
#9920 = SURFACE_STYLE_USAGE ( .BOTH. , #5982 ) ;
#9921 = AXIS2_PLACEMENT_3D ( 'NONE', #7414, #10388, #7297 ) ;
#9922 = SURFACE_STYLE_USAGE ( .BOTH. , #4023 ) ;
#9923 = AXIS2_PLACEMENT_3D ( 'NONE', #3503, #6451, #10540 ) ;
#9924 = ORIENTED_EDGE ( 'NONE', *, *, #4463, .F. ) ;
#9925 =( LENGTH_UNIT ( ) NAMED_UNIT ( * ) SI_UNIT ( .MILLI., .METRE. ) );
#9926 = ORIENTED_EDGE ( 'NONE', *, *, #5208, .F. ) ;
#9927 = DIRECTION ( 'NONE',  ( 6.645562236426607662E-16, 1.000000000000000000, 6.645562236426607662E-16 ) ) ;
#9928 = COLOUR_RGB ( '',0.09411764705882352811, 0.09411764705882352811, 0.09411764705882352811 ) ;
#9929 =( GEOMETRIC_REPRESENTATION_CONTEXT ( 3 ) GLOBAL_UNCERTAINTY_ASSIGNED_CONTEXT ( ( #9349 ) ) GLOBAL_UNIT_ASSIGNED_CONTEXT ( ( #5741, #2892, #2836 ) ) REPRESENTATION_CONTEXT ( 'NONE', 'WORKASPACE' ) );
#9930 = MECHANICAL_DESIGN_GEOMETRIC_PRESENTATION_REPRESENTATION (  '', ( #7864 ), #355 ) ;
#9931 = SURFACE_STYLE_USAGE ( .BOTH. , #10817 ) ;
#9932 = EDGE_CURVE ( 'NONE', #3514, #2964, #4037, .T. ) ;
#9933 = DIRECTION ( 'NONE',  ( -0.0000000000000000000, -1.000000000000000000, 0.0000000000000000000 ) ) ;
#9934 = DIRECTION ( 'NONE',  ( -0.5773502691896260641, -0.5773502691896251759, 0.5773502691896260641 ) ) ;
#9935 = DIRECTION ( 'NONE',  ( 0.0000000000000000000, 0.0000000000000000000, 1.000000000000000000 ) ) ;
#9936 = STYLED_ITEM ( 'NONE', ( #10733 ), #12498 ) ;
#9937 = COLOUR_RGB ( '',1.000000000000000000, 1.000000000000000000, 0.4980392156862745168 ) ;
#9938 = FILL_AREA_STYLE_COLOUR ( '', #1306 ) ;
#9939 = MECHANICAL_DESIGN_GEOMETRIC_PRESENTATION_REPRESENTATION (  '', ( #4825 ), #6252 ) ;
#9940 = EDGE_CURVE ( 'NONE', #9834, #10002, #8982, .T. ) ;
#9941 = STYLED_ITEM ( 'NONE', ( #1609 ), #7874 ) ;
#9942 =( NAMED_UNIT ( * ) SI_UNIT ( $, .STERADIAN. ) SOLID_ANGLE_UNIT ( ) );
#9943 = PRESENTATION_STYLE_ASSIGNMENT (( #8054 ) ) ;
#9944 = PRESENTATION_LAYER_ASSIGNMENT (  '', '', ( #2173 ) ) ;
#9945 = FACE_OUTER_BOUND ( 'NONE', #7524, .T. ) ;
#9946 = VERTEX_POINT ( 'NONE', #239 ) ;
#9947 = EDGE_LOOP ( 'NONE', ( #9478, #10312, #1612, #4183, #887 ) ) ;
#9948 = VECTOR ( 'NONE', #12360, 1000.000000000000000 ) ;
#9949 = FACE_OUTER_BOUND ( 'NONE', #10042, .T. ) ;
#9950 = ORIENTED_EDGE ( 'NONE', *, *, #7823, .F. ) ;
#9951 = CARTESIAN_POINT ( 'NONE',  ( 11.42999980926500214, 3.809999961853000272, 0.3250000119210007532 ) ) ;
#9952 = SURFACE_STYLE_FILL_AREA ( #10775 ) ;
#9953 = MECHANICAL_DESIGN_GEOMETRIC_PRESENTATION_REPRESENTATION (  '', ( #9348 ), #11571 ) ;
#9954 = ADVANCED_FACE ( 'NONE', ( #3282, #9945 ), #11843, .T. ) ;
#9955 = SURFACE_SIDE_STYLE ('',( #7998 ) ) ;
#9956 = FILL_AREA_STYLE_COLOUR ( '', #8098 ) ;
#9957 = STYLED_ITEM ( 'NONE', ( #3082 ), #4411 ) ;
#9958 = PLANE ( 'NONE',  #6852 ) ;
#9959 = AXIS2_PLACEMENT_3D ( 'NONE', #5938, #1291, #9935 ) ;
#9960 = CARTESIAN_POINT ( 'NONE',  ( 17.45999973297099928, 9.609999997019999185, 1.590000000000000302 ) ) ;
#9961 = COLOUR_RGB ( '',0.09411764705882352811, 0.09411764705882352811, 0.09411764705882352811 ) ;
#9962 = ORIENTED_EDGE ( 'NONE', *, *, #11583, .F. ) ;
#9963 =( GEOMETRIC_REPRESENTATION_CONTEXT ( 3 ) GLOBAL_UNCERTAINTY_ASSIGNED_CONTEXT ( ( #11440 ) ) GLOBAL_UNIT_ASSIGNED_CONTEXT ( ( #10689, #8779, #5883 ) ) REPRESENTATION_CONTEXT ( 'NONE', 'WORKASPACE' ) );
#9964 = CARTESIAN_POINT ( 'NONE',  ( 0.3200000000000000067, 0.3200000000000000067, -2.799999997020000020 ) ) ;
#9965 = ORIENTED_EDGE ( 'NONE', *, *, #2749, .F. ) ;
#9966 = CARTESIAN_POINT ( 'NONE',  ( 15.35999976813799961, -0.1199999970199998184, -3.000000000000000000 ) ) ;
#9967 = ORIENTED_EDGE ( 'NONE', *, *, #2208, .F. ) ;
#9968 = ORIENTED_EDGE ( 'NONE', *, *, #8030, .F. ) ;
#9969 = CARTESIAN_POINT ( 'NONE',  ( 10.47999984741199953, 3.809999961852999828, 1.590000000000000080 ) ) ;
#9970 = SURFACE_STYLE_USAGE ( .BOTH. , #10661 ) ;
#9971 = VECTOR ( 'NONE', #10744, 1000.000000000000000 ) ;
#9972 = DIRECTION ( 'NONE',  ( 0.0000000000000000000, 1.000000000000000000, 1.554312234475000050E-15 ) ) ;
#9973 = STYLED_ITEM ( 'NONE', ( #5415 ), #8642 ) ;
#9974 = FACE_OUTER_BOUND ( 'NONE', #8020, .T. ) ;
#9975 = ADVANCED_FACE ( 'NONE', ( #2323 ), #6207, .T. ) ;
#9976 = ORIENTED_EDGE ( 'NONE', *, *, #2875, .F. ) ;
#9977 = DIRECTION ( 'NONE',  ( -0.7071067811865475727, -0.7071067811865475727, 0.0000000000000000000 ) ) ;
#9978 = CARTESIAN_POINT ( 'NONE',  ( 2.859999961853000094, 0.3200000000000000067, -2.799999997020000020 ) ) ;
#9979 =( NAMED_UNIT ( * ) PLANE_ANGLE_UNIT ( ) SI_UNIT ( $, .RADIAN. ) );
#9980 = ORIENTED_EDGE ( 'NONE', *, *, #4770, .F. ) ;
#9981 = LINE ( 'NONE', #9024, #1117 ) ;
#9982 = ADVANCED_FACE ( 'NONE', ( #10250 ), #7409, .T. ) ;
#9983 = SURFACE_STYLE_USAGE ( .BOTH. , #5921 ) ;
#9984 = ADVANCED_FACE ( 'NONE', ( #7293 ), #4542, .F. ) ;
#9985 = LINE ( 'NONE', #219, #3986 ) ;
#9986 = CIRCLE ( 'NONE', #11600, 1.590000000000000080 ) ;
#9987 = CARTESIAN_POINT ( 'NONE',  ( 2.859999961853000094, 1.270000000000000018, 1.590000000000000080 ) ) ;
#9988 = SURFACE_SIDE_STYLE ('',( #12067 ) ) ;
#9989 = LINE ( 'NONE', #8121, #5537 ) ;
#9990 = VERTEX_POINT ( 'NONE', #12215 ) ;
#9991 = EDGE_LOOP ( 'NONE', ( #3629, #4303, #4456, #11184 ) ) ;
#9992 = FACE_OUTER_BOUND ( 'NONE', #6936, .T. ) ;
#9993 = EDGE_CURVE ( 'NONE', #3514, #11808, #8393, .T. ) ;
#9994 =( LENGTH_UNIT ( ) NAMED_UNIT ( * ) SI_UNIT ( .MILLI., .METRE. ) );
#9995 = CARTESIAN_POINT ( 'NONE',  ( 9.839999847412000733, 9.810000000000000497, 1.150000002979999936 ) ) ;
#9996 = FACE_OUTER_BOUND ( 'NONE', #4723, .T. ) ;
#9997 = FACE_OUTER_BOUND ( 'NONE', #3226, .T. ) ;
#9998 = CARTESIAN_POINT ( 'NONE',  ( 4.759999923706000224, 9.709999998510001618, 1.050000001489999946 ) ) ;
#9999 = DIRECTION ( 'NONE',  ( 0.0000000000000000000, 0.0000000000000000000, -1.000000000000000000 ) ) ;
#10000 = FACE_OUTER_BOUND ( 'NONE', #6629, .T. ) ;
#10001 = UNCERTAINTY_MEASURE_WITH_UNIT (LENGTH_MEASURE( 1.000000000000000082E-05 ), #5840, 'distance_accuracy_value', 'NONE');
#10002 = VERTEX_POINT ( 'NONE', #8259 ) ;
#10003 = VECTOR ( 'NONE', #8572, 1000.000000000000000 ) ;
#10004 =( NAMED_UNIT ( * ) PLANE_ANGLE_UNIT ( ) SI_UNIT ( $, .RADIAN. ) );
#10005 = VERTEX_POINT ( 'NONE', #11269 ) ;
#10006 = FILL_AREA_STYLE_COLOUR ( '', #4989 ) ;
#10007 = FACE_OUTER_BOUND ( 'NONE', #6625, .T. ) ;
#10008 = DIRECTION ( 'NONE',  ( 1.000000000000000000, -0.0000000000000000000, -0.0000000000000000000 ) ) ;
#10009 = DIRECTION ( 'NONE',  ( 1.000000000000000000, -0.0000000000000000000, 0.0000000000000000000 ) ) ;
#10010 = SURFACE_STYLE_FILL_AREA ( #8857 ) ;
#10011 = ADVANCED_FACE ( 'NONE', ( #8451 ), #12275, .F. ) ;
#10012 = PRESENTATION_LAYER_ASSIGNMENT (  '', '', ( #9201 ) ) ;
#10013 = UNCERTAINTY_MEASURE_WITH_UNIT (LENGTH_MEASURE( 1.000000000000000082E-05 ), #6005, 'distance_accuracy_value', 'NONE');
#10014 = EDGE_CURVE ( 'NONE', #11610, #10287, #10623, .T. ) ;
#10015 = PRESENTATION_STYLE_ASSIGNMENT (( #1304 ) ) ;
#10016 = STYLED_ITEM ( 'NONE', ( #788 ), #2399 ) ;
#10017 =( NAMED_UNIT ( * ) SI_UNIT ( $, .STERADIAN. ) SOLID_ANGLE_UNIT ( ) );
#10018 = DIRECTION ( 'NONE',  ( 0.0000000000000000000, 1.000000000000000000, -0.0000000000000000000 ) ) ;
#10019 = DIRECTION ( 'NONE',  ( 0.0000000000000000000, 1.000000000000000000, 1.332267629549999902E-15 ) ) ;
#10020 = DIRECTION ( 'NONE',  ( -0.7071067811865475727, -0.7071067811865475727, 0.0000000000000000000 ) ) ;
#10021 = ORIENTED_EDGE ( 'NONE', *, *, #3033, .T. ) ;
#10022 = FILL_AREA_STYLE ('',( #11030 ) ) ;
#10023 =( GEOMETRIC_REPRESENTATION_CONTEXT ( 3 ) GLOBAL_UNCERTAINTY_ASSIGNED_CONTEXT ( ( #5163 ) ) GLOBAL_UNIT_ASSIGNED_CONTEXT ( ( #7549, #6604, #1750 ) ) REPRESENTATION_CONTEXT ( 'NONE', 'WORKASPACE' ) );
#10024 = ORIENTED_EDGE ( 'NONE', *, *, #386, .F. ) ;
#10025 = CARTESIAN_POINT ( 'NONE',  ( 14.91999977111800035, -0.3199999999999999512, -4.878909776184769953E-16 ) ) ;
#10026 = VERTEX_POINT ( 'NONE', #911 ) ;
#10027 = VECTOR ( 'NONE', #5611, 1000.000000000000114 ) ;
#10028 = DIRECTION ( 'NONE',  ( -0.0000000000000000000, -1.000000000000000000, -0.0000000000000000000 ) ) ;
#10029 = EDGE_LOOP ( 'NONE', ( #12379, #12437, #6447, #5209, #5455, #8012, #7849, #5114 ) ) ;
#10030 = FACE_OUTER_BOUND ( 'NONE', #3878, .T. ) ;
#10031 = APPLICATION_CONTEXT ( 'automotive_design' ) ;
#10032 = DIRECTION ( 'NONE',  ( -0.7071067811865475727, 0.0000000000000000000, -0.7071067811865475727 ) ) ;
#10033 = DIRECTION ( 'NONE',  ( 0.0000000000000000000, -0.7071067811865474617, -0.7071067811865474617 ) ) ;
#10034 = SURFACE_SIDE_STYLE ('',( #3184 ) ) ;
#10035 = STYLED_ITEM ( 'NONE', ( #4108 ), #3092 ) ;
#10036 = ADVANCED_FACE ( 'NONE', ( #9665 ), #987, .T. ) ;
#10037 = DIRECTION ( 'NONE',  ( 0.7071067811865474617, 0.0000000000000000000, -0.7071067811865474617 ) ) ;
#10038 = ORIENTED_EDGE ( 'NONE', *, *, #5369, .T. ) ;
#10039 = DIRECTION ( 'NONE',  ( -0.5773502691896259531, 0.5773502691896257311, 0.5773502691896256200 ) ) ;
#10040 = FACE_OUTER_BOUND ( 'NONE', #8563, .T. ) ;
#10041 = SURFACE_STYLE_USAGE ( .BOTH. , #2366 ) ;
#10042 = EDGE_LOOP ( 'NONE', ( #12453, #271, #804, #1070, #2991, #10755, #11444, #8781 ) ) ;
#10043 = STYLED_ITEM ( 'NONE', ( #9585 ), #6616 ) ;
#10044 = AXIS2_PLACEMENT_3D ( 'NONE', #5685, #1870, #11691 ) ;
#10045 = LINE ( 'NONE', #336, #9086 ) ;
#10046 = LINE ( 'NONE', #6385, #8284 ) ;
#10047 =( LENGTH_UNIT ( ) NAMED_UNIT ( * ) SI_UNIT ( .MILLI., .METRE. ) );
#10048 =( GEOMETRIC_REPRESENTATION_CONTEXT ( 3 ) GLOBAL_UNCERTAINTY_ASSIGNED_CONTEXT ( ( #7585 ) ) GLOBAL_UNIT_ASSIGNED_CONTEXT ( ( #11458, #9486, #3411 ) ) REPRESENTATION_CONTEXT ( 'NONE', 'WORKASPACE' ) );
#10049 = EDGE_CURVE ( 'NONE', #9444, #4192, #3896, .T. ) ;
#10050 = SURFACE_STYLE_FILL_AREA ( #11193 ) ;
#10051 = EDGE_CURVE ( 'NONE', #4557, #10289, #9487, .T. ) ;
#10052 = VERTEX_POINT ( 'NONE', #5631 ) ;
#10053 = UNCERTAINTY_MEASURE_WITH_UNIT (LENGTH_MEASURE( 1.000000000000000082E-05 ), #4859, 'distance_accuracy_value', 'NONE');
#10054 = FACE_OUTER_BOUND ( 'NONE', #7683, .T. ) ;
#10055 = CARTESIAN_POINT ( 'NONE',  ( 5.399999923705999905, 1.270000000000000018, 1.590000000000000080 ) ) ;
#10056 = CARTESIAN_POINT ( 'NONE',  ( 12.81999980628499891, 9.810000000000000497, 1.389999997020000100 ) ) ;
#10057 = ORIENTED_EDGE ( 'NONE', *, *, #11259, .F. ) ;
#10058 = ORIENTED_EDGE ( 'NONE', *, *, #8129, .T. ) ;
#10059 = CARTESIAN_POINT ( 'NONE',  ( 5.299999922216000137, 9.709999998510001618, 0.9499999999999999556 ) ) ;
#10060 = FILL_AREA_STYLE ('',( #639 ) ) ;
#10061 = MECHANICAL_DESIGN_GEOMETRIC_PRESENTATION_REPRESENTATION (  '', ( #12062 ), #2089 ) ;
#10062 = DIRECTION ( 'NONE',  ( 0.0000000000000000000, 1.554312234475000050E-15, -1.000000000000000000 ) ) ;
#10063 = DIRECTION ( 'NONE',  ( -1.000000000000000000, 0.0000000000000000000, 0.0000000000000000000 ) ) ;
#10064 = PRESENTATION_LAYER_ASSIGNMENT (  '', '', ( #7775 ) ) ;
#10065 = UNCERTAINTY_MEASURE_WITH_UNIT (LENGTH_MEASURE( 1.000000000000000082E-05 ), #12199, 'distance_accuracy_value', 'NONE');
#10066 = CARTESIAN_POINT ( 'NONE',  ( 15.35999976813799961, 9.810000000000000497, 1.150000002979999936 ) ) ;
#10067 = DIRECTION ( 'NONE',  ( -0.7071067811865474617, 0.0000000000000000000, 0.7071067811865474617 ) ) ;
#10068 = CARTESIAN_POINT ( 'NONE',  ( 2.859999961853000094, -0.3200000000000000067, -3.000000000000000000 ) ) ;
#10069 = ORIENTED_EDGE ( 'NONE', *, *, #10690, .T. ) ;
#10070 = SURFACE_STYLE_USAGE ( .BOTH. , #3285 ) ;
#10071 = EDGE_LOOP ( 'NONE', ( #5022, #3093, #4138, #11375 ) ) ;
#10072 = EDGE_CURVE ( 'NONE', #12470, #5590, #7780, .T. ) ;
#10073 = PRESENTATION_STYLE_ASSIGNMENT (( #3231 ) ) ;
#10074 = CARTESIAN_POINT ( 'NONE',  ( 6.649999897479998978, 3.809999961852999384, 2.515000000000001457 ) ) ;
#10075 = DIRECTION ( 'NONE',  ( -1.000000000000000000, -0.0000000000000000000, -0.0000000000000000000 ) ) ;
#10076 = DIRECTION ( 'NONE',  ( 0.0000000000000000000, 1.000000000000000000, 1.609823385705999920E-15 ) ) ;
#10077 =( NAMED_UNIT ( * ) PLANE_ANGLE_UNIT ( ) SI_UNIT ( $, .RADIAN. ) );
#10078 = CONTEXT_DEPENDENT_SHAPE_REPRESENTATION ( #6080, #9823 ) ;
#10079 = PRESENTATION_STYLE_ASSIGNMENT (( #8995 ) ) ;
#10080 = SURFACE_STYLE_FILL_AREA ( #6989 ) ;
#10081 = DIRECTION ( 'NONE',  ( -0.7071067811865474617, 0.0000000000000000000, 0.7071067811865474617 ) ) ;
#10082 = FILL_AREA_STYLE ('',( #6162 ) ) ;
#10083 = ORIENTED_EDGE ( 'NONE', *, *, #6884, .T. ) ;
#10084 = ORIENTED_EDGE ( 'NONE', *, *, #5509, .T. ) ;
#10085 =( NAMED_UNIT ( * ) PLANE_ANGLE_UNIT ( ) SI_UNIT ( $, .RADIAN. ) );
#10086 = VERTEX_POINT ( 'NONE', #8710 ) ;
#10087 = PRESENTATION_STYLE_ASSIGNMENT (( #7128 ) ) ;
#10088 = SURFACE_STYLE_USAGE ( .BOTH. , #9067 ) ;
#10089 =( NAMED_UNIT ( * ) SI_UNIT ( $, .STERADIAN. ) SOLID_ANGLE_UNIT ( ) );
#10090 = FILL_AREA_STYLE_COLOUR ( '', #3399 ) ;
#10091 = DIRECTION ( 'NONE',  ( -0.7071067811865474617, 0.0000000000000000000, -0.7071067811865474617 ) ) ;
#10092 =( LENGTH_UNIT ( ) NAMED_UNIT ( * ) SI_UNIT ( .MILLI., .METRE. ) );
#10093 = ADVANCED_FACE ( 'NONE', ( #4675 ), #9704, .F. ) ;
#10094 =( NAMED_UNIT ( * ) PLANE_ANGLE_UNIT ( ) SI_UNIT ( $, .RADIAN. ) );
#10095 = DIRECTION ( 'NONE',  ( 0.0000000000000000000, 1.618928404167999991E-15, -1.000000000000000000 ) ) ;
#10096 = ORIENTED_EDGE ( 'NONE', *, *, #1974, .T. ) ;
#10097 =( NAMED_UNIT ( * ) SI_UNIT ( $, .STERADIAN. ) SOLID_ANGLE_UNIT ( ) );
#10098 = AXIS2_PLACEMENT_3D ( 'NONE', #848, #2244, #9281 ) ;
#10099 = EDGE_LOOP ( 'NONE', ( #3255, #1022, #8957, #9858 ) ) ;
#10100 = STYLED_ITEM ( 'NONE', ( #580 ), #9489 ) ;
#10101 = FACE_OUTER_BOUND ( 'NONE', #2094, .T. ) ;
#10102 = EDGE_CURVE ( 'NONE', #4689, #4466, #132, .T. ) ;
#10103 =( GEOMETRIC_REPRESENTATION_CONTEXT ( 3 ) GLOBAL_UNCERTAINTY_ASSIGNED_CONTEXT ( ( #2489 ) ) GLOBAL_UNIT_ASSIGNED_CONTEXT ( ( #9335, #8363, #8977 ) ) REPRESENTATION_CONTEXT ( 'NONE', 'WORKASPACE' ) );
#10104 =( GEOMETRIC_REPRESENTATION_CONTEXT ( 3 ) GLOBAL_UNCERTAINTY_ASSIGNED_CONTEXT ( ( #10920 ) ) GLOBAL_UNIT_ASSIGNED_CONTEXT ( ( #3445, #6383, #2549 ) ) REPRESENTATION_CONTEXT ( 'NONE', 'WORKASPACE' ) );
#10105 = VECTOR ( 'NONE', #498, 1000.000000000000000 ) ;
#10106 = FILL_AREA_STYLE_COLOUR ( '', #2119 ) ;
#10107 = ORIENTED_EDGE ( 'NONE', *, *, #2194, .T. ) ;
#10108 = LINE ( 'NONE', #9157, #629 ) ;
#10109 = DIRECTION ( 'NONE',  ( -0.0000000000000000000, -1.000000000000000000, -0.0000000000000000000 ) ) ;
#10110 = VERTEX_POINT ( 'NONE', #1970 ) ;
#10111 = DIRECTION ( 'NONE',  ( -0.0000000000000000000, 1.000000000000000000, 1.510616709811000052E-15 ) ) ;
#10112 = ORIENTED_EDGE ( 'NONE', *, *, #6478, .F. ) ;
#10113 =( LENGTH_UNIT ( ) NAMED_UNIT ( * ) SI_UNIT ( .MILLI., .METRE. ) );
#10114 = FACE_OUTER_BOUND ( 'NONE', #8864, .T. ) ;
#10115 = STYLED_ITEM ( 'NONE', ( #5704 ), #11293 ) ;
#10116 = PRESENTATION_LAYER_ASSIGNMENT (  '', '', ( #3567 ) ) ;
#10117 = LINE ( 'NONE', #8972, #1683 ) ;
#10118 = MECHANICAL_DESIGN_GEOMETRIC_PRESENTATION_REPRESENTATION (  '', ( #12528 ), #7218 ) ;
#10119 =( NAMED_UNIT ( * ) PLANE_ANGLE_UNIT ( ) SI_UNIT ( $, .RADIAN. ) );
#10120 =( GEOMETRIC_REPRESENTATION_CONTEXT ( 3 ) GLOBAL_UNCERTAINTY_ASSIGNED_CONTEXT ( ( #6912 ) ) GLOBAL_UNIT_ASSIGNED_CONTEXT ( ( #4167, #8075, #10326 ) ) REPRESENTATION_CONTEXT ( 'NONE', 'WORKASPACE' ) );
#10121 = STYLED_ITEM ( 'NONE', ( #428 ), #12277 ) ;
#10122 =( NAMED_UNIT ( * ) PLANE_ANGLE_UNIT ( ) SI_UNIT ( $, .RADIAN. ) );
#10123 = VECTOR ( 'NONE', #2542, 1000.000000000000114 ) ;
#10124 = DIRECTION ( 'NONE',  ( -1.000000000000000000, 0.0000000000000000000, 0.0000000000000000000 ) ) ;
#10125 = CARTESIAN_POINT ( 'NONE',  ( -1.270000000000249152, 3.809999961853000272, 0.3250000119207507865 ) ) ;
#10126 = FILL_AREA_STYLE ('',( #4223 ) ) ;
#10127 = MECHANICAL_DESIGN_GEOMETRIC_PRESENTATION_REPRESENTATION (  '', ( #10100 ), #11112 ) ;
#10128 = EDGE_CURVE ( 'NONE', #10536, #5146, #10793, .T. ) ;
#10129 = VECTOR ( 'NONE', #5771, 1000.000000000000000 ) ;
#10130 = ORIENTED_EDGE ( 'NONE', *, *, #5218, .F. ) ;
#10131 = SURFACE_SIDE_STYLE ('',( #11145 ) ) ;
#10132 = PLANE ( 'NONE',  #7644 ) ;
#10133 = ORIENTED_EDGE ( 'NONE', *, *, #5801, .T. ) ;
#10134 = SURFACE_SIDE_STYLE ('',( #4347 ) ) ;
#10135 = ADVANCED_FACE ( 'NONE', ( #6763 ), #3999, .T. ) ;
#10136 = FACE_OUTER_BOUND ( 'NONE', #10270, .T. ) ;
#10137 = VECTOR ( 'NONE', #5124, 1000.000000000000000 ) ;
#10138 = SURFACE_STYLE_FILL_AREA ( #2408 ) ;
#10139 = PRESENTATION_LAYER_ASSIGNMENT (  '', '', ( #8502 ) ) ;
#10140 = LINE ( 'NONE', #8076, #5401 ) ;
#10141 =( LENGTH_UNIT ( ) NAMED_UNIT ( * ) SI_UNIT ( .MILLI., .METRE. ) );
#10142 = CARTESIAN_POINT ( 'NONE',  ( 14.11999977707900200, 1.520000000000000018, 2.364999994040000164 ) ) ;
#10143 = EDGE_CURVE ( 'NONE', #2783, #3001, #3871, .T. ) ;
#10144 = CARTESIAN_POINT ( 'NONE',  ( 2.859999961853000094, 3.809999961852999828, 0.9499999999999999556 ) ) ;
#10145 = CARTESIAN_POINT ( 'NONE',  ( 13.01999980926500200, 3.809999961852999384, 1.590000000000000080 ) ) ;
#10146 = CARTESIAN_POINT ( 'NONE',  ( 16.50999973297099999, 1.520000000000000018, 0.02500000000000000139 ) ) ;
#10147 = PRESENTATION_LAYER_ASSIGNMENT (  '', '', ( #8926 ) ) ;
#10148 = EDGE_LOOP ( 'NONE', ( #7579, #8812, #6993, #4459 ) ) ;
#10149 = VECTOR ( 'NONE', #12102, 1000.000000000000000 ) ;
#10150 = DIRECTION ( 'NONE',  ( 0.0000000000000000000, 0.7071067811865474617, 0.7071067811865474617 ) ) ;
#10151 = EDGE_CURVE ( 'NONE', #3882, #6164, #5909, .T. ) ;
#10152 = ORIENTED_EDGE ( 'NONE', *, *, #718, .F. ) ;
#10153 = EDGE_LOOP ( 'NONE', ( #8730, #11654, #5069, #11806 ) ) ;
#10154 = DIRECTION ( 'NONE',  ( 0.0000000000000000000, 0.0000000000000000000, 1.000000000000000000 ) ) ;
#10155 = CARTESIAN_POINT ( 'NONE',  ( 9.839999847412000733, 9.609999997019999185, 0.9499999999999999556 ) ) ;
#10156 = EDGE_CURVE ( 'NONE', #1232, #5787, #12497, .T. ) ;
#10157 = FACE_OUTER_BOUND ( 'NONE', #3269, .T. ) ;
#10158 = VECTOR ( 'NONE', #9306, 1000.000000000000114 ) ;
#10159 = FILL_AREA_STYLE_COLOUR ( '', #5436 ) ;
#10160 = VECTOR ( 'NONE', #835, 1000.000000000000000 ) ;
#10161 = EDGE_CURVE ( 'NONE', #4783, #2822, #11674, .T. ) ;
#10162 = MECHANICAL_DESIGN_GEOMETRIC_PRESENTATION_REPRESENTATION (  '', ( #3009 ), #4015 ) ;
#10163 = DIRECTION ( 'NONE',  ( 6.645562236426607662E-16, 1.000000000000000000, 6.645562236426607662E-16 ) ) ;
#10164 = PLANE ( 'NONE',  #2763 ) ;
#10165 = ORIENTED_EDGE ( 'NONE', *, *, #11100, .T. ) ;
#10166 = SURFACE_STYLE_USAGE ( .BOTH. , #457 ) ;
#10167 = ADVANCED_FACE ( 'NONE', ( #6703 ), #12562, .T. ) ;
#10168 = UNCERTAINTY_MEASURE_WITH_UNIT (LENGTH_MEASURE( 1.000000000000000082E-05 ), #4756, 'distance_accuracy_value', 'NONE');
#10169 = FILL_AREA_STYLE_COLOUR ( '', #2768 ) ;
#10170 = ORIENTED_EDGE ( 'NONE', *, *, #8874, .F. ) ;
#10171 = PRESENTATION_LAYER_ASSIGNMENT (  '', '', ( #6678 ) ) ;
#10172 = PRESENTATION_STYLE_ASSIGNMENT (( #3323 ) ) ;
#10173 = DIRECTION ( 'NONE',  ( -1.000000000000000000, 0.0000000000000000000, 0.0000000000000000000 ) ) ;
#10174 = COLOUR_RGB ( '',0.09411764705882352811, 0.09411764705882352811, 0.09411764705882352811 ) ;
#10175 = MECHANICAL_DESIGN_GEOMETRIC_PRESENTATION_REPRESENTATION (  '', ( #10976 ), #10576 ) ;
#10176 = ADVANCED_FACE ( 'NONE', ( #5092 ), #9138, .T. ) ;
#10177 = DIRECTION ( 'NONE',  ( 0.0000000000000000000, 0.0000000000000000000, 1.000000000000000000 ) ) ;
#10178 = VECTOR ( 'NONE', #8519, 1000.000000000000000 ) ;
#10179 = LINE ( 'NONE', #4398, #1919 ) ;
#10180 = ORIENTED_EDGE ( 'NONE', *, *, #11401, .F. ) ;
#10181 = UNCERTAINTY_MEASURE_WITH_UNIT (LENGTH_MEASURE( 1.000000000000000082E-05 ), #9263, 'distance_accuracy_value', 'NONE');
#10182 = DIRECTION ( 'NONE',  ( 6.645562236426607662E-16, -1.000000000000000000, -6.645562236426607662E-16 ) ) ;
#10183 = SURFACE_STYLE_FILL_AREA ( #7280 ) ;
#10184 = LINE ( 'NONE', #5354, #4625 ) ;
#10185 = EDGE_LOOP ( 'NONE', ( #4132, #1676, #4946, #10539 ) ) ;
#10186 = DIRECTION ( 'NONE',  ( -1.000000000000000000, 0.0000000000000000000, -0.0000000000000000000 ) ) ;
#10187 = ORIENTED_EDGE ( 'NONE', *, *, #3838, .T. ) ;
#10188 = STYLED_ITEM ( 'NONE', ( #8657 ), #604 ) ;
#10189 = DIRECTION ( 'NONE',  ( 0.0000000000000000000, 0.0000000000000000000, 1.000000000000000000 ) ) ;
#10190 = PLANE ( 'NONE',  #9228 ) ;
#10191 = LINE ( 'NONE', #2319, #1396 ) ;
#10192 = UNCERTAINTY_MEASURE_WITH_UNIT (LENGTH_MEASURE( 1.000000000000000082E-05 ), #7062, 'distance_accuracy_value', 'NONE');
#10193 = STYLED_ITEM ( 'NONE', ( #7411 ), #1474 ) ;
#10194 =( GEOMETRIC_REPRESENTATION_CONTEXT ( 3 ) GLOBAL_UNCERTAINTY_ASSIGNED_CONTEXT ( ( #2626 ) ) GLOBAL_UNIT_ASSIGNED_CONTEXT ( ( #4923, #10573, #1813 ) ) REPRESENTATION_CONTEXT ( 'NONE', 'WORKASPACE' ) );
#10195 = SURFACE_STYLE_USAGE ( .BOTH. , #7212 ) ;
#10196 = SURFACE_STYLE_USAGE ( .BOTH. , #4418 ) ;
#10197 = PRESENTATION_STYLE_ASSIGNMENT (( #3280 ) ) ;
#10198 = CARTESIAN_POINT ( 'NONE',  ( 6.199999917746000122, 1.520000000000000018, 2.364999994040000164 ) ) ;
#10199 = DIRECTION ( 'NONE',  ( 1.000000000000000000, -0.0000000000000000000, 0.0000000000000000000 ) ) ;
#10200 = ORIENTED_EDGE ( 'NONE', *, *, #3862, .T. ) ;
#10201 = FACE_OUTER_BOUND ( 'NONE', #4068, .T. ) ;
#10202 = SURFACE_STYLE_FILL_AREA ( #11146 ) ;
#10203 = ORIENTED_EDGE ( 'NONE', *, *, #3477, .T. ) ;
#10204 = LINE ( 'NONE', #7112, #115 ) ;
#10205 = DIRECTION ( 'NONE',  ( 0.0000000000000000000, -1.000000000000000000, -1.618928404167999991E-15 ) ) ;
#10206 = LINE ( 'NONE', #7224, #8392 ) ;
#10207 = LINE ( 'NONE', #432, #7481 ) ;
#10208 = SURFACE_STYLE_FILL_AREA ( #10327 ) ;
#10209 = PLANE ( 'NONE',  #679 ) ;
#10210 = DIRECTION ( 'NONE',  ( 0.7071067811865474617, 0.0000000000000000000, 0.7071067811865474617 ) ) ;
#10211 =( NAMED_UNIT ( * ) SI_UNIT ( $, .STERADIAN. ) SOLID_ANGLE_UNIT ( ) );
#10212 = ADVANCED_FACE ( 'NONE', ( #1397 ), #10909, .T. ) ;
#10213 = EDGE_LOOP ( 'NONE', ( #9739, #8088, #2140, #3389, #7630, #4845, #8969, #11951 ) ) ;
#10214 = CARTESIAN_POINT ( 'NONE',  ( 1.119999994040000058, 1.520000000000000018, 2.364999994040000164 ) ) ;
#10215 = ORIENTED_EDGE ( 'NONE', *, *, #11139, .F. ) ;
#10216 =( NAMED_UNIT ( * ) PLANE_ANGLE_UNIT ( ) SI_UNIT ( $, .RADIAN. ) );
#10217 = EDGE_LOOP ( 'NONE', ( #9800, #10901, #7654, #2476 ) ) ;
#10218 = DIRECTION ( 'NONE',  ( 0.0000000000000000000, 0.0000000000000000000, 1.000000000000000000 ) ) ;
#10219 = CARTESIAN_POINT ( 'NONE',  ( 7.299999885559000035, 0.3200000000000000067, -2.799999997020000020 ) ) ;
#10220 = CARTESIAN_POINT ( 'NONE',  ( -0.3200000000000000067, 9.810000000000000497, 1.150000002980000158 ) ) ;
#10221 = SURFACE_STYLE_USAGE ( .BOTH. , #12361 ) ;
#10222 = FILL_AREA_STYLE ('',( #7251 ) ) ;
#10223 = CARTESIAN_POINT ( 'NONE',  ( 4.759999923706000224, 3.809999961852999384, 1.590000000000000080 ) ) ;
#10224 = EDGE_CURVE ( 'NONE', #4557, #3429, #5155, .T. ) ;
#10225 = CARTESIAN_POINT ( 'NONE',  ( 9.839999847412000733, 9.609999997019999185, 0.9499999999999997335 ) ) ;
#10226 = DIRECTION ( 'NONE',  ( 1.000000000000000000, 0.0000000000000000000, 0.0000000000000000000 ) ) ;
#10227 = ORIENTED_EDGE ( 'NONE', *, *, #12582, .T. ) ;
#10228 = SURFACE_STYLE_FILL_AREA ( #4318 ) ;
#10229 = CYLINDRICAL_SURFACE ( 'NONE', #9045, 0.9499999999999999556 ) ;
#10230 =( NAMED_UNIT ( * ) SI_UNIT ( $, .STERADIAN. ) SOLID_ANGLE_UNIT ( ) );
#10231 = ORIENTED_EDGE ( 'NONE', *, *, #6389, .T. ) ;
#10232 = CARTESIAN_POINT ( 'NONE',  ( 0.3200000000000000067, 1.270000000000000018, -4.440892098500999885E-16 ) ) ;
#10233 = CARTESIAN_POINT ( 'NONE',  ( 0.9699999880789998974, 1.520000000000000018, 0.02500000000000000139 ) ) ;
#10234 = SURFACE_STYLE_FILL_AREA ( #2732 ) ;
#10235 = SURFACE_STYLE_FILL_AREA ( #4465 ) ;
#10236 = ORIENTED_EDGE ( 'NONE', *, *, #7919, .F. ) ;
#10237 = LINE ( 'NONE', #6463, #5693 ) ;
#10238 = LINE ( 'NONE', #4533, #10647 ) ;
#10239 =( LENGTH_UNIT ( ) NAMED_UNIT ( * ) SI_UNIT ( .MILLI., .METRE. ) );
#10240 = ORIENTED_EDGE ( 'NONE', *, *, #881, .T. ) ;
#10241 = ORIENTED_EDGE ( 'NONE', *, *, #11294, .F. ) ;
#10242 = DIRECTION ( 'NONE',  ( 1.000000000000000000, -0.0000000000000000000, 0.0000000000000000000 ) ) ;
#10243 =( NAMED_UNIT ( * ) PLANE_ANGLE_UNIT ( ) SI_UNIT ( $, .RADIAN. ) );
#10244 = SURFACE_STYLE_FILL_AREA ( #11068 ) ;
#10245 = VECTOR ( 'NONE', #5132, 1000.000000000000000 ) ;
#10246 = VECTOR ( 'NONE', #8189, 1000.000000000000000 ) ;
#10247 = DIRECTION ( 'NONE',  ( 0.0000000000000000000, 1.609823385705999920E-15, -1.000000000000000000 ) ) ;
#10248 = SURFACE_SIDE_STYLE ('',( #6480 ) ) ;
#10249 = EDGE_CURVE ( 'NONE', #597, #10287, #6175, .T. ) ;
#10250 = FACE_OUTER_BOUND ( 'NONE', #8670, .T. ) ;
#10251 = ORIENTED_EDGE ( 'NONE', *, *, #4093, .T. ) ;
#10252 = DIRECTION ( 'NONE',  ( -0.0000000000000000000, -1.000000000000000000, 0.0000000000000000000 ) ) ;
#10253 =( GEOMETRIC_REPRESENTATION_CONTEXT ( 3 ) GLOBAL_UNCERTAINTY_ASSIGNED_CONTEXT ( ( #11300 ) ) GLOBAL_UNIT_ASSIGNED_CONTEXT ( ( #11197, #8508, #2559 ) ) REPRESENTATION_CONTEXT ( 'NONE', 'WORKASPACE' ) );
#10254 = DIRECTION ( 'NONE',  ( 0.0000000000000000000, 0.7071067811865475727, -0.7071067811865475727 ) ) ;
#10255 = STYLED_ITEM ( 'NONE', ( #1199 ), #3774 ) ;
#10256 = CARTESIAN_POINT ( 'NONE',  ( 9.839999847412000733, 1.270000000000000018, 0.9499999999999999556 ) ) ;
#10257 = DIRECTION ( 'NONE',  ( 0.0000000000000000000, 1.618928404167999991E-15, -1.000000000000000000 ) ) ;
#10258 = APPLICATION_PROTOCOL_DEFINITION ( 'draft international standard', 'automotive_design', 1998, #6335 ) ;
#10259 = EDGE_CURVE ( 'NONE', #7306, #10052, #9543, .T. ) ;
#10260 = FILL_AREA_STYLE_COLOUR ( '', #10520 ) ;
#10261 = EDGE_CURVE ( 'NONE', #12207, #12065, #2533, .T. ) ;
#10262 = DIRECTION ( 'NONE',  ( -0.7071067811865474617, 0.0000000000000000000, 0.7071067811865474617 ) ) ;
#10263 = MECHANICAL_DESIGN_GEOMETRIC_PRESENTATION_REPRESENTATION (  '', ( #3118 ), #12279 ) ;
#10264 = STYLED_ITEM ( 'NONE', ( #5333 ), #1261 ) ;
#10265 = SURFACE_SIDE_STYLE ('',( #4552 ) ) ;
#10266 = FILL_AREA_STYLE_COLOUR ( '', #10882 ) ;
#10267 = CARTESIAN_POINT ( 'NONE',  ( 7.939999885558998827, 1.270000000000000018, 1.590000000000000080 ) ) ;
#10268 = EDGE_LOOP ( 'NONE', ( #3703, #2906, #7738, #2494 ) ) ;
#10269 = FILL_AREA_STYLE_COLOUR ( '', #8574 ) ;
#10270 = EDGE_LOOP ( 'NONE', ( #4252, #7924, #2091, #2631 ) ) ;
#10271 = SURFACE_STYLE_FILL_AREA ( #7240 ) ;
#10272 = ORIENTED_EDGE ( 'NONE', *, *, #9167, .F. ) ;
#10273 = SURFACE_STYLE_FILL_AREA ( #4365 ) ;
#10274 = CARTESIAN_POINT ( 'NONE',  ( 15.55999977111799915, 1.270000000000000018, 1.589999999999999636 ) ) ;
#10275 = FILL_AREA_STYLE_COLOUR ( '', #12370 ) ;
#10276 =( NAMED_UNIT ( * ) SI_UNIT ( $, .STERADIAN. ) SOLID_ANGLE_UNIT ( ) );
#10277 =( NAMED_UNIT ( * ) PLANE_ANGLE_UNIT ( ) SI_UNIT ( $, .RADIAN. ) );
#10278 = LINE ( 'NONE', #1522, #8460 ) ;
#10279 =( NAMED_UNIT ( * ) SI_UNIT ( $, .STERADIAN. ) SOLID_ANGLE_UNIT ( ) );
#10280 = SURFACE_STYLE_USAGE ( .BOTH. , #9459 ) ;
#10281 = SURFACE_SIDE_STYLE ('',( #11179 ) ) ;
#10282 = VERTEX_POINT ( 'NONE', #10405 ) ;
#10283 = DIRECTION ( 'NONE',  ( 1.000000000000000000, 0.0000000000000000000, -0.0000000000000000000 ) ) ;
#10284 = UNCERTAINTY_MEASURE_WITH_UNIT (LENGTH_MEASURE( 1.000000000000000082E-05 ), #2731, 'distance_accuracy_value', 'NONE');
#10285 = EDGE_CURVE ( 'NONE', #5831, #10691, #5522, .T. ) ;
#10286 = DIRECTION ( 'NONE',  ( 1.000000000000000000, 0.0000000000000000000, 0.0000000000000000000 ) ) ;
#10287 = VERTEX_POINT ( 'NONE', #1645 ) ;
#10288 = LINE ( 'NONE', #4322, #1317 ) ;
#10289 = VERTEX_POINT ( 'NONE', #1581 ) ;
#10290 = CARTESIAN_POINT ( 'NONE',  ( -1.119999994040001612, 3.809999961853000716, 2.364999994040001940 ) ) ;
#10291 = EDGE_CURVE ( 'NONE', #3882, #5072, #12235, .T. ) ;
#10292 = STYLED_ITEM ( 'NONE', ( #11926 ), #4663 ) ;
#10293 = PRESENTATION_LAYER_ASSIGNMENT (  '', '', ( #8248 ) ) ;
#10294 = DIRECTION ( 'NONE',  ( -1.000000000000000000, -0.0000000000000000000, -0.0000000000000000000 ) ) ;
#10295 = ORIENTED_EDGE ( 'NONE', *, *, #2736, .T. ) ;
#10296 = DIRECTION ( 'NONE',  ( -0.5773502691896257311, 0.5773502691896258421, 0.5773502691896257311 ) ) ;
#10297 = EDGE_CURVE ( 'NONE', #9648, #10110, #628, .T. ) ;
#10298 = DIRECTION ( 'NONE',  ( 0.0000000000000000000, -0.0000000000000000000, -1.000000000000000000 ) ) ;
#10299 = ORIENTED_EDGE ( 'NONE', *, *, #5760, .T. ) ;
#10300 = ORIENTED_EDGE ( 'NONE', *, *, #8253, .F. ) ;
#10301 = DIRECTION ( 'NONE',  ( -0.0000000000000000000, 1.000000000000000000, 0.0000000000000000000 ) ) ;
#10302 = VECTOR ( 'NONE', #288, 1000.000000000000000 ) ;
#10303 = FILL_AREA_STYLE_COLOUR ( '', #7766 ) ;
#10304 = AXIS2_PLACEMENT_3D ( 'NONE', #5021, #8946, #204 ) ;
#10305 = SURFACE_STYLE_USAGE ( .BOTH. , #11574 ) ;
#10306 = AXIS2_PLACEMENT_3D ( 'NONE', #10146, #1385, #439 ) ;
#10307 = UNCERTAINTY_MEASURE_WITH_UNIT (LENGTH_MEASURE( 1.000000000000000082E-05 ), #11292, 'distance_accuracy_value', 'NONE');
#10308 =( NAMED_UNIT ( * ) SI_UNIT ( $, .STERADIAN. ) SOLID_ANGLE_UNIT ( ) );
#10309 = AXIS2_PLACEMENT_3D ( 'NONE', #4477, #7292, #11268 ) ;
#10310 = PRESENTATION_LAYER_ASSIGNMENT (  '', '', ( #8682 ) ) ;
#10311 = SURFACE_SIDE_STYLE ('',( #2514 ) ) ;
#10312 = ORIENTED_EDGE ( 'NONE', *, *, #11514, .F. ) ;
#10313 = DIRECTION ( 'NONE',  ( -0.5773502691896268413, -0.5773502691896255090, 0.5773502691896250649 ) ) ;
#10314 = PRESENTATION_LAYER_ASSIGNMENT (  '', '', ( #2360 ) ) ;
#10315 = AXIS2_PLACEMENT_3D ( 'NONE', #433, #11855, #6218 ) ;
#10316 = EDGE_CURVE ( 'NONE', #7340, #5126, #4504, .T. ) ;
#10317 = CARTESIAN_POINT ( 'NONE',  ( -0.3200000000000000067, 9.609999997019999185, 1.590000000000000080 ) ) ;
#10318 = FILL_AREA_STYLE_COLOUR ( '', #12342 ) ;
#10319 = SURFACE_STYLE_FILL_AREA ( #6409 ) ;
#10320 = FILL_AREA_STYLE ('',( #7492 ) ) ;
#10321 = EDGE_CURVE ( 'NONE', #8654, #10636, #11172, .T. ) ;
#10322 =( GEOMETRIC_REPRESENTATION_CONTEXT ( 3 ) GLOBAL_UNCERTAINTY_ASSIGNED_CONTEXT ( ( #12320 ) ) GLOBAL_UNIT_ASSIGNED_CONTEXT ( ( #8722, #3910, #1880 ) ) REPRESENTATION_CONTEXT ( 'NONE', 'WORKASPACE' ) );
#10323 =( GEOMETRIC_REPRESENTATION_CONTEXT ( 3 ) GLOBAL_UNCERTAINTY_ASSIGNED_CONTEXT ( ( #2097 ) ) GLOBAL_UNIT_ASSIGNED_CONTEXT ( ( #3416, #2647, #2769 ) ) REPRESENTATION_CONTEXT ( 'NONE', 'WORKASPACE' ) );
#10324 =( GEOMETRIC_REPRESENTATION_CONTEXT ( 3 ) GLOBAL_UNCERTAINTY_ASSIGNED_CONTEXT ( ( #6049 ) ) GLOBAL_UNIT_ASSIGNED_CONTEXT ( ( #316, #9136, #5090 ) ) REPRESENTATION_CONTEXT ( 'NONE', 'WORKASPACE' ) );
#10325 = CLOSED_SHELL ( 'NONE', ( #6907, #4104, #8701, #3716, #98, #7313, #9982, #1705, #6098, #10401, #11802, #3133, #3518, #10439, #9034, #9811, #6135, #6089 ) ) ;
#10326 =( NAMED_UNIT ( * ) SI_UNIT ( $, .STERADIAN. ) SOLID_ANGLE_UNIT ( ) );
#10327 = FILL_AREA_STYLE ('',( #4351 ) ) ;
#10328 = PRESENTATION_LAYER_ASSIGNMENT (  '', '', ( #3171 ) ) ;
#10329 = COLOUR_RGB ( '',1.000000000000000000, 1.000000000000000000, 0.4980392156862745168 ) ;
#10330 = ADVANCED_FACE ( 'NONE', ( #11291 ), #6563, .T. ) ;
#10331 = AXIS2_PLACEMENT_3D ( 'NONE', #9796, #6240, #2357 ) ;
#10332 = MECHANICAL_DESIGN_GEOMETRIC_PRESENTATION_REPRESENTATION (  '', ( #2570 ), #938 ) ;
#10333 = PRESENTATION_STYLE_ASSIGNMENT (( #12348 ) ) ;
#10334 = LINE ( 'NONE', #7424, #4776 ) ;
#10335 = VERTEX_POINT ( 'NONE', #8416 ) ;
#10336 = FILL_AREA_STYLE_COLOUR ( '', #2049 ) ;
#10337 = COLOUR_RGB ( '',1.000000000000000000, 1.000000000000000000, 0.4980392156862745168 ) ;
#10338 = ORIENTED_EDGE ( 'NONE', *, *, #2629, .F. ) ;
#10339 = PRESENTATION_LAYER_ASSIGNMENT (  '', '', ( #3183 ) ) ;
#10340 = EDGE_CURVE ( 'NONE', #1082, #12166, #1458, .T. ) ;
#10341 = SURFACE_STYLE_USAGE ( .BOTH. , #574 ) ;
#10342 = VERTEX_POINT ( 'NONE', #9262 ) ;
#10343 = STYLED_ITEM ( 'NONE', ( #6143 ), #2086 ) ;
#10344 = MECHANICAL_DESIGN_GEOMETRIC_PRESENTATION_REPRESENTATION (  '', ( #2989 ), #2389 ) ;
#10345 = DIRECTION ( 'NONE',  ( -1.000000000000000000, -0.0000000000000000000, -0.0000000000000000000 ) ) ;
#10346 =( NAMED_UNIT ( * ) SI_UNIT ( $, .STERADIAN. ) SOLID_ANGLE_UNIT ( ) );
#10347 = LINE ( 'NONE', #10522, #8262 ) ;
#10348 =( NAMED_UNIT ( * ) PLANE_ANGLE_UNIT ( ) SI_UNIT ( $, .RADIAN. ) );
#10349 = PRESENTATION_LAYER_ASSIGNMENT (  '', '', ( #3195 ) ) ;
#10350 = VECTOR ( 'NONE', #1211, 1000.000000000000000 ) ;
#10351 = CARTESIAN_POINT ( 'NONE',  ( 7.939999885558998827, -0.3200000000000000067, -3.000000000000000000 ) ) ;
#10352 = MECHANICAL_DESIGN_GEOMETRIC_PRESENTATION_REPRESENTATION (  '', ( #2585 ), #11962 ) ;
#10353 =( NAMED_UNIT ( * ) SI_UNIT ( $, .STERADIAN. ) SOLID_ANGLE_UNIT ( ) );
#10354 = MECHANICAL_DESIGN_GEOMETRIC_PRESENTATION_REPRESENTATION (  '', ( #11964 ), #2794 ) ;
#10355 = ORIENTED_EDGE ( 'NONE', *, *, #11718, .T. ) ;
#10356 = COLOUR_RGB ( '',0.09411764705882352811, 0.09411764705882352811, 0.09411764705882352811 ) ;
#10357 = CARTESIAN_POINT ( 'NONE',  ( 9.839999847412000733, 3.809999961852999828, 0.9499999999999999556 ) ) ;
#10358 = DIRECTION ( 'NONE',  ( -0.0000000000000000000, 1.000000000000000000, 0.0000000000000000000 ) ) ;
#10359 = ORIENTED_EDGE ( 'NONE', *, *, #2860, .T. ) ;
#10360 =( NAMED_UNIT ( * ) SI_UNIT ( $, .STERADIAN. ) SOLID_ANGLE_UNIT ( ) );
#10361 = DIRECTION ( 'NONE',  ( 0.0000000000000000000, -1.332267629549999902E-15, 1.000000000000000000 ) ) ;
#10362 = COLOUR_RGB ( '',0.09411764705882352811, 0.09411764705882352811, 0.09411764705882352811 ) ;
#10363 = SURFACE_SIDE_STYLE ('',( #10234 ) ) ;
#10364 = PRESENTATION_LAYER_ASSIGNMENT (  '', '', ( #12384 ) ) ;
#10365 = UNCERTAINTY_MEASURE_WITH_UNIT (LENGTH_MEASURE( 1.000000000000000082E-05 ), #8278, 'distance_accuracy_value', 'NONE');
#10366 = AXIS2_PLACEMENT_3D ( 'NONE', #10059, #6128, #5176 ) ;
#10367 = EDGE_CURVE ( 'NONE', #10456, #1097, #4632, .T. ) ;
#10368 = ORIENTED_EDGE ( 'NONE', *, *, #11078, .F. ) ;
#10369 = MECHANICAL_DESIGN_GEOMETRIC_PRESENTATION_REPRESENTATION (  '', ( #3622 ), #1187 ) ;
#10370 = CARTESIAN_POINT ( 'NONE',  ( 13.96999977111799929, 1.820000011921000693, 0.3250000119210003091 ) ) ;
#10371 = CARTESIAN_POINT ( 'NONE',  ( 14.11999977707900200, 1.520000000000000018, 0.1750000059600000102 ) ) ;
#10372 = EDGE_CURVE ( 'NONE', #5645, #2151, #7373, .T. ) ;
#10373 = DIRECTION ( 'NONE',  ( 0.0000000000000000000, 1.000000000000000000, 0.0000000000000000000 ) ) ;
#10374 = AXIS2_PLACEMENT_3D ( 'NONE', #10894, #2080, #196 ) ;
#10376 = ADVANCED_FACE ( 'NONE', ( #11234 ), #6367, .T. ) ;
#10375 = ORIENTED_EDGE ( 'NONE', *, *, #3710, .F. ) ;
#10377 =( NAMED_UNIT ( * ) SI_UNIT ( $, .STERADIAN. ) SOLID_ANGLE_UNIT ( ) );
#10378 = ORIENTED_EDGE ( 'NONE', *, *, #10156, .T. ) ;
#10379 = STYLED_ITEM ( 'NONE', ( #7987 ), #3891 ) ;
#10380 = SURFACE_STYLE_FILL_AREA ( #12507 ) ;
#10381 = MECHANICAL_DESIGN_GEOMETRIC_PRESENTATION_REPRESENTATION (  '', ( #10984 ), #3363 ) ;
#10382 = AXIS2_PLACEMENT_3D ( 'NONE', #1921, #8899, #155 ) ;
#10383 = CARTESIAN_POINT ( 'NONE',  ( -0.3200000000000000067, -0.3200000000000000067, -3.000000000000000000 ) ) ;
#10384 = PLANE ( 'NONE',  #4729 ) ;
#10385 = DIRECTION ( 'NONE',  ( 0.0000000000000000000, 0.0000000000000000000, -1.000000000000000000 ) ) ;
#10386 = ORIENTED_EDGE ( 'NONE', *, *, #7488, .F. ) ;
#10387 = CARTESIAN_POINT ( 'NONE',  ( 13.81999980330500222, 3.809999961853000716, 2.364999994040001940 ) ) ;
#10388 = DIRECTION ( 'NONE',  ( 0.0000000000000000000, -1.609823385705999920E-15, 1.000000000000000000 ) ) ;
#10389 = PLANE ( 'NONE',  #8968 ) ;
#10390 = LINE ( 'NONE', #1630, #3417 ) ;
#10391 = MECHANICAL_DESIGN_GEOMETRIC_PRESENTATION_REPRESENTATION (  '', ( #3245 ), #9583 ) ;
#10392 =( NAMED_UNIT ( * ) PLANE_ANGLE_UNIT ( ) SI_UNIT ( $, .RADIAN. ) );
#10393 = FILL_AREA_STYLE ('',( #2591 ) ) ;
#10394 = PLANE ( 'NONE',  #8230 ) ;
#10395 = ORIENTED_EDGE ( 'NONE', *, *, #12258, .T. ) ;
#10396 = FILL_AREA_STYLE ('',( #8589 ) ) ;
#10397 = EDGE_CURVE ( 'NONE', #538, #9446, #9763, .T. ) ;
#10398 = ORIENTED_EDGE ( 'NONE', *, *, #12289, .T. ) ;
#10399 = SURFACE_SIDE_STYLE ('',( #1452 ) ) ;
#10400 = ORIENTED_EDGE ( 'NONE', *, *, #1656, .T. ) ;
#10401 = ADVANCED_FACE ( 'NONE', ( #12540 ), #7691, .T. ) ;
#10402 = PRESENTATION_STYLE_ASSIGNMENT (( #11360 ) ) ;
#10403 = LINE ( 'NONE', #9327, #10637 ) ;
#10404 = FILL_AREA_STYLE_COLOUR ( '', #10748 ) ;
#10405 = CARTESIAN_POINT ( 'NONE',  ( 14.91999977111800035, 1.820000011921001137, 0.9499999999999991784 ) ) ;
#10406 = CARTESIAN_POINT ( 'NONE',  ( 13.96999977111799929, 1.520000000000000018, 2.214999988079000115 ) ) ;
#10407 = DIRECTION ( 'NONE',  ( 0.0000000000000000000, 0.0000000000000000000, -1.000000000000000000 ) ) ;
#10408 = CARTESIAN_POINT ( 'NONE',  ( 17.45999973297099928, 9.609999997019999185, 0.9499999999999999556 ) ) ;
#10409 = DIRECTION ( 'NONE',  ( -1.000000000000000000, -0.0000000000000000000, -0.0000000000000000000 ) ) ;
#10410 = CARTESIAN_POINT ( 'NONE',  ( -1.270000000000125251, 1.520000000000000018, 0.3250000119208749649 ) ) ;
#10411 =( LENGTH_UNIT ( ) NAMED_UNIT ( * ) SI_UNIT ( .MILLI., .METRE. ) );
#10412 = SURFACE_SIDE_STYLE ('',( #6514 ) ) ;
#10413 = EDGE_LOOP ( 'NONE', ( #8326, #11301, #1820, #4875 ) ) ;
#10414 =( NAMED_UNIT ( * ) SI_UNIT ( $, .STERADIAN. ) SOLID_ANGLE_UNIT ( ) );
#10415 = UNCERTAINTY_MEASURE_WITH_UNIT (LENGTH_MEASURE( 1.000000000000000082E-05 ), #1830, 'distance_accuracy_value', 'NONE');
#10416 = LINE ( 'NONE', #9206, #8491 ) ;
#10417 = ORIENTED_EDGE ( 'NONE', *, *, #7701, .T. ) ;
#10418 =( NAMED_UNIT ( * ) SI_UNIT ( $, .STERADIAN. ) SOLID_ANGLE_UNIT ( ) );
#10419 = CARTESIAN_POINT ( 'NONE',  ( 16.20999975919712455, 1.519999999999998241, 2.515000000000125802 ) ) ;
#10420 = EDGE_LOOP ( 'NONE', ( #7267, #6404, #4483, #6068, #11045, #7220, #8555, #1712 ) ) ;
#10421 = PRESENTATION_STYLE_ASSIGNMENT (( #8130 ) ) ;
#10422 =( NAMED_UNIT ( * ) PLANE_ANGLE_UNIT ( ) SI_UNIT ( $, .RADIAN. ) );
#10423 = PRESENTATION_LAYER_ASSIGNMENT (  '', '', ( #3273 ) ) ;
#10424 = UNCERTAINTY_MEASURE_WITH_UNIT (LENGTH_MEASURE( 1.000000000000000082E-05 ), #417, 'distance_accuracy_value', 'NONE');
#10425 = EDGE_CURVE ( 'NONE', #6264, #10903, #5759, .T. ) ;
#10426 = EDGE_LOOP ( 'NONE', ( #3453, #3120, #4839, #4514 ) ) ;
#10427 = UNCERTAINTY_MEASURE_WITH_UNIT (LENGTH_MEASURE( 1.000000000000000082E-05 ), #4225, 'distance_accuracy_value', 'NONE');
#10428 = DIRECTION ( 'NONE',  ( -1.000000000000000000, -0.0000000000000000000, -0.0000000000000000000 ) ) ;
#10429 = DIRECTION ( 'NONE',  ( 0.0000000000000000000, -1.000000000000000000, -1.618928404167999991E-15 ) ) ;
#10430 = EDGE_LOOP ( 'NONE', ( #9426, #6774, #6395, #11495 ) ) ;
#10431 = FACE_OUTER_BOUND ( 'NONE', #5417, .T. ) ;
#10432 = ORIENTED_EDGE ( 'NONE', *, *, #4262, .T. ) ;
#10433 =( NAMED_UNIT ( * ) SI_UNIT ( $, .STERADIAN. ) SOLID_ANGLE_UNIT ( ) );
#10434 = ORIENTED_EDGE ( 'NONE', *, *, #2733, .T. ) ;
#10435 = VECTOR ( 'NONE', #8568, 1000.000000000000000 ) ;
#10436 = PRESENTATION_STYLE_ASSIGNMENT (( #4599 ) ) ;
#10437 =( NAMED_UNIT ( * ) PLANE_ANGLE_UNIT ( ) SI_UNIT ( $, .RADIAN. ) );
#10438 = SURFACE_STYLE_USAGE ( .BOTH. , #785 ) ;
#10439 = ADVANCED_FACE ( 'NONE', ( #7742 ), #1767, .T. ) ;
#10440 = UNCERTAINTY_MEASURE_WITH_UNIT (LENGTH_MEASURE( 1.000000000000000082E-05 ), #12478, 'distance_accuracy_value', 'NONE');
#10441 = VECTOR ( 'NONE', #264, 1000.000000000000000 ) ;
#10442 = SURFACE_STYLE_FILL_AREA ( #10082 ) ;
#10443 = DIRECTION ( 'NONE',  ( -0.7071067811865474617, 0.0000000000000000000, -0.7071067811865474617 ) ) ;
#10444 = CARTESIAN_POINT ( 'NONE',  ( 7.399999887048999803, -0.3200000000000000067, -2.899999998509999788 ) ) ;
#10445 = ORIENTED_EDGE ( 'NONE', *, *, #3337, .T. ) ;
#10446 = SURFACE_SIDE_STYLE ('',( #9667 ) ) ;
#10447 = CARTESIAN_POINT ( 'NONE',  ( 10.47999984741199953, 3.809999961852999828, 0.9499999999999999556 ) ) ;
#10448 = DIRECTION ( 'NONE',  ( 1.000000000000000000, 0.0000000000000000000, 0.0000000000000000000 ) ) ;
#10449 = VECTOR ( 'NONE', #1515, 1000.000000000000000 ) ;
#10450 = COLOUR_RGB ( '',1.000000000000000000, 1.000000000000000000, 0.4980392156862745168 ) ;
#10451 = ADVANCED_FACE ( 'NONE', ( #3103 ), #6986, .T. ) ;
#10452 = FACE_BOUND ( 'NONE', #8305, .T. ) ;
#10453 = PLANE ( 'NONE',  #9562 ) ;
#10454 = AXIS2_PLACEMENT_3D ( 'NONE', #895, #1792, #3697 ) ;
#10455 = DIRECTION ( 'NONE',  ( -0.0000000000000000000, -1.000000000000000000, -0.0000000000000000000 ) ) ;
#10456 = VERTEX_POINT ( 'NONE', #1196 ) ;
#10457 = CARTESIAN_POINT ( 'NONE',  ( 15.55999977111799915, 1.270000000000000018, 0.9499999999999999556 ) ) ;
#10458 = EDGE_CURVE ( 'NONE', #2312, #9896, #5007, .T. ) ;
#10459 = VERTEX_POINT ( 'NONE', #11084 ) ;
#10460 = ORIENTED_EDGE ( 'NONE', *, *, #9003, .F. ) ;
#10461 = DIRECTION ( 'NONE',  ( 0.0000000000000000000, 0.0000000000000000000, 1.000000000000000000 ) ) ;
#10462 = PLANE ( 'NONE',  #1406 ) ;
#10463 = CARTESIAN_POINT ( 'NONE',  ( 17.45999973297099928, 3.809999961852999828, 1.590000000000000080 ) ) ;
#10464 = SURFACE_STYLE_FILL_AREA ( #7509 ) ;
#10465 = PRESENTATION_LAYER_ASSIGNMENT (  '', '', ( #4528 ) ) ;
#10466 = VECTOR ( 'NONE', #3309, 1000.000000000000000 ) ;
#10467 = CARTESIAN_POINT ( 'NONE',  ( 3.809999923706000047, 3.809999961852997608, 1.590000000000000080 ) ) ;
#10468 = CARTESIAN_POINT ( 'NONE',  ( 16.50999977111824890, 3.809999961852999384, 2.214999988079251469 ) ) ;
#10469 = DIRECTION ( 'NONE',  ( -0.0000000000000000000, 1.000000000000000000, 1.510616709811000052E-15 ) ) ;
#10470 = ORIENTED_EDGE ( 'NONE', *, *, #3357, .T. ) ;
#10471 = FILL_AREA_STYLE ('',( #4760 ) ) ;
#10472 = ORIENTED_EDGE ( 'NONE', *, *, #343, .T. ) ;
#10473 = DIRECTION ( 'NONE',  ( 1.000000000000000000, 0.0000000000000000000, 0.0000000000000000000 ) ) ;
#10474 = DIRECTION ( 'NONE',  ( 6.645562236426607662E-16, -1.000000000000000000, -6.645562236426607662E-16 ) ) ;
#10475 = SURFACE_STYLE_FILL_AREA ( #7525 ) ;
#10476 = FILL_AREA_STYLE ('',( #826 ) ) ;
#10477 = UNCERTAINTY_MEASURE_WITH_UNIT (LENGTH_MEASURE( 1.000000000000000082E-05 ), #8255, 'distance_accuracy_value', 'NONE');
#10478 = EDGE_CURVE ( 'NONE', #10979, #694, #4109, .T. ) ;
#10479 = DIRECTION ( 'NONE',  ( 0.0000000000000000000, -0.0000000000000000000, 1.000000000000000000 ) ) ;
#10480 = FILL_AREA_STYLE_COLOUR ( '', #9186 ) ;
#10481 = ORIENTED_EDGE ( 'NONE', *, *, #5351, .T. ) ;
#10482 = SURFACE_STYLE_FILL_AREA ( #778 ) ;
#10483 = SURFACE_SIDE_STYLE ('',( #7714 ) ) ;
#10484 =( NAMED_UNIT ( * ) PLANE_ANGLE_UNIT ( ) SI_UNIT ( $, .RADIAN. ) );
#10485 = SURFACE_STYLE_USAGE ( .BOTH. , #4470 ) ;
#10486 = VERTEX_POINT ( 'NONE', #3978 ) ;
#10487 = PLANE ( 'NONE',  #8952 ) ;
#10488 = ORIENTED_EDGE ( 'NONE', *, *, #163, .T. ) ;
#10489 = EDGE_CURVE ( 'NONE', #6963, #4896, #8071, .T. ) ;
#10490 = CARTESIAN_POINT ( 'NONE',  ( 12.37999980926499966, 9.810000000000000497, 1.389999997020000100 ) ) ;
#10491 = FILL_AREA_STYLE ('',( #9547 ) ) ;
#10492 = DIRECTION ( 'NONE',  ( 0.7071067811865474617, -0.0000000000000000000, 0.7071067811865474617 ) ) ;
#10493 =( NAMED_UNIT ( * ) PLANE_ANGLE_UNIT ( ) SI_UNIT ( $, .RADIAN. ) );
#10494 = CARTESIAN_POINT ( 'NONE',  ( 11.42999984741200059, 1.520000000000000018, 0.02500000000000000139 ) ) ;
#10495 = EDGE_LOOP ( 'NONE', ( #12608, #11110, #10227, #7443 ) ) ;
#10496 = LINE ( 'NONE', #854, #6742 ) ;
#10497 = STYLED_ITEM ( 'NONE', ( #2863 ), #9604 ) ;
#10498 = CARTESIAN_POINT ( 'NONE',  ( 14.91999977111800035, 1.270000000000000018, 1.589999999999999858 ) ) ;
#10499 = DIRECTION ( 'NONE',  ( 0.0000000000000000000, 0.0000000000000000000, -1.000000000000000000 ) ) ;
#10500 =( NAMED_UNIT ( * ) SI_UNIT ( $, .STERADIAN. ) SOLID_ANGLE_UNIT ( ) );
#10501 = MECHANICAL_DESIGN_GEOMETRIC_PRESENTATION_REPRESENTATION (  '', ( #2132 ), #12327 ) ;
#10502 = ADVANCED_FACE ( 'NONE', ( #2331 ), #2209, .F. ) ;
#10503 = CARTESIAN_POINT ( 'NONE',  ( 2.219999961852999970, 3.809999961852999828, 1.590000000000000080 ) ) ;
#10504 = VECTOR ( 'NONE', #3425, 1000.000000000000000 ) ;
#10505 =( LENGTH_UNIT ( ) NAMED_UNIT ( * ) SI_UNIT ( .MILLI., .METRE. ) );
#10506 = CARTESIAN_POINT ( 'NONE',  ( 1.270000000000000018, 1.520000000000000018, 2.214999988079000115 ) ) ;
#10507 = PRESENTATION_LAYER_ASSIGNMENT (  '', '', ( #11334 ) ) ;
#10508 = EDGE_LOOP ( 'NONE', ( #10112, #6194, #11226, #1045 ) ) ;
#10509 = EDGE_CURVE ( 'NONE', #5775, #4535, #8458, .T. ) ;
#10510 = ORIENTED_EDGE ( 'NONE', *, *, #9013, .T. ) ;
#10511 = PLANE ( 'NONE',  #4829 ) ;
#10512 = ORIENTED_EDGE ( 'NONE', *, *, #11730, .F. ) ;
#10513 =( GEOMETRIC_REPRESENTATION_CONTEXT ( 3 ) GLOBAL_UNCERTAINTY_ASSIGNED_CONTEXT ( ( #7321 ) ) GLOBAL_UNIT_ASSIGNED_CONTEXT ( ( #6011, #6863, #4042 ) ) REPRESENTATION_CONTEXT ( 'NONE', 'WORKASPACE' ) );
#10514 = SURFACE_STYLE_FILL_AREA ( #9681 ) ;
#10515 = CARTESIAN_POINT ( 'NONE',  ( 15.55999977111799915, -0.3200000000000000067, -3.000000000000000000 ) ) ;
#10516 = VECTOR ( 'NONE', #10774, 1000.000000000000000 ) ;
#10517 = CARTESIAN_POINT ( 'NONE',  ( 11.42999980926500037, 1.520000000000000018, 0.02500000000000000139 ) ) ;
#10518 =( GEOMETRIC_REPRESENTATION_CONTEXT ( 3 ) GLOBAL_UNCERTAINTY_ASSIGNED_CONTEXT ( ( #223 ) ) GLOBAL_UNIT_ASSIGNED_CONTEXT ( ( #11755, #11822, #5289 ) ) REPRESENTATION_CONTEXT ( 'NONE', 'WORKASPACE' ) );
#10519 = CARTESIAN_POINT ( 'NONE',  ( 8.739999879599000820, 1.520000000000000018, 2.364999994040000164 ) ) ;
#10520 = COLOUR_RGB ( '',0.09411764705882352811, 0.09411764705882352811, 0.09411764705882352811 ) ;
#10521 = DIRECTION ( 'NONE',  ( 0.0000000000000000000, 0.0000000000000000000, 1.000000000000000000 ) ) ;
#10522 = CARTESIAN_POINT ( 'NONE',  ( 14.11999977707900200, 1.520000000000000018, 2.364999994040000164 ) ) ;
#10523 = EDGE_CURVE ( 'NONE', #1354, #3849, #2651, .T. ) ;
#10524 = CARTESIAN_POINT ( 'NONE',  ( 14.91999977111800035, -0.3200000000000000622, -2.799999997020000464 ) ) ;
#10525 = DIRECTION ( 'NONE',  ( -1.000000000000000000, 0.0000000000000000000, 0.0000000000000000000 ) ) ;
#10526 = AXIS2_PLACEMENT_3D ( 'NONE', #1044, #2007, #9806 ) ;
#10527 = EDGE_CURVE ( 'NONE', #7351, #6797, #9180, .T. ) ;
#10528 = SURFACE_STYLE_FILL_AREA ( #3440 ) ;
#10529 = ORIENTED_EDGE ( 'NONE', *, *, #1929, .F. ) ;
#10530 = VECTOR ( 'NONE', #7315, 1000.000000000000000 ) ;
#10531 = COLOUR_RGB ( '',0.09411764705882352811, 0.09411764705882352811, 0.09411764705882352811 ) ;
#10532 = DIRECTION ( 'NONE',  ( -1.000000000000000000, 0.0000000000000000000, 0.0000000000000000000 ) ) ;
#10533 = COLOUR_RGB ( '',0.09411764705882352811, 0.09411764705882352811, 0.09411764705882352811 ) ;
#10534 = COLOUR_RGB ( '',0.09411764705882352811, 0.09411764705882352811, 0.09411764705882352811 ) ;
#10535 = SURFACE_SIDE_STYLE ('',( #7812 ) ) ;
#10536 = VERTEX_POINT ( 'NONE', #12341 ) ;
#10537 = CARTESIAN_POINT ( 'NONE',  ( 0.3200000000000000067, -0.3200000000000000067, -2.799999997020000020 ) ) ;
#10538 = EDGE_CURVE ( 'NONE', #5610, #6771, #10207, .T. ) ;
#10539 = ORIENTED_EDGE ( 'NONE', *, *, #1787, .F. ) ;
#10540 = DIRECTION ( 'NONE',  ( 0.0000000000000000000, 0.0000000000000000000, 1.000000000000000000 ) ) ;
#10541 = PRESENTATION_STYLE_ASSIGNMENT (( #10604 ) ) ;
#10542 = VECTOR ( 'NONE', #8750, 1000.000000000000114 ) ;
#10543 = VECTOR ( 'NONE', #1633, 1000.000000000000114 ) ;
#10544 = COLOUR_RGB ( '',0.09411764705882352811, 0.09411764705882352811, 0.09411764705882352811 ) ;
#10545 = MECHANICAL_DESIGN_GEOMETRIC_PRESENTATION_REPRESENTATION (  '', ( #12566 ), #3794 ) ;
#10546 = UNCERTAINTY_MEASURE_WITH_UNIT (LENGTH_MEASURE( 1.000000000000000082E-05 ), #4907, 'distance_accuracy_value', 'NONE');
#10547 =( LENGTH_UNIT ( ) NAMED_UNIT ( * ) SI_UNIT ( .MILLI., .METRE. ) );
#10548 = MECHANICAL_DESIGN_GEOMETRIC_PRESENTATION_REPRESENTATION (  '', ( #8306 ), #6255 ) ;
#10549 = DIRECTION ( 'NONE',  ( 0.0000000000000000000, 0.0000000000000000000, 1.000000000000000000 ) ) ;
#10550 = EDGE_LOOP ( 'NONE', ( #1834, #3658, #6697, #168 ) ) ;
#10551 = CARTESIAN_POINT ( 'NONE',  ( 2.859999961853000094, 9.609999997020000961, 0.9499999999999992895 ) ) ;
#10552 = SURFACE_STYLE_FILL_AREA ( #7653 ) ;
#10553 = VECTOR ( 'NONE', #11362, 1000.000000000000000 ) ;
#10554 = UNCERTAINTY_MEASURE_WITH_UNIT (LENGTH_MEASURE( 1.000000000000000082E-05 ), #9616, 'distance_accuracy_value', 'NONE');
#10555 = ORIENTED_EDGE ( 'NONE', *, *, #8632, .T. ) ;
#10556 = MECHANICAL_DESIGN_GEOMETRIC_PRESENTATION_REPRESENTATION (  '', ( #11559 ), #8516 ) ;
#10557 = PRODUCT_DEFINITION ( 'UNKNOWN', '', #8902, #11899 ) ;
#10558 = FILL_AREA_STYLE_COLOUR ( '', #5777 ) ;
#10559 = ORIENTED_EDGE ( 'NONE', *, *, #3248, .F. ) ;
#10560 =( GEOMETRIC_REPRESENTATION_CONTEXT ( 3 ) GLOBAL_UNCERTAINTY_ASSIGNED_CONTEXT ( ( #9292 ) ) GLOBAL_UNIT_ASSIGNED_CONTEXT ( ( #1108, #7110, #8784 ) ) REPRESENTATION_CONTEXT ( 'NONE', 'WORKASPACE' ) );
#10561 = EDGE_CURVE ( 'NONE', #597, #1796, #560, .T. ) ;
#10562 = VECTOR ( 'NONE', #6579, 1000.000000000000000 ) ;
#10563 = DIRECTION ( 'NONE',  ( -1.000000000000000000, 0.0000000000000000000, -0.0000000000000000000 ) ) ;
#10564 = CARTESIAN_POINT ( 'NONE',  ( 10.27999984443199999, 9.810000000000000497, 0.9499999999999999556 ) ) ;
#10565 = DIRECTION ( 'NONE',  ( 0.0000000000000000000, -1.000000000000000000, -0.0000000000000000000 ) ) ;
#10566 = STYLED_ITEM ( 'NONE', ( #249 ), #10451 ) ;
#10567 = SURFACE_STYLE_FILL_AREA ( #9551 ) ;
#10568 = DIRECTION ( 'NONE',  ( 0.7071067811865475727, 0.0000000000000000000, -0.7071067811865475727 ) ) ;
#10569 = SURFACE_STYLE_USAGE ( .BOTH. , #7604 ) ;
#10570 = ORIENTED_EDGE ( 'NONE', *, *, #1322, .T. ) ;
#10571 =( NAMED_UNIT ( * ) SI_UNIT ( $, .STERADIAN. ) SOLID_ANGLE_UNIT ( ) );
#10572 = DIRECTION ( 'NONE',  ( -0.7071067811865475727, -9.398244244348984524E-16, 0.7071067811865475727 ) ) ;
#10573 =( NAMED_UNIT ( * ) PLANE_ANGLE_UNIT ( ) SI_UNIT ( $, .RADIAN. ) );
#10574 =( GEOMETRIC_REPRESENTATION_CONTEXT ( 3 ) GLOBAL_UNCERTAINTY_ASSIGNED_CONTEXT ( ( #1739 ) ) GLOBAL_UNIT_ASSIGNED_CONTEXT ( ( #1060, #251, #7934 ) ) REPRESENTATION_CONTEXT ( 'NONE', 'WORKASPACE' ) );
#10575 = SURFACE_SIDE_STYLE ('',( #4871 ) ) ;
#10576 =( GEOMETRIC_REPRESENTATION_CONTEXT ( 3 ) GLOBAL_UNCERTAINTY_ASSIGNED_CONTEXT ( ( #1722 ) ) GLOBAL_UNIT_ASSIGNED_CONTEXT ( ( #7162, #6974, #2397 ) ) REPRESENTATION_CONTEXT ( 'NONE', 'WORKASPACE' ) );
#10577 = SURFACE_STYLE_USAGE ( .BOTH. , #9565 ) ;
#10578 = CARTESIAN_POINT ( 'NONE',  ( 5.199999920726000369, 0.3200000000000000067, -3.000000000000000000 ) ) ;
#10579 = DIRECTION ( 'NONE',  ( -0.7071067811865474617, -0.0000000000000000000, 0.7071067811865474617 ) ) ;
#10580 = ORIENTED_EDGE ( 'NONE', *, *, #1547, .T. ) ;
#10581 = ORIENTED_EDGE ( 'NONE', *, *, #11490, .F. ) ;
#10582 = VERTEX_POINT ( 'NONE', #8268 ) ;
#10583 = ORIENTED_EDGE ( 'NONE', *, *, #10668, .F. ) ;
#10584 =( NAMED_UNIT ( * ) SI_UNIT ( $, .STERADIAN. ) SOLID_ANGLE_UNIT ( ) );
#10585 = VECTOR ( 'NONE', #9559, 1000.000000000000000 ) ;
#10586 = LINE ( 'NONE', #4827, #11869 ) ;
#10587 =( NAMED_UNIT ( * ) SI_UNIT ( $, .STERADIAN. ) SOLID_ANGLE_UNIT ( ) );
#10588 = LINE ( 'NONE', #10406, #8745 ) ;
#10589 = CARTESIAN_POINT ( 'NONE',  ( 6.349999885558999857, 3.809999961852997608, 1.590000000000000080 ) ) ;
#10590 = CARTESIAN_POINT ( 'NONE',  ( -0.3200000000000000067, 3.809999961852999828, 1.590000000000000080 ) ) ;
#10591 = ADVANCED_FACE ( 'NONE', ( #3346 ), #5368, .T. ) ;
#10592 = CARTESIAN_POINT ( 'NONE',  ( 10.47999984741199953, 1.270000000000000018, 1.589999999999999858 ) ) ;
#10593 = FACE_OUTER_BOUND ( 'NONE', #445, .T. ) ;
#10594 =( NAMED_UNIT ( * ) SI_UNIT ( $, .STERADIAN. ) SOLID_ANGLE_UNIT ( ) );
#10595 = CARTESIAN_POINT ( 'NONE',  ( 9.839999847412000733, 0.3200000000000000067, -3.000000000000000000 ) ) ;
#10596 = COLOUR_RGB ( '',0.09411764705882352811, 0.09411764705882352811, 0.09411764705882352811 ) ;
#10597 = ORIENTED_EDGE ( 'NONE', *, *, #4323, .F. ) ;
#10598 =( LENGTH_UNIT ( ) NAMED_UNIT ( * ) SI_UNIT ( .MILLI., .METRE. ) );
#10599 = ORIENTED_EDGE ( 'NONE', *, *, #10997, .T. ) ;
#10600 = DIRECTION ( 'NONE',  ( 1.000000000000000000, -0.0000000000000000000, -0.0000000000000000000 ) ) ;
#10601 = CARTESIAN_POINT ( 'NONE',  ( 13.81999980330499866, 3.809999961853000716, 0.1750000059600015367 ) ) ;
#10602 = SURFACE_STYLE_USAGE ( .BOTH. , #3933 ) ;
#10603 = DIRECTION ( 'NONE',  ( 0.0000000000000000000, 0.0000000000000000000, -1.000000000000000000 ) ) ;
#10604 = SURFACE_STYLE_USAGE ( .BOTH. , #10663 ) ;
#10605 = VECTOR ( 'NONE', #4851, 1000.000000000000000 ) ;
#10606 = UNCERTAINTY_MEASURE_WITH_UNIT (LENGTH_MEASURE( 1.000000000000000082E-05 ), #12523, 'distance_accuracy_value', 'NONE');
#10607 = EDGE_CURVE ( 'NONE', #2848, #5519, #4491, .T. ) ;
#10608 = PLANE ( 'NONE',  #330 ) ;
#10609 = SURFACE_STYLE_USAGE ( .BOTH. , #9647 ) ;
#10610 = VERTEX_POINT ( 'NONE', #8401 ) ;
#10611 = CARTESIAN_POINT ( 'NONE',  ( 1.269999961853000015, 1.820000011921000027, 2.515000000000000124 ) ) ;
#10612 = DIRECTION ( 'NONE',  ( 0.0000000000000000000, 1.000000000000000000, 1.554312234475000050E-15 ) ) ;
#10613 = ORIENTED_EDGE ( 'NONE', *, *, #5622, .F. ) ;
#10614 =( LENGTH_UNIT ( ) NAMED_UNIT ( * ) SI_UNIT ( .MILLI., .METRE. ) );
#10615 = ORIENTED_EDGE ( 'NONE', *, *, #1427, .F. ) ;
#10616 = FACE_OUTER_BOUND ( 'NONE', #11229, .T. ) ;
#10617 = CARTESIAN_POINT ( 'NONE',  ( 2.859999961853000094, 9.609999997019999185, 1.590000000000000080 ) ) ;
#10618 = PRESENTATION_LAYER_ASSIGNMENT (  '', '', ( #3678 ) ) ;
#10619 = SURFACE_STYLE_USAGE ( .BOTH. , #10681 ) ;
#10620 = DIRECTION ( 'NONE',  ( 0.0000000000000000000, 1.554312234475000050E-15, -1.000000000000000000 ) ) ;
#10621 = PRESENTATION_STYLE_ASSIGNMENT (( #6725 ) ) ;
#10622 = AXIS2_PLACEMENT_3D ( 'NONE', #3146, #4088, #8773 ) ;
#10623 = LINE ( 'NONE', #11692, #12144 ) ;
#10624 = VERTEX_POINT ( 'NONE', #491 ) ;
#10625 = LINE ( 'NONE', #662, #5063 ) ;
#10626 = VECTOR ( 'NONE', #4538, 1000.000000000000000 ) ;
#10627 = CARTESIAN_POINT ( 'NONE',  ( 4.109999935627000056, 1.520000000000000018, 0.02500000000000000139 ) ) ;
#10628 = DIRECTION ( 'NONE',  ( -1.000000000000000000, -0.0000000000000000000, -0.0000000000000000000 ) ) ;
#10629 = PRESENTATION_STYLE_ASSIGNMENT (( #4806 ) ) ;
#10630 = SURFACE_SIDE_STYLE ('',( #11588 ) ) ;
#10631 = PRESENTATION_LAYER_ASSIGNMENT (  '', '', ( #3291 ) ) ;
#10632 = AXIS2_PLACEMENT_3D ( 'NONE', #1027, #8963, #8823 ) ;
#10633 = LINE ( 'NONE', #10578, #11176 ) ;
#10634 = ORIENTED_EDGE ( 'NONE', *, *, #1651, .T. ) ;
#10635 = PRESENTATION_STYLE_ASSIGNMENT (( #2847 ) ) ;
#10636 = VERTEX_POINT ( 'NONE', #3533 ) ;
#10637 = VECTOR ( 'NONE', #4503, 1000.000000000000000 ) ;
#10638 = EDGE_LOOP ( 'NONE', ( #10375, #1715, #7737, #10417 ) ) ;
#10639 = PRESENTATION_STYLE_ASSIGNMENT (( #4748 ) ) ;
#10640 = ORIENTED_EDGE ( 'NONE', *, *, #10561, .T. ) ;
#10641 =( GEOMETRIC_REPRESENTATION_CONTEXT ( 3 ) GLOBAL_UNCERTAINTY_ASSIGNED_CONTEXT ( ( #2622 ) ) GLOBAL_UNIT_ASSIGNED_CONTEXT ( ( #1362, #1237, #3276 ) ) REPRESENTATION_CONTEXT ( 'NONE', 'WORKASPACE' ) );
#10642 = LINE ( 'NONE', #930, #855 ) ;
#10643 = EDGE_CURVE ( 'NONE', #2716, #5754, #10390, .T. ) ;
#10644 = EDGE_CURVE ( 'NONE', #11035, #4998, #2466, .T. ) ;
#10645 = DIRECTION ( 'NONE',  ( 0.7071067811865474617, -0.7071067811865474617, 0.0000000000000000000 ) ) ;
#10646 = LINE ( 'NONE', #9518, #1985 ) ;
#10647 = VECTOR ( 'NONE', #4402, 1000.000000000000000 ) ;
#10648 = LINE ( 'NONE', #11723, #2698 ) ;
#10649 = DIRECTION ( 'NONE',  ( 0.7071067811865474617, 0.0000000000000000000, -0.7071067811865474617 ) ) ;
#10650 = DIRECTION ( 'NONE',  ( -0.0000000000000000000, -0.0000000000000000000, 1.000000000000000000 ) ) ;
#10651 = ORIENTED_EDGE ( 'NONE', *, *, #3775, .T. ) ;
#10652 = DIRECTION ( 'NONE',  ( 0.0000000000000000000, 0.0000000000000000000, 1.000000000000000000 ) ) ;
#10653 = VERTEX_POINT ( 'NONE', #9245 ) ;
#10654 =( NAMED_UNIT ( * ) SI_UNIT ( $, .STERADIAN. ) SOLID_ANGLE_UNIT ( ) );
#10655 = VERTEX_POINT ( 'NONE', #4429 ) ;
#10656 = CARTESIAN_POINT ( 'NONE',  ( 18.09999973297100340, 0.3199999999999999512, -2.799999997020000020 ) ) ;
#10657 =( GEOMETRIC_REPRESENTATION_CONTEXT ( 3 ) GLOBAL_UNCERTAINTY_ASSIGNED_CONTEXT ( ( #1592 ) ) GLOBAL_UNIT_ASSIGNED_CONTEXT ( ( #8814, #7533, #3127 ) ) REPRESENTATION_CONTEXT ( 'NONE', 'WORKASPACE' ) );
#10658 = FACE_OUTER_BOUND ( 'NONE', #4361, .T. ) ;
#10659 = ORIENTED_EDGE ( 'NONE', *, *, #6501, .F. ) ;
#10660 = SURFACE_STYLE_USAGE ( .BOTH. , #825 ) ;
#10661 = SURFACE_SIDE_STYLE ('',( #11810 ) ) ;
#10662 = VECTOR ( 'NONE', #1801, 1000.000000000000000 ) ;
#10663 = SURFACE_SIDE_STYLE ('',( #7706 ) ) ;
#10664 = PRESENTATION_LAYER_ASSIGNMENT (  '', '', ( #7168 ) ) ;
#10665 = UNCERTAINTY_MEASURE_WITH_UNIT (LENGTH_MEASURE( 1.000000000000000082E-05 ), #4144, 'distance_accuracy_value', 'NONE');
#10666 = SURFACE_STYLE_FILL_AREA ( #8619 ) ;
#10667 = PRESENTATION_LAYER_ASSIGNMENT (  '', '', ( #6134 ) ) ;
#10668 = EDGE_CURVE ( 'NONE', #226, #8771, #6548, .T. ) ;
#10669 =( LENGTH_UNIT ( ) NAMED_UNIT ( * ) SI_UNIT ( .MILLI., .METRE. ) );
#10670 = ORIENTED_EDGE ( 'NONE', *, *, #9367, .T. ) ;
#10671 = DIRECTION ( 'NONE',  ( 0.0000000000000000000, 0.0000000000000000000, 1.000000000000000000 ) ) ;
#10672 = UNCERTAINTY_MEASURE_WITH_UNIT (LENGTH_MEASURE( 1.000000000000000082E-05 ), #1802, 'distance_accuracy_value', 'NONE');
#10673 = ORIENTED_EDGE ( 'NONE', *, *, #942, .F. ) ;
#10674 =( LENGTH_UNIT ( ) NAMED_UNIT ( * ) SI_UNIT ( .MILLI., .METRE. ) );
#10675 = ADVANCED_FACE ( 'NONE', ( #3602 ), #2409, .F. ) ;
#10676 = ORIENTED_EDGE ( 'NONE', *, *, #7695, .T. ) ;
#10677 = ADVANCED_FACE ( 'NONE', ( #7730 ), #731, .F. ) ;
#10678 = CARTESIAN_POINT ( 'NONE',  ( 11.42999984741206454, 1.820000011921000249, 2.214999988079062732 ) ) ;
#10679 = DIRECTION ( 'NONE',  ( -0.7071067811865474617, -0.0000000000000000000, -0.7071067811865474617 ) ) ;
#10680 = CARTESIAN_POINT ( 'NONE',  ( 1.269999961853000015, 3.809999961852999828, 0.02500000000000000139 ) ) ;
#10681 = SURFACE_SIDE_STYLE ('',( #6722 ) ) ;
#10682 = ADVANCED_FACE ( 'NONE', ( #9742 ), #8580, .T. ) ;
#10683 = LINE ( 'NONE', #5739, #8577 ) ;
#10684 = PRESENTATION_STYLE_ASSIGNMENT (( #6842 ) ) ;
#10685 = ORIENTED_EDGE ( 'NONE', *, *, #12609, .F. ) ;
#10686 =( NAMED_UNIT ( * ) SI_UNIT ( $, .STERADIAN. ) SOLID_ANGLE_UNIT ( ) );
#10687 =( NAMED_UNIT ( * ) SI_UNIT ( $, .STERADIAN. ) SOLID_ANGLE_UNIT ( ) );
#10688 = SURFACE_STYLE_USAGE ( .BOTH. , #10630 ) ;
#10689 =( LENGTH_UNIT ( ) NAMED_UNIT ( * ) SI_UNIT ( .MILLI., .METRE. ) );
#10691 = VERTEX_POINT ( 'NONE', #8840 ) ;
#10690 = EDGE_CURVE ( 'NONE', #4301, #9444, #6731, .T. ) ;
#10692 = PRESENTATION_LAYER_ASSIGNMENT (  '', '', ( #4562 ) ) ;
#10693 = AXIS2_PLACEMENT_3D ( 'NONE', #5042, #5101, #1337 ) ;
#10694 =( LENGTH_UNIT ( ) NAMED_UNIT ( * ) SI_UNIT ( .MILLI., .METRE. ) );
#10695 = ORIENTED_EDGE ( 'NONE', *, *, #1579, .F. ) ;
#10696 = ORIENTED_EDGE ( 'NONE', *, *, #3792, .T. ) ;
#10697 = VERTEX_POINT ( 'NONE', #9038 ) ;
#10698 = EDGE_CURVE ( 'NONE', #11035, #1468, #9863, .T. ) ;
#10699 = ADVANCED_FACE ( 'NONE', ( #11897 ), #1040, .T. ) ;
#10700 = SURFACE_STYLE_FILL_AREA ( #3043 ) ;
#10701 = DIRECTION ( 'NONE',  ( -1.000000000000000000, -0.0000000000000000000, -0.0000000000000000000 ) ) ;
#10702 = DIRECTION ( 'NONE',  ( 0.0000000000000000000, -1.510616709811000052E-15, 1.000000000000000000 ) ) ;
#10703 = CARTESIAN_POINT ( 'NONE',  ( 4.959999926685999760, 9.810000000000000497, 1.389999997019999878 ) ) ;
#10704 = ADVANCED_FACE ( 'NONE', ( #9996 ), #11837, .F. ) ;
#10705 = PRESENTATION_LAYER_ASSIGNMENT (  '', '', ( #2132 ) ) ;
#10706 =( LENGTH_UNIT ( ) NAMED_UNIT ( * ) SI_UNIT ( .MILLI., .METRE. ) );
#10707 = CARTESIAN_POINT ( 'NONE',  ( 10.03999985039200027, 9.810000000000000497, 1.389999997019999878 ) ) ;
#10708 = CARTESIAN_POINT ( 'NONE',  ( 12.37999980926499966, 3.809999961852999828, 0.9499999999999999556 ) ) ;
#10709 = LINE ( 'NONE', #1003, #3174 ) ;
#10710 =( LENGTH_UNIT ( ) NAMED_UNIT ( * ) SI_UNIT ( .MILLI., .METRE. ) );
#10711 = FACE_OUTER_BOUND ( 'NONE', #2526, .T. ) ;
#10712 = FACE_OUTER_BOUND ( 'NONE', #3700, .T. ) ;
#10713 = EDGE_CURVE ( 'NONE', #10977, #4206, #7857, .T. ) ;
#10714 = VERTEX_POINT ( 'NONE', #1178 ) ;
#10715 = SURFACE_STYLE_FILL_AREA ( #12188 ) ;
#10716 = VECTOR ( 'NONE', #8732, 1000.000000000000114 ) ;
#10717 = AXIS2_PLACEMENT_3D ( 'NONE', #11536, #2661, #10461 ) ;
#10718 = EDGE_LOOP ( 'NONE', ( #9285, #1140, #1655, #5753 ) ) ;
#10719 = ORIENTED_EDGE ( 'NONE', *, *, #1500, .T. ) ;
#10720 = COLOUR_RGB ( '',1.000000000000000000, 1.000000000000000000, 0.4980392156862745168 ) ;
#10721 =( GEOMETRIC_REPRESENTATION_CONTEXT ( 3 ) GLOBAL_UNCERTAINTY_ASSIGNED_CONTEXT ( ( #7394 ) ) GLOBAL_UNIT_ASSIGNED_CONTEXT ( ( #1031, #4080, #11178 ) ) REPRESENTATION_CONTEXT ( 'NONE', 'WORKASPACE' ) );
#10722 = ORIENTED_EDGE ( 'NONE', *, *, #3525, .T. ) ;
#10723 = CARTESIAN_POINT ( 'NONE',  ( 17.99999973148100096, 0.3200000000000000067, -2.899999998509999788 ) ) ;
#10724 =( GEOMETRIC_REPRESENTATION_CONTEXT ( 3 ) GLOBAL_UNCERTAINTY_ASSIGNED_CONTEXT ( ( #8520 ) ) GLOBAL_UNIT_ASSIGNED_CONTEXT ( ( #11313, #11447, #10377 ) ) REPRESENTATION_CONTEXT ( 'NONE', 'WORKASPACE' ) );
#10725 =( GEOMETRIC_REPRESENTATION_CONTEXT ( 3 ) GLOBAL_UNCERTAINTY_ASSIGNED_CONTEXT ( ( #5916 ) ) GLOBAL_UNIT_ASSIGNED_CONTEXT ( ( #296, #10960, #1110 ) ) REPRESENTATION_CONTEXT ( 'NONE', 'WORKASPACE' ) );
#10726 = COLOUR_RGB ( '',1.000000000000000000, 1.000000000000000000, 0.4980392156862745168 ) ;
#10727 = SURFACE_STYLE_USAGE ( .BOTH. , #9598 ) ;
#10728 = STYLED_ITEM ( 'NONE', ( #11238 ), #8875 ) ;
#10729 = VECTOR ( 'NONE', #3355, 1000.000000000000000 ) ;
#10730 =( GEOMETRIC_REPRESENTATION_CONTEXT ( 3 ) GLOBAL_UNCERTAINTY_ASSIGNED_CONTEXT ( ( #4277 ) ) GLOBAL_UNIT_ASSIGNED_CONTEXT ( ( #5038, #9979, #5973 ) ) REPRESENTATION_CONTEXT ( 'NONE', 'WORKASPACE' ) );
#10731 = DIRECTION ( 'NONE',  ( 0.0000000000000000000, -1.332267629549999902E-15, 1.000000000000000000 ) ) ;
#10732 = ORIENTED_EDGE ( 'NONE', *, *, #7274, .F. ) ;
#10733 = PRESENTATION_STYLE_ASSIGNMENT (( #4902 ) ) ;
#10734 = SURFACE_STYLE_USAGE ( .BOTH. , #834 ) ;
#10735 = FILL_AREA_STYLE_COLOUR ( '', #11933 ) ;
#10736 = ORIENTED_EDGE ( 'NONE', *, *, #7769, .T. ) ;
#10737 =( NAMED_UNIT ( * ) PLANE_ANGLE_UNIT ( ) SI_UNIT ( $, .RADIAN. ) );
#10738 = VECTOR ( 'NONE', #10603, 1000.000000000000000 ) ;
#10739 =( GEOMETRIC_REPRESENTATION_CONTEXT ( 3 ) GLOBAL_UNCERTAINTY_ASSIGNED_CONTEXT ( ( #10606 ) ) GLOBAL_UNIT_ASSIGNED_CONTEXT ( ( #12523, #5882, #4991 ) ) REPRESENTATION_CONTEXT ( 'NONE', 'WORKASPACE' ) );
#10740 =( GEOMETRIC_REPRESENTATION_CONTEXT ( 3 ) GLOBAL_UNCERTAINTY_ASSIGNED_CONTEXT ( ( #5481 ) ) GLOBAL_UNIT_ASSIGNED_CONTEXT ( ( #11580, #827, #5857 ) ) REPRESENTATION_CONTEXT ( 'NONE', 'WORKASPACE' ) );
#10741 = SURFACE_STYLE_USAGE ( .BOTH. , #7771 ) ;
#10742 = MECHANICAL_DESIGN_GEOMETRIC_PRESENTATION_REPRESENTATION (  '', ( #1755 ), #6458 ) ;
#10743 = PRESENTATION_STYLE_ASSIGNMENT (( #8764 ) ) ;
#10744 = DIRECTION ( 'NONE',  ( 0.0000000000000000000, -1.000000000000000000, -0.0000000000000000000 ) ) ;
#10745 = PLANE ( 'NONE',  #10382 ) ;
#10746 = PRESENTATION_LAYER_ASSIGNMENT (  '', '', ( #12365 ) ) ;
#10747 = ADVANCED_FACE ( 'NONE', ( #5062 ), #8974, .T. ) ;
#10748 = COLOUR_RGB ( '',0.09411764705882352811, 0.09411764705882352811, 0.09411764705882352811 ) ;
#10749 = LINE ( 'NONE', #10225, #6444 ) ;
#10750 = VECTOR ( 'NONE', #8357, 1000.000000000000000 ) ;
#10751 = CARTESIAN_POINT ( 'NONE',  ( 7.499999888538999571, -0.3200000000000000067, -2.999999999999999556 ) ) ;
#10752 =( NAMED_UNIT ( * ) SI_UNIT ( $, .STERADIAN. ) SOLID_ANGLE_UNIT ( ) );
#10753 = CARTESIAN_POINT ( 'NONE',  ( 4.759999923706000224, 3.809999961852999828, 1.590000000000000080 ) ) ;
#10754 = CARTESIAN_POINT ( 'NONE',  ( 17.45999973297099928, 0.3200000000000000622, -6.186013787285977915E-16 ) ) ;
#10755 = ORIENTED_EDGE ( 'NONE', *, *, #8933, .F. ) ;
#10756 = CARTESIAN_POINT ( 'NONE',  ( 0.3200000000000000067, 1.270000000000000018, 1.589999999999999858 ) ) ;
#10757 = ORIENTED_EDGE ( 'NONE', *, *, #8594, .F. ) ;
#10758 = LINE ( 'NONE', #11772, #4699 ) ;
#10759 = FACE_OUTER_BOUND ( 'NONE', #6496, .T. ) ;
#10760 = PRESENTATION_STYLE_ASSIGNMENT (( #5880 ) ) ;
#10761 = PRESENTATION_LAYER_ASSIGNMENT (  '', '', ( #10566 ) ) ;
#10762 = DIRECTION ( 'NONE',  ( 0.0000000000000000000, 1.332267629549999902E-15, -1.000000000000000000 ) ) ;
#10763 = VECTOR ( 'NONE', #2729, 999.9999999999998863 ) ;
#10764 = SURFACE_SIDE_STYLE ('',( #4035 ) ) ;
#10765 = LINE ( 'NONE', #8780, #5617 ) ;
#10766 = ORIENTED_EDGE ( 'NONE', *, *, #10527, .F. ) ;
#10767 = UNCERTAINTY_MEASURE_WITH_UNIT (LENGTH_MEASURE( 1.000000000000000082E-05 ), #3758, 'distance_accuracy_value', 'NONE');
#10768 = ORIENTED_EDGE ( 'NONE', *, *, #2787, .T. ) ;
#10769 = ORIENTED_EDGE ( 'NONE', *, *, #6123, .F. ) ;
#10770 = STYLED_ITEM ( 'NONE', ( #305 ), #8383 ) ;
#10771 = DIRECTION ( 'NONE',  ( 0.0000000000000000000, 0.0000000000000000000, 1.000000000000000000 ) ) ;
#10772 = EDGE_LOOP ( 'NONE', ( #2927, #8037, #6902, #7539 ) ) ;
#10773 = STYLED_ITEM ( 'NONE', ( #10333 ), #3828 ) ;
#10774 = DIRECTION ( 'NONE',  ( 1.000000000000000000, -0.0000000000000000000, 0.0000000000000000000 ) ) ;
#10775 = FILL_AREA_STYLE ('',( #3045 ) ) ;
#10776 = LINE ( 'NONE', #1113, #4653 ) ;
#10777 = SURFACE_STYLE_USAGE ( .BOTH. , #7565 ) ;
#10778 = PRESENTATION_STYLE_ASSIGNMENT (( #3105 ) ) ;
#10779 = CARTESIAN_POINT ( 'NONE',  ( 15.11999977409799989, 9.810000000000000497, 1.590000000000000080 ) ) ;
#10780 = VECTOR ( 'NONE', #9913, 1000.000000000000000 ) ;
#10781 = CYLINDRICAL_SURFACE ( 'NONE', #8489, 1.590000000000000080 ) ;
#10782 = FILL_AREA_STYLE_COLOUR ( '', #3312 ) ;
#10783 = CARTESIAN_POINT ( 'NONE',  ( 1.119999994040000058, 1.520000000000000018, 0.1750000059600000102 ) ) ;
#10784 = ORIENTED_EDGE ( 'NONE', *, *, #4849, .F. ) ;
#10785 = DIRECTION ( 'NONE',  ( 0.0000000000000000000, 0.0000000000000000000, 1.000000000000000000 ) ) ;
#10786 = ORIENTED_EDGE ( 'NONE', *, *, #2005, .F. ) ;
#10787 = LINE ( 'NONE', #7889, #10932 ) ;
#10788 = ORIENTED_EDGE ( 'NONE', *, *, #9167, .T. ) ;
#10789 = CARTESIAN_POINT ( 'NONE',  ( 16.50999973297099999, 3.809999961852999828, 2.214999988079001003 ) ) ;
#10790 = ORIENTED_EDGE ( 'NONE', *, *, #1877, .F. ) ;
#10791 = CARTESIAN_POINT ( 'NONE',  ( 18.09999973297100340, 0.3200000000000000067, -5.313452942893489393E-16 ) ) ;
#10792 =( NAMED_UNIT ( * ) PLANE_ANGLE_UNIT ( ) SI_UNIT ( $, .RADIAN. ) );
#10793 = LINE ( 'NONE', #7895, #5225 ) ;
#10794 = STYLED_ITEM ( 'NONE', ( #5466 ), #1360 ) ;
#10795 =( GEOMETRIC_REPRESENTATION_CONTEXT ( 3 ) GLOBAL_UNCERTAINTY_ASSIGNED_CONTEXT ( ( #3138 ) ) GLOBAL_UNIT_ASSIGNED_CONTEXT ( ( #2969, #3046, #11715 ) ) REPRESENTATION_CONTEXT ( 'NONE', 'WORKASPACE' ) );
#10796 =( NAMED_UNIT ( * ) PLANE_ANGLE_UNIT ( ) SI_UNIT ( $, .RADIAN. ) );
#10797 = DIRECTION ( 'NONE',  ( 0.0000000000000000000, 0.0000000000000000000, 1.000000000000000000 ) ) ;
#10798 = ORIENTED_EDGE ( 'NONE', *, *, #508, .F. ) ;
#10799 = LINE ( 'NONE', #11876, #12074 ) ;
#10800 = UNCERTAINTY_MEASURE_WITH_UNIT (LENGTH_MEASURE( 1.000000000000000082E-05 ), #5134, 'distance_accuracy_value', 'NONE');
#10801 = FILL_AREA_STYLE ('',( #8691 ) ) ;
#10802 = ORIENTED_EDGE ( 'NONE', *, *, #1579, .T. ) ;
#10803 = PRESENTATION_STYLE_ASSIGNMENT (( #10992 ) ) ;
#10804 = DIRECTION ( 'NONE',  ( 0.0000000000000000000, 1.000000000000000000, 0.0000000000000000000 ) ) ;
#10805 =( LENGTH_UNIT ( ) NAMED_UNIT ( * ) SI_UNIT ( .MILLI., .METRE. ) );
#10806 = EDGE_CURVE ( 'NONE', #3372, #6739, #4475, .T. ) ;
#10807 = DIRECTION ( 'NONE',  ( -1.000000000000000000, 0.0000000000000000000, -0.0000000000000000000 ) ) ;
#10808 = CARTESIAN_POINT ( 'NONE',  ( -1.270000000000000018, 1.520000000000000018, 0.02500000000000000139 ) ) ;
#10809 = SURFACE_STYLE_USAGE ( .BOTH. , #4316 ) ;
#10810 = SURFACE_STYLE_USAGE ( .BOTH. , #6224 ) ;
#10811 = LINE ( 'NONE', #2054, #12282 ) ;
#10812 = FILL_AREA_STYLE_COLOUR ( '', #6254 ) ;
#10813 = VERTEX_POINT ( 'NONE', #4413 ) ;
#10814 = PRESENTATION_STYLE_ASSIGNMENT (( #11769 ) ) ;
#10815 = VERTEX_POINT ( 'NONE', #5430 ) ;
#10816 = CARTESIAN_POINT ( 'NONE',  ( 14.11999977707900378, 3.809999961853000716, 0.1750000059600015367 ) ) ;
#10817 = SURFACE_SIDE_STYLE ('',( #228 ) ) ;
#10818 = MECHANICAL_DESIGN_GEOMETRIC_PRESENTATION_REPRESENTATION (  '', ( #5897 ), #11224 ) ;
#10819 = DIRECTION ( 'NONE',  ( 0.0000000000000000000, -1.554312234475000050E-15, 1.000000000000000000 ) ) ;
#10820 = CARTESIAN_POINT ( 'NONE',  ( 19.04999973297099913, 1.520000000000000018, 0.02500000000000000139 ) ) ;
#10821 = AXIS2_PLACEMENT_3D ( 'NONE', #7426, #6165, #10150 ) ;
#10822 =( NAMED_UNIT ( * ) SI_UNIT ( $, .STERADIAN. ) SOLID_ANGLE_UNIT ( ) );
#10823 = PRESENTATION_STYLE_ASSIGNMENT (( #3222 ) ) ;
#10824 = FILL_AREA_STYLE_COLOUR ( '', #6271 ) ;
#10825 = CARTESIAN_POINT ( 'NONE',  ( 12.57999981224500097, 9.810000000000000497, 1.150000002979999714 ) ) ;
#10826 = ORIENTED_EDGE ( 'NONE', *, *, #9638, .F. ) ;
#10827 = VECTOR ( 'NONE', #4329, 1000.000000000000000 ) ;
#10828 = SURFACE_STYLE_FILL_AREA ( #3225 ) ;
#10829 = ORIENTED_EDGE ( 'NONE', *, *, #4161, .T. ) ;
#10830 = EDGE_LOOP ( 'NONE', ( #11971, #12187, #11917, #2867 ) ) ;
#10831 = ORIENTED_EDGE ( 'NONE', *, *, #113, .T. ) ;
#10832 = VECTOR ( 'NONE', #9165, 1000.000000000000000 ) ;
#10833 =( NAMED_UNIT ( * ) SI_UNIT ( $, .STERADIAN. ) SOLID_ANGLE_UNIT ( ) );
#10834 = DIRECTION ( 'NONE',  ( -0.0000000000000000000, 1.000000000000000000, 1.332267629549999902E-15 ) ) ;
#10835 = ADVANCED_FACE ( 'NONE', ( #6475 ), #1495, .T. ) ;
#10836 = PLANE ( 'NONE',  #7516 ) ;
#10837 = PLANE ( 'NONE',  #7359 ) ;
#10838 = PRESENTATION_STYLE_ASSIGNMENT (( #6087 ) ) ;
#10839 =( GEOMETRIC_REPRESENTATION_CONTEXT ( 3 ) GLOBAL_UNCERTAINTY_ASSIGNED_CONTEXT ( ( #6584 ) ) GLOBAL_UNIT_ASSIGNED_CONTEXT ( ( #5870, #4016, #7833 ) ) REPRESENTATION_CONTEXT ( 'NONE', 'WORKASPACE' ) );
#10840 = SURFACE_STYLE_FILL_AREA ( #380 ) ;
#10841 = CARTESIAN_POINT ( 'NONE',  ( 7.499999888538999571, 0.1199999970200003180, -2.999999999999999556 ) ) ;
#10842 = FILL_AREA_STYLE ('',( #256 ) ) ;
#10843 = VERTEX_POINT ( 'NONE', #4276 ) ;
#10844 = CARTESIAN_POINT ( 'NONE',  ( 17.45999973297099928, 3.809999961852999828, 1.590000000000000080 ) ) ;
#10845 = PRESENTATION_LAYER_ASSIGNMENT (  '', '', ( #8799 ) ) ;
#10846 = EDGE_LOOP ( 'NONE', ( #4640, #372, #5649, #6416, #2689 ) ) ;
#10847 = SURFACE_STYLE_USAGE ( .BOTH. , #4056 ) ;
#10848 = ORIENTED_EDGE ( 'NONE', *, *, #8175, .F. ) ;
#10849 = ORIENTED_EDGE ( 'NONE', *, *, #8770, .T. ) ;
#10850 =( NAMED_UNIT ( * ) PLANE_ANGLE_UNIT ( ) SI_UNIT ( $, .RADIAN. ) );
#10851 = DIRECTION ( 'NONE',  ( -0.5773502691896303940, 0.5773502691896190697, -0.5773502691896278405 ) ) ;
#10852 =( LENGTH_UNIT ( ) NAMED_UNIT ( * ) SI_UNIT ( .MILLI., .METRE. ) );
#10853 = CIRCLE ( 'NONE', #1256, 1.590000000000000080 ) ;
#10854 = MECHANICAL_DESIGN_GEOMETRIC_PRESENTATION_REPRESENTATION (  '', ( #4300 ), #8605 ) ;
#10855 = FILL_AREA_STYLE_COLOUR ( '', #9795 ) ;
#10856 = ORIENTED_EDGE ( 'NONE', *, *, #5655, .T. ) ;
#10857 = EDGE_CURVE ( 'NONE', #9599, #8283, #9361, .T. ) ;
#10858 = CARTESIAN_POINT ( 'NONE',  ( -1.270000000000000018, 1.520000000000000018, 0.02500000000000000139 ) ) ;
#10859 = STYLED_ITEM ( 'NONE', ( #7336 ), #6217 ) ;
#10860 = VECTOR ( 'NONE', #5178, 1000.000000000000000 ) ;
#10861 = SURFACE_STYLE_FILL_AREA ( #11999 ) ;
#10862 = ORIENTED_EDGE ( 'NONE', *, *, #11955, .F. ) ;
#10863 = CARTESIAN_POINT ( 'NONE',  ( 7.499999888538999571, 9.810000000000000497, 1.150000002979999936 ) ) ;
#10864 = VECTOR ( 'NONE', #11089, 1000.000000000000000 ) ;
#10865 = EDGE_CURVE ( 'NONE', #10335, #9896, #10191, .T. ) ;
#10866 = SURFACE_STYLE_FILL_AREA ( #2050 ) ;
#10867 = COLOUR_RGB ( '',0.09411764705882352811, 0.09411764705882352811, 0.09411764705882352811 ) ;
#10868 = COLOUR_RGB ( '',0.09411764705882352811, 0.09411764705882352811, 0.09411764705882352811 ) ;
#10869 = LINE ( 'NONE', #5981, #6834 ) ;
#10870 = SURFACE_STYLE_USAGE ( .BOTH. , #9988 ) ;
#10871 = DIRECTION ( 'NONE',  ( 1.000000000000000000, 0.0000000000000000000, 0.0000000000000000000 ) ) ;
#10872 = EDGE_CURVE ( 'NONE', #3849, #1796, #5360, .T. ) ;
#10873 = EDGE_LOOP ( 'NONE', ( #5984, #2067, #2634, #7810 ) ) ;
#10874 = ORIENTED_EDGE ( 'NONE', *, *, #10102, .F. ) ;
#10875 = CARTESIAN_POINT ( 'NONE',  ( 2.859999961853000094, -0.2199999985099999888, -2.899999998509999788 ) ) ;
#10876 = FILL_AREA_STYLE_COLOUR ( '', #11186 ) ;
#10877 = PLANE ( 'NONE',  #7817 ) ;
#10878 = PRESENTATION_STYLE_ASSIGNMENT (( #9865 ) ) ;
#10879 =( LENGTH_UNIT ( ) NAMED_UNIT ( * ) SI_UNIT ( .MILLI., .METRE. ) );
#10880 =( NAMED_UNIT ( * ) SI_UNIT ( $, .STERADIAN. ) SOLID_ANGLE_UNIT ( ) );
#10881 = UNCERTAINTY_MEASURE_WITH_UNIT (LENGTH_MEASURE( 1.000000000000000082E-05 ), #11854, 'distance_accuracy_value', 'NONE');
#10882 = COLOUR_RGB ( '',1.000000000000000000, 1.000000000000000000, 0.4980392156862745168 ) ;
#10883 = ORIENTED_EDGE ( 'NONE', *, *, #4544, .F. ) ;
#10884 = VERTEX_POINT ( 'NONE', #11319 ) ;
#10885 = DIRECTION ( 'NONE',  ( -0.0000000000000000000, 1.000000000000000000, 0.0000000000000000000 ) ) ;
#10886 = ORIENTED_EDGE ( 'NONE', *, *, #9708, .F. ) ;
#10887 = SURFACE_STYLE_USAGE ( .BOTH. , #3973 ) ;
#10888 = DIRECTION ( 'NONE',  ( -1.000000000000000000, -0.0000000000000000000, -0.0000000000000000000 ) ) ;
#10889 = CARTESIAN_POINT ( 'NONE',  ( -0.3200000000000000067, 9.810000000000000497, 0.9499999999999999556 ) ) ;
#10890 = DIRECTION ( 'NONE',  ( -0.7071067811865475727, 0.0000000000000000000, -0.7071067811865475727 ) ) ;
#10891 = UNCERTAINTY_MEASURE_WITH_UNIT (LENGTH_MEASURE( 1.000000000000000082E-05 ), #1446, 'distance_accuracy_value', 'NONE');
#10892 = ADVANCED_FACE ( 'NONE', ( #6201 ), #12077, .T. ) ;
#10893 =( NAMED_UNIT ( * ) SI_UNIT ( $, .STERADIAN. ) SOLID_ANGLE_UNIT ( ) );
#10894 = CARTESIAN_POINT ( 'NONE',  ( 8.889999847411999667, 1.520000000000000018, 2.214999988079000115 ) ) ;
#10895 = CARTESIAN_POINT ( 'NONE',  ( 2.219999961852999970, -0.3199999999999999512, -2.799999997020000020 ) ) ;
#10896 = PLANE ( 'NONE',  #1885 ) ;
#10897 = PRESENTATION_STYLE_ASSIGNMENT (( #1200 ) ) ;
#10898 = EDGE_CURVE ( 'NONE', #6184, #8880, #9659, .T. ) ;
#10899 =( LENGTH_UNIT ( ) NAMED_UNIT ( * ) SI_UNIT ( .MILLI., .METRE. ) );
#10900 = EDGE_CURVE ( 'NONE', #9234, #12395, #2640, .T. ) ;
#10901 = ORIENTED_EDGE ( 'NONE', *, *, #7919, .T. ) ;
#10902 = FACE_OUTER_BOUND ( 'NONE', #7847, .T. ) ;
#10903 = VERTEX_POINT ( 'NONE', #4863 ) ;
#10904 = ORIENTED_EDGE ( 'NONE', *, *, #8564, .T. ) ;
#10905 = CARTESIAN_POINT ( 'NONE',  ( 6.499999891520000794, 1.520000000000000018, 0.1750000059600000102 ) ) ;
#10906 = COLOUR_RGB ( '',1.000000000000000000, 1.000000000000000000, 0.4980392156862745168 ) ;
#10907 = FACE_OUTER_BOUND ( 'NONE', #3971, .T. ) ;
#10908 = MECHANICAL_DESIGN_GEOMETRIC_PRESENTATION_REPRESENTATION (  '', ( #9290 ), #11953 ) ;
#10909 = PLANE ( 'NONE',  #3603 ) ;
#10910 = DIRECTION ( 'NONE',  ( 0.0000000000000000000, 0.7071067811865474617, -0.7071067811865474617 ) ) ;
#10911 =( NAMED_UNIT ( * ) PLANE_ANGLE_UNIT ( ) SI_UNIT ( $, .RADIAN. ) );
#10912 = MECHANICAL_DESIGN_GEOMETRIC_PRESENTATION_REPRESENTATION (  '', ( #7631 ), #10513 ) ;
#10913 = VECTOR ( 'NONE', #3931, 1000.000000000000000 ) ;
#10914 = DIRECTION ( 'NONE',  ( 0.0000000000000000000, -1.510616709811000052E-15, 1.000000000000000000 ) ) ;
#10915 = ORIENTED_EDGE ( 'NONE', *, *, #534, .T. ) ;
#10916 = DIRECTION ( 'NONE',  ( -0.0000000000000000000, 0.0000000000000000000, 1.000000000000000000 ) ) ;
#10917 = VECTOR ( 'NONE', #2022, 1000.000000000000000 ) ;
#10918 = EDGE_CURVE ( 'NONE', #5885, #1872, #903, .T. ) ;
#10919 = LINE ( 'NONE', #9978, #1071 ) ;
#10920 = UNCERTAINTY_MEASURE_WITH_UNIT (LENGTH_MEASURE( 1.000000000000000082E-05 ), #3445, 'distance_accuracy_value', 'NONE');
#10921 = DIRECTION ( 'NONE',  ( -0.0000000000000000000, -0.0000000000000000000, -1.000000000000000000 ) ) ;
#10922 = ORIENTED_EDGE ( 'NONE', *, *, #10713, .F. ) ;
#10923 = CARTESIAN_POINT ( 'NONE',  ( 7.299999885559000035, 3.809999961852999384, 0.9499999999999999556 ) ) ;
#10924 =( NAMED_UNIT ( * ) PLANE_ANGLE_UNIT ( ) SI_UNIT ( $, .RADIAN. ) );
#10925 = DIRECTION ( 'NONE',  ( -0.5773502691896253980, 0.5773502691896253980, 0.5773502691896266192 ) ) ;
#10926 = AXIS2_PLACEMENT_3D ( 'NONE', #6298, #9381, #10218 ) ;
#10927 = CLOSED_SHELL ( 'NONE', ( #9132, #12221, #11328, #8821, #11323, #4256, #4668, #12073, #1618, #6616, #11700, #12197, #2804, #9384, #189, #10093, #10212, #10835 ) ) ;
#10928 = PRESENTATION_LAYER_ASSIGNMENT (  '', '', ( #3769 ) ) ;
#10929 = VECTOR ( 'NONE', #8548, 1000.000000000000000 ) ;
#10930 = CARTESIAN_POINT ( 'NONE',  ( 15.55999977111799915, 3.809999961852999828, 0.9499999999999999556 ) ) ;
#10931 = STYLED_ITEM ( 'NONE', ( #6988 ), #11328 ) ;
#10932 = VECTOR ( 'NONE', #5149, 1000.000000000000000 ) ;
#10933 = UNCERTAINTY_MEASURE_WITH_UNIT (LENGTH_MEASURE( 1.000000000000000082E-05 ), #8399, 'distance_accuracy_value', 'NONE');
#10934 = EDGE_CURVE ( 'NONE', #2728, #346, #4726, .T. ) ;
#10935 =( GEOMETRIC_REPRESENTATION_CONTEXT ( 3 ) GLOBAL_UNCERTAINTY_ASSIGNED_CONTEXT ( ( #10767 ) ) GLOBAL_UNIT_ASSIGNED_CONTEXT ( ( #3758, #8890, #11758 ) ) REPRESENTATION_CONTEXT ( 'NONE', 'WORKASPACE' ) );
#10936 = LINE ( 'NONE', #7912, #3201 ) ;
#10937 = AXIS2_PLACEMENT_3D ( 'NONE', #1599, #5479, #7526 ) ;
#10938 = ORIENTED_EDGE ( 'NONE', *, *, #2749, .T. ) ;
#10939 = SURFACE_STYLE_FILL_AREA ( #2311 ) ;
#10940 = ORIENTED_EDGE ( 'NONE', *, *, #8813, .F. ) ;
#10941 = CARTESIAN_POINT ( 'NONE',  ( 2.219999961852999970, -0.1199999970200000127, -3.000000000000000000 ) ) ;
#10942 =( GEOMETRIC_REPRESENTATION_CONTEXT ( 3 ) GLOBAL_UNCERTAINTY_ASSIGNED_CONTEXT ( ( #10891 ) ) GLOBAL_UNIT_ASSIGNED_CONTEXT ( ( #1446, #6491, #567 ) ) REPRESENTATION_CONTEXT ( 'NONE', 'WORKASPACE' ) );
#10943 =( GEOMETRIC_REPRESENTATION_CONTEXT ( 3 ) GLOBAL_UNCERTAINTY_ASSIGNED_CONTEXT ( ( #8506 ) ) GLOBAL_UNIT_ASSIGNED_CONTEXT ( ( #5125, #7988, #10880 ) ) REPRESENTATION_CONTEXT ( 'NONE', 'WORKASPACE' ) );
#10944 = DIRECTION ( 'NONE',  ( -0.5773502691896232886, -0.5773502691896269523, -0.5773502691896269523 ) ) ;
#10945 = FILL_AREA_STYLE ('',( #6607 ) ) ;
#10946 =( NAMED_UNIT ( * ) SI_UNIT ( $, .STERADIAN. ) SOLID_ANGLE_UNIT ( ) );
#10947 = PRESENTATION_LAYER_ASSIGNMENT (  '', '', ( #3786 ) ) ;
#10948 = SURFACE_STYLE_USAGE ( .BOTH. , #9864 ) ;
#10949 = VECTOR ( 'NONE', #10885, 1000.000000000000000 ) ;
#10950 = LINE ( 'NONE', #9117, #11920 ) ;
#10951 = LINE ( 'NONE', #3035, #10137 ) ;
#10952 = CARTESIAN_POINT ( 'NONE',  ( 8.889999885559499049, 1.520000000000000018, 0.3250000119204991544 ) ) ;
#10953 =( LENGTH_UNIT ( ) NAMED_UNIT ( * ) SI_UNIT ( .MILLI., .METRE. ) );
#10954 = AXIS2_PLACEMENT_3D ( 'NONE', #710, #3647, #11448 ) ;
#10955 = DIRECTION ( 'NONE',  ( 0.0000000000000000000, 1.000000000000000000, -0.0000000000000000000 ) ) ;
#10956 = ORIENTED_EDGE ( 'NONE', *, *, #6332, .F. ) ;
#10957 = COLOUR_RGB ( '',1.000000000000000000, 1.000000000000000000, 0.4980392156862745168 ) ;
#10958 = FILL_AREA_STYLE ('',( #2202 ) ) ;
#10959 = ORIENTED_EDGE ( 'NONE', *, *, #6473, .T. ) ;
#10960 =( NAMED_UNIT ( * ) PLANE_ANGLE_UNIT ( ) SI_UNIT ( $, .RADIAN. ) );
#10961 = SURFACE_STYLE_FILL_AREA ( #3288 ) ;
#10962 = CARTESIAN_POINT ( 'NONE',  ( 5.399999923705999905, 1.270000000000000018, 0.9499999999999997335 ) ) ;
#10963 = PRESENTATION_STYLE_ASSIGNMENT (( #2207 ) ) ;
#10964 = COLOUR_RGB ( '',1.000000000000000000, 1.000000000000000000, 0.4980392156862745168 ) ;
#10965 =( LENGTH_UNIT ( ) NAMED_UNIT ( * ) SI_UNIT ( .MILLI., .METRE. ) );
#10966 = SURFACE_STYLE_USAGE ( .BOTH. , #5011 ) ;
#10967 = FILL_AREA_STYLE_COLOUR ( '', #6428 ) ;
#10968 = EDGE_CURVE ( 'NONE', #3454, #6541, #3707, .T. ) ;
#10969 =( LENGTH_UNIT ( ) NAMED_UNIT ( * ) SI_UNIT ( .MILLI., .METRE. ) );
#10970 = FILL_AREA_STYLE_COLOUR ( '', #6025 ) ;
#10971 = VECTOR ( 'NONE', #9436, 1000.000000000000000 ) ;
#10972 = CARTESIAN_POINT ( 'NONE',  ( 12.37999980926499966, 3.809999961852999384, 1.590000000000000080 ) ) ;
#10973 = SURFACE_STYLE_USAGE ( .BOTH. , #12093 ) ;
#10974 = CARTESIAN_POINT ( 'NONE',  ( 4.109999935627000056, 1.520000000000000018, 2.515000000000000124 ) ) ;
#10975 = VERTEX_POINT ( 'NONE', #9548 ) ;
#10976 = STYLED_ITEM ( 'NONE', ( #6078 ), #3901 ) ;
#10977 = VERTEX_POINT ( 'NONE', #7478 ) ;
#10978 = LINE ( 'NONE', #2147, #11551 ) ;
#10979 = VERTEX_POINT ( 'NONE', #4789 ) ;
#10980 = DIRECTION ( 'NONE',  ( 0.0000000000000000000, -1.000000000000000000, -1.332267629549999902E-15 ) ) ;
#10981 = ORIENTED_EDGE ( 'NONE', *, *, #6941, .T. ) ;
#10982 = LINE ( 'NONE', #3307, #10441 ) ;
#10983 = SURFACE_STYLE_USAGE ( .BOTH. , #7186 ) ;
#10984 = STYLED_ITEM ( 'NONE', ( #4311 ), #11155 ) ;
#10985 = LINE ( 'NONE', #1862, #11660 ) ;
#10986 = EDGE_CURVE ( 'NONE', #10110, #6845, #12508, .T. ) ;
#10987 = AXIS2_PLACEMENT_3D ( 'NONE', #2665, #12483, #4561 ) ;
#10988 = FACE_OUTER_BOUND ( 'NONE', #2345, .T. ) ;
#10989 = ORIENTED_EDGE ( 'NONE', *, *, #6129, .F. ) ;
#10990 = CARTESIAN_POINT ( 'NONE',  ( 8.889999847411999667, 1.820000011921000027, 2.515000000000000124 ) ) ;
#10991 = VERTEX_POINT ( 'NONE', #7662 ) ;
#10992 = SURFACE_STYLE_USAGE ( .BOTH. , #7085 ) ;
#10993 = CARTESIAN_POINT ( 'NONE',  ( 3.809999923706000047, 1.519999999999999130, 2.214999988079000115 ) ) ;
#10994 = PLANE ( 'NONE',  #2970 ) ;
#10995 = PLANE ( 'NONE',  #1157 ) ;
#10996 = VECTOR ( 'NONE', #9299, 1000.000000000000000 ) ;
#10997 = EDGE_CURVE ( 'NONE', #5590, #7340, #9152, .T. ) ;
#10998 = SURFACE_SIDE_STYLE ('',( #5106 ) ) ;
#10999 = PRESENTATION_STYLE_ASSIGNMENT (( #10870 ) ) ;
#11000 = SURFACE_STYLE_FILL_AREA ( #5109 ) ;
#11001 = DIRECTION ( 'NONE',  ( 0.5773502691896262862, 0.5773502691896262862, 0.5773502691896247319 ) ) ;
#11002 = MECHANICAL_DESIGN_GEOMETRIC_PRESENTATION_REPRESENTATION (  '', ( #2842 ), #3047 ) ;
#11003 = ORIENTED_EDGE ( 'NONE', *, *, #12492, .F. ) ;
#11004 = ORIENTED_EDGE ( 'NONE', *, *, #9389, .F. ) ;
#11005 = FILL_AREA_STYLE ('',( #4272 ) ) ;
#11006 = CARTESIAN_POINT ( 'NONE',  ( 3.809999923706000047, 3.809999961852995831, 2.515000000000000124 ) ) ;
#11007 = COLOUR_RGB ( '',1.000000000000000000, 1.000000000000000000, 0.4980392156862745168 ) ;
#11008 = CARTESIAN_POINT ( 'NONE',  ( -0.3200000000000000067, 0.3200000000000000067, -3.000000000000000000 ) ) ;
#11009 = FILL_AREA_STYLE_COLOUR ( '', #12368 ) ;
#11010 = FILL_AREA_STYLE_COLOUR ( '', #5054 ) ;
#11011 = PLANE ( 'NONE',  #12553 ) ;
#11012 = FILL_AREA_STYLE_COLOUR ( '', #2122 ) ;
#11013 = ORIENTED_EDGE ( 'NONE', *, *, #5586, .T. ) ;
#11014 = VECTOR ( 'NONE', #198, 1000.000000000000000 ) ;
#11015 =( LENGTH_UNIT ( ) NAMED_UNIT ( * ) SI_UNIT ( .MILLI., .METRE. ) );
#11016 = ORIENTED_EDGE ( 'NONE', *, *, #10072, .F. ) ;
#11017 = DIRECTION ( 'NONE',  ( 0.0000000000000000000, -0.7071067811865475727, 0.7071067811865475727 ) ) ;
#11018 = CARTESIAN_POINT ( 'NONE',  ( 11.42999980926500037, 1.519999999999999130, 2.214999988079000115 ) ) ;
#11019 = SURFACE_STYLE_FILL_AREA ( #7113 ) ;
#11020 = PLANE ( 'NONE',  #8962 ) ;
#11021 = DIRECTION ( 'NONE',  ( -0.7071067811865475727, 9.398244244348984524E-16, -0.7071067811865475727 ) ) ;
#11022 = EDGE_CURVE ( 'NONE', #6858, #3646, #2754, .T. ) ;
#11023 = MECHANICAL_DESIGN_GEOMETRIC_PRESENTATION_REPRESENTATION (  '', ( #5300 ), #6933 ) ;
#11024 = SHAPE_DEFINITION_REPRESENTATION ( #230, #12268 ) ;
#11025 =( NAMED_UNIT ( * ) PLANE_ANGLE_UNIT ( ) SI_UNIT ( $, .RADIAN. ) );
#11026 = VECTOR ( 'NONE', #8829, 1000.000000000000000 ) ;
#11027 = FILL_AREA_STYLE_COLOUR ( '', #8617 ) ;
#11028 = CARTESIAN_POINT ( 'NONE',  ( 18.09999973297100340, 1.270000000000000018, -4.440892098500999885E-16 ) ) ;
#11029 = ORIENTED_EDGE ( 'NONE', *, *, #9833, .F. ) ;
#11030 = FILL_AREA_STYLE_COLOUR ( '', #1695 ) ;
#11031 = VECTOR ( 'NONE', #10944, 1000.000000000000114 ) ;
#11032 = ORIENTED_EDGE ( 'NONE', *, *, #11117, .T. ) ;
#11033 = EDGE_CURVE ( 'NONE', #2905, #129, #11633, .T. ) ;
#11034 = LINE ( 'NONE', #9966, #7460 ) ;
#11035 = VERTEX_POINT ( 'NONE', #3831 ) ;
#11036 = PRESENTATION_LAYER_ASSIGNMENT (  '', '', ( #3877 ) ) ;
#11037 = FACE_OUTER_BOUND ( 'NONE', #4228, .T. ) ;
#11038 = DIRECTION ( 'NONE',  ( -0.0000000000000000000, -1.000000000000000000, -1.609823385705999920E-15 ) ) ;
#11039 =( NAMED_UNIT ( * ) PLANE_ANGLE_UNIT ( ) SI_UNIT ( $, .RADIAN. ) );
#11040 = AXIS2_PLACEMENT_3D ( 'NONE', #11421, #9448, #3617 ) ;
#11041 = PRESENTATION_STYLE_ASSIGNMENT (( #5222 ) ) ;
#11042 = DIRECTION ( 'NONE',  ( -0.0000000000000000000, -0.0000000000000000000, -1.000000000000000000 ) ) ;
#11043 = AXIS2_PLACEMENT_3D ( 'NONE', #3289, #8201, #1506 ) ;
#11044 =( NAMED_UNIT ( * ) SI_UNIT ( $, .STERADIAN. ) SOLID_ANGLE_UNIT ( ) );
#11045 = ORIENTED_EDGE ( 'NONE', *, *, #12332, .T. ) ;
#11046 = CARTESIAN_POINT ( 'NONE',  ( 7.839999884069000835, 9.709999998510001618, 0.9499999999999999556 ) ) ;
#11047 = DIRECTION ( 'NONE',  ( 0.0000000000000000000, -1.510616709811000052E-15, 1.000000000000000000 ) ) ;
#11048 = UNCERTAINTY_MEASURE_WITH_UNIT (LENGTH_MEASURE( 1.000000000000000082E-05 ), #5170, 'distance_accuracy_value', 'NONE');
#11049 = ORIENTED_EDGE ( 'NONE', *, *, #7364, .F. ) ;
#11050 = COLOUR_RGB ( '',0.09411764705882352811, 0.09411764705882352811, 0.09411764705882352811 ) ;
#11051 = FACE_OUTER_BOUND ( 'NONE', #6665, .T. ) ;
#11052 = SURFACE_STYLE_FILL_AREA ( #6115 ) ;
#11053 = CARTESIAN_POINT ( 'NONE',  ( 5.399999923705999905, 9.609999997019999185, 1.590000000000000080 ) ) ;
#11054 = MECHANICAL_DESIGN_GEOMETRIC_PRESENTATION_REPRESENTATION (  '', ( #857 ), #10641 ) ;
#11055 = PLANE ( 'NONE',  #589 ) ;
#11056 = STYLED_ITEM ( 'NONE', ( #162 ), #6135 ) ;
#11057 = VECTOR ( 'NONE', #10563, 1000.000000000000000 ) ;
#11058 = CARTESIAN_POINT ( 'NONE',  ( 17.45999973297099928, 3.809999961852999828, 0.9499999999999999556 ) ) ;
#11059 = VERTEX_POINT ( 'NONE', #12399 ) ;
#11060 = UNCERTAINTY_MEASURE_WITH_UNIT (LENGTH_MEASURE( 1.000000000000000082E-05 ), #4693, 'distance_accuracy_value', 'NONE');
#11061 = DIRECTION ( 'NONE',  ( -1.000000000000000000, 0.0000000000000000000, -0.0000000000000000000 ) ) ;
#11062 = PLANE ( 'NONE',  #3007 ) ;
#11063 = EDGE_LOOP ( 'NONE', ( #8692, #11, #6169, #5245 ) ) ;
#11064 = DIRECTION ( 'NONE',  ( 0.0000000000000000000, -1.510616709811000052E-15, 1.000000000000000000 ) ) ;
#11065 = ORIENTED_EDGE ( 'NONE', *, *, #954, .T. ) ;
#11066 = DIRECTION ( 'NONE',  ( 0.0000000000000000000, 0.7071067811865474617, 0.7071067811865474617 ) ) ;
#11067 = DIRECTION ( 'NONE',  ( -1.000000000000000000, -0.0000000000000000000, 0.0000000000000000000 ) ) ;
#11068 = FILL_AREA_STYLE ('',( #9098 ) ) ;
#11069 = CARTESIAN_POINT ( 'NONE',  ( 8.889999847411999667, 1.820000011921002026, 0.9499999999999998446 ) ) ;
#11070 = EDGE_CURVE ( 'NONE', #5885, #4192, #1681, .T. ) ;
#11071 = UNCERTAINTY_MEASURE_WITH_UNIT (LENGTH_MEASURE( 1.000000000000000082E-05 ), #7139, 'distance_accuracy_value', 'NONE');
#11072 = ADVANCED_FACE ( 'NONE', ( #716 ), #7722, .F. ) ;
#11073 = DIRECTION ( 'NONE',  ( 0.0000000000000000000, 0.0000000000000000000, 1.000000000000000000 ) ) ;
#11074 = DIRECTION ( 'NONE',  ( 0.5773502691896250649, -0.5773502691896261751, -0.5773502691896261751 ) ) ;
#11075 = PRESENTATION_LAYER_ASSIGNMENT (  '', '', ( #5555 ) ) ;
#11076 =( NAMED_UNIT ( * ) SI_UNIT ( $, .STERADIAN. ) SOLID_ANGLE_UNIT ( ) );
#11077 = EDGE_LOOP ( 'NONE', ( #10295, #3914, #6322, #994 ) ) ;
#11078 = EDGE_CURVE ( 'NONE', #7978, #3454, #5048, .T. ) ;
#11079 =( NAMED_UNIT ( * ) SI_UNIT ( $, .STERADIAN. ) SOLID_ANGLE_UNIT ( ) );
#11080 = ORIENTED_EDGE ( 'NONE', *, *, #6372, .T. ) ;
#11081 = DIRECTION ( 'NONE',  ( 0.0000000000000000000, 1.000000000000000000, 1.609823385705999920E-15 ) ) ;
#11082 = EDGE_CURVE ( 'NONE', #1037, #2656, #1989, .T. ) ;
#11083 = DIRECTION ( 'NONE',  ( -1.000000000000000000, 0.0000000000000000000, -0.0000000000000000000 ) ) ;
#11084 = CARTESIAN_POINT ( 'NONE',  ( 5.199999920726000369, 0.1199999970199998045, -3.000000000000000444 ) ) ;
#11085 = DIRECTION ( 'NONE',  ( 1.000000000000000000, 0.0000000000000000000, 0.0000000000000000000 ) ) ;
#11086 = EDGE_CURVE ( 'NONE', #1448, #2491, #3365, .T. ) ;
#11087 = PRESENTATION_STYLE_ASSIGNMENT (( #6354 ) ) ;
#11088 = SURFACE_STYLE_FILL_AREA ( #5763 ) ;
#11089 = DIRECTION ( 'NONE',  ( -0.0000000000000000000, -0.0000000000000000000, -1.000000000000000000 ) ) ;
#11090 = LINE ( 'NONE', #8006, #9660 ) ;
#11091 = FACE_OUTER_BOUND ( 'NONE', #2474, .T. ) ;
#11092 = VERTEX_POINT ( 'NONE', #4017 ) ;
#11093 = FACE_OUTER_BOUND ( 'NONE', #748, .T. ) ;
#11094 = ORIENTED_EDGE ( 'NONE', *, *, #6732, .T. ) ;
#11095 = ORIENTED_EDGE ( 'NONE', *, *, #7448, .T. ) ;
#11096 = EDGE_CURVE ( 'NONE', #9444, #10979, #3890, .T. ) ;
#11097 =( LENGTH_UNIT ( ) NAMED_UNIT ( * ) SI_UNIT ( .MILLI., .METRE. ) );
#11098 = FILL_AREA_STYLE_COLOUR ( '', #2394 ) ;
#11099 = DIRECTION ( 'NONE',  ( 0.0000000000000000000, -1.000000000000000000, -1.618928404167999991E-15 ) ) ;
#11100 = EDGE_CURVE ( 'NONE', #7754, #588, #3135, .T. ) ;
#11101 = SURFACE_SIDE_STYLE ('',( #11175 ) ) ;
#11102 = DIRECTION ( 'NONE',  ( 0.0000000000000000000, 1.000000000000000000, -0.0000000000000000000 ) ) ;
#11103 =( NAMED_UNIT ( * ) PLANE_ANGLE_UNIT ( ) SI_UNIT ( $, .RADIAN. ) );
#11104 = ORIENTED_EDGE ( 'NONE', *, *, #4739, .F. ) ;
#11105 = CARTESIAN_POINT ( 'NONE',  ( 10.47999984741199953, -0.3200000000000000067, -3.000000000000000000 ) ) ;
#11106 = CARTESIAN_POINT ( 'NONE',  ( 0.3200000000000000067, 1.270000000000000018, 1.590000000000000080 ) ) ;
#11107 = PRESENTATION_LAYER_ASSIGNMENT (  '', '', ( #12509 ) ) ;
#11108 =( GEOMETRIC_REPRESENTATION_CONTEXT ( 3 ) GLOBAL_UNCERTAINTY_ASSIGNED_CONTEXT ( ( #3645 ) ) GLOBAL_UNIT_ASSIGNED_CONTEXT ( ( #1413, #4140, #12003 ) ) REPRESENTATION_CONTEXT ( 'NONE', 'WORKASPACE' ) );
#11109 = DIRECTION ( 'NONE',  ( -1.000000000000000000, 0.0000000000000000000, 0.0000000000000000000 ) ) ;
#11110 = ORIENTED_EDGE ( 'NONE', *, *, #12449, .T. ) ;
#11111 = SURFACE_SIDE_STYLE ('',( #8109 ) ) ;
#11112 =( GEOMETRIC_REPRESENTATION_CONTEXT ( 3 ) GLOBAL_UNCERTAINTY_ASSIGNED_CONTEXT ( ( #6017 ) ) GLOBAL_UNIT_ASSIGNED_CONTEXT ( ( #7515, #762, #10353 ) ) REPRESENTATION_CONTEXT ( 'NONE', 'WORKASPACE' ) );
#11113 = CARTESIAN_POINT ( 'NONE',  ( 9.839999847412000733, 1.270000000000000018, -4.440892098500999885E-16 ) ) ;
#11114 = DIRECTION ( 'NONE',  ( 0.7071067811865475727, -9.432969924854965098E-16, 0.7071067811865475727 ) ) ;
#11115 = AXIS2_PLACEMENT_3D ( 'NONE', #9998, #7628, #9635 ) ;
#11116 = VECTOR ( 'NONE', #4458, 1000.000000000000000 ) ;
#11117 = EDGE_CURVE ( 'NONE', #9239, #12267, #2104, .T. ) ;
#11118 = MECHANICAL_DESIGN_GEOMETRIC_PRESENTATION_REPRESENTATION (  '', ( #11318 ), #5596 ) ;
#11119 = AXIS2_PLACEMENT_3D ( 'NONE', #4404, #8245, #5425 ) ;
#11120 = EDGE_LOOP ( 'NONE', ( #5485, #11570, #5501, #11512, #8817 ) ) ;
#11121 = SURFACE_STYLE_USAGE ( .BOTH. , #1348 ) ;
#11122 = CARTESIAN_POINT ( 'NONE',  ( 16.50999977111800021, 1.520000000000000018, 0.02500000000000000139 ) ) ;
#11123 = SURFACE_STYLE_FILL_AREA ( #12130 ) ;
#11124 = EDGE_LOOP ( 'NONE', ( #4267, #12054, #8551, #9007 ) ) ;
#11125 = CARTESIAN_POINT ( 'NONE',  ( 13.96999977111799929, 3.809999961852999828, 0.02500000000000000139 ) ) ;
#11126 = VERTEX_POINT ( 'NONE', #11760 ) ;
#11127 =( LENGTH_UNIT ( ) NAMED_UNIT ( * ) SI_UNIT ( .MILLI., .METRE. ) );
#11128 = VECTOR ( 'NONE', #10448, 1000.000000000000000 ) ;
#11129 = STYLED_ITEM ( 'NONE', ( #929 ), #12197 ) ;
#11130 = EDGE_CURVE ( 'NONE', #11430, #3824, #3012, .T. ) ;
#11131 = STYLED_ITEM ( 'NONE', ( #11744 ), #8806 ) ;
#11132 = MECHANICAL_DESIGN_GEOMETRIC_PRESENTATION_REPRESENTATION (  '', ( #920 ), #5609 ) ;
#11133 =( GEOMETRIC_REPRESENTATION_CONTEXT ( 3 ) GLOBAL_UNCERTAINTY_ASSIGNED_CONTEXT ( ( #11617 ) ) GLOBAL_UNIT_ASSIGNED_CONTEXT ( ( #1466, #87, #8767 ) ) REPRESENTATION_CONTEXT ( 'NONE', 'WORKASPACE' ) );
#11134 = PRESENTATION_STYLE_ASSIGNMENT (( #12014 ) ) ;
#11135 = AXIS2_PLACEMENT_3D ( 'NONE', #9786, #4855, #5678 ) ;
#11136 = PRESENTATION_STYLE_ASSIGNMENT (( #5254 ) ) ;
#11137 =( LENGTH_UNIT ( ) NAMED_UNIT ( * ) SI_UNIT ( .MILLI., .METRE. ) );
#11138 = EDGE_CURVE ( 'NONE', #1967, #9190, #6058, .T. ) ;
#11139 = EDGE_CURVE ( 'NONE', #11373, #1476, #1224, .T. ) ;
#11140 = CARTESIAN_POINT ( 'NONE',  ( 0.3200000000000000067, 1.270000000000000018, 1.590000000000000080 ) ) ;
#11141 = MECHANICAL_DESIGN_GEOMETRIC_PRESENTATION_REPRESENTATION (  '', ( #8270 ), #1342 ) ;
#11142 = MECHANICAL_DESIGN_GEOMETRIC_PRESENTATION_REPRESENTATION (  '', ( #2371 ), #8896 ) ;
#11143 = MECHANICAL_DESIGN_GEOMETRIC_PRESENTATION_REPRESENTATION (  '', ( #7043 ), #9314 ) ;
#11144 = ORIENTED_EDGE ( 'NONE', *, *, #6176, .T. ) ;
#11145 = SURFACE_STYLE_FILL_AREA ( #6484 ) ;
#11146 = FILL_AREA_STYLE ('',( #3342 ) ) ;
#11147 = ORIENTED_EDGE ( 'NONE', *, *, #7479, .F. ) ;
#11148 =( NAMED_UNIT ( * ) PLANE_ANGLE_UNIT ( ) SI_UNIT ( $, .RADIAN. ) );
#11149 = LINE ( 'NONE', #1440, #9684 ) ;
#11150 = CARTESIAN_POINT ( 'NONE',  ( 7.939999885558998827, 9.609999997020000961, 0.9499999999999992895 ) ) ;
#11151 =( GEOMETRIC_REPRESENTATION_CONTEXT ( 3 ) GLOBAL_UNCERTAINTY_ASSIGNED_CONTEXT ( ( #7464 ) ) GLOBAL_UNIT_ASSIGNED_CONTEXT ( ( #5601, #640, #12380 ) ) REPRESENTATION_CONTEXT ( 'NONE', 'WORKASPACE' ) );
#11152 = SURFACE_SIDE_STYLE ('',( #10319 ) ) ;
#11153 = DIRECTION ( 'NONE',  ( -0.0000000000000000000, -0.0000000000000000000, 1.000000000000000000 ) ) ;
#11154 = STYLED_ITEM ( 'NONE', ( #10684 ), #10036 ) ;
#11155 = ADVANCED_FACE ( 'NONE', ( #6303 ), #9793, .T. ) ;
#11156 = STYLED_ITEM ( 'NONE', ( #4439 ), #7537 ) ;
#11157 = SURFACE_SIDE_STYLE ('',( #10208 ) ) ;
#11158 = STYLED_ITEM ( 'NONE', ( #6713 ), #3943 ) ;
#11159 = FACE_OUTER_BOUND ( 'NONE', #5573, .T. ) ;
#11160 = FACE_OUTER_BOUND ( 'NONE', #4591, .T. ) ;
#11161 = PLANE ( 'NONE',  #7131 ) ;
#11162 = VECTOR ( 'NONE', #2436, 1000.000000000000000 ) ;
#11163 = CARTESIAN_POINT ( 'NONE',  ( 5.399999923705999905, 9.609999997020000961, 0.9499999999999992895 ) ) ;
#11164 = VECTOR ( 'NONE', #12174, 1000.000000000000000 ) ;
#11165 = VERTEX_POINT ( 'NONE', #4913 ) ;
#11166 = PRESENTATION_LAYER_ASSIGNMENT (  '', '', ( #11559 ) ) ;
#11167 = EDGE_LOOP ( 'NONE', ( #1152, #9717, #5961, #821, #6715 ) ) ;
#11168 = CIRCLE ( 'NONE', #6865, 0.9499999999999999556 ) ;
#11169 = ORIENTED_EDGE ( 'NONE', *, *, #5730, .F. ) ;
#11170 = PRESENTATION_STYLE_ASSIGNMENT (( #9191 ) ) ;
#11171 = CARTESIAN_POINT ( 'NONE',  ( 12.37999980926499966, 3.809999961852999828, 1.590000000000000080 ) ) ;
#11172 = LINE ( 'NONE', #6427, #8928 ) ;
#11173 = CARTESIAN_POINT ( 'NONE',  ( 7.299999885559000035, 1.270000000000000018, 0.9499999999999995115 ) ) ;
#11174 = FILL_AREA_STYLE_COLOUR ( '', #5773 ) ;
#11175 = SURFACE_STYLE_FILL_AREA ( #7256 ) ;
#11176 = VECTOR ( 'NONE', #7733, 1000.000000000000000 ) ;
#11177 = CARTESIAN_POINT ( 'NONE',  ( 15.35999976813800139, 0.1199999970199998461, -3.000000000000000444 ) ) ;
#11178 =( NAMED_UNIT ( * ) SI_UNIT ( $, .STERADIAN. ) SOLID_ANGLE_UNIT ( ) );
#11179 = SURFACE_STYLE_FILL_AREA ( #7260 ) ;
#11180 = ORIENTED_EDGE ( 'NONE', *, *, #2153, .F. ) ;
#11181 =( LENGTH_UNIT ( ) NAMED_UNIT ( * ) SI_UNIT ( .MILLI., .METRE. ) );
#11182 = UNCERTAINTY_MEASURE_WITH_UNIT (LENGTH_MEASURE( 1.000000000000000082E-05 ), #9994, 'distance_accuracy_value', 'NONE');
#11183 = DIRECTION ( 'NONE',  ( 1.000000000000000000, 0.0000000000000000000, -0.0000000000000000000 ) ) ;
#11184 = ORIENTED_EDGE ( 'NONE', *, *, #6372, .F. ) ;
#11185 =( NAMED_UNIT ( * ) PLANE_ANGLE_UNIT ( ) SI_UNIT ( $, .RADIAN. ) );
#11186 = COLOUR_RGB ( '',1.000000000000000000, 1.000000000000000000, 0.4980392156862745168 ) ;
#11187 = FILL_AREA_STYLE_COLOUR ( '', #319 ) ;
#11188 = EDGE_LOOP ( 'NONE', ( #6228, #4662, #1501, #5363 ) ) ;
#11189 =( LENGTH_UNIT ( ) NAMED_UNIT ( * ) SI_UNIT ( .MILLI., .METRE. ) );
#11190 =( GEOMETRIC_REPRESENTATION_CONTEXT ( 3 ) GLOBAL_UNCERTAINTY_ASSIGNED_CONTEXT ( ( #9549 ) ) GLOBAL_UNIT_ASSIGNED_CONTEXT ( ( #9879, #1123, #5080 ) ) REPRESENTATION_CONTEXT ( 'NONE', 'WORKASPACE' ) );
#11191 =( GEOMETRIC_REPRESENTATION_CONTEXT ( 3 ) GLOBAL_UNCERTAINTY_ASSIGNED_CONTEXT ( ( #3638 ) ) GLOBAL_UNIT_ASSIGNED_CONTEXT ( ( #9376, #8585, #3608 ) ) REPRESENTATION_CONTEXT ( 'NONE', 'WORKASPACE' ) );
#11192 = EDGE_CURVE ( 'NONE', #1489, #10282, #85, .T. ) ;
#11193 = FILL_AREA_STYLE ('',( #2303 ) ) ;
#11194 = FILL_AREA_STYLE ('',( #12200 ) ) ;
#11195 = ORIENTED_EDGE ( 'NONE', *, *, #4850, .T. ) ;
#11196 = UNCERTAINTY_MEASURE_WITH_UNIT (LENGTH_MEASURE( 1.000000000000000082E-05 ), #9391, 'distance_accuracy_value', 'NONE');
#11197 =( LENGTH_UNIT ( ) NAMED_UNIT ( * ) SI_UNIT ( .MILLI., .METRE. ) );
#11198 = PRESENTATION_STYLE_ASSIGNMENT (( #5296 ) ) ;
#11199 = ORIENTED_EDGE ( 'NONE', *, *, #9231, .T. ) ;
#11200 = PRESENTATION_STYLE_ASSIGNMENT (( #3395 ) ) ;
#11201 = ORIENTED_EDGE ( 'NONE', *, *, #12018, .F. ) ;
#11202 = DIRECTION ( 'NONE',  ( -0.7071067811865475727, -0.7071067811865475727, 0.0000000000000000000 ) ) ;
#11203 = PRESENTATION_LAYER_ASSIGNMENT (  '', '', ( #3044 ) ) ;
#11204 = COLOUR_RGB ( '',0.09411764705882352811, 0.09411764705882352811, 0.09411764705882352811 ) ;
#11205 = ADVANCED_FACE ( 'NONE', ( #12239 ), #11237, .F. ) ;
#11206 = LINE ( 'NONE', #10490, #7165 ) ;
#11207 = CARTESIAN_POINT ( 'NONE',  ( -0.1199999970200000127, 9.810000000000000497, 0.9499999999999999556 ) ) ;
#11208 =( LENGTH_UNIT ( ) NAMED_UNIT ( * ) SI_UNIT ( .MILLI., .METRE. ) );
#11209 = CARTESIAN_POINT ( 'NONE',  ( 2.859999961853000094, 3.809999961852999828, 1.590000000000000080 ) ) ;
#11210 = CARTESIAN_POINT ( 'NONE',  ( 2.859999961853000094, 0.3199999999999998401, -2.799999997020000020 ) ) ;
#11211 =( NAMED_UNIT ( * ) SI_UNIT ( $, .STERADIAN. ) SOLID_ANGLE_UNIT ( ) );
#11212 = ORIENTED_EDGE ( 'NONE', *, *, #10478, .T. ) ;
#11213 = DIRECTION ( 'NONE',  ( 1.000000000000000000, 0.0000000000000000000, -0.0000000000000000000 ) ) ;
#11214 = DIRECTION ( 'NONE',  ( 1.000000000000000000, -0.0000000000000000000, 0.0000000000000000000 ) ) ;
#11215 = FILL_AREA_STYLE_COLOUR ( '', #3837 ) ;
#11216 =( GEOMETRIC_REPRESENTATION_CONTEXT ( 3 ) GLOBAL_UNCERTAINTY_ASSIGNED_CONTEXT ( ( #1227 ) ) GLOBAL_UNIT_ASSIGNED_CONTEXT ( ( #7824, #7077, #4131 ) ) REPRESENTATION_CONTEXT ( 'NONE', 'WORKASPACE' ) );
#11217 =( NAMED_UNIT ( * ) SI_UNIT ( $, .STERADIAN. ) SOLID_ANGLE_UNIT ( ) );
#11218 = PRESENTATION_STYLE_ASSIGNMENT (( #12088 ) ) ;
#11219 = CARTESIAN_POINT ( 'NONE',  ( 15.55999977111799915, -0.2199999985099999888, -2.899999998509999788 ) ) ;
#11220 = SURFACE_SIDE_STYLE ('',( #9374 ) ) ;
#11221 = CARTESIAN_POINT ( 'NONE',  ( 18.74999972105025137, 3.809999961853000272, 0.02499999999975144674 ) ) ;
#11222 = LINE ( 'NONE', #12092, #5336 ) ;
#11223 = DIRECTION ( 'NONE',  ( 0.0000000000000000000, 0.0000000000000000000, 1.000000000000000000 ) ) ;
#11224 =( GEOMETRIC_REPRESENTATION_CONTEXT ( 3 ) GLOBAL_UNCERTAINTY_ASSIGNED_CONTEXT ( ( #1845 ) ) GLOBAL_UNIT_ASSIGNED_CONTEXT ( ( #1309, #10493, #720 ) ) REPRESENTATION_CONTEXT ( 'NONE', 'WORKASPACE' ) );
#11225 = CARTESIAN_POINT ( 'NONE',  ( 3.809999923706000047, 1.520000000000000018, 2.515000000000000124 ) ) ;
#11226 = ORIENTED_EDGE ( 'NONE', *, *, #4807, .F. ) ;
#11227 = LINE ( 'NONE', #4362, #1234 ) ;
#11228 = ADVANCED_FACE ( 'NONE', ( #509 ), #1520, .F. ) ;
#11229 = EDGE_LOOP ( 'NONE', ( #5619, #6930, #2764, #8725 ) ) ;
#11230 = EDGE_LOOP ( 'NONE', ( #2615, #3538, #2827, #9775 ) ) ;
#11231 = VECTOR ( 'NONE', #3301, 1000.000000000000000 ) ;
#11232 = FILL_AREA_STYLE ('',( #8473 ) ) ;
#11233 = DIRECTION ( 'NONE',  ( -1.000000000000000000, 0.0000000000000000000, -0.0000000000000000000 ) ) ;
#11234 = FACE_OUTER_BOUND ( 'NONE', #4657, .T. ) ;
#11235 = PRESENTATION_STYLE_ASSIGNMENT (( #1321 ) ) ;
#11236 = VECTOR ( 'NONE', #10296, 999.9999999999998863 ) ;
#11237 = PLANE ( 'NONE',  #5992 ) ;
#11238 = PRESENTATION_STYLE_ASSIGNMENT (( #6433 ) ) ;
#11239 = MECHANICAL_DESIGN_GEOMETRIC_PRESENTATION_REPRESENTATION (  '', ( #4899 ), #10023 ) ;
#11240 = CARTESIAN_POINT ( 'NONE',  ( 16.35999976515800469, 3.809999961853000716, 2.364999994040001940 ) ) ;
#11241 = ORIENTED_EDGE ( 'NONE', *, *, #7643, .T. ) ;
#11242 = MECHANICAL_DESIGN_GEOMETRIC_PRESENTATION_REPRESENTATION (  '', ( #5105 ), #6747 ) ;
#11243 = LINE ( 'NONE', #690, #7853 ) ;
#11244 = ORIENTED_EDGE ( 'NONE', *, *, #10918, .T. ) ;
#11245 = PLANE ( 'NONE',  #1369 ) ;
#11246 = ORIENTED_EDGE ( 'NONE', *, *, #3237, .T. ) ;
#11247 = SURFACE_STYLE_FILL_AREA ( #6386 ) ;
#11248 = VECTOR ( 'NONE', #7016, 1000.000000000000000 ) ;
#11249 =( NAMED_UNIT ( * ) PLANE_ANGLE_UNIT ( ) SI_UNIT ( $, .RADIAN. ) );
#11250 = EDGE_CURVE ( 'NONE', #10002, #1528, #10347, .T. ) ;
#11251 = PLANE ( 'NONE',  #5979 ) ;
#11252 = ORIENTED_EDGE ( 'NONE', *, *, #8332, .T. ) ;
#11253 = CARTESIAN_POINT ( 'NONE',  ( -1.270000000000000018, 1.519999999999996909, 2.214999988079000115 ) ) ;
#11254 = VERTEX_POINT ( 'NONE', #4371 ) ;
#11255 = ORIENTED_EDGE ( 'NONE', *, *, #10014, .T. ) ;
#11256 =( NAMED_UNIT ( * ) SI_UNIT ( $, .STERADIAN. ) SOLID_ANGLE_UNIT ( ) );
#11257 = VECTOR ( 'NONE', #3776, 1000.000000000000000 ) ;
#11258 = ADVANCED_FACE ( 'NONE', ( #5335 ), #1583, .F. ) ;
#11259 = EDGE_CURVE ( 'NONE', #9446, #11752, #5841, .T. ) ;
#11260 = FACE_OUTER_BOUND ( 'NONE', #3696, .T. ) ;
#11261 = CARTESIAN_POINT ( 'NONE',  ( 18.09999973297100340, -0.2199999985099999888, -2.899999998509999788 ) ) ;
#11262 = PRESENTATION_LAYER_ASSIGNMENT (  '', '', ( #4516 ) ) ;
#11263 = VECTOR ( 'NONE', #8717, 1000.000000000000000 ) ;
#11264 = EDGE_CURVE ( 'NONE', #9698, #5188, #8600, .T. ) ;
#11265 = CARTESIAN_POINT ( 'NONE',  ( 10.47999984741200130, 9.609999997019999185, 1.590000000000000302 ) ) ;
#11266 =( NAMED_UNIT ( * ) PLANE_ANGLE_UNIT ( ) SI_UNIT ( $, .RADIAN. ) );
#11267 = LINE ( 'NONE', #6481, #12271 ) ;
#11268 = DIRECTION ( 'NONE',  ( 0.0000000000000000000, -0.7071067811865474617, -0.7071067811865474617 ) ) ;
#11269 = CARTESIAN_POINT ( 'NONE',  ( 0.3199999999999999512, 1.820000011921000693, 0.9499999999999992895 ) ) ;
#11270 = ORIENTED_EDGE ( 'NONE', *, *, #2900, .F. ) ;
#11271 = SURFACE_STYLE_USAGE ( .BOTH. , #10131 ) ;
#11272 = FILL_AREA_STYLE_COLOUR ( '', #2953 ) ;
#11273 = EDGE_CURVE ( 'NONE', #6297, #4072, #812, .T. ) ;
#11274 = CARTESIAN_POINT ( 'NONE',  ( 13.01999980926500200, 1.270000000000000018, 1.590000000000000080 ) ) ;
#11275 = MECHANICAL_DESIGN_GEOMETRIC_PRESENTATION_REPRESENTATION (  '', ( #10255 ), #6782 ) ;
#11276 = DIRECTION ( 'NONE',  ( 0.0000000000000000000, 0.0000000000000000000, 1.000000000000000000 ) ) ;
#11277 = FACE_OUTER_BOUND ( 'NONE', #11120, .T. ) ;
#11278 = SURFACE_SIDE_STYLE ('',( #7358 ) ) ;
#11279 = MECHANICAL_DESIGN_GEOMETRIC_PRESENTATION_REPRESENTATION (  '', ( #663 ), #2294 ) ;
#11280 =( NAMED_UNIT ( * ) PLANE_ANGLE_UNIT ( ) SI_UNIT ( $, .RADIAN. ) );
#11281 = FILL_AREA_STYLE_COLOUR ( '', #12396 ) ;
#11282 = SURFACE_STYLE_USAGE ( .BOTH. , #1697 ) ;
#11283 = LINE ( 'NONE', #10267, #4160 ) ;
#11284 = ORIENTED_EDGE ( 'NONE', *, *, #9781, .F. ) ;
#11285 = LINE ( 'NONE', #4438, #11231 ) ;
#11286 = VERTEX_POINT ( 'NONE', #10707 ) ;
#11287 = ORIENTED_EDGE ( 'NONE', *, *, #338, .F. ) ;
#11288 = SURFACE_SIDE_STYLE ('',( #7244 ) ) ;
#11289 = DIRECTION ( 'NONE',  ( -1.000000000000000000, 0.0000000000000000000, 0.0000000000000000000 ) ) ;
#11290 = EDGE_CURVE ( 'NONE', #922, #8140, #1953, .T. ) ;
#11291 = FACE_OUTER_BOUND ( 'NONE', #1638, .T. ) ;
#11292 =( LENGTH_UNIT ( ) NAMED_UNIT ( * ) SI_UNIT ( .MILLI., .METRE. ) );
#11293 = ADVANCED_FACE ( 'NONE', ( #2914 ), #3922, .T. ) ;
#11294 = EDGE_CURVE ( 'NONE', #11307, #3864, #7624, .T. ) ;
#11295 = CARTESIAN_POINT ( 'NONE',  ( 16.50999977111806416, 1.820000011921000693, 0.3250000119209374705 ) ) ;
#11296 = FACE_OUTER_BOUND ( 'NONE', #11077, .T. ) ;
#11297 = SURFACE_SIDE_STYLE ('',( #4570 ) ) ;
#11298 = DIRECTION ( 'NONE',  ( 0.0000000000000000000, 0.7071067811865475727, -0.7071067811865475727 ) ) ;
#11299 = ORIENTED_EDGE ( 'NONE', *, *, #3292, .T. ) ;
#11300 = UNCERTAINTY_MEASURE_WITH_UNIT (LENGTH_MEASURE( 1.000000000000000082E-05 ), #11197, 'distance_accuracy_value', 'NONE');
#11301 = ORIENTED_EDGE ( 'NONE', *, *, #9664, .F. ) ;
#11302 = CARTESIAN_POINT ( 'NONE',  ( 2.859999961853000094, 1.270000000000000018, 1.590000000000000080 ) ) ;
#11303 = ORIENTED_EDGE ( 'NONE', *, *, #2621, .T. ) ;
#11304 = UNCERTAINTY_MEASURE_WITH_UNIT (LENGTH_MEASURE( 1.000000000000000082E-05 ), #11912, 'distance_accuracy_value', 'NONE');
#11305 = EDGE_CURVE ( 'NONE', #10813, #10582, #6867, .T. ) ;
#11306 = COLOUR_RGB ( '',0.09411764705882352811, 0.09411764705882352811, 0.09411764705882352811 ) ;
#11307 = VERTEX_POINT ( 'NONE', #11602 ) ;
#11308 = UNCERTAINTY_MEASURE_WITH_UNIT (LENGTH_MEASURE( 1.000000000000000082E-05 ), #3488, 'distance_accuracy_value', 'NONE');
#11309 = LINE ( 'NONE', #648, #4894 ) ;
#11310 = CARTESIAN_POINT ( 'NONE',  ( 8.889999847411999667, 1.820000011921000027, 2.214999988079000115 ) ) ;
#11311 = DIRECTION ( 'NONE',  ( -1.000000000000000000, 0.0000000000000000000, 0.0000000000000000000 ) ) ;
#11312 = ORIENTED_EDGE ( 'NONE', *, *, #7969, .F. ) ;
#11313 =( LENGTH_UNIT ( ) NAMED_UNIT ( * ) SI_UNIT ( .MILLI., .METRE. ) );
#11314 = VERTEX_POINT ( 'NONE', #5896 ) ;
#11315 = DIRECTION ( 'NONE',  ( 0.0000000000000000000, -1.000000000000000000, 0.0000000000000000000 ) ) ;
#11316 = VECTOR ( 'NONE', #8676, 1000.000000000000000 ) ;
#11317 = CARTESIAN_POINT ( 'NONE',  ( 6.499999891519999018, 3.809999961853000716, 2.364999994040001940 ) ) ;
#11318 = STYLED_ITEM ( 'NONE', ( #3479 ), #9693 ) ;
#11319 = CARTESIAN_POINT ( 'NONE',  ( 8.889999885559126014, 1.519999999999999796, 0.3250000119208747429 ) ) ;
#11320 = UNCERTAINTY_MEASURE_WITH_UNIT (LENGTH_MEASURE( 1.000000000000000082E-05 ), #10969, 'distance_accuracy_value', 'NONE');
#11321 = ADVANCED_FACE ( 'NONE', ( #2857 ), #5761, .T. ) ;
#11322 = CARTESIAN_POINT ( 'NONE',  ( 0.9699999880790000084, 1.520000000000000018, 2.515000000000000124 ) ) ;
#11323 = ADVANCED_FACE ( 'NONE', ( #9122 ), #5267, .T. ) ;
#11324 = CARTESIAN_POINT ( 'NONE',  ( -0.3200000000000000067, 0.3200000000000000067, -2.799999997020000020 ) ) ;
#11325 = VECTOR ( 'NONE', #5362, 1000.000000000000114 ) ;
#11326 = COLOUR_RGB ( '',0.09411764705882352811, 0.09411764705882352811, 0.09411764705882352811 ) ;
#11327 =( NAMED_UNIT ( * ) PLANE_ANGLE_UNIT ( ) SI_UNIT ( $, .RADIAN. ) );
#11328 = ADVANCED_FACE ( 'NONE', ( #5012 ), #4232, .F. ) ;
#11329 = ORIENTED_EDGE ( 'NONE', *, *, #7968, .T. ) ;
#11330 = CARTESIAN_POINT ( 'NONE',  ( 13.96999977111799929, 1.520000000000000018, 0.3250000119209999760 ) ) ;
#11331 = STYLED_ITEM ( 'NONE', ( #11041 ), #8825 ) ;
#11332 = STYLED_ITEM ( 'NONE', ( #10079 ), #11323 ) ;
#11333 = PRESENTATION_LAYER_ASSIGNMENT (  '', '', ( #2363 ) ) ;
#11334 = STYLED_ITEM ( 'NONE', ( #3515 ), #6931 ) ;
#11335 = DIRECTION ( 'NONE',  ( -0.5773502691896260641, -0.5773502691896251759, 0.5773502691896260641 ) ) ;
#11336 = CARTESIAN_POINT ( 'NONE',  ( -0.3199999999999999512, -0.3200000000000000067, -2.799999997020000020 ) ) ;
#11337 =( LENGTH_UNIT ( ) NAMED_UNIT ( * ) SI_UNIT ( .MILLI., .METRE. ) );
#11338 = PRESENTATION_STYLE_ASSIGNMENT (( #797 ) ) ;
#11339 = SURFACE_SIDE_STYLE ('',( #8202 ) ) ;
#11340 = LINE ( 'NONE', #9683, #4091 ) ;
#11341 = STYLED_ITEM ( 'NONE', ( #860 ), #2023 ) ;
#11342 = MECHANICAL_DESIGN_GEOMETRIC_PRESENTATION_REPRESENTATION (  '', ( #6436 ), #10323 ) ;
#11343 =( LENGTH_UNIT ( ) NAMED_UNIT ( * ) SI_UNIT ( .MILLI., .METRE. ) );
#11344 = MECHANICAL_DESIGN_GEOMETRIC_PRESENTATION_REPRESENTATION (  '', ( #6443 ), #5810 ) ;
#11345 = VECTOR ( 'NONE', #12185, 1000.000000000000000 ) ;
#11346 = VECTOR ( 'NONE', #2990, 1000.000000000000000 ) ;
#11347 =( LENGTH_UNIT ( ) NAMED_UNIT ( * ) SI_UNIT ( .MILLI., .METRE. ) );
#11348 = PLANE ( 'NONE',  #7089 ) ;
#11349 = PRESENTATION_STYLE_ASSIGNMENT (( #12349 ) ) ;
#11350 = CARTESIAN_POINT ( 'NONE',  ( 11.42999980926500037, 1.520000000000000018, 0.02500000000000000139 ) ) ;
#11351 = ORIENTED_EDGE ( 'NONE', *, *, #3838, .F. ) ;
#11352 = DIRECTION ( 'NONE',  ( -1.000000000000000000, 0.0000000000000000000, 0.0000000000000000000 ) ) ;
#11353 = AXIS2_PLACEMENT_3D ( 'NONE', #337, #4200, #5047 ) ;
#11354 = ORIENTED_EDGE ( 'NONE', *, *, #1974, .F. ) ;
#11355 =( LENGTH_UNIT ( ) NAMED_UNIT ( * ) SI_UNIT ( .MILLI., .METRE. ) );
#11356 = ORIENTED_EDGE ( 'NONE', *, *, #712, .F. ) ;
#11357 =( GEOMETRIC_REPRESENTATION_CONTEXT ( 3 ) GLOBAL_UNCERTAINTY_ASSIGNED_CONTEXT ( ( #9705 ) ) GLOBAL_UNIT_ASSIGNED_CONTEXT ( ( #919, #3845, #8534 ) ) REPRESENTATION_CONTEXT ( 'NONE', 'WORKASPACE' ) );
#11358 = PRESENTATION_LAYER_ASSIGNMENT (  '', '', ( #1960 ) ) ;
#11359 = PRESENTATION_LAYER_ASSIGNMENT (  '', '', ( #354 ) ) ;
#11360 = SURFACE_STYLE_USAGE ( .BOTH. , #5383 ) ;
#11361 = FACE_OUTER_BOUND ( 'NONE', #7902, .T. ) ;
#11362 = DIRECTION ( 'NONE',  ( 0.0000000000000000000, -1.000000000000000000, -0.0000000000000000000 ) ) ;
#11363 = VECTOR ( 'NONE', #1701, 1000.000000000000000 ) ;
#11364 = EDGE_CURVE ( 'NONE', #6795, #2893, #10140, .T. ) ;
#11365 = LINE ( 'NONE', #3677, #791 ) ;
#11366 = SURFACE_STYLE_USAGE ( .BOTH. , #3366 ) ;
#11367 = CARTESIAN_POINT ( 'NONE',  ( -0.3200000000000000067, 1.270000000000000018, -4.440892098500999885E-16 ) ) ;
#11368 = AXIS2_PLACEMENT_3D ( 'NONE', #10463, #7434, #1706 ) ;
#11369 = DIRECTION ( 'NONE',  ( -0.7071067811865474617, -0.0000000000000000000, -0.7071067811865474617 ) ) ;
#11370 = CARTESIAN_POINT ( 'NONE',  ( 9.839999847412000733, 3.809999961852999828, 0.9499999999999999556 ) ) ;
#11371 = CIRCLE ( 'NONE', #2395, 0.9499999999999999556 ) ;
#11372 = CARTESIAN_POINT ( 'NONE',  ( 13.96999977111799929, 1.820000011921000027, 2.214999988079000115 ) ) ;
#11373 = VERTEX_POINT ( 'NONE', #2211 ) ;
#11374 = DIRECTION ( 'NONE',  ( 0.0000000000000000000, 1.000000000000000000, 0.0000000000000000000 ) ) ;
#11375 = ORIENTED_EDGE ( 'NONE', *, *, #10857, .F. ) ;
#11376 = CARTESIAN_POINT ( 'NONE',  ( 17.99999973148100096, 9.709999998510001618, 0.9499999999999999556 ) ) ;
#11377 = DIRECTION ( 'NONE',  ( 0.0000000000000000000, 1.000000000000000000, 1.332267629549999902E-15 ) ) ;
#11378 = LINE ( 'NONE', #6196, #7553 ) ;
#11379 = CARTESIAN_POINT ( 'NONE',  ( 12.37999980926499788, 9.609999997019999185, 1.590000000000000302 ) ) ;
#11380 = EDGE_CURVE ( 'NONE', #10697, #4759, #7494, .T. ) ;
#11381 =( GEOMETRIC_REPRESENTATION_CONTEXT ( 3 ) GLOBAL_UNCERTAINTY_ASSIGNED_CONTEXT ( ( #12574 ) ) GLOBAL_UNIT_ASSIGNED_CONTEXT ( ( #1000, #6746, #7999 ) ) REPRESENTATION_CONTEXT ( 'NONE', 'WORKASPACE' ) );
#11382 = UNCERTAINTY_MEASURE_WITH_UNIT (LENGTH_MEASURE( 1.000000000000000082E-05 ), #10547, 'distance_accuracy_value', 'NONE');
#11383 = MECHANICAL_DESIGN_GEOMETRIC_PRESENTATION_REPRESENTATION (  '', ( #9957 ), #4628 ) ;
#11384 = SURFACE_SIDE_STYLE ('',( #6460 ) ) ;
#11385 = LINE ( 'NONE', #9473, #2240 ) ;
#11386 = ORIENTED_EDGE ( 'NONE', *, *, #2032, .T. ) ;
#11387 = PRESENTATION_LAYER_ASSIGNMENT (  '', '', ( #1991 ) ) ;
#11388 = DIRECTION ( 'NONE',  ( 6.645562236426607662E-16, 1.000000000000000000, 6.645562236426607662E-16 ) ) ;
#11389 = DIRECTION ( 'NONE',  ( 1.000000000000000000, 0.0000000000000000000, 0.0000000000000000000 ) ) ;
#11390 =( GEOMETRIC_REPRESENTATION_CONTEXT ( 3 ) GLOBAL_UNCERTAINTY_ASSIGNED_CONTEXT ( ( #11320 ) ) GLOBAL_UNIT_ASSIGNED_CONTEXT ( ( #10969, #11025, #5199 ) ) REPRESENTATION_CONTEXT ( 'NONE', 'WORKASPACE' ) );
#11391 = ORIENTED_EDGE ( 'NONE', *, *, #1479, .T. ) ;
#11392 = FILL_AREA_STYLE_COLOUR ( '', #4589 ) ;
#11393 = SURFACE_STYLE_USAGE ( .BOTH. , #6531 ) ;
#11394 = COLOUR_RGB ( '',1.000000000000000000, 1.000000000000000000, 0.4980392156862745168 ) ;
#11395 = ADVANCED_FACE ( 'NONE', ( #2468 ), #8403, .T. ) ;
#11396 = EDGE_LOOP ( 'NONE', ( #10989, #7781, #6825, #1512 ) ) ;
#11397 =( NAMED_UNIT ( * ) PLANE_ANGLE_UNIT ( ) SI_UNIT ( $, .RADIAN. ) );
#11398 = DIRECTION ( 'NONE',  ( -1.000000000000000000, -0.0000000000000000000, 0.0000000000000000000 ) ) ;
#11399 = AXIS2_PLACEMENT_3D ( 'NONE', #9987, #8824, #1089 ) ;
#11400 = AXIS2_PLACEMENT_3D ( 'NONE', #3263, #2447, #2243 ) ;
#11401 = EDGE_CURVE ( 'NONE', #293, #6498, #6490, .T. ) ;
#11402 = SURFACE_SIDE_STYLE ('',( #6657 ) ) ;
#11403 = SURFACE_STYLE_USAGE ( .BOTH. , #10311 ) ;
#11404 = ORIENTED_EDGE ( 'NONE', *, *, #9773, .F. ) ;
#11405 = FACE_OUTER_BOUND ( 'NONE', #6785, .T. ) ;
#11406 = SURFACE_SIDE_STYLE ('',( #4488 ) ) ;
#11407 = FACE_OUTER_BOUND ( 'NONE', #11396, .T. ) ;
#11408 = DIRECTION ( 'NONE',  ( -1.000000000000000000, 0.0000000000000000000, -0.0000000000000000000 ) ) ;
#11409 = PRESENTATION_LAYER_ASSIGNMENT (  '', '', ( #10794 ) ) ;
#11410 = DIRECTION ( 'NONE',  ( -1.000000000000000000, 0.0000000000000000000, -0.0000000000000000000 ) ) ;
#11411 = FILL_AREA_STYLE ('',( #5571 ) ) ;
#11412 = LINE ( 'NONE', #2593, #10105 ) ;
#11413 = ORIENTED_EDGE ( 'NONE', *, *, #1457, .F. ) ;
#11414 = FILL_AREA_STYLE_COLOUR ( '', #4066 ) ;
#11415 = ORIENTED_EDGE ( 'NONE', *, *, #4261, .F. ) ;
#11416 = CARTESIAN_POINT ( 'NONE',  ( 4.759999923706000224, 0.3200000000000000067, -2.799999997020000020 ) ) ;
#11417 = ORIENTED_EDGE ( 'NONE', *, *, #8434, .F. ) ;
#11418 = ADVANCED_FACE ( 'NONE', ( #7419 ), #9438, .T. ) ;
#11419 = EDGE_CURVE ( 'NONE', #2671, #4689, #614, .T. ) ;
#11420 = CARTESIAN_POINT ( 'NONE',  ( 6.049999911785125306, 1.519999999999998241, 2.515000000000125802 ) ) ;
#11421 = CARTESIAN_POINT ( 'NONE',  ( 13.96999980926499951, 1.520000000000000018, 0.3250000119209999760 ) ) ;
#11422 =( NAMED_UNIT ( * ) PLANE_ANGLE_UNIT ( ) SI_UNIT ( $, .RADIAN. ) );
#11423 =( NAMED_UNIT ( * ) PLANE_ANGLE_UNIT ( ) SI_UNIT ( $, .RADIAN. ) );
#11424 = CARTESIAN_POINT ( 'NONE',  ( 8.889999847412001444, 1.820000011921000693, 0.3250000119210003091 ) ) ;
#11425 =( LENGTH_UNIT ( ) NAMED_UNIT ( * ) SI_UNIT ( .MILLI., .METRE. ) );
#11426 = DIRECTION ( 'NONE',  ( 0.5773502691896261751, -0.5773502691896250649, -0.5773502691896261751 ) ) ;
#11427 = CARTESIAN_POINT ( 'NONE',  ( 14.91999977111800035, 0.3200000000000000067, -4.336808689942017736E-16 ) ) ;
#11428 = CARTESIAN_POINT ( 'NONE',  ( 11.42999980926500037, 1.520000000000000018, 0.02500000000000000139 ) ) ;
#11429 = EDGE_CURVE ( 'NONE', #499, #3577, #12411, .T. ) ;
#11430 = VERTEX_POINT ( 'NONE', #8459 ) ;
#11431 = LINE ( 'NONE', #6517, #9112 ) ;
#11432 = EDGE_LOOP ( 'NONE', ( #8954, #11329, #12428, #3689 ) ) ;
#11433 = SURFACE_STYLE_USAGE ( .BOTH. , #8610 ) ;
#11434 = LINE ( 'NONE', #7269, #4574 ) ;
#11435 = EDGE_LOOP ( 'NONE', ( #7370, #11705, #11552, #6980 ) ) ;
#11436 = CARTESIAN_POINT ( 'NONE',  ( 14.91999977111800035, 0.2199999985099999888, -2.899999998509999788 ) ) ;
#11437 = PRESENTATION_STYLE_ASSIGNMENT (( #8556 ) ) ;
#11438 =( NAMED_UNIT ( * ) SI_UNIT ( $, .STERADIAN. ) SOLID_ANGLE_UNIT ( ) );
#11439 = VECTOR ( 'NONE', #5326, 1000.000000000000000 ) ;
#11440 = UNCERTAINTY_MEASURE_WITH_UNIT (LENGTH_MEASURE( 1.000000000000000082E-05 ), #10689, 'distance_accuracy_value', 'NONE');
#11441 = DIRECTION ( 'NONE',  ( -0.7071067811865474617, 0.0000000000000000000, -0.7071067811865474617 ) ) ;
#11442 = COLOUR_RGB ( '',1.000000000000000000, 1.000000000000000000, 0.4980392156862745168 ) ;
#11443 = FACE_OUTER_BOUND ( 'NONE', #2297, .T. ) ;
#11444 = ORIENTED_EDGE ( 'NONE', *, *, #3422, .F. ) ;
#11445 = CARTESIAN_POINT ( 'NONE',  ( -1.270000000000000018, 1.820000011921003136, 0.3250000119209999760 ) ) ;
#11446 = UNCERTAINTY_MEASURE_WITH_UNIT (LENGTH_MEASURE( 1.000000000000000082E-05 ), #8935, 'distance_accuracy_value', 'NONE');
#11447 =( NAMED_UNIT ( * ) PLANE_ANGLE_UNIT ( ) SI_UNIT ( $, .RADIAN. ) );
#11448 = DIRECTION ( 'NONE',  ( 0.7071067811865474617, -0.7071067811865474617, 0.0000000000000000000 ) ) ;
#11449 = COLOUR_RGB ( '',0.09411764705882352811, 0.09411764705882352811, 0.09411764705882352811 ) ;
#11450 = ORIENTED_EDGE ( 'NONE', *, *, #8122, .F. ) ;
#11451 = LINE ( 'NONE', #2693, #4521 ) ;
#11452 = EDGE_CURVE ( 'NONE', #11808, #3783, #3605, .T. ) ;
#11453 = LINE ( 'NONE', #3652, #7955 ) ;
#11454 = CARTESIAN_POINT ( 'NONE',  ( 3.659999955892998091, 3.809999961853000716, 0.1750000059600015367 ) ) ;
#11455 = UNCERTAINTY_MEASURE_WITH_UNIT (LENGTH_MEASURE( 1.000000000000000082E-05 ), #6124, 'distance_accuracy_value', 'NONE');
#11456 = STYLED_ITEM ( 'NONE', ( #3542 ), #5757 ) ;
#11457 = DIRECTION ( 'NONE',  ( -0.7071067811865475727, -9.398244244348984524E-16, 0.7071067811865475727 ) ) ;
#11458 =( LENGTH_UNIT ( ) NAMED_UNIT ( * ) SI_UNIT ( .MILLI., .METRE. ) );
#11459 = DIRECTION ( 'NONE',  ( -0.0000000000000000000, 1.000000000000000000, 1.510616709811000052E-15 ) ) ;
#11460 = ORIENTED_EDGE ( 'NONE', *, *, #10372, .T. ) ;
#11461 = CARTESIAN_POINT ( 'NONE',  ( 16.80999974489200000, 1.520000000000000018, 0.02500000000000000139 ) ) ;
#11462 = DIRECTION ( 'NONE',  ( -0.5773502691896232886, -0.5773502691896269523, -0.5773502691896269523 ) ) ;
#11463 = EDGE_CURVE ( 'NONE', #7752, #10536, #3581, .T. ) ;
#11464 = COLOUR_RGB ( '',1.000000000000000000, 1.000000000000000000, 0.4980392156862745168 ) ;
#11465 = DIRECTION ( 'NONE',  ( 1.000000000000000000, -0.0000000000000000000, -0.0000000000000000000 ) ) ;
#11466 = CARTESIAN_POINT ( 'NONE',  ( 2.859999961853000094, -0.3200000000000000067, -2.799999997020000020 ) ) ;
#11467 = STYLED_ITEM ( 'NONE', ( #4089 ), #3344 ) ;
#11468 = EDGE_CURVE ( 'NONE', #4500, #6327, #2952, .T. ) ;
#11469 = ADVANCED_FACE ( 'NONE', ( #5817 ), #12521, .T. ) ;
#11470 =( LENGTH_UNIT ( ) NAMED_UNIT ( * ) SI_UNIT ( .MILLI., .METRE. ) );
#11471 = PRESENTATION_LAYER_ASSIGNMENT (  '', '', ( #11056 ) ) ;
#11472 =( GEOMETRIC_REPRESENTATION_CONTEXT ( 3 ) GLOBAL_UNCERTAINTY_ASSIGNED_CONTEXT ( ( #3390 ) ) GLOBAL_UNIT_ASSIGNED_CONTEXT ( ( #2569, #11397, #714 ) ) REPRESENTATION_CONTEXT ( 'NONE', 'WORKASPACE' ) );
#11473 = ORIENTED_EDGE ( 'NONE', *, *, #6452, .T. ) ;
#11474 = ORIENTED_EDGE ( 'NONE', *, *, #8545, .F. ) ;
#11475 = DIRECTION ( 'NONE',  ( -0.7071067811865474617, 0.0000000000000000000, 0.7071067811865474617 ) ) ;
#11476 = ORIENTED_EDGE ( 'NONE', *, *, #2320, .F. ) ;
#11477 = CARTESIAN_POINT ( 'NONE',  ( 13.01999980926500200, 1.820000011921000249, 1.589999999999996749 ) ) ;
#11478 = FACE_OUTER_BOUND ( 'NONE', #8927, .T. ) ;
#11479 = CARTESIAN_POINT ( 'NONE',  ( 0.3200000000000000067, -0.3200000000000000067, -3.000000000000000000 ) ) ;
#11480 =( LENGTH_UNIT ( ) NAMED_UNIT ( * ) SI_UNIT ( .MILLI., .METRE. ) );
#11481 = FILL_AREA_STYLE_COLOUR ( '', #1416 ) ;
#11482 = AXIS2_PLACEMENT_3D ( 'NONE', #2741, #18, #8562 ) ;
#11483 =( GEOMETRIC_REPRESENTATION_CONTEXT ( 3 ) GLOBAL_UNCERTAINTY_ASSIGNED_CONTEXT ( ( #12445 ) ) GLOBAL_UNIT_ASSIGNED_CONTEXT ( ( #6368, #6429, #10276 ) ) REPRESENTATION_CONTEXT ( 'NONE', 'WORKASPACE' ) );
#11484 = LINE ( 'NONE', #2722, #9753 ) ;
#11485 = DIRECTION ( 'NONE',  ( -0.0000000000000000000, -1.000000000000000000, -1.609823385705999920E-15 ) ) ;
#11486 = ADVANCED_FACE ( 'NONE', ( #11647 ), #7554, .T. ) ;
#11487 = FACE_OUTER_BOUND ( 'NONE', #9870, .T. ) ;
#11488 = CARTESIAN_POINT ( 'NONE',  ( 5.399999923705999905, 3.809999961852999828, 0.9499999999999999556 ) ) ;
#11489 = ORIENTED_EDGE ( 'NONE', *, *, #4112, .F. ) ;
#11490 = EDGE_CURVE ( 'NONE', #8197, #4930, #3661, .T. ) ;
#11491 = FILL_AREA_STYLE_COLOUR ( '', #8898 ) ;
#11492 = ORIENTED_EDGE ( 'NONE', *, *, #1293, .T. ) ;
#11493 = CARTESIAN_POINT ( 'NONE',  ( 10.27999984443199999, -0.1199999970199998184, -3.000000000000000000 ) ) ;
#11494 = CARTESIAN_POINT ( 'NONE',  ( 2.219999961852999970, -0.3200000000000000067, -3.000000000000000000 ) ) ;
#11495 = ORIENTED_EDGE ( 'NONE', *, *, #5801, .F. ) ;
#11496 = CARTESIAN_POINT ( 'NONE',  ( 17.45999973297099928, 1.270000000000000018, 0.9499999999999999556 ) ) ;
#11497 = SURFACE_SIDE_STYLE ('',( #12561 ) ) ;
#11498 = UNCERTAINTY_MEASURE_WITH_UNIT (LENGTH_MEASURE( 1.000000000000000082E-05 ), #5802, 'distance_accuracy_value', 'NONE');
#11499 = CARTESIAN_POINT ( 'NONE',  ( 7.299999885559000035, 9.609999997019999185, 0.9499999999999999556 ) ) ;
#11500 = DIRECTION ( 'NONE',  ( 0.0000000000000000000, -1.000000000000000000, -1.618928404167999991E-15 ) ) ;
#11501 = ORIENTED_EDGE ( 'NONE', *, *, #1093, .F. ) ;
#11502 =( NAMED_UNIT ( * ) PLANE_ANGLE_UNIT ( ) SI_UNIT ( $, .RADIAN. ) );
#11503 = SURFACE_STYLE_USAGE ( .BOTH. , #8816 ) ;
#11504 = ORIENTED_EDGE ( 'NONE', *, *, #172, .T. ) ;
#11505 = DIRECTION ( 'NONE',  ( 1.000000000000000000, -0.0000000000000000000, -0.0000000000000000000 ) ) ;
#11506 = ORIENTED_EDGE ( 'NONE', *, *, #546, .T. ) ;
#11507 = SURFACE_SIDE_STYLE ('',( #7596 ) ) ;
#11508 = DIRECTION ( 'NONE',  ( -1.000000000000000000, 0.0000000000000000000, 0.0000000000000000000 ) ) ;
#11509 =( NAMED_UNIT ( * ) PLANE_ANGLE_UNIT ( ) SI_UNIT ( $, .RADIAN. ) );
#11510 = FILL_AREA_STYLE_COLOUR ( '', #6222 ) ;
#11511 = DIRECTION ( 'NONE',  ( 0.0000000000000000000, -1.554312234475000050E-15, 1.000000000000000000 ) ) ;
#11512 = ORIENTED_EDGE ( 'NONE', *, *, #11601, .F. ) ;
#11513 =( NAMED_UNIT ( * ) SI_UNIT ( $, .STERADIAN. ) SOLID_ANGLE_UNIT ( ) );
#11514 = EDGE_CURVE ( 'NONE', #8804, #5695, #1817, .T. ) ;
#11515 = MECHANICAL_DESIGN_GEOMETRIC_PRESENTATION_REPRESENTATION (  '', ( #2149 ), #517 ) ;
#11516 = SURFACE_SIDE_STYLE ('',( #5636 ) ) ;
#11517 = COLOUR_RGB ( '',0.09411764705882352811, 0.09411764705882352811, 0.09411764705882352811 ) ;
#11518 = EDGE_CURVE ( 'NONE', #7385, #3040, #2006, .T. ) ;
#11519 = EDGE_CURVE ( 'NONE', #6345, #8104, #5881, .T. ) ;
#11520 = DIRECTION ( 'NONE',  ( -0.7071067811865474617, 0.0000000000000000000, -0.7071067811865474617 ) ) ;
#11521 = CARTESIAN_POINT ( 'NONE',  ( 7.299999885559000035, 1.270000000000000018, 1.590000000000000080 ) ) ;
#11522 = FILL_AREA_STYLE ('',( #11701 ) ) ;
#11523 = MECHANICAL_DESIGN_GEOMETRIC_PRESENTATION_REPRESENTATION (  '', ( #6412 ), #7821 ) ;
#11524 = PRESENTATION_LAYER_ASSIGNMENT (  '', '', ( #5385 ) ) ;
#11525 = CIRCLE ( 'NONE', #4578, 0.9499999999999999556 ) ;
#11526 = PRESENTATION_LAYER_ASSIGNMENT (  '', '', ( #4370 ) ) ;
#11527 = FACE_OUTER_BOUND ( 'NONE', #10846, .T. ) ;
#11528 = SURFACE_STYLE_USAGE ( .BOTH. , #3724 ) ;
#11529 = ORIENTED_EDGE ( 'NONE', *, *, #3543, .T. ) ;
#11530 = CARTESIAN_POINT ( 'NONE',  ( 2.219999961852999970, 0.3200000000000000067, -2.799999997020000020 ) ) ;
#11531 = AXIS2_PLACEMENT_3D ( 'NONE', #5490, #7283, #5551 ) ;
#11532 = VERTEX_POINT ( 'NONE', #3721 ) ;
#11533 =( LENGTH_UNIT ( ) NAMED_UNIT ( * ) SI_UNIT ( .MILLI., .METRE. ) );
#11534 = ORIENTED_EDGE ( 'NONE', *, *, #4130, .F. ) ;
#11535 = PRESENTATION_LAYER_ASSIGNMENT (  '', '', ( #3367 ) ) ;
#11536 = CARTESIAN_POINT ( 'NONE',  ( 0.3200000000000000067, 1.270000000000000018, -4.440892098500999885E-16 ) ) ;
#11537 = DIRECTION ( 'NONE',  ( -0.0000000000000000000, 1.510616709811000052E-15, -1.000000000000000000 ) ) ;
#11538 = DIRECTION ( 'NONE',  ( -0.0000000000000000000, 1.000000000000000000, 1.510616709811000052E-15 ) ) ;
#11539 = PRESENTATION_LAYER_ASSIGNMENT (  '', '', ( #8051 ) ) ;
#11540 =( GEOMETRIC_REPRESENTATION_CONTEXT ( 3 ) GLOBAL_UNCERTAINTY_ASSIGNED_CONTEXT ( ( #10065 ) ) GLOBAL_UNIT_ASSIGNED_CONTEXT ( ( #12199, #699, #9406 ) ) REPRESENTATION_CONTEXT ( 'NONE', 'WORKASPACE' ) );
#11541 = AXIS2_PLACEMENT_3D ( 'NONE', #8719, #6851, #12600 ) ;
#11542 = LINE ( 'NONE', #1582, #6294 ) ;
#11543 = COLOUR_RGB ( '',1.000000000000000000, 1.000000000000000000, 0.4980392156862745168 ) ;
#11544 = LINE ( 'NONE', #940, #12168 ) ;
#11545 = DIRECTION ( 'NONE',  ( 0.0000000000000000000, 0.0000000000000000000, 1.000000000000000000 ) ) ;
#11546 = ADVANCED_FACE ( 'NONE', ( #9618 ), #10877, .F. ) ;
#11547 = CARTESIAN_POINT ( 'NONE',  ( 5.399999923705999905, 1.270000000000000018, 1.590000000000000080 ) ) ;
#11548 = ORIENTED_EDGE ( 'NONE', *, *, #10161, .T. ) ;
#11549 = MECHANICAL_DESIGN_GEOMETRIC_PRESENTATION_REPRESENTATION (  '', ( #12539 ), #8297 ) ;
#11550 =( NAMED_UNIT ( * ) PLANE_ANGLE_UNIT ( ) SI_UNIT ( $, .RADIAN. ) );
#11551 = VECTOR ( 'NONE', #6029, 1000.000000000000000 ) ;
#11552 = ORIENTED_EDGE ( 'NONE', *, *, #3017, .T. ) ;
#11553 = LINE ( 'NONE', #1660, #7675 ) ;
#11554 = FILL_AREA_STYLE_COLOUR ( '', #11719 ) ;
#11555 = LINE ( 'NONE', #6702, #10738 ) ;
#11556 = DIRECTION ( 'NONE',  ( -0.0000000000000000000, 1.510616709811000052E-15, -1.000000000000000000 ) ) ;
#11557 = VECTOR ( 'NONE', #12382, 1000.000000000000000 ) ;
#11558 =( GEOMETRIC_REPRESENTATION_CONTEXT ( 3 ) GLOBAL_UNCERTAINTY_ASSIGNED_CONTEXT ( ( #12066 ) ) GLOBAL_UNIT_ASSIGNED_CONTEXT ( ( #8095, #1456, #10089 ) ) REPRESENTATION_CONTEXT ( 'NONE', 'WORKASPACE' ) );
#11559 = STYLED_ITEM ( 'NONE', ( #7070 ), #10212 ) ;
#11560 = UNCERTAINTY_MEASURE_WITH_UNIT (LENGTH_MEASURE( 1.000000000000000082E-05 ), #6204, 'distance_accuracy_value', 'NONE');
#11561 = FACE_OUTER_BOUND ( 'NONE', #11972, .T. ) ;
#11562 = MECHANICAL_DESIGN_GEOMETRIC_PRESENTATION_REPRESENTATION (  '', ( #2173 ), #2590 ) ;
#11563 = PLANE ( 'NONE',  #9387 ) ;
#11564 = ORIENTED_EDGE ( 'NONE', *, *, #12449, .F. ) ;
#11565 = CARTESIAN_POINT ( 'NONE',  ( 15.55999977111799915, 3.809999961852999384, 1.590000000000000080 ) ) ;
#11566 = UNCERTAINTY_MEASURE_WITH_UNIT (LENGTH_MEASURE( 1.000000000000000082E-05 ), #5702, 'distance_accuracy_value', 'NONE');
#11567 = EDGE_LOOP ( 'NONE', ( #10831, #11935, #4572, #46 ) ) ;
#11568 = PRESENTATION_STYLE_ASSIGNMENT (( #1797 ) ) ;
#11569 = DIRECTION ( 'NONE',  ( 0.0000000000000000000, -1.000000000000000000, -1.618928404167999991E-15 ) ) ;
#11570 = ORIENTED_EDGE ( 'NONE', *, *, #8036, .T. ) ;
#11571 =( GEOMETRIC_REPRESENTATION_CONTEXT ( 3 ) GLOBAL_UNCERTAINTY_ASSIGNED_CONTEXT ( ( #7599 ) ) GLOBAL_UNIT_ASSIGNED_CONTEXT ( ( #6709, #10484, #9650 ) ) REPRESENTATION_CONTEXT ( 'NONE', 'WORKASPACE' ) );
#11572 = SURFACE_STYLE_FILL_AREA ( #9791 ) ;
#11573 =( NAMED_UNIT ( * ) SI_UNIT ( $, .STERADIAN. ) SOLID_ANGLE_UNIT ( ) );
#11574 = SURFACE_SIDE_STYLE ('',( #10380 ) ) ;
#11575 = CARTESIAN_POINT ( 'NONE',  ( 15.55999977111799915, 3.809999961852999828, 0.9499999999999999556 ) ) ;
#11576 = FILL_AREA_STYLE_COLOUR ( '', #5864 ) ;
#11577 =( GEOMETRIC_REPRESENTATION_CONTEXT ( 3 ) GLOBAL_UNCERTAINTY_ASSIGNED_CONTEXT ( ( #9902 ) ) GLOBAL_UNIT_ASSIGNED_CONTEXT ( ( #11137, #10119, #8448 ) ) REPRESENTATION_CONTEXT ( 'NONE', 'WORKASPACE' ) );
#11578 = AXIS2_PLACEMENT_3D ( 'NONE', #6925, #3983, #11857 ) ;
#11579 =( LENGTH_UNIT ( ) NAMED_UNIT ( * ) SI_UNIT ( .MILLI., .METRE. ) );
#11580 =( LENGTH_UNIT ( ) NAMED_UNIT ( * ) SI_UNIT ( .MILLI., .METRE. ) );
#11581 = ADVANCED_FACE ( 'NONE', ( #9997 ), #9041, .F. ) ;
#11582 = ORIENTED_EDGE ( 'NONE', *, *, #6757, .T. ) ;
#11583 = EDGE_CURVE ( 'NONE', #10005, #91, #11898, .T. ) ;
#11584 = LINE ( 'NONE', #6544, #2874 ) ;
#11585 = COLOUR_RGB ( '',0.09411764705882352811, 0.09411764705882352811, 0.09411764705882352811 ) ;
#11586 = LINE ( 'NONE', #2840, #7719 ) ;
#11587 = SURFACE_STYLE_USAGE ( .BOTH. , #3601 ) ;
#11588 = SURFACE_STYLE_FILL_AREA ( #11522 ) ;
#11589 = FACE_OUTER_BOUND ( 'NONE', #912, .T. ) ;
#11590 = FACE_OUTER_BOUND ( 'NONE', #9787, .T. ) ;
#11591 = VERTEX_POINT ( 'NONE', #360 ) ;
#11592 = FACE_OUTER_BOUND ( 'NONE', #5285, .T. ) ;
#11593 = ORIENTED_EDGE ( 'NONE', *, *, #1086, .F. ) ;
#11594 = ORIENTED_EDGE ( 'NONE', *, *, #2629, .T. ) ;
#11595 = LINE ( 'NONE', #9506, #7052 ) ;
#11596 = ORIENTED_EDGE ( 'NONE', *, *, #4681, .T. ) ;
#11597 = FILL_AREA_STYLE_COLOUR ( '', #5793 ) ;
#11598 = COLOUR_RGB ( '',0.09411764705882352811, 0.09411764705882352811, 0.09411764705882352811 ) ;
#11599 = DIRECTION ( 'NONE',  ( 0.7071067811865474617, -0.0000000000000000000, 0.7071067811865474617 ) ) ;
#11600 = AXIS2_PLACEMENT_3D ( 'NONE', #7550, #11465, #5444 ) ;
#11601 = EDGE_CURVE ( 'NONE', #1590, #2148, #3961, .T. ) ;
#11602 = CARTESIAN_POINT ( 'NONE',  ( 7.939999885558998827, 3.809999961852999384, 1.590000000000000080 ) ) ;
#11603 = DIRECTION ( 'NONE',  ( 1.000000000000000000, 0.0000000000000000000, -0.0000000000000000000 ) ) ;
#11604 = CARTESIAN_POINT ( 'NONE',  ( 14.91999977111800035, 3.809999961852999828, 1.590000000000000080 ) ) ;
#11605 = EDGE_CURVE ( 'NONE', #440, #1872, #2063, .T. ) ;
#11606 = LINE ( 'NONE', #4943, #706 ) ;
#11607 = PRESENTATION_LAYER_ASSIGNMENT (  '', '', ( #4462 ) ) ;
#11608 = VERTEX_POINT ( 'NONE', #2747 ) ;
#11609 = PRESENTATION_STYLE_ASSIGNMENT (( #3687 ) ) ;
#11610 = VERTEX_POINT ( 'NONE', #6893 ) ;
#11611 = EDGE_LOOP ( 'NONE', ( #7890, #6952, #6109, #2963 ) ) ;
#11612 = SURFACE_STYLE_FILL_AREA ( #8613 ) ;
#11613 = VERTEX_POINT ( 'NONE', #4782 ) ;
#11614 = LINE ( 'NONE', #11496, #1246 ) ;
#11615 = EDGE_CURVE ( 'NONE', #3808, #9655, #1104, .T. ) ;
#11616 = STYLED_ITEM ( 'NONE', ( #775 ), #1621 ) ;
#11617 = UNCERTAINTY_MEASURE_WITH_UNIT (LENGTH_MEASURE( 1.000000000000000082E-05 ), #1466, 'distance_accuracy_value', 'NONE');
#11618 = FILL_AREA_STYLE ('',( #8876 ) ) ;
#11619 = LINE ( 'NONE', #6770, #5084 ) ;
#11620 = ORIENTED_EDGE ( 'NONE', *, *, #11676, .F. ) ;
#11621 = DIRECTION ( 'NONE',  ( -1.000000000000000000, 0.0000000000000000000, 0.0000000000000000000 ) ) ;
#11622 = PLANE ( 'NONE',  #5943 ) ;
#11623 =( GEOMETRIC_REPRESENTATION_CONTEXT ( 3 ) GLOBAL_UNCERTAINTY_ASSIGNED_CONTEXT ( ( #3506 ) ) GLOBAL_UNIT_ASSIGNED_CONTEXT ( ( #686, #8486, #9521 ) ) REPRESENTATION_CONTEXT ( 'NONE', 'WORKASPACE' ) );
#11624 = LINE ( 'NONE', #10611, #12179 ) ;
#11625 = ORIENTED_EDGE ( 'NONE', *, *, #10224, .T. ) ;
#11626 = CARTESIAN_POINT ( 'NONE',  ( 9.839999847412000733, 3.809999961852999828, 1.590000000000000080 ) ) ;
#11627 = CARTESIAN_POINT ( 'NONE',  ( 12.37999980926499966, 1.270000000000000018, -4.440892098500999885E-16 ) ) ;
#11628 = ORIENTED_EDGE ( 'NONE', *, *, #12520, .T. ) ;
#11629 = DIRECTION ( 'NONE',  ( -0.0000000000000000000, 0.0000000000000000000, 1.000000000000000000 ) ) ;
#11630 = MECHANICAL_DESIGN_GEOMETRIC_PRESENTATION_REPRESENTATION (  '', ( #5902 ), #8566 ) ;
#11631 = SURFACE_STYLE_FILL_AREA ( #7772 ) ;
#11632 = CARTESIAN_POINT ( 'NONE',  ( 13.01999980926500200, 1.820000011921000693, 0.9499999999999992895 ) ) ;
#11633 = LINE ( 'NONE', #8703, #10178 ) ;
#11634 = EDGE_CURVE ( 'NONE', #12166, #9990, #5680, .T. ) ;
#11635 = AXIS2_PLACEMENT_3D ( 'NONE', #8900, #2106, #2378 ) ;
#11636 =( NAMED_UNIT ( * ) PLANE_ANGLE_UNIT ( ) SI_UNIT ( $, .RADIAN. ) );
#11637 =( NAMED_UNIT ( * ) SI_UNIT ( $, .STERADIAN. ) SOLID_ANGLE_UNIT ( ) );
#11638 = ADVANCED_FACE ( 'NONE', ( #6777, #12579 ), #22, .T. ) ;
#11639 = COLOUR_RGB ( '',1.000000000000000000, 1.000000000000000000, 0.4980392156862745168 ) ;
#11640 =( NAMED_UNIT ( * ) SI_UNIT ( $, .STERADIAN. ) SOLID_ANGLE_UNIT ( ) );
#11641 = EDGE_LOOP ( 'NONE', ( #5947, #7194, #4817, #3358 ) ) ;
#11642 = DIRECTION ( 'NONE',  ( 0.7071067811865475727, 0.0000000000000000000, -0.7071067811865475727 ) ) ;
#11643 = AXIS2_PLACEMENT_3D ( 'NONE', #1404, #3368, #5283 ) ;
#11644 = PRESENTATION_STYLE_ASSIGNMENT (( #3595 ) ) ;
#11645 = COLOUR_RGB ( '',0.09411764705882352811, 0.09411764705882352811, 0.09411764705882352811 ) ;
#11646 = ADVANCED_FACE ( 'NONE', ( #6826 ), #6714, .T. ) ;
#11647 = FACE_OUTER_BOUND ( 'NONE', #4880, .T. ) ;
#11648 = SURFACE_STYLE_FILL_AREA ( #2065 ) ;
#11649 = EDGE_LOOP ( 'NONE', ( #11354, #7948, #5128, #4761 ) ) ;
#11650 = SURFACE_STYLE_USAGE ( .BOTH. , #1821 ) ;
#11651 = ORIENTED_EDGE ( 'NONE', *, *, #1143, .F. ) ;
#11652 = MECHANICAL_DESIGN_GEOMETRIC_PRESENTATION_REPRESENTATION (  '', ( #10043 ), #5151 ) ;
#11653 =( GEOMETRIC_REPRESENTATION_CONTEXT ( 3 ) GLOBAL_UNCERTAINTY_ASSIGNED_CONTEXT ( ( #12189 ) ) GLOBAL_UNIT_ASSIGNED_CONTEXT ( ( #1580, #3360, #8289 ) ) REPRESENTATION_CONTEXT ( 'NONE', 'WORKASPACE' ) );
#11654 = ORIENTED_EDGE ( 'NONE', *, *, #3872, .T. ) ;
#11655 = ORIENTED_EDGE ( 'NONE', *, *, #9071, .F. ) ;
#11656 = FILL_AREA_STYLE_COLOUR ( '', #8602 ) ;
#11657 = CARTESIAN_POINT ( 'NONE',  ( 16.50999973297099999, 1.520000000000000018, 0.02500000000000000139 ) ) ;
#11658 = SURFACE_SIDE_STYLE ('',( #7745 ) ) ;
#11659 = CARTESIAN_POINT ( 'NONE',  ( -1.270000000000062634, 1.820000011921000249, 2.214999988079062732 ) ) ;
#11660 = VECTOR ( 'NONE', #9607, 1000.000000000000000 ) ;
#11661 = FACE_OUTER_BOUND ( 'NONE', #4932, .T. ) ;
#11662 = SURFACE_STYLE_FILL_AREA ( #1125 ) ;
#11663 =( GEOMETRIC_REPRESENTATION_CONTEXT ( 3 ) GLOBAL_UNCERTAINTY_ASSIGNED_CONTEXT ( ( #8375 ) ) GLOBAL_UNIT_ASSIGNED_CONTEXT ( ( #8742, #12547, #5845 ) ) REPRESENTATION_CONTEXT ( 'NONE', 'WORKASPACE' ) );
#11664 = ORIENTED_EDGE ( 'NONE', *, *, #11615, .F. ) ;
#11665 = DIRECTION ( 'NONE',  ( 0.0000000000000000000, 1.000000000000000000, 0.0000000000000000000 ) ) ;
#11666 = ORIENTED_EDGE ( 'NONE', *, *, #6560, .T. ) ;
#11667 = EDGE_CURVE ( 'NONE', #6727, #5969, #82, .T. ) ;
#11668 = SURFACE_SIDE_STYLE ('',( #3929 ) ) ;
#11669 = EDGE_LOOP ( 'NONE', ( #9392, #652, #9222, #10021 ) ) ;
#11670 = LINE ( 'NONE', #3810, #526 ) ;
#11671 = EDGE_LOOP ( 'NONE', ( #3667, #3265, #806, #10512 ) ) ;
#11672 = PLANE ( 'NONE',  #1363 ) ;
#11673 = PRESENTATION_LAYER_ASSIGNMENT (  '', '', ( #3311 ) ) ;
#11674 = LINE ( 'NONE', #7642, #2791 ) ;
#11675 = VECTOR ( 'NONE', #4116, 1000.000000000000000 ) ;
#11676 = EDGE_CURVE ( 'NONE', #4055, #10005, #5920, .T. ) ;
#11677 = ADVANCED_FACE ( 'NONE', ( #4963 ), #3260, .F. ) ;
#11678 = UNCERTAINTY_MEASURE_WITH_UNIT (LENGTH_MEASURE( 1.000000000000000082E-05 ), #3240, 'distance_accuracy_value', 'NONE');
#11679 = COLOUR_RGB ( '',1.000000000000000000, 1.000000000000000000, 0.4980392156862745168 ) ;
#11680 = ORIENTED_EDGE ( 'NONE', *, *, #3720, .F. ) ;
#11681 = DIRECTION ( 'NONE',  ( -0.7071067811865474617, 0.0000000000000000000, -0.7071067811865474617 ) ) ;
#11682 = UNCERTAINTY_MEASURE_WITH_UNIT (LENGTH_MEASURE( 1.000000000000000082E-05 ), #918, 'distance_accuracy_value', 'NONE');
#11683 = FACE_OUTER_BOUND ( 'NONE', #6916, .T. ) ;
#11684 = EDGE_LOOP ( 'NONE', ( #3574, #6247, #10826, #11312 ) ) ;
#11685 = CARTESIAN_POINT ( 'NONE',  ( 2.219999961852999970, 1.270000000000000018, 1.589999999999999858 ) ) ;
#11686 =( NAMED_UNIT ( * ) SI_UNIT ( $, .STERADIAN. ) SOLID_ANGLE_UNIT ( ) );
#11687 =( NAMED_UNIT ( * ) SI_UNIT ( $, .STERADIAN. ) SOLID_ANGLE_UNIT ( ) );
#11688 = FACE_OUTER_BOUND ( 'NONE', #4320, .T. ) ;
#11689 = DIRECTION ( 'NONE',  ( 0.0000000000000000000, 1.000000000000000000, 1.554312234475000050E-15 ) ) ;
#11690 = CARTESIAN_POINT ( 'NONE',  ( 4.109999935626999168, 3.809999961852999384, 2.515000000000001457 ) ) ;
#11691 = DIRECTION ( 'NONE',  ( -1.000000000000000000, 0.0000000000000000000, -0.0000000000000000000 ) ) ;
#11692 = CARTESIAN_POINT ( 'NONE',  ( 9.189999859332999677, 1.520000000000000018, 0.02500000000000000139 ) ) ;
#11693 = ORIENTED_EDGE ( 'NONE', *, *, #8163, .T. ) ;
#11694 = PRESENTATION_STYLE_ASSIGNMENT (( #4556 ) ) ;
#11695 = ORIENTED_EDGE ( 'NONE', *, *, #7840, .T. ) ;
#11696 = LINE ( 'NONE', #1926, #7740 ) ;
#11697 = CARTESIAN_POINT ( 'NONE',  ( 13.01999980926500022, -0.3200000000000002287, -2.799999997019999576 ) ) ;
#11698 =( NAMED_UNIT ( * ) PLANE_ANGLE_UNIT ( ) SI_UNIT ( $, .RADIAN. ) );
#11699 = EDGE_CURVE ( 'NONE', #10610, #7752, #1221, .T. ) ;
#11700 = ADVANCED_FACE ( 'NONE', ( #12056 ), #8028, .F. ) ;
#11701 = FILL_AREA_STYLE_COLOUR ( '', #10329 ) ;
#11702 = EDGE_CURVE ( 'NONE', #11949, #1107, #6054, .T. ) ;
#11703 = FACE_OUTER_BOUND ( 'NONE', #10029, .T. ) ;
#11704 =( NAMED_UNIT ( * ) SI_UNIT ( $, .STERADIAN. ) SOLID_ANGLE_UNIT ( ) );
#11705 = ORIENTED_EDGE ( 'NONE', *, *, #11139, .T. ) ;
#11706 = VECTOR ( 'NONE', #2321, 1000.000000000000114 ) ;
#11707 = PRESENTATION_LAYER_ASSIGNMENT (  '', '', ( #9491 ) ) ;
#11708 = CARTESIAN_POINT ( 'NONE',  ( 11.72999982118600037, 1.519999999999998241, 2.515000000000000568 ) ) ;
#11709 = ORIENTED_EDGE ( 'NONE', *, *, #1923, .T. ) ;
#11710 = VECTOR ( 'NONE', #8302, 1000.000000000000000 ) ;
#11711 = ORIENTED_EDGE ( 'NONE', *, *, #1265, .T. ) ;
#11712 = CARTESIAN_POINT ( 'NONE',  ( 18.09999973297100340, 3.809999961852999828, 0.9499999999999999556 ) ) ;
#11713 = ORIENTED_EDGE ( 'NONE', *, *, #1270, .F. ) ;
#11714 = CARTESIAN_POINT ( 'NONE',  ( -0.3200000000000000067, 9.709999998510001618, 1.050000001489999946 ) ) ;
#11715 =( NAMED_UNIT ( * ) SI_UNIT ( $, .STERADIAN. ) SOLID_ANGLE_UNIT ( ) );
#11716 = FACE_OUTER_BOUND ( 'NONE', #8712, .T. ) ;
#11717 = DIRECTION ( 'NONE',  ( 0.0000000000000000000, 0.7071067811865475727, -0.7071067811865475727 ) ) ;
#11718 = EDGE_CURVE ( 'NONE', #6441, #11165, #1156, .T. ) ;
#11719 = COLOUR_RGB ( '',1.000000000000000000, 1.000000000000000000, 0.4980392156862745168 ) ;
#11720 = FILL_AREA_STYLE ('',( #1059 ) ) ;
#11721 = MECHANICAL_DESIGN_GEOMETRIC_PRESENTATION_REPRESENTATION (  '', ( #8881 ), #2349 ) ;
#11722 = FACE_OUTER_BOUND ( 'NONE', #10153, .T. ) ;
#11723 = CARTESIAN_POINT ( 'NONE',  ( 2.219999961852999970, 0.3200000000000000067, -3.000000000000000000 ) ) ;
#11724 = SURFACE_STYLE_FILL_AREA ( #9828 ) ;
#11725 = CARTESIAN_POINT ( 'NONE',  ( 14.91999977111800035, 9.810000000000000497, 1.150000002979999936 ) ) ;
#11726 = ORIENTED_EDGE ( 'NONE', *, *, #3517, .F. ) ;
#11727 = COLOUR_RGB ( '',1.000000000000000000, 1.000000000000000000, 0.4980392156862745168 ) ;
#11728 = MECHANICAL_DESIGN_GEOMETRIC_PRESENTATION_REPRESENTATION (  '', ( #12535 ), #2143 ) ;
#11729 = EDGE_LOOP ( 'NONE', ( #6179, #11651, #646, #853 ) ) ;
#11730 = EDGE_CURVE ( 'NONE', #1107, #2905, #9981, .T. ) ;
#11731 = SURFACE_STYLE_USAGE ( .BOTH. , #4242 ) ;
#11732 = VERTEX_POINT ( 'NONE', #10993 ) ;
#11733 = AXIS2_PLACEMENT_3D ( 'NONE', #3313, #12046, #4064 ) ;
#11734 =( GEOMETRIC_REPRESENTATION_CONTEXT ( 3 ) GLOBAL_UNCERTAINTY_ASSIGNED_CONTEXT ( ( #11498 ) ) GLOBAL_UNIT_ASSIGNED_CONTEXT ( ( #5802, #4602, #3655 ) ) REPRESENTATION_CONTEXT ( 'NONE', 'WORKASPACE' ) );
#11735 =( LENGTH_UNIT ( ) NAMED_UNIT ( * ) SI_UNIT ( .MILLI., .METRE. ) );
#11736 = EDGE_LOOP ( 'NONE', ( #12010, #3915, #10798, #1898 ) ) ;
#11737 = DIRECTION ( 'NONE',  ( -0.7071067811865474617, -0.0000000000000000000, 0.7071067811865474617 ) ) ;
#11738 = SURFACE_STYLE_FILL_AREA ( #3934 ) ;
#11739 = COLOUR_RGB ( '',1.000000000000000000, 1.000000000000000000, 0.4980392156862745168 ) ;
#11740 = VECTOR ( 'NONE', #1368, 1000.000000000000000 ) ;
#11741 = COLOUR_RGB ( '',1.000000000000000000, 1.000000000000000000, 0.4980392156862745168 ) ;
#11742 = CLOSED_SHELL ( 'NONE', ( #1666, #5597, #2241, #7843, #6945, #868, #10682, #2777, #7076, #2111, #1360, #3189, #464, #9293, #9432, #2157, #5700, #2399 ) ) ;
#11743 = MECHANICAL_DESIGN_GEOMETRIC_PRESENTATION_REPRESENTATION (  '', ( #8051 ), #2146 ) ;
#11744 = PRESENTATION_STYLE_ASSIGNMENT (( #5911 ) ) ;
#11745 =( GEOMETRIC_REPRESENTATION_CONTEXT ( 3 ) GLOBAL_UNCERTAINTY_ASSIGNED_CONTEXT ( ( #836 ) ) GLOBAL_UNIT_ASSIGNED_CONTEXT ( ( #8205, #195, #8149 ) ) REPRESENTATION_CONTEXT ( 'NONE', 'WORKASPACE' ) );
#11746 = VECTOR ( 'NONE', #2099, 1000.000000000000000 ) ;
#11747 = DIRECTION ( 'NONE',  ( 0.0000000000000000000, 0.0000000000000000000, 1.000000000000000000 ) ) ;
#11748 = ORIENTED_EDGE ( 'NONE', *, *, #7791, .F. ) ;
#11749 = DIRECTION ( 'NONE',  ( -0.7071067811865474617, 0.0000000000000000000, -0.7071067811865474617 ) ) ;
#11750 = CARTESIAN_POINT ( 'NONE',  ( 0.1199999970199998184, 0.3200000000000000067, -3.000000000000000000 ) ) ;
#11751 =( NAMED_UNIT ( * ) PLANE_ANGLE_UNIT ( ) SI_UNIT ( $, .RADIAN. ) );
#11752 = VERTEX_POINT ( 'NONE', #6114 ) ;
#11753 = CARTESIAN_POINT ( 'NONE',  ( 16.50999973297099999, 1.820000011921000027, 2.214999988079000115 ) ) ;
#11754 = PRESENTATION_LAYER_ASSIGNMENT (  '', '', ( #2784 ) ) ;
#11755 =( LENGTH_UNIT ( ) NAMED_UNIT ( * ) SI_UNIT ( .MILLI., .METRE. ) );
#11756 = MECHANICAL_DESIGN_GEOMETRIC_PRESENTATION_REPRESENTATION (  '', ( #3183 ), #11151 ) ;
#11757 = COLOUR_RGB ( '',1.000000000000000000, 1.000000000000000000, 0.4980392156862745168 ) ;
#11758 =( NAMED_UNIT ( * ) SI_UNIT ( $, .STERADIAN. ) SOLID_ANGLE_UNIT ( ) );
#11759 = CARTESIAN_POINT ( 'NONE',  ( 2.219999961852999970, 9.709999998510001618, 1.050000001489999946 ) ) ;
#11760 = CARTESIAN_POINT ( 'NONE',  ( 2.219999961852999970, 3.809999961852999384, 1.590000000000000080 ) ) ;
#11761 = SURFACE_SIDE_STYLE ('',( #8827 ) ) ;
#11762 = MECHANICAL_DESIGN_GEOMETRIC_PRESENTATION_REPRESENTATION (  '', ( #756 ), #7671 ) ;
#11763 = VECTOR ( 'NONE', #9068, 1000.000000000000000 ) ;
#11764 = DIRECTION ( 'NONE',  ( -0.0000000000000000000, -1.000000000000000000, -0.0000000000000000000 ) ) ;
#11765 = PLANE ( 'NONE',  #7765 ) ;
#11766 = PRESENTATION_STYLE_ASSIGNMENT (( #9922 ) ) ;
#11767 = VECTOR ( 'NONE', #9814, 1000.000000000000000 ) ;
#11768 = ORIENTED_EDGE ( 'NONE', *, *, #9522, .F. ) ;
#11769 = SURFACE_STYLE_USAGE ( .BOTH. , #5875 ) ;
#11770 = ORIENTED_EDGE ( 'NONE', *, *, #6790, .F. ) ;
#11771 = PRESENTATION_LAYER_ASSIGNMENT (  '', '', ( #8306 ) ) ;
#11772 = CARTESIAN_POINT ( 'NONE',  ( 6.349999885558999857, 3.809999961852999828, 0.02500000000000000139 ) ) ;
#11773 =( NAMED_UNIT ( * ) PLANE_ANGLE_UNIT ( ) SI_UNIT ( $, .RADIAN. ) );
#11774 = DIRECTION ( 'NONE',  ( 0.0000000000000000000, 0.0000000000000000000, -1.000000000000000000 ) ) ;
#11775 = VECTOR ( 'NONE', #3048, 1000.000000000000000 ) ;
#11776 = EDGE_CURVE ( 'NONE', #6498, #1105, #10045, .T. ) ;
#11777 = AXIS2_PLACEMENT_3D ( 'NONE', #9331, #8360, #7379 ) ;
#11778 = CARTESIAN_POINT ( 'NONE',  ( 6.049999911785000073, 1.520000000000000018, 0.02500000000000000139 ) ) ;
#11779 = VECTOR ( 'NONE', #10301, 1000.000000000000000 ) ;
#11780 = SURFACE_STYLE_FILL_AREA ( #8604 ) ;
#11781 = FACE_OUTER_BOUND ( 'NONE', #3054, .T. ) ;
#11782 = LINE ( 'NONE', #5824, #8903 ) ;
#11783 = VERTEX_POINT ( 'NONE', #7142 ) ;
#11784 = SURFACE_STYLE_FILL_AREA ( #3091 ) ;
#11785 = ORIENTED_EDGE ( 'NONE', *, *, #8084, .T. ) ;
#11786 = PRESENTATION_LAYER_ASSIGNMENT (  '', '', ( #3622 ) ) ;
#11787 = ORIENTED_EDGE ( 'NONE', *, *, #4415, .T. ) ;
#11788 = PRESENTATION_LAYER_ASSIGNMENT (  '', '', ( #8112 ) ) ;
#11789 = ORIENTED_EDGE ( 'NONE', *, *, #999, .F. ) ;
#11790 = PRESENTATION_LAYER_ASSIGNMENT (  '', '', ( #1388 ) ) ;
#11791 = PRESENTATION_STYLE_ASSIGNMENT (( #3972 ) ) ;
#11792 = PRESENTATION_STYLE_ASSIGNMENT (( #9819 ) ) ;
#11793 = DIRECTION ( 'NONE',  ( -0.7071067811865474617, 0.0000000000000000000, 0.7071067811865474617 ) ) ;
#11794 =( GEOMETRIC_REPRESENTATION_CONTEXT ( 3 ) GLOBAL_UNCERTAINTY_ASSIGNED_CONTEXT ( ( #10181 ) ) GLOBAL_UNIT_ASSIGNED_CONTEXT ( ( #9263, #12176, #10346 ) ) REPRESENTATION_CONTEXT ( 'NONE', 'WORKASPACE' ) );
#11795 = DIRECTION ( 'NONE',  ( 0.7071067811865474617, 0.0000000000000000000, 0.7071067811865474617 ) ) ;
#11796 = VECTOR ( 'NONE', #8964, 1000.000000000000000 ) ;
#11797 = VECTOR ( 'NONE', #8236, 1000.000000000000114 ) ;
#11798 =( LENGTH_UNIT ( ) NAMED_UNIT ( * ) SI_UNIT ( .MILLI., .METRE. ) );
#11799 = SURFACE_STYLE_USAGE ( .BOTH. , #7751 ) ;
#11800 = EDGE_LOOP ( 'NONE', ( #4122, #675, #6308, #956 ) ) ;
#11801 =( NAMED_UNIT ( * ) PLANE_ANGLE_UNIT ( ) SI_UNIT ( $, .RADIAN. ) );
#11802 = ADVANCED_FACE ( 'NONE', ( #11051 ), #3560, .T. ) ;
#11803 = ORIENTED_EDGE ( 'NONE', *, *, #8716, .F. ) ;
#11804 = COLOUR_RGB ( '',0.09411764705882352811, 0.09411764705882352811, 0.09411764705882352811 ) ;
#11805 = LINE ( 'NONE', #128, #7259 ) ;
#11806 = ORIENTED_EDGE ( 'NONE', *, *, #8831, .T. ) ;
#11807 = SURFACE_STYLE_FILL_AREA ( #9065 ) ;
#11808 = VERTEX_POINT ( 'NONE', #1661 ) ;
#11809 = CARTESIAN_POINT ( 'NONE',  ( 18.09999973297100340, 1.270000000000000018, 1.589999999999999858 ) ) ;
#11810 = SURFACE_STYLE_FILL_AREA ( #6034 ) ;
#11811 = DIRECTION ( 'NONE',  ( 0.7071067811865474617, -0.0000000000000000000, -0.7071067811865474617 ) ) ;
#11812 = CIRCLE ( 'NONE', #4664, 0.9499999999999999556 ) ;
#11813 = AXIS2_PLACEMENT_3D ( 'NONE', #2950, #7786, #4804 ) ;
#11814 = EDGE_CURVE ( 'NONE', #12247, #4759, #10288, .T. ) ;
#11815 = FILL_AREA_STYLE ('',( #1790 ) ) ;
#11816 = VERTEX_POINT ( 'NONE', #10419 ) ;
#11817 = DIRECTION ( 'NONE',  ( 1.000000000000000000, 0.0000000000000000000, 0.0000000000000000000 ) ) ;
#11818 = DIRECTION ( 'NONE',  ( 0.0000000000000000000, 0.0000000000000000000, 1.000000000000000000 ) ) ;
#11819 = DIRECTION ( 'NONE',  ( -1.000000000000000000, -0.0000000000000000000, 0.0000000000000000000 ) ) ;
#11820 = ORIENTED_EDGE ( 'NONE', *, *, #4671, .T. ) ;
#11821 = CARTESIAN_POINT ( 'NONE',  ( 15.55999977111799915, 1.820000011921000249, 1.589999999999996749 ) ) ;
#11822 =( NAMED_UNIT ( * ) PLANE_ANGLE_UNIT ( ) SI_UNIT ( $, .RADIAN. ) );
#11823 = FILL_AREA_STYLE_COLOUR ( '', #1553 ) ;
#11824 = DIRECTION ( 'NONE',  ( -1.000000000000000000, 0.0000000000000000000, -0.0000000000000000000 ) ) ;
#11825 = DIRECTION ( 'NONE',  ( 0.0000000000000000000, -1.510616709811000052E-15, 1.000000000000000000 ) ) ;
#11826 =( NAMED_UNIT ( * ) PLANE_ANGLE_UNIT ( ) SI_UNIT ( $, .RADIAN. ) );
#11827 = CARTESIAN_POINT ( 'NONE',  ( 10.27999984443200177, 9.810000000000002274, 1.150000002979999936 ) ) ;
#11828 = ORIENTED_EDGE ( 'NONE', *, *, #11856, .T. ) ;
#11829 = PRESENTATION_STYLE_ASSIGNMENT (( #7914 ) ) ;
#11830 = ORIENTED_EDGE ( 'NONE', *, *, #5923, .F. ) ;
#11831 = SURFACE_SIDE_STYLE ('',( #5115 ) ) ;
#11832 = AXIS2_PLACEMENT_3D ( 'NONE', #2713, #8468, #9859 ) ;
#11833 = EDGE_CURVE ( 'NONE', #770, #6164, #2676, .T. ) ;
#11834 = CARTESIAN_POINT ( 'NONE',  ( 17.45999973297099928, 1.270000000000000018, 1.590000000000000080 ) ) ;
#11835 = VECTOR ( 'NONE', #9485, 1000.000000000000000 ) ;
#11836 = PRODUCT_DEFINITION_SHAPE ( 'NONE', 'NONE',  #2966 ) ;
#11837 = PLANE ( 'NONE',  #9959 ) ;
#11838 = FILL_AREA_STYLE_COLOUR ( '', #7648 ) ;
#11839 =( GEOMETRIC_REPRESENTATION_CONTEXT ( 3 ) GLOBAL_UNCERTAINTY_ASSIGNED_CONTEXT ( ( #6048 ) ) GLOBAL_UNIT_ASSIGNED_CONTEXT ( ( #1663, #6131, #6450 ) ) REPRESENTATION_CONTEXT ( 'NONE', 'WORKASPACE' ) );
#11840 = LINE ( 'NONE', #3088, #8031 ) ;
#11841 =( NAMED_UNIT ( * ) SI_UNIT ( $, .STERADIAN. ) SOLID_ANGLE_UNIT ( ) );
#11842 = CYLINDRICAL_SURFACE ( 'NONE', #8940, 1.590000000000000080 ) ;
#11843 = PLANE ( 'NONE',  #3185 ) ;
#11844 = EDGE_LOOP ( 'NONE', ( #76, #9135, #10883, #3528 ) ) ;
#11845 = ORIENTED_EDGE ( 'NONE', *, *, #12609, .T. ) ;
#11846 = ORIENTED_EDGE ( 'NONE', *, *, #4739, .T. ) ;
#11847 = EDGE_CURVE ( 'NONE', #108, #3808, #12253, .T. ) ;
#11848 = VECTOR ( 'NONE', #4710, 1000.000000000000000 ) ;
#11849 = CARTESIAN_POINT ( 'NONE',  ( 17.45999973297099928, 9.709999998510001618, 1.050000001489999946 ) ) ;
#11850 = FILL_AREA_STYLE_COLOUR ( '', #7973 ) ;
#11851 = LINE ( 'NONE', #1946, #3650 ) ;
#11852 =( NAMED_UNIT ( * ) SI_UNIT ( $, .STERADIAN. ) SOLID_ANGLE_UNIT ( ) );
#11853 =( GEOMETRIC_REPRESENTATION_CONTEXT ( 3 ) GLOBAL_UNCERTAINTY_ASSIGNED_CONTEXT ( ( #2498 ) ) GLOBAL_UNIT_ASSIGNED_CONTEXT ( ( #1616, #10437, #715 ) ) REPRESENTATION_CONTEXT ( 'NONE', 'WORKASPACE' ) );
#11854 =( LENGTH_UNIT ( ) NAMED_UNIT ( * ) SI_UNIT ( .MILLI., .METRE. ) );
#11855 = DIRECTION ( 'NONE',  ( 0.0000000000000000000, -0.7071067811865475727, -0.7071067811865475727 ) ) ;
#11856 = EDGE_CURVE ( 'NONE', #11816, #4052, #11434, .T. ) ;
#11857 = DIRECTION ( 'NONE',  ( 0.0000000000000000000, 0.0000000000000000000, 1.000000000000000000 ) ) ;
#11858 = DIRECTION ( 'NONE',  ( -0.5773502691896265082, 0.5773502691896253980, 0.5773502691896252870 ) ) ;
#11859 = PRESENTATION_LAYER_ASSIGNMENT (  '', '', ( #8388 ) ) ;
#11860 = CARTESIAN_POINT ( 'NONE',  ( 3.809999961852999828, 1.520000000000000018, 0.02500000000000000139 ) ) ;
#11861 = ORIENTED_EDGE ( 'NONE', *, *, #906, .F. ) ;
#11862 = ADVANCED_FACE ( 'NONE', ( #2441 ), #1597, .F. ) ;
#11863 = SURFACE_STYLE_USAGE ( .BOTH. , #9771 ) ;
#11864 = VERTEX_POINT ( 'NONE', #7452 ) ;
#11865 = VERTEX_POINT ( 'NONE', #6581 ) ;
#11866 = SURFACE_SIDE_STYLE ('',( #6172 ) ) ;
#11867 = ORIENTED_EDGE ( 'NONE', *, *, #4380, .F. ) ;
#11868 = DIRECTION ( 'NONE',  ( 0.0000000000000000000, 0.7071067811865474617, -0.7071067811865474617 ) ) ;
#11869 = VECTOR ( 'NONE', #11599, 1000.000000000000114 ) ;
#11870 = EDGE_CURVE ( 'NONE', #1352, #7425, #693, .T. ) ;
#11871 = PLANE ( 'NONE',  #9699 ) ;
#11872 = CARTESIAN_POINT ( 'NONE',  ( 11.42999980926500037, 1.820000011921000027, 2.515000000000000124 ) ) ;
#11873 = EDGE_CURVE ( 'NONE', #10536, #12606, #2730, .T. ) ;
#11874 = ORIENTED_EDGE ( 'NONE', *, *, #4112, .T. ) ;
#11875 = CYLINDRICAL_SURFACE ( 'NONE', #4833, 1.590000000000000080 ) ;
#11876 = CARTESIAN_POINT ( 'NONE',  ( 7.939999885558998827, 9.609999997019999185, 0.9499999999999999556 ) ) ;
#11877 = STYLED_ITEM ( 'NONE', ( #9476 ), #6340 ) ;
#11878 = STYLED_ITEM ( 'NONE', ( #1916 ), #1169 ) ;
#11879 = DIRECTION ( 'NONE',  ( 0.7071067811865474617, 0.7071067811865474617, 0.0000000000000000000 ) ) ;
#11880 = ORIENTED_EDGE ( 'NONE', *, *, #7504, .F. ) ;
#11881 = SURFACE_SIDE_STYLE ('',( #6052 ) ) ;
#11882 = VECTOR ( 'NONE', #11910, 1000.000000000000000 ) ;
#11883 = SURFACE_SIDE_STYLE ('',( #2237 ) ) ;
#11884 = DIRECTION ( 'NONE',  ( 1.000000000000000000, -0.0000000000000000000, 0.0000000000000000000 ) ) ;
#11885 = CARTESIAN_POINT ( 'NONE',  ( 13.96999980926499951, 1.520000000000000018, 0.3250000119209999760 ) ) ;
#11886 =( NAMED_UNIT ( * ) SI_UNIT ( $, .STERADIAN. ) SOLID_ANGLE_UNIT ( ) );
#11887 = AXIS2_PLACEMENT_3D ( 'NONE', #2096, #5162, #9078 ) ;
#11888 = LINE ( 'NONE', #7019, #11797 ) ;
#11889 = PLANE ( 'NONE',  #4565 ) ;
#11890 = LINE ( 'NONE', #281, #2499 ) ;
#11891 =( NAMED_UNIT ( * ) PLANE_ANGLE_UNIT ( ) SI_UNIT ( $, .RADIAN. ) );
#11892 = EDGE_LOOP ( 'NONE', ( #12150, #1068, #10583, #11789 ) ) ;
#11893 = VERTEX_POINT ( 'NONE', #8747 ) ;
#11894 = EDGE_CURVE ( 'NONE', #9256, #5342, #11670, .T. ) ;
#11895 = LINE ( 'NONE', #11958, #5936 ) ;
#11896 = SURFACE_STYLE_USAGE ( .BOTH. , #3030 ) ;
#11897 = FACE_OUTER_BOUND ( 'NONE', #9591, .T. ) ;
#11898 = LINE ( 'NONE', #5181, #7018 ) ;
#11899 = PRODUCT_DEFINITION_CONTEXT ( 'detailed design', #5672, 'design' ) ;
#11900 = PRESENTATION_STYLE_ASSIGNMENT (( #7990 ) ) ;
#11901 = VECTOR ( 'NONE', #310, 1000.000000000000000 ) ;
#11902 = VERTEX_POINT ( 'NONE', #7638 ) ;
#11903 = ORIENTED_EDGE ( 'NONE', *, *, #2736, .F. ) ;
#11904 = CARTESIAN_POINT ( 'NONE',  ( 18.74999972104999912, 1.520000000000000018, 2.515000000000000124 ) ) ;
#11905 =( NAMED_UNIT ( * ) SI_UNIT ( $, .STERADIAN. ) SOLID_ANGLE_UNIT ( ) );
#11906 =( NAMED_UNIT ( * ) PLANE_ANGLE_UNIT ( ) SI_UNIT ( $, .RADIAN. ) );
#11907 = UNCERTAINTY_MEASURE_WITH_UNIT (LENGTH_MEASURE( 1.000000000000000082E-05 ), #12164, 'distance_accuracy_value', 'NONE');
#11908 = STYLED_ITEM ( 'NONE', ( #5416 ), #4618 ) ;
#11909 = VECTOR ( 'NONE', #8694, 1000.000000000000114 ) ;
#11910 = DIRECTION ( 'NONE',  ( 0.0000000000000000000, 1.000000000000000000, -0.0000000000000000000 ) ) ;
#11911 = PRESENTATION_STYLE_ASSIGNMENT (( #10973 ) ) ;
#11912 =( LENGTH_UNIT ( ) NAMED_UNIT ( * ) SI_UNIT ( .MILLI., .METRE. ) );
#11913 = CARTESIAN_POINT ( 'NONE',  ( 11.42999980926500037, 3.809999961852997608, 1.590000000000000080 ) ) ;
#11914 = VERTEX_POINT ( 'NONE', #10789 ) ;
#11915 = FILL_AREA_STYLE_COLOUR ( '', #44 ) ;
#11916 = EDGE_CURVE ( 'NONE', #997, #2515, #2033, .T. ) ;
#11917 = ORIENTED_EDGE ( 'NONE', *, *, #5568, .F. ) ;
#11918 = FACE_OUTER_BOUND ( 'NONE', #11684, .T. ) ;
#11919 = ORIENTED_EDGE ( 'NONE', *, *, #11380, .T. ) ;
#11920 = VECTOR ( 'NONE', #3232, 1000.000000000000000 ) ;
#11921 = DIRECTION ( 'NONE',  ( 0.0000000000000000000, 0.0000000000000000000, 1.000000000000000000 ) ) ;
#11922 = ORIENTED_EDGE ( 'NONE', *, *, #4583, .F. ) ;
#11923 = CARTESIAN_POINT ( 'NONE',  ( 3.509999949932250729, 3.809999961852999828, 2.515000000000251923 ) ) ;
#11924 = DIRECTION ( 'NONE',  ( 0.7071067811865475727, -9.432969924854965098E-16, 0.7071067811865475727 ) ) ;
#11925 =( NAMED_UNIT ( * ) SI_UNIT ( $, .STERADIAN. ) SOLID_ANGLE_UNIT ( ) );
#11926 = PRESENTATION_STYLE_ASSIGNMENT (( #206 ) ) ;
#11927 = VECTOR ( 'NONE', #8397, 1000.000000000000000 ) ;
#11928 = AXIS2_PLACEMENT_3D ( 'NONE', #8655, #809, #6743 ) ;
#11929 = CARTESIAN_POINT ( 'NONE',  ( 13.01999980926500200, 1.270000000000000018, -4.440892098500999885E-16 ) ) ;
#11930 = ORIENTED_EDGE ( 'NONE', *, *, #9766, .T. ) ;
#11931 = VECTOR ( 'NONE', #10479, 1000.000000000000000 ) ;
#11932 = UNCERTAINTY_MEASURE_WITH_UNIT (LENGTH_MEASURE( 1.000000000000000082E-05 ), #8307, 'distance_accuracy_value', 'NONE');
#11933 = COLOUR_RGB ( '',1.000000000000000000, 1.000000000000000000, 0.4980392156862745168 ) ;
#11934 = CARTESIAN_POINT ( 'NONE',  ( 8.889999885558999893, 1.520000000000000018, 0.3250000119209999760 ) ) ;
#11935 = ORIENTED_EDGE ( 'NONE', *, *, #700, .F. ) ;
#11936 = DIRECTION ( 'NONE',  ( 1.000000000000000000, 0.0000000000000000000, -0.0000000000000000000 ) ) ;
#11937 = DIRECTION ( 'NONE',  ( 6.670117000593702191E-16, 1.000000000000000000, 6.670117000593702191E-16 ) ) ;
#11938 = PRESENTATION_STYLE_ASSIGNMENT (( #8029 ) ) ;
#11939 = CARTESIAN_POINT ( 'NONE',  ( 16.50999973297099999, 1.820000011921000249, 2.214999988079000115 ) ) ;
#11940 = STYLED_ITEM ( 'NONE', ( #374 ), #12227 ) ;
#11941 = PRESENTATION_LAYER_ASSIGNMENT (  '', '', ( #4798 ) ) ;
#11942 =( GEOMETRIC_REPRESENTATION_CONTEXT ( 3 ) GLOBAL_UNCERTAINTY_ASSIGNED_CONTEXT ( ( #6323 ) ) GLOBAL_UNIT_ASSIGNED_CONTEXT ( ( #1383, #9060, #6290 ) ) REPRESENTATION_CONTEXT ( 'NONE', 'WORKASPACE' ) );
#11943 = MECHANICAL_DESIGN_GEOMETRIC_PRESENTATION_REPRESENTATION (  '', ( #7243 ), #8686 ) ;
#11944 = VECTOR ( 'NONE', #10163, 1000.000000000000000 ) ;
#11945 = CARTESIAN_POINT ( 'NONE',  ( 6.049999911785250539, 3.809999961852999828, 2.515000000000251923 ) ) ;
#11946 = UNCERTAINTY_MEASURE_WITH_UNIT (LENGTH_MEASURE( 1.000000000000000082E-05 ), #2290, 'distance_accuracy_value', 'NONE');
#11947 = SURFACE_STYLE_FILL_AREA ( #8035 ) ;
#11948 = AXIS2_PLACEMENT_3D ( 'NONE', #7640, #12312, #3636 ) ;
#11949 = VERTEX_POINT ( 'NONE', #1012 ) ;
#11950 =( NAMED_UNIT ( * ) SI_UNIT ( $, .STERADIAN. ) SOLID_ANGLE_UNIT ( ) );
#11951 = ORIENTED_EDGE ( 'NONE', *, *, #5589, .F. ) ;
#11952 = COLOUR_RGB ( '',0.09411764705882352811, 0.09411764705882352811, 0.09411764705882352811 ) ;
#11953 =( GEOMETRIC_REPRESENTATION_CONTEXT ( 3 ) GLOBAL_UNCERTAINTY_ASSIGNED_CONTEXT ( ( #2210 ) ) GLOBAL_UNIT_ASSIGNED_CONTEXT ( ( #103, #12022, #11076 ) ) REPRESENTATION_CONTEXT ( 'NONE', 'WORKASPACE' ) );
#11954 = PRESENTATION_LAYER_ASSIGNMENT (  '', '', ( #10343 ) ) ;
#11955 = EDGE_CURVE ( 'NONE', #2424, #2543, #9774, .T. ) ;
#11956 = COLOUR_RGB ( '',0.09411764705882352811, 0.09411764705882352811, 0.09411764705882352811 ) ;
#11957 = SURFACE_STYLE_FILL_AREA ( #11005 ) ;
#11958 = CARTESIAN_POINT ( 'NONE',  ( -0.9699999880789998974, 1.520000000000000018, 2.515000000000000124 ) ) ;
#11959 = LINE ( 'NONE', #11207, #8191 ) ;
#11960 = SURFACE_STYLE_USAGE ( .BOTH. , #287 ) ;
#11961 = UNCERTAINTY_MEASURE_WITH_UNIT (LENGTH_MEASURE( 1.000000000000000082E-05 ), #7395, 'distance_accuracy_value', 'NONE');
#11962 =( GEOMETRIC_REPRESENTATION_CONTEXT ( 3 ) GLOBAL_UNCERTAINTY_ASSIGNED_CONTEXT ( ( #3692 ) ) GLOBAL_UNIT_ASSIGNED_CONTEXT ( ( #1043, #4928, #2117 ) ) REPRESENTATION_CONTEXT ( 'NONE', 'WORKASPACE' ) );
#11963 = VECTOR ( 'NONE', #10345, 1000.000000000000000 ) ;
#11964 = STYLED_ITEM ( 'NONE', ( #4934 ), #7676 ) ;
#11965 = ADVANCED_FACE ( 'NONE', ( #1837 ), #6760, .F. ) ;
#11966 =( NAMED_UNIT ( * ) PLANE_ANGLE_UNIT ( ) SI_UNIT ( $, .RADIAN. ) );
#11967 = DIRECTION ( 'NONE',  ( -0.7071067811865474617, 0.0000000000000000000, -0.7071067811865474617 ) ) ;
#11968 = SURFACE_STYLE_FILL_AREA ( #290 ) ;
#11969 = PRESENTATION_LAYER_ASSIGNMENT (  '', '', ( #11158 ) ) ;
#11970 = CARTESIAN_POINT ( 'NONE',  ( 13.01999980926500200, 3.809999961852999828, 0.9499999999999999556 ) ) ;
#11971 = ORIENTED_EDGE ( 'NONE', *, *, #2787, .F. ) ;
#11972 = EDGE_LOOP ( 'NONE', ( #4399, #4530, #11212, #11770, #3811 ) ) ;
#11973 = SURFACE_SIDE_STYLE ('',( #5948 ) ) ;
#11974 = LINE ( 'NONE', #2405, #525 ) ;
#11975 = SURFACE_SIDE_STYLE ('',( #9952 ) ) ;
#11976 = STYLED_ITEM ( 'NONE', ( #11198 ), #7954 ) ;
#11977 = CARTESIAN_POINT ( 'NONE',  ( 3.659999955892999868, 1.520000000000000018, 0.1750000059600000102 ) ) ;
#11978 = CARTESIAN_POINT ( 'NONE',  ( 17.45999973297099928, 9.810000000000000497, 0.9499999999999999556 ) ) ;
#11979 = CARTESIAN_POINT ( 'NONE',  ( 2.859999961853000094, 3.809999961852999828, 0.9499999999999999556 ) ) ;
#11980 = CARTESIAN_POINT ( 'NONE',  ( 13.96999977111799929, 1.820000011921000027, 2.515000000000000124 ) ) ;
#11981 = CARTESIAN_POINT ( 'NONE',  ( 15.55999977111799915, 1.820000011921000027, 2.214999988079000115 ) ) ;
#11982 = MECHANICAL_DESIGN_GEOMETRIC_PRESENTATION_REPRESENTATION (  '', ( #4217 ), #11390 ) ;
#11983 = VERTEX_POINT ( 'NONE', #5907 ) ;
#11984 = PRESENTATION_LAYER_ASSIGNMENT (  '', '', ( #3815 ) ) ;
#11985 = LINE ( 'NONE', #1008, #2887 ) ;
#11986 = ORIENTED_EDGE ( 'NONE', *, *, #2899, .T. ) ;
#11987 = DIRECTION ( 'NONE',  ( 0.5773502691896232886, -0.5773502691896269523, 0.5773502691896269523 ) ) ;
#11988 = ORIENTED_EDGE ( 'NONE', *, *, #11086, .F. ) ;
#11989 =( NAMED_UNIT ( * ) PLANE_ANGLE_UNIT ( ) SI_UNIT ( $, .RADIAN. ) );
#11990 = EDGE_CURVE ( 'NONE', #2376, #9061, #66, .T. ) ;
#11991 = AXIS2_PLACEMENT_3D ( 'NONE', #11261, #5495, #4539 ) ;
#11992 = SURFACE_SIDE_STYLE ('',( #9194 ) ) ;
#11993 =( GEOMETRIC_REPRESENTATION_CONTEXT ( 3 ) GLOBAL_UNCERTAINTY_ASSIGNED_CONTEXT ( ( #12456 ) ) GLOBAL_UNIT_ASSIGNED_CONTEXT ( ( #3137, #3387, #6188 ) ) REPRESENTATION_CONTEXT ( 'NONE', 'WORKASPACE' ) );
#11994 = DIRECTION ( 'NONE',  ( -1.000000000000000000, -0.0000000000000000000, -0.0000000000000000000 ) ) ;
#11995 = SURFACE_STYLE_FILL_AREA ( #6042 ) ;
#11996 = EDGE_LOOP ( 'NONE', ( #1670, #4974, #10203, #11726, #2070 ) ) ;
#11997 = PLANE ( 'NONE',  #4197 ) ;
#11998 = LINE ( 'NONE', #7080, #9452 ) ;
#11999 = FILL_AREA_STYLE ('',( #5164 ) ) ;
#12000 = EDGE_LOOP ( 'NONE', ( #6243, #10766, #456, #7284 ) ) ;
#12001 = FILL_AREA_STYLE_COLOUR ( '', #7064 ) ;
#12002 = EDGE_CURVE ( 'NONE', #7531, #5787, #116, .T. ) ;
#12003 =( NAMED_UNIT ( * ) SI_UNIT ( $, .STERADIAN. ) SOLID_ANGLE_UNIT ( ) );
#12004 =( NAMED_UNIT ( * ) SI_UNIT ( $, .STERADIAN. ) SOLID_ANGLE_UNIT ( ) );
#12005 = EDGE_CURVE ( 'NONE', #6845, #64, #7578, .T. ) ;
#12006 = VECTOR ( 'NONE', #9820, 1000.000000000000000 ) ;
#12007 = EDGE_LOOP ( 'NONE', ( #12554, #5770, #12532, #6914 ) ) ;
#12008 = CARTESIAN_POINT ( 'NONE',  ( 8.889999885558999893, 3.809999961852999828, 0.02500000000000000139 ) ) ;
#12009 = FACE_OUTER_BOUND ( 'NONE', #9624, .T. ) ;
#12010 = ORIENTED_EDGE ( 'NONE', *, *, #3670, .T. ) ;
#12011 =( NAMED_UNIT ( * ) SI_UNIT ( $, .STERADIAN. ) SOLID_ANGLE_UNIT ( ) );
#12012 = ORIENTED_EDGE ( 'NONE', *, *, #7383, .T. ) ;
#12013 = ADVANCED_FACE ( 'NONE', ( #10658 ), #1784, .T. ) ;
#12014 = SURFACE_STYLE_USAGE ( .BOTH. , #8131 ) ;
#12015 = LINE ( 'NONE', #4275, #10246 ) ;
#12016 = DIRECTION ( 'NONE',  ( 0.0000000000000000000, 0.0000000000000000000, -1.000000000000000000 ) ) ;
#12017 = PRESENTATION_LAYER_ASSIGNMENT (  '', '', ( #1222 ) ) ;
#12018 = EDGE_CURVE ( 'NONE', #1963, #1528, #8869, .T. ) ;
#12019 = PRESENTATION_STYLE_ASSIGNMENT (( #4221 ) ) ;
#12020 = EDGE_CURVE ( 'NONE', #9066, #226, #5214, .T. ) ;
#12021 = SURFACE_STYLE_USAGE ( .BOTH. , #8139 ) ;
#12022 =( NAMED_UNIT ( * ) PLANE_ANGLE_UNIT ( ) SI_UNIT ( $, .RADIAN. ) );
#12023 = ORIENTED_EDGE ( 'NONE', *, *, #5169, .T. ) ;
#12024 = CARTESIAN_POINT ( 'NONE',  ( 2.419999964833000394, -0.1199999970199999016, -3.000000000000000000 ) ) ;
#12025 = ORIENTED_EDGE ( 'NONE', *, *, #4680, .F. ) ;
#12026 = FACE_OUTER_BOUND ( 'NONE', #10430, .T. ) ;
#12027 = DIRECTION ( 'NONE',  ( 1.000000000000000000, 0.0000000000000000000, -0.0000000000000000000 ) ) ;
#12028 = DIRECTION ( 'NONE',  ( -1.000000000000000000, -0.0000000000000000000, -0.0000000000000000000 ) ) ;
#12029 = ADVANCED_FACE ( 'NONE', ( #9837 ), #6031, .T. ) ;
#12030 = FACE_OUTER_BOUND ( 'NONE', #5681, .T. ) ;
#12031 = FILL_AREA_STYLE ('',( #9956 ) ) ;
#12032 = VECTOR ( 'NONE', #3511, 1000.000000000000000 ) ;
#12033 = DIRECTION ( 'NONE',  ( 1.000000000000000000, -0.0000000000000000000, -0.0000000000000000000 ) ) ;
#12034 = LINE ( 'NONE', #8275, #6161 ) ;
#12035 = FILL_AREA_STYLE ('',( #2138 ) ) ;
#12036 = LINE ( 'NONE', #1384, #12435 ) ;
#12037 = EDGE_LOOP ( 'NONE', ( #3115, #10400, #7657, #2714 ) ) ;
#12038 = CARTESIAN_POINT ( 'NONE',  ( 9.839999847412000733, -0.3199999999999999512, -2.799999997020000020 ) ) ;
#12039 = EDGE_LOOP ( 'NONE', ( #2488, #585, #10856, #11032 ) ) ;
#12040 = ORIENTED_EDGE ( 'NONE', *, *, #194, .T. ) ;
#12041 = MECHANICAL_DESIGN_GEOMETRIC_PRESENTATION_REPRESENTATION (  '', ( #2877 ), #33 ) ;
#12042 = CARTESIAN_POINT ( 'NONE',  ( 14.26999978303900107, 1.520000000000000018, 2.515000000000000124 ) ) ;
#12043 = DIRECTION ( 'NONE',  ( -0.0000000000000000000, -0.0000000000000000000, 1.000000000000000000 ) ) ;
#12044 = CARTESIAN_POINT ( 'NONE',  ( 16.50999977111800021, 1.820000011921000027, 0.02500000000000000139 ) ) ;
#12045 = VECTOR ( 'NONE', #12173, 1000.000000000000000 ) ;
#12046 = DIRECTION ( 'NONE',  ( 0.0000000000000000000, -1.000000000000000000, 0.0000000000000000000 ) ) ;
#12047 = FACE_OUTER_BOUND ( 'NONE', #4691, .T. ) ;
#12048 = FILL_AREA_STYLE_COLOUR ( '', #4494 ) ;
#12049 = CARTESIAN_POINT ( 'NONE',  ( 5.399999923705999905, 0.3199999999999999512, -2.799999997020000020 ) ) ;
#12050 = VERTEX_POINT ( 'NONE', #3306 ) ;
#12051 = DIRECTION ( 'NONE',  ( 0.7071067811865474617, -0.7071067811865474617, 0.0000000000000000000 ) ) ;
#12052 = SURFACE_STYLE_USAGE ( .BOTH. , #9272 ) ;
#12053 = UNCERTAINTY_MEASURE_WITH_UNIT (LENGTH_MEASURE( 1.000000000000000082E-05 ), #810, 'distance_accuracy_value', 'NONE');
#12054 = ORIENTED_EDGE ( 'NONE', *, *, #5413, .T. ) ;
#12055 = DIRECTION ( 'NONE',  ( -0.5773502691896265082, -0.5773502691896253980, -0.5773502691896252870 ) ) ;
#12056 = FACE_OUTER_BOUND ( 'NONE', #2221, .T. ) ;
#12057 = ADVANCED_FACE ( 'NONE', ( #11037 ), #4059, .F. ) ;
#12058 = SURFACE_SIDE_STYLE ('',( #11052 ) ) ;
#12059 = EDGE_CURVE ( 'NONE', #4500, #9032, #3177, .T. ) ;
#12060 = LINE ( 'NONE', #11053, #9533 ) ;
#12061 = VECTOR ( 'NONE', #1874, 1000.000000000000000 ) ;
#12062 = STYLED_ITEM ( 'NONE', ( #779 ), #6366 ) ;
#12063 =( GEOMETRIC_REPRESENTATION_CONTEXT ( 3 ) GLOBAL_UNCERTAINTY_ASSIGNED_CONTEXT ( ( #4143 ) ) GLOBAL_UNIT_ASSIGNED_CONTEXT ( ( #1987, #978, #11573 ) ) REPRESENTATION_CONTEXT ( 'NONE', 'WORKASPACE' ) );
#12064 = DIRECTION ( 'NONE',  ( 0.0000000000000000000, -1.000000000000000000, -0.0000000000000000000 ) ) ;
#12065 = VERTEX_POINT ( 'NONE', #447 ) ;
#12066 = UNCERTAINTY_MEASURE_WITH_UNIT (LENGTH_MEASURE( 1.000000000000000082E-05 ), #8095, 'distance_accuracy_value', 'NONE');
#12067 = SURFACE_STYLE_FILL_AREA ( #161 ) ;
#12068 = PRESENTATION_LAYER_ASSIGNMENT (  '', '', ( #2287 ) ) ;
#12069 = FACE_OUTER_BOUND ( 'NONE', #5891, .T. ) ;
#12070 = DIRECTION ( 'NONE',  ( -1.000000000000000000, 0.0000000000000000000, 0.0000000000000000000 ) ) ;
#12071 = ORIENTED_EDGE ( 'NONE', *, *, #7682, .T. ) ;
#12072 = ORIENTED_EDGE ( 'NONE', *, *, #11873, .T. ) ;
#12073 = ADVANCED_FACE ( 'NONE', ( #7371 ), #9447, .F. ) ;
#12074 = VECTOR ( 'NONE', #6888, 1000.000000000000000 ) ;
#12075 = CARTESIAN_POINT ( 'NONE',  ( -0.1199999970199998878, 0.1199999970199997906, -3.000000000000000444 ) ) ;
#12076 = DIRECTION ( 'NONE',  ( 6.645562236426607662E-16, 1.000000000000000000, 6.645562236426607662E-16 ) ) ;
#12077 = PLANE ( 'NONE',  #3027 ) ;
#12078 = UNCERTAINTY_MEASURE_WITH_UNIT (LENGTH_MEASURE( 1.000000000000000082E-05 ), #7388, 'distance_accuracy_value', 'NONE');
#12079 = SURFACE_SIDE_STYLE ('',( #5183 ) ) ;
#12080 = DIRECTION ( 'NONE',  ( -1.000000000000000000, 0.0000000000000000000, 0.0000000000000000000 ) ) ;
#12081 = PRESENTATION_LAYER_ASSIGNMENT (  '', '', ( #10043 ) ) ;
#12082 = EDGE_LOOP ( 'NONE', ( #7338, #7521, #2727, #6518, #9115, #4956, #2203, #3483 ) ) ;
#12083 = LINE ( 'NONE', #1436, #2218 ) ;
#12084 = DIRECTION ( 'NONE',  ( 0.0000000000000000000, 1.618928404167999991E-15, -1.000000000000000000 ) ) ;
#12085 = ORIENTED_EDGE ( 'NONE', *, *, #12258, .F. ) ;
#12086 = SURFACE_STYLE_USAGE ( .BOTH. , #4288 ) ;
#12087 = CARTESIAN_POINT ( 'NONE',  ( 18.74999972105012702, 1.519999999999998241, 2.515000000000124913 ) ) ;
#12088 = SURFACE_STYLE_USAGE ( .BOTH. , #11339 ) ;
#12089 = PRODUCT_CONTEXT ( 'NONE', #4773, 'mechanical' ) ;
#12090 = CARTESIAN_POINT ( 'NONE',  ( 14.91999977111800035, 1.270000000000000018, 0.9499999999999999556 ) ) ;
#12091 =( NAMED_UNIT ( * ) SI_UNIT ( $, .STERADIAN. ) SOLID_ANGLE_UNIT ( ) );
#12092 = CARTESIAN_POINT ( 'NONE',  ( 8.739999879599000820, 1.520000000000000018, 0.1750000059600000102 ) ) ;
#12093 = SURFACE_SIDE_STYLE ('',( #4358 ) ) ;
#12094 = PRESENTATION_STYLE_ASSIGNMENT (( #5559 ) ) ;
#12095 = LINE ( 'NONE', #8155, #12116 ) ;
#12096 = ORIENTED_EDGE ( 'NONE', *, *, #10865, .F. ) ;
#12097 = VERTEX_POINT ( 'NONE', #11420 ) ;
#12098 = FILL_AREA_STYLE_COLOUR ( '', #554 ) ;
#12099 = ORIENTED_EDGE ( 'NONE', *, *, #7997, .T. ) ;
#12100 = FILL_AREA_STYLE ('',( #6422 ) ) ;
#12101 = CARTESIAN_POINT ( 'NONE',  ( 10.03999985039200027, 9.810000000000000497, 1.150000002979999936 ) ) ;
#12102 = DIRECTION ( 'NONE',  ( -0.0000000000000000000, -1.000000000000000000, -0.0000000000000000000 ) ) ;
#12103 = FILL_AREA_STYLE_COLOUR ( '', #10868 ) ;
#12104 = DIRECTION ( 'NONE',  ( -1.000000000000000000, 0.0000000000000000000, 0.0000000000000000000 ) ) ;
#12105 = CARTESIAN_POINT ( 'NONE',  ( 17.89999972999099853, -0.1199999970200003180, -3.000000000000000888 ) ) ;
#12106 = LINE ( 'NONE', #4373, #9324 ) ;
#12107 = CARTESIAN_POINT ( 'NONE',  ( 7.299999885559000035, 9.810000000000000497, 1.150000002979999936 ) ) ;
#12108 = DIRECTION ( 'NONE',  ( -1.000000000000000000, 0.0000000000000000000, 0.0000000000000000000 ) ) ;
#12109 = ADVANCED_FACE ( 'NONE', ( #5330 ), #5461, .F. ) ;
#12110 = FACE_OUTER_BOUND ( 'NONE', #1848, .T. ) ;
#12111 = ORIENTED_EDGE ( 'NONE', *, *, #5952, .T. ) ;
#12112 = CARTESIAN_POINT ( 'NONE',  ( 7.939999885558998827, 1.820000011921000693, 0.9499999999999992895 ) ) ;
#12113 = VECTOR ( 'NONE', #2304, 1000.000000000000000 ) ;
#12114 = ORIENTED_EDGE ( 'NONE', *, *, #12137, .T. ) ;
#12115 = CARTESIAN_POINT ( 'NONE',  ( -1.270000000000062634, 1.820000011921000693, 0.3250000119209377480 ) ) ;
#12116 = VECTOR ( 'NONE', #1202, 1000.000000000000000 ) ;
#12117 = MANIFOLD_SOLID_BREP ( 'Imported5', #2369 ) ;
#12118 = CARTESIAN_POINT ( 'NONE',  ( 12.37999980926499966, 1.270000000000000018, 1.590000000000000080 ) ) ;
#12119 = DIRECTION ( 'NONE',  ( -0.0000000000000000000, -1.000000000000000000, 0.0000000000000000000 ) ) ;
#12120 = PRESENTATION_LAYER_ASSIGNMENT (  '', '', ( #306 ) ) ;
#12121 = COLOUR_RGB ( '',1.000000000000000000, 1.000000000000000000, 0.4980392156862745168 ) ;
#12122 =( LENGTH_UNIT ( ) NAMED_UNIT ( * ) SI_UNIT ( .MILLI., .METRE. ) );
#12123 = PRESENTATION_LAYER_ASSIGNMENT (  '', '', ( #7826 ) ) ;
#12124 = VECTOR ( 'NONE', #3855, 1000.000000000000000 ) ;
#12126 = CARTESIAN_POINT ( 'NONE',  ( 15.55999977111799915, 9.609999997019999185, 0.9499999999999999556 ) ) ;
#12125 = PRESENTATION_LAYER_ASSIGNMENT (  '', '', ( #9516 ) ) ;
#12127 = ORIENTED_EDGE ( 'NONE', *, *, #6118, .F. ) ;
#12128 = DIRECTION ( 'NONE',  ( -1.000000000000000000, -0.0000000000000000000, -0.0000000000000000000 ) ) ;
#12129 = CARTESIAN_POINT ( 'NONE',  ( 12.37999980926499966, 1.820000011921000249, 1.590000000000000080 ) ) ;
#12130 = FILL_AREA_STYLE ('',( #596 ) ) ;
#12131 = ORIENTED_EDGE ( 'NONE', *, *, #8859, .F. ) ;
#12132 = FACE_OUTER_BOUND ( 'NONE', #8802, .T. ) ;
#12133 = ORIENTED_EDGE ( 'NONE', *, *, #113, .F. ) ;
#12134 =( GEOMETRIC_REPRESENTATION_CONTEXT ( 3 ) GLOBAL_UNCERTAINTY_ASSIGNED_CONTEXT ( ( #3753 ) ) GLOBAL_UNIT_ASSIGNED_CONTEXT ( ( #12172, #6364, #504 ) ) REPRESENTATION_CONTEXT ( 'NONE', 'WORKASPACE' ) );
#12135 = PRESENTATION_LAYER_ASSIGNMENT (  '', '', ( #11331 ) ) ;
#12136 = DIRECTION ( 'NONE',  ( -0.5773502691896242878, -0.5773502691896292838, 0.5773502691896236216 ) ) ;
#12137 = EDGE_CURVE ( 'NONE', #7892, #12097, #7431, .T. ) ;
#12138 = CARTESIAN_POINT ( 'NONE',  ( 14.91999977111800035, 1.270000000000000018, -4.440892098500999885E-16 ) ) ;
#12139 = PRESENTATION_LAYER_ASSIGNMENT (  '', '', ( #6226 ) ) ;
#12140 = EDGE_CURVE ( 'NONE', #1662, #6901, #2761, .T. ) ;
#12141 = MECHANICAL_DESIGN_GEOMETRIC_PRESENTATION_REPRESENTATION (  '', ( #9103 ), #1145 ) ;
#12142 = FILL_AREA_STYLE_COLOUR ( '', #5236 ) ;
#12143 = PRESENTATION_LAYER_ASSIGNMENT (  '', '', ( #3382 ) ) ;
#12144 = VECTOR ( 'NONE', #5560, 1000.000000000000000 ) ;
#12145 = CARTESIAN_POINT ( 'NONE',  ( 17.45999973297099928, 9.609999997019999185, 1.590000000000000080 ) ) ;
#12146 = MECHANICAL_DESIGN_GEOMETRIC_PRESENTATION_REPRESENTATION (  '', ( #5009 ), #5189 ) ;
#12147 = CARTESIAN_POINT ( 'NONE',  ( 17.45999973297099928, 1.270000000000000018, 0.9499999999999997335 ) ) ;
#12148 = DIRECTION ( 'NONE',  ( -0.7071067811865474617, 0.0000000000000000000, 0.7071067811865474617 ) ) ;
#12149 = MECHANICAL_DESIGN_GEOMETRIC_PRESENTATION_REPRESENTATION (  '', ( #11156 ), #6018 ) ;
#12150 = ORIENTED_EDGE ( 'NONE', *, *, #7448, .F. ) ;
#12151 = ORIENTED_EDGE ( 'NONE', *, *, #3775, .F. ) ;
#12152 = EDGE_CURVE ( 'NONE', #5535, #3056, #8731, .T. ) ;
#12153 =( NAMED_UNIT ( * ) SI_UNIT ( $, .STERADIAN. ) SOLID_ANGLE_UNIT ( ) );
#12154 = MECHANICAL_DESIGN_GEOMETRIC_PRESENTATION_REPRESENTATION (  '', ( #3786 ), #8705 ) ;
#12155 = CARTESIAN_POINT ( 'NONE',  ( 7.499999888538999571, 9.810000000000000497, 1.590000000000000080 ) ) ;
#12156 = COLOUR_RGB ( '',1.000000000000000000, 1.000000000000000000, 0.4980392156862745168 ) ;
#12157 = VECTOR ( 'NONE', #3362, 1000.000000000000000 ) ;
#12158 = MECHANICAL_DESIGN_GEOMETRIC_PRESENTATION_REPRESENTATION (  '', ( #1161 ), #8089 ) ;
#12159 = FILL_AREA_STYLE ('',( #10260 ) ) ;
#12160 = PRESENTATION_LAYER_ASSIGNMENT (  '', '', ( #7264 ) ) ;
#12161 = CARTESIAN_POINT ( 'NONE',  ( 15.35999976813799961, 9.810000000000000497, 1.389999997020000100 ) ) ;
#12162 = FACE_BOUND ( 'NONE', #9369, .T. ) ;
#12163 =( GEOMETRIC_REPRESENTATION_CONTEXT ( 3 ) GLOBAL_UNCERTAINTY_ASSIGNED_CONTEXT ( ( #3966 ) ) GLOBAL_UNIT_ASSIGNED_CONTEXT ( ( #4069, #7763, #2043 ) ) REPRESENTATION_CONTEXT ( 'NONE', 'WORKASPACE' ) );
#12164 =( LENGTH_UNIT ( ) NAMED_UNIT ( * ) SI_UNIT ( .MILLI., .METRE. ) );
#12165 =( GEOMETRIC_REPRESENTATION_CONTEXT ( 3 ) GLOBAL_UNCERTAINTY_ASSIGNED_CONTEXT ( ( #11308 ) ) GLOBAL_UNIT_ASSIGNED_CONTEXT ( ( #3488, #11422, #677 ) ) REPRESENTATION_CONTEXT ( 'NONE', 'WORKASPACE' ) );
#12166 = VERTEX_POINT ( 'NONE', #2907 ) ;
#12167 = FACE_OUTER_BOUND ( 'NONE', #6700, .T. ) ;
#12168 = VECTOR ( 'NONE', #3796, 1000.000000000000000 ) ;
#12169 = PLANE ( 'NONE',  #5632 ) ;
#12170 = EDGE_LOOP ( 'NONE', ( #4147, #1007, #10736, #8744 ) ) ;
#12171 = PRESENTATION_LAYER_ASSIGNMENT (  '', '', ( #3009 ) ) ;
#12172 =( LENGTH_UNIT ( ) NAMED_UNIT ( * ) SI_UNIT ( .MILLI., .METRE. ) );
#12173 = DIRECTION ( 'NONE',  ( 0.5773502691896262862, 0.5773502691896262862, 0.5773502691896247319 ) ) ;
#12174 = DIRECTION ( 'NONE',  ( -1.000000000000000000, -0.0000000000000000000, -0.0000000000000000000 ) ) ;
#12175 = DIRECTION ( 'NONE',  ( -1.000000000000000000, 0.0000000000000000000, 0.0000000000000000000 ) ) ;
#12176 =( NAMED_UNIT ( * ) PLANE_ANGLE_UNIT ( ) SI_UNIT ( $, .RADIAN. ) );
#12177 =( NAMED_UNIT ( * ) SI_UNIT ( $, .STERADIAN. ) SOLID_ANGLE_UNIT ( ) );
#12178 = VECTOR ( 'NONE', #1057, 1000.000000000000000 ) ;
#12179 = VECTOR ( 'NONE', #4779, 1000.000000000000000 ) ;
#12180 = FILL_AREA_STYLE ('',( #8296 ) ) ;
#12181 = DIRECTION ( 'NONE',  ( 1.000000000000000000, 0.0000000000000000000, -0.0000000000000000000 ) ) ;
#12182 = LINE ( 'NONE', #9268, #1545 ) ;
#12183 =( GEOMETRIC_REPRESENTATION_CONTEXT ( 3 ) GLOBAL_UNCERTAINTY_ASSIGNED_CONTEXT ( ( #11560 ) ) GLOBAL_UNIT_ASSIGNED_CONTEXT ( ( #6204, #9043, #5184 ) ) REPRESENTATION_CONTEXT ( 'NONE', 'WORKASPACE' ) );
#12184 = ADVANCED_FACE ( 'NONE', ( #12610 ), #12480, .F. ) ;
#12185 = DIRECTION ( 'NONE',  ( 1.000000000000000000, 0.0000000000000000000, -0.0000000000000000000 ) ) ;
#12186 = LINE ( 'NONE', #5227, #1134 ) ;
#12187 = ORIENTED_EDGE ( 'NONE', *, *, #10316, .T. ) ;
#12188 = FILL_AREA_STYLE ('',( #1469 ) ) ;
#12189 = UNCERTAINTY_MEASURE_WITH_UNIT (LENGTH_MEASURE( 1.000000000000000082E-05 ), #1580, 'distance_accuracy_value', 'NONE');
#12190 = CARTESIAN_POINT ( 'NONE',  ( 2.219999961852999970, 1.270000000000000018, 0.9499999999999999556 ) ) ;
#12191 = VERTEX_POINT ( 'NONE', #2717 ) ;
#12192 = SURFACE_STYLE_FILL_AREA ( #9397 ) ;
#12193 = VECTOR ( 'NONE', #3148, 1000.000000000000000 ) ;
#12194 = CARTESIAN_POINT ( 'NONE',  ( -0.9699999880790000084, 1.520000000000000018, 0.02500000000000000139 ) ) ;
#12195 = DIRECTION ( 'NONE',  ( -0.7071067811865474617, 0.0000000000000000000, 0.7071067811865474617 ) ) ;
#12196 = PRESENTATION_LAYER_ASSIGNMENT (  '', '', ( #4217 ) ) ;
#12197 = ADVANCED_FACE ( 'NONE', ( #7617 ), #869, .F. ) ;
#12198 = UNCERTAINTY_MEASURE_WITH_UNIT (LENGTH_MEASURE( 1.000000000000000082E-05 ), #3521, 'distance_accuracy_value', 'NONE');
#12199 =( LENGTH_UNIT ( ) NAMED_UNIT ( * ) SI_UNIT ( .MILLI., .METRE. ) );
#12200 = FILL_AREA_STYLE_COLOUR ( '', #11306 ) ;
#12201 = ORIENTED_EDGE ( 'NONE', *, *, #8412, .T. ) ;
#12202 = DIRECTION ( 'NONE',  ( 0.7071067811865474617, -0.0000000000000000000, -0.7071067811865474617 ) ) ;
#12203 = SURFACE_STYLE_FILL_AREA ( #3570 ) ;
#12204 = DIRECTION ( 'NONE',  ( -0.0000000000000000000, -1.000000000000000000, 0.0000000000000000000 ) ) ;
#12205 = EDGE_LOOP ( 'NONE', ( #12085, #3634, #7593, #9503 ) ) ;
#12206 = SURFACE_STYLE_FILL_AREA ( #2688 ) ;
#12207 = VERTEX_POINT ( 'NONE', #5758 ) ;
#12208 = SURFACE_STYLE_USAGE ( .BOTH. , #5299 ) ;
#12209 = VECTOR ( 'NONE', #2518, 1000.000000000000000 ) ;
#12210 = FILL_AREA_STYLE ('',( #2456 ) ) ;
#12211 = UNCERTAINTY_MEASURE_WITH_UNIT (LENGTH_MEASURE( 1.000000000000000082E-05 ), #651, 'distance_accuracy_value', 'NONE');
#12212 = MECHANICAL_DESIGN_GEOMETRIC_PRESENTATION_REPRESENTATION (  '', ( #606 ), #10194 ) ;
#12213 =( NAMED_UNIT ( * ) SI_UNIT ( $, .STERADIAN. ) SOLID_ANGLE_UNIT ( ) );
#12214 = DIRECTION ( 'NONE',  ( 1.000000000000000000, 0.0000000000000000000, 0.0000000000000000000 ) ) ;
#12215 = CARTESIAN_POINT ( 'NONE',  ( 17.65999973595100059, 9.810000000000000497, 1.389999997019999878 ) ) ;
#12216 = EDGE_CURVE ( 'NONE', #499, #5379, #7688, .T. ) ;
#12217 = ORIENTED_EDGE ( 'NONE', *, *, #1327, .F. ) ;
#12218 = LINE ( 'NONE', #1503, #8039 ) ;
#12219 = EDGE_CURVE ( 'NONE', #108, #8851, #8542, .T. ) ;
#12220 =( LENGTH_UNIT ( ) NAMED_UNIT ( * ) SI_UNIT ( .MILLI., .METRE. ) );
#12221 = ADVANCED_FACE ( 'NONE', ( #109 ), #8988, .F. ) ;
#12222 = FILL_AREA_STYLE_COLOUR ( '', #6485 ) ;
#12223 = DIRECTION ( 'NONE',  ( 0.0000000000000000000, -0.7071067811865475727, -0.7071067811865475727 ) ) ;
#12224 = FILL_AREA_STYLE_COLOUR ( '', #3426 ) ;
#12225 =( NAMED_UNIT ( * ) PLANE_ANGLE_UNIT ( ) SI_UNIT ( $, .RADIAN. ) );
#12226 = SURFACE_STYLE_FILL_AREA ( #11411 ) ;
#12227 = MANIFOLD_SOLID_BREP ( 'Imported4', #3578 ) ;
#12228 = LINE ( 'NONE', #5572, #3957 ) ;
#12229 = ORIENTED_EDGE ( 'NONE', *, *, #6726, .F. ) ;
#12230 = DIRECTION ( 'NONE',  ( -0.0000000000000000000, -1.000000000000000000, 0.0000000000000000000 ) ) ;
#12231 = EDGE_CURVE ( 'NONE', #3454, #12404, #5892, .T. ) ;
#12232 = ORIENTED_EDGE ( 'NONE', *, *, #11718, .F. ) ;
#12233 = DIRECTION ( 'NONE',  ( -1.000000000000000000, 0.0000000000000000000, -0.0000000000000000000 ) ) ;
#12234 = FACE_OUTER_BOUND ( 'NONE', #634, .T. ) ;
#12235 = LINE ( 'NONE', #2426, #160 ) ;
#12236 = ADVANCED_FACE ( 'NONE', ( #8063 ), #1192, .F. ) ;
#12237 = FACE_BOUND ( 'NONE', #8783, .T. ) ;
#12238 = VECTOR ( 'NONE', #7975, 1000.000000000000114 ) ;
#12239 = FACE_OUTER_BOUND ( 'NONE', #1831, .T. ) ;
#12240 = FILL_AREA_STYLE ('',( #10159 ) ) ;
#12241 = PLANE ( 'NONE',  #550 ) ;
#12242 = DIRECTION ( 'NONE',  ( 6.670117000593702191E-16, 1.000000000000000000, 6.670117000593702191E-16 ) ) ;
#12243 = VECTOR ( 'NONE', #12338, 1000.000000000000000 ) ;
#12244 = SURFACE_SIDE_STYLE ('',( #7441 ) ) ;
#12245 = LINE ( 'NONE', #687, #11710 ) ;
#12246 = CARTESIAN_POINT ( 'NONE',  ( 11.42999984741200059, 1.520000000000000018, 2.214999988079000115 ) ) ;
#12247 = VERTEX_POINT ( 'NONE', #5312 ) ;
#12248 = PLANE ( 'NONE',  #5344 ) ;
#12249 =( GEOMETRIC_REPRESENTATION_CONTEXT ( 3 ) GLOBAL_UNCERTAINTY_ASSIGNED_CONTEXT ( ( #4769 ) ) GLOBAL_UNIT_ASSIGNED_CONTEXT ( ( #2356, #5470, #9390 ) ) REPRESENTATION_CONTEXT ( 'NONE', 'WORKASPACE' ) );
#12250 = FILL_AREA_STYLE ('',( #10169 ) ) ;
#12251 = ORIENTED_EDGE ( 'NONE', *, *, #4482, .F. ) ;
#12252 = CARTESIAN_POINT ( 'NONE',  ( 13.01999980926500200, 0.3199999999999998401, -2.799999997020000020 ) ) ;
#12253 = LINE ( 'NONE', #12118, #11116 ) ;
#12254 =( NAMED_UNIT ( * ) SI_UNIT ( $, .STERADIAN. ) SOLID_ANGLE_UNIT ( ) );
#12255 = UNCERTAINTY_MEASURE_WITH_UNIT (LENGTH_MEASURE( 1.000000000000000082E-05 ), #6602, 'distance_accuracy_value', 'NONE');
#12256 = ADVANCED_FACE ( 'NONE', ( #12026 ), #5506, .T. ) ;
#12257 = AXIS2_PLACEMENT_3D ( 'NONE', #1629, #8457, #11520 ) ;
#12258 = EDGE_CURVE ( 'NONE', #2453, #8852, #1562, .T. ) ;
#12259 = CARTESIAN_POINT ( 'NONE',  ( 8.589999873637999883, 1.520000000000000018, 2.515000000000000124 ) ) ;
#12260 = ORIENTED_EDGE ( 'NONE', *, *, #5894, .F. ) ;
#12261 = LINE ( 'NONE', #11253, #7138 ) ;
#12262 = CARTESIAN_POINT ( 'NONE',  ( 2.859999961853000094, 0.3199999999999999512, -2.799999997020000020 ) ) ;
#12263 = PRESENTATION_LAYER_ASSIGNMENT (  '', '', ( #847 ) ) ;
#12264 = LINE ( 'NONE', #9159, #4002 ) ;
#12265 = EDGE_LOOP ( 'NONE', ( #9848, #9883, #3129, #7703 ) ) ;
#12266 = DIRECTION ( 'NONE',  ( -0.0000000000000000000, -1.000000000000000000, 0.0000000000000000000 ) ) ;
#12267 = VERTEX_POINT ( 'NONE', #842 ) ;
#12268 = SHAPE_REPRESENTATION ( 'User Library-Header_Male_RA_Low_8Pin', ( #5207, #1130, #3204 ), #10120 ) ;
#12269 = PRESENTATION_STYLE_ASSIGNMENT (( #175 ) ) ;
#12270 = MECHANICAL_DESIGN_GEOMETRIC_PRESENTATION_REPRESENTATION (  '', ( #11877 ), #8815 ) ;
#12271 = VECTOR ( 'NONE', #6402, 1000.000000000000000 ) ;
#12272 = CARTESIAN_POINT ( 'NONE',  ( 14.11999977707900022, 3.809999961853000716, 2.364999994040001940 ) ) ;
#12273 = CARTESIAN_POINT ( 'NONE',  ( 18.89999972701100006, 3.809999961853000716, 0.1750000059600015367 ) ) ;
#12274 = DIRECTION ( 'NONE',  ( -0.5773502691896250649, -0.5773502691896262862, -0.5773502691896261751 ) ) ;
#12275 = PLANE ( 'NONE',  #6853 ) ;
#12276 = ORIENTED_EDGE ( 'NONE', *, *, #5988, .F. ) ;
#12277 = ADVANCED_FACE ( 'NONE', ( #6212 ), #6407, .F. ) ;
#12278 =( NAMED_UNIT ( * ) PLANE_ANGLE_UNIT ( ) SI_UNIT ( $, .RADIAN. ) );
#12279 =( GEOMETRIC_REPRESENTATION_CONTEXT ( 3 ) GLOBAL_UNCERTAINTY_ASSIGNED_CONTEXT ( ( #7081 ) ) GLOBAL_UNIT_ASSIGNED_CONTEXT ( ( #8425, #7445, #7191 ) ) REPRESENTATION_CONTEXT ( 'NONE', 'WORKASPACE' ) );
#12280 = FACE_OUTER_BOUND ( 'NONE', #7140, .T. ) ;
#12281 = FILL_AREA_STYLE ('',( #1626 ) ) ;
#12282 = VECTOR ( 'NONE', #9880, 1000.000000000000000 ) ;
#12283 = DIRECTION ( 'NONE',  ( -0.0000000000000000000, -0.0000000000000000000, -1.000000000000000000 ) ) ;
#12284 = PRESENTATION_STYLE_ASSIGNMENT (( #11587 ) ) ;
#12285 = DIRECTION ( 'NONE',  ( 0.7071067811865474617, -0.0000000000000000000, 0.7071067811865474617 ) ) ;
#12286 = PRESENTATION_LAYER_ASSIGNMENT (  '', '', ( #8836 ) ) ;
#12287 =( NAMED_UNIT ( * ) PLANE_ANGLE_UNIT ( ) SI_UNIT ( $, .RADIAN. ) );
#12288 = DIRECTION ( 'NONE',  ( 0.7071067811865474617, 0.0000000000000000000, 0.7071067811865474617 ) ) ;
#12289 = EDGE_CURVE ( 'NONE', #11591, #5096, #488, .T. ) ;
#12290 = EDGE_LOOP ( 'NONE', ( #11299, #746, #2920, #4195 ) ) ;
#12291 = SURFACE_STYLE_USAGE ( .BOTH. , #9188 ) ;
#12292 = EDGE_LOOP ( 'NONE', ( #11252, #5275, #3713, #1838 ) ) ;
#12293 = FILL_AREA_STYLE ('',( #12098 ) ) ;
#12294 = VERTEX_POINT ( 'NONE', #11336 ) ;
#12295 = FILL_AREA_STYLE_COLOUR ( '', #9909 ) ;
#12296 = DIRECTION ( 'NONE',  ( 0.0000000000000000000, 0.0000000000000000000, 1.000000000000000000 ) ) ;
#12297 =( NAMED_UNIT ( * ) SI_UNIT ( $, .STERADIAN. ) SOLID_ANGLE_UNIT ( ) );
#12298 = STYLED_ITEM ( 'NONE', ( #8465 ), #1961 ) ;
#12299 = SURFACE_STYLE_USAGE ( .BOTH. , #5467 ) ;
#12300 = SURFACE_STYLE_USAGE ( .BOTH. , #4444 ) ;
#12301 = LINE ( 'NONE', #3625, #9497 ) ;
#12302 = FILL_AREA_STYLE_COLOUR ( '', #1242 ) ;
#12303 = ADVANCED_FACE ( 'NONE', ( #5366 ), #2582, .F. ) ;
#12304 =( NAMED_UNIT ( * ) SI_UNIT ( $, .STERADIAN. ) SOLID_ANGLE_UNIT ( ) );
#12305 = EDGE_LOOP ( 'NONE', ( #1782, #3467, #3754, #2282, #9838 ) ) ;
#12306 = LINE ( 'NONE', #10357, #476 ) ;
#12307 = UNCERTAINTY_MEASURE_WITH_UNIT (LENGTH_MEASURE( 1.000000000000000082E-05 ), #10598, 'distance_accuracy_value', 'NONE');
#12308 = SURFACE_STYLE_FILL_AREA ( #12250 ) ;
#12309 = PRESENTATION_STYLE_ASSIGNMENT (( #6577 ) ) ;
#12310 = ORIENTED_EDGE ( 'NONE', *, *, #759, .T. ) ;
#12311 =( NAMED_UNIT ( * ) PLANE_ANGLE_UNIT ( ) SI_UNIT ( $, .RADIAN. ) );
#12312 = DIRECTION ( 'NONE',  ( 0.7071067811865475727, -9.432969924854965098E-16, 0.7071067811865475727 ) ) ;
#12313 = EDGE_CURVE ( 'NONE', #5535, #2964, #5922, .T. ) ;
#12314 = UNCERTAINTY_MEASURE_WITH_UNIT (LENGTH_MEASURE( 1.000000000000000082E-05 ), #611, 'distance_accuracy_value', 'NONE');
#12315 = DIRECTION ( 'NONE',  ( 1.000000000000000000, 0.0000000000000000000, 0.0000000000000000000 ) ) ;
#12316 = STYLED_ITEM ( 'NONE', ( #4417 ), #4489 ) ;
#12317 = STYLED_ITEM ( 'NONE', ( #7830 ), #11638 ) ;
#12318 =( LENGTH_UNIT ( ) NAMED_UNIT ( * ) SI_UNIT ( .MILLI., .METRE. ) );
#12319 = ORIENTED_EDGE ( 'NONE', *, *, #2267, .T. ) ;
#12320 = UNCERTAINTY_MEASURE_WITH_UNIT (LENGTH_MEASURE( 1.000000000000000082E-05 ), #8722, 'distance_accuracy_value', 'NONE');
#12321 = SURFACE_STYLE_FILL_AREA ( #8378 ) ;
#12322 = FACE_OUTER_BOUND ( 'NONE', #7127, .T. ) ;
#12323 = FACE_OUTER_BOUND ( 'NONE', #6360, .T. ) ;
#12324 = VERTEX_POINT ( 'NONE', #2933 ) ;
#12325 = ORIENTED_EDGE ( 'NONE', *, *, #4219, .F. ) ;
#12326 = FACE_OUTER_BOUND ( 'NONE', #5152, .T. ) ;
#12327 =( GEOMETRIC_REPRESENTATION_CONTEXT ( 3 ) GLOBAL_UNCERTAINTY_ASSIGNED_CONTEXT ( ( #8623 ) ) GLOBAL_UNIT_ASSIGNED_CONTEXT ( ( #8093, #3057, #6938 ) ) REPRESENTATION_CONTEXT ( 'NONE', 'WORKASPACE' ) );
#12328 = VECTOR ( 'NONE', #6359, 1000.000000000000114 ) ;
#12329 = CARTESIAN_POINT ( 'NONE',  ( 3.959999929667000096, 1.520000000000000018, 0.1750000059600000102 ) ) ;
#12330 = DIRECTION ( 'NONE',  ( -0.7071067811865475727, 9.398244244348984524E-16, -0.7071067811865475727 ) ) ;
#12331 = PRESENTATION_STYLE_ASSIGNMENT (( #4673 ) ) ;
#12332 = EDGE_CURVE ( 'NONE', #4891, #5491, #4784, .T. ) ;
#12333 = FILL_AREA_STYLE_COLOUR ( '', #3383 ) ;
#12334 = VERTEX_POINT ( 'NONE', #1087 ) ;
#12335 = LINE ( 'NONE', #1689, #10585 ) ;
#12336 = AXIS2_PLACEMENT_3D ( 'NONE', #2053, #6897, #6307 ) ;
#12337 = AXIS2_PLACEMENT_3D ( 'NONE', #1542, #1611, #2562 ) ;
#12338 = DIRECTION ( 'NONE',  ( -1.000000000000000000, 0.0000000000000000000, -0.0000000000000000000 ) ) ;
#12339 = CARTESIAN_POINT ( 'NONE',  ( -0.9699999880791250195, 1.520000000000000018, 0.02499999999987499721 ) ) ;
#12340 = FACE_OUTER_BOUND ( 'NONE', #4868, .T. ) ;
#12341 = CARTESIAN_POINT ( 'NONE',  ( 12.37999980926499966, 0.3200000000000000067, -5.313452942893489393E-16 ) ) ;
#12342 = COLOUR_RGB ( '',0.09411764705882352811, 0.09411764705882352811, 0.09411764705882352811 ) ;
#12343 = EDGE_CURVE ( 'NONE', #10282, #12404, #12583, .T. ) ;
#12344 = STYLED_ITEM ( 'NONE', ( #4451 ), #1806 ) ;
#12345 = CIRCLE ( 'NONE', #7660, 1.590000000000000080 ) ;
#12346 = VECTOR ( 'NONE', #5766, 1000.000000000000000 ) ;
#12347 = AXIS2_PLACEMENT_3D ( 'NONE', #1965, #4892, #1833 ) ;
#12348 = SURFACE_STYLE_USAGE ( .BOTH. , #1757 ) ;
#12349 = SURFACE_STYLE_USAGE ( .BOTH. , #8346 ) ;
#12350 = MANIFOLD_SOLID_BREP ( 'Imported2', #12537 ) ;
#12351 = LINE ( 'NONE', #11163, #12328 ) ;
#12352 = ORIENTED_EDGE ( 'NONE', *, *, #6513, .F. ) ;
#12353 = COLOUR_RGB ( '',0.09411764705882352811, 0.09411764705882352811, 0.09411764705882352811 ) ;
#12354 = ORIENTED_EDGE ( 'NONE', *, *, #11022, .F. ) ;
#12355 = MECHANICAL_DESIGN_GEOMETRIC_PRESENTATION_REPRESENTATION (  '', ( #1554 ), #3778 ) ;
#12356 = ORIENTED_EDGE ( 'NONE', *, *, #7861, .F. ) ;
#12357 = MECHANICAL_DESIGN_GEOMETRIC_PRESENTATION_REPRESENTATION (  '', ( #7863 ), #9929 ) ;
#12358 =( NAMED_UNIT ( * ) PLANE_ANGLE_UNIT ( ) SI_UNIT ( $, .RADIAN. ) );
#12359 = CARTESIAN_POINT ( 'NONE',  ( 7.939999885558998827, -0.3199999999999999512, -4.388850394221508810E-16 ) ) ;
#12360 = DIRECTION ( 'NONE',  ( -1.000000000000000000, -0.0000000000000000000, -0.0000000000000000000 ) ) ;
#12361 = SURFACE_SIDE_STYLE ('',( #9450 ) ) ;
#12362 = CARTESIAN_POINT ( 'NONE',  ( 7.939999885559000603, 9.609999997019999185, 0.9499999999999999556 ) ) ;
#12363 = SURFACE_STYLE_FILL_AREA ( #8293 ) ;
#12364 = DIRECTION ( 'NONE',  ( -0.0000000000000000000, 1.000000000000000000, 0.0000000000000000000 ) ) ;
#12365 = STYLED_ITEM ( 'NONE', ( #1409 ), #12607 ) ;
#12366 = MECHANICAL_DESIGN_GEOMETRIC_PRESENTATION_REPRESENTATION (  '', ( #1971 ), #12165 ) ;
#12367 = FILL_AREA_STYLE ('',( #4567 ) ) ;
#12368 = COLOUR_RGB ( '',1.000000000000000000, 1.000000000000000000, 0.4980392156862745168 ) ;
#12369 = DIRECTION ( 'NONE',  ( 0.7071067811865474617, -0.0000000000000000000, -0.7071067811865474617 ) ) ;
#12370 = COLOUR_RGB ( '',1.000000000000000000, 1.000000000000000000, 0.4980392156862745168 ) ;
#12371 = CARTESIAN_POINT ( 'NONE',  ( 6.049999911785125306, 1.520000000000000018, 0.02499999999987484803 ) ) ;
#12372 = PRESENTATION_LAYER_ASSIGNMENT (  '', '', ( #9941 ) ) ;
#12373 = EDGE_LOOP ( 'NONE', ( #6595, #1941, #7928, #10165 ) ) ;
#12374 = MECHANICAL_DESIGN_GEOMETRIC_PRESENTATION_REPRESENTATION (  '', ( #7264 ), #8713 ) ;
#12375 = CARTESIAN_POINT ( 'NONE',  ( 17.45999973297099928, 3.809999961852999828, 0.9499999999999999556 ) ) ;
#12376 = EDGE_CURVE ( 'NONE', #4999, #11059, #3887, .T. ) ;
#12377 = ORIENTED_EDGE ( 'NONE', *, *, #10561, .F. ) ;
#12378 = CARTESIAN_POINT ( 'NONE',  ( 14.91999977111800035, 1.270000000000000018, -4.440892098500999885E-16 ) ) ;
#12379 = ORIENTED_EDGE ( 'NONE', *, *, #2521, .T. ) ;
#12380 =( NAMED_UNIT ( * ) SI_UNIT ( $, .STERADIAN. ) SOLID_ANGLE_UNIT ( ) );
#12381 =( GEOMETRIC_REPRESENTATION_CONTEXT ( 3 ) GLOBAL_UNCERTAINTY_ASSIGNED_CONTEXT ( ( #6593 ) ) GLOBAL_UNIT_ASSIGNED_CONTEXT ( ( #9876, #10077, #1303 ) ) REPRESENTATION_CONTEXT ( 'NONE', 'WORKASPACE' ) );
#12382 = DIRECTION ( 'NONE',  ( -1.000000000000000000, 0.0000000000000000000, -0.0000000000000000000 ) ) ;
#12383 = ADVANCED_FACE ( 'NONE', ( #10616 ), #1859, .F. ) ;
#12384 = STYLED_ITEM ( 'NONE', ( #5612 ), #8018 ) ;
#12385 = UNCERTAINTY_MEASURE_WITH_UNIT (LENGTH_MEASURE( 1.000000000000000082E-05 ), #7952, 'distance_accuracy_value', 'NONE');
#12386 = COLOUR_RGB ( '',1.000000000000000000, 1.000000000000000000, 0.4980392156862745168 ) ;
#12387 = LINE ( 'NONE', #9351, #1600 ) ;
#12388 = FACE_OUTER_BOUND ( 'NONE', #6735, .T. ) ;
#12389 = ORIENTED_EDGE ( 'NONE', *, *, #7145, .F. ) ;
#12390 = CARTESIAN_POINT ( 'NONE',  ( -0.3199999999999999512, 3.809999961852999384, 0.9499999999999999556 ) ) ;
#12391 = EDGE_CURVE ( 'NONE', #12334, #1011, #9985, .T. ) ;
#12392 = DIRECTION ( 'NONE',  ( 0.0000000000000000000, 1.618928404167999991E-15, -1.000000000000000000 ) ) ;
#12393 = PRESENTATION_LAYER_ASSIGNMENT (  '', '', ( #4020 ) ) ;
#12394 = FILL_AREA_STYLE ('',( #11392 ) ) ;
#12395 = VERTEX_POINT ( 'NONE', #6317 ) ;
#12396 = COLOUR_RGB ( '',0.09411764705882352811, 0.09411764705882352811, 0.09411764705882352811 ) ;
#12397 = EDGE_CURVE ( 'NONE', #11092, #5969, #1223, .T. ) ;
#12398 = ORIENTED_EDGE ( 'NONE', *, *, #12461, .T. ) ;
#12399 = CARTESIAN_POINT ( 'NONE',  ( 7.299999885559000035, 1.270000000000000018, 1.589999999999999858 ) ) ;
#12400 = MECHANICAL_DESIGN_GEOMETRIC_PRESENTATION_REPRESENTATION (  '', ( #7497 ), #8738 ) ;
#12401 = EDGE_CURVE ( 'NONE', #3230, #6795, #8113, .T. ) ;
#12402 = PRESENTATION_STYLE_ASSIGNMENT (( #12458 ) ) ;
#12403 = SURFACE_STYLE_USAGE ( .BOTH. , #4605 ) ;
#12404 = VERTEX_POINT ( 'NONE', #8960 ) ;
#12405 = SURFACE_STYLE_USAGE ( .BOTH. , #10446 ) ;
#12406 = ADVANCED_FACE ( 'NONE', ( #10101 ), #7146, .T. ) ;
#12407 = CARTESIAN_POINT ( 'NONE',  ( 1.269999961853000015, 1.820000011921000027, 2.214999988079000115 ) ) ;
#12408 = CARTESIAN_POINT ( 'NONE',  ( 11.57999981522599953, 1.520000000000000018, 2.364999994040000164 ) ) ;
#12409 = EDGE_CURVE ( 'NONE', #12324, #10456, #12060, .T. ) ;
#12410 =( GEOMETRIC_REPRESENTATION_CONTEXT ( 3 ) GLOBAL_UNCERTAINTY_ASSIGNED_CONTEXT ( ( #4400 ) ) GLOBAL_UNIT_ASSIGNED_CONTEXT ( ( #11337, #9304, #796 ) ) REPRESENTATION_CONTEXT ( 'NONE', 'WORKASPACE' ) );
#12411 = LINE ( 'NONE', #668, #3175 ) ;
#12412 = EDGE_CURVE ( 'NONE', #5959, #1097, #2302, .T. ) ;
#12413 = PLANE ( 'NONE',  #1356 ) ;
#12414 = FILL_AREA_STYLE_COLOUR ( '', #4430 ) ;
#12415 = CARTESIAN_POINT ( 'NONE',  ( 7.299999885559000035, 0.3200000000000000067, -4.336808689942017736E-16 ) ) ;
#12416 = VERTEX_POINT ( 'NONE', #11939 ) ;
#12417 = DIRECTION ( 'NONE',  ( -0.0000000000000000000, -0.0000000000000000000, 1.000000000000000000 ) ) ;
#12418 = FILL_AREA_STYLE ('',( #8540 ) ) ;
#12419 = VERTEX_POINT ( 'NONE', #3324 ) ;
#12420 = LINE ( 'NONE', #7875, #3492 ) ;
#12421 = FILL_AREA_STYLE_COLOUR ( '', #10362 ) ;
#12422 = FILL_AREA_STYLE ('',( #8546 ) ) ;
#12423 = DIRECTION ( 'NONE',  ( -1.000000000000000000, -0.0000000000000000000, -0.0000000000000000000 ) ) ;
#12424 =( LENGTH_UNIT ( ) NAMED_UNIT ( * ) SI_UNIT ( .MILLI., .METRE. ) );
#12425 = DIRECTION ( 'NONE',  ( 0.0000000000000000000, 0.0000000000000000000, 1.000000000000000000 ) ) ;
#12426 = LINE ( 'NONE', #1653, #2578 ) ;
#12427 = DIRECTION ( 'NONE',  ( 1.000000000000000000, 0.0000000000000000000, 0.0000000000000000000 ) ) ;
#12428 = ORIENTED_EDGE ( 'NONE', *, *, #11429, .T. ) ;
#12429 = CYLINDRICAL_SURFACE ( 'NONE', #1254, 0.9499999999999999556 ) ;
#12430 = EDGE_CURVE ( 'NONE', #6327, #7768, #7198, .T. ) ;
#12431 =( NAMED_UNIT ( * ) SI_UNIT ( $, .STERADIAN. ) SOLID_ANGLE_UNIT ( ) );
#12432 = ORIENTED_EDGE ( 'NONE', *, *, #5589, .T. ) ;
#12433 = PLANE ( 'NONE',  #8102 ) ;
#12434 = MANIFOLD_SOLID_BREP ( 'Imported2', #3170 ) ;
#12435 = VECTOR ( 'NONE', #5271, 1000.000000000000000 ) ;
#12436 = PRESENTATION_STYLE_ASSIGNMENT (( #823 ) ) ;
#12437 = ORIENTED_EDGE ( 'NONE', *, *, #7221, .F. ) ;
#12438 = CARTESIAN_POINT ( 'NONE',  ( 17.45999973297099928, 0.3200000000000000067, -5.313452942893489393E-16 ) ) ;
#12439 =( GEOMETRIC_REPRESENTATION_CONTEXT ( 3 ) GLOBAL_UNCERTAINTY_ASSIGNED_CONTEXT ( ( #7480 ) ) GLOBAL_UNIT_ASSIGNED_CONTEXT ( ( #4238, #7307, #2420 ) ) REPRESENTATION_CONTEXT ( 'NONE', 'WORKASPACE' ) );
#12440 = UNCERTAINTY_MEASURE_WITH_UNIT (LENGTH_MEASURE( 1.000000000000000082E-05 ), #10674, 'distance_accuracy_value', 'NONE');
#12441 = CARTESIAN_POINT ( 'NONE',  ( 11.42999984741250152, 1.520000000000000018, 0.3250000119205004867 ) ) ;
#12442 = ADVANCED_FACE ( 'NONE', ( #524 ), #10995, .T. ) ;
#12443 = AXIS2_PLACEMENT_3D ( 'NONE', #6724, #10620, #11689 ) ;
#12444 = EDGE_LOOP ( 'NONE', ( #11147, #2959, #2865, #10460, #11820 ) ) ;
#12445 = UNCERTAINTY_MEASURE_WITH_UNIT (LENGTH_MEASURE( 1.000000000000000082E-05 ), #6368, 'distance_accuracy_value', 'NONE');
#12446 = CARTESIAN_POINT ( 'NONE',  ( 2.419999964832999950, 9.810000000000000497, 1.389999997019999878 ) ) ;
#12447 = ADVANCED_FACE ( 'NONE', ( #8499 ), #9468, .T. ) ;
#12448 = DIRECTION ( 'NONE',  ( 0.7071067811865474617, 0.7071067811865474617, 0.0000000000000000000 ) ) ;
#12449 = EDGE_CURVE ( 'NONE', #5342, #1018, #697, .T. ) ;
#12450 = ORIENTED_EDGE ( 'NONE', *, *, #6425, .F. ) ;
#12451 = FACE_OUTER_BOUND ( 'NONE', #484, .T. ) ;
#12452 = MECHANICAL_DESIGN_GEOMETRIC_PRESENTATION_REPRESENTATION (  '', ( #9816 ), #8174 ) ;
#12453 = ORIENTED_EDGE ( 'NONE', *, *, #8813, .T. ) ;
#12454 = COLOUR_RGB ( '',1.000000000000000000, 1.000000000000000000, 0.4980392156862745168 ) ;
#12455 = CARTESIAN_POINT ( 'NONE',  ( 6.499999891520002571, 3.809999961853000716, 0.1750000059600015367 ) ) ;
#12456 = UNCERTAINTY_MEASURE_WITH_UNIT (LENGTH_MEASURE( 1.000000000000000082E-05 ), #3137, 'distance_accuracy_value', 'NONE');
#12457 = MECHANICAL_DESIGN_GEOMETRIC_PRESENTATION_REPRESENTATION (  '', ( #2881 ), #3884 ) ;
#12458 = SURFACE_STYLE_USAGE ( .BOTH. , #1868 ) ;
#12459 = FILL_AREA_STYLE_COLOUR ( '', #5098 ) ;
#12460 = MECHANICAL_DESIGN_GEOMETRIC_PRESENTATION_REPRESENTATION (  '', ( #5316 ), #4094 ) ;
#12461 = EDGE_CURVE ( 'NONE', #3431, #2656, #3637, .T. ) ;
#12462 = VERTEX_POINT ( 'NONE', #8557 ) ;
#12463 =( NAMED_UNIT ( * ) PLANE_ANGLE_UNIT ( ) SI_UNIT ( $, .RADIAN. ) );
#12464 = PLANE ( 'NONE',  #1844 ) ;
#12465 = LINE ( 'NONE', #7607, #7115 ) ;
#12466 = FILL_AREA_STYLE_COLOUR ( '', #2483 ) ;
#12467 =( GEOMETRIC_REPRESENTATION_CONTEXT ( 3 ) GLOBAL_UNCERTAINTY_ASSIGNED_CONTEXT ( ( #7331 ) ) GLOBAL_UNIT_ASSIGNED_CONTEXT ( ( #6789, #95, #10687 ) ) REPRESENTATION_CONTEXT ( 'NONE', 'WORKASPACE' ) );
#12468 = DIRECTION ( 'NONE',  ( -1.000000000000000000, 0.0000000000000000000, -0.0000000000000000000 ) ) ;
#12469 = CARTESIAN_POINT ( 'NONE',  ( 7.739999882579000179, 9.810000000000000497, 1.389999997019999878 ) ) ;
#12470 = VERTEX_POINT ( 'NONE', #12438 ) ;
#12471 = MECHANICAL_DESIGN_GEOMETRIC_PRESENTATION_REPRESENTATION (  '', ( #10859 ), #10253 ) ;
#12472 = DIRECTION ( 'NONE',  ( 0.0000000000000000000, -1.000000000000000000, -1.609823385705999920E-15 ) ) ;
#12473 =( GEOMETRIC_REPRESENTATION_CONTEXT ( 3 ) GLOBAL_UNCERTAINTY_ASSIGNED_CONTEXT ( ( #3510 ) ) GLOBAL_UNIT_ASSIGNED_CONTEXT ( ( #5302, #7286, #8445 ) ) REPRESENTATION_CONTEXT ( 'NONE', 'WORKASPACE' ) );
#12474 = ORIENTED_EDGE ( 'NONE', *, *, #10607, .T. ) ;
#12475 =( LENGTH_UNIT ( ) NAMED_UNIT ( * ) SI_UNIT ( .MILLI., .METRE. ) );
#12476 = VECTOR ( 'NONE', #3464, 1000.000000000000000 ) ;
#12477 = EDGE_LOOP ( 'NONE', ( #11417, #1487, #3117, #11386 ) ) ;
#12478 =( LENGTH_UNIT ( ) NAMED_UNIT ( * ) SI_UNIT ( .MILLI., .METRE. ) );
#12479 = ORIENTED_EDGE ( 'NONE', *, *, #5952, .F. ) ;
#12480 = PLANE ( 'NONE',  #11928 ) ;
#12481 = SURFACE_SIDE_STYLE ('',( #2718 ) ) ;
#12482 = DIRECTION ( 'NONE',  ( 0.7071067811865474617, 0.0000000000000000000, -0.7071067811865474617 ) ) ;
#12483 = DIRECTION ( 'NONE',  ( 0.0000000000000000000, 0.0000000000000000000, 1.000000000000000000 ) ) ;
#12484 = VECTOR ( 'NONE', #8221, 1000.000000000000000 ) ;
#12485 = CARTESIAN_POINT ( 'NONE',  ( 18.09999973297100340, 1.820000011921000693, 0.9499999999999992895 ) ) ;
#12486 = CARTESIAN_POINT ( 'NONE',  ( 13.96999977111799929, 1.520000000000000018, 2.515000000000000124 ) ) ;
#12487 = PRESENTATION_STYLE_ASSIGNMENT (( #878 ) ) ;
#12488 = DIRECTION ( 'NONE',  ( 0.0000000000000000000, 0.0000000000000000000, -1.000000000000000000 ) ) ;
#12489 = DIRECTION ( 'NONE',  ( -0.0000000000000000000, 1.510616709811000052E-15, -1.000000000000000000 ) ) ;
#12490 = ORIENTED_EDGE ( 'NONE', *, *, #3457, .F. ) ;
#12491 =( LENGTH_UNIT ( ) NAMED_UNIT ( * ) SI_UNIT ( .MILLI., .METRE. ) );
#12492 = EDGE_CURVE ( 'NONE', #599, #4852, #3691, .T. ) ;
#12493 = SURFACE_STYLE_USAGE ( .BOTH. , #11668 ) ;
#12494 = EDGE_LOOP ( 'NONE', ( #3396, #6127, #12096, #10673, #898, #10599, #10768, #8887 ) ) ;
#12495 = LINE ( 'NONE', #1835, #7485 ) ;
#12496 = ORIENTED_EDGE ( 'NONE', *, *, #7908, .F. ) ;
#12497 = LINE ( 'NONE', #7759, #8708 ) ;
#12498 = ADVANCED_FACE ( 'NONE', ( #1019 ), #4957, .F. ) ;
#12499 = ADVANCED_FACE ( 'NONE', ( #6821 ), #11875, .T. ) ;
#12500 = ORIENTED_EDGE ( 'NONE', *, *, #1480, .T. ) ;
#12501 =( NAMED_UNIT ( * ) SI_UNIT ( $, .STERADIAN. ) SOLID_ANGLE_UNIT ( ) );
#12502 = FILL_AREA_STYLE ('',( #1980 ) ) ;
#12503 = ORIENTED_EDGE ( 'NONE', *, *, #1463, .F. ) ;
#12504 = DIRECTION ( 'NONE',  ( 0.0000000000000000000, 1.618928404167999991E-15, -1.000000000000000000 ) ) ;
#12505 = ORIENTED_EDGE ( 'NONE', *, *, #6176, .F. ) ;
#12506 = FILL_AREA_STYLE_COLOUR ( '', #3708 ) ;
#12507 = FILL_AREA_STYLE ('',( #6534 ) ) ;
#12508 = LINE ( 'NONE', #10617, #394 ) ;
#12509 = STYLED_ITEM ( 'NONE', ( #2255 ), #4524 ) ;
#12510 = DIRECTION ( 'NONE',  ( -0.0000000000000000000, -1.000000000000000000, -1.609823385705999920E-15 ) ) ;
#12511 =( LENGTH_UNIT ( ) NAMED_UNIT ( * ) SI_UNIT ( .MILLI., .METRE. ) );
#12512 = LINE ( 'NONE', #88, #11026 ) ;
#12513 = SURFACE_STYLE_USAGE ( .BOTH. , #2890 ) ;
#12514 = CARTESIAN_POINT ( 'NONE',  ( 3.809999961852999828, 1.520000000000000018, 0.3250000119209999760 ) ) ;
#12515 = MECHANICAL_DESIGN_GEOMETRIC_PRESENTATION_REPRESENTATION (  '', ( #11908 ), #5374 ) ;
#12516 = EDGE_CURVE ( 'NONE', #12395, #673, #4007, .T. ) ;
#12517 = DIRECTION ( 'NONE',  ( -0.5773502691896277295, -0.5773502691896251759, 0.5773502691896245098 ) ) ;
#12518 =( LENGTH_UNIT ( ) NAMED_UNIT ( * ) SI_UNIT ( .MILLI., .METRE. ) );
#12519 = DIRECTION ( 'NONE',  ( 0.0000000000000000000, 0.0000000000000000000, -1.000000000000000000 ) ) ;
#12520 = EDGE_CURVE ( 'NONE', #6797, #3230, #9783, .T. ) ;
#12521 = PLANE ( 'NONE',  #11541 ) ;
#12522 = VECTOR ( 'NONE', #11485, 1000.000000000000000 ) ;
#12523 =( LENGTH_UNIT ( ) NAMED_UNIT ( * ) SI_UNIT ( .MILLI., .METRE. ) );
#12524 = AXIS2_PLACEMENT_3D ( 'NONE', #8433, #12315, #6585 ) ;
#12525 = MECHANICAL_DESIGN_GEOMETRIC_PRESENTATION_REPRESENTATION (  '', ( #8882 ), #1122 ) ;
#12526 = LINE ( 'NONE', #5691, #7032 ) ;
#12527 = ORIENTED_EDGE ( 'NONE', *, *, #8235, .F. ) ;
#12528 = STYLED_ITEM ( 'NONE', ( #2633 ), #6945 ) ;
#12529 = ORIENTED_EDGE ( 'NONE', *, *, #7663, .F. ) ;
#12530 = EDGE_CURVE ( 'NONE', #1896, #2783, #2095, .T. ) ;
#12531 = ORIENTED_EDGE ( 'NONE', *, *, #11273, .F. ) ;
#12532 = ORIENTED_EDGE ( 'NONE', *, *, #2421, .T. ) ;
#12533 = MECHANICAL_DESIGN_GEOMETRIC_PRESENTATION_REPRESENTATION (  '', ( #2142 ), #2565 ) ;
#12534 = PRESENTATION_STYLE_ASSIGNMENT (( #52 ) ) ;
#12535 = STYLED_ITEM ( 'NONE', ( #5579 ), #12184 ) ;
#12536 = DIRECTION ( 'NONE',  ( -1.000000000000000000, 0.0000000000000000000, 0.0000000000000000000 ) ) ;
#12537 = CLOSED_SHELL ( 'NONE', ( #10502, #7036, #4820, #9221, #6570, #4047, #6981, #6875, #11258, #3873, #3404, #9163, #10451, #5846, #5496, #9403, #11395, #1169 ) ) ;
#12538 = AXIS2_PLACEMENT_3D ( 'NONE', #4234, #4295, #10019 ) ;
#12539 = STYLED_ITEM ( 'NONE', ( #2136 ), #9075 ) ;
#12540 = FACE_OUTER_BOUND ( 'NONE', #5957, .T. ) ;
#12541 = MECHANICAL_DESIGN_GEOMETRIC_PRESENTATION_REPRESENTATION (  '', ( #1139 ), #11734 ) ;
#12542 = AXIS2_PLACEMENT_3D ( 'NONE', #8025, #11109, #402 ) ;
#12543 = CARTESIAN_POINT ( 'NONE',  ( 18.09999973297100340, 3.809999961852999828, 0.9499999999999999556 ) ) ;
#12544 = SURFACE_STYLE_FILL_AREA ( #4755 ) ;
#12545 = SURFACE_STYLE_USAGE ( .BOTH. , #815 ) ;
#12546 = FACE_OUTER_BOUND ( 'NONE', #1732, .T. ) ;
#12547 =( NAMED_UNIT ( * ) PLANE_ANGLE_UNIT ( ) SI_UNIT ( $, .RADIAN. ) );
#12548 =( GEOMETRIC_REPRESENTATION_CONTEXT ( 3 ) GLOBAL_UNCERTAINTY_ASSIGNED_CONTEXT ( ( #8056 ) ) GLOBAL_UNIT_ASSIGNED_CONTEXT ( ( #1299, #9116, #10833 ) ) REPRESENTATION_CONTEXT ( 'NONE', 'WORKASPACE' ) );
#12549 = COLOUR_RGB ( '',0.09411764705882352811, 0.09411764705882352811, 0.09411764705882352811 ) ;
#12550 = ORIENTED_EDGE ( 'NONE', *, *, #2262, .F. ) ;
#12551 =( GEOMETRIC_REPRESENTATION_CONTEXT ( 3 ) GLOBAL_UNCERTAINTY_ASSIGNED_CONTEXT ( ( #2819 ) ) GLOBAL_UNIT_ASSIGNED_CONTEXT ( ( #3781, #1878, #740 ) ) REPRESENTATION_CONTEXT ( 'NONE', 'WORKASPACE' ) );
#12552 = SURFACE_SIDE_STYLE ('',( #3630 ) ) ;
#12553 = AXIS2_PLACEMENT_3D ( 'NONE', #4282, #3509, #6003 ) ;
#12554 = ORIENTED_EDGE ( 'NONE', *, *, #6170, .F. ) ;
#12555 = DIRECTION ( 'NONE',  ( 0.0000000000000000000, 0.0000000000000000000, 1.000000000000000000 ) ) ;
#12556 = ORIENTED_EDGE ( 'NONE', *, *, #4335, .T. ) ;
#12557 = CARTESIAN_POINT ( 'NONE',  ( 2.219999961852999970, 3.809999961852999828, 1.590000000000000080 ) ) ;
#12558 = EDGE_CURVE ( 'NONE', #7151, #8379, #8509, .T. ) ;
#12559 = ORIENTED_EDGE ( 'NONE', *, *, #8203, .F. ) ;
#12560 = FILL_AREA_STYLE ('',( #1839 ) ) ;
#12561 = SURFACE_STYLE_FILL_AREA ( #10476 ) ;
#12562 = PLANE ( 'NONE',  #3408 ) ;
#12563 =( GEOMETRIC_REPRESENTATION_CONTEXT ( 3 ) GLOBAL_UNCERTAINTY_ASSIGNED_CONTEXT ( ( #4996 ) ) GLOBAL_UNIT_ASSIGNED_CONTEXT ( ( #3939, #8757, #3879 ) ) REPRESENTATION_CONTEXT ( 'NONE', 'WORKASPACE' ) );
#12564 = VECTOR ( 'NONE', #7619, 1000.000000000000114 ) ;
#12565 = EDGE_CURVE ( 'NONE', #6328, #555, #5035, .T. ) ;
#12566 = STYLED_ITEM ( 'NONE', ( #11766 ), #7796 ) ;
#12567 = UNCERTAINTY_MEASURE_WITH_UNIT (LENGTH_MEASURE( 1.000000000000000082E-05 ), #859, 'distance_accuracy_value', 'NONE');
#12568 = ADVANCED_FACE ( 'NONE', ( #1910 ), #969, .F. ) ;
#12569 = VECTOR ( 'NONE', #8309, 1000.000000000000000 ) ;
#12570 = CARTESIAN_POINT ( 'NONE',  ( 7.939999885558998827, 3.809999961852999828, 1.590000000000000080 ) ) ;
#12571 = ORIENTED_EDGE ( 'NONE', *, *, #2230, .F. ) ;
#12572 = SURFACE_STYLE_FILL_AREA ( #7590 ) ;
#12573 = DIRECTION ( 'NONE',  ( 0.0000000000000000000, 0.0000000000000000000, -1.000000000000000000 ) ) ;
#12574 = UNCERTAINTY_MEASURE_WITH_UNIT (LENGTH_MEASURE( 1.000000000000000082E-05 ), #1000, 'distance_accuracy_value', 'NONE');
#12575 = SURFACE_SIDE_STYLE ('',( #2879 ) ) ;
#12576 = VERTEX_POINT ( 'NONE', #7262 ) ;
#12577 =( NAMED_UNIT ( * ) PLANE_ANGLE_UNIT ( ) SI_UNIT ( $, .RADIAN. ) );
#12578 = PRESENTATION_LAYER_ASSIGNMENT (  '', '', ( #5434 ) ) ;
#12579 = FACE_BOUND ( 'NONE', #9022, .T. ) ;
#12580 = ORIENTED_EDGE ( 'NONE', *, *, #9940, .T. ) ;
#12581 = VECTOR ( 'NONE', #3491, 1000.000000000000000 ) ;
#12582 = EDGE_CURVE ( 'NONE', #1018, #9603, #4193, .T. ) ;
#12583 = LINE ( 'NONE', #8627, #5618 ) ;
#12584 = COLOUR_RGB ( '',1.000000000000000000, 1.000000000000000000, 0.4980392156862745168 ) ;
#12585 = PLANE ( 'NONE',  #4728 ) ;
#12586 = FACE_OUTER_BOUND ( 'NONE', #12373, .T. ) ;
#12587 =( NAMED_UNIT ( * ) SI_UNIT ( $, .STERADIAN. ) SOLID_ANGLE_UNIT ( ) );
#12588 = COLOUR_RGB ( '',0.09411764705882352811, 0.09411764705882352811, 0.09411764705882352811 ) ;
#12589 =( NAMED_UNIT ( * ) PLANE_ANGLE_UNIT ( ) SI_UNIT ( $, .RADIAN. ) );
#12590 = FILL_AREA_STYLE ('',( #5740 ) ) ;
#12591 =( GEOMETRIC_REPRESENTATION_CONTEXT ( 3 ) GLOBAL_UNCERTAINTY_ASSIGNED_CONTEXT ( ( #8503 ) ) GLOBAL_UNIT_ASSIGNED_CONTEXT ( ( #10505, #8345, #3478 ) ) REPRESENTATION_CONTEXT ( 'NONE', 'WORKASPACE' ) );
#12592 =( LENGTH_UNIT ( ) NAMED_UNIT ( * ) SI_UNIT ( .MILLI., .METRE. ) );
#12593 = CARTESIAN_POINT ( 'NONE',  ( 13.81999980330500044, 1.520000000000000018, 0.1750000059600000102 ) ) ;
#12594 = ORIENTED_EDGE ( 'NONE', *, *, #8022, .T. ) ;
#12595 = DIRECTION ( 'NONE',  ( 0.7071067811865474617, 0.0000000000000000000, 0.7071067811865474617 ) ) ;
#12596 = FILL_AREA_STYLE ('',( #8715 ) ) ;
#12597 = VECTOR ( 'NONE', #11441, 1000.000000000000114 ) ;
#12598 = LINE ( 'NONE', #3959, #655 ) ;
#12599 = SURFACE_STYLE_FILL_AREA ( #7788 ) ;
#12600 = DIRECTION ( 'NONE',  ( -0.7071067811865474617, 0.0000000000000000000, -0.7071067811865474617 ) ) ;
#12601 = EDGE_CURVE ( 'NONE', #2491, #2087, #329, .T. ) ;
#12602 = DIRECTION ( 'NONE',  ( 0.0000000000000000000, 1.000000000000000000, 1.609823385705999920E-15 ) ) ;
#12603 = CARTESIAN_POINT ( 'NONE',  ( 5.199999920726000369, 9.810000000000000497, 1.150000002979999936 ) ) ;
#12604 = ORIENTED_EDGE ( 'NONE', *, *, #9586, .F. ) ;
#12605 = CARTESIAN_POINT ( 'NONE',  ( 14.91999977111800035, -0.3200000000000000067, -3.000000000000000000 ) ) ;
#12606 = VERTEX_POINT ( 'NONE', #2292 ) ;
#12607 = ADVANCED_FACE ( 'NONE', ( #8021 ), #11997, .F. ) ;
#12608 = ORIENTED_EDGE ( 'NONE', *, *, #11894, .T. ) ;
#12609 = EDGE_CURVE ( 'NONE', #7541, #3152, #9204, .T. ) ;
#12610 = FACE_OUTER_BOUND ( 'NONE', #2161, .T. ) ;
#12611 = PRESENTATION_STYLE_ASSIGNMENT (( #10887 ) ) ;
#12612 = VECTOR ( 'NONE', #6801, 1000.000000000000000 ) ;
#12613 = NEXT_ASSEMBLY_USAGE_OCCURRENCE ( 'NAUO1', ' ', ' ', #10557, #6942, $ ) ;
#12614 = NEXT_ASSEMBLY_USAGE_OCCURRENCE ( 'NAUO2', ' ', ' ', #10557, #2966, $ ) ;
ENDSEC;
END-ISO-10303-21;
