ISO-10303-21;
HEADER;
FILE_DESCRIPTION (( 'STEP AP214' ),
    '1' );
FILE_NAME ('User Library-Header_Male_2Pin.STEP',
    '2026-02-04T06:37:18',
    ( '' ),
    ( '' ),
    'SwSTEP 2.0',
    'SolidWorks 2022',
    '' );
FILE_SCHEMA (( 'AUTOMOTIVE_DESIGN' ));
ENDSEC;

DATA;
#1 = FILL_AREA_STYLE_COLOUR ( '', #1746 ) ;
#2 = DIRECTION ( 'NONE',  ( -0.7071067811865474617, -0.7071067811865474617, 0.0000000000000000000 ) ) ;
#3 =( NAMED_UNIT ( * ) SI_UNIT ( $, .STERADIAN. ) SOLID_ANGLE_UNIT ( ) );
#4 = FILL_AREA_STYLE ('',( #1523 ) ) ;
#5 = EDGE_CURVE ( 'NONE', #2791, #1657, #1545, .T. ) ;
#6 = CARTESIAN_POINT ( 'NONE',  ( -0.9699999880792499196, -1.245000000000250351, 2.289999961853000698 ) ) ;
#7 =( LENGTH_UNIT ( ) NAMED_UNIT ( * ) SI_UNIT ( .MILLI., .METRE. ) );
#8 = DIRECTION ( 'NONE',  ( 1.000000000000000000, 0.0000000000000000000, -0.0000000000000000000 ) ) ;
#9 = CARTESIAN_POINT ( 'NONE',  ( 1.569999973773750224, -1.245000000000250351, 2.289999961853000698 ) ) ;
#10 =( GEOMETRIC_REPRESENTATION_CONTEXT ( 3 ) GLOBAL_UNCERTAINTY_ASSIGNED_CONTEXT ( ( #2572 ) ) GLOBAL_UNIT_ASSIGNED_CONTEXT ( ( #2450, #2837, #1081 ) ) REPRESENTATION_CONTEXT ( 'NONE', 'WORKASPACE' ) );
#11 = VECTOR ( 'NONE', #1233, 1000.000000000000000 ) ;
#12 = SURFACE_STYLE_USAGE ( .BOTH. , #205 ) ;
#13 = FACE_OUTER_BOUND ( 'NONE', #2808, .T. ) ;
#14 = SURFACE_STYLE_FILL_AREA ( #2596 ) ;
#15 = VECTOR ( 'NONE', #1187, 1000.000000000000000 ) ;
#16 = MECHANICAL_DESIGN_GEOMETRIC_PRESENTATION_REPRESENTATION (  '', ( #1116 ), #1896 ) ;
#17 = PRESENTATION_STYLE_ASSIGNMENT (( #2267 ) ) ;
#18 = ORIENTED_EDGE ( 'NONE', *, *, #1386, .F. ) ;
#19 = LINE ( 'NONE', #1740, #1425 ) ;
#20 = DIRECTION ( 'NONE',  ( -0.0000000000000000000, -1.000000000000000000, 0.0000000000000000000 ) ) ;
#21 = FACE_OUTER_BOUND ( 'NONE', #644, .T. ) ;
#22 = EDGE_CURVE ( 'NONE', #2741, #529, #2033, .T. ) ;
#23 = PLANE ( 'NONE',  #1298 ) ;
#24 = VECTOR ( 'NONE', #230, 1000.000000000000114 ) ;
#25 = SURFACE_STYLE_FILL_AREA ( #2224 ) ;
#26 = VECTOR ( 'NONE', #931, 1000.000000000000000 ) ;
#27 = ORIENTED_EDGE ( 'NONE', *, *, #1763, .F. ) ;
#28 = CARTESIAN_POINT ( 'NONE',  ( -0.3199999999999999512, 0.3200000000000001732, -2.799999997020000020 ) ) ;
#29 = EDGE_CURVE ( 'NONE', #2698, #1939, #1321, .T. ) ;
#30 = UNCERTAINTY_MEASURE_WITH_UNIT (LENGTH_MEASURE( 1.000000000000000082E-05 ), #1102, 'distance_accuracy_value', 'NONE');
#31 = DIRECTION ( 'NONE',  ( -0.0000000000000000000, 1.000000000000000000, 0.0000000000000000000 ) ) ;
#32 =( LENGTH_UNIT ( ) NAMED_UNIT ( * ) SI_UNIT ( .MILLI., .METRE. ) );
#33 = COLOUR_RGB ( '',1.000000000000000000, 1.000000000000000000, 0.4980392156862745168 ) ;
#34 = VECTOR ( 'NONE', #902, 1000.000000000000000 ) ;
#35 = DIRECTION ( 'NONE',  ( 0.0000000000000000000, -0.0000000000000000000, -1.000000000000000000 ) ) ;
#36 = FILL_AREA_STYLE_COLOUR ( '', #760 ) ;
#37 = EDGE_CURVE ( 'NONE', #2383, #488, #1352, .T. ) ;
#38 = PRESENTATION_STYLE_ASSIGNMENT (( #73 ) ) ;
#39 = LINE ( 'NONE', #2435, #1129 ) ;
#40 = ADVANCED_FACE ( 'NONE', ( #1790 ), #1968, .T. ) ;
#41 = EDGE_CURVE ( 'NONE', #1453, #857, #2432, .T. ) ;
#42 = DIRECTION ( 'NONE',  ( -1.000000000000000000, -0.0000000000000000000, 0.0000000000000000000 ) ) ;
#43 = ORIENTED_EDGE ( 'NONE', *, *, #421, .T. ) ;
#44 = DIRECTION ( 'NONE',  ( -1.000000000000000000, -0.0000000000000000000, 0.0000000000000000000 ) ) ;
#45 = ADVANCED_BREP_SHAPE_REPRESENTATION ( '', ( #1503, #598, #1546 ), #399 ) ;
#46 = SURFACE_SIDE_STYLE ('',( #275 ) ) ;
#47 = ORIENTED_EDGE ( 'NONE', *, *, #2075, .T. ) ;
#48 = LINE ( 'NONE', #714, #424 ) ;
#49 = CARTESIAN_POINT ( 'NONE',  ( 1.269999961853000015, -0.9449999880790000972, 0.0000000000000000000 ) ) ;
#50 = PLANE ( 'NONE',  #2307 ) ;
#51 = EDGE_LOOP ( 'NONE', ( #2269, #1383, #1042, #2732 ) ) ;
#52 = SURFACE_STYLE_USAGE ( .BOTH. , #554 ) ;
#53 = SURFACE_SIDE_STYLE ('',( #1405 ) ) ;
#54 = PRESENTATION_STYLE_ASSIGNMENT (( #2035 ) ) ;
#55 = PRODUCT_CONTEXT ( 'NONE', #2764, 'mechanical' ) ;
#56 = COLOUR_RGB ( '',1.000000000000000000, 1.000000000000000000, 0.4980392156862745168 ) ;
#57 = ORIENTED_EDGE ( 'NONE', *, *, #253, .T. ) ;
#58 = COLOUR_RGB ( '',0.09411764705882352811, 0.09411764705882352811, 0.09411764705882352811 ) ;
#59 = FILL_AREA_STYLE ('',( #1382 ) ) ;
#60 = ORIENTED_EDGE ( 'NONE', *, *, #837, .F. ) ;
#61 = ADVANCED_FACE ( 'NONE', ( #897 ), #1600, .T. ) ;
#62 = FACE_OUTER_BOUND ( 'NONE', #1928, .T. ) ;
#63 = VECTOR ( 'NONE', #42, 1000.000000000000000 ) ;
#64 = LINE ( 'NONE', #2042, #1053 ) ;
#65 = COLOUR_RGB ( '',0.09411764705882352811, 0.09411764705882352811, 0.09411764705882352811 ) ;
#66 = STYLED_ITEM ( 'NONE', ( #2538 ), #525 ) ;
#67 = LINE ( 'NONE', #1359, #2209 ) ;
#68 = CARTESIAN_POINT ( 'NONE',  ( 2.319999963343000182, -0.3200000000000000067, -2.899999998509999788 ) ) ;
#69 = SURFACE_SIDE_STYLE ('',( #969 ) ) ;
#70 = ORIENTED_EDGE ( 'NONE', *, *, #1295, .T. ) ;
#71 = CARTESIAN_POINT ( 'NONE',  ( 2.219999961852999526, -0.3200000000000002842, 8.339999958872999386 ) ) ;
#72 =( GEOMETRIC_REPRESENTATION_CONTEXT ( 3 ) GLOBAL_UNCERTAINTY_ASSIGNED_CONTEXT ( ( #251 ) ) GLOBAL_UNIT_ASSIGNED_CONTEXT ( ( #1144, #953, #1598 ) ) REPRESENTATION_CONTEXT ( 'NONE', 'WORKASPACE' ) );
#73 = SURFACE_STYLE_USAGE ( .BOTH. , #53 ) ;
#74 = SURFACE_STYLE_FILL_AREA ( #1602 ) ;
#75 = SHAPE_DEFINITION_REPRESENTATION ( #2815, #2394 ) ;
#76 = VECTOR ( 'NONE', #181, 1000.000000000000000 ) ;
#77 = ORIENTED_EDGE ( 'NONE', *, *, #1475, .F. ) ;
#78 =( NAMED_UNIT ( * ) SI_UNIT ( $, .STERADIAN. ) SOLID_ANGLE_UNIT ( ) );
#79 = PRESENTATION_STYLE_ASSIGNMENT (( #272 ) ) ;
#80 = STYLED_ITEM ( 'NONE', ( #206 ), #1876 ) ;
#81 = EDGE_LOOP ( 'NONE', ( #1012, #2795, #279, #303 ) ) ;
#82 = EDGE_CURVE ( 'NONE', #2712, #347, #2325, .T. ) ;
#83 =( LENGTH_UNIT ( ) NAMED_UNIT ( * ) SI_UNIT ( .MILLI., .METRE. ) );
#84 = CARTESIAN_POINT ( 'NONE',  ( 2.659999958873000114, 0.1199999970199999294, -3.000000000000000000 ) ) ;
#85 = LINE ( 'NONE', #1131, #2004 ) ;
#86 =( GEOMETRIC_REPRESENTATION_CONTEXT ( 3 ) GLOBAL_UNCERTAINTY_ASSIGNED_CONTEXT ( ( #901 ) ) GLOBAL_UNIT_ASSIGNED_CONTEXT ( ( #1719, #193, #1512 ) ) REPRESENTATION_CONTEXT ( 'NONE', 'WORKASPACE' ) );
#87 = ORIENTED_EDGE ( 'NONE', *, *, #1350, .F. ) ;
#88 =( LENGTH_UNIT ( ) NAMED_UNIT ( * ) SI_UNIT ( .MILLI., .METRE. ) );
#89 = PRESENTATION_STYLE_ASSIGNMENT (( #2709 ) ) ;
#90 = ORIENTED_EDGE ( 'NONE', *, *, #2535, .F. ) ;
#91 = ORIENTED_EDGE ( 'NONE', *, *, #1561, .T. ) ;
#92 = UNCERTAINTY_MEASURE_WITH_UNIT (LENGTH_MEASURE( 1.000000000000000082E-05 ), #2747, 'distance_accuracy_value', 'NONE');
#93 = LINE ( 'NONE', #715, #1225 ) ;
#94 = CARTESIAN_POINT ( 'NONE',  ( 2.859999961853000094, -0.3200000000000000067, 2.289999961853000254 ) ) ;
#95 = EDGE_CURVE ( 'NONE', #788, #2115, #506, .T. ) ;
#96 = LINE ( 'NONE', #2731, #2700 ) ;
#97 = VERTEX_POINT ( 'NONE', #328 ) ;
#98 = PRESENTATION_STYLE_ASSIGNMENT (( #52 ) ) ;
#99 = FILL_AREA_STYLE ('',( #705 ) ) ;
#100 = SURFACE_STYLE_USAGE ( .BOTH. , #1148 ) ;
#101 = ORIENTED_EDGE ( 'NONE', *, *, #1493, .T. ) ;
#102 = SURFACE_SIDE_STYLE ('',( #2696 ) ) ;
#103 = ORIENTED_EDGE ( 'NONE', *, *, #308, .T. ) ;
#104 = COLOUR_RGB ( '',1.000000000000000000, 1.000000000000000000, 0.4980392156862745168 ) ;
#105 = PRESENTATION_LAYER_ASSIGNMENT (  '', '', ( #983 ) ) ;
#106 = ORIENTED_EDGE ( 'NONE', *, *, #1349, .T. ) ;
#107 =( NAMED_UNIT ( * ) SI_UNIT ( $, .STERADIAN. ) SOLID_ANGLE_UNIT ( ) );
#108 = LINE ( 'NONE', #1427, #221 ) ;
#109 = STYLED_ITEM ( 'NONE', ( #2631 ), #622 ) ;
#110 = SURFACE_SIDE_STYLE ('',( #2089 ) ) ;
#111 = DIRECTION ( 'NONE',  ( 1.000000000000000000, 0.0000000000000000000, 0.0000000000000000000 ) ) ;
#112 = EDGE_LOOP ( 'NONE', ( #2292, #1044, #183, #410 ) ) ;
#113 = ADVANCED_FACE ( 'NONE', ( #720 ), #995, .F. ) ;
#114 = PRESENTATION_STYLE_ASSIGNMENT (( #1363 ) ) ;
#115 = DIRECTION ( 'NONE',  ( -0.0000000000000000000, 1.000000000000000000, 0.0000000000000000000 ) ) ;
#116 = COLOUR_RGB ( '',0.09411764705882352811, 0.09411764705882352811, 0.09411764705882352811 ) ;
#117 = VERTEX_POINT ( 'NONE', #1161 ) ;
#118 = FILL_AREA_STYLE ('',( #1854 ) ) ;
#119 = VERTEX_POINT ( 'NONE', #71 ) ;
#120 = CARTESIAN_POINT ( 'NONE',  ( -1.270000000000000018, 1.245000000000000329, 2.289999961853000254 ) ) ;
#121 = STYLED_ITEM ( 'NONE', ( #681 ), #1722 ) ;
#122 = EDGE_CURVE ( 'NONE', #693, #1837, #1391, .T. ) ;
#123 = VERTEX_POINT ( 'NONE', #313 ) ;
#124 =( GEOMETRIC_REPRESENTATION_CONTEXT ( 3 ) GLOBAL_UNCERTAINTY_ASSIGNED_CONTEXT ( ( #2437 ) ) GLOBAL_UNIT_ASSIGNED_CONTEXT ( ( #2494, #1614, #2294 ) ) REPRESENTATION_CONTEXT ( 'NONE', 'WORKASPACE' ) );
#125 = DIRECTION ( 'NONE',  ( 0.0000000000000000000, 0.0000000000000000000, -1.000000000000000000 ) ) ;
#126 = CARTESIAN_POINT ( 'NONE',  ( 2.219999961852999526, -0.3200000000000000067, 8.339999958873001162 ) ) ;
#127 = CARTESIAN_POINT ( 'NONE',  ( 3.659999955892999868, 1.094999994039999924, 0.0000000000000000000 ) ) ;
#128 = PLANE ( 'NONE',  #2702 ) ;
#129 = FILL_AREA_STYLE ('',( #2750 ) ) ;
#130 = CARTESIAN_POINT ( 'NONE',  ( -0.3200000000000000067, -0.3200000000000000067, 2.289999961853000254 ) ) ;
#131 = AXIS2_PLACEMENT_3D ( 'NONE', #1675, #548, #2575 ) ;
#132 =( NAMED_UNIT ( * ) SI_UNIT ( $, .STERADIAN. ) SOLID_ANGLE_UNIT ( ) );
#133 = EDGE_LOOP ( 'NONE', ( #1799, #261, #1743, #482 ) ) ;
#134 = CARTESIAN_POINT ( 'NONE',  ( -0.3200000000000000067, -0.3200000000000000067, -3.000000000000000000 ) ) ;
#135 = ORIENTED_EDGE ( 'NONE', *, *, #225, .T. ) ;
#136 = EDGE_CURVE ( 'NONE', #933, #576, #540, .T. ) ;
#137 = ORIENTED_EDGE ( 'NONE', *, *, #1684, .T. ) ;
#138 = DIRECTION ( 'NONE',  ( 1.000000000000000000, 0.0000000000000000000, 0.0000000000000000000 ) ) ;
#139 = CARTESIAN_POINT ( 'NONE',  ( 2.859999961853000094, -0.9449999880789999862, 0.3000000119210000094 ) ) ;
#140 = DIRECTION ( 'NONE',  ( -0.0000000000000000000, -0.0000000000000000000, 1.000000000000000000 ) ) ;
#141 =( LENGTH_UNIT ( ) NAMED_UNIT ( * ) SI_UNIT ( .MILLI., .METRE. ) );
#142 = ORIENTED_EDGE ( 'NONE', *, *, #979, .T. ) ;
#143 = SURFACE_STYLE_FILL_AREA ( #1070 ) ;
#144 = ORIENTED_EDGE ( 'NONE', *, *, #2430, .T. ) ;
#145 = SURFACE_SIDE_STYLE ('',( #1238 ) ) ;
#146 = ORIENTED_EDGE ( 'NONE', *, *, #2685, .F. ) ;
#147 = ADVANCED_FACE ( 'NONE', ( #2080 ), #1866, .F. ) ;
#148 =( NAMED_UNIT ( * ) PLANE_ANGLE_UNIT ( ) SI_UNIT ( $, .RADIAN. ) );
#149 = AXIS2_PLACEMENT_3D ( 'NONE', #2232, #1785, #1766 ) ;
#150 = COLOUR_RGB ( '',1.000000000000000000, 1.000000000000000000, 0.4980392156862745168 ) ;
#151 = VECTOR ( 'NONE', #1470, 1000.000000000000114 ) ;
#152 = VECTOR ( 'NONE', #2242, 1000.000000000000000 ) ;
#153 = LINE ( 'NONE', #1690, #1166 ) ;
#154 = DIRECTION ( 'NONE',  ( -0.0000000000000000000, 1.000000000000000000, 0.0000000000000000000 ) ) ;
#155 = DIRECTION ( 'NONE',  ( -0.0000000000000000000, 1.000000000000000000, 0.0000000000000000000 ) ) ;
#156 = VECTOR ( 'NONE', #497, 1000.000000000000000 ) ;
#157 = PRESENTATION_LAYER_ASSIGNMENT (  '', '', ( #704 ) ) ;
#158 = SURFACE_STYLE_FILL_AREA ( #851 ) ;
#159 = PRESENTATION_STYLE_ASSIGNMENT (( #2789 ) ) ;
#160 = DIRECTION ( 'NONE',  ( 0.0000000000000000000, 0.0000000000000000000, -1.000000000000000000 ) ) ;
#161 = ORIENTED_EDGE ( 'NONE', *, *, #1634, .T. ) ;
#162 = SURFACE_SIDE_STYLE ('',( #1456 ) ) ;
#163 = ORIENTED_EDGE ( 'NONE', *, *, #894, .F. ) ;
#164 = CARTESIAN_POINT ( 'NONE',  ( 1.269999961853000015, -0.9449999880789999862, 0.3000000119210000094 ) ) ;
#165 = EDGE_CURVE ( 'NONE', #2567, #2534, #2801, .T. ) ;
#166 = COLOUR_RGB ( '',0.09411764705882352811, 0.09411764705882352811, 0.09411764705882352811 ) ;
#167 = LINE ( 'NONE', #1923, #2047 ) ;
#168 = DIRECTION ( 'NONE',  ( -0.7071067811865474617, 0.7071067811865474617, 0.0000000000000000000 ) ) ;
#169 = COLOUR_RGB ( '',1.000000000000000000, 1.000000000000000000, 0.4980392156862745168 ) ;
#170 = FACE_OUTER_BOUND ( 'NONE', #112, .T. ) ;
#171 = EDGE_CURVE ( 'NONE', #1587, #2496, #804, .T. ) ;
#172 = EDGE_CURVE ( 'NONE', #347, #2593, #1693, .T. ) ;
#173 =( GEOMETRIC_REPRESENTATION_CONTEXT ( 3 ) GLOBAL_UNCERTAINTY_ASSIGNED_CONTEXT ( ( #236 ) ) GLOBAL_UNIT_ASSIGNED_CONTEXT ( ( #2323, #2490, #1360 ) ) REPRESENTATION_CONTEXT ( 'NONE', 'WORKASPACE' ) );
#174 =( NAMED_UNIT ( * ) SI_UNIT ( $, .STERADIAN. ) SOLID_ANGLE_UNIT ( ) );
#175 = LINE ( 'NONE', #1926, #655 ) ;
#176 = FACE_OUTER_BOUND ( 'NONE', #318, .T. ) ;
#177 = COLOUR_RGB ( '',1.000000000000000000, 1.000000000000000000, 0.4980392156862745168 ) ;
#178 = EDGE_LOOP ( 'NONE', ( #2367, #614, #91, #1636 ) ) ;
#179 = PRESENTATION_LAYER_ASSIGNMENT (  '', '', ( #2617 ) ) ;
#180 = FACE_OUTER_BOUND ( 'NONE', #51, .T. ) ;
#181 = DIRECTION ( 'NONE',  ( 0.0000000000000000000, 0.0000000000000000000, 1.000000000000000000 ) ) ;
#182 = PRODUCT_DEFINITION_FORMATION_WITH_SPECIFIED_SOURCE ( 'ANY', '', #1329, .NOT_KNOWN. ) ;
#183 = ORIENTED_EDGE ( 'NONE', *, *, #599, .F. ) ;
#184 = CARTESIAN_POINT ( 'NONE',  ( -0.3199999999999999512, 0.3199999999999999512, 2.289999961853000254 ) ) ;
#185 = DIRECTION ( 'NONE',  ( 0.0000000000000000000, -0.0000000000000000000, -1.000000000000000000 ) ) ;
#186 = SURFACE_STYLE_FILL_AREA ( #603 ) ;
#187 = DIRECTION ( 'NONE',  ( 1.000000000000000000, 0.0000000000000000000, -0.0000000000000000000 ) ) ;
#188 = ADVANCED_FACE ( 'NONE', ( #368 ), #1067, .T. ) ;
#189 = SURFACE_STYLE_FILL_AREA ( #2778 ) ;
#190 = ORIENTED_EDGE ( 'NONE', *, *, #2166, .T. ) ;
#191 = LINE ( 'NONE', #627, #1922 ) ;
#192 = PRESENTATION_STYLE_ASSIGNMENT (( #1700 ) ) ;
#193 =( NAMED_UNIT ( * ) PLANE_ANGLE_UNIT ( ) SI_UNIT ( $, .RADIAN. ) );
#194 = ORIENTED_EDGE ( 'NONE', *, *, #1908, .T. ) ;
#195 = DIRECTION ( 'NONE',  ( 0.0000000000000000000, 0.0000000000000000000, 1.000000000000000000 ) ) ;
#196 = DIRECTION ( 'NONE',  ( -0.0000000000000000000, -0.0000000000000000000, -1.000000000000000000 ) ) ;
#197 = VECTOR ( 'NONE', #391, 1000.000000000000000 ) ;
#198 = PRESENTATION_LAYER_ASSIGNMENT (  '', '', ( #2506 ) ) ;
#199 = AXIS2_PLACEMENT_3D ( 'NONE', #2574, #1227, #2357 ) ;
#200 = ORIENTED_EDGE ( 'NONE', *, *, #674, .F. ) ;
#201 = PRESENTATION_LAYER_ASSIGNMENT (  '', '', ( #2819 ) ) ;
#202 = SURFACE_STYLE_FILL_AREA ( #451 ) ;
#203 = EDGE_CURVE ( 'NONE', #2582, #2084, #1268, .T. ) ;
#204 = VECTOR ( 'NONE', #2577, 1000.000000000000000 ) ;
#205 = SURFACE_SIDE_STYLE ('',( #690 ) ) ;
#206 = PRESENTATION_STYLE_ASSIGNMENT (( #2003 ) ) ;
#207 = ORIENTED_EDGE ( 'NONE', *, *, #2805, .F. ) ;
#208 =( NAMED_UNIT ( * ) PLANE_ANGLE_UNIT ( ) SI_UNIT ( $, .RADIAN. ) );
#209 = PRESENTATION_STYLE_ASSIGNMENT (( #1505 ) ) ;
#210 = EDGE_LOOP ( 'NONE', ( #559, #1494, #2185, #2338 ) ) ;
#211 = PRESENTATION_STYLE_ASSIGNMENT (( #1739 ) ) ;
#212 = FILL_AREA_STYLE ('',( #2197 ) ) ;
#213 = DIRECTION ( 'NONE',  ( -0.0000000000000000000, -1.000000000000000000, 0.0000000000000000000 ) ) ;
#214 = VECTOR ( 'NONE', #2453, 999.9999999999998863 ) ;
#215 = COLOUR_RGB ( '',0.09411764705882352811, 0.09411764705882352811, 0.09411764705882352811 ) ;
#216 = CARTESIAN_POINT ( 'NONE',  ( -1.119999994040000058, -1.094999994039999924, 0.0000000000000000000 ) ) ;
#217 = COLOUR_RGB ( '',0.09411764705882352811, 0.09411764705882352811, 0.09411764705882352811 ) ;
#218 = CARTESIAN_POINT ( 'NONE',  ( 1.419999967812999975, 1.094999994039999924, 2.289999961853000698 ) ) ;
#219 = DIRECTION ( 'NONE',  ( -1.000000000000000000, 0.0000000000000000000, -0.0000000000000000000 ) ) ;
#220 = LINE ( 'NONE', #1095, #2724 ) ;
#221 = VECTOR ( 'NONE', #1446, 1000.000000000000000 ) ;
#222 =( LENGTH_UNIT ( ) NAMED_UNIT ( * ) SI_UNIT ( .MILLI., .METRE. ) );
#223 = MECHANICAL_DESIGN_GEOMETRIC_PRESENTATION_REPRESENTATION (  '', ( #2017 ), #1824 ) ;
#224 = CARTESIAN_POINT ( 'NONE',  ( -1.270000000000000018, 1.245000000000000329, 0.0000000000000000000 ) ) ;
#225 = EDGE_CURVE ( 'NONE', #401, #1488, #1010, .T. ) ;
#226 = MECHANICAL_DESIGN_GEOMETRIC_PRESENTATION_REPRESENTATION (  '', ( #966 ), #1139 ) ;
#227 = DIRECTION ( 'NONE',  ( -0.7071067811865474617, -0.7071067811865474617, -0.0000000000000000000 ) ) ;
#228 = FACE_OUTER_BOUND ( 'NONE', #2272, .T. ) ;
#229 = UNCERTAINTY_MEASURE_WITH_UNIT (LENGTH_MEASURE( 1.000000000000000082E-05 ), #83, 'distance_accuracy_value', 'NONE');
#230 = DIRECTION ( 'NONE',  ( -0.7071067811865474617, 0.7071067811865474617, 0.0000000000000000000 ) ) ;
#231 = DIRECTION ( 'NONE',  ( -0.0000000000000000000, 1.000000000000000000, 0.0000000000000000000 ) ) ;
#232 = DIRECTION ( 'NONE',  ( 0.0000000000000000000, 0.0000000000000000000, 1.000000000000000000 ) ) ;
#233 = DIRECTION ( 'NONE',  ( 0.0000000000000000000, 1.000000000000000000, -0.0000000000000000000 ) ) ;
#234 = FACE_OUTER_BOUND ( 'NONE', #1667, .T. ) ;
#235 =( NAMED_UNIT ( * ) PLANE_ANGLE_UNIT ( ) SI_UNIT ( $, .RADIAN. ) );
#236 = UNCERTAINTY_MEASURE_WITH_UNIT (LENGTH_MEASURE( 1.000000000000000082E-05 ), #2323, 'distance_accuracy_value', 'NONE');
#237 =( LENGTH_UNIT ( ) NAMED_UNIT ( * ) SI_UNIT ( .MILLI., .METRE. ) );
#238 = FILL_AREA_STYLE ('',( #2642 ) ) ;
#239 = EDGE_CURVE ( 'NONE', #2032, #288, #2761, .T. ) ;
#240 = EDGE_LOOP ( 'NONE', ( #2766, #2492, #853, #474 ) ) ;
#241 =( NAMED_UNIT ( * ) PLANE_ANGLE_UNIT ( ) SI_UNIT ( $, .RADIAN. ) );
#242 = CARTESIAN_POINT ( 'NONE',  ( 2.319999963343000182, -0.3200000000000000067, 8.439999960363001819 ) ) ;
#243 = VECTOR ( 'NONE', #227, 1000.000000000000114 ) ;
#244 = COLOUR_RGB ( '',0.09411764705882352811, 0.09411764705882352811, 0.09411764705882352811 ) ;
#245 = CARTESIAN_POINT ( 'NONE',  ( 3.809999961853124617, -0.9449999880791251083, 0.0000000000000000000 ) ) ;
#246 = VECTOR ( 'NONE', #875, 1000.000000000000114 ) ;
#247 = AXIS2_PLACEMENT_3D ( 'NONE', #382, #1254, #2147 ) ;
#248 = SURFACE_STYLE_FILL_AREA ( #1562 ) ;
#249 = FILL_AREA_STYLE_COLOUR ( '', #2594 ) ;
#250 = EDGE_CURVE ( 'NONE', #2145, #522, #1432, .T. ) ;
#251 = UNCERTAINTY_MEASURE_WITH_UNIT (LENGTH_MEASURE( 1.000000000000000082E-05 ), #1144, 'distance_accuracy_value', 'NONE');
#252 = CARTESIAN_POINT ( 'NONE',  ( -0.1199999970199999294, 0.1199999970200000265, 8.539999961853000698 ) ) ;
#253 = EDGE_CURVE ( 'NONE', #97, #332, #865, .T. ) ;
#254 = SURFACE_STYLE_USAGE ( .BOTH. , #1334 ) ;
#255 =( GEOMETRIC_REPRESENTATION_CONTEXT ( 3 ) GLOBAL_UNCERTAINTY_ASSIGNED_CONTEXT ( ( #2677 ) ) GLOBAL_UNIT_ASSIGNED_CONTEXT ( ( #1043, #1260, #629 ) ) REPRESENTATION_CONTEXT ( 'NONE', 'WORKASPACE' ) );
#256 = CARTESIAN_POINT ( 'NONE',  ( 2.659999958872999670, -0.1199999970200002208, 8.539999961853000698 ) ) ;
#257 = DIRECTION ( 'NONE',  ( 0.5773502691896257311, 0.5773502691896258421, 0.5773502691896257311 ) ) ;
#258 = COLOUR_RGB ( '',1.000000000000000000, 1.000000000000000000, 0.4980392156862745168 ) ;
#259 = UNCERTAINTY_MEASURE_WITH_UNIT (LENGTH_MEASURE( 1.000000000000000082E-05 ), #32, 'distance_accuracy_value', 'NONE');
#260 = PRESENTATION_LAYER_ASSIGNMENT (  '', '', ( #1132 ) ) ;
#261 = ORIENTED_EDGE ( 'NONE', *, *, #1561, .F. ) ;
#262 = LINE ( 'NONE', #1749, #1767 ) ;
#263 = PLANE ( 'NONE',  #1877 ) ;
#264 = VECTOR ( 'NONE', #1046, 1000.000000000000000 ) ;
#265 = ORIENTED_EDGE ( 'NONE', *, *, #2241, .F. ) ;
#266 = PRODUCT ( 'BodyArray', 'BodyArray', '', ( #1339 ) ) ;
#267 = DIRECTION ( 'NONE',  ( 0.0000000000000000000, -0.0000000000000000000, -1.000000000000000000 ) ) ;
#268 = VERTEX_POINT ( 'NONE', #450 ) ;
#269 = EDGE_CURVE ( 'NONE', #2496, #387, #1103, .T. ) ;
#270 = ORIENTED_EDGE ( 'NONE', *, *, #653, .F. ) ;
#271 =( LENGTH_UNIT ( ) NAMED_UNIT ( * ) SI_UNIT ( .MILLI., .METRE. ) );
#272 = SURFACE_STYLE_USAGE ( .BOTH. , #102 ) ;
#273 = EDGE_LOOP ( 'NONE', ( #2720, #1474, #1028, #2253, #526 ) ) ;
#274 =( NAMED_UNIT ( * ) SI_UNIT ( $, .STERADIAN. ) SOLID_ANGLE_UNIT ( ) );
#275 = SURFACE_STYLE_FILL_AREA ( #2026 ) ;
#276 = ORIENTED_EDGE ( 'NONE', *, *, #1082, .T. ) ;
#277 = SURFACE_SIDE_STYLE ('',( #2536 ) ) ;
#278 = LINE ( 'NONE', #2470, #771 ) ;
#279 = ORIENTED_EDGE ( 'NONE', *, *, #1216, .F. ) ;
#280 = CARTESIAN_POINT ( 'NONE',  ( 1.269999961853000015, 1.245000000000000329, 0.0000000000000000000 ) ) ;
#281 = FACE_OUTER_BOUND ( 'NONE', #539, .T. ) ;
#282 = AXIS2_PLACEMENT_3D ( 'NONE', #1278, #2721, #2525 ) ;
#283 = CLOSED_SHELL ( 'NONE', ( #2735, #493, #1550, #379, #713, #1471, #2204, #2402, #373, #949, #2334, #40, #730, #695 ) ) ;
#284 = STYLED_ITEM ( 'NONE', ( #2546 ), #713 ) ;
#285 = ORIENTED_EDGE ( 'NONE', *, *, #1114, .T. ) ;
#286 = VECTOR ( 'NONE', #407, 1000.000000000000000 ) ;
#287 = SURFACE_STYLE_USAGE ( .BOTH. , #317 ) ;
#288 = VERTEX_POINT ( 'NONE', #1730 ) ;
#289 =( NAMED_UNIT ( * ) SI_UNIT ( $, .STERADIAN. ) SOLID_ANGLE_UNIT ( ) );
#290 = CARTESIAN_POINT ( 'NONE',  ( 1.269999961852749992, 0.9449999880792500084, 2.289999961853000698 ) ) ;
#291 = VECTOR ( 'NONE', #2064, 1000.000000000000000 ) ;
#292 =( GEOMETRIC_REPRESENTATION_CONTEXT ( 3 ) GLOBAL_UNCERTAINTY_ASSIGNED_CONTEXT ( ( #449 ) ) GLOBAL_UNIT_ASSIGNED_CONTEXT ( ( #1781, #1309, #1501 ) ) REPRESENTATION_CONTEXT ( 'NONE', 'WORKASPACE' ) );
#293 =( GEOMETRIC_REPRESENTATION_CONTEXT ( 3 ) GLOBAL_UNCERTAINTY_ASSIGNED_CONTEXT ( ( #2382 ) ) GLOBAL_UNIT_ASSIGNED_CONTEXT ( ( #1624, #520, #2321 ) ) REPRESENTATION_CONTEXT ( 'NONE', 'WORKASPACE' ) );
#294 = LINE ( 'NONE', #2046, #1917 ) ;
#295 = FACE_OUTER_BOUND ( 'NONE', #752, .T. ) ;
#296 = PRESENTATION_STYLE_ASSIGNMENT (( #2609 ) ) ;
#297 = FILL_AREA_STYLE ('',( #494 ) ) ;
#298 = ORIENTED_EDGE ( 'NONE', *, *, #122, .T. ) ;
#299 = SURFACE_STYLE_FILL_AREA ( #341 ) ;
#300 = COLOUR_RGB ( '',1.000000000000000000, 1.000000000000000000, 0.4980392156862745168 ) ;
#301 =( NAMED_UNIT ( * ) SI_UNIT ( $, .STERADIAN. ) SOLID_ANGLE_UNIT ( ) );
#302 = ITEM_DEFINED_TRANSFORMATION ( 'NONE', 'NONE', #1499,  #1546 ) ;
#303 = ORIENTED_EDGE ( 'NONE', *, *, #1977, .T. ) ;
#304 = CARTESIAN_POINT ( 'NONE',  ( -1.119999994040000058, 1.094999994039999924, 2.289999961853000698 ) ) ;
#305 = MECHANICAL_DESIGN_GEOMETRIC_PRESENTATION_REPRESENTATION (  '', ( #1718 ), #2697 ) ;
#306 = ORIENTED_EDGE ( 'NONE', *, *, #1452, .T. ) ;
#307 = AXIS2_PLACEMENT_3D ( 'NONE', #2291, #1789, #267 ) ;
#308 = EDGE_CURVE ( 'NONE', #2780, #1752, #891, .T. ) ;
#309 = MECHANICAL_DESIGN_GEOMETRIC_PRESENTATION_REPRESENTATION (  '', ( #724 ), #583 ) ;
#310 = CARTESIAN_POINT ( 'NONE',  ( 1.270000000000124807, -0.9449999880791251083, 0.0000000000000000000 ) ) ;
#311 = FACE_OUTER_BOUND ( 'NONE', #874, .T. ) ;
#312 = ORIENTED_EDGE ( 'NONE', *, *, #203, .T. ) ;
#313 = CARTESIAN_POINT ( 'NONE',  ( 2.859999961853000094, 0.3199999999999999512, 2.289999961853000254 ) ) ;
#314 = SHAPE_REPRESENTATION ( 'PinArray', ( #1546 ), #399 ) ;
#315 = CARTESIAN_POINT ( 'NONE',  ( 3.509999949931999819, 1.245000000000000329, 0.0000000000000000000 ) ) ;
#316 = FILL_AREA_STYLE ('',( #639 ) ) ;
#317 = SURFACE_SIDE_STYLE ('',( #946 ) ) ;
#318 = EDGE_LOOP ( 'NONE', ( #2071, #1855, #265, #970 ) ) ;
#319 = FACE_OUTER_BOUND ( 'NONE', #683, .T. ) ;
#320 = UNCERTAINTY_MEASURE_WITH_UNIT (LENGTH_MEASURE( 1.000000000000000082E-05 ), #892, 'distance_accuracy_value', 'NONE');
#321 = ORIENTED_EDGE ( 'NONE', *, *, #460, .T. ) ;
#322 = ADVANCED_FACE ( 'NONE', ( #21, #2623 ), #2458, .T. ) ;
#323 = FILL_AREA_STYLE ('',( #773 ) ) ;
#324 = FACE_OUTER_BOUND ( 'NONE', #472, .T. ) ;
#325 = LINE ( 'NONE', #818, #2059 ) ;
#326 = LINE ( 'NONE', #367, #1492 ) ;
#327 = ORIENTED_EDGE ( 'NONE', *, *, #1763, .T. ) ;
#328 = CARTESIAN_POINT ( 'NONE',  ( -0.1199999970200000127, -0.1199999970199999294, -3.000000000000000000 ) ) ;
#329 = CARTESIAN_POINT ( 'NONE',  ( 0.3199999999999999512, -0.3199999999999999512, -2.799999997020000020 ) ) ;
#330 = FACE_BOUND ( 'NONE', #1895, .T. ) ;
#331 = DIRECTION ( 'NONE',  ( 0.5773502691896246208, 0.5773502691896268413, -0.5773502691896258421 ) ) ;
#332 = VERTEX_POINT ( 'NONE', #921 ) ;
#333 = SURFACE_STYLE_USAGE ( .BOTH. , #1859 ) ;
#334 = COLOUR_RGB ( '',1.000000000000000000, 1.000000000000000000, 0.4980392156862745168 ) ;
#335 = LINE ( 'NONE', #164, #264 ) ;
#336 =( GEOMETRIC_REPRESENTATION_CONTEXT ( 3 ) GLOBAL_UNCERTAINTY_ASSIGNED_CONTEXT ( ( #375 ) ) GLOBAL_UNIT_ASSIGNED_CONTEXT ( ( #1809, #1851, #2514 ) ) REPRESENTATION_CONTEXT ( 'NONE', 'WORKASPACE' ) );
#337 = COLOUR_RGB ( '',1.000000000000000000, 1.000000000000000000, 0.4980392156862745168 ) ;
#338 = CARTESIAN_POINT ( 'NONE',  ( 2.659999958872999670, -0.1199999970200002208, -3.000000000000000000 ) ) ;
#339 = SURFACE_SIDE_STYLE ('',( #2332 ) ) ;
#340 = SURFACE_STYLE_USAGE ( .BOTH. , #1625 ) ;
#341 = FILL_AREA_STYLE ('',( #2336 ) ) ;
#342 = ADVANCED_FACE ( 'NONE', ( #1788 ), #1525, .F. ) ;
#343 = EDGE_CURVE ( 'NONE', #1676, #2219, #1607, .T. ) ;
#344 = CARTESIAN_POINT ( 'NONE',  ( 1.269999961853000015, 1.245000000000000329, 2.289999961853000254 ) ) ;
#345 = AXIS2_PLACEMENT_3D ( 'NONE', #2429, #688, #1498 ) ;
#346 = ORIENTED_EDGE ( 'NONE', *, *, #1066, .T. ) ;
#347 = VERTEX_POINT ( 'NONE', #84 ) ;
#348 = VECTOR ( 'NONE', #2465, 1000.000000000000000 ) ;
#349 = UNCERTAINTY_MEASURE_WITH_UNIT (LENGTH_MEASURE( 1.000000000000000082E-05 ), #2553, 'distance_accuracy_value', 'NONE');
#350 =( GEOMETRIC_REPRESENTATION_CONTEXT ( 3 ) GLOBAL_UNCERTAINTY_ASSIGNED_CONTEXT ( ( #1745 ) ) GLOBAL_UNIT_ASSIGNED_CONTEXT ( ( #1249, #612, #2398 ) ) REPRESENTATION_CONTEXT ( 'NONE', 'WORKASPACE' ) );
#351 = PLANE ( 'NONE',  #149 ) ;
#352 = COLOUR_RGB ( '',1.000000000000000000, 1.000000000000000000, 0.4980392156862745168 ) ;
#353 =( LENGTH_UNIT ( ) NAMED_UNIT ( * ) SI_UNIT ( .MILLI., .METRE. ) );
#354 = AXIS2_PLACEMENT_3D ( 'NONE', #2622, #1345, #2689 ) ;
#355 = CARTESIAN_POINT ( 'NONE',  ( -0.3200000000000000067, -0.3200000000000000067, 8.339999958872999386 ) ) ;
#356 = CARTESIAN_POINT ( 'NONE',  ( 2.659999958873000558, 0.1199999970199998184, -3.000000000000000000 ) ) ;
#357 = SURFACE_STYLE_FILL_AREA ( #2350 ) ;
#358 =( NAMED_UNIT ( * ) PLANE_ANGLE_UNIT ( ) SI_UNIT ( $, .RADIAN. ) );
#359 = EDGE_CURVE ( 'NONE', #2115, #2567, #2271, .T. ) ;
#360 = ORIENTED_EDGE ( 'NONE', *, *, #2452, .T. ) ;
#361 = CARTESIAN_POINT ( 'NONE',  ( -0.9699999880792500306, 1.245000000000250129, 2.289999961853000698 ) ) ;
#362 = ORIENTED_EDGE ( 'NONE', *, *, #967, .F. ) ;
#363 = FACE_OUTER_BOUND ( 'NONE', #210, .T. ) ;
#364 = CARTESIAN_POINT ( 'NONE',  ( 1.119999994040000058, -1.094999994039999924, 2.289999961853000698 ) ) ;
#365 = SURFACE_STYLE_USAGE ( .BOTH. , #582 ) ;
#366 = CARTESIAN_POINT ( 'NONE',  ( -0.3200000000000000067, 0.1199999970199998184, 8.539999961853000698 ) ) ;
#367 = CARTESIAN_POINT ( 'NONE',  ( 0.1199999970199998184, -0.1199999970200002208, -3.000000000000000000 ) ) ;
#368 = FACE_OUTER_BOUND ( 'NONE', #1013, .T. ) ;
#369 = CARTESIAN_POINT ( 'NONE',  ( 3.809999961852999828, 1.245000000000000329, 2.289999961853000254 ) ) ;
#370 = DIRECTION ( 'NONE',  ( 0.0000000000000000000, 0.0000000000000000000, -1.000000000000000000 ) ) ;
#371 = CARTESIAN_POINT ( 'NONE',  ( 1.419999967812999975, -1.094999994039999924, 0.0000000000000000000 ) ) ;
#372 = ORIENTED_EDGE ( 'NONE', *, *, #269, .F. ) ;
#373 = ADVANCED_FACE ( 'NONE', ( #295 ), #1862, .T. ) ;
#374 = LINE ( 'NONE', #826, #1486 ) ;
#375 = UNCERTAINTY_MEASURE_WITH_UNIT (LENGTH_MEASURE( 1.000000000000000082E-05 ), #1809, 'distance_accuracy_value', 'NONE');
#376 = ORIENTED_EDGE ( 'NONE', *, *, #1150, .F. ) ;
#377 = VECTOR ( 'NONE', #1558, 1000.000000000000000 ) ;
#378 = PRESENTATION_STYLE_ASSIGNMENT (( #2368 ) ) ;
#379 = ADVANCED_FACE ( 'NONE', ( #536 ), #2320, .T. ) ;
#380 = PLANE ( 'NONE',  #819 ) ;
#381 = COLOUR_RGB ( '',0.09411764705882352811, 0.09411764705882352811, 0.09411764705882352811 ) ;
#382 = CARTESIAN_POINT ( 'NONE',  ( 2.219999961852999970, -0.3200000000000000067, 2.289999961853000254 ) ) ;
#383 = FILL_AREA_STYLE_COLOUR ( '', #613 ) ;
#384 = PRESENTATION_LAYER_ASSIGNMENT (  '', '', ( #1613 ) ) ;
#385 = DIRECTION ( 'NONE',  ( 0.0000000000000000000, 1.000000000000000000, -0.0000000000000000000 ) ) ;
#386 = LINE ( 'NONE', #1641, #151 ) ;
#387 = VERTEX_POINT ( 'NONE', #2386 ) ;
#388 = CARTESIAN_POINT ( 'NONE',  ( 1.269999961852749992, -0.9449999880792497864, 2.289999961853000698 ) ) ;
#389 = VERTEX_POINT ( 'NONE', #2164 ) ;
#390 = CARTESIAN_POINT ( 'NONE',  ( -0.3200000000000002842, 0.3200000000000002842, 8.339999958872999386 ) ) ;
#391 = DIRECTION ( 'NONE',  ( 0.0000000000000000000, -1.000000000000000000, -0.0000000000000000000 ) ) ;
#392 = MECHANICAL_DESIGN_GEOMETRIC_PRESENTATION_REPRESENTATION (  '', ( #1132 ), #2156 ) ;
#393 = CARTESIAN_POINT ( 'NONE',  ( 1.269999961853000015, -1.245000000000000329, 0.0000000000000000000 ) ) ;
#394 = PRESENTATION_STYLE_ASSIGNMENT (( #1759 ) ) ;
#395 = LINE ( 'NONE', #1245, #439 ) ;
#396 = MECHANICAL_DESIGN_GEOMETRIC_PRESENTATION_REPRESENTATION (  '', ( #1671 ), #487 ) ;
#397 = LINE ( 'NONE', #1530, #1308 ) ;
#398 = FILL_AREA_STYLE_COLOUR ( '', #334 ) ;
#399 =( GEOMETRIC_REPRESENTATION_CONTEXT ( 3 ) GLOBAL_UNCERTAINTY_ASSIGNED_CONTEXT ( ( #1073 ) ) GLOBAL_UNIT_ASSIGNED_CONTEXT ( ( #2836, #445, #2411 ) ) REPRESENTATION_CONTEXT ( 'NONE', 'WORKASPACE' ) );
#400 = UNCERTAINTY_MEASURE_WITH_UNIT (LENGTH_MEASURE( 1.000000000000000082E-05 ), #1724, 'distance_accuracy_value', 'NONE');
#401 = VERTEX_POINT ( 'NONE', #390 ) ;
#402 = EDGE_LOOP ( 'NONE', ( #1274, #2005, #790, #1813 ) ) ;
#403 = FILL_AREA_STYLE ('',( #2605 ) ) ;
#404 = DIRECTION ( 'NONE',  ( 0.7071067811865474617, 0.0000000000000000000, 0.7071067811865474617 ) ) ;
#405 = ADVANCED_FACE ( 'NONE', ( #2359 ), #592, .T. ) ;
#406 = SURFACE_SIDE_STYLE ('',( #621 ) ) ;
#407 = DIRECTION ( 'NONE',  ( 0.0000000000000000000, 1.000000000000000000, 0.0000000000000000000 ) ) ;
#408 = FILL_AREA_STYLE_COLOUR ( '', #2048 ) ;
#409 =( NAMED_UNIT ( * ) SI_UNIT ( $, .STERADIAN. ) SOLID_ANGLE_UNIT ( ) );
#410 = ORIENTED_EDGE ( 'NONE', *, *, #1055, .F. ) ;
#411 = PLANE ( 'NONE',  #981 ) ;
#412 = DIRECTION ( 'NONE',  ( 1.000000000000000000, 0.0000000000000000000, -0.0000000000000000000 ) ) ;
#413 = CARTESIAN_POINT ( 'NONE',  ( 2.219999961852999970, 0.2199999985099999888, -2.899999998509999788 ) ) ;
#414 =( LENGTH_UNIT ( ) NAMED_UNIT ( * ) SI_UNIT ( .MILLI., .METRE. ) );
#415 = COLOUR_RGB ( '',0.09411764705882352811, 0.09411764705882352811, 0.09411764705882352811 ) ;
#416 =( NAMED_UNIT ( * ) PLANE_ANGLE_UNIT ( ) SI_UNIT ( $, .RADIAN. ) );
#417 = MECHANICAL_DESIGN_GEOMETRIC_PRESENTATION_REPRESENTATION (  '', ( #284 ), #561 ) ;
#418 = DIRECTION ( 'NONE',  ( 1.000000000000000000, 0.0000000000000000000, -0.0000000000000000000 ) ) ;
#419 = VECTOR ( 'NONE', #2247, 1000.000000000000000 ) ;
#420 = DIRECTION ( 'NONE',  ( 0.7071067811865474617, -0.7071067811865474617, 0.0000000000000000000 ) ) ;
#421 = EDGE_CURVE ( 'NONE', #123, #2084, #167, .T. ) ;
#422 = VECTOR ( 'NONE', #115, 1000.000000000000000 ) ;
#423 = DIRECTION ( 'NONE',  ( 0.7071067811865474617, 0.7071067811865474617, -0.0000000000000000000 ) ) ;
#424 = VECTOR ( 'NONE', #646, 1000.000000000000114 ) ;
#425 =( LENGTH_UNIT ( ) NAMED_UNIT ( * ) SI_UNIT ( .MILLI., .METRE. ) );
#426 = FILL_AREA_STYLE_COLOUR ( '', #766 ) ;
#427 =( LENGTH_UNIT ( ) NAMED_UNIT ( * ) SI_UNIT ( .MILLI., .METRE. ) );
#428 = UNCERTAINTY_MEASURE_WITH_UNIT (LENGTH_MEASURE( 1.000000000000000082E-05 ), #1197, 'distance_accuracy_value', 'NONE');
#429 = EDGE_LOOP ( 'NONE', ( #360, #1155, #2754, #2340, #1026 ) ) ;
#430 = DIRECTION ( 'NONE',  ( 1.000000000000000000, 0.0000000000000000000, -0.0000000000000000000 ) ) ;
#431 =( LENGTH_UNIT ( ) NAMED_UNIT ( * ) SI_UNIT ( .MILLI., .METRE. ) );
#432 = SURFACE_STYLE_FILL_AREA ( #1976 ) ;
#433 = STYLED_ITEM ( 'NONE', ( #2308 ), #1528 ) ;
#434 = FILL_AREA_STYLE_COLOUR ( '', #850 ) ;
#435 = CARTESIAN_POINT ( 'NONE',  ( 1.270000000000000018, 1.245000000000000329, 2.289999961853000254 ) ) ;
#436 =( GEOMETRIC_REPRESENTATION_CONTEXT ( 3 ) GLOBAL_UNCERTAINTY_ASSIGNED_CONTEXT ( ( #1980 ) ) GLOBAL_UNIT_ASSIGNED_CONTEXT ( ( #431, #1578, #274 ) ) REPRESENTATION_CONTEXT ( 'NONE', 'WORKASPACE' ) );
#437 =( LENGTH_UNIT ( ) NAMED_UNIT ( * ) SI_UNIT ( .MILLI., .METRE. ) );
#438 = FILL_AREA_STYLE_COLOUR ( '', #300 ) ;
#439 = VECTOR ( 'NONE', #597, 1000.000000000000114 ) ;
#440 = ORIENTED_EDGE ( 'NONE', *, *, #2452, .F. ) ;
#441 = CARTESIAN_POINT ( 'NONE',  ( 0.3200000000000000067, -0.3200000000000000067, 2.289999961853000254 ) ) ;
#442 = PRESENTATION_STYLE_ASSIGNMENT (( #899 ) ) ;
#443 = DIRECTION ( 'NONE',  ( 0.5773502691896267303, 0.5773502691896248429, 0.5773502691896257311 ) ) ;
#444 = EDGE_CURVE ( 'NONE', #2780, #401, #1689, .T. ) ;
#445 =( NAMED_UNIT ( * ) PLANE_ANGLE_UNIT ( ) SI_UNIT ( $, .RADIAN. ) );
#446 = MECHANICAL_DESIGN_GEOMETRIC_PRESENTATION_REPRESENTATION (  '', ( #2659 ), #2487 ) ;
#447 = CARTESIAN_POINT ( 'NONE',  ( 3.659999955892999868, -1.094999994039999924, 0.0000000000000000000 ) ) ;
#448 = LINE ( 'NONE', #1062, #916 ) ;
#449 = UNCERTAINTY_MEASURE_WITH_UNIT (LENGTH_MEASURE( 1.000000000000000082E-05 ), #1781, 'distance_accuracy_value', 'NONE');
#450 = CARTESIAN_POINT ( 'NONE',  ( -0.3199999999999999512, -0.3200000000000000622, 0.3000000119210000649 ) ) ;
#451 = FILL_AREA_STYLE ('',( #2181 ) ) ;
#452 = ORIENTED_EDGE ( 'NONE', *, *, #549, .T. ) ;
#453 = SURFACE_STYLE_USAGE ( .BOTH. , #1929 ) ;
#454 = SHAPE_REPRESENTATION_RELATIONSHIP ( 'NONE' , 'NONE' ,  #314, #45 ) ;
#455 = UNCERTAINTY_MEASURE_WITH_UNIT (LENGTH_MEASURE( 1.000000000000000082E-05 ), #1783, 'distance_accuracy_value', 'NONE');
#456 = EDGE_CURVE ( 'NONE', #522, #1715, #2585, .T. ) ;
#457 =( NAMED_UNIT ( * ) SI_UNIT ( $, .STERADIAN. ) SOLID_ANGLE_UNIT ( ) );
#458 =( LENGTH_UNIT ( ) NAMED_UNIT ( * ) SI_UNIT ( .MILLI., .METRE. ) );
#459 = ORIENTED_EDGE ( 'NONE', *, *, #1280, .F. ) ;
#460 = EDGE_CURVE ( 'NONE', #119, #930, #2105, .T. ) ;
#461 = CARTESIAN_POINT ( 'NONE',  ( 2.219999961852999970, 0.3200000000000000067, 2.289999961853000254 ) ) ;
#462 = CARTESIAN_POINT ( 'NONE',  ( -1.270000000000250040, -0.9449999880792501195, 2.289999961853000698 ) ) ;
#463 = MECHANICAL_DESIGN_GEOMETRIC_PRESENTATION_REPRESENTATION (  '', ( #1651 ), #1327 ) ;
#464 = VECTOR ( 'NONE', #1450, 1000.000000000000000 ) ;
#465 = ORIENTED_EDGE ( 'NONE', *, *, #136, .T. ) ;
#466 = CARTESIAN_POINT ( 'NONE',  ( 0.3200000000000000067, -0.3200000000000000067, -3.000000000000000000 ) ) ;
#467 = STYLED_ITEM ( 'NONE', ( #442 ), #1168 ) ;
#468 = PLANE ( 'NONE',  #2377 ) ;
#469 = APPLICATION_PROTOCOL_DEFINITION ( 'draft international standard', 'automotive_design', 1998, #1463 ) ;
#470 = AXIS2_PLACEMENT_3D ( 'NONE', #1601, #1823, #2293 ) ;
#471 = PRESENTATION_LAYER_ASSIGNMENT (  '', '', ( #1900 ) ) ;
#472 = EDGE_LOOP ( 'NONE', ( #1672, #346, #2710, #2464 ) ) ;
#473 = LINE ( 'NONE', #2207, #747 ) ;
#474 = ORIENTED_EDGE ( 'NONE', *, *, #837, .T. ) ;
#475 = DIRECTION ( 'NONE',  ( 0.5773502691896257311, 0.5773502691896259531, -0.5773502691896256200 ) ) ;
#476 = EDGE_LOOP ( 'NONE', ( #77, #2195, #43, #1000 ) ) ;
#477 = ADVANCED_FACE ( 'NONE', ( #1880 ), #2758, .T. ) ;
#478 = MECHANICAL_DESIGN_GEOMETRIC_PRESENTATION_REPRESENTATION (  '', ( #1622 ), #1215 ) ;
#479 = SURFACE_STYLE_FILL_AREA ( #2729 ) ;
#480 = AXIS2_PLACEMENT_3D ( 'NONE', #2143, #2824, #2173 ) ;
#481 = SURFACE_SIDE_STYLE ('',( #25 ) ) ;
#482 = ORIENTED_EDGE ( 'NONE', *, *, #1349, .F. ) ;
#483 = ORIENTED_EDGE ( 'NONE', *, *, #2348, .F. ) ;
#484 = SURFACE_STYLE_FILL_AREA ( #778 ) ;
#485 = CARTESIAN_POINT ( 'NONE',  ( 2.859999961853000094, 0.3200000000000000067, -3.000000000000000000 ) ) ;
#486 = FILL_AREA_STYLE ('',( #664 ) ) ;
#487 =( GEOMETRIC_REPRESENTATION_CONTEXT ( 3 ) GLOBAL_UNCERTAINTY_ASSIGNED_CONTEXT ( ( #30 ) ) GLOBAL_UNIT_ASSIGNED_CONTEXT ( ( #1102, #1710, #1303 ) ) REPRESENTATION_CONTEXT ( 'NONE', 'WORKASPACE' ) );
#488 = VERTEX_POINT ( 'NONE', #2053 ) ;
#489 = PRESENTATION_LAYER_ASSIGNMENT (  '', '', ( #2017 ) ) ;
#490 = FILL_AREA_STYLE ('',( #1182 ) ) ;
#491 = VECTOR ( 'NONE', #1716, 1000.000000000000000 ) ;
#492 = CARTESIAN_POINT ( 'NONE',  ( 2.219999961852999970, -0.3200000000000000067, -2.799999997020000020 ) ) ;
#493 = ADVANCED_FACE ( 'NONE', ( #1317 ), #2426, .F. ) ;
#494 = FILL_AREA_STYLE_COLOUR ( '', #352 ) ;
#495 = ORIENTED_EDGE ( 'NONE', *, *, #1014, .T. ) ;
#496 = APPLICATION_CONTEXT ( 'automotive_design' ) ;
#497 = DIRECTION ( 'NONE',  ( 0.0000000000000000000, -1.000000000000000000, -0.0000000000000000000 ) ) ;
#498 = DIRECTION ( 'NONE',  ( 0.0000000000000000000, -1.000000000000000000, 0.0000000000000000000 ) ) ;
#499 = ORIENTED_EDGE ( 'NONE', *, *, #95, .T. ) ;
#500 = ORIENTED_EDGE ( 'NONE', *, *, #1615, .T. ) ;
#501 = DIRECTION ( 'NONE',  ( 0.0000000000000000000, -0.7071067811865475727, 0.7071067811865475727 ) ) ;
#502 = CARTESIAN_POINT ( 'NONE',  ( 0.3200000000000000067, 0.3200000000000000067, 2.289999961853000254 ) ) ;
#503 = FILL_AREA_STYLE ('',( #1637 ) ) ;
#504 = SURFACE_STYLE_USAGE ( .BOTH. , #2500 ) ;
#505 = EDGE_LOOP ( 'NONE', ( #2544, #2409, #1404, #2737, #764 ) ) ;
#506 = LINE ( 'NONE', #1217, #844 ) ;
#507 = LINE ( 'NONE', #1588, #708 ) ;
#508 = COLOUR_RGB ( '',0.09411764705882352811, 0.09411764705882352811, 0.09411764705882352811 ) ;
#509 = DIRECTION ( 'NONE',  ( 1.000000000000000000, 0.0000000000000000000, 0.0000000000000000000 ) ) ;
#510 = ADVANCED_FACE ( 'NONE', ( #905 ), #2196, .T. ) ;
#511 = VECTOR ( 'NONE', #1259, 1000.000000000000000 ) ;
#512 = ORIENTED_EDGE ( 'NONE', *, *, #679, .T. ) ;
#513 =( GEOMETRIC_REPRESENTATION_CONTEXT ( 3 ) GLOBAL_UNCERTAINTY_ASSIGNED_CONTEXT ( ( #349 ) ) GLOBAL_UNIT_ASSIGNED_CONTEXT ( ( #2553, #2349, #174 ) ) REPRESENTATION_CONTEXT ( 'NONE', 'WORKASPACE' ) );
#514 = EDGE_LOOP ( 'NONE', ( #1060, #2028, #1992, #1581 ) ) ;
#515 = FILL_AREA_STYLE ('',( #1369 ) ) ;
#516 = VECTOR ( 'NONE', #2021, 1000.000000000000000 ) ;
#517 =( GEOMETRIC_REPRESENTATION_CONTEXT ( 3 ) GLOBAL_UNCERTAINTY_ASSIGNED_CONTEXT ( ( #2646 ) ) GLOBAL_UNIT_ASSIGNED_CONTEXT ( ( #2845, #1741, #1803 ) ) REPRESENTATION_CONTEXT ( 'NONE', 'WORKASPACE' ) );
#518 = UNCERTAINTY_MEASURE_WITH_UNIT (LENGTH_MEASURE( 1.000000000000000082E-05 ), #1108, 'distance_accuracy_value', 'NONE');
#519 = DIRECTION ( 'NONE',  ( -1.000000000000000000, 0.0000000000000000000, 0.0000000000000000000 ) ) ;
#520 =( NAMED_UNIT ( * ) PLANE_ANGLE_UNIT ( ) SI_UNIT ( $, .RADIAN. ) );
#521 = SURFACE_STYLE_FILL_AREA ( #2512 ) ;
#522 = VERTEX_POINT ( 'NONE', #1134 ) ;
#523 = MECHANICAL_DESIGN_GEOMETRIC_PRESENTATION_REPRESENTATION (  '', ( #2782 ), #2245 ) ;
#524 = STYLED_ITEM ( 'NONE', ( #2157 ), #1784 ) ;
#525 = MANIFOLD_SOLID_BREP ( 'Imported2', #1516 ) ;
#526 = ORIENTED_EDGE ( 'NONE', *, *, #1995, .F. ) ;
#527 = DIRECTION ( 'NONE',  ( 0.7071067811865475727, -0.0000000000000000000, 0.7071067811865475727 ) ) ;
#528 =( GEOMETRIC_REPRESENTATION_CONTEXT ( 3 ) GLOBAL_UNCERTAINTY_ASSIGNED_CONTEXT ( ( #2597 ) ) GLOBAL_UNIT_ASSIGNED_CONTEXT ( ( #1695, #2555, #1482 ) ) REPRESENTATION_CONTEXT ( 'NONE', 'WORKASPACE' ) );
#529 = VERTEX_POINT ( 'NONE', #1213 ) ;
#530 = ADVANCED_FACE ( 'NONE', ( #324 ), #1412, .T. ) ;
#531 = DIRECTION ( 'NONE',  ( 1.000000000000000000, 0.0000000000000000000, -0.0000000000000000000 ) ) ;
#532 = AXIS2_PLACEMENT_3D ( 'NONE', #216, #2649, #420 ) ;
#533 = FILL_AREA_STYLE_COLOUR ( '', #104 ) ;
#534 = EDGE_CURVE ( 'NONE', #719, #2468, #1460, .T. ) ;
#535 = PRESENTATION_LAYER_ASSIGNMENT (  '', '', ( #2568 ) ) ;
#536 = FACE_OUTER_BOUND ( 'NONE', #824, .T. ) ;
#537 =( NAMED_UNIT ( * ) PLANE_ANGLE_UNIT ( ) SI_UNIT ( $, .RADIAN. ) );
#538 = CARTESIAN_POINT ( 'NONE',  ( 2.219999961852999526, -0.3199999999999999512, -2.799999997019999576 ) ) ;
#539 = EDGE_LOOP ( 'NONE', ( #1696, #1395, #1153, #2365 ) ) ;
#540 = LINE ( 'NONE', #2095, #2188 ) ;
#541 = FILL_AREA_STYLE ('',( #2719 ) ) ;
#542 = VERTEX_POINT ( 'NONE', #2413 ) ;
#543 = CARTESIAN_POINT ( 'NONE',  ( -1.270000000000062634, -0.9449999880790626028, 0.3000000119210000094 ) ) ;
#544 = ORIENTED_EDGE ( 'NONE', *, *, #999, .T. ) ;
#545 = SURFACE_STYLE_USAGE ( .BOTH. , #2533 ) ;
#546 = UNCERTAINTY_MEASURE_WITH_UNIT (LENGTH_MEASURE( 1.000000000000000082E-05 ), #1723, 'distance_accuracy_value', 'NONE');
#547 = ADVANCED_FACE ( 'NONE', ( #2811 ), #1727, .T. ) ;
#548 = DIRECTION ( 'NONE',  ( 0.0000000000000000000, 0.7071067811865475727, 0.7071067811865475727 ) ) ;
#549 = EDGE_CURVE ( 'NONE', #2249, #693, #831, .T. ) ;
#550 = EDGE_CURVE ( 'NONE', #903, #1074, #153, .T. ) ;
#551 = SURFACE_STYLE_USAGE ( .BOTH. , #1677 ) ;
#552 =( NAMED_UNIT ( * ) PLANE_ANGLE_UNIT ( ) SI_UNIT ( $, .RADIAN. ) );
#553 = CARTESIAN_POINT ( 'NONE',  ( 0.3199999999999999512, -0.3199999999999999512, 2.289999961853000254 ) ) ;
#554 = SURFACE_SIDE_STYLE ('',( #1848 ) ) ;
#555 = LINE ( 'NONE', #787, #606 ) ;
#556 = DIRECTION ( 'NONE',  ( 1.000000000000000000, 0.0000000000000000000, 0.0000000000000000000 ) ) ;
#557 = ORIENTED_EDGE ( 'NONE', *, *, #29, .T. ) ;
#558 = VECTOR ( 'NONE', #196, 1000.000000000000000 ) ;
#559 = ORIENTED_EDGE ( 'NONE', *, *, #2842, .F. ) ;
#560 = DIRECTION ( 'NONE',  ( -0.0000000000000000000, 1.000000000000000000, 0.0000000000000000000 ) ) ;
#561 =( GEOMETRIC_REPRESENTATION_CONTEXT ( 3 ) GLOBAL_UNCERTAINTY_ASSIGNED_CONTEXT ( ( #840 ) ) GLOBAL_UNIT_ASSIGNED_CONTEXT ( ( #563, #2103, #1605 ) ) REPRESENTATION_CONTEXT ( 'NONE', 'WORKASPACE' ) );
#562 = ORIENTED_EDGE ( 'NONE', *, *, #1583, .F. ) ;
#563 =( LENGTH_UNIT ( ) NAMED_UNIT ( * ) SI_UNIT ( .MILLI., .METRE. ) );
#564 = AXIS2_PLACEMENT_3D ( 'NONE', #134, #2397, #2114 ) ;
#565 = AXIS2_PLACEMENT_3D ( 'NONE', #130, #1665, #2565 ) ;
#566 = COLOUR_RGB ( '',1.000000000000000000, 1.000000000000000000, 0.4980392156862745168 ) ;
#567 =( LENGTH_UNIT ( ) NAMED_UNIT ( * ) SI_UNIT ( .MILLI., .METRE. ) );
#568 = SURFACE_SIDE_STYLE ('',( #1882 ) ) ;
#569 = EDGE_CURVE ( 'NONE', #1023, #1286, #1948, .T. ) ;
#570 = DIRECTION ( 'NONE',  ( 0.0000000000000000000, -0.0000000000000000000, -1.000000000000000000 ) ) ;
#571 = DIRECTION ( 'NONE',  ( 0.5773502691896237327, 0.5773502691896272854, -0.5773502691896262862 ) ) ;
#572 = LINE ( 'NONE', #1893, #944 ) ;
#573 = ORIENTED_EDGE ( 'NONE', *, *, #2467, .T. ) ;
#574 = PLANE ( 'NONE',  #2063 ) ;
#575 = UNCERTAINTY_MEASURE_WITH_UNIT (LENGTH_MEASURE( 1.000000000000000082E-05 ), #879, 'distance_accuracy_value', 'NONE');
#576 = VERTEX_POINT ( 'NONE', #1292 ) ;
#577 = PRESENTATION_LAYER_ASSIGNMENT (  '', '', ( #1819 ) ) ;
#578 = LINE ( 'NONE', #364, #791 ) ;
#579 = DIRECTION ( 'NONE',  ( -1.000000000000000000, 0.0000000000000000000, -0.0000000000000000000 ) ) ;
#580 = VECTOR ( 'NONE', #836, 1000.000000000000000 ) ;
#581 =( NAMED_UNIT ( * ) SI_UNIT ( $, .STERADIAN. ) SOLID_ANGLE_UNIT ( ) );
#582 = SURFACE_SIDE_STYLE ('',( #2360 ) ) ;
#583 =( GEOMETRIC_REPRESENTATION_CONTEXT ( 3 ) GLOBAL_UNCERTAINTY_ASSIGNED_CONTEXT ( ( #1812 ) ) GLOBAL_UNIT_ASSIGNED_CONTEXT ( ( #990, #1644, #797 ) ) REPRESENTATION_CONTEXT ( 'NONE', 'WORKASPACE' ) );
#584 = CARTESIAN_POINT ( 'NONE',  ( 3.809999961852999828, 1.245000000000000329, 0.3000000119210000094 ) ) ;
#585 = AXIS2_PLACEMENT_3D ( 'NONE', #2251, #1564, #2268 ) ;
#586 = LINE ( 'NONE', #2751, #204 ) ;
#587 = ORIENTED_EDGE ( 'NONE', *, *, #172, .T. ) ;
#588 = ORIENTED_EDGE ( 'NONE', *, *, #1701, .T. ) ;
#589 = FILL_AREA_STYLE ('',( #2571 ) ) ;
#590 = ORIENTED_EDGE ( 'NONE', *, *, #2130, .F. ) ;
#591 = SURFACE_SIDE_STYLE ('',( #828 ) ) ;
#592 = PLANE ( 'NONE',  #247 ) ;
#593 = DIRECTION ( 'NONE',  ( -1.000000000000000000, -0.0000000000000000000, 0.0000000000000000000 ) ) ;
#594 = CARTESIAN_POINT ( 'NONE',  ( 3.809999961852999828, 0.9449999880789999862, 0.0000000000000000000 ) ) ;
#595 = CARTESIAN_POINT ( 'NONE',  ( -1.270000000000000018, 0.9449999880789999862, 0.3000000119210000094 ) ) ;
#596 = DIRECTION ( 'NONE',  ( 0.5773502691896257311, -0.5773502691896258421, -0.5773502691896257311 ) ) ;
#597 = DIRECTION ( 'NONE',  ( 0.7071067811865474617, -0.7071067811865474617, 0.0000000000000000000 ) ) ;
#598 = MANIFOLD_SOLID_BREP ( 'Imported2', #283 ) ;
#599 = EDGE_CURVE ( 'NONE', #2513, #2066, #2240, .T. ) ;
#600 = UNCERTAINTY_MEASURE_WITH_UNIT (LENGTH_MEASURE( 1.000000000000000082E-05 ), #414, 'distance_accuracy_value', 'NONE');
#601 = ORIENTED_EDGE ( 'NONE', *, *, #95, .F. ) ;
#602 = SHAPE_REPRESENTATION ( 'BodyArray', ( #1546 ), #2620 ) ;
#603 = FILL_AREA_STYLE ('',( #830 ) ) ;
#604 = SURFACE_SIDE_STYLE ('',( #2440 ) ) ;
#605 = FACE_OUTER_BOUND ( 'NONE', #2050, .T. ) ;
#606 = VECTOR ( 'NONE', #1417, 1000.000000000000114 ) ;
#607 =( GEOMETRIC_REPRESENTATION_CONTEXT ( 3 ) GLOBAL_UNCERTAINTY_ASSIGNED_CONTEXT ( ( #2519 ) ) GLOBAL_UNIT_ASSIGNED_CONTEXT ( ( #1495, #1754, #1290 ) ) REPRESENTATION_CONTEXT ( 'NONE', 'WORKASPACE' ) );
#608 = FILL_AREA_STYLE_COLOUR ( '', #2637 ) ;
#609 = LINE ( 'NONE', #1466, #2554 ) ;
#610 = CARTESIAN_POINT ( 'NONE',  ( 0.9699999880792501417, 1.245000000000250129, 2.289999961853000698 ) ) ;
#611 = FILL_AREA_STYLE_COLOUR ( '', #890 ) ;
#612 =( NAMED_UNIT ( * ) PLANE_ANGLE_UNIT ( ) SI_UNIT ( $, .RADIAN. ) );
#613 = COLOUR_RGB ( '',0.09411764705882352811, 0.09411764705882352811, 0.09411764705882352811 ) ;
#614 = ORIENTED_EDGE ( 'NONE', *, *, #2348, .T. ) ;
#615 = EDGE_CURVE ( 'NONE', #2113, #1572, #1036, .T. ) ;
#616 = SURFACE_SIDE_STYLE ('',( #1075 ) ) ;
#617 = VECTOR ( 'NONE', #1015, 1000.000000000000000 ) ;
#618 = DIRECTION ( 'NONE',  ( 0.0000000000000000000, -0.7071067811865474617, -0.7071067811865474617 ) ) ;
#619 =( NAMED_UNIT ( * ) SI_UNIT ( $, .STERADIAN. ) SOLID_ANGLE_UNIT ( ) );
#620 = VECTOR ( 'NONE', #443, 1000.000000000000000 ) ;
#621 = SURFACE_STYLE_FILL_AREA ( #1089 ) ;
#622 = ADVANCED_FACE ( 'NONE', ( #1772 ), #2010, .T. ) ;
#623 =( NAMED_UNIT ( * ) PLANE_ANGLE_UNIT ( ) SI_UNIT ( $, .RADIAN. ) );
#624 =( NAMED_UNIT ( * ) SI_UNIT ( $, .STERADIAN. ) SOLID_ANGLE_UNIT ( ) );
#625 = STYLED_ITEM ( 'NONE', ( #2062 ), #2515 ) ;
#626 = ORIENTED_EDGE ( 'NONE', *, *, #2756, .F. ) ;
#627 = CARTESIAN_POINT ( 'NONE',  ( 0.3200000000000000067, -0.3200000000000000067, 8.339999958872999386 ) ) ;
#628 = DIRECTION ( 'NONE',  ( 0.0000000000000000000, 0.0000000000000000000, 1.000000000000000000 ) ) ;
#629 =( NAMED_UNIT ( * ) SI_UNIT ( $, .STERADIAN. ) SOLID_ANGLE_UNIT ( ) );
#630 = DIRECTION ( 'NONE',  ( 0.0000000000000000000, 0.0000000000000000000, 1.000000000000000000 ) ) ;
#631 = ORIENTED_EDGE ( 'NONE', *, *, #1239, .T. ) ;
#632 = LINE ( 'NONE', #1705, #647 ) ;
#633 = SURFACE_STYLE_FILL_AREA ( #886 ) ;
#634 = SURFACE_SIDE_STYLE ('',( #2427 ) ) ;
#635 = EDGE_CURVE ( 'NONE', #2219, #2145, #19, .T. ) ;
#636 = EDGE_CURVE ( 'NONE', #1572, #788, #1978, .T. ) ;
#637 = FILL_AREA_STYLE ('',( #2392 ) ) ;
#638 = CARTESIAN_POINT ( 'NONE',  ( 3.809999961853249406, 0.9449999880792500084, 2.289999961853000698 ) ) ;
#639 = FILL_AREA_STYLE_COLOUR ( '', #2830 ) ;
#640 = FILL_AREA_STYLE_COLOUR ( '', #2019 ) ;
#641 = ORIENTED_EDGE ( 'NONE', *, *, #239, .F. ) ;
#642 = CARTESIAN_POINT ( 'NONE',  ( 3.809999961853062000, 0.9449999880790626028, 0.3000000119210000094 ) ) ;
#643 =( LENGTH_UNIT ( ) NAMED_UNIT ( * ) SI_UNIT ( .MILLI., .METRE. ) );
#644 = EDGE_LOOP ( 'NONE', ( #2073, #1886, #1669, #710 ) ) ;
#645 = DIRECTION ( 'NONE',  ( 0.0000000000000000000, 1.000000000000000000, -0.0000000000000000000 ) ) ;
#646 = DIRECTION ( 'NONE',  ( -0.7071067811865474617, 0.7071067811865474617, -0.0000000000000000000 ) ) ;
#647 = VECTOR ( 'NONE', #2583, 1000.000000000000000 ) ;
#648 = VECTOR ( 'NONE', #423, 1000.000000000000114 ) ;
#649 = CARTESIAN_POINT ( 'NONE',  ( 1.270000000000250040, -0.9449999880792500084, 2.289999961853000698 ) ) ;
#650 = PRODUCT ( 'PinArray', 'PinArray', '', ( #1590 ) ) ;
#651 = VECTOR ( 'NONE', #571, 1000.000000000000000 ) ;
#652 = CARTESIAN_POINT ( 'NONE',  ( -0.3200000000000000067, -0.1199999970200000127, -3.000000000000000000 ) ) ;
#653 = EDGE_CURVE ( 'NONE', #2791, #734, #48, .T. ) ;
#654 = AXIS2_PLACEMENT_3D ( 'NONE', #1143, #2031, #2524 ) ;
#655 = VECTOR ( 'NONE', #2591, 1000.000000000000000 ) ;
#656 = SURFACE_STYLE_FILL_AREA ( #2672 ) ;
#657 = MECHANICAL_DESIGN_GEOMETRIC_PRESENTATION_REPRESENTATION (  '', ( #66 ), #293 ) ;
#658 =( NAMED_UNIT ( * ) SI_UNIT ( $, .STERADIAN. ) SOLID_ANGLE_UNIT ( ) );
#659 = CARTESIAN_POINT ( 'NONE',  ( 2.219999961852999526, 0.3200000000000002842, 8.339999958872999386 ) ) ;
#660 = CARTESIAN_POINT ( 'NONE',  ( 1.270000000000125473, 0.9449999880791247753, 0.0000000000000000000 ) ) ;
#661 = UNCERTAINTY_MEASURE_WITH_UNIT (LENGTH_MEASURE( 1.000000000000000082E-05 ), #706, 'distance_accuracy_value', 'NONE');
#662 = VERTEX_POINT ( 'NONE', #1127 ) ;
#663 = CARTESIAN_POINT ( 'NONE',  ( -0.3200000000000000067, 0.3200000000000000067, 8.339999958872999386 ) ) ;
#664 = FILL_AREA_STYLE_COLOUR ( '', #809 ) ;
#665 = DIRECTION ( 'NONE',  ( 1.000000000000000000, 0.0000000000000000000, 0.0000000000000000000 ) ) ;
#666 = AXIS2_PLACEMENT_3D ( 'NONE', #127, #2361, #168 ) ;
#667 =( NAMED_UNIT ( * ) PLANE_ANGLE_UNIT ( ) SI_UNIT ( $, .RADIAN. ) );
#668 = SURFACE_STYLE_USAGE ( .BOTH. , #406 ) ;
#669 = MECHANICAL_DESIGN_GEOMETRIC_PRESENTATION_REPRESENTATION (  '', ( #2607 ), #998 ) ;
#670 = SURFACE_STYLE_USAGE ( .BOTH. , #908 ) ;
#671 = VECTOR ( 'NONE', #1628, 1000.000000000000000 ) ;
#672 =( LENGTH_UNIT ( ) NAMED_UNIT ( * ) SI_UNIT ( .MILLI., .METRE. ) );
#673 = FACE_OUTER_BOUND ( 'NONE', #429, .T. ) ;
#674 = EDGE_CURVE ( 'NONE', #758, #1657, #1522, .T. ) ;
#675 = EDGE_LOOP ( 'NONE', ( #1778, #1736, #372, #827 ) ) ;
#676 = DIRECTION ( 'NONE',  ( -0.0000000000000000000, -1.000000000000000000, -0.0000000000000000000 ) ) ;
#677 = AXIS2_PLACEMENT_3D ( 'NONE', #829, #125, #579 ) ;
#678 = DIRECTION ( 'NONE',  ( 0.0000000000000000000, -0.7071067811865474617, -0.7071067811865474617 ) ) ;
#679 = EDGE_CURVE ( 'NONE', #2378, #2473, #2444, .T. ) ;
#680 = AXIS2_PLACEMENT_3D ( 'NONE', #2643, #665, #2441 ) ;
#681 = PRESENTATION_STYLE_ASSIGNMENT (( #1553 ) ) ;
#682 = MECHANICAL_DESIGN_GEOMETRIC_PRESENTATION_REPRESENTATION (  '', ( #1591 ), #86 ) ;
#683 = EDGE_LOOP ( 'NONE', ( #2318, #161, #962, #1084 ) ) ;
#684 =( NAMED_UNIT ( * ) SI_UNIT ( $, .STERADIAN. ) SOLID_ANGLE_UNIT ( ) );
#685 = CARTESIAN_POINT ( 'NONE',  ( 0.1199999970199998184, 0.3200000000000000067, -3.000000000000000000 ) ) ;
#686 = UNCERTAINTY_MEASURE_WITH_UNIT (LENGTH_MEASURE( 1.000000000000000082E-05 ), #2044, 'distance_accuracy_value', 'NONE');
#687 = CARTESIAN_POINT ( 'NONE',  ( 2.219999961852999970, 0.3200000000000000067, 2.289999961853000254 ) ) ;
#688 = DIRECTION ( 'NONE',  ( 0.0000000000000000000, 0.0000000000000000000, 1.000000000000000000 ) ) ;
#689 = ORIENTED_EDGE ( 'NONE', *, *, #1196, .T. ) ;
#690 = SURFACE_STYLE_FILL_AREA ( #2002 ) ;
#691 =( NAMED_UNIT ( * ) SI_UNIT ( $, .STERADIAN. ) SOLID_ANGLE_UNIT ( ) );
#692 = UNCERTAINTY_MEASURE_WITH_UNIT (LENGTH_MEASURE( 1.000000000000000082E-05 ), #1080, 'distance_accuracy_value', 'NONE');
#693 = VERTEX_POINT ( 'NONE', #1101 ) ;
#694 = EDGE_LOOP ( 'NONE', ( #2171, #2315, #1770, #2832 ) ) ;
#695 = ADVANCED_FACE ( 'NONE', ( #1318 ), #2661, .T. ) ;
#696 = CARTESIAN_POINT ( 'NONE',  ( 2.419999964832999950, 0.1199999970199999849, -3.000000000000000000 ) ) ;
#697 = ORIENTED_EDGE ( 'NONE', *, *, #1995, .T. ) ;
#698 = DIRECTION ( 'NONE',  ( -0.0000000000000000000, 0.0000000000000000000, -1.000000000000000000 ) ) ;
#699 = PRESENTATION_STYLE_ASSIGNMENT (( #2691 ) ) ;
#700 = VECTOR ( 'NONE', #1301, 1000.000000000000000 ) ;
#701 =( GEOMETRIC_REPRESENTATION_CONTEXT ( 3 ) GLOBAL_UNCERTAINTY_ASSIGNED_CONTEXT ( ( #2117 ) ) GLOBAL_UNIT_ASSIGNED_CONTEXT ( ( #2390, #623, #2576 ) ) REPRESENTATION_CONTEXT ( 'NONE', 'WORKASPACE' ) );
#702 =( NAMED_UNIT ( * ) PLANE_ANGLE_UNIT ( ) SI_UNIT ( $, .RADIAN. ) );
#703 = PRESENTATION_LAYER_ASSIGNMENT (  '', '', ( #2466 ) ) ;
#704 = STYLED_ITEM ( 'NONE', ( #211 ), #477 ) ;
#705 = FILL_AREA_STYLE_COLOUR ( '', #65 ) ;
#706 =( LENGTH_UNIT ( ) NAMED_UNIT ( * ) SI_UNIT ( .MILLI., .METRE. ) );
#707 = DIRECTION ( 'NONE',  ( 1.000000000000000000, 0.0000000000000000000, 0.0000000000000000000 ) ) ;
#708 = VECTOR ( 'NONE', #2274, 1000.000000000000000 ) ;
#709 =( NAMED_UNIT ( * ) SI_UNIT ( $, .STERADIAN. ) SOLID_ANGLE_UNIT ( ) );
#710 = ORIENTED_EDGE ( 'NONE', *, *, #2366, .F. ) ;
#711 = DIRECTION ( 'NONE',  ( -0.0000000000000000000, 0.0000000000000000000, 1.000000000000000000 ) ) ;
#712 = FACE_OUTER_BOUND ( 'NONE', #2423, .T. ) ;
#713 = ADVANCED_FACE ( 'NONE', ( #2507 ), #2074, .T. ) ;
#714 = CARTESIAN_POINT ( 'NONE',  ( 1.419999967812999975, -1.094999994039999924, 2.289999961853000698 ) ) ;
#715 = CARTESIAN_POINT ( 'NONE',  ( 1.119999994040000058, 1.094999994039999924, 0.0000000000000000000 ) ) ;
#716 =( GEOMETRIC_REPRESENTATION_CONTEXT ( 3 ) GLOBAL_UNCERTAINTY_ASSIGNED_CONTEXT ( ( #92 ) ) GLOBAL_UNIT_ASSIGNED_CONTEXT ( ( #2747, #552, #2135 ) ) REPRESENTATION_CONTEXT ( 'NONE', 'WORKASPACE' ) );
#717 = DIRECTION ( 'NONE',  ( -0.0000000000000000000, -0.0000000000000000000, -1.000000000000000000 ) ) ;
#718 = PRESENTATION_LAYER_ASSIGNMENT (  '', '', ( #1816 ) ) ;
#719 = VERTEX_POINT ( 'NONE', #1840 ) ;
#720 = FACE_OUTER_BOUND ( 'NONE', #1932, .T. ) ;
#721 = CARTESIAN_POINT ( 'NONE',  ( 1.569999973774000024, -1.245000000000000329, 0.0000000000000000000 ) ) ;
#722 = VECTOR ( 'NONE', #1927, 1000.000000000000000 ) ;
#723 = UNCERTAINTY_MEASURE_WITH_UNIT (LENGTH_MEASURE( 1.000000000000000082E-05 ), #141, 'distance_accuracy_value', 'NONE');
#724 = STYLED_ITEM ( 'NONE', ( #772 ), #2564 ) ;
#725 = EDGE_LOOP ( 'NONE', ( #928, #1282, #452, #2532 ) ) ;
#726 = LINE ( 'NONE', #502, #34 ) ;
#727 = FILL_AREA_STYLE ('',( #2283 ) ) ;
#728 = CARTESIAN_POINT ( 'NONE',  ( -1.270000000000000018, -1.245000000000000329, 0.0000000000000000000 ) ) ;
#729 = LINE ( 'NONE', #94, #993 ) ;
#730 = ADVANCED_FACE ( 'NONE', ( #2723 ), #2743, .F. ) ;
#731 = ORIENTED_EDGE ( 'NONE', *, *, #999, .F. ) ;
#732 = FILL_AREA_STYLE_COLOUR ( '', #2812 ) ;
#733 =( NAMED_UNIT ( * ) PLANE_ANGLE_UNIT ( ) SI_UNIT ( $, .RADIAN. ) );
#734 = VERTEX_POINT ( 'NONE', #388 ) ;
#735 = ORIENTED_EDGE ( 'NONE', *, *, #2805, .T. ) ;
#736 = PRESENTATION_STYLE_ASSIGNMENT (( #545 ) ) ;
#737 = CARTESIAN_POINT ( 'NONE',  ( 2.219999961852999970, -0.3200000000000000067, -3.000000000000000000 ) ) ;
#738 =( NAMED_UNIT ( * ) SI_UNIT ( $, .STERADIAN. ) SOLID_ANGLE_UNIT ( ) );
#739 = APPLICATION_CONTEXT ( 'automotive_design' ) ;
#740 =( LENGTH_UNIT ( ) NAMED_UNIT ( * ) SI_UNIT ( .MILLI., .METRE. ) );
#741 = SURFACE_STYLE_FILL_AREA ( #1608 ) ;
#742 = DIRECTION ( 'NONE',  ( -1.000000000000000000, 0.0000000000000000000, 0.0000000000000000000 ) ) ;
#743 =( GEOMETRIC_REPRESENTATION_CONTEXT ( 3 ) GLOBAL_UNCERTAINTY_ASSIGNED_CONTEXT ( ( #2013 ) ) GLOBAL_UNIT_ASSIGNED_CONTEXT ( ( #88, #1640, #940 ) ) REPRESENTATION_CONTEXT ( 'NONE', 'WORKASPACE' ) );
#744 = ORIENTED_EDGE ( 'NONE', *, *, #1082, .F. ) ;
#745 = EDGE_CURVE ( 'NONE', #123, #387, #1673, .T. ) ;
#746 = DIRECTION ( 'NONE',  ( -0.7071067811865474617, -0.7071067811865474617, 0.0000000000000000000 ) ) ;
#747 = VECTOR ( 'NONE', #2451, 1000.000000000000000 ) ;
#748 = LINE ( 'NONE', #1393, #862 ) ;
#749 = VECTOR ( 'NONE', #1663, 1000.000000000000000 ) ;
#750 = EDGE_CURVE ( 'NONE', #2378, #857, #578, .T. ) ;
#751 = EDGE_LOOP ( 'NONE', ( #70, #2140, #2707, #1455, #2324, #270, #2191, #200 ) ) ;
#752 = EDGE_LOOP ( 'NONE', ( #1515, #631, #376, #285 ) ) ;
#753 = SURFACE_SIDE_STYLE ('',( #1856 ) ) ;
#754 = STYLED_ITEM ( 'NONE', ( #2428 ), #342 ) ;
#755 = UNCERTAINTY_MEASURE_WITH_UNIT (LENGTH_MEASURE( 1.000000000000000082E-05 ), #437, 'distance_accuracy_value', 'NONE');
#756 = DIRECTION ( 'NONE',  ( 0.0000000000000000000, 0.0000000000000000000, 1.000000000000000000 ) ) ;
#757 = DIRECTION ( 'NONE',  ( 0.0000000000000000000, -1.000000000000000000, -0.0000000000000000000 ) ) ;
#758 = VERTEX_POINT ( 'NONE', #2401 ) ;
#759 = DIRECTION ( 'NONE',  ( 1.000000000000000000, 0.0000000000000000000, 0.0000000000000000000 ) ) ;
#760 = COLOUR_RGB ( '',1.000000000000000000, 1.000000000000000000, 0.4980392156862745168 ) ;
#761 = LINE ( 'NONE', #2262, #156 ) ;
#762 = CARTESIAN_POINT ( 'NONE',  ( 2.219999961852999970, 0.3200000000000006173, 8.339999958873001162 ) ) ;
#763 = ADVANCED_FACE ( 'NONE', ( #1933 ), #1444, .T. ) ;
#764 = ORIENTED_EDGE ( 'NONE', *, *, #1796, .F. ) ;
#765 = CARTESIAN_POINT ( 'NONE',  ( 0.1199999970200002208, 0.1199999970199998184, 8.539999961853000698 ) ) ;
#766 = COLOUR_RGB ( '',1.000000000000000000, 1.000000000000000000, 0.4980392156862745168 ) ;
#767 = ORIENTED_EDGE ( 'NONE', *, *, #1216, .T. ) ;
#768 =( NAMED_UNIT ( * ) SI_UNIT ( $, .STERADIAN. ) SOLID_ANGLE_UNIT ( ) );
#769 = EDGE_CURVE ( 'NONE', #1408, #1657, #813, .T. ) ;
#770 = MECHANICAL_DESIGN_GEOMETRIC_PRESENTATION_REPRESENTATION (  '', ( #1088 ), #173 ) ;
#771 = VECTOR ( 'NONE', #35, 1000.000000000000000 ) ;
#772 = PRESENTATION_STYLE_ASSIGNMENT (( #2121 ) ) ;
#773 = FILL_AREA_STYLE_COLOUR ( '', #1163 ) ;
#774 = FILL_AREA_STYLE ('',( #383 ) ) ;
#775 = CARTESIAN_POINT ( 'NONE',  ( 0.1199999970200000265, 0.1199999970199999294, 8.539999961853000698 ) ) ;
#776 = EDGE_LOOP ( 'NONE', ( #459, #588, #2570, #2225, #2132 ) ) ;
#777 = CARTESIAN_POINT ( 'NONE',  ( 1.269999961853000015, -0.9449999880789999862, 0.0000000000000000000 ) ) ;
#778 = FILL_AREA_STYLE ('',( #1868 ) ) ;
#779 = ORIENTED_EDGE ( 'NONE', *, *, #2632, .T. ) ;
#780 = CARTESIAN_POINT ( 'NONE',  ( -0.3200000000000000067, -0.3200000000000000067, -3.000000000000000000 ) ) ;
#781 = ORIENTED_EDGE ( 'NONE', *, *, #2768, .T. ) ;
#782 = EDGE_CURVE ( 'NONE', #2276, #948, #632, .T. ) ;
#783 = FILL_AREA_STYLE_COLOUR ( '', #2615 ) ;
#784 =( LENGTH_UNIT ( ) NAMED_UNIT ( * ) SI_UNIT ( .MILLI., .METRE. ) );
#785 = SURFACE_STYLE_FILL_AREA ( #2772 ) ;
#786 = DIRECTION ( 'NONE',  ( 0.5773502691896248429, -0.5773502691896267303, 0.5773502691896257311 ) ) ;
#787 = CARTESIAN_POINT ( 'NONE',  ( -1.119999994040000058, -1.094999994039999924, 2.289999961853000698 ) ) ;
#788 = VERTEX_POINT ( 'NONE', #2599 ) ;
#789 = CARTESIAN_POINT ( 'NONE',  ( 2.859999961853000094, -0.3200000000000000067, 8.339999958872999386 ) ) ;
#790 = ORIENTED_EDGE ( 'NONE', *, *, #979, .F. ) ;
#791 = VECTOR ( 'NONE', #1459, 1000.000000000000114 ) ;
#792 = MECHANICAL_DESIGN_GEOMETRIC_PRESENTATION_REPRESENTATION (  '', ( #983 ), #513 ) ;
#793 = ORIENTED_EDGE ( 'NONE', *, *, #136, .F. ) ;
#794 = VECTOR ( 'NONE', #1794, 1000.000000000000000 ) ;
#795 = AXIS2_PLACEMENT_3D ( 'NONE', #2306, #1623, #991 ) ;
#796 =( REPRESENTATION_RELATIONSHIP ('NONE','NONE', #2394, #602 ) REPRESENTATION_RELATIONSHIP_WITH_TRANSFORMATION ( #302 )SHAPE_REPRESENTATION_RELATIONSHIP( ) );
#797 =( NAMED_UNIT ( * ) SI_UNIT ( $, .STERADIAN. ) SOLID_ANGLE_UNIT ( ) );
#798 = EDGE_CURVE ( 'NONE', #268, #1612, #1263, .T. ) ;
#799 =( GEOMETRIC_REPRESENTATION_CONTEXT ( 3 ) GLOBAL_UNCERTAINTY_ASSIGNED_CONTEXT ( ( #1457 ) ) GLOBAL_UNIT_ASSIGNED_CONTEXT ( ( #271, #2034, #2067 ) ) REPRESENTATION_CONTEXT ( 'NONE', 'WORKASPACE' ) );
#800 = PRESENTATION_STYLE_ASSIGNMENT (( #1639 ) ) ;
#801 = CARTESIAN_POINT ( 'NONE',  ( -1.270000000000000018, 1.245000000000000329, 2.289999961853000254 ) ) ;
#802 =( NAMED_UNIT ( * ) SI_UNIT ( $, .STERADIAN. ) SOLID_ANGLE_UNIT ( ) );
#803 = PLANE ( 'NONE',  #2110 ) ;
#804 = LINE ( 'NONE', #1464, #749 ) ;
#805 = DIRECTION ( 'NONE',  ( 0.0000000000000000000, 0.0000000000000000000, 1.000000000000000000 ) ) ;
#806 = COLOUR_RGB ( '',1.000000000000000000, 1.000000000000000000, 0.4980392156862745168 ) ;
#807 = SURFACE_SIDE_STYLE ('',( #143 ) ) ;
#808 = VERTEX_POINT ( 'NONE', #184 ) ;
#809 = COLOUR_RGB ( '',0.09411764705882352811, 0.09411764705882352811, 0.09411764705882352811 ) ;
#810 = UNCERTAINTY_MEASURE_WITH_UNIT (LENGTH_MEASURE( 1.000000000000000082E-05 ), #825, 'distance_accuracy_value', 'NONE');
#811 = EDGE_LOOP ( 'NONE', ( #2079, #2779, #1358, #1483 ) ) ;
#812 =( GEOMETRIC_REPRESENTATION_CONTEXT ( 3 ) GLOBAL_UNCERTAINTY_ASSIGNED_CONTEXT ( ( #1487 ) ) GLOBAL_UNIT_ASSIGNED_CONTEXT ( ( #222, #1338, #691 ) ) REPRESENTATION_CONTEXT ( 'NONE', 'WORKASPACE' ) );
#813 = LINE ( 'NONE', #1275, #887 ) ;
#814 =( NAMED_UNIT ( * ) PLANE_ANGLE_UNIT ( ) SI_UNIT ( $, .RADIAN. ) );
#815 =( GEOMETRIC_REPRESENTATION_CONTEXT ( 3 ) GLOBAL_UNCERTAINTY_ASSIGNED_CONTEXT ( ( #723 ) ) GLOBAL_UNIT_ASSIGNED_CONTEXT ( ( #141, #358, #132 ) ) REPRESENTATION_CONTEXT ( 'NONE', 'WORKASPACE' ) );
#816 = CARTESIAN_POINT ( 'NONE',  ( 1.419999967812999975, -1.094999994039999924, 0.0000000000000000000 ) ) ;
#817 =( GEOMETRIC_REPRESENTATION_CONTEXT ( 3 ) GLOBAL_UNCERTAINTY_ASSIGNED_CONTEXT ( ( #1365 ) ) GLOBAL_UNIT_ASSIGNED_CONTEXT ( ( #1841, #2726, #738 ) ) REPRESENTATION_CONTEXT ( 'NONE', 'WORKASPACE' ) );
#818 = CARTESIAN_POINT ( 'NONE',  ( 1.270000000000000018, -1.245000000000000329, 0.0000000000000000000 ) ) ;
#819 = AXIS2_PLACEMENT_3D ( 'NONE', #1962, #843, #2208 ) ;
#820 = ADVANCED_FACE ( 'NONE', ( #1061 ), #351, .T. ) ;
#821 = CARTESIAN_POINT ( 'NONE',  ( 1.569999973773875235, -1.245000000000125340, 0.0000000000000000000 ) ) ;
#822 =( GEOMETRIC_REPRESENTATION_CONTEXT ( 3 ) GLOBAL_UNCERTAINTY_ASSIGNED_CONTEXT ( ( #455 ) ) GLOBAL_UNIT_ASSIGNED_CONTEXT ( ( #1783, #733, #2275 ) ) REPRESENTATION_CONTEXT ( 'NONE', 'WORKASPACE' ) );
#823 = SURFACE_STYLE_USAGE ( .BOTH. , #1937 ) ;
#824 = EDGE_LOOP ( 'NONE', ( #1914, #2298, #2559, #2180 ) ) ;
#825 =( LENGTH_UNIT ( ) NAMED_UNIT ( * ) SI_UNIT ( .MILLI., .METRE. ) );
#826 = CARTESIAN_POINT ( 'NONE',  ( -1.270000000000000018, -0.3199999999999999512, 2.289999961853000254 ) ) ;
#827 = ORIENTED_EDGE ( 'NONE', *, *, #2489, .F. ) ;
#828 = SURFACE_STYLE_FILL_AREA ( #1919 ) ;
#829 = CARTESIAN_POINT ( 'NONE',  ( 1.269999961853000015, -0.9449999880789999862, 0.3000000119210000094 ) ) ;
#830 = FILL_AREA_STYLE_COLOUR ( '', #2820 ) ;
#831 = LINE ( 'NONE', #1049, #558 ) ;
#832 = LINE ( 'NONE', #1691, #2431 ) ;
#833 =( NAMED_UNIT ( * ) PLANE_ANGLE_UNIT ( ) SI_UNIT ( $, .RADIAN. ) );
#834 = SURFACE_STYLE_FILL_AREA ( #129 ) ;
#835 = LINE ( 'NONE', #1255, #1524 ) ;
#836 = DIRECTION ( 'NONE',  ( 0.0000000000000000000, -0.0000000000000000000, 1.000000000000000000 ) ) ;
#837 = EDGE_CURVE ( 'NONE', #401, #986, #2641, .T. ) ;
#838 = PRESENTATION_STYLE_ASSIGNMENT (( #1221 ) ) ;
#839 = LINE ( 'NONE', #1930, #617 ) ;
#840 = UNCERTAINTY_MEASURE_WITH_UNIT (LENGTH_MEASURE( 1.000000000000000082E-05 ), #563, 'distance_accuracy_value', 'NONE');
#841 = ORIENTED_EDGE ( 'NONE', *, *, #1151, .T. ) ;
#842 = MECHANICAL_DESIGN_GEOMETRIC_PRESENTATION_REPRESENTATION (  '', ( #1198 ), #1468 ) ;
#843 = DIRECTION ( 'NONE',  ( 0.7071067811865475727, -0.0000000000000000000, 0.7071067811865475727 ) ) ;
#844 = VECTOR ( 'NONE', #746, 1000.000000000000114 ) ;
#845 = VECTOR ( 'NONE', #1397, 1000.000000000000000 ) ;
#846 = DIRECTION ( 'NONE',  ( 0.5773502691896261751, -0.5773502691896250649, 0.5773502691896261751 ) ) ;
#847 =( LENGTH_UNIT ( ) NAMED_UNIT ( * ) SI_UNIT ( .MILLI., .METRE. ) );
#848 = PRESENTATION_STYLE_ASSIGNMENT (( #668 ) ) ;
#849 =( GEOMETRIC_REPRESENTATION_CONTEXT ( 3 ) GLOBAL_UNCERTAINTY_ASSIGNED_CONTEXT ( ( #2222 ) ) GLOBAL_UNIT_ASSIGNED_CONTEXT ( ( #425, #1967, #301 ) ) REPRESENTATION_CONTEXT ( 'NONE', 'WORKASPACE' ) );
#850 = COLOUR_RGB ( '',0.09411764705882352811, 0.09411764705882352811, 0.09411764705882352811 ) ;
#851 = FILL_AREA_STYLE ('',( #608 ) ) ;
#852 = FILL_AREA_STYLE ('',( #881 ) ) ;
#853 = ORIENTED_EDGE ( 'NONE', *, *, #444, .T. ) ;
#854 = CARTESIAN_POINT ( 'NONE',  ( 1.119999994040000058, 1.094999994039999924, 2.289999961853000698 ) ) ;
#855 = LINE ( 'NONE', #1734, #1473 ) ;
#856 = CARTESIAN_POINT ( 'NONE',  ( 0.3199999999999999512, 0.3200000000000000622, 0.3000000119210001204 ) ) ;
#857 = VERTEX_POINT ( 'NONE', #1517 ) ;
#858 = CARTESIAN_POINT ( 'NONE',  ( 2.219999961852999970, 0.3200000000000000067, 2.289999961853000254 ) ) ;
#859 = PRESENTATION_LAYER_ASSIGNMENT (  '', '', ( #2104 ) ) ;
#860 = EDGE_CURVE ( 'NONE', #1406, #662, #473, .T. ) ;
#861 =( NAMED_UNIT ( * ) SI_UNIT ( $, .STERADIAN. ) SOLID_ANGLE_UNIT ( ) );
#862 = VECTOR ( 'NONE', #958, 1000.000000000000000 ) ;
#863 = CARTESIAN_POINT ( 'NONE',  ( 2.659999958872999670, -0.1199999970200000404, 8.539999961853000698 ) ) ;
#864 = VECTOR ( 'NONE', #2606, 1000.000000000000000 ) ;
#865 = LINE ( 'NONE', #652, #1373 ) ;
#866 = PLANE ( 'NONE',  #345 ) ;
#867 =( NAMED_UNIT ( * ) PLANE_ANGLE_UNIT ( ) SI_UNIT ( $, .RADIAN. ) );
#868 = FILL_AREA_STYLE_COLOUR ( '', #150 ) ;
#869 = COLOUR_RGB ( '',0.09411764705882352811, 0.09411764705882352811, 0.09411764705882352811 ) ;
#870 = FILL_AREA_STYLE ('',( #426 ) ) ;
#871 = FILL_AREA_STYLE ('',( #640 ) ) ;
#872 = PRESENTATION_LAYER_ASSIGNMENT (  '', '', ( #1269 ) ) ;
#873 = UNCERTAINTY_MEASURE_WITH_UNIT (LENGTH_MEASURE( 1.000000000000000082E-05 ), #1891, 'distance_accuracy_value', 'NONE');
#874 = EDGE_LOOP ( 'NONE', ( #2504, #1504, #1821, #587 ) ) ;
#875 = DIRECTION ( 'NONE',  ( 0.7071067811865474617, 0.7071067811865474617, 0.0000000000000000000 ) ) ;
#876 = LINE ( 'NONE', #2618, #2792 ) ;
#877 = ADVANCED_FACE ( 'NONE', ( #2439 ), #411, .T. ) ;
#878 = EDGE_LOOP ( 'NONE', ( #1603, #2610, #2446, #2314 ) ) ;
#879 =( LENGTH_UNIT ( ) NAMED_UNIT ( * ) SI_UNIT ( .MILLI., .METRE. ) );
#880 = SURFACE_SIDE_STYLE ('',( #1567 ) ) ;
#881 = FILL_AREA_STYLE_COLOUR ( '', #1252 ) ;
#882 = PLANE ( 'NONE',  #2211 ) ;
#883 = ORIENTED_EDGE ( 'NONE', *, *, #550, .F. ) ;
#884 = LINE ( 'NONE', #2217, #794 ) ;
#885 = ORIENTED_EDGE ( 'NONE', *, *, #253, .F. ) ;
#886 = FILL_AREA_STYLE ('',( #434 ) ) ;
#887 = VECTOR ( 'NONE', #1045, 1000.000000000000000 ) ;
#888 = EDGE_CURVE ( 'NONE', #2328, #2032, #1748, .T. ) ;
#889 = DIRECTION ( 'NONE',  ( -0.7071067811865475727, 0.0000000000000000000, 0.7071067811865475727 ) ) ;
#890 = COLOUR_RGB ( '',0.09411764705882352811, 0.09411764705882352811, 0.09411764705882352811 ) ;
#891 = LINE ( 'NONE', #1117, #152 ) ;
#892 =( LENGTH_UNIT ( ) NAMED_UNIT ( * ) SI_UNIT ( .MILLI., .METRE. ) );
#893 = EDGE_CURVE ( 'NONE', #788, #1109, #1959, .T. ) ;
#894 = EDGE_CURVE ( 'NONE', #1826, #1939, #2666, .T. ) ;
#895 = PLANE ( 'NONE',  #307 ) ;
#896 = PRESENTATION_LAYER_ASSIGNMENT (  '', '', ( #2237 ) ) ;
#897 = FACE_OUTER_BOUND ( 'NONE', #273, .T. ) ;
#898 = LINE ( 'NONE', #1762, #2070 ) ;
#899 = SURFACE_STYLE_USAGE ( .BOTH. , #2434 ) ;
#900 = CARTESIAN_POINT ( 'NONE',  ( 2.219999961852999970, -0.1199999970200000127, 8.539999961853000698 ) ) ;
#901 = UNCERTAINTY_MEASURE_WITH_UNIT (LENGTH_MEASURE( 1.000000000000000082E-05 ), #1719, 'distance_accuracy_value', 'NONE');
#902 = DIRECTION ( 'NONE',  ( 0.0000000000000000000, 1.000000000000000000, -0.0000000000000000000 ) ) ;
#903 = VERTEX_POINT ( 'NONE', #929 ) ;
#904 = STYLED_ITEM ( 'NONE', ( #394 ), #1465 ) ;
#905 = FACE_OUTER_BOUND ( 'NONE', #776, .T. ) ;
#906 = DIRECTION ( 'NONE',  ( 0.5773502691896260641, 0.5773502691896251759, -0.5773502691896260641 ) ) ;
#907 = PRESENTATION_LAYER_ASSIGNMENT (  '', '', ( #2607 ) ) ;
#908 = SURFACE_SIDE_STYLE ('',( #2647 ) ) ;
#909 = STYLED_ITEM ( 'NONE', ( #2127 ), #2091 ) ;
#910 = SURFACE_STYLE_USAGE ( .BOTH. , #1526 ) ;
#911 = EDGE_CURVE ( 'NONE', #2040, #576, #884, .T. ) ;
#912 = ORIENTED_EDGE ( 'NONE', *, *, #534, .F. ) ;
#913 = FACE_OUTER_BOUND ( 'NONE', #725, .T. ) ;
#914 = VECTOR ( 'NONE', #570, 1000.000000000000000 ) ;
#915 = SURFACE_SIDE_STYLE ('',( #1549 ) ) ;
#916 = VECTOR ( 'NONE', #1934, 1000.000000000000000 ) ;
#917 = CARTESIAN_POINT ( 'NONE',  ( -1.119999994040000058, 1.094999994039999924, 0.0000000000000000000 ) ) ;
#918 = VECTOR ( 'NONE', #2449, 1000.000000000000000 ) ;
#919 = SURFACE_STYLE_USAGE ( .BOTH. , #947 ) ;
#920 = DIRECTION ( 'NONE',  ( -1.000000000000000000, 0.0000000000000000000, 0.0000000000000000000 ) ) ;
#921 = CARTESIAN_POINT ( 'NONE',  ( 0.1199999970199999294, -0.1199999970200000127, -3.000000000000000000 ) ) ;
#922 =( NAMED_UNIT ( * ) PLANE_ANGLE_UNIT ( ) SI_UNIT ( $, .RADIAN. ) );
#923 = DIRECTION ( 'NONE',  ( -0.0000000000000000000, 0.0000000000000000000, 1.000000000000000000 ) ) ;
#924 = LINE ( 'NONE', #721, #516 ) ;
#925 = LINE ( 'NONE', #2421, #620 ) ;
#926 = EDGE_CURVE ( 'NONE', #1408, #2741, #2678, .T. ) ;
#927 = PRODUCT_DEFINITION_CONTEXT ( 'detailed design', #496, 'design' ) ;
#928 = ORIENTED_EDGE ( 'NONE', *, *, #798, .T. ) ;
#929 = CARTESIAN_POINT ( 'NONE',  ( 2.859999961853000094, -0.3199999999999999512, 2.289999961853000254 ) ) ;
#930 = VERTEX_POINT ( 'NONE', #2630 ) ;
#931 = DIRECTION ( 'NONE',  ( -1.000000000000000000, -0.0000000000000000000, -0.0000000000000000000 ) ) ;
#932 = PRESENTATION_STYLE_ASSIGNMENT (( #1555 ) ) ;
#933 = VERTEX_POINT ( 'NONE', #642 ) ;
#934 = LINE ( 'NONE', #2270, #2014 ) ;
#935 = PRESENTATION_LAYER_ASSIGNMENT (  '', '', ( #1850 ) ) ;
#936 = SURFACE_SIDE_STYLE ('',( #1570 ) ) ;
#937 =( NAMED_UNIT ( * ) SI_UNIT ( $, .STERADIAN. ) SOLID_ANGLE_UNIT ( ) );
#938 =( GEOMETRIC_REPRESENTATION_CONTEXT ( 3 ) GLOBAL_UNCERTAINTY_ASSIGNED_CONTEXT ( ( #546 ) ) GLOBAL_UNIT_ASSIGNED_CONTEXT ( ( #1723, #148, #1902 ) ) REPRESENTATION_CONTEXT ( 'NONE', 'WORKASPACE' ) );
#939 = ORIENTED_EDGE ( 'NONE', *, *, #2317, .F. ) ;
#940 =( NAMED_UNIT ( * ) SI_UNIT ( $, .STERADIAN. ) SOLID_ANGLE_UNIT ( ) );
#941 = AXIS2_PLACEMENT_3D ( 'NONE', #2460, #1717, #628 ) ;
#942 =( NAMED_UNIT ( * ) PLANE_ANGLE_UNIT ( ) SI_UNIT ( $, .RADIAN. ) );
#943 = DIRECTION ( 'NONE',  ( 0.0000000000000000000, 0.0000000000000000000, 1.000000000000000000 ) ) ;
#944 = VECTOR ( 'NONE', #596, 999.9999999999998863 ) ;
#945 =( GEOMETRIC_REPRESENTATION_CONTEXT ( 3 ) GLOBAL_UNCERTAINTY_ASSIGNED_CONTEXT ( ( #1304 ) ) GLOBAL_UNIT_ASSIGNED_CONTEXT ( ( #847, #1994, #684 ) ) REPRESENTATION_CONTEXT ( 'NONE', 'WORKASPACE' ) );
#946 = SURFACE_STYLE_FILL_AREA ( #118 ) ;
#947 = SURFACE_SIDE_STYLE ('',( #1370 ) ) ;
#948 = VERTEX_POINT ( 'NONE', #543 ) ;
#949 = ADVANCED_FACE ( 'NONE', ( #2327 ), #2531, .T. ) ;
#950 = DIRECTION ( 'NONE',  ( 0.0000000000000000000, 1.000000000000000000, -0.0000000000000000000 ) ) ;
#951 = PRESENTATION_LAYER_ASSIGNMENT (  '', '', ( #1952 ) ) ;
#952 = FILL_AREA_STYLE_COLOUR ( '', #1845 ) ;
#953 =( NAMED_UNIT ( * ) PLANE_ANGLE_UNIT ( ) SI_UNIT ( $, .RADIAN. ) );
#954 = VECTOR ( 'NONE', #560, 1000.000000000000000 ) ;
#955 = SURFACE_STYLE_USAGE ( .BOTH. , #69 ) ;
#956 = ORIENTED_EDGE ( 'NONE', *, *, #2416, .F. ) ;
#957 = AXIS2_PLACEMENT_3D ( 'NONE', #344, #805, #2566 ) ;
#958 = DIRECTION ( 'NONE',  ( 0.0000000000000000000, -1.000000000000000000, -0.0000000000000000000 ) ) ;
#959 = COLOUR_RGB ( '',0.09411764705882352811, 0.09411764705882352811, 0.09411764705882352811 ) ;
#960 = EDGE_LOOP ( 'NONE', ( #2634, #276, #2474, #2094 ) ) ;
#961 = CARTESIAN_POINT ( 'NONE',  ( 3.809999961852999828, -1.245000000000000329, 0.0000000000000000000 ) ) ;
#962 = ORIENTED_EDGE ( 'NONE', *, *, #2299, .F. ) ;
#963 = CARTESIAN_POINT ( 'NONE',  ( -0.2199999985099999888, -0.3200000000000000067, -2.899999998509999788 ) ) ;
#964 = FACE_OUTER_BOUND ( 'NONE', #1220, .T. ) ;
#965 = SURFACE_STYLE_FILL_AREA ( #2061 ) ;
#966 = STYLED_ITEM ( 'NONE', ( #1969 ), #2788 ) ;
#967 = EDGE_CURVE ( 'NONE', #1286, #1408, #2497, .T. ) ;
#968 = PLANE ( 'NONE',  #1126 ) ;
#969 = SURFACE_STYLE_FILL_AREA ( #297 ) ;
#970 = ORIENTED_EDGE ( 'NONE', *, *, #1660, .T. ) ;
#971 = DIRECTION ( 'NONE',  ( 0.0000000000000000000, 0.0000000000000000000, 1.000000000000000000 ) ) ;
#972 = CARTESIAN_POINT ( 'NONE',  ( -0.1199999970200000265, -0.1199999970199999294, 8.539999961853000698 ) ) ;
#973 = VERTEX_POINT ( 'NONE', #2101 ) ;
#974 =( NAMED_UNIT ( * ) PLANE_ANGLE_UNIT ( ) SI_UNIT ( $, .RADIAN. ) );
#975 = ORIENTED_EDGE ( 'NONE', *, *, #599, .T. ) ;
#976 = SURFACE_SIDE_STYLE ('',( #741 ) ) ;
#977 = EDGE_CURVE ( 'NONE', #2279, #986, #2265, .T. ) ;
#978 = ORIENTED_EDGE ( 'NONE', *, *, #1961, .F. ) ;
#979 = EDGE_CURVE ( 'NONE', #1587, #1074, #1617, .T. ) ;
#980 = SURFACE_SIDE_STYLE ('',( #2476 ) ) ;
#981 = AXIS2_PLACEMENT_3D ( 'NONE', #224, #31, #1085 ) ;
#982 = PLANE ( 'NONE',  #1489 ) ;
#983 = STYLED_ITEM ( 'NONE', ( #1910 ), #147 ) ;
#984 = MECHANICAL_DESIGN_GEOMETRIC_PRESENTATION_REPRESENTATION (  '', ( #2773 ), #1027 ) ;
#985 =( NAMED_UNIT ( * ) SI_UNIT ( $, .STERADIAN. ) SOLID_ANGLE_UNIT ( ) );
#986 = VERTEX_POINT ( 'NONE', #1001 ) ;
#987 = LINE ( 'NONE', #2699, #954 ) ;
#988 = VECTOR ( 'NONE', #698, 1000.000000000000000 ) ;
#989 = DIRECTION ( 'NONE',  ( 0.0000000000000000000, 0.0000000000000000000, 1.000000000000000000 ) ) ;
#990 =( LENGTH_UNIT ( ) NAMED_UNIT ( * ) SI_UNIT ( .MILLI., .METRE. ) );
#991 = DIRECTION ( 'NONE',  ( 0.0000000000000000000, -0.7071067811865474617, 0.7071067811865474617 ) ) ;
#992 = CARTESIAN_POINT ( 'NONE',  ( -0.3199999999999999512, -0.3199999999999999512, 2.289999961853000254 ) ) ;
#993 = VECTOR ( 'NONE', #717, 1000.000000000000000 ) ;
#994 = ORIENTED_EDGE ( 'NONE', *, *, #1815, .F. ) ;
#995 = PLANE ( 'NONE',  #1159 ) ;
#996 = COLOUR_RGB ( '',0.09411764705882352811, 0.09411764705882352811, 0.09411764705882352811 ) ;
#997 = PLANE ( 'NONE',  #957 ) ;
#998 =( GEOMETRIC_REPRESENTATION_CONTEXT ( 3 ) GLOBAL_UNCERTAINTY_ASSIGNED_CONTEXT ( ( #2301 ) ) GLOBAL_UNIT_ASSIGNED_CONTEXT ( ( #1191, #2738, #289 ) ) REPRESENTATION_CONTEXT ( 'NONE', 'WORKASPACE' ) );
#999 = EDGE_CURVE ( 'NONE', #719, #1109, #1367, .T. ) ;
#1000 = ORIENTED_EDGE ( 'NONE', *, *, #203, .F. ) ;
#1001 = CARTESIAN_POINT ( 'NONE',  ( 0.3200000000000003952, 0.3200000000000001732, 8.339999958872999386 ) ) ;
#1002 = MECHANICAL_DESIGN_GEOMETRIC_PRESENTATION_REPRESENTATION (  '', ( #80 ), #2608 ) ;
#1003 = ORIENTED_EDGE ( 'NONE', *, *, #2036, .F. ) ;
#1004 =( NAMED_UNIT ( * ) PLANE_ANGLE_UNIT ( ) SI_UNIT ( $, .RADIAN. ) );
#1005 =( GEOMETRIC_REPRESENTATION_CONTEXT ( 3 ) GLOBAL_UNCERTAINTY_ASSIGNED_CONTEXT ( ( #2229 ) ) GLOBAL_UNIT_ASSIGNED_CONTEXT ( ( #2414, #416, #2167 ) ) REPRESENTATION_CONTEXT ( 'NONE', 'WORKASPACE' ) );
#1006 = VECTOR ( 'NONE', #475, 999.9999999999998863 ) ;
#1007 = DIRECTION ( 'NONE',  ( 0.5773502691896268413, 0.5773502691896247319, 0.5773502691896255090 ) ) ;
#1008 = DIRECTION ( 'NONE',  ( 1.000000000000000000, 0.0000000000000000000, -0.0000000000000000000 ) ) ;
#1009 = CARTESIAN_POINT ( 'NONE',  ( -1.270000000000000018, 1.245000000000000329, 0.0000000000000000000 ) ) ;
#1010 = LINE ( 'NONE', #1884, #1520 ) ;
#1011 = ADVANCED_BREP_SHAPE_REPRESENTATION ( '', ( #1465, #525, #1546 ), #2620 ) ;
#1012 = ORIENTED_EDGE ( 'NONE', *, *, #2385, .F. ) ;
#1013 = EDGE_LOOP ( 'NONE', ( #1079, #735, #106, #2835 ) ) ;
#1014 = EDGE_CURVE ( 'NONE', #288, #2593, #1407, .T. ) ;
#1015 = DIRECTION ( 'NONE',  ( -1.000000000000000000, 0.0000000000000000000, -0.0000000000000000000 ) ) ;
#1016 = ORIENTED_EDGE ( 'NONE', *, *, #750, .F. ) ;
#1017 = DIRECTION ( 'NONE',  ( 0.0000000000000000000, 0.0000000000000000000, 1.000000000000000000 ) ) ;
#1018 = FILL_AREA_STYLE ('',( #2122 ) ) ;
#1019 =( NAMED_UNIT ( * ) SI_UNIT ( $, .STERADIAN. ) SOLID_ANGLE_UNIT ( ) );
#1020 = FACE_OUTER_BOUND ( 'NONE', #1720, .T. ) ;
#1021 = CARTESIAN_POINT ( 'NONE',  ( -0.1199999970199998184, -0.3200000000000000067, -3.000000000000000000 ) ) ;
#1022 = CARTESIAN_POINT ( 'NONE',  ( -0.3200000000000000067, 0.3200000000000000067, -3.000000000000000000 ) ) ;
#1023 = VERTEX_POINT ( 'NONE', #1632 ) ;
#1024 = COLOUR_RGB ( '',0.09411764705882352811, 0.09411764705882352811, 0.09411764705882352811 ) ;
#1025 = DIRECTION ( 'NONE',  ( 0.7071067811865474617, -0.7071067811865474617, 0.0000000000000000000 ) ) ;
#1026 = ORIENTED_EDGE ( 'NONE', *, *, #2467, .F. ) ;
#1027 =( GEOMETRIC_REPRESENTATION_CONTEXT ( 3 ) GLOBAL_UNCERTAINTY_ASSIGNED_CONTEXT ( ( #810 ) ) GLOBAL_UNIT_ASSIGNED_CONTEXT ( ( #825, #1273, #1654 ) ) REPRESENTATION_CONTEXT ( 'NONE', 'WORKASPACE' ) );
#1028 = ORIENTED_EDGE ( 'NONE', *, *, #1055, .T. ) ;
#1029 = CARTESIAN_POINT ( 'NONE',  ( 1.270000000000000018, 0.9449999880789999862, 0.0000000000000000000 ) ) ;
#1030 = AXIS2_PLACEMENT_3D ( 'NONE', #371, #2364, #1025 ) ;
#1031 = MECHANICAL_DESIGN_GEOMETRIC_PRESENTATION_REPRESENTATION (  '', ( #2552 ), #2640 ) ;
#1032 = FILL_AREA_STYLE_COLOUR ( '', #2309 ) ;
#1033 = ADVANCED_FACE ( 'NONE', ( #1178 ), #2039, .T. ) ;
#1034 = PRESENTATION_LAYER_ASSIGNMENT (  '', '', ( #1805 ) ) ;
#1035 =( NAMED_UNIT ( * ) PLANE_ANGLE_UNIT ( ) SI_UNIT ( $, .RADIAN. ) );
#1036 = LINE ( 'NONE', #1787, #988 ) ;
#1037 = CARTESIAN_POINT ( 'NONE',  ( 0.9699999880791252416, 1.245000000000125118, 0.0000000000000000000 ) ) ;
#1038 = PRESENTATION_STYLE_ASSIGNMENT (( #1924 ) ) ;
#1039 = SURFACE_STYLE_USAGE ( .BOTH. , #1711 ) ;
#1040 =( NAMED_UNIT ( * ) PLANE_ANGLE_UNIT ( ) SI_UNIT ( $, .RADIAN. ) );
#1041 = DIRECTION ( 'NONE',  ( -0.7071067811865474617, -0.7071067811865474617, 0.0000000000000000000 ) ) ;
#1042 = ORIENTED_EDGE ( 'NONE', *, *, #2685, .T. ) ;
#1043 =( LENGTH_UNIT ( ) NAMED_UNIT ( * ) SI_UNIT ( .MILLI., .METRE. ) );
#1044 = ORIENTED_EDGE ( 'NONE', *, *, #2112, .F. ) ;
#1045 = DIRECTION ( 'NONE',  ( -0.0000000000000000000, 0.0000000000000000000, 1.000000000000000000 ) ) ;
#1046 = DIRECTION ( 'NONE',  ( -1.000000000000000000, 0.0000000000000000000, -0.0000000000000000000 ) ) ;
#1047 = COLOUR_RGB ( '',0.09411764705882352811, 0.09411764705882352811, 0.09411764705882352811 ) ;
#1048 =( NAMED_UNIT ( * ) SI_UNIT ( $, .STERADIAN. ) SOLID_ANGLE_UNIT ( ) );
#1049 = CARTESIAN_POINT ( 'NONE',  ( 0.3200000000000000067, -0.3200000000000000067, 2.289999961853000254 ) ) ;
#1050 = PRESENTATION_LAYER_ASSIGNMENT (  '', '', ( #1671 ) ) ;
#1051 = LINE ( 'NONE', #584, #1814 ) ;
#1052 = ADVANCED_FACE ( 'NONE', ( #2339 ), #1699, .T. ) ;
#1053 = VECTOR ( 'NONE', #1170, 1000.000000000000000 ) ;
#1054 = PRESENTATION_LAYER_ASSIGNMENT (  '', '', ( #1591 ) ) ;
#1055 = EDGE_CURVE ( 'NONE', #1529, #2513, #386, .T. ) ;
#1056 = CARTESIAN_POINT ( 'NONE',  ( -0.3200000000000000067, 0.3200000000000000067, -2.799999997020000020 ) ) ;
#1057 = EDGE_LOOP ( 'NONE', ( #1206, #2129, #1250, #1618 ) ) ;
#1058 = FILL_AREA_STYLE ('',( #611 ) ) ;
#1059 = CARTESIAN_POINT ( 'NONE',  ( 3.809999961852999828, 0.9449999880789999862, 0.0000000000000000000 ) ) ;
#1060 = ORIENTED_EDGE ( 'NONE', *, *, #1114, .F. ) ;
#1061 = FACE_OUTER_BOUND ( 'NONE', #1341, .T. ) ;
#1062 = CARTESIAN_POINT ( 'NONE',  ( 1.270000000000000018, 1.245000000000000329, 0.3000000119210000094 ) ) ;
#1063 = DIRECTION ( 'NONE',  ( 0.0000000000000000000, -0.0000000000000000000, 1.000000000000000000 ) ) ;
#1064 = FILL_AREA_STYLE_COLOUR ( '', #1477 ) ;
#1065 = PLANE ( 'NONE',  #354 ) ;
#1066 = EDGE_CURVE ( 'NONE', #1752, #1406, #1248, .T. ) ;
#1067 = PLANE ( 'NONE',  #1469 ) ;
#1068 = EDGE_CURVE ( 'NONE', #1826, #1173, #1438, .T. ) ;
#1069 = SURFACE_SIDE_STYLE ('',( #1780 ) ) ;
#1070 = FILL_AREA_STYLE ('',( #398 ) ) ;
#1071 = CARTESIAN_POINT ( 'NONE',  ( -0.3200000000000000067, 0.3200000000000000067, 2.289999961853000254 ) ) ;
#1072 = SURFACE_STYLE_USAGE ( .BOTH. , #1972 ) ;
#1073 = UNCERTAINTY_MEASURE_WITH_UNIT (LENGTH_MEASURE( 1.000000000000000082E-05 ), #2836, 'distance_accuracy_value', 'NONE');
#1074 = VERTEX_POINT ( 'NONE', #2128 ) ;
#1075 = SURFACE_STYLE_FILL_AREA ( #1490 ) ;
#1076 = MECHANICAL_DESIGN_GEOMETRIC_PRESENTATION_REPRESENTATION (  '', ( #2509 ), #1991 ) ;
#1077 =( GEOMETRIC_REPRESENTATION_CONTEXT ( 3 ) GLOBAL_UNCERTAINTY_ASSIGNED_CONTEXT ( ( #1635 ) ) GLOBAL_UNIT_ASSIGNED_CONTEXT ( ( #2254, #667, #1142 ) ) REPRESENTATION_CONTEXT ( 'NONE', 'WORKASPACE' ) );
#1078 = SURFACE_STYLE_FILL_AREA ( #852 ) ;
#1079 = ORIENTED_EDGE ( 'NONE', *, *, #2027, .F. ) ;
#1080 =( LENGTH_UNIT ( ) NAMED_UNIT ( * ) SI_UNIT ( .MILLI., .METRE. ) );
#1081 =( NAMED_UNIT ( * ) SI_UNIT ( $, .STERADIAN. ) SOLID_ANGLE_UNIT ( ) );
#1082 = EDGE_CURVE ( 'NONE', #2115, #1983, #2142, .T. ) ;
#1083 = DIRECTION ( 'NONE',  ( 1.000000000000000000, 0.0000000000000000000, 0.0000000000000000000 ) ) ;
#1084 = ORIENTED_EDGE ( 'NONE', *, *, #2718, .F. ) ;
#1085 = DIRECTION ( 'NONE',  ( 0.0000000000000000000, -0.0000000000000000000, 1.000000000000000000 ) ) ;
#1086 = AXIS2_PLACEMENT_3D ( 'NONE', #917, #1099, #2 ) ;
#1087 = ORIENTED_EDGE ( 'NONE', *, *, #2800, .T. ) ;
#1088 = STYLED_ITEM ( 'NONE', ( #2705 ), #2204 ) ;
#1089 = FILL_AREA_STYLE ('',( #1949 ) ) ;
#1090 = COLOUR_RGB ( '',0.09411764705882352811, 0.09411764705882352811, 0.09411764705882352811 ) ;
#1091 = SURFACE_STYLE_USAGE ( .BOTH. , #2198 ) ;
#1092 = PRESENTATION_STYLE_ASSIGNMENT (( #254 ) ) ;
#1093 = MECHANICAL_DESIGN_GEOMETRIC_PRESENTATION_REPRESENTATION (  '', ( #2568 ), #2752 ) ;
#1094 = VECTOR ( 'NONE', #1283, 1000.000000000000114 ) ;
#1095 = CARTESIAN_POINT ( 'NONE',  ( 2.859999961853000094, -0.3200000000000000067, -3.000000000000000000 ) ) ;
#1096 = UNCERTAINTY_MEASURE_WITH_UNIT (LENGTH_MEASURE( 1.000000000000000082E-05 ), #2433, 'distance_accuracy_value', 'NONE');
#1097 = EDGE_CURVE ( 'NONE', #1752, #1277, #1454, .T. ) ;
#1098 = SURFACE_STYLE_USAGE ( .BOTH. , #1737 ) ;
#1099 = DIRECTION ( 'NONE',  ( -0.7071067811865475727, 0.7071067811865475727, 0.0000000000000000000 ) ) ;
#1100 =( NAMED_UNIT ( * ) PLANE_ANGLE_UNIT ( ) SI_UNIT ( $, .RADIAN. ) );
#1101 = CARTESIAN_POINT ( 'NONE',  ( 0.3199999999999999512, -0.3200000000000000622, 0.3000000119210001204 ) ) ;
#1102 =( LENGTH_UNIT ( ) NAMED_UNIT ( * ) SI_UNIT ( .MILLI., .METRE. ) );
#1103 = LINE ( 'NONE', #687, #1751 ) ;
#1104 =( NAMED_UNIT ( * ) SI_UNIT ( $, .STERADIAN. ) SOLID_ANGLE_UNIT ( ) );
#1105 = CARTESIAN_POINT ( 'NONE',  ( 3.809999961853499872, -0.9449999880795001417, 0.0000000000000000000 ) ) ;
#1106 = FILL_AREA_STYLE ('',( #2172 ) ) ;
#1107 = CARTESIAN_POINT ( 'NONE',  ( -1.270000000000000018, 0.9449999880790000972, 0.0000000000000000000 ) ) ;
#1108 =( LENGTH_UNIT ( ) NAMED_UNIT ( * ) SI_UNIT ( .MILLI., .METRE. ) );
#1109 = VERTEX_POINT ( 'NONE', #361 ) ;
#1110 = SURFACE_SIDE_STYLE ('',( #633 ) ) ;
#1111 = DIRECTION ( 'NONE',  ( 0.0000000000000000000, -0.0000000000000000000, -1.000000000000000000 ) ) ;
#1112 = MECHANICAL_DESIGN_GEOMETRIC_PRESENTATION_REPRESENTATION (  '', ( #2371 ), #2230 ) ;
#1113 = CARTESIAN_POINT ( 'NONE',  ( -1.270000000000000018, -1.245000000000000329, 0.3000000119210000094 ) ) ;
#1114 = EDGE_CURVE ( 'NONE', #488, #119, #2793, .T. ) ;
#1115 = UNCERTAINTY_MEASURE_WITH_UNIT (LENGTH_MEASURE( 1.000000000000000082E-05 ), #672, 'distance_accuracy_value', 'NONE');
#1116 = STYLED_ITEM ( 'NONE', ( #2288 ), #373 ) ;
#1117 = CARTESIAN_POINT ( 'NONE',  ( -0.3200000000000000067, -0.3200000000000000067, -2.799999997020000020 ) ) ;
#1118 = PRESENTATION_LAYER_ASSIGNMENT (  '', '', ( #754 ) ) ;
#1119 = LINE ( 'NONE', #2611, #918 ) ;
#1120 = CARTESIAN_POINT ( 'NONE',  ( 2.219999961852999970, 0.3200000000000000067, 8.339999958872999386 ) ) ;
#1121 =( NAMED_UNIT ( * ) SI_UNIT ( $, .STERADIAN. ) SOLID_ANGLE_UNIT ( ) );
#1122 = PRODUCT_DEFINITION_CONTEXT ( 'detailed design', #2626, 'design' ) ;
#1123 = DIRECTION ( 'NONE',  ( 1.000000000000000000, 0.0000000000000000000, 0.0000000000000000000 ) ) ;
#1124 = LINE ( 'NONE', #1786, #26 ) ;
#1125 = ORIENTED_EDGE ( 'NONE', *, *, #926, .F. ) ;
#1126 = AXIS2_PLACEMENT_3D ( 'NONE', #2730, #742, #1461 ) ;
#1127 = CARTESIAN_POINT ( 'NONE',  ( 0.3199999999999999512, 0.3199999999999999512, -2.799999997020000020 ) ) ;
#1128 = COLOUR_RGB ( '',1.000000000000000000, 1.000000000000000000, 0.4980392156862745168 ) ;
#1129 = VECTOR ( 'NONE', #1985, 1000.000000000000000 ) ;
#1130 = ADVANCED_FACE ( 'NONE', ( #180 ), #1236, .T. ) ;
#1131 = CARTESIAN_POINT ( 'NONE',  ( 2.219999961852999970, -0.3200000000000000067, -3.000000000000000000 ) ) ;
#1132 = STYLED_ITEM ( 'NONE', ( #699 ), #2184 ) ;
#1133 = CARTESIAN_POINT ( 'NONE',  ( 2.219999961852999970, 0.3200000000000000067, 8.539999961853000698 ) ) ;
#1134 = CARTESIAN_POINT ( 'NONE',  ( 2.659999958872999670, -0.1199999970199999849, -3.000000000000000000 ) ) ;
#1135 = DIRECTION ( 'NONE',  ( -0.0000000000000000000, -0.0000000000000000000, -1.000000000000000000 ) ) ;
#1136 = PRESENTATION_STYLE_ASSIGNMENT (( #1098 ) ) ;
#1137 = EDGE_LOOP ( 'NONE', ( #912, #1833, #1898, #573 ) ) ;
#1138 = DIRECTION ( 'NONE',  ( -0.0000000000000000000, -0.0000000000000000000, -1.000000000000000000 ) ) ;
#1139 =( GEOMETRIC_REPRESENTATION_CONTEXT ( 3 ) GLOBAL_UNCERTAINTY_ASSIGNED_CONTEXT ( ( #1096 ) ) GLOBAL_UNIT_ASSIGNED_CONTEXT ( ( #2433, #2202, #658 ) ) REPRESENTATION_CONTEXT ( 'NONE', 'WORKASPACE' ) );
#1140 = FILL_AREA_STYLE_COLOUR ( '', #2491 ) ;
#1141 = VERTEX_POINT ( 'NONE', #2638 ) ;
#1142 =( NAMED_UNIT ( * ) SI_UNIT ( $, .STERADIAN. ) SOLID_ANGLE_UNIT ( ) );
#1143 = CARTESIAN_POINT ( 'NONE',  ( 2.859999961853000094, -0.3200000000000000067, -3.000000000000000000 ) ) ;
#1144 =( LENGTH_UNIT ( ) NAMED_UNIT ( * ) SI_UNIT ( .MILLI., .METRE. ) );
#1145 = DIRECTION ( 'NONE',  ( 0.7071067811865474617, 0.0000000000000000000, 0.7071067811865474617 ) ) ;
#1146 = ORIENTED_EDGE ( 'NONE', *, *, #41, .T. ) ;
#1147 = ORIENTED_EDGE ( 'NONE', *, *, #745, .F. ) ;
#1148 = SURFACE_SIDE_STYLE ('',( #1589 ) ) ;
#1149 = DIRECTION ( 'NONE',  ( 1.000000000000000000, 0.0000000000000000000, 0.0000000000000000000 ) ) ;
#1150 = EDGE_CURVE ( 'NONE', #488, #1715, #220, .T. ) ;
#1151 = EDGE_CURVE ( 'NONE', #1141, #662, #855, .T. ) ;
#1152 = VERTEX_POINT ( 'NONE', #659 ) ;
#1153 = ORIENTED_EDGE ( 'NONE', *, *, #798, .F. ) ;
#1154 = CARTESIAN_POINT ( 'NONE',  ( 3.509999949932249841, -1.245000000000250351, 2.289999961853000698 ) ) ;
#1155 = ORIENTED_EDGE ( 'NONE', *, *, #2112, .T. ) ;
#1156 = SURFACE_STYLE_USAGE ( .BOTH. , #277 ) ;
#1157 = CARTESIAN_POINT ( 'NONE',  ( 2.219999961852999970, 0.3200000000000000622, 0.3000000119210000649 ) ) ;
#1158 = MECHANICAL_DESIGN_GEOMETRIC_PRESENTATION_REPRESENTATION (  '', ( #1850 ), #945 ) ;
#1159 = AXIS2_PLACEMENT_3D ( 'NONE', #280, #2540, #2273 ) ;
#1160 = ORIENTED_EDGE ( 'NONE', *, *, #250, .F. ) ;
#1161 = CARTESIAN_POINT ( 'NONE',  ( 3.509999949932125496, 1.245000000000125118, 0.0000000000000000000 ) ) ;
#1162 = AXIS2_PLACEMENT_3D ( 'NONE', #1872, #527, #1604 ) ;
#1163 = COLOUR_RGB ( '',1.000000000000000000, 1.000000000000000000, 0.4980392156862745168 ) ;
#1164 = CARTESIAN_POINT ( 'NONE',  ( 0.2199999985099999888, 0.3200000000000000067, -2.899999998509999788 ) ) ;
#1165 = STYLED_ITEM ( 'NONE', ( #159 ), #1314 ) ;
#1166 = VECTOR ( 'NONE', #593, 1000.000000000000000 ) ;
#1167 = EDGE_LOOP ( 'NONE', ( #2501, #2841, #1087, #2363 ) ) ;
#1168 = ADVANCED_FACE ( 'NONE', ( #1322 ), #2420, .T. ) ;
#1169 = CARTESIAN_POINT ( 'NONE',  ( -0.3200000000000001732, -0.3199999999999999512, -2.799999997020000020 ) ) ;
#1170 = DIRECTION ( 'NONE',  ( -0.0000000000000000000, -0.0000000000000000000, -1.000000000000000000 ) ) ;
#1171 = SURFACE_SIDE_STYLE ('',( #1595 ) ) ;
#1172 = SURFACE_STYLE_USAGE ( .BOTH. , #1332 ) ;
#1173 = VERTEX_POINT ( 'NONE', #638 ) ;
#1174 = MECHANICAL_DESIGN_GEOMETRIC_PRESENTATION_REPRESENTATION (  '', ( #2393 ), #812 ) ;
#1175 = PRESENTATION_STYLE_ASSIGNMENT (( #2529 ) ) ;
#1176 = FILL_AREA_STYLE_COLOUR ( '', #169 ) ;
#1177 = ORIENTED_EDGE ( 'NONE', *, *, #1196, .F. ) ;
#1178 = FACE_OUTER_BOUND ( 'NONE', #505, .T. ) ;
#1179 = DIRECTION ( 'NONE',  ( 0.0000000000000000000, -0.7071067811865474617, -0.7071067811865474617 ) ) ;
#1180 = PRESENTATION_LAYER_ASSIGNMENT (  '', '', ( #1445 ) ) ;
#1181 = ADVANCED_FACE ( 'NONE', ( #234 ), #468, .F. ) ;
#1182 = FILL_AREA_STYLE_COLOUR ( '', #1090 ) ;
#1183 = PRODUCT_RELATED_PRODUCT_CATEGORY ( 'part', '', ( #650 ) ) ;
#1184 = ADVANCED_FACE ( 'NONE', ( #2052 ), #1392, .T. ) ;
#1185 = ORIENTED_EDGE ( 'NONE', *, *, #343, .T. ) ;
#1186 = DIRECTION ( 'NONE',  ( -0.0000000000000000000, -0.0000000000000000000, -1.000000000000000000 ) ) ;
#1187 = DIRECTION ( 'NONE',  ( -0.0000000000000000000, 0.0000000000000000000, -1.000000000000000000 ) ) ;
#1188 = DIRECTION ( 'NONE',  ( 0.0000000000000000000, -0.0000000000000000000, -1.000000000000000000 ) ) ;
#1189 = DIRECTION ( 'NONE',  ( 0.0000000000000000000, 0.0000000000000000000, 1.000000000000000000 ) ) ;
#1190 = ORIENTED_EDGE ( 'NONE', *, *, #893, .T. ) ;
#1191 =( LENGTH_UNIT ( ) NAMED_UNIT ( * ) SI_UNIT ( .MILLI., .METRE. ) );
#1192 = ORIENTED_EDGE ( 'NONE', *, *, #977, .T. ) ;
#1193 = SURFACE_STYLE_USAGE ( .BOTH. , #2086 ) ;
#1194 = SURFACE_SIDE_STYLE ('',( #2330 ) ) ;
#1195 =( NAMED_UNIT ( * ) PLANE_ANGLE_UNIT ( ) SI_UNIT ( $, .RADIAN. ) );
#1196 = EDGE_CURVE ( 'NONE', #288, #488, #761, .T. ) ;
#1197 =( LENGTH_UNIT ( ) NAMED_UNIT ( * ) SI_UNIT ( .MILLI., .METRE. ) );
#1198 = STYLED_ITEM ( 'NONE', ( #1573 ), #40 ) ;
#1199 = ORIENTED_EDGE ( 'NONE', *, *, #2489, .T. ) ;
#1200 = DIRECTION ( 'NONE',  ( 0.0000000000000000000, 1.000000000000000000, 0.0000000000000000000 ) ) ;
#1201 =( LENGTH_UNIT ( ) NAMED_UNIT ( * ) SI_UNIT ( .MILLI., .METRE. ) );
#1202 = AXIS2_PLACEMENT_3D ( 'NONE', #1029, #2796, #2342 ) ;
#1203 = FACE_OUTER_BOUND ( 'NONE', #751, .T. ) ;
#1204 = PRESENTATION_LAYER_ASSIGNMENT (  '', '', ( #1843 ) ) ;
#1205 = VECTOR ( 'NONE', #2155, 1000.000000000000000 ) ;
#1206 = ORIENTED_EDGE ( 'NONE', *, *, #2319, .F. ) ;
#1207 = AXIS2_PLACEMENT_3D ( 'NONE', #1647, #1230, #2785 ) ;
#1208 = ORIENTED_EDGE ( 'NONE', *, *, #2416, .T. ) ;
#1209 = VECTOR ( 'NONE', #2708, 1000.000000000000000 ) ;
#1210 = MECHANICAL_DESIGN_GEOMETRIC_PRESENTATION_REPRESENTATION (  '', ( #1415 ), #2425 ) ;
#1211 =( NAMED_UNIT ( * ) PLANE_ANGLE_UNIT ( ) SI_UNIT ( $, .RADIAN. ) );
#1212 =( LENGTH_UNIT ( ) NAMED_UNIT ( * ) SI_UNIT ( .MILLI., .METRE. ) );
#1213 = CARTESIAN_POINT ( 'NONE',  ( 3.809999961853062000, -0.9449999880790626028, 0.3000000119210000094 ) ) ;
#1214 = SURFACE_STYLE_FILL_AREA ( #774 ) ;
#1215 =( GEOMETRIC_REPRESENTATION_CONTEXT ( 3 ) GLOBAL_UNCERTAINTY_ASSIGNED_CONTEXT ( ( #2144 ) ) GLOBAL_UNIT_ASSIGNED_CONTEXT ( ( #1348, #2690, #2077 ) ) REPRESENTATION_CONTEXT ( 'NONE', 'WORKASPACE' ) );
#1216 = EDGE_CURVE ( 'NONE', #930, #2328, #1791, .T. ) ;
#1217 = CARTESIAN_POINT ( 'NONE',  ( -1.119999994040000058, 1.094999994039999924, 0.0000000000000000000 ) ) ;
#1218 = CARTESIAN_POINT ( 'NONE',  ( 0.3200000000000001732, -0.3200000000000003952, 8.339999958872999386 ) ) ;
#1219 = LINE ( 'NONE', #2351, #2154 ) ;
#1220 = EDGE_LOOP ( 'NONE', ( #495, #1556, #190, #194 ) ) ;
#1221 = SURFACE_STYLE_USAGE ( .BOTH. , #807 ) ;
#1222 = STYLED_ITEM ( 'NONE', ( #1414 ), #2303 ) ;
#1223 = EDGE_LOOP ( 'NONE', ( #146, #500, #994, #626 ) ) ;
#1224 = LINE ( 'NONE', #1916, #76 ) ;
#1225 = VECTOR ( 'NONE', #1582, 1000.000000000000114 ) ;
#1226 = ORIENTED_EDGE ( 'NONE', *, *, #22, .F. ) ;
#1227 = DIRECTION ( 'NONE',  ( -0.0000000000000000000, 0.7071067811865475727, 0.7071067811865475727 ) ) ;
#1228 = PLANE ( 'NONE',  #131 ) ;
#1229 = COLOUR_RGB ( '',0.7921568627450980005, 0.8196078431372548767, 0.9333333333333333481 ) ;
#1230 = DIRECTION ( 'NONE',  ( 0.0000000000000000000, 0.7071067811865475727, 0.7071067811865475727 ) ) ;
#1231 = PLANE ( 'NONE',  #1909 ) ;
#1232 = DIRECTION ( 'NONE',  ( -0.0000000000000000000, 0.0000000000000000000, -1.000000000000000000 ) ) ;
#1233 = DIRECTION ( 'NONE',  ( 0.5773502691896250649, 0.5773502691896262862, 0.5773502691896261751 ) ) ;
#1234 = FACE_OUTER_BOUND ( 'NONE', #2483, .T. ) ;
#1235 = ORIENTED_EDGE ( 'NONE', *, *, #1452, .F. ) ;
#1236 = PLANE ( 'NONE',  #941 ) ;
#1237 = ORIENTED_EDGE ( 'NONE', *, *, #2299, .T. ) ;
#1238 = SURFACE_STYLE_FILL_AREA ( #1472 ) ;
#1239 = EDGE_CURVE ( 'NONE', #2219, #1715, #507, .T. ) ;
#1240 = UNCERTAINTY_MEASURE_WITH_UNIT (LENGTH_MEASURE( 1.000000000000000082E-05 ), #2711, 'distance_accuracy_value', 'NONE');
#1241 = ORIENTED_EDGE ( 'NONE', *, *, #769, .F. ) ;
#1242 = FACE_OUTER_BOUND ( 'NONE', #133, .T. ) ;
#1243 = DIRECTION ( 'NONE',  ( 0.0000000000000000000, -0.0000000000000000000, -1.000000000000000000 ) ) ;
#1244 = PRESENTATION_STYLE_ASSIGNMENT (( #1039 ) ) ;
#1245 = CARTESIAN_POINT ( 'NONE',  ( -1.119999994040000058, -1.094999994039999924, 0.0000000000000000000 ) ) ;
#1246 = STYLED_ITEM ( 'NONE', ( #378 ), #763 ) ;
#1247 = MECHANICAL_DESIGN_GEOMETRIC_PRESENTATION_REPRESENTATION (  '', ( #2506 ), #743 ) ;
#1248 = LINE ( 'NONE', #1897, #1702 ) ;
#1249 =( LENGTH_UNIT ( ) NAMED_UNIT ( * ) SI_UNIT ( .MILLI., .METRE. ) );
#1250 = ORIENTED_EDGE ( 'NONE', *, *, #1401, .T. ) ;
#1251 = EDGE_CURVE ( 'NONE', #2791, #1286, #924, .T. ) ;
#1252 = COLOUR_RGB ( '',0.09411764705882352811, 0.09411764705882352811, 0.09411764705882352811 ) ;
#1253 = FILL_AREA_STYLE_COLOUR ( '', #1674 ) ;
#1254 = DIRECTION ( 'NONE',  ( 1.000000000000000000, 0.0000000000000000000, 0.0000000000000000000 ) ) ;
#1255 = CARTESIAN_POINT ( 'NONE',  ( 1.269999961853000015, 1.245000000000000329, 0.0000000000000000000 ) ) ;
#1256 = CARTESIAN_POINT ( 'NONE',  ( -1.270000000000125251, -0.9449999880791249973, 0.0000000000000000000 ) ) ;
#1257 = VECTOR ( 'NONE', #1008, 1000.000000000000000 ) ;
#1258 = ORIENTED_EDGE ( 'NONE', *, *, #1325, .F. ) ;
#1259 = DIRECTION ( 'NONE',  ( 1.000000000000000000, 0.0000000000000000000, -0.0000000000000000000 ) ) ;
#1260 =( NAMED_UNIT ( * ) PLANE_ANGLE_UNIT ( ) SI_UNIT ( $, .RADIAN. ) );
#1261 = UNCERTAINTY_MEASURE_WITH_UNIT (LENGTH_MEASURE( 1.000000000000000082E-05 ), #784, 'distance_accuracy_value', 'NONE');
#1262 = ORIENTED_EDGE ( 'NONE', *, *, #534, .T. ) ;
#1263 = LINE ( 'NONE', #2160, #2814 ) ;
#1264 = COLOUR_RGB ( '',1.000000000000000000, 1.000000000000000000, 0.4980392156862745168 ) ;
#1265 = EDGE_CURVE ( 'NONE', #1826, #117, #1377, .T. ) ;
#1266 = ADVANCED_FACE ( 'NONE', ( #281 ), #2674, .T. ) ;
#1267 =( GEOMETRIC_REPRESENTATION_CONTEXT ( 3 ) GLOBAL_UNCERTAINTY_ASSIGNED_CONTEXT ( ( #2174 ) ) GLOBAL_UNIT_ASSIGNED_CONTEXT ( ( #643, #1100, #3 ) ) REPRESENTATION_CONTEXT ( 'NONE', 'WORKASPACE' ) );
#1268 = LINE ( 'NONE', #139, #286 ) ;
#1269 = STYLED_ITEM ( 'NONE', ( #1284 ), #1011 ) ;
#1270 = CARTESIAN_POINT ( 'NONE',  ( -1.270000000000125251, 0.9449999880791249973, 0.0000000000000000000 ) ) ;
#1271 = VERTEX_POINT ( 'NONE', #2362 ) ;
#1272 = CARTESIAN_POINT ( 'NONE',  ( 2.219999961852999970, 0.3200000000000000067, -3.000000000000000000 ) ) ;
#1273 =( NAMED_UNIT ( * ) PLANE_ANGLE_UNIT ( ) SI_UNIT ( $, .RADIAN. ) );
#1274 = ORIENTED_EDGE ( 'NONE', *, *, #269, .T. ) ;
#1275 = CARTESIAN_POINT ( 'NONE',  ( 3.509999949931999819, -1.245000000000000329, 0.0000000000000000000 ) ) ;
#1276 = DIRECTION ( 'NONE',  ( 0.5773502691896268413, -0.5773502691896246208, -0.5773502691896258421 ) ) ;
#1277 = VERTEX_POINT ( 'NONE', #1650 ) ;
#1278 = CARTESIAN_POINT ( 'NONE',  ( 1.119999994040000058, 1.094999994039999924, 0.0000000000000000000 ) ) ;
#1279 = FILL_AREA_STYLE_COLOUR ( '', #244 ) ;
#1280 = EDGE_CURVE ( 'NONE', #2534, #2473, #1694, .T. ) ;
#1281 = ORIENTED_EDGE ( 'NONE', *, *, #82, .T. ) ;
#1282 = ORIENTED_EDGE ( 'NONE', *, *, #1832, .F. ) ;
#1283 = DIRECTION ( 'NONE',  ( 0.7071067811865474617, -0.7071067811865474617, -0.0000000000000000000 ) ) ;
#1284 = PRESENTATION_STYLE_ASSIGNMENT (( #1072 ) ) ;
#1285 = AXIS2_PLACEMENT_3D ( 'NONE', #413, #1726, #618 ) ;
#1286 = VERTEX_POINT ( 'NONE', #821 ) ;
#1287 = FACE_OUTER_BOUND ( 'NONE', #178, .T. ) ;
#1288 = VECTOR ( 'NONE', #759, 1000.000000000000000 ) ;
#1289 = MECHANICAL_DESIGN_GEOMETRIC_PRESENTATION_REPRESENTATION (  '', ( #467 ), #292 ) ;
#1290 =( NAMED_UNIT ( * ) SI_UNIT ( $, .STERADIAN. ) SOLID_ANGLE_UNIT ( ) );
#1291 = VECTOR ( 'NONE', #1007, 1000.000000000000114 ) ;
#1292 = CARTESIAN_POINT ( 'NONE',  ( 3.809999961853125061, 0.9449999880791249973, 0.0000000000000000000 ) ) ;
#1293 = VECTOR ( 'NONE', #2029, 1000.000000000000000 ) ;
#1294 = DIRECTION ( 'NONE',  ( 0.0000000000000000000, 0.0000000000000000000, -1.000000000000000000 ) ) ;
#1295 = EDGE_CURVE ( 'NONE', #758, #1173, #2100, .T. ) ;
#1296 = SURFACE_SIDE_STYLE ('',( #656 ) ) ;
#1297 = FACE_OUTER_BOUND ( 'NONE', #694, .T. ) ;
#1298 = AXIS2_PLACEMENT_3D ( 'NONE', #68, #2289, #1609 ) ;
#1299 = MECHANICAL_DESIGN_GEOMETRIC_PRESENTATION_REPRESENTATION (  '', ( #524 ), #255 ) ;
#1300 =( NAMED_UNIT ( * ) PLANE_ANGLE_UNIT ( ) SI_UNIT ( $, .RADIAN. ) );
#1301 = DIRECTION ( 'NONE',  ( -0.0000000000000000000, 1.000000000000000000, 0.0000000000000000000 ) ) ;
#1302 =( GEOMETRIC_REPRESENTATION_CONTEXT ( 3 ) GLOBAL_UNCERTAINTY_ASSIGNED_CONTEXT ( ( #1957 ) ) GLOBAL_UNIT_ASSIGNED_CONTEXT ( ( #7, #1713, #1104 ) ) REPRESENTATION_CONTEXT ( 'NONE', 'WORKASPACE' ) );
#1303 =( NAMED_UNIT ( * ) SI_UNIT ( $, .STERADIAN. ) SOLID_ANGLE_UNIT ( ) );
#1304 = UNCERTAINTY_MEASURE_WITH_UNIT (LENGTH_MEASURE( 1.000000000000000082E-05 ), #847, 'distance_accuracy_value', 'NONE');
#1305 = CARTESIAN_POINT ( 'NONE',  ( -1.270000000000000018, -0.9449999880789999862, 0.3000000119210000094 ) ) ;
#1306 = CARTESIAN_POINT ( 'NONE',  ( 3.659999955892999868, 1.094999994039999924, 0.0000000000000000000 ) ) ;
#1307 = DIRECTION ( 'NONE',  ( 1.000000000000000000, 0.0000000000000000000, -0.0000000000000000000 ) ) ;
#1308 = VECTOR ( 'NONE', #1733, 1000.000000000000000 ) ;
#1309 =( NAMED_UNIT ( * ) PLANE_ANGLE_UNIT ( ) SI_UNIT ( $, .RADIAN. ) );
#1310 = LINE ( 'NONE', #1107, #2346 ) ;
#1311 = SURFACE_SIDE_STYLE ('',( #2189 ) ) ;
#1312 = UNCERTAINTY_MEASURE_WITH_UNIT (LENGTH_MEASURE( 1.000000000000000082E-05 ), #1212, 'distance_accuracy_value', 'NONE');
#1313 =( NAMED_UNIT ( * ) SI_UNIT ( $, .STERADIAN. ) SOLID_ANGLE_UNIT ( ) );
#1314 = ADVANCED_FACE ( 'NONE', ( #1234 ), #1911, .T. ) ;
#1315 = PRESENTATION_STYLE_ASSIGNMENT (( #2194 ) ) ;
#1316 = ORIENTED_EDGE ( 'NONE', *, *, #2668, .T. ) ;
#1317 = FACE_OUTER_BOUND ( 'NONE', #1687, .T. ) ;
#1318 = FACE_OUTER_BOUND ( 'NONE', #514, .T. ) ;
#1319 = CARTESIAN_POINT ( 'NONE',  ( 2.419999964832999950, 0.1199999970200000404, 8.539999961853000698 ) ) ;
#1320 = SURFACE_STYLE_USAGE ( .BOTH. , #1999 ) ;
#1321 = LINE ( 'NONE', #218, #648 ) ;
#1322 = FACE_OUTER_BOUND ( 'NONE', #1390, .T. ) ;
#1323 = CARTESIAN_POINT ( 'NONE',  ( 0.3200000000000000067, -0.2199999985099999888, 8.439999960363001819 ) ) ;
#1324 = ORIENTED_EDGE ( 'NONE', *, *, #1379, .F. ) ;
#1325 = EDGE_CURVE ( 'NONE', #1453, #2468, #555, .T. ) ;
#1326 = DIRECTION ( 'NONE',  ( 0.0000000000000000000, -1.000000000000000000, 0.0000000000000000000 ) ) ;
#1327 =( GEOMETRIC_REPRESENTATION_CONTEXT ( 3 ) GLOBAL_UNCERTAINTY_ASSIGNED_CONTEXT ( ( #229 ) ) GLOBAL_UNIT_ASSIGNED_CONTEXT ( ( #83, #1211, #107 ) ) REPRESENTATION_CONTEXT ( 'NONE', 'WORKASPACE' ) );
#1328 = DIRECTION ( 'NONE',  ( 0.0000000000000000000, -0.0000000000000000000, 1.000000000000000000 ) ) ;
#1329 = PRODUCT ( 'User Library-Header_Male_2Pin', 'User Library-Header_Male_2Pin', '', ( #55 ) ) ;
#1330 =( GEOMETRIC_REPRESENTATION_CONTEXT ( 3 ) GLOBAL_UNCERTAINTY_ASSIGNED_CONTEXT ( ( #1686 ) ) GLOBAL_UNIT_ASSIGNED_CONTEXT ( ( #1708, #2828, #78 ) ) REPRESENTATION_CONTEXT ( 'NONE', 'WORKASPACE' ) );
#1331 =( NAMED_UNIT ( * ) SI_UNIT ( $, .STERADIAN. ) SOLID_ANGLE_UNIT ( ) );
#1332 = SURFACE_SIDE_STYLE ('',( #521 ) ) ;
#1333 = PRESENTATION_LAYER_ASSIGNMENT (  '', '', ( #2727 ) ) ;
#1334 = SURFACE_SIDE_STYLE ('',( #1775 ) ) ;
#1335 = MECHANICAL_DESIGN_GEOMETRIC_PRESENTATION_REPRESENTATION (  '', ( #1900 ), #607 ) ;
#1336 = ORIENTED_EDGE ( 'NONE', *, *, #2502, .F. ) ;
#1337 = PRESENTATION_STYLE_ASSIGNMENT (( #2106 ) ) ;
#1338 =( NAMED_UNIT ( * ) PLANE_ANGLE_UNIT ( ) SI_UNIT ( $, .RADIAN. ) );
#1339 = PRODUCT_CONTEXT ( 'NONE', #2380, 'mechanical' ) ;
#1340 = UNCERTAINTY_MEASURE_WITH_UNIT (LENGTH_MEASURE( 1.000000000000000082E-05 ), #2280, 'distance_accuracy_value', 'NONE');
#1341 = EDGE_LOOP ( 'NONE', ( #1344, #975, #440, #1858 ) ) ;
#1342 = PLANE ( 'NONE',  #1086 ) ;
#1343 = LINE ( 'NONE', #2681, #2662 ) ;
#1344 = ORIENTED_EDGE ( 'NONE', *, *, #2619, .F. ) ;
#1345 = DIRECTION ( 'NONE',  ( 0.0000000000000000000, 0.0000000000000000000, 1.000000000000000000 ) ) ;
#1346 = VECTOR ( 'NONE', #2639, 1000.000000000000000 ) ;
#1347 = AXIS2_PLACEMENT_3D ( 'NONE', #1378, #498, #1188 ) ;
#1348 =( LENGTH_UNIT ( ) NAMED_UNIT ( * ) SI_UNIT ( .MILLI., .METRE. ) );
#1349 = EDGE_CURVE ( 'NONE', #2652, #1655, #2802, .T. ) ;
#1350 = EDGE_CURVE ( 'NONE', #2652, #933, #586, .T. ) ;
#1351 = ORIENTED_EDGE ( 'NONE', *, *, #569, .F. ) ;
#1352 = LINE ( 'NONE', #256, #1938 ) ;
#1353 = PRESENTATION_LAYER_ASSIGNMENT (  '', '', ( #1496 ) ) ;
#1354 = DIRECTION ( 'NONE',  ( 1.000000000000000000, 0.0000000000000000000, 0.0000000000000000000 ) ) ;
#1355 = VECTOR ( 'NONE', #1276, 1000.000000000000000 ) ;
#1356 = ORIENTED_EDGE ( 'NONE', *, *, #1385, .F. ) ;
#1357 = CARTESIAN_POINT ( 'NONE',  ( -0.3200000000000000067, 0.3199999999999998401, -2.799999997020000020 ) ) ;
#1358 = ORIENTED_EDGE ( 'NONE', *, *, #967, .T. ) ;
#1359 = CARTESIAN_POINT ( 'NONE',  ( 1.269999961853000015, 0.3200000000000000622, 0.3000000119210000094 ) ) ;
#1360 =( NAMED_UNIT ( * ) SI_UNIT ( $, .STERADIAN. ) SOLID_ANGLE_UNIT ( ) );
#1361 = ORIENTED_EDGE ( 'NONE', *, *, #2216, .F. ) ;
#1362 = EDGE_CURVE ( 'NONE', #1676, #2712, #572, .T. ) ;
#1363 = SURFACE_STYLE_USAGE ( .BOTH. , #1834 ) ;
#1364 =( LENGTH_UNIT ( ) NAMED_UNIT ( * ) SI_UNIT ( .MILLI., .METRE. ) );
#1365 = UNCERTAINTY_MEASURE_WITH_UNIT (LENGTH_MEASURE( 1.000000000000000082E-05 ), #1841, 'distance_accuracy_value', 'NONE');
#1366 = VERTEX_POINT ( 'NONE', #1218 ) ;
#1367 = LINE ( 'NONE', #304, #1894 ) ;
#1368 = EDGE_LOOP ( 'NONE', ( #1865, #1599, #1870, #1190 ) ) ;
#1369 = FILL_AREA_STYLE_COLOUR ( '', #166 ) ;
#1370 = SURFACE_STYLE_FILL_AREA ( #1580 ) ;
#1371 =( GEOMETRIC_REPRESENTATION_CONTEXT ( 3 ) GLOBAL_UNCERTAINTY_ASSIGNED_CONTEXT ( ( #1774 ) ) GLOBAL_UNIT_ASSIGNED_CONTEXT ( ( #1658, #208, #457 ) ) REPRESENTATION_CONTEXT ( 'NONE', 'WORKASPACE' ) );
#1372 = PRESENTATION_LAYER_ASSIGNMENT (  '', '', ( #2773 ) ) ;
#1373 = VECTOR ( 'NONE', #418, 1000.000000000000000 ) ;
#1374 = ORIENTED_EDGE ( 'NONE', *, *, #674, .T. ) ;
#1375 = DIRECTION ( 'NONE',  ( 0.7071067811865474617, 0.7071067811865474617, 0.0000000000000000000 ) ) ;
#1376 = COLOUR_RGB ( '',0.09411764705882352811, 0.09411764705882352811, 0.09411764705882352811 ) ;
#1377 = LINE ( 'NONE', #315, #15 ) ;
#1378 = CARTESIAN_POINT ( 'NONE',  ( 1.270000000000000018, -1.245000000000000329, 0.0000000000000000000 ) ) ;
#1379 = EDGE_CURVE ( 'NONE', #387, #1074, #609, .T. ) ;
#1380 = APPLICATION_PROTOCOL_DEFINITION ( 'draft international standard', 'automotive_design', 1998, #2626 ) ;
#1381 = ORIENTED_EDGE ( 'NONE', *, *, #2384, .T. ) ;
#1382 = FILL_AREA_STYLE_COLOUR ( '', #1990 ) ;
#1383 = ORIENTED_EDGE ( 'NONE', *, *, #2684, .T. ) ;
#1384 = SURFACE_STYLE_FILL_AREA ( #1593 ) ;
#1385 = EDGE_CURVE ( 'NONE', #903, #123, #2111, .T. ) ;
#1386 = EDGE_CURVE ( 'NONE', #117, #542, #835, .T. ) ;
#1387 = PRESENTATION_LAYER_ASSIGNMENT (  '', '', ( #904 ) ) ;
#1388 =( NAMED_UNIT ( * ) SI_UNIT ( $, .STERADIAN. ) SOLID_ANGLE_UNIT ( ) );
#1389 = AXIS2_PLACEMENT_3D ( 'NONE', #2498, #501, #1179 ) ;
#1390 = EDGE_LOOP ( 'NONE', ( #1421, #697, #1316, #1704 ) ) ;
#1391 = LINE ( 'NONE', #2311, #2376 ) ;
#1392 = PLANE ( 'NONE',  #470 ) ;
#1393 = CARTESIAN_POINT ( 'NONE',  ( 1.269999961853000015, 1.245000000000000329, 2.289999961853000254 ) ) ;
#1394 = SHAPE_REPRESENTATION_RELATIONSHIP ( 'NONE' , 'NONE' ,  #602, #1011 ) ;
#1395 = ORIENTED_EDGE ( 'NONE', *, *, #2216, .T. ) ;
#1396 = PRESENTATION_LAYER_ASSIGNMENT (  '', '', ( #2659 ) ) ;
#1397 = DIRECTION ( 'NONE',  ( 0.0000000000000000000, 0.0000000000000000000, 1.000000000000000000 ) ) ;
#1398 = ORIENTED_EDGE ( 'NONE', *, *, #2220, .F. ) ;
#1399 = SURFACE_STYLE_USAGE ( .BOTH. , #753 ) ;
#1400 = UNCERTAINTY_MEASURE_WITH_UNIT (LENGTH_MEASURE( 1.000000000000000082E-05 ), #1201, 'distance_accuracy_value', 'NONE');
#1401 = EDGE_CURVE ( 'NONE', #2000, #1488, #175, .T. ) ;
#1402 = SURFACE_STYLE_FILL_AREA ( #727 ) ;
#1403 =( GEOMETRIC_REPRESENTATION_CONTEXT ( 3 ) GLOBAL_UNCERTAINTY_ASSIGNED_CONTEXT ( ( #1551 ) ) GLOBAL_UNIT_ASSIGNED_CONTEXT ( ( #1765, #2614, #1121 ) ) REPRESENTATION_CONTEXT ( 'NONE', 'WORKASPACE' ) );
#1404 = ORIENTED_EDGE ( 'NONE', *, *, #1251, .F. ) ;
#1405 = SURFACE_STYLE_FILL_AREA ( #541 ) ;
#1406 = VERTEX_POINT ( 'NONE', #329 ) ;
#1407 = LINE ( 'NONE', #485, #2636 ) ;
#1408 = VERTEX_POINT ( 'NONE', #1981 ) ;
#1409 = FILL_AREA_STYLE_COLOUR ( '', #1128 ) ;
#1410 = PRESENTATION_STYLE_ASSIGNMENT (( #1193 ) ) ;
#1411 = CARTESIAN_POINT ( 'NONE',  ( 1.270000000000062634, 0.9449999880790626028, 0.3000000119210000094 ) ) ;
#1412 = PLANE ( 'NONE',  #2043 ) ;
#1413 = PRESENTATION_STYLE_ASSIGNMENT (( #1679 ) ) ;
#1414 = PRESENTATION_STYLE_ASSIGNMENT (( #2562 ) ) ;
#1415 = STYLED_ITEM ( 'NONE', ( #1337 ), #530 ) ;
#1416 = DIRECTION ( 'NONE',  ( 0.7071067811865475727, -0.7071067811865475727, 0.0000000000000000000 ) ) ;
#1417 = DIRECTION ( 'NONE',  ( -0.7071067811865474617, 0.7071067811865474617, -0.0000000000000000000 ) ) ;
#1418 = MECHANICAL_DESIGN_GEOMETRIC_PRESENTATION_REPRESENTATION (  '', ( #1697 ), #2088 ) ;
#1419 = CARTESIAN_POINT ( 'NONE',  ( 0.3200000000000000067, -0.3200000000000000067, -3.000000000000000000 ) ) ;
#1420 = VECTOR ( 'NONE', #2297, 1000.000000000000000 ) ;
#1421 = ORIENTED_EDGE ( 'NONE', *, *, #679, .F. ) ;
#1422 = STYLED_ITEM ( 'NONE', ( #800 ), #379 ) ;
#1423 = EDGE_LOOP ( 'NONE', ( #1964, #499, #2400, #978, #544 ) ) ;
#1424 = AXIS2_PLACEMENT_3D ( 'NONE', #777, #2541, #1867 ) ;
#1425 = VECTOR ( 'NONE', #906, 1000.000000000000000 ) ;
#1426 = UNCERTAINTY_MEASURE_WITH_UNIT (LENGTH_MEASURE( 1.000000000000000082E-05 ), #2733, 'distance_accuracy_value', 'NONE');
#1427 = CARTESIAN_POINT ( 'NONE',  ( 0.3200000000000000067, -0.3200000000000000067, 0.3000000119210001204 ) ) ;
#1428 =( NAMED_UNIT ( * ) PLANE_ANGLE_UNIT ( ) SI_UNIT ( $, .RADIAN. ) );
#1429 = FILL_AREA_STYLE_COLOUR ( '', #806 ) ;
#1430 =( LENGTH_UNIT ( ) NAMED_UNIT ( * ) SI_UNIT ( .MILLI., .METRE. ) );
#1431 = MECHANICAL_DESIGN_GEOMETRIC_PRESENTATION_REPRESENTATION (  '', ( #1860 ), #716 ) ;
#1432 = LINE ( 'NONE', #2151, #2284 ) ;
#1433 = ADVANCED_FACE ( 'NONE', ( #2179 ), #866, .F. ) ;
#1434 = FILL_AREA_STYLE_COLOUR ( '', #2510 ) ;
#1435 = FILL_AREA_STYLE_COLOUR ( '', #258 ) ;
#1436 = AXIS2_PLACEMENT_3D ( 'NONE', #1323, #1764, #678 ) ;
#1437 = ORIENTED_EDGE ( 'NONE', *, *, #1362, .F. ) ;
#1438 = LINE ( 'NONE', #2569, #1750 ) ;
#1439 = MECHANICAL_DESIGN_GEOMETRIC_PRESENTATION_REPRESENTATION (  '', ( #1541 ), #1629 ) ;
#1440 = ORIENTED_EDGE ( 'NONE', *, *, #1475, .T. ) ;
#1441 = DIRECTION ( 'NONE',  ( 0.0000000000000000000, -1.000000000000000000, 0.0000000000000000000 ) ) ;
#1442 = VECTOR ( 'NONE', #1979, 1000.000000000000000 ) ;
#1443 = ORIENTED_EDGE ( 'NONE', *, *, #1597, .T. ) ;
#1444 = PLANE ( 'NONE',  #1202 ) ;
#1445 = STYLED_ITEM ( 'NONE', ( #1315 ), #2664 ) ;
#1446 = DIRECTION ( 'NONE',  ( -1.000000000000000000, 0.0000000000000000000, -0.0000000000000000000 ) ) ;
#1447 = AXIS2_PLACEMENT_3D ( 'NONE', #2264, #1189, #1149 ) ;
#1448 = LINE ( 'NONE', #366, #1257 ) ;
#1449 = DIRECTION ( 'NONE',  ( 0.0000000000000000000, 0.0000000000000000000, 1.000000000000000000 ) ) ;
#1450 = DIRECTION ( 'NONE',  ( 1.000000000000000000, -0.0000000000000000000, 0.0000000000000000000 ) ) ;
#1451 =( NAMED_UNIT ( * ) SI_UNIT ( $, .STERADIAN. ) SOLID_ANGLE_UNIT ( ) );
#1452 = EDGE_CURVE ( 'NONE', #576, #117, #2831, .T. ) ;
#1453 = VERTEX_POINT ( 'NONE', #6 ) ;
#1454 = LINE ( 'NONE', #780, #1844 ) ;
#1455 = ORIENTED_EDGE ( 'NONE', *, *, #29, .F. ) ;
#1456 = SURFACE_STYLE_FILL_AREA ( #589 ) ;
#1457 = UNCERTAINTY_MEASURE_WITH_UNIT (LENGTH_MEASURE( 1.000000000000000082E-05 ), #271, 'distance_accuracy_value', 'NONE');
#1458 = ORIENTED_EDGE ( 'NONE', *, *, #1583, .T. ) ;
#1459 = DIRECTION ( 'NONE',  ( -0.7071067811865474617, -0.7071067811865474617, -0.0000000000000000000 ) ) ;
#1460 = LINE ( 'NONE', #801, #197 ) ;
#1461 = DIRECTION ( 'NONE',  ( 0.0000000000000000000, 0.0000000000000000000, 1.000000000000000000 ) ) ;
#1462 = DIRECTION ( 'NONE',  ( 0.0000000000000000000, -1.000000000000000000, 0.0000000000000000000 ) ) ;
#1463 = APPLICATION_CONTEXT ( 'automotive_design' ) ;
#1464 = CARTESIAN_POINT ( 'NONE',  ( 2.219999961852999970, -0.3200000000000000067, 0.3000000119210001204 ) ) ;
#1465 = MANIFOLD_SOLID_BREP ( 'Imported1', #2676 ) ;
#1466 = CARTESIAN_POINT ( 'NONE',  ( 2.219999961852999970, -0.3200000000000000067, 2.289999961853000254 ) ) ;
#1467 = LINE ( 'NONE', #1419, #2526 ) ;
#1468 =( GEOMETRIC_REPRESENTATION_CONTEXT ( 3 ) GLOBAL_UNCERTAINTY_ASSIGNED_CONTEXT ( ( #2740 ) ) GLOBAL_UNIT_ASSIGNED_CONTEXT ( ( #1761, #702, #1509 ) ) REPRESENTATION_CONTEXT ( 'NONE', 'WORKASPACE' ) );
#1469 = AXIS2_PLACEMENT_3D ( 'NONE', #393, #2373, #1497 ) ;
#1470 = DIRECTION ( 'NONE',  ( 0.7071067811865474617, 0.7071067811865474617, 0.0000000000000000000 ) ) ;
#1471 = ADVANCED_FACE ( 'NONE', ( #2223 ), #23, .F. ) ;
#1472 = FILL_AREA_STYLE ('',( #2807 ) ) ;
#1473 = VECTOR ( 'NONE', #257, 999.9999999999998863 ) ;
#1474 = ORIENTED_EDGE ( 'NONE', *, *, #1684, .F. ) ;
#1475 = EDGE_CURVE ( 'NONE', #903, #2582, #729, .T. ) ;
#1476 = MECHANICAL_DESIGN_GEOMETRIC_PRESENTATION_REPRESENTATION (  '', ( #1613 ), #1533 ) ;
#1477 = COLOUR_RGB ( '',1.000000000000000000, 1.000000000000000000, 0.4980392156862745168 ) ;
#1478 = FILL_AREA_STYLE_COLOUR ( '', #869 ) ;
#1479 = DIRECTION ( 'NONE',  ( 0.5773502691896258421, -0.5773502691896257311, 0.5773502691896257311 ) ) ;
#1480 = DIRECTION ( 'NONE',  ( 0.0000000000000000000, 0.0000000000000000000, 1.000000000000000000 ) ) ;
#1481 = CARTESIAN_POINT ( 'NONE',  ( 1.270000000000000018, 0.9449999880789999862, 0.0000000000000000000 ) ) ;
#1482 =( NAMED_UNIT ( * ) SI_UNIT ( $, .STERADIAN. ) SOLID_ANGLE_UNIT ( ) );
#1483 = ORIENTED_EDGE ( 'NONE', *, *, #769, .T. ) ;
#1484 = DIRECTION ( 'NONE',  ( 0.0000000000000000000, 0.0000000000000000000, 1.000000000000000000 ) ) ;
#1485 = SURFACE_STYLE_FILL_AREA ( #1058 ) ;
#1486 = VECTOR ( 'NONE', #1502, 1000.000000000000000 ) ;
#1487 = UNCERTAINTY_MEASURE_WITH_UNIT (LENGTH_MEASURE( 1.000000000000000082E-05 ), #222, 'distance_accuracy_value', 'NONE');
#1488 = VERTEX_POINT ( 'NONE', #252 ) ;
#1489 = AXIS2_PLACEMENT_3D ( 'NONE', #1164, #1810, #1852 ) ;
#1490 = FILL_AREA_STYLE ('',( #2175 ) ) ;
#1491 = SURFACE_SIDE_STYLE ('',( #2843 ) ) ;
#1492 = VECTOR ( 'NONE', #1479, 999.9999999999998863 ) ;
#1493 = EDGE_CURVE ( 'NONE', #2219, #119, #85, .T. ) ;
#1494 = ORIENTED_EDGE ( 'NONE', *, *, #2651, .F. ) ;
#1495 =( LENGTH_UNIT ( ) NAMED_UNIT ( * ) SI_UNIT ( .MILLI., .METRE. ) );
#1496 = STYLED_ITEM ( 'NONE', ( #1756 ), #2402 ) ;
#1497 = DIRECTION ( 'NONE',  ( 0.0000000000000000000, 0.0000000000000000000, 1.000000000000000000 ) ) ;
#1498 = DIRECTION ( 'NONE',  ( 1.000000000000000000, 0.0000000000000000000, -0.0000000000000000000 ) ) ;
#1499 = AXIS2_PLACEMENT_3D ( 'NONE', #2295, #2516, #707 ) ;
#1500 = ORIENTED_EDGE ( 'NONE', *, *, #2146, .T. ) ;
#1501 =( NAMED_UNIT ( * ) SI_UNIT ( $, .STERADIAN. ) SOLID_ANGLE_UNIT ( ) );
#1502 = DIRECTION ( 'NONE',  ( -1.000000000000000000, -0.0000000000000000000, 0.0000000000000000000 ) ) ;
#1503 = MANIFOLD_SOLID_BREP ( 'Imported1', #2137 ) ;
#1504 = ORIENTED_EDGE ( 'NONE', *, *, #456, .F. ) ;
#1505 = SURFACE_STYLE_USAGE ( .BOTH. , #1491 ) ;
#1506 = DIRECTION ( 'NONE',  ( 0.7071067811865474617, -0.7071067811865474617, 0.0000000000000000000 ) ) ;
#1507 = SURFACE_STYLE_USAGE ( .BOTH. , #634 ) ;
#1508 = FILL_AREA_STYLE ('',( #2670 ) ) ;
#1509 =( NAMED_UNIT ( * ) SI_UNIT ( $, .STERADIAN. ) SOLID_ANGLE_UNIT ( ) );
#1510 = DIRECTION ( 'NONE',  ( 0.0000000000000000000, -0.0000000000000000000, 1.000000000000000000 ) ) ;
#1511 = PRESENTATION_STYLE_ASSIGNMENT (( #12 ) ) ;
#1512 =( NAMED_UNIT ( * ) SI_UNIT ( $, .STERADIAN. ) SOLID_ANGLE_UNIT ( ) );
#1513 = UNCERTAINTY_MEASURE_WITH_UNIT (LENGTH_MEASURE( 1.000000000000000082E-05 ), #1364, 'distance_accuracy_value', 'NONE');
#1514 = PRESENTATION_LAYER_ASSIGNMENT (  '', '', ( #1415 ) ) ;
#1515 = ORIENTED_EDGE ( 'NONE', *, *, #1493, .F. ) ;
#1516 = CLOSED_SHELL ( 'NONE', ( #2060, #477, #2664, #2184, #188, #2715, #405, #2564, #1528, #1784, #1554, #1033, #113, #1184, #1181, #622, #2257, #1314 ) ) ;
#1517 = CARTESIAN_POINT ( 'NONE',  ( 0.9699999880792498086, -1.245000000000250351, 2.289999961853000698 ) ) ;
#1518 = COLOUR_RGB ( '',1.000000000000000000, 1.000000000000000000, 0.4980392156862745168 ) ;
#1519 = CARTESIAN_POINT ( 'NONE',  ( -0.3200000000000000067, -0.1199999970200000127, 8.539999961853000698 ) ) ;
#1520 = VECTOR ( 'NONE', #786, 1000.000000000000000 ) ;
#1521 = SURFACE_SIDE_STYLE ('',( #2412 ) ) ;
#1522 = LINE ( 'NONE', #1540, #243 ) ;
#1523 = FILL_AREA_STYLE_COLOUR ( '', #177 ) ;
#1524 = VECTOR ( 'NONE', #2153, 1000.000000000000000 ) ;
#1525 = PLANE ( 'NONE',  #795 ) ;
#1526 = SURFACE_SIDE_STYLE ('',( #1078 ) ) ;
#1527 = CARTESIAN_POINT ( 'NONE',  ( -0.3200000000000000067, 0.3200000000000000067, -3.000000000000000000 ) ) ;
#1528 = ADVANCED_FACE ( 'NONE', ( #2472 ), #968, .T. ) ;
#1529 = VERTEX_POINT ( 'NONE', #2759 ) ;
#1530 = CARTESIAN_POINT ( 'NONE',  ( 1.269999961852499970, 0.9449999880794999196, 0.0000000000000000000 ) ) ;
#1531 = SURFACE_STYLE_FILL_AREA ( #2823 ) ;
#1532 = CARTESIAN_POINT ( 'NONE',  ( 0.0000000000000000000, 0.0000000000000000000, 0.0000000000000000000 ) ) ;
#1533 =( GEOMETRIC_REPRESENTATION_CONTEXT ( 3 ) GLOBAL_UNCERTAINTY_ASSIGNED_CONTEXT ( ( #320 ) ) GLOBAL_UNIT_ASSIGNED_CONTEXT ( ( #892, #1950, #2624 ) ) REPRESENTATION_CONTEXT ( 'NONE', 'WORKASPACE' ) );
#1534 =( NAMED_UNIT ( * ) PLANE_ANGLE_UNIT ( ) SI_UNIT ( $, .RADIAN. ) );
#1535 = CARTESIAN_POINT ( 'NONE',  ( 2.859999961853000094, -0.3199999999999999512, -2.799999997019999576 ) ) ;
#1536 = LINE ( 'NONE', #1519, #1776 ) ;
#1537 = PRESENTATION_LAYER_ASSIGNMENT (  '', '', ( #1718 ) ) ;
#1538 = ORIENTED_EDGE ( 'NONE', *, *, #636, .F. ) ;
#1539 = SURFACE_STYLE_USAGE ( .BOTH. , #1521 ) ;
#1540 = CARTESIAN_POINT ( 'NONE',  ( 3.659999955892999868, -1.094999994039999924, 2.289999961853000698 ) ) ;
#1541 = STYLED_ITEM ( 'NONE', ( #2212 ), #2183 ) ;
#1542 = UNCERTAINTY_MEASURE_WITH_UNIT (LENGTH_MEASURE( 1.000000000000000082E-05 ), #740, 'distance_accuracy_value', 'NONE');
#1543 =( GEOMETRIC_REPRESENTATION_CONTEXT ( 3 ) GLOBAL_UNCERTAINTY_ASSIGNED_CONTEXT ( ( #2206 ) ) GLOBAL_UNIT_ASSIGNED_CONTEXT ( ( #1430, #2589, #1864 ) ) REPRESENTATION_CONTEXT ( 'NONE', 'WORKASPACE' ) );
#1544 = VECTOR ( 'NONE', #185, 1000.000000000000000 ) ;
#1545 = LINE ( 'NONE', #2663, #377 ) ;
#1546 = AXIS2_PLACEMENT_3D ( 'NONE', #1532, #630, #1083 ) ;
#1547 = LINE ( 'NONE', #854, #1094 ) ;
#1548 = DIRECTION ( 'NONE',  ( 0.0000000000000000000, 0.0000000000000000000, -1.000000000000000000 ) ) ;
#1549 = SURFACE_STYLE_FILL_AREA ( #870 ) ;
#1550 = ADVANCED_FACE ( 'NONE', ( #1890 ), #1231, .T. ) ;
#1551 = UNCERTAINTY_MEASURE_WITH_UNIT (LENGTH_MEASURE( 1.000000000000000082E-05 ), #1765, 'distance_accuracy_value', 'NONE');
#1552 = CARTESIAN_POINT ( 'NONE',  ( 2.219999961852999970, 0.1199999970199998184, 8.539999961853000698 ) ) ;
#1553 = SURFACE_STYLE_USAGE ( .BOTH. , #604 ) ;
#1554 = ADVANCED_FACE ( 'NONE', ( #1020 ), #2560, .T. ) ;
#1555 = SURFACE_STYLE_USAGE ( .BOTH. , #46 ) ;
#1556 = ORIENTED_EDGE ( 'NONE', *, *, #2825, .T. ) ;
#1557 =( NAMED_UNIT ( * ) PLANE_ANGLE_UNIT ( ) SI_UNIT ( $, .RADIAN. ) );
#1558 = DIRECTION ( 'NONE',  ( 1.000000000000000000, 0.0000000000000000000, -0.0000000000000000000 ) ) ;
#1559 = PRESENTATION_STYLE_ASSIGNMENT (( #1782 ) ) ;
#1560 = CONTEXT_DEPENDENT_SHAPE_REPRESENTATION ( #796, #2161 ) ;
#1561 = EDGE_CURVE ( 'NONE', #529, #933, #1051, .T. ) ;
#1562 = FILL_AREA_STYLE ('',( #1 ) ) ;
#1563 = CARTESIAN_POINT ( 'NONE',  ( 1.269999961852937620, -0.9449999880790626028, 0.3000000119210000094 ) ) ;
#1564 = DIRECTION ( 'NONE',  ( -0.0000000000000000000, 1.000000000000000000, 0.0000000000000000000 ) ) ;
#1565 = ORIENTED_EDGE ( 'NONE', *, *, #911, .F. ) ;
#1566 = EDGE_CURVE ( 'NONE', #1488, #2279, #1448, .T. ) ;
#1567 = SURFACE_STYLE_FILL_AREA ( #2484 ) ;
#1568 = STYLED_ITEM ( 'NONE', ( #1945 ), #820 ) ;
#1569 = LINE ( 'NONE', #2030, #2485 ) ;
#1570 = SURFACE_STYLE_FILL_AREA ( #2488 ) ;
#1571 = PRESENTATION_LAYER_ASSIGNMENT (  '', '', ( #109 ) ) ;
#1572 = VERTEX_POINT ( 'NONE', #1037 ) ;
#1573 = PRESENTATION_STYLE_ASSIGNMENT (( #1732 ) ) ;
#1574 = CARTESIAN_POINT ( 'NONE',  ( 1.269999961853000015, 1.245000000000000329, 0.0000000000000000000 ) ) ;
#1575 =( NAMED_UNIT ( * ) PLANE_ANGLE_UNIT ( ) SI_UNIT ( $, .RADIAN. ) );
#1576 = CARTESIAN_POINT ( 'NONE',  ( 2.219999961852999970, -0.3200000000000000067, 2.289999961853000254 ) ) ;
#1577 = ORIENTED_EDGE ( 'NONE', *, *, #1832, .T. ) ;
#1578 =( NAMED_UNIT ( * ) PLANE_ANGLE_UNIT ( ) SI_UNIT ( $, .RADIAN. ) );
#1579 = PRESENTATION_LAYER_ASSIGNMENT (  '', '', ( #1860 ) ) ;
#1580 = FILL_AREA_STYLE ('',( #2058 ) ) ;
#1581 = ORIENTED_EDGE ( 'NONE', *, *, #460, .F. ) ;
#1582 = DIRECTION ( 'NONE',  ( -0.7071067811865474617, 0.7071067811865474617, 0.0000000000000000000 ) ) ;
#1583 = EDGE_CURVE ( 'NONE', #973, #1141, #1906, .T. ) ;
#1584 = PRESENTATION_LAYER_ASSIGNMENT (  '', '', ( #2438 ) ) ;
#1585 =( NAMED_UNIT ( * ) PLANE_ANGLE_UNIT ( ) SI_UNIT ( $, .RADIAN. ) );
#1586 = CARTESIAN_POINT ( 'NONE',  ( 2.759999960362999882, 0.3200000000000000067, -2.899999998509999788 ) ) ;
#1587 = VERTEX_POINT ( 'NONE', #2786 ) ;
#1588 = CARTESIAN_POINT ( 'NONE',  ( 2.859999961853000094, -0.3200000000000000067, -2.799999997020000020 ) ) ;
#1589 = SURFACE_STYLE_FILL_AREA ( #316 ) ;
#1590 = PRODUCT_CONTEXT ( 'NONE', #1463, 'mechanical' ) ;
#1591 = STYLED_ITEM ( 'NONE', ( #2205 ), #45 ) ;
#1592 = ORIENTED_EDGE ( 'NONE', *, *, #41, .F. ) ;
#1593 = FILL_AREA_STYLE ('',( #1409 ) ) ;
#1594 =( NAMED_UNIT ( * ) PLANE_ANGLE_UNIT ( ) SI_UNIT ( $, .RADIAN. ) );
#1595 = SURFACE_STYLE_FILL_AREA ( #490 ) ;
#1596 = CARTESIAN_POINT ( 'NONE',  ( -1.270000000000500062, 0.9449999880794999196, 0.0000000000000000000 ) ) ;
#1597 = EDGE_CURVE ( 'NONE', #2159, #1529, #325, .T. ) ;
#1598 =( NAMED_UNIT ( * ) SI_UNIT ( $, .STERADIAN. ) SOLID_ANGLE_UNIT ( ) );
#1599 = ORIENTED_EDGE ( 'NONE', *, *, #615, .T. ) ;
#1600 = PLANE ( 'NONE',  #1611 ) ;
#1601 = CARTESIAN_POINT ( 'NONE',  ( 1.419999967812999975, 1.094999994039999924, 0.0000000000000000000 ) ) ;
#1602 = FILL_AREA_STYLE ('',( #1176 ) ) ;
#1603 = ORIENTED_EDGE ( 'NONE', *, *, #1239, .F. ) ;
#1604 = DIRECTION ( 'NONE',  ( 0.7071067811865474617, 0.0000000000000000000, -0.7071067811865474617 ) ) ;
#1605 =( NAMED_UNIT ( * ) SI_UNIT ( $, .STERADIAN. ) SOLID_ANGLE_UNIT ( ) );
#1606 = MECHANICAL_DESIGN_GEOMETRIC_PRESENTATION_REPRESENTATION (  '', ( #1568 ), #1371 ) ;
#1607 = LINE ( 'NONE', #492, #2728 ) ;
#1608 = FILL_AREA_STYLE ('',( #2090 ) ) ;
#1609 = DIRECTION ( 'NONE',  ( 0.7071067811865474617, 0.0000000000000000000, -0.7071067811865474617 ) ) ;
#1610 =( GEOMETRIC_REPRESENTATION_CONTEXT ( 3 ) GLOBAL_UNCERTAINTY_ASSIGNED_CONTEXT ( ( #2356 ) ) GLOBAL_UNIT_ASSIGNED_CONTEXT ( ( #2054, #1838, #709 ) ) REPRESENTATION_CONTEXT ( 'NONE', 'WORKASPACE' ) );
#1611 = AXIS2_PLACEMENT_3D ( 'NONE', #2051, #1416, #1375 ) ;
#1612 = VERTEX_POINT ( 'NONE', #992 ) ;
#1613 = STYLED_ITEM ( 'NONE', ( #2846 ), #1433 ) ;
#1614 =( NAMED_UNIT ( * ) PLANE_ANGLE_UNIT ( ) SI_UNIT ( $, .RADIAN. ) );
#1615 = EDGE_CURVE ( 'NONE', #1271, #808, #1124, .T. ) ;
#1616 = ORIENTED_EDGE ( 'NONE', *, *, #22, .T. ) ;
#1617 = LINE ( 'NONE', #1576, #845 ) ;
#1618 = ORIENTED_EDGE ( 'NONE', *, *, #225, .F. ) ;
#1619 = PRESENTATION_STYLE_ASSIGNMENT (( #1399 ) ) ;
#1620 = CARTESIAN_POINT ( 'NONE',  ( 2.859999961853000094, -0.2199999985099999888, 8.439999960363001819 ) ) ;
#1621 = SURFACE_STYLE_USAGE ( .BOTH. , #1171 ) ;
#1622 = STYLED_ITEM ( 'NONE', ( #296 ), #1471 ) ;
#1623 = DIRECTION ( 'NONE',  ( -0.0000000000000000000, 0.7071067811865475727, 0.7071067811865475727 ) ) ;
#1624 =( LENGTH_UNIT ( ) NAMED_UNIT ( * ) SI_UNIT ( .MILLI., .METRE. ) );
#1625 = SURFACE_SIDE_STYLE ('',( #1214 ) ) ;
#1626 = AXIS2_PLACEMENT_3D ( 'NONE', #120, #2041, #531 ) ;
#1627 = ORIENTED_EDGE ( 'NONE', *, *, #2430, .F. ) ;
#1628 = DIRECTION ( 'NONE',  ( 0.5773502691896246208, -0.5773502691896268413, 0.5773502691896258421 ) ) ;
#1629 =( GEOMETRIC_REPRESENTATION_CONTEXT ( 3 ) GLOBAL_UNCERTAINTY_ASSIGNED_CONTEXT ( ( #692 ) ) GLOBAL_UNIT_ASSIGNED_CONTEXT ( ( #1080, #867, #2833 ) ) REPRESENTATION_CONTEXT ( 'NONE', 'WORKASPACE' ) );
#1630 = ORIENTED_EDGE ( 'NONE', *, *, #2704, .T. ) ;
#1631 = VECTOR ( 'NONE', #2304, 1000.000000000000000 ) ;
#1632 = CARTESIAN_POINT ( 'NONE',  ( 1.269999961852875003, -0.9449999880791249973, 0.0000000000000000000 ) ) ;
#1633 = ORIENTED_EDGE ( 'NONE', *, *, #635, .F. ) ;
#1634 = EDGE_CURVE ( 'NONE', #2780, #973, #2007, .T. ) ;
#1635 = UNCERTAINTY_MEASURE_WITH_UNIT (LENGTH_MEASURE( 1.000000000000000082E-05 ), #2254, 'distance_accuracy_value', 'NONE');
#1636 = ORIENTED_EDGE ( 'NONE', *, *, #1847, .T. ) ;
#1637 = FILL_AREA_STYLE_COLOUR ( '', #1518 ) ;
#1638 = PRESENTATION_LAYER_ASSIGNMENT (  '', '', ( #966 ) ) ;
#1639 = SURFACE_STYLE_USAGE ( .BOTH. , #110 ) ;
#1640 =( NAMED_UNIT ( * ) PLANE_ANGLE_UNIT ( ) SI_UNIT ( $, .RADIAN. ) );
#1641 = CARTESIAN_POINT ( 'NONE',  ( 1.119999994040000058, -1.094999994039999924, 0.0000000000000000000 ) ) ;
#1642 = ORIENTED_EDGE ( 'NONE', *, *, #2549, .F. ) ;
#1643 = DIRECTION ( 'NONE',  ( 0.0000000000000000000, -0.7071067811865474617, -0.7071067811865474617 ) ) ;
#1644 =( NAMED_UNIT ( * ) PLANE_ANGLE_UNIT ( ) SI_UNIT ( $, .RADIAN. ) );
#1645 = PRODUCT_DEFINITION ( 'UNKNOWN', '', #2120, #1122 ) ;
#1646 = ADVANCED_FACE ( 'NONE', ( #2233 ), #1342, .T. ) ;
#1647 = CARTESIAN_POINT ( 'NONE',  ( 2.219999961852999970, 0.2199999985099999888, 8.439999960363001819 ) ) ;
#1648 = LINE ( 'NONE', #2550, #914 ) ;
#1649 = CARTESIAN_POINT ( 'NONE',  ( 2.659999958873000558, 0.1199999970199998184, 8.539999961853000698 ) ) ;
#1650 = CARTESIAN_POINT ( 'NONE',  ( -0.3200000000000002842, -0.3200000000000002842, 8.339999958872999386 ) ) ;
#1651 = STYLED_ITEM ( 'NONE', ( #1410 ), #695 ) ;
#1652 = CARTESIAN_POINT ( 'NONE',  ( 1.419999967812999975, 1.094999994039999924, 0.0000000000000000000 ) ) ;
#1653 = VECTOR ( 'NONE', #1063, 1000.000000000000000 ) ;
#1654 =( NAMED_UNIT ( * ) SI_UNIT ( $, .STERADIAN. ) SOLID_ANGLE_UNIT ( ) );
#1655 = VERTEX_POINT ( 'NONE', #1563 ) ;
#1656 = UNCERTAINTY_MEASURE_WITH_UNIT (LENGTH_MEASURE( 1.000000000000000082E-05 ), #567, 'distance_accuracy_value', 'NONE');
#1657 = VERTEX_POINT ( 'NONE', #1154 ) ;
#1658 =( LENGTH_UNIT ( ) NAMED_UNIT ( * ) SI_UNIT ( .MILLI., .METRE. ) );
#1659 = FILL_AREA_STYLE ('',( #1429 ) ) ;
#1660 = EDGE_CURVE ( 'NONE', #986, #1366, #2482, .T. ) ;
#1661 = LINE ( 'NONE', #1021, #1668 ) ;
#1662 = COLOUR_RGB ( '',0.09411764705882352811, 0.09411764705882352811, 0.09411764705882352811 ) ;
#1663 = DIRECTION ( 'NONE',  ( -0.0000000000000000000, 1.000000000000000000, 0.0000000000000000000 ) ) ;
#1664 = MECHANICAL_DESIGN_GEOMETRIC_PRESENTATION_REPRESENTATION (  '', ( #121 ), #2784 ) ;
#1665 = DIRECTION ( 'NONE',  ( 1.000000000000000000, 0.0000000000000000000, 0.0000000000000000000 ) ) ;
#1666 = VECTOR ( 'NONE', #1744, 1000.000000000000000 ) ;
#1667 = EDGE_LOOP ( 'NONE', ( #1565, #2102, #18, #1235 ) ) ;
#1668 = VECTOR ( 'NONE', #155, 1000.000000000000000 ) ;
#1669 = ORIENTED_EDGE ( 'NONE', *, *, #782, .T. ) ;
#1670 = PLANE ( 'NONE',  #1436 ) ;
#1671 = STYLED_ITEM ( 'NONE', ( #848 ), #2334 ) ;
#1672 = ORIENTED_EDGE ( 'NONE', *, *, #1097, .F. ) ;
#1673 = LINE ( 'NONE', #858, #1892 ) ;
#1674 = COLOUR_RGB ( '',1.000000000000000000, 1.000000000000000000, 0.4980392156862745168 ) ;
#1675 = CARTESIAN_POINT ( 'NONE',  ( -0.3200000000000000067, 0.2199999985099999888, 8.439999960363001819 ) ) ;
#1676 = VERTEX_POINT ( 'NONE', #2250 ) ;
#1677 = SURFACE_SIDE_STYLE ('',( #186 ) ) ;
#1678 = PRESENTATION_STYLE_ASSIGNMENT (( #365 ) ) ;
#1679 = SURFACE_STYLE_USAGE ( .BOTH. , #568 ) ;
#1680 = SURFACE_SIDE_STYLE ('',( #785 ) ) ;
#1681 = EDGE_CURVE ( 'NONE', #2113, #1109, #262, .T. ) ;
#1682 = DIRECTION ( 'NONE',  ( -0.0000000000000000000, -1.000000000000000000, 0.0000000000000000000 ) ) ;
#1683 = LINE ( 'NONE', #2790, #580 ) ;
#1684 = EDGE_CURVE ( 'NONE', #1529, #857, #832, .T. ) ;
#1685 = ORIENTED_EDGE ( 'NONE', *, *, #2385, .T. ) ;
#1686 = UNCERTAINTY_MEASURE_WITH_UNIT (LENGTH_MEASURE( 1.000000000000000082E-05 ), #1708, 'distance_accuracy_value', 'NONE');
#1687 = EDGE_LOOP ( 'NONE', ( #2598, #2353, #2261, #1437 ) ) ;
#1688 = CARTESIAN_POINT ( 'NONE',  ( -0.9699999880789998974, -1.245000000000000329, 0.0000000000000000000 ) ) ;
#1689 = LINE ( 'NONE', #2331, #1653 ) ;
#1690 = CARTESIAN_POINT ( 'NONE',  ( 1.269999961853000015, -0.3199999999999999512, 2.289999961853000254 ) ) ;
#1691 = CARTESIAN_POINT ( 'NONE',  ( 0.9699999880790000084, -1.245000000000000329, 0.0000000000000000000 ) ) ;
#1692 =( NAMED_UNIT ( * ) SI_UNIT ( $, .STERADIAN. ) SOLID_ANGLE_UNIT ( ) );
#1693 = LINE ( 'NONE', #356, #11 ) ;
#1694 = LINE ( 'NONE', #1481, #2424 ) ;
#1695 =( LENGTH_UNIT ( ) NAMED_UNIT ( * ) SI_UNIT ( .MILLI., .METRE. ) );
#1696 = ORIENTED_EDGE ( 'NONE', *, *, #1815, .T. ) ;
#1697 = STYLED_ITEM ( 'NONE', ( #2521 ), #730 ) ;
#1698 = STYLED_ITEM ( 'NONE', ( #1244 ), #188 ) ;
#1699 = PLANE ( 'NONE',  #564 ) ;
#1700 = SURFACE_STYLE_USAGE ( .BOTH. , #145 ) ;
#1701 = EDGE_CURVE ( 'NONE', #2534, #1983, #2658, .T. ) ;
#1702 = VECTOR ( 'NONE', #2765, 1000.000000000000000 ) ;
#1703 = VECTOR ( 'NONE', #846, 1000.000000000000000 ) ;
#1704 = ORIENTED_EDGE ( 'NONE', *, *, #1280, .T. ) ;
#1705 = CARTESIAN_POINT ( 'NONE',  ( -1.270000000000000018, -0.9449999880789999862, 0.3000000119210000094 ) ) ;
#1706 = DIRECTION ( 'NONE',  ( -0.0000000000000000000, 0.0000000000000000000, 1.000000000000000000 ) ) ;
#1707 = ORIENTED_EDGE ( 'NONE', *, *, #2718, .T. ) ;
#1708 =( LENGTH_UNIT ( ) NAMED_UNIT ( * ) SI_UNIT ( .MILLI., .METRE. ) );
#1709 = PRESENTATION_STYLE_ASSIGNMENT (( #2148 ) ) ;
#1710 =( NAMED_UNIT ( * ) PLANE_ANGLE_UNIT ( ) SI_UNIT ( $, .RADIAN. ) );
#1711 = SURFACE_SIDE_STYLE ('',( #158 ) ) ;
#1712 = SURFACE_STYLE_FILL_AREA ( #2818 ) ;
#1713 =( NAMED_UNIT ( * ) PLANE_ANGLE_UNIT ( ) SI_UNIT ( $, .RADIAN. ) );
#1714 = STYLED_ITEM ( 'NONE', ( #736 ), #1777 ) ;
#1715 = VERTEX_POINT ( 'NONE', #1535 ) ;
#1716 = DIRECTION ( 'NONE',  ( -1.000000000000000000, -0.0000000000000000000, -0.0000000000000000000 ) ) ;
#1717 = DIRECTION ( 'NONE',  ( -1.000000000000000000, 0.0000000000000000000, 0.0000000000000000000 ) ) ;
#1718 = STYLED_ITEM ( 'NONE', ( #89 ), #2018 ) ;
#1719 =( LENGTH_UNIT ( ) NAMED_UNIT ( * ) SI_UNIT ( .MILLI., .METRE. ) );
#1720 = EDGE_LOOP ( 'NONE', ( #2763, #465, #306, #1793, #2716 ) ) ;
#1721 = VECTOR ( 'NONE', #1232, 1000.000000000000000 ) ;
#1722 = ADVANCED_FACE ( 'NONE', ( #2025, #1797 ), #1989, .T. ) ;
#1723 =( LENGTH_UNIT ( ) NAMED_UNIT ( * ) SI_UNIT ( .MILLI., .METRE. ) );
#1724 =( LENGTH_UNIT ( ) NAMED_UNIT ( * ) SI_UNIT ( .MILLI., .METRE. ) );
#1725 =( GEOMETRIC_REPRESENTATION_CONTEXT ( 3 ) GLOBAL_UNCERTAINTY_ASSIGNED_CONTEXT ( ( #873 ) ) GLOBAL_UNIT_ASSIGNED_CONTEXT ( ( #1891, #833, #1692 ) ) REPRESENTATION_CONTEXT ( 'NONE', 'WORKASPACE' ) );
#1726 = DIRECTION ( 'NONE',  ( 0.0000000000000000000, -0.7071067811865475727, 0.7071067811865475727 ) ) ;
#1727 = PLANE ( 'NONE',  #1798 ) ;
#1728 = FACE_OUTER_BOUND ( 'NONE', #2616, .T. ) ;
#1729 = PRODUCT_DEFINITION_SHAPE ( 'NONE', 'NONE',  #2096 ) ;
#1730 = CARTESIAN_POINT ( 'NONE',  ( 2.859999961853000094, 0.3200000000000001732, 8.339999958872999386 ) ) ;
#1731 = PLANE ( 'NONE',  #532 ) ;
#1732 = SURFACE_STYLE_USAGE ( .BOTH. , #1296 ) ;
#1733 = DIRECTION ( 'NONE',  ( 0.0000000000000000000, 0.0000000000000000000, 1.000000000000000000 ) ) ;
#1734 = CARTESIAN_POINT ( 'NONE',  ( 0.1199999970200002208, 0.1199999970199998184, -3.000000000000000000 ) ) ;
#1735 = CARTESIAN_POINT ( 'NONE',  ( 1.569999973773750224, 1.245000000000250351, 2.289999961853000698 ) ) ;
#1736 = ORIENTED_EDGE ( 'NONE', *, *, #745, .T. ) ;
#1737 = SURFACE_SIDE_STYLE ('',( #248 ) ) ;
#1738 = SURFACE_SIDE_STYLE ('',( #432 ) ) ;
#1739 = SURFACE_STYLE_USAGE ( .BOTH. , #2770 ) ;
#1740 = CARTESIAN_POINT ( 'NONE',  ( 2.219999961852999970, -0.3200000000000000067, -2.799999997019999576 ) ) ;
#1741 =( NAMED_UNIT ( * ) PLANE_ANGLE_UNIT ( ) SI_UNIT ( $, .RADIAN. ) );
#1742 = PLANE ( 'NONE',  #2657 ) ;
#1743 = ORIENTED_EDGE ( 'NONE', *, *, #2535, .T. ) ;
#1744 = DIRECTION ( 'NONE',  ( 1.000000000000000000, 0.0000000000000000000, 0.0000000000000000000 ) ) ;
#1745 = UNCERTAINTY_MEASURE_WITH_UNIT (LENGTH_MEASURE( 1.000000000000000082E-05 ), #1249, 'distance_accuracy_value', 'NONE');
#1746 = COLOUR_RGB ( '',0.09411764705882352811, 0.09411764705882352811, 0.09411764705882352811 ) ;
#1747 = VECTOR ( 'NONE', #1307, 1000.000000000000000 ) ;
#1748 = LINE ( 'NONE', #1552, #2590 ) ;
#1749 = CARTESIAN_POINT ( 'NONE',  ( -1.270000000000000018, 1.245000000000000329, 2.289999961853000254 ) ) ;
#1750 = VECTOR ( 'NONE', #1915, 1000.000000000000114 ) ;
#1751 = VECTOR ( 'NONE', #2471, 1000.000000000000000 ) ;
#1752 = VERTEX_POINT ( 'NONE', #1169 ) ;
#1753 = COLOUR_RGB ( '',0.09411764705882352811, 0.09411764705882352811, 0.09411764705882352811 ) ;
#1754 =( NAMED_UNIT ( * ) PLANE_ANGLE_UNIT ( ) SI_UNIT ( $, .RADIAN. ) );
#1755 = AXIS2_PLACEMENT_3D ( 'NONE', #2844, #645, #2621 ) ;
#1756 = PRESENTATION_STYLE_ASSIGNMENT (( #1507 ) ) ;
#1757 = FILL_AREA_STYLE ('',( #1279 ) ) ;
#1758 = ADVANCED_FACE ( 'NONE', ( #319 ), #2316, .F. ) ;
#1759 = SURFACE_STYLE_USAGE ( .BOTH. , #2168 ) ;
#1760 = FILL_AREA_STYLE_COLOUR ( '', #217 ) ;
#1761 =( LENGTH_UNIT ( ) NAMED_UNIT ( * ) SI_UNIT ( .MILLI., .METRE. ) );
#1762 = CARTESIAN_POINT ( 'NONE',  ( 0.1199999970199998184, 0.3200000000000000067, 8.539999961853000698 ) ) ;
#1763 = EDGE_CURVE ( 'NONE', #2145, #2712, #987, .T. ) ;
#1764 = DIRECTION ( 'NONE',  ( 0.0000000000000000000, -0.7071067811865475727, 0.7071067811865475727 ) ) ;
#1765 =( LENGTH_UNIT ( ) NAMED_UNIT ( * ) SI_UNIT ( .MILLI., .METRE. ) );
#1766 = DIRECTION ( 'NONE',  ( 0.0000000000000000000, -0.0000000000000000000, 1.000000000000000000 ) ) ;
#1767 = VECTOR ( 'NONE', #44, 1000.000000000000000 ) ;
#1768 = CARTESIAN_POINT ( 'NONE',  ( 0.3200000000000000067, 0.3200000000000000067, 8.339999958872999386 ) ) ;
#1769 = PRESENTATION_STYLE_ASSIGNMENT (( #919 ) ) ;
#1770 = ORIENTED_EDGE ( 'NONE', *, *, #1401, .F. ) ;
#1771 = PRESENTATION_STYLE_ASSIGNMENT (( #1965 ) ) ;
#1772 = FACE_OUTER_BOUND ( 'NONE', #675, .T. ) ;
#1773 = MECHANICAL_DESIGN_GEOMETRIC_PRESENTATION_REPRESENTATION (  '', ( #2438 ), #1302 ) ;
#1774 = UNCERTAINTY_MEASURE_WITH_UNIT (LENGTH_MEASURE( 1.000000000000000082E-05 ), #1658, 'distance_accuracy_value', 'NONE');
#1775 = SURFACE_STYLE_FILL_AREA ( #2447 ) ;
#1776 = VECTOR ( 'NONE', #412, 1000.000000000000000 ) ;
#1777 = ADVANCED_FACE ( 'NONE', ( #62 ), #2341, .F. ) ;
#1778 = ORIENTED_EDGE ( 'NONE', *, *, #421, .F. ) ;
#1779 = MECHANICAL_DESIGN_GEOMETRIC_PRESENTATION_REPRESENTATION (  '', ( #1269 ), #1403 ) ;
#1780 = SURFACE_STYLE_FILL_AREA ( #1106 ) ;
#1781 =( LENGTH_UNIT ( ) NAMED_UNIT ( * ) SI_UNIT ( .MILLI., .METRE. ) );
#1782 = SURFACE_STYLE_USAGE ( .BOTH. , #915 ) ;
#1783 =( LENGTH_UNIT ( ) NAMED_UNIT ( * ) SI_UNIT ( .MILLI., .METRE. ) );
#1784 = ADVANCED_FACE ( 'NONE', ( #2505 ), #2713, .T. ) ;
#1785 = DIRECTION ( 'NONE',  ( -0.0000000000000000000, 1.000000000000000000, 0.0000000000000000000 ) ) ;
#1786 = CARTESIAN_POINT ( 'NONE',  ( -0.3200000000000000067, 0.3200000000000000067, 2.289999961853000254 ) ) ;
#1787 = CARTESIAN_POINT ( 'NONE',  ( 0.9699999880789998974, 1.245000000000000329, 0.0000000000000000000 ) ) ;
#1788 = FACE_OUTER_BOUND ( 'NONE', #2009, .T. ) ;
#1789 = DIRECTION ( 'NONE',  ( 0.0000000000000000000, -1.000000000000000000, 0.0000000000000000000 ) ) ;
#1790 = FACE_OUTER_BOUND ( 'NONE', #81, .T. ) ;
#1791 = LINE ( 'NONE', #2081, #1209 ) ;
#1792 = APPLICATION_PROTOCOL_DEFINITION ( 'draft international standard', 'automotive_design', 1998, #496 ) ;
#1793 = ORIENTED_EDGE ( 'NONE', *, *, #1265, .F. ) ;
#1794 = DIRECTION ( 'NONE',  ( 1.000000000000000000, 0.0000000000000000000, -0.0000000000000000000 ) ) ;
#1795 = EDGE_LOOP ( 'NONE', ( #142, #883, #1440, #2085 ) ) ;
#1796 = EDGE_CURVE ( 'NONE', #1655, #734, #1224, .T. ) ;
#1797 = FACE_OUTER_BOUND ( 'NONE', #2603, .T. ) ;
#1798 = AXIS2_PLACEMENT_3D ( 'NONE', #2165, #1935, #404 ) ;
#1799 = ORIENTED_EDGE ( 'NONE', *, *, #1350, .T. ) ;
#1800 = PRESENTATION_LAYER_ASSIGNMENT (  '', '', ( #1246 ) ) ;
#1801 =( GEOMETRIC_REPRESENTATION_CONTEXT ( 3 ) GLOBAL_UNCERTAINTY_ASSIGNED_CONTEXT ( ( #1240 ) ) GLOBAL_UNIT_ASSIGNED_CONTEXT ( ( #2711, #974, #985 ) ) REPRESENTATION_CONTEXT ( 'NONE', 'WORKASPACE' ) );
#1802 = PRESENTATION_LAYER_ASSIGNMENT (  '', '', ( #1422 ) ) ;
#1803 =( NAMED_UNIT ( * ) SI_UNIT ( $, .STERADIAN. ) SOLID_ANGLE_UNIT ( ) );
#1804 =( NAMED_UNIT ( * ) SI_UNIT ( $, .STERADIAN. ) SOLID_ANGLE_UNIT ( ) );
#1805 = STYLED_ITEM ( 'NONE', ( #38 ), #1184 ) ;
#1806 =( GEOMETRIC_REPRESENTATION_CONTEXT ( 3 ) GLOBAL_UNCERTAINTY_ASSIGNED_CONTEXT ( ( #575 ) ) GLOBAL_UNIT_ASSIGNED_CONTEXT ( ( #879, #241, #2455 ) ) REPRESENTATION_CONTEXT ( 'NONE', 'WORKASPACE' ) );
#1807 = ORIENTED_EDGE ( 'NONE', *, *, #550, .T. ) ;
#1808 =( NAMED_UNIT ( * ) PLANE_ANGLE_UNIT ( ) SI_UNIT ( $, .RADIAN. ) );
#1809 =( LENGTH_UNIT ( ) NAMED_UNIT ( * ) SI_UNIT ( .MILLI., .METRE. ) );
#1810 = DIRECTION ( 'NONE',  ( -0.7071067811865475727, 0.0000000000000000000, 0.7071067811865475727 ) ) ;
#1811 = APPLICATION_PROTOCOL_DEFINITION ( 'draft international standard', 'automotive_design', 1998, #2380 ) ;
#1812 = UNCERTAINTY_MEASURE_WITH_UNIT (LENGTH_MEASURE( 1.000000000000000082E-05 ), #990, 'distance_accuracy_value', 'NONE');
#1813 = ORIENTED_EDGE ( 'NONE', *, *, #171, .T. ) ;
#1814 = VECTOR ( 'NONE', #154, 1000.000000000000000 ) ;
#1815 = EDGE_CURVE ( 'NONE', #389, #808, #2613, .T. ) ;
#1816 = STYLED_ITEM ( 'NONE', ( #17 ), #1646 ) ;
#1817 =( NAMED_UNIT ( * ) SI_UNIT ( $, .STERADIAN. ) SOLID_ANGLE_UNIT ( ) );
#1818 = CARTESIAN_POINT ( 'NONE',  ( 1.270000000000250040, 0.9449999880792498974, 2.289999961853000698 ) ) ;
#1819 = STYLED_ITEM ( 'NONE', ( #54 ), #2060 ) ;
#1820 = PRESENTATION_LAYER_ASSIGNMENT (  '', '', ( #2612 ) ) ;
#1821 = ORIENTED_EDGE ( 'NONE', *, *, #2075, .F. ) ;
#1822 =( NAMED_UNIT ( * ) SI_UNIT ( $, .STERADIAN. ) SOLID_ANGLE_UNIT ( ) );
#1823 = DIRECTION ( 'NONE',  ( -0.7071067811865475727, 0.7071067811865475727, 0.0000000000000000000 ) ) ;
#1824 =( GEOMETRIC_REPRESENTATION_CONTEXT ( 3 ) GLOBAL_UNCERTAINTY_ASSIGNED_CONTEXT ( ( #259 ) ) GLOBAL_UNIT_ASSIGNED_CONTEXT ( ( #32, #1594, #2669 ) ) REPRESENTATION_CONTEXT ( 'NONE', 'WORKASPACE' ) );
#1825 = LINE ( 'NONE', #762, #671 ) ;
#1826 = VERTEX_POINT ( 'NONE', #2794 ) ;
#1827 = ORIENTED_EDGE ( 'NONE', *, *, #2684, .F. ) ;
#1828 = DIRECTION ( 'NONE',  ( 0.7071067811865475727, 0.0000000000000000000, 0.7071067811865475727 ) ) ;
#1829 = PLANE ( 'NONE',  #585 ) ;
#1830 = DIRECTION ( 'NONE',  ( 0.0000000000000000000, -0.7071067811865475727, 0.7071067811865475727 ) ) ;
#1831 =( LENGTH_UNIT ( ) NAMED_UNIT ( * ) SI_UNIT ( .MILLI., .METRE. ) );
#1832 = EDGE_CURVE ( 'NONE', #2249, #1612, #374, .T. ) ;
#1833 = ORIENTED_EDGE ( 'NONE', *, *, #1961, .T. ) ;
#1834 = SURFACE_SIDE_STYLE ('',( #299 ) ) ;
#1835 = FACE_OUTER_BOUND ( 'NONE', #2310, .T. ) ;
#1836 = SHAPE_DEFINITION_REPRESENTATION ( #2236, #314 ) ;
#1837 = VERTEX_POINT ( 'NONE', #856 ) ;
#1838 =( NAMED_UNIT ( * ) PLANE_ANGLE_UNIT ( ) SI_UNIT ( $, .RADIAN. ) );
#1839 = EDGE_LOOP ( 'NONE', ( #2660, #1630, #2692, #689 ) ) ;
#1840 = CARTESIAN_POINT ( 'NONE',  ( -1.270000000000250040, 0.9449999880792500084, 2.289999961853000698 ) ) ;
#1841 =( LENGTH_UNIT ( ) NAMED_UNIT ( * ) SI_UNIT ( .MILLI., .METRE. ) );
#1842 = PRESENTATION_LAYER_ASSIGNMENT (  '', '', ( #284 ) ) ;
#1843 = STYLED_ITEM ( 'NONE', ( #2178 ), #322 ) ;
#1844 = VECTOR ( 'NONE', #2543, 1000.000000000000000 ) ;
#1845 = COLOUR_RGB ( '',1.000000000000000000, 1.000000000000000000, 0.4980392156862745168 ) ;
#1846 = ORIENTED_EDGE ( 'NONE', *, *, #2384, .F. ) ;
#1847 = EDGE_CURVE ( 'NONE', #933, #1173, #2410, .T. ) ;
#1848 = SURFACE_STYLE_FILL_AREA ( #2717 ) ;
#1849 = MECHANICAL_DESIGN_GEOMETRIC_PRESENTATION_REPRESENTATION (  '', ( #2727 ), #849 ) ;
#1850 = STYLED_ITEM ( 'NONE', ( #1709 ), #598 ) ;
#1851 =( NAMED_UNIT ( * ) PLANE_ANGLE_UNIT ( ) SI_UNIT ( $, .RADIAN. ) );
#1852 = DIRECTION ( 'NONE',  ( 0.7071067811865474617, 0.0000000000000000000, 0.7071067811865474617 ) ) ;
#1853 = EDGE_LOOP ( 'NONE', ( #60, #135, #2024, #1192 ) ) ;
#1854 = FILL_AREA_STYLE_COLOUR ( '', #381 ) ;
#1855 = ORIENTED_EDGE ( 'NONE', *, *, #860, .T. ) ;
#1856 = SURFACE_STYLE_FILL_AREA ( #1874 ) ;
#1857 = EDGE_CURVE ( 'NONE', #2582, #1587, #839, .T. ) ;
#1858 = ORIENTED_EDGE ( 'NONE', *, *, #782, .F. ) ;
#1859 = SURFACE_SIDE_STYLE ('',( #965 ) ) ;
#1860 = STYLED_ITEM ( 'NONE', ( #1413 ), #1550 ) ;
#1861 = CARTESIAN_POINT ( 'NONE',  ( -1.270000000000062634, 0.9449999880790626028, 0.3000000119210000094 ) ) ;
#1862 = PLANE ( 'NONE',  #654 ) ;
#1863 = VECTOR ( 'NONE', #2581, 1000.000000000000000 ) ;
#1864 =( NAMED_UNIT ( * ) SI_UNIT ( $, .STERADIAN. ) SOLID_ANGLE_UNIT ( ) );
#1865 = ORIENTED_EDGE ( 'NONE', *, *, #1681, .F. ) ;
#1866 = PLANE ( 'NONE',  #2463 ) ;
#1867 = DIRECTION ( 'NONE',  ( 0.0000000000000000000, -0.0000000000000000000, 1.000000000000000000 ) ) ;
#1868 = FILL_AREA_STYLE_COLOUR ( '', #215 ) ;
#1869 = COLOUR_RGB ( '',0.09411764705882352811, 0.09411764705882352811, 0.09411764705882352811 ) ;
#1870 = ORIENTED_EDGE ( 'NONE', *, *, #636, .T. ) ;
#1871 = AXIS2_PLACEMENT_3D ( 'NONE', #242, #889, #1996 ) ;
#1872 = CARTESIAN_POINT ( 'NONE',  ( 2.759999960362999882, 0.3200000000000000067, 8.439999960363001819 ) ) ;
#1873 = EDGE_LOOP ( 'NONE', ( #1458, #1381, #885, #1237 ) ) ;
#1874 = FILL_AREA_STYLE ('',( #2056 ) ) ;
#1875 = ADVANCED_FACE ( 'NONE', ( #2131 ), #574, .T. ) ;
#1876 = ADVANCED_FACE ( 'NONE', ( #363 ), #1670, .T. ) ;
#1877 = AXIS2_PLACEMENT_3D ( 'NONE', #1272, #2627, #1510 ) ;
#1878 = PRODUCT_DEFINITION_FORMATION_WITH_SPECIFIED_SOURCE ( 'ANY', '', #266, .NOT_KNOWN. ) ;
#1879 = FACE_OUTER_BOUND ( 'NONE', #1853, .T. ) ;
#1880 = FACE_OUTER_BOUND ( 'NONE', #1795, .T. ) ;
#1881 =( LENGTH_UNIT ( ) NAMED_UNIT ( * ) SI_UNIT ( .MILLI., .METRE. ) );
#1882 = SURFACE_STYLE_FILL_AREA ( #1659 ) ;
#1883 = FILL_AREA_STYLE ('',( #2539 ) ) ;
#1884 = CARTESIAN_POINT ( 'NONE',  ( -0.3200000000000000067, 0.3200000000000006173, 8.339999958873001162 ) ) ;
#1885 = LINE ( 'NONE', #1056, #722 ) ;
#1886 = ORIENTED_EDGE ( 'NONE', *, *, #2668, .F. ) ;
#1887 = SURFACE_SIDE_STYLE ('',( #2300 ) ) ;
#1888 = EDGE_CURVE ( 'NONE', #1277, #2000, #925, .T. ) ;
#1889 = SURFACE_STYLE_FILL_AREA ( #1018 ) ;
#1890 = FACE_OUTER_BOUND ( 'NONE', #1839, .T. ) ;
#1891 =( LENGTH_UNIT ( ) NAMED_UNIT ( * ) SI_UNIT ( .MILLI., .METRE. ) );
#1892 = VECTOR ( 'NONE', #2809, 1000.000000000000000 ) ;
#1893 = CARTESIAN_POINT ( 'NONE',  ( 2.219999961852999970, 0.3199999999999998401, -2.799999997020000020 ) ) ;
#1894 = VECTOR ( 'NONE', #2479, 1000.000000000000114 ) ;
#1895 = EDGE_LOOP ( 'NONE', ( #1356, #1807, #1324, #1147 ) ) ;
#1896 =( GEOMETRIC_REPRESENTATION_CONTEXT ( 3 ) GLOBAL_UNCERTAINTY_ASSIGNED_CONTEXT ( ( #1542 ) ) GLOBAL_UNIT_ASSIGNED_CONTEXT ( ( #740, #1195, #1388 ) ) REPRESENTATION_CONTEXT ( 'NONE', 'WORKASPACE' ) );
#1897 = CARTESIAN_POINT ( 'NONE',  ( 0.3200000000000000067, -0.3200000000000000067, -2.799999997020000020 ) ) ;
#1898 = ORIENTED_EDGE ( 'NONE', *, *, #2366, .T. ) ;
#1899 = SURFACE_STYLE_USAGE ( .BOTH. , #1887 ) ;
#1900 = STYLED_ITEM ( 'NONE', ( #1771 ), #510 ) ;
#1901 = ORIENTED_EDGE ( 'NONE', *, *, #911, .T. ) ;
#1902 =( NAMED_UNIT ( * ) SI_UNIT ( $, .STERADIAN. ) SOLID_ANGLE_UNIT ( ) );
#1903 = FILL_AREA_STYLE ('',( #1032 ) ) ;
#1904 = ADVANCED_FACE ( 'NONE', ( #1297 ), #1955, .T. ) ;
#1905 = DIRECTION ( 'NONE',  ( 0.0000000000000000000, -0.0000000000000000000, -1.000000000000000000 ) ) ;
#1906 = LINE ( 'NONE', #2092, #2604 ) ;
#1907 = CARTESIAN_POINT ( 'NONE',  ( 1.270000000000062634, -0.9449999880790626028, 0.3000000119210000094 ) ) ;
#1908 = EDGE_CURVE ( 'NONE', #1152, #288, #2215, .T. ) ;
#1909 = AXIS2_PLACEMENT_3D ( 'NONE', #2123, #138, #2333 ) ;
#1910 = PRESENTATION_STYLE_ASSIGNMENT (( #2775 ) ) ;
#1911 = PLANE ( 'NONE',  #1424 ) ;
#1912 = CARTESIAN_POINT ( 'NONE',  ( -0.9699999880791250195, -1.245000000000125340, 0.0000000000000000000 ) ) ;
#1913 = COLOUR_RGB ( '',1.000000000000000000, 1.000000000000000000, 0.4980392156862745168 ) ;
#1914 = ORIENTED_EDGE ( 'NONE', *, *, #1908, .F. ) ;
#1915 = DIRECTION ( 'NONE',  ( 0.7071067811865474617, -0.7071067811865474617, -0.0000000000000000000 ) ) ;
#1916 = CARTESIAN_POINT ( 'NONE',  ( 1.269999961853000015, -0.9449999880789999862, 0.0000000000000000000 ) ) ;
#1917 = VECTOR ( 'NONE', #1328, 1000.000000000000000 ) ;
#1918 = ORIENTED_EDGE ( 'NONE', *, *, #2406, .F. ) ;
#1919 = FILL_AREA_STYLE ('',( #2781 ) ) ;
#1920 = MECHANICAL_DESIGN_GEOMETRIC_PRESENTATION_REPRESENTATION (  '', ( #1445 ), #1267 ) ;
#1921 = FACE_BOUND ( 'NONE', #2629, .T. ) ;
#1922 = VECTOR ( 'NONE', #2186, 1000.000000000000000 ) ;
#1923 = CARTESIAN_POINT ( 'NONE',  ( 2.859999961853000094, 0.3200000000000000067, 2.289999961853000254 ) ) ;
#1924 = SURFACE_STYLE_USAGE ( .BOTH. , #2149 ) ;
#1925 = EDGE_CURVE ( 'NONE', #268, #389, #2022, .T. ) ;
#1926 = CARTESIAN_POINT ( 'NONE',  ( -0.1199999970199998184, -0.3200000000000000067, 8.539999961853000698 ) ) ;
#1927 = DIRECTION ( 'NONE',  ( -1.000000000000000000, -0.0000000000000000000, -0.0000000000000000000 ) ) ;
#1928 = EDGE_LOOP ( 'NONE', ( #590, #2736, #562, #2244 ) ) ;
#1929 = SURFACE_SIDE_STYLE ('',( #1485 ) ) ;
#1930 = CARTESIAN_POINT ( 'NONE',  ( 2.859999961853000094, -0.3200000000000000067, 0.3000000119210001204 ) ) ;
#1931 = UNCERTAINTY_MEASURE_WITH_UNIT (LENGTH_MEASURE( 1.000000000000000082E-05 ), #1831, 'distance_accuracy_value', 'NONE');
#1932 = EDGE_LOOP ( 'NONE', ( #362, #1351, #1627, #1125 ) ) ;
#1933 = FACE_OUTER_BOUND ( 'NONE', #960, .T. ) ;
#1934 = DIRECTION ( 'NONE',  ( -0.0000000000000000000, 1.000000000000000000, 0.0000000000000000000 ) ) ;
#1935 = DIRECTION ( 'NONE',  ( -0.7071067811865475727, 0.0000000000000000000, 0.7071067811865475727 ) ) ;
#1936 = LINE ( 'NONE', #1113, #2527 ) ;
#1937 = SURFACE_SIDE_STYLE ('',( #189 ) ) ;
#1938 = VECTOR ( 'NONE', #2417, 1000.000000000000227 ) ;
#1939 = VERTEX_POINT ( 'NONE', #1735 ) ;
#1940 = AXIS2_PLACEMENT_3D ( 'NONE', #1620, #1830, #1643 ) ;
#1941 = PRESENTATION_STYLE_ASSIGNMENT (( #453 ) ) ;
#1942 =( NAMED_UNIT ( * ) SI_UNIT ( $, .STERADIAN. ) SOLID_ANGLE_UNIT ( ) );
#1943 =( GEOMETRIC_REPRESENTATION_CONTEXT ( 3 ) GLOBAL_UNCERTAINTY_ASSIGNED_CONTEXT ( ( #755 ) ) GLOBAL_UNIT_ASSIGNED_CONTEXT ( ( #437, #1557, #1331 ) ) REPRESENTATION_CONTEXT ( 'NONE', 'WORKASPACE' ) );
#1944 = ORIENTED_EDGE ( 'NONE', *, *, #1925, .F. ) ;
#1945 = PRESENTATION_STYLE_ASSIGNMENT (( #2119 ) ) ;
#1946 = STYLED_ITEM ( 'NONE', ( #1175 ), #1266 ) ;
#1947 = MECHANICAL_DESIGN_GEOMETRIC_PRESENTATION_REPRESENTATION (  '', ( #109 ), #1077 ) ;
#1948 = LINE ( 'NONE', #816, #2182 ) ;
#1949 = FILL_AREA_STYLE_COLOUR ( '', #33 ) ;
#1950 =( NAMED_UNIT ( * ) PLANE_ANGLE_UNIT ( ) SI_UNIT ( $, .RADIAN. ) );
#1951 = EDGE_LOOP ( 'NONE', ( #2231, #1185, #101, #1208 ) ) ;
#1952 = STYLED_ITEM ( 'NONE', ( #2243 ), #1503 ) ;
#1953 = ORIENTED_EDGE ( 'NONE', *, *, #1066, .F. ) ;
#1954 = DIRECTION ( 'NONE',  ( 0.0000000000000000000, 0.0000000000000000000, -1.000000000000000000 ) ) ;
#1955 = PLANE ( 'NONE',  #2655 ) ;
#1956 = SURFACE_STYLE_USAGE ( .BOTH. , #1311 ) ;
#1957 = UNCERTAINTY_MEASURE_WITH_UNIT (LENGTH_MEASURE( 1.000000000000000082E-05 ), #7, 'distance_accuracy_value', 'NONE');
#1958 = MECHANICAL_DESIGN_GEOMETRIC_PRESENTATION_REPRESENTATION (  '', ( #1222 ), #1543 ) ;
#1959 = LINE ( 'NONE', #1974, #419 ) ;
#1960 = PRODUCT_DEFINITION ( 'UNKNOWN', '', #182, #2826 ) ;
#1961 = EDGE_CURVE ( 'NONE', #719, #2567, #1310, .T. ) ;
#1962 = CARTESIAN_POINT ( 'NONE',  ( 0.2199999985099999888, 0.3200000000000000067, 8.439999960363001819 ) ) ;
#1963 = MECHANICAL_DESIGN_GEOMETRIC_PRESENTATION_REPRESENTATION (  '', ( #1496 ), #1005 ) ;
#1964 = ORIENTED_EDGE ( 'NONE', *, *, #893, .F. ) ;
#1965 = SURFACE_STYLE_USAGE ( .BOTH. , #1110 ) ;
#1966 = VECTOR ( 'NONE', #219, 1000.000000000000000 ) ;
#1967 =( NAMED_UNIT ( * ) PLANE_ANGLE_UNIT ( ) SI_UNIT ( $, .RADIAN. ) );
#1968 = PLANE ( 'NONE',  #2587 ) ;
#1969 = PRESENTATION_STYLE_ASSIGNMENT (( #2418 ) ) ;
#1970 = DIRECTION ( 'NONE',  ( 1.000000000000000000, 0.0000000000000000000, 0.0000000000000000000 ) ) ;
#1971 = DIRECTION ( 'NONE',  ( 0.0000000000000000000, 0.0000000000000000000, 1.000000000000000000 ) ) ;
#1972 = SURFACE_SIDE_STYLE ('',( #14 ) ) ;
#1973 =( REPRESENTATION_RELATIONSHIP ('NONE','NONE', #2394, #314 ) REPRESENTATION_RELATIONSHIP_WITH_TRANSFORMATION ( #2083 )SHAPE_REPRESENTATION_RELATIONSHIP( ) );
#1974 = CARTESIAN_POINT ( 'NONE',  ( -0.9699999880790000084, 1.245000000000000329, 0.0000000000000000000 ) ) ;
#1975 = SURFACE_STYLE_FILL_AREA ( #486 ) ;
#1976 = FILL_AREA_STYLE ('',( #1478 ) ) ;
#1977 = EDGE_CURVE ( 'NONE', #930, #2383, #2839, .T. ) ;
#1978 = LINE ( 'NONE', #2469, #1293 ) ;
#1979 = DIRECTION ( 'NONE',  ( 0.0000000000000000000, 0.0000000000000000000, -1.000000000000000000 ) ) ;
#1980 = UNCERTAINTY_MEASURE_WITH_UNIT (LENGTH_MEASURE( 1.000000000000000082E-05 ), #431, 'distance_accuracy_value', 'NONE');
#1981 = CARTESIAN_POINT ( 'NONE',  ( 3.509999949932125052, -1.245000000000125340, 0.0000000000000000000 ) ) ;
#1982 = DIRECTION ( 'NONE',  ( 0.0000000000000000000, -0.0000000000000000000, 1.000000000000000000 ) ) ;
#1983 = VERTEX_POINT ( 'NONE', #660 ) ;
#1984 = FILL_AREA_STYLE_COLOUR ( '', #2551 ) ;
#1985 = DIRECTION ( 'NONE',  ( 0.0000000000000000000, 0.0000000000000000000, -1.000000000000000000 ) ) ;
#1986 = PRESENTATION_LAYER_ASSIGNMENT (  '', '', ( #1198 ) ) ;
#1987 = UNCERTAINTY_MEASURE_WITH_UNIT (LENGTH_MEASURE( 1.000000000000000082E-05 ), #458, 'distance_accuracy_value', 'NONE');
#1988 = VECTOR ( 'NONE', #1123, 1000.000000000000000 ) ;
#1989 = PLANE ( 'NONE',  #1626 ) ;
#1990 = COLOUR_RGB ( '',1.000000000000000000, 1.000000000000000000, 0.4980392156862745168 ) ;
#1991 =( GEOMETRIC_REPRESENTATION_CONTEXT ( 3 ) GLOBAL_UNCERTAINTY_ASSIGNED_CONTEXT ( ( #1426 ) ) GLOBAL_UNIT_ASSIGNED_CONTEXT ( ( #2733, #1808, #1822 ) ) REPRESENTATION_CONTEXT ( 'NONE', 'WORKASPACE' ) );
#1992 = ORIENTED_EDGE ( 'NONE', *, *, #1977, .F. ) ;
#1993 =( GEOMETRIC_REPRESENTATION_CONTEXT ( 3 ) GLOBAL_UNCERTAINTY_ASSIGNED_CONTEXT ( ( #2767 ) ) GLOBAL_UNIT_ASSIGNED_CONTEXT ( ( #353, #1035, #581 ) ) REPRESENTATION_CONTEXT ( 'NONE', 'WORKASPACE' ) );
#1994 =( NAMED_UNIT ( * ) PLANE_ANGLE_UNIT ( ) SI_UNIT ( $, .RADIAN. ) );
#1995 = EDGE_CURVE ( 'NONE', #2378, #2276, #39, .T. ) ;
#1996 = DIRECTION ( 'NONE',  ( 0.7071067811865474617, 0.0000000000000000000, 0.7071067811865474617 ) ) ;
#1997 =( NAMED_UNIT ( * ) PLANE_ANGLE_UNIT ( ) SI_UNIT ( $, .RADIAN. ) );
#1998 = ADVANCED_FACE ( 'NONE', ( #13 ), #2628, .T. ) ;
#1999 = SURFACE_SIDE_STYLE ('',( #202 ) ) ;
#2000 = VERTEX_POINT ( 'NONE', #972 ) ;
#2001 = CARTESIAN_POINT ( 'NONE',  ( -1.270000000000000018, 0.3200000000000000622, 0.3000000119210000094 ) ) ;
#2002 = FILL_AREA_STYLE ('',( #408 ) ) ;
#2003 = SURFACE_STYLE_USAGE ( .BOTH. , #162 ) ;
#2004 = VECTOR ( 'NONE', #2258, 1000.000000000000000 ) ;
#2005 = ORIENTED_EDGE ( 'NONE', *, *, #1379, .T. ) ;
#2006 = COLOUR_RGB ( '',1.000000000000000000, 1.000000000000000000, 0.4980392156862745168 ) ;
#2007 = LINE ( 'NONE', #1357, #214 ) ;
#2008 = DIRECTION ( 'NONE',  ( -0.0000000000000000000, 1.000000000000000000, 0.0000000000000000000 ) ) ;
#2009 = EDGE_LOOP ( 'NONE', ( #1953, #1707, #57, #2679 ) ) ;
#2010 = PLANE ( 'NONE',  #2687 ) ;
#2011 = PRESENTATION_LAYER_ASSIGNMENT (  '', '', ( #1088 ) ) ;
#2012 = PLANE ( 'NONE',  #2256 ) ;
#2013 = UNCERTAINTY_MEASURE_WITH_UNIT (LENGTH_MEASURE( 1.000000000000000082E-05 ), #88, 'distance_accuracy_value', 'NONE');
#2014 = VECTOR ( 'NONE', #756, 1000.000000000000000 ) ;
#2015 = DIRECTION ( 'NONE',  ( -1.000000000000000000, 0.0000000000000000000, -0.0000000000000000000 ) ) ;
#2016 = SURFACE_STYLE_USAGE ( .BOTH. , #936 ) ;
#2017 = STYLED_ITEM ( 'NONE', ( #1769 ), #2715 ) ;
#2018 = ADVANCED_FACE ( 'NONE', ( #1835 ), #982, .F. ) ;
#2019 = COLOUR_RGB ( '',0.7921568627450980005, 0.8196078431372548767, 0.9333333333333333481 ) ;
#2020 = DIRECTION ( 'NONE',  ( 0.0000000000000000000, -1.000000000000000000, 0.0000000000000000000 ) ) ;
#2021 = DIRECTION ( 'NONE',  ( 0.0000000000000000000, -0.0000000000000000000, -1.000000000000000000 ) ) ;
#2022 = LINE ( 'NONE', #2848, #1346 ) ;
#2023 = CARTESIAN_POINT ( 'NONE',  ( 1.269999961853000015, 1.245000000000000329, 2.289999961853000254 ) ) ;
#2024 = ORIENTED_EDGE ( 'NONE', *, *, #1566, .T. ) ;
#2025 = FACE_BOUND ( 'NONE', #2266, .T. ) ;
#2026 = FILL_AREA_STYLE ('',( #1140 ) ) ;
#2027 = EDGE_CURVE ( 'NONE', #2698, #734, #748, .T. ) ;
#2028 = ORIENTED_EDGE ( 'NONE', *, *, #37, .F. ) ;
#2029 = DIRECTION ( 'NONE',  ( -1.000000000000000000, -0.0000000000000000000, -0.0000000000000000000 ) ) ;
#2030 = CARTESIAN_POINT ( 'NONE',  ( 2.219999961852999970, -0.3200000000000000067, 8.339999958872999386 ) ) ;
#2031 = DIRECTION ( 'NONE',  ( 0.0000000000000000000, -1.000000000000000000, 0.0000000000000000000 ) ) ;
#2032 = VERTEX_POINT ( 'NONE', #2734 ) ;
#2033 = LINE ( 'NONE', #1105, #2227 ) ;
#2034 =( NAMED_UNIT ( * ) PLANE_ANGLE_UNIT ( ) SI_UNIT ( $, .RADIAN. ) );
#2035 = SURFACE_STYLE_USAGE ( .BOTH. , #2263 ) ;
#2036 = EDGE_CURVE ( 'NONE', #1152, #2328, #1825, .T. ) ;
#2037 = CARTESIAN_POINT ( 'NONE',  ( 0.0000000000000000000, 0.0000000000000000000, 0.0000000000000000000 ) ) ;
#2038 = ORIENTED_EDGE ( 'NONE', *, *, #1386, .T. ) ;
#2039 = PLANE ( 'NONE',  #1030 ) ;
#2040 = VERTEX_POINT ( 'NONE', #2530 ) ;
#2041 = DIRECTION ( 'NONE',  ( 0.0000000000000000000, 0.0000000000000000000, 1.000000000000000000 ) ) ;
#2042 = CARTESIAN_POINT ( 'NONE',  ( 0.3200000000000000067, 0.3200000000000000067, 2.289999961853000254 ) ) ;
#2043 = AXIS2_PLACEMENT_3D ( 'NONE', #466, #2020, #1905 ) ;
#2044 =( LENGTH_UNIT ( ) NAMED_UNIT ( * ) SI_UNIT ( .MILLI., .METRE. ) );
#2045 = COLOUR_RGB ( '',1.000000000000000000, 1.000000000000000000, 0.4980392156862745168 ) ;
#2046 = CARTESIAN_POINT ( 'NONE',  ( 1.569999973774000024, 1.245000000000000329, 0.0000000000000000000 ) ) ;
#2047 = VECTOR ( 'NONE', #2798, 1000.000000000000000 ) ;
#2048 = COLOUR_RGB ( '',0.09411764705882352811, 0.09411764705882352811, 0.09411764705882352811 ) ;
#2049 = VECTOR ( 'NONE', #2688, 1000.000000000000000 ) ;
#2050 = EDGE_LOOP ( 'NONE', ( #2448, #1901, #793, #87 ) ) ;
#2051 = CARTESIAN_POINT ( 'NONE',  ( 1.119999994040000058, -1.094999994039999924, 0.0000000000000000000 ) ) ;
#2052 = FACE_OUTER_BOUND ( 'NONE', #2701, .T. ) ;
#2053 = CARTESIAN_POINT ( 'NONE',  ( 2.859999961853000094, -0.3200000000000003952, 8.339999958872999386 ) ) ;
#2054 =( LENGTH_UNIT ( ) NAMED_UNIT ( * ) SI_UNIT ( .MILLI., .METRE. ) );
#2055 = ORIENTED_EDGE ( 'NONE', *, *, #926, .T. ) ;
#2056 = FILL_AREA_STYLE_COLOUR ( '', #2006 ) ;
#2057 = PRESENTATION_LAYER_ASSIGNMENT (  '', '', ( #433 ) ) ;
#2058 = FILL_AREA_STYLE_COLOUR ( '', #2259 ) ;
#2059 = VECTOR ( 'NONE', #111, 1000.000000000000000 ) ;
#2060 = ADVANCED_FACE ( 'NONE', ( #330, #1203 ), #997, .T. ) ;
#2061 = FILL_AREA_STYLE ('',( #533 ) ) ;
#2062 = PRESENTATION_STYLE_ASSIGNMENT (( #1621 ) ) ;
#2063 = AXIS2_PLACEMENT_3D ( 'NONE', #1071, #1441, #2354 ) ;
#2064 = DIRECTION ( 'NONE',  ( 0.0000000000000000000, 0.0000000000000000000, 1.000000000000000000 ) ) ;
#2065 = VECTOR ( 'NONE', #1041, 1000.000000000000114 ) ;
#2066 = VERTEX_POINT ( 'NONE', #1256 ) ;
#2067 =( NAMED_UNIT ( * ) SI_UNIT ( $, .STERADIAN. ) SOLID_ANGLE_UNIT ( ) );
#2068 =( NAMED_UNIT ( * ) SI_UNIT ( $, .STERADIAN. ) SOLID_ANGLE_UNIT ( ) );
#2069 = APPLICATION_PROTOCOL_DEFINITION ( 'draft international standard', 'automotive_design', 1998, #739 ) ;
#2070 = VECTOR ( 'NONE', #676, 1000.000000000000000 ) ;
#2071 = ORIENTED_EDGE ( 'NONE', *, *, #2097, .T. ) ;
#2072 = PRESENTATION_STYLE_ASSIGNMENT (( #287 ) ) ;
#2073 = ORIENTED_EDGE ( 'NONE', *, *, #165, .T. ) ;
#2074 = PLANE ( 'NONE',  #2462 ) ;
#2075 = EDGE_CURVE ( 'NONE', #347, #522, #1219, .T. ) ;
#2076 = FILL_AREA_STYLE ('',( #2246 ) ) ;
#2077 =( NAMED_UNIT ( * ) SI_UNIT ( $, .STERADIAN. ) SOLID_ANGLE_UNIT ( ) );
#2078 = DIRECTION ( 'NONE',  ( -0.7071067811865475727, 0.0000000000000000000, 0.7071067811865475727 ) ) ;
#2079 = ORIENTED_EDGE ( 'NONE', *, *, #5, .F. ) ;
#2080 = FACE_OUTER_BOUND ( 'NONE', #1873, .T. ) ;
#2081 = CARTESIAN_POINT ( 'NONE',  ( 2.419999964833000394, -0.3200000000000000067, 8.539999961853000698 ) ) ;
#2082 = SURFACE_SIDE_STYLE ('',( #74 ) ) ;
#2083 = ITEM_DEFINED_TRANSFORMATION ( 'NONE', 'NONE', #2163,  #1546 ) ;
#2084 = VERTEX_POINT ( 'NONE', #2578 ) ;
#2085 = ORIENTED_EDGE ( 'NONE', *, *, #1857, .T. ) ;
#2086 = SURFACE_SIDE_STYLE ('',( #1402 ) ) ;
#2087 = FACE_OUTER_BOUND ( 'NONE', #1167, .T. ) ;
#2088 =( GEOMETRIC_REPRESENTATION_CONTEXT ( 3 ) GLOBAL_UNCERTAINTY_ASSIGNED_CONTEXT ( ( #686 ) ) GLOBAL_UNIT_ASSIGNED_CONTEXT ( ( #2044, #2329, #1817 ) ) REPRESENTATION_CONTEXT ( 'NONE', 'WORKASPACE' ) );
#2089 = SURFACE_STYLE_FILL_AREA ( #323 ) ;
#2090 = FILL_AREA_STYLE_COLOUR ( '', #415 ) ;
#2091 = ADVANCED_FACE ( 'NONE', ( #176 ), #2803, .T. ) ;
#2092 = CARTESIAN_POINT ( 'NONE',  ( -0.3200000000000000067, 0.1199999970199998184, -3.000000000000000000 ) ) ;
#2093 = PRESENTATION_LAYER_ASSIGNMENT (  '', '', ( #467 ) ) ;
#2094 = ORIENTED_EDGE ( 'NONE', *, *, #165, .F. ) ;
#2095 = CARTESIAN_POINT ( 'NONE',  ( 3.809999961853499872, 0.9449999880795001417, 0.0000000000000000000 ) ) ;
#2096 = PRODUCT_DEFINITION ( 'UNKNOWN', '', #1878, #927 ) ;
#2097 = EDGE_CURVE ( 'NONE', #1366, #1406, #1467, .T. ) ;
#2098 = MECHANICAL_DESIGN_GEOMETRIC_PRESENTATION_REPRESENTATION (  '', ( #1805 ), #336 ) ;
#2099 = MECHANICAL_DESIGN_GEOMETRIC_PRESENTATION_REPRESENTATION (  '', ( #2239 ), #2822 ) ;
#2100 = LINE ( 'NONE', #369, #422 ) ;
#2101 = CARTESIAN_POINT ( 'NONE',  ( -0.1199999970199999294, 0.1199999970200000127, -3.000000000000000000 ) ) ;
#2102 = ORIENTED_EDGE ( 'NONE', *, *, #2146, .F. ) ;
#2103 =( NAMED_UNIT ( * ) PLANE_ANGLE_UNIT ( ) SI_UNIT ( $, .RADIAN. ) );
#2104 = STYLED_ITEM ( 'NONE', ( #192 ), #1875 ) ;
#2105 = LINE ( 'NONE', #126, #1291 ) ;
#2106 = SURFACE_STYLE_USAGE ( .BOTH. , #339 ) ;
#2107 = PRESENTATION_STYLE_ASSIGNMENT (( #340 ) ) ;
#2108 = PRESENTATION_LAYER_ASSIGNMENT (  '', '', ( #80 ) ) ;
#2109 = FILL_AREA_STYLE_COLOUR ( '', #1047 ) ;
#2110 = AXIS2_PLACEMENT_3D ( 'NONE', #594, #1462, #1243 ) ;
#2111 = LINE ( 'NONE', #2374, #2776 ) ;
#2112 = EDGE_CURVE ( 'NONE', #2066, #2159, #395, .T. ) ;
#2113 = VERTEX_POINT ( 'NONE', #610 ) ;
#2114 = DIRECTION ( 'NONE',  ( 0.0000000000000000000, 0.0000000000000000000, 1.000000000000000000 ) ) ;
#2115 = VERTEX_POINT ( 'NONE', #1270 ) ;
#2116 = CARTESIAN_POINT ( 'NONE',  ( -0.3200000000000000067, 0.3200000000000000067, 2.289999961853000254 ) ) ;
#2117 = UNCERTAINTY_MEASURE_WITH_UNIT (LENGTH_MEASURE( 1.000000000000000082E-05 ), #2390, 'distance_accuracy_value', 'NONE');
#2118 = ORIENTED_EDGE ( 'NONE', *, *, #444, .F. ) ;
#2119 = SURFACE_STYLE_USAGE ( .BOTH. , #616 ) ;
#2120 = PRODUCT_DEFINITION_FORMATION_WITH_SPECIFIED_SOURCE ( 'ANY', '', #650, .NOT_KNOWN. ) ;
#2121 = SURFACE_STYLE_USAGE ( .BOTH. , #2133 ) ;
#2122 = FILL_AREA_STYLE_COLOUR ( '', #1376 ) ;
#2123 = CARTESIAN_POINT ( 'NONE',  ( 2.859999961853000094, 0.3200000000000000067, -3.000000000000000000 ) ) ;
#2124 = DIRECTION ( 'NONE',  ( 0.0000000000000000000, 1.000000000000000000, -0.0000000000000000000 ) ) ;
#2125 = DIRECTION ( 'NONE',  ( 1.000000000000000000, 0.0000000000000000000, -0.0000000000000000000 ) ) ;
#2126 = CARTESIAN_POINT ( 'NONE',  ( 1.269999961853000015, -1.245000000000000329, 0.3000000119210000094 ) ) ;
#2127 = PRESENTATION_STYLE_ASSIGNMENT (( #823 ) ) ;
#2128 = CARTESIAN_POINT ( 'NONE',  ( 2.219999961852999970, -0.3199999999999999512, 2.289999961853000254 ) ) ;
#2129 = ORIENTED_EDGE ( 'NONE', *, *, #1888, .T. ) ;
#2130 = EDGE_CURVE ( 'NONE', #662, #2780, #1885, .T. ) ;
#2131 = FACE_OUTER_BOUND ( 'NONE', #1223, .T. ) ;
#2132 = ORIENTED_EDGE ( 'NONE', *, *, #2804, .T. ) ;
#2133 = SURFACE_SIDE_STYLE ('',( #2358 ) ) ;
#2134 = PRESENTATION_STYLE_ASSIGNMENT (( #551 ) ) ;
#2135 =( NAMED_UNIT ( * ) SI_UNIT ( $, .STERADIAN. ) SOLID_ANGLE_UNIT ( ) );
#2136 = PRESENTATION_LAYER_ASSIGNMENT (  '', '', ( #2371 ) ) ;
#2137 = CLOSED_SHELL ( 'NONE', ( #2183, #1777, #2091, #2579, #1052, #1758, #2018, #147, #530, #2595, #547, #1904, #342, #1876 ) ) ;
#2138 = LINE ( 'NONE', #1652, #2065 ) ;
#2139 = PRESENTATION_LAYER_ASSIGNMENT (  '', '', ( #1946 ) ) ;
#2140 = ORIENTED_EDGE ( 'NONE', *, *, #1068, .F. ) ;
#2141 = COLOUR_RGB ( '',1.000000000000000000, 1.000000000000000000, 0.4980392156862745168 ) ;
#2142 = LINE ( 'NONE', #2381, #511 ) ;
#2143 = CARTESIAN_POINT ( 'NONE',  ( 3.659999955892999868, -1.094999994039999924, 0.0000000000000000000 ) ) ;
#2144 = UNCERTAINTY_MEASURE_WITH_UNIT (LENGTH_MEASURE( 1.000000000000000082E-05 ), #1348, 'distance_accuracy_value', 'NONE');
#2145 = VERTEX_POINT ( 'NONE', #2762 ) ;
#2146 = EDGE_CURVE ( 'NONE', #542, #2040, #2138, .T. ) ;
#2147 = DIRECTION ( 'NONE',  ( 0.0000000000000000000, 0.0000000000000000000, -1.000000000000000000 ) ) ;
#2148 = SURFACE_STYLE_USAGE ( .BOTH. , #2586 ) ;
#2149 = SURFACE_SIDE_STYLE ('',( #2748 ) ) ;
#2150 = PRESENTATION_LAYER_ASSIGNMENT (  '', '', ( #2782 ) ) ;
#2151 = CARTESIAN_POINT ( 'NONE',  ( 2.219999961852999970, -0.1199999970200000127, -3.000000000000000000 ) ) ;
#2152 = PRESENTATION_LAYER_ASSIGNMENT (  '', '', ( #1714 ) ) ;
#2153 = DIRECTION ( 'NONE',  ( -1.000000000000000000, -0.0000000000000000000, -0.0000000000000000000 ) ) ;
#2154 = VECTOR ( 'NONE', #2170, 1000.000000000000000 ) ;
#2155 = DIRECTION ( 'NONE',  ( -1.000000000000000000, -0.0000000000000000000, -0.0000000000000000000 ) ) ;
#2156 =( GEOMETRIC_REPRESENTATION_CONTEXT ( 3 ) GLOBAL_UNCERTAINTY_ASSIGNED_CONTEXT ( ( #428 ) ) GLOBAL_UNIT_ASSIGNED_CONTEXT ( ( #1197, #922, #937 ) ) REPRESENTATION_CONTEXT ( 'NONE', 'WORKASPACE' ) );
#2157 = PRESENTATION_STYLE_ASSIGNMENT (( #1899 ) ) ;
#2158 = VECTOR ( 'NONE', #2124, 1000.000000000000000 ) ;
#2159 = VERTEX_POINT ( 'NONE', #1912 ) ;
#2160 = CARTESIAN_POINT ( 'NONE',  ( -0.3200000000000000067, -0.3200000000000000067, 2.289999961853000254 ) ) ;
#2161 = PRODUCT_DEFINITION_SHAPE ( 'NONE', 'NONE',  #2850 ) ;
#2162 = ORIENTED_EDGE ( 'NONE', *, *, #1857, .F. ) ;
#2163 = AXIS2_PLACEMENT_3D ( 'NONE', #2037, #943, #509 ) ;
#2164 = CARTESIAN_POINT ( 'NONE',  ( -0.3199999999999999512, 0.3200000000000000622, 0.3000000119210000649 ) ) ;
#2165 = CARTESIAN_POINT ( 'NONE',  ( -0.2199999985099999888, -0.3200000000000000067, 8.439999960363001819 ) ) ;
#2166 = EDGE_CURVE ( 'NONE', #1676, #1152, #1683, .T. ) ;
#2167 =( NAMED_UNIT ( * ) SI_UNIT ( $, .STERADIAN. ) SOLID_ANGLE_UNIT ( ) );
#2168 = SURFACE_SIDE_STYLE ('',( #2199 ) ) ;
#2169 = ADVANCED_FACE ( 'NONE', ( #673 ), #1731, .T. ) ;
#2170 = DIRECTION ( 'NONE',  ( -0.0000000000000000000, -1.000000000000000000, 0.0000000000000000000 ) ) ;
#2171 = ORIENTED_EDGE ( 'NONE', *, *, #2800, .F. ) ;
#2172 = FILL_AREA_STYLE_COLOUR ( '', #2355 ) ;
#2173 = DIRECTION ( 'NONE',  ( 0.7071067811865474617, 0.7071067811865474617, 0.0000000000000000000 ) ) ;
#2174 = UNCERTAINTY_MEASURE_WITH_UNIT (LENGTH_MEASURE( 1.000000000000000082E-05 ), #643, 'distance_accuracy_value', 'NONE');
#2175 = FILL_AREA_STYLE_COLOUR ( '', #1024 ) ;
#2176 = PLANE ( 'NONE',  #680 ) ;
#2177 = CARTESIAN_POINT ( 'NONE',  ( 3.809999961852999828, -0.9449999880790000972, 0.0000000000000000000 ) ) ;
#2178 = PRESENTATION_STYLE_ASSIGNMENT (( #670 ) ) ;
#2179 = FACE_OUTER_BOUND ( 'NONE', #2481, .T. ) ;
#2180 = ORIENTED_EDGE ( 'NONE', *, *, #239, .T. ) ;
#2181 = FILL_AREA_STYLE_COLOUR ( '', #1264 ) ;
#2182 = VECTOR ( 'NONE', #1506, 1000.000000000000114 ) ;
#2183 = ADVANCED_FACE ( 'NONE', ( #2847 ), #1742, .T. ) ;
#2184 = ADVANCED_FACE ( 'NONE', ( #2408 ), #895, .T. ) ;
#2185 = ORIENTED_EDGE ( 'NONE', *, *, #2601, .F. ) ;
#2186 = DIRECTION ( 'NONE',  ( -1.000000000000000000, -0.0000000000000000000, -0.0000000000000000000 ) ) ;
#2187 = MECHANICAL_DESIGN_GEOMETRIC_PRESENTATION_REPRESENTATION (  '', ( #1246 ), #938 ) ;
#2188 = VECTOR ( 'NONE', #1186, 1000.000000000000000 ) ;
#2189 = SURFACE_STYLE_FILL_AREA ( #871 ) ;
#2190 = MECHANICAL_DESIGN_GEOMETRIC_PRESENTATION_REPRESENTATION (  '', ( #2466 ), #1801 ) ;
#2191 = ORIENTED_EDGE ( 'NONE', *, *, #5, .T. ) ;
#2192 = PRESENTATION_LAYER_ASSIGNMENT (  '', '', ( #1165 ) ) ;
#2193 = PRESENTATION_LAYER_ASSIGNMENT (  '', '', ( #66 ) ) ;
#2194 = SURFACE_STYLE_USAGE ( .BOTH. , #1738 ) ;
#2195 = ORIENTED_EDGE ( 'NONE', *, *, #1385, .T. ) ;
#2196 = PLANE ( 'NONE',  #282 ) ;
#2197 = FILL_AREA_STYLE_COLOUR ( '', #566 ) ;
#2198 = SURFACE_SIDE_STYLE ('',( #2415 ) ) ;
#2199 = SURFACE_STYLE_FILL_AREA ( #637 ) ;
#2200 =( GEOMETRIC_REPRESENTATION_CONTEXT ( 3 ) GLOBAL_UNCERTAINTY_ASSIGNED_CONTEXT ( ( #1115 ) ) GLOBAL_UNIT_ASSIGNED_CONTEXT ( ( #672, #1997, #624 ) ) REPRESENTATION_CONTEXT ( 'NONE', 'WORKASPACE' ) );
#2201 = AXIS2_PLACEMENT_3D ( 'NONE', #963, #1828, #2518 ) ;
#2202 =( NAMED_UNIT ( * ) PLANE_ANGLE_UNIT ( ) SI_UNIT ( $, .RADIAN. ) );
#2203 = MECHANICAL_DESIGN_GEOMETRIC_PRESENTATION_REPRESENTATION (  '', ( #2480 ), #124 ) ;
#2204 = ADVANCED_FACE ( 'NONE', ( #311 ), #50, .F. ) ;
#2205 = PRESENTATION_STYLE_ASSIGNMENT (( #1956 ) ) ;
#2206 = UNCERTAINTY_MEASURE_WITH_UNIT (LENGTH_MEASURE( 1.000000000000000082E-05 ), #1430, 'distance_accuracy_value', 'NONE');
#2207 = CARTESIAN_POINT ( 'NONE',  ( 0.3200000000000000067, 0.3200000000000000067, -2.799999997020000020 ) ) ;
#2208 = DIRECTION ( 'NONE',  ( 0.7071067811865474617, 0.0000000000000000000, -0.7071067811865474617 ) ) ;
#2209 = VECTOR ( 'NONE', #2285, 1000.000000000000000 ) ;
#2210 = MECHANICAL_DESIGN_GEOMETRIC_PRESENTATION_REPRESENTATION (  '', ( #2617 ), #2840 ) ;
#2211 = AXIS2_PLACEMENT_3D ( 'NONE', #441, #233, #1484 ) ;
#2212 = PRESENTATION_STYLE_ASSIGNMENT (( #1320 ) ) ;
#2213 = CARTESIAN_POINT ( 'NONE',  ( -1.270000000000000018, -1.245000000000000329, 2.289999961853000254 ) ) ;
#2214 = CARTESIAN_POINT ( 'NONE',  ( 1.270000000000000018, 1.245000000000000329, 0.0000000000000000000 ) ) ;
#2215 = LINE ( 'NONE', #1120, #1666 ) ;
#2216 = EDGE_CURVE ( 'NONE', #808, #1612, #96, .T. ) ;
#2217 = CARTESIAN_POINT ( 'NONE',  ( 1.269999961853000015, 0.9449999880789999862, 0.0000000000000000000 ) ) ;
#2218 = LINE ( 'NONE', #1688, #1544 ) ;
#2219 = VERTEX_POINT ( 'NONE', #538 ) ;
#2220 = EDGE_CURVE ( 'NONE', #332, #1406, #326, .T. ) ;
#2221 = SURFACE_STYLE_USAGE ( .BOTH. , #880 ) ;
#2222 = UNCERTAINTY_MEASURE_WITH_UNIT (LENGTH_MEASURE( 1.000000000000000082E-05 ), #425, 'distance_accuracy_value', 'NONE');
#2223 = FACE_OUTER_BOUND ( 'NONE', #2528, .T. ) ;
#2224 = FILL_AREA_STYLE ('',( #1760 ) ) ;
#2225 = ORIENTED_EDGE ( 'NONE', *, *, #615, .F. ) ;
#2226 = LINE ( 'NONE', #2396, #491 ) ;
#2227 = VECTOR ( 'NONE', #923, 1000.000000000000000 ) ;
#2228 = FILL_AREA_STYLE_COLOUR ( '', #1229 ) ;
#2229 = UNCERTAINTY_MEASURE_WITH_UNIT (LENGTH_MEASURE( 1.000000000000000082E-05 ), #2414, 'distance_accuracy_value', 'NONE');
#2230 =( GEOMETRIC_REPRESENTATION_CONTEXT ( 3 ) GLOBAL_UNCERTAINTY_ASSIGNED_CONTEXT ( ( #2457 ) ) GLOBAL_UNIT_ASSIGNED_CONTEXT ( ( #237, #1534, #1313 ) ) REPRESENTATION_CONTEXT ( 'NONE', 'WORKASPACE' ) );
#2231 = ORIENTED_EDGE ( 'NONE', *, *, #2166, .F. ) ;
#2232 = CARTESIAN_POINT ( 'NONE',  ( -1.270000000000000018, -0.9449999880789999862, 0.0000000000000000000 ) ) ;
#2233 = FACE_OUTER_BOUND ( 'NONE', #1423, .T. ) ;
#2234 = STYLED_ITEM ( 'NONE', ( #1941 ), #1130 ) ;
#2235 = CARTESIAN_POINT ( 'NONE',  ( -0.3199999999999998401, -0.3200000000000000067, -2.799999997020000020 ) ) ;
#2236 = PRODUCT_DEFINITION_SHAPE ( 'NONE', 'NONE',  #1645 ) ;
#2237 = STYLED_ITEM ( 'NONE', ( #2277 ), #493 ) ;
#2238 = MECHANICAL_DESIGN_GEOMETRIC_PRESENTATION_REPRESENTATION (  '', ( #1946 ), #799 ) ;
#2239 = STYLED_ITEM ( 'NONE', ( #1678 ), #547 ) ;
#2240 = LINE ( 'NONE', #2645, #2049 ) ;
#2241 = EDGE_CURVE ( 'NONE', #986, #662, #2388, .T. ) ;
#2242 = DIRECTION ( 'NONE',  ( -0.0000000000000000000, -1.000000000000000000, 0.0000000000000000000 ) ) ;
#2243 = PRESENTATION_STYLE_ASSIGNMENT (( #1172 ) ) ;
#2244 = ORIENTED_EDGE ( 'NONE', *, *, #1634, .F. ) ;
#2245 =( GEOMETRIC_REPRESENTATION_CONTEXT ( 3 ) GLOBAL_UNCERTAINTY_ASSIGNED_CONTEXT ( ( #1261 ) ) GLOBAL_UNIT_ASSIGNED_CONTEXT ( ( #784, #537, #802 ) ) REPRESENTATION_CONTEXT ( 'NONE', 'WORKASPACE' ) );
#2246 = FILL_AREA_STYLE_COLOUR ( '', #337 ) ;
#2247 = DIRECTION ( 'NONE',  ( 0.0000000000000000000, -0.0000000000000000000, 1.000000000000000000 ) ) ;
#2248 = COLOUR_RGB ( '',0.09411764705882352811, 0.09411764705882352811, 0.09411764705882352811 ) ;
#2249 = VERTEX_POINT ( 'NONE', #553 ) ;
#2250 = CARTESIAN_POINT ( 'NONE',  ( 2.219999961852999970, 0.3200000000000001732, -2.799999997019999576 ) ) ;
#2251 = CARTESIAN_POINT ( 'NONE',  ( 1.269999961853000015, 1.245000000000000329, 0.0000000000000000000 ) ) ;
#2252 = PRESENTATION_LAYER_ASSIGNMENT (  '', '', ( #2393 ) ) ;
#2253 = ORIENTED_EDGE ( 'NONE', *, *, #2619, .T. ) ;
#2254 =( LENGTH_UNIT ( ) NAMED_UNIT ( * ) SI_UNIT ( .MILLI., .METRE. ) );
#2255 = PRESENTATION_LAYER_ASSIGNMENT (  '', '', ( #1541 ) ) ;
#2256 = AXIS2_PLACEMENT_3D ( 'NONE', #728, #920, #1017 ) ;
#2257 = ADVANCED_FACE ( 'NONE', ( #605 ), #803, .T. ) ;
#2258 = DIRECTION ( 'NONE',  ( 0.0000000000000000000, 0.0000000000000000000, 1.000000000000000000 ) ) ;
#2259 = COLOUR_RGB ( '',0.09411764705882352811, 0.09411764705882352811, 0.09411764705882352811 ) ;
#2260 = ORIENTED_EDGE ( 'NONE', *, *, #343, .F. ) ;
#2261 = ORIENTED_EDGE ( 'NONE', *, *, #82, .F. ) ;
#2262 = CARTESIAN_POINT ( 'NONE',  ( 2.859999961853000094, 0.3200000000000000067, 8.339999958872999386 ) ) ;
#2263 = SURFACE_SIDE_STYLE ('',( #484 ) ) ;
#2264 = CARTESIAN_POINT ( 'NONE',  ( 0.0000000000000000000, 0.0000000000000000000, 0.0000000000000000000 ) ) ;
#2265 = LINE ( 'NONE', #765, #2680 ) ;
#2266 = EDGE_LOOP ( 'NONE', ( #1827, #1577, #1361, #2296 ) ) ;
#2267 = SURFACE_STYLE_USAGE ( .BOTH. , #2667 ) ;
#2268 = DIRECTION ( 'NONE',  ( 0.0000000000000000000, -0.0000000000000000000, 1.000000000000000000 ) ) ;
#2269 = ORIENTED_EDGE ( 'NONE', *, *, #549, .F. ) ;
#2270 = CARTESIAN_POINT ( 'NONE',  ( -1.270000000000000018, -0.9449999880789999862, 0.0000000000000000000 ) ) ;
#2271 = LINE ( 'NONE', #1596, #291 ) ;
#2272 = EDGE_LOOP ( 'NONE', ( #956, #321, #767, #1003 ) ) ;
#2273 = DIRECTION ( 'NONE',  ( 1.000000000000000000, 0.0000000000000000000, -0.0000000000000000000 ) ) ;
#2274 = DIRECTION ( 'NONE',  ( 1.000000000000000000, 0.0000000000000000000, 0.0000000000000000000 ) ) ;
#2275 =( NAMED_UNIT ( * ) SI_UNIT ( $, .STERADIAN. ) SOLID_ANGLE_UNIT ( ) );
#2276 = VERTEX_POINT ( 'NONE', #1907 ) ;
#2277 = PRESENTATION_STYLE_ASSIGNMENT (( #1539 ) ) ;
#2278 = DIRECTION ( 'NONE',  ( -0.0000000000000000000, 0.0000000000000000000, -1.000000000000000000 ) ) ;
#2279 = VERTEX_POINT ( 'NONE', #775 ) ;
#2280 =( LENGTH_UNIT ( ) NAMED_UNIT ( * ) SI_UNIT ( .MILLI., .METRE. ) );
#2281 =( NAMED_UNIT ( * ) PLANE_ANGLE_UNIT ( ) SI_UNIT ( $, .RADIAN. ) );
#2282 = PRESENTATION_LAYER_ASSIGNMENT (  '', '', ( #1697 ) ) ;
#2283 = FILL_AREA_STYLE_COLOUR ( '', #56 ) ;
#2284 = VECTOR ( 'NONE', #2125, 1000.000000000000000 ) ;
#2285 = DIRECTION ( 'NONE',  ( -1.000000000000000000, 0.0000000000000000000, -0.0000000000000000000 ) ) ;
#2286 = MECHANICAL_DESIGN_GEOMETRIC_PRESENTATION_REPRESENTATION (  '', ( #2819 ), #1610 ) ;
#2287 = MECHANICAL_DESIGN_GEOMETRIC_PRESENTATION_REPRESENTATION (  '', ( #1422 ), #1993 ) ;
#2288 = PRESENTATION_STYLE_ASSIGNMENT (( #504 ) ) ;
#2289 = DIRECTION ( 'NONE',  ( 0.7071067811865475727, 0.0000000000000000000, 0.7071067811865475727 ) ) ;
#2290 = MECHANICAL_DESIGN_GEOMETRIC_PRESENTATION_REPRESENTATION (  '', ( #1165 ), #2592 ) ;
#2291 = CARTESIAN_POINT ( 'NONE',  ( 3.809999961852999828, -1.245000000000000329, 0.0000000000000000000 ) ) ;
#2292 = ORIENTED_EDGE ( 'NONE', *, *, #1597, .F. ) ;
#2293 = DIRECTION ( 'NONE',  ( -0.7071067811865474617, -0.7071067811865474617, 0.0000000000000000000 ) ) ;
#2294 =( NAMED_UNIT ( * ) SI_UNIT ( $, .STERADIAN. ) SOLID_ANGLE_UNIT ( ) );
#2295 = CARTESIAN_POINT ( 'NONE',  ( 0.0000000000000000000, 0.0000000000000000000, 0.0000000000000000000 ) ) ;
#2296 = ORIENTED_EDGE ( 'NONE', *, *, #1615, .F. ) ;
#2297 = DIRECTION ( 'NONE',  ( 1.000000000000000000, 0.0000000000000000000, 0.0000000000000000000 ) ) ;
#2298 = ORIENTED_EDGE ( 'NONE', *, *, #2036, .T. ) ;
#2299 = EDGE_CURVE ( 'NONE', #97, #973, #1661, .T. ) ;
#2300 = SURFACE_STYLE_FILL_AREA ( #515 ) ;
#2301 = UNCERTAINTY_MEASURE_WITH_UNIT (LENGTH_MEASURE( 1.000000000000000082E-05 ), #1191, 'distance_accuracy_value', 'NONE');
#2302 = MECHANICAL_DESIGN_GEOMETRIC_PRESENTATION_REPRESENTATION (  '', ( #1714 ), #2650 ) ;
#2303 = ADVANCED_FACE ( 'NONE', ( #170 ), #128, .F. ) ;
#2304 = DIRECTION ( 'NONE',  ( -1.000000000000000000, -0.0000000000000000000, 0.0000000000000000000 ) ) ;
#2305 = MECHANICAL_DESIGN_GEOMETRIC_PRESENTATION_REPRESENTATION (  '', ( #1819 ), #528 ) ;
#2306 = CARTESIAN_POINT ( 'NONE',  ( 0.3200000000000000067, -0.2199999985099999888, -2.899999998509999788 ) ) ;
#2307 = AXIS2_PLACEMENT_3D ( 'NONE', #1586, #2078, #1145 ) ;
#2308 = PRESENTATION_STYLE_ASSIGNMENT (( #2016 ) ) ;
#2309 = COLOUR_RGB ( '',1.000000000000000000, 1.000000000000000000, 0.4980392156862745168 ) ;
#2310 = EDGE_LOOP ( 'NONE', ( #2326, #1398, #1846, #841 ) ) ;
#2311 = CARTESIAN_POINT ( 'NONE',  ( 0.3199999999999999512, -0.9449999880789999862, 0.3000000119210000094 ) ) ;
#2312 = DIRECTION ( 'NONE',  ( 1.000000000000000000, 0.0000000000000000000, -0.0000000000000000000 ) ) ;
#2313 = DIRECTION ( 'NONE',  ( 0.0000000000000000000, 0.0000000000000000000, 1.000000000000000000 ) ) ;
#2314 = ORIENTED_EDGE ( 'NONE', *, *, #456, .T. ) ;
#2315 = ORIENTED_EDGE ( 'NONE', *, *, #1566, .F. ) ;
#2316 = PLANE ( 'NONE',  #2201 ) ;
#2317 = EDGE_CURVE ( 'NONE', #1655, #1023, #1648, .T. ) ;
#2318 = ORIENTED_EDGE ( 'NONE', *, *, #308, .F. ) ;
#2319 = EDGE_CURVE ( 'NONE', #1277, #401, #2347, .T. ) ;
#2320 = PLANE ( 'NONE',  #1207 ) ;
#2321 =( NAMED_UNIT ( * ) SI_UNIT ( $, .STERADIAN. ) SOLID_ANGLE_UNIT ( ) );
#2322 = DIRECTION ( 'NONE',  ( 1.000000000000000000, 0.0000000000000000000, 0.0000000000000000000 ) ) ;
#2323 =( LENGTH_UNIT ( ) NAMED_UNIT ( * ) SI_UNIT ( .MILLI., .METRE. ) );
#2324 = ORIENTED_EDGE ( 'NONE', *, *, #2027, .T. ) ;
#2325 = LINE ( 'NONE', #2493, #1288 ) ;
#2326 = ORIENTED_EDGE ( 'NONE', *, *, #860, .F. ) ;
#2327 = FACE_OUTER_BOUND ( 'NONE', #2755, .T. ) ;
#2328 = VERTEX_POINT ( 'NONE', #1319 ) ;
#2329 =( NAMED_UNIT ( * ) PLANE_ANGLE_UNIT ( ) SI_UNIT ( $, .RADIAN. ) );
#2330 = SURFACE_STYLE_FILL_AREA ( #1903 ) ;
#2331 = CARTESIAN_POINT ( 'NONE',  ( -0.3200000000000000067, 0.3200000000000000067, -3.000000000000000000 ) ) ;
#2332 = SURFACE_STYLE_FILL_AREA ( #2076 ) ;
#2333 = DIRECTION ( 'NONE',  ( 0.0000000000000000000, 0.0000000000000000000, -1.000000000000000000 ) ) ;
#2334 = ADVANCED_FACE ( 'NONE', ( #228 ), #2445, .T. ) ;
#2335 = MECHANICAL_DESIGN_GEOMETRIC_PRESENTATION_REPRESENTATION (  '', ( #704 ), #1330 ) ;
#2336 = FILL_AREA_STYLE_COLOUR ( '', #58 ) ;
#2337 = SURFACE_SIDE_STYLE ('',( #357 ) ) ;
#2338 = ORIENTED_EDGE ( 'NONE', *, *, #1888, .F. ) ;
#2339 = FACE_OUTER_BOUND ( 'NONE', #2806, .T. ) ;
#2340 = ORIENTED_EDGE ( 'NONE', *, *, #1325, .T. ) ;
#2341 = PLANE ( 'NONE',  #1389 ) ;
#2342 = DIRECTION ( 'NONE',  ( 0.0000000000000000000, -0.0000000000000000000, -1.000000000000000000 ) ) ;
#2343 =( NAMED_UNIT ( * ) SI_UNIT ( $, .STERADIAN. ) SOLID_ANGLE_UNIT ( ) );
#2344 = MECHANICAL_DESIGN_GEOMETRIC_PRESENTATION_REPRESENTATION (  '', ( #1816 ), #436 ) ;
#2345 =( NAMED_UNIT ( * ) PLANE_ANGLE_UNIT ( ) SI_UNIT ( $, .RADIAN. ) );
#2346 = VECTOR ( 'NONE', #1135, 1000.000000000000000 ) ;
#2347 = LINE ( 'NONE', #355, #2158 ) ;
#2348 = EDGE_CURVE ( 'NONE', #758, #529, #2829, .T. ) ;
#2349 =( NAMED_UNIT ( * ) PLANE_ANGLE_UNIT ( ) SI_UNIT ( $, .RADIAN. ) );
#2350 = FILL_AREA_STYLE ('',( #1434 ) ) ;
#2351 = CARTESIAN_POINT ( 'NONE',  ( 2.659999958872999670, 0.3200000000000000067, -3.000000000000000000 ) ) ;
#2352 = PRESENTATION_LAYER_ASSIGNMENT (  '', '', ( #724 ) ) ;
#2353 = ORIENTED_EDGE ( 'NONE', *, *, #172, .F. ) ;
#2354 = DIRECTION ( 'NONE',  ( 0.0000000000000000000, -0.0000000000000000000, -1.000000000000000000 ) ) ;
#2355 = COLOUR_RGB ( '',0.09411764705882352811, 0.09411764705882352811, 0.09411764705882352811 ) ;
#2356 = UNCERTAINTY_MEASURE_WITH_UNIT (LENGTH_MEASURE( 1.000000000000000082E-05 ), #2054, 'distance_accuracy_value', 'NONE');
#2357 = DIRECTION ( 'NONE',  ( 0.0000000000000000000, -0.7071067811865474617, 0.7071067811865474617 ) ) ;
#2358 = SURFACE_STYLE_FILL_AREA ( #2537 ) ;
#2359 = FACE_OUTER_BOUND ( 'NONE', #402, .T. ) ;
#2360 = SURFACE_STYLE_FILL_AREA ( #2387 ) ;
#2361 = DIRECTION ( 'NONE',  ( 0.7071067811865475727, 0.7071067811865475727, -0.0000000000000000000 ) ) ;
#2362 = CARTESIAN_POINT ( 'NONE',  ( 0.3199999999999999512, 0.3199999999999999512, 2.289999961853000254 ) ) ;
#2363 = ORIENTED_EDGE ( 'NONE', *, *, #2651, .T. ) ;
#2364 = DIRECTION ( 'NONE',  ( -0.7071067811865475727, -0.7071067811865475727, 0.0000000000000000000 ) ) ;
#2365 = ORIENTED_EDGE ( 'NONE', *, *, #1925, .T. ) ;
#2366 = EDGE_CURVE ( 'NONE', #2567, #948, #1936, .T. ) ;
#2367 = ORIENTED_EDGE ( 'NONE', *, *, #1295, .F. ) ;
#2368 = SURFACE_STYLE_USAGE ( .BOTH. , #591 ) ;
#2369 = CARTESIAN_POINT ( 'NONE',  ( 2.859999961853000094, -0.3200000000000000622, 0.3000000119210001204 ) ) ;
#2370 = SURFACE_STYLE_FILL_AREA ( #212 ) ;
#2371 = STYLED_ITEM ( 'NONE', ( #1136 ), #877 ) ;
#2372 = MECHANICAL_DESIGN_GEOMETRIC_PRESENTATION_REPRESENTATION (  '', ( #1698 ), #701 ) ;
#2373 = DIRECTION ( 'NONE',  ( -1.000000000000000000, 0.0000000000000000000, 0.0000000000000000000 ) ) ;
#2374 = CARTESIAN_POINT ( 'NONE',  ( 2.859999961853000094, 0.3200000000000000067, 2.289999961853000254 ) ) ;
#2375 = PRESENTATION_LAYER_ASSIGNMENT (  '', '', ( #2234 ) ) ;
#2376 = VECTOR ( 'NONE', #1200, 1000.000000000000000 ) ;
#2377 = AXIS2_PLACEMENT_3D ( 'NONE', #1574, #971, #2312 ) ;
#2378 = VERTEX_POINT ( 'NONE', #649 ) ;
#2379 = COLOUR_RGB ( '',1.000000000000000000, 1.000000000000000000, 0.4980392156862745168 ) ;
#2380 = APPLICATION_CONTEXT ( 'automotive_design' ) ;
#2381 = CARTESIAN_POINT ( 'NONE',  ( -1.270000000000000018, 0.9449999880789999862, 0.0000000000000000000 ) ) ;
#2382 = UNCERTAINTY_MEASURE_WITH_UNIT (LENGTH_MEASURE( 1.000000000000000082E-05 ), #1624, 'distance_accuracy_value', 'NONE');
#2383 = VERTEX_POINT ( 'NONE', #863 ) ;
#2384 = EDGE_CURVE ( 'NONE', #1141, #332, #2813, .T. ) ;
#2385 = EDGE_CURVE ( 'NONE', #2032, #2383, #2404, .T. ) ;
#2386 = CARTESIAN_POINT ( 'NONE',  ( 2.219999961852999970, 0.3199999999999999512, 2.289999961853000254 ) ) ;
#2387 = FILL_AREA_STYLE ('',( #1064 ) ) ;
#2388 = LINE ( 'NONE', #2799, #1721 ) ;
#2389 = MECHANICAL_DESIGN_GEOMETRIC_PRESENTATION_REPRESENTATION (  '', ( #433 ), #2648 ) ;
#2390 =( LENGTH_UNIT ( ) NAMED_UNIT ( * ) SI_UNIT ( .MILLI., .METRE. ) );
#2391 = VECTOR ( 'NONE', #1138, 1000.000000000000000 ) ;
#2392 = FILL_AREA_STYLE_COLOUR ( '', #116 ) ;
#2393 = STYLED_ITEM ( 'NONE', ( #1559 ), #1904 ) ;
#2394 = SHAPE_REPRESENTATION ( 'User Library-Header_Male_2Pin', ( #1447, #2163, #1499 ), #822 ) ;
#2395 = EDGE_LOOP ( 'NONE', ( #298, #2454, #1944, #1642 ) ) ;
#2396 = CARTESIAN_POINT ( 'NONE',  ( 2.219999961852999970, 0.3200000000000000067, -2.799999997020000020 ) ) ;
#2397 = DIRECTION ( 'NONE',  ( -1.000000000000000000, 0.0000000000000000000, 0.0000000000000000000 ) ) ;
#2398 =( NAMED_UNIT ( * ) SI_UNIT ( $, .STERADIAN. ) SOLID_ANGLE_UNIT ( ) );
#2399 = PRESENTATION_LAYER_ASSIGNMENT (  '', '', ( #625 ) ) ;
#2400 = ORIENTED_EDGE ( 'NONE', *, *, #359, .T. ) ;
#2401 = CARTESIAN_POINT ( 'NONE',  ( 3.809999961853249406, -0.9449999880792501195, 2.289999961853000698 ) ) ;
#2402 = ADVANCED_FACE ( 'NONE', ( #1728 ), #1065, .F. ) ;
#2403 =( NAMED_UNIT ( * ) PLANE_ANGLE_UNIT ( ) SI_UNIT ( $, .RADIAN. ) );
#2404 = LINE ( 'NONE', #2456, #864 ) ;
#2405 = PRODUCT_RELATED_PRODUCT_CATEGORY ( 'part', '', ( #266 ) ) ;
#2406 = EDGE_CURVE ( 'NONE', #542, #1939, #294, .T. ) ;
#2407 = SURFACE_SIDE_STYLE ('',( #1712 ) ) ;
#2408 = FACE_OUTER_BOUND ( 'NONE', #811, .T. ) ;
#2409 = ORIENTED_EDGE ( 'NONE', *, *, #569, .T. ) ;
#2410 = LINE ( 'NONE', #1059, #1863 ) ;
#2411 =( NAMED_UNIT ( * ) SI_UNIT ( $, .STERADIAN. ) SOLID_ANGLE_UNIT ( ) );
#2412 = SURFACE_STYLE_FILL_AREA ( #403 ) ;
#2413 = CARTESIAN_POINT ( 'NONE',  ( 1.569999973773875235, 1.245000000000125340, 0.0000000000000000000 ) ) ;
#2414 =( LENGTH_UNIT ( ) NAMED_UNIT ( * ) SI_UNIT ( .MILLI., .METRE. ) );
#2415 = SURFACE_STYLE_FILL_AREA ( #1508 ) ;
#2416 = EDGE_CURVE ( 'NONE', #119, #1152, #1569, .T. ) ;
#2417 = DIRECTION ( 'NONE',  ( 0.5773502691896269523, -0.5773502691896245098, -0.5773502691896256200 ) ) ;
#2418 = SURFACE_STYLE_USAGE ( .BOTH. , #1069 ) ;
#2419 = PRODUCT_DEFINITION_SHAPE ( 'NONE', 'NONE',  #2849 ) ;
#2420 = PLANE ( 'NONE',  #2821 ) ;
#2421 = CARTESIAN_POINT ( 'NONE',  ( -0.3200000000000006173, -0.3200000000000000067, 8.339999958873001162 ) ) ;
#2422 = PRESENTATION_LAYER_ASSIGNMENT (  '', '', ( #2552 ) ) ;
#2423 = EDGE_LOOP ( 'NONE', ( #163, #2683, #2038, #2644 ) ) ;
#2424 = VECTOR ( 'NONE', #140, 1000.000000000000000 ) ;
#2425 =( GEOMETRIC_REPRESENTATION_CONTEXT ( 3 ) GLOBAL_UNCERTAINTY_ASSIGNED_CONTEXT ( ( #2714 ) ) GLOBAL_UNIT_ASSIGNED_CONTEXT ( ( #1881, #2345, #1019 ) ) REPRESENTATION_CONTEXT ( 'NONE', 'WORKASPACE' ) );
#2426 = PLANE ( 'NONE',  #1285 ) ;
#2427 = SURFACE_STYLE_FILL_AREA ( #4 ) ;
#2428 = PRESENTATION_STYLE_ASSIGNMENT (( #1091 ) ) ;
#2429 = CARTESIAN_POINT ( 'NONE',  ( -1.270000000000000018, 1.245000000000000329, 0.0000000000000000000 ) ) ;
#2430 = EDGE_CURVE ( 'NONE', #2741, #1023, #2703, .T. ) ;
#2431 = VECTOR ( 'NONE', #711, 1000.000000000000000 ) ;
#2432 = LINE ( 'NONE', #2213, #1747 ) ;
#2433 =( LENGTH_UNIT ( ) NAMED_UNIT ( * ) SI_UNIT ( .MILLI., .METRE. ) );
#2434 = SURFACE_SIDE_STYLE ('',( #1531 ) ) ;
#2435 = CARTESIAN_POINT ( 'NONE',  ( 1.270000000000000018, -0.9449999880790000972, 0.0000000000000000000 ) ) ;
#2436 = PRESENTATION_LAYER_ASSIGNMENT (  '', '', ( #2480 ) ) ;
#2437 = UNCERTAINTY_MEASURE_WITH_UNIT (LENGTH_MEASURE( 1.000000000000000082E-05 ), #2494, 'distance_accuracy_value', 'NONE');
#2438 = STYLED_ITEM ( 'NONE', ( #1092 ), #2169 ) ;
#2439 = FACE_OUTER_BOUND ( 'NONE', #1368, .T. ) ;
#2440 = SURFACE_STYLE_FILL_AREA ( #238 ) ;
#2441 = DIRECTION ( 'NONE',  ( 0.0000000000000000000, 0.0000000000000000000, -1.000000000000000000 ) ) ;
#2442 = VECTOR ( 'NONE', #213, 1000.000000000000000 ) ;
#2443 = ORIENTED_EDGE ( 'NONE', *, *, #171, .F. ) ;
#2444 = LINE ( 'NONE', #435, #700 ) ;
#2445 = PLANE ( 'NONE',  #1871 ) ;
#2446 = ORIENTED_EDGE ( 'NONE', *, *, #250, .T. ) ;
#2447 = FILL_AREA_STYLE ('',( #2625 ) ) ;
#2448 = ORIENTED_EDGE ( 'NONE', *, *, #2768, .F. ) ;
#2449 = DIRECTION ( 'NONE',  ( -0.0000000000000000000, -0.0000000000000000000, -1.000000000000000000 ) ) ;
#2450 =( LENGTH_UNIT ( ) NAMED_UNIT ( * ) SI_UNIT ( .MILLI., .METRE. ) );
#2451 = DIRECTION ( 'NONE',  ( -0.0000000000000000000, 1.000000000000000000, 0.0000000000000000000 ) ) ;
#2452 = EDGE_CURVE ( 'NONE', #948, #2066, #278, .T. ) ;
#2453 = DIRECTION ( 'NONE',  ( 0.5773502691896259531, -0.5773502691896257311, -0.5773502691896256200 ) ) ;
#2454 = ORIENTED_EDGE ( 'NONE', *, *, #2756, .T. ) ;
#2455 =( NAMED_UNIT ( * ) SI_UNIT ( $, .STERADIAN. ) SOLID_ANGLE_UNIT ( ) );
#2456 = CARTESIAN_POINT ( 'NONE',  ( 2.659999958872999670, 0.3200000000000000067, 8.539999961853000698 ) ) ;
#2457 = UNCERTAINTY_MEASURE_WITH_UNIT (LENGTH_MEASURE( 1.000000000000000082E-05 ), #237, 'distance_accuracy_value', 'NONE');
#2458 = PLANE ( 'NONE',  #2682 ) ;
#2459 = ORIENTED_EDGE ( 'NONE', *, *, #1097, .T. ) ;
#2460 = CARTESIAN_POINT ( 'NONE',  ( 0.3200000000000000067, 0.3200000000000000067, 2.289999961853000254 ) ) ;
#2461 = DIRECTION ( 'NONE',  ( 1.000000000000000000, 0.0000000000000000000, -0.0000000000000000000 ) ) ;
#2462 = AXIS2_PLACEMENT_3D ( 'NONE', #737, #519, #989 ) ;
#2463 = AXIS2_PLACEMENT_3D ( 'NONE', #1022, #1480, #187 ) ;
#2464 = ORIENTED_EDGE ( 'NONE', *, *, #2842, .T. ) ;
#2465 = DIRECTION ( 'NONE',  ( 0.0000000000000000000, -1.000000000000000000, -0.0000000000000000000 ) ) ;
#2466 = STYLED_ITEM ( 'NONE', ( #2072 ), #1033 ) ;
#2467 = EDGE_CURVE ( 'NONE', #948, #2468, #934, .T. ) ;
#2468 = VERTEX_POINT ( 'NONE', #462 ) ;
#2469 = CARTESIAN_POINT ( 'NONE',  ( -1.270000000000000018, 1.245000000000000329, 0.0000000000000000000 ) ) ;
#2470 = CARTESIAN_POINT ( 'NONE',  ( -1.270000000000500062, -0.9449999880794999196, 0.0000000000000000000 ) ) ;
#2471 = DIRECTION ( 'NONE',  ( -0.0000000000000000000, -0.0000000000000000000, 1.000000000000000000 ) ) ;
#2472 = FACE_OUTER_BOUND ( 'NONE', #476, .T. ) ;
#2473 = VERTEX_POINT ( 'NONE', #1818 ) ;
#2474 = ORIENTED_EDGE ( 'NONE', *, *, #1701, .F. ) ;
#2475 = MECHANICAL_DESIGN_GEOMETRIC_PRESENTATION_REPRESENTATION (  '', ( #904 ), #2200 ) ;
#2476 = SURFACE_STYLE_FILL_AREA ( #99 ) ;
#2477 = CARTESIAN_POINT ( 'NONE',  ( 0.0000000000000000000, 0.0000000000000000000, 0.0000000000000000000 ) ) ;
#2478 = MECHANICAL_DESIGN_GEOMETRIC_PRESENTATION_REPRESENTATION (  '', ( #2104 ), #350 ) ;
#2479 = DIRECTION ( 'NONE',  ( 0.7071067811865474617, 0.7071067811865474617, -0.0000000000000000000 ) ) ;
#2480 = STYLED_ITEM ( 'NONE', ( #2753 ), #1998 ) ;
#2481 = EDGE_LOOP ( 'NONE', ( #744, #601, #1538, #1336 ) ) ;
#2482 = LINE ( 'NONE', #1768, #348 ) ;
#2483 = EDGE_LOOP ( 'NONE', ( #1226, #144, #939, #90 ) ) ;
#2484 = FILL_AREA_STYLE ('',( #249 ) ) ;
#2485 = VECTOR ( 'NONE', #950, 1000.000000000000000 ) ;
#2486 = FACE_OUTER_BOUND ( 'NONE', #1137, .T. ) ;
#2487 =( GEOMETRIC_REPRESENTATION_CONTEXT ( 3 ) GLOBAL_UNCERTAINTY_ASSIGNED_CONTEXT ( ( #1312 ) ) GLOBAL_UNIT_ASSIGNED_CONTEXT ( ( #1212, #814, #2343 ) ) REPRESENTATION_CONTEXT ( 'NONE', 'WORKASPACE' ) );
#2488 = FILL_AREA_STYLE ('',( #2671 ) ) ;
#2489 = EDGE_CURVE ( 'NONE', #2084, #2496, #67, .T. ) ;
#2490 =( NAMED_UNIT ( * ) PLANE_ANGLE_UNIT ( ) SI_UNIT ( $, .RADIAN. ) );
#2491 = COLOUR_RGB ( '',1.000000000000000000, 1.000000000000000000, 0.4980392156862745168 ) ;
#2492 = ORIENTED_EDGE ( 'NONE', *, *, #2130, .T. ) ;
#2493 = CARTESIAN_POINT ( 'NONE',  ( 2.219999961852999970, 0.1199999970199998184, -3.000000000000000000 ) ) ;
#2494 =( LENGTH_UNIT ( ) NAMED_UNIT ( * ) SI_UNIT ( .MILLI., .METRE. ) );
#2495 = CONTEXT_DEPENDENT_SHAPE_REPRESENTATION ( #1973, #2419 ) ;
#2496 = VERTEX_POINT ( 'NONE', #1157 ) ;
#2497 = LINE ( 'NONE', #961, #1420 ) ;
#2498 = CARTESIAN_POINT ( 'NONE',  ( -0.3200000000000000067, 0.2199999985099999888, -2.899999998509999788 ) ) ;
#2499 = LINE ( 'NONE', #2235, #1006 ) ;
#2500 = SURFACE_SIDE_STYLE ('',( #479 ) ) ;
#2501 = ORIENTED_EDGE ( 'NONE', *, *, #1660, .F. ) ;
#2502 = EDGE_CURVE ( 'NONE', #1983, #1572, #93, .T. ) ;
#2503 = APPLICATION_PROTOCOL_DEFINITION ( 'draft international standard', 'automotive_design', 1998, #2764 ) ;
#2504 = ORIENTED_EDGE ( 'NONE', *, *, #2704, .F. ) ;
#2505 = FACE_OUTER_BOUND ( 'NONE', #2665, .T. ) ;
#2506 = STYLED_ITEM ( 'NONE', ( #98 ), #61 ) ;
#2507 = FACE_OUTER_BOUND ( 'NONE', #1951, .T. ) ;
#2508 = MECHANICAL_DESIGN_GEOMETRIC_PRESENTATION_REPRESENTATION (  '', ( #2234 ), #10 ) ;
#2509 = STYLED_ITEM ( 'NONE', ( #114 ), #113 ) ;
#2510 = COLOUR_RGB ( '',0.09411764705882352811, 0.09411764705882352811, 0.09411764705882352811 ) ;
#2511 = MECHANICAL_DESIGN_GEOMETRIC_PRESENTATION_REPRESENTATION (  '', ( #2237 ), #1806 ) ;
#2512 = FILL_AREA_STYLE ('',( #36 ) ) ;
#2513 = VERTEX_POINT ( 'NONE', #310 ) ;
#2514 =( NAMED_UNIT ( * ) SI_UNIT ( $, .STERADIAN. ) SOLID_ANGLE_UNIT ( ) );
#2515 = ADVANCED_FACE ( 'NONE', ( #2486 ), #2012, .T. ) ;
#2516 = DIRECTION ( 'NONE',  ( 0.0000000000000000000, 0.0000000000000000000, 1.000000000000000000 ) ) ;
#2517 = ORIENTED_EDGE ( 'NONE', *, *, #1362, .T. ) ;
#2518 = DIRECTION ( 'NONE',  ( 0.7071067811865474617, 0.0000000000000000000, -0.7071067811865474617 ) ) ;
#2519 = UNCERTAINTY_MEASURE_WITH_UNIT (LENGTH_MEASURE( 1.000000000000000082E-05 ), #1495, 'distance_accuracy_value', 'NONE');
#2520 = PRESENTATION_LAYER_ASSIGNMENT (  '', '', ( #524 ) ) ;
#2521 = PRESENTATION_STYLE_ASSIGNMENT (( #1156 ) ) ;
#2522 = PRESENTATION_STYLE_ASSIGNMENT (( #2783 ) ) ;
#2523 = PRESENTATION_LAYER_ASSIGNMENT (  '', '', ( #909 ) ) ;
#2524 = DIRECTION ( 'NONE',  ( 0.0000000000000000000, -0.0000000000000000000, -1.000000000000000000 ) ) ;
#2525 = DIRECTION ( 'NONE',  ( -0.7071067811865474617, 0.7071067811865474617, 0.0000000000000000000 ) ) ;
#2526 = VECTOR ( 'NONE', #160, 1000.000000000000000 ) ;
#2527 = VECTOR ( 'NONE', #20, 1000.000000000000000 ) ;
#2528 = EDGE_LOOP ( 'NONE', ( #2260, #2517, #27, #1633 ) ) ;
#2529 = SURFACE_STYLE_USAGE ( .BOTH. , #980 ) ;
#2530 = CARTESIAN_POINT ( 'NONE',  ( 1.269999961852875003, 0.9449999880791249973, 0.0000000000000000000 ) ) ;
#2531 = PLANE ( 'NONE',  #1162 ) ;
#2532 = ORIENTED_EDGE ( 'NONE', *, *, #2549, .T. ) ;
#2533 = SURFACE_SIDE_STYLE ('',( #1384 ) ) ;
#2534 = VERTEX_POINT ( 'NONE', #1411 ) ;
#2535 = EDGE_CURVE ( 'NONE', #529, #1655, #335, .T. ) ;
#2536 = SURFACE_STYLE_FILL_AREA ( #503 ) ;
#2537 = FILL_AREA_STYLE ('',( #783 ) ) ;
#2538 = PRESENTATION_STYLE_ASSIGNMENT (( #2673 ) ) ;
#2539 = FILL_AREA_STYLE_COLOUR ( '', #959 ) ;
#2540 = DIRECTION ( 'NONE',  ( 0.0000000000000000000, 0.0000000000000000000, 1.000000000000000000 ) ) ;
#2541 = DIRECTION ( 'NONE',  ( -0.0000000000000000000, 1.000000000000000000, 0.0000000000000000000 ) ) ;
#2542 = CARTESIAN_POINT ( 'NONE',  ( 0.3200000000000000067, 0.3200000000000000067, -3.000000000000000000 ) ) ;
#2543 = DIRECTION ( 'NONE',  ( 0.0000000000000000000, 0.0000000000000000000, 1.000000000000000000 ) ) ;
#2544 = ORIENTED_EDGE ( 'NONE', *, *, #2317, .T. ) ;
#2545 =( NAMED_UNIT ( * ) SI_UNIT ( $, .STERADIAN. ) SOLID_ANGLE_UNIT ( ) );
#2546 = PRESENTATION_STYLE_ASSIGNMENT (( #333 ) ) ;
#2547 = PRESENTATION_LAYER_ASSIGNMENT (  '', '', ( #2239 ) ) ;
#2548 = PLANE ( 'NONE',  #677 ) ;
#2549 = EDGE_CURVE ( 'NONE', #693, #268, #108, .T. ) ;
#2550 = CARTESIAN_POINT ( 'NONE',  ( 1.269999961852499970, -0.9449999880794999196, 0.0000000000000000000 ) ) ;
#2551 = COLOUR_RGB ( '',0.09411764705882352811, 0.09411764705882352811, 0.09411764705882352811 ) ;
#2552 = STYLED_ITEM ( 'NONE', ( #2134 ), #405 ) ;
#2553 =( LENGTH_UNIT ( ) NAMED_UNIT ( * ) SI_UNIT ( .MILLI., .METRE. ) );
#2554 = VECTOR ( 'NONE', #2777, 1000.000000000000000 ) ;
#2555 =( NAMED_UNIT ( * ) PLANE_ANGLE_UNIT ( ) SI_UNIT ( $, .RADIAN. ) );
#2556 = VERTEX_POINT ( 'NONE', #2797 ) ;
#2557 = ORIENTED_EDGE ( 'NONE', *, *, #37, .T. ) ;
#2558 = DIRECTION ( 'NONE',  ( -0.0000000000000000000, -0.0000000000000000000, 1.000000000000000000 ) ) ;
#2559 = ORIENTED_EDGE ( 'NONE', *, *, #888, .T. ) ;
#2560 = PLANE ( 'NONE',  #666 ) ;
#2561 = MECHANICAL_DESIGN_GEOMETRIC_PRESENTATION_REPRESENTATION (  '', ( #909 ), #815 ) ;
#2562 = SURFACE_STYLE_USAGE ( .BOTH. , #1680 ) ;
#2563 = MECHANICAL_DESIGN_GEOMETRIC_PRESENTATION_REPRESENTATION (  '', ( #2612 ), #1725 ) ;
#2564 = ADVANCED_FACE ( 'NONE', ( #1242, #1921 ), #2548, .T. ) ;
#2565 = DIRECTION ( 'NONE',  ( 0.0000000000000000000, 0.0000000000000000000, -1.000000000000000000 ) ) ;
#2566 = DIRECTION ( 'NONE',  ( 1.000000000000000000, 0.0000000000000000000, -0.0000000000000000000 ) ) ;
#2567 = VERTEX_POINT ( 'NONE', #1861 ) ;
#2568 = STYLED_ITEM ( 'NONE', ( #932 ), #2735 ) ;
#2569 = CARTESIAN_POINT ( 'NONE',  ( 3.659999955892999868, 1.094999994039999924, 2.289999961853000698 ) ) ;
#2570 = ORIENTED_EDGE ( 'NONE', *, *, #2502, .T. ) ;
#2571 = FILL_AREA_STYLE_COLOUR ( '', #1913 ) ;
#2572 = UNCERTAINTY_MEASURE_WITH_UNIT (LENGTH_MEASURE( 1.000000000000000082E-05 ), #2450, 'distance_accuracy_value', 'NONE');
#2573 = ORIENTED_EDGE ( 'NONE', *, *, #1681, .T. ) ;
#2574 = CARTESIAN_POINT ( 'NONE',  ( 2.859999961853000094, -0.2199999985099999888, -2.899999998509999788 ) ) ;
#2575 = DIRECTION ( 'NONE',  ( 0.0000000000000000000, -0.7071067811865474617, 0.7071067811865474617 ) ) ;
#2576 =( NAMED_UNIT ( * ) SI_UNIT ( $, .STERADIAN. ) SOLID_ANGLE_UNIT ( ) );
#2577 = DIRECTION ( 'NONE',  ( 1.000000000000000000, -0.0000000000000000000, 0.0000000000000000000 ) ) ;
#2578 = CARTESIAN_POINT ( 'NONE',  ( 2.859999961853000094, 0.3200000000000000622, 0.3000000119210001204 ) ) ;
#2579 = ADVANCED_FACE ( 'NONE', ( #1879 ), #1228, .T. ) ;
#2580 = ORIENTED_EDGE ( 'NONE', *, *, #2804, .F. ) ;
#2581 = DIRECTION ( 'NONE',  ( -0.0000000000000000000, -0.0000000000000000000, 1.000000000000000000 ) ) ;
#2582 = VERTEX_POINT ( 'NONE', #2369 ) ;
#2583 = DIRECTION ( 'NONE',  ( -1.000000000000000000, 0.0000000000000000000, -0.0000000000000000000 ) ) ;
#2584 = CARTESIAN_POINT ( 'NONE',  ( 0.1199999970199998184, -0.1199999970200002208, 8.539999961853000698 ) ) ;
#2585 = LINE ( 'NONE', #338, #1703 ) ;
#2586 = SURFACE_SIDE_STYLE ('',( #2370 ) ) ;
#2587 = AXIS2_PLACEMENT_3D ( 'NONE', #1133, #232, #8 ) ;
#2588 = CARTESIAN_POINT ( 'NONE',  ( 1.270000000000500062, 0.9449999880794999196, 0.0000000000000000000 ) ) ;
#2589 =( NAMED_UNIT ( * ) PLANE_ANGLE_UNIT ( ) SI_UNIT ( $, .RADIAN. ) );
#2590 = VECTOR ( 'NONE', #430, 1000.000000000000000 ) ;
#2591 = DIRECTION ( 'NONE',  ( 0.0000000000000000000, 1.000000000000000000, -0.0000000000000000000 ) ) ;
#2592 =( GEOMETRIC_REPRESENTATION_CONTEXT ( 3 ) GLOBAL_UNCERTAINTY_ASSIGNED_CONTEXT ( ( #1400 ) ) GLOBAL_UNIT_ASSIGNED_CONTEXT ( ( #1201, #1040, #1451 ) ) REPRESENTATION_CONTEXT ( 'NONE', 'WORKASPACE' ) );
#2593 = VERTEX_POINT ( 'NONE', #2757 ) ;
#2594 = COLOUR_RGB ( '',0.09411764705882352811, 0.09411764705882352811, 0.09411764705882352811 ) ;
#2595 = ADVANCED_FACE ( 'NONE', ( #2087 ), #380, .T. ) ;
#2596 = FILL_AREA_STYLE ('',( #2228 ) ) ;
#2597 = UNCERTAINTY_MEASURE_WITH_UNIT (LENGTH_MEASURE( 1.000000000000000082E-05 ), #1695, 'distance_accuracy_value', 'NONE');
#2598 = ORIENTED_EDGE ( 'NONE', *, *, #2825, .F. ) ;
#2599 = CARTESIAN_POINT ( 'NONE',  ( -0.9699999880791250195, 1.245000000000125118, 0.0000000000000000000 ) ) ;
#2600 = PRODUCT_RELATED_PRODUCT_CATEGORY ( 'part', '', ( #1329 ) ) ;
#2601 = EDGE_CURVE ( 'NONE', #2000, #2556, #1536, .T. ) ;
#2602 = LINE ( 'NONE', #2584, #1355 ) ;
#2603 = EDGE_LOOP ( 'NONE', ( #512, #2580, #2573, #731, #1262, #1258, #1146, #1016 ) ) ;
#2604 = VECTOR ( 'NONE', #2322, 1000.000000000000000 ) ;
#2605 = FILL_AREA_STYLE_COLOUR ( '', #2141 ) ;
#2606 = DIRECTION ( 'NONE',  ( -0.0000000000000000000, -1.000000000000000000, -0.0000000000000000000 ) ) ;
#2607 = STYLED_ITEM ( 'NONE', ( #1619 ), #1758 ) ;
#2608 =( GEOMETRIC_REPRESENTATION_CONTEXT ( 3 ) GLOBAL_UNCERTAINTY_ASSIGNED_CONTEXT ( ( #661 ) ) GLOBAL_UNIT_ASSIGNED_CONTEXT ( ( #706, #1575, #409 ) ) REPRESENTATION_CONTEXT ( 'NONE', 'WORKASPACE' ) );
#2609 = SURFACE_STYLE_USAGE ( .BOTH. , #2407 ) ;
#2610 = ORIENTED_EDGE ( 'NONE', *, *, #635, .T. ) ;
#2611 = CARTESIAN_POINT ( 'NONE',  ( 1.269999961853000015, 0.9449999880790000972, 0.0000000000000000000 ) ) ;
#2612 = STYLED_ITEM ( 'NONE', ( #1038 ), #2257 ) ;
#2613 = LINE ( 'NONE', #2116, #2742 ) ;
#2614 =( NAMED_UNIT ( * ) PLANE_ANGLE_UNIT ( ) SI_UNIT ( $, .RADIAN. ) );
#2615 = COLOUR_RGB ( '',0.09411764705882352811, 0.09411764705882352811, 0.09411764705882352811 ) ;
#2616 = EDGE_LOOP ( 'NONE', ( #1281, #47, #1160, #327 ) ) ;
#2617 = STYLED_ITEM ( 'NONE', ( #209 ), #2595 ) ;
#2618 = CARTESIAN_POINT ( 'NONE',  ( 1.270000000000500062, -0.9449999880794999196, 0.0000000000000000000 ) ) ;
#2619 = EDGE_CURVE ( 'NONE', #2513, #2276, #876, .T. ) ;
#2620 =( GEOMETRIC_REPRESENTATION_CONTEXT ( 3 ) GLOBAL_UNCERTAINTY_ASSIGNED_CONTEXT ( ( #2656 ) ) GLOBAL_UNIT_ASSIGNED_CONTEXT ( ( #427, #235, #1942 ) ) REPRESENTATION_CONTEXT ( 'NONE', 'WORKASPACE' ) );
#2621 = DIRECTION ( 'NONE',  ( 0.0000000000000000000, 0.0000000000000000000, 1.000000000000000000 ) ) ;
#2622 = CARTESIAN_POINT ( 'NONE',  ( 2.219999961852999970, 0.3200000000000000067, -3.000000000000000000 ) ) ;
#2623 = FACE_BOUND ( 'NONE', #2395, .T. ) ;
#2624 =( NAMED_UNIT ( * ) SI_UNIT ( $, .STERADIAN. ) SOLID_ANGLE_UNIT ( ) );
#2625 = FILL_AREA_STYLE_COLOUR ( '', #1869 ) ;
#2626 = APPLICATION_CONTEXT ( 'automotive_design' ) ;
#2627 = DIRECTION ( 'NONE',  ( -0.0000000000000000000, 1.000000000000000000, 0.0000000000000000000 ) ) ;
#2628 = PLANE ( 'NONE',  #1347 ) ;
#2629 = EDGE_LOOP ( 'NONE', ( #312, #1199, #2443, #2162 ) ) ;
#2630 = CARTESIAN_POINT ( 'NONE',  ( 2.419999964832999950, -0.1199999970199999294, 8.539999961853000698 ) ) ;
#2631 = PRESENTATION_STYLE_ASSIGNMENT (( #2221 ) ) ;
#2632 = EDGE_CURVE ( 'NONE', #1453, #2159, #2218, .T. ) ;
#2633 = PRESENTATION_LAYER_ASSIGNMENT (  '', '', ( #1568 ) ) ;
#2634 = ORIENTED_EDGE ( 'NONE', *, *, #359, .F. ) ;
#2635 = LINE ( 'NONE', #2001, #1966 ) ;
#2636 = VECTOR ( 'NONE', #2278, 1000.000000000000000 ) ;
#2637 = COLOUR_RGB ( '',0.09411764705882352811, 0.09411764705882352811, 0.09411764705882352811 ) ;
#2638 = CARTESIAN_POINT ( 'NONE',  ( 0.1199999970200000127, 0.1199999970199999294, -3.000000000000000000 ) ) ;
#2639 = DIRECTION ( 'NONE',  ( -0.0000000000000000000, 1.000000000000000000, 0.0000000000000000000 ) ) ;
#2640 =( GEOMETRIC_REPRESENTATION_CONTEXT ( 3 ) GLOBAL_UNCERTAINTY_ASSIGNED_CONTEXT ( ( #1656 ) ) GLOBAL_UNIT_ASSIGNED_CONTEXT ( ( #567, #1428, #1048 ) ) REPRESENTATION_CONTEXT ( 'NONE', 'WORKASPACE' ) );
#2641 = LINE ( 'NONE', #663, #1988 ) ;
#2642 = FILL_AREA_STYLE_COLOUR ( '', #996 ) ;
#2643 = CARTESIAN_POINT ( 'NONE',  ( 3.809999961852999828, 1.245000000000000329, 0.0000000000000000000 ) ) ;
#2644 = ORIENTED_EDGE ( 'NONE', *, *, #2406, .T. ) ;
#2645 = CARTESIAN_POINT ( 'NONE',  ( -1.270000000000000018, -0.9449999880790000972, 0.0000000000000000000 ) ) ;
#2646 = UNCERTAINTY_MEASURE_WITH_UNIT (LENGTH_MEASURE( 1.000000000000000082E-05 ), #2845, 'distance_accuracy_value', 'NONE');
#2647 = SURFACE_STYLE_FILL_AREA ( #1757 ) ;
#2648 =( GEOMETRIC_REPRESENTATION_CONTEXT ( 3 ) GLOBAL_UNCERTAINTY_ASSIGNED_CONTEXT ( ( #1931 ) ) GLOBAL_UNIT_ASSIGNED_CONTEXT ( ( #1831, #1585, #1804 ) ) REPRESENTATION_CONTEXT ( 'NONE', 'WORKASPACE' ) );
#2649 = DIRECTION ( 'NONE',  ( -0.7071067811865475727, -0.7071067811865475727, 0.0000000000000000000 ) ) ;
#2650 =( GEOMETRIC_REPRESENTATION_CONTEXT ( 3 ) GLOBAL_UNCERTAINTY_ASSIGNED_CONTEXT ( ( #1340 ) ) GLOBAL_UNIT_ASSIGNED_CONTEXT ( ( #2280, #1004, #2545 ) ) REPRESENTATION_CONTEXT ( 'NONE', 'WORKASPACE' ) );
#2651 = EDGE_CURVE ( 'NONE', #2556, #1366, #2602, .T. ) ;
#2652 = VERTEX_POINT ( 'NONE', #2810 ) ;
#2653 =( NAMED_UNIT ( * ) SI_UNIT ( $, .STERADIAN. ) SOLID_ANGLE_UNIT ( ) );
#2654 = CARTESIAN_POINT ( 'NONE',  ( -0.3200000000000000067, 0.3200000000000000067, 8.539999961853000698 ) ) ;
#2655 = AXIS2_PLACEMENT_3D ( 'NONE', #2654, #1971, #2675 ) ;
#2656 = UNCERTAINTY_MEASURE_WITH_UNIT (LENGTH_MEASURE( 1.000000000000000082E-05 ), #427, 'distance_accuracy_value', 'NONE');
#2657 = AXIS2_PLACEMENT_3D ( 'NONE', #1527, #231, #1982 ) ;
#2658 = LINE ( 'NONE', #2588, #2391 ) ;
#2659 = STYLED_ITEM ( 'NONE', ( #2522 ), #2579 ) ;
#2660 = ORIENTED_EDGE ( 'NONE', *, *, #1150, .T. ) ;
#2661 = PLANE ( 'NONE',  #1940 ) ;
#2662 = VECTOR ( 'NONE', #2008, 1000.000000000000000 ) ;
#2663 = CARTESIAN_POINT ( 'NONE',  ( 1.269999961853000015, -1.245000000000000329, 2.289999961853000254 ) ) ;
#2664 = ADVANCED_FACE ( 'NONE', ( #1287 ), #2176, .T. ) ;
#2665 = EDGE_LOOP ( 'NONE', ( #1374, #1241, #2055, #1616, #483 ) ) ;
#2666 = LINE ( 'NONE', #2023, #63 ) ;
#2667 = SURFACE_SIDE_STYLE ('',( #1975 ) ) ;
#2668 = EDGE_CURVE ( 'NONE', #2276, #2534, #448, .T. ) ;
#2669 =( NAMED_UNIT ( * ) SI_UNIT ( $, .STERADIAN. ) SOLID_ANGLE_UNIT ( ) );
#2670 = FILL_AREA_STYLE_COLOUR ( '', #2379 ) ;
#2671 = FILL_AREA_STYLE_COLOUR ( '', #1662 ) ;
#2672 = FILL_AREA_STYLE ('',( #868 ) ) ;
#2673 = SURFACE_STYLE_USAGE ( .BOTH. , #976 ) ;
#2674 = PLANE ( 'NONE',  #565 ) ;
#2675 = DIRECTION ( 'NONE',  ( 1.000000000000000000, 0.0000000000000000000, -0.0000000000000000000 ) ) ;
#2676 = CLOSED_SHELL ( 'NONE', ( #1722, #2788, #1168, #1998, #2515, #877, #1266, #322, #1130, #61, #510, #2169, #2303, #1646, #1433, #1875, #763, #820 ) ) ;
#2677 = UNCERTAINTY_MEASURE_WITH_UNIT (LENGTH_MEASURE( 1.000000000000000082E-05 ), #1043, 'distance_accuracy_value', 'NONE');
#2678 = LINE ( 'NONE', #447, #246 ) ;
#2679 = ORIENTED_EDGE ( 'NONE', *, *, #2220, .T. ) ;
#2680 = VECTOR ( 'NONE', #331, 1000.000000000000000 ) ;
#2681 = CARTESIAN_POINT ( 'NONE',  ( 2.859999961853000094, 0.3200000000000000067, -2.799999997020000020 ) ) ;
#2682 = AXIS2_PLACEMENT_3D ( 'NONE', #1305, #1294, #2015 ) ;
#2683 = ORIENTED_EDGE ( 'NONE', *, *, #1265, .T. ) ;
#2684 = EDGE_CURVE ( 'NONE', #2249, #1271, #726, .T. ) ;
#2685 = EDGE_CURVE ( 'NONE', #1271, #1837, #64, .T. ) ;
#2686 = VECTOR ( 'NONE', #1682, 1000.000000000000000 ) ;
#2687 = AXIS2_PLACEMENT_3D ( 'NONE', #461, #1326, #1111 ) ;
#2688 = DIRECTION ( 'NONE',  ( -1.000000000000000000, -0.0000000000000000000, 0.0000000000000000000 ) ) ;
#2689 = DIRECTION ( 'NONE',  ( 1.000000000000000000, 0.0000000000000000000, -0.0000000000000000000 ) ) ;
#2690 =( NAMED_UNIT ( * ) PLANE_ANGLE_UNIT ( ) SI_UNIT ( $, .RADIAN. ) );
#2691 = SURFACE_STYLE_USAGE ( .BOTH. , #481 ) ;
#2692 = ORIENTED_EDGE ( 'NONE', *, *, #1014, .F. ) ;
#2693 = MECHANICAL_DESIGN_GEOMETRIC_PRESENTATION_REPRESENTATION (  '', ( #1952 ), #72 ) ;
#2694 = SHAPE_DEFINITION_REPRESENTATION ( #1729, #602 ) ;
#2695 = PRESENTATION_LAYER_ASSIGNMENT (  '', '', ( #121 ) ) ;
#2696 = SURFACE_STYLE_FILL_AREA ( #59 ) ;
#2697 =( GEOMETRIC_REPRESENTATION_CONTEXT ( 3 ) GLOBAL_UNCERTAINTY_ASSIGNED_CONTEXT ( ( #1513 ) ) GLOBAL_UNIT_ASSIGNED_CONTEXT ( ( #1364, #942, #2068 ) ) REPRESENTATION_CONTEXT ( 'NONE', 'WORKASPACE' ) );
#2698 = VERTEX_POINT ( 'NONE', #290 ) ;
#2699 = CARTESIAN_POINT ( 'NONE',  ( 2.419999964833000394, -0.3200000000000000067, -3.000000000000000000 ) ) ;
#2700 = VECTOR ( 'NONE', #757, 1000.000000000000000 ) ;
#2701 = EDGE_LOOP ( 'NONE', ( #1918, #1500, #781, #207, #557 ) ) ;
#2702 = AXIS2_PLACEMENT_3D ( 'NONE', #1009, #1449, #2760 ) ;
#2703 = LINE ( 'NONE', #49, #1631 ) ;
#2704 = EDGE_CURVE ( 'NONE', #1715, #2593, #1343, .T. ) ;
#2705 = PRESENTATION_STYLE_ASSIGNMENT (( #955 ) ) ;
#2706 = AXIS2_PLACEMENT_3D ( 'NONE', #2477, #2313, #1354 ) ;
#2707 = ORIENTED_EDGE ( 'NONE', *, *, #894, .T. ) ;
#2708 = DIRECTION ( 'NONE',  ( 0.0000000000000000000, 1.000000000000000000, -0.0000000000000000000 ) ) ;
#2709 = SURFACE_STYLE_USAGE ( .BOTH. , #2082 ) ;
#2710 = ORIENTED_EDGE ( 'NONE', *, *, #2097, .F. ) ;
#2711 =( LENGTH_UNIT ( ) NAMED_UNIT ( * ) SI_UNIT ( .MILLI., .METRE. ) );
#2712 = VERTEX_POINT ( 'NONE', #696 ) ;
#2713 = PLANE ( 'NONE',  #480 ) ;
#2714 = UNCERTAINTY_MEASURE_WITH_UNIT (LENGTH_MEASURE( 1.000000000000000082E-05 ), #1881, 'distance_accuracy_value', 'NONE');
#2715 = ADVANCED_FACE ( 'NONE', ( #712 ), #1829, .T. ) ;
#2716 = ORIENTED_EDGE ( 'NONE', *, *, #1068, .T. ) ;
#2717 = FILL_AREA_STYLE ('',( #732 ) ) ;
#2718 = EDGE_CURVE ( 'NONE', #1752, #97, #2499, .T. ) ;
#2719 = FILL_AREA_STYLE_COLOUR ( '', #1753 ) ;
#2720 = ORIENTED_EDGE ( 'NONE', *, *, #750, .T. ) ;
#2721 = DIRECTION ( 'NONE',  ( 0.7071067811865475727, 0.7071067811865475727, -0.0000000000000000000 ) ) ;
#2722 = PRESENTATION_LAYER_ASSIGNMENT (  '', '', ( #2509 ) ) ;
#2723 = FACE_OUTER_BOUND ( 'NONE', #878, .T. ) ;
#2724 = VECTOR ( 'NONE', #1548, 1000.000000000000000 ) ;
#2725 = PRESENTATION_LAYER_ASSIGNMENT (  '', '', ( #1116 ) ) ;
#2726 =( NAMED_UNIT ( * ) PLANE_ANGLE_UNIT ( ) SI_UNIT ( $, .RADIAN. ) );
#2727 = STYLED_ITEM ( 'NONE', ( #1511 ), #1181 ) ;
#2728 = VECTOR ( 'NONE', #2745, 1000.000000000000000 ) ;
#2729 = FILL_AREA_STYLE ('',( #952 ) ) ;
#2730 = CARTESIAN_POINT ( 'NONE',  ( 2.859999961853000094, 0.3200000000000000067, 2.289999961853000254 ) ) ;
#2731 = CARTESIAN_POINT ( 'NONE',  ( -0.3200000000000000067, -0.3200000000000000067, 2.289999961853000254 ) ) ;
#2732 = ORIENTED_EDGE ( 'NONE', *, *, #122, .F. ) ;
#2733 =( LENGTH_UNIT ( ) NAMED_UNIT ( * ) SI_UNIT ( .MILLI., .METRE. ) );
#2734 = CARTESIAN_POINT ( 'NONE',  ( 2.659999958873000114, 0.1199999970199999294, 8.539999961853000698 ) ) ;
#2735 = ADVANCED_FACE ( 'NONE', ( #964 ), #263, .T. ) ;
#2736 = ORIENTED_EDGE ( 'NONE', *, *, #1151, .F. ) ;
#2737 = ORIENTED_EDGE ( 'NONE', *, *, #653, .T. ) ;
#2738 =( NAMED_UNIT ( * ) PLANE_ANGLE_UNIT ( ) SI_UNIT ( $, .RADIAN. ) );
#2739 = PRESENTATION_LAYER_ASSIGNMENT (  '', '', ( #1622 ) ) ;
#2740 = UNCERTAINTY_MEASURE_WITH_UNIT (LENGTH_MEASURE( 1.000000000000000082E-05 ), #1761, 'distance_accuracy_value', 'NONE');
#2741 = VERTEX_POINT ( 'NONE', #245 ) ;
#2742 = VECTOR ( 'NONE', #2558, 1000.000000000000000 ) ;
#2743 = PLANE ( 'NONE',  #199 ) ;
#2744 = FILL_AREA_STYLE ('',( #1253 ) ) ;
#2745 = DIRECTION ( 'NONE',  ( -0.0000000000000000000, -1.000000000000000000, 0.0000000000000000000 ) ) ;
#2746 = AXIS2_PLACEMENT_3D ( 'NONE', #2542, #556, #370 ) ;
#2747 =( LENGTH_UNIT ( ) NAMED_UNIT ( * ) SI_UNIT ( .MILLI., .METRE. ) );
#2748 = SURFACE_STYLE_FILL_AREA ( #1883 ) ;
#2749 = ORIENTED_EDGE ( 'NONE', *, *, #2319, .T. ) ;
#2750 = FILL_AREA_STYLE_COLOUR ( '', #2045 ) ;
#2751 = CARTESIAN_POINT ( 'NONE',  ( 1.269999961853000015, 0.9449999880789999862, 0.3000000119210000094 ) ) ;
#2752 =( GEOMETRIC_REPRESENTATION_CONTEXT ( 3 ) GLOBAL_UNCERTAINTY_ASSIGNED_CONTEXT ( ( #1987 ) ) GLOBAL_UNIT_ASSIGNED_CONTEXT ( ( #458, #2281, #2653 ) ) REPRESENTATION_CONTEXT ( 'NONE', 'WORKASPACE' ) );
#2753 = PRESENTATION_STYLE_ASSIGNMENT (( #100 ) ) ;
#2754 = ORIENTED_EDGE ( 'NONE', *, *, #2632, .F. ) ;
#2755 = EDGE_LOOP ( 'NONE', ( #1177, #641, #1685, #2557 ) ) ;
#2756 = EDGE_CURVE ( 'NONE', #1837, #389, #2635, .T. ) ;
#2757 = CARTESIAN_POINT ( 'NONE',  ( 2.859999961853000094, 0.3199999999999999512, -2.799999997019999576 ) ) ;
#2758 = PLANE ( 'NONE',  #1755 ) ;
#2759 = CARTESIAN_POINT ( 'NONE',  ( 0.9699999880791245754, -1.245000000000125340, 0.0000000000000000000 ) ) ;
#2760 = DIRECTION ( 'NONE',  ( 1.000000000000000000, 0.0000000000000000000, -0.0000000000000000000 ) ) ;
#2761 = LINE ( 'NONE', #1649, #651 ) ;
#2762 = CARTESIAN_POINT ( 'NONE',  ( 2.419999964832999950, -0.1199999970199999294, -3.000000000000000000 ) ) ;
#2763 = ORIENTED_EDGE ( 'NONE', *, *, #1847, .F. ) ;
#2764 = APPLICATION_CONTEXT ( 'automotive_design' ) ;
#2765 = DIRECTION ( 'NONE',  ( 1.000000000000000000, 0.0000000000000000000, 0.0000000000000000000 ) ) ;
#2766 = ORIENTED_EDGE ( 'NONE', *, *, #2241, .T. ) ;
#2767 = UNCERTAINTY_MEASURE_WITH_UNIT (LENGTH_MEASURE( 1.000000000000000082E-05 ), #353, 'distance_accuracy_value', 'NONE');
#2768 = EDGE_CURVE ( 'NONE', #2040, #2652, #397, .T. ) ;
#2769 = PRESENTATION_LAYER_ASSIGNMENT (  '', '', ( #1651 ) ) ;
#2770 = SURFACE_SIDE_STYLE ('',( #1889 ) ) ;
#2771 = PRESENTATION_LAYER_ASSIGNMENT (  '', '', ( #1698 ) ) ;
#2772 = FILL_AREA_STYLE ('',( #2109 ) ) ;
#2773 = STYLED_ITEM ( 'NONE', ( #838 ), #1052 ) ;
#2774 = MECHANICAL_DESIGN_GEOMETRIC_PRESENTATION_REPRESENTATION (  '', ( #754 ), #517 ) ;
#2775 = SURFACE_STYLE_USAGE ( .BOTH. , #2817 ) ;
#2776 = VECTOR ( 'NONE', #385, 1000.000000000000000 ) ;
#2777 = DIRECTION ( 'NONE',  ( 0.0000000000000000000, -1.000000000000000000, -0.0000000000000000000 ) ) ;
#2778 = FILL_AREA_STYLE ('',( #1435 ) ) ;
#2779 = ORIENTED_EDGE ( 'NONE', *, *, #1251, .T. ) ;
#2780 = VERTEX_POINT ( 'NONE', #28 ) ;
#2781 = FILL_AREA_STYLE_COLOUR ( '', #508 ) ;
#2782 = STYLED_ITEM ( 'NONE', ( #2107 ), #1554 ) ;
#2783 = SURFACE_STYLE_USAGE ( .BOTH. , #1194 ) ;
#2784 =( GEOMETRIC_REPRESENTATION_CONTEXT ( 3 ) GLOBAL_UNCERTAINTY_ASSIGNED_CONTEXT ( ( #518 ) ) GLOBAL_UNIT_ASSIGNED_CONTEXT ( ( #1108, #1300, #768 ) ) REPRESENTATION_CONTEXT ( 'NONE', 'WORKASPACE' ) );
#2785 = DIRECTION ( 'NONE',  ( 0.0000000000000000000, -0.7071067811865474617, 0.7071067811865474617 ) ) ;
#2786 = CARTESIAN_POINT ( 'NONE',  ( 2.219999961852999970, -0.3200000000000000622, 0.3000000119210000649 ) ) ;
#2787 = VECTOR ( 'NONE', #2461, 1000.000000000000000 ) ;
#2788 = ADVANCED_FACE ( 'NONE', ( #913 ), #882, .T. ) ;
#2789 = SURFACE_STYLE_USAGE ( .BOTH. , #2337 ) ;
#2790 = CARTESIAN_POINT ( 'NONE',  ( 2.219999961852999970, 0.3200000000000000067, -3.000000000000000000 ) ) ;
#2791 = VERTEX_POINT ( 'NONE', #9 ) ;
#2792 = VECTOR ( 'NONE', #1706, 1000.000000000000000 ) ;
#2793 = LINE ( 'NONE', #789, #1205 ) ;
#2794 = CARTESIAN_POINT ( 'NONE',  ( 3.509999949932249841, 1.245000000000250351, 2.289999961853000698 ) ) ;
#2795 = ORIENTED_EDGE ( 'NONE', *, *, #888, .F. ) ;
#2796 = DIRECTION ( 'NONE',  ( 0.0000000000000000000, -1.000000000000000000, 0.0000000000000000000 ) ) ;
#2797 = CARTESIAN_POINT ( 'NONE',  ( 0.1199999970199999294, -0.1199999970200000265, 8.539999961853000698 ) ) ;
#2798 = DIRECTION ( 'NONE',  ( -0.0000000000000000000, -0.0000000000000000000, -1.000000000000000000 ) ) ;
#2799 = CARTESIAN_POINT ( 'NONE',  ( 0.3200000000000000067, 0.3200000000000000067, -3.000000000000000000 ) ) ;
#2800 = EDGE_CURVE ( 'NONE', #2279, #2556, #898, .T. ) ;
#2801 = LINE ( 'NONE', #595, #464 ) ;
#2802 = LINE ( 'NONE', #2126, #2686 ) ;
#2803 = PLANE ( 'NONE',  #2746 ) ;
#2804 = EDGE_CURVE ( 'NONE', #2113, #2473, #1547, .T. ) ;
#2805 = EDGE_CURVE ( 'NONE', #2698, #2652, #1119, .T. ) ;
#2806 = EDGE_LOOP ( 'NONE', ( #2118, #103, #2459, #2749 ) ) ;
#2807 = FILL_AREA_STYLE_COLOUR ( '', #2248 ) ;
#2808 = EDGE_LOOP ( 'NONE', ( #1592, #779, #1443, #137 ) ) ;
#2809 = DIRECTION ( 'NONE',  ( -1.000000000000000000, -0.0000000000000000000, -0.0000000000000000000 ) ) ;
#2810 = CARTESIAN_POINT ( 'NONE',  ( 1.269999961852937620, 0.9449999880790626028, 0.3000000119210000094 ) ) ;
#2811 = FACE_OUTER_BOUND ( 'NONE', #1057, .T. ) ;
#2812 = COLOUR_RGB ( '',0.09411764705882352811, 0.09411764705882352811, 0.09411764705882352811 ) ;
#2813 = LINE ( 'NONE', #685, #2442 ) ;
#2814 = VECTOR ( 'NONE', #195, 1000.000000000000000 ) ;
#2815 = PRODUCT_DEFINITION_SHAPE ( 'NONE', 'NONE',  #1960 ) ;
#2816 = MECHANICAL_DESIGN_GEOMETRIC_PRESENTATION_REPRESENTATION (  '', ( #1843 ), #1943 ) ;
#2817 = SURFACE_SIDE_STYLE ('',( #834 ) ) ;
#2818 = FILL_AREA_STYLE ('',( #438 ) ) ;
#2819 = STYLED_ITEM ( 'NONE', ( #79 ), #949 ) ;
#2820 = COLOUR_RGB ( '',0.09411764705882352811, 0.09411764705882352811, 0.09411764705882352811 ) ;
#2821 = AXIS2_PLACEMENT_3D ( 'NONE', #2214, #1970, #1954 ) ;
#2822 =( GEOMETRIC_REPRESENTATION_CONTEXT ( 3 ) GLOBAL_UNCERTAINTY_ASSIGNED_CONTEXT ( ( #600 ) ) GLOBAL_UNIT_ASSIGNED_CONTEXT ( ( #414, #2403, #619 ) ) REPRESENTATION_CONTEXT ( 'NONE', 'WORKASPACE' ) );
#2823 = FILL_AREA_STYLE ('',( #1984 ) ) ;
#2824 = DIRECTION ( 'NONE',  ( 0.7071067811865475727, -0.7071067811865475727, 0.0000000000000000000 ) ) ;
#2825 = EDGE_CURVE ( 'NONE', #2593, #1676, #2226, .T. ) ;
#2826 = PRODUCT_DEFINITION_CONTEXT ( 'detailed design', #739, 'design' ) ;
#2827 =( NAMED_UNIT ( * ) PLANE_ANGLE_UNIT ( ) SI_UNIT ( $, .RADIAN. ) );
#2828 =( NAMED_UNIT ( * ) PLANE_ANGLE_UNIT ( ) SI_UNIT ( $, .RADIAN. ) );
#2829 = LINE ( 'NONE', #2177, #1442 ) ;
#2830 = COLOUR_RGB ( '',0.09411764705882352811, 0.09411764705882352811, 0.09411764705882352811 ) ;
#2831 = LINE ( 'NONE', #1306, #24 ) ;
#2832 = ORIENTED_EDGE ( 'NONE', *, *, #2601, .T. ) ;
#2833 =( NAMED_UNIT ( * ) SI_UNIT ( $, .STERADIAN. ) SOLID_ANGLE_UNIT ( ) );
#2834 = PRESENTATION_LAYER_ASSIGNMENT (  '', '', ( #1222 ) ) ;
#2835 = ORIENTED_EDGE ( 'NONE', *, *, #1796, .T. ) ;
#2836 =( LENGTH_UNIT ( ) NAMED_UNIT ( * ) SI_UNIT ( .MILLI., .METRE. ) );
#2837 =( NAMED_UNIT ( * ) PLANE_ANGLE_UNIT ( ) SI_UNIT ( $, .RADIAN. ) );
#2838 = MECHANICAL_DESIGN_GEOMETRIC_PRESENTATION_REPRESENTATION (  '', ( #625 ), #817 ) ;
#2839 = LINE ( 'NONE', #900, #2787 ) ;
#2840 =( GEOMETRIC_REPRESENTATION_CONTEXT ( 3 ) GLOBAL_UNCERTAINTY_ASSIGNED_CONTEXT ( ( #400 ) ) GLOBAL_UNIT_ASSIGNED_CONTEXT ( ( #1724, #2827, #861 ) ) REPRESENTATION_CONTEXT ( 'NONE', 'WORKASPACE' ) );
#2841 = ORIENTED_EDGE ( 'NONE', *, *, #977, .F. ) ;
#2842 = EDGE_CURVE ( 'NONE', #1366, #1277, #191, .T. ) ;
#2843 = SURFACE_STYLE_FILL_AREA ( #2744 ) ;
#2844 = CARTESIAN_POINT ( 'NONE',  ( 2.859999961853000094, -0.3200000000000000067, 2.289999961853000254 ) ) ;
#2845 =( LENGTH_UNIT ( ) NAMED_UNIT ( * ) SI_UNIT ( .MILLI., .METRE. ) );
#2846 = PRESENTATION_STYLE_ASSIGNMENT (( #910 ) ) ;
#2847 = FACE_OUTER_BOUND ( 'NONE', #240, .T. ) ;
#2848 = CARTESIAN_POINT ( 'NONE',  ( -0.3200000000000000067, -0.3200000000000000067, 0.3000000119210001204 ) ) ;
#2849 = NEXT_ASSEMBLY_USAGE_OCCURRENCE ( 'NAUO1', ' ', ' ', #1960, #1645, $ ) ;
#2850 = NEXT_ASSEMBLY_USAGE_OCCURRENCE ( 'NAUO2', ' ', ' ', #1960, #2096, $ ) ;
ENDSEC;
END-ISO-10303-21;
