ISO-10303-21;
HEADER;
FILE_DESCRIPTION (( 'STEP AP214' ),
    '1' );
FILE_NAME ('User Library-SOT89-3.STEP',
    '2026-02-04T11:55:43',
    ( '' ),
    ( '' ),
    'SwSTEP 2.0',
    'SolidWorks 2022',
    '' );
FILE_SCHEMA (( 'AUTOMOTIVE_DESIGN' ));
ENDSEC;

DATA;
#1 = ORIENTED_EDGE ( 'NONE', *, *, #1025, .T. ) ;
#2 =( NAMED_UNIT ( * ) SI_UNIT ( $, .STERADIAN. ) SOLID_ANGLE_UNIT ( ) );
#3 = DIRECTION ( 'NONE',  ( -0.7071067811865474617, 0.0000000000000000000, -0.7071067811865474617 ) ) ;
#4 = CARTESIAN_POINT ( 'NONE',  ( 1.290000000000000036, 0.0000000000000000000, 1.095405081827000027 ) ) ;
#5 = UNCERTAINTY_MEASURE_WITH_UNIT (LENGTH_MEASURE( 1.000000000000000082E-05 ), #92, 'distance_accuracy_value', 'NONE');
#6 = FILL_AREA_STYLE_COLOUR ( '', #1174 ) ;
#7 = SURFACE_SIDE_STYLE ('',( #327 ) ) ;
#8 = PRESENTATION_STYLE_ASSIGNMENT (( #1267 ) ) ;
#9 = CARTESIAN_POINT ( 'NONE',  ( 2.250000000000000444, 0.05000000000000000278, -1.250000000000000000 ) ) ;
#10 = SHAPE_DEFINITION_REPRESENTATION ( #815, #524 ) ;
#11 = CARTESIAN_POINT ( 'NONE',  ( -1.500000000000000000, 1.489999999999999991, 0.5454050818269999823 ) ) ;
#12 = DIRECTION ( 'NONE',  ( 0.0000000000000000000, -1.000000000000000000, 0.0000000000000000000 ) ) ;
#13 = ORIENTED_EDGE ( 'NONE', *, *, #43, .F. ) ;
#14 = DIRECTION ( 'NONE',  ( 0.0000000000000000000, 0.0000000000000000000, 1.000000000000000000 ) ) ;
#15 =( LENGTH_UNIT ( ) NAMED_UNIT ( * ) SI_UNIT ( .MILLI., .METRE. ) );
#16 = COLOUR_RGB ( '',0.7921568627450980005, 0.8196078431372548767, 0.9333333333333333481 ) ;
#17 = VERTEX_POINT ( 'NONE', #356 ) ;
#18 = CARTESIAN_POINT ( 'NONE',  ( -1.709999999999999964, 0.0000000000000000000, 1.095405081827000027 ) ) ;
#19 =( GEOMETRIC_REPRESENTATION_CONTEXT ( 3 ) GLOBAL_UNCERTAINTY_ASSIGNED_CONTEXT ( ( #768 ) ) GLOBAL_UNIT_ASSIGNED_CONTEXT ( ( #360, #1483, #1502 ) ) REPRESENTATION_CONTEXT ( 'NONE', 'WORKASPACE' ) );
#20 = VERTEX_POINT ( 'NONE', #1496 ) ;
#21 = MECHANICAL_DESIGN_GEOMETRIC_PRESENTATION_REPRESENTATION (  '', ( #84 ), #774 ) ;
#22 = FACE_OUTER_BOUND ( 'NONE', #909, .T. ) ;
#23 = EDGE_CURVE ( 'NONE', #64, #1127, #1475, .T. ) ;
#24 =( LENGTH_UNIT ( ) NAMED_UNIT ( * ) SI_UNIT ( .MILLI., .METRE. ) );
#25 = ORIENTED_EDGE ( 'NONE', *, *, #435, .F. ) ;
#26 =( GEOMETRIC_REPRESENTATION_CONTEXT ( 3 ) GLOBAL_UNCERTAINTY_ASSIGNED_CONTEXT ( ( #476 ) ) GLOBAL_UNIT_ASSIGNED_CONTEXT ( ( #528, #384, #164 ) ) REPRESENTATION_CONTEXT ( 'NONE', 'WORKASPACE' ) );
#27 = LINE ( 'NONE', #1139, #1785 ) ;
#28 = DIRECTION ( 'NONE',  ( 0.0000000000000000000, -1.000000000000000000, -0.0000000000000000000 ) ) ;
#29 = AXIS2_PLACEMENT_3D ( 'NONE', #72, #1556, #303 ) ;
#30 = ORIENTED_EDGE ( 'NONE', *, *, #1575, .F. ) ;
#31 = CARTESIAN_POINT ( 'NONE',  ( 0.2100000000000000200, 0.4400000000000000022, 2.250000000000000444 ) ) ;
#32 = VERTEX_POINT ( 'NONE', #1336 ) ;
#33 = FILL_AREA_STYLE ('',( #1284 ) ) ;
#34 = CARTESIAN_POINT ( 'NONE',  ( 1.709999999999999964, 0.4400000000000000022, 1.095405081827000027 ) ) ;
#35 = ORIENTED_EDGE ( 'NONE', *, *, #284, .T. ) ;
#36 = CARTESIAN_POINT ( 'NONE',  ( -1.290000000000000036, 0.0000000000000000000, 1.095405081827000027 ) ) ;
#37 = DIRECTION ( 'NONE',  ( 0.7071067811865474617, -0.0000000000000000000, 0.7071067811865474617 ) ) ;
#38 = ORIENTED_EDGE ( 'NONE', *, *, #1321, .F. ) ;
#39 = ORIENTED_EDGE ( 'NONE', *, *, #398, .F. ) ;
#40 = CARTESIAN_POINT ( 'NONE',  ( 2.250000000000000444, 0.05000000000000000278, -1.250000000000000000 ) ) ;
#41 = FILL_AREA_STYLE_COLOUR ( '', #978 ) ;
#42 = VERTEX_POINT ( 'NONE', #478 ) ;
#43 = EDGE_CURVE ( 'NONE', #182, #20, #1329, .T. ) ;
#44 = DIRECTION ( 'NONE',  ( 0.0000000000000000000, 0.0000000000000000000, 1.000000000000000000 ) ) ;
#45 = EDGE_CURVE ( 'NONE', #182, #994, #1096, .T. ) ;
#46 = EDGE_LOOP ( 'NONE', ( #374, #1735, #736, #725, #329, #429, #1414, #1700, #757, #1370, #431, #328 ) ) ;
#47 = COLOUR_RGB ( '',0.7921568627450980005, 0.8196078431372548767, 0.9333333333333333481 ) ;
#48 = EDGE_LOOP ( 'NONE', ( #325, #1141, #1173, #1242 ) ) ;
#49 = FILL_AREA_STYLE_COLOUR ( '', #315 ) ;
#50 = COLOUR_RGB ( '',0.2509803921568627416, 0.2509803921568627416, 0.2509803921568627416 ) ;
#51 = PRESENTATION_STYLE_ASSIGNMENT (( #1017 ) ) ;
#52 = ORIENTED_EDGE ( 'NONE', *, *, #45, .T. ) ;
#53 = MECHANICAL_DESIGN_GEOMETRIC_PRESENTATION_REPRESENTATION (  '', ( #1601 ), #799 ) ;
#54 = COLOUR_RGB ( '',0.2509803921568627416, 0.2509803921568627416, 0.2509803921568627416 ) ;
#55 = ADVANCED_FACE ( 'NONE', ( #1220 ), #1205, .F. ) ;
#56 = FILL_AREA_STYLE_COLOUR ( '', #280 ) ;
#57 = STYLED_ITEM ( 'NONE', ( #1086 ), #1147 ) ;
#58 = VERTEX_POINT ( 'NONE', #270 ) ;
#59 = COLOUR_RGB ( '',0.7921568627450980005, 0.8196078431372548767, 0.9333333333333333481 ) ;
#60 = VECTOR ( 'NONE', #385, 1000.000000000000000 ) ;
#61 = ORIENTED_EDGE ( 'NONE', *, *, #305, .F. ) ;
#62 = MECHANICAL_DESIGN_GEOMETRIC_PRESENTATION_REPRESENTATION (  '', ( #1537 ), #1652 ) ;
#63 = LINE ( 'NONE', #1430, #1074 ) ;
#64 = VERTEX_POINT ( 'NONE', #1521 ) ;
#65 = FILL_AREA_STYLE_COLOUR ( '', #1660 ) ;
#66 = PLANE ( 'NONE',  #1625 ) ;
#67 = PRESENTATION_STYLE_ASSIGNMENT (( #1066 ) ) ;
#68 = EDGE_LOOP ( 'NONE', ( #171, #335, #467, #590 ) ) ;
#69 = SURFACE_STYLE_FILL_AREA ( #33 ) ;
#70 =( NAMED_UNIT ( * ) SI_UNIT ( $, .STERADIAN. ) SOLID_ANGLE_UNIT ( ) );
#71 = EDGE_LOOP ( 'NONE', ( #200, #613, #351, #859 ) ) ;
#72 = CARTESIAN_POINT ( 'NONE',  ( -2.250000000000000444, 0.4400000000000000022, 1.250000000000000000 ) ) ;
#73 = FILL_AREA_STYLE_COLOUR ( '', #313 ) ;
#74 = MANIFOLD_SOLID_BREP ( 'Imported1', #1707 ) ;
#75 = DIRECTION ( 'NONE',  ( 0.0000000000000000000, 1.000000000000000000, 0.0000000000000000000 ) ) ;
#76 = CARTESIAN_POINT ( 'NONE',  ( 0.0000000000000000000, 0.0000000000000000000, 0.0000000000000000000 ) ) ;
#77 = VECTOR ( 'NONE', #1185, 1000.000000000000000 ) ;
#78 = EDGE_CURVE ( 'NONE', #1733, #314, #1382, .T. ) ;
#79 =( NAMED_UNIT ( * ) PLANE_ANGLE_UNIT ( ) SI_UNIT ( $, .RADIAN. ) );
#80 = DIRECTION ( 'NONE',  ( 0.0000000000000000000, 0.0000000000000000000, -1.000000000000000000 ) ) ;
#81 = SURFACE_STYLE_FILL_AREA ( #334 ) ;
#82 = UNCERTAINTY_MEASURE_WITH_UNIT (LENGTH_MEASURE( 1.000000000000000082E-05 ), #612, 'distance_accuracy_value', 'NONE');
#83 = FACE_OUTER_BOUND ( 'NONE', #1019, .T. ) ;
#84 = STYLED_ITEM ( 'NONE', ( #1024 ), #535 ) ;
#85 = AXIS2_PLACEMENT_3D ( 'NONE', #1610, #357, #227 ) ;
#86 =( NAMED_UNIT ( * ) PLANE_ANGLE_UNIT ( ) SI_UNIT ( $, .RADIAN. ) );
#87 = CARTESIAN_POINT ( 'NONE',  ( -1.500000000000000000, 1.489999999999999991, 0.7454050818270000489 ) ) ;
#88 =( GEOMETRIC_REPRESENTATION_CONTEXT ( 3 ) GLOBAL_UNCERTAINTY_ASSIGNED_CONTEXT ( ( #82 ) ) GLOBAL_UNIT_ASSIGNED_CONTEXT ( ( #612, #79, #466 ) ) REPRESENTATION_CONTEXT ( 'NONE', 'WORKASPACE' ) );
#89 = CIRCLE ( 'NONE', #549, 0.09999999999997988276 ) ;
#90 = DIRECTION ( 'NONE',  ( 0.0000000000000000000, 0.9902680687415877925, 0.1391731009599420921 ) ) ;
#91 = AXIS2_PLACEMENT_3D ( 'NONE', #714, #543, #14 ) ;
#92 =( LENGTH_UNIT ( ) NAMED_UNIT ( * ) SI_UNIT ( .MILLI., .METRE. ) );
#93 = STYLED_ITEM ( 'NONE', ( #1080 ), #1698 ) ;
#94 = CARTESIAN_POINT ( 'NONE',  ( -0.5000000000000000000, 0.4400000000000000022, -1.900000000000009903 ) ) ;
#95 =( NAMED_UNIT ( * ) SI_UNIT ( $, .STERADIAN. ) SOLID_ANGLE_UNIT ( ) );
#96 = SURFACE_STYLE_FILL_AREA ( #927 ) ;
#97 = CARTESIAN_POINT ( 'NONE',  ( 2.250000000000000444, 0.05000000000000000278, 1.250000000000000000 ) ) ;
#98 = ORIENTED_EDGE ( 'NONE', *, *, #1053, .T. ) ;
#99 = SURFACE_STYLE_FILL_AREA ( #1349 ) ;
#100 = APPLICATION_CONTEXT ( 'automotive_design' ) ;
#101 = MANIFOLD_SOLID_BREP ( 'Imported2', #1678 ) ;
#102 = DIRECTION ( 'NONE',  ( 0.0000000000000000000, 0.0000000000000000000, -1.000000000000000000 ) ) ;
#103 = DIRECTION ( 'NONE',  ( 1.000000000000000000, 0.0000000000000000000, 0.0000000000000000000 ) ) ;
#104 = FACE_OUTER_BOUND ( 'NONE', #1291, .T. ) ;
#105 = LINE ( 'NONE', #232, #60 ) ;
#106 = FACE_OUTER_BOUND ( 'NONE', #1030, .T. ) ;
#107 = CARTESIAN_POINT ( 'NONE',  ( -0.5000000000000000000, 0.4400000000000000022, -1.900000000000009903 ) ) ;
#108 = ORIENTED_EDGE ( 'NONE', *, *, #1560, .F. ) ;
#109 = DIRECTION ( 'NONE',  ( -0.7071067811865473507, 0.0000000000000000000, -0.7071067811865477948 ) ) ;
#110 = EDGE_CURVE ( 'NONE', #391, #1326, #828, .T. ) ;
#111 = CARTESIAN_POINT ( 'NONE',  ( -2.250000000000000444, 0.4400000000000000022, 1.250000000000000000 ) ) ;
#112 =( NAMED_UNIT ( * ) SI_UNIT ( $, .STERADIAN. ) SOLID_ANGLE_UNIT ( ) );
#113 =( NAMED_UNIT ( * ) SI_UNIT ( $, .STERADIAN. ) SOLID_ANGLE_UNIT ( ) );
#114 = STYLED_ITEM ( 'NONE', ( #1084 ), #101 ) ;
#115 = DIRECTION ( 'NONE',  ( 0.0000000000000000000, 0.0000000000000000000, 1.000000000000000000 ) ) ;
#116 = CARTESIAN_POINT ( 'NONE',  ( 1.709999999999999964, 0.4400000000000000022, 2.250000000000000444 ) ) ;
#117 = AXIS2_PLACEMENT_3D ( 'NONE', #1440, #1418, #304 ) ;
#118 = MECHANICAL_DESIGN_GEOMETRIC_PRESENTATION_REPRESENTATION (  '', ( #1650 ), #1365 ) ;
#119 = PRESENTATION_STYLE_ASSIGNMENT (( #248 ) ) ;
#120 = VECTOR ( 'NONE', #1028, 1000.000000000000000 ) ;
#121 = SHAPE_DEFINITION_REPRESENTATION ( #1167, #1154 ) ;
#122 = SURFACE_STYLE_FILL_AREA ( #1224 ) ;
#123 = VECTOR ( 'NONE', #1802, 1000.000000000000000 ) ;
#124 = FILL_AREA_STYLE_COLOUR ( '', #1460 ) ;
#125 = DIRECTION ( 'NONE',  ( 1.000000000000000000, -0.0000000000000000000, 0.0000000000000000000 ) ) ;
#126 =( NAMED_UNIT ( * ) SI_UNIT ( $, .STERADIAN. ) SOLID_ANGLE_UNIT ( ) );
#127 =( LENGTH_UNIT ( ) NAMED_UNIT ( * ) SI_UNIT ( .MILLI., .METRE. ) );
#128 =( LENGTH_UNIT ( ) NAMED_UNIT ( * ) SI_UNIT ( .MILLI., .METRE. ) );
#129 = FILL_AREA_STYLE ('',( #1671 ) ) ;
#130 = EDGE_CURVE ( 'NONE', #1505, #320, #1078, .T. ) ;
#131 = CARTESIAN_POINT ( 'NONE',  ( -1.290000000000000036, 0.4400000000000000022, 1.095405081827000027 ) ) ;
#132 = LINE ( 'NONE', #1126, #805 ) ;
#133 = DIRECTION ( 'NONE',  ( -0.0000000000000000000, -1.000000000000000000, -0.0000000000000000000 ) ) ;
#134 = SURFACE_STYLE_USAGE ( .BOTH. , #962 ) ;
#135 = ORIENTED_EDGE ( 'NONE', *, *, #1742, .F. ) ;
#136 = CARTESIAN_POINT ( 'NONE',  ( -2.250000000000000444, 0.4400000000000000022, -1.250000000000000000 ) ) ;
#137 = APPLICATION_PROTOCOL_DEFINITION ( 'draft international standard', 'automotive_design', 1998, #373 ) ;
#138 = EDGE_CURVE ( 'NONE', #1562, #1023, #728, .T. ) ;
#139 = SURFACE_STYLE_FILL_AREA ( #1097 ) ;
#140 = EDGE_CURVE ( 'NONE', #1713, #1552, #839, .T. ) ;
#141 = PLANE ( 'NONE',  #1387 ) ;
#142 = CARTESIAN_POINT ( 'NONE',  ( 0.5000000000000000000, 0.4400000000000000022, -1.899999999999999911 ) ) ;
#143 = DIRECTION ( 'NONE',  ( -1.000000000000000000, -0.0000000000000000000, -0.0000000000000000000 ) ) ;
#144 = DIRECTION ( 'NONE',  ( 5.149613163964000111E-17, -0.0000000000000000000, 1.000000000000000000 ) ) ;
#145 =( GEOMETRIC_REPRESENTATION_CONTEXT ( 3 ) GLOBAL_UNCERTAINTY_ASSIGNED_CONTEXT ( ( #1231 ) ) GLOBAL_UNIT_ASSIGNED_CONTEXT ( ( #1359, #638, #776 ) ) REPRESENTATION_CONTEXT ( 'NONE', 'WORKASPACE' ) );
#146 = SHAPE_DEFINITION_REPRESENTATION ( #834, #1712 ) ;
#147 = CIRCLE ( 'NONE', #1630, 0.09999999999998984701 ) ;
#148 = STYLED_ITEM ( 'NONE', ( #1067 ), #1293 ) ;
#149 = VECTOR ( 'NONE', #1209, 1000.000000000000000 ) ;
#150 = CARTESIAN_POINT ( 'NONE',  ( -1.709999999999999964, 0.4400000000000000022, 2.250000000000000444 ) ) ;
#151 = SURFACE_STYLE_FILL_AREA ( #674 ) ;
#152 = VECTOR ( 'NONE', #514, 1000.000000000000000 ) ;
#153 = FILL_AREA_STYLE ('',( #278 ) ) ;
#154 = SURFACE_STYLE_FILL_AREA ( #279 ) ;
#155 =( NAMED_UNIT ( * ) SI_UNIT ( $, .STERADIAN. ) SOLID_ANGLE_UNIT ( ) );
#156 = LINE ( 'NONE', #560, #1076 ) ;
#157 = UNCERTAINTY_MEASURE_WITH_UNIT (LENGTH_MEASURE( 1.000000000000000082E-05 ), #24, 'distance_accuracy_value', 'NONE');
#158 = ORIENTED_EDGE ( 'NONE', *, *, #732, .F. ) ;
#159 = CARTESIAN_POINT ( 'NONE',  ( -0.2100000000000000200, 0.4400000000000000022, 1.095405081827000027 ) ) ;
#160 = FACE_OUTER_BOUND ( 'NONE', #68, .T. ) ;
#161 = ORIENTED_EDGE ( 'NONE', *, *, #764, .T. ) ;
#162 = EDGE_CURVE ( 'NONE', #738, #573, #1401, .T. ) ;
#163 = DIRECTION ( 'NONE',  ( -0.0000000000000000000, -1.000000000000000000, -0.0000000000000000000 ) ) ;
#164 =( NAMED_UNIT ( * ) SI_UNIT ( $, .STERADIAN. ) SOLID_ANGLE_UNIT ( ) );
#165 = FILL_AREA_STYLE ('',( #534 ) ) ;
#166 = ORIENTED_EDGE ( 'NONE', *, *, #233, .F. ) ;
#167 = DIRECTION ( 'NONE',  ( 0.0000000000000000000, 0.0000000000000000000, -1.000000000000000000 ) ) ;
#168 = DIRECTION ( 'NONE',  ( 0.0000000000000000000, 1.000000000000000000, 0.0000000000000000000 ) ) ;
#169 = FACE_OUTER_BOUND ( 'NONE', #1278, .T. ) ;
#170 = STYLED_ITEM ( 'NONE', ( #1607 ), #267 ) ;
#171 = ORIENTED_EDGE ( 'NONE', *, *, #1346, .F. ) ;
#172 = CIRCLE ( 'NONE', #1648, 0.1999999999999999833 ) ;
#173 =( NAMED_UNIT ( * ) SI_UNIT ( $, .STERADIAN. ) SOLID_ANGLE_UNIT ( ) );
#174 = STYLED_ITEM ( 'NONE', ( #787 ), #963 ) ;
#175 = ORIENTED_EDGE ( 'NONE', *, *, #1575, .T. ) ;
#176 = CARTESIAN_POINT ( 'NONE',  ( 0.7999999999999999334, 0.4400000000000000022, -1.599999999999999867 ) ) ;
#177 = MECHANICAL_DESIGN_GEOMETRIC_PRESENTATION_REPRESENTATION (  '', ( #148 ), #1689 ) ;
#178 = PRODUCT ( 'Fusion', 'Fusion', '', ( #1112 ) ) ;
#179 = COLOUR_RGB ( '',0.2509803921568627416, 0.2509803921568627416, 0.2509803921568627416 ) ;
#180 = ORIENTED_EDGE ( 'NONE', *, *, #684, .F. ) ;
#181 = LINE ( 'NONE', #1312, #626 ) ;
#182 = VERTEX_POINT ( 'NONE', #588 ) ;
#183 = CARTESIAN_POINT ( 'NONE',  ( 0.5000000000000000000, 0.0000000000000000000, 2.250000000000000444 ) ) ;
#184 = EDGE_CURVE ( 'NONE', #189, #738, #1122, .T. ) ;
#185 = ORIENTED_EDGE ( 'NONE', *, *, #501, .T. ) ;
#186 = CARTESIAN_POINT ( 'NONE',  ( -1.709999999999999964, 0.0000000000000000000, 2.250000000000000444 ) ) ;
#187 = CARTESIAN_POINT ( 'NONE',  ( 0.8000000000000000444, 0.4400000000000000022, 0.5054050818269999468 ) ) ;
#188 = SURFACE_SIDE_STYLE ('',( #867 ) ) ;
#189 = VERTEX_POINT ( 'NONE', #418 ) ;
#190 = ORIENTED_EDGE ( 'NONE', *, *, #608, .T. ) ;
#191 = EDGE_CURVE ( 'NONE', #1552, #237, #974, .T. ) ;
#192 = DIRECTION ( 'NONE',  ( 0.0000000000000000000, 0.0000000000000000000, 1.000000000000000000 ) ) ;
#193 = EDGE_LOOP ( 'NONE', ( #295, #847, #1405, #1704 ) ) ;
#194 = LINE ( 'NONE', #734, #958 ) ;
#195 = FACE_OUTER_BOUND ( 'NONE', #675, .T. ) ;
#196 =( NAMED_UNIT ( * ) PLANE_ANGLE_UNIT ( ) SI_UNIT ( $, .RADIAN. ) );
#197 = ORIENTED_EDGE ( 'NONE', *, *, #639, .T. ) ;
#198 =( GEOMETRIC_REPRESENTATION_CONTEXT ( 3 ) GLOBAL_UNCERTAINTY_ASSIGNED_CONTEXT ( ( #1473 ) ) GLOBAL_UNIT_ASSIGNED_CONTEXT ( ( #666, #791, #816 ) ) REPRESENTATION_CONTEXT ( 'NONE', 'WORKASPACE' ) );
#199 =( GEOMETRIC_REPRESENTATION_CONTEXT ( 3 ) GLOBAL_UNCERTAINTY_ASSIGNED_CONTEXT ( ( #640 ) ) GLOBAL_UNIT_ASSIGNED_CONTEXT ( ( #515, #1352, #788 ) ) REPRESENTATION_CONTEXT ( 'NONE', 'WORKASPACE' ) );
#200 = ORIENTED_EDGE ( 'NONE', *, *, #501, .F. ) ;
#201 = VECTOR ( 'NONE', #1299, 1000.000000000000000 ) ;
#202 = PRESENTATION_STYLE_ASSIGNMENT (( #1416 ) ) ;
#203 = MECHANICAL_DESIGN_GEOMETRIC_PRESENTATION_REPRESENTATION (  '', ( #1490 ), #88 ) ;
#204 = MECHANICAL_DESIGN_GEOMETRIC_PRESENTATION_REPRESENTATION (  '', ( #664 ), #836 ) ;
#205 =( NAMED_UNIT ( * ) PLANE_ANGLE_UNIT ( ) SI_UNIT ( $, .RADIAN. ) );
#206 =( GEOMETRIC_REPRESENTATION_CONTEXT ( 3 ) GLOBAL_UNCERTAINTY_ASSIGNED_CONTEXT ( ( #1746 ) ) GLOBAL_UNIT_ASSIGNED_CONTEXT ( ( #486, #359, #251 ) ) REPRESENTATION_CONTEXT ( 'NONE', 'WORKASPACE' ) );
#207 = SURFACE_SIDE_STYLE ('',( #896 ) ) ;
#208 = PLANE ( 'NONE',  #1488 ) ;
#209 = VERTEX_POINT ( 'NONE', #1256 ) ;
#210 = FILL_AREA_STYLE ('',( #1031 ) ) ;
#211 = DIRECTION ( 'NONE',  ( 0.0000000000000000000, 1.000000000000000000, -0.0000000000000000000 ) ) ;
#212 = UNCERTAINTY_MEASURE_WITH_UNIT (LENGTH_MEASURE( 1.000000000000000082E-05 ), #1509, 'distance_accuracy_value', 'NONE');
#213 =( NAMED_UNIT ( * ) SI_UNIT ( $, .STERADIAN. ) SOLID_ANGLE_UNIT ( ) );
#214 = SURFACE_SIDE_STYLE ('',( #1044 ) ) ;
#215 = EDGE_CURVE ( 'NONE', #1023, #1178, #1287, .T. ) ;
#216 = SURFACE_SIDE_STYLE ('',( #1358 ) ) ;
#217 = LINE ( 'NONE', #1494, #716 ) ;
#218 = DIRECTION ( 'NONE',  ( 0.0000000000000000000, 0.0000000000000000000, 1.000000000000000000 ) ) ;
#219 = ORIENTED_EDGE ( 'NONE', *, *, #1757, .T. ) ;
#220 = DIRECTION ( 'NONE',  ( -0.0000000000000000000, 0.0000000000000000000, 1.000000000000000000 ) ) ;
#221 = FILL_AREA_STYLE ('',( #786 ) ) ;
#222 = PRESENTATION_LAYER_ASSIGNMENT (  '', '', ( #480 ) ) ;
#223 = DIRECTION ( 'NONE',  ( 1.000000000000000000, 0.0000000000000000000, 0.0000000000000000000 ) ) ;
#224 = FACE_OUTER_BOUND ( 'NONE', #1626, .T. ) ;
#225 = SURFACE_STYLE_FILL_AREA ( #665 ) ;
#226 = VECTOR ( 'NONE', #246, 1000.000000000000114 ) ;
#227 = DIRECTION ( 'NONE',  ( 0.0000000000000000000, 0.0000000000000000000, 1.000000000000000000 ) ) ;
#228 = PRESENTATION_LAYER_ASSIGNMENT (  '', '', ( #487 ) ) ;
#229 = AXIS2_PLACEMENT_3D ( 'NONE', #111, #644, #1477 ) ;
#230 = EDGE_CURVE ( 'NONE', #570, #1582, #317, .T. ) ;
#231 = SURFACE_SIDE_STYLE ('',( #934 ) ) ;
#232 = CARTESIAN_POINT ( 'NONE',  ( -0.2100000000000000200, 0.4400000000000000022, 2.250000000000000444 ) ) ;
#233 = EDGE_CURVE ( 'NONE', #817, #209, #705, .T. ) ;
#234 = SURFACE_SIDE_STYLE ('',( #1081 ) ) ;
#235 = SURFACE_STYLE_FILL_AREA ( #1747 ) ;
#236 = PRESENTATION_STYLE_ASSIGNMENT (( #930 ) ) ;
#237 = VERTEX_POINT ( 'NONE', #1161 ) ;
#238 = CARTESIAN_POINT ( 'NONE',  ( 2.250000000000000444, 0.4400000000000000577, -1.250000000000000000 ) ) ;
#239 = DIRECTION ( 'NONE',  ( -0.0000000000000000000, -1.000000000000000000, -0.0000000000000000000 ) ) ;
#240 = DIRECTION ( 'NONE',  ( 0.0000000000000000000, -0.0000000000000000000, -1.000000000000000000 ) ) ;
#241 = ADVANCED_FACE ( 'NONE', ( #437 ), #1439, .F. ) ;
#242 = DIRECTION ( 'NONE',  ( 0.0000000000000000000, 1.000000000000000000, 0.0000000000000000000 ) ) ;
#243 = UNCERTAINTY_MEASURE_WITH_UNIT (LENGTH_MEASURE( 1.000000000000000082E-05 ), #1402, 'distance_accuracy_value', 'NONE');
#244 = SURFACE_STYLE_USAGE ( .BOTH. , #396 ) ;
#245 = PRESENTATION_STYLE_ASSIGNMENT (( #807 ) ) ;
#246 = DIRECTION ( 'NONE',  ( 0.1378445374915002741, 0.9808148484639626075, -0.1378445374919453903 ) ) ;
#247 = ORIENTED_EDGE ( 'NONE', *, *, #1620, .T. ) ;
#248 = SURFACE_STYLE_USAGE ( .BOTH. , #383 ) ;
#249 = SURFACE_STYLE_USAGE ( .BOTH. , #231 ) ;
#250 = VECTOR ( 'NONE', #37, 1000.000000000000114 ) ;
#251 =( NAMED_UNIT ( * ) SI_UNIT ( $, .STERADIAN. ) SOLID_ANGLE_UNIT ( ) );
#252 = CARTESIAN_POINT ( 'NONE',  ( -1.709999999999999964, 0.4400000000000000022, 1.095405081827000027 ) ) ;
#253 = STYLED_ITEM ( 'NONE', ( #552 ), #322 ) ;
#254 = LINE ( 'NONE', #770, #149 ) ;
#255 = COLOUR_RGB ( '',0.7921568627450980005, 0.8196078431372548767, 0.9333333333333333481 ) ;
#256 = ADVANCED_FACE ( 'NONE', ( #195 ), #1549, .F. ) ;
#257 = LINE ( 'NONE', #830, #310 ) ;
#258 = AXIS2_PLACEMENT_3D ( 'NONE', #1005, #1565, #1145 ) ;
#259 = CARTESIAN_POINT ( 'NONE',  ( 0.5000000000000000000, 0.0000000000000000000, -1.600000000000000089 ) ) ;
#260 = AXIS2_PLACEMENT_3D ( 'NONE', #4, #842, #701 ) ;
#261 =( GEOMETRIC_REPRESENTATION_CONTEXT ( 3 ) GLOBAL_UNCERTAINTY_ASSIGNED_CONTEXT ( ( #673 ) ) GLOBAL_UNIT_ASSIGNED_CONTEXT ( ( #1207, #907, #923 ) ) REPRESENTATION_CONTEXT ( 'NONE', 'WORKASPACE' ) );
#262 = FILL_AREA_STYLE_COLOUR ( '', #1512 ) ;
#263 = EDGE_CURVE ( 'NONE', #709, #189, #761, .T. ) ;
#264 = VERTEX_POINT ( 'NONE', #504 ) ;
#265 = SURFACE_SIDE_STYLE ('',( #546 ) ) ;
#266 = CARTESIAN_POINT ( 'NONE',  ( -0.8000000000000000444, 0.4400000000000000022, 0.5054050818269999468 ) ) ;
#267 = ADVANCED_FACE ( 'NONE', ( #767 ), #66, .F. ) ;
#268 = SURFACE_STYLE_USAGE ( .BOTH. , #559 ) ;
#269 =( NAMED_UNIT ( * ) SI_UNIT ( $, .STERADIAN. ) SOLID_ANGLE_UNIT ( ) );
#270 = CARTESIAN_POINT ( 'NONE',  ( -2.250000000000000444, 0.05000000000000000278, -1.250000000000000000 ) ) ;
#271 = ORIENTED_EDGE ( 'NONE', *, *, #987, .F. ) ;
#272 = DIRECTION ( 'NONE',  ( 1.000000000000000000, 0.0000000000000000000, 0.0000000000000000000 ) ) ;
#273 = PRODUCT_CONTEXT ( 'NONE', #1779, 'mechanical' ) ;
#274 =( LENGTH_UNIT ( ) NAMED_UNIT ( * ) SI_UNIT ( .MILLI., .METRE. ) );
#275 = PRESENTATION_LAYER_ASSIGNMENT (  '', '', ( #1069 ) ) ;
#276 = DIRECTION ( 'NONE',  ( 1.000000000000000000, 0.0000000000000000000, 0.0000000000000000000 ) ) ;
#277 = PRESENTATION_LAYER_ASSIGNMENT (  '', '', ( #84 ) ) ;
#278 = FILL_AREA_STYLE_COLOUR ( '', #341 ) ;
#279 = FILL_AREA_STYLE ('',( #809 ) ) ;
#280 = COLOUR_RGB ( '',0.7921568627450980005, 0.8196078431372548767, 0.9333333333333333481 ) ;
#281 = STYLED_ITEM ( 'NONE', ( #1029 ), #871 ) ;
#282 =( GEOMETRIC_REPRESENTATION_CONTEXT ( 3 ) GLOBAL_UNCERTAINTY_ASSIGNED_CONTEXT ( ( #157 ) ) GLOBAL_UNIT_ASSIGNED_CONTEXT ( ( #24, #1554, #1444 ) ) REPRESENTATION_CONTEXT ( 'NONE', 'WORKASPACE' ) );
#283 = MECHANICAL_DESIGN_GEOMETRIC_PRESENTATION_REPRESENTATION (  '', ( #491 ), #26 ) ;
#284 = EDGE_CURVE ( 'NONE', #994, #17, #217, .T. ) ;
#285 = FILL_AREA_STYLE ('',( #1791 ) ) ;
#286 = AXIS2_PLACEMENT_3D ( 'NONE', #259, #964, #1527 ) ;
#287 = AXIS2_PLACEMENT_3D ( 'NONE', #1230, #242, #115 ) ;
#288 = ADVANCED_FACE ( 'NONE', ( #1333 ), #743, .T. ) ;
#289 =( NAMED_UNIT ( * ) PLANE_ANGLE_UNIT ( ) SI_UNIT ( $, .RADIAN. ) );
#290 = FILL_AREA_STYLE_COLOUR ( '', #47 ) ;
#291 =( GEOMETRIC_REPRESENTATION_CONTEXT ( 3 ) GLOBAL_UNCERTAINTY_ASSIGNED_CONTEXT ( ( #695 ) ) GLOBAL_UNIT_ASSIGNED_CONTEXT ( ( #274, #694, #173 ) ) REPRESENTATION_CONTEXT ( 'NONE', 'WORKASPACE' ) );
#292 = EDGE_LOOP ( 'NONE', ( #1385, #591, #609, #1273 ) ) ;
#293 = CARTESIAN_POINT ( 'NONE',  ( -1.709999999999999964, 0.4400000000000000022, 2.250000000000000444 ) ) ;
#294 = CARTESIAN_POINT ( 'NONE',  ( 2.095405081827249827, 1.540000000000053104, 1.095405081827124816 ) ) ;
#295 = ORIENTED_EDGE ( 'NONE', *, *, #191, .F. ) ;
#296 = LINE ( 'NONE', #1525, #1633 ) ;
#297 = CARTESIAN_POINT ( 'NONE',  ( -1.709999999999999964, 0.4400000000000000022, 1.095405081827000027 ) ) ;
#298 = FILL_AREA_STYLE_COLOUR ( '', #1683 ) ;
#299 = ORIENTED_EDGE ( 'NONE', *, *, #903, .F. ) ;
#300 = CARTESIAN_POINT ( 'NONE',  ( 2.250000000000000444, 0.05000000000000000278, -1.250000000000000000 ) ) ;
#301 = FILL_AREA_STYLE_COLOUR ( '', #522 ) ;
#302 = ORIENTED_EDGE ( 'NONE', *, *, #679, .F. ) ;
#303 = DIRECTION ( 'NONE',  ( 0.0000000000000000000, -0.9902680687415877925, 0.1391731009599420921 ) ) ;
#304 = DIRECTION ( 'NONE',  ( 0.0000000000000000000, 0.0000000000000000000, -1.000000000000000000 ) ) ;
#305 = EDGE_CURVE ( 'NONE', #1522, #1420, #536, .T. ) ;
#306 = ORIENTED_EDGE ( 'NONE', *, *, #1560, .T. ) ;
#307 = LINE ( 'NONE', #1421, #924 ) ;
#308 =( GEOMETRIC_REPRESENTATION_CONTEXT ( 3 ) GLOBAL_UNCERTAINTY_ASSIGNED_CONTEXT ( ( #623 ) ) GLOBAL_UNIT_ASSIGNED_CONTEXT ( ( #15, #1417, #1276 ) ) REPRESENTATION_CONTEXT ( 'NONE', 'WORKASPACE' ) );
#309 = EDGE_LOOP ( 'NONE', ( #1699, #1034 ) ) ;
#310 = VECTOR ( 'NONE', #1386, 1000.000000000000000 ) ;
#311 =( NAMED_UNIT ( * ) SI_UNIT ( $, .STERADIAN. ) SOLID_ANGLE_UNIT ( ) );
#312 = FILL_AREA_STYLE_COLOUR ( '', #631 ) ;
#313 = COLOUR_RGB ( '',0.7921568627450980005, 0.8196078431372548767, 0.9333333333333333481 ) ;
#314 = VERTEX_POINT ( 'NONE', #1090 ) ;
#315 = COLOUR_RGB ( '',0.2509803921568627416, 0.2509803921568627416, 0.2509803921568627416 ) ;
#316 =( NAMED_UNIT ( * ) PLANE_ANGLE_UNIT ( ) SI_UNIT ( $, .RADIAN. ) );
#317 = LINE ( 'NONE', #445, #540 ) ;
#318 = FILL_AREA_STYLE ('',( #56 ) ) ;
#319 = VECTOR ( 'NONE', #276, 1000.000000000000000 ) ;
#320 = VERTEX_POINT ( 'NONE', #1644 ) ;
#321 =( NAMED_UNIT ( * ) SI_UNIT ( $, .STERADIAN. ) SOLID_ANGLE_UNIT ( ) );
#322 = ADVANCED_FACE ( 'NONE', ( #1666 ), #141, .F. ) ;
#323 = ORIENTED_EDGE ( 'NONE', *, *, #1529, .T. ) ;
#324 = FACE_OUTER_BOUND ( 'NONE', #1587, .T. ) ;
#325 = ORIENTED_EDGE ( 'NONE', *, *, #1351, .F. ) ;
#326 = DIRECTION ( 'NONE',  ( -1.000000000000000000, 0.0000000000000000000, 0.0000000000000000000 ) ) ;
#327 = SURFACE_STYLE_FILL_AREA ( #1022 ) ;
#328 = ORIENTED_EDGE ( 'NONE', *, *, #1235, .T. ) ;
#329 = ORIENTED_EDGE ( 'NONE', *, *, #1125, .T. ) ;
#330 = CARTESIAN_POINT ( 'NONE',  ( -0.5000000000000000000, 0.0000000000000000000, -2.000000000000000000 ) ) ;
#331 = SURFACE_STYLE_USAGE ( .BOTH. , #733 ) ;
#332 = VERTEX_POINT ( 'NONE', #404 ) ;
#333 = FACE_OUTER_BOUND ( 'NONE', #48, .T. ) ;
#334 = FILL_AREA_STYLE ('',( #497 ) ) ;
#335 = ORIENTED_EDGE ( 'NONE', *, *, #1693, .F. ) ;
#336 = FILL_AREA_STYLE_COLOUR ( '', #50 ) ;
#337 = PRESENTATION_LAYER_ASSIGNMENT (  '', '', ( #114 ) ) ;
#338 = ORIENTED_EDGE ( 'NONE', *, *, #679, .T. ) ;
#339 = LINE ( 'NONE', #1169, #831 ) ;
#340 =( GEOMETRIC_REPRESENTATION_CONTEXT ( 3 ) GLOBAL_UNCERTAINTY_ASSIGNED_CONTEXT ( ( #1374 ) ) GLOBAL_UNIT_ASSIGNED_CONTEXT ( ( #370, #911, #1058 ) ) REPRESENTATION_CONTEXT ( 'NONE', 'WORKASPACE' ) );
#341 = COLOUR_RGB ( '',0.2509803921568627416, 0.2509803921568627416, 0.2509803921568627416 ) ;
#342 = FILL_AREA_STYLE ('',( #1593 ) ) ;
#343 = CARTESIAN_POINT ( 'NONE',  ( -1.290000000000000036, 0.4400000000000000022, 1.095405081827000027 ) ) ;
#344 = ORIENTED_EDGE ( 'NONE', *, *, #684, .T. ) ;
#345 = STYLED_ITEM ( 'NONE', ( #438 ), #775 ) ;
#346 =( GEOMETRIC_REPRESENTATION_CONTEXT ( 3 ) GLOBAL_UNCERTAINTY_ASSIGNED_CONTEXT ( ( #1360 ) ) GLOBAL_UNIT_ASSIGNED_CONTEXT ( ( #505, #1217, #361 ) ) REPRESENTATION_CONTEXT ( 'NONE', 'WORKASPACE' ) );
#347 = FILL_AREA_STYLE_COLOUR ( '', #1773 ) ;
#348 = SURFACE_SIDE_STYLE ('',( #616 ) ) ;
#349 = ADVANCED_FACE ( 'NONE', ( #814 ), #386, .F. ) ;
#350 =( GEOMETRIC_REPRESENTATION_CONTEXT ( 3 ) GLOBAL_UNCERTAINTY_ASSIGNED_CONTEXT ( ( #1183 ) ) GLOBAL_UNIT_ASSIGNED_CONTEXT ( ( #691, #1269, #155 ) ) REPRESENTATION_CONTEXT ( 'NONE', 'WORKASPACE' ) );
#351 = ORIENTED_EDGE ( 'NONE', *, *, #1346, .T. ) ;
#352 = FILL_AREA_STYLE ('',( #1759 ) ) ;
#353 = ORIENTED_EDGE ( 'NONE', *, *, #110, .F. ) ;
#354 = CARTESIAN_POINT ( 'NONE',  ( 1.290000000000000036, 0.4400000000000000022, 2.250000000000000444 ) ) ;
#355 = UNCERTAINTY_MEASURE_WITH_UNIT (LENGTH_MEASURE( 1.000000000000000082E-05 ), #1059, 'distance_accuracy_value', 'NONE');
#356 = CARTESIAN_POINT ( 'NONE',  ( -1.500000000000000000, 1.540000000000000036, 0.5454050818269999823 ) ) ;
#357 = DIRECTION ( 'NONE',  ( 0.0000000000000000000, 1.000000000000000000, 0.0000000000000000000 ) ) ;
#358 = PLANE ( 'NONE',  #1166 ) ;
#359 =( NAMED_UNIT ( * ) PLANE_ANGLE_UNIT ( ) SI_UNIT ( $, .RADIAN. ) );
#360 =( LENGTH_UNIT ( ) NAMED_UNIT ( * ) SI_UNIT ( .MILLI., .METRE. ) );
#361 =( NAMED_UNIT ( * ) SI_UNIT ( $, .STERADIAN. ) SOLID_ANGLE_UNIT ( ) );
#362 =( NAMED_UNIT ( * ) PLANE_ANGLE_UNIT ( ) SI_UNIT ( $, .RADIAN. ) );
#363 = LINE ( 'NONE', #763, #226 ) ;
#364 = EDGE_CURVE ( 'NONE', #209, #1023, #1507, .T. ) ;
#365 = EDGE_CURVE ( 'NONE', #391, #1178, #257, .T. ) ;
#366 = AXIS2_PLACEMENT_3D ( 'NONE', #187, #989, #458 ) ;
#367 = PRESENTATION_STYLE_ASSIGNMENT (( #1790 ) ) ;
#368 =( GEOMETRIC_REPRESENTATION_CONTEXT ( 3 ) GLOBAL_UNCERTAINTY_ASSIGNED_CONTEXT ( ( #1033 ) ) GLOBAL_UNIT_ASSIGNED_CONTEXT ( ( #128, #979, #2 ) ) REPRESENTATION_CONTEXT ( 'NONE', 'WORKASPACE' ) );
#369 = SURFACE_STYLE_USAGE ( .BOTH. , #1501 ) ;
#370 =( LENGTH_UNIT ( ) NAMED_UNIT ( * ) SI_UNIT ( .MILLI., .METRE. ) );
#371 = UNCERTAINTY_MEASURE_WITH_UNIT (LENGTH_MEASURE( 1.000000000000000082E-05 ), #932, 'distance_accuracy_value', 'NONE');
#372 = AXIS2_PLACEMENT_3D ( 'NONE', #625, #479, #375 ) ;
#373 = APPLICATION_CONTEXT ( 'automotive_design' ) ;
#374 = ORIENTED_EDGE ( 'NONE', *, *, #184, .T. ) ;
#375 = DIRECTION ( 'NONE',  ( 0.0000000000000000000, 0.0000000000000000000, -1.000000000000000000 ) ) ;
#376 = AXIS2_PLACEMENT_3D ( 'NONE', #511, #1479, #103 ) ;
#377 = COLOUR_RGB ( '',0.2509803921568627416, 0.2509803921568627416, 0.2509803921568627416 ) ;
#378 = MECHANICAL_DESIGN_GEOMETRIC_PRESENTATION_REPRESENTATION (  '', ( #1204 ), #206 ) ;
#379 = VECTOR ( 'NONE', #910, 1000.000000000000000 ) ;
#380 = FILL_AREA_STYLE ('',( #496 ) ) ;
#381 = SURFACE_STYLE_FILL_AREA ( #1393 ) ;
#382 = LINE ( 'NONE', #1330, #1275 ) ;
#383 = SURFACE_SIDE_STYLE ('',( #1362 ) ) ;
#384 =( NAMED_UNIT ( * ) PLANE_ANGLE_UNIT ( ) SI_UNIT ( $, .RADIAN. ) );
#385 = DIRECTION ( 'NONE',  ( 1.408548775966000070E-16, -0.0000000000000000000, 1.000000000000000000 ) ) ;
#386 = PLANE ( 'NONE',  #397 ) ;
#387 = UNCERTAINTY_MEASURE_WITH_UNIT (LENGTH_MEASURE( 1.000000000000000082E-05 ), #1357, 'distance_accuracy_value', 'NONE');
#388 = SURFACE_SIDE_STYLE ('',( #154 ) ) ;
#389 = SURFACE_SIDE_STYLE ('',( #381 ) ) ;
#390 =( LENGTH_UNIT ( ) NAMED_UNIT ( * ) SI_UNIT ( .MILLI., .METRE. ) );
#391 = VERTEX_POINT ( 'NONE', #293 ) ;
#392 = LINE ( 'NONE', #136, #659 ) ;
#393 = APPLICATION_PROTOCOL_DEFINITION ( 'draft international standard', 'automotive_design', 1998, #100 ) ;
#394 = DIRECTION ( 'NONE',  ( 0.0000000000000000000, -0.0000000000000000000, -1.000000000000000000 ) ) ;
#395 = MECHANICAL_DESIGN_GEOMETRIC_PRESENTATION_REPRESENTATION (  '', ( #170 ), #340 ) ;
#396 = SURFACE_SIDE_STYLE ('',( #1083 ) ) ;
#397 = AXIS2_PLACEMENT_3D ( 'NONE', #116, #530, #944 ) ;
#398 = EDGE_CURVE ( 'NONE', #1582, #1713, #1397, .T. ) ;
#399 = FACE_OUTER_BOUND ( 'NONE', #1559, .T. ) ;
#400 =( GEOMETRIC_REPRESENTATION_CONTEXT ( 3 ) GLOBAL_UNCERTAINTY_ASSIGNED_CONTEXT ( ( #1082 ) ) GLOBAL_UNIT_ASSIGNED_CONTEXT ( ( #1303, #1155, #311 ) ) REPRESENTATION_CONTEXT ( 'NONE', 'WORKASPACE' ) );
#401 =( GEOMETRIC_REPRESENTATION_CONTEXT ( 3 ) GLOBAL_UNCERTAINTY_ASSIGNED_CONTEXT ( ( #874 ) ) GLOBAL_UNIT_ASSIGNED_CONTEXT ( ( #1213, #1499, #1638 ) ) REPRESENTATION_CONTEXT ( 'NONE', 'WORKASPACE' ) );
#402 =( GEOMETRIC_REPRESENTATION_CONTEXT ( 3 ) GLOBAL_UNCERTAINTY_ASSIGNED_CONTEXT ( ( #1598 ) ) GLOBAL_UNIT_ASSIGNED_CONTEXT ( ( #1432, #901, #1579 ) ) REPRESENTATION_CONTEXT ( 'NONE', 'WORKASPACE' ) );
#403 = SURFACE_STYLE_FILL_AREA ( #285 ) ;
#404 = CARTESIAN_POINT ( 'NONE',  ( -0.2100000000000000200, 0.0000000000000000000, 2.250000000000000444 ) ) ;
#405 = UNCERTAINTY_MEASURE_WITH_UNIT (LENGTH_MEASURE( 1.000000000000000082E-05 ), #642, 'distance_accuracy_value', 'NONE');
#406 =( LENGTH_UNIT ( ) NAMED_UNIT ( * ) SI_UNIT ( .MILLI., .METRE. ) );
#407 = ORIENTED_EDGE ( 'NONE', *, *, #365, .F. ) ;
#408 = LINE ( 'NONE', #266, #1199 ) ;
#409 = CARTESIAN_POINT ( 'NONE',  ( -1.709999999999999964, 0.4400000000000000022, 1.095405081827000027 ) ) ;
#410 = CARTESIAN_POINT ( 'NONE',  ( -2.250000000000000444, 0.4400000000000000577, 1.250000000000000000 ) ) ;
#411 = DIRECTION ( 'NONE',  ( 0.0000000000000000000, 1.000000000000000000, -0.0000000000000000000 ) ) ;
#412 =( NAMED_UNIT ( * ) SI_UNIT ( $, .STERADIAN. ) SOLID_ANGLE_UNIT ( ) );
#413 = DIRECTION ( 'NONE',  ( -0.7071067811865475727, 0.0000000000000000000, -0.7071067811865475727 ) ) ;
#414 = ADVANCED_FACE ( 'NONE', ( #1804 ), #1233, .F. ) ;
#415 = DIRECTION ( 'NONE',  ( -0.0000000000000000000, -1.000000000000000000, -0.0000000000000000000 ) ) ;
#416 = VECTOR ( 'NONE', #143, 1000.000000000000000 ) ;
#417 = CARTESIAN_POINT ( 'NONE',  ( 0.5000000000000000000, 0.4400000000000000022, -1.600000000000000089 ) ) ;
#418 = CARTESIAN_POINT ( 'NONE',  ( 0.8000000000000000444, 0.4399999999999999467, 0.5054050818269998357 ) ) ;
#419 =( GEOMETRIC_REPRESENTATION_CONTEXT ( 3 ) GLOBAL_UNCERTAINTY_ASSIGNED_CONTEXT ( ( #1763 ) ) GLOBAL_UNIT_ASSIGNED_CONTEXT ( ( #1799, #798, #269 ) ) REPRESENTATION_CONTEXT ( 'NONE', 'WORKASPACE' ) );
#420 = CARTESIAN_POINT ( 'NONE',  ( -0.2100000000000000200, 0.4400000000000000022, 1.095405081827000027 ) ) ;
#421 = APPLICATION_CONTEXT ( 'automotive_design' ) ;
#422 = VECTOR ( 'NONE', #394, 1000.000000000000000 ) ;
#423 = MECHANICAL_DESIGN_GEOMETRIC_PRESENTATION_REPRESENTATION (  '', ( #753 ), #1137 ) ;
#424 = STYLED_ITEM ( 'NONE', ( #884 ), #1088 ) ;
#425 = COLOUR_RGB ( '',0.7921568627450980005, 0.8196078431372548767, 0.9333333333333333481 ) ;
#426 = ORIENTED_EDGE ( 'NONE', *, *, #1283, .F. ) ;
#427 = CARTESIAN_POINT ( 'NONE',  ( 1.290000000000000036, 0.0000000000000000000, 1.095405081827000027 ) ) ;
#428 = AXIS2_PLACEMENT_3D ( 'NONE', #1674, #415, #1546 ) ;
#429 = ORIENTED_EDGE ( 'NONE', *, *, #1101, .F. ) ;
#430 = DIRECTION ( 'NONE',  ( 0.0000000000000000000, -0.0000000000000000000, -1.000000000000000000 ) ) ;
#431 = ORIENTED_EDGE ( 'NONE', *, *, #305, .T. ) ;
#432 = DIRECTION ( 'NONE',  ( 0.0000000000000000000, -1.000000000000000000, 0.0000000000000000000 ) ) ;
#433 =( REPRESENTATION_RELATIONSHIP ('NONE','NONE', #1154, #1712 ) REPRESENTATION_RELATIONSHIP_WITH_TRANSFORMATION ( #948 )SHAPE_REPRESENTATION_RELATIONSHIP( ) );
#434 = VERTEX_POINT ( 'NONE', #969 ) ;
#435 = EDGE_CURVE ( 'NONE', #570, #434, #1806, .T. ) ;
#436 = SURFACE_STYLE_FILL_AREA ( #1657 ) ;
#437 = FACE_OUTER_BOUND ( 'NONE', #1006, .T. ) ;
#438 = PRESENTATION_STYLE_ASSIGNMENT (( #1132 ) ) ;
#439 = ORIENTED_EDGE ( 'NONE', *, *, #1662, .F. ) ;
#440 = CARTESIAN_POINT ( 'NONE',  ( -2.250000000000000444, 0.05000000000000000278, -1.250000000000000000 ) ) ;
#441 = ORIENTED_EDGE ( 'NONE', *, *, #499, .T. ) ;
#442 = SURFACE_STYLE_FILL_AREA ( #1586 ) ;
#443 = ORIENTED_EDGE ( 'NONE', *, *, #130, .F. ) ;
#444 = PLANE ( 'NONE',  #1754 ) ;
#445 = CARTESIAN_POINT ( 'NONE',  ( -0.7999999999999999334, 0.4400000000000000022, -1.600000000000000089 ) ) ;
#446 = EDGE_CURVE ( 'NONE', #1289, #617, #1663, .T. ) ;
#447 = DIRECTION ( 'NONE',  ( 0.0000000000000000000, 1.000000000000000000, 0.0000000000000000000 ) ) ;
#448 = COLOUR_RGB ( '',0.7921568627450980005, 0.8196078431372548767, 0.9333333333333333481 ) ;
#449 = ORIENTED_EDGE ( 'NONE', *, *, #1742, .T. ) ;
#450 = ADVANCED_FACE ( 'NONE', ( #399 ), #956, .T. ) ;
#451 = VERTEX_POINT ( 'NONE', #992 ) ;
#452 =( GEOMETRIC_REPRESENTATION_CONTEXT ( 3 ) GLOBAL_UNCERTAINTY_ASSIGNED_CONTEXT ( ( #243 ) ) GLOBAL_UNIT_ASSIGNED_CONTEXT ( ( #1402, #196, #1732 ) ) REPRESENTATION_CONTEXT ( 'NONE', 'WORKASPACE' ) );
#453 = PRESENTATION_LAYER_ASSIGNMENT (  '', '', ( #1248 ) ) ;
#454 = FILL_AREA_STYLE ('',( #41 ) ) ;
#455 = VECTOR ( 'NONE', #1179, 1000.000000000000000 ) ;
#456 = VERTEX_POINT ( 'NONE', #869 ) ;
#457 = DIRECTION ( 'NONE',  ( -1.000000000000000000, -0.0000000000000000000, -0.0000000000000000000 ) ) ;
#458 = DIRECTION ( 'NONE',  ( 5.149613163964000111E-17, 0.0000000000000000000, 1.000000000000000000 ) ) ;
#459 = UNCERTAINTY_MEASURE_WITH_UNIT (LENGTH_MEASURE( 1.000000000000000082E-05 ), #1561, 'distance_accuracy_value', 'NONE');
#460 = DIRECTION ( 'NONE',  ( 0.0000000000000000000, 0.0000000000000000000, -1.000000000000000000 ) ) ;
#461 = PRESENTATION_LAYER_ASSIGNMENT (  '', '', ( #148 ) ) ;
#462 = VECTOR ( 'NONE', #1667, 1000.000000000000000 ) ;
#463 = APPLICATION_CONTEXT ( 'automotive_design' ) ;
#464 = PLANE ( 'NONE',  #748 ) ;
#465 = ORIENTED_EDGE ( 'NONE', *, *, #732, .T. ) ;
#466 =( NAMED_UNIT ( * ) SI_UNIT ( $, .STERADIAN. ) SOLID_ANGLE_UNIT ( ) );
#467 = ORIENTED_EDGE ( 'NONE', *, *, #191, .T. ) ;
#468 = DIRECTION ( 'NONE',  ( 1.000000000000000000, -0.0000000000000000000, 0.0000000000000000000 ) ) ;
#469 = ORIENTED_EDGE ( 'NONE', *, *, #1428, .T. ) ;
#470 = EDGE_LOOP ( 'NONE', ( #449, #426, #1643, #1109 ) ) ;
#471 = FACE_OUTER_BOUND ( 'NONE', #1180, .T. ) ;
#472 = DIRECTION ( 'NONE',  ( 0.0000000000000000000, 0.0000000000000000000, 1.000000000000000000 ) ) ;
#473 = EDGE_CURVE ( 'NONE', #1596, #617, #1434, .T. ) ;
#474 = ORIENTED_EDGE ( 'NONE', *, *, #933, .F. ) ;
#475 =( LENGTH_UNIT ( ) NAMED_UNIT ( * ) SI_UNIT ( .MILLI., .METRE. ) );
#476 = UNCERTAINTY_MEASURE_WITH_UNIT (LENGTH_MEASURE( 1.000000000000000082E-05 ), #528, 'distance_accuracy_value', 'NONE');
#477 = LINE ( 'NONE', #1192, #895 ) ;
#478 = CARTESIAN_POINT ( 'NONE',  ( 2.250000000000000444, 0.05000000000000000278, -1.250000000000000000 ) ) ;
#479 = DIRECTION ( 'NONE',  ( -0.0000000000000000000, -1.000000000000000000, -0.0000000000000000000 ) ) ;
#480 = STYLED_ITEM ( 'NONE', ( #762 ), #55 ) ;
#481 = MECHANICAL_DESIGN_GEOMETRIC_PRESENTATION_REPRESENTATION (  '', ( #253 ), #419 ) ;
#482 =( LENGTH_UNIT ( ) NAMED_UNIT ( * ) SI_UNIT ( .MILLI., .METRE. ) );
#483 = DIRECTION ( 'NONE',  ( 1.000000000000000000, -0.0000000000000000000, 0.0000000000000000000 ) ) ;
#484 = ORIENTED_EDGE ( 'NONE', *, *, #43, .T. ) ;
#485 = VECTOR ( 'NONE', #447, 1000.000000000000000 ) ;
#486 =( LENGTH_UNIT ( ) NAMED_UNIT ( * ) SI_UNIT ( .MILLI., .METRE. ) );
#487 = STYLED_ITEM ( 'NONE', ( #641 ), #792 ) ;
#488 = SURFACE_SIDE_STYLE ('',( #1307 ) ) ;
#489 = DIRECTION ( 'NONE',  ( 0.0000000000000000000, -0.0000000000000000000, -1.000000000000000000 ) ) ;
#490 = AXIS2_PLACEMENT_3D ( 'NONE', #722, #1436, #192 ) ;
#491 = STYLED_ITEM ( 'NONE', ( #367 ), #965 ) ;
#492 = EDGE_LOOP ( 'NONE', ( #302, #35, #1142, #13 ) ) ;
#493 = CARTESIAN_POINT ( 'NONE',  ( 0.7999999999999999334, 0.0000000000000000000, -1.599999999999999867 ) ) ;
#494 = STYLED_ITEM ( 'NONE', ( #119 ), #1151 ) ;
#495 = FILL_AREA_STYLE_COLOUR ( '', #1457 ) ;
#496 = FILL_AREA_STYLE_COLOUR ( '', #179 ) ;
#497 = FILL_AREA_STYLE_COLOUR ( '', #822 ) ;
#498 = UNCERTAINTY_MEASURE_WITH_UNIT (LENGTH_MEASURE( 1.000000000000000082E-05 ), #971, 'distance_accuracy_value', 'NONE');
#499 = EDGE_CURVE ( 'NONE', #1127, #1733, #181, .T. ) ;
#500 = ORIENTED_EDGE ( 'NONE', *, *, #1372, .T. ) ;
#501 = EDGE_CURVE ( 'NONE', #1522, #841, #882, .T. ) ;
#502 = SURFACE_SIDE_STYLE ('',( #122 ) ) ;
#503 = DIRECTION ( 'NONE',  ( -0.0000000000000000000, -0.0000000000000000000, -1.000000000000000000 ) ) ;
#504 = CARTESIAN_POINT ( 'NONE',  ( 1.290000000000000036, 0.4400000000000000022, 1.095405081827000027 ) ) ;
#505 =( LENGTH_UNIT ( ) NAMED_UNIT ( * ) SI_UNIT ( .MILLI., .METRE. ) );
#506 = EDGE_CURVE ( 'NONE', #817, #1562, #1551, .T. ) ;
#507 = ORIENTED_EDGE ( 'NONE', *, *, #473, .F. ) ;
#508 = PRESENTATION_STYLE_ASSIGNMENT (( #1767 ) ) ;
#509 = DIRECTION ( 'NONE',  ( 0.0000000000000000000, 0.1391731009599420921, -0.9902680687415877925 ) ) ;
#510 = MECHANICAL_DESIGN_GEOMETRIC_PRESENTATION_REPRESENTATION (  '', ( #1069 ), #308 ) ;
#511 = CARTESIAN_POINT ( 'NONE',  ( 0.0000000000000000000, 0.0000000000000000000, 0.0000000000000000000 ) ) ;
#512 = FILL_AREA_STYLE ('',( #628 ) ) ;
#513 = STYLED_ITEM ( 'NONE', ( #8 ), #450 ) ;
#514 = DIRECTION ( 'NONE',  ( 1.000000000000000000, 0.0000000000000000000, 0.0000000000000000000 ) ) ;
#515 =( LENGTH_UNIT ( ) NAMED_UNIT ( * ) SI_UNIT ( .MILLI., .METRE. ) );
#516 = UNCERTAINTY_MEASURE_WITH_UNIT (LENGTH_MEASURE( 1.000000000000000082E-05 ), #390, 'distance_accuracy_value', 'NONE');
#517 =( NAMED_UNIT ( * ) PLANE_ANGLE_UNIT ( ) SI_UNIT ( $, .RADIAN. ) );
#518 = MECHANICAL_DESIGN_GEOMETRIC_PRESENTATION_REPRESENTATION (  '', ( #1249 ), #1419 ) ;
#519 = DIRECTION ( 'NONE',  ( -0.0000000000000000000, -1.000000000000000000, -0.0000000000000000000 ) ) ;
#520 = SURFACE_SIDE_STYLE ('',( #1337 ) ) ;
#521 =( GEOMETRIC_REPRESENTATION_CONTEXT ( 3 ) GLOBAL_UNCERTAINTY_ASSIGNED_CONTEXT ( ( #5 ) ) GLOBAL_UNIT_ASSIGNED_CONTEXT ( ( #92, #942, #1621 ) ) REPRESENTATION_CONTEXT ( 'NONE', 'WORKASPACE' ) );
#522 = COLOUR_RGB ( '',0.7921568627450980005, 0.8196078431372548767, 0.9333333333333333481 ) ;
#523 = PRESENTATION_LAYER_ASSIGNMENT (  '', '', ( #606 ) ) ;
#524 = SHAPE_REPRESENTATION ( 'Fusion', ( #1518 ), #282 ) ;
#525 = DIRECTION ( 'NONE',  ( 0.0000000000000000000, 0.0000000000000000000, 1.000000000000000000 ) ) ;
#526 = AXIS2_PLACEMENT_3D ( 'NONE', #1694, #1702, #1710 ) ;
#527 = APPLICATION_CONTEXT ( 'automotive_design' ) ;
#528 =( LENGTH_UNIT ( ) NAMED_UNIT ( * ) SI_UNIT ( .MILLI., .METRE. ) );
#529 = SURFACE_STYLE_USAGE ( .BOTH. , #630 ) ;
#530 = DIRECTION ( 'NONE',  ( 0.0000000000000000000, 0.0000000000000000000, -1.000000000000000000 ) ) ;
#531 =( NAMED_UNIT ( * ) SI_UNIT ( $, .STERADIAN. ) SOLID_ANGLE_UNIT ( ) );
#532 =( NAMED_UNIT ( * ) SI_UNIT ( $, .STERADIAN. ) SOLID_ANGLE_UNIT ( ) );
#533 = LINE ( 'NONE', #1373, #422 ) ;
#534 = FILL_AREA_STYLE_COLOUR ( '', #1686 ) ;
#535 = ADVANCED_FACE ( 'NONE', ( #1722 ), #464, .T. ) ;
#536 = LINE ( 'NONE', #1215, #1645 ) ;
#537 = SURFACE_STYLE_FILL_AREA ( #1540 ) ;
#538 = ORIENTED_EDGE ( 'NONE', *, *, #1187, .T. ) ;
#539 = CARTESIAN_POINT ( 'NONE',  ( -0.8000000000000000444, 0.4400000000000000022, 0.5054050818269999468 ) ) ;
#540 = VECTOR ( 'NONE', #866, 1000.000000000000000 ) ;
#541 = CARTESIAN_POINT ( 'NONE',  ( -0.8000000000000000444, 0.4399999999999999467, 0.5054050818269998357 ) ) ;
#542 = FILL_AREA_STYLE_COLOUR ( '', #795 ) ;
#543 = DIRECTION ( 'NONE',  ( -1.000000000000000000, 0.0000000000000000000, 0.0000000000000000000 ) ) ;
#544 = CARTESIAN_POINT ( 'NONE',  ( -2.250000000000000444, 1.540000000000070646, 1.095405081827499183 ) ) ;
#545 = VERTEX_POINT ( 'NONE', #758 ) ;
#546 = SURFACE_STYLE_FILL_AREA ( #1252 ) ;
#547 = COLOUR_RGB ( '',0.7921568627450980005, 0.8196078431372548767, 0.9333333333333333481 ) ;
#548 = LINE ( 'NONE', #804, #982 ) ;
#549 = AXIS2_PLACEMENT_3D ( 'NONE', #671, #710, #1553 ) ;
#550 = VECTOR ( 'NONE', #272, 1000.000000000000000 ) ;
#551 =( NAMED_UNIT ( * ) SI_UNIT ( $, .STERADIAN. ) SOLID_ANGLE_UNIT ( ) );
#552 = PRESENTATION_STYLE_ASSIGNMENT (( #1520 ) ) ;
#553 = EDGE_CURVE ( 'NONE', #617, #1127, #307, .T. ) ;
#554 = CARTESIAN_POINT ( 'NONE',  ( 0.8000000000000000444, 0.0000000000000000000, 0.5054050818269998357 ) ) ;
#555 = ORIENTED_EDGE ( 'NONE', *, *, #1453, .T. ) ;
#556 = EDGE_CURVE ( 'NONE', #1758, #314, #363, .T. ) ;
#557 = CARTESIAN_POINT ( 'NONE',  ( 1.709999999999999964, 0.0000000000000000000, 1.095405081827000027 ) ) ;
#558 =( REPRESENTATION_RELATIONSHIP ('NONE','NONE', #1154, #524 ) REPRESENTATION_RELATIONSHIP_WITH_TRANSFORMATION ( #1672 )SHAPE_REPRESENTATION_RELATIONSHIP( ) );
#559 = SURFACE_SIDE_STYLE ('',( #139 ) ) ;
#560 = CARTESIAN_POINT ( 'NONE',  ( -1.290000000000000036, 0.0000000000000000000, 1.095405081827000027 ) ) ;
#561 = SURFACE_STYLE_USAGE ( .BOTH. , #7 ) ;
#562 = PRODUCT ( 'User_Library_SOT89_5005', 'User_Library_SOT89_5005', '', ( #1379 ) ) ;
#563 = SURFACE_STYLE_FILL_AREA ( #129 ) ;
#564 = SURFACE_STYLE_FILL_AREA ( #165 ) ;
#565 = UNCERTAINTY_MEASURE_WITH_UNIT (LENGTH_MEASURE( 1.000000000000000082E-05 ), #1727, 'distance_accuracy_value', 'NONE');
#566 = ORIENTED_EDGE ( 'NONE', *, *, #162, .T. ) ;
#567 = SURFACE_STYLE_FILL_AREA ( #1007 ) ;
#568 = SURFACE_STYLE_FILL_AREA ( #729 ) ;
#569 =( GEOMETRIC_REPRESENTATION_CONTEXT ( 3 ) GLOBAL_UNCERTAINTY_ASSIGNED_CONTEXT ( ( #459 ) ) GLOBAL_UNIT_ASSIGNED_CONTEXT ( ( #1561, #1035, #321 ) ) REPRESENTATION_CONTEXT ( 'NONE', 'WORKASPACE' ) );
#570 = VERTEX_POINT ( 'NONE', #1356 ) ;
#571 =( GEOMETRIC_REPRESENTATION_CONTEXT ( 3 ) GLOBAL_UNCERTAINTY_ASSIGNED_CONTEXT ( ( #917 ) ) GLOBAL_UNIT_ASSIGNED_CONTEXT ( ( #800, #698, #412 ) ) REPRESENTATION_CONTEXT ( 'NONE', 'WORKASPACE' ) );
#572 = VECTOR ( 'NONE', #1437, 1000.000000000000000 ) ;
#573 = VERTEX_POINT ( 'NONE', #493 ) ;
#574 =( NAMED_UNIT ( * ) PLANE_ANGLE_UNIT ( ) SI_UNIT ( $, .RADIAN. ) );
#575 = VECTOR ( 'NONE', #967, 1000.000000000000000 ) ;
#576 = AXIS2_PLACEMENT_3D ( 'NONE', #420, #981, #3 ) ;
#577 = ORIENTED_EDGE ( 'NONE', *, *, #903, .T. ) ;
#578 =( GEOMETRIC_REPRESENTATION_CONTEXT ( 3 ) GLOBAL_UNCERTAINTY_ASSIGNED_CONTEXT ( ( #1051 ) ) GLOBAL_UNIT_ASSIGNED_CONTEXT ( ( #1613, #797, #95 ) ) REPRESENTATION_CONTEXT ( 'NONE', 'WORKASPACE' ) );
#579 = LINE ( 'NONE', #1103, #833 ) ;
#580 = DIRECTION ( 'NONE',  ( -0.0000000000000000000, 1.000000000000000000, 0.0000000000000000000 ) ) ;
#581 = EDGE_LOOP ( 'NONE', ( #538, #749, #306, #1795, #1744, #1547, #1602, #1189, #1282, #98, #1691, #905 ) ) ;
#582 = ORIENTED_EDGE ( 'NONE', *, *, #1229, .F. ) ;
#583 = SURFACE_SIDE_STYLE ('',( #69 ) ) ;
#584 = UNCERTAINTY_MEASURE_WITH_UNIT (LENGTH_MEASURE( 1.000000000000000082E-05 ), #482, 'distance_accuracy_value', 'NONE');
#585 = ORIENTED_EDGE ( 'NONE', *, *, #162, .F. ) ;
#586 = EDGE_CURVE ( 'NONE', #237, #1438, #914, .T. ) ;
#587 =( LENGTH_UNIT ( ) NAMED_UNIT ( * ) SI_UNIT ( .MILLI., .METRE. ) );
#588 = CARTESIAN_POINT ( 'NONE',  ( -1.500000000000000000, 1.489999999999999991, 0.9454050818270000045 ) ) ;
#589 = LINE ( 'NONE', #880, #201 ) ;
#590 = ORIENTED_EDGE ( 'NONE', *, *, #806, .F. ) ;
#591 = ORIENTED_EDGE ( 'NONE', *, *, #473, .T. ) ;
#592 = CARTESIAN_POINT ( 'NONE',  ( 0.2100000000000000200, 0.0000000000000000000, -1.600000000000000089 ) ) ;
#593 = ORIENTED_EDGE ( 'NONE', *, *, #1369, .T. ) ;
#594 = CARTESIAN_POINT ( 'NONE',  ( -0.2100000000000000200, 0.4400000000000000022, 2.250000000000000444 ) ) ;
#595 = CARTESIAN_POINT ( 'NONE',  ( 0.7999999999999999334, 0.4400000000000000022, -1.599999999999999867 ) ) ;
#596 = VERTEX_POINT ( 'NONE', #1206 ) ;
#597 = DIRECTION ( 'NONE',  ( 0.1378445374919457789, -0.9808148484639626075, -0.1378445374915003019 ) ) ;
#598 = VECTOR ( 'NONE', #886, 1000.000000000000000 ) ;
#599 = EDGE_LOOP ( 'NONE', ( #1544, #1146, #1, #108 ) ) ;
#600 = FILL_AREA_STYLE ('',( #49 ) ) ;
#601 =( NAMED_UNIT ( * ) PLANE_ANGLE_UNIT ( ) SI_UNIT ( $, .RADIAN. ) );
#602 = DIRECTION ( 'NONE',  ( 0.0000000000000000000, 0.0000000000000000000, 1.000000000000000000 ) ) ;
#603 = AXIS2_PLACEMENT_3D ( 'NONE', #76, #1208, #223 ) ;
#604 = AXIS2_PLACEMENT_3D ( 'NONE', #1254, #959, #819 ) ;
#605 = UNCERTAINTY_MEASURE_WITH_UNIT (LENGTH_MEASURE( 1.000000000000000082E-05 ), #918, 'distance_accuracy_value', 'NONE');
#606 = STYLED_ITEM ( 'NONE', ( #202 ), #1608 ) ;
#607 = ORIENTED_EDGE ( 'NONE', *, *, #1101, .T. ) ;
#608 = EDGE_CURVE ( 'NONE', #1596, #1733, #772, .T. ) ;
#609 = ORIENTED_EDGE ( 'NONE', *, *, #446, .F. ) ;
#610 =( LENGTH_UNIT ( ) NAMED_UNIT ( * ) SI_UNIT ( .MILLI., .METRE. ) );
#611 = LINE ( 'NONE', #34, #120 ) ;
#612 =( LENGTH_UNIT ( ) NAMED_UNIT ( * ) SI_UNIT ( .MILLI., .METRE. ) );
#613 = ORIENTED_EDGE ( 'NONE', *, *, #1585, .F. ) ;
#614 = LINE ( 'NONE', #1567, #756 ) ;
#615 = DIRECTION ( 'NONE',  ( -5.149613163964000111E-17, 0.0000000000000000000, -1.000000000000000000 ) ) ;
#616 = SURFACE_STYLE_FILL_AREA ( #1320 ) ;
#617 = VERTEX_POINT ( 'NONE', #238 ) ;
#618 = SURFACE_STYLE_USAGE ( .BOTH. , #520 ) ;
#619 = DIRECTION ( 'NONE',  ( 0.0000000000000000000, 0.0000000000000000000, -1.000000000000000000 ) ) ;
#620 = ORIENTED_EDGE ( 'NONE', *, *, #1640, .T. ) ;
#621 = SURFACE_SIDE_STYLE ('',( #865 ) ) ;
#622 = CARTESIAN_POINT ( 'NONE',  ( -1.709999999999999964, 0.4400000000000000022, 2.250000000000000444 ) ) ;
#623 = UNCERTAINTY_MEASURE_WITH_UNIT (LENGTH_MEASURE( 1.000000000000000082E-05 ), #15, 'distance_accuracy_value', 'NONE');
#624 = DIRECTION ( 'NONE',  ( -1.408548775966000070E-16, 0.0000000000000000000, -1.000000000000000000 ) ) ;
#625 = CARTESIAN_POINT ( 'NONE',  ( 0.5000000000000000000, 0.4400000000000000022, -2.000000000000000000 ) ) ;
#626 = VECTOR ( 'NONE', #737, 1000.000000000000114 ) ;
#627 = ADVANCED_FACE ( 'NONE', ( #940 ), #1627, .F. ) ;
#628 = FILL_AREA_STYLE_COLOUR ( '', #953 ) ;
#629 = COLOUR_RGB ( '',0.7921568627450980005, 0.8196078431372548767, 0.9333333333333333481 ) ;
#630 = SURFACE_SIDE_STYLE ('',( #225 ) ) ;
#631 = COLOUR_RGB ( '',0.7921568627450980005, 0.8196078431372548767, 0.9333333333333333481 ) ;
#632 = AXIS2_PLACEMENT_3D ( 'NONE', #330, #1325, #619 ) ;
#633 = SURFACE_STYLE_USAGE ( .BOTH. , #388 ) ;
#634 = VERTEX_POINT ( 'NONE', #1497 ) ;
#635 = DIRECTION ( 'NONE',  ( 0.0000000000000000000, 0.0000000000000000000, -1.000000000000000000 ) ) ;
#636 = STYLED_ITEM ( 'NONE', ( #670 ), #1257 ) ;
#637 =( NAMED_UNIT ( * ) PLANE_ANGLE_UNIT ( ) SI_UNIT ( $, .RADIAN. ) );
#638 =( NAMED_UNIT ( * ) PLANE_ANGLE_UNIT ( ) SI_UNIT ( $, .RADIAN. ) );
#639 = EDGE_CURVE ( 'NONE', #1159, #596, #382, .T. ) ;
#640 = UNCERTAINTY_MEASURE_WITH_UNIT (LENGTH_MEASURE( 1.000000000000000082E-05 ), #515, 'distance_accuracy_value', 'NONE');
#641 = PRESENTATION_STYLE_ASSIGNMENT (( #912 ) ) ;
#642 =( LENGTH_UNIT ( ) NAMED_UNIT ( * ) SI_UNIT ( .MILLI., .METRE. ) );
#643 = SURFACE_SIDE_STYLE ('',( #99 ) ) ;
#644 = DIRECTION ( 'NONE',  ( -0.9902680687415877925, 0.1391731009599420921, 0.0000000000000000000 ) ) ;
#645 = CYLINDRICAL_SURFACE ( 'NONE', #287, 0.1999999999999999833 ) ;
#646 = DIRECTION ( 'NONE',  ( 1.000000000000000000, -0.0000000000000000000, 0.0000000000000000000 ) ) ;
#647 = DIRECTION ( 'NONE',  ( -1.000000000000000000, -0.0000000000000000000, -0.0000000000000000000 ) ) ;
#648 = DIRECTION ( 'NONE',  ( 0.0000000000000000000, 1.000000000000000000, 0.0000000000000000000 ) ) ;
#649 = CARTESIAN_POINT ( 'NONE',  ( 2.250000000000000444, 0.4399999999999999467, 1.250000000000000000 ) ) ;
#650 = CLOSED_SHELL ( 'NONE', ( #1151, #241, #1391, #965, #915, #721, #1724, #256, #1257, #775, #55, #1293, #414, #627 ) ) ;
#651 = VECTOR ( 'NONE', #144, 1000.000000000000000 ) ;
#652 = FACE_OUTER_BOUND ( 'NONE', #803, .T. ) ;
#653 = STYLED_ITEM ( 'NONE', ( #1669 ), #707 ) ;
#654 = PRESENTATION_LAYER_ASSIGNMENT (  '', '', ( #174 ) ) ;
#655 =( NAMED_UNIT ( * ) PLANE_ANGLE_UNIT ( ) SI_UNIT ( $, .RADIAN. ) );
#656 = PRESENTATION_LAYER_ASSIGNMENT (  '', '', ( #1537 ) ) ;
#657 = MECHANICAL_DESIGN_GEOMETRIC_PRESENTATION_REPRESENTATION (  '', ( #57 ), #1171 ) ;
#658 = EDGE_CURVE ( 'NONE', #17, #20, #172, .T. ) ;
#659 = VECTOR ( 'NONE', #970, 1000.000000000000114 ) ;
#660 = ORIENTED_EDGE ( 'NONE', *, *, #1369, .F. ) ;
#661 = PLANE ( 'NONE',  #1200 ) ;
#662 = PRESENTATION_LAYER_ASSIGNMENT (  '', '', ( #93 ) ) ;
#663 = EDGE_CURVE ( 'NONE', #634, #1708, #1748, .T. ) ;
#664 = STYLED_ITEM ( 'NONE', ( #51 ), #1781 ) ;
#665 = FILL_AREA_STYLE ('',( #124 ) ) ;
#666 =( LENGTH_UNIT ( ) NAMED_UNIT ( * ) SI_UNIT ( .MILLI., .METRE. ) );
#667 =( NAMED_UNIT ( * ) PLANE_ANGLE_UNIT ( ) SI_UNIT ( $, .RADIAN. ) );
#668 = ORIENTED_EDGE ( 'NONE', *, *, #1053, .F. ) ;
#669 = CARTESIAN_POINT ( 'NONE',  ( -0.5000000000000000000, 0.0000000000000000000, -1.600000000000000089 ) ) ;
#670 = PRESENTATION_STYLE_ASSIGNMENT (( #818 ) ) ;
#671 = CARTESIAN_POINT ( 'NONE',  ( 0.5000000000000000000, 0.0000000000000000000, -2.000000000000000000 ) ) ;
#672 = CARTESIAN_POINT ( 'NONE',  ( -2.095405081827499405, 1.540000000000070646, 1.250000000000000000 ) ) ;
#673 = UNCERTAINTY_MEASURE_WITH_UNIT (LENGTH_MEASURE( 1.000000000000000082E-05 ), #1207, 'distance_accuracy_value', 'NONE');
#674 = FILL_AREA_STYLE ('',( #687 ) ) ;
#675 = EDGE_LOOP ( 'NONE', ( #779, #39, #870, #1721 ) ) ;
#676 = SURFACE_STYLE_FILL_AREA ( #153 ) ;
#677 =( NAMED_UNIT ( * ) SI_UNIT ( $, .STERADIAN. ) SOLID_ANGLE_UNIT ( ) );
#678 = PLANE ( 'NONE',  #1198 ) ;
#679 = EDGE_CURVE ( 'NONE', #994, #182, #1568, .T. ) ;
#680 = STYLED_ITEM ( 'NONE', ( #1539 ), #256 ) ;
#681 = SURFACE_STYLE_USAGE ( .BOTH. , #1523 ) ;
#682 = DIRECTION ( 'NONE',  ( 0.0000000000000000000, 0.0000000000000000000, -1.000000000000000000 ) ) ;
#683 = PRESENTATION_LAYER_ASSIGNMENT (  '', '', ( #1484 ) ) ;
#684 = EDGE_CURVE ( 'NONE', #1326, #817, #1486, .T. ) ;
#685 = CARTESIAN_POINT ( 'NONE',  ( -0.7999999999999997113, 0.0000000000000000000, 0.5054050818270000578 ) ) ;
#686 = VECTOR ( 'NONE', #460, 1000.000000000000000 ) ;
#687 = FILL_AREA_STYLE_COLOUR ( '', #1389 ) ;
#688 = VECTOR ( 'NONE', #1343, 1000.000000000000000 ) ;
#689 = PRESENTATION_LAYER_ASSIGNMENT (  '', '', ( #1490 ) ) ;
#690 = FACE_OUTER_BOUND ( 'NONE', #193, .T. ) ;
#691 =( LENGTH_UNIT ( ) NAMED_UNIT ( * ) SI_UNIT ( .MILLI., .METRE. ) );
#692 =( GEOMETRIC_REPRESENTATION_CONTEXT ( 3 ) GLOBAL_UNCERTAINTY_ASSIGNED_CONTEXT ( ( #1800 ) ) GLOBAL_UNIT_ASSIGNED_CONTEXT ( ( #1124, #957, #677 ) ) REPRESENTATION_CONTEXT ( 'NONE', 'WORKASPACE' ) );
#693 = COLOUR_RGB ( '',0.2509803921568627416, 0.2509803921568627416, 0.2509803921568627416 ) ;
#694 =( NAMED_UNIT ( * ) PLANE_ANGLE_UNIT ( ) SI_UNIT ( $, .RADIAN. ) );
#695 = UNCERTAINTY_MEASURE_WITH_UNIT (LENGTH_MEASURE( 1.000000000000000082E-05 ), #274, 'distance_accuracy_value', 'NONE');
#696 = EDGE_CURVE ( 'NONE', #20, #17, #1628, .T. ) ;
#697 = FILL_AREA_STYLE ('',( #1367 ) ) ;
#698 =( NAMED_UNIT ( * ) PLANE_ANGLE_UNIT ( ) SI_UNIT ( $, .RADIAN. ) );
#699 = SURFACE_SIDE_STYLE ('',( #563 ) ) ;
#700 = APPLICATION_PROTOCOL_DEFINITION ( 'draft international standard', 'automotive_design', 1998, #1779 ) ;
#701 = DIRECTION ( 'NONE',  ( 0.0000000000000000000, -0.0000000000000000000, -1.000000000000000000 ) ) ;
#702 = MANIFOLD_SOLID_BREP ( 'Imported3', #972 ) ;
#703 = ORIENTED_EDGE ( 'NONE', *, *, #1797, .T. ) ;
#704 = LINE ( 'NONE', #1115, #462 ) ;
#705 = LINE ( 'NONE', #297, #1563 ) ;
#706 = SURFACE_SIDE_STYLE ('',( #568 ) ) ;
#707 = ADVANCED_FACE ( 'NONE', ( #1104 ), #1476, .F. ) ;
#708 = EDGE_LOOP ( 'NONE', ( #1054, #1026, #1583, #1123 ) ) ;
#709 = VERTEX_POINT ( 'NONE', #554 ) ;
#710 = DIRECTION ( 'NONE',  ( 0.0000000000000000000, 1.000000000000000000, 0.0000000000000000000 ) ) ;
#711 = PRESENTATION_STYLE_ASSIGNMENT (( #1404 ) ) ;
#712 = UNCERTAINTY_MEASURE_WITH_UNIT (LENGTH_MEASURE( 1.000000000000000082E-05 ), #1684, 'distance_accuracy_value', 'NONE');
#713 = ORIENTED_EDGE ( 'NONE', *, *, #446, .T. ) ;
#714 = CARTESIAN_POINT ( 'NONE',  ( -1.290000000000000036, 0.4400000000000000022, 2.250000000000000444 ) ) ;
#715 = PRESENTATION_STYLE_ASSIGNMENT (( #840 ) ) ;
#716 = VECTOR ( 'NONE', #1590, 1000.000000000000000 ) ;
#717 = PRESENTATION_LAYER_ASSIGNMENT (  '', '', ( #1681 ) ) ;
#718 = EDGE_LOOP ( 'NONE', ( #353, #299, #166, #180 ) ) ;
#719 =( LENGTH_UNIT ( ) NAMED_UNIT ( * ) SI_UNIT ( .MILLI., .METRE. ) );
#720 =( GEOMETRIC_REPRESENTATION_CONTEXT ( 3 ) GLOBAL_UNCERTAINTY_ASSIGNED_CONTEXT ( ( #1203 ) ) GLOBAL_UNIT_ASSIGNED_CONTEXT ( ( #1595, #1447, #1039 ) ) REPRESENTATION_CONTEXT ( 'NONE', 'WORKASPACE' ) );
#721 = ADVANCED_FACE ( 'NONE', ( #1240 ), #1085, .F. ) ;
#722 = CARTESIAN_POINT ( 'NONE',  ( -1.500000000000000000, 1.489999999999999991, 0.7454050818270000489 ) ) ;
#723 = COLOUR_RGB ( '',0.7921568627450980005, 0.8196078431372548767, 0.9333333333333333481 ) ;
#725 = ORIENTED_EDGE ( 'NONE', *, *, #858, .T. ) ;
#724 = ADVANCED_FACE ( 'NONE', ( #169 ), #1288, .T. ) ;
#726 = MECHANICAL_DESIGN_GEOMETRIC_PRESENTATION_REPRESENTATION (  '', ( #1111 ), #1395 ) ;
#727 = FACE_OUTER_BOUND ( 'NONE', #1431, .T. ) ;
#728 = LINE ( 'NONE', #1696, #1304 ) ;
#729 = FILL_AREA_STYLE ('',( #298 ) ) ;
#730 = ORIENTED_EDGE ( 'NONE', *, *, #284, .F. ) ;
#731 = VERTEX_POINT ( 'NONE', #1581 ) ;
#732 = EDGE_CURVE ( 'NONE', #1093, #1470, #589, .T. ) ;
#733 = SURFACE_SIDE_STYLE ('',( #442 ) ) ;
#734 = CARTESIAN_POINT ( 'NONE',  ( 1.709999999999999964, 0.4400000000000000022, 2.250000000000000444 ) ) ;
#735 = FILL_AREA_STYLE_COLOUR ( '', #448 ) ;
#736 = ORIENTED_EDGE ( 'NONE', *, *, #663, .T. ) ;
#737 = DIRECTION ( 'NONE',  ( -0.1378445374919457789, 0.9808148484639626075, -0.1378445374915003019 ) ) ;
#738 = VERTEX_POINT ( 'NONE', #176 ) ;
#739 = DIRECTION ( 'NONE',  ( -1.000000000000000000, -0.0000000000000000000, -0.0000000000000000000 ) ) ;
#740 = FILL_AREA_STYLE_COLOUR ( '', #547 ) ;
#741 = ORIENTED_EDGE ( 'NONE', *, *, #936, .T. ) ;
#742 = SURFACE_STYLE_USAGE ( .BOTH. , #621 ) ;
#743 = PLANE ( 'NONE',  #1597 ) ;
#744 = CARTESIAN_POINT ( 'NONE',  ( 1.290000000000000036, 0.0000000000000000000, 2.250000000000000444 ) ) ;
#745 = VECTOR ( 'NONE', #1264, 1000.000000000000000 ) ;
#746 = EDGE_CURVE ( 'NONE', #881, #264, #1150, .T. ) ;
#747 = PRESENTATION_LAYER_ASSIGNMENT (  '', '', ( #680 ) ) ;
#748 = AXIS2_PLACEMENT_3D ( 'NONE', #440, #1001, #1177 ) ;
#749 = ORIENTED_EDGE ( 'NONE', *, *, #987, .T. ) ;
#750 = MECHANICAL_DESIGN_GEOMETRIC_PRESENTATION_REPRESENTATION (  '', ( #1484 ), #857 ) ;
#751 = DIRECTION ( 'NONE',  ( -0.0000000000000000000, -1.000000000000000000, 0.0000000000000000000 ) ) ;
#752 = CARTESIAN_POINT ( 'NONE',  ( 0.0000000000000000000, 0.0000000000000000000, 0.0000000000000000000 ) ) ;
#753 = STYLED_ITEM ( 'NONE', ( #1138 ), #993 ) ;
#754 = MECHANICAL_DESIGN_GEOMETRIC_PRESENTATION_REPRESENTATION (  '', ( #1656 ), #1394 ) ;
#755 = FILL_AREA_STYLE_COLOUR ( '', #54 ) ;
#756 = VECTOR ( 'NONE', #1175, 1000.000000000000000 ) ;
#757 = ORIENTED_EDGE ( 'NONE', *, *, #1693, .T. ) ;
#758 = CARTESIAN_POINT ( 'NONE',  ( 1.290000000000000036, 0.0000000000000000000, 2.250000000000000444 ) ) ;
#759 = SURFACE_STYLE_USAGE ( .BOTH. , #1332 ) ;
#760 = ORIENTED_EDGE ( 'NONE', *, *, #45, .F. ) ;
#761 = LINE ( 'NONE', #1042, #1361 ) ;
#762 = PRESENTATION_STYLE_ASSIGNMENT (( #892 ) ) ;
#763 = CARTESIAN_POINT ( 'NONE',  ( -2.250000000000000444, 0.4400000000000000022, 1.250000000000000000 ) ) ;
#764 = EDGE_CURVE ( 'NONE', #545, #881, #1008, .T. ) ;
#765 = DIRECTION ( 'NONE',  ( -0.0000000000000000000, -1.000000000000000000, -0.0000000000000000000 ) ) ;
#766 = PLANE ( 'NONE',  #258 ) ;
#767 = FACE_OUTER_BOUND ( 'NONE', #718, .T. ) ;
#768 = UNCERTAINTY_MEASURE_WITH_UNIT (LENGTH_MEASURE( 1.000000000000000082E-05 ), #360, 'distance_accuracy_value', 'NONE');
#769 = SURFACE_SIDE_STYLE ('',( #96 ) ) ;
#770 = CARTESIAN_POINT ( 'NONE',  ( 1.709999999999999964, 0.4400000000000000022, 2.250000000000000444 ) ) ;
#771 = CARTESIAN_POINT ( 'NONE',  ( 2.250000000000000444, 0.05000000000000000278, 1.250000000000000000 ) ) ;
#772 = LINE ( 'NONE', #1740, #1775 ) ;
#773 = PRESENTATION_LAYER_ASSIGNMENT (  '', '', ( #1241 ) ) ;
#774 =( GEOMETRIC_REPRESENTATION_CONTEXT ( 3 ) GLOBAL_UNCERTAINTY_ASSIGNED_CONTEXT ( ( #1450 ) ) GLOBAL_UNIT_ASSIGNED_CONTEXT ( ( #719, #205, #1280 ) ) REPRESENTATION_CONTEXT ( 'NONE', 'WORKASPACE' ) );
#775 = ADVANCED_FACE ( 'NONE', ( #160 ), #1309, .F. ) ;
#776 =( NAMED_UNIT ( * ) SI_UNIT ( $, .STERADIAN. ) SOLID_ANGLE_UNIT ( ) );
#777 = VECTOR ( 'NONE', #635, 1000.000000000000000 ) ;
#778 = PRESENTATION_LAYER_ASSIGNMENT (  '', '', ( #1249 ) ) ;
#779 = ORIENTED_EDGE ( 'NONE', *, *, #1238, .F. ) ;
#780 = FILL_AREA_STYLE_COLOUR ( '', #629 ) ;
#781 = VECTOR ( 'NONE', #1371, 1000.000000000000114 ) ;
#782 = LINE ( 'NONE', #1611, #926 ) ;
#783 = FACE_OUTER_BOUND ( 'NONE', #492, .T. ) ;
#784 = CARTESIAN_POINT ( 'NONE',  ( 0.2100000000000000200, 0.4400000000000000022, 2.250000000000000444 ) ) ;
#785 = DIRECTION ( 'NONE',  ( 0.0000000000000000000, 0.0000000000000000000, 1.000000000000000000 ) ) ;
#786 = FILL_AREA_STYLE_COLOUR ( '', #59 ) ;
#787 = PRESENTATION_STYLE_ASSIGNMENT (( #249 ) ) ;
#788 =( NAMED_UNIT ( * ) SI_UNIT ( $, .STERADIAN. ) SOLID_ANGLE_UNIT ( ) );
#789 = PRODUCT_DEFINITION ( 'UNKNOWN', '', #861, #1576 ) ;
#790 = DIRECTION ( 'NONE',  ( 4.695162586551999899E-17, 0.0000000000000000000, 1.000000000000000000 ) ) ;
#791 =( NAMED_UNIT ( * ) PLANE_ANGLE_UNIT ( ) SI_UNIT ( $, .RADIAN. ) );
#792 = ADVANCED_FACE ( 'NONE', ( #83 ), #1599, .T. ) ;
#793 = DIRECTION ( 'NONE',  ( 0.0000000000000000000, 0.0000000000000000000, -1.000000000000000000 ) ) ;
#794 = CONTEXT_DEPENDENT_SHAPE_REPRESENTATION ( #433, #1237 ) ;
#795 = COLOUR_RGB ( '',0.7921568627450980005, 0.8196078431372548767, 0.9333333333333333481 ) ;
#796 = VECTOR ( 'NONE', #1165, 1000.000000000000000 ) ;
#797 =( NAMED_UNIT ( * ) PLANE_ANGLE_UNIT ( ) SI_UNIT ( $, .RADIAN. ) );
#798 =( NAMED_UNIT ( * ) PLANE_ANGLE_UNIT ( ) SI_UNIT ( $, .RADIAN. ) );
#799 =( GEOMETRIC_REPRESENTATION_CONTEXT ( 3 ) GLOBAL_UNCERTAINTY_ASSIGNED_CONTEXT ( ( #938 ) ) GLOBAL_UNIT_ASSIGNED_CONTEXT ( ( #127, #667, #1697 ) ) REPRESENTATION_CONTEXT ( 'NONE', 'WORKASPACE' ) );
#800 =( LENGTH_UNIT ( ) NAMED_UNIT ( * ) SI_UNIT ( .MILLI., .METRE. ) );
#801 = PRESENTATION_LAYER_ASSIGNMENT (  '', '', ( #491 ) ) ;
#802 = AXIS2_PLACEMENT_3D ( 'NONE', #784, #1642, #790 ) ;
#803 = EDGE_LOOP ( 'NONE', ( #863, #135, #1153, #1706 ) ) ;
#804 = CARTESIAN_POINT ( 'NONE',  ( -2.250000000000000444, 0.05000000000000000278, -1.250000000000000000 ) ) ;
#805 = VECTOR ( 'NONE', #1114, 1000.000000000000000 ) ;
#806 = EDGE_CURVE ( 'NONE', #332, #237, #477, .T. ) ;
#807 = SURFACE_STYLE_USAGE ( .BOTH. , #389 ) ;
#808 = ORIENTED_EDGE ( 'NONE', *, *, #1720, .T. ) ;
#809 = FILL_AREA_STYLE_COLOUR ( '', #723 ) ;
#810 = APPLICATION_PROTOCOL_DEFINITION ( 'draft international standard', 'automotive_design', 1998, #421 ) ;
#811 = LINE ( 'NONE', #966, #1134 ) ;
#812 = ADVANCED_FACE ( 'NONE', ( #1184 ), #890, .F. ) ;
#813 = PLANE ( 'NONE',  #526 ) ;
#814 = FACE_OUTER_BOUND ( 'NONE', #1435, .T. ) ;
#815 = PRODUCT_DEFINITION_SHAPE ( 'NONE', 'NONE',  #789 ) ;
#816 =( NAMED_UNIT ( * ) SI_UNIT ( $, .STERADIAN. ) SOLID_ANGLE_UNIT ( ) );
#817 = VERTEX_POINT ( 'NONE', #1353 ) ;
#818 = SURFACE_STYLE_USAGE ( .BOTH. , #699 ) ;
#819 = DIRECTION ( 'NONE',  ( 1.000000000000000000, 0.0000000000000000000, 0.0000000000000000000 ) ) ;
#820 = DIRECTION ( 'NONE',  ( -0.0000000000000000000, 0.0000000000000000000, 1.000000000000000000 ) ) ;
#821 = VECTOR ( 'NONE', #1149, 1000.000000000000000 ) ;
#822 = COLOUR_RGB ( '',0.2509803921568627416, 0.2509803921568627416, 0.2509803921568627416 ) ;
#823 = CARTESIAN_POINT ( 'NONE',  ( 0.5000000000000000000, 0.0000000000000000000, -1.899999999999999911 ) ) ;
#824 = ADVANCED_FACE ( 'NONE', ( #106 ), #766, .T. ) ;
#825 = VECTOR ( 'NONE', #1300, 1000.000000000000000 ) ;
#826 = CYLINDRICAL_SURFACE ( 'NONE', #1052, 0.2999999999999999334 ) ;
#827 = PRESENTATION_LAYER_ASSIGNMENT (  '', '', ( #1601 ) ) ;
#828 = LINE ( 'NONE', #150, #1156 ) ;
#829 = AXIS2_PLACEMENT_3D ( 'NONE', #1495, #1764, #1451 ) ;
#830 = CARTESIAN_POINT ( 'NONE',  ( -1.290000000000000036, 0.4400000000000000022, 2.250000000000000444 ) ) ;
#831 = VECTOR ( 'NONE', #751, 1000.000000000000000 ) ;
#832 = PLANE ( 'NONE',  #576 ) ;
#833 = VECTOR ( 'NONE', #411, 1000.000000000000000 ) ;
#834 = PRODUCT_DEFINITION_SHAPE ( 'NONE', 'NONE',  #1048 ) ;
#835 = PRESENTATION_LAYER_ASSIGNMENT (  '', '', ( #1574 ) ) ;
#836 =( GEOMETRIC_REPRESENTATION_CONTEXT ( 3 ) GLOBAL_UNCERTAINTY_ASSIGNED_CONTEXT ( ( #565 ) ) GLOBAL_UNIT_ASSIGNED_CONTEXT ( ( #1727, #601, #1429 ) ) REPRESENTATION_CONTEXT ( 'NONE', 'WORKASPACE' ) );
#837 = FACE_OUTER_BOUND ( 'NONE', #1441, .T. ) ;
#838 = LINE ( 'NONE', #1400, #1020 ) ;
#839 = LINE ( 'NONE', #1298, #250 ) ;
#840 = SURFACE_STYLE_USAGE ( .BOTH. , #706 ) ;
#841 = VERTEX_POINT ( 'NONE', #1605 ) ;
#842 = DIRECTION ( 'NONE',  ( 0.0000000000000000000, -1.000000000000000000, 0.0000000000000000000 ) ) ;
#843 = LINE ( 'NONE', #672, #575 ) ;
#844 = ORIENTED_EDGE ( 'NONE', *, *, #1105, .F. ) ;
#845 =( LENGTH_UNIT ( ) NAMED_UNIT ( * ) SI_UNIT ( .MILLI., .METRE. ) );
#846 = CARTESIAN_POINT ( 'NONE',  ( -0.2100000000000000200, 0.4400000000000000022, 2.250000000000000444 ) ) ;
#847 = ORIENTED_EDGE ( 'NONE', *, *, #140, .F. ) ;
#848 = EDGE_CURVE ( 'NONE', #868, #1596, #63, .T. ) ;
#849 = SURFACE_STYLE_USAGE ( .BOTH. , #1290 ) ;
#850 = SURFACE_STYLE_USAGE ( .BOTH. , #1528 ) ;
#851 = ORIENTED_EDGE ( 'NONE', *, *, #1617, .T. ) ;
#852 = COLOUR_RGB ( '',0.7921568627450980005, 0.8196078431372548767, 0.9333333333333333481 ) ;
#853 = PRESENTATION_STYLE_ASSIGNMENT (( #742 ) ) ;
#854 = VECTOR ( 'NONE', #1532, 1000.000000000000000 ) ;
#855 = EDGE_LOOP ( 'NONE', ( #1578, #1322, #1152, #883 ) ) ;
#856 = CARTESIAN_POINT ( 'NONE',  ( 2.095405081826999805, 1.540000000000070646, -1.095405081827499183 ) ) ;
#857 =( GEOMETRIC_REPRESENTATION_CONTEXT ( 3 ) GLOBAL_UNCERTAINTY_ASSIGNED_CONTEXT ( ( #371 ) ) GLOBAL_UNIT_ASSIGNED_CONTEXT ( ( #932, #1504, #1211 ) ) REPRESENTATION_CONTEXT ( 'NONE', 'WORKASPACE' ) );
#858 = EDGE_CURVE ( 'NONE', #1708, #1505, #1743, .T. ) ;
#859 = ORIENTED_EDGE ( 'NONE', *, *, #1072, .F. ) ;
#860 = DIRECTION ( 'NONE',  ( 1.000000000000000000, 0.0000000000000000000, -0.0000000000000000000 ) ) ;
#861 = PRODUCT_DEFINITION_FORMATION_WITH_SPECIFIED_SOURCE ( 'ANY', '', #178, .NOT_KNOWN. ) ;
#862 = SURFACE_STYLE_FILL_AREA ( #454 ) ;
#863 = ORIENTED_EDGE ( 'NONE', *, *, #848, .F. ) ;
#864 = VECTOR ( 'NONE', #457, 1000.000000000000000 ) ;
#865 = SURFACE_STYLE_FILL_AREA ( #1021 ) ;
#866 = DIRECTION ( 'NONE',  ( 0.0000000000000000000, 1.000000000000000000, 0.0000000000000000000 ) ) ;
#867 = SURFACE_STYLE_FILL_AREA ( #318 ) ;
#868 = VERTEX_POINT ( 'NONE', #1728 ) ;
#869 = CARTESIAN_POINT ( 'NONE',  ( 1.290000000000000036, 0.4400000000000000022, 2.250000000000000444 ) ) ;
#870 = ORIENTED_EDGE ( 'NONE', *, *, #230, .F. ) ;
#871 = ADVANCED_FACE ( 'NONE', ( #324 ), #1172, .F. ) ;
#872 = PLANE ( 'NONE',  #1723 ) ;
#873 = CYLINDRICAL_SURFACE ( 'NONE', #490, 0.1999999999999999833 ) ;
#874 = UNCERTAINTY_MEASURE_WITH_UNIT (LENGTH_MEASURE( 1.000000000000000082E-05 ), #1213, 'distance_accuracy_value', 'NONE');
#875 = EDGE_CURVE ( 'NONE', #731, #841, #897, .T. ) ;
#876 = DIRECTION ( 'NONE',  ( 1.000000000000000000, 0.0000000000000000000, -0.0000000000000000000 ) ) ;
#877 = VERTEX_POINT ( 'NONE', #1461 ) ;
#878 = CARTESIAN_POINT ( 'NONE',  ( -0.2100000000000000477, 0.4399999999999999467, 1.095405081827000027 ) ) ;
#879 = UNCERTAINTY_MEASURE_WITH_UNIT (LENGTH_MEASURE( 1.000000000000000082E-05 ), #999, 'distance_accuracy_value', 'NONE');
#880 = CARTESIAN_POINT ( 'NONE',  ( 1.709999999999999964, 0.4400000000000000022, 1.095405081827000027 ) ) ;
#881 = VERTEX_POINT ( 'NONE', #1188 ) ;
#882 = LINE ( 'NONE', #31, #825 ) ;
#883 = ORIENTED_EDGE ( 'NONE', *, *, #1757, .F. ) ;
#884 = PRESENTATION_STYLE_ASSIGNMENT (( #1584 ) ) ;
#885 = SURFACE_SIDE_STYLE ('',( #862 ) ) ;
#886 = DIRECTION ( 'NONE',  ( 1.000000000000000000, 0.0000000000000000000, 0.0000000000000000000 ) ) ;
#887 = CARTESIAN_POINT ( 'NONE',  ( -0.2100000000000000200, 0.4399999999999999467, 2.250000000000000444 ) ) ;
#888 = ORIENTED_EDGE ( 'NONE', *, *, #1617, .F. ) ;
#889 = PLANE ( 'NONE',  #29 ) ;
#890 = PLANE ( 'NONE',  #1341 ) ;
#891 = VECTOR ( 'NONE', #919, 1000.000000000000000 ) ;
#892 = SURFACE_STYLE_USAGE ( .BOTH. , #214 ) ;
#893 = ORIENTED_EDGE ( 'NONE', *, *, #696, .T. ) ;
#894 = PRESENTATION_LAYER_ASSIGNMENT (  '', '', ( #1130 ) ) ;
#895 = VECTOR ( 'NONE', #489, 1000.000000000000000 ) ;
#896 = SURFACE_STYLE_FILL_AREA ( #342 ) ;
#897 = LINE ( 'NONE', #592, #455 ) ;
#898 = MECHANICAL_DESIGN_GEOMETRIC_PRESENTATION_REPRESENTATION (  '', ( #1719 ), #350 ) ;
#899 = ORIENTED_EDGE ( 'NONE', *, *, #1055, .F. ) ;
#900 = STYLED_ITEM ( 'NONE', ( #236 ), #1301 ) ;
#901 =( NAMED_UNIT ( * ) PLANE_ANGLE_UNIT ( ) SI_UNIT ( $, .RADIAN. ) );
#902 = PRESENTATION_STYLE_ASSIGNMENT (( #1465 ) ) ;
#903 = EDGE_CURVE ( 'NONE', #209, #391, #908, .T. ) ;
#904 = STYLED_ITEM ( 'NONE', ( #711 ), #1724 ) ;
#905 = ORIENTED_EDGE ( 'NONE', *, *, #984, .T. ) ;
#906 = PRESENTATION_STYLE_ASSIGNMENT (( #618 ) ) ;
#907 =( NAMED_UNIT ( * ) PLANE_ANGLE_UNIT ( ) SI_UNIT ( $, .RADIAN. ) );
#908 = LINE ( 'NONE', #1158, #572 ) ;
#909 = EDGE_LOOP ( 'NONE', ( #577, #1573, #1609, #1448 ) ) ;
#910 = DIRECTION ( 'NONE',  ( -0.0000000000000000000, -1.000000000000000000, -0.0000000000000000000 ) ) ;
#911 =( NAMED_UNIT ( * ) PLANE_ANGLE_UNIT ( ) SI_UNIT ( $, .RADIAN. ) );
#912 = SURFACE_STYLE_USAGE ( .BOTH. , #769 ) ;
#913 = VERTEX_POINT ( 'NONE', #887 ) ;
#914 = LINE ( 'NONE', #1323, #1009 ) ;
#915 = ADVANCED_FACE ( 'NONE', ( #1294 ), #208, .F. ) ;
#916 = DIRECTION ( 'NONE',  ( 1.000000000000000000, 0.0000000000000000000, 0.0000000000000000000 ) ) ;
#917 = UNCERTAINTY_MEASURE_WITH_UNIT (LENGTH_MEASURE( 1.000000000000000082E-05 ), #800, 'distance_accuracy_value', 'NONE');
#918 =( LENGTH_UNIT ( ) NAMED_UNIT ( * ) SI_UNIT ( .MILLI., .METRE. ) );
#919 = DIRECTION ( 'NONE',  ( -0.0000000000000000000, 1.000000000000000000, 0.0000000000000000000 ) ) ;
#920 = DIRECTION ( 'NONE',  ( 0.0000000000000000000, 0.0000000000000000000, 1.000000000000000000 ) ) ;
#921 = MECHANICAL_DESIGN_GEOMETRIC_PRESENTATION_REPRESENTATION (  '', ( #114 ), #1412 ) ;
#922 = AXIS2_PLACEMENT_3D ( 'NONE', #1762, #1464, #615 ) ;
#923 =( NAMED_UNIT ( * ) SI_UNIT ( $, .STERADIAN. ) SOLID_ANGLE_UNIT ( ) );
#924 = VECTOR ( 'NONE', #1079, 1000.000000000000000 ) ;
#925 = LINE ( 'NONE', #1624, #1368 ) ;
#926 = VECTOR ( 'NONE', #239, 1000.000000000000000 ) ;
#927 = FILL_AREA_STYLE ('',( #1738 ) ) ;
#928 = CARTESIAN_POINT ( 'NONE',  ( 1.709999999999999964, 0.4400000000000000022, 2.250000000000000444 ) ) ;
#929 = CIRCLE ( 'NONE', #1314, 0.2999999999999999334 ) ;
#930 = SURFACE_STYLE_USAGE ( .BOTH. , #1765 ) ;
#931 = ORIENTED_EDGE ( 'NONE', *, *, #233, .T. ) ;
#932 =( LENGTH_UNIT ( ) NAMED_UNIT ( * ) SI_UNIT ( .MILLI., .METRE. ) );
#933 = EDGE_CURVE ( 'NONE', #1295, #434, #1480, .T. ) ;
#934 = SURFACE_STYLE_FILL_AREA ( #512 ) ;
#935 = SURFACE_STYLE_FILL_AREA ( #380 ) ;
#936 = EDGE_CURVE ( 'NONE', #596, #545, #1057, .T. ) ;
#937 = DIRECTION ( 'NONE',  ( -4.695162586551999899E-17, -0.0000000000000000000, -1.000000000000000000 ) ) ;
#938 = UNCERTAINTY_MEASURE_WITH_UNIT (LENGTH_MEASURE( 1.000000000000000082E-05 ), #127, 'distance_accuracy_value', 'NONE');
#939 =( NAMED_UNIT ( * ) PLANE_ANGLE_UNIT ( ) SI_UNIT ( $, .RADIAN. ) );
#940 = FACE_OUTER_BOUND ( 'NONE', #46, .T. ) ;
#941 = SURFACE_SIDE_STYLE ('',( #1780 ) ) ;
#942 =( NAMED_UNIT ( * ) PLANE_ANGLE_UNIT ( ) SI_UNIT ( $, .RADIAN. ) );
#943 = EDGE_CURVE ( 'NONE', #1438, #570, #533, .T. ) ;
#944 = DIRECTION ( 'NONE',  ( -1.000000000000000000, 0.0000000000000000000, -0.0000000000000000000 ) ) ;
#945 = CARTESIAN_POINT ( 'NONE',  ( -1.290000000000000036, 0.4400000000000000022, 2.250000000000000444 ) ) ;
#946 = ORIENTED_EDGE ( 'NONE', *, *, #556, .F. ) ;
#947 = DIRECTION ( 'NONE',  ( 0.0000000000000000000, -0.0000000000000000000, -1.000000000000000000 ) ) ;
#948 = ITEM_DEFINED_TRANSFORMATION ( 'NONE', 'NONE', #603,  #1518 ) ;
#949 = AXIS2_PLACEMENT_3D ( 'NONE', #669, #163, #1646 ) ;
#950 = CARTESIAN_POINT ( 'NONE',  ( 2.250000000000000444, 1.540000000000000036, -1.250000000000000000 ) ) ;
#951 = FILL_AREA_STYLE ('',( #542 ) ) ;
#952 =( GEOMETRIC_REPRESENTATION_CONTEXT ( 3 ) GLOBAL_UNCERTAINTY_ASSIGNED_CONTEXT ( ( #879 ) ) GLOBAL_UNIT_ASSIGNED_CONTEXT ( ( #999, #1558, #1265 ) ) REPRESENTATION_CONTEXT ( 'NONE', 'WORKASPACE' ) );
#953 = COLOUR_RGB ( '',0.2509803921568627416, 0.2509803921568627416, 0.2509803921568627416 ) ;
#954 = MECHANICAL_DESIGN_GEOMETRIC_PRESENTATION_REPRESENTATION (  '', ( #1106 ), #400 ) ;
#955 = ORIENTED_EDGE ( 'NONE', *, *, #364, .T. ) ;
#956 = PLANE ( 'NONE',  #1415 ) ;
#957 =( NAMED_UNIT ( * ) PLANE_ANGLE_UNIT ( ) SI_UNIT ( $, .RADIAN. ) );
#958 = VECTOR ( 'NONE', #1730, 1000.000000000000000 ) ;
#959 = DIRECTION ( 'NONE',  ( 0.0000000000000000000, 0.0000000000000000000, 1.000000000000000000 ) ) ;
#960 = DIRECTION ( 'NONE',  ( 0.0000000000000000000, 0.0000000000000000000, -1.000000000000000000 ) ) ;
#961 =( NAMED_UNIT ( * ) PLANE_ANGLE_UNIT ( ) SI_UNIT ( $, .RADIAN. ) );
#962 = SURFACE_SIDE_STYLE ('',( #151 ) ) ;
#963 = ADVANCED_FACE ( 'NONE', ( #224 ), #358, .F. ) ;
#964 = DIRECTION ( 'NONE',  ( -0.0000000000000000000, -1.000000000000000000, -0.0000000000000000000 ) ) ;
#965 = ADVANCED_FACE ( 'NONE', ( #104 ), #1516, .F. ) ;
#966 = CARTESIAN_POINT ( 'NONE',  ( 0.8000000000000000444, 0.0000000000000000000, -1.600000000000000089 ) ) ;
#967 = DIRECTION ( 'NONE',  ( -0.0000000000000000000, -0.0000000000000000000, -1.000000000000000000 ) ) ;
#968 = FACE_OUTER_BOUND ( 'NONE', #1466, .T. ) ;
#969 = CARTESIAN_POINT ( 'NONE',  ( -0.5000000000000000000, 0.0000000000000000000, -1.900000000000009903 ) ) ;
#970 = DIRECTION ( 'NONE',  ( 0.1378445374919457789, 0.9808148484639626075, 0.1378445374915003019 ) ) ;
#971 =( LENGTH_UNIT ( ) NAMED_UNIT ( * ) SI_UNIT ( .MILLI., .METRE. ) );
#972 = CLOSED_SHELL ( 'NONE', ( #322, #1010, #349, #1778, #1038, #812 ) ) ;
#973 = LINE ( 'NONE', #142, #123 ) ;
#974 = LINE ( 'NONE', #159, #821 ) ;
#975 = FILL_AREA_STYLE_COLOUR ( '', #1012 ) ;
#976 = AXIS2_PLACEMENT_3D ( 'NONE', #343, #602, #876 ) ;
#977 = ORIENTED_EDGE ( 'NONE', *, *, #936, .F. ) ;
#978 = COLOUR_RGB ( '',0.2509803921568627416, 0.2509803921568627416, 0.2509803921568627416 ) ;
#979 =( NAMED_UNIT ( * ) PLANE_ANGLE_UNIT ( ) SI_UNIT ( $, .RADIAN. ) );
#980 = PRESENTATION_LAYER_ASSIGNMENT (  '', '', ( #1719 ) ) ;
#981 = DIRECTION ( 'NONE',  ( 0.7071067811865475727, 0.0000000000000000000, -0.7071067811865475727 ) ) ;
#982 = VECTOR ( 'NONE', #1258, 1000.000000000000000 ) ;
#983 = CIRCLE ( 'NONE', #1253, 0.2999999999999999334 ) ;
#984 = EDGE_CURVE ( 'NONE', #451, #1749, #89, .T. ) ;
#985 = MECHANICAL_DESIGN_GEOMETRIC_PRESENTATION_REPRESENTATION (  '', ( #904 ), #1228 ) ;
#986 = CYLINDRICAL_SURFACE ( 'NONE', #428, 0.2999999999999999334 ) ;
#987 = EDGE_CURVE ( 'NONE', #573, #709, #811, .T. ) ;
#988 = SURFACE_STYLE_USAGE ( .BOTH. , #1263 ) ;
#989 = DIRECTION ( 'NONE',  ( -1.000000000000000000, 0.0000000000000000000, 5.149613163964000111E-17 ) ) ;
#990 = DIRECTION ( 'NONE',  ( 0.0000000000000000000, 0.0000000000000000000, 1.000000000000000000 ) ) ;
#991 = ORIENTED_EDGE ( 'NONE', *, *, #875, .F. ) ;
#992 = CARTESIAN_POINT ( 'NONE',  ( 0.4000000000000200062, 0.0000000000000000000, -2.000000000000000000 ) ) ;
#993 = ADVANCED_BREP_SHAPE_REPRESENTATION ( '', ( #1301, #101, #702, #1518 ), #282 ) ;
#994 = VERTEX_POINT ( 'NONE', #11 ) ;
#995 = DIRECTION ( 'NONE',  ( 0.0000000000000000000, -0.0000000000000000000, -1.000000000000000000 ) ) ;
#996 = ORIENTED_EDGE ( 'NONE', *, *, #1125, .F. ) ;
#997 = LINE ( 'NONE', #186, #864 ) ;
#998 = SURFACE_STYLE_USAGE ( .BOTH. , #1716 ) ;
#999 =( LENGTH_UNIT ( ) NAMED_UNIT ( * ) SI_UNIT ( .MILLI., .METRE. ) );
#1000 = ORIENTED_EDGE ( 'NONE', *, *, #130, .T. ) ;
#1001 = DIRECTION ( 'NONE',  ( 0.0000000000000000000, 0.0000000000000000000, -1.000000000000000000 ) ) ;
#1002 = ORIENTED_EDGE ( 'NONE', *, *, #23, .T. ) ;
#1003 = PRESENTATION_STYLE_ASSIGNMENT (( #1292 ) ) ;
#1004 =( NAMED_UNIT ( * ) PLANE_ANGLE_UNIT ( ) SI_UNIT ( $, .RADIAN. ) );
#1005 = CARTESIAN_POINT ( 'NONE',  ( 2.250000000000000444, 0.4400000000000000022, 1.250000000000000000 ) ) ;
#1006 = EDGE_LOOP ( 'NONE', ( #585, #1136, #1302, #271 ) ) ;
#1007 = FILL_AREA_STYLE ('',( #290 ) ) ;
#1008 = LINE ( 'NONE', #744, #686 ) ;
#1009 = VECTOR ( 'NONE', #109, 999.9999999999998863 ) ;
#1010 = ADVANCED_FACE ( 'NONE', ( #1388 ), #1236, .T. ) ;
#1011 = ORIENTED_EDGE ( 'NONE', *, *, #933, .T. ) ;
#1012 = COLOUR_RGB ( '',0.7921568627450980005, 0.8196078431372548767, 0.9333333333333333481 ) ;
#1013 = ADVANCED_FACE ( 'NONE', ( #22 ), #678, .F. ) ;
#1014 = MECHANICAL_DESIGN_GEOMETRIC_PRESENTATION_REPRESENTATION (  '', ( #487 ), #346 ) ;
#1015 = ORIENTED_EDGE ( 'NONE', *, *, #1025, .F. ) ;
#1016 = CIRCLE ( 'NONE', #632, 0.09999999999998984701 ) ;
#1017 = SURFACE_STYLE_USAGE ( .BOTH. , #885 ) ;
#1018 = COLOUR_RGB ( '',0.7921568627450980005, 0.8196078431372548767, 0.9333333333333333481 ) ;
#1019 = EDGE_LOOP ( 'NONE', ( #323, #344, #1036, #219 ) ) ;
#1020 = VECTOR ( 'NONE', #1250, 1000.000000000000000 ) ;
#1021 = FILL_AREA_STYLE ('',( #65 ) ) ;
#1022 = FILL_AREA_STYLE ('',( #735 ) ) ;
#1023 = VERTEX_POINT ( 'NONE', #131 ) ;
#1024 = PRESENTATION_STYLE_ASSIGNMENT (( #849 ) ) ;
#1025 = EDGE_CURVE ( 'NONE', #1420, #731, #339, .T. ) ;
#1026 = ORIENTED_EDGE ( 'NONE', *, *, #1453, .F. ) ;
#1027 = SURFACE_STYLE_FILL_AREA ( #600 ) ;
#1028 = DIRECTION ( 'NONE',  ( -0.0000000000000000000, 1.000000000000000000, 0.0000000000000000000 ) ) ;
#1029 = PRESENTATION_STYLE_ASSIGNMENT (( #331 ) ) ;
#1030 = EDGE_LOOP ( 'NONE', ( #190, #1550, #1618, #507 ) ) ;
#1031 = FILL_AREA_STYLE_COLOUR ( '', #693 ) ;
#1032 = DIRECTION ( 'NONE',  ( 1.000000000000000000, -0.0000000000000000000, 0.0000000000000000000 ) ) ;
#1033 = UNCERTAINTY_MEASURE_WITH_UNIT (LENGTH_MEASURE( 1.000000000000000082E-05 ), #128, 'distance_accuracy_value', 'NONE');
#1034 = ORIENTED_EDGE ( 'NONE', *, *, #658, .F. ) ;
#1035 =( NAMED_UNIT ( * ) PLANE_ANGLE_UNIT ( ) SI_UNIT ( $, .RADIAN. ) );
#1036 = ORIENTED_EDGE ( 'NONE', *, *, #506, .T. ) ;
#1037 = FACE_OUTER_BOUND ( 'NONE', #292, .T. ) ;
#1038 = ADVANCED_FACE ( 'NONE', ( #471 ), #1411, .F. ) ;
#1039 =( NAMED_UNIT ( * ) SI_UNIT ( $, .STERADIAN. ) SOLID_ANGLE_UNIT ( ) );
#1040 = EDGE_LOOP ( 'NONE', ( #741, #161, #593, #197 ) ) ;
#1041 =( NAMED_UNIT ( * ) SI_UNIT ( $, .STERADIAN. ) SOLID_ANGLE_UNIT ( ) );
#1042 = CARTESIAN_POINT ( 'NONE',  ( 0.8000000000000000444, 0.4400000000000000022, 0.5054050818269999468 ) ) ;
#1043 =( GEOMETRIC_REPRESENTATION_CONTEXT ( 3 ) GLOBAL_UNCERTAINTY_ASSIGNED_CONTEXT ( ( #1216 ) ) GLOBAL_UNIT_ASSIGNED_CONTEXT ( ( #475, #1191, #1756 ) ) REPRESENTATION_CONTEXT ( 'NONE', 'WORKASPACE' ) );
#1044 = SURFACE_STYLE_FILL_AREA ( #1739 ) ;
#1045 = CARTESIAN_POINT ( 'NONE',  ( -1.500000000000000000, 1.489999999999999991, 0.7454050818270000489 ) ) ;
#1046 = PRESENTATION_LAYER_ASSIGNMENT (  '', '', ( #753 ) ) ;
#1047 = ORIENTED_EDGE ( 'NONE', *, *, #23, .F. ) ;
#1048 = PRODUCT_DEFINITION ( 'UNKNOWN', '', #1784, #1446 ) ;
#1049 = PRESENTATION_LAYER_ASSIGNMENT (  '', '', ( #494 ) ) ;
#1050 = PLANE ( 'NONE',  #1604 ) ;
#1051 = UNCERTAINTY_MEASURE_WITH_UNIT (LENGTH_MEASURE( 1.000000000000000082E-05 ), #1613, 'distance_accuracy_value', 'NONE');
#1052 = AXIS2_PLACEMENT_3D ( 'NONE', #417, #1239, #167 ) ;
#1053 = EDGE_CURVE ( 'NONE', #434, #320, #1016, .T. ) ;
#1054 = ORIENTED_EDGE ( 'NONE', *, *, #1620, .F. ) ;
#1055 = EDGE_CURVE ( 'NONE', #42, #64, #1186, .T. ) ;
#1056 = FILL_AREA_STYLE_COLOUR ( '', #377 ) ;
#1057 = LINE ( 'NONE', #1073, #1629 ) ;
#1058 =( NAMED_UNIT ( * ) SI_UNIT ( $, .STERADIAN. ) SOLID_ANGLE_UNIT ( ) );
#1059 =( LENGTH_UNIT ( ) NAMED_UNIT ( * ) SI_UNIT ( .MILLI., .METRE. ) );
#1060 = DIRECTION ( 'NONE',  ( 0.0000000000000000000, -0.0000000000000000000, -1.000000000000000000 ) ) ;
#1061 =( NAMED_UNIT ( * ) SI_UNIT ( $, .STERADIAN. ) SOLID_ANGLE_UNIT ( ) );
#1062 = FILL_AREA_STYLE ('',( #495 ) ) ;
#1063 = FILL_AREA_STYLE_COLOUR ( '', #255 ) ;
#1064 = DIRECTION ( 'NONE',  ( 1.000000000000000000, 0.0000000000000000000, 0.0000000000000000000 ) ) ;
#1065 = UNCERTAINTY_MEASURE_WITH_UNIT (LENGTH_MEASURE( 1.000000000000000082E-05 ), #406, 'distance_accuracy_value', 'NONE');
#1066 = SURFACE_STYLE_USAGE ( .BOTH. , #1772 ) ;
#1067 = PRESENTATION_STYLE_ASSIGNMENT (( #633 ) ) ;
#1068 = ORIENTED_EDGE ( 'NONE', *, *, #110, .T. ) ;
#1069 = STYLED_ITEM ( 'NONE', ( #1557 ), #241 ) ;
#1070 = STYLED_ITEM ( 'NONE', ( #1614 ), #288 ) ;
#1071 = MECHANICAL_DESIGN_GEOMETRIC_PRESENTATION_REPRESENTATION (  '', ( #1163 ), #199 ) ;
#1072 = EDGE_CURVE ( 'NONE', #841, #332, #1741, .T. ) ;
#1073 = CARTESIAN_POINT ( 'NONE',  ( 1.290000000000000036, 0.0000000000000000000, 2.250000000000000444 ) ) ;
#1074 = VECTOR ( 'NONE', #483, 1000.000000000000000 ) ;
#1075 = LINE ( 'NONE', #1201, #152 ) ;
#1076 = VECTOR ( 'NONE', #1261, 1000.000000000000000 ) ;
#1077 = COLOUR_RGB ( '',0.7921568627450980005, 0.8196078431372548767, 0.9333333333333333481 ) ;
#1078 = LINE ( 'NONE', #1635, #1334 ) ;
#1079 = DIRECTION ( 'NONE',  ( -0.0000000000000000000, -0.0000000000000000000, 1.000000000000000000 ) ) ;
#1080 = PRESENTATION_STYLE_ASSIGNMENT (( #529 ) ) ;
#1081 = SURFACE_STYLE_FILL_AREA ( #1771 ) ;
#1082 = UNCERTAINTY_MEASURE_WITH_UNIT (LENGTH_MEASURE( 1.000000000000000082E-05 ), #1303, 'distance_accuracy_value', 'NONE');
#1083 = SURFACE_STYLE_FILL_AREA ( #1091 ) ;
#1084 = PRESENTATION_STYLE_ASSIGNMENT (( #1668 ) ) ;
#1085 = CYLINDRICAL_SURFACE ( 'NONE', #117, 0.09999999999998984701 ) ;
#1086 = PRESENTATION_STYLE_ASSIGNMENT (( #1467 ) ) ;
#1087 = CARTESIAN_POINT ( 'NONE',  ( -1.500000000000000000, 1.489999999999999991, 0.7454050818270000489 ) ) ;
#1088 = ADVANCED_FACE ( 'NONE', ( #1037 ), #872, .T. ) ;
#1089 = SURFACE_SIDE_STYLE ('',( #564 ) ) ;
#1090 = CARTESIAN_POINT ( 'NONE',  ( -2.095405081827124594, 1.540000000000053104, 1.095405081827249605 ) ) ;
#1091 = FILL_AREA_STYLE ('',( #1503 ) ) ;
#1092 = DIRECTION ( 'NONE',  ( 0.0000000000000000000, 0.0000000000000000000, -1.000000000000000000 ) ) ;
#1093 = VERTEX_POINT ( 'NONE', #1350 ) ;
#1094 = DIRECTION ( 'NONE',  ( -0.7071067811865474617, 0.0000000000000000000, 0.7071067811865474617 ) ) ;
#1095 = DIRECTION ( 'NONE',  ( -0.0000000000000000000, -1.000000000000000000, -0.0000000000000000000 ) ) ;
#1096 = CIRCLE ( 'NONE', #1445, 0.1999999999999999833 ) ;
#1097 = FILL_AREA_STYLE ('',( #301 ) ) ;
#1098 = SURFACE_SIDE_STYLE ('',( #1366 ) ) ;
#1099 = UNCERTAINTY_MEASURE_WITH_UNIT (LENGTH_MEASURE( 1.000000000000000082E-05 ), #1232, 'distance_accuracy_value', 'NONE');
#1100 = AXIS2_PLACEMENT_3D ( 'NONE', #1045, #1194, #785 ) ;
#1101 = EDGE_CURVE ( 'NONE', #1582, #1295, #929, .T. ) ;
#1102 = COLOUR_RGB ( '',0.7921568627450980005, 0.8196078431372548767, 0.9333333333333333481 ) ;
#1103 = CARTESIAN_POINT ( 'NONE',  ( -2.250000000000000444, 0.05000000000000000278, 1.250000000000000000 ) ) ;
#1104 = FACE_OUTER_BOUND ( 'NONE', #1377, .T. ) ;
#1105 = EDGE_CURVE ( 'NONE', #617, #42, #782, .T. ) ;
#1106 = STYLED_ITEM ( 'NONE', ( #1003 ), #1038 ) ;
#1107 = PRODUCT_DEFINITION_SHAPE ( 'NONE', 'NONE',  #1810 ) ;
#1108 = VECTOR ( 'NONE', #133, 1000.000000000000000 ) ;
#1109 = ORIENTED_EDGE ( 'NONE', *, *, #556, .T. ) ;
#1110 = CARTESIAN_POINT ( 'NONE',  ( 0.5000000000000000000, 0.0000000000000000000, -1.600000000000000089 ) ) ;
#1111 = STYLED_ITEM ( 'NONE', ( #1255 ), #1391 ) ;
#1112 = PRODUCT_CONTEXT ( 'NONE', #463, 'mechanical' ) ;
#1113 = FILL_AREA_STYLE_COLOUR ( '', #1281 ) ;
#1114 = DIRECTION ( 'NONE',  ( -0.0000000000000000000, -1.000000000000000000, -0.0000000000000000000 ) ) ;
#1115 = CARTESIAN_POINT ( 'NONE',  ( -1.290000000000000036, 0.4400000000000000022, 2.250000000000000444 ) ) ;
#1116 = CARTESIAN_POINT ( 'NONE',  ( -0.2100000000000000200, 0.4400000000000000022, 2.250000000000000444 ) ) ;
#1117 = SURFACE_STYLE_USAGE ( .BOTH. , #1511 ) ;
#1118 = CARTESIAN_POINT ( 'NONE',  ( -2.250000000000000444, 0.4399999999999999467, -1.250000000000000000 ) ) ;
#1119 = SURFACE_STYLE_FILL_AREA ( #1665 ) ;
#1120 = DIRECTION ( 'NONE',  ( 0.0000000000000000000, -0.0000000000000000000, -1.000000000000000000 ) ) ;
#1121 =( NAMED_UNIT ( * ) PLANE_ANGLE_UNIT ( ) SI_UNIT ( $, .RADIAN. ) );
#1122 = LINE ( 'NONE', #1676, #1384 ) ;
#1123 = ORIENTED_EDGE ( 'NONE', *, *, #764, .F. ) ;
#1124 =( LENGTH_UNIT ( ) NAMED_UNIT ( * ) SI_UNIT ( .MILLI., .METRE. ) );
#1125 = EDGE_CURVE ( 'NONE', #1505, #1295, #147, .T. ) ;
#1126 = CARTESIAN_POINT ( 'NONE',  ( 0.4000000000000200062, 0.4400000000000000022, -2.000000000000000000 ) ) ;
#1127 = VERTEX_POINT ( 'NONE', #649 ) ;
#1128 = AXIS2_PLACEMENT_3D ( 'NONE', #1670, #413, #1094 ) ;
#1129 = LINE ( 'NONE', #427, #319 ) ;
#1130 = STYLED_ITEM ( 'NONE', ( #715 ), #724 ) ;
#1131 = DIRECTION ( 'NONE',  ( -5.149613163964000111E-17, -0.0000000000000000000, -1.000000000000000000 ) ) ;
#1132 = SURFACE_STYLE_USAGE ( .BOTH. , #188 ) ;
#1133 = FILL_AREA_STYLE ('',( #336 ) ) ;
#1134 = VECTOR ( 'NONE', #820, 1000.000000000000000 ) ;
#1135 = VECTOR ( 'NONE', #647, 1000.000000000000000 ) ;
#1136 = ORIENTED_EDGE ( 'NONE', *, *, #184, .F. ) ;
#1137 =( GEOMETRIC_REPRESENTATION_CONTEXT ( 3 ) GLOBAL_UNCERTAINTY_ASSIGNED_CONTEXT ( ( #1157 ) ) GLOBAL_UNIT_ASSIGNED_CONTEXT ( ( #1144, #1004, #70 ) ) REPRESENTATION_CONTEXT ( 'NONE', 'WORKASPACE' ) );
#1138 = PRESENTATION_STYLE_ASSIGNMENT (( #1272 ) ) ;
#1139 = CARTESIAN_POINT ( 'NONE',  ( -2.250000000000000444, 0.05000000000000000278, -1.250000000000000000 ) ) ;
#1140 = DIRECTION ( 'NONE',  ( -0.0000000000000000000, -1.000000000000000000, 0.0000000000000000000 ) ) ;
#1141 = ORIENTED_EDGE ( 'NONE', *, *, #1390, .T. ) ;
#1142 = ORIENTED_EDGE ( 'NONE', *, *, #658, .T. ) ;
#1143 = CARTESIAN_POINT ( 'NONE',  ( 1.709999999999999964, 0.4400000000000000022, 1.095405081827000027 ) ) ;
#1144 =( LENGTH_UNIT ( ) NAMED_UNIT ( * ) SI_UNIT ( .MILLI., .METRE. ) );
#1145 = DIRECTION ( 'NONE',  ( -0.1391731009599420921, 0.9902680687415877925, 0.0000000000000000000 ) ) ;
#1146 = ORIENTED_EDGE ( 'NONE', *, *, #1235, .F. ) ;
#1147 = ADVANCED_FACE ( 'NONE', ( #1768 ), #1506, .T. ) ;
#1148 = CARTESIAN_POINT ( 'NONE',  ( -0.4000000000000050182, 0.4400000000000000022, -2.000000000000000000 ) ) ;
#1149 = DIRECTION ( 'NONE',  ( -0.0000000000000000000, -1.000000000000000000, -0.0000000000000000000 ) ) ;
#1150 = LINE ( 'NONE', #1705, #485 ) ;
#1151 = ADVANCED_FACE ( 'NONE', ( #1637 ), #661, .T. ) ;
#1152 = ORIENTED_EDGE ( 'NONE', *, *, #1478, .T. ) ;
#1153 = ORIENTED_EDGE ( 'NONE', *, *, #78, .F. ) ;
#1154 = SHAPE_REPRESENTATION ( 'User Library-SOT89-3', ( #604, #1392, #603 ), #401 ) ;
#1155 =( NAMED_UNIT ( * ) PLANE_ANGLE_UNIT ( ) SI_UNIT ( $, .RADIAN. ) );
#1156 = VECTOR ( 'NONE', #519, 1000.000000000000000 ) ;
#1157 = UNCERTAINTY_MEASURE_WITH_UNIT (LENGTH_MEASURE( 1.000000000000000082E-05 ), #1144, 'distance_accuracy_value', 'NONE');
#1158 = CARTESIAN_POINT ( 'NONE',  ( -1.709999999999999964, 0.4400000000000000022, 2.250000000000000444 ) ) ;
#1159 = VERTEX_POINT ( 'NONE', #557 ) ;
#1160 = SURFACE_SIDE_STYLE ('',( #1449 ) ) ;
#1161 = CARTESIAN_POINT ( 'NONE',  ( -0.2100000000000000200, -7.228014483236695816E-17, 1.095405081827000027 ) ) ;
#1162 = CARTESIAN_POINT ( 'NONE',  ( -2.250000000000000444, 0.05000000000000000278, 1.250000000000000000 ) ) ;
#1163 = STYLED_ITEM ( 'NONE', ( #1807 ), #349 ) ;
#1164 = EDGE_LOOP ( 'NONE', ( #899, #844, #1408, #1047 ) ) ;
#1165 = DIRECTION ( 'NONE',  ( 1.000000000000000000, 0.0000000000000000000, 0.0000000000000000000 ) ) ;
#1166 = AXIS2_PLACEMENT_3D ( 'NONE', #1087, #1623, #240 ) ;
#1167 = PRODUCT_DEFINITION_SHAPE ( 'NONE', 'NONE',  #1219 ) ;
#1168 = EDGE_LOOP ( 'NONE', ( #443, #1425, #808, #439 ) ) ;
#1169 = CARTESIAN_POINT ( 'NONE',  ( 0.2099999999999999645, 0.4400000000000000022, 1.095405081827000027 ) ) ;
#1170 = PRESENTATION_LAYER_ASSIGNMENT (  '', '', ( #900 ) ) ;
#1171 =( GEOMETRIC_REPRESENTATION_CONTEXT ( 3 ) GLOBAL_UNCERTAINTY_ASSIGNED_CONTEXT ( ( #387 ) ) GLOBAL_UNIT_ASSIGNED_CONTEXT ( ( #1357, #1196, #1061 ) ) REPRESENTATION_CONTEXT ( 'NONE', 'WORKASPACE' ) );
#1172 = PLANE ( 'NONE',  #976 ) ;
#1173 = ORIENTED_EDGE ( 'NONE', *, *, #1659, .T. ) ;
#1174 = COLOUR_RGB ( '',0.7921568627450980005, 0.8196078431372548767, 0.9333333333333333481 ) ;
#1175 = DIRECTION ( 'NONE',  ( -0.7071067811865474617, 0.0000000000000000000, 0.7071067811865476838 ) ) ;
#1176 = ORIENTED_EDGE ( 'NONE', *, *, #639, .F. ) ;
#1177 = DIRECTION ( 'NONE',  ( -1.000000000000000000, 0.0000000000000000000, -0.0000000000000000000 ) ) ;
#1178 = VERTEX_POINT ( 'NONE', #1805 ) ;
#1179 = DIRECTION ( 'NONE',  ( -0.0000000000000000000, 0.0000000000000000000, 1.000000000000000000 ) ) ;
#1180 = EDGE_LOOP ( 'NONE', ( #1433, #851, #1348, #660 ) ) ;
#1181 = CARTESIAN_POINT ( 'NONE',  ( 2.095405081827124594, 1.540000000000035341, -1.095405081827124816 ) ) ;
#1182 = FILL_AREA_STYLE ('',( #347 ) ) ;
#1183 = UNCERTAINTY_MEASURE_WITH_UNIT (LENGTH_MEASURE( 1.000000000000000082E-05 ), #691, 'distance_accuracy_value', 'NONE');
#1184 = FACE_OUTER_BOUND ( 'NONE', #1661, .T. ) ;
#1185 = DIRECTION ( 'NONE',  ( 0.0000000000000000000, 1.000000000000000000, 0.0000000000000000000 ) ) ;
#1186 = LINE ( 'NONE', #40, #1783 ) ;
#1187 = EDGE_CURVE ( 'NONE', #1749, #573, #1424, .T. ) ;
#1188 = CARTESIAN_POINT ( 'NONE',  ( 1.290000000000000036, 0.0000000000000000000, 1.095405081827000027 ) ) ;
#1189 = ORIENTED_EDGE ( 'NONE', *, *, #943, .T. ) ;
#1190 = CARTESIAN_POINT ( 'NONE',  ( -2.250000000000000444, 0.05000000000000000278, 1.250000000000000000 ) ) ;
#1191 =( NAMED_UNIT ( * ) PLANE_ANGLE_UNIT ( ) SI_UNIT ( $, .RADIAN. ) );
#1192 = CARTESIAN_POINT ( 'NONE',  ( -0.2100000000000000200, 0.0000000000000000000, -1.600000000000000089 ) ) ;
#1193 = PRESENTATION_LAYER_ASSIGNMENT (  '', '', ( #170 ) ) ;
#1194 = DIRECTION ( 'NONE',  ( 0.0000000000000000000, 1.000000000000000000, 0.0000000000000000000 ) ) ;
#1195 = AXIS2_PLACEMENT_3D ( 'NONE', #945, #1383, #1809 ) ;
#1196 =( NAMED_UNIT ( * ) PLANE_ANGLE_UNIT ( ) SI_UNIT ( $, .RADIAN. ) );
#1197 = COLOUR_RGB ( '',0.7921568627450980005, 0.8196078431372548767, 0.9333333333333333481 ) ;
#1198 = AXIS2_PLACEMENT_3D ( 'NONE', #409, #432, #995 ) ;
#1199 = VECTOR ( 'NONE', #1095, 1000.000000000000000 ) ;
#1200 = AXIS2_PLACEMENT_3D ( 'NONE', #1110, #1244, #947 ) ;
#1201 = CARTESIAN_POINT ( 'NONE',  ( 1.290000000000000036, 0.4400000000000000022, 1.095405081827000027 ) ) ;
#1202 = SURFACE_SIDE_STYLE ('',( #81 ) ) ;
#1203 = UNCERTAINTY_MEASURE_WITH_UNIT (LENGTH_MEASURE( 1.000000000000000082E-05 ), #1595, 'distance_accuracy_value', 'NONE');
#1204 = STYLED_ITEM ( 'NONE', ( #1639 ), #1695 ) ;
#1205 = PLANE ( 'NONE',  #1221 ) ;
#1206 = CARTESIAN_POINT ( 'NONE',  ( 1.709999999999999964, 0.0000000000000000000, 2.250000000000000444 ) ) ;
#1207 =( LENGTH_UNIT ( ) NAMED_UNIT ( * ) SI_UNIT ( .MILLI., .METRE. ) );
#1208 = DIRECTION ( 'NONE',  ( 0.0000000000000000000, 0.0000000000000000000, 1.000000000000000000 ) ) ;
#1209 = DIRECTION ( 'NONE',  ( -0.0000000000000000000, -1.000000000000000000, -0.0000000000000000000 ) ) ;
#1210 = ORIENTED_EDGE ( 'NONE', *, *, #138, .F. ) ;
#1211 =( NAMED_UNIT ( * ) SI_UNIT ( $, .STERADIAN. ) SOLID_ANGLE_UNIT ( ) );
#1212 = EDGE_CURVE ( 'NONE', #58, #1289, #548, .T. ) ;
#1213 =( LENGTH_UNIT ( ) NAMED_UNIT ( * ) SI_UNIT ( .MILLI., .METRE. ) );
#1214 = CARTESIAN_POINT ( 'NONE',  ( 0.4000000000000000222, 0.4400000000000000022, -2.000000000000000000 ) ) ;
#1215 = CARTESIAN_POINT ( 'NONE',  ( 0.2100000000000000200, 0.4400000000000000022, 2.250000000000000444 ) ) ;
#1216 = UNCERTAINTY_MEASURE_WITH_UNIT (LENGTH_MEASURE( 1.000000000000000082E-05 ), #475, 'distance_accuracy_value', 'NONE');
#1217 =( NAMED_UNIT ( * ) PLANE_ANGLE_UNIT ( ) SI_UNIT ( $, .RADIAN. ) );
#1218 =( NAMED_UNIT ( * ) SI_UNIT ( $, .STERADIAN. ) SOLID_ANGLE_UNIT ( ) );
#1219 = PRODUCT_DEFINITION ( 'UNKNOWN', '', #1541, #1468 ) ;
#1220 = FACE_OUTER_BOUND ( 'NONE', #71, .T. ) ;
#1221 = AXIS2_PLACEMENT_3D ( 'NONE', #1116, #1092, #1794 ) ;
#1222 = CARTESIAN_POINT ( 'NONE',  ( -0.5000000000000000000, 0.4400000000000000022, -1.600000000000000089 ) ) ;
#1223 = SHAPE_REPRESENTATION_RELATIONSHIP ( 'NONE' , 'NONE' ,  #1712, #1588 ) ;
#1224 = FILL_AREA_STYLE ('',( #1760 ) ) ;
#1225 = MECHANICAL_DESIGN_GEOMETRIC_PRESENTATION_REPRESENTATION (  '', ( #1519 ), #1752 ) ;
#1226 = PRESENTATION_STYLE_ASSIGNMENT (( #244 ) ) ;
#1227 = SURFACE_STYLE_FILL_AREA ( #697 ) ;
#1228 =( GEOMETRIC_REPRESENTATION_CONTEXT ( 3 ) GLOBAL_UNCERTAINTY_ASSIGNED_CONTEXT ( ( #712 ) ) GLOBAL_UNIT_ASSIGNED_CONTEXT ( ( #1684, #1651, #551 ) ) REPRESENTATION_CONTEXT ( 'NONE', 'WORKASPACE' ) );
#1229 = EDGE_CURVE ( 'NONE', #58, #42, #1234, .T. ) ;
#1230 = CARTESIAN_POINT ( 'NONE',  ( -1.500000000000000000, 1.489999999999999991, 0.7454050818270000489 ) ) ;
#1231 = UNCERTAINTY_MEASURE_WITH_UNIT (LENGTH_MEASURE( 1.000000000000000082E-05 ), #1359, 'distance_accuracy_value', 'NONE');
#1232 =( LENGTH_UNIT ( ) NAMED_UNIT ( * ) SI_UNIT ( .MILLI., .METRE. ) );
#1233 = PLANE ( 'NONE',  #1128 ) ;
#1234 = LINE ( 'NONE', #9, #550 ) ;
#1235 = EDGE_CURVE ( 'NONE', #1420, #189, #1796, .T. ) ;
#1236 = PLANE ( 'NONE',  #260 ) ;
#1237 = PRODUCT_DEFINITION_SHAPE ( 'NONE', 'NONE',  #1811 ) ;
#1238 = EDGE_CURVE ( 'NONE', #1713, #1438, #408, .T. ) ;
#1239 = DIRECTION ( 'NONE',  ( -0.0000000000000000000, -1.000000000000000000, -0.0000000000000000000 ) ) ;
#1240 = FACE_OUTER_BOUND ( 'NONE', #1315, .T. ) ;
#1241 = STYLED_ITEM ( 'NONE', ( #245 ), #74 ) ;
#1242 = ORIENTED_EDGE ( 'NONE', *, *, #1212, .F. ) ;
#1243 = SURFACE_SIDE_STYLE ('',( #676 ) ) ;
#1244 = DIRECTION ( 'NONE',  ( 0.0000000000000000000, -1.000000000000000000, 0.0000000000000000000 ) ) ;
#1245 = COLOUR_RGB ( '',0.7921568627450980005, 0.8196078431372548767, 0.9333333333333333481 ) ;
#1246 = PRESENTATION_STYLE_ASSIGNMENT (( #850 ) ) ;
#1247 = SURFACE_STYLE_USAGE ( .BOTH. , #234 ) ;
#1248 = STYLED_ITEM ( 'NONE', ( #508 ), #702 ) ;
#1249 = STYLED_ITEM ( 'NONE', ( #67 ), #812 ) ;
#1250 = DIRECTION ( 'NONE',  ( -0.0000000000000000000, -0.0000000000000000000, 1.000000000000000000 ) ) ;
#1251 = AXIS2_PLACEMENT_3D ( 'NONE', #1682, #1673, #960 ) ;
#1252 = FILL_AREA_STYLE ('',( #1063 ) ) ;
#1253 = AXIS2_PLACEMENT_3D ( 'NONE', #1755, #1493, #80 ) ;
#1254 = CARTESIAN_POINT ( 'NONE',  ( 0.0000000000000000000, 0.0000000000000000000, 0.0000000000000000000 ) ) ;
#1255 = PRESENTATION_STYLE_ASSIGNMENT (( #988 ) ) ;
#1256 = CARTESIAN_POINT ( 'NONE',  ( -1.709999999999999964, 0.4400000000000000022, 1.095405081827000027 ) ) ;
#1257 = ADVANCED_FACE ( 'NONE', ( #690 ), #832, .F. ) ;
#1258 = DIRECTION ( 'NONE',  ( 0.0000000000000000000, 1.000000000000000000, 0.0000000000000000000 ) ) ;
#1259 = APPLICATION_PROTOCOL_DEFINITION ( 'draft international standard', 'automotive_design', 1998, #527 ) ;
#1260 =( NAMED_UNIT ( * ) SI_UNIT ( $, .STERADIAN. ) SOLID_ANGLE_UNIT ( ) );
#1261 = DIRECTION ( 'NONE',  ( -0.0000000000000000000, 0.0000000000000000000, 1.000000000000000000 ) ) ;
#1262 = ORIENTED_EDGE ( 'NONE', *, *, #230, .T. ) ;
#1263 = SURFACE_SIDE_STYLE ('',( #436 ) ) ;
#1264 = DIRECTION ( 'NONE',  ( -0.0000000000000000000, 0.0000000000000000000, 1.000000000000000000 ) ) ;
#1265 =( NAMED_UNIT ( * ) SI_UNIT ( $, .STERADIAN. ) SOLID_ANGLE_UNIT ( ) );
#1266 = ORIENTED_EDGE ( 'NONE', *, *, #1478, .F. ) ;
#1267 = SURFACE_STYLE_USAGE ( .BOTH. , #1243 ) ;
#1268 = ORIENTED_EDGE ( 'NONE', *, *, #1187, .F. ) ;
#1269 =( NAMED_UNIT ( * ) PLANE_ANGLE_UNIT ( ) SI_UNIT ( $, .RADIAN. ) );
#1270 = VECTOR ( 'NONE', #1140, 1000.000000000000000 ) ;
#1271 = PRESENTATION_LAYER_ASSIGNMENT (  '', '', ( #253 ) ) ;
#1272 = SURFACE_STYLE_USAGE ( .BOTH. , #207 ) ;
#1273 = ORIENTED_EDGE ( 'NONE', *, *, #1283, .T. ) ;
#1274 = DIRECTION ( 'NONE',  ( 0.0000000000000000000, -0.0000000000000000000, -1.000000000000000000 ) ) ;
#1275 = VECTOR ( 'NONE', #220, 1000.000000000000000 ) ;
#1276 =( NAMED_UNIT ( * ) SI_UNIT ( $, .STERADIAN. ) SOLID_ANGLE_UNIT ( ) );
#1277 = MECHANICAL_DESIGN_GEOMETRIC_PRESENTATION_REPRESENTATION (  '', ( #281 ), #720 ) ;
#1278 = EDGE_LOOP ( 'NONE', ( #38, #1002, #500, #1455 ) ) ;
#1279 = PRESENTATION_LAYER_ASSIGNMENT (  '', '', ( #664 ) ) ;
#1280 =( NAMED_UNIT ( * ) SI_UNIT ( $, .STERADIAN. ) SOLID_ANGLE_UNIT ( ) );
#1281 = COLOUR_RGB ( '',0.7921568627450980005, 0.8196078431372548767, 0.9333333333333333481 ) ;
#1282 = ORIENTED_EDGE ( 'NONE', *, *, #435, .T. ) ;
#1283 = EDGE_CURVE ( 'NONE', #1289, #868, #392, .T. ) ;
#1284 = FILL_AREA_STYLE_COLOUR ( '', #1077 ) ;
#1285 = VECTOR ( 'NONE', #468, 1000.000000000000000 ) ;
#1286 = EDGE_LOOP ( 'NONE', ( #1015, #61, #185, #991 ) ) ;
#1287 = LINE ( 'NONE', #1580, #745 ) ;
#1288 = PLANE ( 'NONE',  #1487 ) ;
#1289 = VERTEX_POINT ( 'NONE', #1118 ) ;
#1290 = SURFACE_SIDE_STYLE ('',( #1409 ) ) ;
#1291 = EDGE_LOOP ( 'NONE', ( #1692, #1725, #1311, #1729 ) ) ;
#1292 = SURFACE_STYLE_USAGE ( .BOTH. , #583 ) ;
#1293 = ADVANCED_FACE ( 'NONE', ( #1398 ), #1533, .F. ) ;
#1294 = FACE_OUTER_BOUND ( 'NONE', #1168, .T. ) ;
#1295 = VERTEX_POINT ( 'NONE', #107 ) ;
#1296 = EDGE_CURVE ( 'NONE', #1470, #596, #254, .T. ) ;
#1297 = LINE ( 'NONE', #594, #1285 ) ;
#1298 = CARTESIAN_POINT ( 'NONE',  ( -0.2100000000000000200, 0.4400000000000000022, 1.095405081827000027 ) ) ;
#1299 = DIRECTION ( 'NONE',  ( -0.0000000000000000000, 0.0000000000000000000, 1.000000000000000000 ) ) ;
#1300 = DIRECTION ( 'NONE',  ( -0.0000000000000000000, -1.000000000000000000, -0.0000000000000000000 ) ) ;
#1301 = MANIFOLD_SOLID_BREP ( 'Imported1', #650 ) ;
#1302 = ORIENTED_EDGE ( 'NONE', *, *, #263, .F. ) ;
#1303 =( LENGTH_UNIT ( ) NAMED_UNIT ( * ) SI_UNIT ( .MILLI., .METRE. ) );
#1304 = VECTOR ( 'NONE', #580, 1000.000000000000000 ) ;
#1305 = FILL_AREA_STYLE ('',( #740 ) ) ;
#1306 = PRESENTATION_LAYER_ASSIGNMENT (  '', '', ( #1070 ) ) ;
#1307 = SURFACE_STYLE_FILL_AREA ( #1182 ) ;
#1308 = UNCERTAINTY_MEASURE_WITH_UNIT (LENGTH_MEASURE( 1.000000000000000082E-05 ), #610, 'distance_accuracy_value', 'NONE');
#1309 = PLANE ( 'NONE',  #1517 ) ;
#1310 = PRESENTATION_LAYER_ASSIGNMENT (  '', '', ( #653 ) ) ;
#1311 = ORIENTED_EDGE ( 'NONE', *, *, #984, .F. ) ;
#1312 = CARTESIAN_POINT ( 'NONE',  ( 2.250000000000000444, 0.4400000000000000022, 1.250000000000000000 ) ) ;
#1313 = PRESENTATION_LAYER_ASSIGNMENT (  '', '', ( #281 ) ) ;
#1314 = AXIS2_PLACEMENT_3D ( 'NONE', #1222, #765, #793 ) ;
#1315 = EDGE_LOOP ( 'NONE', ( #996, #1000, #668, #474 ) ) ;
#1316 = PRESENTATION_LAYER_ASSIGNMENT (  '', '', ( #1656 ) ) ;
#1317 = FACE_OUTER_BOUND ( 'NONE', #1410, .T. ) ;
#1318 = PRESENTATION_LAYER_ASSIGNMENT (  '', '', ( #1111 ) ) ;
#1319 = ORIENTED_EDGE ( 'NONE', *, *, #1529, .F. ) ;
#1320 = FILL_AREA_STYLE ('',( #755 ) ) ;
#1321 = EDGE_CURVE ( 'NONE', #64, #32, #1347, .T. ) ;
#1322 = ORIENTED_EDGE ( 'NONE', *, *, #215, .T. ) ;
#1323 = CARTESIAN_POINT ( 'NONE',  ( -0.2100000000000000200, 0.0000000000000000000, 1.095405081827000027 ) ) ;
#1324 = ADVANCED_FACE ( 'NONE', ( #1789 ), #1354, .F. ) ;
#1325 = DIRECTION ( 'NONE',  ( 0.0000000000000000000, 1.000000000000000000, 0.0000000000000000000 ) ) ;
#1326 = VERTEX_POINT ( 'NONE', #1406 ) ;
#1327 = SURFACE_STYLE_USAGE ( .BOTH. , #488 ) ;
#1328 = UNCERTAINTY_MEASURE_WITH_UNIT (LENGTH_MEASURE( 1.000000000000000082E-05 ), #587, 'distance_accuracy_value', 'NONE');
#1329 = LINE ( 'NONE', #1591, #77 ) ;
#1330 = CARTESIAN_POINT ( 'NONE',  ( 1.709999999999999964, 0.0000000000000000000, 1.095405081827000027 ) ) ;
#1331 = CARTESIAN_POINT ( 'NONE',  ( -0.5000000000000000000, 0.4400000000000000022, -2.000000000000000000 ) ) ;
#1332 = SURFACE_SIDE_STYLE ('',( #1469 ) ) ;
#1333 = FACE_OUTER_BOUND ( 'NONE', #1164, .T. ) ;
#1334 = VECTOR ( 'NONE', #28, 1000.000000000000000 ) ;
#1335 = SURFACE_STYLE_FILL_AREA ( #1793 ) ;
#1336 = CARTESIAN_POINT ( 'NONE',  ( -2.250000000000000444, 0.05000000000000000278, 1.250000000000000000 ) ) ;
#1337 = SURFACE_STYLE_FILL_AREA ( #352 ) ;
#1338 = MECHANICAL_DESIGN_GEOMETRIC_PRESENTATION_REPRESENTATION (  '', ( #1681 ), #368 ) ;
#1339 = MECHANICAL_DESIGN_GEOMETRIC_PRESENTATION_REPRESENTATION (  '', ( #653 ), #1714 ) ;
#1340 = DIRECTION ( 'NONE',  ( -0.0000000000000000000, -1.000000000000000000, -0.0000000000000000000 ) ) ;
#1341 = AXIS2_PLACEMENT_3D ( 'NONE', #1474, #1615, #218 ) ;
#1342 = SHAPE_REPRESENTATION_RELATIONSHIP ( 'NONE' , 'NONE' ,  #524, #993 ) ;
#1343 = DIRECTION ( 'NONE',  ( -0.0000000000000000000, -1.000000000000000000, -0.0000000000000000000 ) ) ;
#1344 = MECHANICAL_DESIGN_GEOMETRIC_PRESENTATION_REPRESENTATION (  '', ( #424 ), #1491 ) ;
#1345 =( GEOMETRIC_REPRESENTATION_CONTEXT ( 3 ) GLOBAL_UNCERTAINTY_ASSIGNED_CONTEXT ( ( #605 ) ) GLOBAL_UNIT_ASSIGNED_CONTEXT ( ( #918, #86, #1774 ) ) REPRESENTATION_CONTEXT ( 'NONE', 'WORKASPACE' ) );
#1346 = EDGE_CURVE ( 'NONE', #913, #332, #1375, .T. ) ;
#1347 = LINE ( 'NONE', #97, #1135 ) ;
#1348 = ORIENTED_EDGE ( 'NONE', *, *, #1797, .F. ) ;
#1349 = FILL_AREA_STYLE ('',( #780 ) ) ;
#1350 = CARTESIAN_POINT ( 'NONE',  ( 1.709999999999999964, 0.4400000000000000022, 1.095405081827000027 ) ) ;
#1351 = EDGE_CURVE ( 'NONE', #32, #58, #27, .T. ) ;
#1352 =( NAMED_UNIT ( * ) PLANE_ANGLE_UNIT ( ) SI_UNIT ( $, .RADIAN. ) );
#1353 = CARTESIAN_POINT ( 'NONE',  ( -1.709999999999999964, 0.0000000000000000000, 1.095405081827000027 ) ) ;
#1354 = PLANE ( 'NONE',  #91 ) ;
#1355 = ORIENTED_EDGE ( 'NONE', *, *, #1321, .T. ) ;
#1356 = CARTESIAN_POINT ( 'NONE',  ( -0.7999999999999999334, 0.0000000000000000000, -1.600000000000000089 ) ) ;
#1357 =( LENGTH_UNIT ( ) NAMED_UNIT ( * ) SI_UNIT ( .MILLI., .METRE. ) );
#1358 = SURFACE_STYLE_FILL_AREA ( #1062 ) ;
#1359 =( LENGTH_UNIT ( ) NAMED_UNIT ( * ) SI_UNIT ( .MILLI., .METRE. ) );
#1360 = UNCERTAINTY_MEASURE_WITH_UNIT (LENGTH_MEASURE( 1.000000000000000082E-05 ), #505, 'distance_accuracy_value', 'NONE');
#1361 = VECTOR ( 'NONE', #211, 1000.000000000000000 ) ;
#1362 = SURFACE_STYLE_FILL_AREA ( #221 ) ;
#1363 = AXIS2_PLACEMENT_3D ( 'NONE', #1636, #1750, #1060 ) ;
#1364 = CONTEXT_DEPENDENT_SHAPE_REPRESENTATION ( #558, #1107 ) ;
#1365 =( GEOMETRIC_REPRESENTATION_CONTEXT ( 3 ) GLOBAL_UNCERTAINTY_ASSIGNED_CONTEXT ( ( #1788 ) ) GLOBAL_UNIT_ASSIGNED_CONTEXT ( ( #1655, #961, #112 ) ) REPRESENTATION_CONTEXT ( 'NONE', 'WORKASPACE' ) );
#1366 = SURFACE_STYLE_FILL_AREA ( #951 ) ;
#1367 = FILL_AREA_STYLE_COLOUR ( '', #852 ) ;
#1368 = VECTOR ( 'NONE', #503, 1000.000000000000000 ) ;
#1369 = EDGE_CURVE ( 'NONE', #881, #1159, #1129, .T. ) ;
#1370 = ORIENTED_EDGE ( 'NONE', *, *, #1585, .T. ) ;
#1371 = DIRECTION ( 'NONE',  ( 0.7071067811865474617, -0.0000000000000000000, -0.7071067811865474617 ) ) ;
#1372 = EDGE_CURVE ( 'NONE', #1127, #1758, #296, .T. ) ;
#1373 = CARTESIAN_POINT ( 'NONE',  ( -0.7999999999999999334, 0.0000000000000000000, -1.600000000000000089 ) ) ;
#1374 = UNCERTAINTY_MEASURE_WITH_UNIT (LENGTH_MEASURE( 1.000000000000000082E-05 ), #370, 'distance_accuracy_value', 'NONE');
#1375 = LINE ( 'NONE', #1688, #1108 ) ;
#1376 = PRESENTATION_STYLE_ASSIGNMENT (( #1117 ) ) ;
#1377 = EDGE_LOOP ( 'NONE', ( #1266, #407, #1068, #1319 ) ) ;
#1378 = CARTESIAN_POINT ( 'NONE',  ( -2.250000000000000444, 0.4400000000000000022, -1.250000000000000000 ) ) ;
#1379 = PRODUCT_CONTEXT ( 'NONE', #100, 'mechanical' ) ;
#1380 = FACE_OUTER_BOUND ( 'NONE', #1566, .T. ) ;
#1381 = CARTESIAN_POINT ( 'NONE',  ( 0.2099999999999999645, 0.4399999999999999467, 1.095405081827000027 ) ) ;
#1382 = LINE ( 'NONE', #544, #416 ) ;
#1383 = DIRECTION ( 'NONE',  ( 1.032573497605000044E-15, 0.0000000000000000000, -1.000000000000000000 ) ) ;
#1384 = VECTOR ( 'NONE', #1131, 1000.000000000000000 ) ;
#1385 = ORIENTED_EDGE ( 'NONE', *, *, #848, .T. ) ;
#1386 = DIRECTION ( 'NONE',  ( 1.000000000000000000, -0.0000000000000000000, 1.032573497605000044E-15 ) ) ;
#1387 = AXIS2_PLACEMENT_3D ( 'NONE', #1654, #646, #682 ) ;
#1388 = FACE_OUTER_BOUND ( 'NONE', #1040, .T. ) ;
#1389 = COLOUR_RGB ( '',0.7921568627450980005, 0.8196078431372548767, 0.9333333333333333481 ) ;
#1390 = EDGE_CURVE ( 'NONE', #32, #1758, #579, .T. ) ;
#1391 = ADVANCED_FACE ( 'NONE', ( #968 ), #826, .T. ) ;
#1392 = AXIS2_PLACEMENT_3D ( 'NONE', #1631, #525, #916 ) ;
#1393 = FILL_AREA_STYLE ('',( #262 ) ) ;
#1394 =( GEOMETRIC_REPRESENTATION_CONTEXT ( 3 ) GLOBAL_UNCERTAINTY_ASSIGNED_CONTEXT ( ( #212 ) ) GLOBAL_UNIT_ASSIGNED_CONTEXT ( ( #1509, #289, #1548 ) ) REPRESENTATION_CONTEXT ( 'NONE', 'WORKASPACE' ) );
#1395 =( GEOMETRIC_REPRESENTATION_CONTEXT ( 3 ) GLOBAL_UNCERTAINTY_ASSIGNED_CONTEXT ( ( #1731 ) ) GLOBAL_UNIT_ASSIGNED_CONTEXT ( ( #845, #1121, #1675 ) ) REPRESENTATION_CONTEXT ( 'NONE', 'WORKASPACE' ) );
#1396 = ORIENTED_EDGE ( 'NONE', *, *, #1212, .T. ) ;
#1397 = LINE ( 'NONE', #539, #651 ) ;
#1398 = FACE_OUTER_BOUND ( 'NONE', #1286, .T. ) ;
#1399 = VECTOR ( 'NONE', #1064, 1000.000000000000000 ) ;
#1400 = CARTESIAN_POINT ( 'NONE',  ( 1.290000000000000036, 0.4400000000000000022, 2.250000000000000444 ) ) ;
#1401 = LINE ( 'NONE', #595, #1270 ) ;
#1402 =( LENGTH_UNIT ( ) NAMED_UNIT ( * ) SI_UNIT ( .MILLI., .METRE. ) );
#1403 = ORIENTED_EDGE ( 'NONE', *, *, #1351, .T. ) ;
#1404 = SURFACE_STYLE_USAGE ( .BOTH. , #1089 ) ;
#1405 = ORIENTED_EDGE ( 'NONE', *, *, #1238, .T. ) ;
#1406 = CARTESIAN_POINT ( 'NONE',  ( -1.709999999999999964, 0.0000000000000000000, 2.250000000000000444 ) ) ;
#1407 = DIRECTION ( 'NONE',  ( 1.000000000000000000, 0.0000000000000000000, -1.408548775966000070E-16 ) ) ;
#1408 = ORIENTED_EDGE ( 'NONE', *, *, #553, .T. ) ;
#1409 = SURFACE_STYLE_FILL_AREA ( #1133 ) ;
#1410 = EDGE_LOOP ( 'NONE', ( #730, #760, #484, #893 ) ) ;
#1411 = PLANE ( 'NONE',  #1422 ) ;
#1412 =( GEOMETRIC_REPRESENTATION_CONTEXT ( 3 ) GLOBAL_UNCERTAINTY_ASSIGNED_CONTEXT ( ( #1065 ) ) GLOBAL_UNIT_ASSIGNED_CONTEXT ( ( #406, #939, #126 ) ) REPRESENTATION_CONTEXT ( 'NONE', 'WORKASPACE' ) );
#1413 = MECHANICAL_DESIGN_GEOMETRIC_PRESENTATION_REPRESENTATION (  '', ( #1070 ), #19 ) ;
#1414 = ORIENTED_EDGE ( 'NONE', *, *, #398, .T. ) ;
#1415 = AXIS2_PLACEMENT_3D ( 'NONE', #300, #1734, #430 ) ;
#1416 = SURFACE_STYLE_USAGE ( .BOTH. , #1160 ) ;
#1417 =( NAMED_UNIT ( * ) PLANE_ANGLE_UNIT ( ) SI_UNIT ( $, .RADIAN. ) );
#1418 = DIRECTION ( 'NONE',  ( -0.0000000000000000000, -1.000000000000000000, -0.0000000000000000000 ) ) ;
#1419 =( GEOMETRIC_REPRESENTATION_CONTEXT ( 3 ) GLOBAL_UNCERTAINTY_ASSIGNED_CONTEXT ( ( #355 ) ) GLOBAL_UNIT_ASSIGNED_CONTEXT ( ( #1059, #517, #213 ) ) REPRESENTATION_CONTEXT ( 'NONE', 'WORKASPACE' ) );
#1420 = VERTEX_POINT ( 'NONE', #1381 ) ;
#1421 = CARTESIAN_POINT ( 'NONE',  ( 2.250000000000000444, 0.4400000000000000022, 1.250000000000000000 ) ) ;
#1422 = AXIS2_PLACEMENT_3D ( 'NONE', #1143, #1701, #860 ) ;
#1423 = PRODUCT_RELATED_PRODUCT_CATEGORY ( 'part', '', ( #1718 ) ) ;
#1424 = CIRCLE ( 'NONE', #286, 0.2999999999999999334 ) ;
#1425 = ORIENTED_EDGE ( 'NONE', *, *, #858, .F. ) ;
#1426 = DIRECTION ( 'NONE',  ( -0.0000000000000000000, 0.0000000000000000000, 1.000000000000000000 ) ) ;
#1427 = PRESENTATION_LAYER_ASSIGNMENT (  '', '', ( #1204 ) ) ;
#1428 = EDGE_CURVE ( 'NONE', #1749, #634, #973, .T. ) ;
#1429 =( NAMED_UNIT ( * ) SI_UNIT ( $, .STERADIAN. ) SOLID_ANGLE_UNIT ( ) );
#1430 = CARTESIAN_POINT ( 'NONE',  ( -2.250000000000000444, 1.540000000000070646, -1.095405081827499183 ) ) ;
#1431 = EDGE_LOOP ( 'NONE', ( #1526, #946, #1555, #441 ) ) ;
#1432 =( LENGTH_UNIT ( ) NAMED_UNIT ( * ) SI_UNIT ( .MILLI., .METRE. ) );
#1433 = ORIENTED_EDGE ( 'NONE', *, *, #746, .T. ) ;
#1434 = LINE ( 'NONE', #856, #1600 ) ;
#1435 = EDGE_LOOP ( 'NONE', ( #1736, #30, #247, #977 ) ) ;
#1436 = DIRECTION ( 'NONE',  ( 0.0000000000000000000, 1.000000000000000000, 0.0000000000000000000 ) ) ;
#1437 = DIRECTION ( 'NONE',  ( -0.0000000000000000000, -0.0000000000000000000, 1.000000000000000000 ) ) ;
#1438 = VERTEX_POINT ( 'NONE', #685 ) ;
#1439 = PLANE ( 'NONE',  #366 ) ;
#1440 = CARTESIAN_POINT ( 'NONE',  ( -0.5000000000000000000, 0.4400000000000000022, -2.000000000000000000 ) ) ;
#1441 = EDGE_LOOP ( 'NONE', ( #607, #1011, #25, #1262 ) ) ;
#1442 = ORIENTED_EDGE ( 'NONE', *, *, #1105, .T. ) ;
#1443 = SURFACE_SIDE_STYLE ('',( #1027 ) ) ;
#1444 =( NAMED_UNIT ( * ) SI_UNIT ( $, .STERADIAN. ) SOLID_ANGLE_UNIT ( ) );
#1445 = AXIS2_PLACEMENT_3D ( 'NONE', #87, #648, #1766 ) ;
#1446 = PRODUCT_DEFINITION_CONTEXT ( 'detailed design', #373, 'design' ) ;
#1447 =( NAMED_UNIT ( * ) PLANE_ANGLE_UNIT ( ) SI_UNIT ( $, .RADIAN. ) );
#1448 = ORIENTED_EDGE ( 'NONE', *, *, #364, .F. ) ;
#1449 = SURFACE_STYLE_FILL_AREA ( #210 ) ;
#1450 = UNCERTAINTY_MEASURE_WITH_UNIT (LENGTH_MEASURE( 1.000000000000000082E-05 ), #719, 'distance_accuracy_value', 'NONE');
#1451 = DIRECTION ( 'NONE',  ( 0.0000000000000000000, -0.0000000000000000000, -1.000000000000000000 ) ) ;
#1452 = COLOUR_RGB ( '',0.7921568627450980005, 0.8196078431372548767, 0.9333333333333333481 ) ;
#1453 = EDGE_CURVE ( 'NONE', #264, #456, #838, .T. ) ;
#1454 = MECHANICAL_DESIGN_GEOMETRIC_PRESENTATION_REPRESENTATION (  '', ( #1248 ), #571 ) ;
#1455 = ORIENTED_EDGE ( 'NONE', *, *, #1390, .F. ) ;
#1456 = PRESENTATION_LAYER_ASSIGNMENT (  '', '', ( #1650 ) ) ;
#1457 = COLOUR_RGB ( '',0.7921568627450980005, 0.8196078431372548767, 0.9333333333333333481 ) ;
#1458 = PRESENTATION_LAYER_ASSIGNMENT (  '', '', ( #424 ) ) ;
#1459 = PRESENTATION_LAYER_ASSIGNMENT (  '', '', ( #636 ) ) ;
#1460 = COLOUR_RGB ( '',0.2509803921568627416, 0.2509803921568627416, 0.2509803921568627416 ) ;
#1461 = CARTESIAN_POINT ( 'NONE',  ( -1.290000000000000036, 0.0000000000000000000, 2.250000000000000444 ) ) ;
#1462 = ORIENTED_EDGE ( 'NONE', *, *, #1055, .T. ) ;
#1463 = COLOUR_RGB ( '',0.7921568627450980005, 0.8196078431372548767, 0.9333333333333333481 ) ;
#1464 = DIRECTION ( 'NONE',  ( 1.000000000000000000, 0.0000000000000000000, -5.149613163964000111E-17 ) ) ;
#1465 = SURFACE_STYLE_USAGE ( .BOTH. , #348 ) ;
#1466 = EDGE_LOOP ( 'NONE', ( #620, #566, #1268, #469 ) ) ;
#1467 = SURFACE_STYLE_USAGE ( .BOTH. , #941 ) ;
#1468 = PRODUCT_DEFINITION_CONTEXT ( 'detailed design', #421, 'design' ) ;
#1469 = SURFACE_STYLE_FILL_AREA ( #1305 ) ;
#1470 = VERTEX_POINT ( 'NONE', #928 ) ;
#1471 = LINE ( 'NONE', #354, #379 ) ;
#1472 = DIRECTION ( 'NONE',  ( 0.0000000000000000000, 0.0000000000000000000, -1.000000000000000000 ) ) ;
#1473 = UNCERTAINTY_MEASURE_WITH_UNIT (LENGTH_MEASURE( 1.000000000000000082E-05 ), #666, 'distance_accuracy_value', 'NONE');
#1474 = CARTESIAN_POINT ( 'NONE',  ( 1.709999999999999964, 0.4400000000000000022, 2.250000000000000444 ) ) ;
#1475 = LINE ( 'NONE', #771, #891 ) ;
#1476 = PLANE ( 'NONE',  #1195 ) ;
#1477 = DIRECTION ( 'NONE',  ( -0.1391731009599420921, -0.9902680687415877925, 0.0000000000000000000 ) ) ;
#1478 = EDGE_CURVE ( 'NONE', #1178, #877, #704, .T. ) ;
#1479 = DIRECTION ( 'NONE',  ( 0.0000000000000000000, 0.0000000000000000000, 1.000000000000000000 ) ) ;
#1480 = LINE ( 'NONE', #94, #688 ) ;
#1481 =( GEOMETRIC_REPRESENTATION_CONTEXT ( 3 ) GLOBAL_UNCERTAINTY_ASSIGNED_CONTEXT ( ( #405 ) ) GLOBAL_UNIT_ASSIGNED_CONTEXT ( ( #642, #362, #1510 ) ) REPRESENTATION_CONTEXT ( 'NONE', 'WORKASPACE' ) );
#1482 = CARTESIAN_POINT ( 'NONE',  ( 0.5000000000000000000, 0.0000000000000000000, -2.000000000000000000 ) ) ;
#1483 =( NAMED_UNIT ( * ) PLANE_ANGLE_UNIT ( ) SI_UNIT ( $, .RADIAN. ) );
#1484 = STYLED_ITEM ( 'NONE', ( #906 ), #627 ) ;
#1485 = FILL_AREA_STYLE_COLOUR ( '', #16 ) ;
#1486 = LINE ( 'NONE', #1603, #777 ) ;
#1487 = AXIS2_PLACEMENT_3D ( 'NONE', #1162, #990, #1717 ) ;
#1488 = AXIS2_PLACEMENT_3D ( 'NONE', #1214, #1500, #1770 ) ;
#1489 = FILL_AREA_STYLE ('',( #1056 ) ) ;
#1490 = STYLED_ITEM ( 'NONE', ( #1711 ), #915 ) ;
#1491 =( GEOMETRIC_REPRESENTATION_CONTEXT ( 3 ) GLOBAL_UNCERTAINTY_ASSIGNED_CONTEXT ( ( #1308 ) ) GLOBAL_UNIT_ASSIGNED_CONTEXT ( ( #610, #1592, #532 ) ) REPRESENTATION_CONTEXT ( 'NONE', 'WORKASPACE' ) );
#1492 = MECHANICAL_DESIGN_GEOMETRIC_PRESENTATION_REPRESENTATION (  '', ( #494 ), #261 ) ;
#1493 = DIRECTION ( 'NONE',  ( -0.0000000000000000000, -1.000000000000000000, -0.0000000000000000000 ) ) ;
#1494 = CARTESIAN_POINT ( 'NONE',  ( -1.500000000000000000, 1.489999999999999991, 0.5454050818269999823 ) ) ;
#1495 = CARTESIAN_POINT ( 'NONE',  ( -1.709999999999999964, 0.0000000000000000000, 1.095405081827000027 ) ) ;
#1496 = CARTESIAN_POINT ( 'NONE',  ( -1.500000000000000000, 1.540000000000000036, 0.9454050818270000045 ) ) ;
#1497 = CARTESIAN_POINT ( 'NONE',  ( 0.5000000000000000000, 0.4400000000000000022, -1.900000000000010125 ) ) ;
#1498 = CARTESIAN_POINT ( 'NONE',  ( -2.250000000000000444, 0.4400000000000000022, -1.250000000000000000 ) ) ;
#1499 =( NAMED_UNIT ( * ) PLANE_ANGLE_UNIT ( ) SI_UNIT ( $, .RADIAN. ) );
#1500 = DIRECTION ( 'NONE',  ( 0.0000000000000000000, 0.0000000000000000000, 1.000000000000000000 ) ) ;
#1501 = SURFACE_SIDE_STYLE ('',( #935 ) ) ;
#1502 =( NAMED_UNIT ( * ) SI_UNIT ( $, .STERADIAN. ) SOLID_ANGLE_UNIT ( ) );
#1503 = FILL_AREA_STYLE_COLOUR ( '', #1018 ) ;
#1504 =( NAMED_UNIT ( * ) PLANE_ANGLE_UNIT ( ) SI_UNIT ( $, .RADIAN. ) );
#1505 = VERTEX_POINT ( 'NONE', #1148 ) ;
#1506 = PLANE ( 'NONE',  #229 ) ;
#1507 = LINE ( 'NONE', #252, #598 ) ;
#1508 = PRODUCT_RELATED_PRODUCT_CATEGORY ( 'part', '', ( #562 ) ) ;
#1509 =( LENGTH_UNIT ( ) NAMED_UNIT ( * ) SI_UNIT ( .MILLI., .METRE. ) );
#1510 =( NAMED_UNIT ( * ) SI_UNIT ( $, .STERADIAN. ) SOLID_ANGLE_UNIT ( ) );
#1511 = SURFACE_SIDE_STYLE ('',( #537 ) ) ;
#1512 = COLOUR_RGB ( '',0.2509803921568627416, 0.2509803921568627416, 0.2509803921568627416 ) ;
#1513 = ADVANCED_FACE ( 'NONE', ( #333 ), #444, .T. ) ;
#1514 = PRESENTATION_LAYER_ASSIGNMENT (  '', '', ( #345 ) ) ;
#1515 = APPLICATION_PROTOCOL_DEFINITION ( 'draft international standard', 'automotive_design', 1998, #463 ) ;
#1516 = CYLINDRICAL_SURFACE ( 'NONE', #1251, 0.09999999999997988276 ) ;
#1517 = AXIS2_PLACEMENT_3D ( 'NONE', #846, #1407, #624 ) ;
#1518 = AXIS2_PLACEMENT_3D ( 'NONE', #752, #472, #1564 ) ;
#1519 = STYLED_ITEM ( 'NONE', ( #1246 ), #1013 ) ;
#1520 = SURFACE_STYLE_USAGE ( .BOTH. , #1098 ) ;
#1521 = CARTESIAN_POINT ( 'NONE',  ( 2.250000000000000444, 0.05000000000000000278, 1.250000000000000000 ) ) ;
#1522 = VERTEX_POINT ( 'NONE', #1745 ) ;
#1523 = SURFACE_SIDE_STYLE ('',( #403 ) ) ;
#1524 = FILL_AREA_STYLE_COLOUR ( '', #1452 ) ;
#1525 = CARTESIAN_POINT ( 'NONE',  ( -2.250000000000000444, 0.4400000000000000022, 1.250000000000000000 ) ) ;
#1526 = ORIENTED_EDGE ( 'NONE', *, *, #78, .T. ) ;
#1527 = DIRECTION ( 'NONE',  ( 0.0000000000000000000, 0.0000000000000000000, -1.000000000000000000 ) ) ;
#1528 = SURFACE_SIDE_STYLE ('',( #1119 ) ) ;
#1529 = EDGE_CURVE ( 'NONE', #877, #1326, #997, .T. ) ;
#1530 = PRESENTATION_STYLE_ASSIGNMENT (( #681 ) ) ;
#1531 = DIRECTION ( 'NONE',  ( -1.000000000000000000, -0.0000000000000000000, 0.0000000000000000000 ) ) ;
#1532 = DIRECTION ( 'NONE',  ( 1.000000000000000000, -0.0000000000000000000, 0.0000000000000000000 ) ) ;
#1533 = PLANE ( 'NONE',  #802 ) ;
#1534 = PRESENTATION_LAYER_ASSIGNMENT (  '', '', ( #513 ) ) ;
#1535 = MECHANICAL_DESIGN_GEOMETRIC_PRESENTATION_REPRESENTATION (  '', ( #345 ), #952 ) ;
#1536 = VECTOR ( 'NONE', #1703, 1000.000000000000000 ) ;
#1537 = STYLED_ITEM ( 'NONE', ( #1769 ), #1588 ) ;
#1538 = PRESENTATION_LAYER_ASSIGNMENT (  '', '', ( #57 ) ) ;
#1539 = PRESENTATION_STYLE_ASSIGNMENT (( #561 ) ) ;
#1540 = FILL_AREA_STYLE ('',( #975 ) ) ;
#1541 = PRODUCT_DEFINITION_FORMATION_WITH_SPECIFIED_SOURCE ( 'ANY', '', #1718, .NOT_KNOWN. ) ;
#1542 = MECHANICAL_DESIGN_GEOMETRIC_PRESENTATION_REPRESENTATION (  '', ( #900 ), #1345 ) ;
#1543 = MECHANICAL_DESIGN_GEOMETRIC_PRESENTATION_REPRESENTATION (  '', ( #606 ), #1786 ) ;
#1544 = ORIENTED_EDGE ( 'NONE', *, *, #263, .T. ) ;
#1545 = PRESENTATION_LAYER_ASSIGNMENT (  '', '', ( #904 ) ) ;
#1546 = DIRECTION ( 'NONE',  ( 0.0000000000000000000, 0.0000000000000000000, -1.000000000000000000 ) ) ;
#1547 = ORIENTED_EDGE ( 'NONE', *, *, #806, .T. ) ;
#1548 =( NAMED_UNIT ( * ) SI_UNIT ( $, .STERADIAN. ) SOLID_ANGLE_UNIT ( ) );
#1549 = PLANE ( 'NONE',  #922 ) ;
#1550 = ORIENTED_EDGE ( 'NONE', *, *, #499, .F. ) ;
#1551 = LINE ( 'NONE', #18, #796 ) ;
#1552 = VERTEX_POINT ( 'NONE', #878 ) ;
#1553 = DIRECTION ( 'NONE',  ( 0.0000000000000000000, 0.0000000000000000000, -1.000000000000000000 ) ) ;
#1554 =( NAMED_UNIT ( * ) PLANE_ANGLE_UNIT ( ) SI_UNIT ( $, .RADIAN. ) );
#1555 = ORIENTED_EDGE ( 'NONE', *, *, #1372, .F. ) ;
#1556 = DIRECTION ( 'NONE',  ( -0.0000000000000000000, 0.1391731009599420921, 0.9902680687415877925 ) ) ;
#1557 = PRESENTATION_STYLE_ASSIGNMENT (( #998 ) ) ;
#1558 =( NAMED_UNIT ( * ) PLANE_ANGLE_UNIT ( ) SI_UNIT ( $, .RADIAN. ) );
#1559 = EDGE_LOOP ( 'NONE', ( #1403, #1685, #1462, #1355 ) ) ;
#1560 = EDGE_CURVE ( 'NONE', #709, #731, #614, .T. ) ;
#1561 =( LENGTH_UNIT ( ) NAMED_UNIT ( * ) SI_UNIT ( .MILLI., .METRE. ) );
#1562 = VERTEX_POINT ( 'NONE', #36 ) ;
#1563 = VECTOR ( 'NONE', #168, 1000.000000000000000 ) ;
#1564 = DIRECTION ( 'NONE',  ( 1.000000000000000000, 0.0000000000000000000, 0.0000000000000000000 ) ) ;
#1565 = DIRECTION ( 'NONE',  ( 0.9902680687415877925, 0.1391731009599420921, -0.0000000000000000000 ) ) ;
#1566 = EDGE_LOOP ( 'NONE', ( #555, #175, #158, #888 ) ) ;
#1567 = CARTESIAN_POINT ( 'NONE',  ( 0.8000000000000000444, 0.0000000000000000000, 0.5054050818269998357 ) ) ;
#1568 = CIRCLE ( 'NONE', #1100, 0.1999999999999999833 ) ;
#1569 = COLOUR_RGB ( '',0.7921568627450980005, 0.8196078431372548767, 0.9333333333333333481 ) ;
#1570 = EDGE_LOOP ( 'NONE', ( #582, #1396, #713, #1442 ) ) ;
#1571 = PRESENTATION_LAYER_ASSIGNMENT (  '', '', ( #1519 ) ) ;
#1572 = MECHANICAL_DESIGN_GEOMETRIC_PRESENTATION_REPRESENTATION (  '', ( #636 ), #692 ) ;
#1573 = ORIENTED_EDGE ( 'NONE', *, *, #365, .T. ) ;
#1574 = STYLED_ITEM ( 'NONE', ( #853 ), #1513 ) ;
#1575 = EDGE_CURVE ( 'NONE', #456, #1470, #194, .T. ) ;
#1576 = PRODUCT_DEFINITION_CONTEXT ( 'detailed design', #527, 'design' ) ;
#1577 = CARTESIAN_POINT ( 'NONE',  ( 0.4000000000000000222, 0.4400000000000000022, -2.000000000000000000 ) ) ;
#1578 = ORIENTED_EDGE ( 'NONE', *, *, #138, .T. ) ;
#1579 =( NAMED_UNIT ( * ) SI_UNIT ( $, .STERADIAN. ) SOLID_ANGLE_UNIT ( ) );
#1580 = CARTESIAN_POINT ( 'NONE',  ( -1.290000000000000036, 0.4400000000000000022, 1.095405081827000027 ) ) ;
#1581 = CARTESIAN_POINT ( 'NONE',  ( 0.2099999999999999645, 0.0000000000000000000, 1.095405081826999805 ) ) ;
#1582 = VERTEX_POINT ( 'NONE', #1589 ) ;
#1583 = ORIENTED_EDGE ( 'NONE', *, *, #746, .F. ) ;
#1584 = SURFACE_STYLE_USAGE ( .BOTH. , #1443 ) ;
#1585 = EDGE_CURVE ( 'NONE', #913, #1522, #1297, .T. ) ;
#1586 = FILL_AREA_STYLE ('',( #312 ) ) ;
#1587 = EDGE_LOOP ( 'NONE', ( #931, #955, #1210, #1606 ) ) ;
#1588 = ADVANCED_BREP_SHAPE_REPRESENTATION ( '', ( #74, #1518 ), #521 ) ;
#1589 = CARTESIAN_POINT ( 'NONE',  ( -0.8000000000000001554, 0.4400000000000000022, -1.599999999999999867 ) ) ;
#1590 = DIRECTION ( 'NONE',  ( 0.0000000000000000000, 1.000000000000000000, 0.0000000000000000000 ) ) ;
#1591 = CARTESIAN_POINT ( 'NONE',  ( -1.500000000000000000, 1.489999999999999991, 0.9454050818270000045 ) ) ;
#1592 =( NAMED_UNIT ( * ) PLANE_ANGLE_UNIT ( ) SI_UNIT ( $, .RADIAN. ) );
#1593 = FILL_AREA_STYLE_COLOUR ( '', #1197 ) ;
#1594 = MECHANICAL_DESIGN_GEOMETRIC_PRESENTATION_REPRESENTATION (  '', ( #1241 ), #198 ) ;
#1595 =( LENGTH_UNIT ( ) NAMED_UNIT ( * ) SI_UNIT ( .MILLI., .METRE. ) );
#1596 = VERTEX_POINT ( 'NONE', #1181 ) ;
#1597 = AXIS2_PLACEMENT_3D ( 'NONE', #1641, #125, #1792 ) ;
#1598 = UNCERTAINTY_MEASURE_WITH_UNIT (LENGTH_MEASURE( 1.000000000000000082E-05 ), #1432, 'distance_accuracy_value', 'NONE');
#1599 = PLANE ( 'NONE',  #829 ) ;
#1600 = VECTOR ( 'NONE', #597, 1000.000000000000114 ) ;
#1601 = STYLED_ITEM ( 'NONE', ( #1376 ), #721 ) ;
#1602 = ORIENTED_EDGE ( 'NONE', *, *, #586, .T. ) ;
#1603 = CARTESIAN_POINT ( 'NONE',  ( -1.709999999999999964, 0.0000000000000000000, 2.250000000000000444 ) ) ;
#1604 = AXIS2_PLACEMENT_3D ( 'NONE', #950, #12, #1120 ) ;
#1605 = CARTESIAN_POINT ( 'NONE',  ( 0.2100000000000000200, 0.0000000000000000000, 2.250000000000000444 ) ) ;
#1606 = ORIENTED_EDGE ( 'NONE', *, *, #506, .F. ) ;
#1607 = PRESENTATION_STYLE_ASSIGNMENT (( #1327 ) ) ;
#1608 = ADVANCED_FACE ( 'NONE', ( #727 ), #889, .T. ) ;
#1609 = ORIENTED_EDGE ( 'NONE', *, *, #215, .F. ) ;
#1610 = CARTESIAN_POINT ( 'NONE',  ( -1.500000000000000000, 1.540000000000000036, 0.7454050818270000489 ) ) ;
#1611 = CARTESIAN_POINT ( 'NONE',  ( 2.250000000000000444, 0.05000000000000000278, -1.250000000000000000 ) ) ;
#1612 = SURFACE_STYLE_USAGE ( .BOTH. , #216 ) ;
#1613 =( LENGTH_UNIT ( ) NAMED_UNIT ( * ) SI_UNIT ( .MILLI., .METRE. ) );
#1614 = PRESENTATION_STYLE_ASSIGNMENT (( #1737 ) ) ;
#1615 = DIRECTION ( 'NONE',  ( -1.000000000000000000, 0.0000000000000000000, 0.0000000000000000000 ) ) ;
#1616 = FILL_AREA_STYLE_COLOUR ( '', #1753 ) ;
#1617 = EDGE_CURVE ( 'NONE', #264, #1093, #1075, .T. ) ;
#1618 = ORIENTED_EDGE ( 'NONE', *, *, #553, .F. ) ;
#1619 = CARTESIAN_POINT ( 'NONE',  ( -1.500000000000000000, 1.540000000000000036, 0.7454050818270000489 ) ) ;
#1620 = EDGE_CURVE ( 'NONE', #456, #545, #1471, .T. ) ;
#1621 =( NAMED_UNIT ( * ) SI_UNIT ( $, .STERADIAN. ) SOLID_ANGLE_UNIT ( ) );
#1622 = SURFACE_STYLE_USAGE ( .BOTH. , #265 ) ;
#1623 = DIRECTION ( 'NONE',  ( 0.0000000000000000000, -1.000000000000000000, 0.0000000000000000000 ) ) ;
#1624 = CARTESIAN_POINT ( 'NONE',  ( -2.250000000000000444, 0.4400000000000000022, 1.250000000000000000 ) ) ;
#1625 = AXIS2_PLACEMENT_3D ( 'NONE', #622, #1032, #1472 ) ;
#1626 = EDGE_LOOP ( 'NONE', ( #52, #338 ) ) ;
#1627 = PLANE ( 'NONE',  #1363 ) ;
#1628 = CIRCLE ( 'NONE', #85, 0.1999999999999999833 ) ;
#1629 = VECTOR ( 'NONE', #1632, 1000.000000000000000 ) ;
#1630 = AXIS2_PLACEMENT_3D ( 'NONE', #1331, #1340, #102 ) ;
#1631 = CARTESIAN_POINT ( 'NONE',  ( 0.0000000000000000000, 0.0000000000000000000, 0.0000000000000000000 ) ) ;
#1632 = DIRECTION ( 'NONE',  ( -1.000000000000000000, -0.0000000000000000000, -0.0000000000000000000 ) ) ;
#1633 = VECTOR ( 'NONE', #1531, 1000.000000000000000 ) ;
#1634 = MECHANICAL_DESIGN_GEOMETRIC_PRESENTATION_REPRESENTATION (  '', ( #1751 ), #291 ) ;
#1635 = CARTESIAN_POINT ( 'NONE',  ( -0.4000000000000000222, 0.4400000000000000022, -2.000000000000000000 ) ) ;
#1636 = CARTESIAN_POINT ( 'NONE',  ( 0.5000000000000000000, 0.4400000000000000022, -1.600000000000000089 ) ) ;
#1637 = FACE_OUTER_BOUND ( 'NONE', #581, .T. ) ;
#1638 =( NAMED_UNIT ( * ) SI_UNIT ( $, .STERADIAN. ) SOLID_ANGLE_UNIT ( ) );
#1639 = PRESENTATION_STYLE_ASSIGNMENT (( #369 ) ) ;
#1640 = EDGE_CURVE ( 'NONE', #634, #738, #983, .T. ) ;
#1641 = CARTESIAN_POINT ( 'NONE',  ( 2.250000000000000444, 0.05000000000000000278, 1.250000000000000000 ) ) ;
#1642 = DIRECTION ( 'NONE',  ( -1.000000000000000000, 0.0000000000000000000, 4.695162586551999899E-17 ) ) ;
#1643 = ORIENTED_EDGE ( 'NONE', *, *, #1659, .F. ) ;
#1644 = CARTESIAN_POINT ( 'NONE',  ( -0.4000000000000049627, 0.0000000000000000000, -2.000000000000000000 ) ) ;
#1645 = VECTOR ( 'NONE', #937, 1000.000000000000000 ) ;
#1646 = DIRECTION ( 'NONE',  ( 0.0000000000000000000, 0.0000000000000000000, -1.000000000000000000 ) ) ;
#1647 = PRESENTATION_LAYER_ASSIGNMENT (  '', '', ( #1163 ) ) ;
#1648 = AXIS2_PLACEMENT_3D ( 'NONE', #1619, #75, #920 ) ;
#1649 = PRESENTATION_STYLE_ASSIGNMENT (( #268 ) ) ;
#1650 = STYLED_ITEM ( 'NONE', ( #902 ), #824 ) ;
#1651 =( NAMED_UNIT ( * ) PLANE_ANGLE_UNIT ( ) SI_UNIT ( $, .RADIAN. ) );
#1652 =( GEOMETRIC_REPRESENTATION_CONTEXT ( 3 ) GLOBAL_UNCERTAINTY_ASSIGNED_CONTEXT ( ( #584 ) ) GLOBAL_UNIT_ASSIGNED_CONTEXT ( ( #482, #637, #113 ) ) REPRESENTATION_CONTEXT ( 'NONE', 'WORKASPACE' ) );
#1653 = VECTOR ( 'NONE', #739, 1000.000000000000000 ) ;
#1654 = CARTESIAN_POINT ( 'NONE',  ( 1.290000000000000036, 0.4400000000000000022, 2.250000000000000444 ) ) ;
#1655 =( LENGTH_UNIT ( ) NAMED_UNIT ( * ) SI_UNIT ( .MILLI., .METRE. ) );
#1656 = STYLED_ITEM ( 'NONE', ( #1226 ), #1324 ) ;
#1657 = FILL_AREA_STYLE ('',( #6 ) ) ;
#1658 = SURFACE_SIDE_STYLE ('',( #1227 ) ) ;
#1659 = EDGE_CURVE ( 'NONE', #1758, #1289, #925, .T. ) ;
#1660 = COLOUR_RGB ( '',0.2509803921568627416, 0.2509803921568627416, 0.2509803921568627416 ) ;
#1661 = EDGE_LOOP ( 'NONE', ( #703, #465, #1803, #1176 ) ) ;
#1662 = EDGE_CURVE ( 'NONE', #320, #451, #1761, .T. ) ;
#1663 = LINE ( 'NONE', #1378, #854 ) ;
#1664 = CARTESIAN_POINT ( 'NONE',  ( 0.2100000000000000200, 0.4400000000000000022, 1.095405081827000027 ) ) ;
#1665 = FILL_AREA_STYLE ('',( #1113 ) ) ;
#1666 = FACE_OUTER_BOUND ( 'NONE', #708, .T. ) ;
#1667 = DIRECTION ( 'NONE',  ( -0.0000000000000000000, -1.000000000000000000, -0.0000000000000000000 ) ) ;
#1668 = SURFACE_STYLE_USAGE ( .BOTH. , #1658 ) ;
#1669 = PRESENTATION_STYLE_ASSIGNMENT (( #134 ) ) ;
#1670 = CARTESIAN_POINT ( 'NONE',  ( 0.2100000000000000200, 0.4400000000000000022, 1.095405081827000027 ) ) ;
#1671 = FILL_AREA_STYLE_COLOUR ( '', #425 ) ;
#1672 = ITEM_DEFINED_TRANSFORMATION ( 'NONE', 'NONE', #1392,  #1518 ) ;
#1673 = DIRECTION ( 'NONE',  ( -0.0000000000000000000, -1.000000000000000000, -0.0000000000000000000 ) ) ;
#1674 = CARTESIAN_POINT ( 'NONE',  ( -0.5000000000000000000, 0.4400000000000000022, -1.600000000000000089 ) ) ;
#1675 =( NAMED_UNIT ( * ) SI_UNIT ( $, .STERADIAN. ) SOLID_ANGLE_UNIT ( ) );
#1676 = CARTESIAN_POINT ( 'NONE',  ( 0.8000000000000000444, 0.4400000000000000022, 0.5054050818269999468 ) ) ;
#1677 =( NAMED_UNIT ( * ) PLANE_ANGLE_UNIT ( ) SI_UNIT ( $, .RADIAN. ) );
#1678 = CLOSED_SHELL ( 'NONE', ( #267, #792, #707, #1013, #871, #1324 ) ) ;
#1679 = PRESENTATION_STYLE_ASSIGNMENT (( #1622 ) ) ;
#1680 = MECHANICAL_DESIGN_GEOMETRIC_PRESENTATION_REPRESENTATION (  '', ( #680 ), #1043 ) ;
#1681 = STYLED_ITEM ( 'NONE', ( #1679 ), #414 ) ;
#1682 = CARTESIAN_POINT ( 'NONE',  ( 0.5000000000000000000, 0.4400000000000000022, -2.000000000000000000 ) ) ;
#1683 = COLOUR_RGB ( '',0.2509803921568627416, 0.2509803921568627416, 0.2509803921568627416 ) ;
#1684 =( LENGTH_UNIT ( ) NAMED_UNIT ( * ) SI_UNIT ( .MILLI., .METRE. ) );
#1685 = ORIENTED_EDGE ( 'NONE', *, *, #1229, .T. ) ;
#1686 = COLOUR_RGB ( '',0.7921568627450980005, 0.8196078431372548767, 0.9333333333333333481 ) ;
#1687 = PRESENTATION_LAYER_ASSIGNMENT (  '', '', ( #1106 ) ) ;
#1688 = CARTESIAN_POINT ( 'NONE',  ( -0.2100000000000000200, 0.4400000000000000022, 2.250000000000000444 ) ) ;
#1689 =( GEOMETRIC_REPRESENTATION_CONTEXT ( 3 ) GLOBAL_UNCERTAINTY_ASSIGNED_CONTEXT ( ( #1099 ) ) GLOBAL_UNIT_ASSIGNED_CONTEXT ( ( #1232, #655, #1218 ) ) REPRESENTATION_CONTEXT ( 'NONE', 'WORKASPACE' ) );
#1690 = MECHANICAL_DESIGN_GEOMETRIC_PRESENTATION_REPRESENTATION (  '', ( #93 ), #578 ) ;
#1691 = ORIENTED_EDGE ( 'NONE', *, *, #1662, .T. ) ;
#1692 = ORIENTED_EDGE ( 'NONE', *, *, #663, .F. ) ;
#1693 = EDGE_CURVE ( 'NONE', #1552, #913, #105, .T. ) ;
#1694 = CARTESIAN_POINT ( 'NONE',  ( 1.290000000000000036, 0.4400000000000000022, 1.095405081827000027 ) ) ;
#1695 = ADVANCED_FACE ( 'NONE', ( #783 ), #645, .F. ) ;
#1696 = CARTESIAN_POINT ( 'NONE',  ( -1.290000000000000036, 0.4400000000000000022, 1.095405081827000027 ) ) ;
#1697 =( NAMED_UNIT ( * ) SI_UNIT ( $, .STERADIAN. ) SOLID_ANGLE_UNIT ( ) );
#1698 = ADVANCED_FACE ( 'NONE', ( #1787, #652 ), #1050, .F. ) ;
#1699 = ORIENTED_EDGE ( 'NONE', *, *, #696, .F. ) ;
#1700 = ORIENTED_EDGE ( 'NONE', *, *, #140, .T. ) ;
#1701 = DIRECTION ( 'NONE',  ( 0.0000000000000000000, 0.0000000000000000000, 1.000000000000000000 ) ) ;
#1702 = DIRECTION ( 'NONE',  ( 0.0000000000000000000, -1.000000000000000000, 0.0000000000000000000 ) ) ;
#1703 = DIRECTION ( 'NONE',  ( -1.000000000000000000, -0.0000000000000000000, 0.0000000000000000000 ) ) ;
#1704 = ORIENTED_EDGE ( 'NONE', *, *, #586, .F. ) ;
#1705 = CARTESIAN_POINT ( 'NONE',  ( 1.290000000000000036, 0.4400000000000000022, 1.095405081827000027 ) ) ;
#1706 = ORIENTED_EDGE ( 'NONE', *, *, #608, .F. ) ;
#1707 = CLOSED_SHELL ( 'NONE', ( #1695, #450, #535, #1513, #724, #288, #1088, #1147, #1608, #824, #1698, #1781, #963 ) ) ;
#1708 = VERTEX_POINT ( 'NONE', #1798 ) ;
#1709 = MECHANICAL_DESIGN_GEOMETRIC_PRESENTATION_REPRESENTATION (  '', ( #513 ), #569 ) ;
#1710 = DIRECTION ( 'NONE',  ( 0.0000000000000000000, -0.0000000000000000000, -1.000000000000000000 ) ) ;
#1711 = PRESENTATION_STYLE_ASSIGNMENT (( #759 ) ) ;
#1712 = SHAPE_REPRESENTATION ( 'User_Library_SOT89_5005', ( #1518 ), #521 ) ;
#1713 = VERTEX_POINT ( 'NONE', #541 ) ;
#1714 =( GEOMETRIC_REPRESENTATION_CONTEXT ( 3 ) GLOBAL_UNCERTAINTY_ASSIGNED_CONTEXT ( ( #516 ) ) GLOBAL_UNIT_ASSIGNED_CONTEXT ( ( #390, #1677, #531 ) ) REPRESENTATION_CONTEXT ( 'NONE', 'WORKASPACE' ) );
#1715 = MECHANICAL_DESIGN_GEOMETRIC_PRESENTATION_REPRESENTATION (  '', ( #174 ), #145 ) ;
#1716 = SURFACE_SIDE_STYLE ('',( #567 ) ) ;
#1717 = DIRECTION ( 'NONE',  ( 1.000000000000000000, 0.0000000000000000000, -0.0000000000000000000 ) ) ;
#1718 = PRODUCT ( 'User Library-SOT89-3', 'User Library-SOT89-3', '', ( #273 ) ) ;
#1719 = STYLED_ITEM ( 'NONE', ( #1649 ), #1010 ) ;
#1720 = EDGE_CURVE ( 'NONE', #1708, #451, #132, .T. ) ;
#1721 = ORIENTED_EDGE ( 'NONE', *, *, #943, .F. ) ;
#1722 = FACE_OUTER_BOUND ( 'NONE', #1570, .T. ) ;
#1723 = AXIS2_PLACEMENT_3D ( 'NONE', #1498, #509, #90 ) ;
#1724 = ADVANCED_FACE ( 'NONE', ( #837 ), #986, .T. ) ;
#1725 = ORIENTED_EDGE ( 'NONE', *, *, #1428, .F. ) ;
#1726 = MECHANICAL_DESIGN_GEOMETRIC_PRESENTATION_REPRESENTATION (  '', ( #1574 ), #402 ) ;
#1727 =( LENGTH_UNIT ( ) NAMED_UNIT ( * ) SI_UNIT ( .MILLI., .METRE. ) );
#1728 = CARTESIAN_POINT ( 'NONE',  ( -2.095405081827249827, 1.540000000000053104, -1.095405081827124816 ) ) ;
#1729 = ORIENTED_EDGE ( 'NONE', *, *, #1720, .F. ) ;
#1730 = DIRECTION ( 'NONE',  ( 1.000000000000000000, -0.0000000000000000000, 0.0000000000000000000 ) ) ;
#1731 = UNCERTAINTY_MEASURE_WITH_UNIT (LENGTH_MEASURE( 1.000000000000000082E-05 ), #845, 'distance_accuracy_value', 'NONE');
#1732 =( NAMED_UNIT ( * ) SI_UNIT ( $, .STERADIAN. ) SOLID_ANGLE_UNIT ( ) );
#1733 = VERTEX_POINT ( 'NONE', #294 ) ;
#1734 = DIRECTION ( 'NONE',  ( 0.0000000000000000000, -1.000000000000000000, 0.0000000000000000000 ) ) ;
#1735 = ORIENTED_EDGE ( 'NONE', *, *, #1640, .F. ) ;
#1736 = ORIENTED_EDGE ( 'NONE', *, *, #1296, .F. ) ;
#1737 = SURFACE_STYLE_USAGE ( .BOTH. , #1202 ) ;
#1738 = FILL_AREA_STYLE_COLOUR ( '', #1569 ) ;
#1739 = FILL_AREA_STYLE ('',( #1485 ) ) ;
#1740 = CARTESIAN_POINT ( 'NONE',  ( 2.095405081827499405, 1.540000000000070646, 1.250000000000000000 ) ) ;
#1741 = LINE ( 'NONE', #183, #1653 ) ;
#1742 = EDGE_CURVE ( 'NONE', #314, #868, #843, .T. ) ;
#1743 = LINE ( 'NONE', #1577, #1536 ) ;
#1744 = ORIENTED_EDGE ( 'NONE', *, *, #1072, .T. ) ;
#1745 = CARTESIAN_POINT ( 'NONE',  ( 0.2100000000000000200, 0.4399999999999999467, 2.250000000000000444 ) ) ;
#1746 = UNCERTAINTY_MEASURE_WITH_UNIT (LENGTH_MEASURE( 1.000000000000000082E-05 ), #486, 'distance_accuracy_value', 'NONE');
#1747 = FILL_AREA_STYLE ('',( #73 ) ) ;
#1748 = CIRCLE ( 'NONE', #372, 0.09999999999997988276 ) ;
#1749 = VERTEX_POINT ( 'NONE', #823 ) ;
#1750 = DIRECTION ( 'NONE',  ( 0.0000000000000000000, -1.000000000000000000, 0.0000000000000000000 ) ) ;
#1751 = STYLED_ITEM ( 'NONE', ( #1530 ), #1778 ) ;
#1752 =( GEOMETRIC_REPRESENTATION_CONTEXT ( 3 ) GLOBAL_UNCERTAINTY_ASSIGNED_CONTEXT ( ( #498 ) ) GLOBAL_UNIT_ASSIGNED_CONTEXT ( ( #971, #574, #1260 ) ) REPRESENTATION_CONTEXT ( 'NONE', 'WORKASPACE' ) );
#1753 = COLOUR_RGB ( '',0.7921568627450980005, 0.8196078431372548767, 0.9333333333333333481 ) ;
#1754 = AXIS2_PLACEMENT_3D ( 'NONE', #1190, #326, #44 ) ;
#1755 = CARTESIAN_POINT ( 'NONE',  ( 0.5000000000000000000, 0.4400000000000000022, -1.600000000000000089 ) ) ;
#1756 =( NAMED_UNIT ( * ) SI_UNIT ( $, .STERADIAN. ) SOLID_ANGLE_UNIT ( ) );
#1757 = EDGE_CURVE ( 'NONE', #1562, #877, #156, .T. ) ;
#1758 = VERTEX_POINT ( 'NONE', #410 ) ;
#1759 = FILL_AREA_STYLE_COLOUR ( '', #1245 ) ;
#1760 = FILL_AREA_STYLE_COLOUR ( '', #1102 ) ;
#1761 = LINE ( 'NONE', #1482, #1399 ) ;
#1762 = CARTESIAN_POINT ( 'NONE',  ( -0.8000000000000000444, 0.4400000000000000022, 0.5054050818269999468 ) ) ;
#1763 = UNCERTAINTY_MEASURE_WITH_UNIT (LENGTH_MEASURE( 1.000000000000000082E-05 ), #1799, 'distance_accuracy_value', 'NONE');
#1764 = DIRECTION ( 'NONE',  ( 0.0000000000000000000, -1.000000000000000000, 0.0000000000000000000 ) ) ;
#1765 = SURFACE_SIDE_STYLE ('',( #1335 ) ) ;
#1766 = DIRECTION ( 'NONE',  ( 0.0000000000000000000, 0.0000000000000000000, 1.000000000000000000 ) ) ;
#1767 = SURFACE_STYLE_USAGE ( .BOTH. , #643 ) ;
#1768 = FACE_OUTER_BOUND ( 'NONE', #470, .T. ) ;
#1769 = PRESENTATION_STYLE_ASSIGNMENT (( #1612 ) ) ;
#1770 = DIRECTION ( 'NONE',  ( 1.000000000000000000, 0.0000000000000000000, -0.0000000000000000000 ) ) ;
#1771 = FILL_AREA_STYLE ('',( #1524 ) ) ;
#1772 = SURFACE_SIDE_STYLE ('',( #235 ) ) ;
#1773 = COLOUR_RGB ( '',0.7921568627450980005, 0.8196078431372548767, 0.9333333333333333481 ) ;
#1774 =( NAMED_UNIT ( * ) SI_UNIT ( $, .STERADIAN. ) SOLID_ANGLE_UNIT ( ) );
#1775 = VECTOR ( 'NONE', #1776, 1000.000000000000000 ) ;
#1776 = DIRECTION ( 'NONE',  ( 0.0000000000000000000, 0.0000000000000000000, 1.000000000000000000 ) ) ;
#1777 = MECHANICAL_DESIGN_GEOMETRIC_PRESENTATION_REPRESENTATION (  '', ( #1130 ), #452 ) ;
#1778 = ADVANCED_FACE ( 'NONE', ( #1380 ), #813, .F. ) ;
#1779 = APPLICATION_CONTEXT ( 'automotive_design' ) ;
#1780 = SURFACE_STYLE_FILL_AREA ( #1489 ) ;
#1781 = ADVANCED_FACE ( 'NONE', ( #1317 ), #873, .F. ) ;
#1782 = PRESENTATION_LAYER_ASSIGNMENT (  '', '', ( #1751 ) ) ;
#1783 = VECTOR ( 'NONE', #1426, 1000.000000000000000 ) ;
#1784 = PRODUCT_DEFINITION_FORMATION_WITH_SPECIFIED_SOURCE ( 'ANY', '', #562, .NOT_KNOWN. ) ;
#1785 = VECTOR ( 'NONE', #1274, 1000.000000000000000 ) ;
#1786 =( GEOMETRIC_REPRESENTATION_CONTEXT ( 3 ) GLOBAL_UNCERTAINTY_ASSIGNED_CONTEXT ( ( #1328 ) ) GLOBAL_UNIT_ASSIGNED_CONTEXT ( ( #587, #316, #1041 ) ) REPRESENTATION_CONTEXT ( 'NONE', 'WORKASPACE' ) );
#1787 = FACE_BOUND ( 'NONE', #309, .T. ) ;
#1788 = UNCERTAINTY_MEASURE_WITH_UNIT (LENGTH_MEASURE( 1.000000000000000082E-05 ), #1655, 'distance_accuracy_value', 'NONE');
#1789 = FACE_OUTER_BOUND ( 'NONE', #855, .T. ) ;
#1790 = SURFACE_STYLE_USAGE ( .BOTH. , #502 ) ;
#1791 = FILL_AREA_STYLE_COLOUR ( '', #1463 ) ;
#1792 = DIRECTION ( 'NONE',  ( 0.0000000000000000000, 0.0000000000000000000, -1.000000000000000000 ) ) ;
#1793 = FILL_AREA_STYLE ('',( #1616 ) ) ;
#1794 = DIRECTION ( 'NONE',  ( -1.000000000000000000, 0.0000000000000000000, -0.0000000000000000000 ) ) ;
#1795 = ORIENTED_EDGE ( 'NONE', *, *, #875, .T. ) ;
#1796 = LINE ( 'NONE', #1664, #781 ) ;
#1797 = EDGE_CURVE ( 'NONE', #1159, #1093, #611, .T. ) ;
#1798 = CARTESIAN_POINT ( 'NONE',  ( 0.4000000000000200062, 0.4400000000000000022, -2.000000000000000000 ) ) ;
#1799 =( LENGTH_UNIT ( ) NAMED_UNIT ( * ) SI_UNIT ( .MILLI., .METRE. ) );
#1800 = UNCERTAINTY_MEASURE_WITH_UNIT (LENGTH_MEASURE( 1.000000000000000082E-05 ), #1124, 'distance_accuracy_value', 'NONE');
#1801 = MECHANICAL_DESIGN_GEOMETRIC_PRESENTATION_REPRESENTATION (  '', ( #480 ), #1481 ) ;
#1802 = DIRECTION ( 'NONE',  ( 0.0000000000000000000, 1.000000000000000000, 0.0000000000000000000 ) ) ;
#1803 = ORIENTED_EDGE ( 'NONE', *, *, #1296, .T. ) ;
#1804 = FACE_OUTER_BOUND ( 'NONE', #599, .T. ) ;
#1805 = CARTESIAN_POINT ( 'NONE',  ( -1.290000000000000036, 0.4400000000000000022, 2.250000000000000444 ) ) ;
#1806 = CIRCLE ( 'NONE', #949, 0.2999999999999999334 ) ;
#1807 = PRESENTATION_STYLE_ASSIGNMENT (( #1247 ) ) ;
#1808 = PRODUCT_RELATED_PRODUCT_CATEGORY ( 'part', '', ( #178 ) ) ;
#1809 = DIRECTION ( 'NONE',  ( -1.000000000000000000, 0.0000000000000000000, -1.032573497605000044E-15 ) ) ;
#1810 = NEXT_ASSEMBLY_USAGE_OCCURRENCE ( 'NAUO1', ' ', ' ', #1219, #789, $ ) ;
#1811 = NEXT_ASSEMBLY_USAGE_OCCURRENCE ( 'NAUO2', ' ', ' ', #1219, #1048, $ ) ;
ENDSEC;
END-ISO-10303-21;
